molecule_chembl_id,molecule_pref_name,assay_chembl_id,activity_id,standard_type,standard_relation,standard_value,standard_units,pchembl_value,metric_role,metric_scale,value_nm,pactivity,role_rule,glucose_mM_parsed,activity_comment,potential_duplicate,doc_chembl_id,doc_year,src_short_name,assay_description
CHEMBL1096435,Ro-281675,CHEMBL1260806,3501474,Activity,=,0.127,uM,,potency,concentration,127.0,6.9,自由文本指标 Activity 受限提升为效力，描述命中：「concentration required to 50% increase」,,,0,CHEMBL1255563,2010,LITERATURE,Activation of glucokinase assessed as concentration required to 50% increase in enzyme activity
CHEMBL1096435,Ro-281675,CHEMBL1788085,6224314,EC50,=,690,nM,6.16,potency,concentration,690.0,6.16,EC50 为标准化浓度型效力指标,6.5,,0,CHEMBL1782019,2009,LITERATURE,Activation of human recombinant glucokinase using 6.5 mM glucose by spectrophotometry
CHEMBL1096435,Ro-281675,CHEMBL1788086,6224282,Emax,=,81,%,,efficacy,percent,,,Emax 为激活幅度指标，按该 assay 内值域（max=148.0）判为 percent 尺度,6.5,,0,CHEMBL1782019,2009,LITERATURE,Activation of human recombinant glucokinase using 6.5 mM glucose by spectrophotometry relative to control
CHEMBL1096435,Ro-281675,CHEMBL1825590,6351447,Ratio,=,4.67,,,efficacy,fold,,,自由文本指标 Ratio 受限提升为效能(fold)，描述命中：「ratio of enzyme activation in treated to untreated control」,5,,0,CHEMBL1821720,2011,LITERATURE,Activation of human recombinant glucokinase expressed in Escherichia coli coexpressing G6PDH at 10 uM using 5 mM glucose measured as ratio of enzyme activation in treated to untreated control by G6PDH coupled continuous spectrophotometric assay
CHEMBL1096435,Ro-281675,CHEMBL1825591,6351513,Ratio,=,1,,,efficacy,fold,,,自由文本指标 Ratio 受限提升为效能(fold)，描述命中：「ratio of enzyme activation in compound treated」,5,,0,CHEMBL1821720,2011,LITERATURE,Activation of human recombinant glucokinase expressed in Escherichia coli coexpressing G6PDH at 10 uM using 5 mM glucose measured as ratio of enzyme activation in compound treated to Ro-28-1675 by G6PDH coupled continuous spectrophotometric assay
CHEMBL1096435,Ro-281675,CHEMBL1825592,6351579,Ratio,=,2.55,,,efficacy,fold,,,自由文本指标 Ratio 受限提升为效能(fold)，描述命中：「ratio of enzyme activation in treated to untreated control」,20,,0,CHEMBL1821720,2011,LITERATURE,Activation of human recombinant glucokinase expressed in Escherichia coli coexpressing G6PDH at 10 uM using 20 mM glucose measured as ratio of enzyme activation in treated to untreated control by G6PDH coupled continuous spectrophotometric assay
CHEMBL1096435,Ro-281675,CHEMBL1825593,6352514,Ratio,=,1,,,efficacy,fold,,,自由文本指标 Ratio 受限提升为效能(fold)，描述命中：「ratio of enzyme activation in compound treated」,5,,0,CHEMBL1821720,2011,LITERATURE,Activation of human recombinant glucokinase expressed in Escherichia coli coexpressing G6PDH at 10 uM using 5 mM glucose measured as ratio of enzyme activation in compound treated to Ro-28-1675 by G6PDH coupled continuous spectrophotometric assay
CHEMBL1096435,Ro-281675,CHEMBL2167270,12087482,Activity,=,0.24,uM,,unclassified,,,,Activity 为自由文本指标（无官方标准化规则），assay 描述未命中提升门槛，不跨实验汇总,,,0,CHEMBL2163188,2012,LITERATURE,Activation of human recombinant glucokinase assessed as concentration required for 1.5 fold increase in enzymatic activity
CHEMBL1096435,Ro-281675,CHEMBL2353000,12717658,%max,=,98,%,,efficacy,percent,,,%max 为激活幅度指标，按该 assay 内值域（max=127.0）判为 percent 尺度,,,0,CHEMBL2346600,2013,LITERATURE,Activation of glucokinase (unknown origin) relative to control
CHEMBL1096435,Ro-281675,CHEMBL2353001,12717704,EC50,=,500,nM,6.3,potency,concentration,500.0,6.3,EC50 为标准化浓度型效力指标,,,0,CHEMBL2346600,2013,LITERATURE,Activation of glucokinase (unknown origin)
CHEMBL1096435,Ro-281675,CHEMBL2412836,13387382,Activity,,,,,unclassified,,,,Activity 为自由文本指标（无官方标准化规则），assay 描述未命中提升门槛，不跨实验汇总,200,,0,CHEMBL2406951,2013,LITERATURE,Allosteric activation of recombinant wild-type human pancreatic glucokinase expressed in Escherichia coli K-12 assessed as increase in glucose Vmax by enzyme-kinetic study in presence of 200 mM glucose
CHEMBL1096435,Ro-281675,CHEMBL2412837,13387385,Activity,=,30,%,,unclassified,,,,Activity 为自由文本指标（无官方标准化规则），assay 描述未命中提升门槛，不跨实验汇总,200,,0,CHEMBL2406951,2013,LITERATURE,Allosteric activation of recombinant wild-type human pancreatic glucokinase expressed in Escherichia coli K-12 assessed as increase in glucose kcat by enzyme-kinetic study in presence of 200 mM glucose
CHEMBL1096435,Ro-281675,CHEMBL2412840,13387393,Activity,,,,,unclassified,,,,Activity 为自由文本指标（无官方标准化规则），assay 描述未命中提升门槛，不跨实验汇总,,,0,CHEMBL2406951,2013,LITERATURE,Allosteric activation of recombinant wild-type human pancreatic glucokinase expressed in Escherichia coli K-12 assessed as reduction in transition time at 20 uM by spectrophotometry in absence of glucose
CHEMBL1096435,Ro-281675,CHEMBL2412842,13387390,Activity,,,,,unclassified,,,,Activity 为自由文本指标（无官方标准化规则），assay 描述未命中提升门槛，不跨实验汇总,,,0,CHEMBL2406951,2013,LITERATURE,Allosteric activation of recombinant wild-type human pancreatic glucokinase expressed in Escherichia coli K-12 assessed as reduction in lag of transient-state enzyme progress curve at 25 to 100 uM by spectrophotometry in absence of glucose
CHEMBL1096435,Ro-281675,CHEMBL3223666,14533402,EC50,=,334,nM,6.48,potency,concentration,334.0,6.48,EC50 为标准化浓度型效力指标,,,0,CHEMBL3217627,2011,LITERATURE,Activation of recombinant human glucokinase assessed as formation of glucose-6-phosphate by G6PDH/NADP coupled assay
CHEMBL1164184,,CHEMBL1167927,3330505,EC50,=,89,nM,7.05,potency,concentration,89.0,7.05,EC50 为标准化浓度型效力指标,,,0,CHEMBL1165956,2010,LITERATURE,Activation of human glucokinase expressed in Escherichia coli BL21(DE3) coexpressing G6PDH by spectrometry
CHEMBL1164184,,CHEMBL1167928,3330483,FC,=,4.6,,,efficacy,fold,,,FC（fold change）为激活倍数,,,0,CHEMBL1165956,2010,LITERATURE,Activation of human glucokinase expressed in Escherichia coli BL21(DE3) coexpressing G6PDH by spectrometry relative to control
CHEMBL1164184,,CHEMBL3225185,14538034,EC50,=,89,nM,7.05,potency,concentration,89.0,7.05,EC50 为标准化浓度型效力指标,,,1,CHEMBL3217569,2011,LITERATURE,Activation of recombinant human His6-tagged glucokinase by G6PDH-coupled spectrophotometry
CHEMBL1164268,,CHEMBL1167927,3330503,EC50,=,1000,nM,6,potency,concentration,1000.0,6.0,EC50 为标准化浓度型效力指标,,,0,CHEMBL1165956,2010,LITERATURE,Activation of human glucokinase expressed in Escherichia coli BL21(DE3) coexpressing G6PDH by spectrometry
CHEMBL1164268,,CHEMBL1167928,3330481,FC,=,2.17,,,efficacy,fold,,,FC（fold change）为激活倍数,,,0,CHEMBL1165956,2010,LITERATURE,Activation of human glucokinase expressed in Escherichia coli BL21(DE3) coexpressing G6PDH by spectrometry relative to control
CHEMBL1164315,,CHEMBL1167927,3330501,EC50,=,355,nM,6.45,potency,concentration,355.0,6.45,EC50 为标准化浓度型效力指标,,,0,CHEMBL1165956,2010,LITERATURE,Activation of human glucokinase expressed in Escherichia coli BL21(DE3) coexpressing G6PDH by spectrometry
CHEMBL1164315,,CHEMBL1167928,3330479,FC,=,2.05,,,efficacy,fold,,,FC（fold change）为激活倍数,,,0,CHEMBL1165956,2010,LITERATURE,Activation of human glucokinase expressed in Escherichia coli BL21(DE3) coexpressing G6PDH by spectrometry relative to control
CHEMBL1164323,,CHEMBL1167927,3330498,EC50,=,724,nM,6.14,potency,concentration,724.0,6.14,EC50 为标准化浓度型效力指标,,,0,CHEMBL1165956,2010,LITERATURE,Activation of human glucokinase expressed in Escherichia coli BL21(DE3) coexpressing G6PDH by spectrometry
CHEMBL1164323,,CHEMBL1167928,3330476,FC,=,1.3,,,efficacy,fold,,,FC（fold change）为激活倍数,,,0,CHEMBL1165956,2010,LITERATURE,Activation of human glucokinase expressed in Escherichia coli BL21(DE3) coexpressing G6PDH by spectrometry relative to control
CHEMBL1164508,,CHEMBL1167927,3330496,EC50,=,1180,nM,5.93,potency,concentration,1180.0,5.93,EC50 为标准化浓度型效力指标,,,0,CHEMBL1165956,2010,LITERATURE,Activation of human glucokinase expressed in Escherichia coli BL21(DE3) coexpressing G6PDH by spectrometry
CHEMBL1164508,,CHEMBL1167928,3330474,FC,=,1.25,,,efficacy,fold,,,FC（fold change）为激活倍数,,,0,CHEMBL1165956,2010,LITERATURE,Activation of human glucokinase expressed in Escherichia coli BL21(DE3) coexpressing G6PDH by spectrometry relative to control
CHEMBL1164519,,CHEMBL1167927,3330490,EC50,=,320,nM,6.5,potency,concentration,320.0,6.5,EC50 为标准化浓度型效力指标,,,0,CHEMBL1165956,2010,LITERATURE,Activation of human glucokinase expressed in Escherichia coli BL21(DE3) coexpressing G6PDH by spectrometry
CHEMBL1164519,,CHEMBL1167928,3330467,FC,=,1.67,,,efficacy,fold,,,FC（fold change）为激活倍数,,,0,CHEMBL1165956,2010,LITERATURE,Activation of human glucokinase expressed in Escherichia coli BL21(DE3) coexpressing G6PDH by spectrometry relative to control
CHEMBL1164577,,CHEMBL1167927,3330494,EC50,=,330,nM,6.48,potency,concentration,330.0,6.48,EC50 为标准化浓度型效力指标,,,0,CHEMBL1165956,2010,LITERATURE,Activation of human glucokinase expressed in Escherichia coli BL21(DE3) coexpressing G6PDH by spectrometry
CHEMBL1164577,,CHEMBL1167928,3330472,FC,=,2.1,,,efficacy,fold,,,FC（fold change）为激活倍数,,,0,CHEMBL1165956,2010,LITERATURE,Activation of human glucokinase expressed in Escherichia coli BL21(DE3) coexpressing G6PDH by spectrometry relative to control
CHEMBL1164578,,CHEMBL1167927,3330492,EC50,=,157,nM,6.8,potency,concentration,157.0,6.8,EC50 为标准化浓度型效力指标,,,0,CHEMBL1165956,2010,LITERATURE,Activation of human glucokinase expressed in Escherichia coli BL21(DE3) coexpressing G6PDH by spectrometry
CHEMBL1164578,,CHEMBL1167928,3330470,FC,=,2.97,,,efficacy,fold,,,FC（fold change）为激活倍数,,,0,CHEMBL1165956,2010,LITERATURE,Activation of human glucokinase expressed in Escherichia coli BL21(DE3) coexpressing G6PDH by spectrometry relative to control
CHEMBL1164578,,CHEMBL3225185,14538036,EC50,=,157,nM,6.8,potency,concentration,157.0,6.8,EC50 为标准化浓度型效力指标,,,1,CHEMBL3217569,2011,LITERATURE,Activation of recombinant human His6-tagged glucokinase by G6PDH-coupled spectrophotometry
CHEMBL1164578,,CHEMBL3225186,14540230,max activation,=,2.97,,,efficacy,fold,,,max activation 为激活幅度指标，按该 assay 内值域（max=2.97）判为 fold 尺度,,,0,CHEMBL3217569,2011,LITERATURE,Activation of recombinant human His6-tagged glucokinase by G6PDH-coupled spectrophotometry relative to control
CHEMBL1164579,,CHEMBL1167927,3330491,EC50,=,2860,nM,5.54,potency,concentration,2860.0,5.54,EC50 为标准化浓度型效力指标,,,0,CHEMBL1165956,2010,LITERATURE,Activation of human glucokinase expressed in Escherichia coli BL21(DE3) coexpressing G6PDH by spectrometry
CHEMBL1164579,,CHEMBL1167928,3330469,FC,=,1.72,,,efficacy,fold,,,FC（fold change）为激活倍数,,,0,CHEMBL1165956,2010,LITERATURE,Activation of human glucokinase expressed in Escherichia coli BL21(DE3) coexpressing G6PDH by spectrometry relative to control
CHEMBL1164586,,CHEMBL1167927,3330513,EC50,,,,,unclassified,,,,EC50 缺少浓度单位（units=None），无法作为效力,,,0,CHEMBL1165956,2010,LITERATURE,Activation of human glucokinase expressed in Escherichia coli BL21(DE3) coexpressing G6PDH by spectrometry
CHEMBL1164586,,CHEMBL1167928,3330466,FC,=,1.34,,,efficacy,fold,,,FC（fold change）为激活倍数,,,0,CHEMBL1165956,2010,LITERATURE,Activation of human glucokinase expressed in Escherichia coli BL21(DE3) coexpressing G6PDH by spectrometry relative to control
CHEMBL1164587,,CHEMBL1167927,3330512,EC50,,,,,unclassified,,,,EC50 缺少浓度单位（units=None），无法作为效力,,,0,CHEMBL1165956,2010,LITERATURE,Activation of human glucokinase expressed in Escherichia coli BL21(DE3) coexpressing G6PDH by spectrometry
CHEMBL1164587,,CHEMBL1167928,3330465,FC,=,1.3,,,efficacy,fold,,,FC（fold change）为激活倍数,,,0,CHEMBL1165956,2010,LITERATURE,Activation of human glucokinase expressed in Escherichia coli BL21(DE3) coexpressing G6PDH by spectrometry relative to control
CHEMBL1164726,,CHEMBL1167927,3330510,EC50,,,,,unclassified,,,,EC50 缺少浓度单位（units=None），无法作为效力,,,0,CHEMBL1165956,2010,LITERATURE,Activation of human glucokinase expressed in Escherichia coli BL21(DE3) coexpressing G6PDH by spectrometry
CHEMBL1164726,,CHEMBL1167928,3330458,FC,=,1.17,,,efficacy,fold,,,FC（fold change）为激活倍数,,,0,CHEMBL1165956,2010,LITERATURE,Activation of human glucokinase expressed in Escherichia coli BL21(DE3) coexpressing G6PDH by spectrometry relative to control
CHEMBL1164790,,CHEMBL1167927,3330487,EC50,=,79,nM,7.1,potency,concentration,79.0,7.1,EC50 为标准化浓度型效力指标,,,0,CHEMBL1165956,2010,LITERATURE,Activation of human glucokinase expressed in Escherichia coli BL21(DE3) coexpressing G6PDH by spectrometry
CHEMBL1164790,,CHEMBL1167928,3330462,FC,=,3.4,,,efficacy,fold,,,FC（fold change）为激活倍数,,,0,CHEMBL1165956,2010,LITERATURE,Activation of human glucokinase expressed in Escherichia coli BL21(DE3) coexpressing G6PDH by spectrometry relative to control
CHEMBL1164848,,CHEMBL1167927,3330514,EC50,,,,,unclassified,,,,EC50 缺少浓度单位（units=None），无法作为效力,,,0,CHEMBL1165956,2010,LITERATURE,Activation of human glucokinase expressed in Escherichia coli BL21(DE3) coexpressing G6PDH by spectrometry
CHEMBL1164848,,CHEMBL1167928,3330468,FC,=,1.13,,,efficacy,fold,,,FC（fold change）为激活倍数,,,0,CHEMBL1165956,2010,LITERATURE,Activation of human glucokinase expressed in Escherichia coli BL21(DE3) coexpressing G6PDH by spectrometry relative to control
CHEMBL1164970,,CHEMBL1167927,3330499,EC50,=,1350,nM,5.87,potency,concentration,1350.0,5.87,EC50 为标准化浓度型效力指标,,,0,CHEMBL1165956,2010,LITERATURE,Activation of human glucokinase expressed in Escherichia coli BL21(DE3) coexpressing G6PDH by spectrometry
CHEMBL1164970,,CHEMBL1167928,3330477,FC,=,1.87,,,efficacy,fold,,,FC（fold change）为激活倍数,,,0,CHEMBL1165956,2010,LITERATURE,Activation of human glucokinase expressed in Escherichia coli BL21(DE3) coexpressing G6PDH by spectrometry relative to control
CHEMBL1165042,,CHEMBL1167927,3330502,EC50,=,310,nM,6.51,potency,concentration,310.0,6.51,EC50 为标准化浓度型效力指标,,,0,CHEMBL1165956,2010,LITERATURE,Activation of human glucokinase expressed in Escherichia coli BL21(DE3) coexpressing G6PDH by spectrometry
CHEMBL1165042,,CHEMBL1167928,3330480,FC,=,2.49,,,efficacy,fold,,,FC（fold change）为激活倍数,,,0,CHEMBL1165956,2010,LITERATURE,Activation of human glucokinase expressed in Escherichia coli BL21(DE3) coexpressing G6PDH by spectrometry relative to control
CHEMBL1165056,,CHEMBL1167927,3330497,EC50,=,1040,nM,5.98,potency,concentration,1040.0,5.98,EC50 为标准化浓度型效力指标,,,0,CHEMBL1165956,2010,LITERATURE,Activation of human glucokinase expressed in Escherichia coli BL21(DE3) coexpressing G6PDH by spectrometry
CHEMBL1165056,,CHEMBL1167928,3330475,FC,=,1.22,,,efficacy,fold,,,FC（fold change）为激活倍数,,,0,CHEMBL1165956,2010,LITERATURE,Activation of human glucokinase expressed in Escherichia coli BL21(DE3) coexpressing G6PDH by spectrometry relative to control
CHEMBL1165213,,CHEMBL1167927,3330486,EC50,=,2860,nM,5.54,potency,concentration,2860.0,5.54,EC50 为标准化浓度型效力指标,,,0,CHEMBL1165956,2010,LITERATURE,Activation of human glucokinase expressed in Escherichia coli BL21(DE3) coexpressing G6PDH by spectrometry
CHEMBL1165213,,CHEMBL1167928,3330461,FC,=,2.26,,,efficacy,fold,,,FC（fold change）为激活倍数,,,0,CHEMBL1165956,2010,LITERATURE,Activation of human glucokinase expressed in Escherichia coli BL21(DE3) coexpressing G6PDH by spectrometry relative to control
CHEMBL1165284,,CHEMBL1167927,3330489,EC50,=,61,nM,7.21,potency,concentration,61.0,7.21,EC50 为标准化浓度型效力指标,,,0,CHEMBL1165956,2010,LITERATURE,Activation of human glucokinase expressed in Escherichia coli BL21(DE3) coexpressing G6PDH by spectrometry
CHEMBL1165284,,CHEMBL1167928,3330464,FC,=,2.27,,,efficacy,fold,,,FC（fold change）为激活倍数,,,0,CHEMBL1165956,2010,LITERATURE,Activation of human glucokinase expressed in Escherichia coli BL21(DE3) coexpressing G6PDH by spectrometry relative to control
CHEMBL1165294,,CHEMBL1167927,3330485,EC50,=,4680,nM,5.33,potency,concentration,4680.0,5.33,EC50 为标准化浓度型效力指标,,,0,CHEMBL1165956,2010,LITERATURE,Activation of human glucokinase expressed in Escherichia coli BL21(DE3) coexpressing G6PDH by spectrometry
CHEMBL1165294,,CHEMBL1167928,3330460,FC,=,1.65,,,efficacy,fold,,,FC（fold change）为激活倍数,,,0,CHEMBL1165956,2010,LITERATURE,Activation of human glucokinase expressed in Escherichia coli BL21(DE3) coexpressing G6PDH by spectrometry relative to control
CHEMBL1165479,,CHEMBL1167927,3330511,EC50,,,,,unclassified,,,,EC50 缺少浓度单位（units=None），无法作为效力,,,0,CHEMBL1165956,2010,LITERATURE,Activation of human glucokinase expressed in Escherichia coli BL21(DE3) coexpressing G6PDH by spectrometry
CHEMBL1165479,,CHEMBL1167928,3330459,FC,=,1.24,,,efficacy,fold,,,FC（fold change）为激活倍数,,,0,CHEMBL1165956,2010,LITERATURE,Activation of human glucokinase expressed in Escherichia coli BL21(DE3) coexpressing G6PDH by spectrometry relative to control
CHEMBL1165587,,CHEMBL1167927,3330495,EC50,=,158,nM,6.8,potency,concentration,158.0,6.8,EC50 为标准化浓度型效力指标,,,0,CHEMBL1165956,2010,LITERATURE,Activation of human glucokinase expressed in Escherichia coli BL21(DE3) coexpressing G6PDH by spectrometry
CHEMBL1165587,,CHEMBL1167928,3330473,FC,=,2.4,,,efficacy,fold,,,FC（fold change）为激活倍数,,,0,CHEMBL1165956,2010,LITERATURE,Activation of human glucokinase expressed in Escherichia coli BL21(DE3) coexpressing G6PDH by spectrometry relative to control
CHEMBL1165653,,CHEMBL1167927,3330493,EC50,=,26,nM,7.58,potency,concentration,26.0,7.58,EC50 为标准化浓度型效力指标,,,0,CHEMBL1165956,2010,LITERATURE,Activation of human glucokinase expressed in Escherichia coli BL21(DE3) coexpressing G6PDH by spectrometry
CHEMBL1165653,,CHEMBL1167928,3330471,FC,=,2.55,,,efficacy,fold,,,FC（fold change）为激活倍数,,,0,CHEMBL1165956,2010,LITERATURE,Activation of human glucokinase expressed in Escherichia coli BL21(DE3) coexpressing G6PDH by spectrometry relative to control
CHEMBL1165692,,CHEMBL1167927,3330500,EC50,=,2930,nM,5.53,potency,concentration,2930.0,5.53,EC50 为标准化浓度型效力指标,,,0,CHEMBL1165956,2010,LITERATURE,Activation of human glucokinase expressed in Escherichia coli BL21(DE3) coexpressing G6PDH by spectrometry
CHEMBL1165692,,CHEMBL1167928,3330478,FC,=,1.29,,,efficacy,fold,,,FC（fold change）为激活倍数,,,0,CHEMBL1165956,2010,LITERATURE,Activation of human glucokinase expressed in Escherichia coli BL21(DE3) coexpressing G6PDH by spectrometry relative to control
CHEMBL1165817,,CHEMBL1167927,3330488,EC50,=,120,nM,6.92,potency,concentration,120.0,6.92,EC50 为标准化浓度型效力指标,,,0,CHEMBL1165956,2010,LITERATURE,Activation of human glucokinase expressed in Escherichia coli BL21(DE3) coexpressing G6PDH by spectrometry
CHEMBL1165817,,CHEMBL1167928,3330463,FC,=,2.55,,,efficacy,fold,,,FC（fold change）为激活倍数,,,0,CHEMBL1165956,2010,LITERATURE,Activation of human glucokinase expressed in Escherichia coli BL21(DE3) coexpressing G6PDH by spectrometry relative to control
CHEMBL1204008,,CHEMBL1053631,2929360,Activity,=,50,nM,,potency,concentration,50.0,7.3,自由文本指标 Activity 受限提升为效力，描述命中：「half-maximal activat」,,,0,CHEMBL1155225,2009,LITERATURE,Activation of His-tagged human recombinant liver glucokinase expressed in Escherichia coli BL21 (DE3) assessed as drug level required for half-maximal activation
CHEMBL1255593,,CHEMBL1260806,3501456,Activity,=,0.097,uM,,potency,concentration,97.0,7.01,自由文本指标 Activity 受限提升为效力，描述命中：「concentration required to 50% increase」,,,0,CHEMBL1255563,2010,LITERATURE,Activation of glucokinase assessed as concentration required to 50% increase in enzyme activity
CHEMBL1257152,,CHEMBL1260806,3501450,Activity,=,0.021,uM,,potency,concentration,21.0,7.68,自由文本指标 Activity 受限提升为效力，描述命中：「concentration required to 50% increase」,,,0,CHEMBL1255563,2010,LITERATURE,Activation of glucokinase assessed as concentration required to 50% increase in enzyme activity
CHEMBL1257153,,CHEMBL1260806,3501451,Activity,=,0.073,uM,,potency,concentration,73.0,7.14,自由文本指标 Activity 受限提升为效力，描述命中：「concentration required to 50% increase」,,,0,CHEMBL1255563,2010,LITERATURE,Activation of glucokinase assessed as concentration required to 50% increase in enzyme activity
CHEMBL1257269,,CHEMBL1260806,3501452,Activity,=,0.053,uM,,potency,concentration,53.0,7.28,自由文本指标 Activity 受限提升为效力，描述命中：「concentration required to 50% increase」,,,0,CHEMBL1255563,2010,LITERATURE,Activation of glucokinase assessed as concentration required to 50% increase in enzyme activity
CHEMBL1257270,,CHEMBL1260806,3501453,Activity,=,0.012,uM,,potency,concentration,12.0,7.92,自由文本指标 Activity 受限提升为效力，描述命中：「concentration required to 50% increase」,,,0,CHEMBL1255563,2010,LITERATURE,Activation of glucokinase assessed as concentration required to 50% increase in enzyme activity
CHEMBL1257390,,CHEMBL1260806,3501454,Activity,=,0.008,uM,,potency,concentration,8.0,8.1,自由文本指标 Activity 受限提升为效力，描述命中：「concentration required to 50% increase」,,,0,CHEMBL1255563,2010,LITERATURE,Activation of glucokinase assessed as concentration required to 50% increase in enzyme activity
CHEMBL1257391,,CHEMBL1260806,3501455,Activity,=,0.049,uM,,potency,concentration,49.0,7.31,自由文本指标 Activity 受限提升为效力，描述命中：「concentration required to 50% increase」,,,0,CHEMBL1255563,2010,LITERATURE,Activation of glucokinase assessed as concentration required to 50% increase in enzyme activity
CHEMBL1257500,,CHEMBL1260806,3501457,Activity,=,0.096,uM,,potency,concentration,96.0,7.02,自由文本指标 Activity 受限提升为效力，描述命中：「concentration required to 50% increase」,,,0,CHEMBL1255563,2010,LITERATURE,Activation of glucokinase assessed as concentration required to 50% increase in enzyme activity
CHEMBL1257621,,CHEMBL1260806,3501458,Activity,=,0.045,uM,,potency,concentration,45.0,7.35,自由文本指标 Activity 受限提升为效力，描述命中：「concentration required to 50% increase」,,,0,CHEMBL1255563,2010,LITERATURE,Activation of glucokinase assessed as concentration required to 50% increase in enzyme activity
CHEMBL1257622,,CHEMBL1260806,3501459,Activity,=,0.033,uM,,potency,concentration,33.0,7.48,自由文本指标 Activity 受限提升为效力，描述命中：「concentration required to 50% increase」,,,0,CHEMBL1255563,2010,LITERATURE,Activation of glucokinase assessed as concentration required to 50% increase in enzyme activity
CHEMBL1257742,,CHEMBL1260806,3501460,Activity,=,0.215,uM,,potency,concentration,215.0,6.67,自由文本指标 Activity 受限提升为效力，描述命中：「concentration required to 50% increase」,,,0,CHEMBL1255563,2010,LITERATURE,Activation of glucokinase assessed as concentration required to 50% increase in enzyme activity
CHEMBL1257743,,CHEMBL1260806,3501461,Activity,=,0.102,uM,,potency,concentration,102.0,6.99,自由文本指标 Activity 受限提升为效力，描述命中：「concentration required to 50% increase」,,,0,CHEMBL1255563,2010,LITERATURE,Activation of glucokinase assessed as concentration required to 50% increase in enzyme activity
CHEMBL1257864,,CHEMBL1260806,3501462,Activity,=,0.904,uM,,potency,concentration,904.0,6.04,自由文本指标 Activity 受限提升为效力，描述命中：「concentration required to 50% increase」,,,0,CHEMBL1255563,2010,LITERATURE,Activation of glucokinase assessed as concentration required to 50% increase in enzyme activity
CHEMBL1257865,,CHEMBL1260806,3501463,Activity,=,0.04,uM,,potency,concentration,40.0,7.4,自由文本指标 Activity 受限提升为效力，描述命中：「concentration required to 50% increase」,,,0,CHEMBL1255563,2010,LITERATURE,Activation of glucokinase assessed as concentration required to 50% increase in enzyme activity
CHEMBL1257976,,CHEMBL1260806,3501465,Activity,=,0.01,uM,,potency,concentration,10.0,8.0,自由文本指标 Activity 受限提升为效力，描述命中：「concentration required to 50% increase」,,,0,CHEMBL1255563,2010,LITERATURE,Activation of glucokinase assessed as concentration required to 50% increase in enzyme activity
CHEMBL1257977,,CHEMBL1260806,3501466,Activity,=,0.036,uM,,potency,concentration,36.0,7.44,自由文本指标 Activity 受限提升为效力，描述命中：「concentration required to 50% increase」,,,0,CHEMBL1255563,2010,LITERATURE,Activation of glucokinase assessed as concentration required to 50% increase in enzyme activity
CHEMBL1258092,,CHEMBL1260806,3501467,Activity,=,0.004,uM,,potency,concentration,4.0,8.4,自由文本指标 Activity 受限提升为效力，描述命中：「concentration required to 50% increase」,,,0,CHEMBL1255563,2010,LITERATURE,Activation of glucokinase assessed as concentration required to 50% increase in enzyme activity
CHEMBL1258093,,CHEMBL1260806,3501468,Activity,=,0.013,uM,,potency,concentration,13.0,7.89,自由文本指标 Activity 受限提升为效力，描述命中：「concentration required to 50% increase」,,,0,CHEMBL1255563,2010,LITERATURE,Activation of glucokinase assessed as concentration required to 50% increase in enzyme activity
CHEMBL1258205,,CHEMBL1260806,3501469,Activity,=,0.025,uM,,potency,concentration,25.0,7.6,自由文本指标 Activity 受限提升为效力，描述命中：「concentration required to 50% increase」,,,0,CHEMBL1255563,2010,LITERATURE,Activation of glucokinase assessed as concentration required to 50% increase in enzyme activity
CHEMBL1258206,,CHEMBL1260806,3501470,Activity,=,0.092,uM,,potency,concentration,92.0,7.04,自由文本指标 Activity 受限提升为效力，描述命中：「concentration required to 50% increase」,,,0,CHEMBL1255563,2010,LITERATURE,Activation of glucokinase assessed as concentration required to 50% increase in enzyme activity
CHEMBL1258321,,CHEMBL1260806,3501471,Activity,=,0.004,uM,,potency,concentration,4.0,8.4,自由文本指标 Activity 受限提升为效力，描述命中：「concentration required to 50% increase」,,,0,CHEMBL1255563,2010,LITERATURE,Activation of glucokinase assessed as concentration required to 50% increase in enzyme activity
CHEMBL1258322,,CHEMBL1260806,3501472,Activity,=,0.011,uM,,potency,concentration,11.0,7.96,自由文本指标 Activity 受限提升为效力，描述命中：「concentration required to 50% increase」,,,0,CHEMBL1255563,2010,LITERATURE,Activation of glucokinase assessed as concentration required to 50% increase in enzyme activity
CHEMBL1258435,,CHEMBL1260806,3501473,Activity,=,0.012,uM,,potency,concentration,12.0,7.92,自由文本指标 Activity 受限提升为效力，描述命中：「concentration required to 50% increase」,,,0,CHEMBL1255563,2010,LITERATURE,Activation of glucokinase assessed as concentration required to 50% increase in enzyme activity
CHEMBL1258542,,CHEMBL1260806,3501475,Activity,=,1.18,uM,,potency,concentration,1180.0,5.93,自由文本指标 Activity 受限提升为效力，描述命中：「concentration required to 50% increase」,,,0,CHEMBL1255563,2010,LITERATURE,Activation of glucokinase assessed as concentration required to 50% increase in enzyme activity
CHEMBL1258543,,CHEMBL1260806,3501476,Activity,,,,,unclassified,,,,Activity 为自由文本指标（无官方标准化规则），assay 描述未命中提升门槛，不跨实验汇总,,,0,CHEMBL1255563,2010,LITERATURE,Activation of glucokinase assessed as concentration required to 50% increase in enzyme activity
CHEMBL1258768,,CHEMBL1260806,3501464,Activity,=,0.037,uM,,potency,concentration,37.0,7.43,自由文本指标 Activity 受限提升为效力，描述命中：「concentration required to 50% increase」,,,0,CHEMBL1255563,2010,LITERATURE,Activation of glucokinase assessed as concentration required to 50% increase in enzyme activity
CHEMBL1258769,,CHEMBL1260806,3501431,Activity,=,1.2,uM,,potency,concentration,1200.0,5.92,自由文本指标 Activity 受限提升为效力，描述命中：「concentration required to 50% increase」,,,0,CHEMBL1255563,2010,LITERATURE,Activation of glucokinase assessed as concentration required to 50% increase in enzyme activity
CHEMBL1258886,,CHEMBL1260806,3501432,Activity,=,0.45,uM,,potency,concentration,450.0,6.35,自由文本指标 Activity 受限提升为效力，描述命中：「concentration required to 50% increase」,,,0,CHEMBL1255563,2010,LITERATURE,Activation of glucokinase assessed as concentration required to 50% increase in enzyme activity
CHEMBL1258887,,CHEMBL1260806,3501433,Activity,=,0.06,uM,,potency,concentration,60.0,7.22,自由文本指标 Activity 受限提升为效力，描述命中：「concentration required to 50% increase」,,,0,CHEMBL1255563,2010,LITERATURE,Activation of glucokinase assessed as concentration required to 50% increase in enzyme activity
CHEMBL1258888,,CHEMBL1260806,3501449,Activity,=,0.029,uM,,potency,concentration,29.0,7.54,自由文本指标 Activity 受限提升为效力，描述命中：「concentration required to 50% increase」,,,0,CHEMBL1255563,2010,LITERATURE,Activation of glucokinase assessed as concentration required to 50% increase in enzyme activity
CHEMBL1270959,,CHEMBL1788085,6224324,EC50,=,3500,nM,5.46,potency,concentration,3500.0,5.46,EC50 为标准化浓度型效力指标,6.5,,0,CHEMBL1782019,2009,LITERATURE,Activation of human recombinant glucokinase using 6.5 mM glucose by spectrophotometry
CHEMBL1270959,,CHEMBL1788086,6224285,Emax,=,101,%,,efficacy,percent,,,Emax 为激活幅度指标，按该 assay 内值域（max=148.0）判为 percent 尺度,6.5,,0,CHEMBL1782019,2009,LITERATURE,Activation of human recombinant glucokinase using 6.5 mM glucose by spectrophotometry relative to control
CHEMBL1334993,,CHEMBL1825590,6351495,Ratio,=,1.24,,,efficacy,fold,,,自由文本指标 Ratio 受限提升为效能(fold)，描述命中：「ratio of enzyme activation in treated to untreated control」,5,,0,CHEMBL1821720,2011,LITERATURE,Activation of human recombinant glucokinase expressed in Escherichia coli coexpressing G6PDH at 10 uM using 5 mM glucose measured as ratio of enzyme activation in treated to untreated control by G6PDH coupled continuous spectrophotometric assay
CHEMBL1334993,,CHEMBL1825591,6351561,Ratio,=,0.068,,,efficacy,fold,,,自由文本指标 Ratio 受限提升为效能(fold)，描述命中：「ratio of enzyme activation in compound treated」,5,,0,CHEMBL1821720,2011,LITERATURE,Activation of human recombinant glucokinase expressed in Escherichia coli coexpressing G6PDH at 10 uM using 5 mM glucose measured as ratio of enzyme activation in compound treated to Ro-28-1675 by G6PDH coupled continuous spectrophotometric assay
CHEMBL1334993,,CHEMBL1825592,6352496,Ratio,=,1.15,,,efficacy,fold,,,自由文本指标 Ratio 受限提升为效能(fold)，描述命中：「ratio of enzyme activation in treated to untreated control」,20,,0,CHEMBL1821720,2011,LITERATURE,Activation of human recombinant glucokinase expressed in Escherichia coli coexpressing G6PDH at 10 uM using 20 mM glucose measured as ratio of enzyme activation in treated to untreated control by G6PDH coupled continuous spectrophotometric assay
CHEMBL1334993,,CHEMBL1825593,6352562,Ratio,=,0.1,,,efficacy,fold,,,自由文本指标 Ratio 受限提升为效能(fold)，描述命中：「ratio of enzyme activation in compound treated」,5,,0,CHEMBL1821720,2011,LITERATURE,Activation of human recombinant glucokinase expressed in Escherichia coli coexpressing G6PDH at 10 uM using 5 mM glucose measured as ratio of enzyme activation in compound treated to Ro-28-1675 by G6PDH coupled continuous spectrophotometric assay
CHEMBL1401244,,CHEMBL2215199,12195259,EC50,=,2511.89,nM,5.6,potency,concentration,2511.89,5.6,EC50 为标准化浓度型效力指标,,,0,CHEMBL2202962,2012,LITERATURE,Activation of human glucokinase
CHEMBL1401244,,CHEMBL3226993,14551919,EC50,=,2511.89,nM,5.6,potency,concentration,2511.89,5.6,EC50 为标准化浓度型效力指标,,,1,CHEMBL3217683,2013,LITERATURE,Activity at glucokinase (unknown origin)
CHEMBL1466948,,CHEMBL1825590,6351450,Ratio,=,1.88,,,efficacy,fold,,,自由文本指标 Ratio 受限提升为效能(fold)，描述命中：「ratio of enzyme activation in treated to untreated control」,5,,0,CHEMBL1821720,2011,LITERATURE,Activation of human recombinant glucokinase expressed in Escherichia coli coexpressing G6PDH at 10 uM using 5 mM glucose measured as ratio of enzyme activation in treated to untreated control by G6PDH coupled continuous spectrophotometric assay
CHEMBL1466948,,CHEMBL1825591,6351516,Ratio,=,0.177,,,efficacy,fold,,,自由文本指标 Ratio 受限提升为效能(fold)，描述命中：「ratio of enzyme activation in compound treated」,5,,0,CHEMBL1821720,2011,LITERATURE,Activation of human recombinant glucokinase expressed in Escherichia coli coexpressing G6PDH at 10 uM using 5 mM glucose measured as ratio of enzyme activation in compound treated to Ro-28-1675 by G6PDH coupled continuous spectrophotometric assay
CHEMBL1466948,,CHEMBL1825592,6351582,Ratio,=,1.17,,,efficacy,fold,,,自由文本指标 Ratio 受限提升为效能(fold)，描述命中：「ratio of enzyme activation in treated to untreated control」,20,,0,CHEMBL1821720,2011,LITERATURE,Activation of human recombinant glucokinase expressed in Escherichia coli coexpressing G6PDH at 10 uM using 20 mM glucose measured as ratio of enzyme activation in treated to untreated control by G6PDH coupled continuous spectrophotometric assay
CHEMBL1466948,,CHEMBL1825593,6352517,Ratio,=,0.095,,,efficacy,fold,,,自由文本指标 Ratio 受限提升为效能(fold)，描述命中：「ratio of enzyme activation in compound treated」,5,,0,CHEMBL1821720,2011,LITERATURE,Activation of human recombinant glucokinase expressed in Escherichia coli coexpressing G6PDH at 10 uM using 5 mM glucose measured as ratio of enzyme activation in compound treated to Ro-28-1675 by G6PDH coupled continuous spectrophotometric assay
CHEMBL1496831,,CHEMBL1825590,6351502,Ratio,=,1.06,,,efficacy,fold,,,自由文本指标 Ratio 受限提升为效能(fold)，描述命中：「ratio of enzyme activation in treated to untreated control」,5,,0,CHEMBL1821720,2011,LITERATURE,Activation of human recombinant glucokinase expressed in Escherichia coli coexpressing G6PDH at 10 uM using 5 mM glucose measured as ratio of enzyme activation in treated to untreated control by G6PDH coupled continuous spectrophotometric assay
CHEMBL1496831,,CHEMBL1825591,6351568,Ratio,=,0.012,,,efficacy,fold,,,自由文本指标 Ratio 受限提升为效能(fold)，描述命中：「ratio of enzyme activation in compound treated」,5,,0,CHEMBL1821720,2011,LITERATURE,Activation of human recombinant glucokinase expressed in Escherichia coli coexpressing G6PDH at 10 uM using 5 mM glucose measured as ratio of enzyme activation in compound treated to Ro-28-1675 by G6PDH coupled continuous spectrophotometric assay
CHEMBL1496831,,CHEMBL1825592,6352503,Ratio,=,0.97,,,efficacy,fold,,,自由文本指标 Ratio 受限提升为效能(fold)，描述命中：「ratio of enzyme activation in treated to untreated control」,20,,0,CHEMBL1821720,2011,LITERATURE,Activation of human recombinant glucokinase expressed in Escherichia coli coexpressing G6PDH at 10 uM using 20 mM glucose measured as ratio of enzyme activation in treated to untreated control by G6PDH coupled continuous spectrophotometric assay
CHEMBL1496831,,CHEMBL1825593,6352569,Ratio,=,-0.015,,,efficacy,fold,,,自由文本指标 Ratio 受限提升为效能(fold)，描述命中：「ratio of enzyme activation in compound treated」,5,,0,CHEMBL1821720,2011,LITERATURE,Activation of human recombinant glucokinase expressed in Escherichia coli coexpressing G6PDH at 10 uM using 5 mM glucose measured as ratio of enzyme activation in compound treated to Ro-28-1675 by G6PDH coupled continuous spectrophotometric assay
CHEMBL1610636,,CHEMBL1825590,6351508,Ratio,=,1.11,,,efficacy,fold,,,自由文本指标 Ratio 受限提升为效能(fold)，描述命中：「ratio of enzyme activation in treated to untreated control」,5,,0,CHEMBL1821720,2011,LITERATURE,Activation of human recombinant glucokinase expressed in Escherichia coli coexpressing G6PDH at 10 uM using 5 mM glucose measured as ratio of enzyme activation in treated to untreated control by G6PDH coupled continuous spectrophotometric assay
CHEMBL1610636,,CHEMBL1825591,6351574,Ratio,=,0.022,,,efficacy,fold,,,自由文本指标 Ratio 受限提升为效能(fold)，描述命中：「ratio of enzyme activation in compound treated」,5,,0,CHEMBL1821720,2011,LITERATURE,Activation of human recombinant glucokinase expressed in Escherichia coli coexpressing G6PDH at 10 uM using 5 mM glucose measured as ratio of enzyme activation in compound treated to Ro-28-1675 by G6PDH coupled continuous spectrophotometric assay
CHEMBL1610636,,CHEMBL1825592,6352509,Ratio,=,1.06,,,efficacy,fold,,,自由文本指标 Ratio 受限提升为效能(fold)，描述命中：「ratio of enzyme activation in treated to untreated control」,20,,0,CHEMBL1821720,2011,LITERATURE,Activation of human recombinant glucokinase expressed in Escherichia coli coexpressing G6PDH at 10 uM using 20 mM glucose measured as ratio of enzyme activation in treated to untreated control by G6PDH coupled continuous spectrophotometric assay
CHEMBL1610636,,CHEMBL1825593,6352575,Ratio,=,0.036,,,efficacy,fold,,,自由文本指标 Ratio 受限提升为效能(fold)，描述命中：「ratio of enzyme activation in compound treated」,5,,0,CHEMBL1821720,2011,LITERATURE,Activation of human recombinant glucokinase expressed in Escherichia coli coexpressing G6PDH at 10 uM using 5 mM glucose measured as ratio of enzyme activation in compound treated to Ro-28-1675 by G6PDH coupled continuous spectrophotometric assay
CHEMBL1778354,,CHEMBL1781588,6208555,EC50,=,40,nM,7.4,potency,concentration,40.0,7.4,EC50 为标准化浓度型效力指标,,,0,CHEMBL1777741,2011,LITERATURE,Activation of His-tagged recombinant glucokinase expressed in Escherichia coli using [14C]-glucose substrate by spectrophotometrically
CHEMBL1778355,,CHEMBL1781588,6208558,EC50,=,70,nM,7.16,potency,concentration,70.0,7.16,EC50 为标准化浓度型效力指标,,,0,CHEMBL1777741,2011,LITERATURE,Activation of His-tagged recombinant glucokinase expressed in Escherichia coli using [14C]-glucose substrate by spectrophotometrically
CHEMBL1778356,,CHEMBL1781588,6208561,EC50,=,50,nM,7.3,potency,concentration,50.0,7.3,EC50 为标准化浓度型效力指标,,,0,CHEMBL1777741,2011,LITERATURE,Activation of His-tagged recombinant glucokinase expressed in Escherichia coli using [14C]-glucose substrate by spectrophotometrically
CHEMBL1778357,,CHEMBL1781588,6208564,EC50,=,30,nM,7.52,potency,concentration,30.0,7.52,EC50 为标准化浓度型效力指标,,,0,CHEMBL1777741,2011,LITERATURE,Activation of His-tagged recombinant glucokinase expressed in Escherichia coli using [14C]-glucose substrate by spectrophotometrically
CHEMBL1778358,,CHEMBL1781588,6208567,EC50,=,90,nM,7.05,potency,concentration,90.0,7.05,EC50 为标准化浓度型效力指标,,,0,CHEMBL1777741,2011,LITERATURE,Activation of His-tagged recombinant glucokinase expressed in Escherichia coli using [14C]-glucose substrate by spectrophotometrically
CHEMBL1778359,,CHEMBL1781588,6208573,EC50,>,10000,nM,,potency,concentration,10000.0,,EC50 为标准化浓度型效力指标,,,0,CHEMBL1777741,2011,LITERATURE,Activation of His-tagged recombinant glucokinase expressed in Escherichia coli using [14C]-glucose substrate by spectrophotometrically
CHEMBL1778360,,CHEMBL1781588,6208575,EC50,>,10000,nM,,potency,concentration,10000.0,,EC50 为标准化浓度型效力指标,,,0,CHEMBL1777741,2011,LITERATURE,Activation of His-tagged recombinant glucokinase expressed in Escherichia coli using [14C]-glucose substrate by spectrophotometrically
CHEMBL1778361,,CHEMBL1781588,6208577,EC50,=,70,nM,7.16,potency,concentration,70.0,7.16,EC50 为标准化浓度型效力指标,,,0,CHEMBL1777741,2011,LITERATURE,Activation of His-tagged recombinant glucokinase expressed in Escherichia coli using [14C]-glucose substrate by spectrophotometrically
CHEMBL1778362,,CHEMBL1781588,6208580,EC50,=,30,nM,7.52,potency,concentration,30.0,7.52,EC50 为标准化浓度型效力指标,,,0,CHEMBL1777741,2011,LITERATURE,Activation of His-tagged recombinant glucokinase expressed in Escherichia coli using [14C]-glucose substrate by spectrophotometrically
CHEMBL1778363,,CHEMBL1781588,6208583,EC50,=,100,nM,7,potency,concentration,100.0,7.0,EC50 为标准化浓度型效力指标,,,0,CHEMBL1777741,2011,LITERATURE,Activation of His-tagged recombinant glucokinase expressed in Escherichia coli using [14C]-glucose substrate by spectrophotometrically
CHEMBL1778364,,CHEMBL1781588,6208589,EC50,=,210,nM,6.68,potency,concentration,210.0,6.68,EC50 为标准化浓度型效力指标,,,0,CHEMBL1777741,2011,LITERATURE,Activation of His-tagged recombinant glucokinase expressed in Escherichia coli using [14C]-glucose substrate by spectrophotometrically
CHEMBL1778365,,CHEMBL1781588,6208592,EC50,=,160,nM,6.8,potency,concentration,160.0,6.8,EC50 为标准化浓度型效力指标,,,0,CHEMBL1777741,2011,LITERATURE,Activation of His-tagged recombinant glucokinase expressed in Escherichia coli using [14C]-glucose substrate by spectrophotometrically
CHEMBL1778366,,CHEMBL1781588,6208595,EC50,=,40,nM,7.4,potency,concentration,40.0,7.4,EC50 为标准化浓度型效力指标,,,0,CHEMBL1777741,2011,LITERATURE,Activation of His-tagged recombinant glucokinase expressed in Escherichia coli using [14C]-glucose substrate by spectrophotometrically
CHEMBL1778367,,CHEMBL1781588,6208598,EC50,=,60,nM,7.22,potency,concentration,60.0,7.22,EC50 为标准化浓度型效力指标,,,0,CHEMBL1777741,2011,LITERATURE,Activation of His-tagged recombinant glucokinase expressed in Escherichia coli using [14C]-glucose substrate by spectrophotometrically
CHEMBL1778368,,CHEMBL1781588,6208601,EC50,=,110,nM,6.96,potency,concentration,110.0,6.96,EC50 为标准化浓度型效力指标,,,0,CHEMBL1777741,2011,LITERATURE,Activation of His-tagged recombinant glucokinase expressed in Escherichia coli using [14C]-glucose substrate by spectrophotometrically
CHEMBL1778369,,CHEMBL1781588,6208604,EC50,=,100,nM,7,potency,concentration,100.0,7.0,EC50 为标准化浓度型效力指标,,,0,CHEMBL1777741,2011,LITERATURE,Activation of His-tagged recombinant glucokinase expressed in Escherichia coli using [14C]-glucose substrate by spectrophotometrically
CHEMBL1778370,,CHEMBL1781588,6208607,EC50,=,180,nM,6.75,potency,concentration,180.0,6.75,EC50 为标准化浓度型效力指标,,,0,CHEMBL1777741,2011,LITERATURE,Activation of His-tagged recombinant glucokinase expressed in Escherichia coli using [14C]-glucose substrate by spectrophotometrically
CHEMBL1778371,,CHEMBL1781588,6208610,EC50,=,400,nM,6.4,potency,concentration,400.0,6.4,EC50 为标准化浓度型效力指标,,,0,CHEMBL1777741,2011,LITERATURE,Activation of His-tagged recombinant glucokinase expressed in Escherichia coli using [14C]-glucose substrate by spectrophotometrically
CHEMBL1778372,,CHEMBL1781588,6208612,EC50,=,60,nM,7.22,potency,concentration,60.0,7.22,EC50 为标准化浓度型效力指标,,,0,CHEMBL1777741,2011,LITERATURE,Activation of His-tagged recombinant glucokinase expressed in Escherichia coli using [14C]-glucose substrate by spectrophotometrically
CHEMBL1778372,,CHEMBL3224178,14526068,EC50,=,60,nM,7.22,potency,concentration,60.0,7.22,EC50 为标准化浓度型效力指标,,,1,CHEMBL3217479,2011,LITERATURE,Activation of glucokinase (unknown origin)
CHEMBL1778373,,CHEMBL1781588,6208626,EC50,=,90,nM,7.05,potency,concentration,90.0,7.05,EC50 为标准化浓度型效力指标,,,0,CHEMBL1777741,2011,LITERATURE,Activation of His-tagged recombinant glucokinase expressed in Escherichia coli using [14C]-glucose substrate by spectrophotometrically
CHEMBL1778373,,CHEMBL3224178,14526066,EC50,=,90,nM,7.05,potency,concentration,90.0,7.05,EC50 为标准化浓度型效力指标,,,1,CHEMBL3217479,2011,LITERATURE,Activation of glucokinase (unknown origin)
CHEMBL1783727,,CHEMBL1788085,6224308,EC50,=,510,nM,6.29,potency,concentration,510.0,6.29,EC50 为标准化浓度型效力指标,6.5,,0,CHEMBL1782019,2009,LITERATURE,Activation of human recombinant glucokinase using 6.5 mM glucose by spectrophotometry
CHEMBL1783727,,CHEMBL1788086,6224264,Emax,=,37,%,,efficacy,percent,,,Emax 为激活幅度指标，按该 assay 内值域（max=148.0）判为 percent 尺度,6.5,,0,CHEMBL1782019,2009,LITERATURE,Activation of human recombinant glucokinase using 6.5 mM glucose by spectrophotometry relative to control
CHEMBL1783734,PIRAGLIATIN,CHEMBL1788085,6224320,EC50,=,1420,nM,5.85,potency,concentration,1420.0,5.85,EC50 为标准化浓度型效力指标,6.5,,0,CHEMBL1782019,2009,LITERATURE,Activation of human recombinant glucokinase using 6.5 mM glucose by spectrophotometry
CHEMBL1783734,PIRAGLIATIN,CHEMBL1788086,6224292,Emax,=,148,%,,efficacy,percent,,,Emax 为激活幅度指标，按该 assay 内值域（max=148.0）判为 percent 尺度,6.5,,0,CHEMBL1782019,2009,LITERATURE,Activation of human recombinant glucokinase using 6.5 mM glucose by spectrophotometry relative to control
CHEMBL1783734,PIRAGLIATIN,CHEMBL2167261,12086832,Activity,,,,,unclassified,,,,Activity 为自由文本指标（无官方标准化规则），assay 描述未命中提升门槛，不跨实验汇总,,Dose-dependent effect,0,CHEMBL2163188,2012,LITERATURE,Activation of human recombinant glucokinase
CHEMBL1783734,PIRAGLIATIN,CHEMBL2167270,12087480,Activity,=,0.18,uM,,unclassified,,,,Activity 为自由文本指标（无官方标准化规则），assay 描述未命中提升门槛，不跨实验汇总,,,0,CHEMBL2163188,2012,LITERATURE,Activation of human recombinant glucokinase assessed as concentration required for 1.5 fold increase in enzymatic activity
CHEMBL1783734,PIRAGLIATIN,CHEMBL2168355,12086760,Activity,,,,,unclassified,,,,Activity 为自由文本指标（无官方标准化规则），assay 描述未命中提升门槛，不跨实验汇总,,,0,CHEMBL2163188,2012,LITERATURE,Activity at human recombinant glucokinase assessed as increase in Vmax at 1 uM
CHEMBL1783734,PIRAGLIATIN,CHEMBL3223666,14533403,EC50,=,364,nM,6.44,potency,concentration,364.0,6.44,EC50 为标准化浓度型效力指标,,,0,CHEMBL3217627,2011,LITERATURE,Activation of recombinant human glucokinase assessed as formation of glucose-6-phosphate by G6PDH/NADP coupled assay
CHEMBL1783734,PIRAGLIATIN,CHEMBL3583541,15619458,EC50,=,364,nM,6.44,potency,concentration,364.0,6.44,EC50 为标准化浓度型效力指标,,,1,CHEMBL3580608,2014,LITERATURE,Activation of recombinant human glucokinase assessed as formation of glucose-6-phosphate by G6PDH/NADP coupled assay
CHEMBL1783734,PIRAGLIATIN,CHEMBL3768919,16478963,EC50,=,6320,nM,5.2,potency,concentration,6320.0,5.2,EC50 为标准化浓度型效力指标,,,0,CHEMBL3763030,2016,LITERATURE,Activation of recombinant human glucokinase assessed as NADPH formation using glucose as substrate incubated for 30 mins in presence of NADP+ and glucose 6-phosphate dehydrogenase
CHEMBL1783734,PIRAGLIATIN,CHEMBL3768920,16478920,Emax,=,716.4,%,,efficacy,percent,,,Emax 为激活幅度指标，按该 assay 内值域（max=716.4）判为 percent 尺度,,,0,CHEMBL3763030,2016,LITERATURE,Activation of recombinant human glucokinase assessed as NADPH formation using glucose as substrate incubated for 30 mins in presence of NADP+ and glucose 6-phosphate dehydrogenase relative to control
CHEMBL1783734,PIRAGLIATIN,CHEMBL4428666,19429513,Activity,=,90,%,,unclassified,,,,Activity 为自由文本指标（无官方标准化规则），assay 描述未命中提升门槛，不跨实验汇总,,,0,CHEMBL4428044,2016,LITERATURE,Activation of human pancreatic N-terminal His6-tagged glucokinase isoform 1 expressed in Escherichia coli BL21(DE3) assessed as conversion of glucose to glucose-6-phosphate by G6PDH/NADP-coupled enzyme assay
CHEMBL1783735,,CHEMBL1788085,6224312,EC50,=,620,nM,6.21,potency,concentration,620.0,6.21,EC50 为标准化浓度型效力指标,6.5,,0,CHEMBL1782019,2009,LITERATURE,Activation of human recombinant glucokinase using 6.5 mM glucose by spectrophotometry
CHEMBL1783735,,CHEMBL1788086,6224288,Emax,=,108,%,,efficacy,percent,,,Emax 为激活幅度指标，按该 assay 内值域（max=148.0）判为 percent 尺度,6.5,,0,CHEMBL1782019,2009,LITERATURE,Activation of human recombinant glucokinase using 6.5 mM glucose by spectrophotometry relative to control
CHEMBL1783735,,CHEMBL3223666,14533406,EC50,=,66,nM,7.18,potency,concentration,66.0,7.18,EC50 为标准化浓度型效力指标,,,0,CHEMBL3217627,2011,LITERATURE,Activation of recombinant human glucokinase assessed as formation of glucose-6-phosphate by G6PDH/NADP coupled assay
CHEMBL1783736,,CHEMBL1788085,6224309,EC50,=,560,nM,6.25,potency,concentration,560.0,6.25,EC50 为标准化浓度型效力指标,6.5,,0,CHEMBL1782019,2009,LITERATURE,Activation of human recombinant glucokinase using 6.5 mM glucose by spectrophotometry
CHEMBL1783736,,CHEMBL1788086,6224272,Emax,=,58,%,,efficacy,percent,,,Emax 为激活幅度指标，按该 assay 内值域（max=148.0）判为 percent 尺度,6.5,,0,CHEMBL1782019,2009,LITERATURE,Activation of human recombinant glucokinase using 6.5 mM glucose by spectrophotometry relative to control
CHEMBL1783737,,CHEMBL1788085,6224306,EC50,=,500,nM,6.3,potency,concentration,500.0,6.3,EC50 为标准化浓度型效力指标,6.5,,0,CHEMBL1782019,2009,LITERATURE,Activation of human recombinant glucokinase using 6.5 mM glucose by spectrophotometry
CHEMBL1783737,,CHEMBL1788086,6224278,Emax,=,73,%,,efficacy,percent,,,Emax 为激活幅度指标，按该 assay 内值域（max=148.0）判为 percent 尺度,6.5,,0,CHEMBL1782019,2009,LITERATURE,Activation of human recombinant glucokinase using 6.5 mM glucose by spectrophotometry relative to control
CHEMBL1783738,,CHEMBL1788085,6224300,EC50,=,230,nM,6.64,potency,concentration,230.0,6.64,EC50 为标准化浓度型效力指标,6.5,,0,CHEMBL1782019,2009,LITERATURE,Activation of human recombinant glucokinase using 6.5 mM glucose by spectrophotometry
CHEMBL1783738,,CHEMBL1788086,6224273,Emax,=,65,%,,efficacy,percent,,,Emax 为激活幅度指标，按该 assay 内值域（max=148.0）判为 percent 尺度,6.5,,0,CHEMBL1782019,2009,LITERATURE,Activation of human recombinant glucokinase using 6.5 mM glucose by spectrophotometry relative to control
CHEMBL1783739,,CHEMBL1788085,6224294,EC50,=,110,nM,6.96,potency,concentration,110.0,6.96,EC50 为标准化浓度型效力指标,6.5,,0,CHEMBL1782019,2009,LITERATURE,Activation of human recombinant glucokinase using 6.5 mM glucose by spectrophotometry
CHEMBL1783739,,CHEMBL1788086,6224280,Emax,=,76,%,,efficacy,percent,,,Emax 为激活幅度指标，按该 assay 内值域（max=148.0）判为 percent 尺度,6.5,,0,CHEMBL1782019,2009,LITERATURE,Activation of human recombinant glucokinase using 6.5 mM glucose by spectrophotometry relative to control
CHEMBL1783740,,CHEMBL1788085,6224293,EC50,=,60,nM,7.22,potency,concentration,60.0,7.22,EC50 为标准化浓度型效力指标,6.5,,0,CHEMBL1782019,2009,LITERATURE,Activation of human recombinant glucokinase using 6.5 mM glucose by spectrophotometry
CHEMBL1783740,,CHEMBL1788086,6224276,Emax,=,67,%,,efficacy,percent,,,Emax 为激活幅度指标，按该 assay 内值域（max=148.0）判为 percent 尺度,6.5,,0,CHEMBL1782019,2009,LITERATURE,Activation of human recombinant glucokinase using 6.5 mM glucose by spectrophotometry relative to control
CHEMBL1783741,,CHEMBL1788085,6224307,EC50,=,480,nM,6.32,potency,concentration,480.0,6.32,EC50 为标准化浓度型效力指标,6.5,,0,CHEMBL1782019,2009,LITERATURE,Activation of human recombinant glucokinase using 6.5 mM glucose by spectrophotometry
CHEMBL1783741,,CHEMBL1788086,6224290,Emax,=,122,%,,efficacy,percent,,,Emax 为激活幅度指标，按该 assay 内值域（max=148.0）判为 percent 尺度,6.5,,0,CHEMBL1782019,2009,LITERATURE,Activation of human recombinant glucokinase using 6.5 mM glucose by spectrophotometry relative to control
CHEMBL1783742,,CHEMBL1788085,6224305,EC50,=,440,nM,6.36,potency,concentration,440.0,6.36,EC50 为标准化浓度型效力指标,6.5,,0,CHEMBL1782019,2009,LITERATURE,Activation of human recombinant glucokinase using 6.5 mM glucose by spectrophotometry
CHEMBL1783742,,CHEMBL1788086,6224287,Emax,=,103,%,,efficacy,percent,,,Emax 为激活幅度指标，按该 assay 内值域（max=148.0）判为 percent 尺度,6.5,,0,CHEMBL1782019,2009,LITERATURE,Activation of human recombinant glucokinase using 6.5 mM glucose by spectrophotometry relative to control
CHEMBL1783743,,CHEMBL1788085,6224302,EC50,=,260,nM,6.58,potency,concentration,260.0,6.58,EC50 为标准化浓度型效力指标,6.5,,0,CHEMBL1782019,2009,LITERATURE,Activation of human recombinant glucokinase using 6.5 mM glucose by spectrophotometry
CHEMBL1783743,,CHEMBL1788086,6224277,Emax,=,69,%,,efficacy,percent,,,Emax 为激活幅度指标，按该 assay 内值域（max=148.0）判为 percent 尺度,6.5,,0,CHEMBL1782019,2009,LITERATURE,Activation of human recombinant glucokinase using 6.5 mM glucose by spectrophotometry relative to control
CHEMBL1783744,,CHEMBL1788085,6224297,EC50,=,160,nM,6.8,potency,concentration,160.0,6.8,EC50 为标准化浓度型效力指标,6.5,,0,CHEMBL1782019,2009,LITERATURE,Activation of human recombinant glucokinase using 6.5 mM glucose by spectrophotometry
CHEMBL1783744,,CHEMBL1788086,6224268,Emax,=,48,%,,efficacy,percent,,,Emax 为激活幅度指标，按该 assay 内值域（max=148.0）判为 percent 尺度,6.5,,0,CHEMBL1782019,2009,LITERATURE,Activation of human recombinant glucokinase using 6.5 mM glucose by spectrophotometry relative to control
CHEMBL1783745,,CHEMBL1788085,6224295,EC50,=,70,nM,7.16,potency,concentration,70.0,7.16,EC50 为标准化浓度型效力指标,6.5,,0,CHEMBL1782019,2009,LITERATURE,Activation of human recombinant glucokinase using 6.5 mM glucose by spectrophotometry
CHEMBL1783745,,CHEMBL1788086,6224271,Emax,=,57,%,,efficacy,percent,,,Emax 为激活幅度指标，按该 assay 内值域（max=148.0）判为 percent 尺度,6.5,,0,CHEMBL1782019,2009,LITERATURE,Activation of human recombinant glucokinase using 6.5 mM glucose by spectrophotometry relative to control
CHEMBL1783746,,CHEMBL1788085,6224313,EC50,=,670,nM,6.17,potency,concentration,670.0,6.17,EC50 为标准化浓度型效力指标,6.5,,0,CHEMBL1782019,2009,LITERATURE,Activation of human recombinant glucokinase using 6.5 mM glucose by spectrophotometry
CHEMBL1783746,,CHEMBL1788086,6224279,Emax,=,72,%,,efficacy,percent,,,Emax 为激活幅度指标，按该 assay 内值域（max=148.0）判为 percent 尺度,6.5,,0,CHEMBL1782019,2009,LITERATURE,Activation of human recombinant glucokinase using 6.5 mM glucose by spectrophotometry relative to control
CHEMBL1783747,,CHEMBL1788085,6224301,EC50,=,240,nM,6.62,potency,concentration,240.0,6.62,EC50 为标准化浓度型效力指标,6.5,,0,CHEMBL1782019,2009,LITERATURE,Activation of human recombinant glucokinase using 6.5 mM glucose by spectrophotometry
CHEMBL1783747,,CHEMBL1788086,6224267,Emax,=,46,%,,efficacy,percent,,,Emax 为激活幅度指标，按该 assay 内值域（max=148.0）判为 percent 尺度,6.5,,0,CHEMBL1782019,2009,LITERATURE,Activation of human recombinant glucokinase using 6.5 mM glucose by spectrophotometry relative to control
CHEMBL1783748,,CHEMBL1788085,6224298,EC50,=,160,nM,6.8,potency,concentration,160.0,6.8,EC50 为标准化浓度型效力指标,6.5,,0,CHEMBL1782019,2009,LITERATURE,Activation of human recombinant glucokinase using 6.5 mM glucose by spectrophotometry
CHEMBL1783748,,CHEMBL1788086,6224258,Emax,=,15,%,,efficacy,percent,,,Emax 为激活幅度指标，按该 assay 内值域（max=148.0）判为 percent 尺度,6.5,,0,CHEMBL1782019,2009,LITERATURE,Activation of human recombinant glucokinase using 6.5 mM glucose by spectrophotometry relative to control
CHEMBL1783749,,CHEMBL1788085,6224321,EC50,=,1500,nM,5.82,potency,concentration,1500.0,5.82,EC50 为标准化浓度型效力指标,6.5,,0,CHEMBL1782019,2009,LITERATURE,Activation of human recombinant glucokinase using 6.5 mM glucose by spectrophotometry
CHEMBL1783749,,CHEMBL1788086,6224261,Emax,=,26,%,,efficacy,percent,,,Emax 为激活幅度指标，按该 assay 内值域（max=148.0）判为 percent 尺度,6.5,,0,CHEMBL1782019,2009,LITERATURE,Activation of human recombinant glucokinase using 6.5 mM glucose by spectrophotometry relative to control
CHEMBL1783750,,CHEMBL1788085,6224323,EC50,=,3300,nM,5.48,potency,concentration,3300.0,5.48,EC50 为标准化浓度型效力指标,6.5,,0,CHEMBL1782019,2009,LITERATURE,Activation of human recombinant glucokinase using 6.5 mM glucose by spectrophotometry
CHEMBL1783750,,CHEMBL1788086,6224262,Emax,=,30,%,,efficacy,percent,,,Emax 为激活幅度指标，按该 assay 内值域（max=148.0）判为 percent 尺度,6.5,,0,CHEMBL1782019,2009,LITERATURE,Activation of human recombinant glucokinase using 6.5 mM glucose by spectrophotometry relative to control
CHEMBL1783751,,CHEMBL1788085,6224311,EC50,=,600,nM,6.22,potency,concentration,600.0,6.22,EC50 为标准化浓度型效力指标,6.5,,0,CHEMBL1782019,2009,LITERATURE,Activation of human recombinant glucokinase using 6.5 mM glucose by spectrophotometry
CHEMBL1783751,,CHEMBL1788086,6224265,Emax,=,43,%,,efficacy,percent,,,Emax 为激活幅度指标，按该 assay 内值域（max=148.0）判为 percent 尺度,6.5,,0,CHEMBL1782019,2009,LITERATURE,Activation of human recombinant glucokinase using 6.5 mM glucose by spectrophotometry relative to control
CHEMBL1783752,,CHEMBL1788085,6224304,EC50,=,330,nM,6.48,potency,concentration,330.0,6.48,EC50 为标准化浓度型效力指标,6.5,,0,CHEMBL1782019,2009,LITERATURE,Activation of human recombinant glucokinase using 6.5 mM glucose by spectrophotometry
CHEMBL1783752,,CHEMBL1788086,6224263,Emax,=,35,%,,efficacy,percent,,,Emax 为激活幅度指标，按该 assay 内值域（max=148.0）判为 percent 尺度,6.5,,0,CHEMBL1782019,2009,LITERATURE,Activation of human recombinant glucokinase using 6.5 mM glucose by spectrophotometry relative to control
CHEMBL1783753,,CHEMBL1788085,6224296,EC50,=,140,nM,6.85,potency,concentration,140.0,6.85,EC50 为标准化浓度型效力指标,6.5,,0,CHEMBL1782019,2009,LITERATURE,Activation of human recombinant glucokinase using 6.5 mM glucose by spectrophotometry
CHEMBL1783753,,CHEMBL1788086,6224281,Emax,=,82,%,,efficacy,percent,,,Emax 为激活幅度指标，按该 assay 内值域（max=148.0）判为 percent 尺度,6.5,,0,CHEMBL1782019,2009,LITERATURE,Activation of human recombinant glucokinase using 6.5 mM glucose by spectrophotometry relative to control
CHEMBL1783754,,CHEMBL1788085,6224318,EC50,=,1300,nM,5.89,potency,concentration,1300.0,5.89,EC50 为标准化浓度型效力指标,6.5,,0,CHEMBL1782019,2009,LITERATURE,Activation of human recombinant glucokinase using 6.5 mM glucose by spectrophotometry
CHEMBL1783754,,CHEMBL1788086,6224284,Emax,=,94,%,,efficacy,percent,,,Emax 为激活幅度指标，按该 assay 内值域（max=148.0）判为 percent 尺度,6.5,,0,CHEMBL1782019,2009,LITERATURE,Activation of human recombinant glucokinase using 6.5 mM glucose by spectrophotometry relative to control
CHEMBL1783755,,CHEMBL1788085,6224310,EC50,=,590,nM,6.23,potency,concentration,590.0,6.23,EC50 为标准化浓度型效力指标,6.5,,0,CHEMBL1782019,2009,LITERATURE,Activation of human recombinant glucokinase using 6.5 mM glucose by spectrophotometry
CHEMBL1783755,,CHEMBL1788086,6224274,Emax,=,66,%,,efficacy,percent,,,Emax 为激活幅度指标，按该 assay 内值域（max=148.0）判为 percent 尺度,6.5,,0,CHEMBL1782019,2009,LITERATURE,Activation of human recombinant glucokinase using 6.5 mM glucose by spectrophotometry relative to control
CHEMBL1783756,,CHEMBL1788085,6224315,EC50,=,700,nM,6.16,potency,concentration,700.0,6.16,EC50 为标准化浓度型效力指标,6.5,,0,CHEMBL1782019,2009,LITERATURE,Activation of human recombinant glucokinase using 6.5 mM glucose by spectrophotometry
CHEMBL1783756,,CHEMBL1788086,6224289,Emax,=,104,%,,efficacy,percent,,,Emax 为激活幅度指标，按该 assay 内值域（max=148.0）判为 percent 尺度,6.5,,0,CHEMBL1782019,2009,LITERATURE,Activation of human recombinant glucokinase using 6.5 mM glucose by spectrophotometry relative to control
CHEMBL1783757,,CHEMBL1788085,6224316,EC50,=,720,nM,6.14,potency,concentration,720.0,6.14,EC50 为标准化浓度型效力指标,6.5,,0,CHEMBL1782019,2009,LITERATURE,Activation of human recombinant glucokinase using 6.5 mM glucose by spectrophotometry
CHEMBL1783757,,CHEMBL1788086,6224269,Emax,=,50,%,,efficacy,percent,,,Emax 为激活幅度指标，按该 assay 内值域（max=148.0）判为 percent 尺度,6.5,,0,CHEMBL1782019,2009,LITERATURE,Activation of human recombinant glucokinase using 6.5 mM glucose by spectrophotometry relative to control
CHEMBL1783758,,CHEMBL1788085,6224317,EC50,=,910,nM,6.04,potency,concentration,910.0,6.04,EC50 为标准化浓度型效力指标,6.5,,0,CHEMBL1782019,2009,LITERATURE,Activation of human recombinant glucokinase using 6.5 mM glucose by spectrophotometry
CHEMBL1783758,,CHEMBL1788086,6224270,Emax,=,57,%,,efficacy,percent,,,Emax 为激活幅度指标，按该 assay 内值域（max=148.0）判为 percent 尺度,6.5,,0,CHEMBL1782019,2009,LITERATURE,Activation of human recombinant glucokinase using 6.5 mM glucose by spectrophotometry relative to control
CHEMBL1783759,,CHEMBL1788085,6224322,EC50,=,1500,nM,5.82,potency,concentration,1500.0,5.82,EC50 为标准化浓度型效力指标,6.5,,0,CHEMBL1782019,2009,LITERATURE,Activation of human recombinant glucokinase using 6.5 mM glucose by spectrophotometry
CHEMBL1783759,,CHEMBL1788086,6224283,Emax,=,84,%,,efficacy,percent,,,Emax 为激活幅度指标，按该 assay 内值域（max=148.0）判为 percent 尺度,6.5,,0,CHEMBL1782019,2009,LITERATURE,Activation of human recombinant glucokinase using 6.5 mM glucose by spectrophotometry relative to control
CHEMBL1783760,,CHEMBL1788085,6224303,EC50,=,260,nM,6.58,potency,concentration,260.0,6.58,EC50 为标准化浓度型效力指标,6.5,,0,CHEMBL1782019,2009,LITERATURE,Activation of human recombinant glucokinase using 6.5 mM glucose by spectrophotometry
CHEMBL1783760,,CHEMBL1788086,6224275,Emax,=,67,%,,efficacy,percent,,,Emax 为激活幅度指标，按该 assay 内值域（max=148.0）判为 percent 尺度,6.5,,0,CHEMBL1782019,2009,LITERATURE,Activation of human recombinant glucokinase using 6.5 mM glucose by spectrophotometry relative to control
CHEMBL1783761,,CHEMBL1788085,6224319,EC50,=,1300,nM,5.89,potency,concentration,1300.0,5.89,EC50 为标准化浓度型效力指标,6.5,,0,CHEMBL1782019,2009,LITERATURE,Activation of human recombinant glucokinase using 6.5 mM glucose by spectrophotometry
CHEMBL1783761,,CHEMBL1788086,6224266,Emax,=,42,%,,efficacy,percent,,,Emax 为激活幅度指标，按该 assay 内值域（max=148.0）判为 percent 尺度,6.5,,0,CHEMBL1782019,2009,LITERATURE,Activation of human recombinant glucokinase using 6.5 mM glucose by spectrophotometry relative to control
CHEMBL1821729,,CHEMBL1825590,6351472,Ratio,=,3.17,,,efficacy,fold,,,自由文本指标 Ratio 受限提升为效能(fold)，描述命中：「ratio of enzyme activation in treated to untreated control」,5,,0,CHEMBL1821720,2011,LITERATURE,Activation of human recombinant glucokinase expressed in Escherichia coli coexpressing G6PDH at 10 uM using 5 mM glucose measured as ratio of enzyme activation in treated to untreated control by G6PDH coupled continuous spectrophotometric assay
CHEMBL1821729,,CHEMBL1825591,6351538,Ratio,=,0.554,,,efficacy,fold,,,自由文本指标 Ratio 受限提升为效能(fold)，描述命中：「ratio of enzyme activation in compound treated」,5,,0,CHEMBL1821720,2011,LITERATURE,Activation of human recombinant glucokinase expressed in Escherichia coli coexpressing G6PDH at 10 uM using 5 mM glucose measured as ratio of enzyme activation in compound treated to Ro-28-1675 by G6PDH coupled continuous spectrophotometric assay
CHEMBL1821729,,CHEMBL1825592,6351604,Ratio,=,1.49,,,efficacy,fold,,,自由文本指标 Ratio 受限提升为效能(fold)，描述命中：「ratio of enzyme activation in treated to untreated control」,20,,0,CHEMBL1821720,2011,LITERATURE,Activation of human recombinant glucokinase expressed in Escherichia coli coexpressing G6PDH at 10 uM using 20 mM glucose measured as ratio of enzyme activation in treated to untreated control by G6PDH coupled continuous spectrophotometric assay
CHEMBL1821729,,CHEMBL1825593,6352539,Ratio,=,0.392,,,efficacy,fold,,,自由文本指标 Ratio 受限提升为效能(fold)，描述命中：「ratio of enzyme activation in compound treated」,5,,0,CHEMBL1821720,2011,LITERATURE,Activation of human recombinant glucokinase expressed in Escherichia coli coexpressing G6PDH at 10 uM using 5 mM glucose measured as ratio of enzyme activation in compound treated to Ro-28-1675 by G6PDH coupled continuous spectrophotometric assay
CHEMBL1821731,,CHEMBL1825590,6351506,Ratio,=,1.04,,,efficacy,fold,,,自由文本指标 Ratio 受限提升为效能(fold)，描述命中：「ratio of enzyme activation in treated to untreated control」,5,,0,CHEMBL1821720,2011,LITERATURE,Activation of human recombinant glucokinase expressed in Escherichia coli coexpressing G6PDH at 10 uM using 5 mM glucose measured as ratio of enzyme activation in treated to untreated control by G6PDH coupled continuous spectrophotometric assay
CHEMBL1821731,,CHEMBL1825591,6351572,Ratio,=,0.01,,,efficacy,fold,,,自由文本指标 Ratio 受限提升为效能(fold)，描述命中：「ratio of enzyme activation in compound treated」,5,,0,CHEMBL1821720,2011,LITERATURE,Activation of human recombinant glucokinase expressed in Escherichia coli coexpressing G6PDH at 10 uM using 5 mM glucose measured as ratio of enzyme activation in compound treated to Ro-28-1675 by G6PDH coupled continuous spectrophotometric assay
CHEMBL1821731,,CHEMBL1825592,6352507,Ratio,=,0.89,,,efficacy,fold,,,自由文本指标 Ratio 受限提升为效能(fold)，描述命中：「ratio of enzyme activation in treated to untreated control」,20,,0,CHEMBL1821720,2011,LITERATURE,Activation of human recombinant glucokinase expressed in Escherichia coli coexpressing G6PDH at 10 uM using 20 mM glucose measured as ratio of enzyme activation in treated to untreated control by G6PDH coupled continuous spectrophotometric assay
CHEMBL1821731,,CHEMBL1825593,6352573,Ratio,=,-0.066,,,efficacy,fold,,,自由文本指标 Ratio 受限提升为效能(fold)，描述命中：「ratio of enzyme activation in compound treated」,5,,0,CHEMBL1821720,2011,LITERATURE,Activation of human recombinant glucokinase expressed in Escherichia coli coexpressing G6PDH at 10 uM using 5 mM glucose measured as ratio of enzyme activation in compound treated to Ro-28-1675 by G6PDH coupled continuous spectrophotometric assay
CHEMBL1821902,,CHEMBL1825590,6351448,Ratio,=,1.35,,,efficacy,fold,,,自由文本指标 Ratio 受限提升为效能(fold)，描述命中：「ratio of enzyme activation in treated to untreated control」,5,,0,CHEMBL1821720,2011,LITERATURE,Activation of human recombinant glucokinase expressed in Escherichia coli coexpressing G6PDH at 10 uM using 5 mM glucose measured as ratio of enzyme activation in treated to untreated control by G6PDH coupled continuous spectrophotometric assay
CHEMBL1821902,,CHEMBL1825591,6351514,Ratio,=,0.049,,,efficacy,fold,,,自由文本指标 Ratio 受限提升为效能(fold)，描述命中：「ratio of enzyme activation in compound treated」,5,,0,CHEMBL1821720,2011,LITERATURE,Activation of human recombinant glucokinase expressed in Escherichia coli coexpressing G6PDH at 10 uM using 5 mM glucose measured as ratio of enzyme activation in compound treated to Ro-28-1675 by G6PDH coupled continuous spectrophotometric assay
CHEMBL1821902,,CHEMBL1825592,6351580,Ratio,=,1.06,,,efficacy,fold,,,自由文本指标 Ratio 受限提升为效能(fold)，描述命中：「ratio of enzyme activation in treated to untreated control」,20,,0,CHEMBL1821720,2011,LITERATURE,Activation of human recombinant glucokinase expressed in Escherichia coli coexpressing G6PDH at 10 uM using 20 mM glucose measured as ratio of enzyme activation in treated to untreated control by G6PDH coupled continuous spectrophotometric assay
CHEMBL1821902,,CHEMBL1825593,6352515,Ratio,=,0.029,,,efficacy,fold,,,自由文本指标 Ratio 受限提升为效能(fold)，描述命中：「ratio of enzyme activation in compound treated」,5,,0,CHEMBL1821720,2011,LITERATURE,Activation of human recombinant glucokinase expressed in Escherichia coli coexpressing G6PDH at 10 uM using 5 mM glucose measured as ratio of enzyme activation in compound treated to Ro-28-1675 by G6PDH coupled continuous spectrophotometric assay
CHEMBL1821903,,CHEMBL1825590,6351449,Ratio,=,1.6,,,efficacy,fold,,,自由文本指标 Ratio 受限提升为效能(fold)，描述命中：「ratio of enzyme activation in treated to untreated control」,5,,0,CHEMBL1821720,2011,LITERATURE,Activation of human recombinant glucokinase expressed in Escherichia coli coexpressing G6PDH at 10 uM using 5 mM glucose measured as ratio of enzyme activation in treated to untreated control by G6PDH coupled continuous spectrophotometric assay
CHEMBL1821903,,CHEMBL1825591,6351515,Ratio,=,0.087,,,efficacy,fold,,,自由文本指标 Ratio 受限提升为效能(fold)，描述命中：「ratio of enzyme activation in compound treated」,5,,0,CHEMBL1821720,2011,LITERATURE,Activation of human recombinant glucokinase expressed in Escherichia coli coexpressing G6PDH at 10 uM using 5 mM glucose measured as ratio of enzyme activation in compound treated to Ro-28-1675 by G6PDH coupled continuous spectrophotometric assay
CHEMBL1821903,,CHEMBL1825592,6351581,Ratio,=,1.02,,,efficacy,fold,,,自由文本指标 Ratio 受限提升为效能(fold)，描述命中：「ratio of enzyme activation in treated to untreated control」,20,,0,CHEMBL1821720,2011,LITERATURE,Activation of human recombinant glucokinase expressed in Escherichia coli coexpressing G6PDH at 10 uM using 20 mM glucose measured as ratio of enzyme activation in treated to untreated control by G6PDH coupled continuous spectrophotometric assay
CHEMBL1821903,,CHEMBL1825593,6352516,Ratio,=,-0.051,,,efficacy,fold,,,自由文本指标 Ratio 受限提升为效能(fold)，描述命中：「ratio of enzyme activation in compound treated」,5,,0,CHEMBL1821720,2011,LITERATURE,Activation of human recombinant glucokinase expressed in Escherichia coli coexpressing G6PDH at 10 uM using 5 mM glucose measured as ratio of enzyme activation in compound treated to Ro-28-1675 by G6PDH coupled continuous spectrophotometric assay
CHEMBL1821904,,CHEMBL1825590,6351451,Ratio,=,1.99,,,efficacy,fold,,,自由文本指标 Ratio 受限提升为效能(fold)，描述命中：「ratio of enzyme activation in treated to untreated control」,5,,0,CHEMBL1821720,2011,LITERATURE,Activation of human recombinant glucokinase expressed in Escherichia coli coexpressing G6PDH at 10 uM using 5 mM glucose measured as ratio of enzyme activation in treated to untreated control by G6PDH coupled continuous spectrophotometric assay
CHEMBL1821904,,CHEMBL1825591,6351517,Ratio,=,0.215,,,efficacy,fold,,,自由文本指标 Ratio 受限提升为效能(fold)，描述命中：「ratio of enzyme activation in compound treated」,5,,0,CHEMBL1821720,2011,LITERATURE,Activation of human recombinant glucokinase expressed in Escherichia coli coexpressing G6PDH at 10 uM using 5 mM glucose measured as ratio of enzyme activation in compound treated to Ro-28-1675 by G6PDH coupled continuous spectrophotometric assay
CHEMBL1821904,,CHEMBL1825592,6351583,Ratio,=,1.14,,,efficacy,fold,,,自由文本指标 Ratio 受限提升为效能(fold)，描述命中：「ratio of enzyme activation in treated to untreated control」,20,,0,CHEMBL1821720,2011,LITERATURE,Activation of human recombinant glucokinase expressed in Escherichia coli coexpressing G6PDH at 10 uM using 20 mM glucose measured as ratio of enzyme activation in treated to untreated control by G6PDH coupled continuous spectrophotometric assay
CHEMBL1821904,,CHEMBL1825593,6352518,Ratio,=,0.072,,,efficacy,fold,,,自由文本指标 Ratio 受限提升为效能(fold)，描述命中：「ratio of enzyme activation in compound treated」,5,,0,CHEMBL1821720,2011,LITERATURE,Activation of human recombinant glucokinase expressed in Escherichia coli coexpressing G6PDH at 10 uM using 5 mM glucose measured as ratio of enzyme activation in compound treated to Ro-28-1675 by G6PDH coupled continuous spectrophotometric assay
CHEMBL1821905,,CHEMBL1825590,6351452,Ratio,=,1.09,,,efficacy,fold,,,自由文本指标 Ratio 受限提升为效能(fold)，描述命中：「ratio of enzyme activation in treated to untreated control」,5,,0,CHEMBL1821720,2011,LITERATURE,Activation of human recombinant glucokinase expressed in Escherichia coli coexpressing G6PDH at 10 uM using 5 mM glucose measured as ratio of enzyme activation in treated to untreated control by G6PDH coupled continuous spectrophotometric assay
CHEMBL1821905,,CHEMBL1825591,6351518,Ratio,=,0.022,,,efficacy,fold,,,自由文本指标 Ratio 受限提升为效能(fold)，描述命中：「ratio of enzyme activation in compound treated」,5,,0,CHEMBL1821720,2011,LITERATURE,Activation of human recombinant glucokinase expressed in Escherichia coli coexpressing G6PDH at 10 uM using 5 mM glucose measured as ratio of enzyme activation in compound treated to Ro-28-1675 by G6PDH coupled continuous spectrophotometric assay
CHEMBL1821905,,CHEMBL1825592,6351584,Ratio,=,0.96,,,efficacy,fold,,,自由文本指标 Ratio 受限提升为效能(fold)，描述命中：「ratio of enzyme activation in treated to untreated control」,20,,0,CHEMBL1821720,2011,LITERATURE,Activation of human recombinant glucokinase expressed in Escherichia coli coexpressing G6PDH at 10 uM using 20 mM glucose measured as ratio of enzyme activation in treated to untreated control by G6PDH coupled continuous spectrophotometric assay
CHEMBL1821905,,CHEMBL1825593,6352519,Ratio,=,-0.022,,,efficacy,fold,,,自由文本指标 Ratio 受限提升为效能(fold)，描述命中：「ratio of enzyme activation in compound treated」,5,,0,CHEMBL1821720,2011,LITERATURE,Activation of human recombinant glucokinase expressed in Escherichia coli coexpressing G6PDH at 10 uM using 5 mM glucose measured as ratio of enzyme activation in compound treated to Ro-28-1675 by G6PDH coupled continuous spectrophotometric assay
CHEMBL1821906,,CHEMBL1825590,6351453,Ratio,=,1.88,,,efficacy,fold,,,自由文本指标 Ratio 受限提升为效能(fold)，描述命中：「ratio of enzyme activation in treated to untreated control」,5,,0,CHEMBL1821720,2011,LITERATURE,Activation of human recombinant glucokinase expressed in Escherichia coli coexpressing G6PDH at 10 uM using 5 mM glucose measured as ratio of enzyme activation in treated to untreated control by G6PDH coupled continuous spectrophotometric assay
CHEMBL1821906,,CHEMBL1825591,6351519,Ratio,=,0.219,,,efficacy,fold,,,自由文本指标 Ratio 受限提升为效能(fold)，描述命中：「ratio of enzyme activation in compound treated」,5,,0,CHEMBL1821720,2011,LITERATURE,Activation of human recombinant glucokinase expressed in Escherichia coli coexpressing G6PDH at 10 uM using 5 mM glucose measured as ratio of enzyme activation in compound treated to Ro-28-1675 by G6PDH coupled continuous spectrophotometric assay
CHEMBL1821906,,CHEMBL1825592,6351585,Ratio,=,1.42,,,efficacy,fold,,,自由文本指标 Ratio 受限提升为效能(fold)，描述命中：「ratio of enzyme activation in treated to untreated control」,20,,0,CHEMBL1821720,2011,LITERATURE,Activation of human recombinant glucokinase expressed in Escherichia coli coexpressing G6PDH at 10 uM using 20 mM glucose measured as ratio of enzyme activation in treated to untreated control by G6PDH coupled continuous spectrophotometric assay
CHEMBL1821906,,CHEMBL1825593,6352520,Ratio,=,0.247,,,efficacy,fold,,,自由文本指标 Ratio 受限提升为效能(fold)，描述命中：「ratio of enzyme activation in compound treated」,5,,0,CHEMBL1821720,2011,LITERATURE,Activation of human recombinant glucokinase expressed in Escherichia coli coexpressing G6PDH at 10 uM using 5 mM glucose measured as ratio of enzyme activation in compound treated to Ro-28-1675 by G6PDH coupled continuous spectrophotometric assay
CHEMBL1821906,,CHEMBL1825594,6352580,Activity,=,20,%,,unclassified,,,,Activity 为自由文本指标（无官方标准化规则），assay 描述未命中提升门槛，不跨实验汇总,5,,0,CHEMBL1821720,2011,LITERATURE,Activation of human recombinant glucokinase expressed in Escherichia coli coexpressing G6PDH at 10 uM using 5 mM glucose by G6PDH coupled continuous spectrophotometric assay relative to Ro-28-1675
CHEMBL1821906,,CHEMBL1825595,6352585,Activity,=,20,%,,unclassified,,,,Activity 为自由文本指标（无官方标准化规则），assay 描述未命中提升门槛，不跨实验汇总,20,,0,CHEMBL1821720,2011,LITERATURE,Activation of human recombinant glucokinase expressed in Escherichia coli coexpressing G6PDH at 10 uM using 20 mM glucose by G6PDH coupled continuous spectrophotometric assay relative to Ro-28-1675
CHEMBL1821907,,CHEMBL1825590,6351454,Ratio,=,1.25,,,efficacy,fold,,,自由文本指标 Ratio 受限提升为效能(fold)，描述命中：「ratio of enzyme activation in treated to untreated control」,5,,0,CHEMBL1821720,2011,LITERATURE,Activation of human recombinant glucokinase expressed in Escherichia coli coexpressing G6PDH at 10 uM using 5 mM glucose measured as ratio of enzyme activation in treated to untreated control by G6PDH coupled continuous spectrophotometric assay
CHEMBL1821907,,CHEMBL1825591,6351520,Ratio,=,0.059,,,efficacy,fold,,,自由文本指标 Ratio 受限提升为效能(fold)，描述命中：「ratio of enzyme activation in compound treated」,5,,0,CHEMBL1821720,2011,LITERATURE,Activation of human recombinant glucokinase expressed in Escherichia coli coexpressing G6PDH at 10 uM using 5 mM glucose measured as ratio of enzyme activation in compound treated to Ro-28-1675 by G6PDH coupled continuous spectrophotometric assay
CHEMBL1821907,,CHEMBL1825592,6351586,Ratio,=,1.02,,,efficacy,fold,,,自由文本指标 Ratio 受限提升为效能(fold)，描述命中：「ratio of enzyme activation in treated to untreated control」,20,,0,CHEMBL1821720,2011,LITERATURE,Activation of human recombinant glucokinase expressed in Escherichia coli coexpressing G6PDH at 10 uM using 20 mM glucose measured as ratio of enzyme activation in treated to untreated control by G6PDH coupled continuous spectrophotometric assay
CHEMBL1821907,,CHEMBL1825593,6352521,Ratio,=,0.012,,,efficacy,fold,,,自由文本指标 Ratio 受限提升为效能(fold)，描述命中：「ratio of enzyme activation in compound treated」,5,,0,CHEMBL1821720,2011,LITERATURE,Activation of human recombinant glucokinase expressed in Escherichia coli coexpressing G6PDH at 10 uM using 5 mM glucose measured as ratio of enzyme activation in compound treated to Ro-28-1675 by G6PDH coupled continuous spectrophotometric assay
CHEMBL1821908,,CHEMBL1825590,6351455,Ratio,=,2.12,,,efficacy,fold,,,自由文本指标 Ratio 受限提升为效能(fold)，描述命中：「ratio of enzyme activation in treated to untreated control」,5,,0,CHEMBL1821720,2011,LITERATURE,Activation of human recombinant glucokinase expressed in Escherichia coli coexpressing G6PDH at 10 uM using 5 mM glucose measured as ratio of enzyme activation in treated to untreated control by G6PDH coupled continuous spectrophotometric assay
CHEMBL1821908,,CHEMBL1825591,6351521,Ratio,=,0.287,,,efficacy,fold,,,自由文本指标 Ratio 受限提升为效能(fold)，描述命中：「ratio of enzyme activation in compound treated」,5,,0,CHEMBL1821720,2011,LITERATURE,Activation of human recombinant glucokinase expressed in Escherichia coli coexpressing G6PDH at 10 uM using 5 mM glucose measured as ratio of enzyme activation in compound treated to Ro-28-1675 by G6PDH coupled continuous spectrophotometric assay
CHEMBL1821908,,CHEMBL1825592,6351587,Ratio,=,1.06,,,efficacy,fold,,,自由文本指标 Ratio 受限提升为效能(fold)，描述命中：「ratio of enzyme activation in treated to untreated control」,20,,0,CHEMBL1821720,2011,LITERATURE,Activation of human recombinant glucokinase expressed in Escherichia coli coexpressing G6PDH at 10 uM using 20 mM glucose measured as ratio of enzyme activation in treated to untreated control by G6PDH coupled continuous spectrophotometric assay
CHEMBL1821908,,CHEMBL1825593,6352522,Ratio,=,0.038,,,efficacy,fold,,,自由文本指标 Ratio 受限提升为效能(fold)，描述命中：「ratio of enzyme activation in compound treated」,5,,0,CHEMBL1821720,2011,LITERATURE,Activation of human recombinant glucokinase expressed in Escherichia coli coexpressing G6PDH at 10 uM using 5 mM glucose measured as ratio of enzyme activation in compound treated to Ro-28-1675 by G6PDH coupled continuous spectrophotometric assay
CHEMBL1821909,,CHEMBL1825590,6351456,Ratio,=,2.22,,,efficacy,fold,,,自由文本指标 Ratio 受限提升为效能(fold)，描述命中：「ratio of enzyme activation in treated to untreated control」,5,,0,CHEMBL1821720,2011,LITERATURE,Activation of human recombinant glucokinase expressed in Escherichia coli coexpressing G6PDH at 10 uM using 5 mM glucose measured as ratio of enzyme activation in treated to untreated control by G6PDH coupled continuous spectrophotometric assay
CHEMBL1821909,,CHEMBL1825591,6351522,Ratio,=,0.312,,,efficacy,fold,,,自由文本指标 Ratio 受限提升为效能(fold)，描述命中：「ratio of enzyme activation in compound treated」,5,,0,CHEMBL1821720,2011,LITERATURE,Activation of human recombinant glucokinase expressed in Escherichia coli coexpressing G6PDH at 10 uM using 5 mM glucose measured as ratio of enzyme activation in compound treated to Ro-28-1675 by G6PDH coupled continuous spectrophotometric assay
CHEMBL1821909,,CHEMBL1825592,6351588,Ratio,=,1.37,,,efficacy,fold,,,自由文本指标 Ratio 受限提升为效能(fold)，描述命中：「ratio of enzyme activation in treated to untreated control」,20,,0,CHEMBL1821720,2011,LITERATURE,Activation of human recombinant glucokinase expressed in Escherichia coli coexpressing G6PDH at 10 uM using 20 mM glucose measured as ratio of enzyme activation in treated to untreated control by G6PDH coupled continuous spectrophotometric assay
CHEMBL1821909,,CHEMBL1825593,6352523,Ratio,=,0.231,,,efficacy,fold,,,自由文本指标 Ratio 受限提升为效能(fold)，描述命中：「ratio of enzyme activation in compound treated」,5,,0,CHEMBL1821720,2011,LITERATURE,Activation of human recombinant glucokinase expressed in Escherichia coli coexpressing G6PDH at 10 uM using 5 mM glucose measured as ratio of enzyme activation in compound treated to Ro-28-1675 by G6PDH coupled continuous spectrophotometric assay
CHEMBL1821909,,CHEMBL1825594,6352581,Activity,=,20,%,,unclassified,,,,Activity 为自由文本指标（无官方标准化规则），assay 描述未命中提升门槛，不跨实验汇总,5,,0,CHEMBL1821720,2011,LITERATURE,Activation of human recombinant glucokinase expressed in Escherichia coli coexpressing G6PDH at 10 uM using 5 mM glucose by G6PDH coupled continuous spectrophotometric assay relative to Ro-28-1675
CHEMBL1821909,,CHEMBL1825595,6352586,Activity,=,20,%,,unclassified,,,,Activity 为自由文本指标（无官方标准化规则），assay 描述未命中提升门槛，不跨实验汇总,20,,0,CHEMBL1821720,2011,LITERATURE,Activation of human recombinant glucokinase expressed in Escherichia coli coexpressing G6PDH at 10 uM using 20 mM glucose by G6PDH coupled continuous spectrophotometric assay relative to Ro-28-1675
CHEMBL1821910,,CHEMBL1825590,6351457,Ratio,=,1.3,,,efficacy,fold,,,自由文本指标 Ratio 受限提升为效能(fold)，描述命中：「ratio of enzyme activation in treated to untreated control」,5,,0,CHEMBL1821720,2011,LITERATURE,Activation of human recombinant glucokinase expressed in Escherichia coli coexpressing G6PDH at 10 uM using 5 mM glucose measured as ratio of enzyme activation in treated to untreated control by G6PDH coupled continuous spectrophotometric assay
CHEMBL1821910,,CHEMBL1825591,6351523,Ratio,=,0.069,,,efficacy,fold,,,自由文本指标 Ratio 受限提升为效能(fold)，描述命中：「ratio of enzyme activation in compound treated」,5,,0,CHEMBL1821720,2011,LITERATURE,Activation of human recombinant glucokinase expressed in Escherichia coli coexpressing G6PDH at 10 uM using 5 mM glucose measured as ratio of enzyme activation in compound treated to Ro-28-1675 by G6PDH coupled continuous spectrophotometric assay
CHEMBL1821910,,CHEMBL1825592,6351589,Ratio,=,1.08,,,efficacy,fold,,,自由文本指标 Ratio 受限提升为效能(fold)，描述命中：「ratio of enzyme activation in treated to untreated control」,20,,0,CHEMBL1821720,2011,LITERATURE,Activation of human recombinant glucokinase expressed in Escherichia coli coexpressing G6PDH at 10 uM using 20 mM glucose measured as ratio of enzyme activation in treated to untreated control by G6PDH coupled continuous spectrophotometric assay
CHEMBL1821910,,CHEMBL1825593,6352524,Ratio,=,0.05,,,efficacy,fold,,,自由文本指标 Ratio 受限提升为效能(fold)，描述命中：「ratio of enzyme activation in compound treated」,5,,0,CHEMBL1821720,2011,LITERATURE,Activation of human recombinant glucokinase expressed in Escherichia coli coexpressing G6PDH at 10 uM using 5 mM glucose measured as ratio of enzyme activation in compound treated to Ro-28-1675 by G6PDH coupled continuous spectrophotometric assay
CHEMBL1821911,,CHEMBL1825590,6351458,Ratio,=,1.92,,,efficacy,fold,,,自由文本指标 Ratio 受限提升为效能(fold)，描述命中：「ratio of enzyme activation in treated to untreated control」,5,,0,CHEMBL1821720,2011,LITERATURE,Activation of human recombinant glucokinase expressed in Escherichia coli coexpressing G6PDH at 10 uM using 5 mM glucose measured as ratio of enzyme activation in treated to untreated control by G6PDH coupled continuous spectrophotometric assay
CHEMBL1821911,,CHEMBL1825591,6351524,Ratio,=,0.212,,,efficacy,fold,,,自由文本指标 Ratio 受限提升为效能(fold)，描述命中：「ratio of enzyme activation in compound treated」,5,,0,CHEMBL1821720,2011,LITERATURE,Activation of human recombinant glucokinase expressed in Escherichia coli coexpressing G6PDH at 10 uM using 5 mM glucose measured as ratio of enzyme activation in compound treated to Ro-28-1675 by G6PDH coupled continuous spectrophotometric assay
CHEMBL1821911,,CHEMBL1825592,6351590,Ratio,=,1.41,,,efficacy,fold,,,自由文本指标 Ratio 受限提升为效能(fold)，描述命中：「ratio of enzyme activation in treated to untreated control」,20,,0,CHEMBL1821720,2011,LITERATURE,Activation of human recombinant glucokinase expressed in Escherichia coli coexpressing G6PDH at 10 uM using 20 mM glucose measured as ratio of enzyme activation in treated to untreated control by G6PDH coupled continuous spectrophotometric assay
CHEMBL1821911,,CHEMBL1825593,6352525,Ratio,=,0.246,,,efficacy,fold,,,自由文本指标 Ratio 受限提升为效能(fold)，描述命中：「ratio of enzyme activation in compound treated」,5,,0,CHEMBL1821720,2011,LITERATURE,Activation of human recombinant glucokinase expressed in Escherichia coli coexpressing G6PDH at 10 uM using 5 mM glucose measured as ratio of enzyme activation in compound treated to Ro-28-1675 by G6PDH coupled continuous spectrophotometric assay
CHEMBL1821912,,CHEMBL1825590,6351459,Ratio,=,1.98,,,efficacy,fold,,,自由文本指标 Ratio 受限提升为效能(fold)，描述命中：「ratio of enzyme activation in treated to untreated control」,5,,0,CHEMBL1821720,2011,LITERATURE,Activation of human recombinant glucokinase expressed in Escherichia coli coexpressing G6PDH at 10 uM using 5 mM glucose measured as ratio of enzyme activation in treated to untreated control by G6PDH coupled continuous spectrophotometric assay
CHEMBL1821912,,CHEMBL1825591,6351525,Ratio,=,0.282,,,efficacy,fold,,,自由文本指标 Ratio 受限提升为效能(fold)，描述命中：「ratio of enzyme activation in compound treated」,5,,0,CHEMBL1821720,2011,LITERATURE,Activation of human recombinant glucokinase expressed in Escherichia coli coexpressing G6PDH at 10 uM using 5 mM glucose measured as ratio of enzyme activation in compound treated to Ro-28-1675 by G6PDH coupled continuous spectrophotometric assay
CHEMBL1821912,,CHEMBL1825592,6351591,Ratio,=,1.51,,,efficacy,fold,,,自由文本指标 Ratio 受限提升为效能(fold)，描述命中：「ratio of enzyme activation in treated to untreated control」,20,,0,CHEMBL1821720,2011,LITERATURE,Activation of human recombinant glucokinase expressed in Escherichia coli coexpressing G6PDH at 10 uM using 20 mM glucose measured as ratio of enzyme activation in treated to untreated control by G6PDH coupled continuous spectrophotometric assay
CHEMBL1821912,,CHEMBL1825593,6352526,Ratio,=,0.331,,,efficacy,fold,,,自由文本指标 Ratio 受限提升为效能(fold)，描述命中：「ratio of enzyme activation in compound treated」,5,,0,CHEMBL1821720,2011,LITERATURE,Activation of human recombinant glucokinase expressed in Escherichia coli coexpressing G6PDH at 10 uM using 5 mM glucose measured as ratio of enzyme activation in compound treated to Ro-28-1675 by G6PDH coupled continuous spectrophotometric assay
CHEMBL1821913,,CHEMBL1825590,6351460,Ratio,=,2.07,,,efficacy,fold,,,自由文本指标 Ratio 受限提升为效能(fold)，描述命中：「ratio of enzyme activation in treated to untreated control」,5,,0,CHEMBL1821720,2011,LITERATURE,Activation of human recombinant glucokinase expressed in Escherichia coli coexpressing G6PDH at 10 uM using 5 mM glucose measured as ratio of enzyme activation in treated to untreated control by G6PDH coupled continuous spectrophotometric assay
CHEMBL1821913,,CHEMBL1825591,6351526,Ratio,=,0.29,,,efficacy,fold,,,自由文本指标 Ratio 受限提升为效能(fold)，描述命中：「ratio of enzyme activation in compound treated」,5,,0,CHEMBL1821720,2011,LITERATURE,Activation of human recombinant glucokinase expressed in Escherichia coli coexpressing G6PDH at 10 uM using 5 mM glucose measured as ratio of enzyme activation in compound treated to Ro-28-1675 by G6PDH coupled continuous spectrophotometric assay
CHEMBL1821913,,CHEMBL1825592,6351592,Ratio,=,1.44,,,efficacy,fold,,,自由文本指标 Ratio 受限提升为效能(fold)，描述命中：「ratio of enzyme activation in treated to untreated control」,20,,0,CHEMBL1821720,2011,LITERATURE,Activation of human recombinant glucokinase expressed in Escherichia coli coexpressing G6PDH at 10 uM using 20 mM glucose measured as ratio of enzyme activation in treated to untreated control by G6PDH coupled continuous spectrophotometric assay
CHEMBL1821913,,CHEMBL1825593,6352527,Ratio,=,0.287,,,efficacy,fold,,,自由文本指标 Ratio 受限提升为效能(fold)，描述命中：「ratio of enzyme activation in compound treated」,5,,0,CHEMBL1821720,2011,LITERATURE,Activation of human recombinant glucokinase expressed in Escherichia coli coexpressing G6PDH at 10 uM using 5 mM glucose measured as ratio of enzyme activation in compound treated to Ro-28-1675 by G6PDH coupled continuous spectrophotometric assay
CHEMBL1821914,,CHEMBL1825590,6351461,Ratio,=,1.56,,,efficacy,fold,,,自由文本指标 Ratio 受限提升为效能(fold)，描述命中：「ratio of enzyme activation in treated to untreated control」,5,,0,CHEMBL1821720,2011,LITERATURE,Activation of human recombinant glucokinase expressed in Escherichia coli coexpressing G6PDH at 10 uM using 5 mM glucose measured as ratio of enzyme activation in treated to untreated control by G6PDH coupled continuous spectrophotometric assay
CHEMBL1821914,,CHEMBL1825591,6351527,Ratio,=,0.151,,,efficacy,fold,,,自由文本指标 Ratio 受限提升为效能(fold)，描述命中：「ratio of enzyme activation in compound treated」,5,,0,CHEMBL1821720,2011,LITERATURE,Activation of human recombinant glucokinase expressed in Escherichia coli coexpressing G6PDH at 10 uM using 5 mM glucose measured as ratio of enzyme activation in compound treated to Ro-28-1675 by G6PDH coupled continuous spectrophotometric assay
CHEMBL1821914,,CHEMBL1825592,6351593,Ratio,=,1.23,,,efficacy,fold,,,自由文本指标 Ratio 受限提升为效能(fold)，描述命中：「ratio of enzyme activation in treated to untreated control」,20,,0,CHEMBL1821720,2011,LITERATURE,Activation of human recombinant glucokinase expressed in Escherichia coli coexpressing G6PDH at 10 uM using 20 mM glucose measured as ratio of enzyme activation in treated to untreated control by G6PDH coupled continuous spectrophotometric assay
CHEMBL1821914,,CHEMBL1825593,6352528,Ratio,=,0.154,,,efficacy,fold,,,自由文本指标 Ratio 受限提升为效能(fold)，描述命中：「ratio of enzyme activation in compound treated」,5,,0,CHEMBL1821720,2011,LITERATURE,Activation of human recombinant glucokinase expressed in Escherichia coli coexpressing G6PDH at 10 uM using 5 mM glucose measured as ratio of enzyme activation in compound treated to Ro-28-1675 by G6PDH coupled continuous spectrophotometric assay
CHEMBL1821915,,CHEMBL1825590,6351462,Ratio,=,1.12,,,efficacy,fold,,,自由文本指标 Ratio 受限提升为效能(fold)，描述命中：「ratio of enzyme activation in treated to untreated control」,5,,0,CHEMBL1821720,2011,LITERATURE,Activation of human recombinant glucokinase expressed in Escherichia coli coexpressing G6PDH at 10 uM using 5 mM glucose measured as ratio of enzyme activation in treated to untreated control by G6PDH coupled continuous spectrophotometric assay
CHEMBL1821915,,CHEMBL1825591,6351528,Ratio,=,0.032,,,efficacy,fold,,,自由文本指标 Ratio 受限提升为效能(fold)，描述命中：「ratio of enzyme activation in compound treated」,5,,0,CHEMBL1821720,2011,LITERATURE,Activation of human recombinant glucokinase expressed in Escherichia coli coexpressing G6PDH at 10 uM using 5 mM glucose measured as ratio of enzyme activation in compound treated to Ro-28-1675 by G6PDH coupled continuous spectrophotometric assay
CHEMBL1821915,,CHEMBL1825592,6351594,Ratio,=,1.04,,,efficacy,fold,,,自由文本指标 Ratio 受限提升为效能(fold)，描述命中：「ratio of enzyme activation in treated to untreated control」,20,,0,CHEMBL1821720,2011,LITERATURE,Activation of human recombinant glucokinase expressed in Escherichia coli coexpressing G6PDH at 10 uM using 20 mM glucose measured as ratio of enzyme activation in treated to untreated control by G6PDH coupled continuous spectrophotometric assay
CHEMBL1821915,,CHEMBL1825593,6352529,Ratio,=,0.027,,,efficacy,fold,,,自由文本指标 Ratio 受限提升为效能(fold)，描述命中：「ratio of enzyme activation in compound treated」,5,,0,CHEMBL1821720,2011,LITERATURE,Activation of human recombinant glucokinase expressed in Escherichia coli coexpressing G6PDH at 10 uM using 5 mM glucose measured as ratio of enzyme activation in compound treated to Ro-28-1675 by G6PDH coupled continuous spectrophotometric assay
CHEMBL1821916,,CHEMBL1825590,6351463,Ratio,=,1.62,,,efficacy,fold,,,自由文本指标 Ratio 受限提升为效能(fold)，描述命中：「ratio of enzyme activation in treated to untreated control」,5,,0,CHEMBL1821720,2011,LITERATURE,Activation of human recombinant glucokinase expressed in Escherichia coli coexpressing G6PDH at 10 uM using 5 mM glucose measured as ratio of enzyme activation in treated to untreated control by G6PDH coupled continuous spectrophotometric assay
CHEMBL1821916,,CHEMBL1825591,6351529,Ratio,=,0.178,,,efficacy,fold,,,自由文本指标 Ratio 受限提升为效能(fold)，描述命中：「ratio of enzyme activation in compound treated」,5,,0,CHEMBL1821720,2011,LITERATURE,Activation of human recombinant glucokinase expressed in Escherichia coli coexpressing G6PDH at 10 uM using 5 mM glucose measured as ratio of enzyme activation in compound treated to Ro-28-1675 by G6PDH coupled continuous spectrophotometric assay
CHEMBL1821916,,CHEMBL1825592,6351595,Ratio,=,1.29,,,efficacy,fold,,,自由文本指标 Ratio 受限提升为效能(fold)，描述命中：「ratio of enzyme activation in treated to untreated control」,20,,0,CHEMBL1821720,2011,LITERATURE,Activation of human recombinant glucokinase expressed in Escherichia coli coexpressing G6PDH at 10 uM using 20 mM glucose measured as ratio of enzyme activation in treated to untreated control by G6PDH coupled continuous spectrophotometric assay
CHEMBL1821916,,CHEMBL1825593,6352530,Ratio,=,0.187,,,efficacy,fold,,,自由文本指标 Ratio 受限提升为效能(fold)，描述命中：「ratio of enzyme activation in compound treated」,5,,0,CHEMBL1821720,2011,LITERATURE,Activation of human recombinant glucokinase expressed in Escherichia coli coexpressing G6PDH at 10 uM using 5 mM glucose measured as ratio of enzyme activation in compound treated to Ro-28-1675 by G6PDH coupled continuous spectrophotometric assay
CHEMBL1821917,,CHEMBL1825590,6351464,Ratio,=,1.4,,,efficacy,fold,,,自由文本指标 Ratio 受限提升为效能(fold)，描述命中：「ratio of enzyme activation in treated to untreated control」,5,,0,CHEMBL1821720,2011,LITERATURE,Activation of human recombinant glucokinase expressed in Escherichia coli coexpressing G6PDH at 10 uM using 5 mM glucose measured as ratio of enzyme activation in treated to untreated control by G6PDH coupled continuous spectrophotometric assay
CHEMBL1821917,,CHEMBL1825591,6351530,Ratio,=,0.105,,,efficacy,fold,,,自由文本指标 Ratio 受限提升为效能(fold)，描述命中：「ratio of enzyme activation in compound treated」,5,,0,CHEMBL1821720,2011,LITERATURE,Activation of human recombinant glucokinase expressed in Escherichia coli coexpressing G6PDH at 10 uM using 5 mM glucose measured as ratio of enzyme activation in compound treated to Ro-28-1675 by G6PDH coupled continuous spectrophotometric assay
CHEMBL1821917,,CHEMBL1825592,6351596,Ratio,=,1.11,,,efficacy,fold,,,自由文本指标 Ratio 受限提升为效能(fold)，描述命中：「ratio of enzyme activation in treated to untreated control」,20,,0,CHEMBL1821720,2011,LITERATURE,Activation of human recombinant glucokinase expressed in Escherichia coli coexpressing G6PDH at 10 uM using 20 mM glucose measured as ratio of enzyme activation in treated to untreated control by G6PDH coupled continuous spectrophotometric assay
CHEMBL1821917,,CHEMBL1825593,6352531,Ratio,=,0.081,,,efficacy,fold,,,自由文本指标 Ratio 受限提升为效能(fold)，描述命中：「ratio of enzyme activation in compound treated」,5,,0,CHEMBL1821720,2011,LITERATURE,Activation of human recombinant glucokinase expressed in Escherichia coli coexpressing G6PDH at 10 uM using 5 mM glucose measured as ratio of enzyme activation in compound treated to Ro-28-1675 by G6PDH coupled continuous spectrophotometric assay
CHEMBL1821918,,CHEMBL1825590,6351465,Ratio,=,2.35,,,efficacy,fold,,,自由文本指标 Ratio 受限提升为效能(fold)，描述命中：「ratio of enzyme activation in treated to untreated control」,5,,0,CHEMBL1821720,2011,LITERATURE,Activation of human recombinant glucokinase expressed in Escherichia coli coexpressing G6PDH at 10 uM using 5 mM glucose measured as ratio of enzyme activation in treated to untreated control by G6PDH coupled continuous spectrophotometric assay
CHEMBL1821918,,CHEMBL1825591,6351531,Ratio,=,0.312,,,efficacy,fold,,,自由文本指标 Ratio 受限提升为效能(fold)，描述命中：「ratio of enzyme activation in compound treated」,5,,0,CHEMBL1821720,2011,LITERATURE,Activation of human recombinant glucokinase expressed in Escherichia coli coexpressing G6PDH at 10 uM using 5 mM glucose measured as ratio of enzyme activation in compound treated to Ro-28-1675 by G6PDH coupled continuous spectrophotometric assay
CHEMBL1821918,,CHEMBL1825592,6351597,Ratio,=,1.51,,,efficacy,fold,,,自由文本指标 Ratio 受限提升为效能(fold)，描述命中：「ratio of enzyme activation in treated to untreated control」,20,,0,CHEMBL1821720,2011,LITERATURE,Activation of human recombinant glucokinase expressed in Escherichia coli coexpressing G6PDH at 10 uM using 20 mM glucose measured as ratio of enzyme activation in treated to untreated control by G6PDH coupled continuous spectrophotometric assay
CHEMBL1821918,,CHEMBL1825593,6352532,Ratio,=,0.305,,,efficacy,fold,,,自由文本指标 Ratio 受限提升为效能(fold)，描述命中：「ratio of enzyme activation in compound treated」,5,,0,CHEMBL1821720,2011,LITERATURE,Activation of human recombinant glucokinase expressed in Escherichia coli coexpressing G6PDH at 10 uM using 5 mM glucose measured as ratio of enzyme activation in compound treated to Ro-28-1675 by G6PDH coupled continuous spectrophotometric assay
CHEMBL1821919,,CHEMBL1825590,6351466,Ratio,=,2.43,,,efficacy,fold,,,自由文本指标 Ratio 受限提升为效能(fold)，描述命中：「ratio of enzyme activation in treated to untreated control」,5,,0,CHEMBL1821720,2011,LITERATURE,Activation of human recombinant glucokinase expressed in Escherichia coli coexpressing G6PDH at 10 uM using 5 mM glucose measured as ratio of enzyme activation in treated to untreated control by G6PDH coupled continuous spectrophotometric assay
CHEMBL1821919,,CHEMBL1825591,6351532,Ratio,=,0.329,,,efficacy,fold,,,自由文本指标 Ratio 受限提升为效能(fold)，描述命中：「ratio of enzyme activation in compound treated」,5,,0,CHEMBL1821720,2011,LITERATURE,Activation of human recombinant glucokinase expressed in Escherichia coli coexpressing G6PDH at 10 uM using 5 mM glucose measured as ratio of enzyme activation in compound treated to Ro-28-1675 by G6PDH coupled continuous spectrophotometric assay
CHEMBL1821919,,CHEMBL1825592,6351598,Ratio,=,1.63,,,efficacy,fold,,,自由文本指标 Ratio 受限提升为效能(fold)，描述命中：「ratio of enzyme activation in treated to untreated control」,20,,0,CHEMBL1821720,2011,LITERATURE,Activation of human recombinant glucokinase expressed in Escherichia coli coexpressing G6PDH at 10 uM using 20 mM glucose measured as ratio of enzyme activation in treated to untreated control by G6PDH coupled continuous spectrophotometric assay
CHEMBL1821919,,CHEMBL1825593,6352533,Ratio,=,0.384,,,efficacy,fold,,,自由文本指标 Ratio 受限提升为效能(fold)，描述命中：「ratio of enzyme activation in compound treated」,5,,0,CHEMBL1821720,2011,LITERATURE,Activation of human recombinant glucokinase expressed in Escherichia coli coexpressing G6PDH at 10 uM using 5 mM glucose measured as ratio of enzyme activation in compound treated to Ro-28-1675 by G6PDH coupled continuous spectrophotometric assay
CHEMBL1821920,,CHEMBL1825590,6351467,Ratio,=,1,,,efficacy,fold,,,自由文本指标 Ratio 受限提升为效能(fold)，描述命中：「ratio of enzyme activation in treated to untreated control」,5,,0,CHEMBL1821720,2011,LITERATURE,Activation of human recombinant glucokinase expressed in Escherichia coli coexpressing G6PDH at 10 uM using 5 mM glucose measured as ratio of enzyme activation in treated to untreated control by G6PDH coupled continuous spectrophotometric assay
CHEMBL1821920,,CHEMBL1825591,6351533,Ratio,=,0,,,efficacy,fold,,,自由文本指标 Ratio 受限提升为效能(fold)，描述命中：「ratio of enzyme activation in compound treated」,5,,0,CHEMBL1821720,2011,LITERATURE,Activation of human recombinant glucokinase expressed in Escherichia coli coexpressing G6PDH at 10 uM using 5 mM glucose measured as ratio of enzyme activation in compound treated to Ro-28-1675 by G6PDH coupled continuous spectrophotometric assay
CHEMBL1821920,,CHEMBL1825592,6351599,Ratio,=,0.93,,,efficacy,fold,,,自由文本指标 Ratio 受限提升为效能(fold)，描述命中：「ratio of enzyme activation in treated to untreated control」,20,,0,CHEMBL1821720,2011,LITERATURE,Activation of human recombinant glucokinase expressed in Escherichia coli coexpressing G6PDH at 10 uM using 20 mM glucose measured as ratio of enzyme activation in treated to untreated control by G6PDH coupled continuous spectrophotometric assay
CHEMBL1821920,,CHEMBL1825593,6352534,Ratio,=,-0.039,,,efficacy,fold,,,自由文本指标 Ratio 受限提升为效能(fold)，描述命中：「ratio of enzyme activation in compound treated」,5,,0,CHEMBL1821720,2011,LITERATURE,Activation of human recombinant glucokinase expressed in Escherichia coli coexpressing G6PDH at 10 uM using 5 mM glucose measured as ratio of enzyme activation in compound treated to Ro-28-1675 by G6PDH coupled continuous spectrophotometric assay
CHEMBL1821921,,CHEMBL1825590,6351468,Ratio,=,0.99,,,efficacy,fold,,,自由文本指标 Ratio 受限提升为效能(fold)，描述命中：「ratio of enzyme activation in treated to untreated control」,5,,0,CHEMBL1821720,2011,LITERATURE,Activation of human recombinant glucokinase expressed in Escherichia coli coexpressing G6PDH at 10 uM using 5 mM glucose measured as ratio of enzyme activation in treated to untreated control by G6PDH coupled continuous spectrophotometric assay
CHEMBL1821921,,CHEMBL1825591,6351534,Ratio,=,-0.002,,,efficacy,fold,,,自由文本指标 Ratio 受限提升为效能(fold)，描述命中：「ratio of enzyme activation in compound treated」,5,,0,CHEMBL1821720,2011,LITERATURE,Activation of human recombinant glucokinase expressed in Escherichia coli coexpressing G6PDH at 10 uM using 5 mM glucose measured as ratio of enzyme activation in compound treated to Ro-28-1675 by G6PDH coupled continuous spectrophotometric assay
CHEMBL1821921,,CHEMBL1825592,6351600,Ratio,=,0.89,,,efficacy,fold,,,自由文本指标 Ratio 受限提升为效能(fold)，描述命中：「ratio of enzyme activation in treated to untreated control」,20,,0,CHEMBL1821720,2011,LITERATURE,Activation of human recombinant glucokinase expressed in Escherichia coli coexpressing G6PDH at 10 uM using 20 mM glucose measured as ratio of enzyme activation in treated to untreated control by G6PDH coupled continuous spectrophotometric assay
CHEMBL1821921,,CHEMBL1825593,6352535,Ratio,=,-0.062,,,efficacy,fold,,,自由文本指标 Ratio 受限提升为效能(fold)，描述命中：「ratio of enzyme activation in compound treated」,5,,0,CHEMBL1821720,2011,LITERATURE,Activation of human recombinant glucokinase expressed in Escherichia coli coexpressing G6PDH at 10 uM using 5 mM glucose measured as ratio of enzyme activation in compound treated to Ro-28-1675 by G6PDH coupled continuous spectrophotometric assay
CHEMBL1821922,,CHEMBL1825590,6351469,Ratio,=,3.52,,,efficacy,fold,,,自由文本指标 Ratio 受限提升为效能(fold)，描述命中：「ratio of enzyme activation in treated to untreated control」,5,,0,CHEMBL1821720,2011,LITERATURE,Activation of human recombinant glucokinase expressed in Escherichia coli coexpressing G6PDH at 10 uM using 5 mM glucose measured as ratio of enzyme activation in treated to untreated control by G6PDH coupled continuous spectrophotometric assay
CHEMBL1821922,,CHEMBL1825591,6351535,Ratio,=,0.66,,,efficacy,fold,,,自由文本指标 Ratio 受限提升为效能(fold)，描述命中：「ratio of enzyme activation in compound treated」,5,,0,CHEMBL1821720,2011,LITERATURE,Activation of human recombinant glucokinase expressed in Escherichia coli coexpressing G6PDH at 10 uM using 5 mM glucose measured as ratio of enzyme activation in compound treated to Ro-28-1675 by G6PDH coupled continuous spectrophotometric assay
CHEMBL1821922,,CHEMBL1825592,6351601,Ratio,=,1.71,,,efficacy,fold,,,自由文本指标 Ratio 受限提升为效能(fold)，描述命中：「ratio of enzyme activation in treated to untreated control」,20,,0,CHEMBL1821720,2011,LITERATURE,Activation of human recombinant glucokinase expressed in Escherichia coli coexpressing G6PDH at 10 uM using 20 mM glucose measured as ratio of enzyme activation in treated to untreated control by G6PDH coupled continuous spectrophotometric assay
CHEMBL1821922,,CHEMBL1825593,6352536,Ratio,=,0.627,,,efficacy,fold,,,自由文本指标 Ratio 受限提升为效能(fold)，描述命中：「ratio of enzyme activation in compound treated」,5,,0,CHEMBL1821720,2011,LITERATURE,Activation of human recombinant glucokinase expressed in Escherichia coli coexpressing G6PDH at 10 uM using 5 mM glucose measured as ratio of enzyme activation in compound treated to Ro-28-1675 by G6PDH coupled continuous spectrophotometric assay
CHEMBL1821922,,CHEMBL1825594,6352582,Activity,=,66,%,,unclassified,,,,Activity 为自由文本指标（无官方标准化规则），assay 描述未命中提升门槛，不跨实验汇总,5,,0,CHEMBL1821720,2011,LITERATURE,Activation of human recombinant glucokinase expressed in Escherichia coli coexpressing G6PDH at 10 uM using 5 mM glucose by G6PDH coupled continuous spectrophotometric assay relative to Ro-28-1675
CHEMBL1821922,,CHEMBL1825595,6352587,Activity,=,63,%,,unclassified,,,,Activity 为自由文本指标（无官方标准化规则），assay 描述未命中提升门槛，不跨实验汇总,20,,0,CHEMBL1821720,2011,LITERATURE,Activation of human recombinant glucokinase expressed in Escherichia coli coexpressing G6PDH at 10 uM using 20 mM glucose by G6PDH coupled continuous spectrophotometric assay relative to Ro-28-1675
CHEMBL1821923,,CHEMBL1825590,6351470,Ratio,=,2.02,,,efficacy,fold,,,自由文本指标 Ratio 受限提升为效能(fold)，描述命中：「ratio of enzyme activation in treated to untreated control」,5,,0,CHEMBL1821720,2011,LITERATURE,Activation of human recombinant glucokinase expressed in Escherichia coli coexpressing G6PDH at 10 uM using 5 mM glucose measured as ratio of enzyme activation in treated to untreated control by G6PDH coupled continuous spectrophotometric assay
CHEMBL1821923,,CHEMBL1825591,6351536,Ratio,=,0.274,,,efficacy,fold,,,自由文本指标 Ratio 受限提升为效能(fold)，描述命中：「ratio of enzyme activation in compound treated」,5,,0,CHEMBL1821720,2011,LITERATURE,Activation of human recombinant glucokinase expressed in Escherichia coli coexpressing G6PDH at 10 uM using 5 mM glucose measured as ratio of enzyme activation in compound treated to Ro-28-1675 by G6PDH coupled continuous spectrophotometric assay
CHEMBL1821923,,CHEMBL1825592,6351602,Ratio,=,1.45,,,efficacy,fold,,,自由文本指标 Ratio 受限提升为效能(fold)，描述命中：「ratio of enzyme activation in treated to untreated control」,20,,0,CHEMBL1821720,2011,LITERATURE,Activation of human recombinant glucokinase expressed in Escherichia coli coexpressing G6PDH at 10 uM using 20 mM glucose measured as ratio of enzyme activation in treated to untreated control by G6PDH coupled continuous spectrophotometric assay
CHEMBL1821923,,CHEMBL1825593,6352537,Ratio,=,0.296,,,efficacy,fold,,,自由文本指标 Ratio 受限提升为效能(fold)，描述命中：「ratio of enzyme activation in compound treated」,5,,0,CHEMBL1821720,2011,LITERATURE,Activation of human recombinant glucokinase expressed in Escherichia coli coexpressing G6PDH at 10 uM using 5 mM glucose measured as ratio of enzyme activation in compound treated to Ro-28-1675 by G6PDH coupled continuous spectrophotometric assay
CHEMBL1821924,,CHEMBL1825590,6351471,Ratio,=,2.46,,,efficacy,fold,,,自由文本指标 Ratio 受限提升为效能(fold)，描述命中：「ratio of enzyme activation in treated to untreated control」,5,,0,CHEMBL1821720,2011,LITERATURE,Activation of human recombinant glucokinase expressed in Escherichia coli coexpressing G6PDH at 10 uM using 5 mM glucose measured as ratio of enzyme activation in treated to untreated control by G6PDH coupled continuous spectrophotometric assay
CHEMBL1821924,,CHEMBL1825591,6351537,Ratio,=,0.446,,,efficacy,fold,,,自由文本指标 Ratio 受限提升为效能(fold)，描述命中：「ratio of enzyme activation in compound treated」,5,,0,CHEMBL1821720,2011,LITERATURE,Activation of human recombinant glucokinase expressed in Escherichia coli coexpressing G6PDH at 10 uM using 5 mM glucose measured as ratio of enzyme activation in compound treated to Ro-28-1675 by G6PDH coupled continuous spectrophotometric assay
CHEMBL1821924,,CHEMBL1825592,6351603,Ratio,=,1.5,,,efficacy,fold,,,自由文本指标 Ratio 受限提升为效能(fold)，描述命中：「ratio of enzyme activation in treated to untreated control」,20,,0,CHEMBL1821720,2011,LITERATURE,Activation of human recombinant glucokinase expressed in Escherichia coli coexpressing G6PDH at 10 uM using 20 mM glucose measured as ratio of enzyme activation in treated to untreated control by G6PDH coupled continuous spectrophotometric assay
CHEMBL1821924,,CHEMBL1825593,6352538,Ratio,=,0.446,,,efficacy,fold,,,自由文本指标 Ratio 受限提升为效能(fold)，描述命中：「ratio of enzyme activation in compound treated」,5,,0,CHEMBL1821720,2011,LITERATURE,Activation of human recombinant glucokinase expressed in Escherichia coli coexpressing G6PDH at 10 uM using 5 mM glucose measured as ratio of enzyme activation in compound treated to Ro-28-1675 by G6PDH coupled continuous spectrophotometric assay
CHEMBL1821925,,CHEMBL1825590,6351473,Ratio,=,1.57,,,efficacy,fold,,,自由文本指标 Ratio 受限提升为效能(fold)，描述命中：「ratio of enzyme activation in treated to untreated control」,5,,0,CHEMBL1821720,2011,LITERATURE,Activation of human recombinant glucokinase expressed in Escherichia coli coexpressing G6PDH at 10 uM using 5 mM glucose measured as ratio of enzyme activation in treated to untreated control by G6PDH coupled continuous spectrophotometric assay
CHEMBL1821925,,CHEMBL1825591,6351539,Ratio,=,0.145,,,efficacy,fold,,,自由文本指标 Ratio 受限提升为效能(fold)，描述命中：「ratio of enzyme activation in compound treated」,5,,0,CHEMBL1821720,2011,LITERATURE,Activation of human recombinant glucokinase expressed in Escherichia coli coexpressing G6PDH at 10 uM using 5 mM glucose measured as ratio of enzyme activation in compound treated to Ro-28-1675 by G6PDH coupled continuous spectrophotometric assay
CHEMBL1821925,,CHEMBL1825592,6351605,Ratio,=,1.26,,,efficacy,fold,,,自由文本指标 Ratio 受限提升为效能(fold)，描述命中：「ratio of enzyme activation in treated to untreated control」,20,,0,CHEMBL1821720,2011,LITERATURE,Activation of human recombinant glucokinase expressed in Escherichia coli coexpressing G6PDH at 10 uM using 20 mM glucose measured as ratio of enzyme activation in treated to untreated control by G6PDH coupled continuous spectrophotometric assay
CHEMBL1821925,,CHEMBL1825593,6352540,Ratio,=,0.214,,,efficacy,fold,,,自由文本指标 Ratio 受限提升为效能(fold)，描述命中：「ratio of enzyme activation in compound treated」,5,,0,CHEMBL1821720,2011,LITERATURE,Activation of human recombinant glucokinase expressed in Escherichia coli coexpressing G6PDH at 10 uM using 5 mM glucose measured as ratio of enzyme activation in compound treated to Ro-28-1675 by G6PDH coupled continuous spectrophotometric assay
CHEMBL1821926,,CHEMBL1825590,6351474,Ratio,=,2.22,,,efficacy,fold,,,自由文本指标 Ratio 受限提升为效能(fold)，描述命中：「ratio of enzyme activation in treated to untreated control」,5,,0,CHEMBL1821720,2011,LITERATURE,Activation of human recombinant glucokinase expressed in Escherichia coli coexpressing G6PDH at 10 uM using 5 mM glucose measured as ratio of enzyme activation in treated to untreated control by G6PDH coupled continuous spectrophotometric assay
CHEMBL1821926,,CHEMBL1825591,6351540,Ratio,=,0.312,,,efficacy,fold,,,自由文本指标 Ratio 受限提升为效能(fold)，描述命中：「ratio of enzyme activation in compound treated」,5,,0,CHEMBL1821720,2011,LITERATURE,Activation of human recombinant glucokinase expressed in Escherichia coli coexpressing G6PDH at 10 uM using 5 mM glucose measured as ratio of enzyme activation in compound treated to Ro-28-1675 by G6PDH coupled continuous spectrophotometric assay
CHEMBL1821926,,CHEMBL1825592,6351606,Ratio,=,1.23,,,efficacy,fold,,,自由文本指标 Ratio 受限提升为效能(fold)，描述命中：「ratio of enzyme activation in treated to untreated control」,20,,0,CHEMBL1821720,2011,LITERATURE,Activation of human recombinant glucokinase expressed in Escherichia coli coexpressing G6PDH at 10 uM using 20 mM glucose measured as ratio of enzyme activation in treated to untreated control by G6PDH coupled continuous spectrophotometric assay
CHEMBL1821926,,CHEMBL1825593,6352541,Ratio,=,0.182,,,efficacy,fold,,,自由文本指标 Ratio 受限提升为效能(fold)，描述命中：「ratio of enzyme activation in compound treated」,5,,0,CHEMBL1821720,2011,LITERATURE,Activation of human recombinant glucokinase expressed in Escherichia coli coexpressing G6PDH at 10 uM using 5 mM glucose measured as ratio of enzyme activation in compound treated to Ro-28-1675 by G6PDH coupled continuous spectrophotometric assay
CHEMBL1821927,,CHEMBL1825590,6351475,Ratio,=,1.77,,,efficacy,fold,,,自由文本指标 Ratio 受限提升为效能(fold)，描述命中：「ratio of enzyme activation in treated to untreated control」,5,,0,CHEMBL1821720,2011,LITERATURE,Activation of human recombinant glucokinase expressed in Escherichia coli coexpressing G6PDH at 10 uM using 5 mM glucose measured as ratio of enzyme activation in treated to untreated control by G6PDH coupled continuous spectrophotometric assay
CHEMBL1821927,,CHEMBL1825591,6351541,Ratio,=,0.207,,,efficacy,fold,,,自由文本指标 Ratio 受限提升为效能(fold)，描述命中：「ratio of enzyme activation in compound treated」,5,,0,CHEMBL1821720,2011,LITERATURE,Activation of human recombinant glucokinase expressed in Escherichia coli coexpressing G6PDH at 10 uM using 5 mM glucose measured as ratio of enzyme activation in compound treated to Ro-28-1675 by G6PDH coupled continuous spectrophotometric assay
CHEMBL1821927,,CHEMBL1825592,6351607,Ratio,=,1.42,,,efficacy,fold,,,自由文本指标 Ratio 受限提升为效能(fold)，描述命中：「ratio of enzyme activation in treated to untreated control」,20,,0,CHEMBL1821720,2011,LITERATURE,Activation of human recombinant glucokinase expressed in Escherichia coli coexpressing G6PDH at 10 uM using 20 mM glucose measured as ratio of enzyme activation in treated to untreated control by G6PDH coupled continuous spectrophotometric assay
CHEMBL1821927,,CHEMBL1825593,6352542,Ratio,=,0.275,,,efficacy,fold,,,自由文本指标 Ratio 受限提升为效能(fold)，描述命中：「ratio of enzyme activation in compound treated」,5,,0,CHEMBL1821720,2011,LITERATURE,Activation of human recombinant glucokinase expressed in Escherichia coli coexpressing G6PDH at 10 uM using 5 mM glucose measured as ratio of enzyme activation in compound treated to Ro-28-1675 by G6PDH coupled continuous spectrophotometric assay
CHEMBL1821928,,CHEMBL1825590,6351476,Ratio,=,1.64,,,efficacy,fold,,,自由文本指标 Ratio 受限提升为效能(fold)，描述命中：「ratio of enzyme activation in treated to untreated control」,5,,0,CHEMBL1821720,2011,LITERATURE,Activation of human recombinant glucokinase expressed in Escherichia coli coexpressing G6PDH at 10 uM using 5 mM glucose measured as ratio of enzyme activation in treated to untreated control by G6PDH coupled continuous spectrophotometric assay
CHEMBL1821928,,CHEMBL1825591,6351542,Ratio,=,0.193,,,efficacy,fold,,,自由文本指标 Ratio 受限提升为效能(fold)，描述命中：「ratio of enzyme activation in compound treated」,5,,0,CHEMBL1821720,2011,LITERATURE,Activation of human recombinant glucokinase expressed in Escherichia coli coexpressing G6PDH at 10 uM using 5 mM glucose measured as ratio of enzyme activation in compound treated to Ro-28-1675 by G6PDH coupled continuous spectrophotometric assay
CHEMBL1821928,,CHEMBL1825592,6352477,Ratio,=,1.41,,,efficacy,fold,,,自由文本指标 Ratio 受限提升为效能(fold)，描述命中：「ratio of enzyme activation in treated to untreated control」,20,,0,CHEMBL1821720,2011,LITERATURE,Activation of human recombinant glucokinase expressed in Escherichia coli coexpressing G6PDH at 10 uM using 20 mM glucose measured as ratio of enzyme activation in treated to untreated control by G6PDH coupled continuous spectrophotometric assay
CHEMBL1821928,,CHEMBL1825593,6352543,Ratio,=,0.361,,,efficacy,fold,,,自由文本指标 Ratio 受限提升为效能(fold)，描述命中：「ratio of enzyme activation in compound treated」,5,,0,CHEMBL1821720,2011,LITERATURE,Activation of human recombinant glucokinase expressed in Escherichia coli coexpressing G6PDH at 10 uM using 5 mM glucose measured as ratio of enzyme activation in compound treated to Ro-28-1675 by G6PDH coupled continuous spectrophotometric assay
CHEMBL1821929,,CHEMBL1825590,6351505,Ratio,=,1.06,,,efficacy,fold,,,自由文本指标 Ratio 受限提升为效能(fold)，描述命中：「ratio of enzyme activation in treated to untreated control」,5,,0,CHEMBL1821720,2011,LITERATURE,Activation of human recombinant glucokinase expressed in Escherichia coli coexpressing G6PDH at 10 uM using 5 mM glucose measured as ratio of enzyme activation in treated to untreated control by G6PDH coupled continuous spectrophotometric assay
CHEMBL1821929,,CHEMBL1825591,6351571,Ratio,=,0.008,,,efficacy,fold,,,自由文本指标 Ratio 受限提升为效能(fold)，描述命中：「ratio of enzyme activation in compound treated」,5,,0,CHEMBL1821720,2011,LITERATURE,Activation of human recombinant glucokinase expressed in Escherichia coli coexpressing G6PDH at 10 uM using 5 mM glucose measured as ratio of enzyme activation in compound treated to Ro-28-1675 by G6PDH coupled continuous spectrophotometric assay
CHEMBL1821929,,CHEMBL1825592,6352506,Ratio,=,1.03,,,efficacy,fold,,,自由文本指标 Ratio 受限提升为效能(fold)，描述命中：「ratio of enzyme activation in treated to untreated control」,20,,0,CHEMBL1821720,2011,LITERATURE,Activation of human recombinant glucokinase expressed in Escherichia coli coexpressing G6PDH at 10 uM using 20 mM glucose measured as ratio of enzyme activation in treated to untreated control by G6PDH coupled continuous spectrophotometric assay
CHEMBL1821929,,CHEMBL1825593,6352572,Ratio,=,0.014,,,efficacy,fold,,,自由文本指标 Ratio 受限提升为效能(fold)，描述命中：「ratio of enzyme activation in compound treated」,5,,0,CHEMBL1821720,2011,LITERATURE,Activation of human recombinant glucokinase expressed in Escherichia coli coexpressing G6PDH at 10 uM using 5 mM glucose measured as ratio of enzyme activation in compound treated to Ro-28-1675 by G6PDH coupled continuous spectrophotometric assay
CHEMBL1821930,,CHEMBL1825590,6351477,Ratio,=,1.89,,,efficacy,fold,,,自由文本指标 Ratio 受限提升为效能(fold)，描述命中：「ratio of enzyme activation in treated to untreated control」,5,,0,CHEMBL1821720,2011,LITERATURE,Activation of human recombinant glucokinase expressed in Escherichia coli coexpressing G6PDH at 10 uM using 5 mM glucose measured as ratio of enzyme activation in treated to untreated control by G6PDH coupled continuous spectrophotometric assay
CHEMBL1821930,,CHEMBL1825591,6351543,Ratio,=,0.278,,,efficacy,fold,,,自由文本指标 Ratio 受限提升为效能(fold)，描述命中：「ratio of enzyme activation in compound treated」,5,,0,CHEMBL1821720,2011,LITERATURE,Activation of human recombinant glucokinase expressed in Escherichia coli coexpressing G6PDH at 10 uM using 5 mM glucose measured as ratio of enzyme activation in compound treated to Ro-28-1675 by G6PDH coupled continuous spectrophotometric assay
CHEMBL1821930,,CHEMBL1825592,6352478,Ratio,=,1.25,,,efficacy,fold,,,自由文本指标 Ratio 受限提升为效能(fold)，描述命中：「ratio of enzyme activation in treated to untreated control」,20,,0,CHEMBL1821720,2011,LITERATURE,Activation of human recombinant glucokinase expressed in Escherichia coli coexpressing G6PDH at 10 uM using 20 mM glucose measured as ratio of enzyme activation in treated to untreated control by G6PDH coupled continuous spectrophotometric assay
CHEMBL1821930,,CHEMBL1825593,6352544,Ratio,=,0.194,,,efficacy,fold,,,自由文本指标 Ratio 受限提升为效能(fold)，描述命中：「ratio of enzyme activation in compound treated」,5,,0,CHEMBL1821720,2011,LITERATURE,Activation of human recombinant glucokinase expressed in Escherichia coli coexpressing G6PDH at 10 uM using 5 mM glucose measured as ratio of enzyme activation in compound treated to Ro-28-1675 by G6PDH coupled continuous spectrophotometric assay
CHEMBL1821931,,CHEMBL1825590,6351478,Ratio,=,0.95,,,efficacy,fold,,,自由文本指标 Ratio 受限提升为效能(fold)，描述命中：「ratio of enzyme activation in treated to untreated control」,5,,0,CHEMBL1821720,2011,LITERATURE,Activation of human recombinant glucokinase expressed in Escherichia coli coexpressing G6PDH at 10 uM using 5 mM glucose measured as ratio of enzyme activation in treated to untreated control by G6PDH coupled continuous spectrophotometric assay
CHEMBL1821931,,CHEMBL1825591,6351544,Ratio,=,-0.012,,,efficacy,fold,,,自由文本指标 Ratio 受限提升为效能(fold)，描述命中：「ratio of enzyme activation in compound treated」,5,,0,CHEMBL1821720,2011,LITERATURE,Activation of human recombinant glucokinase expressed in Escherichia coli coexpressing G6PDH at 10 uM using 5 mM glucose measured as ratio of enzyme activation in compound treated to Ro-28-1675 by G6PDH coupled continuous spectrophotometric assay
CHEMBL1821931,,CHEMBL1825592,6352479,Ratio,=,0.88,,,efficacy,fold,,,自由文本指标 Ratio 受限提升为效能(fold)，描述命中：「ratio of enzyme activation in treated to untreated control」,20,,0,CHEMBL1821720,2011,LITERATURE,Activation of human recombinant glucokinase expressed in Escherichia coli coexpressing G6PDH at 10 uM using 20 mM glucose measured as ratio of enzyme activation in treated to untreated control by G6PDH coupled continuous spectrophotometric assay
CHEMBL1821931,,CHEMBL1825593,6352545,Ratio,=,-0.072,,,efficacy,fold,,,自由文本指标 Ratio 受限提升为效能(fold)，描述命中：「ratio of enzyme activation in compound treated」,5,,0,CHEMBL1821720,2011,LITERATURE,Activation of human recombinant glucokinase expressed in Escherichia coli coexpressing G6PDH at 10 uM using 5 mM glucose measured as ratio of enzyme activation in compound treated to Ro-28-1675 by G6PDH coupled continuous spectrophotometric assay
CHEMBL1821932,,CHEMBL1825590,6351479,Ratio,=,0.94,,,efficacy,fold,,,自由文本指标 Ratio 受限提升为效能(fold)，描述命中：「ratio of enzyme activation in treated to untreated control」,5,,0,CHEMBL1821720,2011,LITERATURE,Activation of human recombinant glucokinase expressed in Escherichia coli coexpressing G6PDH at 10 uM using 5 mM glucose measured as ratio of enzyme activation in treated to untreated control by G6PDH coupled continuous spectrophotometric assay
CHEMBL1821932,,CHEMBL1825591,6351545,Ratio,=,-0.019,,,efficacy,fold,,,自由文本指标 Ratio 受限提升为效能(fold)，描述命中：「ratio of enzyme activation in compound treated」,5,,0,CHEMBL1821720,2011,LITERATURE,Activation of human recombinant glucokinase expressed in Escherichia coli coexpressing G6PDH at 10 uM using 5 mM glucose measured as ratio of enzyme activation in compound treated to Ro-28-1675 by G6PDH coupled continuous spectrophotometric assay
CHEMBL1821932,,CHEMBL1825592,6352480,Ratio,=,0.92,,,efficacy,fold,,,自由文本指标 Ratio 受限提升为效能(fold)，描述命中：「ratio of enzyme activation in treated to untreated control」,20,,0,CHEMBL1821720,2011,LITERATURE,Activation of human recombinant glucokinase expressed in Escherichia coli coexpressing G6PDH at 10 uM using 20 mM glucose measured as ratio of enzyme activation in treated to untreated control by G6PDH coupled continuous spectrophotometric assay
CHEMBL1821932,,CHEMBL1825593,6352546,Ratio,=,-0.047,,,efficacy,fold,,,自由文本指标 Ratio 受限提升为效能(fold)，描述命中：「ratio of enzyme activation in compound treated」,5,,0,CHEMBL1821720,2011,LITERATURE,Activation of human recombinant glucokinase expressed in Escherichia coli coexpressing G6PDH at 10 uM using 5 mM glucose measured as ratio of enzyme activation in compound treated to Ro-28-1675 by G6PDH coupled continuous spectrophotometric assay
CHEMBL1821933,,CHEMBL1825590,6351480,Ratio,=,1.36,,,efficacy,fold,,,自由文本指标 Ratio 受限提升为效能(fold)，描述命中：「ratio of enzyme activation in treated to untreated control」,5,,0,CHEMBL1821720,2011,LITERATURE,Activation of human recombinant glucokinase expressed in Escherichia coli coexpressing G6PDH at 10 uM using 5 mM glucose measured as ratio of enzyme activation in treated to untreated control by G6PDH coupled continuous spectrophotometric assay
CHEMBL1821933,,CHEMBL1825591,6351546,Ratio,=,0.098,,,efficacy,fold,,,自由文本指标 Ratio 受限提升为效能(fold)，描述命中：「ratio of enzyme activation in compound treated」,5,,0,CHEMBL1821720,2011,LITERATURE,Activation of human recombinant glucokinase expressed in Escherichia coli coexpressing G6PDH at 10 uM using 5 mM glucose measured as ratio of enzyme activation in compound treated to Ro-28-1675 by G6PDH coupled continuous spectrophotometric assay
CHEMBL1821933,,CHEMBL1825592,6352481,Ratio,=,1.1,,,efficacy,fold,,,自由文本指标 Ratio 受限提升为效能(fold)，描述命中：「ratio of enzyme activation in treated to untreated control」,20,,0,CHEMBL1821720,2011,LITERATURE,Activation of human recombinant glucokinase expressed in Escherichia coli coexpressing G6PDH at 10 uM using 20 mM glucose measured as ratio of enzyme activation in treated to untreated control by G6PDH coupled continuous spectrophotometric assay
CHEMBL1821933,,CHEMBL1825593,6352547,Ratio,=,0.054,,,efficacy,fold,,,自由文本指标 Ratio 受限提升为效能(fold)，描述命中：「ratio of enzyme activation in compound treated」,5,,0,CHEMBL1821720,2011,LITERATURE,Activation of human recombinant glucokinase expressed in Escherichia coli coexpressing G6PDH at 10 uM using 5 mM glucose measured as ratio of enzyme activation in compound treated to Ro-28-1675 by G6PDH coupled continuous spectrophotometric assay
CHEMBL1821934,,CHEMBL1825590,6351481,Ratio,=,0.92,,,efficacy,fold,,,自由文本指标 Ratio 受限提升为效能(fold)，描述命中：「ratio of enzyme activation in treated to untreated control」,5,,0,CHEMBL1821720,2011,LITERATURE,Activation of human recombinant glucokinase expressed in Escherichia coli coexpressing G6PDH at 10 uM using 5 mM glucose measured as ratio of enzyme activation in treated to untreated control by G6PDH coupled continuous spectrophotometric assay
CHEMBL1821934,,CHEMBL1825591,6351547,Ratio,=,-0.023,,,efficacy,fold,,,自由文本指标 Ratio 受限提升为效能(fold)，描述命中：「ratio of enzyme activation in compound treated」,5,,0,CHEMBL1821720,2011,LITERATURE,Activation of human recombinant glucokinase expressed in Escherichia coli coexpressing G6PDH at 10 uM using 5 mM glucose measured as ratio of enzyme activation in compound treated to Ro-28-1675 by G6PDH coupled continuous spectrophotometric assay
CHEMBL1821934,,CHEMBL1825592,6352482,Ratio,=,0.94,,,efficacy,fold,,,自由文本指标 Ratio 受限提升为效能(fold)，描述命中：「ratio of enzyme activation in treated to untreated control」,20,,0,CHEMBL1821720,2011,LITERATURE,Activation of human recombinant glucokinase expressed in Escherichia coli coexpressing G6PDH at 10 uM using 20 mM glucose measured as ratio of enzyme activation in treated to untreated control by G6PDH coupled continuous spectrophotometric assay
CHEMBL1821934,,CHEMBL1825593,6352548,Ratio,=,-0.034,,,efficacy,fold,,,自由文本指标 Ratio 受限提升为效能(fold)，描述命中：「ratio of enzyme activation in compound treated」,5,,0,CHEMBL1821720,2011,LITERATURE,Activation of human recombinant glucokinase expressed in Escherichia coli coexpressing G6PDH at 10 uM using 5 mM glucose measured as ratio of enzyme activation in compound treated to Ro-28-1675 by G6PDH coupled continuous spectrophotometric assay
CHEMBL1821935,,CHEMBL1825590,6351482,Ratio,=,1.25,,,efficacy,fold,,,自由文本指标 Ratio 受限提升为效能(fold)，描述命中：「ratio of enzyme activation in treated to untreated control」,5,,0,CHEMBL1821720,2011,LITERATURE,Activation of human recombinant glucokinase expressed in Escherichia coli coexpressing G6PDH at 10 uM using 5 mM glucose measured as ratio of enzyme activation in treated to untreated control by G6PDH coupled continuous spectrophotometric assay
CHEMBL1821935,,CHEMBL1825591,6351548,Ratio,=,0.067,,,efficacy,fold,,,自由文本指标 Ratio 受限提升为效能(fold)，描述命中：「ratio of enzyme activation in compound treated」,5,,0,CHEMBL1821720,2011,LITERATURE,Activation of human recombinant glucokinase expressed in Escherichia coli coexpressing G6PDH at 10 uM using 5 mM glucose measured as ratio of enzyme activation in compound treated to Ro-28-1675 by G6PDH coupled continuous spectrophotometric assay
CHEMBL1821935,,CHEMBL1825592,6352483,Ratio,=,1.1,,,efficacy,fold,,,自由文本指标 Ratio 受限提升为效能(fold)，描述命中：「ratio of enzyme activation in treated to untreated control」,20,,0,CHEMBL1821720,2011,LITERATURE,Activation of human recombinant glucokinase expressed in Escherichia coli coexpressing G6PDH at 10 uM using 20 mM glucose measured as ratio of enzyme activation in treated to untreated control by G6PDH coupled continuous spectrophotometric assay
CHEMBL1821935,,CHEMBL1825593,6352549,Ratio,=,0.064,,,efficacy,fold,,,自由文本指标 Ratio 受限提升为效能(fold)，描述命中：「ratio of enzyme activation in compound treated」,5,,0,CHEMBL1821720,2011,LITERATURE,Activation of human recombinant glucokinase expressed in Escherichia coli coexpressing G6PDH at 10 uM using 5 mM glucose measured as ratio of enzyme activation in compound treated to Ro-28-1675 by G6PDH coupled continuous spectrophotometric assay
CHEMBL1821936,,CHEMBL1825590,6351483,Ratio,=,0.99,,,efficacy,fold,,,自由文本指标 Ratio 受限提升为效能(fold)，描述命中：「ratio of enzyme activation in treated to untreated control」,5,,0,CHEMBL1821720,2011,LITERATURE,Activation of human recombinant glucokinase expressed in Escherichia coli coexpressing G6PDH at 10 uM using 5 mM glucose measured as ratio of enzyme activation in treated to untreated control by G6PDH coupled continuous spectrophotometric assay
CHEMBL1821936,,CHEMBL1825591,6351549,Ratio,=,-0.002,,,efficacy,fold,,,自由文本指标 Ratio 受限提升为效能(fold)，描述命中：「ratio of enzyme activation in compound treated」,5,,0,CHEMBL1821720,2011,LITERATURE,Activation of human recombinant glucokinase expressed in Escherichia coli coexpressing G6PDH at 10 uM using 5 mM glucose measured as ratio of enzyme activation in compound treated to Ro-28-1675 by G6PDH coupled continuous spectrophotometric assay
CHEMBL1821936,,CHEMBL1825592,6352484,Ratio,=,0.85,,,efficacy,fold,,,自由文本指标 Ratio 受限提升为效能(fold)，描述命中：「ratio of enzyme activation in treated to untreated control」,20,,0,CHEMBL1821720,2011,LITERATURE,Activation of human recombinant glucokinase expressed in Escherichia coli coexpressing G6PDH at 10 uM using 20 mM glucose measured as ratio of enzyme activation in treated to untreated control by G6PDH coupled continuous spectrophotometric assay
CHEMBL1821936,,CHEMBL1825593,6352550,Ratio,=,-0.09,,,efficacy,fold,,,自由文本指标 Ratio 受限提升为效能(fold)，描述命中：「ratio of enzyme activation in compound treated」,5,,0,CHEMBL1821720,2011,LITERATURE,Activation of human recombinant glucokinase expressed in Escherichia coli coexpressing G6PDH at 10 uM using 5 mM glucose measured as ratio of enzyme activation in compound treated to Ro-28-1675 by G6PDH coupled continuous spectrophotometric assay
CHEMBL1821937,,CHEMBL1825590,6351484,Ratio,=,1.89,,,efficacy,fold,,,自由文本指标 Ratio 受限提升为效能(fold)，描述命中：「ratio of enzyme activation in treated to untreated control」,5,,0,CHEMBL1821720,2011,LITERATURE,Activation of human recombinant glucokinase expressed in Escherichia coli coexpressing G6PDH at 10 uM using 5 mM glucose measured as ratio of enzyme activation in treated to untreated control by G6PDH coupled continuous spectrophotometric assay
CHEMBL1821937,,CHEMBL1825591,6351550,Ratio,=,0.244,,,efficacy,fold,,,自由文本指标 Ratio 受限提升为效能(fold)，描述命中：「ratio of enzyme activation in compound treated」,5,,0,CHEMBL1821720,2011,LITERATURE,Activation of human recombinant glucokinase expressed in Escherichia coli coexpressing G6PDH at 10 uM using 5 mM glucose measured as ratio of enzyme activation in compound treated to Ro-28-1675 by G6PDH coupled continuous spectrophotometric assay
CHEMBL1821937,,CHEMBL1825592,6352485,Ratio,=,1.46,,,efficacy,fold,,,自由文本指标 Ratio 受限提升为效能(fold)，描述命中：「ratio of enzyme activation in treated to untreated control」,20,,0,CHEMBL1821720,2011,LITERATURE,Activation of human recombinant glucokinase expressed in Escherichia coli coexpressing G6PDH at 10 uM using 20 mM glucose measured as ratio of enzyme activation in treated to untreated control by G6PDH coupled continuous spectrophotometric assay
CHEMBL1821937,,CHEMBL1825593,6352551,Ratio,=,0.267,,,efficacy,fold,,,自由文本指标 Ratio 受限提升为效能(fold)，描述命中：「ratio of enzyme activation in compound treated」,5,,0,CHEMBL1821720,2011,LITERATURE,Activation of human recombinant glucokinase expressed in Escherichia coli coexpressing G6PDH at 10 uM using 5 mM glucose measured as ratio of enzyme activation in compound treated to Ro-28-1675 by G6PDH coupled continuous spectrophotometric assay
CHEMBL1821938,,CHEMBL1825590,6351485,Ratio,=,3.11,,,efficacy,fold,,,自由文本指标 Ratio 受限提升为效能(fold)，描述命中：「ratio of enzyme activation in treated to untreated control」,5,,0,CHEMBL1821720,2011,LITERATURE,Activation of human recombinant glucokinase expressed in Escherichia coli coexpressing G6PDH at 10 uM using 5 mM glucose measured as ratio of enzyme activation in treated to untreated control by G6PDH coupled continuous spectrophotometric assay
CHEMBL1821938,,CHEMBL1825591,6351551,Ratio,=,0.642,,,efficacy,fold,,,自由文本指标 Ratio 受限提升为效能(fold)，描述命中：「ratio of enzyme activation in compound treated」,5,,0,CHEMBL1821720,2011,LITERATURE,Activation of human recombinant glucokinase expressed in Escherichia coli coexpressing G6PDH at 10 uM using 5 mM glucose measured as ratio of enzyme activation in compound treated to Ro-28-1675 by G6PDH coupled continuous spectrophotometric assay
CHEMBL1821938,,CHEMBL1825592,6352486,Ratio,=,1.56,,,efficacy,fold,,,自由文本指标 Ratio 受限提升为效能(fold)，描述命中：「ratio of enzyme activation in treated to untreated control」,20,,0,CHEMBL1821720,2011,LITERATURE,Activation of human recombinant glucokinase expressed in Escherichia coli coexpressing G6PDH at 10 uM using 20 mM glucose measured as ratio of enzyme activation in treated to untreated control by G6PDH coupled continuous spectrophotometric assay
CHEMBL1821938,,CHEMBL1825593,6352552,Ratio,=,0.495,,,efficacy,fold,,,自由文本指标 Ratio 受限提升为效能(fold)，描述命中：「ratio of enzyme activation in compound treated」,5,,0,CHEMBL1821720,2011,LITERATURE,Activation of human recombinant glucokinase expressed in Escherichia coli coexpressing G6PDH at 10 uM using 5 mM glucose measured as ratio of enzyme activation in compound treated to Ro-28-1675 by G6PDH coupled continuous spectrophotometric assay
CHEMBL1821939,,CHEMBL1825590,6351486,Ratio,=,2.76,,,efficacy,fold,,,自由文本指标 Ratio 受限提升为效能(fold)，描述命中：「ratio of enzyme activation in treated to untreated control」,5,,0,CHEMBL1821720,2011,LITERATURE,Activation of human recombinant glucokinase expressed in Escherichia coli coexpressing G6PDH at 10 uM using 5 mM glucose measured as ratio of enzyme activation in treated to untreated control by G6PDH coupled continuous spectrophotometric assay
CHEMBL1821939,,CHEMBL1825591,6351552,Ratio,=,0.537,,,efficacy,fold,,,自由文本指标 Ratio 受限提升为效能(fold)，描述命中：「ratio of enzyme activation in compound treated」,5,,0,CHEMBL1821720,2011,LITERATURE,Activation of human recombinant glucokinase expressed in Escherichia coli coexpressing G6PDH at 10 uM using 5 mM glucose measured as ratio of enzyme activation in compound treated to Ro-28-1675 by G6PDH coupled continuous spectrophotometric assay
CHEMBL1821939,,CHEMBL1825592,6352487,Ratio,=,1.41,,,efficacy,fold,,,自由文本指标 Ratio 受限提升为效能(fold)，描述命中：「ratio of enzyme activation in treated to untreated control」,20,,0,CHEMBL1821720,2011,LITERATURE,Activation of human recombinant glucokinase expressed in Escherichia coli coexpressing G6PDH at 10 uM using 20 mM glucose measured as ratio of enzyme activation in treated to untreated control by G6PDH coupled continuous spectrophotometric assay
CHEMBL1821939,,CHEMBL1825593,6352553,Ratio,=,0.363,,,efficacy,fold,,,自由文本指标 Ratio 受限提升为效能(fold)，描述命中：「ratio of enzyme activation in compound treated」,5,,0,CHEMBL1821720,2011,LITERATURE,Activation of human recombinant glucokinase expressed in Escherichia coli coexpressing G6PDH at 10 uM using 5 mM glucose measured as ratio of enzyme activation in compound treated to Ro-28-1675 by G6PDH coupled continuous spectrophotometric assay
CHEMBL1821940,,CHEMBL1825590,6351487,Ratio,=,2.16,,,efficacy,fold,,,自由文本指标 Ratio 受限提升为效能(fold)，描述命中：「ratio of enzyme activation in treated to untreated control」,5,,0,CHEMBL1821720,2011,LITERATURE,Activation of human recombinant glucokinase expressed in Escherichia coli coexpressing G6PDH at 10 uM using 5 mM glucose measured as ratio of enzyme activation in treated to untreated control by G6PDH coupled continuous spectrophotometric assay
CHEMBL1821940,,CHEMBL1825591,6351553,Ratio,=,0.297,,,efficacy,fold,,,自由文本指标 Ratio 受限提升为效能(fold)，描述命中：「ratio of enzyme activation in compound treated」,5,,0,CHEMBL1821720,2011,LITERATURE,Activation of human recombinant glucokinase expressed in Escherichia coli coexpressing G6PDH at 10 uM using 5 mM glucose measured as ratio of enzyme activation in compound treated to Ro-28-1675 by G6PDH coupled continuous spectrophotometric assay
CHEMBL1821940,,CHEMBL1825592,6352488,Ratio,=,0.95,,,efficacy,fold,,,自由文本指标 Ratio 受限提升为效能(fold)，描述命中：「ratio of enzyme activation in treated to untreated control」,20,,0,CHEMBL1821720,2011,LITERATURE,Activation of human recombinant glucokinase expressed in Escherichia coli coexpressing G6PDH at 10 uM using 20 mM glucose measured as ratio of enzyme activation in treated to untreated control by G6PDH coupled continuous spectrophotometric assay
CHEMBL1821940,,CHEMBL1825593,6352554,Ratio,=,-0.041,,,efficacy,fold,,,自由文本指标 Ratio 受限提升为效能(fold)，描述命中：「ratio of enzyme activation in compound treated」,5,,0,CHEMBL1821720,2011,LITERATURE,Activation of human recombinant glucokinase expressed in Escherichia coli coexpressing G6PDH at 10 uM using 5 mM glucose measured as ratio of enzyme activation in compound treated to Ro-28-1675 by G6PDH coupled continuous spectrophotometric assay
CHEMBL1821941,,CHEMBL1825590,6351488,Ratio,=,2.81,,,efficacy,fold,,,自由文本指标 Ratio 受限提升为效能(fold)，描述命中：「ratio of enzyme activation in treated to untreated control」,5,,0,CHEMBL1821720,2011,LITERATURE,Activation of human recombinant glucokinase expressed in Escherichia coli coexpressing G6PDH at 10 uM using 5 mM glucose measured as ratio of enzyme activation in treated to untreated control by G6PDH coupled continuous spectrophotometric assay
CHEMBL1821941,,CHEMBL1825591,6351554,Ratio,=,0.504,,,efficacy,fold,,,自由文本指标 Ratio 受限提升为效能(fold)，描述命中：「ratio of enzyme activation in compound treated」,5,,0,CHEMBL1821720,2011,LITERATURE,Activation of human recombinant glucokinase expressed in Escherichia coli coexpressing G6PDH at 10 uM using 5 mM glucose measured as ratio of enzyme activation in compound treated to Ro-28-1675 by G6PDH coupled continuous spectrophotometric assay
CHEMBL1821941,,CHEMBL1825592,6352489,Ratio,=,1.72,,,efficacy,fold,,,自由文本指标 Ratio 受限提升为效能(fold)，描述命中：「ratio of enzyme activation in treated to untreated control」,20,,0,CHEMBL1821720,2011,LITERATURE,Activation of human recombinant glucokinase expressed in Escherichia coli coexpressing G6PDH at 10 uM using 20 mM glucose measured as ratio of enzyme activation in treated to untreated control by G6PDH coupled continuous spectrophotometric assay
CHEMBL1821941,,CHEMBL1825593,6352555,Ratio,=,0.47,,,efficacy,fold,,,自由文本指标 Ratio 受限提升为效能(fold)，描述命中：「ratio of enzyme activation in compound treated」,5,,0,CHEMBL1821720,2011,LITERATURE,Activation of human recombinant glucokinase expressed in Escherichia coli coexpressing G6PDH at 10 uM using 5 mM glucose measured as ratio of enzyme activation in compound treated to Ro-28-1675 by G6PDH coupled continuous spectrophotometric assay
CHEMBL1821942,,CHEMBL1825590,6351489,Ratio,=,2.92,,,efficacy,fold,,,自由文本指标 Ratio 受限提升为效能(fold)，描述命中：「ratio of enzyme activation in treated to untreated control」,5,,0,CHEMBL1821720,2011,LITERATURE,Activation of human recombinant glucokinase expressed in Escherichia coli coexpressing G6PDH at 10 uM using 5 mM glucose measured as ratio of enzyme activation in treated to untreated control by G6PDH coupled continuous spectrophotometric assay
CHEMBL1821942,,CHEMBL1825591,6351555,Ratio,=,0.586,,,efficacy,fold,,,自由文本指标 Ratio 受限提升为效能(fold)，描述命中：「ratio of enzyme activation in compound treated」,5,,0,CHEMBL1821720,2011,LITERATURE,Activation of human recombinant glucokinase expressed in Escherichia coli coexpressing G6PDH at 10 uM using 5 mM glucose measured as ratio of enzyme activation in compound treated to Ro-28-1675 by G6PDH coupled continuous spectrophotometric assay
CHEMBL1821942,,CHEMBL1825592,6352490,Ratio,=,1.39,,,efficacy,fold,,,自由文本指标 Ratio 受限提升为效能(fold)，描述命中：「ratio of enzyme activation in treated to untreated control」,20,,0,CHEMBL1821720,2011,LITERATURE,Activation of human recombinant glucokinase expressed in Escherichia coli coexpressing G6PDH at 10 uM using 20 mM glucose measured as ratio of enzyme activation in treated to untreated control by G6PDH coupled continuous spectrophotometric assay
CHEMBL1821942,,CHEMBL1825593,6352556,Ratio,=,0.343,,,efficacy,fold,,,自由文本指标 Ratio 受限提升为效能(fold)，描述命中：「ratio of enzyme activation in compound treated」,5,,0,CHEMBL1821720,2011,LITERATURE,Activation of human recombinant glucokinase expressed in Escherichia coli coexpressing G6PDH at 10 uM using 5 mM glucose measured as ratio of enzyme activation in compound treated to Ro-28-1675 by G6PDH coupled continuous spectrophotometric assay
CHEMBL1821943,,CHEMBL1825590,6351490,Ratio,=,3.34,,,efficacy,fold,,,自由文本指标 Ratio 受限提升为效能(fold)，描述命中：「ratio of enzyme activation in treated to untreated control」,5,,0,CHEMBL1821720,2011,LITERATURE,Activation of human recombinant glucokinase expressed in Escherichia coli coexpressing G6PDH at 10 uM using 5 mM glucose measured as ratio of enzyme activation in treated to untreated control by G6PDH coupled continuous spectrophotometric assay
CHEMBL1821943,,CHEMBL1825591,6351556,Ratio,=,0.714,,,efficacy,fold,,,自由文本指标 Ratio 受限提升为效能(fold)，描述命中：「ratio of enzyme activation in compound treated」,5,,0,CHEMBL1821720,2011,LITERATURE,Activation of human recombinant glucokinase expressed in Escherichia coli coexpressing G6PDH at 10 uM using 5 mM glucose measured as ratio of enzyme activation in compound treated to Ro-28-1675 by G6PDH coupled continuous spectrophotometric assay
CHEMBL1821943,,CHEMBL1825592,6352491,Ratio,=,1.8,,,efficacy,fold,,,自由文本指标 Ratio 受限提升为效能(fold)，描述命中：「ratio of enzyme activation in treated to untreated control」,20,,0,CHEMBL1821720,2011,LITERATURE,Activation of human recombinant glucokinase expressed in Escherichia coli coexpressing G6PDH at 10 uM using 20 mM glucose measured as ratio of enzyme activation in treated to untreated control by G6PDH coupled continuous spectrophotometric assay
CHEMBL1821943,,CHEMBL1825593,6352557,Ratio,=,0.713,,,efficacy,fold,,,自由文本指标 Ratio 受限提升为效能(fold)，描述命中：「ratio of enzyme activation in compound treated」,5,,0,CHEMBL1821720,2011,LITERATURE,Activation of human recombinant glucokinase expressed in Escherichia coli coexpressing G6PDH at 10 uM using 5 mM glucose measured as ratio of enzyme activation in compound treated to Ro-28-1675 by G6PDH coupled continuous spectrophotometric assay
CHEMBL1821943,,CHEMBL1825594,6352583,Activity,=,69,%,,unclassified,,,,Activity 为自由文本指标（无官方标准化规则），assay 描述未命中提升门槛，不跨实验汇总,5,,0,CHEMBL1821720,2011,LITERATURE,Activation of human recombinant glucokinase expressed in Escherichia coli coexpressing G6PDH at 10 uM using 5 mM glucose by G6PDH coupled continuous spectrophotometric assay relative to Ro-28-1675
CHEMBL1821943,,CHEMBL1825595,6352588,Activity,=,69,%,,unclassified,,,,Activity 为自由文本指标（无官方标准化规则），assay 描述未命中提升门槛，不跨实验汇总,20,,0,CHEMBL1821720,2011,LITERATURE,Activation of human recombinant glucokinase expressed in Escherichia coli coexpressing G6PDH at 10 uM using 20 mM glucose by G6PDH coupled continuous spectrophotometric assay relative to Ro-28-1675
CHEMBL1821943,,CHEMBL4272644,18790315,FC,=,6.23,,,efficacy,fold,,,FC（fold change）为激活倍数,5,,0,CHEMBL4270548,2018,LITERATURE,Activation of human glucokinase assessed as conversion of D-glucose to D-glucose-6-phosphate at 10 uM preincubated for 10 mins followed by 5 mM glucose addition measured for 5 mins at 30 secs time interval by G6PDH/NADP coupled assay relative to control
CHEMBL1821943,,CHEMBL4272645,18790316,FC,=,0.699,,,efficacy,fold,,,FC（fold change）为激活倍数,5,,0,CHEMBL4270548,2018,LITERATURE,Activation of human glucokinase assessed as conversion of D-glucose to D-glucose-6-phosphate at 10 uM preincubated for 10 mins followed by 5 mM glucose addition measured for 5 mins at 30 secs time interval by G6PDH/NADP coupled assay relative to RO0281675
CHEMBL1822111,,CHEMBL1825590,6351491,Ratio,=,3.7,,,efficacy,fold,,,自由文本指标 Ratio 受限提升为效能(fold)，描述命中：「ratio of enzyme activation in treated to untreated control」,5,,0,CHEMBL1821720,2011,LITERATURE,Activation of human recombinant glucokinase expressed in Escherichia coli coexpressing G6PDH at 10 uM using 5 mM glucose measured as ratio of enzyme activation in treated to untreated control by G6PDH coupled continuous spectrophotometric assay
CHEMBL1822111,,CHEMBL1825591,6351557,Ratio,=,0.69,,,efficacy,fold,,,自由文本指标 Ratio 受限提升为效能(fold)，描述命中：「ratio of enzyme activation in compound treated」,5,,0,CHEMBL1821720,2011,LITERATURE,Activation of human recombinant glucokinase expressed in Escherichia coli coexpressing G6PDH at 10 uM using 5 mM glucose measured as ratio of enzyme activation in compound treated to Ro-28-1675 by G6PDH coupled continuous spectrophotometric assay
CHEMBL1822111,,CHEMBL1825592,6352492,Ratio,=,1.92,,,efficacy,fold,,,自由文本指标 Ratio 受限提升为效能(fold)，描述命中：「ratio of enzyme activation in treated to untreated control」,20,,0,CHEMBL1821720,2011,LITERATURE,Activation of human recombinant glucokinase expressed in Escherichia coli coexpressing G6PDH at 10 uM using 20 mM glucose measured as ratio of enzyme activation in treated to untreated control by G6PDH coupled continuous spectrophotometric assay
CHEMBL1822111,,CHEMBL1825593,6352558,Ratio,=,0.736,,,efficacy,fold,,,自由文本指标 Ratio 受限提升为效能(fold)，描述命中：「ratio of enzyme activation in compound treated」,5,,0,CHEMBL1821720,2011,LITERATURE,Activation of human recombinant glucokinase expressed in Escherichia coli coexpressing G6PDH at 10 uM using 5 mM glucose measured as ratio of enzyme activation in compound treated to Ro-28-1675 by G6PDH coupled continuous spectrophotometric assay
CHEMBL1822111,,CHEMBL1825594,6352584,Activity,=,69,%,,unclassified,,,,Activity 为自由文本指标（无官方标准化规则），assay 描述未命中提升门槛，不跨实验汇总,5,,0,CHEMBL1821720,2011,LITERATURE,Activation of human recombinant glucokinase expressed in Escherichia coli coexpressing G6PDH at 10 uM using 5 mM glucose by G6PDH coupled continuous spectrophotometric assay relative to Ro-28-1675
CHEMBL1822111,,CHEMBL1825595,6352589,Activity,=,69,%,,unclassified,,,,Activity 为自由文本指标（无官方标准化规则），assay 描述未命中提升门槛，不跨实验汇总,20,,0,CHEMBL1821720,2011,LITERATURE,Activation of human recombinant glucokinase expressed in Escherichia coli coexpressing G6PDH at 10 uM using 20 mM glucose by G6PDH coupled continuous spectrophotometric assay relative to Ro-28-1675
CHEMBL1822112,,CHEMBL1825590,6351492,Ratio,=,2.29,,,efficacy,fold,,,自由文本指标 Ratio 受限提升为效能(fold)，描述命中：「ratio of enzyme activation in treated to untreated control」,5,,0,CHEMBL1821720,2011,LITERATURE,Activation of human recombinant glucokinase expressed in Escherichia coli coexpressing G6PDH at 10 uM using 5 mM glucose measured as ratio of enzyme activation in treated to untreated control by G6PDH coupled continuous spectrophotometric assay
CHEMBL1822112,,CHEMBL1825591,6351558,Ratio,=,0.34,,,efficacy,fold,,,自由文本指标 Ratio 受限提升为效能(fold)，描述命中：「ratio of enzyme activation in compound treated」,5,,0,CHEMBL1821720,2011,LITERATURE,Activation of human recombinant glucokinase expressed in Escherichia coli coexpressing G6PDH at 10 uM using 5 mM glucose measured as ratio of enzyme activation in compound treated to Ro-28-1675 by G6PDH coupled continuous spectrophotometric assay
CHEMBL1822112,,CHEMBL1825592,6352493,Ratio,=,1.58,,,efficacy,fold,,,自由文本指标 Ratio 受限提升为效能(fold)，描述命中：「ratio of enzyme activation in treated to untreated control」,20,,0,CHEMBL1821720,2011,LITERATURE,Activation of human recombinant glucokinase expressed in Escherichia coli coexpressing G6PDH at 10 uM using 20 mM glucose measured as ratio of enzyme activation in treated to untreated control by G6PDH coupled continuous spectrophotometric assay
CHEMBL1822112,,CHEMBL1825593,6352559,Ratio,=,0.418,,,efficacy,fold,,,自由文本指标 Ratio 受限提升为效能(fold)，描述命中：「ratio of enzyme activation in compound treated」,5,,0,CHEMBL1821720,2011,LITERATURE,Activation of human recombinant glucokinase expressed in Escherichia coli coexpressing G6PDH at 10 uM using 5 mM glucose measured as ratio of enzyme activation in compound treated to Ro-28-1675 by G6PDH coupled continuous spectrophotometric assay
CHEMBL1822113,,CHEMBL1825590,6351493,Ratio,=,2.61,,,efficacy,fold,,,自由文本指标 Ratio 受限提升为效能(fold)，描述命中：「ratio of enzyme activation in treated to untreated control」,5,,0,CHEMBL1821720,2011,LITERATURE,Activation of human recombinant glucokinase expressed in Escherichia coli coexpressing G6PDH at 10 uM using 5 mM glucose measured as ratio of enzyme activation in treated to untreated control by G6PDH coupled continuous spectrophotometric assay
CHEMBL1822113,,CHEMBL1825591,6351559,Ratio,=,0.453,,,efficacy,fold,,,自由文本指标 Ratio 受限提升为效能(fold)，描述命中：「ratio of enzyme activation in compound treated」,5,,0,CHEMBL1821720,2011,LITERATURE,Activation of human recombinant glucokinase expressed in Escherichia coli coexpressing G6PDH at 10 uM using 5 mM glucose measured as ratio of enzyme activation in compound treated to Ro-28-1675 by G6PDH coupled continuous spectrophotometric assay
CHEMBL1822113,,CHEMBL1825592,6352494,Ratio,=,1.61,,,efficacy,fold,,,自由文本指标 Ratio 受限提升为效能(fold)，描述命中：「ratio of enzyme activation in treated to untreated control」,20,,0,CHEMBL1821720,2011,LITERATURE,Activation of human recombinant glucokinase expressed in Escherichia coli coexpressing G6PDH at 10 uM using 20 mM glucose measured as ratio of enzyme activation in treated to untreated control by G6PDH coupled continuous spectrophotometric assay
CHEMBL1822113,,CHEMBL1825593,6352560,Ratio,=,0.509,,,efficacy,fold,,,自由文本指标 Ratio 受限提升为效能(fold)，描述命中：「ratio of enzyme activation in compound treated」,5,,0,CHEMBL1821720,2011,LITERATURE,Activation of human recombinant glucokinase expressed in Escherichia coli coexpressing G6PDH at 10 uM using 5 mM glucose measured as ratio of enzyme activation in compound treated to Ro-28-1675 by G6PDH coupled continuous spectrophotometric assay
CHEMBL1822114,,CHEMBL1825590,6351494,Ratio,=,0.96,,,efficacy,fold,,,自由文本指标 Ratio 受限提升为效能(fold)，描述命中：「ratio of enzyme activation in treated to untreated control」,5,,0,CHEMBL1821720,2011,LITERATURE,Activation of human recombinant glucokinase expressed in Escherichia coli coexpressing G6PDH at 10 uM using 5 mM glucose measured as ratio of enzyme activation in treated to untreated control by G6PDH coupled continuous spectrophotometric assay
CHEMBL1822114,,CHEMBL1825591,6351560,Ratio,=,-0.011,,,efficacy,fold,,,自由文本指标 Ratio 受限提升为效能(fold)，描述命中：「ratio of enzyme activation in compound treated」,5,,0,CHEMBL1821720,2011,LITERATURE,Activation of human recombinant glucokinase expressed in Escherichia coli coexpressing G6PDH at 10 uM using 5 mM glucose measured as ratio of enzyme activation in compound treated to Ro-28-1675 by G6PDH coupled continuous spectrophotometric assay
CHEMBL1822114,,CHEMBL1825592,6352495,Ratio,=,0.96,,,efficacy,fold,,,自由文本指标 Ratio 受限提升为效能(fold)，描述命中：「ratio of enzyme activation in treated to untreated control」,20,,0,CHEMBL1821720,2011,LITERATURE,Activation of human recombinant glucokinase expressed in Escherichia coli coexpressing G6PDH at 10 uM using 20 mM glucose measured as ratio of enzyme activation in treated to untreated control by G6PDH coupled continuous spectrophotometric assay
CHEMBL1822114,,CHEMBL1825593,6352561,Ratio,=,-0.026,,,efficacy,fold,,,自由文本指标 Ratio 受限提升为效能(fold)，描述命中：「ratio of enzyme activation in compound treated」,5,,0,CHEMBL1821720,2011,LITERATURE,Activation of human recombinant glucokinase expressed in Escherichia coli coexpressing G6PDH at 10 uM using 5 mM glucose measured as ratio of enzyme activation in compound treated to Ro-28-1675 by G6PDH coupled continuous spectrophotometric assay
CHEMBL1822115,,CHEMBL1825590,6351496,Ratio,=,1,,,efficacy,fold,,,自由文本指标 Ratio 受限提升为效能(fold)，描述命中：「ratio of enzyme activation in treated to untreated control」,5,,0,CHEMBL1821720,2011,LITERATURE,Activation of human recombinant glucokinase expressed in Escherichia coli coexpressing G6PDH at 10 uM using 5 mM glucose measured as ratio of enzyme activation in treated to untreated control by G6PDH coupled continuous spectrophotometric assay
CHEMBL1822115,,CHEMBL1825591,6351562,Ratio,=,0.001,,,efficacy,fold,,,自由文本指标 Ratio 受限提升为效能(fold)，描述命中：「ratio of enzyme activation in compound treated」,5,,0,CHEMBL1821720,2011,LITERATURE,Activation of human recombinant glucokinase expressed in Escherichia coli coexpressing G6PDH at 10 uM using 5 mM glucose measured as ratio of enzyme activation in compound treated to Ro-28-1675 by G6PDH coupled continuous spectrophotometric assay
CHEMBL1822115,,CHEMBL1825592,6352497,Ratio,=,0.95,,,efficacy,fold,,,自由文本指标 Ratio 受限提升为效能(fold)，描述命中：「ratio of enzyme activation in treated to untreated control」,20,,0,CHEMBL1821720,2011,LITERATURE,Activation of human recombinant glucokinase expressed in Escherichia coli coexpressing G6PDH at 10 uM using 20 mM glucose measured as ratio of enzyme activation in treated to untreated control by G6PDH coupled continuous spectrophotometric assay
CHEMBL1822115,,CHEMBL1825593,6352563,Ratio,=,-0.032,,,efficacy,fold,,,自由文本指标 Ratio 受限提升为效能(fold)，描述命中：「ratio of enzyme activation in compound treated」,5,,0,CHEMBL1821720,2011,LITERATURE,Activation of human recombinant glucokinase expressed in Escherichia coli coexpressing G6PDH at 10 uM using 5 mM glucose measured as ratio of enzyme activation in compound treated to Ro-28-1675 by G6PDH coupled continuous spectrophotometric assay
CHEMBL1822116,,CHEMBL1825590,6351497,Ratio,=,1.53,,,efficacy,fold,,,自由文本指标 Ratio 受限提升为效能(fold)，描述命中：「ratio of enzyme activation in treated to untreated control」,5,,0,CHEMBL1821720,2011,LITERATURE,Activation of human recombinant glucokinase expressed in Escherichia coli coexpressing G6PDH at 10 uM using 5 mM glucose measured as ratio of enzyme activation in treated to untreated control by G6PDH coupled continuous spectrophotometric assay
CHEMBL1822116,,CHEMBL1825591,6351563,Ratio,=,0.127,,,efficacy,fold,,,自由文本指标 Ratio 受限提升为效能(fold)，描述命中：「ratio of enzyme activation in compound treated」,5,,0,CHEMBL1821720,2011,LITERATURE,Activation of human recombinant glucokinase expressed in Escherichia coli coexpressing G6PDH at 10 uM using 5 mM glucose measured as ratio of enzyme activation in compound treated to Ro-28-1675 by G6PDH coupled continuous spectrophotometric assay
CHEMBL1822116,,CHEMBL1825592,6352498,Ratio,=,1.05,,,efficacy,fold,,,自由文本指标 Ratio 受限提升为效能(fold)，描述命中：「ratio of enzyme activation in treated to untreated control」,20,,0,CHEMBL1821720,2011,LITERATURE,Activation of human recombinant glucokinase expressed in Escherichia coli coexpressing G6PDH at 10 uM using 20 mM glucose measured as ratio of enzyme activation in treated to untreated control by G6PDH coupled continuous spectrophotometric assay
CHEMBL1822116,,CHEMBL1825593,6352564,Ratio,=,0.028,,,efficacy,fold,,,自由文本指标 Ratio 受限提升为效能(fold)，描述命中：「ratio of enzyme activation in compound treated」,5,,0,CHEMBL1821720,2011,LITERATURE,Activation of human recombinant glucokinase expressed in Escherichia coli coexpressing G6PDH at 10 uM using 5 mM glucose measured as ratio of enzyme activation in compound treated to Ro-28-1675 by G6PDH coupled continuous spectrophotometric assay
CHEMBL1822117,,CHEMBL1825590,6351498,Ratio,=,0.9,,,efficacy,fold,,,自由文本指标 Ratio 受限提升为效能(fold)，描述命中：「ratio of enzyme activation in treated to untreated control」,5,,0,CHEMBL1821720,2011,LITERATURE,Activation of human recombinant glucokinase expressed in Escherichia coli coexpressing G6PDH at 10 uM using 5 mM glucose measured as ratio of enzyme activation in treated to untreated control by G6PDH coupled continuous spectrophotometric assay
CHEMBL1822117,,CHEMBL1825591,6351564,Ratio,=,-0.025,,,efficacy,fold,,,自由文本指标 Ratio 受限提升为效能(fold)，描述命中：「ratio of enzyme activation in compound treated」,5,,0,CHEMBL1821720,2011,LITERATURE,Activation of human recombinant glucokinase expressed in Escherichia coli coexpressing G6PDH at 10 uM using 5 mM glucose measured as ratio of enzyme activation in compound treated to Ro-28-1675 by G6PDH coupled continuous spectrophotometric assay
CHEMBL1822117,,CHEMBL1825592,6352499,Ratio,=,0.92,,,efficacy,fold,,,自由文本指标 Ratio 受限提升为效能(fold)，描述命中：「ratio of enzyme activation in treated to untreated control」,20,,0,CHEMBL1821720,2011,LITERATURE,Activation of human recombinant glucokinase expressed in Escherichia coli coexpressing G6PDH at 10 uM using 20 mM glucose measured as ratio of enzyme activation in treated to untreated control by G6PDH coupled continuous spectrophotometric assay
CHEMBL1822117,,CHEMBL1825593,6352565,Ratio,=,-0.048,,,efficacy,fold,,,自由文本指标 Ratio 受限提升为效能(fold)，描述命中：「ratio of enzyme activation in compound treated」,5,,0,CHEMBL1821720,2011,LITERATURE,Activation of human recombinant glucokinase expressed in Escherichia coli coexpressing G6PDH at 10 uM using 5 mM glucose measured as ratio of enzyme activation in compound treated to Ro-28-1675 by G6PDH coupled continuous spectrophotometric assay
CHEMBL1822118,,CHEMBL1825590,6351499,Ratio,=,1.33,,,efficacy,fold,,,自由文本指标 Ratio 受限提升为效能(fold)，描述命中：「ratio of enzyme activation in treated to untreated control」,5,,0,CHEMBL1821720,2011,LITERATURE,Activation of human recombinant glucokinase expressed in Escherichia coli coexpressing G6PDH at 10 uM using 5 mM glucose measured as ratio of enzyme activation in treated to untreated control by G6PDH coupled continuous spectrophotometric assay
CHEMBL1822118,,CHEMBL1825591,6351565,Ratio,=,0.076,,,efficacy,fold,,,自由文本指标 Ratio 受限提升为效能(fold)，描述命中：「ratio of enzyme activation in compound treated」,5,,0,CHEMBL1821720,2011,LITERATURE,Activation of human recombinant glucokinase expressed in Escherichia coli coexpressing G6PDH at 10 uM using 5 mM glucose measured as ratio of enzyme activation in compound treated to Ro-28-1675 by G6PDH coupled continuous spectrophotometric assay
CHEMBL1822118,,CHEMBL1825592,6352500,Ratio,=,1.19,,,efficacy,fold,,,自由文本指标 Ratio 受限提升为效能(fold)，描述命中：「ratio of enzyme activation in treated to untreated control」,20,,0,CHEMBL1821720,2011,LITERATURE,Activation of human recombinant glucokinase expressed in Escherichia coli coexpressing G6PDH at 10 uM using 20 mM glucose measured as ratio of enzyme activation in treated to untreated control by G6PDH coupled continuous spectrophotometric assay
CHEMBL1822118,,CHEMBL1825593,6352566,Ratio,=,0.114,,,efficacy,fold,,,自由文本指标 Ratio 受限提升为效能(fold)，描述命中：「ratio of enzyme activation in compound treated」,5,,0,CHEMBL1821720,2011,LITERATURE,Activation of human recombinant glucokinase expressed in Escherichia coli coexpressing G6PDH at 10 uM using 5 mM glucose measured as ratio of enzyme activation in compound treated to Ro-28-1675 by G6PDH coupled continuous spectrophotometric assay
CHEMBL1822119,,CHEMBL1825590,6351500,Ratio,=,1.12,,,efficacy,fold,,,自由文本指标 Ratio 受限提升为效能(fold)，描述命中：「ratio of enzyme activation in treated to untreated control」,5,,0,CHEMBL1821720,2011,LITERATURE,Activation of human recombinant glucokinase expressed in Escherichia coli coexpressing G6PDH at 10 uM using 5 mM glucose measured as ratio of enzyme activation in treated to untreated control by G6PDH coupled continuous spectrophotometric assay
CHEMBL1822119,,CHEMBL1825591,6351566,Ratio,=,0.027,,,efficacy,fold,,,自由文本指标 Ratio 受限提升为效能(fold)，描述命中：「ratio of enzyme activation in compound treated」,5,,0,CHEMBL1821720,2011,LITERATURE,Activation of human recombinant glucokinase expressed in Escherichia coli coexpressing G6PDH at 10 uM using 5 mM glucose measured as ratio of enzyme activation in compound treated to Ro-28-1675 by G6PDH coupled continuous spectrophotometric assay
CHEMBL1822119,,CHEMBL1825592,6352501,Ratio,=,1.05,,,efficacy,fold,,,自由文本指标 Ratio 受限提升为效能(fold)，描述命中：「ratio of enzyme activation in treated to untreated control」,20,,0,CHEMBL1821720,2011,LITERATURE,Activation of human recombinant glucokinase expressed in Escherichia coli coexpressing G6PDH at 10 uM using 20 mM glucose measured as ratio of enzyme activation in treated to untreated control by G6PDH coupled continuous spectrophotometric assay
CHEMBL1822119,,CHEMBL1825593,6352567,Ratio,=,0.027,,,efficacy,fold,,,自由文本指标 Ratio 受限提升为效能(fold)，描述命中：「ratio of enzyme activation in compound treated」,5,,0,CHEMBL1821720,2011,LITERATURE,Activation of human recombinant glucokinase expressed in Escherichia coli coexpressing G6PDH at 10 uM using 5 mM glucose measured as ratio of enzyme activation in compound treated to Ro-28-1675 by G6PDH coupled continuous spectrophotometric assay
CHEMBL1822120,,CHEMBL1825590,6351501,Ratio,=,1.06,,,efficacy,fold,,,自由文本指标 Ratio 受限提升为效能(fold)，描述命中：「ratio of enzyme activation in treated to untreated control」,5,,0,CHEMBL1821720,2011,LITERATURE,Activation of human recombinant glucokinase expressed in Escherichia coli coexpressing G6PDH at 10 uM using 5 mM glucose measured as ratio of enzyme activation in treated to untreated control by G6PDH coupled continuous spectrophotometric assay
CHEMBL1822120,,CHEMBL1825591,6351567,Ratio,=,0.019,,,efficacy,fold,,,自由文本指标 Ratio 受限提升为效能(fold)，描述命中：「ratio of enzyme activation in compound treated」,5,,0,CHEMBL1821720,2011,LITERATURE,Activation of human recombinant glucokinase expressed in Escherichia coli coexpressing G6PDH at 10 uM using 5 mM glucose measured as ratio of enzyme activation in compound treated to Ro-28-1675 by G6PDH coupled continuous spectrophotometric assay
CHEMBL1822120,,CHEMBL1825592,6352502,Ratio,=,0.99,,,efficacy,fold,,,自由文本指标 Ratio 受限提升为效能(fold)，描述命中：「ratio of enzyme activation in treated to untreated control」,20,,0,CHEMBL1821720,2011,LITERATURE,Activation of human recombinant glucokinase expressed in Escherichia coli coexpressing G6PDH at 10 uM using 20 mM glucose measured as ratio of enzyme activation in treated to untreated control by G6PDH coupled continuous spectrophotometric assay
CHEMBL1822120,,CHEMBL1825593,6352568,Ratio,=,-0.004,,,efficacy,fold,,,自由文本指标 Ratio 受限提升为效能(fold)，描述命中：「ratio of enzyme activation in compound treated」,5,,0,CHEMBL1821720,2011,LITERATURE,Activation of human recombinant glucokinase expressed in Escherichia coli coexpressing G6PDH at 10 uM using 5 mM glucose measured as ratio of enzyme activation in compound treated to Ro-28-1675 by G6PDH coupled continuous spectrophotometric assay
CHEMBL1822121,,CHEMBL1825590,6351503,Ratio,=,1.01,,,efficacy,fold,,,自由文本指标 Ratio 受限提升为效能(fold)，描述命中：「ratio of enzyme activation in treated to untreated control」,5,,0,CHEMBL1821720,2011,LITERATURE,Activation of human recombinant glucokinase expressed in Escherichia coli coexpressing G6PDH at 10 uM using 5 mM glucose measured as ratio of enzyme activation in treated to untreated control by G6PDH coupled continuous spectrophotometric assay
CHEMBL1822121,,CHEMBL1825591,6351569,Ratio,=,0.002,,,efficacy,fold,,,自由文本指标 Ratio 受限提升为效能(fold)，描述命中：「ratio of enzyme activation in compound treated」,5,,0,CHEMBL1821720,2011,LITERATURE,Activation of human recombinant glucokinase expressed in Escherichia coli coexpressing G6PDH at 10 uM using 5 mM glucose measured as ratio of enzyme activation in compound treated to Ro-28-1675 by G6PDH coupled continuous spectrophotometric assay
CHEMBL1822121,,CHEMBL1825592,6352504,Ratio,=,0.93,,,efficacy,fold,,,自由文本指标 Ratio 受限提升为效能(fold)，描述命中：「ratio of enzyme activation in treated to untreated control」,20,,0,CHEMBL1821720,2011,LITERATURE,Activation of human recombinant glucokinase expressed in Escherichia coli coexpressing G6PDH at 10 uM using 20 mM glucose measured as ratio of enzyme activation in treated to untreated control by G6PDH coupled continuous spectrophotometric assay
CHEMBL1822121,,CHEMBL1825593,6352570,Ratio,=,-0.033,,,efficacy,fold,,,自由文本指标 Ratio 受限提升为效能(fold)，描述命中：「ratio of enzyme activation in compound treated」,5,,0,CHEMBL1821720,2011,LITERATURE,Activation of human recombinant glucokinase expressed in Escherichia coli coexpressing G6PDH at 10 uM using 5 mM glucose measured as ratio of enzyme activation in compound treated to Ro-28-1675 by G6PDH coupled continuous spectrophotometric assay
CHEMBL1822122,,CHEMBL1825590,6351504,Ratio,=,0.98,,,efficacy,fold,,,自由文本指标 Ratio 受限提升为效能(fold)，描述命中：「ratio of enzyme activation in treated to untreated control」,5,,0,CHEMBL1821720,2011,LITERATURE,Activation of human recombinant glucokinase expressed in Escherichia coli coexpressing G6PDH at 10 uM using 5 mM glucose measured as ratio of enzyme activation in treated to untreated control by G6PDH coupled continuous spectrophotometric assay
CHEMBL1822122,,CHEMBL1825591,6351570,Ratio,=,-0.006,,,efficacy,fold,,,自由文本指标 Ratio 受限提升为效能(fold)，描述命中：「ratio of enzyme activation in compound treated」,5,,0,CHEMBL1821720,2011,LITERATURE,Activation of human recombinant glucokinase expressed in Escherichia coli coexpressing G6PDH at 10 uM using 5 mM glucose measured as ratio of enzyme activation in compound treated to Ro-28-1675 by G6PDH coupled continuous spectrophotometric assay
CHEMBL1822122,,CHEMBL1825592,6352505,Ratio,=,0.93,,,efficacy,fold,,,自由文本指标 Ratio 受限提升为效能(fold)，描述命中：「ratio of enzyme activation in treated to untreated control」,20,,0,CHEMBL1821720,2011,LITERATURE,Activation of human recombinant glucokinase expressed in Escherichia coli coexpressing G6PDH at 10 uM using 20 mM glucose measured as ratio of enzyme activation in treated to untreated control by G6PDH coupled continuous spectrophotometric assay
CHEMBL1822122,,CHEMBL1825593,6352571,Ratio,=,-0.041,,,efficacy,fold,,,自由文本指标 Ratio 受限提升为效能(fold)，描述命中：「ratio of enzyme activation in compound treated」,5,,0,CHEMBL1821720,2011,LITERATURE,Activation of human recombinant glucokinase expressed in Escherichia coli coexpressing G6PDH at 10 uM using 5 mM glucose measured as ratio of enzyme activation in compound treated to Ro-28-1675 by G6PDH coupled continuous spectrophotometric assay
CHEMBL1822123,,CHEMBL1825590,6351507,Ratio,=,1.01,,,efficacy,fold,,,自由文本指标 Ratio 受限提升为效能(fold)，描述命中：「ratio of enzyme activation in treated to untreated control」,5,,0,CHEMBL1821720,2011,LITERATURE,Activation of human recombinant glucokinase expressed in Escherichia coli coexpressing G6PDH at 10 uM using 5 mM glucose measured as ratio of enzyme activation in treated to untreated control by G6PDH coupled continuous spectrophotometric assay
CHEMBL1822123,,CHEMBL1825591,6351573,Ratio,=,0.004,,,efficacy,fold,,,自由文本指标 Ratio 受限提升为效能(fold)，描述命中：「ratio of enzyme activation in compound treated」,5,,0,CHEMBL1821720,2011,LITERATURE,Activation of human recombinant glucokinase expressed in Escherichia coli coexpressing G6PDH at 10 uM using 5 mM glucose measured as ratio of enzyme activation in compound treated to Ro-28-1675 by G6PDH coupled continuous spectrophotometric assay
CHEMBL1822123,,CHEMBL1825592,6352508,Ratio,=,0.96,,,efficacy,fold,,,自由文本指标 Ratio 受限提升为效能(fold)，描述命中：「ratio of enzyme activation in treated to untreated control」,20,,0,CHEMBL1821720,2011,LITERATURE,Activation of human recombinant glucokinase expressed in Escherichia coli coexpressing G6PDH at 10 uM using 20 mM glucose measured as ratio of enzyme activation in treated to untreated control by G6PDH coupled continuous spectrophotometric assay
CHEMBL1822123,,CHEMBL1825593,6352574,Ratio,=,-0.025,,,efficacy,fold,,,自由文本指标 Ratio 受限提升为效能(fold)，描述命中：「ratio of enzyme activation in compound treated」,5,,0,CHEMBL1821720,2011,LITERATURE,Activation of human recombinant glucokinase expressed in Escherichia coli coexpressing G6PDH at 10 uM using 5 mM glucose measured as ratio of enzyme activation in compound treated to Ro-28-1675 by G6PDH coupled continuous spectrophotometric assay
CHEMBL1822124,,CHEMBL1825590,6351509,Ratio,=,1.06,,,efficacy,fold,,,自由文本指标 Ratio 受限提升为效能(fold)，描述命中：「ratio of enzyme activation in treated to untreated control」,5,,0,CHEMBL1821720,2011,LITERATURE,Activation of human recombinant glucokinase expressed in Escherichia coli coexpressing G6PDH at 10 uM using 5 mM glucose measured as ratio of enzyme activation in treated to untreated control by G6PDH coupled continuous spectrophotometric assay
CHEMBL1822124,,CHEMBL1825591,6351575,Ratio,=,0.015,,,efficacy,fold,,,自由文本指标 Ratio 受限提升为效能(fold)，描述命中：「ratio of enzyme activation in compound treated」,5,,0,CHEMBL1821720,2011,LITERATURE,Activation of human recombinant glucokinase expressed in Escherichia coli coexpressing G6PDH at 10 uM using 5 mM glucose measured as ratio of enzyme activation in compound treated to Ro-28-1675 by G6PDH coupled continuous spectrophotometric assay
CHEMBL1822124,,CHEMBL1825592,6352510,Ratio,=,0.99,,,efficacy,fold,,,自由文本指标 Ratio 受限提升为效能(fold)，描述命中：「ratio of enzyme activation in treated to untreated control」,20,,0,CHEMBL1821720,2011,LITERATURE,Activation of human recombinant glucokinase expressed in Escherichia coli coexpressing G6PDH at 10 uM using 20 mM glucose measured as ratio of enzyme activation in treated to untreated control by G6PDH coupled continuous spectrophotometric assay
CHEMBL1822124,,CHEMBL1825593,6352576,Ratio,=,-0.003,,,efficacy,fold,,,自由文本指标 Ratio 受限提升为效能(fold)，描述命中：「ratio of enzyme activation in compound treated」,5,,0,CHEMBL1821720,2011,LITERATURE,Activation of human recombinant glucokinase expressed in Escherichia coli coexpressing G6PDH at 10 uM using 5 mM glucose measured as ratio of enzyme activation in compound treated to Ro-28-1675 by G6PDH coupled continuous spectrophotometric assay
CHEMBL1822125,,CHEMBL1825590,6351510,Ratio,=,1.18,,,efficacy,fold,,,自由文本指标 Ratio 受限提升为效能(fold)，描述命中：「ratio of enzyme activation in treated to untreated control」,5,,0,CHEMBL1821720,2011,LITERATURE,Activation of human recombinant glucokinase expressed in Escherichia coli coexpressing G6PDH at 10 uM using 5 mM glucose measured as ratio of enzyme activation in treated to untreated control by G6PDH coupled continuous spectrophotometric assay
CHEMBL1822125,,CHEMBL1825591,6351576,Ratio,=,0.048,,,efficacy,fold,,,自由文本指标 Ratio 受限提升为效能(fold)，描述命中：「ratio of enzyme activation in compound treated」,5,,0,CHEMBL1821720,2011,LITERATURE,Activation of human recombinant glucokinase expressed in Escherichia coli coexpressing G6PDH at 10 uM using 5 mM glucose measured as ratio of enzyme activation in compound treated to Ro-28-1675 by G6PDH coupled continuous spectrophotometric assay
CHEMBL1822125,,CHEMBL1825592,6352511,Ratio,=,1.1,,,efficacy,fold,,,自由文本指标 Ratio 受限提升为效能(fold)，描述命中：「ratio of enzyme activation in treated to untreated control」,20,,0,CHEMBL1821720,2011,LITERATURE,Activation of human recombinant glucokinase expressed in Escherichia coli coexpressing G6PDH at 10 uM using 20 mM glucose measured as ratio of enzyme activation in treated to untreated control by G6PDH coupled continuous spectrophotometric assay
CHEMBL1822125,,CHEMBL1825593,6352577,Ratio,=,0.057,,,efficacy,fold,,,自由文本指标 Ratio 受限提升为效能(fold)，描述命中：「ratio of enzyme activation in compound treated」,5,,0,CHEMBL1821720,2011,LITERATURE,Activation of human recombinant glucokinase expressed in Escherichia coli coexpressing G6PDH at 10 uM using 5 mM glucose measured as ratio of enzyme activation in compound treated to Ro-28-1675 by G6PDH coupled continuous spectrophotometric assay
CHEMBL1822126,,CHEMBL1825590,6351511,Ratio,=,1.09,,,efficacy,fold,,,自由文本指标 Ratio 受限提升为效能(fold)，描述命中：「ratio of enzyme activation in treated to untreated control」,5,,0,CHEMBL1821720,2011,LITERATURE,Activation of human recombinant glucokinase expressed in Escherichia coli coexpressing G6PDH at 10 uM using 5 mM glucose measured as ratio of enzyme activation in treated to untreated control by G6PDH coupled continuous spectrophotometric assay
CHEMBL1822126,,CHEMBL1825591,6351577,Ratio,=,0.021,,,efficacy,fold,,,自由文本指标 Ratio 受限提升为效能(fold)，描述命中：「ratio of enzyme activation in compound treated」,5,,0,CHEMBL1821720,2011,LITERATURE,Activation of human recombinant glucokinase expressed in Escherichia coli coexpressing G6PDH at 10 uM using 5 mM glucose measured as ratio of enzyme activation in compound treated to Ro-28-1675 by G6PDH coupled continuous spectrophotometric assay
CHEMBL1822126,,CHEMBL1825592,6352512,Ratio,=,1.08,,,efficacy,fold,,,自由文本指标 Ratio 受限提升为效能(fold)，描述命中：「ratio of enzyme activation in treated to untreated control」,20,,0,CHEMBL1821720,2011,LITERATURE,Activation of human recombinant glucokinase expressed in Escherichia coli coexpressing G6PDH at 10 uM using 20 mM glucose measured as ratio of enzyme activation in treated to untreated control by G6PDH coupled continuous spectrophotometric assay
CHEMBL1822126,,CHEMBL1825593,6352578,Ratio,=,0.053,,,efficacy,fold,,,自由文本指标 Ratio 受限提升为效能(fold)，描述命中：「ratio of enzyme activation in compound treated」,5,,0,CHEMBL1821720,2011,LITERATURE,Activation of human recombinant glucokinase expressed in Escherichia coli coexpressing G6PDH at 10 uM using 5 mM glucose measured as ratio of enzyme activation in compound treated to Ro-28-1675 by G6PDH coupled continuous spectrophotometric assay
CHEMBL1822127,,CHEMBL1825590,6351512,Ratio,=,0.95,,,efficacy,fold,,,自由文本指标 Ratio 受限提升为效能(fold)，描述命中：「ratio of enzyme activation in treated to untreated control」,5,,0,CHEMBL1821720,2011,LITERATURE,Activation of human recombinant glucokinase expressed in Escherichia coli coexpressing G6PDH at 10 uM using 5 mM glucose measured as ratio of enzyme activation in treated to untreated control by G6PDH coupled continuous spectrophotometric assay
CHEMBL1822127,,CHEMBL1825591,6351578,Ratio,=,-0.012,,,efficacy,fold,,,自由文本指标 Ratio 受限提升为效能(fold)，描述命中：「ratio of enzyme activation in compound treated」,5,,0,CHEMBL1821720,2011,LITERATURE,Activation of human recombinant glucokinase expressed in Escherichia coli coexpressing G6PDH at 10 uM using 5 mM glucose measured as ratio of enzyme activation in compound treated to Ro-28-1675 by G6PDH coupled continuous spectrophotometric assay
CHEMBL1822127,,CHEMBL1825592,6352513,Ratio,=,0.87,,,efficacy,fold,,,自由文本指标 Ratio 受限提升为效能(fold)，描述命中：「ratio of enzyme activation in treated to untreated control」,20,,0,CHEMBL1821720,2011,LITERATURE,Activation of human recombinant glucokinase expressed in Escherichia coli coexpressing G6PDH at 10 uM using 20 mM glucose measured as ratio of enzyme activation in treated to untreated control by G6PDH coupled continuous spectrophotometric assay
CHEMBL1822127,,CHEMBL1825593,6352579,Ratio,=,-0.08,,,efficacy,fold,,,自由文本指标 Ratio 受限提升为效能(fold)，描述命中：「ratio of enzyme activation in compound treated」,5,,0,CHEMBL1821720,2011,LITERATURE,Activation of human recombinant glucokinase expressed in Escherichia coli coexpressing G6PDH at 10 uM using 5 mM glucose measured as ratio of enzyme activation in compound treated to Ro-28-1675 by G6PDH coupled continuous spectrophotometric assay
CHEMBL1822128,,CHEMBL1825590,6352590,Ratio,=,0.92,,,efficacy,fold,,,自由文本指标 Ratio 受限提升为效能(fold)，描述命中：「ratio of enzyme activation in treated to untreated control」,5,,0,CHEMBL1821720,2011,LITERATURE,Activation of human recombinant glucokinase expressed in Escherichia coli coexpressing G6PDH at 10 uM using 5 mM glucose measured as ratio of enzyme activation in treated to untreated control by G6PDH coupled continuous spectrophotometric assay
CHEMBL1822128,,CHEMBL1825591,6352594,Ratio,=,-0.023,,,efficacy,fold,,,自由文本指标 Ratio 受限提升为效能(fold)，描述命中：「ratio of enzyme activation in compound treated」,5,,0,CHEMBL1821720,2011,LITERATURE,Activation of human recombinant glucokinase expressed in Escherichia coli coexpressing G6PDH at 10 uM using 5 mM glucose measured as ratio of enzyme activation in compound treated to Ro-28-1675 by G6PDH coupled continuous spectrophotometric assay
CHEMBL1822128,,CHEMBL1825592,6352598,Ratio,=,0.93,,,efficacy,fold,,,自由文本指标 Ratio 受限提升为效能(fold)，描述命中：「ratio of enzyme activation in treated to untreated control」,20,,0,CHEMBL1821720,2011,LITERATURE,Activation of human recombinant glucokinase expressed in Escherichia coli coexpressing G6PDH at 10 uM using 20 mM glucose measured as ratio of enzyme activation in treated to untreated control by G6PDH coupled continuous spectrophotometric assay
CHEMBL1822128,,CHEMBL1825593,6352602,Ratio,=,-0.046,,,efficacy,fold,,,自由文本指标 Ratio 受限提升为效能(fold)，描述命中：「ratio of enzyme activation in compound treated」,5,,0,CHEMBL1821720,2011,LITERATURE,Activation of human recombinant glucokinase expressed in Escherichia coli coexpressing G6PDH at 10 uM using 5 mM glucose measured as ratio of enzyme activation in compound treated to Ro-28-1675 by G6PDH coupled continuous spectrophotometric assay
CHEMBL1822129,,CHEMBL1825590,6352591,Ratio,=,0.94,,,efficacy,fold,,,自由文本指标 Ratio 受限提升为效能(fold)，描述命中：「ratio of enzyme activation in treated to untreated control」,5,,0,CHEMBL1821720,2011,LITERATURE,Activation of human recombinant glucokinase expressed in Escherichia coli coexpressing G6PDH at 10 uM using 5 mM glucose measured as ratio of enzyme activation in treated to untreated control by G6PDH coupled continuous spectrophotometric assay
CHEMBL1822129,,CHEMBL1825591,6352595,Ratio,=,-0.017,,,efficacy,fold,,,自由文本指标 Ratio 受限提升为效能(fold)，描述命中：「ratio of enzyme activation in compound treated」,5,,0,CHEMBL1821720,2011,LITERATURE,Activation of human recombinant glucokinase expressed in Escherichia coli coexpressing G6PDH at 10 uM using 5 mM glucose measured as ratio of enzyme activation in compound treated to Ro-28-1675 by G6PDH coupled continuous spectrophotometric assay
CHEMBL1822129,,CHEMBL1825592,6352599,Ratio,=,0.9,,,efficacy,fold,,,自由文本指标 Ratio 受限提升为效能(fold)，描述命中：「ratio of enzyme activation in treated to untreated control」,20,,0,CHEMBL1821720,2011,LITERATURE,Activation of human recombinant glucokinase expressed in Escherichia coli coexpressing G6PDH at 10 uM using 20 mM glucose measured as ratio of enzyme activation in treated to untreated control by G6PDH coupled continuous spectrophotometric assay
CHEMBL1822129,,CHEMBL1825593,6352603,Ratio,=,-0.069,,,efficacy,fold,,,自由文本指标 Ratio 受限提升为效能(fold)，描述命中：「ratio of enzyme activation in compound treated」,5,,0,CHEMBL1821720,2011,LITERATURE,Activation of human recombinant glucokinase expressed in Escherichia coli coexpressing G6PDH at 10 uM using 5 mM glucose measured as ratio of enzyme activation in compound treated to Ro-28-1675 by G6PDH coupled continuous spectrophotometric assay
CHEMBL1822130,,CHEMBL1825590,6352592,Ratio,=,1.05,,,efficacy,fold,,,自由文本指标 Ratio 受限提升为效能(fold)，描述命中：「ratio of enzyme activation in treated to untreated control」,5,,0,CHEMBL1821720,2011,LITERATURE,Activation of human recombinant glucokinase expressed in Escherichia coli coexpressing G6PDH at 10 uM using 5 mM glucose measured as ratio of enzyme activation in treated to untreated control by G6PDH coupled continuous spectrophotometric assay
CHEMBL1822130,,CHEMBL1825591,6352596,Ratio,=,-0.013,,,efficacy,fold,,,自由文本指标 Ratio 受限提升为效能(fold)，描述命中：「ratio of enzyme activation in compound treated」,5,,0,CHEMBL1821720,2011,LITERATURE,Activation of human recombinant glucokinase expressed in Escherichia coli coexpressing G6PDH at 10 uM using 5 mM glucose measured as ratio of enzyme activation in compound treated to Ro-28-1675 by G6PDH coupled continuous spectrophotometric assay
CHEMBL1822130,,CHEMBL1825592,6352600,Ratio,=,0.98,,,efficacy,fold,,,自由文本指标 Ratio 受限提升为效能(fold)，描述命中：「ratio of enzyme activation in treated to untreated control」,20,,0,CHEMBL1821720,2011,LITERATURE,Activation of human recombinant glucokinase expressed in Escherichia coli coexpressing G6PDH at 10 uM using 20 mM glucose measured as ratio of enzyme activation in treated to untreated control by G6PDH coupled continuous spectrophotometric assay
CHEMBL1822130,,CHEMBL1825593,6352604,Ratio,=,-0.016,,,efficacy,fold,,,自由文本指标 Ratio 受限提升为效能(fold)，描述命中：「ratio of enzyme activation in compound treated」,5,,0,CHEMBL1821720,2011,LITERATURE,Activation of human recombinant glucokinase expressed in Escherichia coli coexpressing G6PDH at 10 uM using 5 mM glucose measured as ratio of enzyme activation in compound treated to Ro-28-1675 by G6PDH coupled continuous spectrophotometric assay
CHEMBL1822131,,CHEMBL1825590,6352593,Ratio,=,0.9,,,efficacy,fold,,,自由文本指标 Ratio 受限提升为效能(fold)，描述命中：「ratio of enzyme activation in treated to untreated control」,5,,0,CHEMBL1821720,2011,LITERATURE,Activation of human recombinant glucokinase expressed in Escherichia coli coexpressing G6PDH at 10 uM using 5 mM glucose measured as ratio of enzyme activation in treated to untreated control by G6PDH coupled continuous spectrophotometric assay
CHEMBL1822131,,CHEMBL1825591,6352597,Ratio,=,-0.024,,,efficacy,fold,,,自由文本指标 Ratio 受限提升为效能(fold)，描述命中：「ratio of enzyme activation in compound treated」,5,,0,CHEMBL1821720,2011,LITERATURE,Activation of human recombinant glucokinase expressed in Escherichia coli coexpressing G6PDH at 10 uM using 5 mM glucose measured as ratio of enzyme activation in compound treated to Ro-28-1675 by G6PDH coupled continuous spectrophotometric assay
CHEMBL1822131,,CHEMBL1825592,6352601,Ratio,=,0.83,,,efficacy,fold,,,自由文本指标 Ratio 受限提升为效能(fold)，描述命中：「ratio of enzyme activation in treated to untreated control」,20,,0,CHEMBL1821720,2011,LITERATURE,Activation of human recombinant glucokinase expressed in Escherichia coli coexpressing G6PDH at 10 uM using 20 mM glucose measured as ratio of enzyme activation in treated to untreated control by G6PDH coupled continuous spectrophotometric assay
CHEMBL1822131,,CHEMBL1825593,6352605,Ratio,=,-0.099,,,efficacy,fold,,,自由文本指标 Ratio 受限提升为效能(fold)，描述命中：「ratio of enzyme activation in compound treated」,5,,0,CHEMBL1821720,2011,LITERATURE,Activation of human recombinant glucokinase expressed in Escherichia coli coexpressing G6PDH at 10 uM using 5 mM glucose measured as ratio of enzyme activation in compound treated to Ro-28-1675 by G6PDH coupled continuous spectrophotometric assay
CHEMBL191239,,CHEMBL840244,1519216,EC50,=,100,nM,7,potency,concentration,100.0,7.0,EC50 为标准化浓度型效力指标,,,0,CHEMBL1143537,2005,LITERATURE,Potency in Glucokinase activation assay
CHEMBL191802,,CHEMBL840244,1519085,EC50,=,3200,nM,5.5,potency,concentration,3200.0,5.5,EC50 为标准化浓度型效力指标,,,0,CHEMBL1143537,2005,LITERATURE,Potency in Glucokinase activation assay
CHEMBL192027,,CHEMBL840244,1519087,EC50,>,10000,nM,,potency,concentration,10000.0,,EC50 为标准化浓度型效力指标,,,0,CHEMBL1143537,2005,LITERATURE,Potency in Glucokinase activation assay
CHEMBL193157,,CHEMBL840244,1519088,EC50,>,10000,nM,,potency,concentration,10000.0,,EC50 为标准化浓度型效力指标,,,0,CHEMBL1143537,2005,LITERATURE,Potency in Glucokinase activation assay
CHEMBL193349,,CHEMBL840244,1519197,EC50,>,10000,nM,,potency,concentration,10000.0,,EC50 为标准化浓度型效力指标,,,0,CHEMBL1143537,2005,LITERATURE,Potency in Glucokinase activation assay
CHEMBL193718,,CHEMBL840244,1519207,EC50,=,1780,nM,5.75,potency,concentration,1780.0,5.75,EC50 为标准化浓度型效力指标,,,0,CHEMBL1143537,2005,LITERATURE,Potency in Glucokinase activation assay
CHEMBL193757,,CHEMBL840244,1519206,EC50,=,1260,nM,5.9,potency,concentration,1260.0,5.9,EC50 为标准化浓度型效力指标,,,0,CHEMBL1143537,2005,LITERATURE,Potency in Glucokinase activation assay
CHEMBL194102,,CHEMBL840244,1519199,EC50,=,400,nM,6.4,potency,concentration,400.0,6.4,EC50 为标准化浓度型效力指标,,,0,CHEMBL1143537,2005,LITERATURE,Potency in Glucokinase activation assay
CHEMBL194137,,CHEMBL840244,1519215,EC50,=,420,nM,6.38,potency,concentration,420.0,6.38,EC50 为标准化浓度型效力指标,,,0,CHEMBL1143537,2005,LITERATURE,Potency in Glucokinase activation assay
CHEMBL194232,,CHEMBL840244,1519086,EC50,>,10000,nM,,potency,concentration,10000.0,,EC50 为标准化浓度型效力指标,,,0,CHEMBL1143537,2005,LITERATURE,Potency in Glucokinase activation assay
CHEMBL194499,,CHEMBL840244,1519201,EC50,=,650,nM,6.19,potency,concentration,650.0,6.19,EC50 为标准化浓度型效力指标,,,0,CHEMBL1143537,2005,LITERATURE,Potency in Glucokinase activation assay
CHEMBL195121,,CHEMBL840244,1523406,EC50,=,1330,nM,5.88,potency,concentration,1330.0,5.88,EC50 为标准化浓度型效力指标,,,0,CHEMBL1143537,2005,LITERATURE,Potency in Glucokinase activation assay
CHEMBL195128,,CHEMBL840244,1519214,EC50,=,290,nM,6.54,potency,concentration,290.0,6.54,EC50 为标准化浓度型效力指标,,,0,CHEMBL1143537,2005,LITERATURE,Potency in Glucokinase activation assay
CHEMBL195295,,CHEMBL840244,1519092,EC50,>,10000,nM,,potency,concentration,10000.0,,EC50 为标准化浓度型效力指标,,,0,CHEMBL1143537,2005,LITERATURE,Potency in Glucokinase activation assay
CHEMBL195299,,CHEMBL840244,1519095,EC50,>,10000,nM,,potency,concentration,10000.0,,EC50 为标准化浓度型效力指标,,,0,CHEMBL1143537,2005,LITERATURE,Potency in Glucokinase activation assay
CHEMBL195431,,CHEMBL840244,1519205,EC50,=,170,nM,6.77,potency,concentration,170.0,6.77,EC50 为标准化浓度型效力指标,,,0,CHEMBL1143537,2005,LITERATURE,Potency in Glucokinase activation assay
CHEMBL2021545,,CHEMBL1032034,2670638,EC50,=,130,nM,6.89,potency,concentration,130.0,6.89,EC50 为标准化浓度型效力指标,2.5,,0,CHEMBL1151922,2009,LITERATURE,Activation of flag-tagged human recombinant liver glucokinase expressed in Escherichia coli by glucose-6-phosphate dehydrogenase coupled continuous spectrophotometric assay in presence of 2.5 mM glucose
CHEMBL2021545,,CHEMBL1032035,2670671,EC50,=,60,nM,7.22,potency,concentration,60.0,7.22,EC50 为标准化浓度型效力指标,10,,0,CHEMBL1151922,2009,LITERATURE,Activation of flag-tagged human recombinant liver glucokinase expressed in Escherichia coli by glucose-6-phosphate dehydrogenase coupled continuous spectrophotometric assay in presence of 10 mM glucose
CHEMBL2021551,,CHEMBL1032034,2670637,EC50,=,1200,nM,5.92,potency,concentration,1200.0,5.92,EC50 为标准化浓度型效力指标,2.5,,0,CHEMBL1151922,2009,LITERATURE,Activation of flag-tagged human recombinant liver glucokinase expressed in Escherichia coli by glucose-6-phosphate dehydrogenase coupled continuous spectrophotometric assay in presence of 2.5 mM glucose
CHEMBL2021551,,CHEMBL1032035,2670670,EC50,=,360,nM,6.44,potency,concentration,360.0,6.44,EC50 为标准化浓度型效力指标,10,,0,CHEMBL1151922,2009,LITERATURE,Activation of flag-tagged human recombinant liver glucokinase expressed in Escherichia coli by glucose-6-phosphate dehydrogenase coupled continuous spectrophotometric assay in presence of 10 mM glucose
CHEMBL2022798,,CHEMBL2025594,10874331,EC50,=,28.3,nM,7.55,potency,concentration,28.3,7.55,EC50 为标准化浓度型效力指标,,,0,CHEMBL2021866,2012,LITERATURE,Activation of human recombinant glucokinase expressed in Escherichia coli BL21(DE3) coexpressing G6PDH assessed as glucose 6-phosphate formation by spectrometric analysis
CHEMBL2022798,,CHEMBL2025595,10874359,FC,=,2.4,,,efficacy,fold,,,FC（fold change）为激活倍数,,,0,CHEMBL2021866,2012,LITERATURE,Activation of human recombinant glucokinase expressed in Escherichia coli BL21(DE3) coexpressing G6PDH assessed as glucose 6-phosphate formation by spectrometric analysis relative to control
CHEMBL2022798,,CHEMBL2025596,10874386,Ratio EC50,=,8,,,unclassified,,,,Ratio EC50 为自由文本指标（无官方标准化规则），assay 描述未命中提升门槛，不跨实验汇总,,,0,CHEMBL2021866,2012,LITERATURE,Ratio of EC50 for GK50 to compound for activation of human recombinant glucokinase expressed in Escherichia coli BL21(DE3) coexpressing G6PDH assessed as glucose 6-phosphate formation by spectrometric analysis
CHEMBL2022799,,CHEMBL2025594,10874332,EC50,=,47.7,nM,7.32,potency,concentration,47.7,7.32,EC50 为标准化浓度型效力指标,,,0,CHEMBL2021866,2012,LITERATURE,Activation of human recombinant glucokinase expressed in Escherichia coli BL21(DE3) coexpressing G6PDH assessed as glucose 6-phosphate formation by spectrometric analysis
CHEMBL2022799,,CHEMBL2025595,10874360,FC,=,1.8,,,efficacy,fold,,,FC（fold change）为激活倍数,,,0,CHEMBL2021866,2012,LITERATURE,Activation of human recombinant glucokinase expressed in Escherichia coli BL21(DE3) coexpressing G6PDH assessed as glucose 6-phosphate formation by spectrometric analysis relative to control
CHEMBL2022800,,CHEMBL2025594,10874333,EC50,=,48,nM,7.32,potency,concentration,48.0,7.32,EC50 为标准化浓度型效力指标,,,0,CHEMBL2021866,2012,LITERATURE,Activation of human recombinant glucokinase expressed in Escherichia coli BL21(DE3) coexpressing G6PDH assessed as glucose 6-phosphate formation by spectrometric analysis
CHEMBL2022800,,CHEMBL2025595,10874361,FC,=,2.1,,,efficacy,fold,,,FC（fold change）为激活倍数,,,0,CHEMBL2021866,2012,LITERATURE,Activation of human recombinant glucokinase expressed in Escherichia coli BL21(DE3) coexpressing G6PDH assessed as glucose 6-phosphate formation by spectrometric analysis relative to control
CHEMBL2022801,,CHEMBL2025594,10874334,EC50,=,52,nM,7.28,potency,concentration,52.0,7.28,EC50 为标准化浓度型效力指标,,,0,CHEMBL2021866,2012,LITERATURE,Activation of human recombinant glucokinase expressed in Escherichia coli BL21(DE3) coexpressing G6PDH assessed as glucose 6-phosphate formation by spectrometric analysis
CHEMBL2022801,,CHEMBL2025595,10874362,FC,=,1.8,,,efficacy,fold,,,FC（fold change）为激活倍数,,,0,CHEMBL2021866,2012,LITERATURE,Activation of human recombinant glucokinase expressed in Escherichia coli BL21(DE3) coexpressing G6PDH assessed as glucose 6-phosphate formation by spectrometric analysis relative to control
CHEMBL2022802,,CHEMBL2025594,10874335,EC50,=,62.6,nM,7.2,potency,concentration,62.6,7.2,EC50 为标准化浓度型效力指标,,,0,CHEMBL2021866,2012,LITERATURE,Activation of human recombinant glucokinase expressed in Escherichia coli BL21(DE3) coexpressing G6PDH assessed as glucose 6-phosphate formation by spectrometric analysis
CHEMBL2022802,,CHEMBL2025595,10874363,FC,=,1.5,,,efficacy,fold,,,FC（fold change）为激活倍数,,,0,CHEMBL2021866,2012,LITERATURE,Activation of human recombinant glucokinase expressed in Escherichia coli BL21(DE3) coexpressing G6PDH assessed as glucose 6-phosphate formation by spectrometric analysis relative to control
CHEMBL2023050,,CHEMBL2025594,10874336,EC50,=,65.4,nM,7.18,potency,concentration,65.4,7.18,EC50 为标准化浓度型效力指标,,,0,CHEMBL2021866,2012,LITERATURE,Activation of human recombinant glucokinase expressed in Escherichia coli BL21(DE3) coexpressing G6PDH assessed as glucose 6-phosphate formation by spectrometric analysis
CHEMBL2023050,,CHEMBL2025595,10874364,FC,=,1.7,,,efficacy,fold,,,FC（fold change）为激活倍数,,,0,CHEMBL2021866,2012,LITERATURE,Activation of human recombinant glucokinase expressed in Escherichia coli BL21(DE3) coexpressing G6PDH assessed as glucose 6-phosphate formation by spectrometric analysis relative to control
CHEMBL2023051,,CHEMBL2025594,10874337,EC50,=,101,nM,7,potency,concentration,101.0,7.0,EC50 为标准化浓度型效力指标,,,0,CHEMBL2021866,2012,LITERATURE,Activation of human recombinant glucokinase expressed in Escherichia coli BL21(DE3) coexpressing G6PDH assessed as glucose 6-phosphate formation by spectrometric analysis
CHEMBL2023051,,CHEMBL2025595,10874365,FC,=,1.7,,,efficacy,fold,,,FC（fold change）为激活倍数,,,0,CHEMBL2021866,2012,LITERATURE,Activation of human recombinant glucokinase expressed in Escherichia coli BL21(DE3) coexpressing G6PDH assessed as glucose 6-phosphate formation by spectrometric analysis relative to control
CHEMBL2023052,,CHEMBL2025594,10874338,EC50,=,78,nM,7.11,potency,concentration,78.0,7.11,EC50 为标准化浓度型效力指标,,,0,CHEMBL2021866,2012,LITERATURE,Activation of human recombinant glucokinase expressed in Escherichia coli BL21(DE3) coexpressing G6PDH assessed as glucose 6-phosphate formation by spectrometric analysis
CHEMBL2023052,,CHEMBL2025595,10874366,FC,=,1.9,,,efficacy,fold,,,FC（fold change）为激活倍数,,,0,CHEMBL2021866,2012,LITERATURE,Activation of human recombinant glucokinase expressed in Escherichia coli BL21(DE3) coexpressing G6PDH assessed as glucose 6-phosphate formation by spectrometric analysis relative to control
CHEMBL2023053,,CHEMBL2025594,10874339,EC50,=,52.3,nM,7.28,potency,concentration,52.3,7.28,EC50 为标准化浓度型效力指标,,,0,CHEMBL2021866,2012,LITERATURE,Activation of human recombinant glucokinase expressed in Escherichia coli BL21(DE3) coexpressing G6PDH assessed as glucose 6-phosphate formation by spectrometric analysis
CHEMBL2023053,,CHEMBL2025595,10874367,FC,=,1.9,,,efficacy,fold,,,FC（fold change）为激活倍数,,,0,CHEMBL2021866,2012,LITERATURE,Activation of human recombinant glucokinase expressed in Escherichia coli BL21(DE3) coexpressing G6PDH assessed as glucose 6-phosphate formation by spectrometric analysis relative to control
CHEMBL2023054,,CHEMBL2025594,10874340,EC50,=,44.8,nM,7.35,potency,concentration,44.8,7.35,EC50 为标准化浓度型效力指标,,,0,CHEMBL2021866,2012,LITERATURE,Activation of human recombinant glucokinase expressed in Escherichia coli BL21(DE3) coexpressing G6PDH assessed as glucose 6-phosphate formation by spectrometric analysis
CHEMBL2023054,,CHEMBL2025595,10874368,FC,=,2.2,,,efficacy,fold,,,FC（fold change）为激活倍数,,,0,CHEMBL2021866,2012,LITERATURE,Activation of human recombinant glucokinase expressed in Escherichia coli BL21(DE3) coexpressing G6PDH assessed as glucose 6-phosphate formation by spectrometric analysis relative to control
CHEMBL2023055,,CHEMBL2025594,10874341,EC50,=,90.4,nM,7.04,potency,concentration,90.4,7.04,EC50 为标准化浓度型效力指标,,,0,CHEMBL2021866,2012,LITERATURE,Activation of human recombinant glucokinase expressed in Escherichia coli BL21(DE3) coexpressing G6PDH assessed as glucose 6-phosphate formation by spectrometric analysis
CHEMBL2023055,,CHEMBL2025595,10874369,FC,=,1.7,,,efficacy,fold,,,FC（fold change）为激活倍数,,,0,CHEMBL2021866,2012,LITERATURE,Activation of human recombinant glucokinase expressed in Escherichia coli BL21(DE3) coexpressing G6PDH assessed as glucose 6-phosphate formation by spectrometric analysis relative to control
CHEMBL2023056,,CHEMBL2025594,10874342,EC50,=,64.6,nM,7.19,potency,concentration,64.6,7.19,EC50 为标准化浓度型效力指标,,,0,CHEMBL2021866,2012,LITERATURE,Activation of human recombinant glucokinase expressed in Escherichia coli BL21(DE3) coexpressing G6PDH assessed as glucose 6-phosphate formation by spectrometric analysis
CHEMBL2023056,,CHEMBL2025595,10874370,FC,=,1.7,,,efficacy,fold,,,FC（fold change）为激活倍数,,,0,CHEMBL2021866,2012,LITERATURE,Activation of human recombinant glucokinase expressed in Escherichia coli BL21(DE3) coexpressing G6PDH assessed as glucose 6-phosphate formation by spectrometric analysis relative to control
CHEMBL2023057,,CHEMBL2025594,10874343,EC50,=,250,nM,6.6,potency,concentration,250.0,6.6,EC50 为标准化浓度型效力指标,,,0,CHEMBL2021866,2012,LITERATURE,Activation of human recombinant glucokinase expressed in Escherichia coli BL21(DE3) coexpressing G6PDH assessed as glucose 6-phosphate formation by spectrometric analysis
CHEMBL2023057,,CHEMBL2025595,10874371,FC,=,0.9,,,efficacy,fold,,,FC（fold change）为激活倍数,,,0,CHEMBL2021866,2012,LITERATURE,Activation of human recombinant glucokinase expressed in Escherichia coli BL21(DE3) coexpressing G6PDH assessed as glucose 6-phosphate formation by spectrometric analysis relative to control
CHEMBL2023058,,CHEMBL2025594,10874344,EC50,=,890,nM,6.05,potency,concentration,890.0,6.05,EC50 为标准化浓度型效力指标,,,0,CHEMBL2021866,2012,LITERATURE,Activation of human recombinant glucokinase expressed in Escherichia coli BL21(DE3) coexpressing G6PDH assessed as glucose 6-phosphate formation by spectrometric analysis
CHEMBL2023058,,CHEMBL2025595,10874372,FC,=,0.7,,,efficacy,fold,,,FC（fold change）为激活倍数,,,0,CHEMBL2021866,2012,LITERATURE,Activation of human recombinant glucokinase expressed in Escherichia coli BL21(DE3) coexpressing G6PDH assessed as glucose 6-phosphate formation by spectrometric analysis relative to control
CHEMBL2023059,,CHEMBL2025594,10874345,EC50,=,120,nM,6.92,potency,concentration,120.0,6.92,EC50 为标准化浓度型效力指标,,,0,CHEMBL2021866,2012,LITERATURE,Activation of human recombinant glucokinase expressed in Escherichia coli BL21(DE3) coexpressing G6PDH assessed as glucose 6-phosphate formation by spectrometric analysis
CHEMBL2023059,,CHEMBL2025595,10874373,FC,=,1.5,,,efficacy,fold,,,FC（fold change）为激活倍数,,,0,CHEMBL2021866,2012,LITERATURE,Activation of human recombinant glucokinase expressed in Escherichia coli BL21(DE3) coexpressing G6PDH assessed as glucose 6-phosphate formation by spectrometric analysis relative to control
CHEMBL2023060,,CHEMBL2025594,10874346,EC50,=,90.1,nM,7.04,potency,concentration,90.1,7.04,EC50 为标准化浓度型效力指标,,,0,CHEMBL2021866,2012,LITERATURE,Activation of human recombinant glucokinase expressed in Escherichia coli BL21(DE3) coexpressing G6PDH assessed as glucose 6-phosphate formation by spectrometric analysis
CHEMBL2023060,,CHEMBL2025595,10874374,FC,=,1.5,,,efficacy,fold,,,FC（fold change）为激活倍数,,,0,CHEMBL2021866,2012,LITERATURE,Activation of human recombinant glucokinase expressed in Escherichia coli BL21(DE3) coexpressing G6PDH assessed as glucose 6-phosphate formation by spectrometric analysis relative to control
CHEMBL2023061,,CHEMBL2025594,10874347,EC50,=,165,nM,6.78,potency,concentration,165.0,6.78,EC50 为标准化浓度型效力指标,,,0,CHEMBL2021866,2012,LITERATURE,Activation of human recombinant glucokinase expressed in Escherichia coli BL21(DE3) coexpressing G6PDH assessed as glucose 6-phosphate formation by spectrometric analysis
CHEMBL2023061,,CHEMBL2025595,10874375,FC,=,1.6,,,efficacy,fold,,,FC（fold change）为激活倍数,,,0,CHEMBL2021866,2012,LITERATURE,Activation of human recombinant glucokinase expressed in Escherichia coli BL21(DE3) coexpressing G6PDH assessed as glucose 6-phosphate formation by spectrometric analysis relative to control
CHEMBL2023062,,CHEMBL2025594,10874348,EC50,>,1000,nM,,potency,concentration,1000.0,,EC50 为标准化浓度型效力指标,,,0,CHEMBL2021866,2012,LITERATURE,Activation of human recombinant glucokinase expressed in Escherichia coli BL21(DE3) coexpressing G6PDH assessed as glucose 6-phosphate formation by spectrometric analysis
CHEMBL2023063,,CHEMBL2025594,10874349,EC50,=,95.1,nM,7.02,potency,concentration,95.1,7.02,EC50 为标准化浓度型效力指标,,,0,CHEMBL2021866,2012,LITERATURE,Activation of human recombinant glucokinase expressed in Escherichia coli BL21(DE3) coexpressing G6PDH assessed as glucose 6-phosphate formation by spectrometric analysis
CHEMBL2023063,,CHEMBL2025595,10874376,FC,=,1.5,,,efficacy,fold,,,FC（fold change）为激活倍数,,,0,CHEMBL2021866,2012,LITERATURE,Activation of human recombinant glucokinase expressed in Escherichia coli BL21(DE3) coexpressing G6PDH assessed as glucose 6-phosphate formation by spectrometric analysis relative to control
CHEMBL2023064,,CHEMBL2025594,10874350,EC50,=,297,nM,6.53,potency,concentration,297.0,6.53,EC50 为标准化浓度型效力指标,,,0,CHEMBL2021866,2012,LITERATURE,Activation of human recombinant glucokinase expressed in Escherichia coli BL21(DE3) coexpressing G6PDH assessed as glucose 6-phosphate formation by spectrometric analysis
CHEMBL2023064,,CHEMBL2025595,10874377,FC,=,3,,,efficacy,fold,,,FC（fold change）为激活倍数,,,0,CHEMBL2021866,2012,LITERATURE,Activation of human recombinant glucokinase expressed in Escherichia coli BL21(DE3) coexpressing G6PDH assessed as glucose 6-phosphate formation by spectrometric analysis relative to control
CHEMBL2023432,,CHEMBL2025594,10874351,EC50,=,44.8,nM,7.35,potency,concentration,44.8,7.35,EC50 为标准化浓度型效力指标,,,0,CHEMBL2021866,2012,LITERATURE,Activation of human recombinant glucokinase expressed in Escherichia coli BL21(DE3) coexpressing G6PDH assessed as glucose 6-phosphate formation by spectrometric analysis
CHEMBL2023432,,CHEMBL2025595,10874378,FC,=,1.6,,,efficacy,fold,,,FC（fold change）为激活倍数,,,0,CHEMBL2021866,2012,LITERATURE,Activation of human recombinant glucokinase expressed in Escherichia coli BL21(DE3) coexpressing G6PDH assessed as glucose 6-phosphate formation by spectrometric analysis relative to control
CHEMBL2023433,,CHEMBL2025594,10874352,EC50,=,265,nM,6.58,potency,concentration,265.0,6.58,EC50 为标准化浓度型效力指标,,,0,CHEMBL2021866,2012,LITERATURE,Activation of human recombinant glucokinase expressed in Escherichia coli BL21(DE3) coexpressing G6PDH assessed as glucose 6-phosphate formation by spectrometric analysis
CHEMBL2023433,,CHEMBL2025595,10874379,FC,=,1.8,,,efficacy,fold,,,FC（fold change）为激活倍数,,,0,CHEMBL2021866,2012,LITERATURE,Activation of human recombinant glucokinase expressed in Escherichia coli BL21(DE3) coexpressing G6PDH assessed as glucose 6-phosphate formation by spectrometric analysis relative to control
CHEMBL2023434,,CHEMBL2025594,10874353,EC50,=,144,nM,6.84,potency,concentration,144.0,6.84,EC50 为标准化浓度型效力指标,,,0,CHEMBL2021866,2012,LITERATURE,Activation of human recombinant glucokinase expressed in Escherichia coli BL21(DE3) coexpressing G6PDH assessed as glucose 6-phosphate formation by spectrometric analysis
CHEMBL2023434,,CHEMBL2025595,10874380,FC,=,1.5,,,efficacy,fold,,,FC（fold change）为激活倍数,,,0,CHEMBL2021866,2012,LITERATURE,Activation of human recombinant glucokinase expressed in Escherichia coli BL21(DE3) coexpressing G6PDH assessed as glucose 6-phosphate formation by spectrometric analysis relative to control
CHEMBL2023435,,CHEMBL2025594,10874354,EC50,=,242,nM,6.62,potency,concentration,242.0,6.62,EC50 为标准化浓度型效力指标,,,0,CHEMBL2021866,2012,LITERATURE,Activation of human recombinant glucokinase expressed in Escherichia coli BL21(DE3) coexpressing G6PDH assessed as glucose 6-phosphate formation by spectrometric analysis
CHEMBL2023435,,CHEMBL2025595,10874381,FC,=,1.7,,,efficacy,fold,,,FC（fold change）为激活倍数,,,0,CHEMBL2021866,2012,LITERATURE,Activation of human recombinant glucokinase expressed in Escherichia coli BL21(DE3) coexpressing G6PDH assessed as glucose 6-phosphate formation by spectrometric analysis relative to control
CHEMBL2023436,,CHEMBL2025594,10874355,EC50,=,63.1,nM,7.2,potency,concentration,63.1,7.2,EC50 为标准化浓度型效力指标,,,0,CHEMBL2021866,2012,LITERATURE,Activation of human recombinant glucokinase expressed in Escherichia coli BL21(DE3) coexpressing G6PDH assessed as glucose 6-phosphate formation by spectrometric analysis
CHEMBL2023436,,CHEMBL2025595,10874382,FC,=,1.9,,,efficacy,fold,,,FC（fold change）为激活倍数,,,0,CHEMBL2021866,2012,LITERATURE,Activation of human recombinant glucokinase expressed in Escherichia coli BL21(DE3) coexpressing G6PDH assessed as glucose 6-phosphate formation by spectrometric analysis relative to control
CHEMBL2023437,,CHEMBL2025594,10874356,EC50,=,83.5,nM,7.08,potency,concentration,83.5,7.08,EC50 为标准化浓度型效力指标,,,0,CHEMBL2021866,2012,LITERATURE,Activation of human recombinant glucokinase expressed in Escherichia coli BL21(DE3) coexpressing G6PDH assessed as glucose 6-phosphate formation by spectrometric analysis
CHEMBL2023437,,CHEMBL2025595,10874383,FC,=,2.1,,,efficacy,fold,,,FC（fold change）为激活倍数,,,0,CHEMBL2021866,2012,LITERATURE,Activation of human recombinant glucokinase expressed in Escherichia coli BL21(DE3) coexpressing G6PDH assessed as glucose 6-phosphate formation by spectrometric analysis relative to control
CHEMBL2023438,,CHEMBL2025594,10874357,EC50,=,460,nM,6.34,potency,concentration,460.0,6.34,EC50 为标准化浓度型效力指标,,,0,CHEMBL2021866,2012,LITERATURE,Activation of human recombinant glucokinase expressed in Escherichia coli BL21(DE3) coexpressing G6PDH assessed as glucose 6-phosphate formation by spectrometric analysis
CHEMBL2023438,,CHEMBL2025595,10874384,FC,=,1.8,,,efficacy,fold,,,FC（fold change）为激活倍数,,,0,CHEMBL2021866,2012,LITERATURE,Activation of human recombinant glucokinase expressed in Escherichia coli BL21(DE3) coexpressing G6PDH assessed as glucose 6-phosphate formation by spectrometric analysis relative to control
CHEMBL2023439,,CHEMBL2025594,10874358,EC50,=,491,nM,6.31,potency,concentration,491.0,6.31,EC50 为标准化浓度型效力指标,,,0,CHEMBL2021866,2012,LITERATURE,Activation of human recombinant glucokinase expressed in Escherichia coli BL21(DE3) coexpressing G6PDH assessed as glucose 6-phosphate formation by spectrometric analysis
CHEMBL2023439,,CHEMBL2025595,10874385,FC,=,1.7,,,efficacy,fold,,,FC（fold change）为激活倍数,,,0,CHEMBL2021866,2012,LITERATURE,Activation of human recombinant glucokinase expressed in Escherichia coli BL21(DE3) coexpressing G6PDH assessed as glucose 6-phosphate formation by spectrometric analysis relative to control
CHEMBL205627,,CHEMBL1167927,3330508,EC50,=,30,nM,7.52,potency,concentration,30.0,7.52,EC50 为标准化浓度型效力指标,,,0,CHEMBL1165956,2010,LITERATURE,Activation of human glucokinase expressed in Escherichia coli BL21(DE3) coexpressing G6PDH by spectrometry
CHEMBL205627,,CHEMBL1781588,6208552,EC50,=,30,nM,7.52,potency,concentration,30.0,7.52,EC50 为标准化浓度型效力指标,,,1,CHEMBL1777741,2011,LITERATURE,Activation of His-tagged recombinant glucokinase expressed in Escherichia coli using [14C]-glucose substrate by spectrophotometrically
CHEMBL205627,,CHEMBL1788085,6224291,EC50,=,45,nM,7.35,potency,concentration,45.0,7.35,EC50 为标准化浓度型效力指标,6.5,,0,CHEMBL1782019,2009,LITERATURE,Activation of human recombinant glucokinase using 6.5 mM glucose by spectrophotometry
CHEMBL205627,,CHEMBL1788086,6224260,Emax,=,23,%,,efficacy,percent,,,Emax 为激活幅度指标，按该 assay 内值域（max=148.0）判为 percent 尺度,6.5,,0,CHEMBL1782019,2009,LITERATURE,Activation of human recombinant glucokinase using 6.5 mM glucose by spectrophotometry relative to control
CHEMBL205627,,CHEMBL2025594,10874330,EC50,=,240,nM,6.62,potency,concentration,240.0,6.62,EC50 为标准化浓度型效力指标,,,0,CHEMBL2021866,2012,LITERATURE,Activation of human recombinant glucokinase expressed in Escherichia coli BL21(DE3) coexpressing G6PDH assessed as glucose 6-phosphate formation by spectrometric analysis
CHEMBL205627,,CHEMBL4428666,19429516,Activity,=,20,%,,unclassified,,,,Activity 为自由文本指标（无官方标准化规则），assay 描述未命中提升门槛，不跨实验汇总,,,0,CHEMBL4428044,2016,LITERATURE,Activation of human pancreatic N-terminal His6-tagged glucokinase isoform 1 expressed in Escherichia coli BL21(DE3) assessed as conversion of glucose to glucose-6-phosphate by G6PDH/NADP-coupled enzyme assay
CHEMBL205816,,CHEMBL1781588,6208570,EC50,=,20,nM,7.7,potency,concentration,20.0,7.7,EC50 为标准化浓度型效力指标,,,1,CHEMBL1777741,2011,LITERATURE,Activation of His-tagged recombinant glucokinase expressed in Escherichia coli using [14C]-glucose substrate by spectrophotometrically
CHEMBL205816,,CHEMBL865109,1715028,EC50,=,20,nM,7.7,potency,concentration,20.0,7.7,EC50 为标准化浓度型效力指标,,,0,CHEMBL1147698,2006,LITERATURE,Activation of glucokinase
CHEMBL206986,,CHEMBL865109,1715029,EC50,=,5510,nM,5.26,potency,concentration,5510.0,5.26,EC50 为标准化浓度型效力指标,,,0,CHEMBL1147698,2006,LITERATURE,Activation of glucokinase
CHEMBL208197,,CHEMBL865109,1715031,EC50,=,950,nM,6.02,potency,concentration,950.0,6.02,EC50 为标准化浓度型效力指标,,,0,CHEMBL1147698,2006,LITERATURE,Activation of glucokinase
CHEMBL210838,,CHEMBL865109,1715030,EC50,=,610,nM,6.21,potency,concentration,610.0,6.21,EC50 为标准化浓度型效力指标,,,0,CHEMBL1147698,2006,LITERATURE,Activation of glucokinase
CHEMBL212529,,CHEMBL959301,2287598,EC50,=,17000,nM,4.77,potency,concentration,17000.0,4.77,EC50 为标准化浓度型效力指标,2.5,,0,CHEMBL1152887,2009,LITERATURE,Activation of human glucokinase by glucose-6-phosphate dehydrogenase coupled continuous spectrophotometric assay in presence of 2.5 mM glucose
CHEMBL212529,,CHEMBL959302,2287599,EC50,=,6300,nM,5.2,potency,concentration,6300.0,5.2,EC50 为标准化浓度型效力指标,10,,0,CHEMBL1152887,2009,LITERATURE,Activation of human glucokinase by glucose-6-phosphate dehydrogenase coupled continuous spectrophotometric assay in presence of 10 mM glucose
CHEMBL212529,,CHEMBL959303,2287724,FC,=,8,,,efficacy,fold,,,FC（fold change）为激活倍数,2.5,,0,CHEMBL1152887,2009,LITERATURE,Activation of human glucokinase assessed as maximal response by glucose-6-phosphate dehydrogenase coupled continuous spectrophotometric assay in presence of 2.5 mM glucose relative to control
CHEMBL212529,,CHEMBL959304,2287693,FC,=,1.6,,,efficacy,fold,,,FC（fold change）为激活倍数,10,,0,CHEMBL1152887,2009,LITERATURE,Activation of human glucokinase assessed as maximal response by glucose-6-phosphate dehydrogenase coupled continuous spectrophotometric assay in presence of 10 mM glucose relative to control
CHEMBL2164435,,CHEMBL2167270,12087454,Activity,=,0.33,uM,,unclassified,,,,Activity 为自由文本指标（无官方标准化规则），assay 描述未命中提升门槛，不跨实验汇总,,,0,CHEMBL2163188,2012,LITERATURE,Activation of human recombinant glucokinase assessed as concentration required for 1.5 fold increase in enzymatic activity
CHEMBL2164436,,CHEMBL2167270,12087453,Activity,=,5,uM,,unclassified,,,,Activity 为自由文本指标（无官方标准化规则），assay 描述未命中提升门槛，不跨实验汇总,,,0,CHEMBL2163188,2012,LITERATURE,Activation of human recombinant glucokinase assessed as concentration required for 1.5 fold increase in enzymatic activity
CHEMBL2164437,,CHEMBL2167270,12087476,Activity,=,0.135,uM,,unclassified,,,,Activity 为自由文本指标（无官方标准化规则），assay 描述未命中提升门槛，不跨实验汇总,,,0,CHEMBL2163188,2012,LITERATURE,Activation of human recombinant glucokinase assessed as concentration required for 1.5 fold increase in enzymatic activity
CHEMBL2164438,,CHEMBL2167270,12087475,Activity,=,0.734,uM,,unclassified,,,,Activity 为自由文本指标（无官方标准化规则），assay 描述未命中提升门槛，不跨实验汇总,,,0,CHEMBL2163188,2012,LITERATURE,Activation of human recombinant glucokinase assessed as concentration required for 1.5 fold increase in enzymatic activity
CHEMBL2164439,,CHEMBL2167270,12087474,Activity,=,1.4,uM,,unclassified,,,,Activity 为自由文本指标（无官方标准化规则），assay 描述未命中提升门槛，不跨实验汇总,,,0,CHEMBL2163188,2012,LITERATURE,Activation of human recombinant glucokinase assessed as concentration required for 1.5 fold increase in enzymatic activity
CHEMBL2164440,,CHEMBL2167270,12087473,Activity,=,4.17,uM,,unclassified,,,,Activity 为自由文本指标（无官方标准化规则），assay 描述未命中提升门槛，不跨实验汇总,,,0,CHEMBL2163188,2012,LITERATURE,Activation of human recombinant glucokinase assessed as concentration required for 1.5 fold increase in enzymatic activity
CHEMBL2164441,,CHEMBL2167270,12087472,Activity,=,0.119,uM,,unclassified,,,,Activity 为自由文本指标（无官方标准化规则），assay 描述未命中提升门槛，不跨实验汇总,,,0,CHEMBL2163188,2012,LITERATURE,Activation of human recombinant glucokinase assessed as concentration required for 1.5 fold increase in enzymatic activity
CHEMBL2164442,,CHEMBL2167270,12087471,Activity,=,0.111,uM,,unclassified,,,,Activity 为自由文本指标（无官方标准化规则），assay 描述未命中提升门槛，不跨实验汇总,,,0,CHEMBL2163188,2012,LITERATURE,Activation of human recombinant glucokinase assessed as concentration required for 1.5 fold increase in enzymatic activity
CHEMBL2164443,,CHEMBL2167270,12087470,Activity,=,0.292,uM,,unclassified,,,,Activity 为自由文本指标（无官方标准化规则），assay 描述未命中提升门槛，不跨实验汇总,,,0,CHEMBL2163188,2012,LITERATURE,Activation of human recombinant glucokinase assessed as concentration required for 1.5 fold increase in enzymatic activity
CHEMBL2164444,,CHEMBL2167270,12087469,Activity,=,0.068,uM,,unclassified,,,,Activity 为自由文本指标（无官方标准化规则），assay 描述未命中提升门槛，不跨实验汇总,,,0,CHEMBL2163188,2012,LITERATURE,Activation of human recombinant glucokinase assessed as concentration required for 1.5 fold increase in enzymatic activity
CHEMBL2164445,,CHEMBL2167270,12087468,Activity,=,0.065,uM,,unclassified,,,,Activity 为自由文本指标（无官方标准化规则），assay 描述未命中提升门槛，不跨实验汇总,,,0,CHEMBL2163188,2012,LITERATURE,Activation of human recombinant glucokinase assessed as concentration required for 1.5 fold increase in enzymatic activity
CHEMBL2164446,,CHEMBL2167270,12087467,Activity,=,0.188,uM,,unclassified,,,,Activity 为自由文本指标（无官方标准化规则），assay 描述未命中提升门槛，不跨实验汇总,,,0,CHEMBL2163188,2012,LITERATURE,Activation of human recombinant glucokinase assessed as concentration required for 1.5 fold increase in enzymatic activity
CHEMBL2164447,,CHEMBL2167270,12087466,Activity,=,0.579,uM,,unclassified,,,,Activity 为自由文本指标（无官方标准化规则），assay 描述未命中提升门槛，不跨实验汇总,,,0,CHEMBL2163188,2012,LITERATURE,Activation of human recombinant glucokinase assessed as concentration required for 1.5 fold increase in enzymatic activity
CHEMBL2164749,,CHEMBL2167270,12087465,Activity,=,1.21,uM,,unclassified,,,,Activity 为自由文本指标（无官方标准化规则），assay 描述未命中提升门槛，不跨实验汇总,,,0,CHEMBL2163188,2012,LITERATURE,Activation of human recombinant glucokinase assessed as concentration required for 1.5 fold increase in enzymatic activity
CHEMBL2164750,,CHEMBL2167270,12087464,Activity,=,0.083,uM,,unclassified,,,,Activity 为自由文本指标（无官方标准化规则），assay 描述未命中提升门槛，不跨实验汇总,,,0,CHEMBL2163188,2012,LITERATURE,Activation of human recombinant glucokinase assessed as concentration required for 1.5 fold increase in enzymatic activity
CHEMBL2164751,,CHEMBL2167270,12087463,Activity,=,1.78,uM,,unclassified,,,,Activity 为自由文本指标（无官方标准化规则），assay 描述未命中提升门槛，不跨实验汇总,,,0,CHEMBL2163188,2012,LITERATURE,Activation of human recombinant glucokinase assessed as concentration required for 1.5 fold increase in enzymatic activity
CHEMBL2164752,,CHEMBL2167270,12087462,Activity,=,0.18,uM,,unclassified,,,,Activity 为自由文本指标（无官方标准化规则），assay 描述未命中提升门槛，不跨实验汇总,,,0,CHEMBL2163188,2012,LITERATURE,Activation of human recombinant glucokinase assessed as concentration required for 1.5 fold increase in enzymatic activity
CHEMBL2164753,,CHEMBL2167270,12087461,Activity,=,1.38,uM,,unclassified,,,,Activity 为自由文本指标（无官方标准化规则），assay 描述未命中提升门槛，不跨实验汇总,,,0,CHEMBL2163188,2012,LITERATURE,Activation of human recombinant glucokinase assessed as concentration required for 1.5 fold increase in enzymatic activity
CHEMBL2164754,,CHEMBL2167270,12087460,Activity,=,0.12,uM,,unclassified,,,,Activity 为自由文本指标（无官方标准化规则），assay 描述未命中提升门槛，不跨实验汇总,,,0,CHEMBL2163188,2012,LITERATURE,Activation of human recombinant glucokinase assessed as concentration required for 1.5 fold increase in enzymatic activity
CHEMBL2164755,,CHEMBL2167270,12087459,Activity,=,1.74,uM,,unclassified,,,,Activity 为自由文本指标（无官方标准化规则），assay 描述未命中提升门槛，不跨实验汇总,,,0,CHEMBL2163188,2012,LITERATURE,Activation of human recombinant glucokinase assessed as concentration required for 1.5 fold increase in enzymatic activity
CHEMBL2164756,,CHEMBL2167270,12087458,Activity,=,0.15,uM,,unclassified,,,,Activity 为自由文本指标（无官方标准化规则），assay 描述未命中提升门槛，不跨实验汇总,,,0,CHEMBL2163188,2012,LITERATURE,Activation of human recombinant glucokinase assessed as concentration required for 1.5 fold increase in enzymatic activity
CHEMBL2164757,,CHEMBL2167270,12087457,Activity,=,2.73,uM,,unclassified,,,,Activity 为自由文本指标（无官方标准化规则），assay 描述未命中提升门槛，不跨实验汇总,,,0,CHEMBL2163188,2012,LITERATURE,Activation of human recombinant glucokinase assessed as concentration required for 1.5 fold increase in enzymatic activity
CHEMBL2164758,,CHEMBL2167270,12087456,Activity,=,2.37,uM,,unclassified,,,,Activity 为自由文本指标（无官方标准化规则），assay 描述未命中提升门槛，不跨实验汇总,,,0,CHEMBL2163188,2012,LITERATURE,Activation of human recombinant glucokinase assessed as concentration required for 1.5 fold increase in enzymatic activity
CHEMBL2164759,,CHEMBL2167270,12087455,Activity,=,0.19,uM,,unclassified,,,,Activity 为自由文本指标（无官方标准化规则），assay 描述未命中提升门槛，不跨实验汇总,,,0,CHEMBL2163188,2012,LITERATURE,Activation of human recombinant glucokinase assessed as concentration required for 1.5 fold increase in enzymatic activity
CHEMBL2164760,,CHEMBL2167270,12086742,Activity,=,45,uM,,unclassified,,,,Activity 为自由文本指标（无官方标准化规则），assay 描述未命中提升门槛，不跨实验汇总,,,0,CHEMBL2163188,2012,LITERATURE,Activation of human recombinant glucokinase assessed as concentration required for 1.5 fold increase in enzymatic activity
CHEMBL2164761,,CHEMBL2167270,12087481,Activity,=,0.14,uM,,unclassified,,,,Activity 为自由文本指标（无官方标准化规则），assay 描述未命中提升门槛，不跨实验汇总,,,0,CHEMBL2163188,2012,LITERATURE,Activation of human recombinant glucokinase assessed as concentration required for 1.5 fold increase in enzymatic activity
CHEMBL2164761,,CHEMBL2346010,12694277,Activity,=,0.11,uM,,unclassified,,,,Activity 为自由文本指标（无官方标准化规则），assay 描述未命中提升门槛，不跨实验汇总,,,0,CHEMBL2331552,2013,LITERATURE,Activation of glucokinase (unknown origin) using glucose as substrate assessed as stimulation concentration required to achieve 150% activity relative to control
CHEMBL2164762,,CHEMBL2167270,12087479,Activity,=,0.667,uM,,unclassified,,,,Activity 为自由文本指标（无官方标准化规则），assay 描述未命中提升门槛，不跨实验汇总,,,0,CHEMBL2163188,2012,LITERATURE,Activation of human recombinant glucokinase assessed as concentration required for 1.5 fold increase in enzymatic activity
CHEMBL2164763,,CHEMBL2167270,12087478,Activity,=,0.48,uM,,unclassified,,,,Activity 为自由文本指标（无官方标准化规则），assay 描述未命中提升门槛，不跨实验汇总,,,0,CHEMBL2163188,2012,LITERATURE,Activation of human recombinant glucokinase assessed as concentration required for 1.5 fold increase in enzymatic activity
CHEMBL2164764,,CHEMBL2167270,12087477,Activity,=,0.148,uM,,unclassified,,,,Activity 为自由文本指标（无官方标准化规则），assay 描述未命中提升门槛，不跨实验汇总,,,0,CHEMBL2163188,2012,LITERATURE,Activation of human recombinant glucokinase assessed as concentration required for 1.5 fold increase in enzymatic activity
CHEMBL2165615,NERIGLIATIN,CHEMBL2168593,12082413,EC50,=,188,nM,6.73,potency,concentration,188.0,6.73,EC50 为标准化浓度型效力指标,6.5,,1,CHEMBL2163316,2012,LITERATURE,Activation of human recombinant glucokinase using 6.5 mM glucose by spectrophotometric analysis
CHEMBL2165615,NERIGLIATIN,CHEMBL2410525,13396380,Ratio,=,0.87,,,unclassified,,,,Ratio 为自由文本指标（无官方标准化规则），assay 描述未命中提升门槛，不跨实验汇总,,,0,CHEMBL2407069,2013,LITERATURE,Activation of human recombinant glucokinase assessed as ratio of the enzyme velocity at maximum compound concentration to the enzyme Km in the absence of compound
CHEMBL2165615,NERIGLIATIN,CHEMBL2410526,13396381,Ratio,=,0.1,,,unclassified,,,,Ratio 为自由文本指标（无官方标准化规则），assay 描述未命中提升门槛，不跨实验汇总,,,0,CHEMBL2407069,2013,LITERATURE,Activation of human recombinant glucokinase assessed as ratio of the glucokinase Km at maximum compound concentration to the enzyme Km in the absence of compound
CHEMBL2165615,NERIGLIATIN,CHEMBL2410527,13397281,EC50,=,190,nM,6.72,potency,concentration,190.0,6.72,EC50 为标准化浓度型效力指标,,,1,CHEMBL2407069,2013,LITERATURE,Activation of human recombinant glucokinase by matrix assay in presence of glucose
CHEMBL2165615,NERIGLIATIN,CHEMBL3223666,14533415,EC50,=,188,nM,6.73,potency,concentration,188.0,6.73,EC50 为标准化浓度型效力指标,,,0,CHEMBL3217627,2011,LITERATURE,Activation of recombinant human glucokinase assessed as formation of glucose-6-phosphate by G6PDH/NADP coupled assay
CHEMBL2165615,NERIGLIATIN,CHEMBL3583541,15619461,EC50,=,174,nM,6.76,potency,concentration,174.0,6.76,EC50 为标准化浓度型效力指标,,,0,CHEMBL3580608,2014,LITERATURE,Activation of recombinant human glucokinase assessed as formation of glucose-6-phosphate by G6PDH/NADP coupled assay
CHEMBL2165615,NERIGLIATIN,CHEMBL4193347,18517906,EC50,=,930,nM,6.03,potency,concentration,930.0,6.03,EC50 为标准化浓度型效力指标,5,,0,CHEMBL4190311,2017,LITERATURE,Activation of recombinant human liver glucokinase 2 assessed as reduction in NADH production in presence of 5 mM glucose by G6PDH coupled assay
CHEMBL2165615,NERIGLIATIN,CHEMBL4193348,18517953,FC,=,2.11,,,efficacy,fold,,,FC（fold change）为激活倍数,5,,0,CHEMBL4190311,2017,LITERATURE,Activation of recombinant human liver glucokinase 2 assessed as reduction in NADH production in presence of 5 mM glucose by G6PDH coupled assay relative to control
CHEMBL2165615,NERIGLIATIN,CHEMBL4193353,18518102,EC50,=,1090,nM,5.96,potency,concentration,1090.0,5.96,EC50 为标准化浓度型效力指标,5,,0,CHEMBL4190311,2017,LITERATURE,Activation of recombinant human liver glucokinase 2 assessed as assessed as reduction in Km for glucose in presence of 5 mM glucose by G6PDH coupled assay
CHEMBL2165616,,CHEMBL2168593,12082412,EC50,=,212,nM,6.67,potency,concentration,212.0,6.67,EC50 为标准化浓度型效力指标,6.5,,1,CHEMBL2163316,2012,LITERATURE,Activation of human recombinant glucokinase using 6.5 mM glucose by spectrophotometric analysis
CHEMBL2165616,,CHEMBL2215687,12199916,Ratio,=,0.09,,,unclassified,,,,Ratio 为自由文本指标（无官方标准化规则），assay 描述未命中提升门槛，不跨实验汇总,,,0,CHEMBL2203262,2012,LITERATURE,Ratio of recombinant human glucokinase Km at maximum activator concentration to recombinant human glucokinase Km in absence of activator
CHEMBL2165616,,CHEMBL2216127,12199875,Ratio,=,0.97,,,unclassified,,,,Ratio 为自由文本指标（无官方标准化规则），assay 描述未命中提升门槛，不跨实验汇总,,,0,CHEMBL2203262,2012,LITERATURE,Ratio of recombinant human glucokinase velocity at maximum activator concentration to recombinant human glucokinase velocity in absence of activator
CHEMBL2165616,,CHEMBL2216128,12199900,EC50,=,220,nM,6.66,potency,concentration,220.0,6.66,EC50 为标准化浓度型效力指标,,,1,CHEMBL2203262,2012,LITERATURE,Activation of recombinant human glucokinase assessed measuring rate of glucose 6-phosphate formation using G6PDH/NADP coupling
CHEMBL2165616,,CHEMBL3223666,14533414,EC50,=,212,nM,6.67,potency,concentration,212.0,6.67,EC50 为标准化浓度型效力指标,,,0,CHEMBL3217627,2011,LITERATURE,Activation of recombinant human glucokinase assessed as formation of glucose-6-phosphate by G6PDH/NADP coupled assay
CHEMBL2165616,,CHEMBL3583541,15619460,EC50,=,210,nM,6.68,potency,concentration,210.0,6.68,EC50 为标准化浓度型效力指标,,,1,CHEMBL3580608,2014,LITERATURE,Activation of recombinant human glucokinase assessed as formation of glucose-6-phosphate by G6PDH/NADP coupled assay
CHEMBL2165617,,CHEMBL2168593,12082415,EC50,=,1080,nM,5.97,potency,concentration,1080.0,5.97,EC50 为标准化浓度型效力指标,6.5,,0,CHEMBL2163316,2012,LITERATURE,Activation of human recombinant glucokinase using 6.5 mM glucose by spectrophotometric analysis
CHEMBL2165618,,CHEMBL2168593,12082414,EC50,>,10000,nM,,potency,concentration,10000.0,,EC50 为标准化浓度型效力指标,6.5,,0,CHEMBL2163316,2012,LITERATURE,Activation of human recombinant glucokinase using 6.5 mM glucose by spectrophotometric analysis
CHEMBL2165619,,CHEMBL2168593,12082424,EC50,=,114,nM,6.94,potency,concentration,114.0,6.94,EC50 为标准化浓度型效力指标,6.5,,0,CHEMBL2163316,2012,LITERATURE,Activation of human recombinant glucokinase using 6.5 mM glucose by spectrophotometric analysis
CHEMBL2165620,PF-04991532,CHEMBL2168593,12082423,EC50,=,90,nM,7.05,potency,concentration,90.0,7.05,EC50 为标准化浓度型效力指标,6.5,,0,CHEMBL2163316,2012,LITERATURE,Activation of human recombinant glucokinase using 6.5 mM glucose by spectrophotometric analysis
CHEMBL2165621,,CHEMBL2168593,12082422,EC50,>,10000,nM,,potency,concentration,10000.0,,EC50 为标准化浓度型效力指标,6.5,,0,CHEMBL2163316,2012,LITERATURE,Activation of human recombinant glucokinase using 6.5 mM glucose by spectrophotometric analysis
CHEMBL2165622,,CHEMBL2168593,12082421,EC50,>,10000,nM,,potency,concentration,10000.0,,EC50 为标准化浓度型效力指标,6.5,,0,CHEMBL2163316,2012,LITERATURE,Activation of human recombinant glucokinase using 6.5 mM glucose by spectrophotometric analysis
CHEMBL2165623,,CHEMBL2168593,12082420,EC50,=,565,nM,6.25,potency,concentration,565.0,6.25,EC50 为标准化浓度型效力指标,6.5,,0,CHEMBL2163316,2012,LITERATURE,Activation of human recombinant glucokinase using 6.5 mM glucose by spectrophotometric analysis
CHEMBL2165624,,CHEMBL2168593,12082419,EC50,=,2490,nM,5.6,potency,concentration,2490.0,5.6,EC50 为标准化浓度型效力指标,6.5,,0,CHEMBL2163316,2012,LITERATURE,Activation of human recombinant glucokinase using 6.5 mM glucose by spectrophotometric analysis
CHEMBL2165625,,CHEMBL2168593,12082418,EC50,>,10000,nM,,potency,concentration,10000.0,,EC50 为标准化浓度型效力指标,6.5,,0,CHEMBL2163316,2012,LITERATURE,Activation of human recombinant glucokinase using 6.5 mM glucose by spectrophotometric analysis
CHEMBL2165626,,CHEMBL2168593,12082417,EC50,=,284,nM,6.55,potency,concentration,284.0,6.55,EC50 为标准化浓度型效力指标,6.5,,0,CHEMBL2163316,2012,LITERATURE,Activation of human recombinant glucokinase using 6.5 mM glucose by spectrophotometric analysis
CHEMBL2165627,,CHEMBL2168593,12082416,EC50,=,456,nM,6.34,potency,concentration,456.0,6.34,EC50 为标准化浓度型效力指标,6.5,,0,CHEMBL2163316,2012,LITERATURE,Activation of human recombinant glucokinase using 6.5 mM glucose by spectrophotometric analysis
CHEMBL2204646,,CHEMBL2215687,12199912,Ratio,=,0.11,,,unclassified,,,,Ratio 为自由文本指标（无官方标准化规则），assay 描述未命中提升门槛，不跨实验汇总,,,0,CHEMBL2203262,2012,LITERATURE,Ratio of recombinant human glucokinase Km at maximum activator concentration to recombinant human glucokinase Km in absence of activator
CHEMBL2204646,,CHEMBL2216127,12199879,Ratio,=,0.87,,,unclassified,,,,Ratio 为自由文本指标（无官方标准化规则），assay 描述未命中提升门槛，不跨实验汇总,,,0,CHEMBL2203262,2012,LITERATURE,Ratio of recombinant human glucokinase velocity at maximum activator concentration to recombinant human glucokinase velocity in absence of activator
CHEMBL2204646,,CHEMBL2216128,12199873,EC50,=,990,nM,6,potency,concentration,990.0,6.0,EC50 为标准化浓度型效力指标,,,0,CHEMBL2203262,2012,LITERATURE,Activation of recombinant human glucokinase assessed measuring rate of glucose 6-phosphate formation using G6PDH/NADP coupling
CHEMBL2204647,,CHEMBL2215687,12199920,Ratio,=,0.05,,,unclassified,,,,Ratio 为自由文本指标（无官方标准化规则），assay 描述未命中提升门槛，不跨实验汇总,,,0,CHEMBL2203262,2012,LITERATURE,Ratio of recombinant human glucokinase Km at maximum activator concentration to recombinant human glucokinase Km in absence of activator
CHEMBL2204647,,CHEMBL2216127,12199876,Ratio,=,0.91,,,unclassified,,,,Ratio 为自由文本指标（无官方标准化规则），assay 描述未命中提升门槛，不跨实验汇总,,,0,CHEMBL2203262,2012,LITERATURE,Ratio of recombinant human glucokinase velocity at maximum activator concentration to recombinant human glucokinase velocity in absence of activator
CHEMBL2204647,,CHEMBL2216128,12199889,EC50,=,620,nM,6.21,potency,concentration,620.0,6.21,EC50 为标准化浓度型效力指标,,,0,CHEMBL2203262,2012,LITERATURE,Activation of recombinant human glucokinase assessed measuring rate of glucose 6-phosphate formation using G6PDH/NADP coupling
CHEMBL2204648,,CHEMBL2215687,12199903,Ratio,=,0.16,,,unclassified,,,,Ratio 为自由文本指标（无官方标准化规则），assay 描述未命中提升门槛，不跨实验汇总,,,0,CHEMBL2203262,2012,LITERATURE,Ratio of recombinant human glucokinase Km at maximum activator concentration to recombinant human glucokinase Km in absence of activator
CHEMBL2204648,,CHEMBL2216127,12199888,Ratio,=,0.65,,,unclassified,,,,Ratio 为自由文本指标（无官方标准化规则），assay 描述未命中提升门槛，不跨实验汇总,,,0,CHEMBL2203262,2012,LITERATURE,Ratio of recombinant human glucokinase velocity at maximum activator concentration to recombinant human glucokinase velocity in absence of activator
CHEMBL2204648,,CHEMBL2216128,12199887,EC50,=,710,nM,6.15,potency,concentration,710.0,6.15,EC50 为标准化浓度型效力指标,,,0,CHEMBL2203262,2012,LITERATURE,Activation of recombinant human glucokinase assessed measuring rate of glucose 6-phosphate formation using G6PDH/NADP coupling
CHEMBL2204649,,CHEMBL2215687,12199901,Ratio,=,0.2,,,unclassified,,,,Ratio 为自由文本指标（无官方标准化规则），assay 描述未命中提升门槛，不跨实验汇总,,,0,CHEMBL2203262,2012,LITERATURE,Ratio of recombinant human glucokinase Km at maximum activator concentration to recombinant human glucokinase Km in absence of activator
CHEMBL2204649,,CHEMBL2216127,12199870,Ratio,=,1.05,,,unclassified,,,,Ratio 为自由文本指标（无官方标准化规则），assay 描述未命中提升门槛，不跨实验汇总,,,0,CHEMBL2203262,2012,LITERATURE,Ratio of recombinant human glucokinase velocity at maximum activator concentration to recombinant human glucokinase velocity in absence of activator
CHEMBL2204649,,CHEMBL2216128,12199858,EC50,=,1930,nM,5.71,potency,concentration,1930.0,5.71,EC50 为标准化浓度型效力指标,,,0,CHEMBL2203262,2012,LITERATURE,Activation of recombinant human glucokinase assessed measuring rate of glucose 6-phosphate formation using G6PDH/NADP coupling
CHEMBL2204650,,CHEMBL2215687,12199911,Ratio,=,0.11,,,unclassified,,,,Ratio 为自由文本指标（无官方标准化规则），assay 描述未命中提升门槛，不跨实验汇总,,,0,CHEMBL2203262,2012,LITERATURE,Ratio of recombinant human glucokinase Km at maximum activator concentration to recombinant human glucokinase Km in absence of activator
CHEMBL2204650,,CHEMBL2216127,12199869,Ratio,=,1.07,,,unclassified,,,,Ratio 为自由文本指标（无官方标准化规则），assay 描述未命中提升门槛，不跨实验汇总,,,0,CHEMBL2203262,2012,LITERATURE,Ratio of recombinant human glucokinase velocity at maximum activator concentration to recombinant human glucokinase velocity in absence of activator
CHEMBL2204650,,CHEMBL2216128,12199874,EC50,=,980,nM,6.01,potency,concentration,980.0,6.01,EC50 为标准化浓度型效力指标,,,0,CHEMBL2203262,2012,LITERATURE,Activation of recombinant human glucokinase assessed measuring rate of glucose 6-phosphate formation using G6PDH/NADP coupling
CHEMBL2204651,,CHEMBL2215687,12199915,Ratio,=,0.09,,,unclassified,,,,Ratio 为自由文本指标（无官方标准化规则），assay 描述未命中提升门槛，不跨实验汇总,,,0,CHEMBL2203262,2012,LITERATURE,Ratio of recombinant human glucokinase Km at maximum activator concentration to recombinant human glucokinase Km in absence of activator
CHEMBL2204651,,CHEMBL2216127,12199871,Ratio,=,1.01,,,unclassified,,,,Ratio 为自由文本指标（无官方标准化规则），assay 描述未命中提升门槛，不跨实验汇总,,,0,CHEMBL2203262,2012,LITERATURE,Ratio of recombinant human glucokinase velocity at maximum activator concentration to recombinant human glucokinase velocity in absence of activator
CHEMBL2204651,,CHEMBL2216128,12199891,EC50,=,510,nM,6.29,potency,concentration,510.0,6.29,EC50 为标准化浓度型效力指标,,,0,CHEMBL2203262,2012,LITERATURE,Activation of recombinant human glucokinase assessed measuring rate of glucose 6-phosphate formation using G6PDH/NADP coupling
CHEMBL2204652,,CHEMBL2215687,12199914,Ratio,=,0.1,,,unclassified,,,,Ratio 为自由文本指标（无官方标准化规则），assay 描述未命中提升门槛，不跨实验汇总,,,0,CHEMBL2203262,2012,LITERATURE,Ratio of recombinant human glucokinase Km at maximum activator concentration to recombinant human glucokinase Km in absence of activator
CHEMBL2204652,,CHEMBL2216127,12199867,Ratio,=,1.14,,,unclassified,,,,Ratio 为自由文本指标（无官方标准化规则），assay 描述未命中提升门槛，不跨实验汇总,,,0,CHEMBL2203262,2012,LITERATURE,Ratio of recombinant human glucokinase velocity at maximum activator concentration to recombinant human glucokinase velocity in absence of activator
CHEMBL2204652,,CHEMBL2216128,12199894,EC50,=,440,nM,6.36,potency,concentration,440.0,6.36,EC50 为标准化浓度型效力指标,,,0,CHEMBL2203262,2012,LITERATURE,Activation of recombinant human glucokinase assessed measuring rate of glucose 6-phosphate formation using G6PDH/NADP coupling
CHEMBL2204653,,CHEMBL2215687,12199917,Ratio,=,0.07,,,unclassified,,,,Ratio 为自由文本指标（无官方标准化规则），assay 描述未命中提升门槛，不跨实验汇总,,,0,CHEMBL2203262,2012,LITERATURE,Ratio of recombinant human glucokinase Km at maximum activator concentration to recombinant human glucokinase Km in absence of activator
CHEMBL2204653,,CHEMBL2216127,12199864,Ratio,=,1.18,,,unclassified,,,,Ratio 为自由文本指标（无官方标准化规则），assay 描述未命中提升门槛，不跨实验汇总,,,0,CHEMBL2203262,2012,LITERATURE,Ratio of recombinant human glucokinase velocity at maximum activator concentration to recombinant human glucokinase velocity in absence of activator
CHEMBL2204653,,CHEMBL2216128,12199878,EC50,=,880,nM,6.06,potency,concentration,880.0,6.06,EC50 为标准化浓度型效力指标,,,0,CHEMBL2203262,2012,LITERATURE,Activation of recombinant human glucokinase assessed measuring rate of glucose 6-phosphate formation using G6PDH/NADP coupling
CHEMBL2204654,,CHEMBL2215687,12199893,Ratio,=,0.5,,,unclassified,,,,Ratio 为自由文本指标（无官方标准化规则），assay 描述未命中提升门槛，不跨实验汇总,,,0,CHEMBL2203262,2012,LITERATURE,Ratio of recombinant human glucokinase Km at maximum activator concentration to recombinant human glucokinase Km in absence of activator
CHEMBL2204654,,CHEMBL2216127,12199866,Ratio,=,1.14,,,unclassified,,,,Ratio 为自由文本指标（无官方标准化规则），assay 描述未命中提升门槛，不跨实验汇总,,,0,CHEMBL2203262,2012,LITERATURE,Ratio of recombinant human glucokinase velocity at maximum activator concentration to recombinant human glucokinase velocity in absence of activator
CHEMBL2204654,,CHEMBL2216128,12199852,EC50,=,2320,nM,5.63,potency,concentration,2320.0,5.63,EC50 为标准化浓度型效力指标,,,0,CHEMBL2203262,2012,LITERATURE,Activation of recombinant human glucokinase assessed measuring rate of glucose 6-phosphate formation using G6PDH/NADP coupling
CHEMBL2204655,,CHEMBL2215687,12199910,Ratio,=,0.11,,,unclassified,,,,Ratio 为自由文本指标（无官方标准化规则），assay 描述未命中提升门槛，不跨实验汇总,,,0,CHEMBL2203262,2012,LITERATURE,Ratio of recombinant human glucokinase Km at maximum activator concentration to recombinant human glucokinase Km in absence of activator
CHEMBL2204655,,CHEMBL2216127,12199884,Ratio,=,0.8,,,unclassified,,,,Ratio 为自由文本指标（无官方标准化规则），assay 描述未命中提升门槛，不跨实验汇总,,,0,CHEMBL2203262,2012,LITERATURE,Ratio of recombinant human glucokinase velocity at maximum activator concentration to recombinant human glucokinase velocity in absence of activator
CHEMBL2204655,,CHEMBL2216128,12199895,EC50,=,400,nM,6.4,potency,concentration,400.0,6.4,EC50 为标准化浓度型效力指标,,,0,CHEMBL2203262,2012,LITERATURE,Activation of recombinant human glucokinase assessed measuring rate of glucose 6-phosphate formation using G6PDH/NADP coupling
CHEMBL2204655,,CHEMBL3583541,15619462,EC50,=,391,nM,6.41,potency,concentration,391.0,6.41,EC50 为标准化浓度型效力指标,,,1,CHEMBL3580608,2014,LITERATURE,Activation of recombinant human glucokinase assessed as formation of glucose-6-phosphate by G6PDH/NADP coupled assay
CHEMBL2204656,,CHEMBL2215687,12199905,Ratio,=,0.14,,,unclassified,,,,Ratio 为自由文本指标（无官方标准化规则），assay 描述未命中提升门槛，不跨实验汇总,,,0,CHEMBL2203262,2012,LITERATURE,Ratio of recombinant human glucokinase Km at maximum activator concentration to recombinant human glucokinase Km in absence of activator
CHEMBL2204656,,CHEMBL2216127,12199886,Ratio,=,0.71,,,unclassified,,,,Ratio 为自由文本指标（无官方标准化规则），assay 描述未命中提升门槛，不跨实验汇总,,,0,CHEMBL2203262,2012,LITERATURE,Ratio of recombinant human glucokinase velocity at maximum activator concentration to recombinant human glucokinase velocity in absence of activator
CHEMBL2204656,,CHEMBL2216128,12199897,EC50,=,340,nM,6.47,potency,concentration,340.0,6.47,EC50 为标准化浓度型效力指标,,,0,CHEMBL2203262,2012,LITERATURE,Activation of recombinant human glucokinase assessed measuring rate of glucose 6-phosphate formation using G6PDH/NADP coupling
CHEMBL2204657,,CHEMBL2215687,12199907,Ratio,=,0.13,,,unclassified,,,,Ratio 为自由文本指标（无官方标准化规则），assay 描述未命中提升门槛，不跨实验汇总,,,0,CHEMBL2203262,2012,LITERATURE,Ratio of recombinant human glucokinase Km at maximum activator concentration to recombinant human glucokinase Km in absence of activator
CHEMBL2204657,,CHEMBL2216127,12199882,Ratio,=,0.82,,,unclassified,,,,Ratio 为自由文本指标（无官方标准化规则），assay 描述未命中提升门槛，不跨实验汇总,,,0,CHEMBL2203262,2012,LITERATURE,Ratio of recombinant human glucokinase velocity at maximum activator concentration to recombinant human glucokinase velocity in absence of activator
CHEMBL2204657,,CHEMBL2216128,12199877,EC50,=,910,nM,6.04,potency,concentration,910.0,6.04,EC50 为标准化浓度型效力指标,,,0,CHEMBL2203262,2012,LITERATURE,Activation of recombinant human glucokinase assessed measuring rate of glucose 6-phosphate formation using G6PDH/NADP coupling
CHEMBL2204658,,CHEMBL2215687,12199904,Ratio,=,0.15,,,unclassified,,,,Ratio 为自由文本指标（无官方标准化规则），assay 描述未命中提升门槛，不跨实验汇总,,,0,CHEMBL2203262,2012,LITERATURE,Ratio of recombinant human glucokinase Km at maximum activator concentration to recombinant human glucokinase Km in absence of activator
CHEMBL2204658,,CHEMBL2216127,12199863,Ratio,=,1.19,,,unclassified,,,,Ratio 为自由文本指标（无官方标准化规则），assay 描述未命中提升门槛，不跨实验汇总,,,0,CHEMBL2203262,2012,LITERATURE,Ratio of recombinant human glucokinase velocity at maximum activator concentration to recombinant human glucokinase velocity in absence of activator
CHEMBL2204658,,CHEMBL2216128,12199885,EC50,=,770,nM,6.11,potency,concentration,770.0,6.11,EC50 为标准化浓度型效力指标,,,0,CHEMBL2203262,2012,LITERATURE,Activation of recombinant human glucokinase assessed measuring rate of glucose 6-phosphate formation using G6PDH/NADP coupling
CHEMBL2204659,,CHEMBL2215687,12199919,Ratio,=,0.06,,,unclassified,,,,Ratio 为自由文本指标（无官方标准化规则），assay 描述未命中提升门槛，不跨实验汇总,,,0,CHEMBL2203262,2012,LITERATURE,Ratio of recombinant human glucokinase Km at maximum activator concentration to recombinant human glucokinase Km in absence of activator
CHEMBL2204659,,CHEMBL2216127,12199862,Ratio,=,1.2,,,unclassified,,,,Ratio 为自由文本指标（无官方标准化规则），assay 描述未命中提升门槛，不跨实验汇总,,,0,CHEMBL2203262,2012,LITERATURE,Ratio of recombinant human glucokinase velocity at maximum activator concentration to recombinant human glucokinase velocity in absence of activator
CHEMBL2204659,,CHEMBL2216128,12199898,EC50,=,310,nM,6.51,potency,concentration,310.0,6.51,EC50 为标准化浓度型效力指标,,,0,CHEMBL2203262,2012,LITERATURE,Activation of recombinant human glucokinase assessed measuring rate of glucose 6-phosphate formation using G6PDH/NADP coupling
CHEMBL2204660,,CHEMBL2215687,12199913,Ratio,=,0.1,,,unclassified,,,,Ratio 为自由文本指标（无官方标准化规则），assay 描述未命中提升门槛，不跨实验汇总,,,0,CHEMBL2203262,2012,LITERATURE,Ratio of recombinant human glucokinase Km at maximum activator concentration to recombinant human glucokinase Km in absence of activator
CHEMBL2204660,,CHEMBL2216127,12199868,Ratio,=,1.07,,,unclassified,,,,Ratio 为自由文本指标（无官方标准化规则），assay 描述未命中提升门槛，不跨实验汇总,,,0,CHEMBL2203262,2012,LITERATURE,Ratio of recombinant human glucokinase velocity at maximum activator concentration to recombinant human glucokinase velocity in absence of activator
CHEMBL2204660,,CHEMBL2216128,12199861,EC50,=,1540,nM,5.81,potency,concentration,1540.0,5.81,EC50 为标准化浓度型效力指标,,,0,CHEMBL2203262,2012,LITERATURE,Activation of recombinant human glucokinase assessed measuring rate of glucose 6-phosphate formation using G6PDH/NADP coupling
CHEMBL2204661,,CHEMBL2215687,12199906,Ratio,=,0.13,,,unclassified,,,,Ratio 为自由文本指标（无官方标准化规则），assay 描述未命中提升门槛，不跨实验汇总,,,0,CHEMBL2203262,2012,LITERATURE,Ratio of recombinant human glucokinase Km at maximum activator concentration to recombinant human glucokinase Km in absence of activator
CHEMBL2204661,,CHEMBL2216127,12199865,Ratio,=,1.16,,,unclassified,,,,Ratio 为自由文本指标（无官方标准化规则），assay 描述未命中提升门槛，不跨实验汇总,,,0,CHEMBL2203262,2012,LITERATURE,Ratio of recombinant human glucokinase velocity at maximum activator concentration to recombinant human glucokinase velocity in absence of activator
CHEMBL2204661,,CHEMBL2216128,12199856,EC50,=,2030,nM,5.69,potency,concentration,2030.0,5.69,EC50 为标准化浓度型效力指标,,,0,CHEMBL2203262,2012,LITERATURE,Activation of recombinant human glucokinase assessed measuring rate of glucose 6-phosphate formation using G6PDH/NADP coupling
CHEMBL2204662,,CHEMBL2215687,12199918,Ratio,=,0.06,,,unclassified,,,,Ratio 为自由文本指标（无官方标准化规则），assay 描述未命中提升门槛，不跨实验汇总,,,0,CHEMBL2203262,2012,LITERATURE,Ratio of recombinant human glucokinase Km at maximum activator concentration to recombinant human glucokinase Km in absence of activator
CHEMBL2204662,,CHEMBL2216127,12199883,Ratio,=,0.8,,,unclassified,,,,Ratio 为自由文本指标（无官方标准化规则），assay 描述未命中提升门槛，不跨实验汇总,,,0,CHEMBL2203262,2012,LITERATURE,Ratio of recombinant human glucokinase velocity at maximum activator concentration to recombinant human glucokinase velocity in absence of activator
CHEMBL2204662,,CHEMBL2216128,12199899,EC50,=,230,nM,6.64,potency,concentration,230.0,6.64,EC50 为标准化浓度型效力指标,,,0,CHEMBL2203262,2012,LITERATURE,Activation of recombinant human glucokinase assessed measuring rate of glucose 6-phosphate formation using G6PDH/NADP coupling
CHEMBL2204663,,CHEMBL2215687,12199908,Ratio,=,0.12,,,unclassified,,,,Ratio 为自由文本指标（无官方标准化规则），assay 描述未命中提升门槛，不跨实验汇总,,,0,CHEMBL2203262,2012,LITERATURE,Ratio of recombinant human glucokinase Km at maximum activator concentration to recombinant human glucokinase Km in absence of activator
CHEMBL2204663,,CHEMBL2216127,12199881,Ratio,=,0.82,,,unclassified,,,,Ratio 为自由文本指标（无官方标准化规则），assay 描述未命中提升门槛，不跨实验汇总,,,0,CHEMBL2203262,2012,LITERATURE,Ratio of recombinant human glucokinase velocity at maximum activator concentration to recombinant human glucokinase velocity in absence of activator
CHEMBL2204663,,CHEMBL2216128,12199909,EC50,=,120,nM,6.92,potency,concentration,120.0,6.92,EC50 为标准化浓度型效力指标,,,0,CHEMBL2203262,2012,LITERATURE,Activation of recombinant human glucokinase assessed measuring rate of glucose 6-phosphate formation using G6PDH/NADP coupling
CHEMBL2204663,,CHEMBL3583541,15619459,EC50,=,114,nM,6.94,potency,concentration,114.0,6.94,EC50 为标准化浓度型效力指标,,,0,CHEMBL3580608,2014,LITERATURE,Activation of recombinant human glucokinase assessed as formation of glucose-6-phosphate by G6PDH/NADP coupled assay
CHEMBL2206775,,CHEMBL2215199,12195202,EC50,>,100000,nM,,potency,concentration,100000.0,,EC50 为标准化浓度型效力指标,,,0,CHEMBL2202962,2012,LITERATURE,Activation of human glucokinase
CHEMBL2206776,,CHEMBL2215199,12195258,EC50,>,100000,nM,,potency,concentration,100000.0,,EC50 为标准化浓度型效力指标,,,0,CHEMBL2202962,2012,LITERATURE,Activation of human glucokinase
CHEMBL2206777,,CHEMBL2215199,12195257,EC50,=,501.19,nM,6.3,potency,concentration,501.19,6.3,EC50 为标准化浓度型效力指标,,,0,CHEMBL2202962,2012,LITERATURE,Activation of human glucokinase
CHEMBL2206778,,CHEMBL2215199,12195256,EC50,>,100000,nM,,potency,concentration,100000.0,,EC50 为标准化浓度型效力指标,,,0,CHEMBL2202962,2012,LITERATURE,Activation of human glucokinase
CHEMBL2206779,,CHEMBL2215199,12195255,EC50,=,15848.93,nM,4.8,potency,concentration,15848.93,4.8,EC50 为标准化浓度型效力指标,,,0,CHEMBL2202962,2012,LITERATURE,Activation of human glucokinase
CHEMBL2206780,,CHEMBL2215199,12195254,EC50,=,630.96,nM,6.2,potency,concentration,630.96,6.2,EC50 为标准化浓度型效力指标,,,0,CHEMBL2202962,2012,LITERATURE,Activation of human glucokinase
CHEMBL2206781,,CHEMBL2215199,12195253,EC50,=,794.33,nM,6.1,potency,concentration,794.33,6.1,EC50 为标准化浓度型效力指标,,,0,CHEMBL2202962,2012,LITERATURE,Activation of human glucokinase
CHEMBL2206782,,CHEMBL2215199,12195252,EC50,=,3162.28,nM,5.5,potency,concentration,3162.28,5.5,EC50 为标准化浓度型效力指标,,,0,CHEMBL2202962,2012,LITERATURE,Activation of human glucokinase
CHEMBL2206783,,CHEMBL2215199,12195251,EC50,>,100000,nM,,potency,concentration,100000.0,,EC50 为标准化浓度型效力指标,,,0,CHEMBL2202962,2012,LITERATURE,Activation of human glucokinase
CHEMBL2206784,,CHEMBL2215199,12195250,EC50,=,1584.89,nM,5.8,potency,concentration,1584.89,5.8,EC50 为标准化浓度型效力指标,,,0,CHEMBL2202962,2012,LITERATURE,Activation of human glucokinase
CHEMBL2206785,,CHEMBL2215199,12195249,EC50,=,125.89,nM,6.9,potency,concentration,125.89,6.9,EC50 为标准化浓度型效力指标,,,0,CHEMBL2202962,2012,LITERATURE,Activation of human glucokinase
CHEMBL2206786,,CHEMBL2215199,12195248,EC50,=,100,nM,7,potency,concentration,100.0,7.0,EC50 为标准化浓度型效力指标,,,0,CHEMBL2202962,2012,LITERATURE,Activation of human glucokinase
CHEMBL2206787,,CHEMBL2215199,12195247,EC50,=,316.23,nM,6.5,potency,concentration,316.23,6.5,EC50 为标准化浓度型效力指标,,,0,CHEMBL2202962,2012,LITERATURE,Activation of human glucokinase
CHEMBL2206788,,CHEMBL2215199,12195246,EC50,=,100,nM,7,potency,concentration,100.0,7.0,EC50 为标准化浓度型效力指标,,,0,CHEMBL2202962,2012,LITERATURE,Activation of human glucokinase
CHEMBL2206789,,CHEMBL2215199,12195245,EC50,=,199.53,nM,6.7,potency,concentration,199.53,6.7,EC50 为标准化浓度型效力指标,,,0,CHEMBL2202962,2012,LITERATURE,Activation of human glucokinase
CHEMBL2206790,,CHEMBL2215199,12195244,EC50,=,50.12,nM,7.3,potency,concentration,50.12,7.3,EC50 为标准化浓度型效力指标,,,0,CHEMBL2202962,2012,LITERATURE,Activation of human glucokinase
CHEMBL2206790,,CHEMBL3226993,14551944,EC50,=,50.12,nM,7.3,potency,concentration,50.12,7.3,EC50 为标准化浓度型效力指标,,,1,CHEMBL3217683,2013,LITERATURE,Activity at glucokinase (unknown origin)
CHEMBL2206791,,CHEMBL2215199,12195243,EC50,=,63.1,nM,7.2,potency,concentration,63.1,7.2,EC50 为标准化浓度型效力指标,,,0,CHEMBL2202962,2012,LITERATURE,Activation of human glucokinase
CHEMBL2206792,,CHEMBL2215199,12195242,EC50,=,125.89,nM,6.9,potency,concentration,125.89,6.9,EC50 为标准化浓度型效力指标,,,0,CHEMBL2202962,2012,LITERATURE,Activation of human glucokinase
CHEMBL2311574,,CHEMBL2318453,12634156,EC50,=,85,nM,7.07,potency,concentration,85.0,7.07,EC50 为标准化浓度型效力指标,5,,0,CHEMBL2311350,2013,LITERATURE,Induction of human hepatic glucokinase activity at 5 mM glucose concentration
CHEMBL2311574,,CHEMBL2318648,12634125,Vmax,=,130,%,,kinetic,,,,Vmax 属酶动力学参数（机制读数），不计入效力/效能,5,,0,CHEMBL2311350,2013,LITERATURE,Induction of human pancreatic glucokinase activity assessed as maximal reaction rate at 5 mM glucose concentration
CHEMBL2311574,,CHEMBL2318649,12634158,EC50,=,70,nM,7.16,potency,concentration,70.0,7.16,EC50 为标准化浓度型效力指标,5,,0,CHEMBL2311350,2013,LITERATURE,Induction of human pancreatic glucokinase activity at 5 mM glucose concentration
CHEMBL2311574,,CHEMBL2318650,12634157,Activity,,,,,unclassified,,,,Activity 为自由文本指标（无官方标准化规则），assay 描述未命中提升门槛，不跨实验汇总,5,,0,CHEMBL2311350,2013,LITERATURE,Induction of human pancreatic glucokinase activity assessed as half maximal saturation concentration of glucose at 5 mM glucose concentration
CHEMBL2314794,,CHEMBL2318649,12635688,EC50,=,283,nM,6.55,potency,concentration,283.0,6.55,EC50 为标准化浓度型效力指标,5,,0,CHEMBL2311350,2013,LITERATURE,Induction of human pancreatic glucokinase activity at 5 mM glucose concentration
CHEMBL2314795,,CHEMBL2318649,12635687,EC50,=,239,nM,6.62,potency,concentration,239.0,6.62,EC50 为标准化浓度型效力指标,5,,0,CHEMBL2311350,2013,LITERATURE,Induction of human pancreatic glucokinase activity at 5 mM glucose concentration
CHEMBL2314796,,CHEMBL2318649,12635686,EC50,=,852,nM,6.07,potency,concentration,852.0,6.07,EC50 为标准化浓度型效力指标,5,,0,CHEMBL2311350,2013,LITERATURE,Induction of human pancreatic glucokinase activity at 5 mM glucose concentration
CHEMBL2314797,,CHEMBL2318649,12635685,EC50,=,80,nM,7.1,potency,concentration,80.0,7.1,EC50 为标准化浓度型效力指标,5,,0,CHEMBL2311350,2013,LITERATURE,Induction of human pancreatic glucokinase activity at 5 mM glucose concentration
CHEMBL2314798,,CHEMBL2318649,12635684,EC50,=,119,nM,6.92,potency,concentration,119.0,6.92,EC50 为标准化浓度型效力指标,5,,0,CHEMBL2311350,2013,LITERATURE,Induction of human pancreatic glucokinase activity at 5 mM glucose concentration
CHEMBL2314799,,CHEMBL2318649,12635683,EC50,=,109,nM,6.96,potency,concentration,109.0,6.96,EC50 为标准化浓度型效力指标,5,,0,CHEMBL2311350,2013,LITERATURE,Induction of human pancreatic glucokinase activity at 5 mM glucose concentration
CHEMBL2314800,,CHEMBL2318649,12635682,EC50,=,200,nM,6.7,potency,concentration,200.0,6.7,EC50 为标准化浓度型效力指标,5,,0,CHEMBL2311350,2013,LITERATURE,Induction of human pancreatic glucokinase activity at 5 mM glucose concentration
CHEMBL2314801,,CHEMBL2318649,12635681,EC50,=,161,nM,6.79,potency,concentration,161.0,6.79,EC50 为标准化浓度型效力指标,5,,0,CHEMBL2311350,2013,LITERATURE,Induction of human pancreatic glucokinase activity at 5 mM glucose concentration
CHEMBL2314802,,CHEMBL2318649,12635680,EC50,=,848,nM,6.07,potency,concentration,848.0,6.07,EC50 为标准化浓度型效力指标,5,,0,CHEMBL2311350,2013,LITERATURE,Induction of human pancreatic glucokinase activity at 5 mM glucose concentration
CHEMBL2314803,,CHEMBL2318649,12635679,EC50,=,115,nM,6.94,potency,concentration,115.0,6.94,EC50 为标准化浓度型效力指标,5,,0,CHEMBL2311350,2013,LITERATURE,Induction of human pancreatic glucokinase activity at 5 mM glucose concentration
CHEMBL2314804,,CHEMBL2318649,12635678,EC50,=,132,nM,6.88,potency,concentration,132.0,6.88,EC50 为标准化浓度型效力指标,5,,0,CHEMBL2311350,2013,LITERATURE,Induction of human pancreatic glucokinase activity at 5 mM glucose concentration
CHEMBL2314805,,CHEMBL2318649,12635677,EC50,=,217,nM,6.66,potency,concentration,217.0,6.66,EC50 为标准化浓度型效力指标,5,,0,CHEMBL2311350,2013,LITERATURE,Induction of human pancreatic glucokinase activity at 5 mM glucose concentration
CHEMBL2314806,,CHEMBL2318649,12635676,EC50,=,216,nM,6.67,potency,concentration,216.0,6.67,EC50 为标准化浓度型效力指标,5,,0,CHEMBL2311350,2013,LITERATURE,Induction of human pancreatic glucokinase activity at 5 mM glucose concentration
CHEMBL2314807,,CHEMBL2318649,12635675,EC50,=,184,nM,6.74,potency,concentration,184.0,6.74,EC50 为标准化浓度型效力指标,5,,0,CHEMBL2311350,2013,LITERATURE,Induction of human pancreatic glucokinase activity at 5 mM glucose concentration
CHEMBL2314808,,CHEMBL2318649,12635674,EC50,=,131,nM,6.88,potency,concentration,131.0,6.88,EC50 为标准化浓度型效力指标,5,,0,CHEMBL2311350,2013,LITERATURE,Induction of human pancreatic glucokinase activity at 5 mM glucose concentration
CHEMBL2314809,,CHEMBL2318649,12635673,EC50,=,855,nM,6.07,potency,concentration,855.0,6.07,EC50 为标准化浓度型效力指标,5,,0,CHEMBL2311350,2013,LITERATURE,Induction of human pancreatic glucokinase activity at 5 mM glucose concentration
CHEMBL2314810,,CHEMBL2318649,12635672,EC50,=,135,nM,6.87,potency,concentration,135.0,6.87,EC50 为标准化浓度型效力指标,5,,0,CHEMBL2311350,2013,LITERATURE,Induction of human pancreatic glucokinase activity at 5 mM glucose concentration
CHEMBL2314811,,CHEMBL2318649,12635671,EC50,=,296,nM,6.53,potency,concentration,296.0,6.53,EC50 为标准化浓度型效力指标,5,,0,CHEMBL2311350,2013,LITERATURE,Induction of human pancreatic glucokinase activity at 5 mM glucose concentration
CHEMBL2314812,,CHEMBL2318649,12635670,EC50,=,165,nM,6.78,potency,concentration,165.0,6.78,EC50 为标准化浓度型效力指标,5,,0,CHEMBL2311350,2013,LITERATURE,Induction of human pancreatic glucokinase activity at 5 mM glucose concentration
CHEMBL2315020,,CHEMBL2318649,12635669,EC50,=,284,nM,6.55,potency,concentration,284.0,6.55,EC50 为标准化浓度型效力指标,5,,0,CHEMBL2311350,2013,LITERATURE,Induction of human pancreatic glucokinase activity at 5 mM glucose concentration
CHEMBL2315021,,CHEMBL2318649,12635668,EC50,=,56,nM,7.25,potency,concentration,56.0,7.25,EC50 为标准化浓度型效力指标,5,,0,CHEMBL2311350,2013,LITERATURE,Induction of human pancreatic glucokinase activity at 5 mM glucose concentration
CHEMBL2315022,,CHEMBL2318649,12635667,EC50,=,120,nM,6.92,potency,concentration,120.0,6.92,EC50 为标准化浓度型效力指标,5,,0,CHEMBL2311350,2013,LITERATURE,Induction of human pancreatic glucokinase activity at 5 mM glucose concentration
CHEMBL2315023,,CHEMBL2318649,12635666,EC50,=,95,nM,7.02,potency,concentration,95.0,7.02,EC50 为标准化浓度型效力指标,5,,0,CHEMBL2311350,2013,LITERATURE,Induction of human pancreatic glucokinase activity at 5 mM glucose concentration
CHEMBL2315024,,CHEMBL2318649,12634162,EC50,=,134,nM,6.87,potency,concentration,134.0,6.87,EC50 为标准化浓度型效力指标,5,,0,CHEMBL2311350,2013,LITERATURE,Induction of human pancreatic glucokinase activity at 5 mM glucose concentration
CHEMBL2315025,,CHEMBL2318649,12634161,EC50,=,90,nM,7.05,potency,concentration,90.0,7.05,EC50 为标准化浓度型效力指标,5,,0,CHEMBL2311350,2013,LITERATURE,Induction of human pancreatic glucokinase activity at 5 mM glucose concentration
CHEMBL2315026,,CHEMBL2318649,12634160,EC50,=,778,nM,6.11,potency,concentration,778.0,6.11,EC50 为标准化浓度型效力指标,5,,0,CHEMBL2311350,2013,LITERATURE,Induction of human pancreatic glucokinase activity at 5 mM glucose concentration
CHEMBL2315027,,CHEMBL2318649,12634159,EC50,=,83,nM,7.08,potency,concentration,83.0,7.08,EC50 为标准化浓度型效力指标,5,,0,CHEMBL2311350,2013,LITERATURE,Induction of human pancreatic glucokinase activity at 5 mM glucose concentration
CHEMBL2337918,,CHEMBL2346010,12694276,Activity,=,1.9,uM,,unclassified,,,,Activity 为自由文本指标（无官方标准化规则），assay 描述未命中提升门槛，不跨实验汇总,,,0,CHEMBL2331552,2013,LITERATURE,Activation of glucokinase (unknown origin) using glucose as substrate assessed as stimulation concentration required to achieve 150% activity relative to control
CHEMBL2337919,,CHEMBL2346010,12694275,Activity,=,1.4,uM,,unclassified,,,,Activity 为自由文本指标（无官方标准化规则），assay 描述未命中提升门槛，不跨实验汇总,,,0,CHEMBL2331552,2013,LITERATURE,Activation of glucokinase (unknown origin) using glucose as substrate assessed as stimulation concentration required to achieve 150% activity relative to control
CHEMBL2337920,,CHEMBL2346010,12694274,Activity,=,3.6,uM,,unclassified,,,,Activity 为自由文本指标（无官方标准化规则），assay 描述未命中提升门槛，不跨实验汇总,,,0,CHEMBL2331552,2013,LITERATURE,Activation of glucokinase (unknown origin) using glucose as substrate assessed as stimulation concentration required to achieve 150% activity relative to control
CHEMBL2337921,,CHEMBL2346010,12694273,Activity,=,0.054,uM,,unclassified,,,,Activity 为自由文本指标（无官方标准化规则），assay 描述未命中提升门槛，不跨实验汇总,,,0,CHEMBL2331552,2013,LITERATURE,Activation of glucokinase (unknown origin) using glucose as substrate assessed as stimulation concentration required to achieve 150% activity relative to control
CHEMBL2337922,,CHEMBL2346010,12694272,Activity,=,0.4,uM,,unclassified,,,,Activity 为自由文本指标（无官方标准化规则），assay 描述未命中提升门槛，不跨实验汇总,,,0,CHEMBL2331552,2013,LITERATURE,Activation of glucokinase (unknown origin) using glucose as substrate assessed as stimulation concentration required to achieve 150% activity relative to control
CHEMBL2337923,,CHEMBL2346010,12694271,Activity,=,0.19,uM,,unclassified,,,,Activity 为自由文本指标（无官方标准化规则），assay 描述未命中提升门槛，不跨实验汇总,,,0,CHEMBL2331552,2013,LITERATURE,Activation of glucokinase (unknown origin) using glucose as substrate assessed as stimulation concentration required to achieve 150% activity relative to control
CHEMBL2337924,,CHEMBL2346010,12694270,Activity,=,0.3,uM,,unclassified,,,,Activity 为自由文本指标（无官方标准化规则），assay 描述未命中提升门槛，不跨实验汇总,,,0,CHEMBL2331552,2013,LITERATURE,Activation of glucokinase (unknown origin) using glucose as substrate assessed as stimulation concentration required to achieve 150% activity relative to control
CHEMBL2337925,,CHEMBL2346010,12694269,Activity,=,0.037,uM,,unclassified,,,,Activity 为自由文本指标（无官方标准化规则），assay 描述未命中提升门槛，不跨实验汇总,,,0,CHEMBL2331552,2013,LITERATURE,Activation of glucokinase (unknown origin) using glucose as substrate assessed as stimulation concentration required to achieve 150% activity relative to control
CHEMBL2337926,,CHEMBL2346010,12694268,Activity,=,0.059,uM,,unclassified,,,,Activity 为自由文本指标（无官方标准化规则），assay 描述未命中提升门槛，不跨实验汇总,,,0,CHEMBL2331552,2013,LITERATURE,Activation of glucokinase (unknown origin) using glucose as substrate assessed as stimulation concentration required to achieve 150% activity relative to control
CHEMBL2337927,,CHEMBL2346010,12694267,Activity,=,0.26,uM,,unclassified,,,,Activity 为自由文本指标（无官方标准化规则），assay 描述未命中提升门槛，不跨实验汇总,,,0,CHEMBL2331552,2013,LITERATURE,Activation of glucokinase (unknown origin) using glucose as substrate assessed as stimulation concentration required to achieve 150% activity relative to control
CHEMBL2337928,,CHEMBL2346010,12694266,Activity,=,0.022,uM,,unclassified,,,,Activity 为自由文本指标（无官方标准化规则），assay 描述未命中提升门槛，不跨实验汇总,,,0,CHEMBL2331552,2013,LITERATURE,Activation of glucokinase (unknown origin) using glucose as substrate assessed as stimulation concentration required to achieve 150% activity relative to control
CHEMBL2337929,,CHEMBL2346010,12694265,Activity,=,0.056,uM,,unclassified,,,,Activity 为自由文本指标（无官方标准化规则），assay 描述未命中提升门槛，不跨实验汇总,,,0,CHEMBL2331552,2013,LITERATURE,Activation of glucokinase (unknown origin) using glucose as substrate assessed as stimulation concentration required to achieve 150% activity relative to control
CHEMBL2337930,,CHEMBL2346010,12694264,Activity,=,0.11,uM,,unclassified,,,,Activity 为自由文本指标（无官方标准化规则），assay 描述未命中提升门槛，不跨实验汇总,,,0,CHEMBL2331552,2013,LITERATURE,Activation of glucokinase (unknown origin) using glucose as substrate assessed as stimulation concentration required to achieve 150% activity relative to control
CHEMBL2337931,,CHEMBL2346010,12694263,Activity,=,0.14,uM,,unclassified,,,,Activity 为自由文本指标（无官方标准化规则），assay 描述未命中提升门槛，不跨实验汇总,,,0,CHEMBL2331552,2013,LITERATURE,Activation of glucokinase (unknown origin) using glucose as substrate assessed as stimulation concentration required to achieve 150% activity relative to control
CHEMBL2337932,,CHEMBL2346010,12694262,Activity,=,0.075,uM,,unclassified,,,,Activity 为自由文本指标（无官方标准化规则），assay 描述未命中提升门槛，不跨实验汇总,,,0,CHEMBL2331552,2013,LITERATURE,Activation of glucokinase (unknown origin) using glucose as substrate assessed as stimulation concentration required to achieve 150% activity relative to control
CHEMBL2338346,,CHEMBL2346010,12694261,Activity,=,0.13,uM,,unclassified,,,,Activity 为自由文本指标（无官方标准化规则），assay 描述未命中提升门槛，不跨实验汇总,,,0,CHEMBL2331552,2013,LITERATURE,Activation of glucokinase (unknown origin) using glucose as substrate assessed as stimulation concentration required to achieve 150% activity relative to control
CHEMBL2338347,,CHEMBL2346006,12691562,Activity,,,,,unclassified,,,,Activity 为自由文本指标（无官方标准化规则），assay 描述未命中提升门槛，不跨实验汇总,,Dose-dependent effect,0,CHEMBL2331552,2013,LITERATURE,Activation of human recombinant glucokinase using glucose as substrate
CHEMBL2338347,,CHEMBL2346010,12694260,Activity,=,0.26,uM,,unclassified,,,,Activity 为自由文本指标（无官方标准化规则），assay 描述未命中提升门槛，不跨实验汇总,,,0,CHEMBL2331552,2013,LITERATURE,Activation of glucokinase (unknown origin) using glucose as substrate assessed as stimulation concentration required to achieve 150% activity relative to control
CHEMBL2338348,,CHEMBL2346010,12694259,Activity,=,0.31,uM,,unclassified,,,,Activity 为自由文本指标（无官方标准化规则），assay 描述未命中提升门槛，不跨实验汇总,,,0,CHEMBL2331552,2013,LITERATURE,Activation of glucokinase (unknown origin) using glucose as substrate assessed as stimulation concentration required to achieve 150% activity relative to control
CHEMBL2338349,,CHEMBL2346010,12694258,Activity,=,0.41,uM,,unclassified,,,,Activity 为自由文本指标（无官方标准化规则），assay 描述未命中提升门槛，不跨实验汇总,,,0,CHEMBL2331552,2013,LITERATURE,Activation of glucokinase (unknown origin) using glucose as substrate assessed as stimulation concentration required to achieve 150% activity relative to control
CHEMBL2338350,,CHEMBL2346010,12694257,Activity,=,1.1,uM,,unclassified,,,,Activity 为自由文本指标（无官方标准化规则），assay 描述未命中提升门槛，不跨实验汇总,,,0,CHEMBL2331552,2013,LITERATURE,Activation of glucokinase (unknown origin) using glucose as substrate assessed as stimulation concentration required to achieve 150% activity relative to control
CHEMBL2346667,,CHEMBL2353000,12717628,%max,=,33,%,,efficacy,percent,,,%max 为激活幅度指标，按该 assay 内值域（max=127.0）判为 percent 尺度,,,0,CHEMBL2346600,2013,LITERATURE,Activation of glucokinase (unknown origin) relative to control
CHEMBL2346667,,CHEMBL2353001,12717676,EC50,=,200,nM,6.7,potency,concentration,200.0,6.7,EC50 为标准化浓度型效力指标,,,0,CHEMBL2346600,2013,LITERATURE,Activation of glucokinase (unknown origin)
CHEMBL2346751,,CHEMBL2353000,12717611,%max,=,90,%,,efficacy,percent,,,%max 为激活幅度指标，按该 assay 内值域（max=127.0）判为 percent 尺度,,,0,CHEMBL2346600,2013,LITERATURE,Activation of glucokinase (unknown origin) relative to control
CHEMBL2346751,,CHEMBL2353001,12717659,EC50,=,160,nM,6.8,potency,concentration,160.0,6.8,EC50 为标准化浓度型效力指标,,,0,CHEMBL2346600,2013,LITERATURE,Activation of glucokinase (unknown origin)
CHEMBL2346752,,CHEMBL2353000,12717612,%max,=,77,%,,efficacy,percent,,,%max 为激活幅度指标，按该 assay 内值域（max=127.0）判为 percent 尺度,,,0,CHEMBL2346600,2013,LITERATURE,Activation of glucokinase (unknown origin) relative to control
CHEMBL2346752,,CHEMBL2353001,12717660,EC50,=,1200,nM,5.92,potency,concentration,1200.0,5.92,EC50 为标准化浓度型效力指标,,,0,CHEMBL2346600,2013,LITERATURE,Activation of glucokinase (unknown origin)
CHEMBL2346753,,CHEMBL2353000,12717616,%max,=,55,%,,efficacy,percent,,,%max 为激活幅度指标，按该 assay 内值域（max=127.0）判为 percent 尺度,,,0,CHEMBL2346600,2013,LITERATURE,Activation of glucokinase (unknown origin) relative to control
CHEMBL2346753,,CHEMBL2353001,12717664,EC50,=,1600,nM,5.8,potency,concentration,1600.0,5.8,EC50 为标准化浓度型效力指标,,,0,CHEMBL2346600,2013,LITERATURE,Activation of glucokinase (unknown origin)
CHEMBL2346754,,CHEMBL2353000,12717615,%max,=,52,%,,efficacy,percent,,,%max 为激活幅度指标，按该 assay 内值域（max=127.0）判为 percent 尺度,,,0,CHEMBL2346600,2013,LITERATURE,Activation of glucokinase (unknown origin) relative to control
CHEMBL2346754,,CHEMBL2353001,12717663,EC50,=,160,nM,6.8,potency,concentration,160.0,6.8,EC50 为标准化浓度型效力指标,,,0,CHEMBL2346600,2013,LITERATURE,Activation of glucokinase (unknown origin)
CHEMBL2346755,,CHEMBL2353000,12717614,%max,=,68,%,,efficacy,percent,,,%max 为激活幅度指标，按该 assay 内值域（max=127.0）判为 percent 尺度,,,0,CHEMBL2346600,2013,LITERATURE,Activation of glucokinase (unknown origin) relative to control
CHEMBL2346755,,CHEMBL2353001,12717662,EC50,=,500,nM,6.3,potency,concentration,500.0,6.3,EC50 为标准化浓度型效力指标,,,0,CHEMBL2346600,2013,LITERATURE,Activation of glucokinase (unknown origin)
CHEMBL2346756,,CHEMBL2353000,12717613,%max,=,109,%,,efficacy,percent,,,%max 为激活幅度指标，按该 assay 内值域（max=127.0）判为 percent 尺度,,,0,CHEMBL2346600,2013,LITERATURE,Activation of glucokinase (unknown origin) relative to control
CHEMBL2346756,,CHEMBL2353001,12717661,EC50,=,630,nM,6.2,potency,concentration,630.0,6.2,EC50 为标准化浓度型效力指标,,,0,CHEMBL2346600,2013,LITERATURE,Activation of glucokinase (unknown origin)
CHEMBL2346757,,CHEMBL2353000,12717617,%max,=,64,%,,efficacy,percent,,,%max 为激活幅度指标，按该 assay 内值域（max=127.0）判为 percent 尺度,,,0,CHEMBL2346600,2013,LITERATURE,Activation of glucokinase (unknown origin) relative to control
CHEMBL2346757,,CHEMBL2353001,12717665,EC50,=,1000,nM,6,potency,concentration,1000.0,6.0,EC50 为标准化浓度型效力指标,,,0,CHEMBL2346600,2013,LITERATURE,Activation of glucokinase (unknown origin)
CHEMBL2346758,,CHEMBL2353000,12717618,%max,=,75,%,,efficacy,percent,,,%max 为激活幅度指标，按该 assay 内值域（max=127.0）判为 percent 尺度,,,0,CHEMBL2346600,2013,LITERATURE,Activation of glucokinase (unknown origin) relative to control
CHEMBL2346758,,CHEMBL2353001,12717666,EC50,=,200,nM,6.7,potency,concentration,200.0,6.7,EC50 为标准化浓度型效力指标,,,0,CHEMBL2346600,2013,LITERATURE,Activation of glucokinase (unknown origin)
CHEMBL2346759,,CHEMBL2353000,12717619,%max,=,40,%,,efficacy,percent,,,%max 为激活幅度指标，按该 assay 内值域（max=127.0）判为 percent 尺度,,,0,CHEMBL2346600,2013,LITERATURE,Activation of glucokinase (unknown origin) relative to control
CHEMBL2346759,,CHEMBL2353001,12717667,EC50,=,1600,nM,5.8,potency,concentration,1600.0,5.8,EC50 为标准化浓度型效力指标,,,0,CHEMBL2346600,2013,LITERATURE,Activation of glucokinase (unknown origin)
CHEMBL2346760,,CHEMBL2353000,12717620,%max,=,73,%,,efficacy,percent,,,%max 为激活幅度指标，按该 assay 内值域（max=127.0）判为 percent 尺度,,,0,CHEMBL2346600,2013,LITERATURE,Activation of glucokinase (unknown origin) relative to control
CHEMBL2346760,,CHEMBL2353001,12717668,EC50,=,790,nM,6.1,potency,concentration,790.0,6.1,EC50 为标准化浓度型效力指标,,,0,CHEMBL2346600,2013,LITERATURE,Activation of glucokinase (unknown origin)
CHEMBL2346761,,CHEMBL2353000,12717621,%max,=,88,%,,efficacy,percent,,,%max 为激活幅度指标，按该 assay 内值域（max=127.0）判为 percent 尺度,,,0,CHEMBL2346600,2013,LITERATURE,Activation of glucokinase (unknown origin) relative to control
CHEMBL2346761,,CHEMBL2353001,12717669,EC50,=,79,nM,7.1,potency,concentration,79.0,7.1,EC50 为标准化浓度型效力指标,,,0,CHEMBL2346600,2013,LITERATURE,Activation of glucokinase (unknown origin)
CHEMBL2346762,,CHEMBL2353000,12717622,%max,=,117,%,,efficacy,percent,,,%max 为激活幅度指标，按该 assay 内值域（max=127.0）判为 percent 尺度,,,0,CHEMBL2346600,2013,LITERATURE,Activation of glucokinase (unknown origin) relative to control
CHEMBL2346762,,CHEMBL2353001,12717670,EC50,=,2000,nM,5.7,potency,concentration,2000.0,5.7,EC50 为标准化浓度型效力指标,,,0,CHEMBL2346600,2013,LITERATURE,Activation of glucokinase (unknown origin)
CHEMBL2346763,,CHEMBL2353000,12717623,%max,=,125,%,,efficacy,percent,,,%max 为激活幅度指标，按该 assay 内值域（max=127.0）判为 percent 尺度,,,0,CHEMBL2346600,2013,LITERATURE,Activation of glucokinase (unknown origin) relative to control
CHEMBL2346763,,CHEMBL2353001,12717671,EC50,=,6300,nM,5.2,potency,concentration,6300.0,5.2,EC50 为标准化浓度型效力指标,,,0,CHEMBL2346600,2013,LITERATURE,Activation of glucokinase (unknown origin)
CHEMBL2346764,,CHEMBL2353000,12717624,%max,=,45,%,,efficacy,percent,,,%max 为激活幅度指标，按该 assay 内值域（max=127.0）判为 percent 尺度,,,0,CHEMBL2346600,2013,LITERATURE,Activation of glucokinase (unknown origin) relative to control
CHEMBL2346764,,CHEMBL2353001,12717672,EC50,=,1000,nM,6,potency,concentration,1000.0,6.0,EC50 为标准化浓度型效力指标,,,0,CHEMBL2346600,2013,LITERATURE,Activation of glucokinase (unknown origin)
CHEMBL2346875,,CHEMBL2353000,12717625,%max,=,25,%,,efficacy,percent,,,%max 为激活幅度指标，按该 assay 内值域（max=127.0）判为 percent 尺度,,,0,CHEMBL2346600,2013,LITERATURE,Activation of glucokinase (unknown origin) relative to control
CHEMBL2346875,,CHEMBL2353001,12717673,EC50,=,400,nM,6.4,potency,concentration,400.0,6.4,EC50 为标准化浓度型效力指标,,,0,CHEMBL2346600,2013,LITERATURE,Activation of glucokinase (unknown origin)
CHEMBL2346876,,CHEMBL2353000,12717627,%max,=,39,%,,efficacy,percent,,,%max 为激活幅度指标，按该 assay 内值域（max=127.0）判为 percent 尺度,,,0,CHEMBL2346600,2013,LITERATURE,Activation of glucokinase (unknown origin) relative to control
CHEMBL2346876,,CHEMBL2353001,12717675,EC50,=,250,nM,6.6,potency,concentration,250.0,6.6,EC50 为标准化浓度型效力指标,,,0,CHEMBL2346600,2013,LITERATURE,Activation of glucokinase (unknown origin)
CHEMBL2346877,,CHEMBL2353000,12717626,%max,=,62,%,,efficacy,percent,,,%max 为激活幅度指标，按该 assay 内值域（max=127.0）判为 percent 尺度,,,0,CHEMBL2346600,2013,LITERATURE,Activation of glucokinase (unknown origin) relative to control
CHEMBL2346877,,CHEMBL2353001,12717674,EC50,=,160,nM,6.8,potency,concentration,160.0,6.8,EC50 为标准化浓度型效力指标,,,0,CHEMBL2346600,2013,LITERATURE,Activation of glucokinase (unknown origin)
CHEMBL2346878,,CHEMBL2353000,12717630,%max,=,36,%,,efficacy,percent,,,%max 为激活幅度指标，按该 assay 内值域（max=127.0）判为 percent 尺度,,,0,CHEMBL2346600,2013,LITERATURE,Activation of glucokinase (unknown origin) relative to control
CHEMBL2346878,,CHEMBL2353001,12717678,EC50,=,310,nM,6.51,potency,concentration,310.0,6.51,EC50 为标准化浓度型效力指标,,,0,CHEMBL2346600,2013,LITERATURE,Activation of glucokinase (unknown origin)
CHEMBL2346879,,CHEMBL2353000,12717629,%max,=,44,%,,efficacy,percent,,,%max 为激活幅度指标，按该 assay 内值域（max=127.0）判为 percent 尺度,,,0,CHEMBL2346600,2013,LITERATURE,Activation of glucokinase (unknown origin) relative to control
CHEMBL2346879,,CHEMBL2353001,12717677,EC50,=,200,nM,6.7,potency,concentration,200.0,6.7,EC50 为标准化浓度型效力指标,,,0,CHEMBL2346600,2013,LITERATURE,Activation of glucokinase (unknown origin)
CHEMBL2346880,,CHEMBL2353000,12717631,%max,=,21,%,,efficacy,percent,,,%max 为激活幅度指标，按该 assay 内值域（max=127.0）判为 percent 尺度,,,0,CHEMBL2346600,2013,LITERATURE,Activation of glucokinase (unknown origin) relative to control
CHEMBL2346880,,CHEMBL2353001,12717679,EC50,=,2000,nM,5.7,potency,concentration,2000.0,5.7,EC50 为标准化浓度型效力指标,,,0,CHEMBL2346600,2013,LITERATURE,Activation of glucokinase (unknown origin)
CHEMBL2346881,,CHEMBL2353000,12717632,%max,=,22,%,,efficacy,percent,,,%max 为激活幅度指标，按该 assay 内值域（max=127.0）判为 percent 尺度,,,0,CHEMBL2346600,2013,LITERATURE,Activation of glucokinase (unknown origin) relative to control
CHEMBL2346881,,CHEMBL2353001,12717680,EC50,=,790,nM,6.1,potency,concentration,790.0,6.1,EC50 为标准化浓度型效力指标,,,0,CHEMBL2346600,2013,LITERATURE,Activation of glucokinase (unknown origin)
CHEMBL2346882,,CHEMBL2353000,12717633,%max,=,33,%,,efficacy,percent,,,%max 为激活幅度指标，按该 assay 内值域（max=127.0）判为 percent 尺度,,,0,CHEMBL2346600,2013,LITERATURE,Activation of glucokinase (unknown origin) relative to control
CHEMBL2346882,,CHEMBL2353001,12717681,EC50,=,63,nM,7.2,potency,concentration,63.0,7.2,EC50 为标准化浓度型效力指标,,,0,CHEMBL2346600,2013,LITERATURE,Activation of glucokinase (unknown origin)
CHEMBL2346883,,CHEMBL2353000,12717634,%max,=,64,%,,efficacy,percent,,,%max 为激活幅度指标，按该 assay 内值域（max=127.0）判为 percent 尺度,,,0,CHEMBL2346600,2013,LITERATURE,Activation of glucokinase (unknown origin) relative to control
CHEMBL2346883,,CHEMBL2353001,12717682,EC50,=,250,nM,6.6,potency,concentration,250.0,6.6,EC50 为标准化浓度型效力指标,,,0,CHEMBL2346600,2013,LITERATURE,Activation of glucokinase (unknown origin)
CHEMBL2346884,,CHEMBL2353000,12717635,%max,=,64,%,,efficacy,percent,,,%max 为激活幅度指标，按该 assay 内值域（max=127.0）判为 percent 尺度,,,0,CHEMBL2346600,2013,LITERATURE,Activation of glucokinase (unknown origin) relative to control
CHEMBL2346884,,CHEMBL2353001,12717683,EC50,=,1600,nM,5.8,potency,concentration,1600.0,5.8,EC50 为标准化浓度型效力指标,,,0,CHEMBL2346600,2013,LITERATURE,Activation of glucokinase (unknown origin)
CHEMBL2346885,,CHEMBL2353000,12717636,%max,=,44,%,,efficacy,percent,,,%max 为激活幅度指标，按该 assay 内值域（max=127.0）判为 percent 尺度,,,0,CHEMBL2346600,2013,LITERATURE,Activation of glucokinase (unknown origin) relative to control
CHEMBL2346885,,CHEMBL2353001,12717684,EC50,=,2000,nM,5.7,potency,concentration,2000.0,5.7,EC50 为标准化浓度型效力指标,,,0,CHEMBL2346600,2013,LITERATURE,Activation of glucokinase (unknown origin)
CHEMBL2346886,,CHEMBL2353000,12717637,%max,=,44,%,,efficacy,percent,,,%max 为激活幅度指标，按该 assay 内值域（max=127.0）判为 percent 尺度,,,0,CHEMBL2346600,2013,LITERATURE,Activation of glucokinase (unknown origin) relative to control
CHEMBL2346886,,CHEMBL2353001,12717685,EC50,=,5000,nM,5.3,potency,concentration,5000.0,5.3,EC50 为标准化浓度型效力指标,,,0,CHEMBL2346600,2013,LITERATURE,Activation of glucokinase (unknown origin)
CHEMBL2346887,,CHEMBL2353000,12717638,%max,=,87,%,,efficacy,percent,,,%max 为激活幅度指标，按该 assay 内值域（max=127.0）判为 percent 尺度,,,0,CHEMBL2346600,2013,LITERATURE,Activation of glucokinase (unknown origin) relative to control
CHEMBL2346887,,CHEMBL2353001,12717686,EC50,=,630,nM,6.2,potency,concentration,630.0,6.2,EC50 为标准化浓度型效力指标,,,0,CHEMBL2346600,2013,LITERATURE,Activation of glucokinase (unknown origin)
CHEMBL2346888,,CHEMBL2353000,12717639,%max,=,65,%,,efficacy,percent,,,%max 为激活幅度指标，按该 assay 内值域（max=127.0）判为 percent 尺度,,,0,CHEMBL2346600,2013,LITERATURE,Activation of glucokinase (unknown origin) relative to control
CHEMBL2346888,,CHEMBL2353001,12717687,EC50,=,400,nM,6.4,potency,concentration,400.0,6.4,EC50 为标准化浓度型效力指标,,,0,CHEMBL2346600,2013,LITERATURE,Activation of glucokinase (unknown origin)
CHEMBL2346889,,CHEMBL2353000,12717643,%max,=,108,%,,efficacy,percent,,,%max 为激活幅度指标，按该 assay 内值域（max=127.0）判为 percent 尺度,,,0,CHEMBL2346600,2013,LITERATURE,Activation of glucokinase (unknown origin) relative to control
CHEMBL2346889,,CHEMBL2353001,12717691,EC50,=,4000,nM,5.4,potency,concentration,4000.0,5.4,EC50 为标准化浓度型效力指标,,,0,CHEMBL2346600,2013,LITERATURE,Activation of glucokinase (unknown origin)
CHEMBL2346890,,CHEMBL2353000,12717642,%max,=,86,%,,efficacy,percent,,,%max 为激活幅度指标，按该 assay 内值域（max=127.0）判为 percent 尺度,,,0,CHEMBL2346600,2013,LITERATURE,Activation of glucokinase (unknown origin) relative to control
CHEMBL2346890,,CHEMBL2353001,12717690,EC50,=,2500,nM,5.6,potency,concentration,2500.0,5.6,EC50 为标准化浓度型效力指标,,,0,CHEMBL2346600,2013,LITERATURE,Activation of glucokinase (unknown origin)
CHEMBL2346891,,CHEMBL2353000,12717641,%max,=,58,%,,efficacy,percent,,,%max 为激活幅度指标，按该 assay 内值域（max=127.0）判为 percent 尺度,,,0,CHEMBL2346600,2013,LITERATURE,Activation of glucokinase (unknown origin) relative to control
CHEMBL2346891,,CHEMBL2353001,12717689,EC50,=,79,nM,7.1,potency,concentration,79.0,7.1,EC50 为标准化浓度型效力指标,,,0,CHEMBL2346600,2013,LITERATURE,Activation of glucokinase (unknown origin)
CHEMBL2346892,,CHEMBL2353000,12717640,%max,=,72,%,,efficacy,percent,,,%max 为激活幅度指标，按该 assay 内值域（max=127.0）判为 percent 尺度,,,0,CHEMBL2346600,2013,LITERATURE,Activation of glucokinase (unknown origin) relative to control
CHEMBL2346892,,CHEMBL2353001,12717688,EC50,=,310,nM,6.51,potency,concentration,310.0,6.51,EC50 为标准化浓度型效力指标,,,0,CHEMBL2346600,2013,LITERATURE,Activation of glucokinase (unknown origin)
CHEMBL2346893,,CHEMBL2353000,12717644,%max,=,56,%,,efficacy,percent,,,%max 为激活幅度指标，按该 assay 内值域（max=127.0）判为 percent 尺度,,,0,CHEMBL2346600,2013,LITERATURE,Activation of glucokinase (unknown origin) relative to control
CHEMBL2346893,,CHEMBL2353001,12717692,EC50,=,2000,nM,5.7,potency,concentration,2000.0,5.7,EC50 为标准化浓度型效力指标,,,0,CHEMBL2346600,2013,LITERATURE,Activation of glucokinase (unknown origin)
CHEMBL2346894,,CHEMBL2353000,12717645,%max,=,36,%,,efficacy,percent,,,%max 为激活幅度指标，按该 assay 内值域（max=127.0）判为 percent 尺度,,,0,CHEMBL2346600,2013,LITERATURE,Activation of glucokinase (unknown origin) relative to control
CHEMBL2346894,,CHEMBL2353001,12717693,EC50,=,1200,nM,5.92,potency,concentration,1200.0,5.92,EC50 为标准化浓度型效力指标,,,0,CHEMBL2346600,2013,LITERATURE,Activation of glucokinase (unknown origin)
CHEMBL2346895,,CHEMBL2353000,12717649,%max,=,37,%,,efficacy,percent,,,%max 为激活幅度指标，按该 assay 内值域（max=127.0）判为 percent 尺度,,,0,CHEMBL2346600,2013,LITERATURE,Activation of glucokinase (unknown origin) relative to control
CHEMBL2346895,,CHEMBL2353001,12717697,EC50,=,630,nM,6.2,potency,concentration,630.0,6.2,EC50 为标准化浓度型效力指标,,,0,CHEMBL2346600,2013,LITERATURE,Activation of glucokinase (unknown origin)
CHEMBL2346896,,CHEMBL2353000,12717648,%max,=,72,%,,efficacy,percent,,,%max 为激活幅度指标，按该 assay 内值域（max=127.0）判为 percent 尺度,,,0,CHEMBL2346600,2013,LITERATURE,Activation of glucokinase (unknown origin) relative to control
CHEMBL2346896,,CHEMBL2353001,12717696,EC50,=,10000,nM,5,potency,concentration,10000.0,5.0,EC50 为标准化浓度型效力指标,,,0,CHEMBL2346600,2013,LITERATURE,Activation of glucokinase (unknown origin)
CHEMBL2346897,,CHEMBL2353000,12717647,%max,=,87,%,,efficacy,percent,,,%max 为激活幅度指标，按该 assay 内值域（max=127.0）判为 percent 尺度,,,0,CHEMBL2346600,2013,LITERATURE,Activation of glucokinase (unknown origin) relative to control
CHEMBL2346897,,CHEMBL2353001,12717695,EC50,=,500,nM,6.3,potency,concentration,500.0,6.3,EC50 为标准化浓度型效力指标,,,0,CHEMBL2346600,2013,LITERATURE,Activation of glucokinase (unknown origin)
CHEMBL2346898,,CHEMBL2353000,12717646,%max,=,54,%,,efficacy,percent,,,%max 为激活幅度指标，按该 assay 内值域（max=127.0）判为 percent 尺度,,,0,CHEMBL2346600,2013,LITERATURE,Activation of glucokinase (unknown origin) relative to control
CHEMBL2346898,,CHEMBL2353001,12717694,EC50,=,120,nM,6.92,potency,concentration,120.0,6.92,EC50 为标准化浓度型效力指标,,,0,CHEMBL2346600,2013,LITERATURE,Activation of glucokinase (unknown origin)
CHEMBL2346899,,CHEMBL2353000,12717650,%max,=,127,%,,efficacy,percent,,,%max 为激活幅度指标，按该 assay 内值域（max=127.0）判为 percent 尺度,,,0,CHEMBL2346600,2013,LITERATURE,Activation of glucokinase (unknown origin) relative to control
CHEMBL2346899,,CHEMBL2353001,12717698,EC50,=,3100,nM,5.51,potency,concentration,3100.0,5.51,EC50 为标准化浓度型效力指标,,,0,CHEMBL2346600,2013,LITERATURE,Activation of glucokinase (unknown origin)
CHEMBL2346900,,CHEMBL2353000,12717653,%max,=,22,%,,efficacy,percent,,,%max 为激活幅度指标，按该 assay 内值域（max=127.0）判为 percent 尺度,,,0,CHEMBL2346600,2013,LITERATURE,Activation of glucokinase (unknown origin) relative to control
CHEMBL2346900,,CHEMBL2353001,12717709,EC50,=,1000,nM,6,potency,concentration,1000.0,6.0,EC50 为标准化浓度型效力指标,,,0,CHEMBL2346600,2013,LITERATURE,Activation of glucokinase (unknown origin)
CHEMBL2346901,,CHEMBL2353000,12717652,%max,=,59,%,,efficacy,percent,,,%max 为激活幅度指标，按该 assay 内值域（max=127.0）判为 percent 尺度,,,0,CHEMBL2346600,2013,LITERATURE,Activation of glucokinase (unknown origin) relative to control
CHEMBL2346901,,CHEMBL2353001,12717700,EC50,=,2000,nM,5.7,potency,concentration,2000.0,5.7,EC50 为标准化浓度型效力指标,,,0,CHEMBL2346600,2013,LITERATURE,Activation of glucokinase (unknown origin)
CHEMBL2346902,,CHEMBL2353000,12717651,%max,=,65,%,,efficacy,percent,,,%max 为激活幅度指标，按该 assay 内值域（max=127.0）判为 percent 尺度,,,0,CHEMBL2346600,2013,LITERATURE,Activation of glucokinase (unknown origin) relative to control
CHEMBL2346902,,CHEMBL2353001,12717699,EC50,=,10000,nM,5,potency,concentration,10000.0,5.0,EC50 为标准化浓度型效力指标,,,0,CHEMBL2346600,2013,LITERATURE,Activation of glucokinase (unknown origin)
CHEMBL2346903,,CHEMBL2353000,12717654,%max,=,28,%,,efficacy,percent,,,%max 为激活幅度指标，按该 assay 内值域（max=127.0）判为 percent 尺度,,,0,CHEMBL2346600,2013,LITERATURE,Activation of glucokinase (unknown origin) relative to control
CHEMBL2346903,,CHEMBL2353001,12717708,EC50,=,50000,nM,4.3,potency,concentration,50000.0,4.3,EC50 为标准化浓度型效力指标,,,0,CHEMBL2346600,2013,LITERATURE,Activation of glucokinase (unknown origin)
CHEMBL2346904,,CHEMBL2353000,12717657,%max,=,67,%,,efficacy,percent,,,%max 为激活幅度指标，按该 assay 内值域（max=127.0）判为 percent 尺度,,,0,CHEMBL2346600,2013,LITERATURE,Activation of glucokinase (unknown origin) relative to control
CHEMBL2346904,,CHEMBL2353001,12717705,EC50,=,7900,nM,5.1,potency,concentration,7900.0,5.1,EC50 为标准化浓度型效力指标,,,0,CHEMBL2346600,2013,LITERATURE,Activation of glucokinase (unknown origin)
CHEMBL2346905,,CHEMBL2353000,12717656,%max,=,46,%,,efficacy,percent,,,%max 为激活幅度指标，按该 assay 内值域（max=127.0）判为 percent 尺度,,,0,CHEMBL2346600,2013,LITERATURE,Activation of glucokinase (unknown origin) relative to control
CHEMBL2346905,,CHEMBL2353001,12717706,EC50,=,4000,nM,5.4,potency,concentration,4000.0,5.4,EC50 为标准化浓度型效力指标,,,0,CHEMBL2346600,2013,LITERATURE,Activation of glucokinase (unknown origin)
CHEMBL2346906,,CHEMBL2353000,12717655,%max,=,0,%,,efficacy,percent,,,%max 为激活幅度指标，按该 assay 内值域（max=127.0）判为 percent 尺度,,,0,CHEMBL2346600,2013,LITERATURE,Activation of glucokinase (unknown origin) relative to control
CHEMBL2346906,,CHEMBL2353001,12717707,EC50,>,100000,nM,,potency,concentration,100000.0,,EC50 为标准化浓度型效力指标,,,0,CHEMBL2346600,2013,LITERATURE,Activation of glucokinase (unknown origin)
CHEMBL2346907,,CHEMBL2353001,12717702,EC50,>,100000,nM,,potency,concentration,100000.0,,EC50 为标准化浓度型效力指标,,,0,CHEMBL2346600,2013,LITERATURE,Activation of glucokinase (unknown origin)
CHEMBL2346908,,CHEMBL2353001,12717703,EC50,>,100000,nM,,potency,concentration,100000.0,,EC50 为标准化浓度型效力指标,,,0,CHEMBL2346600,2013,LITERATURE,Activation of glucokinase (unknown origin)
CHEMBL2346909,,CHEMBL2353001,12717701,EC50,=,10000,nM,5,potency,concentration,10000.0,5.0,EC50 为标准化浓度型效力指标,,,0,CHEMBL2346600,2013,LITERATURE,Activation of glucokinase (unknown origin)
CHEMBL239049,,CHEMBL1042963,3058726,FC,=,1.15,,,efficacy,fold,,,FC（fold change）为激活倍数,,,0,CHEMBL1152613,2009,LITERATURE,Activation of human glucokinase expressed in Escherichia coli BL21(DE3) at 10 uM by G6PDH-coupled spectrometry relative to untreated control
CHEMBL239481,,CHEMBL1042962,3058796,EC50,=,2130,nM,5.67,potency,concentration,2130.0,5.67,EC50 为标准化浓度型效力指标,,,0,CHEMBL1152613,2009,LITERATURE,Activation of human glucokinase expressed in Escherichia coli BL21(DE3) by G6PDH-coupled spectrometry
CHEMBL239481,,CHEMBL1042963,3058732,FC,=,2.04,,,efficacy,fold,,,FC（fold change）为激活倍数,,,0,CHEMBL1152613,2009,LITERATURE,Activation of human glucokinase expressed in Escherichia coli BL21(DE3) at 10 uM by G6PDH-coupled spectrometry relative to untreated control
CHEMBL239692,,CHEMBL1042962,3058794,EC50,=,1870,nM,5.73,potency,concentration,1870.0,5.73,EC50 为标准化浓度型效力指标,,,0,CHEMBL1152613,2009,LITERATURE,Activation of human glucokinase expressed in Escherichia coli BL21(DE3) by G6PDH-coupled spectrometry
CHEMBL239692,,CHEMBL1042963,3058728,FC,=,1.47,,,efficacy,fold,,,FC（fold change）为激活倍数,,,0,CHEMBL1152613,2009,LITERATURE,Activation of human glucokinase expressed in Escherichia coli BL21(DE3) at 10 uM by G6PDH-coupled spectrometry relative to untreated control
CHEMBL2408108,,CHEMBL2410525,13396377,Ratio,=,0.5,,,unclassified,,,,Ratio 为自由文本指标（无官方标准化规则），assay 描述未命中提升门槛，不跨实验汇总,,,0,CHEMBL2407069,2013,LITERATURE,Activation of human recombinant glucokinase assessed as ratio of the enzyme velocity at maximum compound concentration to the enzyme Km in the absence of compound
CHEMBL2408108,,CHEMBL2410526,13396378,Ratio,=,0.2,,,unclassified,,,,Ratio 为自由文本指标（无官方标准化规则），assay 描述未命中提升门槛，不跨实验汇总,,,0,CHEMBL2407069,2013,LITERATURE,Activation of human recombinant glucokinase assessed as ratio of the glucokinase Km at maximum compound concentration to the enzyme Km in the absence of compound
CHEMBL2408108,,CHEMBL2410527,13396379,EC50,=,2000,nM,5.7,potency,concentration,2000.0,5.7,EC50 为标准化浓度型效力指标,,,0,CHEMBL2407069,2013,LITERATURE,Activation of human recombinant glucokinase by matrix assay in presence of glucose
CHEMBL2408109,,CHEMBL2410525,13397492,Ratio,=,1.12,,,unclassified,,,,Ratio 为自由文本指标（无官方标准化规则），assay 描述未命中提升门槛，不跨实验汇总,,,0,CHEMBL2407069,2013,LITERATURE,Activation of human recombinant glucokinase assessed as ratio of the enzyme velocity at maximum compound concentration to the enzyme Km in the absence of compound
CHEMBL2408109,,CHEMBL2410526,13397516,Ratio,=,0.1,,,unclassified,,,,Ratio 为自由文本指标（无官方标准化规则），assay 描述未命中提升门槛，不跨实验汇总,,,0,CHEMBL2407069,2013,LITERATURE,Activation of human recombinant glucokinase assessed as ratio of the glucokinase Km at maximum compound concentration to the enzyme Km in the absence of compound
CHEMBL2408109,,CHEMBL2410527,13397464,EC50,=,830,nM,6.08,potency,concentration,830.0,6.08,EC50 为标准化浓度型效力指标,,,0,CHEMBL2407069,2013,LITERATURE,Activation of human recombinant glucokinase by matrix assay in presence of glucose
CHEMBL2408110,,CHEMBL2410525,13397476,Ratio,=,0.83,,,unclassified,,,,Ratio 为自由文本指标（无官方标准化规则），assay 描述未命中提升门槛，不跨实验汇总,,,0,CHEMBL2407069,2013,LITERATURE,Activation of human recombinant glucokinase assessed as ratio of the enzyme velocity at maximum compound concentration to the enzyme Km in the absence of compound
CHEMBL2408110,,CHEMBL2410526,13397490,Ratio,=,0.14,,,unclassified,,,,Ratio 为自由文本指标（无官方标准化规则），assay 描述未命中提升门槛，不跨实验汇总,,,0,CHEMBL2407069,2013,LITERATURE,Activation of human recombinant glucokinase assessed as ratio of the glucokinase Km at maximum compound concentration to the enzyme Km in the absence of compound
CHEMBL2408110,,CHEMBL2410527,13397482,EC50,=,200,nM,6.7,potency,concentration,200.0,6.7,EC50 为标准化浓度型效力指标,,,0,CHEMBL2407069,2013,LITERATURE,Activation of human recombinant glucokinase by matrix assay in presence of glucose
CHEMBL2408111,,CHEMBL2410525,13397294,Ratio,=,0.4,,,unclassified,,,,Ratio 为自由文本指标（无官方标准化规则），assay 描述未命中提升门槛，不跨实验汇总,,,0,CHEMBL2407069,2013,LITERATURE,Activation of human recombinant glucokinase assessed as ratio of the enzyme velocity at maximum compound concentration to the enzyme Km in the absence of compound
CHEMBL2408111,,CHEMBL2410526,13397292,Ratio,=,0.49,,,unclassified,,,,Ratio 为自由文本指标（无官方标准化规则），assay 描述未命中提升门槛，不跨实验汇总,,,0,CHEMBL2407069,2013,LITERATURE,Activation of human recombinant glucokinase assessed as ratio of the glucokinase Km at maximum compound concentration to the enzyme Km in the absence of compound
CHEMBL2408111,,CHEMBL2410527,13397283,EC50,=,10300,nM,4.99,potency,concentration,10300.0,4.99,EC50 为标准化浓度型效力指标,,,0,CHEMBL2407069,2013,LITERATURE,Activation of human recombinant glucokinase by matrix assay in presence of glucose
CHEMBL2408112,,CHEMBL2410525,13397479,Ratio,=,0.66,,,unclassified,,,,Ratio 为自由文本指标（无官方标准化规则），assay 描述未命中提升门槛，不跨实验汇总,,,0,CHEMBL2407069,2013,LITERATURE,Activation of human recombinant glucokinase assessed as ratio of the enzyme velocity at maximum compound concentration to the enzyme Km in the absence of compound
CHEMBL2408112,,CHEMBL2410526,13397507,Ratio,=,0.16,,,unclassified,,,,Ratio 为自由文本指标（无官方标准化规则），assay 描述未命中提升门槛，不跨实验汇总,,,0,CHEMBL2407069,2013,LITERATURE,Activation of human recombinant glucokinase assessed as ratio of the glucokinase Km at maximum compound concentration to the enzyme Km in the absence of compound
CHEMBL2408112,,CHEMBL2410527,13397521,EC50,=,70,nM,7.16,potency,concentration,70.0,7.16,EC50 为标准化浓度型效力指标,,,0,CHEMBL2407069,2013,LITERATURE,Activation of human recombinant glucokinase by matrix assay in presence of glucose
CHEMBL2408113,,CHEMBL2410525,13397293,Ratio,=,0.43,,,unclassified,,,,Ratio 为自由文本指标（无官方标准化规则），assay 描述未命中提升门槛，不跨实验汇总,,,0,CHEMBL2407069,2013,LITERATURE,Activation of human recombinant glucokinase assessed as ratio of the enzyme velocity at maximum compound concentration to the enzyme Km in the absence of compound
CHEMBL2408113,,CHEMBL2410526,13397296,Ratio,=,0.2,,,unclassified,,,,Ratio 为自由文本指标（无官方标准化规则），assay 描述未命中提升门槛，不跨实验汇总,,,0,CHEMBL2407069,2013,LITERATURE,Activation of human recombinant glucokinase assessed as ratio of the glucokinase Km at maximum compound concentration to the enzyme Km in the absence of compound
CHEMBL2408113,,CHEMBL2410527,13397291,EC50,=,590,nM,6.23,potency,concentration,590.0,6.23,EC50 为标准化浓度型效力指标,,,0,CHEMBL2407069,2013,LITERATURE,Activation of human recombinant glucokinase by matrix assay in presence of glucose
CHEMBL2408114,,CHEMBL2410525,13397503,Ratio,=,0.73,,,unclassified,,,,Ratio 为自由文本指标（无官方标准化规则），assay 描述未命中提升门槛，不跨实验汇总,,,0,CHEMBL2407069,2013,LITERATURE,Activation of human recombinant glucokinase assessed as ratio of the enzyme velocity at maximum compound concentration to the enzyme Km in the absence of compound
CHEMBL2408114,,CHEMBL2410526,13397488,Ratio,=,0.26,,,unclassified,,,,Ratio 为自由文本指标（无官方标准化规则），assay 描述未命中提升门槛，不跨实验汇总,,,0,CHEMBL2407069,2013,LITERATURE,Activation of human recombinant glucokinase assessed as ratio of the glucokinase Km at maximum compound concentration to the enzyme Km in the absence of compound
CHEMBL2408114,,CHEMBL2410527,13397467,EC50,=,940,nM,6.03,potency,concentration,940.0,6.03,EC50 为标准化浓度型效力指标,,,0,CHEMBL2407069,2013,LITERATURE,Activation of human recombinant glucokinase by matrix assay in presence of glucose
CHEMBL2408115,,CHEMBL2410525,13397289,Ratio,=,1,,,unclassified,,,,Ratio 为自由文本指标（无官方标准化规则），assay 描述未命中提升门槛，不跨实验汇总,,,0,CHEMBL2407069,2013,LITERATURE,Activation of human recombinant glucokinase assessed as ratio of the enzyme velocity at maximum compound concentration to the enzyme Km in the absence of compound
CHEMBL2408115,,CHEMBL2410526,13397298,Ratio,=,0.14,,,unclassified,,,,Ratio 为自由文本指标（无官方标准化规则），assay 描述未命中提升门槛，不跨实验汇总,,,0,CHEMBL2407069,2013,LITERATURE,Activation of human recombinant glucokinase assessed as ratio of the glucokinase Km at maximum compound concentration to the enzyme Km in the absence of compound
CHEMBL2408115,,CHEMBL2410527,13397285,EC50,=,7500,nM,5.12,potency,concentration,7500.0,5.12,EC50 为标准化浓度型效力指标,,,0,CHEMBL2407069,2013,LITERATURE,Activation of human recombinant glucokinase by matrix assay in presence of glucose
CHEMBL2408116,,CHEMBL2410525,13397290,Ratio,=,0.78,,,unclassified,,,,Ratio 为自由文本指标（无官方标准化规则），assay 描述未命中提升门槛，不跨实验汇总,,,0,CHEMBL2407069,2013,LITERATURE,Activation of human recombinant glucokinase assessed as ratio of the enzyme velocity at maximum compound concentration to the enzyme Km in the absence of compound
CHEMBL2408116,,CHEMBL2410526,13397295,Ratio,=,0.37,,,unclassified,,,,Ratio 为自由文本指标（无官方标准化规则），assay 描述未命中提升门槛，不跨实验汇总,,,0,CHEMBL2407069,2013,LITERATURE,Activation of human recombinant glucokinase assessed as ratio of the glucokinase Km at maximum compound concentration to the enzyme Km in the absence of compound
CHEMBL2408116,,CHEMBL2410527,13397284,EC50,=,9200,nM,5.04,potency,concentration,9200.0,5.04,EC50 为标准化浓度型效力指标,,,0,CHEMBL2407069,2013,LITERATURE,Activation of human recombinant glucokinase by matrix assay in presence of glucose
CHEMBL2408117,,CHEMBL2410525,13397474,Ratio,=,1.12,,,unclassified,,,,Ratio 为自由文本指标（无官方标准化规则），assay 描述未命中提升门槛，不跨实验汇总,,,0,CHEMBL2407069,2013,LITERATURE,Activation of human recombinant glucokinase assessed as ratio of the enzyme velocity at maximum compound concentration to the enzyme Km in the absence of compound
CHEMBL2408117,,CHEMBL2410526,13397491,Ratio,=,0.09,,,unclassified,,,,Ratio 为自由文本指标（无官方标准化规则），assay 描述未命中提升门槛，不跨实验汇总,,,0,CHEMBL2407069,2013,LITERATURE,Activation of human recombinant glucokinase assessed as ratio of the glucokinase Km at maximum compound concentration to the enzyme Km in the absence of compound
CHEMBL2408117,,CHEMBL2410527,13397463,EC50,=,1400,nM,5.85,potency,concentration,1400.0,5.85,EC50 为标准化浓度型效力指标,,,0,CHEMBL2407069,2013,LITERATURE,Activation of human recombinant glucokinase by matrix assay in presence of glucose
CHEMBL2408118,,CHEMBL2410525,13397494,Ratio,=,0.79,,,unclassified,,,,Ratio 为自由文本指标（无官方标准化规则），assay 描述未命中提升门槛，不跨实验汇总,,,0,CHEMBL2407069,2013,LITERATURE,Activation of human recombinant glucokinase assessed as ratio of the enzyme velocity at maximum compound concentration to the enzyme Km in the absence of compound
CHEMBL2408118,,CHEMBL2410526,13397497,Ratio,=,0.12,,,unclassified,,,,Ratio 为自由文本指标（无官方标准化规则），assay 描述未命中提升门槛，不跨实验汇总,,,0,CHEMBL2407069,2013,LITERATURE,Activation of human recombinant glucokinase assessed as ratio of the glucokinase Km at maximum compound concentration to the enzyme Km in the absence of compound
CHEMBL2408118,,CHEMBL2410527,13397473,EC50,=,230,nM,6.64,potency,concentration,230.0,6.64,EC50 为标准化浓度型效力指标,,,0,CHEMBL2407069,2013,LITERATURE,Activation of human recombinant glucokinase by matrix assay in presence of glucose
CHEMBL2408119,,CHEMBL2410525,13397499,Ratio,=,0.86,,,unclassified,,,,Ratio 为自由文本指标（无官方标准化规则），assay 描述未命中提升门槛，不跨实验汇总,,,0,CHEMBL2407069,2013,LITERATURE,Activation of human recombinant glucokinase assessed as ratio of the enzyme velocity at maximum compound concentration to the enzyme Km in the absence of compound
CHEMBL2408119,,CHEMBL2410526,13397515,Ratio,=,0.12,,,unclassified,,,,Ratio 为自由文本指标（无官方标准化规则），assay 描述未命中提升门槛，不跨实验汇总,,,0,CHEMBL2407069,2013,LITERATURE,Activation of human recombinant glucokinase assessed as ratio of the glucokinase Km at maximum compound concentration to the enzyme Km in the absence of compound
CHEMBL2408119,,CHEMBL2410527,13397484,EC50,=,850,nM,6.07,potency,concentration,850.0,6.07,EC50 为标准化浓度型效力指标,,,0,CHEMBL2407069,2013,LITERATURE,Activation of human recombinant glucokinase by matrix assay in presence of glucose
CHEMBL2408120,,CHEMBL2410525,13397485,Ratio,=,0.76,,,unclassified,,,,Ratio 为自由文本指标（无官方标准化规则），assay 描述未命中提升门槛，不跨实验汇总,,,0,CHEMBL2407069,2013,LITERATURE,Activation of human recombinant glucokinase assessed as ratio of the enzyme velocity at maximum compound concentration to the enzyme Km in the absence of compound
CHEMBL2408120,,CHEMBL2410526,13397514,Ratio,=,0.12,,,unclassified,,,,Ratio 为自由文本指标（无官方标准化规则），assay 描述未命中提升门槛，不跨实验汇总,,,0,CHEMBL2407069,2013,LITERATURE,Activation of human recombinant glucokinase assessed as ratio of the glucokinase Km at maximum compound concentration to the enzyme Km in the absence of compound
CHEMBL2408120,,CHEMBL2410527,13397469,EC50,=,500,nM,6.3,potency,concentration,500.0,6.3,EC50 为标准化浓度型效力指标,,,0,CHEMBL2407069,2013,LITERATURE,Activation of human recombinant glucokinase by matrix assay in presence of glucose
CHEMBL2408121,,CHEMBL2410525,13397500,Ratio,=,0.84,,,unclassified,,,,Ratio 为自由文本指标（无官方标准化规则），assay 描述未命中提升门槛，不跨实验汇总,,,0,CHEMBL2407069,2013,LITERATURE,Activation of human recombinant glucokinase assessed as ratio of the enzyme velocity at maximum compound concentration to the enzyme Km in the absence of compound
CHEMBL2408121,,CHEMBL2410526,13397513,Ratio,=,0.13,,,unclassified,,,,Ratio 为自由文本指标（无官方标准化规则），assay 描述未命中提升门槛，不跨实验汇总,,,0,CHEMBL2407069,2013,LITERATURE,Activation of human recombinant glucokinase assessed as ratio of the glucokinase Km at maximum compound concentration to the enzyme Km in the absence of compound
CHEMBL2408121,,CHEMBL2410527,13397489,EC50,=,230,nM,6.64,potency,concentration,230.0,6.64,EC50 为标准化浓度型效力指标,,,0,CHEMBL2407069,2013,LITERATURE,Activation of human recombinant glucokinase by matrix assay in presence of glucose
CHEMBL2408122,,CHEMBL2410525,13397475,Ratio,=,0.95,,,unclassified,,,,Ratio 为自由文本指标（无官方标准化规则），assay 描述未命中提升门槛，不跨实验汇总,,,0,CHEMBL2407069,2013,LITERATURE,Activation of human recombinant glucokinase assessed as ratio of the enzyme velocity at maximum compound concentration to the enzyme Km in the absence of compound
CHEMBL2408122,,CHEMBL2410526,13397496,Ratio,=,0.13,,,unclassified,,,,Ratio 为自由文本指标（无官方标准化规则），assay 描述未命中提升门槛，不跨实验汇总,,,0,CHEMBL2407069,2013,LITERATURE,Activation of human recombinant glucokinase assessed as ratio of the glucokinase Km at maximum compound concentration to the enzyme Km in the absence of compound
CHEMBL2408122,,CHEMBL2410527,13397468,EC50,=,440,nM,6.36,potency,concentration,440.0,6.36,EC50 为标准化浓度型效力指标,,,0,CHEMBL2407069,2013,LITERATURE,Activation of human recombinant glucokinase by matrix assay in presence of glucose
CHEMBL2408123,,CHEMBL2410525,13397495,Ratio,=,0.78,,,unclassified,,,,Ratio 为自由文本指标（无官方标准化规则），assay 描述未命中提升门槛，不跨实验汇总,,,0,CHEMBL2407069,2013,LITERATURE,Activation of human recombinant glucokinase assessed as ratio of the enzyme velocity at maximum compound concentration to the enzyme Km in the absence of compound
CHEMBL2408123,,CHEMBL2410526,13397512,Ratio,=,0.13,,,unclassified,,,,Ratio 为自由文本指标（无官方标准化规则），assay 描述未命中提升门槛，不跨实验汇总,,,0,CHEMBL2407069,2013,LITERATURE,Activation of human recombinant glucokinase assessed as ratio of the glucokinase Km at maximum compound concentration to the enzyme Km in the absence of compound
CHEMBL2408123,,CHEMBL2410527,13397466,EC50,=,1100,nM,5.96,potency,concentration,1100.0,5.96,EC50 为标准化浓度型效力指标,,,0,CHEMBL2407069,2013,LITERATURE,Activation of human recombinant glucokinase by matrix assay in presence of glucose
CHEMBL2408124,,CHEMBL2410525,13397502,Ratio,=,0.76,,,unclassified,,,,Ratio 为自由文本指标（无官方标准化规则），assay 描述未命中提升门槛，不跨实验汇总,,,0,CHEMBL2407069,2013,LITERATURE,Activation of human recombinant glucokinase assessed as ratio of the enzyme velocity at maximum compound concentration to the enzyme Km in the absence of compound
CHEMBL2408124,,CHEMBL2410526,13397510,Ratio,=,0.14,,,unclassified,,,,Ratio 为自由文本指标（无官方标准化规则），assay 描述未命中提升门槛，不跨实验汇总,,,0,CHEMBL2407069,2013,LITERATURE,Activation of human recombinant glucokinase assessed as ratio of the glucokinase Km at maximum compound concentration to the enzyme Km in the absence of compound
CHEMBL2408124,,CHEMBL2410527,13397471,EC50,=,1000,nM,6,potency,concentration,1000.0,6.0,EC50 为标准化浓度型效力指标,,,0,CHEMBL2407069,2013,LITERATURE,Activation of human recombinant glucokinase by matrix assay in presence of glucose
CHEMBL2408125,,CHEMBL2410525,13397498,Ratio,=,0.88,,,unclassified,,,,Ratio 为自由文本指标（无官方标准化规则），assay 描述未命中提升门槛，不跨实验汇总,,,0,CHEMBL2407069,2013,LITERATURE,Activation of human recombinant glucokinase assessed as ratio of the enzyme velocity at maximum compound concentration to the enzyme Km in the absence of compound
CHEMBL2408125,,CHEMBL2410526,13397505,Ratio,=,0.18,,,unclassified,,,,Ratio 为自由文本指标（无官方标准化规则），assay 描述未命中提升门槛，不跨实验汇总,,,0,CHEMBL2407069,2013,LITERATURE,Activation of human recombinant glucokinase assessed as ratio of the glucokinase Km at maximum compound concentration to the enzyme Km in the absence of compound
CHEMBL2408125,,CHEMBL2410527,13397470,EC50,=,7500,nM,5.12,potency,concentration,7500.0,5.12,EC50 为标准化浓度型效力指标,,,0,CHEMBL2407069,2013,LITERATURE,Activation of human recombinant glucokinase by matrix assay in presence of glucose
CHEMBL2408126,,CHEMBL2410525,13397288,Ratio,=,1,,,unclassified,,,,Ratio 为自由文本指标（无官方标准化规则），assay 描述未命中提升门槛，不跨实验汇总,,,0,CHEMBL2407069,2013,LITERATURE,Activation of human recombinant glucokinase assessed as ratio of the enzyme velocity at maximum compound concentration to the enzyme Km in the absence of compound
CHEMBL2408126,,CHEMBL2410526,13397297,Ratio,=,0.19,,,unclassified,,,,Ratio 为自由文本指标（无官方标准化规则），assay 描述未命中提升门槛，不跨实验汇总,,,0,CHEMBL2407069,2013,LITERATURE,Activation of human recombinant glucokinase assessed as ratio of the glucokinase Km at maximum compound concentration to the enzyme Km in the absence of compound
CHEMBL2408126,,CHEMBL2410527,13397286,EC50,=,3800,nM,5.42,potency,concentration,3800.0,5.42,EC50 为标准化浓度型效力指标,,,0,CHEMBL2407069,2013,LITERATURE,Activation of human recombinant glucokinase by matrix assay in presence of glucose
CHEMBL2408127,,CHEMBL2410525,13397487,Ratio,=,0.59,,,unclassified,,,,Ratio 为自由文本指标（无官方标准化规则），assay 描述未命中提升门槛，不跨实验汇总,,,0,CHEMBL2407069,2013,LITERATURE,Activation of human recombinant glucokinase assessed as ratio of the enzyme velocity at maximum compound concentration to the enzyme Km in the absence of compound
CHEMBL2408127,,CHEMBL2410526,13397509,Ratio,=,0.15,,,unclassified,,,,Ratio 为自由文本指标（无官方标准化规则），assay 描述未命中提升门槛，不跨实验汇总,,,0,CHEMBL2407069,2013,LITERATURE,Activation of human recombinant glucokinase assessed as ratio of the glucokinase Km at maximum compound concentration to the enzyme Km in the absence of compound
CHEMBL2408127,,CHEMBL2410527,13397506,EC50,=,170,nM,6.77,potency,concentration,170.0,6.77,EC50 为标准化浓度型效力指标,,,0,CHEMBL2407069,2013,LITERATURE,Activation of human recombinant glucokinase by matrix assay in presence of glucose
CHEMBL2408128,,CHEMBL2410525,13397504,Ratio,=,0.68,,,unclassified,,,,Ratio 为自由文本指标（无官方标准化规则），assay 描述未命中提升门槛，不跨实验汇总,,,0,CHEMBL2407069,2013,LITERATURE,Activation of human recombinant glucokinase assessed as ratio of the enzyme velocity at maximum compound concentration to the enzyme Km in the absence of compound
CHEMBL2408128,,CHEMBL2410526,13397508,Ratio,=,0.15,,,unclassified,,,,Ratio 为自由文本指标（无官方标准化规则），assay 描述未命中提升门槛，不跨实验汇总,,,0,CHEMBL2407069,2013,LITERATURE,Activation of human recombinant glucokinase assessed as ratio of the glucokinase Km at maximum compound concentration to the enzyme Km in the absence of compound
CHEMBL2408128,,CHEMBL2410527,13397477,EC50,=,200,nM,6.7,potency,concentration,200.0,6.7,EC50 为标准化浓度型效力指标,,,0,CHEMBL2407069,2013,LITERATURE,Activation of human recombinant glucokinase by matrix assay in presence of glucose
CHEMBL2408129,,CHEMBL2410525,13397501,Ratio,=,0.8,,,unclassified,,,,Ratio 为自由文本指标（无官方标准化规则），assay 描述未命中提升门槛，不跨实验汇总,,,0,CHEMBL2407069,2013,LITERATURE,Activation of human recombinant glucokinase assessed as ratio of the enzyme velocity at maximum compound concentration to the enzyme Km in the absence of compound
CHEMBL2408129,,CHEMBL2410526,13397519,Ratio,=,0.09,,,unclassified,,,,Ratio 为自由文本指标（无官方标准化规则），assay 描述未命中提升门槛，不跨实验汇总,,,0,CHEMBL2407069,2013,LITERATURE,Activation of human recombinant glucokinase assessed as ratio of the glucokinase Km at maximum compound concentration to the enzyme Km in the absence of compound
CHEMBL2408129,,CHEMBL2410527,13397520,EC50,=,90,nM,7.05,potency,concentration,90.0,7.05,EC50 为标准化浓度型效力指标,,,0,CHEMBL2407069,2013,LITERATURE,Activation of human recombinant glucokinase by matrix assay in presence of glucose
CHEMBL2408130,,CHEMBL2410525,13397493,Ratio,=,0.88,,,unclassified,,,,Ratio 为自由文本指标（无官方标准化规则），assay 描述未命中提升门槛，不跨实验汇总,,,0,CHEMBL2407069,2013,LITERATURE,Activation of human recombinant glucokinase assessed as ratio of the enzyme velocity at maximum compound concentration to the enzyme Km in the absence of compound
CHEMBL2408130,,CHEMBL2410526,13397518,Ratio,=,0.09,,,unclassified,,,,Ratio 为自由文本指标（无官方标准化规则），assay 描述未命中提升门槛，不跨实验汇总,,,0,CHEMBL2407069,2013,LITERATURE,Activation of human recombinant glucokinase assessed as ratio of the glucokinase Km at maximum compound concentration to the enzyme Km in the absence of compound
CHEMBL2408130,,CHEMBL2410527,13397483,EC50,=,110,nM,6.96,potency,concentration,110.0,6.96,EC50 为标准化浓度型效力指标,,,0,CHEMBL2407069,2013,LITERATURE,Activation of human recombinant glucokinase by matrix assay in presence of glucose
CHEMBL2408131,,CHEMBL2410525,13397481,Ratio,=,1.05,,,unclassified,,,,Ratio 为自由文本指标（无官方标准化规则），assay 描述未命中提升门槛，不跨实验汇总,,,0,CHEMBL2407069,2013,LITERATURE,Activation of human recombinant glucokinase assessed as ratio of the enzyme velocity at maximum compound concentration to the enzyme Km in the absence of compound
CHEMBL2408131,,CHEMBL2410526,13397517,Ratio,=,0.09,,,unclassified,,,,Ratio 为自由文本指标（无官方标准化规则），assay 描述未命中提升门槛，不跨实验汇总,,,0,CHEMBL2407069,2013,LITERATURE,Activation of human recombinant glucokinase assessed as ratio of the glucokinase Km at maximum compound concentration to the enzyme Km in the absence of compound
CHEMBL2408131,,CHEMBL2410527,13397478,EC50,=,150,nM,6.82,potency,concentration,150.0,6.82,EC50 为标准化浓度型效力指标,,,0,CHEMBL2407069,2013,LITERATURE,Activation of human recombinant glucokinase by matrix assay in presence of glucose
CHEMBL2408132,,CHEMBL2410525,13397287,Ratio,=,1.09,,,unclassified,,,,Ratio 为自由文本指标（无官方标准化规则），assay 描述未命中提升门槛，不跨实验汇总,,,0,CHEMBL2407069,2013,LITERATURE,Activation of human recombinant glucokinase assessed as ratio of the enzyme velocity at maximum compound concentration to the enzyme Km in the absence of compound
CHEMBL2408132,,CHEMBL2410526,13397300,Ratio,=,0.07,,,unclassified,,,,Ratio 为自由文本指标（无官方标准化规则），assay 描述未命中提升门槛，不跨实验汇总,,,0,CHEMBL2407069,2013,LITERATURE,Activation of human recombinant glucokinase assessed as ratio of the glucokinase Km at maximum compound concentration to the enzyme Km in the absence of compound
CHEMBL2408132,,CHEMBL2410527,13397299,EC50,=,110,nM,6.96,potency,concentration,110.0,6.96,EC50 为标准化浓度型效力指标,,,0,CHEMBL2407069,2013,LITERATURE,Activation of human recombinant glucokinase by matrix assay in presence of glucose
CHEMBL2408133,,CHEMBL2410525,13397486,Ratio,=,0.75,,,unclassified,,,,Ratio 为自由文本指标（无官方标准化规则），assay 描述未命中提升门槛，不跨实验汇总,,,0,CHEMBL2407069,2013,LITERATURE,Activation of human recombinant glucokinase assessed as ratio of the enzyme velocity at maximum compound concentration to the enzyme Km in the absence of compound
CHEMBL2408133,,CHEMBL2410526,13397511,Ratio,=,0.14,,,unclassified,,,,Ratio 为自由文本指标（无官方标准化规则），assay 描述未命中提升门槛，不跨实验汇总,,,0,CHEMBL2407069,2013,LITERATURE,Activation of human recombinant glucokinase assessed as ratio of the glucokinase Km at maximum compound concentration to the enzyme Km in the absence of compound
CHEMBL2408133,,CHEMBL2410527,13397465,EC50,=,740,nM,6.13,potency,concentration,740.0,6.13,EC50 为标准化浓度型效力指标,,,0,CHEMBL2407069,2013,LITERATURE,Activation of human recombinant glucokinase by matrix assay in presence of glucose
CHEMBL2408134,,CHEMBL2410527,13397282,EC50,>,100000,nM,,potency,concentration,100000.0,,EC50 为标准化浓度型效力指标,,,0,CHEMBL2407069,2013,LITERATURE,Activation of human recombinant glucokinase by matrix assay in presence of glucose
CHEMBL2408135,,CHEMBL2410525,13397472,Ratio,=,0.83,,,unclassified,,,,Ratio 为自由文本指标（无官方标准化规则），assay 描述未命中提升门槛，不跨实验汇总,,,0,CHEMBL2407069,2013,LITERATURE,Activation of human recombinant glucokinase assessed as ratio of the enzyme velocity at maximum compound concentration to the enzyme Km in the absence of compound
CHEMBL2408135,,CHEMBL2410526,13397480,Ratio,<,0.37,,,unclassified,,,,Ratio 为自由文本指标（无官方标准化规则），assay 描述未命中提升门槛，不跨实验汇总,,,0,CHEMBL2407069,2013,LITERATURE,Activation of human recombinant glucokinase assessed as ratio of the glucokinase Km at maximum compound concentration to the enzyme Km in the absence of compound
CHEMBL2408135,,CHEMBL2410527,13397462,EC50,=,23000,nM,4.64,potency,concentration,23000.0,4.64,EC50 为标准化浓度型效力指标,,,0,CHEMBL2407069,2013,LITERATURE,Activation of human recombinant glucokinase by matrix assay in presence of glucose
CHEMBL240926,,CHEMBL1042963,3058739,FC,=,1.06,,,efficacy,fold,,,FC（fold change）为激活倍数,,,0,CHEMBL1152613,2009,LITERATURE,Activation of human glucokinase expressed in Escherichia coli BL21(DE3) at 10 uM by G6PDH-coupled spectrometry relative to untreated control
CHEMBL2430851,,CHEMBL2432299,13471534,Activity,=,4.5,mM,,unclassified,,,,Activity 为自由文本指标（无官方标准化规则），assay 描述未命中提升门槛，不跨实验汇总,,,0,CHEMBL2429745,2013,LITERATURE,Activation of human glucokinase assessed as glucose concentration at enzyme's half-maximal phosphorylation rate at 50 uM
CHEMBL2430851,,CHEMBL2432301,13455821,EC50,=,687,nM,6.16,potency,concentration,687.0,6.16,EC50 为标准化浓度型效力指标,,,0,CHEMBL2429745,2013,LITERATURE,Allosteric activation of human glucokinase using glucose as substrate measured every 10 secs for 5 mins
CHEMBL2430852,,CHEMBL2432299,13471533,Activity,=,2.8,mM,,unclassified,,,,Activity 为自由文本指标（无官方标准化规则），assay 描述未命中提升门槛，不跨实验汇总,,,0,CHEMBL2429745,2013,LITERATURE,Activation of human glucokinase assessed as glucose concentration at enzyme's half-maximal phosphorylation rate at 50 uM
CHEMBL2430852,,CHEMBL2432301,13455820,EC50,=,562,nM,6.25,potency,concentration,562.0,6.25,EC50 为标准化浓度型效力指标,,,0,CHEMBL2429745,2013,LITERATURE,Allosteric activation of human glucokinase using glucose as substrate measured every 10 secs for 5 mins
CHEMBL2430853,,CHEMBL2432299,13471532,Activity,=,3.1,mM,,unclassified,,,,Activity 为自由文本指标（无官方标准化规则），assay 描述未命中提升门槛，不跨实验汇总,,,0,CHEMBL2429745,2013,LITERATURE,Activation of human glucokinase assessed as glucose concentration at enzyme's half-maximal phosphorylation rate at 50 uM
CHEMBL2430853,,CHEMBL2432301,13455819,EC50,=,240,nM,6.62,potency,concentration,240.0,6.62,EC50 为标准化浓度型效力指标,,,0,CHEMBL2429745,2013,LITERATURE,Allosteric activation of human glucokinase using glucose as substrate measured every 10 secs for 5 mins
CHEMBL2430854,,CHEMBL2432299,13471531,Activity,=,4.9,mM,,unclassified,,,,Activity 为自由文本指标（无官方标准化规则），assay 描述未命中提升门槛，不跨实验汇总,,,0,CHEMBL2429745,2013,LITERATURE,Activation of human glucokinase assessed as glucose concentration at enzyme's half-maximal phosphorylation rate at 50 uM
CHEMBL2430854,,CHEMBL2432301,13455818,EC50,=,356,nM,6.45,potency,concentration,356.0,6.45,EC50 为标准化浓度型效力指标,,,0,CHEMBL2429745,2013,LITERATURE,Allosteric activation of human glucokinase using glucose as substrate measured every 10 secs for 5 mins
CHEMBL2430855,,CHEMBL2432299,13471530,Activity,=,3,mM,,unclassified,,,,Activity 为自由文本指标（无官方标准化规则），assay 描述未命中提升门槛，不跨实验汇总,,,0,CHEMBL2429745,2013,LITERATURE,Activation of human glucokinase assessed as glucose concentration at enzyme's half-maximal phosphorylation rate at 50 uM
CHEMBL2430855,,CHEMBL2432301,13455817,EC50,=,2640,nM,5.58,potency,concentration,2640.0,5.58,EC50 为标准化浓度型效力指标,,,0,CHEMBL2429745,2013,LITERATURE,Allosteric activation of human glucokinase using glucose as substrate measured every 10 secs for 5 mins
CHEMBL2430856,,CHEMBL2432299,13471529,Activity,=,3.5,mM,,unclassified,,,,Activity 为自由文本指标（无官方标准化规则），assay 描述未命中提升门槛，不跨实验汇总,,,0,CHEMBL2429745,2013,LITERATURE,Activation of human glucokinase assessed as glucose concentration at enzyme's half-maximal phosphorylation rate at 50 uM
CHEMBL2430856,,CHEMBL2432301,13455816,EC50,=,796,nM,6.1,potency,concentration,796.0,6.1,EC50 为标准化浓度型效力指标,,,0,CHEMBL2429745,2013,LITERATURE,Allosteric activation of human glucokinase using glucose as substrate measured every 10 secs for 5 mins
CHEMBL2430857,,CHEMBL2432299,13471528,Activity,=,3.3,mM,,unclassified,,,,Activity 为自由文本指标（无官方标准化规则），assay 描述未命中提升门槛，不跨实验汇总,,,0,CHEMBL2429745,2013,LITERATURE,Activation of human glucokinase assessed as glucose concentration at enzyme's half-maximal phosphorylation rate at 50 uM
CHEMBL2430857,,CHEMBL2432301,13455815,EC50,=,208,nM,6.68,potency,concentration,208.0,6.68,EC50 为标准化浓度型效力指标,,,0,CHEMBL2429745,2013,LITERATURE,Allosteric activation of human glucokinase using glucose as substrate measured every 10 secs for 5 mins
CHEMBL2430858,,CHEMBL2432299,13471527,Activity,=,2.4,mM,,unclassified,,,,Activity 为自由文本指标（无官方标准化规则），assay 描述未命中提升门槛，不跨实验汇总,,,0,CHEMBL2429745,2013,LITERATURE,Activation of human glucokinase assessed as glucose concentration at enzyme's half-maximal phosphorylation rate at 50 uM
CHEMBL2430858,,CHEMBL2432301,13455814,EC50,=,231,nM,6.64,potency,concentration,231.0,6.64,EC50 为标准化浓度型效力指标,,,0,CHEMBL2429745,2013,LITERATURE,Allosteric activation of human glucokinase using glucose as substrate measured every 10 secs for 5 mins
CHEMBL2430859,,CHEMBL2432299,13471526,Activity,=,3.7,mM,,unclassified,,,,Activity 为自由文本指标（无官方标准化规则），assay 描述未命中提升门槛，不跨实验汇总,,,0,CHEMBL2429745,2013,LITERATURE,Activation of human glucokinase assessed as glucose concentration at enzyme's half-maximal phosphorylation rate at 50 uM
CHEMBL2430859,,CHEMBL2432301,13471562,EC50,=,235,nM,6.63,potency,concentration,235.0,6.63,EC50 为标准化浓度型效力指标,,,0,CHEMBL2429745,2013,LITERATURE,Allosteric activation of human glucokinase using glucose as substrate measured every 10 secs for 5 mins
CHEMBL2430860,,CHEMBL2432299,13471525,Activity,=,1.5,mM,,unclassified,,,,Activity 为自由文本指标（无官方标准化规则），assay 描述未命中提升门槛，不跨实验汇总,,,0,CHEMBL2429745,2013,LITERATURE,Activation of human glucokinase assessed as glucose concentration at enzyme's half-maximal phosphorylation rate at 50 uM
CHEMBL2430860,,CHEMBL2432301,13471561,EC50,=,77,nM,7.11,potency,concentration,77.0,7.11,EC50 为标准化浓度型效力指标,,,0,CHEMBL2429745,2013,LITERATURE,Allosteric activation of human glucokinase using glucose as substrate measured every 10 secs for 5 mins
CHEMBL2430861,,CHEMBL2432299,13471524,Activity,=,0.8,mM,,unclassified,,,,Activity 为自由文本指标（无官方标准化规则），assay 描述未命中提升门槛，不跨实验汇总,,,0,CHEMBL2429745,2013,LITERATURE,Activation of human glucokinase assessed as glucose concentration at enzyme's half-maximal phosphorylation rate at 50 uM
CHEMBL2430861,,CHEMBL2432301,13471560,EC50,=,325,nM,6.49,potency,concentration,325.0,6.49,EC50 为标准化浓度型效力指标,,,0,CHEMBL2429745,2013,LITERATURE,Allosteric activation of human glucokinase using glucose as substrate measured every 10 secs for 5 mins
CHEMBL2430862,,CHEMBL2432299,13471523,Activity,=,0.9,mM,,unclassified,,,,Activity 为自由文本指标（无官方标准化规则），assay 描述未命中提升门槛，不跨实验汇总,,,0,CHEMBL2429745,2013,LITERATURE,Activation of human glucokinase assessed as glucose concentration at enzyme's half-maximal phosphorylation rate at 50 uM
CHEMBL2430862,,CHEMBL2432301,13471559,EC50,=,119,nM,6.92,potency,concentration,119.0,6.92,EC50 为标准化浓度型效力指标,,,0,CHEMBL2429745,2013,LITERATURE,Allosteric activation of human glucokinase using glucose as substrate measured every 10 secs for 5 mins
CHEMBL2430862,,CHEMBL4614223,20646251,EC50,=,119,nM,6.92,potency,concentration,119.0,6.92,EC50 为标准化浓度型效力指标,,,1,CHEMBL4613229,2020,LITERATURE,Activation of glucokinase (unknown origin)
CHEMBL2430863,,CHEMBL2432299,13471539,Activity,=,3.9,mM,,unclassified,,,,Activity 为自由文本指标（无官方标准化规则），assay 描述未命中提升门槛，不跨实验汇总,,,0,CHEMBL2429745,2013,LITERATURE,Activation of human glucokinase assessed as glucose concentration at enzyme's half-maximal phosphorylation rate at 50 uM
CHEMBL2430863,,CHEMBL2432301,13455827,EC50,=,3220,nM,5.49,potency,concentration,3220.0,5.49,EC50 为标准化浓度型效力指标,,,0,CHEMBL2429745,2013,LITERATURE,Allosteric activation of human glucokinase using glucose as substrate measured every 10 secs for 5 mins
CHEMBL2430864,,CHEMBL2432299,13471538,Activity,=,2.6,mM,,unclassified,,,,Activity 为自由文本指标（无官方标准化规则），assay 描述未命中提升门槛，不跨实验汇总,,,0,CHEMBL2429745,2013,LITERATURE,Activation of human glucokinase assessed as glucose concentration at enzyme's half-maximal phosphorylation rate at 50 uM
CHEMBL2430864,,CHEMBL2432301,13455825,EC50,=,12300,nM,4.91,potency,concentration,12300.0,4.91,EC50 为标准化浓度型效力指标,,,0,CHEMBL2429745,2013,LITERATURE,Allosteric activation of human glucokinase using glucose as substrate measured every 10 secs for 5 mins
CHEMBL2430865,,CHEMBL2432299,13471537,Activity,=,3,mM,,unclassified,,,,Activity 为自由文本指标（无官方标准化规则），assay 描述未命中提升门槛，不跨实验汇总,,,0,CHEMBL2429745,2013,LITERATURE,Activation of human glucokinase assessed as glucose concentration at enzyme's half-maximal phosphorylation rate at 50 uM
CHEMBL2430865,,CHEMBL2432301,13455824,EC50,=,7780,nM,5.11,potency,concentration,7780.0,5.11,EC50 为标准化浓度型效力指标,,,0,CHEMBL2429745,2013,LITERATURE,Allosteric activation of human glucokinase using glucose as substrate measured every 10 secs for 5 mins
CHEMBL2430866,,CHEMBL2432299,13471536,Activity,=,1.8,mM,,unclassified,,,,Activity 为自由文本指标（无官方标准化规则），assay 描述未命中提升门槛，不跨实验汇总,,,0,CHEMBL2429745,2013,LITERATURE,Activation of human glucokinase assessed as glucose concentration at enzyme's half-maximal phosphorylation rate at 50 uM
CHEMBL2430866,,CHEMBL2432301,13455823,EC50,=,3440,nM,5.46,potency,concentration,3440.0,5.46,EC50 为标准化浓度型效力指标,,,0,CHEMBL2429745,2013,LITERATURE,Allosteric activation of human glucokinase using glucose as substrate measured every 10 secs for 5 mins
CHEMBL2430867,,CHEMBL2432299,13471535,Activity,=,3,mM,,unclassified,,,,Activity 为自由文本指标（无官方标准化规则），assay 描述未命中提升门槛，不跨实验汇总,,,0,CHEMBL2429745,2013,LITERATURE,Activation of human glucokinase assessed as glucose concentration at enzyme's half-maximal phosphorylation rate at 50 uM
CHEMBL2430867,,CHEMBL2432301,13455822,EC50,=,1700,nM,5.77,potency,concentration,1700.0,5.77,EC50 为标准化浓度型效力指标,,,0,CHEMBL2429745,2013,LITERATURE,Allosteric activation of human glucokinase using glucose as substrate measured every 10 secs for 5 mins
CHEMBL2430868,,CHEMBL2432299,13471540,Activity,=,3.3,mM,,unclassified,,,,Activity 为自由文本指标（无官方标准化规则），assay 描述未命中提升门槛，不跨实验汇总,,,0,CHEMBL2429745,2013,LITERATURE,Activation of human glucokinase assessed as glucose concentration at enzyme's half-maximal phosphorylation rate at 50 uM
CHEMBL2430868,,CHEMBL2432301,13455826,EC50,=,4940,nM,5.31,potency,concentration,4940.0,5.31,EC50 为标准化浓度型效力指标,,,0,CHEMBL2429745,2013,LITERATURE,Allosteric activation of human glucokinase using glucose as substrate measured every 10 secs for 5 mins
CHEMBL2430868,,CHEMBL4614223,20646250,EC50,=,5800,nM,5.24,potency,concentration,5800.0,5.24,EC50 为标准化浓度型效力指标,,,0,CHEMBL4613229,2020,LITERATURE,Activation of glucokinase (unknown origin)
CHEMBL3091580,,CHEMBL3095513,13840796,FC,=,1.68,,,efficacy,fold,,,FC（fold change）为激活倍数,,,0,CHEMBL3091348,2013,LITERATURE,Activation of recombinant human glucokinase assessed as increase in enzyme Vmax for glucose by G6PDH/NADP coupled assay relative to control
CHEMBL3091580,,CHEMBL3095514,13840801,FC,=,0.05,,,efficacy,fold,,,FC（fold change）为激活倍数,,,0,CHEMBL3091348,2013,LITERATURE,Activation of recombinant human glucokinase assessed as decrease in enzyme Km for glucose by G6PDH/NADP coupled assay relative to control
CHEMBL3091580,,CHEMBL3095515,13840807,EC50,=,137,nM,6.86,potency,concentration,137.0,6.86,EC50 为标准化浓度型效力指标,,,0,CHEMBL3091348,2013,LITERATURE,Activation of recombinant human glucokinase by G6PDH/NADP coupled assay
CHEMBL3091581,,CHEMBL3095513,13840795,FC,=,1.35,,,efficacy,fold,,,FC（fold change）为激活倍数,,,0,CHEMBL3091348,2013,LITERATURE,Activation of recombinant human glucokinase assessed as increase in enzyme Vmax for glucose by G6PDH/NADP coupled assay relative to control
CHEMBL3091581,,CHEMBL3095514,13840800,FC,=,0.06,,,efficacy,fold,,,FC（fold change）为激活倍数,,,0,CHEMBL3091348,2013,LITERATURE,Activation of recombinant human glucokinase assessed as decrease in enzyme Km for glucose by G6PDH/NADP coupled assay relative to control
CHEMBL3091581,,CHEMBL3095515,13840806,EC50,=,201,nM,6.7,potency,concentration,201.0,6.7,EC50 为标准化浓度型效力指标,,,0,CHEMBL3091348,2013,LITERATURE,Activation of recombinant human glucokinase by G6PDH/NADP coupled assay
CHEMBL3091582,,CHEMBL3095513,13840794,FC,=,1.5,,,efficacy,fold,,,FC（fold change）为激活倍数,,,0,CHEMBL3091348,2013,LITERATURE,Activation of recombinant human glucokinase assessed as increase in enzyme Vmax for glucose by G6PDH/NADP coupled assay relative to control
CHEMBL3091582,,CHEMBL3095514,13840799,FC,=,0.08,,,efficacy,fold,,,FC（fold change）为激活倍数,,,0,CHEMBL3091348,2013,LITERATURE,Activation of recombinant human glucokinase assessed as decrease in enzyme Km for glucose by G6PDH/NADP coupled assay relative to control
CHEMBL3091582,,CHEMBL3095515,13840805,EC50,=,113,nM,6.95,potency,concentration,113.0,6.95,EC50 为标准化浓度型效力指标,,,0,CHEMBL3091348,2013,LITERATURE,Activation of recombinant human glucokinase by G6PDH/NADP coupled assay
CHEMBL3091583,,CHEMBL3095513,13840793,FC,=,1.25,,,efficacy,fold,,,FC（fold change）为激活倍数,,,0,CHEMBL3091348,2013,LITERATURE,Activation of recombinant human glucokinase assessed as increase in enzyme Vmax for glucose by G6PDH/NADP coupled assay relative to control
CHEMBL3091583,,CHEMBL3095514,13840798,FC,=,0.08,,,efficacy,fold,,,FC（fold change）为激活倍数,,,0,CHEMBL3091348,2013,LITERATURE,Activation of recombinant human glucokinase assessed as decrease in enzyme Km for glucose by G6PDH/NADP coupled assay relative to control
CHEMBL3091583,,CHEMBL3095515,13840804,EC50,=,227,nM,6.64,potency,concentration,227.0,6.64,EC50 为标准化浓度型效力指标,,,0,CHEMBL3091348,2013,LITERATURE,Activation of recombinant human glucokinase by G6PDH/NADP coupled assay
CHEMBL3091584,,CHEMBL3095513,13840792,FC,=,1.21,,,efficacy,fold,,,FC（fold change）为激活倍数,,,0,CHEMBL3091348,2013,LITERATURE,Activation of recombinant human glucokinase assessed as increase in enzyme Vmax for glucose by G6PDH/NADP coupled assay relative to control
CHEMBL3091584,,CHEMBL3095514,13840797,FC,=,0.11,,,efficacy,fold,,,FC（fold change）为激活倍数,,,0,CHEMBL3091348,2013,LITERATURE,Activation of recombinant human glucokinase assessed as decrease in enzyme Km for glucose by G6PDH/NADP coupled assay relative to control
CHEMBL3091584,,CHEMBL3095515,13840803,EC50,=,1350,nM,5.87,potency,concentration,1350.0,5.87,EC50 为标准化浓度型效力指标,,,0,CHEMBL3091348,2013,LITERATURE,Activation of recombinant human glucokinase by G6PDH/NADP coupled assay
CHEMBL3091585,,CHEMBL3095515,13840802,EC50,>,10000,nM,,potency,concentration,10000.0,,EC50 为标准化浓度型效力指标,,,0,CHEMBL3091348,2013,LITERATURE,Activation of recombinant human glucokinase by G6PDH/NADP coupled assay
CHEMBL3113979,,CHEMBL3131525,13952967,EC50,>,50000,nM,,potency,concentration,50000.0,,EC50 为标准化浓度型效力指标,,,0,CHEMBL3124752,2014,LITERATURE,Activation of human glucokinase
CHEMBL3113992,,CHEMBL3131525,13952968,EC50,>,50000,nM,,potency,concentration,50000.0,,EC50 为标准化浓度型效力指标,,,0,CHEMBL3124752,2014,LITERATURE,Activation of human glucokinase
CHEMBL3126544,,CHEMBL3131381,13940252,FC,=,0.9,,,efficacy,fold,,,FC（fold change）为激活倍数,,,0,CHEMBL3124776,2014,LITERATURE,Activation of glucokinase (unknown origin) using glucose as substrate at 10 uM relative to control
CHEMBL3126545,,CHEMBL3131381,13940253,FC,=,0.8,,,efficacy,fold,,,FC（fold change）为激活倍数,,,0,CHEMBL3124776,2014,LITERATURE,Activation of glucokinase (unknown origin) using glucose as substrate at 10 uM relative to control
CHEMBL3126546,,CHEMBL3131381,13940224,FC,=,0.9,,,efficacy,fold,,,FC（fold change）为激活倍数,,,0,CHEMBL3124776,2014,LITERATURE,Activation of glucokinase (unknown origin) using glucose as substrate at 10 uM relative to control
CHEMBL3126547,,CHEMBL3131381,13940247,FC,=,1.4,,,efficacy,fold,,,FC（fold change）为激活倍数,,,0,CHEMBL3124776,2014,LITERATURE,Activation of glucokinase (unknown origin) using glucose as substrate at 10 uM relative to control
CHEMBL3126548,,CHEMBL3131381,13940237,FC,=,1.4,,,efficacy,fold,,,FC（fold change）为激活倍数,,,0,CHEMBL3124776,2014,LITERATURE,Activation of glucokinase (unknown origin) using glucose as substrate at 10 uM relative to control
CHEMBL3126549,,CHEMBL3131381,13940229,FC,=,1.7,,,efficacy,fold,,,FC（fold change）为激活倍数,,,0,CHEMBL3124776,2014,LITERATURE,Activation of glucokinase (unknown origin) using glucose as substrate at 10 uM relative to control
CHEMBL3126550,,CHEMBL3131381,13940230,FC,=,0.8,,,efficacy,fold,,,FC（fold change）为激活倍数,,,0,CHEMBL3124776,2014,LITERATURE,Activation of glucokinase (unknown origin) using glucose as substrate at 10 uM relative to control
CHEMBL3126551,,CHEMBL3131381,13940231,FC,=,1.6,,,efficacy,fold,,,FC（fold change）为激活倍数,,,0,CHEMBL3124776,2014,LITERATURE,Activation of glucokinase (unknown origin) using glucose as substrate at 10 uM relative to control
CHEMBL3126552,,CHEMBL3131381,13940254,FC,=,1.8,,,efficacy,fold,,,FC（fold change）为激活倍数,,,0,CHEMBL3124776,2014,LITERATURE,Activation of glucokinase (unknown origin) using glucose as substrate at 10 uM relative to control
CHEMBL3126553,,CHEMBL3131381,13940255,FC,=,1.3,,,efficacy,fold,,,FC（fold change）为激活倍数,,,0,CHEMBL3124776,2014,LITERATURE,Activation of glucokinase (unknown origin) using glucose as substrate at 10 uM relative to control
CHEMBL3126554,,CHEMBL3131381,13940256,FC,=,1.4,,,efficacy,fold,,,FC（fold change）为激活倍数,,,0,CHEMBL3124776,2014,LITERATURE,Activation of glucokinase (unknown origin) using glucose as substrate at 10 uM relative to control
CHEMBL3126555,,CHEMBL3131381,13940257,FC,=,1.2,,,efficacy,fold,,,FC（fold change）为激活倍数,,,0,CHEMBL3124776,2014,LITERATURE,Activation of glucokinase (unknown origin) using glucose as substrate at 10 uM relative to control
CHEMBL3126556,,CHEMBL3131381,13940258,FC,=,1.4,,,efficacy,fold,,,FC（fold change）为激活倍数,,,0,CHEMBL3124776,2014,LITERATURE,Activation of glucokinase (unknown origin) using glucose as substrate at 10 uM relative to control
CHEMBL3126557,,CHEMBL3131381,13940259,FC,=,1.5,,,efficacy,fold,,,FC（fold change）为激活倍数,,,0,CHEMBL3124776,2014,LITERATURE,Activation of glucokinase (unknown origin) using glucose as substrate at 10 uM relative to control
CHEMBL3126558,,CHEMBL3131381,13940260,FC,=,0.9,,,efficacy,fold,,,FC（fold change）为激活倍数,,,0,CHEMBL3124776,2014,LITERATURE,Activation of glucokinase (unknown origin) using glucose as substrate at 10 uM relative to control
CHEMBL3126559,,CHEMBL3131381,13940248,FC,=,0.9,,,efficacy,fold,,,FC（fold change）为激活倍数,,,0,CHEMBL3124776,2014,LITERATURE,Activation of glucokinase (unknown origin) using glucose as substrate at 10 uM relative to control
CHEMBL3126560,,CHEMBL3131381,13940249,FC,=,1.8,,,efficacy,fold,,,FC（fold change）为激活倍数,,,0,CHEMBL3124776,2014,LITERATURE,Activation of glucokinase (unknown origin) using glucose as substrate at 10 uM relative to control
CHEMBL3126561,,CHEMBL3131381,13940250,FC,=,1.6,,,efficacy,fold,,,FC（fold change）为激活倍数,,,0,CHEMBL3124776,2014,LITERATURE,Activation of glucokinase (unknown origin) using glucose as substrate at 10 uM relative to control
CHEMBL3126562,,CHEMBL3131381,13940251,FC,=,1.5,,,efficacy,fold,,,FC（fold change）为激活倍数,,,0,CHEMBL3124776,2014,LITERATURE,Activation of glucokinase (unknown origin) using glucose as substrate at 10 uM relative to control
CHEMBL3126563,,CHEMBL3131381,13964283,FC,=,1.3,,,efficacy,fold,,,FC（fold change）为激活倍数,,,0,CHEMBL3124776,2014,LITERATURE,Activation of glucokinase (unknown origin) using glucose as substrate at 10 uM relative to control
CHEMBL3126564,,CHEMBL3131381,13964284,FC,=,1.5,,,efficacy,fold,,,FC（fold change）为激活倍数,,,0,CHEMBL3124776,2014,LITERATURE,Activation of glucokinase (unknown origin) using glucose as substrate at 10 uM relative to control
CHEMBL3126565,,CHEMBL3131381,13964285,FC,=,1.1,,,efficacy,fold,,,FC（fold change）为激活倍数,,,0,CHEMBL3124776,2014,LITERATURE,Activation of glucokinase (unknown origin) using glucose as substrate at 10 uM relative to control
CHEMBL3126566,,CHEMBL3131381,13940217,FC,=,1.2,,,efficacy,fold,,,FC（fold change）为激活倍数,,,0,CHEMBL3124776,2014,LITERATURE,Activation of glucokinase (unknown origin) using glucose as substrate at 10 uM relative to control
CHEMBL3126567,,CHEMBL3131381,13940218,FC,=,1.2,,,efficacy,fold,,,FC（fold change）为激活倍数,,,0,CHEMBL3124776,2014,LITERATURE,Activation of glucokinase (unknown origin) using glucose as substrate at 10 uM relative to control
CHEMBL3126568,,CHEMBL3131381,13940219,FC,=,0.9,,,efficacy,fold,,,FC（fold change）为激活倍数,,,0,CHEMBL3124776,2014,LITERATURE,Activation of glucokinase (unknown origin) using glucose as substrate at 10 uM relative to control
CHEMBL3126569,,CHEMBL3131381,13940238,FC,=,1.1,,,efficacy,fold,,,FC（fold change）为激活倍数,,,0,CHEMBL3124776,2014,LITERATURE,Activation of glucokinase (unknown origin) using glucose as substrate at 10 uM relative to control
CHEMBL3126570,,CHEMBL3131381,13940239,FC,=,1.1,,,efficacy,fold,,,FC（fold change）为激活倍数,,,0,CHEMBL3124776,2014,LITERATURE,Activation of glucokinase (unknown origin) using glucose as substrate at 10 uM relative to control
CHEMBL3126571,,CHEMBL3131381,13940222,FC,=,1.8,,,efficacy,fold,,,FC（fold change）为激活倍数,,,0,CHEMBL3124776,2014,LITERATURE,Activation of glucokinase (unknown origin) using glucose as substrate at 10 uM relative to control
CHEMBL3126572,,CHEMBL3131381,13940223,FC,=,1.5,,,efficacy,fold,,,FC（fold change）为激活倍数,,,0,CHEMBL3124776,2014,LITERATURE,Activation of glucokinase (unknown origin) using glucose as substrate at 10 uM relative to control
CHEMBL3126573,,CHEMBL3131381,13964261,FC,=,1.5,,,efficacy,fold,,,FC（fold change）为激活倍数,,,0,CHEMBL3124776,2014,LITERATURE,Activation of glucokinase (unknown origin) using glucose as substrate at 10 uM relative to control
CHEMBL3126574,,CHEMBL3131381,13964262,FC,=,1.7,,,efficacy,fold,,,FC（fold change）为激活倍数,,,0,CHEMBL3124776,2014,LITERATURE,Activation of glucokinase (unknown origin) using glucose as substrate at 10 uM relative to control
CHEMBL3126575,,CHEMBL3131381,13964263,FC,=,1.6,,,efficacy,fold,,,FC（fold change）为激活倍数,,,0,CHEMBL3124776,2014,LITERATURE,Activation of glucokinase (unknown origin) using glucose as substrate at 10 uM relative to control
CHEMBL3126576,,CHEMBL3131381,13964264,FC,=,1.5,,,efficacy,fold,,,FC（fold change）为激活倍数,,,0,CHEMBL3124776,2014,LITERATURE,Activation of glucokinase (unknown origin) using glucose as substrate at 10 uM relative to control
CHEMBL3126577,,CHEMBL3131381,13964265,FC,=,1.5,,,efficacy,fold,,,FC（fold change）为激活倍数,,,0,CHEMBL3124776,2014,LITERATURE,Activation of glucokinase (unknown origin) using glucose as substrate at 10 uM relative to control
CHEMBL3126578,,CHEMBL3131381,13964282,FC,=,1.3,,,efficacy,fold,,,FC（fold change）为激活倍数,,,0,CHEMBL3124776,2014,LITERATURE,Activation of glucokinase (unknown origin) using glucose as substrate at 10 uM relative to control
CHEMBL3126579,,CHEMBL3131381,13964266,FC,=,1.6,,,efficacy,fold,,,FC（fold change）为激活倍数,,,0,CHEMBL3124776,2014,LITERATURE,Activation of glucokinase (unknown origin) using glucose as substrate at 10 uM relative to control
CHEMBL3126580,,CHEMBL3131381,13964267,FC,=,1.3,,,efficacy,fold,,,FC（fold change）为激活倍数,,,0,CHEMBL3124776,2014,LITERATURE,Activation of glucokinase (unknown origin) using glucose as substrate at 10 uM relative to control
CHEMBL3126581,,CHEMBL3131381,13964268,FC,=,0.9,,,efficacy,fold,,,FC（fold change）为激活倍数,,,0,CHEMBL3124776,2014,LITERATURE,Activation of glucokinase (unknown origin) using glucose as substrate at 10 uM relative to control
CHEMBL3126582,,CHEMBL3131381,13964269,FC,=,1.4,,,efficacy,fold,,,FC（fold change）为激活倍数,,,0,CHEMBL3124776,2014,LITERATURE,Activation of glucokinase (unknown origin) using glucose as substrate at 10 uM relative to control
CHEMBL3126583,,CHEMBL3131381,13940221,FC,=,1.2,,,efficacy,fold,,,FC（fold change）为激活倍数,,,0,CHEMBL3124776,2014,LITERATURE,Activation of glucokinase (unknown origin) using glucose as substrate at 10 uM relative to control
CHEMBL3126761,,CHEMBL3131381,13940235,FC,=,1.6,,,efficacy,fold,,,FC（fold change）为激活倍数,,,0,CHEMBL3124776,2014,LITERATURE,Activation of glucokinase (unknown origin) using glucose as substrate at 10 uM relative to control
CHEMBL3126762,,CHEMBL3131381,13940236,FC,=,1.4,,,efficacy,fold,,,FC（fold change）为激活倍数,,,0,CHEMBL3124776,2014,LITERATURE,Activation of glucokinase (unknown origin) using glucose as substrate at 10 uM relative to control
CHEMBL3217758,,CHEMBL3224190,14526104,EC50,=,50,nM,7.3,potency,concentration,50.0,7.3,EC50 为标准化浓度型效力指标,,,0,CHEMBL3217434,2011,LITERATURE,Activation of glucokinase (unknown origin)
CHEMBL3217766,,CHEMBL3225185,14540222,EC50,=,1520,nM,5.82,potency,concentration,1520.0,5.82,EC50 为标准化浓度型效力指标,,,0,CHEMBL3217569,2011,LITERATURE,Activation of recombinant human His6-tagged glucokinase by G6PDH-coupled spectrophotometry
CHEMBL3217766,,CHEMBL3225186,14540221,max activation,=,1.5,,,efficacy,fold,,,max activation 为激活幅度指标，按该 assay 内值域（max=2.97）判为 fold 尺度,,,0,CHEMBL3217569,2011,LITERATURE,Activation of recombinant human His6-tagged glucokinase by G6PDH-coupled spectrophotometry relative to control
CHEMBL3217794,,CHEMBL3226993,14551931,EC50,=,316.23,nM,6.5,potency,concentration,316.23,6.5,EC50 为标准化浓度型效力指标,,,0,CHEMBL3217683,2013,LITERATURE,Activity at glucokinase (unknown origin)
CHEMBL3217921,,CHEMBL3224178,14526067,EC50,=,70,nM,7.16,potency,concentration,70.0,7.16,EC50 为标准化浓度型效力指标,,,0,CHEMBL3217479,2011,LITERATURE,Activation of glucokinase (unknown origin)
CHEMBL3217922,,CHEMBL3224178,14526065,EC50,=,60,nM,7.22,potency,concentration,60.0,7.22,EC50 为标准化浓度型效力指标,,,0,CHEMBL3217479,2011,LITERATURE,Activation of glucokinase (unknown origin)
CHEMBL3217922,,CHEMBL3224190,14526105,EC50,=,60,nM,7.22,potency,concentration,60.0,7.22,EC50 为标准化浓度型效力指标,,,1,CHEMBL3217434,2011,LITERATURE,Activation of glucokinase (unknown origin)
CHEMBL3217923,,CHEMBL3224178,14526064,EC50,=,110,nM,6.96,potency,concentration,110.0,6.96,EC50 为标准化浓度型效力指标,,,1,CHEMBL3217479,2011,LITERATURE,Activation of glucokinase (unknown origin)
CHEMBL3217923,,CHEMBL3224190,14526106,EC50,=,110,nM,6.96,potency,concentration,110.0,6.96,EC50 为标准化浓度型效力指标,,,0,CHEMBL3217434,2011,LITERATURE,Activation of glucokinase (unknown origin)
CHEMBL3217924,,CHEMBL3224190,14526103,EC50,=,40,nM,7.4,potency,concentration,40.0,7.4,EC50 为标准化浓度型效力指标,,,0,CHEMBL3217434,2011,LITERATURE,Activation of glucokinase (unknown origin)
CHEMBL3217925,,CHEMBL3224190,14526102,EC50,=,30,nM,7.52,potency,concentration,30.0,7.52,EC50 为标准化浓度型效力指标,,,0,CHEMBL3217434,2011,LITERATURE,Activation of glucokinase (unknown origin)
CHEMBL3217925,,CHEMBL3583541,15619448,EC50,=,16.2,nM,7.79,potency,concentration,16.2,7.79,EC50 为标准化浓度型效力指标,,,0,CHEMBL3580608,2014,LITERATURE,Activation of recombinant human glucokinase assessed as formation of glucose-6-phosphate by G6PDH/NADP coupled assay
CHEMBL3218477,,CHEMBL3223666,14533407,EC50,=,27,nM,7.57,potency,concentration,27.0,7.57,EC50 为标准化浓度型效力指标,,,0,CHEMBL3217627,2011,LITERATURE,Activation of recombinant human glucokinase assessed as formation of glucose-6-phosphate by G6PDH/NADP coupled assay
CHEMBL3218477,,CHEMBL3583541,15619453,EC50,=,26,nM,7.58,potency,concentration,26.0,7.58,EC50 为标准化浓度型效力指标,,,1,CHEMBL3580608,2014,LITERATURE,Activation of recombinant human glucokinase assessed as formation of glucose-6-phosphate by G6PDH/NADP coupled assay
CHEMBL3218478,,CHEMBL3223666,14533408,EC50,=,88,nM,7.06,potency,concentration,88.0,7.06,EC50 为标准化浓度型效力指标,,,0,CHEMBL3217627,2011,LITERATURE,Activation of recombinant human glucokinase assessed as formation of glucose-6-phosphate by G6PDH/NADP coupled assay
CHEMBL3218479,,CHEMBL3223666,14533409,EC50,=,6610,nM,5.18,potency,concentration,6610.0,5.18,EC50 为标准化浓度型效力指标,,,0,CHEMBL3217627,2011,LITERATURE,Activation of recombinant human glucokinase assessed as formation of glucose-6-phosphate by G6PDH/NADP coupled assay
CHEMBL3218480,,CHEMBL3223666,14533410,EC50,=,870,nM,6.06,potency,concentration,870.0,6.06,EC50 为标准化浓度型效力指标,,,0,CHEMBL3217627,2011,LITERATURE,Activation of recombinant human glucokinase assessed as formation of glucose-6-phosphate by G6PDH/NADP coupled assay
CHEMBL3218481,,CHEMBL3223666,14533411,EC50,=,3061,nM,5.51,potency,concentration,3061.0,5.51,EC50 为标准化浓度型效力指标,,,0,CHEMBL3217627,2011,LITERATURE,Activation of recombinant human glucokinase assessed as formation of glucose-6-phosphate by G6PDH/NADP coupled assay
CHEMBL3218482,,CHEMBL3223666,14533412,EC50,=,92,nM,7.04,potency,concentration,92.0,7.04,EC50 为标准化浓度型效力指标,,,0,CHEMBL3217627,2011,LITERATURE,Activation of recombinant human glucokinase assessed as formation of glucose-6-phosphate by G6PDH/NADP coupled assay
CHEMBL3218483,,CHEMBL3223666,14533413,EC50,=,480,nM,6.32,potency,concentration,480.0,6.32,EC50 为标准化浓度型效力指标,,,0,CHEMBL3217627,2011,LITERATURE,Activation of recombinant human glucokinase assessed as formation of glucose-6-phosphate by G6PDH/NADP coupled assay
CHEMBL3218484,,CHEMBL3223666,14533416,EC50,>,20,nM,,potency,concentration,20.0,,EC50 为标准化浓度型效力指标,,,0,CHEMBL3217627,2011,LITERATURE,Activation of recombinant human glucokinase assessed as formation of glucose-6-phosphate by G6PDH/NADP coupled assay
CHEMBL3218485,,CHEMBL3223666,14533417,EC50,=,153,nM,6.82,potency,concentration,153.0,6.82,EC50 为标准化浓度型效力指标,,,0,CHEMBL3217627,2011,LITERATURE,Activation of recombinant human glucokinase assessed as formation of glucose-6-phosphate by G6PDH/NADP coupled assay
CHEMBL3218486,,CHEMBL3223666,14533418,EC50,>,5000,nM,,potency,concentration,5000.0,,EC50 为标准化浓度型效力指标,,,0,CHEMBL3217627,2011,LITERATURE,Activation of recombinant human glucokinase assessed as formation of glucose-6-phosphate by G6PDH/NADP coupled assay
CHEMBL3218487,,CHEMBL3223666,14533419,EC50,=,85,nM,7.07,potency,concentration,85.0,7.07,EC50 为标准化浓度型效力指标,,,0,CHEMBL3217627,2011,LITERATURE,Activation of recombinant human glucokinase assessed as formation of glucose-6-phosphate by G6PDH/NADP coupled assay
CHEMBL3218488,,CHEMBL3223666,14533420,EC50,=,64,nM,7.19,potency,concentration,64.0,7.19,EC50 为标准化浓度型效力指标,,,0,CHEMBL3217627,2011,LITERATURE,Activation of recombinant human glucokinase assessed as formation of glucose-6-phosphate by G6PDH/NADP coupled assay
CHEMBL3218489,,CHEMBL3223666,14533421,EC50,=,261,nM,6.58,potency,concentration,261.0,6.58,EC50 为标准化浓度型效力指标,,,0,CHEMBL3217627,2011,LITERATURE,Activation of recombinant human glucokinase assessed as formation of glucose-6-phosphate by G6PDH/NADP coupled assay
CHEMBL3218490,,CHEMBL3223666,14533422,EC50,=,393,nM,6.41,potency,concentration,393.0,6.41,EC50 为标准化浓度型效力指标,,,0,CHEMBL3217627,2011,LITERATURE,Activation of recombinant human glucokinase assessed as formation of glucose-6-phosphate by G6PDH/NADP coupled assay
CHEMBL3218491,,CHEMBL3223666,14533423,EC50,=,705,nM,6.15,potency,concentration,705.0,6.15,EC50 为标准化浓度型效力指标,,,0,CHEMBL3217627,2011,LITERATURE,Activation of recombinant human glucokinase assessed as formation of glucose-6-phosphate by G6PDH/NADP coupled assay
CHEMBL3218492,,CHEMBL3223666,14533424,EC50,>,5000,nM,,potency,concentration,5000.0,,EC50 为标准化浓度型效力指标,,,0,CHEMBL3217627,2011,LITERATURE,Activation of recombinant human glucokinase assessed as formation of glucose-6-phosphate by G6PDH/NADP coupled assay
CHEMBL3218493,,CHEMBL3223666,14533425,EC50,>,5000,nM,,potency,concentration,5000.0,,EC50 为标准化浓度型效力指标,,,0,CHEMBL3217627,2011,LITERATURE,Activation of recombinant human glucokinase assessed as formation of glucose-6-phosphate by G6PDH/NADP coupled assay
CHEMBL3218494,,CHEMBL3223666,14533426,EC50,=,2170,nM,5.66,potency,concentration,2170.0,5.66,EC50 为标准化浓度型效力指标,,,0,CHEMBL3217627,2011,LITERATURE,Activation of recombinant human glucokinase assessed as formation of glucose-6-phosphate by G6PDH/NADP coupled assay
CHEMBL3218495,,CHEMBL3223666,14533427,EC50,=,477,nM,6.32,potency,concentration,477.0,6.32,EC50 为标准化浓度型效力指标,,,0,CHEMBL3217627,2011,LITERATURE,Activation of recombinant human glucokinase assessed as formation of glucose-6-phosphate by G6PDH/NADP coupled assay
CHEMBL3218496,,CHEMBL3223666,14533428,EC50,=,391,nM,6.41,potency,concentration,391.0,6.41,EC50 为标准化浓度型效力指标,,,0,CHEMBL3217627,2011,LITERATURE,Activation of recombinant human glucokinase assessed as formation of glucose-6-phosphate by G6PDH/NADP coupled assay
CHEMBL3218497,,CHEMBL3223666,14533429,EC50,=,127,nM,6.9,potency,concentration,127.0,6.9,EC50 为标准化浓度型效力指标,,,0,CHEMBL3217627,2011,LITERATURE,Activation of recombinant human glucokinase assessed as formation of glucose-6-phosphate by G6PDH/NADP coupled assay
CHEMBL3218498,,CHEMBL3223666,14533430,EC50,=,167,nM,6.78,potency,concentration,167.0,6.78,EC50 为标准化浓度型效力指标,,,0,CHEMBL3217627,2011,LITERATURE,Activation of recombinant human glucokinase assessed as formation of glucose-6-phosphate by G6PDH/NADP coupled assay
CHEMBL3218499,,CHEMBL3223666,14533431,EC50,=,254,nM,6.59,potency,concentration,254.0,6.59,EC50 为标准化浓度型效力指标,,,0,CHEMBL3217627,2011,LITERATURE,Activation of recombinant human glucokinase assessed as formation of glucose-6-phosphate by G6PDH/NADP coupled assay
CHEMBL3218500,,CHEMBL3223666,14533432,EC50,=,331,nM,6.48,potency,concentration,331.0,6.48,EC50 为标准化浓度型效力指标,,,0,CHEMBL3217627,2011,LITERATURE,Activation of recombinant human glucokinase assessed as formation of glucose-6-phosphate by G6PDH/NADP coupled assay
CHEMBL3218501,,CHEMBL3223666,14533433,EC50,>,100000,nM,,potency,concentration,100000.0,,EC50 为标准化浓度型效力指标,,,0,CHEMBL3217627,2011,LITERATURE,Activation of recombinant human glucokinase assessed as formation of glucose-6-phosphate by G6PDH/NADP coupled assay
CHEMBL3218714,,CHEMBL3225185,14538046,EC50,=,520,nM,6.28,potency,concentration,520.0,6.28,EC50 为标准化浓度型效力指标,,,0,CHEMBL3217569,2011,LITERATURE,Activation of recombinant human His6-tagged glucokinase by G6PDH-coupled spectrophotometry
CHEMBL3218714,,CHEMBL3225186,14540224,max activation,=,1.63,,,efficacy,fold,,,max activation 为激活幅度指标，按该 assay 内值域（max=2.97）判为 fold 尺度,,,0,CHEMBL3217569,2011,LITERATURE,Activation of recombinant human His6-tagged glucokinase by G6PDH-coupled spectrophotometry relative to control
CHEMBL3218715,,CHEMBL3225185,14540228,EC50,=,1800,nM,5.75,potency,concentration,1800.0,5.75,EC50 为标准化浓度型效力指标,,,0,CHEMBL3217569,2011,LITERATURE,Activation of recombinant human His6-tagged glucokinase by G6PDH-coupled spectrophotometry
CHEMBL3218715,,CHEMBL3225186,14540223,max activation,=,1.61,,,efficacy,fold,,,max activation 为激活幅度指标，按该 assay 内值域（max=2.97）判为 fold 尺度,,,0,CHEMBL3217569,2011,LITERATURE,Activation of recombinant human His6-tagged glucokinase by G6PDH-coupled spectrophotometry relative to control
CHEMBL3218716,,CHEMBL3225185,14540218,EC50,=,1440,nM,5.84,potency,concentration,1440.0,5.84,EC50 为标准化浓度型效力指标,,,0,CHEMBL3217569,2011,LITERATURE,Activation of recombinant human His6-tagged glucokinase by G6PDH-coupled spectrophotometry
CHEMBL3218716,,CHEMBL3225186,14540227,max activation,=,1.79,,,efficacy,fold,,,max activation 为激活幅度指标，按该 assay 内值域（max=2.97）判为 fold 尺度,,,0,CHEMBL3217569,2011,LITERATURE,Activation of recombinant human His6-tagged glucokinase by G6PDH-coupled spectrophotometry relative to control
CHEMBL3218717,,CHEMBL3225185,14540231,EC50,=,11350,nM,4.95,potency,concentration,11350.0,4.95,EC50 为标准化浓度型效力指标,,,0,CHEMBL3217569,2011,LITERATURE,Activation of recombinant human His6-tagged glucokinase by G6PDH-coupled spectrophotometry
CHEMBL3218717,,CHEMBL3225186,14540225,max activation,=,1.63,,,efficacy,fold,,,max activation 为激活幅度指标，按该 assay 内值域（max=2.97）判为 fold 尺度,,,0,CHEMBL3217569,2011,LITERATURE,Activation of recombinant human His6-tagged glucokinase by G6PDH-coupled spectrophotometry relative to control
CHEMBL3218718,,CHEMBL3225185,14540232,EC50,>,20000,nM,,potency,concentration,20000.0,,EC50 为标准化浓度型效力指标,,,0,CHEMBL3217569,2011,LITERATURE,Activation of recombinant human His6-tagged glucokinase by G6PDH-coupled spectrophotometry
CHEMBL3218718,,CHEMBL3225186,14538050,max activation,=,1.27,,,efficacy,fold,,,max activation 为激活幅度指标，按该 assay 内值域（max=2.97）判为 fold 尺度,,,0,CHEMBL3217569,2011,LITERATURE,Activation of recombinant human His6-tagged glucokinase by G6PDH-coupled spectrophotometry relative to control
CHEMBL3218719,,CHEMBL3225185,14538045,EC50,=,450,nM,6.35,potency,concentration,450.0,6.35,EC50 为标准化浓度型效力指标,,,0,CHEMBL3217569,2011,LITERATURE,Activation of recombinant human His6-tagged glucokinase by G6PDH-coupled spectrophotometry
CHEMBL3218719,,CHEMBL3225186,14538056,max activation,=,1.35,,,efficacy,fold,,,max activation 为激活幅度指标，按该 assay 内值域（max=2.97）判为 fold 尺度,,,0,CHEMBL3217569,2011,LITERATURE,Activation of recombinant human His6-tagged glucokinase by G6PDH-coupled spectrophotometry relative to control
CHEMBL3218720,,CHEMBL3225185,14538044,EC50,=,350,nM,6.46,potency,concentration,350.0,6.46,EC50 为标准化浓度型效力指标,,,0,CHEMBL3217569,2011,LITERATURE,Activation of recombinant human His6-tagged glucokinase by G6PDH-coupled spectrophotometry
CHEMBL3218720,,CHEMBL3225186,14540220,max activation,=,1.49,,,efficacy,fold,,,max activation 为激活幅度指标，按该 assay 内值域（max=2.97）判为 fold 尺度,,,0,CHEMBL3217569,2011,LITERATURE,Activation of recombinant human His6-tagged glucokinase by G6PDH-coupled spectrophotometry relative to control
CHEMBL3218721,,CHEMBL3225185,14538055,EC50,=,1350,nM,5.87,potency,concentration,1350.0,5.87,EC50 为标准化浓度型效力指标,,,0,CHEMBL3217569,2011,LITERATURE,Activation of recombinant human His6-tagged glucokinase by G6PDH-coupled spectrophotometry
CHEMBL3218721,,CHEMBL3225186,14540217,max activation,=,1.43,,,efficacy,fold,,,max activation 为激活幅度指标，按该 assay 内值域（max=2.97）判为 fold 尺度,,,0,CHEMBL3217569,2011,LITERATURE,Activation of recombinant human His6-tagged glucokinase by G6PDH-coupled spectrophotometry relative to control
CHEMBL3218722,,CHEMBL3225185,14538043,EC50,=,330,nM,6.48,potency,concentration,330.0,6.48,EC50 为标准化浓度型效力指标,,,0,CHEMBL3217569,2011,LITERATURE,Activation of recombinant human His6-tagged glucokinase by G6PDH-coupled spectrophotometry
CHEMBL3218722,,CHEMBL3225186,14540214,max activation,=,1.4,,,efficacy,fold,,,max activation 为激活幅度指标，按该 assay 内值域（max=2.97）判为 fold 尺度,,,0,CHEMBL3217569,2011,LITERATURE,Activation of recombinant human His6-tagged glucokinase by G6PDH-coupled spectrophotometry relative to control
CHEMBL3218723,,CHEMBL3225185,14538037,EC50,=,170,nM,6.77,potency,concentration,170.0,6.77,EC50 为标准化浓度型效力指标,,,0,CHEMBL3217569,2011,LITERATURE,Activation of recombinant human His6-tagged glucokinase by G6PDH-coupled spectrophotometry
CHEMBL3218723,,CHEMBL3225186,14538053,max activation,=,1.3,,,efficacy,fold,,,max activation 为激活幅度指标，按该 assay 内值域（max=2.97）判为 fold 尺度,,,0,CHEMBL3217569,2011,LITERATURE,Activation of recombinant human His6-tagged glucokinase by G6PDH-coupled spectrophotometry relative to control
CHEMBL3218724,,CHEMBL3225185,14540233,EC50,>,20000,nM,,potency,concentration,20000.0,,EC50 为标准化浓度型效力指标,,,0,CHEMBL3217569,2011,LITERATURE,Activation of recombinant human His6-tagged glucokinase by G6PDH-coupled spectrophotometry
CHEMBL3218724,,CHEMBL3225186,14540216,max activation,=,1.41,,,efficacy,fold,,,max activation 为激活幅度指标，按该 assay 内值域（max=2.97）判为 fold 尺度,,,0,CHEMBL3217569,2011,LITERATURE,Activation of recombinant human His6-tagged glucokinase by G6PDH-coupled spectrophotometry relative to control
CHEMBL3218725,,CHEMBL3225185,14540234,EC50,>,20000,nM,,potency,concentration,20000.0,,EC50 为标准化浓度型效力指标,,,0,CHEMBL3217569,2011,LITERATURE,Activation of recombinant human His6-tagged glucokinase by G6PDH-coupled spectrophotometry
CHEMBL3218725,,CHEMBL3225186,14538049,max activation,=,1.19,,,efficacy,fold,,,max activation 为激活幅度指标，按该 assay 内值域（max=2.97）判为 fold 尺度,,,0,CHEMBL3217569,2011,LITERATURE,Activation of recombinant human His6-tagged glucokinase by G6PDH-coupled spectrophotometry relative to control
CHEMBL3218726,,CHEMBL3225185,14538042,EC50,=,300,nM,6.52,potency,concentration,300.0,6.52,EC50 为标准化浓度型效力指标,,,0,CHEMBL3217569,2011,LITERATURE,Activation of recombinant human His6-tagged glucokinase by G6PDH-coupled spectrophotometry
CHEMBL3218726,,CHEMBL3225186,14538052,max activation,=,1.29,,,efficacy,fold,,,max activation 为激活幅度指标，按该 assay 内值域（max=2.97）判为 fold 尺度,,,0,CHEMBL3217569,2011,LITERATURE,Activation of recombinant human His6-tagged glucokinase by G6PDH-coupled spectrophotometry relative to control
CHEMBL3218727,,CHEMBL3225185,14538039,EC50,=,210,nM,6.68,potency,concentration,210.0,6.68,EC50 为标准化浓度型效力指标,,,0,CHEMBL3217569,2011,LITERATURE,Activation of recombinant human His6-tagged glucokinase by G6PDH-coupled spectrophotometry
CHEMBL3218727,,CHEMBL3225186,14540219,max activation,=,1.44,,,efficacy,fold,,,max activation 为激活幅度指标，按该 assay 内值域（max=2.97）判为 fold 尺度,,,0,CHEMBL3217569,2011,LITERATURE,Activation of recombinant human His6-tagged glucokinase by G6PDH-coupled spectrophotometry relative to control
CHEMBL3218728,,CHEMBL3225185,14538048,EC50,=,790,nM,6.1,potency,concentration,790.0,6.1,EC50 为标准化浓度型效力指标,,,0,CHEMBL3217569,2011,LITERATURE,Activation of recombinant human His6-tagged glucokinase by G6PDH-coupled spectrophotometry
CHEMBL3218728,,CHEMBL3225186,14540215,max activation,=,1.4,,,efficacy,fold,,,max activation 为激活幅度指标，按该 assay 内值域（max=2.97）判为 fold 尺度,,,0,CHEMBL3217569,2011,LITERATURE,Activation of recombinant human His6-tagged glucokinase by G6PDH-coupled spectrophotometry relative to control
CHEMBL3218729,,CHEMBL3225185,14538047,EC50,=,640,nM,6.19,potency,concentration,640.0,6.19,EC50 为标准化浓度型效力指标,,,0,CHEMBL3217569,2011,LITERATURE,Activation of recombinant human His6-tagged glucokinase by G6PDH-coupled spectrophotometry
CHEMBL3218729,,CHEMBL3225186,14538051,max activation,=,1.28,,,efficacy,fold,,,max activation 为激活幅度指标，按该 assay 内值域（max=2.97）判为 fold 尺度,,,0,CHEMBL3217569,2011,LITERATURE,Activation of recombinant human His6-tagged glucokinase by G6PDH-coupled spectrophotometry relative to control
CHEMBL3218730,,CHEMBL3225185,14538041,EC50,=,290,nM,6.54,potency,concentration,290.0,6.54,EC50 为标准化浓度型效力指标,,,0,CHEMBL3217569,2011,LITERATURE,Activation of recombinant human His6-tagged glucokinase by G6PDH-coupled spectrophotometry
CHEMBL3218730,,CHEMBL3225186,14538054,max activation,=,1.32,,,efficacy,fold,,,max activation 为激活幅度指标，按该 assay 内值域（max=2.97）判为 fold 尺度,,,0,CHEMBL3217569,2011,LITERATURE,Activation of recombinant human His6-tagged glucokinase by G6PDH-coupled spectrophotometry relative to control
CHEMBL3218731,,CHEMBL3225185,14538038,EC50,=,180,nM,6.75,potency,concentration,180.0,6.75,EC50 为标准化浓度型效力指标,,,0,CHEMBL3217569,2011,LITERATURE,Activation of recombinant human His6-tagged glucokinase by G6PDH-coupled spectrophotometry
CHEMBL3218731,,CHEMBL3225186,14540213,max activation,=,1.37,,,efficacy,fold,,,max activation 为激活幅度指标，按该 assay 内值域（max=2.97）判为 fold 尺度,,,0,CHEMBL3217569,2011,LITERATURE,Activation of recombinant human His6-tagged glucokinase by G6PDH-coupled spectrophotometry relative to control
CHEMBL3218732,,CHEMBL3225185,14538040,EC50,=,220,nM,6.66,potency,concentration,220.0,6.66,EC50 为标准化浓度型效力指标,,,0,CHEMBL3217569,2011,LITERATURE,Activation of recombinant human His6-tagged glucokinase by G6PDH-coupled spectrophotometry
CHEMBL3218732,,CHEMBL3225186,14540226,max activation,=,1.77,,,efficacy,fold,,,max activation 为激活幅度指标，按该 assay 内值域（max=2.97）判为 fold 尺度,,,0,CHEMBL3217569,2011,LITERATURE,Activation of recombinant human His6-tagged glucokinase by G6PDH-coupled spectrophotometry relative to control
CHEMBL3219124,AZD-1656,CHEMBL3583541,15619450,EC50,=,28,nM,7.55,potency,concentration,28.0,7.55,EC50 为标准化浓度型效力指标,,,0,CHEMBL3580608,2014,LITERATURE,Activation of recombinant human glucokinase assessed as formation of glucose-6-phosphate by G6PDH/NADP coupled assay
CHEMBL3221481,,CHEMBL3226993,14551936,EC50,=,158.49,nM,6.8,potency,concentration,158.49,6.8,EC50 为标准化浓度型效力指标,,,0,CHEMBL3217683,2013,LITERATURE,Activity at glucokinase (unknown origin)
CHEMBL3221482,,CHEMBL3226993,14551930,EC50,=,316.23,nM,6.5,potency,concentration,316.23,6.5,EC50 为标准化浓度型效力指标,,,0,CHEMBL3217683,2013,LITERATURE,Activity at glucokinase (unknown origin)
CHEMBL3221483,,CHEMBL3226993,14551920,EC50,=,1584.89,nM,5.8,potency,concentration,1584.89,5.8,EC50 为标准化浓度型效力指标,,,0,CHEMBL3217683,2013,LITERATURE,Activity at glucokinase (unknown origin)
CHEMBL3221483,,CHEMBL3226995,14551973,EC50,=,1584.89,nM,5.8,potency,concentration,1584.89,5.8,EC50 为标准化浓度型效力指标,,,1,CHEMBL3217445,2013,LITERATURE,Activation of glucokinase (unknown origin)
CHEMBL3221484,,CHEMBL3226993,14551918,EC50,=,5011.87,nM,5.3,potency,concentration,5011.87,5.3,EC50 为标准化浓度型效力指标,,,0,CHEMBL3217683,2013,LITERATURE,Activity at glucokinase (unknown origin)
CHEMBL3221485,,CHEMBL3226993,14551934,EC50,=,251.19,nM,6.6,potency,concentration,251.19,6.6,EC50 为标准化浓度型效力指标,,,0,CHEMBL3217683,2013,LITERATURE,Activity at glucokinase (unknown origin)
CHEMBL3221485,,CHEMBL3226995,14551978,EC50,=,251.19,nM,6.6,potency,concentration,251.19,6.6,EC50 为标准化浓度型效力指标,,,1,CHEMBL3217445,2013,LITERATURE,Activation of glucokinase (unknown origin)
CHEMBL3221486,,CHEMBL3226993,14551925,EC50,=,501.19,nM,6.3,potency,concentration,501.19,6.3,EC50 为标准化浓度型效力指标,,,0,CHEMBL3217683,2013,LITERATURE,Activity at glucokinase (unknown origin)
CHEMBL3221487,,CHEMBL3226993,14551921,EC50,=,1258.93,nM,5.9,potency,concentration,1258.93,5.9,EC50 为标准化浓度型效力指标,,,0,CHEMBL3217683,2013,LITERATURE,Activity at glucokinase (unknown origin)
CHEMBL3221488,,CHEMBL3226993,14551940,EC50,=,125.89,nM,6.9,potency,concentration,125.89,6.9,EC50 为标准化浓度型效力指标,,,0,CHEMBL3217683,2013,LITERATURE,Activity at glucokinase (unknown origin)
CHEMBL3221489,,CHEMBL3226993,14551937,EC50,=,158.49,nM,6.8,potency,concentration,158.49,6.8,EC50 为标准化浓度型效力指标,,,0,CHEMBL3217683,2013,LITERATURE,Activity at glucokinase (unknown origin)
CHEMBL3221489,,CHEMBL3226995,14551984,EC50,=,158.49,nM,6.8,potency,concentration,158.49,6.8,EC50 为标准化浓度型效力指标,,,1,CHEMBL3217445,2013,LITERATURE,Activation of glucokinase (unknown origin)
CHEMBL3221490,,CHEMBL3226993,14551938,EC50,=,158.49,nM,6.8,potency,concentration,158.49,6.8,EC50 为标准化浓度型效力指标,,,0,CHEMBL3217683,2013,LITERATURE,Activity at glucokinase (unknown origin)
CHEMBL3221490,,CHEMBL3226995,14551990,EC50,=,158.49,nM,6.8,potency,concentration,158.49,6.8,EC50 为标准化浓度型效力指标,,,1,CHEMBL3217445,2013,LITERATURE,Activation of glucokinase (unknown origin)
CHEMBL3221491,,CHEMBL3226993,14551943,EC50,=,79.43,nM,7.1,potency,concentration,79.43,7.1,EC50 为标准化浓度型效力指标,,,0,CHEMBL3217683,2013,LITERATURE,Activity at glucokinase (unknown origin)
CHEMBL3221492,,CHEMBL3226993,14551939,EC50,=,158.49,nM,6.8,potency,concentration,158.49,6.8,EC50 为标准化浓度型效力指标,,,0,CHEMBL3217683,2013,LITERATURE,Activity at glucokinase (unknown origin)
CHEMBL3221493,,CHEMBL3226993,14551929,EC50,=,398.11,nM,6.4,potency,concentration,398.11,6.4,EC50 为标准化浓度型效力指标,,,1,CHEMBL3217683,2013,LITERATURE,Activity at glucokinase (unknown origin)
CHEMBL3221493,,CHEMBL3226995,14552000,EC50,=,398.11,nM,6.4,potency,concentration,398.11,6.4,EC50 为标准化浓度型效力指标,,,0,CHEMBL3217445,2013,LITERATURE,Activation of glucokinase (unknown origin)
CHEMBL3221494,,CHEMBL3226993,14551941,EC50,=,125.89,nM,6.9,potency,concentration,125.89,6.9,EC50 为标准化浓度型效力指标,,,1,CHEMBL3217683,2013,LITERATURE,Activity at glucokinase (unknown origin)
CHEMBL3221494,,CHEMBL3226995,14552021,EC50,=,125.89,nM,6.9,potency,concentration,125.89,6.9,EC50 为标准化浓度型效力指标,,,0,CHEMBL3217445,2013,LITERATURE,Activation of glucokinase (unknown origin)
CHEMBL3221495,,CHEMBL3226993,14551932,EC50,=,316.23,nM,6.5,potency,concentration,316.23,6.5,EC50 为标准化浓度型效力指标,,,0,CHEMBL3217683,2013,LITERATURE,Activity at glucokinase (unknown origin)
CHEMBL3221496,,CHEMBL3226993,14551926,EC50,=,501.19,nM,6.3,potency,concentration,501.19,6.3,EC50 为标准化浓度型效力指标,,,0,CHEMBL3217683,2013,LITERATURE,Activity at glucokinase (unknown origin)
CHEMBL3221496,,CHEMBL3226995,14552007,EC50,=,501.19,nM,6.3,potency,concentration,501.19,6.3,EC50 为标准化浓度型效力指标,,,1,CHEMBL3217445,2013,LITERATURE,Activation of glucokinase (unknown origin)
CHEMBL3221497,,CHEMBL3226993,14551935,EC50,=,199.53,nM,6.7,potency,concentration,199.53,6.7,EC50 为标准化浓度型效力指标,,,0,CHEMBL3217683,2013,LITERATURE,Activity at glucokinase (unknown origin)
CHEMBL3221498,,CHEMBL3226993,14551922,EC50,=,630.96,nM,6.2,potency,concentration,630.96,6.2,EC50 为标准化浓度型效力指标,,,0,CHEMBL3217683,2013,LITERATURE,Activity at glucokinase (unknown origin)
CHEMBL3221499,,CHEMBL3226993,14551927,EC50,=,501.19,nM,6.3,potency,concentration,501.19,6.3,EC50 为标准化浓度型效力指标,,,0,CHEMBL3217683,2013,LITERATURE,Activity at glucokinase (unknown origin)
CHEMBL3221500,,CHEMBL3226993,14551942,EC50,=,125.89,nM,6.9,potency,concentration,125.89,6.9,EC50 为标准化浓度型效力指标,,,0,CHEMBL3217683,2013,LITERATURE,Activity at glucokinase (unknown origin)
CHEMBL3221501,,CHEMBL3226993,14551928,EC50,=,501.19,nM,6.3,potency,concentration,501.19,6.3,EC50 为标准化浓度型效力指标,,,0,CHEMBL3217683,2013,LITERATURE,Activity at glucokinase (unknown origin)
CHEMBL3221502,,CHEMBL3226993,14551923,EC50,=,630.96,nM,6.2,potency,concentration,630.96,6.2,EC50 为标准化浓度型效力指标,,,1,CHEMBL3217683,2013,LITERATURE,Activity at glucokinase (unknown origin)
CHEMBL3221502,,CHEMBL3226995,14552014,EC50,=,630.96,nM,6.2,potency,concentration,630.96,6.2,EC50 为标准化浓度型效力指标,,,0,CHEMBL3217445,2013,LITERATURE,Activation of glucokinase (unknown origin)
CHEMBL3221503,,CHEMBL3226993,14551933,EC50,=,316.23,nM,6.5,potency,concentration,316.23,6.5,EC50 为标准化浓度型效力指标,,,0,CHEMBL3217683,2013,LITERATURE,Activity at glucokinase (unknown origin)
CHEMBL3221504,,CHEMBL3226993,14551924,EC50,=,630.96,nM,6.2,potency,concentration,630.96,6.2,EC50 为标准化浓度型效力指标,,,0,CHEMBL3217683,2013,LITERATURE,Activity at glucokinase (unknown origin)
CHEMBL3221505,,CHEMBL3226995,14551996,EC50,=,199.53,nM,6.7,potency,concentration,199.53,6.7,EC50 为标准化浓度型效力指标,,,0,CHEMBL3217445,2013,LITERATURE,Activation of glucokinase (unknown origin)
CHEMBL3221506,,CHEMBL3226995,14552027,EC50,=,501.19,nM,6.3,potency,concentration,501.19,6.3,EC50 为标准化浓度型效力指标,,,0,CHEMBL3217445,2013,LITERATURE,Activation of glucokinase (unknown origin)
CHEMBL3221507,,CHEMBL3226995,14552033,EC50,=,1584.89,nM,5.8,potency,concentration,1584.89,5.8,EC50 为标准化浓度型效力指标,,,0,CHEMBL3217445,2013,LITERATURE,Activation of glucokinase (unknown origin)
CHEMBL3221508,,CHEMBL3226995,14552038,EC50,=,199.53,nM,6.7,potency,concentration,199.53,6.7,EC50 为标准化浓度型效力指标,,,0,CHEMBL3217445,2013,LITERATURE,Activation of glucokinase (unknown origin)
CHEMBL3221509,,CHEMBL3226995,14552044,EC50,=,3162.28,nM,5.5,potency,concentration,3162.28,5.5,EC50 为标准化浓度型效力指标,,,0,CHEMBL3217445,2013,LITERATURE,Activation of glucokinase (unknown origin)
CHEMBL3221510,,CHEMBL3226995,14552048,EC50,=,2511.89,nM,5.6,potency,concentration,2511.89,5.6,EC50 为标准化浓度型效力指标,,,0,CHEMBL3217445,2013,LITERATURE,Activation of glucokinase (unknown origin)
CHEMBL3221511,,CHEMBL3226995,14552054,EC50,>,100000,nM,,potency,concentration,100000.0,,EC50 为标准化浓度型效力指标,,,0,CHEMBL3217445,2013,LITERATURE,Activation of glucokinase (unknown origin)
CHEMBL3221512,,CHEMBL3226995,14552058,EC50,=,398.11,nM,6.4,potency,concentration,398.11,6.4,EC50 为标准化浓度型效力指标,,,0,CHEMBL3217445,2013,LITERATURE,Activation of glucokinase (unknown origin)
CHEMBL3221513,,CHEMBL3226995,14552065,EC50,=,794.33,nM,6.1,potency,concentration,794.33,6.1,EC50 为标准化浓度型效力指标,,,0,CHEMBL3217445,2013,LITERATURE,Activation of glucokinase (unknown origin)
CHEMBL3221514,,CHEMBL3226995,14552072,EC50,=,630.96,nM,6.2,potency,concentration,630.96,6.2,EC50 为标准化浓度型效力指标,,,0,CHEMBL3217445,2013,LITERATURE,Activation of glucokinase (unknown origin)
CHEMBL3221515,,CHEMBL3226995,14552079,EC50,=,316.23,nM,6.5,potency,concentration,316.23,6.5,EC50 为标准化浓度型效力指标,,,0,CHEMBL3217445,2013,LITERATURE,Activation of glucokinase (unknown origin)
CHEMBL3221516,,CHEMBL3226995,14552085,EC50,=,316.23,nM,6.5,potency,concentration,316.23,6.5,EC50 为标准化浓度型效力指标,,,0,CHEMBL3217445,2013,LITERATURE,Activation of glucokinase (unknown origin)
CHEMBL3221517,,CHEMBL3226995,14552091,EC50,=,63.1,nM,7.2,potency,concentration,63.1,7.2,EC50 为标准化浓度型效力指标,,,0,CHEMBL3217445,2013,LITERATURE,Activation of glucokinase (unknown origin)
CHEMBL3221518,,CHEMBL3226995,14552097,EC50,=,199.53,nM,6.7,potency,concentration,199.53,6.7,EC50 为标准化浓度型效力指标,,,0,CHEMBL3217445,2013,LITERATURE,Activation of glucokinase (unknown origin)
CHEMBL3221519,,CHEMBL3226995,14552102,EC50,=,199.53,nM,6.7,potency,concentration,199.53,6.7,EC50 为标准化浓度型效力指标,,,0,CHEMBL3217445,2013,LITERATURE,Activation of glucokinase (unknown origin)
CHEMBL3221520,,CHEMBL3226995,14552107,EC50,=,79.43,nM,7.1,potency,concentration,79.43,7.1,EC50 为标准化浓度型效力指标,,,0,CHEMBL3217445,2013,LITERATURE,Activation of glucokinase (unknown origin)
CHEMBL3221520,,CHEMBL3226995,14552108,EC50,=,78,nM,7.11,potency,concentration,78.0,7.11,EC50 为标准化浓度型效力指标,,,0,CHEMBL3217445,2013,LITERATURE,Activation of glucokinase (unknown origin)
CHEMBL3221521,,CHEMBL3226995,14552123,EC50,=,630.96,nM,6.2,potency,concentration,630.96,6.2,EC50 为标准化浓度型效力指标,,,0,CHEMBL3217445,2013,LITERATURE,Activation of glucokinase (unknown origin)
CHEMBL3221522,,CHEMBL3226995,14552128,EC50,=,251.19,nM,6.6,potency,concentration,251.19,6.6,EC50 为标准化浓度型效力指标,,,0,CHEMBL3217445,2013,LITERATURE,Activation of glucokinase (unknown origin)
CHEMBL3221523,,CHEMBL3226995,14552133,EC50,=,50.12,nM,7.3,potency,concentration,50.12,7.3,EC50 为标准化浓度型效力指标,,,0,CHEMBL3217445,2013,LITERATURE,Activation of glucokinase (unknown origin)
CHEMBL3221523,,CHEMBL3226995,14552134,EC50,=,49,nM,7.31,potency,concentration,49.0,7.31,EC50 为标准化浓度型效力指标,,,0,CHEMBL3217445,2013,LITERATURE,Activation of glucokinase (unknown origin)
CHEMBL3221524,,CHEMBL3226995,14554264,EC50,=,125.89,nM,6.9,potency,concentration,125.89,6.9,EC50 为标准化浓度型效力指标,,,0,CHEMBL3217445,2013,LITERATURE,Activation of glucokinase (unknown origin)
CHEMBL3221525,,CHEMBL3226995,14554269,EC50,=,501.19,nM,6.3,potency,concentration,501.19,6.3,EC50 为标准化浓度型效力指标,,,0,CHEMBL3217445,2013,LITERATURE,Activation of glucokinase (unknown origin)
CHEMBL3221526,,CHEMBL3226995,14554272,EC50,=,199.53,nM,6.7,potency,concentration,199.53,6.7,EC50 为标准化浓度型效力指标,,,0,CHEMBL3217445,2013,LITERATURE,Activation of glucokinase (unknown origin)
CHEMBL3221527,,CHEMBL3226995,14554277,EC50,=,501.19,nM,6.3,potency,concentration,501.19,6.3,EC50 为标准化浓度型效力指标,,,0,CHEMBL3217445,2013,LITERATURE,Activation of glucokinase (unknown origin)
CHEMBL3221528,,CHEMBL3226995,14554282,EC50,=,79.43,nM,7.1,potency,concentration,79.43,7.1,EC50 为标准化浓度型效力指标,,,0,CHEMBL3217445,2013,LITERATURE,Activation of glucokinase (unknown origin)
CHEMBL3221529,,CHEMBL3226995,14554287,EC50,=,50.12,nM,7.3,potency,concentration,50.12,7.3,EC50 为标准化浓度型效力指标,,,0,CHEMBL3217445,2013,LITERATURE,Activation of glucokinase (unknown origin)
CHEMBL3221530,,CHEMBL3226995,14554292,EC50,=,199.53,nM,6.7,potency,concentration,199.53,6.7,EC50 为标准化浓度型效力指标,,,0,CHEMBL3217445,2013,LITERATURE,Activation of glucokinase (unknown origin)
CHEMBL3221531,,CHEMBL3226995,14554297,EC50,=,96,nM,7.02,potency,concentration,96.0,7.02,EC50 为标准化浓度型效力指标,,,0,CHEMBL3217445,2013,LITERATURE,Activation of glucokinase (unknown origin)
CHEMBL3221532,,CHEMBL3226995,14554310,EC50,=,78,nM,7.11,potency,concentration,78.0,7.11,EC50 为标准化浓度型效力指标,,,0,CHEMBL3217445,2013,LITERATURE,Activation of glucokinase (unknown origin)
CHEMBL3235145,,CHEMBL3239304,14577780,S50,=,2.01,mM,,kinetic,,,,S50 属酶动力学参数（机制读数），不计入效力/效能,,,0,CHEMBL3232870,2014,LITERATURE,Activity of recombinant human pancreatic glucokinase assessed as glucose half-maximal saturation concentration
CHEMBL3235145,,CHEMBL3243402,14574723,EC50,=,95,nM,7.02,potency,concentration,95.0,7.02,EC50 为标准化浓度型效力指标,10,,0,CHEMBL3232870,2014,LITERATURE,Activation of recombinant human pancreatic glucokinase using 10 mM glucose by spectrophotometry
CHEMBL3235146,,CHEMBL3239304,14577781,S50,=,1.95,mM,,kinetic,,,,S50 属酶动力学参数（机制读数），不计入效力/效能,,,0,CHEMBL3232870,2014,LITERATURE,Activity of recombinant human pancreatic glucokinase assessed as glucose half-maximal saturation concentration
CHEMBL3235146,,CHEMBL3243402,14574724,EC50,=,238,nM,6.62,potency,concentration,238.0,6.62,EC50 为标准化浓度型效力指标,10,,0,CHEMBL3232870,2014,LITERATURE,Activation of recombinant human pancreatic glucokinase using 10 mM glucose by spectrophotometry
CHEMBL3235147,,CHEMBL3239304,14577782,S50,=,1.78,mM,,kinetic,,,,S50 属酶动力学参数（机制读数），不计入效力/效能,,,0,CHEMBL3232870,2014,LITERATURE,Activity of recombinant human pancreatic glucokinase assessed as glucose half-maximal saturation concentration
CHEMBL3235147,,CHEMBL3243402,14574725,EC50,=,103,nM,6.99,potency,concentration,103.0,6.99,EC50 为标准化浓度型效力指标,10,,0,CHEMBL3232870,2014,LITERATURE,Activation of recombinant human pancreatic glucokinase using 10 mM glucose by spectrophotometry
CHEMBL3235148,,CHEMBL3239304,14577783,S50,=,4.35,mM,,kinetic,,,,S50 属酶动力学参数（机制读数），不计入效力/效能,,,0,CHEMBL3232870,2014,LITERATURE,Activity of recombinant human pancreatic glucokinase assessed as glucose half-maximal saturation concentration
CHEMBL3235148,,CHEMBL3243402,14574726,EC50,=,5,nM,8.3,potency,concentration,5.0,8.3,EC50 为标准化浓度型效力指标,10,,0,CHEMBL3232870,2014,LITERATURE,Activation of recombinant human pancreatic glucokinase using 10 mM glucose by spectrophotometry
CHEMBL3235149,,CHEMBL3239304,14577784,S50,=,5.79,mM,,kinetic,,,,S50 属酶动力学参数（机制读数），不计入效力/效能,,,0,CHEMBL3232870,2014,LITERATURE,Activity of recombinant human pancreatic glucokinase assessed as glucose half-maximal saturation concentration
CHEMBL3235149,,CHEMBL3243402,14574727,EC50,>,50000,nM,,potency,concentration,50000.0,,EC50 为标准化浓度型效力指标,10,,0,CHEMBL3232870,2014,LITERATURE,Activation of recombinant human pancreatic glucokinase using 10 mM glucose by spectrophotometry
CHEMBL3235150,,CHEMBL3239304,14577785,S50,=,3.24,mM,,kinetic,,,,S50 属酶动力学参数（机制读数），不计入效力/效能,,,0,CHEMBL3232870,2014,LITERATURE,Activity of recombinant human pancreatic glucokinase assessed as glucose half-maximal saturation concentration
CHEMBL3235150,,CHEMBL3243402,14574728,EC50,=,212,nM,6.67,potency,concentration,212.0,6.67,EC50 为标准化浓度型效力指标,10,,0,CHEMBL3232870,2014,LITERATURE,Activation of recombinant human pancreatic glucokinase using 10 mM glucose by spectrophotometry
CHEMBL3235151,,CHEMBL3239304,14577786,S50,=,3.44,mM,,kinetic,,,,S50 属酶动力学参数（机制读数），不计入效力/效能,,,0,CHEMBL3232870,2014,LITERATURE,Activity of recombinant human pancreatic glucokinase assessed as glucose half-maximal saturation concentration
CHEMBL3235151,,CHEMBL3243402,14574729,EC50,=,688,nM,6.16,potency,concentration,688.0,6.16,EC50 为标准化浓度型效力指标,10,,0,CHEMBL3232870,2014,LITERATURE,Activation of recombinant human pancreatic glucokinase using 10 mM glucose by spectrophotometry
CHEMBL3235152,,CHEMBL3239304,14577787,S50,=,5.43,mM,,kinetic,,,,S50 属酶动力学参数（机制读数），不计入效力/效能,,,0,CHEMBL3232870,2014,LITERATURE,Activity of recombinant human pancreatic glucokinase assessed as glucose half-maximal saturation concentration
CHEMBL3235152,,CHEMBL3243402,14574730,EC50,=,2430,nM,5.61,potency,concentration,2430.0,5.61,EC50 为标准化浓度型效力指标,10,,0,CHEMBL3232870,2014,LITERATURE,Activation of recombinant human pancreatic glucokinase using 10 mM glucose by spectrophotometry
CHEMBL3235153,,CHEMBL3239304,14577788,S50,=,4.56,mM,,kinetic,,,,S50 属酶动力学参数（机制读数），不计入效力/效能,,,0,CHEMBL3232870,2014,LITERATURE,Activity of recombinant human pancreatic glucokinase assessed as glucose half-maximal saturation concentration
CHEMBL3235153,,CHEMBL3243402,14574731,EC50,=,7460,nM,5.13,potency,concentration,7460.0,5.13,EC50 为标准化浓度型效力指标,10,,0,CHEMBL3232870,2014,LITERATURE,Activation of recombinant human pancreatic glucokinase using 10 mM glucose by spectrophotometry
CHEMBL3235154,,CHEMBL3239304,14577789,S50,=,3.08,mM,,kinetic,,,,S50 属酶动力学参数（机制读数），不计入效力/效能,,,0,CHEMBL3232870,2014,LITERATURE,Activity of recombinant human pancreatic glucokinase assessed as glucose half-maximal saturation concentration
CHEMBL3235154,,CHEMBL3243402,14574732,EC50,>,50000,nM,,potency,concentration,50000.0,,EC50 为标准化浓度型效力指标,10,,0,CHEMBL3232870,2014,LITERATURE,Activation of recombinant human pancreatic glucokinase using 10 mM glucose by spectrophotometry
CHEMBL3235155,,CHEMBL3239304,14577790,S50,=,2.27,mM,,kinetic,,,,S50 属酶动力学参数（机制读数），不计入效力/效能,,,0,CHEMBL3232870,2014,LITERATURE,Activity of recombinant human pancreatic glucokinase assessed as glucose half-maximal saturation concentration
CHEMBL3235155,,CHEMBL3243402,14574733,EC50,=,8,nM,8.1,potency,concentration,8.0,8.1,EC50 为标准化浓度型效力指标,10,,0,CHEMBL3232870,2014,LITERATURE,Activation of recombinant human pancreatic glucokinase using 10 mM glucose by spectrophotometry
CHEMBL3235156,,CHEMBL3239304,14577791,S50,=,0.57,mM,,kinetic,,,,S50 属酶动力学参数（机制读数），不计入效力/效能,,,0,CHEMBL3232870,2014,LITERATURE,Activity of recombinant human pancreatic glucokinase assessed as glucose half-maximal saturation concentration
CHEMBL3235156,,CHEMBL3243402,14574734,EC50,=,33,nM,7.48,potency,concentration,33.0,7.48,EC50 为标准化浓度型效力指标,10,,0,CHEMBL3232870,2014,LITERATURE,Activation of recombinant human pancreatic glucokinase using 10 mM glucose by spectrophotometry
CHEMBL3235157,,CHEMBL3239304,14577792,S50,=,3.98,mM,,kinetic,,,,S50 属酶动力学参数（机制读数），不计入效力/效能,,,0,CHEMBL3232870,2014,LITERATURE,Activity of recombinant human pancreatic glucokinase assessed as glucose half-maximal saturation concentration
CHEMBL3235157,,CHEMBL3243402,14574735,EC50,=,463,nM,6.33,potency,concentration,463.0,6.33,EC50 为标准化浓度型效力指标,10,,0,CHEMBL3232870,2014,LITERATURE,Activation of recombinant human pancreatic glucokinase using 10 mM glucose by spectrophotometry
CHEMBL3235158,,CHEMBL3239304,14577793,S50,=,2.21,mM,,kinetic,,,,S50 属酶动力学参数（机制读数），不计入效力/效能,,,0,CHEMBL3232870,2014,LITERATURE,Activity of recombinant human pancreatic glucokinase assessed as glucose half-maximal saturation concentration
CHEMBL3235158,,CHEMBL3243402,14574736,EC50,=,106,nM,6.97,potency,concentration,106.0,6.97,EC50 为标准化浓度型效力指标,10,,0,CHEMBL3232870,2014,LITERATURE,Activation of recombinant human pancreatic glucokinase using 10 mM glucose by spectrophotometry
CHEMBL3235159,,CHEMBL3239304,14577794,S50,=,4.51,mM,,kinetic,,,,S50 属酶动力学参数（机制读数），不计入效力/效能,,,0,CHEMBL3232870,2014,LITERATURE,Activity of recombinant human pancreatic glucokinase assessed as glucose half-maximal saturation concentration
CHEMBL3235159,,CHEMBL3243402,14574737,EC50,>,50000,nM,,potency,concentration,50000.0,,EC50 为标准化浓度型效力指标,10,,0,CHEMBL3232870,2014,LITERATURE,Activation of recombinant human pancreatic glucokinase using 10 mM glucose by spectrophotometry
CHEMBL3235160,,CHEMBL3239304,14577795,S50,=,3.89,mM,,kinetic,,,,S50 属酶动力学参数（机制读数），不计入效力/效能,,,0,CHEMBL3232870,2014,LITERATURE,Activity of recombinant human pancreatic glucokinase assessed as glucose half-maximal saturation concentration
CHEMBL3235160,,CHEMBL3243402,14574738,EC50,=,807,nM,6.09,potency,concentration,807.0,6.09,EC50 为标准化浓度型效力指标,10,,0,CHEMBL3232870,2014,LITERATURE,Activation of recombinant human pancreatic glucokinase using 10 mM glucose by spectrophotometry
CHEMBL3235161,,CHEMBL3243402,14574739,EC50,>,50000,nM,,potency,concentration,50000.0,,EC50 为标准化浓度型效力指标,10,,0,CHEMBL3232870,2014,LITERATURE,Activation of recombinant human pancreatic glucokinase using 10 mM glucose by spectrophotometry
CHEMBL3235162,,CHEMBL3243402,14574740,EC50,>,50000,nM,,potency,concentration,50000.0,,EC50 为标准化浓度型效力指标,10,,0,CHEMBL3232870,2014,LITERATURE,Activation of recombinant human pancreatic glucokinase using 10 mM glucose by spectrophotometry
CHEMBL3235163,,CHEMBL3239304,14577796,S50,=,3.54,mM,,kinetic,,,,S50 属酶动力学参数（机制读数），不计入效力/效能,,,0,CHEMBL3232870,2014,LITERATURE,Activity of recombinant human pancreatic glucokinase assessed as glucose half-maximal saturation concentration
CHEMBL3235163,,CHEMBL3243402,14574741,EC50,=,441,nM,6.36,potency,concentration,441.0,6.36,EC50 为标准化浓度型效力指标,10,,0,CHEMBL3232870,2014,LITERATURE,Activation of recombinant human pancreatic glucokinase using 10 mM glucose by spectrophotometry
CHEMBL3235164,,CHEMBL3239304,14577797,S50,=,2.33,mM,,kinetic,,,,S50 属酶动力学参数（机制读数），不计入效力/效能,,,0,CHEMBL3232870,2014,LITERATURE,Activity of recombinant human pancreatic glucokinase assessed as glucose half-maximal saturation concentration
CHEMBL3235164,,CHEMBL3243402,14574742,EC50,=,315,nM,6.5,potency,concentration,315.0,6.5,EC50 为标准化浓度型效力指标,10,,0,CHEMBL3232870,2014,LITERATURE,Activation of recombinant human pancreatic glucokinase using 10 mM glucose by spectrophotometry
CHEMBL3338056,,CHEMBL3384773,15085952,EC50,=,13200,nM,4.88,potency,concentration,13200.0,4.88,EC50 为标准化浓度型效力指标,5,,0,CHEMBL3352420,2014,LITERATURE,Activation of purified human glucokinase isoform 3 (13 to 466 aa) using 5 mM glucose by spectrophotometry in presence of NAD+ and glucose 6-phosphate dehydrogenase
CHEMBL3338056,,CHEMBL3384774,15085926,EC50,=,41400,nM,4.38,potency,concentration,41400.0,4.38,EC50 为标准化浓度型效力指标,5,,0,CHEMBL3352420,2014,LITERATURE,Activation of purified human glucokinase isoform 3 (13 to 466 aa) using 5 mM glucose by spectrophotometry in presence of NAD+ and glucose 6-phosphate dehydrogenase in presence of 4% HSA
CHEMBL3338056,,CHEMBL3384775,15085958,Vmax,=,104,%,,kinetic,,,,Vmax 属酶动力学参数（机制读数），不计入效力/效能,,,0,CHEMBL3352420,2014,LITERATURE,Activation of purified human glucokinase isoform 3 (13 to 466 aa) assessed as Vmax by spectrophotometry in presence of varying concentration of glucose relative to control
CHEMBL3338057,,CHEMBL3384773,15085951,EC50,>,50000,nM,,potency,concentration,50000.0,,EC50 为标准化浓度型效力指标,5,,0,CHEMBL3352420,2014,LITERATURE,Activation of purified human glucokinase isoform 3 (13 to 466 aa) using 5 mM glucose by spectrophotometry in presence of NAD+ and glucose 6-phosphate dehydrogenase
CHEMBL3338057,,CHEMBL3384774,15085925,EC50,,,,,unclassified,,,,EC50 缺少浓度单位（units=None），无法作为效力,5,,0,CHEMBL3352420,2014,LITERATURE,Activation of purified human glucokinase isoform 3 (13 to 466 aa) using 5 mM glucose by spectrophotometry in presence of NAD+ and glucose 6-phosphate dehydrogenase in presence of 4% HSA
CHEMBL3338057,,CHEMBL3384775,15085959,Vmax,,,,,kinetic,,,,Vmax 属酶动力学参数（机制读数），不计入效力/效能,,,0,CHEMBL3352420,2014,LITERATURE,Activation of purified human glucokinase isoform 3 (13 to 466 aa) assessed as Vmax by spectrophotometry in presence of varying concentration of glucose relative to control
CHEMBL3338058,,CHEMBL3384773,15085950,EC50,>,50000,nM,,potency,concentration,50000.0,,EC50 为标准化浓度型效力指标,5,,0,CHEMBL3352420,2014,LITERATURE,Activation of purified human glucokinase isoform 3 (13 to 466 aa) using 5 mM glucose by spectrophotometry in presence of NAD+ and glucose 6-phosphate dehydrogenase
CHEMBL3338058,,CHEMBL3384774,15085924,EC50,,,,,unclassified,,,,EC50 缺少浓度单位（units=None），无法作为效力,5,,0,CHEMBL3352420,2014,LITERATURE,Activation of purified human glucokinase isoform 3 (13 to 466 aa) using 5 mM glucose by spectrophotometry in presence of NAD+ and glucose 6-phosphate dehydrogenase in presence of 4% HSA
CHEMBL3338058,,CHEMBL3384775,15085960,Vmax,,,,,kinetic,,,,Vmax 属酶动力学参数（机制读数），不计入效力/效能,,,0,CHEMBL3352420,2014,LITERATURE,Activation of purified human glucokinase isoform 3 (13 to 466 aa) assessed as Vmax by spectrophotometry in presence of varying concentration of glucose relative to control
CHEMBL3338059,,CHEMBL3384773,15085949,EC50,=,203,nM,6.69,potency,concentration,203.0,6.69,EC50 为标准化浓度型效力指标,5,,0,CHEMBL3352420,2014,LITERATURE,Activation of purified human glucokinase isoform 3 (13 to 466 aa) using 5 mM glucose by spectrophotometry in presence of NAD+ and glucose 6-phosphate dehydrogenase
CHEMBL3338059,,CHEMBL3384774,15085923,EC50,=,547,nM,6.26,potency,concentration,547.0,6.26,EC50 为标准化浓度型效力指标,5,,0,CHEMBL3352420,2014,LITERATURE,Activation of purified human glucokinase isoform 3 (13 to 466 aa) using 5 mM glucose by spectrophotometry in presence of NAD+ and glucose 6-phosphate dehydrogenase in presence of 4% HSA
CHEMBL3338059,,CHEMBL3384775,15085961,Vmax,=,64,%,,kinetic,,,,Vmax 属酶动力学参数（机制读数），不计入效力/效能,,,0,CHEMBL3352420,2014,LITERATURE,Activation of purified human glucokinase isoform 3 (13 to 466 aa) assessed as Vmax by spectrophotometry in presence of varying concentration of glucose relative to control
CHEMBL3338060,,CHEMBL3384773,15085948,EC50,=,88,nM,7.06,potency,concentration,88.0,7.06,EC50 为标准化浓度型效力指标,5,,0,CHEMBL3352420,2014,LITERATURE,Activation of purified human glucokinase isoform 3 (13 to 466 aa) using 5 mM glucose by spectrophotometry in presence of NAD+ and glucose 6-phosphate dehydrogenase
CHEMBL3338060,,CHEMBL3384774,15085922,EC50,=,231,nM,6.64,potency,concentration,231.0,6.64,EC50 为标准化浓度型效力指标,5,,0,CHEMBL3352420,2014,LITERATURE,Activation of purified human glucokinase isoform 3 (13 to 466 aa) using 5 mM glucose by spectrophotometry in presence of NAD+ and glucose 6-phosphate dehydrogenase in presence of 4% HSA
CHEMBL3338060,,CHEMBL3384775,15085962,Vmax,=,77,%,,kinetic,,,,Vmax 属酶动力学参数（机制读数），不计入效力/效能,,,0,CHEMBL3352420,2014,LITERATURE,Activation of purified human glucokinase isoform 3 (13 to 466 aa) assessed as Vmax by spectrophotometry in presence of varying concentration of glucose relative to control
CHEMBL3338061,,CHEMBL3384773,15085947,EC50,=,1730,nM,5.76,potency,concentration,1730.0,5.76,EC50 为标准化浓度型效力指标,5,,0,CHEMBL3352420,2014,LITERATURE,Activation of purified human glucokinase isoform 3 (13 to 466 aa) using 5 mM glucose by spectrophotometry in presence of NAD+ and glucose 6-phosphate dehydrogenase
CHEMBL3338061,,CHEMBL3384774,15085921,EC50,=,4480,nM,5.35,potency,concentration,4480.0,5.35,EC50 为标准化浓度型效力指标,5,,0,CHEMBL3352420,2014,LITERATURE,Activation of purified human glucokinase isoform 3 (13 to 466 aa) using 5 mM glucose by spectrophotometry in presence of NAD+ and glucose 6-phosphate dehydrogenase in presence of 4% HSA
CHEMBL3338061,,CHEMBL3384775,15085963,Vmax,=,77,%,,kinetic,,,,Vmax 属酶动力学参数（机制读数），不计入效力/效能,,,0,CHEMBL3352420,2014,LITERATURE,Activation of purified human glucokinase isoform 3 (13 to 466 aa) assessed as Vmax by spectrophotometry in presence of varying concentration of glucose relative to control
CHEMBL3338062,,CHEMBL3384773,15085946,EC50,>,50000,nM,,potency,concentration,50000.0,,EC50 为标准化浓度型效力指标,5,,0,CHEMBL3352420,2014,LITERATURE,Activation of purified human glucokinase isoform 3 (13 to 466 aa) using 5 mM glucose by spectrophotometry in presence of NAD+ and glucose 6-phosphate dehydrogenase
CHEMBL3338062,,CHEMBL3384774,15085920,EC50,,,,,unclassified,,,,EC50 缺少浓度单位（units=None），无法作为效力,5,,0,CHEMBL3352420,2014,LITERATURE,Activation of purified human glucokinase isoform 3 (13 to 466 aa) using 5 mM glucose by spectrophotometry in presence of NAD+ and glucose 6-phosphate dehydrogenase in presence of 4% HSA
CHEMBL3338062,,CHEMBL3384775,15085964,Vmax,,,,,kinetic,,,,Vmax 属酶动力学参数（机制读数），不计入效力/效能,,,0,CHEMBL3352420,2014,LITERATURE,Activation of purified human glucokinase isoform 3 (13 to 466 aa) assessed as Vmax by spectrophotometry in presence of varying concentration of glucose relative to control
CHEMBL3338063,,CHEMBL3384773,15085945,EC50,=,2120,nM,5.67,potency,concentration,2120.0,5.67,EC50 为标准化浓度型效力指标,5,,0,CHEMBL3352420,2014,LITERATURE,Activation of purified human glucokinase isoform 3 (13 to 466 aa) using 5 mM glucose by spectrophotometry in presence of NAD+ and glucose 6-phosphate dehydrogenase
CHEMBL3338063,,CHEMBL3384774,15085919,EC50,=,2840,nM,5.55,potency,concentration,2840.0,5.55,EC50 为标准化浓度型效力指标,5,,0,CHEMBL3352420,2014,LITERATURE,Activation of purified human glucokinase isoform 3 (13 to 466 aa) using 5 mM glucose by spectrophotometry in presence of NAD+ and glucose 6-phosphate dehydrogenase in presence of 4% HSA
CHEMBL3338063,,CHEMBL3384775,15085965,Vmax,=,66,%,,kinetic,,,,Vmax 属酶动力学参数（机制读数），不计入效力/效能,,,0,CHEMBL3352420,2014,LITERATURE,Activation of purified human glucokinase isoform 3 (13 to 466 aa) assessed as Vmax by spectrophotometry in presence of varying concentration of glucose relative to control
CHEMBL3338064,,CHEMBL3384773,15085944,EC50,=,1620,nM,5.79,potency,concentration,1620.0,5.79,EC50 为标准化浓度型效力指标,5,,0,CHEMBL3352420,2014,LITERATURE,Activation of purified human glucokinase isoform 3 (13 to 466 aa) using 5 mM glucose by spectrophotometry in presence of NAD+ and glucose 6-phosphate dehydrogenase
CHEMBL3338064,,CHEMBL3384774,15085918,EC50,=,3990,nM,5.4,potency,concentration,3990.0,5.4,EC50 为标准化浓度型效力指标,5,,0,CHEMBL3352420,2014,LITERATURE,Activation of purified human glucokinase isoform 3 (13 to 466 aa) using 5 mM glucose by spectrophotometry in presence of NAD+ and glucose 6-phosphate dehydrogenase in presence of 4% HSA
CHEMBL3338064,,CHEMBL3384775,15085966,Vmax,=,72,%,,kinetic,,,,Vmax 属酶动力学参数（机制读数），不计入效力/效能,,,0,CHEMBL3352420,2014,LITERATURE,Activation of purified human glucokinase isoform 3 (13 to 466 aa) assessed as Vmax by spectrophotometry in presence of varying concentration of glucose relative to control
CHEMBL3338065,,CHEMBL3384773,15085943,EC50,=,758,nM,6.12,potency,concentration,758.0,6.12,EC50 为标准化浓度型效力指标,5,,0,CHEMBL3352420,2014,LITERATURE,Activation of purified human glucokinase isoform 3 (13 to 466 aa) using 5 mM glucose by spectrophotometry in presence of NAD+ and glucose 6-phosphate dehydrogenase
CHEMBL3338065,,CHEMBL3384774,15085917,EC50,=,1970,nM,5.71,potency,concentration,1970.0,5.71,EC50 为标准化浓度型效力指标,5,,0,CHEMBL3352420,2014,LITERATURE,Activation of purified human glucokinase isoform 3 (13 to 466 aa) using 5 mM glucose by spectrophotometry in presence of NAD+ and glucose 6-phosphate dehydrogenase in presence of 4% HSA
CHEMBL3338065,,CHEMBL3384775,15085967,Vmax,=,75,%,,kinetic,,,,Vmax 属酶动力学参数（机制读数），不计入效力/效能,,,0,CHEMBL3352420,2014,LITERATURE,Activation of purified human glucokinase isoform 3 (13 to 466 aa) assessed as Vmax by spectrophotometry in presence of varying concentration of glucose relative to control
CHEMBL3338066,,CHEMBL3384773,15085942,EC50,=,952,nM,6.02,potency,concentration,952.0,6.02,EC50 为标准化浓度型效力指标,5,,0,CHEMBL3352420,2014,LITERATURE,Activation of purified human glucokinase isoform 3 (13 to 466 aa) using 5 mM glucose by spectrophotometry in presence of NAD+ and glucose 6-phosphate dehydrogenase
CHEMBL3338066,,CHEMBL3384774,15085916,EC50,=,1160,nM,5.94,potency,concentration,1160.0,5.94,EC50 为标准化浓度型效力指标,5,,0,CHEMBL3352420,2014,LITERATURE,Activation of purified human glucokinase isoform 3 (13 to 466 aa) using 5 mM glucose by spectrophotometry in presence of NAD+ and glucose 6-phosphate dehydrogenase in presence of 4% HSA
CHEMBL3338066,,CHEMBL3384775,15085968,Vmax,=,73,%,,kinetic,,,,Vmax 属酶动力学参数（机制读数），不计入效力/效能,,,0,CHEMBL3352420,2014,LITERATURE,Activation of purified human glucokinase isoform 3 (13 to 466 aa) assessed as Vmax by spectrophotometry in presence of varying concentration of glucose relative to control
CHEMBL3338067,,CHEMBL3384773,15085941,EC50,=,393,nM,6.41,potency,concentration,393.0,6.41,EC50 为标准化浓度型效力指标,5,,0,CHEMBL3352420,2014,LITERATURE,Activation of purified human glucokinase isoform 3 (13 to 466 aa) using 5 mM glucose by spectrophotometry in presence of NAD+ and glucose 6-phosphate dehydrogenase
CHEMBL3338067,,CHEMBL3384774,15085915,EC50,=,5850,nM,5.23,potency,concentration,5850.0,5.23,EC50 为标准化浓度型效力指标,5,,0,CHEMBL3352420,2014,LITERATURE,Activation of purified human glucokinase isoform 3 (13 to 466 aa) using 5 mM glucose by spectrophotometry in presence of NAD+ and glucose 6-phosphate dehydrogenase in presence of 4% HSA
CHEMBL3338067,,CHEMBL3384775,15085969,Vmax,=,84,%,,kinetic,,,,Vmax 属酶动力学参数（机制读数），不计入效力/效能,,,0,CHEMBL3352420,2014,LITERATURE,Activation of purified human glucokinase isoform 3 (13 to 466 aa) assessed as Vmax by spectrophotometry in presence of varying concentration of glucose relative to control
CHEMBL3338068,,CHEMBL3384773,15085940,EC50,=,276,nM,6.56,potency,concentration,276.0,6.56,EC50 为标准化浓度型效力指标,5,,0,CHEMBL3352420,2014,LITERATURE,Activation of purified human glucokinase isoform 3 (13 to 466 aa) using 5 mM glucose by spectrophotometry in presence of NAD+ and glucose 6-phosphate dehydrogenase
CHEMBL3338068,,CHEMBL3384774,15085914,EC50,=,2830,nM,5.55,potency,concentration,2830.0,5.55,EC50 为标准化浓度型效力指标,5,,0,CHEMBL3352420,2014,LITERATURE,Activation of purified human glucokinase isoform 3 (13 to 466 aa) using 5 mM glucose by spectrophotometry in presence of NAD+ and glucose 6-phosphate dehydrogenase in presence of 4% HSA
CHEMBL3338068,,CHEMBL3384775,15085970,Vmax,=,68,%,,kinetic,,,,Vmax 属酶动力学参数（机制读数），不计入效力/效能,,,0,CHEMBL3352420,2014,LITERATURE,Activation of purified human glucokinase isoform 3 (13 to 466 aa) assessed as Vmax by spectrophotometry in presence of varying concentration of glucose relative to control
CHEMBL3338069,,CHEMBL3384773,15085939,EC50,=,172,nM,6.76,potency,concentration,172.0,6.76,EC50 为标准化浓度型效力指标,5,,0,CHEMBL3352420,2014,LITERATURE,Activation of purified human glucokinase isoform 3 (13 to 466 aa) using 5 mM glucose by spectrophotometry in presence of NAD+ and glucose 6-phosphate dehydrogenase
CHEMBL3338069,,CHEMBL3384774,15085913,EC50,=,1530,nM,5.82,potency,concentration,1530.0,5.82,EC50 为标准化浓度型效力指标,5,,0,CHEMBL3352420,2014,LITERATURE,Activation of purified human glucokinase isoform 3 (13 to 466 aa) using 5 mM glucose by spectrophotometry in presence of NAD+ and glucose 6-phosphate dehydrogenase in presence of 4% HSA
CHEMBL3338069,,CHEMBL3384775,15085971,Vmax,=,66,%,,kinetic,,,,Vmax 属酶动力学参数（机制读数），不计入效力/效能,,,0,CHEMBL3352420,2014,LITERATURE,Activation of purified human glucokinase isoform 3 (13 to 466 aa) assessed as Vmax by spectrophotometry in presence of varying concentration of glucose relative to control
CHEMBL3338070,,CHEMBL3384773,15085938,EC50,=,262,nM,6.58,potency,concentration,262.0,6.58,EC50 为标准化浓度型效力指标,5,,0,CHEMBL3352420,2014,LITERATURE,Activation of purified human glucokinase isoform 3 (13 to 466 aa) using 5 mM glucose by spectrophotometry in presence of NAD+ and glucose 6-phosphate dehydrogenase
CHEMBL3338070,,CHEMBL3384774,15085912,EC50,=,1853,nM,5.73,potency,concentration,1853.0,5.73,EC50 为标准化浓度型效力指标,5,,0,CHEMBL3352420,2014,LITERATURE,Activation of purified human glucokinase isoform 3 (13 to 466 aa) using 5 mM glucose by spectrophotometry in presence of NAD+ and glucose 6-phosphate dehydrogenase in presence of 4% HSA
CHEMBL3338070,,CHEMBL3384775,15085972,Vmax,=,74,%,,kinetic,,,,Vmax 属酶动力学参数（机制读数），不计入效力/效能,,,0,CHEMBL3352420,2014,LITERATURE,Activation of purified human glucokinase isoform 3 (13 to 466 aa) assessed as Vmax by spectrophotometry in presence of varying concentration of glucose relative to control
CHEMBL3338071,,CHEMBL3384773,15085937,EC50,=,319,nM,6.5,potency,concentration,319.0,6.5,EC50 为标准化浓度型效力指标,5,,0,CHEMBL3352420,2014,LITERATURE,Activation of purified human glucokinase isoform 3 (13 to 466 aa) using 5 mM glucose by spectrophotometry in presence of NAD+ and glucose 6-phosphate dehydrogenase
CHEMBL3338071,,CHEMBL3384774,15085911,EC50,=,472,nM,6.33,potency,concentration,472.0,6.33,EC50 为标准化浓度型效力指标,5,,0,CHEMBL3352420,2014,LITERATURE,Activation of purified human glucokinase isoform 3 (13 to 466 aa) using 5 mM glucose by spectrophotometry in presence of NAD+ and glucose 6-phosphate dehydrogenase in presence of 4% HSA
CHEMBL3338071,,CHEMBL3384775,15085973,Vmax,=,90,%,,kinetic,,,,Vmax 属酶动力学参数（机制读数），不计入效力/效能,,,0,CHEMBL3352420,2014,LITERATURE,Activation of purified human glucokinase isoform 3 (13 to 466 aa) assessed as Vmax by spectrophotometry in presence of varying concentration of glucose relative to control
CHEMBL3338072,,CHEMBL3384773,15085936,EC50,=,2241,nM,5.65,potency,concentration,2241.0,5.65,EC50 为标准化浓度型效力指标,5,,0,CHEMBL3352420,2014,LITERATURE,Activation of purified human glucokinase isoform 3 (13 to 466 aa) using 5 mM glucose by spectrophotometry in presence of NAD+ and glucose 6-phosphate dehydrogenase
CHEMBL3338072,,CHEMBL3384774,15085910,EC50,=,345,nM,6.46,potency,concentration,345.0,6.46,EC50 为标准化浓度型效力指标,5,,0,CHEMBL3352420,2014,LITERATURE,Activation of purified human glucokinase isoform 3 (13 to 466 aa) using 5 mM glucose by spectrophotometry in presence of NAD+ and glucose 6-phosphate dehydrogenase in presence of 4% HSA
CHEMBL3338072,,CHEMBL3384775,15085974,Vmax,=,53,%,,kinetic,,,,Vmax 属酶动力学参数（机制读数），不计入效力/效能,,,0,CHEMBL3352420,2014,LITERATURE,Activation of purified human glucokinase isoform 3 (13 to 466 aa) assessed as Vmax by spectrophotometry in presence of varying concentration of glucose relative to control
CHEMBL3338073,,CHEMBL3384773,15085935,EC50,=,3093,nM,5.51,potency,concentration,3093.0,5.51,EC50 为标准化浓度型效力指标,5,,0,CHEMBL3352420,2014,LITERATURE,Activation of purified human glucokinase isoform 3 (13 to 466 aa) using 5 mM glucose by spectrophotometry in presence of NAD+ and glucose 6-phosphate dehydrogenase
CHEMBL3338073,,CHEMBL3384774,15085909,EC50,=,9295,nM,5.03,potency,concentration,9295.0,5.03,EC50 为标准化浓度型效力指标,5,,0,CHEMBL3352420,2014,LITERATURE,Activation of purified human glucokinase isoform 3 (13 to 466 aa) using 5 mM glucose by spectrophotometry in presence of NAD+ and glucose 6-phosphate dehydrogenase in presence of 4% HSA
CHEMBL3338073,,CHEMBL3384775,15085975,Vmax,=,146,%,,kinetic,,,,Vmax 属酶动力学参数（机制读数），不计入效力/效能,,,0,CHEMBL3352420,2014,LITERATURE,Activation of purified human glucokinase isoform 3 (13 to 466 aa) assessed as Vmax by spectrophotometry in presence of varying concentration of glucose relative to control
CHEMBL3338074,,CHEMBL3384773,15085934,EC50,=,172,nM,6.76,potency,concentration,172.0,6.76,EC50 为标准化浓度型效力指标,5,,0,CHEMBL3352420,2014,LITERATURE,Activation of purified human glucokinase isoform 3 (13 to 466 aa) using 5 mM glucose by spectrophotometry in presence of NAD+ and glucose 6-phosphate dehydrogenase
CHEMBL3338074,,CHEMBL3384774,15085908,EC50,=,1175,nM,5.93,potency,concentration,1175.0,5.93,EC50 为标准化浓度型效力指标,5,,0,CHEMBL3352420,2014,LITERATURE,Activation of purified human glucokinase isoform 3 (13 to 466 aa) using 5 mM glucose by spectrophotometry in presence of NAD+ and glucose 6-phosphate dehydrogenase in presence of 4% HSA
CHEMBL3338074,,CHEMBL3384775,15085976,Vmax,=,76,%,,kinetic,,,,Vmax 属酶动力学参数（机制读数），不计入效力/效能,,,0,CHEMBL3352420,2014,LITERATURE,Activation of purified human glucokinase isoform 3 (13 to 466 aa) assessed as Vmax by spectrophotometry in presence of varying concentration of glucose relative to control
CHEMBL3338075,,CHEMBL3384773,15085933,EC50,=,550,nM,6.26,potency,concentration,550.0,6.26,EC50 为标准化浓度型效力指标,5,,0,CHEMBL3352420,2014,LITERATURE,Activation of purified human glucokinase isoform 3 (13 to 466 aa) using 5 mM glucose by spectrophotometry in presence of NAD+ and glucose 6-phosphate dehydrogenase
CHEMBL3338075,,CHEMBL3384774,15085907,EC50,=,714,nM,6.15,potency,concentration,714.0,6.15,EC50 为标准化浓度型效力指标,5,,0,CHEMBL3352420,2014,LITERATURE,Activation of purified human glucokinase isoform 3 (13 to 466 aa) using 5 mM glucose by spectrophotometry in presence of NAD+ and glucose 6-phosphate dehydrogenase in presence of 4% HSA
CHEMBL3338075,,CHEMBL3384775,15085977,Vmax,=,80,%,,kinetic,,,,Vmax 属酶动力学参数（机制读数），不计入效力/效能,,,0,CHEMBL3352420,2014,LITERATURE,Activation of purified human glucokinase isoform 3 (13 to 466 aa) assessed as Vmax by spectrophotometry in presence of varying concentration of glucose relative to control
CHEMBL3338076,,CHEMBL3384773,15085932,EC50,=,182,nM,6.74,potency,concentration,182.0,6.74,EC50 为标准化浓度型效力指标,5,,0,CHEMBL3352420,2014,LITERATURE,Activation of purified human glucokinase isoform 3 (13 to 466 aa) using 5 mM glucose by spectrophotometry in presence of NAD+ and glucose 6-phosphate dehydrogenase
CHEMBL3338076,,CHEMBL3384774,15085906,EC50,=,311,nM,6.51,potency,concentration,311.0,6.51,EC50 为标准化浓度型效力指标,5,,0,CHEMBL3352420,2014,LITERATURE,Activation of purified human glucokinase isoform 3 (13 to 466 aa) using 5 mM glucose by spectrophotometry in presence of NAD+ and glucose 6-phosphate dehydrogenase in presence of 4% HSA
CHEMBL3338076,,CHEMBL3384775,15085978,Vmax,=,87,%,,kinetic,,,,Vmax 属酶动力学参数（机制读数），不计入效力/效能,,,0,CHEMBL3352420,2014,LITERATURE,Activation of purified human glucokinase isoform 3 (13 to 466 aa) assessed as Vmax by spectrophotometry in presence of varying concentration of glucose relative to control
CHEMBL3338077,,CHEMBL3384773,15085931,EC50,=,317,nM,6.5,potency,concentration,317.0,6.5,EC50 为标准化浓度型效力指标,5,,0,CHEMBL3352420,2014,LITERATURE,Activation of purified human glucokinase isoform 3 (13 to 466 aa) using 5 mM glucose by spectrophotometry in presence of NAD+ and glucose 6-phosphate dehydrogenase
CHEMBL3338077,,CHEMBL3384774,15085953,EC50,=,436,nM,6.36,potency,concentration,436.0,6.36,EC50 为标准化浓度型效力指标,5,,0,CHEMBL3352420,2014,LITERATURE,Activation of purified human glucokinase isoform 3 (13 to 466 aa) using 5 mM glucose by spectrophotometry in presence of NAD+ and glucose 6-phosphate dehydrogenase in presence of 4% HSA
CHEMBL3338077,,CHEMBL3384775,15085979,Vmax,=,88,%,,kinetic,,,,Vmax 属酶动力学参数（机制读数），不计入效力/效能,,,0,CHEMBL3352420,2014,LITERATURE,Activation of purified human glucokinase isoform 3 (13 to 466 aa) assessed as Vmax by spectrophotometry in presence of varying concentration of glucose relative to control
CHEMBL3338155,,CHEMBL3384773,15085930,EC50,=,336,nM,6.47,potency,concentration,336.0,6.47,EC50 为标准化浓度型效力指标,5,,0,CHEMBL3352420,2014,LITERATURE,Activation of purified human glucokinase isoform 3 (13 to 466 aa) using 5 mM glucose by spectrophotometry in presence of NAD+ and glucose 6-phosphate dehydrogenase
CHEMBL3338155,,CHEMBL3384774,15085954,EC50,=,233,nM,6.63,potency,concentration,233.0,6.63,EC50 为标准化浓度型效力指标,5,,0,CHEMBL3352420,2014,LITERATURE,Activation of purified human glucokinase isoform 3 (13 to 466 aa) using 5 mM glucose by spectrophotometry in presence of NAD+ and glucose 6-phosphate dehydrogenase in presence of 4% HSA
CHEMBL3338155,,CHEMBL3384775,15085980,Vmax,=,73,%,,kinetic,,,,Vmax 属酶动力学参数（机制读数），不计入效力/效能,,,0,CHEMBL3352420,2014,LITERATURE,Activation of purified human glucokinase isoform 3 (13 to 466 aa) assessed as Vmax by spectrophotometry in presence of varying concentration of glucose relative to control
CHEMBL3338156,,CHEMBL3384773,15085929,EC50,=,132,nM,6.88,potency,concentration,132.0,6.88,EC50 为标准化浓度型效力指标,5,,0,CHEMBL3352420,2014,LITERATURE,Activation of purified human glucokinase isoform 3 (13 to 466 aa) using 5 mM glucose by spectrophotometry in presence of NAD+ and glucose 6-phosphate dehydrogenase
CHEMBL3338156,,CHEMBL3384774,15085955,EC50,=,550,nM,6.26,potency,concentration,550.0,6.26,EC50 为标准化浓度型效力指标,5,,0,CHEMBL3352420,2014,LITERATURE,Activation of purified human glucokinase isoform 3 (13 to 466 aa) using 5 mM glucose by spectrophotometry in presence of NAD+ and glucose 6-phosphate dehydrogenase in presence of 4% HSA
CHEMBL3338156,,CHEMBL3384775,15085981,Vmax,=,75,%,,kinetic,,,,Vmax 属酶动力学参数（机制读数），不计入效力/效能,,,0,CHEMBL3352420,2014,LITERATURE,Activation of purified human glucokinase isoform 3 (13 to 466 aa) assessed as Vmax by spectrophotometry in presence of varying concentration of glucose relative to control
CHEMBL3338157,,CHEMBL3384773,15085928,EC50,=,111,nM,6.96,potency,concentration,111.0,6.96,EC50 为标准化浓度型效力指标,5,,0,CHEMBL3352420,2014,LITERATURE,Activation of purified human glucokinase isoform 3 (13 to 466 aa) using 5 mM glucose by spectrophotometry in presence of NAD+ and glucose 6-phosphate dehydrogenase
CHEMBL3338157,,CHEMBL3384774,15085956,EC50,=,196,nM,6.71,potency,concentration,196.0,6.71,EC50 为标准化浓度型效力指标,5,,0,CHEMBL3352420,2014,LITERATURE,Activation of purified human glucokinase isoform 3 (13 to 466 aa) using 5 mM glucose by spectrophotometry in presence of NAD+ and glucose 6-phosphate dehydrogenase in presence of 4% HSA
CHEMBL3338157,,CHEMBL3384775,15085982,Vmax,=,59,%,,kinetic,,,,Vmax 属酶动力学参数（机制读数），不计入效力/效能,,,0,CHEMBL3352420,2014,LITERATURE,Activation of purified human glucokinase isoform 3 (13 to 466 aa) assessed as Vmax by spectrophotometry in presence of varying concentration of glucose relative to control
CHEMBL3338158,,CHEMBL3384773,15085927,EC50,=,195,nM,6.71,potency,concentration,195.0,6.71,EC50 为标准化浓度型效力指标,5,,0,CHEMBL3352420,2014,LITERATURE,Activation of purified human glucokinase isoform 3 (13 to 466 aa) using 5 mM glucose by spectrophotometry in presence of NAD+ and glucose 6-phosphate dehydrogenase
CHEMBL3338158,,CHEMBL3384774,15085957,EC50,=,248,nM,6.61,potency,concentration,248.0,6.61,EC50 为标准化浓度型效力指标,5,,0,CHEMBL3352420,2014,LITERATURE,Activation of purified human glucokinase isoform 3 (13 to 466 aa) using 5 mM glucose by spectrophotometry in presence of NAD+ and glucose 6-phosphate dehydrogenase in presence of 4% HSA
CHEMBL3338158,,CHEMBL3384775,15085983,Vmax,=,54,%,,kinetic,,,,Vmax 属酶动力学参数（机制读数），不计入效力/效能,,,0,CHEMBL3352420,2014,LITERATURE,Activation of purified human glucokinase isoform 3 (13 to 466 aa) assessed as Vmax by spectrophotometry in presence of varying concentration of glucose relative to control
CHEMBL3352877,,CHEMBL3377918,14985671,EC50,=,820,nM,6.09,potency,concentration,820.0,6.09,EC50 为标准化浓度型效力指标,5,,0,CHEMBL3351938,2014,LITERATURE,Activation of human recombinant Glucokinase measured over 5 mins by G6-PD coupled assay in presence of 5 mM glucose
CHEMBL3352877,,CHEMBL3377920,14985719,Ratio,=,0.71,,,unclassified,,,,Ratio 为自由文本指标（无官方标准化规则），assay 描述未命中提升门槛，不跨实验汇总,,,0,CHEMBL3351938,2014,LITERATURE,Activity of activated human recombinant Glucokinase assessed as maximum glucose phosphorylation measured over 5 mins by spectrophotometry relative to unactivated enzyme
CHEMBL3358425,,CHEMBL3377918,14985654,EC50,=,120,nM,6.92,potency,concentration,120.0,6.92,EC50 为标准化浓度型效力指标,5,,0,CHEMBL3351938,2014,LITERATURE,Activation of human recombinant Glucokinase measured over 5 mins by G6-PD coupled assay in presence of 5 mM glucose
CHEMBL3358425,,CHEMBL3377920,14985703,Ratio,=,0.82,,,unclassified,,,,Ratio 为自由文本指标（无官方标准化规则），assay 描述未命中提升门槛，不跨实验汇总,,,0,CHEMBL3351938,2014,LITERATURE,Activity of activated human recombinant Glucokinase assessed as maximum glucose phosphorylation measured over 5 mins by spectrophotometry relative to unactivated enzyme
CHEMBL3358426,,CHEMBL3377918,14985655,EC50,=,590,nM,6.23,potency,concentration,590.0,6.23,EC50 为标准化浓度型效力指标,5,,0,CHEMBL3351938,2014,LITERATURE,Activation of human recombinant Glucokinase measured over 5 mins by G6-PD coupled assay in presence of 5 mM glucose
CHEMBL3358426,,CHEMBL3377920,14985704,Ratio,=,0.7,,,unclassified,,,,Ratio 为自由文本指标（无官方标准化规则），assay 描述未命中提升门槛，不跨实验汇总,,,0,CHEMBL3351938,2014,LITERATURE,Activity of activated human recombinant Glucokinase assessed as maximum glucose phosphorylation measured over 5 mins by spectrophotometry relative to unactivated enzyme
CHEMBL3358427,,CHEMBL3377918,14985656,EC50,=,440,nM,6.36,potency,concentration,440.0,6.36,EC50 为标准化浓度型效力指标,5,,0,CHEMBL3351938,2014,LITERATURE,Activation of human recombinant Glucokinase measured over 5 mins by G6-PD coupled assay in presence of 5 mM glucose
CHEMBL3358427,,CHEMBL3377920,14985705,Ratio,=,0.78,,,unclassified,,,,Ratio 为自由文本指标（无官方标准化规则），assay 描述未命中提升门槛，不跨实验汇总,,,0,CHEMBL3351938,2014,LITERATURE,Activity of activated human recombinant Glucokinase assessed as maximum glucose phosphorylation measured over 5 mins by spectrophotometry relative to unactivated enzyme
CHEMBL3358428,,CHEMBL3377918,14985657,EC50,=,110,nM,6.96,potency,concentration,110.0,6.96,EC50 为标准化浓度型效力指标,5,,0,CHEMBL3351938,2014,LITERATURE,Activation of human recombinant Glucokinase measured over 5 mins by G6-PD coupled assay in presence of 5 mM glucose
CHEMBL3358428,,CHEMBL3377920,14985706,Ratio,=,0.74,,,unclassified,,,,Ratio 为自由文本指标（无官方标准化规则），assay 描述未命中提升门槛，不跨实验汇总,,,0,CHEMBL3351938,2014,LITERATURE,Activity of activated human recombinant Glucokinase assessed as maximum glucose phosphorylation measured over 5 mins by spectrophotometry relative to unactivated enzyme
CHEMBL3358429,,CHEMBL3377918,14985658,EC50,=,1590,nM,5.8,potency,concentration,1590.0,5.8,EC50 为标准化浓度型效力指标,5,,0,CHEMBL3351938,2014,LITERATURE,Activation of human recombinant Glucokinase measured over 5 mins by G6-PD coupled assay in presence of 5 mM glucose
CHEMBL3358430,,CHEMBL3377918,14985659,EC50,=,350,nM,6.46,potency,concentration,350.0,6.46,EC50 为标准化浓度型效力指标,5,,0,CHEMBL3351938,2014,LITERATURE,Activation of human recombinant Glucokinase measured over 5 mins by G6-PD coupled assay in presence of 5 mM glucose
CHEMBL3358430,,CHEMBL3377920,14985707,Ratio,=,0.86,,,unclassified,,,,Ratio 为自由文本指标（无官方标准化规则），assay 描述未命中提升门槛，不跨实验汇总,,,0,CHEMBL3351938,2014,LITERATURE,Activity of activated human recombinant Glucokinase assessed as maximum glucose phosphorylation measured over 5 mins by spectrophotometry relative to unactivated enzyme
CHEMBL3358431,,CHEMBL3377918,14985660,EC50,=,110,nM,6.96,potency,concentration,110.0,6.96,EC50 为标准化浓度型效力指标,5,,0,CHEMBL3351938,2014,LITERATURE,Activation of human recombinant Glucokinase measured over 5 mins by G6-PD coupled assay in presence of 5 mM glucose
CHEMBL3358431,,CHEMBL3377920,14985708,Ratio,=,0.73,,,unclassified,,,,Ratio 为自由文本指标（无官方标准化规则），assay 描述未命中提升门槛，不跨实验汇总,,,0,CHEMBL3351938,2014,LITERATURE,Activity of activated human recombinant Glucokinase assessed as maximum glucose phosphorylation measured over 5 mins by spectrophotometry relative to unactivated enzyme
CHEMBL3358432,,CHEMBL3377918,14985661,EC50,=,14,nM,7.85,potency,concentration,14.0,7.85,EC50 为标准化浓度型效力指标,5,,0,CHEMBL3351938,2014,LITERATURE,Activation of human recombinant Glucokinase measured over 5 mins by G6-PD coupled assay in presence of 5 mM glucose
CHEMBL3358432,,CHEMBL3377920,14985709,Ratio,=,0.73,,,unclassified,,,,Ratio 为自由文本指标（无官方标准化规则），assay 描述未命中提升门槛，不跨实验汇总,,,0,CHEMBL3351938,2014,LITERATURE,Activity of activated human recombinant Glucokinase assessed as maximum glucose phosphorylation measured over 5 mins by spectrophotometry relative to unactivated enzyme
CHEMBL3358433,,CHEMBL3377918,14985662,EC50,=,290,nM,6.54,potency,concentration,290.0,6.54,EC50 为标准化浓度型效力指标,5,,0,CHEMBL3351938,2014,LITERATURE,Activation of human recombinant Glucokinase measured over 5 mins by G6-PD coupled assay in presence of 5 mM glucose
CHEMBL3358433,,CHEMBL3377920,14985710,Ratio,=,0.75,,,unclassified,,,,Ratio 为自由文本指标（无官方标准化规则），assay 描述未命中提升门槛，不跨实验汇总,,,0,CHEMBL3351938,2014,LITERATURE,Activity of activated human recombinant Glucokinase assessed as maximum glucose phosphorylation measured over 5 mins by spectrophotometry relative to unactivated enzyme
CHEMBL3358434,,CHEMBL3377918,14985663,EC50,=,460,nM,6.34,potency,concentration,460.0,6.34,EC50 为标准化浓度型效力指标,5,,0,CHEMBL3351938,2014,LITERATURE,Activation of human recombinant Glucokinase measured over 5 mins by G6-PD coupled assay in presence of 5 mM glucose
CHEMBL3358434,,CHEMBL3377920,14985711,Ratio,=,0.83,,,unclassified,,,,Ratio 为自由文本指标（无官方标准化规则），assay 描述未命中提升门槛，不跨实验汇总,,,0,CHEMBL3351938,2014,LITERATURE,Activity of activated human recombinant Glucokinase assessed as maximum glucose phosphorylation measured over 5 mins by spectrophotometry relative to unactivated enzyme
CHEMBL3358435,,CHEMBL3377918,14985664,EC50,=,370,nM,6.43,potency,concentration,370.0,6.43,EC50 为标准化浓度型效力指标,5,,0,CHEMBL3351938,2014,LITERATURE,Activation of human recombinant Glucokinase measured over 5 mins by G6-PD coupled assay in presence of 5 mM glucose
CHEMBL3358435,,CHEMBL3377920,14985712,Ratio,=,0.75,,,unclassified,,,,Ratio 为自由文本指标（无官方标准化规则），assay 描述未命中提升门槛，不跨实验汇总,,,0,CHEMBL3351938,2014,LITERATURE,Activity of activated human recombinant Glucokinase assessed as maximum glucose phosphorylation measured over 5 mins by spectrophotometry relative to unactivated enzyme
CHEMBL3358436,,CHEMBL3377918,14985665,EC50,=,350,nM,6.46,potency,concentration,350.0,6.46,EC50 为标准化浓度型效力指标,5,,0,CHEMBL3351938,2014,LITERATURE,Activation of human recombinant Glucokinase measured over 5 mins by G6-PD coupled assay in presence of 5 mM glucose
CHEMBL3358436,,CHEMBL3377920,14985713,Ratio,=,0.8,,,unclassified,,,,Ratio 为自由文本指标（无官方标准化规则），assay 描述未命中提升门槛，不跨实验汇总,,,0,CHEMBL3351938,2014,LITERATURE,Activity of activated human recombinant Glucokinase assessed as maximum glucose phosphorylation measured over 5 mins by spectrophotometry relative to unactivated enzyme
CHEMBL3358437,,CHEMBL3377918,14985666,EC50,=,16800,nM,4.78,potency,concentration,16800.0,4.78,EC50 为标准化浓度型效力指标,5,,0,CHEMBL3351938,2014,LITERATURE,Activation of human recombinant Glucokinase measured over 5 mins by G6-PD coupled assay in presence of 5 mM glucose
CHEMBL3358437,,CHEMBL3377920,14985714,Ratio,=,0.82,,,unclassified,,,,Ratio 为自由文本指标（无官方标准化规则），assay 描述未命中提升门槛，不跨实验汇总,,,0,CHEMBL3351938,2014,LITERATURE,Activity of activated human recombinant Glucokinase assessed as maximum glucose phosphorylation measured over 5 mins by spectrophotometry relative to unactivated enzyme
CHEMBL3358438,,CHEMBL3377918,14985667,EC50,=,7980,nM,5.1,potency,concentration,7980.0,5.1,EC50 为标准化浓度型效力指标,5,,0,CHEMBL3351938,2014,LITERATURE,Activation of human recombinant Glucokinase measured over 5 mins by G6-PD coupled assay in presence of 5 mM glucose
CHEMBL3358438,,CHEMBL3377920,14985715,Ratio,=,0.78,,,unclassified,,,,Ratio 为自由文本指标（无官方标准化规则），assay 描述未命中提升门槛，不跨实验汇总,,,0,CHEMBL3351938,2014,LITERATURE,Activity of activated human recombinant Glucokinase assessed as maximum glucose phosphorylation measured over 5 mins by spectrophotometry relative to unactivated enzyme
CHEMBL3358439,,CHEMBL3377918,14985668,EC50,=,490,nM,6.31,potency,concentration,490.0,6.31,EC50 为标准化浓度型效力指标,5,,0,CHEMBL3351938,2014,LITERATURE,Activation of human recombinant Glucokinase measured over 5 mins by G6-PD coupled assay in presence of 5 mM glucose
CHEMBL3358439,,CHEMBL3377920,14985716,Ratio,=,0.76,,,unclassified,,,,Ratio 为自由文本指标（无官方标准化规则），assay 描述未命中提升门槛，不跨实验汇总,,,0,CHEMBL3351938,2014,LITERATURE,Activity of activated human recombinant Glucokinase assessed as maximum glucose phosphorylation measured over 5 mins by spectrophotometry relative to unactivated enzyme
CHEMBL3358440,,CHEMBL3377918,14985669,EC50,=,350,nM,6.46,potency,concentration,350.0,6.46,EC50 为标准化浓度型效力指标,5,,0,CHEMBL3351938,2014,LITERATURE,Activation of human recombinant Glucokinase measured over 5 mins by G6-PD coupled assay in presence of 5 mM glucose
CHEMBL3358440,,CHEMBL3377920,14985717,Ratio,=,0.78,,,unclassified,,,,Ratio 为自由文本指标（无官方标准化规则），assay 描述未命中提升门槛，不跨实验汇总,,,0,CHEMBL3351938,2014,LITERATURE,Activity of activated human recombinant Glucokinase assessed as maximum glucose phosphorylation measured over 5 mins by spectrophotometry relative to unactivated enzyme
CHEMBL3358441,,CHEMBL3377918,14985670,EC50,=,2760,nM,5.56,potency,concentration,2760.0,5.56,EC50 为标准化浓度型效力指标,5,,0,CHEMBL3351938,2014,LITERATURE,Activation of human recombinant Glucokinase measured over 5 mins by G6-PD coupled assay in presence of 5 mM glucose
CHEMBL3358441,,CHEMBL3377920,14985718,Ratio,=,0.6,,,unclassified,,,,Ratio 为自由文本指标（无官方标准化规则），assay 描述未命中提升门槛，不跨实验汇总,,,0,CHEMBL3351938,2014,LITERATURE,Activity of activated human recombinant Glucokinase assessed as maximum glucose phosphorylation measured over 5 mins by spectrophotometry relative to unactivated enzyme
CHEMBL3358442,,CHEMBL3377918,14985672,EC50,=,68,nM,7.17,potency,concentration,68.0,7.17,EC50 为标准化浓度型效力指标,5,,0,CHEMBL3351938,2014,LITERATURE,Activation of human recombinant Glucokinase measured over 5 mins by G6-PD coupled assay in presence of 5 mM glucose
CHEMBL3358442,,CHEMBL3377920,14985720,Ratio,=,0.79,,,unclassified,,,,Ratio 为自由文本指标（无官方标准化规则），assay 描述未命中提升门槛，不跨实验汇总,,,0,CHEMBL3351938,2014,LITERATURE,Activity of activated human recombinant Glucokinase assessed as maximum glucose phosphorylation measured over 5 mins by spectrophotometry relative to unactivated enzyme
CHEMBL3358443,,CHEMBL3377918,14985673,EC50,=,120,nM,6.92,potency,concentration,120.0,6.92,EC50 为标准化浓度型效力指标,5,,0,CHEMBL3351938,2014,LITERATURE,Activation of human recombinant Glucokinase measured over 5 mins by G6-PD coupled assay in presence of 5 mM glucose
CHEMBL3358443,,CHEMBL3377920,14985721,Ratio,=,0.66,,,unclassified,,,,Ratio 为自由文本指标（无官方标准化规则），assay 描述未命中提升门槛，不跨实验汇总,,,0,CHEMBL3351938,2014,LITERATURE,Activity of activated human recombinant Glucokinase assessed as maximum glucose phosphorylation measured over 5 mins by spectrophotometry relative to unactivated enzyme
CHEMBL3358444,,CHEMBL3377918,14985674,EC50,=,110,nM,6.96,potency,concentration,110.0,6.96,EC50 为标准化浓度型效力指标,5,,0,CHEMBL3351938,2014,LITERATURE,Activation of human recombinant Glucokinase measured over 5 mins by G6-PD coupled assay in presence of 5 mM glucose
CHEMBL3358444,,CHEMBL3377920,14985722,Ratio,=,0.71,,,unclassified,,,,Ratio 为自由文本指标（无官方标准化规则），assay 描述未命中提升门槛，不跨实验汇总,,,0,CHEMBL3351938,2014,LITERATURE,Activity of activated human recombinant Glucokinase assessed as maximum glucose phosphorylation measured over 5 mins by spectrophotometry relative to unactivated enzyme
CHEMBL3358445,,CHEMBL3377918,14985675,EC50,=,97,nM,7.01,potency,concentration,97.0,7.01,EC50 为标准化浓度型效力指标,5,,0,CHEMBL3351938,2014,LITERATURE,Activation of human recombinant Glucokinase measured over 5 mins by G6-PD coupled assay in presence of 5 mM glucose
CHEMBL3358445,,CHEMBL3377920,14985723,Ratio,=,0.82,,,unclassified,,,,Ratio 为自由文本指标（无官方标准化规则），assay 描述未命中提升门槛，不跨实验汇总,,,0,CHEMBL3351938,2014,LITERATURE,Activity of activated human recombinant Glucokinase assessed as maximum glucose phosphorylation measured over 5 mins by spectrophotometry relative to unactivated enzyme
CHEMBL3358886,,CHEMBL3377918,14985676,EC50,=,530,nM,6.28,potency,concentration,530.0,6.28,EC50 为标准化浓度型效力指标,5,,0,CHEMBL3351938,2014,LITERATURE,Activation of human recombinant Glucokinase measured over 5 mins by G6-PD coupled assay in presence of 5 mM glucose
CHEMBL3358886,,CHEMBL3377920,14985724,Ratio,=,0.88,,,unclassified,,,,Ratio 为自由文本指标（无官方标准化规则），assay 描述未命中提升门槛，不跨实验汇总,,,0,CHEMBL3351938,2014,LITERATURE,Activity of activated human recombinant Glucokinase assessed as maximum glucose phosphorylation measured over 5 mins by spectrophotometry relative to unactivated enzyme
CHEMBL3358887,,CHEMBL3377918,14985677,EC50,=,500,nM,6.3,potency,concentration,500.0,6.3,EC50 为标准化浓度型效力指标,5,,0,CHEMBL3351938,2014,LITERATURE,Activation of human recombinant Glucokinase measured over 5 mins by G6-PD coupled assay in presence of 5 mM glucose
CHEMBL3358887,,CHEMBL3377920,14985725,Ratio,=,0.96,,,unclassified,,,,Ratio 为自由文本指标（无官方标准化规则），assay 描述未命中提升门槛，不跨实验汇总,,,0,CHEMBL3351938,2014,LITERATURE,Activity of activated human recombinant Glucokinase assessed as maximum glucose phosphorylation measured over 5 mins by spectrophotometry relative to unactivated enzyme
CHEMBL3358888,,CHEMBL3377918,14985678,EC50,=,710,nM,6.15,potency,concentration,710.0,6.15,EC50 为标准化浓度型效力指标,5,,0,CHEMBL3351938,2014,LITERATURE,Activation of human recombinant Glucokinase measured over 5 mins by G6-PD coupled assay in presence of 5 mM glucose
CHEMBL3358888,,CHEMBL3377920,14985726,Ratio,=,0.8,,,unclassified,,,,Ratio 为自由文本指标（无官方标准化规则），assay 描述未命中提升门槛，不跨实验汇总,,,0,CHEMBL3351938,2014,LITERATURE,Activity of activated human recombinant Glucokinase assessed as maximum glucose phosphorylation measured over 5 mins by spectrophotometry relative to unactivated enzyme
CHEMBL3358889,,CHEMBL3377935,14985633,EC50,=,280,nM,6.55,potency,concentration,280.0,6.55,EC50 为标准化浓度型效力指标,5,,0,CHEMBL3351938,2014,LITERATURE,Activation of human recombinant Glucokinase measured over 5 mins by G6-PD coupled assay in presence of 5 mM glucose and 4% HSA
CHEMBL3577714,,CHEMBL3578684,15605440,EC50,=,1870,nM,5.73,potency,concentration,1870.0,5.73,EC50 为标准化浓度型效力指标,10,,0,CHEMBL3576833,2015,LITERATURE,Activation of recombinant human pancreatic glucokinase using 10 mM glucose as substrate by G6PDH coupled assay
CHEMBL3577714,,CHEMBL3578770,15605775,Activity,=,4.04,mM,,unclassified,,,,Activity 为自由文本指标（无官方标准化规则），assay 描述未命中提升门槛，不跨实验汇总,10,,0,CHEMBL3576833,2015,LITERATURE,Activation of recombinant human pancreatic glucokinase using 10 mM glucose as substrate assessed as enzyme half maximal saturation concentration at 1 uM by G6PDH coupled assay
CHEMBL3577715,,CHEMBL3578684,15605441,EC50,=,6,nM,8.22,potency,concentration,6.0,8.22,EC50 为标准化浓度型效力指标,10,,0,CHEMBL3576833,2015,LITERATURE,Activation of recombinant human pancreatic glucokinase using 10 mM glucose as substrate by G6PDH coupled assay
CHEMBL3577715,,CHEMBL3578770,15605776,Activity,=,0.55,mM,,unclassified,,,,Activity 为自由文本指标（无官方标准化规则），assay 描述未命中提升门槛，不跨实验汇总,10,,0,CHEMBL3576833,2015,LITERATURE,Activation of recombinant human pancreatic glucokinase using 10 mM glucose as substrate assessed as enzyme half maximal saturation concentration at 1 uM by G6PDH coupled assay
CHEMBL3577716,,CHEMBL3578684,15605442,EC50,=,7700,nM,5.11,potency,concentration,7700.0,5.11,EC50 为标准化浓度型效力指标,10,,0,CHEMBL3576833,2015,LITERATURE,Activation of recombinant human pancreatic glucokinase using 10 mM glucose as substrate by G6PDH coupled assay
CHEMBL3577716,,CHEMBL3578770,15605777,Activity,=,5.51,mM,,unclassified,,,,Activity 为自由文本指标（无官方标准化规则），assay 描述未命中提升门槛，不跨实验汇总,10,,0,CHEMBL3576833,2015,LITERATURE,Activation of recombinant human pancreatic glucokinase using 10 mM glucose as substrate assessed as enzyme half maximal saturation concentration at 1 uM by G6PDH coupled assay
CHEMBL3577717,,CHEMBL3578684,15605443,EC50,=,301,nM,6.52,potency,concentration,301.0,6.52,EC50 为标准化浓度型效力指标,10,,0,CHEMBL3576833,2015,LITERATURE,Activation of recombinant human pancreatic glucokinase using 10 mM glucose as substrate by G6PDH coupled assay
CHEMBL3577717,,CHEMBL3578770,15605778,Activity,=,3.88,mM,,unclassified,,,,Activity 为自由文本指标（无官方标准化规则），assay 描述未命中提升门槛，不跨实验汇总,10,,0,CHEMBL3576833,2015,LITERATURE,Activation of recombinant human pancreatic glucokinase using 10 mM glucose as substrate assessed as enzyme half maximal saturation concentration at 1 uM by G6PDH coupled assay
CHEMBL3577718,,CHEMBL3578684,15605444,EC50,=,25,nM,7.6,potency,concentration,25.0,7.6,EC50 为标准化浓度型效力指标,10,,0,CHEMBL3576833,2015,LITERATURE,Activation of recombinant human pancreatic glucokinase using 10 mM glucose as substrate by G6PDH coupled assay
CHEMBL3577718,,CHEMBL3578770,15605779,Activity,=,0.72,mM,,unclassified,,,,Activity 为自由文本指标（无官方标准化规则），assay 描述未命中提升门槛，不跨实验汇总,10,,0,CHEMBL3576833,2015,LITERATURE,Activation of recombinant human pancreatic glucokinase using 10 mM glucose as substrate assessed as enzyme half maximal saturation concentration at 1 uM by G6PDH coupled assay
CHEMBL3577719,,CHEMBL3578684,15605445,EC50,=,21,nM,7.68,potency,concentration,21.0,7.68,EC50 为标准化浓度型效力指标,10,,0,CHEMBL3576833,2015,LITERATURE,Activation of recombinant human pancreatic glucokinase using 10 mM glucose as substrate by G6PDH coupled assay
CHEMBL3577719,,CHEMBL3578770,15605780,Activity,=,0.73,mM,,unclassified,,,,Activity 为自由文本指标（无官方标准化规则），assay 描述未命中提升门槛，不跨实验汇总,10,,0,CHEMBL3576833,2015,LITERATURE,Activation of recombinant human pancreatic glucokinase using 10 mM glucose as substrate assessed as enzyme half maximal saturation concentration at 1 uM by G6PDH coupled assay
CHEMBL3577720,,CHEMBL3578684,15605446,EC50,=,12,nM,7.92,potency,concentration,12.0,7.92,EC50 为标准化浓度型效力指标,10,,0,CHEMBL3576833,2015,LITERATURE,Activation of recombinant human pancreatic glucokinase using 10 mM glucose as substrate by G6PDH coupled assay
CHEMBL3577720,,CHEMBL3578770,15605781,Activity,=,0.46,mM,,unclassified,,,,Activity 为自由文本指标（无官方标准化规则），assay 描述未命中提升门槛，不跨实验汇总,10,,0,CHEMBL3576833,2015,LITERATURE,Activation of recombinant human pancreatic glucokinase using 10 mM glucose as substrate assessed as enzyme half maximal saturation concentration at 1 uM by G6PDH coupled assay
CHEMBL3577721,,CHEMBL3578684,15605447,EC50,=,30,nM,7.52,potency,concentration,30.0,7.52,EC50 为标准化浓度型效力指标,10,,0,CHEMBL3576833,2015,LITERATURE,Activation of recombinant human pancreatic glucokinase using 10 mM glucose as substrate by G6PDH coupled assay
CHEMBL3577721,,CHEMBL3578770,15605782,Activity,=,2.13,mM,,unclassified,,,,Activity 为自由文本指标（无官方标准化规则），assay 描述未命中提升门槛，不跨实验汇总,10,,0,CHEMBL3576833,2015,LITERATURE,Activation of recombinant human pancreatic glucokinase using 10 mM glucose as substrate assessed as enzyme half maximal saturation concentration at 1 uM by G6PDH coupled assay
CHEMBL3577722,,CHEMBL3578684,15605448,EC50,=,34,nM,7.47,potency,concentration,34.0,7.47,EC50 为标准化浓度型效力指标,10,,0,CHEMBL3576833,2015,LITERATURE,Activation of recombinant human pancreatic glucokinase using 10 mM glucose as substrate by G6PDH coupled assay
CHEMBL3577722,,CHEMBL3578770,15605783,Activity,=,0.73,mM,,unclassified,,,,Activity 为自由文本指标（无官方标准化规则），assay 描述未命中提升门槛，不跨实验汇总,10,,0,CHEMBL3576833,2015,LITERATURE,Activation of recombinant human pancreatic glucokinase using 10 mM glucose as substrate assessed as enzyme half maximal saturation concentration at 1 uM by G6PDH coupled assay
CHEMBL3577723,,CHEMBL3578684,15605449,EC50,=,27,nM,7.57,potency,concentration,27.0,7.57,EC50 为标准化浓度型效力指标,10,,0,CHEMBL3576833,2015,LITERATURE,Activation of recombinant human pancreatic glucokinase using 10 mM glucose as substrate by G6PDH coupled assay
CHEMBL3577723,,CHEMBL3578770,15605784,Activity,=,0.84,mM,,unclassified,,,,Activity 为自由文本指标（无官方标准化规则），assay 描述未命中提升门槛，不跨实验汇总,10,,0,CHEMBL3576833,2015,LITERATURE,Activation of recombinant human pancreatic glucokinase using 10 mM glucose as substrate assessed as enzyme half maximal saturation concentration at 1 uM by G6PDH coupled assay
CHEMBL3577723,,CHEMBL3578772,15605823,Vmax,=,126,%,,kinetic,,,,Vmax 属酶动力学参数（机制读数），不计入效力/效能,10,,0,CHEMBL3576833,2015,LITERATURE,Activation of recombinant human pancreatic glucokinase using 10 mM glucose as substrate assessed as enzyme Vmax by G6PDH coupled assay
CHEMBL3577724,,CHEMBL3578684,15605761,EC50,=,39,nM,7.41,potency,concentration,39.0,7.41,EC50 为标准化浓度型效力指标,10,,0,CHEMBL3576833,2015,LITERATURE,Activation of recombinant human pancreatic glucokinase using 10 mM glucose as substrate by G6PDH coupled assay
CHEMBL3577724,,CHEMBL3578770,15605785,Activity,=,1.37,mM,,unclassified,,,,Activity 为自由文本指标（无官方标准化规则），assay 描述未命中提升门槛，不跨实验汇总,10,,0,CHEMBL3576833,2015,LITERATURE,Activation of recombinant human pancreatic glucokinase using 10 mM glucose as substrate assessed as enzyme half maximal saturation concentration at 1 uM by G6PDH coupled assay
CHEMBL3577725,,CHEMBL3578684,15605762,EC50,=,37,nM,7.43,potency,concentration,37.0,7.43,EC50 为标准化浓度型效力指标,10,,0,CHEMBL3576833,2015,LITERATURE,Activation of recombinant human pancreatic glucokinase using 10 mM glucose as substrate by G6PDH coupled assay
CHEMBL3577725,,CHEMBL3578770,15605786,Activity,=,0.76,mM,,unclassified,,,,Activity 为自由文本指标（无官方标准化规则），assay 描述未命中提升门槛，不跨实验汇总,10,,0,CHEMBL3576833,2015,LITERATURE,Activation of recombinant human pancreatic glucokinase using 10 mM glucose as substrate assessed as enzyme half maximal saturation concentration at 1 uM by G6PDH coupled assay
CHEMBL3577726,,CHEMBL3578684,15605763,EC50,=,163,nM,6.79,potency,concentration,163.0,6.79,EC50 为标准化浓度型效力指标,10,,0,CHEMBL3576833,2015,LITERATURE,Activation of recombinant human pancreatic glucokinase using 10 mM glucose as substrate by G6PDH coupled assay
CHEMBL3577726,,CHEMBL3578770,15605787,Activity,=,2.01,mM,,unclassified,,,,Activity 为自由文本指标（无官方标准化规则），assay 描述未命中提升门槛，不跨实验汇总,10,,0,CHEMBL3576833,2015,LITERATURE,Activation of recombinant human pancreatic glucokinase using 10 mM glucose as substrate assessed as enzyme half maximal saturation concentration at 1 uM by G6PDH coupled assay
CHEMBL3577727,,CHEMBL3578684,15605764,EC50,=,6,nM,8.22,potency,concentration,6.0,8.22,EC50 为标准化浓度型效力指标,10,,0,CHEMBL3576833,2015,LITERATURE,Activation of recombinant human pancreatic glucokinase using 10 mM glucose as substrate by G6PDH coupled assay
CHEMBL3577727,,CHEMBL3578770,15605788,Activity,=,0.17,mM,,unclassified,,,,Activity 为自由文本指标（无官方标准化规则），assay 描述未命中提升门槛，不跨实验汇总,10,,0,CHEMBL3576833,2015,LITERATURE,Activation of recombinant human pancreatic glucokinase using 10 mM glucose as substrate assessed as enzyme half maximal saturation concentration at 1 uM by G6PDH coupled assay
CHEMBL3577728,,CHEMBL3578684,15605765,EC50,=,6,nM,8.22,potency,concentration,6.0,8.22,EC50 为标准化浓度型效力指标,10,,0,CHEMBL3576833,2015,LITERATURE,Activation of recombinant human pancreatic glucokinase using 10 mM glucose as substrate by G6PDH coupled assay
CHEMBL3577728,,CHEMBL3578770,15605789,Activity,=,0.51,mM,,unclassified,,,,Activity 为自由文本指标（无官方标准化规则），assay 描述未命中提升门槛，不跨实验汇总,10,,0,CHEMBL3576833,2015,LITERATURE,Activation of recombinant human pancreatic glucokinase using 10 mM glucose as substrate assessed as enzyme half maximal saturation concentration at 1 uM by G6PDH coupled assay
CHEMBL3577729,,CHEMBL3578684,15605766,EC50,=,6,nM,8.22,potency,concentration,6.0,8.22,EC50 为标准化浓度型效力指标,10,,0,CHEMBL3576833,2015,LITERATURE,Activation of recombinant human pancreatic glucokinase using 10 mM glucose as substrate by G6PDH coupled assay
CHEMBL3577729,,CHEMBL3578770,15605790,Activity,=,0.61,mM,,unclassified,,,,Activity 为自由文本指标（无官方标准化规则），assay 描述未命中提升门槛，不跨实验汇总,10,,0,CHEMBL3576833,2015,LITERATURE,Activation of recombinant human pancreatic glucokinase using 10 mM glucose as substrate assessed as enzyme half maximal saturation concentration at 1 uM by G6PDH coupled assay
CHEMBL3577730,,CHEMBL3578684,15605767,EC50,=,20,nM,7.7,potency,concentration,20.0,7.7,EC50 为标准化浓度型效力指标,10,,0,CHEMBL3576833,2015,LITERATURE,Activation of recombinant human pancreatic glucokinase using 10 mM glucose as substrate by G6PDH coupled assay
CHEMBL3577730,,CHEMBL3578770,15605791,Activity,=,0.55,mM,,unclassified,,,,Activity 为自由文本指标（无官方标准化规则），assay 描述未命中提升门槛，不跨实验汇总,10,,0,CHEMBL3576833,2015,LITERATURE,Activation of recombinant human pancreatic glucokinase using 10 mM glucose as substrate assessed as enzyme half maximal saturation concentration at 1 uM by G6PDH coupled assay
CHEMBL3577731,,CHEMBL3578684,15605768,EC50,=,39,nM,7.41,potency,concentration,39.0,7.41,EC50 为标准化浓度型效力指标,10,,0,CHEMBL3576833,2015,LITERATURE,Activation of recombinant human pancreatic glucokinase using 10 mM glucose as substrate by G6PDH coupled assay
CHEMBL3577731,,CHEMBL3578770,15605792,Activity,=,1.23,mM,,unclassified,,,,Activity 为自由文本指标（无官方标准化规则），assay 描述未命中提升门槛，不跨实验汇总,10,,0,CHEMBL3576833,2015,LITERATURE,Activation of recombinant human pancreatic glucokinase using 10 mM glucose as substrate assessed as enzyme half maximal saturation concentration at 1 uM by G6PDH coupled assay
CHEMBL3577732,,CHEMBL3578684,15605769,EC50,=,9,nM,8.05,potency,concentration,9.0,8.05,EC50 为标准化浓度型效力指标,10,,0,CHEMBL3576833,2015,LITERATURE,Activation of recombinant human pancreatic glucokinase using 10 mM glucose as substrate by G6PDH coupled assay
CHEMBL3577732,,CHEMBL3578770,15605793,Activity,=,0.9,mM,,unclassified,,,,Activity 为自由文本指标（无官方标准化规则），assay 描述未命中提升门槛，不跨实验汇总,10,,0,CHEMBL3576833,2015,LITERATURE,Activation of recombinant human pancreatic glucokinase using 10 mM glucose as substrate assessed as enzyme half maximal saturation concentration at 1 uM by G6PDH coupled assay
CHEMBL3577733,,CHEMBL3578684,15605770,EC50,=,53,nM,7.28,potency,concentration,53.0,7.28,EC50 为标准化浓度型效力指标,10,,0,CHEMBL3576833,2015,LITERATURE,Activation of recombinant human pancreatic glucokinase using 10 mM glucose as substrate by G6PDH coupled assay
CHEMBL3577733,,CHEMBL3578770,15605794,Activity,=,1.84,mM,,unclassified,,,,Activity 为自由文本指标（无官方标准化规则），assay 描述未命中提升门槛，不跨实验汇总,10,,0,CHEMBL3576833,2015,LITERATURE,Activation of recombinant human pancreatic glucokinase using 10 mM glucose as substrate assessed as enzyme half maximal saturation concentration at 1 uM by G6PDH coupled assay
CHEMBL3577734,,CHEMBL3578684,15605771,EC50,=,46,nM,7.34,potency,concentration,46.0,7.34,EC50 为标准化浓度型效力指标,10,,0,CHEMBL3576833,2015,LITERATURE,Activation of recombinant human pancreatic glucokinase using 10 mM glucose as substrate by G6PDH coupled assay
CHEMBL3577734,,CHEMBL3578770,15605795,Activity,=,0.95,mM,,unclassified,,,,Activity 为自由文本指标（无官方标准化规则），assay 描述未命中提升门槛，不跨实验汇总,10,,0,CHEMBL3576833,2015,LITERATURE,Activation of recombinant human pancreatic glucokinase using 10 mM glucose as substrate assessed as enzyme half maximal saturation concentration at 1 uM by G6PDH coupled assay
CHEMBL3577735,,CHEMBL3578684,15605772,EC50,=,6,nM,8.22,potency,concentration,6.0,8.22,EC50 为标准化浓度型效力指标,10,,0,CHEMBL3576833,2015,LITERATURE,Activation of recombinant human pancreatic glucokinase using 10 mM glucose as substrate by G6PDH coupled assay
CHEMBL3577735,,CHEMBL3578770,15605796,Activity,=,0.73,mM,,unclassified,,,,Activity 为自由文本指标（无官方标准化规则），assay 描述未命中提升门槛，不跨实验汇总,10,,0,CHEMBL3576833,2015,LITERATURE,Activation of recombinant human pancreatic glucokinase using 10 mM glucose as substrate assessed as enzyme half maximal saturation concentration at 1 uM by G6PDH coupled assay
CHEMBL3577736,,CHEMBL3578684,15605773,EC50,=,7,nM,8.15,potency,concentration,7.0,8.15,EC50 为标准化浓度型效力指标,10,,0,CHEMBL3576833,2015,LITERATURE,Activation of recombinant human pancreatic glucokinase using 10 mM glucose as substrate by G6PDH coupled assay
CHEMBL3577736,,CHEMBL3578770,15605797,Activity,=,2.25,mM,,unclassified,,,,Activity 为自由文本指标（无官方标准化规则），assay 描述未命中提升门槛，不跨实验汇总,10,,0,CHEMBL3576833,2015,LITERATURE,Activation of recombinant human pancreatic glucokinase using 10 mM glucose as substrate assessed as enzyme half maximal saturation concentration at 1 uM by G6PDH coupled assay
CHEMBL3577737,,CHEMBL3578684,15605774,EC50,=,16,nM,7.8,potency,concentration,16.0,7.8,EC50 为标准化浓度型效力指标,10,,0,CHEMBL3576833,2015,LITERATURE,Activation of recombinant human pancreatic glucokinase using 10 mM glucose as substrate by G6PDH coupled assay
CHEMBL3577737,,CHEMBL3578770,15605798,Activity,=,0.35,mM,,unclassified,,,,Activity 为自由文本指标（无官方标准化规则），assay 描述未命中提升门槛，不跨实验汇总,10,,0,CHEMBL3576833,2015,LITERATURE,Activation of recombinant human pancreatic glucokinase using 10 mM glucose as substrate assessed as enzyme half maximal saturation concentration at 1 uM by G6PDH coupled assay
CHEMBL3580737,MK-0941 FREE BASE,CHEMBL3583541,15619447,EC50,=,9.5,nM,8.02,potency,concentration,9.5,8.02,EC50 为标准化浓度型效力指标,,,0,CHEMBL3580608,2014,LITERATURE,Activation of recombinant human glucokinase assessed as formation of glucose-6-phosphate by G6PDH/NADP coupled assay
CHEMBL3580738,,CHEMBL3583541,15619449,EC50,=,9.4,nM,8.03,potency,concentration,9.4,8.03,EC50 为标准化浓度型效力指标,,,0,CHEMBL3580608,2014,LITERATURE,Activation of recombinant human glucokinase assessed as formation of glucose-6-phosphate by G6PDH/NADP coupled assay
CHEMBL3580738,,CHEMBL3583541,15619457,EC50,=,120,nM,6.92,potency,concentration,120.0,6.92,EC50 为标准化浓度型效力指标,,,0,CHEMBL3580608,2014,LITERATURE,Activation of recombinant human glucokinase assessed as formation of glucose-6-phosphate by G6PDH/NADP coupled assay
CHEMBL3580739,,CHEMBL3583541,15619451,EC50,=,121,nM,6.92,potency,concentration,121.0,6.92,EC50 为标准化浓度型效力指标,,,0,CHEMBL3580608,2014,LITERATURE,Activation of recombinant human glucokinase assessed as formation of glucose-6-phosphate by G6PDH/NADP coupled assay
CHEMBL3580740,,CHEMBL3583541,15619452,EC50,=,24,nM,7.62,potency,concentration,24.0,7.62,EC50 为标准化浓度型效力指标,,,0,CHEMBL3580608,2014,LITERATURE,Activation of recombinant human glucokinase assessed as formation of glucose-6-phosphate by G6PDH/NADP coupled assay
CHEMBL3580741,,CHEMBL3583541,15619455,EC50,=,191,nM,6.72,potency,concentration,191.0,6.72,EC50 为标准化浓度型效力指标,,,0,CHEMBL3580608,2014,LITERATURE,Activation of recombinant human glucokinase assessed as formation of glucose-6-phosphate by G6PDH/NADP coupled assay
CHEMBL3580742,,CHEMBL3583541,15619456,EC50,=,52,nM,7.28,potency,concentration,52.0,7.28,EC50 为标准化浓度型效力指标,,,0,CHEMBL3580608,2014,LITERATURE,Activation of recombinant human glucokinase assessed as formation of glucose-6-phosphate by G6PDH/NADP coupled assay
CHEMBL359618,,CHEMBL2167270,12087452,Activity,=,0.34,uM,,unclassified,,,,Activity 为自由文本指标（无官方标准化规则），assay 描述未命中提升门槛，不跨实验汇总,,,0,CHEMBL2163188,2012,LITERATURE,Activation of human recombinant glucokinase assessed as concentration required for 1.5 fold increase in enzymatic activity
CHEMBL359618,,CHEMBL3131380,13940246,EC50,=,26700,nM,4.57,potency,concentration,26700.0,4.57,EC50 为标准化浓度型效力指标,,,0,CHEMBL3124776,2014,LITERATURE,Activation of glucokinase (unknown origin) using glucose as substrate
CHEMBL359618,,CHEMBL3131381,13940225,FC,=,1.4,,,efficacy,fold,,,FC（fold change）为激活倍数,,,0,CHEMBL3124776,2014,LITERATURE,Activation of glucokinase (unknown origin) using glucose as substrate at 10 uM relative to control
CHEMBL371462,,CHEMBL840244,1519096,EC50,=,910,nM,6.04,potency,concentration,910.0,6.04,EC50 为标准化浓度型效力指标,,,0,CHEMBL1143537,2005,LITERATURE,Potency in Glucokinase activation assay
CHEMBL372361,,CHEMBL840244,1519094,EC50,=,4220,nM,5.38,potency,concentration,4220.0,5.38,EC50 为标准化浓度型效力指标,,,0,CHEMBL1143537,2005,LITERATURE,Potency in Glucokinase activation assay
CHEMBL372860,,CHEMBL840244,1519208,EC50,=,130,nM,6.89,potency,concentration,130.0,6.89,EC50 为标准化浓度型效力指标,,,0,CHEMBL1143537,2005,LITERATURE,Potency in Glucokinase activation assay
CHEMBL372883,,CHEMBL840244,1519093,EC50,>,10000,nM,,potency,concentration,10000.0,,EC50 为标准化浓度型效力指标,,,0,CHEMBL1143537,2005,LITERATURE,Potency in Glucokinase activation assay
CHEMBL373339,,CHEMBL2412836,13387384,Activity,,,,,unclassified,,,,Activity 为自由文本指标（无官方标准化规则），assay 描述未命中提升门槛，不跨实验汇总,200,,0,CHEMBL2406951,2013,LITERATURE,Allosteric activation of recombinant wild-type human pancreatic glucokinase expressed in Escherichia coli K-12 assessed as increase in glucose Vmax by enzyme-kinetic study in presence of 200 mM glucose
CHEMBL373339,,CHEMBL2412837,13387387,Activity,,,,,unclassified,,,,Activity 为自由文本指标（无官方标准化规则），assay 描述未命中提升门槛，不跨实验汇总,200,,0,CHEMBL2406951,2013,LITERATURE,Allosteric activation of recombinant wild-type human pancreatic glucokinase expressed in Escherichia coli K-12 assessed as increase in glucose kcat by enzyme-kinetic study in presence of 200 mM glucose
CHEMBL373339,,CHEMBL2412840,13387381,Activity,,,,,unclassified,,,,Activity 为自由文本指标（无官方标准化规则），assay 描述未命中提升门槛，不跨实验汇总,,,0,CHEMBL2406951,2013,LITERATURE,Allosteric activation of recombinant wild-type human pancreatic glucokinase expressed in Escherichia coli K-12 assessed as reduction in transition time at 20 uM by spectrophotometry in absence of glucose
CHEMBL373339,,CHEMBL2412841,13387395,Activity,,,,,unclassified,,,,Activity 为自由文本指标（无官方标准化规则），assay 描述未命中提升门槛，不跨实验汇总,,,0,CHEMBL2406951,2013,LITERATURE,Allosteric activation of recombinant wild-type human pancreatic glucokinase expressed in Escherichia coli K-12 assessed as reduction in lag of transient-state enzyme progress curve by spectrophotometry in absence of glucose
CHEMBL373339,,CHEMBL2412842,13387392,Activity,,,,,unclassified,,,,Activity 为自由文本指标（无官方标准化规则），assay 描述未命中提升门槛，不跨实验汇总,,,0,CHEMBL2406951,2013,LITERATURE,Allosteric activation of recombinant wild-type human pancreatic glucokinase expressed in Escherichia coli K-12 assessed as reduction in lag of transient-state enzyme progress curve at 25 to 100 uM by spectrophotometry in absence of glucose
CHEMBL373339,,CHEMBL3131380,13940261,EC50,=,3100,nM,5.51,potency,concentration,3100.0,5.51,EC50 为标准化浓度型效力指标,,,0,CHEMBL3124776,2014,LITERATURE,Activation of glucokinase (unknown origin) using glucose as substrate
CHEMBL373339,,CHEMBL3131381,13940226,FC,=,1.7,,,efficacy,fold,,,FC（fold change）为激活倍数,,,0,CHEMBL3124776,2014,LITERATURE,Activation of glucokinase (unknown origin) using glucose as substrate at 10 uM relative to control
CHEMBL373339,,CHEMBL840244,1519209,EC50,=,90,nM,7.05,potency,concentration,90.0,7.05,EC50 为标准化浓度型效力指标,,,0,CHEMBL1143537,2005,LITERATURE,Potency in Glucokinase activation assay
CHEMBL373364,,CHEMBL840244,1519200,EC50,=,90,nM,7.05,potency,concentration,90.0,7.05,EC50 为标准化浓度型效力指标,,,0,CHEMBL1143537,2005,LITERATURE,Potency in Glucokinase activation assay
CHEMBL3746823,,CHEMBL3751340,16423754,EC50,>,100000,nM,,potency,concentration,100000.0,,EC50 为标准化浓度型效力指标,,,0,CHEMBL3745641,2015,LITERATURE,Effect on human glucokinase activity after 60 mins by luciferase-based luminescence assay in absence of human GKRP
CHEMBL3763162,,CHEMBL3768919,16478955,EC50,=,1150,nM,5.94,potency,concentration,1150.0,5.94,EC50 为标准化浓度型效力指标,,,0,CHEMBL3763030,2016,LITERATURE,Activation of recombinant human glucokinase assessed as NADPH formation using glucose as substrate incubated for 30 mins in presence of NADP+ and glucose 6-phosphate dehydrogenase
CHEMBL3763162,,CHEMBL3768919,16478956,EC50,=,1100,nM,5.96,potency,concentration,1100.0,5.96,EC50 为标准化浓度型效力指标,,,0,CHEMBL3763030,2016,LITERATURE,Activation of recombinant human glucokinase assessed as NADPH formation using glucose as substrate incubated for 30 mins in presence of NADP+ and glucose 6-phosphate dehydrogenase
CHEMBL3763162,,CHEMBL3768919,16478957,EC50,=,1500,nM,5.82,potency,concentration,1500.0,5.82,EC50 为标准化浓度型效力指标,,,0,CHEMBL3763030,2016,LITERATURE,Activation of recombinant human glucokinase assessed as NADPH formation using glucose as substrate incubated for 30 mins in presence of NADP+ and glucose 6-phosphate dehydrogenase
CHEMBL3763162,,CHEMBL3768919,16478958,EC50,,,,,unclassified,,,,EC50 缺少浓度单位（units=None），无法作为效力,,Not Determined,0,CHEMBL3763030,2016,LITERATURE,Activation of recombinant human glucokinase assessed as NADPH formation using glucose as substrate incubated for 30 mins in presence of NADP+ and glucose 6-phosphate dehydrogenase
CHEMBL3763162,,CHEMBL3768919,16478959,EC50,,,,,unclassified,,,,EC50 缺少浓度单位（units=None），无法作为效力,,Not Determined,0,CHEMBL3763030,2016,LITERATURE,Activation of recombinant human glucokinase assessed as NADPH formation using glucose as substrate incubated for 30 mins in presence of NADP+ and glucose 6-phosphate dehydrogenase
CHEMBL3763162,,CHEMBL3768920,16478912,Emax,=,362,%,,efficacy,percent,,,Emax 为激活幅度指标，按该 assay 内值域（max=716.4）判为 percent 尺度,,,0,CHEMBL3763030,2016,LITERATURE,Activation of recombinant human glucokinase assessed as NADPH formation using glucose as substrate incubated for 30 mins in presence of NADP+ and glucose 6-phosphate dehydrogenase relative to control
CHEMBL3763162,,CHEMBL3768920,16478913,Emax,=,586.4,%,,efficacy,percent,,,Emax 为激活幅度指标，按该 assay 内值域（max=716.4）判为 percent 尺度,,,0,CHEMBL3763030,2016,LITERATURE,Activation of recombinant human glucokinase assessed as NADPH formation using glucose as substrate incubated for 30 mins in presence of NADP+ and glucose 6-phosphate dehydrogenase relative to control
CHEMBL3763162,,CHEMBL3768920,16478914,Emax,=,272.4,%,,efficacy,percent,,,Emax 为激活幅度指标，按该 assay 内值域（max=716.4）判为 percent 尺度,,,0,CHEMBL3763030,2016,LITERATURE,Activation of recombinant human glucokinase assessed as NADPH formation using glucose as substrate incubated for 30 mins in presence of NADP+ and glucose 6-phosphate dehydrogenase relative to control
CHEMBL3763162,,CHEMBL3768920,16478915,Emax,,,,,efficacy,percent,,,Emax 为激活幅度指标，按该 assay 内值域（max=716.4）判为 percent 尺度,,Not Determined,0,CHEMBL3763030,2016,LITERATURE,Activation of recombinant human glucokinase assessed as NADPH formation using glucose as substrate incubated for 30 mins in presence of NADP+ and glucose 6-phosphate dehydrogenase relative to control
CHEMBL3763162,,CHEMBL3768920,16478916,Emax,,,,,efficacy,percent,,,Emax 为激活幅度指标，按该 assay 内值域（max=716.4）判为 percent 尺度,,Not Determined,0,CHEMBL3763030,2016,LITERATURE,Activation of recombinant human glucokinase assessed as NADPH formation using glucose as substrate incubated for 30 mins in presence of NADP+ and glucose 6-phosphate dehydrogenase relative to control
CHEMBL3763283,,CHEMBL3768919,16478924,EC50,=,2930,nM,5.53,potency,concentration,2930.0,5.53,EC50 为标准化浓度型效力指标,,,0,CHEMBL3763030,2016,LITERATURE,Activation of recombinant human glucokinase assessed as NADPH formation using glucose as substrate incubated for 30 mins in presence of NADP+ and glucose 6-phosphate dehydrogenase
CHEMBL3763283,,CHEMBL3768920,16478994,Emax,=,218.3,%,,efficacy,percent,,,Emax 为激活幅度指标，按该 assay 内值域（max=716.4）判为 percent 尺度,,,0,CHEMBL3763030,2016,LITERATURE,Activation of recombinant human glucokinase assessed as NADPH formation using glucose as substrate incubated for 30 mins in presence of NADP+ and glucose 6-phosphate dehydrogenase relative to control
CHEMBL3763295,,CHEMBL3768919,16478935,EC50,=,535,nM,6.27,potency,concentration,535.0,6.27,EC50 为标准化浓度型效力指标,,,0,CHEMBL3763030,2016,LITERATURE,Activation of recombinant human glucokinase assessed as NADPH formation using glucose as substrate incubated for 30 mins in presence of NADP+ and glucose 6-phosphate dehydrogenase
CHEMBL3763295,,CHEMBL3768920,16478980,Emax,=,96.9,%,,efficacy,percent,,,Emax 为激活幅度指标，按该 assay 内值域（max=716.4）判为 percent 尺度,,,0,CHEMBL3763030,2016,LITERATURE,Activation of recombinant human glucokinase assessed as NADPH formation using glucose as substrate incubated for 30 mins in presence of NADP+ and glucose 6-phosphate dehydrogenase relative to control
CHEMBL3763337,,CHEMBL3768919,16478925,EC50,=,1260,nM,5.9,potency,concentration,1260.0,5.9,EC50 为标准化浓度型效力指标,,,0,CHEMBL3763030,2016,LITERATURE,Activation of recombinant human glucokinase assessed as NADPH formation using glucose as substrate incubated for 30 mins in presence of NADP+ and glucose 6-phosphate dehydrogenase
CHEMBL3763337,,CHEMBL3768920,16478992,Emax,=,131.7,%,,efficacy,percent,,,Emax 为激活幅度指标，按该 assay 内值域（max=716.4）判为 percent 尺度,,,0,CHEMBL3763030,2016,LITERATURE,Activation of recombinant human glucokinase assessed as NADPH formation using glucose as substrate incubated for 30 mins in presence of NADP+ and glucose 6-phosphate dehydrogenase relative to control
CHEMBL3763349,,CHEMBL3768919,16478945,EC50,=,608,nM,6.22,potency,concentration,608.0,6.22,EC50 为标准化浓度型效力指标,,,0,CHEMBL3763030,2016,LITERATURE,Activation of recombinant human glucokinase assessed as NADPH formation using glucose as substrate incubated for 30 mins in presence of NADP+ and glucose 6-phosphate dehydrogenase
CHEMBL3763349,,CHEMBL3768920,16478969,Emax,=,188.4,%,,efficacy,percent,,,Emax 为激活幅度指标，按该 assay 内值域（max=716.4）判为 percent 尺度,,,0,CHEMBL3763030,2016,LITERATURE,Activation of recombinant human glucokinase assessed as NADPH formation using glucose as substrate incubated for 30 mins in presence of NADP+ and glucose 6-phosphate dehydrogenase relative to control
CHEMBL3763616,,CHEMBL3768919,16478952,EC50,=,1410,nM,5.85,potency,concentration,1410.0,5.85,EC50 为标准化浓度型效力指标,,,0,CHEMBL3763030,2016,LITERATURE,Activation of recombinant human glucokinase assessed as NADPH formation using glucose as substrate incubated for 30 mins in presence of NADP+ and glucose 6-phosphate dehydrogenase
CHEMBL3763616,,CHEMBL3768920,16478907,Emax,=,569.6,%,,efficacy,percent,,,Emax 为激活幅度指标，按该 assay 内值域（max=716.4）判为 percent 尺度,,,0,CHEMBL3763030,2016,LITERATURE,Activation of recombinant human glucokinase assessed as NADPH formation using glucose as substrate incubated for 30 mins in presence of NADP+ and glucose 6-phosphate dehydrogenase relative to control
CHEMBL3763618,,CHEMBL3768920,16478911,Emax,=,157.4,%,,efficacy,percent,,,Emax 为激活幅度指标，按该 assay 内值域（max=716.4）判为 percent 尺度,,,0,CHEMBL3763030,2016,LITERATURE,Activation of recombinant human glucokinase assessed as NADPH formation using glucose as substrate incubated for 30 mins in presence of NADP+ and glucose 6-phosphate dehydrogenase relative to control
CHEMBL3763635,,CHEMBL3768919,16478949,EC50,=,1240,nM,5.91,potency,concentration,1240.0,5.91,EC50 为标准化浓度型效力指标,,,0,CHEMBL3763030,2016,LITERATURE,Activation of recombinant human glucokinase assessed as NADPH formation using glucose as substrate incubated for 30 mins in presence of NADP+ and glucose 6-phosphate dehydrogenase
CHEMBL3763635,,CHEMBL3768920,16478964,Emax,=,266.5,%,,efficacy,percent,,,Emax 为激活幅度指标，按该 assay 内值域（max=716.4）判为 percent 尺度,,,0,CHEMBL3763030,2016,LITERATURE,Activation of recombinant human glucokinase assessed as NADPH formation using glucose as substrate incubated for 30 mins in presence of NADP+ and glucose 6-phosphate dehydrogenase relative to control
CHEMBL3763700,,CHEMBL3768919,16478931,EC50,=,695,nM,6.16,potency,concentration,695.0,6.16,EC50 为标准化浓度型效力指标,,,0,CHEMBL3763030,2016,LITERATURE,Activation of recombinant human glucokinase assessed as NADPH formation using glucose as substrate incubated for 30 mins in presence of NADP+ and glucose 6-phosphate dehydrogenase
CHEMBL3763700,,CHEMBL3768920,16478986,Emax,=,124.4,%,,efficacy,percent,,,Emax 为激活幅度指标，按该 assay 内值域（max=716.4）判为 percent 尺度,,,0,CHEMBL3763030,2016,LITERATURE,Activation of recombinant human glucokinase assessed as NADPH formation using glucose as substrate incubated for 30 mins in presence of NADP+ and glucose 6-phosphate dehydrogenase relative to control
CHEMBL3763775,,CHEMBL3768919,16478950,EC50,=,2050,nM,5.69,potency,concentration,2050.0,5.69,EC50 为标准化浓度型效力指标,,,0,CHEMBL3763030,2016,LITERATURE,Activation of recombinant human glucokinase assessed as NADPH formation using glucose as substrate incubated for 30 mins in presence of NADP+ and glucose 6-phosphate dehydrogenase
CHEMBL3763775,,CHEMBL3768920,16478905,Emax,=,326.8,%,,efficacy,percent,,,Emax 为激活幅度指标，按该 assay 内值域（max=716.4）判为 percent 尺度,,,0,CHEMBL3763030,2016,LITERATURE,Activation of recombinant human glucokinase assessed as NADPH formation using glucose as substrate incubated for 30 mins in presence of NADP+ and glucose 6-phosphate dehydrogenase relative to control
CHEMBL3763788,,CHEMBL3768919,16478948,EC50,,,,,unclassified,,,,EC50 缺少浓度单位（units=None），无法作为效力,,Not Determined,0,CHEMBL3763030,2016,LITERATURE,Activation of recombinant human glucokinase assessed as NADPH formation using glucose as substrate incubated for 30 mins in presence of NADP+ and glucose 6-phosphate dehydrogenase
CHEMBL3763788,,CHEMBL3768920,16478965,Emax,,,,,efficacy,percent,,,Emax 为激活幅度指标，按该 assay 内值域（max=716.4）判为 percent 尺度,,Not Determined,0,CHEMBL3763030,2016,LITERATURE,Activation of recombinant human glucokinase assessed as NADPH formation using glucose as substrate incubated for 30 mins in presence of NADP+ and glucose 6-phosphate dehydrogenase relative to control
CHEMBL3763854,,CHEMBL3768919,16478951,EC50,=,810,nM,6.09,potency,concentration,810.0,6.09,EC50 为标准化浓度型效力指标,,,0,CHEMBL3763030,2016,LITERATURE,Activation of recombinant human glucokinase assessed as NADPH formation using glucose as substrate incubated for 30 mins in presence of NADP+ and glucose 6-phosphate dehydrogenase
CHEMBL3763854,,CHEMBL3768920,16478906,Emax,=,237.9,%,,efficacy,percent,,,Emax 为激活幅度指标，按该 assay 内值域（max=716.4）判为 percent 尺度,,,0,CHEMBL3763030,2016,LITERATURE,Activation of recombinant human glucokinase assessed as NADPH formation using glucose as substrate incubated for 30 mins in presence of NADP+ and glucose 6-phosphate dehydrogenase relative to control
CHEMBL3763855,,CHEMBL3768919,16478941,EC50,=,3290,nM,5.48,potency,concentration,3290.0,5.48,EC50 为标准化浓度型效力指标,,,0,CHEMBL3763030,2016,LITERATURE,Activation of recombinant human glucokinase assessed as NADPH formation using glucose as substrate incubated for 30 mins in presence of NADP+ and glucose 6-phosphate dehydrogenase
CHEMBL3763855,,CHEMBL3768920,16478973,Emax,=,407.4,%,,efficacy,percent,,,Emax 为激活幅度指标，按该 assay 内值域（max=716.4）判为 percent 尺度,,,0,CHEMBL3763030,2016,LITERATURE,Activation of recombinant human glucokinase assessed as NADPH formation using glucose as substrate incubated for 30 mins in presence of NADP+ and glucose 6-phosphate dehydrogenase relative to control
CHEMBL3763940,,CHEMBL3768919,16478928,EC50,,,,,unclassified,,,,EC50 缺少浓度单位（units=None），无法作为效力,,,0,CHEMBL3763030,2016,LITERATURE,Activation of recombinant human glucokinase assessed as NADPH formation using glucose as substrate incubated for 30 mins in presence of NADP+ and glucose 6-phosphate dehydrogenase
CHEMBL3763940,,CHEMBL3768920,16478989,Emax,,,,,efficacy,percent,,,Emax 为激活幅度指标，按该 assay 内值域（max=716.4）判为 percent 尺度,,,0,CHEMBL3763030,2016,LITERATURE,Activation of recombinant human glucokinase assessed as NADPH formation using glucose as substrate incubated for 30 mins in presence of NADP+ and glucose 6-phosphate dehydrogenase relative to control
CHEMBL3764029,,CHEMBL3768920,16478983,Emax,=,216.9,%,,efficacy,percent,,,Emax 为激活幅度指标，按该 assay 内值域（max=716.4）判为 percent 尺度,,,0,CHEMBL3763030,2016,LITERATURE,Activation of recombinant human glucokinase assessed as NADPH formation using glucose as substrate incubated for 30 mins in presence of NADP+ and glucose 6-phosphate dehydrogenase relative to control
CHEMBL3764079,,CHEMBL3768919,16478933,EC50,=,12.4,nM,7.91,potency,concentration,12.4,7.91,EC50 为标准化浓度型效力指标,,,0,CHEMBL3763030,2016,LITERATURE,Activation of recombinant human glucokinase assessed as NADPH formation using glucose as substrate incubated for 30 mins in presence of NADP+ and glucose 6-phosphate dehydrogenase
CHEMBL3764079,,CHEMBL3768920,16478982,Emax,=,274.5,%,,efficacy,percent,,,Emax 为激活幅度指标，按该 assay 内值域（max=716.4）判为 percent 尺度,,,0,CHEMBL3763030,2016,LITERATURE,Activation of recombinant human glucokinase assessed as NADPH formation using glucose as substrate incubated for 30 mins in presence of NADP+ and glucose 6-phosphate dehydrogenase relative to control
CHEMBL3764328,,CHEMBL3768919,16478943,EC50,=,638,nM,6.2,potency,concentration,638.0,6.2,EC50 为标准化浓度型效力指标,,,0,CHEMBL3763030,2016,LITERATURE,Activation of recombinant human glucokinase assessed as NADPH formation using glucose as substrate incubated for 30 mins in presence of NADP+ and glucose 6-phosphate dehydrogenase
CHEMBL3764328,,CHEMBL3768920,16478971,Emax,=,307.3,%,,efficacy,percent,,,Emax 为激活幅度指标，按该 assay 内值域（max=716.4）判为 percent 尺度,,,0,CHEMBL3763030,2016,LITERATURE,Activation of recombinant human glucokinase assessed as NADPH formation using glucose as substrate incubated for 30 mins in presence of NADP+ and glucose 6-phosphate dehydrogenase relative to control
CHEMBL3764342,,CHEMBL3768919,16478954,EC50,=,783,nM,6.11,potency,concentration,783.0,6.11,EC50 为标准化浓度型效力指标,,,0,CHEMBL3763030,2016,LITERATURE,Activation of recombinant human glucokinase assessed as NADPH formation using glucose as substrate incubated for 30 mins in presence of NADP+ and glucose 6-phosphate dehydrogenase
CHEMBL3764342,,CHEMBL3768920,16478910,Emax,=,94.3,%,,efficacy,percent,,,Emax 为激活幅度指标，按该 assay 内值域（max=716.4）判为 percent 尺度,,,0,CHEMBL3763030,2016,LITERATURE,Activation of recombinant human glucokinase assessed as NADPH formation using glucose as substrate incubated for 30 mins in presence of NADP+ and glucose 6-phosphate dehydrogenase relative to control
CHEMBL3764533,,CHEMBL3768920,16478908,Emax,=,78.6,%,,efficacy,percent,,,Emax 为激活幅度指标，按该 assay 内值域（max=716.4）判为 percent 尺度,,,0,CHEMBL3763030,2016,LITERATURE,Activation of recombinant human glucokinase assessed as NADPH formation using glucose as substrate incubated for 30 mins in presence of NADP+ and glucose 6-phosphate dehydrogenase relative to control
CHEMBL3764630,,CHEMBL3768919,16478930,EC50,=,148,nM,6.83,potency,concentration,148.0,6.83,EC50 为标准化浓度型效力指标,,,0,CHEMBL3763030,2016,LITERATURE,Activation of recombinant human glucokinase assessed as NADPH formation using glucose as substrate incubated for 30 mins in presence of NADP+ and glucose 6-phosphate dehydrogenase
CHEMBL3764630,,CHEMBL3768920,16478987,Emax,=,133.9,%,,efficacy,percent,,,Emax 为激活幅度指标，按该 assay 内值域（max=716.4）判为 percent 尺度,,,0,CHEMBL3763030,2016,LITERATURE,Activation of recombinant human glucokinase assessed as NADPH formation using glucose as substrate incubated for 30 mins in presence of NADP+ and glucose 6-phosphate dehydrogenase relative to control
CHEMBL3764631,,CHEMBL3768919,16478940,EC50,,,,,unclassified,,,,EC50 缺少浓度单位（units=None），无法作为效力,,Not Determined,0,CHEMBL3763030,2016,LITERATURE,Activation of recombinant human glucokinase assessed as NADPH formation using glucose as substrate incubated for 30 mins in presence of NADP+ and glucose 6-phosphate dehydrogenase
CHEMBL3764631,,CHEMBL3768920,16478974,Emax,,,,,efficacy,percent,,,Emax 为激活幅度指标，按该 assay 内值域（max=716.4）判为 percent 尺度,,Not Determined,0,CHEMBL3763030,2016,LITERATURE,Activation of recombinant human glucokinase assessed as NADPH formation using glucose as substrate incubated for 30 mins in presence of NADP+ and glucose 6-phosphate dehydrogenase relative to control
CHEMBL3764668,,CHEMBL3768919,16478932,EC50,=,115,nM,6.94,potency,concentration,115.0,6.94,EC50 为标准化浓度型效力指标,,,0,CHEMBL3763030,2016,LITERATURE,Activation of recombinant human glucokinase assessed as NADPH formation using glucose as substrate incubated for 30 mins in presence of NADP+ and glucose 6-phosphate dehydrogenase
CHEMBL3764668,,CHEMBL3768920,16478985,Emax,=,191.8,%,,efficacy,percent,,,Emax 为激活幅度指标，按该 assay 内值域（max=716.4）判为 percent 尺度,,,0,CHEMBL3763030,2016,LITERATURE,Activation of recombinant human glucokinase assessed as NADPH formation using glucose as substrate incubated for 30 mins in presence of NADP+ and glucose 6-phosphate dehydrogenase relative to control
CHEMBL3764711,,CHEMBL3768919,16478947,EC50,=,688,nM,6.16,potency,concentration,688.0,6.16,EC50 为标准化浓度型效力指标,,,0,CHEMBL3763030,2016,LITERATURE,Activation of recombinant human glucokinase assessed as NADPH formation using glucose as substrate incubated for 30 mins in presence of NADP+ and glucose 6-phosphate dehydrogenase
CHEMBL3764711,,CHEMBL3768920,16478966,Emax,=,330.8,%,,efficacy,percent,,,Emax 为激活幅度指标，按该 assay 内值域（max=716.4）判为 percent 尺度,,,0,CHEMBL3763030,2016,LITERATURE,Activation of recombinant human glucokinase assessed as NADPH formation using glucose as substrate incubated for 30 mins in presence of NADP+ and glucose 6-phosphate dehydrogenase relative to control
CHEMBL3764824,,CHEMBL3768919,16478944,EC50,=,173,nM,6.76,potency,concentration,173.0,6.76,EC50 为标准化浓度型效力指标,,,0,CHEMBL3763030,2016,LITERATURE,Activation of recombinant human glucokinase assessed as NADPH formation using glucose as substrate incubated for 30 mins in presence of NADP+ and glucose 6-phosphate dehydrogenase
CHEMBL3764824,,CHEMBL3768920,16478970,Emax,=,142.5,%,,efficacy,percent,,,Emax 为激活幅度指标，按该 assay 内值域（max=716.4）判为 percent 尺度,,,0,CHEMBL3763030,2016,LITERATURE,Activation of recombinant human glucokinase assessed as NADPH formation using glucose as substrate incubated for 30 mins in presence of NADP+ and glucose 6-phosphate dehydrogenase relative to control
CHEMBL3764854,,CHEMBL3768919,16478923,EC50,,,,,unclassified,,,,EC50 缺少浓度单位（units=None），无法作为效力,,,0,CHEMBL3763030,2016,LITERATURE,Activation of recombinant human glucokinase assessed as NADPH formation using glucose as substrate incubated for 30 mins in presence of NADP+ and glucose 6-phosphate dehydrogenase
CHEMBL3764854,,CHEMBL3768920,16478995,Emax,,,,,efficacy,percent,,,Emax 为激活幅度指标，按该 assay 内值域（max=716.4）判为 percent 尺度,,,0,CHEMBL3763030,2016,LITERATURE,Activation of recombinant human glucokinase assessed as NADPH formation using glucose as substrate incubated for 30 mins in presence of NADP+ and glucose 6-phosphate dehydrogenase relative to control
CHEMBL3764855,,CHEMBL3768919,16478926,EC50,,,,,unclassified,,,,EC50 缺少浓度单位（units=None），无法作为效力,,,0,CHEMBL3763030,2016,LITERATURE,Activation of recombinant human glucokinase assessed as NADPH formation using glucose as substrate incubated for 30 mins in presence of NADP+ and glucose 6-phosphate dehydrogenase
CHEMBL3764855,,CHEMBL3768920,16478991,Emax,,,,,efficacy,percent,,,Emax 为激活幅度指标，按该 assay 内值域（max=716.4）判为 percent 尺度,,,0,CHEMBL3763030,2016,LITERATURE,Activation of recombinant human glucokinase assessed as NADPH formation using glucose as substrate incubated for 30 mins in presence of NADP+ and glucose 6-phosphate dehydrogenase relative to control
CHEMBL3764856,,CHEMBL3768919,16478942,EC50,=,1100,nM,5.96,potency,concentration,1100.0,5.96,EC50 为标准化浓度型效力指标,,,0,CHEMBL3763030,2016,LITERATURE,Activation of recombinant human glucokinase assessed as NADPH formation using glucose as substrate incubated for 30 mins in presence of NADP+ and glucose 6-phosphate dehydrogenase
CHEMBL3764856,,CHEMBL3768920,16478972,Emax,=,491.9,%,,efficacy,percent,,,Emax 为激活幅度指标，按该 assay 内值域（max=716.4）判为 percent 尺度,,,0,CHEMBL3763030,2016,LITERATURE,Activation of recombinant human glucokinase assessed as NADPH formation using glucose as substrate incubated for 30 mins in presence of NADP+ and glucose 6-phosphate dehydrogenase relative to control
CHEMBL3764930,,CHEMBL3768919,16478946,EC50,=,342,nM,6.47,potency,concentration,342.0,6.47,EC50 为标准化浓度型效力指标,,,0,CHEMBL3763030,2016,LITERATURE,Activation of recombinant human glucokinase assessed as NADPH formation using glucose as substrate incubated for 30 mins in presence of NADP+ and glucose 6-phosphate dehydrogenase
CHEMBL3764930,,CHEMBL3768920,16478967,Emax,=,148.1,%,,efficacy,percent,,,Emax 为激活幅度指标，按该 assay 内值域（max=716.4）判为 percent 尺度,,,0,CHEMBL3763030,2016,LITERATURE,Activation of recombinant human glucokinase assessed as NADPH formation using glucose as substrate incubated for 30 mins in presence of NADP+ and glucose 6-phosphate dehydrogenase relative to control
CHEMBL3764962,,CHEMBL3768920,16478978,Emax,=,65.2,%,,efficacy,percent,,,Emax 为激活幅度指标，按该 assay 内值域（max=716.4）判为 percent 尺度,,,0,CHEMBL3763030,2016,LITERATURE,Activation of recombinant human glucokinase assessed as NADPH formation using glucose as substrate incubated for 30 mins in presence of NADP+ and glucose 6-phosphate dehydrogenase relative to control
CHEMBL3765090,,CHEMBL3768920,16478993,Emax,=,59.5,%,,efficacy,percent,,,Emax 为激活幅度指标，按该 assay 内值域（max=716.4）判为 percent 尺度,,,0,CHEMBL3763030,2016,LITERATURE,Activation of recombinant human glucokinase assessed as NADPH formation using glucose as substrate incubated for 30 mins in presence of NADP+ and glucose 6-phosphate dehydrogenase relative to control
CHEMBL3765196,,CHEMBL3768919,16478927,EC50,,,,,unclassified,,,,EC50 缺少浓度单位（units=None），无法作为效力,,Not Determined,0,CHEMBL3763030,2016,LITERATURE,Activation of recombinant human glucokinase assessed as NADPH formation using glucose as substrate incubated for 30 mins in presence of NADP+ and glucose 6-phosphate dehydrogenase
CHEMBL3765196,,CHEMBL3768920,16478990,Emax,,,,,efficacy,percent,,,Emax 为激活幅度指标，按该 assay 内值域（max=716.4）判为 percent 尺度,,Not Determined,0,CHEMBL3763030,2016,LITERATURE,Activation of recombinant human glucokinase assessed as NADPH formation using glucose as substrate incubated for 30 mins in presence of NADP+ and glucose 6-phosphate dehydrogenase relative to control
CHEMBL3765270,,CHEMBL3768919,16478934,EC50,=,263,nM,6.58,potency,concentration,263.0,6.58,EC50 为标准化浓度型效力指标,,,0,CHEMBL3763030,2016,LITERATURE,Activation of recombinant human glucokinase assessed as NADPH formation using glucose as substrate incubated for 30 mins in presence of NADP+ and glucose 6-phosphate dehydrogenase
CHEMBL3765270,,CHEMBL3768920,16478981,Emax,=,276.3,%,,efficacy,percent,,,Emax 为激活幅度指标，按该 assay 内值域（max=716.4）判为 percent 尺度,,,0,CHEMBL3763030,2016,LITERATURE,Activation of recombinant human glucokinase assessed as NADPH formation using glucose as substrate incubated for 30 mins in presence of NADP+ and glucose 6-phosphate dehydrogenase relative to control
CHEMBL3765276,,CHEMBL3768920,16478984,Emax,=,200.4,%,,efficacy,percent,,,Emax 为激活幅度指标，按该 assay 内值域（max=716.4）判为 percent 尺度,,,0,CHEMBL3763030,2016,LITERATURE,Activation of recombinant human glucokinase assessed as NADPH formation using glucose as substrate incubated for 30 mins in presence of NADP+ and glucose 6-phosphate dehydrogenase relative to control
CHEMBL3765308,,CHEMBL3768919,16478953,EC50,=,756,nM,6.12,potency,concentration,756.0,6.12,EC50 为标准化浓度型效力指标,,,0,CHEMBL3763030,2016,LITERATURE,Activation of recombinant human glucokinase assessed as NADPH formation using glucose as substrate incubated for 30 mins in presence of NADP+ and glucose 6-phosphate dehydrogenase
CHEMBL3765308,,CHEMBL3768920,16478909,Emax,=,186.2,%,,efficacy,percent,,,Emax 为激活幅度指标，按该 assay 内值域（max=716.4）判为 percent 尺度,,,0,CHEMBL3763030,2016,LITERATURE,Activation of recombinant human glucokinase assessed as NADPH formation using glucose as substrate incubated for 30 mins in presence of NADP+ and glucose 6-phosphate dehydrogenase relative to control
CHEMBL3765330,,CHEMBL3768919,16478936,EC50,=,1300,nM,5.89,potency,concentration,1300.0,5.89,EC50 为标准化浓度型效力指标,,,0,CHEMBL3763030,2016,LITERATURE,Activation of recombinant human glucokinase assessed as NADPH formation using glucose as substrate incubated for 30 mins in presence of NADP+ and glucose 6-phosphate dehydrogenase
CHEMBL3765330,,CHEMBL3768920,16478979,Emax,=,209.2,%,,efficacy,percent,,,Emax 为激活幅度指标，按该 assay 内值域（max=716.4）判为 percent 尺度,,,0,CHEMBL3763030,2016,LITERATURE,Activation of recombinant human glucokinase assessed as NADPH formation using glucose as substrate incubated for 30 mins in presence of NADP+ and glucose 6-phosphate dehydrogenase relative to control
CHEMBL3765393,,CHEMBL3768920,16478968,Emax,=,63.4,%,,efficacy,percent,,,Emax 为激活幅度指标，按该 assay 内值域（max=716.4）判为 percent 尺度,,,0,CHEMBL3763030,2016,LITERATURE,Activation of recombinant human glucokinase assessed as NADPH formation using glucose as substrate incubated for 30 mins in presence of NADP+ and glucose 6-phosphate dehydrogenase relative to control
CHEMBL3765430,,CHEMBL3768919,16478939,EC50,=,38300,nM,4.42,potency,concentration,38300.0,4.42,EC50 为标准化浓度型效力指标,,,0,CHEMBL3763030,2016,LITERATURE,Activation of recombinant human glucokinase assessed as NADPH formation using glucose as substrate incubated for 30 mins in presence of NADP+ and glucose 6-phosphate dehydrogenase
CHEMBL3765430,,CHEMBL3768920,16478975,Emax,=,439.6,%,,efficacy,percent,,,Emax 为激活幅度指标，按该 assay 内值域（max=716.4）判为 percent 尺度,,,0,CHEMBL3763030,2016,LITERATURE,Activation of recombinant human glucokinase assessed as NADPH formation using glucose as substrate incubated for 30 mins in presence of NADP+ and glucose 6-phosphate dehydrogenase relative to control
CHEMBL3765466,,CHEMBL3768919,16478937,EC50,=,1870,nM,5.73,potency,concentration,1870.0,5.73,EC50 为标准化浓度型效力指标,,,0,CHEMBL3763030,2016,LITERATURE,Activation of recombinant human glucokinase assessed as NADPH formation using glucose as substrate incubated for 30 mins in presence of NADP+ and glucose 6-phosphate dehydrogenase
CHEMBL3765466,,CHEMBL3768920,16478977,Emax,=,326.7,%,,efficacy,percent,,,Emax 为激活幅度指标，按该 assay 内值域（max=716.4）判为 percent 尺度,,,0,CHEMBL3763030,2016,LITERATURE,Activation of recombinant human glucokinase assessed as NADPH formation using glucose as substrate incubated for 30 mins in presence of NADP+ and glucose 6-phosphate dehydrogenase relative to control
CHEMBL3765579,,CHEMBL3768919,16478922,EC50,,,,,unclassified,,,,EC50 缺少浓度单位（units=None），无法作为效力,,,0,CHEMBL3763030,2016,LITERATURE,Activation of recombinant human glucokinase assessed as NADPH formation using glucose as substrate incubated for 30 mins in presence of NADP+ and glucose 6-phosphate dehydrogenase
CHEMBL3765579,,CHEMBL3768920,16478996,Emax,,,,,efficacy,percent,,,Emax 为激活幅度指标，按该 assay 内值域（max=716.4）判为 percent 尺度,,,0,CHEMBL3763030,2016,LITERATURE,Activation of recombinant human glucokinase assessed as NADPH formation using glucose as substrate incubated for 30 mins in presence of NADP+ and glucose 6-phosphate dehydrogenase relative to control
CHEMBL3765635,,CHEMBL3768919,16478921,EC50,,,,,unclassified,,,,EC50 缺少浓度单位（units=None），无法作为效力,,,0,CHEMBL3763030,2016,LITERATURE,Activation of recombinant human glucokinase assessed as NADPH formation using glucose as substrate incubated for 30 mins in presence of NADP+ and glucose 6-phosphate dehydrogenase
CHEMBL3765635,,CHEMBL3768920,16478997,Emax,,,,,efficacy,percent,,,Emax 为激活幅度指标，按该 assay 内值域（max=716.4）判为 percent 尺度,,,0,CHEMBL3763030,2016,LITERATURE,Activation of recombinant human glucokinase assessed as NADPH formation using glucose as substrate incubated for 30 mins in presence of NADP+ and glucose 6-phosphate dehydrogenase relative to control
CHEMBL3765684,,CHEMBL3768919,16478938,EC50,=,6630,nM,5.18,potency,concentration,6630.0,5.18,EC50 为标准化浓度型效力指标,,,0,CHEMBL3763030,2016,LITERATURE,Activation of recombinant human glucokinase assessed as NADPH formation using glucose as substrate incubated for 30 mins in presence of NADP+ and glucose 6-phosphate dehydrogenase
CHEMBL3765684,,CHEMBL3768920,16478976,Emax,=,214.9,%,,efficacy,percent,,,Emax 为激活幅度指标，按该 assay 内值域（max=716.4）判为 percent 尺度,,,0,CHEMBL3763030,2016,LITERATURE,Activation of recombinant human glucokinase assessed as NADPH formation using glucose as substrate incubated for 30 mins in presence of NADP+ and glucose 6-phosphate dehydrogenase relative to control
CHEMBL3765780,,CHEMBL3768919,16478929,EC50,=,194,nM,6.71,potency,concentration,194.0,6.71,EC50 为标准化浓度型效力指标,,,0,CHEMBL3763030,2016,LITERATURE,Activation of recombinant human glucokinase assessed as NADPH formation using glucose as substrate incubated for 30 mins in presence of NADP+ and glucose 6-phosphate dehydrogenase
CHEMBL3765780,,CHEMBL3768920,16478988,Emax,=,147.2,%,,efficacy,percent,,,Emax 为激活幅度指标，按该 assay 内值域（max=716.4）判为 percent 尺度,,,0,CHEMBL3763030,2016,LITERATURE,Activation of recombinant human glucokinase assessed as NADPH formation using glucose as substrate incubated for 30 mins in presence of NADP+ and glucose 6-phosphate dehydrogenase relative to control
CHEMBL3765816,,CHEMBL3768919,16478960,EC50,=,1010,nM,6,potency,concentration,1010.0,6.0,EC50 为标准化浓度型效力指标,,,0,CHEMBL3763030,2016,LITERATURE,Activation of recombinant human glucokinase assessed as NADPH formation using glucose as substrate incubated for 30 mins in presence of NADP+ and glucose 6-phosphate dehydrogenase
CHEMBL3765816,,CHEMBL3768919,16478961,EC50,=,255,nM,6.59,potency,concentration,255.0,6.59,EC50 为标准化浓度型效力指标,,,0,CHEMBL3763030,2016,LITERATURE,Activation of recombinant human glucokinase assessed as NADPH formation using glucose as substrate incubated for 30 mins in presence of NADP+ and glucose 6-phosphate dehydrogenase
CHEMBL3765816,,CHEMBL3768919,16478962,EC50,=,549,nM,6.26,potency,concentration,549.0,6.26,EC50 为标准化浓度型效力指标,,,0,CHEMBL3763030,2016,LITERATURE,Activation of recombinant human glucokinase assessed as NADPH formation using glucose as substrate incubated for 30 mins in presence of NADP+ and glucose 6-phosphate dehydrogenase
CHEMBL3765816,,CHEMBL3768920,16478917,Emax,=,205.5,%,,efficacy,percent,,,Emax 为激活幅度指标，按该 assay 内值域（max=716.4）判为 percent 尺度,,,0,CHEMBL3763030,2016,LITERATURE,Activation of recombinant human glucokinase assessed as NADPH formation using glucose as substrate incubated for 30 mins in presence of NADP+ and glucose 6-phosphate dehydrogenase relative to control
CHEMBL3765816,,CHEMBL3768920,16478918,Emax,=,386,%,,efficacy,percent,,,Emax 为激活幅度指标，按该 assay 内值域（max=716.4）判为 percent 尺度,,,0,CHEMBL3763030,2016,LITERATURE,Activation of recombinant human glucokinase assessed as NADPH formation using glucose as substrate incubated for 30 mins in presence of NADP+ and glucose 6-phosphate dehydrogenase relative to control
CHEMBL3765816,,CHEMBL3768920,16478919,Emax,=,265.7,%,,efficacy,percent,,,Emax 为激活幅度指标，按该 assay 内值域（max=716.4）判为 percent 尺度,,,0,CHEMBL3763030,2016,LITERATURE,Activation of recombinant human glucokinase assessed as NADPH formation using glucose as substrate incubated for 30 mins in presence of NADP+ and glucose 6-phosphate dehydrogenase relative to control
CHEMBL379153,,CHEMBL1781588,6208586,EC50,=,150,nM,6.82,potency,concentration,150.0,6.82,EC50 为标准化浓度型效力指标,,,0,CHEMBL1777741,2011,LITERATURE,Activation of His-tagged recombinant glucokinase expressed in Escherichia coli using [14C]-glucose substrate by spectrophotometrically
CHEMBL379153,,CHEMBL865109,1715026,EC50,=,110,nM,6.96,potency,concentration,110.0,6.96,EC50 为标准化浓度型效力指标,,,0,CHEMBL1147698,2006,LITERATURE,Activation of glucokinase
CHEMBL381434,,CHEMBL840244,1519198,EC50,=,570,nM,6.24,potency,concentration,570.0,6.24,EC50 为标准化浓度型效力指标,,,0,CHEMBL1143537,2005,LITERATURE,Potency in Glucokinase activation assay
CHEMBL3890502,,CHEMBL3888434,17768100,EC50,=,140,nM,6.85,potency,concentration,140.0,6.85,EC50 为标准化浓度型效力指标,,401468,0,CHEMBL3886709,2016,BINDINGDB,"Coupled Enzymatic Assay: The assay is carried out according to the protocol outlined in Hariharan et al (1997), Diabetes 46: 11-16. Briefly, the test compounds are incubated in a reaction mix containing 25 mM HEPES (pH 7.2), 10 mM MgCl2, 100 mM KCl, 5 mM ATP, 2 mM DTT, 0.5 mM NAD, 1 U/mL Leuconostoc mesenteroides G6PD, 0.3 U/mL of purified human recombinant GK, and different concentrations of glucose. Enzymatic activity is calculated from the initial reaction velocity, measured from the change in NADH absorbance as a function of time."
CHEMBL3890502,,CHEMBL3888434,17768118,EC50,=,64,nM,7.19,potency,concentration,64.0,7.19,EC50 为标准化浓度型效力指标,,401486,0,CHEMBL3886709,2016,BINDINGDB,"Coupled Enzymatic Assay: The assay is carried out according to the protocol outlined in Hariharan et al (1997), Diabetes 46: 11-16. Briefly, the test compounds are incubated in a reaction mix containing 25 mM HEPES (pH 7.2), 10 mM MgCl2, 100 mM KCl, 5 mM ATP, 2 mM DTT, 0.5 mM NAD, 1 U/mL Leuconostoc mesenteroides G6PD, 0.3 U/mL of purified human recombinant GK, and different concentrations of glucose. Enzymatic activity is calculated from the initial reaction velocity, measured from the change in NADH absorbance as a function of time."
CHEMBL3890812,,CHEMBL3889107,17794659,EC50,=,53.4,nM,7.27,potency,concentration,53.4,7.27,EC50 为标准化浓度型效力指标,25,434698,0,CHEMBL3886944,2016,BINDINGDB,"Glucokinase-Activating Assay: To test the exemplified compounds, the following assay was employed. Recombinant human liver glucokinase was expressed as a FLAG fusion protein in E. coli, and purified on ANTIFLAG M2 AFFINITY GEL (Sigma). The assay was carried out at 30° C. in a 96-well plate. In the plate was distributed 69 ul each of assay buffer (25 mM Hepes Buffer: pH=7.2, 2 mM MgCl2, 1 mM ATP, 0.5 mM TNAD, 1 mM dithiothreitol), to which was added 1 ul of a DMSO solution of the compound or DMSO as control. Then, 20 ul of pre-ice-cooled enzyme mixture (FLAG-GK, 20 U/ml G6PDH) was distributed thereto, to which was added 10 ul of 25 mM glucose as substrate to initiate the reaction (final glucose concentration=2.5 mM). After starting the reaction, the absorbance at 405 nm was measured every 30 seconds for 10 minutes to evaluate the compound based on the initial increase for 5 minutes. FLAG-GK was added so that the increase of absorbance after 5 minutes fell between 0.05 to 0.1 in the presence of 1% DMSO. The OD values of the respective compounds were measured in the respective concentrations, wherein the OD value of DMSO as control is regarded as 100%. From the OD values at the respective concentrations, Emax (%, 2.5 mM Glu) and EC50 (nM, 2.5 mM Glu) were calculated and used as indicators of the GK activation capability of the compounds. According to the above assay, the GK activation capability of the exemplified compounds of the present invention was determined. The following table shows the results. Where different enantiomers of the same compound were tested, two numbers are provided. Where 3 numbers are provided, for example, Ex. #30, data for the racemic form is also shown."
CHEMBL3891616,,CHEMBL3889107,17794675,EC50,=,108.1,nM,6.97,potency,concentration,108.1,6.97,EC50 为标准化浓度型效力指标,25,434714,0,CHEMBL3886944,2016,BINDINGDB,"Glucokinase-Activating Assay: To test the exemplified compounds, the following assay was employed. Recombinant human liver glucokinase was expressed as a FLAG fusion protein in E. coli, and purified on ANTIFLAG M2 AFFINITY GEL (Sigma). The assay was carried out at 30° C. in a 96-well plate. In the plate was distributed 69 ul each of assay buffer (25 mM Hepes Buffer: pH=7.2, 2 mM MgCl2, 1 mM ATP, 0.5 mM TNAD, 1 mM dithiothreitol), to which was added 1 ul of a DMSO solution of the compound or DMSO as control. Then, 20 ul of pre-ice-cooled enzyme mixture (FLAG-GK, 20 U/ml G6PDH) was distributed thereto, to which was added 10 ul of 25 mM glucose as substrate to initiate the reaction (final glucose concentration=2.5 mM). After starting the reaction, the absorbance at 405 nm was measured every 30 seconds for 10 minutes to evaluate the compound based on the initial increase for 5 minutes. FLAG-GK was added so that the increase of absorbance after 5 minutes fell between 0.05 to 0.1 in the presence of 1% DMSO. The OD values of the respective compounds were measured in the respective concentrations, wherein the OD value of DMSO as control is regarded as 100%. From the OD values at the respective concentrations, Emax (%, 2.5 mM Glu) and EC50 (nM, 2.5 mM Glu) were calculated and used as indicators of the GK activation capability of the compounds. According to the above assay, the GK activation capability of the exemplified compounds of the present invention was determined. The following table shows the results. Where different enantiomers of the same compound were tested, two numbers are provided. Where 3 numbers are provided, for example, Ex. #30, data for the racemic form is also shown."
CHEMBL3893442,,CHEMBL3889107,17794681,EC50,=,2.1,nM,8.68,potency,concentration,2.1,8.68,EC50 为标准化浓度型效力指标,25,434720,0,CHEMBL3886944,2016,BINDINGDB,"Glucokinase-Activating Assay: To test the exemplified compounds, the following assay was employed. Recombinant human liver glucokinase was expressed as a FLAG fusion protein in E. coli, and purified on ANTIFLAG M2 AFFINITY GEL (Sigma). The assay was carried out at 30° C. in a 96-well plate. In the plate was distributed 69 ul each of assay buffer (25 mM Hepes Buffer: pH=7.2, 2 mM MgCl2, 1 mM ATP, 0.5 mM TNAD, 1 mM dithiothreitol), to which was added 1 ul of a DMSO solution of the compound or DMSO as control. Then, 20 ul of pre-ice-cooled enzyme mixture (FLAG-GK, 20 U/ml G6PDH) was distributed thereto, to which was added 10 ul of 25 mM glucose as substrate to initiate the reaction (final glucose concentration=2.5 mM). After starting the reaction, the absorbance at 405 nm was measured every 30 seconds for 10 minutes to evaluate the compound based on the initial increase for 5 minutes. FLAG-GK was added so that the increase of absorbance after 5 minutes fell between 0.05 to 0.1 in the presence of 1% DMSO. The OD values of the respective compounds were measured in the respective concentrations, wherein the OD value of DMSO as control is regarded as 100%. From the OD values at the respective concentrations, Emax (%, 2.5 mM Glu) and EC50 (nM, 2.5 mM Glu) were calculated and used as indicators of the GK activation capability of the compounds. According to the above assay, the GK activation capability of the exemplified compounds of the present invention was determined. The following table shows the results. Where different enantiomers of the same compound were tested, two numbers are provided. Where 3 numbers are provided, for example, Ex. #30, data for the racemic form is also shown."
CHEMBL3894527,,CHEMBL3889107,17794678,EC50,=,63.9,nM,7.19,potency,concentration,63.9,7.19,EC50 为标准化浓度型效力指标,25,434717,0,CHEMBL3886944,2016,BINDINGDB,"Glucokinase-Activating Assay: To test the exemplified compounds, the following assay was employed. Recombinant human liver glucokinase was expressed as a FLAG fusion protein in E. coli, and purified on ANTIFLAG M2 AFFINITY GEL (Sigma). The assay was carried out at 30° C. in a 96-well plate. In the plate was distributed 69 ul each of assay buffer (25 mM Hepes Buffer: pH=7.2, 2 mM MgCl2, 1 mM ATP, 0.5 mM TNAD, 1 mM dithiothreitol), to which was added 1 ul of a DMSO solution of the compound or DMSO as control. Then, 20 ul of pre-ice-cooled enzyme mixture (FLAG-GK, 20 U/ml G6PDH) was distributed thereto, to which was added 10 ul of 25 mM glucose as substrate to initiate the reaction (final glucose concentration=2.5 mM). After starting the reaction, the absorbance at 405 nm was measured every 30 seconds for 10 minutes to evaluate the compound based on the initial increase for 5 minutes. FLAG-GK was added so that the increase of absorbance after 5 minutes fell between 0.05 to 0.1 in the presence of 1% DMSO. The OD values of the respective compounds were measured in the respective concentrations, wherein the OD value of DMSO as control is regarded as 100%. From the OD values at the respective concentrations, Emax (%, 2.5 mM Glu) and EC50 (nM, 2.5 mM Glu) were calculated and used as indicators of the GK activation capability of the compounds. According to the above assay, the GK activation capability of the exemplified compounds of the present invention was determined. The following table shows the results. Where different enantiomers of the same compound were tested, two numbers are provided. Where 3 numbers are provided, for example, Ex. #30, data for the racemic form is also shown."
CHEMBL3895061,,CHEMBL3889107,17794697,EC50,=,8.9,nM,8.05,potency,concentration,8.9,8.05,EC50 为标准化浓度型效力指标,25,434736,0,CHEMBL3886944,2016,BINDINGDB,"Glucokinase-Activating Assay: To test the exemplified compounds, the following assay was employed. Recombinant human liver glucokinase was expressed as a FLAG fusion protein in E. coli, and purified on ANTIFLAG M2 AFFINITY GEL (Sigma). The assay was carried out at 30° C. in a 96-well plate. In the plate was distributed 69 ul each of assay buffer (25 mM Hepes Buffer: pH=7.2, 2 mM MgCl2, 1 mM ATP, 0.5 mM TNAD, 1 mM dithiothreitol), to which was added 1 ul of a DMSO solution of the compound or DMSO as control. Then, 20 ul of pre-ice-cooled enzyme mixture (FLAG-GK, 20 U/ml G6PDH) was distributed thereto, to which was added 10 ul of 25 mM glucose as substrate to initiate the reaction (final glucose concentration=2.5 mM). After starting the reaction, the absorbance at 405 nm was measured every 30 seconds for 10 minutes to evaluate the compound based on the initial increase for 5 minutes. FLAG-GK was added so that the increase of absorbance after 5 minutes fell between 0.05 to 0.1 in the presence of 1% DMSO. The OD values of the respective compounds were measured in the respective concentrations, wherein the OD value of DMSO as control is regarded as 100%. From the OD values at the respective concentrations, Emax (%, 2.5 mM Glu) and EC50 (nM, 2.5 mM Glu) were calculated and used as indicators of the GK activation capability of the compounds. According to the above assay, the GK activation capability of the exemplified compounds of the present invention was determined. The following table shows the results. Where different enantiomers of the same compound were tested, two numbers are provided. Where 3 numbers are provided, for example, Ex. #30, data for the racemic form is also shown."
CHEMBL3896295,,CHEMBL3889107,17794661,EC50,=,21.8,nM,7.66,potency,concentration,21.8,7.66,EC50 为标准化浓度型效力指标,25,434700,0,CHEMBL3886944,2016,BINDINGDB,"Glucokinase-Activating Assay: To test the exemplified compounds, the following assay was employed. Recombinant human liver glucokinase was expressed as a FLAG fusion protein in E. coli, and purified on ANTIFLAG M2 AFFINITY GEL (Sigma). The assay was carried out at 30° C. in a 96-well plate. In the plate was distributed 69 ul each of assay buffer (25 mM Hepes Buffer: pH=7.2, 2 mM MgCl2, 1 mM ATP, 0.5 mM TNAD, 1 mM dithiothreitol), to which was added 1 ul of a DMSO solution of the compound or DMSO as control. Then, 20 ul of pre-ice-cooled enzyme mixture (FLAG-GK, 20 U/ml G6PDH) was distributed thereto, to which was added 10 ul of 25 mM glucose as substrate to initiate the reaction (final glucose concentration=2.5 mM). After starting the reaction, the absorbance at 405 nm was measured every 30 seconds for 10 minutes to evaluate the compound based on the initial increase for 5 minutes. FLAG-GK was added so that the increase of absorbance after 5 minutes fell between 0.05 to 0.1 in the presence of 1% DMSO. The OD values of the respective compounds were measured in the respective concentrations, wherein the OD value of DMSO as control is regarded as 100%. From the OD values at the respective concentrations, Emax (%, 2.5 mM Glu) and EC50 (nM, 2.5 mM Glu) were calculated and used as indicators of the GK activation capability of the compounds. According to the above assay, the GK activation capability of the exemplified compounds of the present invention was determined. The following table shows the results. Where different enantiomers of the same compound were tested, two numbers are provided. Where 3 numbers are provided, for example, Ex. #30, data for the racemic form is also shown."
CHEMBL3896295,,CHEMBL3889107,17794662,EC50,=,11.4,nM,7.94,potency,concentration,11.4,7.94,EC50 为标准化浓度型效力指标,25,434701,0,CHEMBL3886944,2016,BINDINGDB,"Glucokinase-Activating Assay: To test the exemplified compounds, the following assay was employed. Recombinant human liver glucokinase was expressed as a FLAG fusion protein in E. coli, and purified on ANTIFLAG M2 AFFINITY GEL (Sigma). The assay was carried out at 30° C. in a 96-well plate. In the plate was distributed 69 ul each of assay buffer (25 mM Hepes Buffer: pH=7.2, 2 mM MgCl2, 1 mM ATP, 0.5 mM TNAD, 1 mM dithiothreitol), to which was added 1 ul of a DMSO solution of the compound or DMSO as control. Then, 20 ul of pre-ice-cooled enzyme mixture (FLAG-GK, 20 U/ml G6PDH) was distributed thereto, to which was added 10 ul of 25 mM glucose as substrate to initiate the reaction (final glucose concentration=2.5 mM). After starting the reaction, the absorbance at 405 nm was measured every 30 seconds for 10 minutes to evaluate the compound based on the initial increase for 5 minutes. FLAG-GK was added so that the increase of absorbance after 5 minutes fell between 0.05 to 0.1 in the presence of 1% DMSO. The OD values of the respective compounds were measured in the respective concentrations, wherein the OD value of DMSO as control is regarded as 100%. From the OD values at the respective concentrations, Emax (%, 2.5 mM Glu) and EC50 (nM, 2.5 mM Glu) were calculated and used as indicators of the GK activation capability of the compounds. According to the above assay, the GK activation capability of the exemplified compounds of the present invention was determined. The following table shows the results. Where different enantiomers of the same compound were tested, two numbers are provided. Where 3 numbers are provided, for example, Ex. #30, data for the racemic form is also shown."
CHEMBL3900493,,CHEMBL3889107,17794690,EC50,=,1967,nM,5.71,potency,concentration,1967.0,5.71,EC50 为标准化浓度型效力指标,25,434729,0,CHEMBL3886944,2016,BINDINGDB,"Glucokinase-Activating Assay: To test the exemplified compounds, the following assay was employed. Recombinant human liver glucokinase was expressed as a FLAG fusion protein in E. coli, and purified on ANTIFLAG M2 AFFINITY GEL (Sigma). The assay was carried out at 30° C. in a 96-well plate. In the plate was distributed 69 ul each of assay buffer (25 mM Hepes Buffer: pH=7.2, 2 mM MgCl2, 1 mM ATP, 0.5 mM TNAD, 1 mM dithiothreitol), to which was added 1 ul of a DMSO solution of the compound or DMSO as control. Then, 20 ul of pre-ice-cooled enzyme mixture (FLAG-GK, 20 U/ml G6PDH) was distributed thereto, to which was added 10 ul of 25 mM glucose as substrate to initiate the reaction (final glucose concentration=2.5 mM). After starting the reaction, the absorbance at 405 nm was measured every 30 seconds for 10 minutes to evaluate the compound based on the initial increase for 5 minutes. FLAG-GK was added so that the increase of absorbance after 5 minutes fell between 0.05 to 0.1 in the presence of 1% DMSO. The OD values of the respective compounds were measured in the respective concentrations, wherein the OD value of DMSO as control is regarded as 100%. From the OD values at the respective concentrations, Emax (%, 2.5 mM Glu) and EC50 (nM, 2.5 mM Glu) were calculated and used as indicators of the GK activation capability of the compounds. According to the above assay, the GK activation capability of the exemplified compounds of the present invention was determined. The following table shows the results. Where different enantiomers of the same compound were tested, two numbers are provided. Where 3 numbers are provided, for example, Ex. #30, data for the racemic form is also shown."
CHEMBL3900493,,CHEMBL3889107,17794691,EC50,=,234.1,nM,6.63,potency,concentration,234.1,6.63,EC50 为标准化浓度型效力指标,25,434730,0,CHEMBL3886944,2016,BINDINGDB,"Glucokinase-Activating Assay: To test the exemplified compounds, the following assay was employed. Recombinant human liver glucokinase was expressed as a FLAG fusion protein in E. coli, and purified on ANTIFLAG M2 AFFINITY GEL (Sigma). The assay was carried out at 30° C. in a 96-well plate. In the plate was distributed 69 ul each of assay buffer (25 mM Hepes Buffer: pH=7.2, 2 mM MgCl2, 1 mM ATP, 0.5 mM TNAD, 1 mM dithiothreitol), to which was added 1 ul of a DMSO solution of the compound or DMSO as control. Then, 20 ul of pre-ice-cooled enzyme mixture (FLAG-GK, 20 U/ml G6PDH) was distributed thereto, to which was added 10 ul of 25 mM glucose as substrate to initiate the reaction (final glucose concentration=2.5 mM). After starting the reaction, the absorbance at 405 nm was measured every 30 seconds for 10 minutes to evaluate the compound based on the initial increase for 5 minutes. FLAG-GK was added so that the increase of absorbance after 5 minutes fell between 0.05 to 0.1 in the presence of 1% DMSO. The OD values of the respective compounds were measured in the respective concentrations, wherein the OD value of DMSO as control is regarded as 100%. From the OD values at the respective concentrations, Emax (%, 2.5 mM Glu) and EC50 (nM, 2.5 mM Glu) were calculated and used as indicators of the GK activation capability of the compounds. According to the above assay, the GK activation capability of the exemplified compounds of the present invention was determined. The following table shows the results. Where different enantiomers of the same compound were tested, two numbers are provided. Where 3 numbers are provided, for example, Ex. #30, data for the racemic form is also shown."
CHEMBL3901777,,CHEMBL3889107,17794671,EC50,=,3.8,nM,8.42,potency,concentration,3.8,8.42,EC50 为标准化浓度型效力指标,25,434710,0,CHEMBL3886944,2016,BINDINGDB,"Glucokinase-Activating Assay: To test the exemplified compounds, the following assay was employed. Recombinant human liver glucokinase was expressed as a FLAG fusion protein in E. coli, and purified on ANTIFLAG M2 AFFINITY GEL (Sigma). The assay was carried out at 30° C. in a 96-well plate. In the plate was distributed 69 ul each of assay buffer (25 mM Hepes Buffer: pH=7.2, 2 mM MgCl2, 1 mM ATP, 0.5 mM TNAD, 1 mM dithiothreitol), to which was added 1 ul of a DMSO solution of the compound or DMSO as control. Then, 20 ul of pre-ice-cooled enzyme mixture (FLAG-GK, 20 U/ml G6PDH) was distributed thereto, to which was added 10 ul of 25 mM glucose as substrate to initiate the reaction (final glucose concentration=2.5 mM). After starting the reaction, the absorbance at 405 nm was measured every 30 seconds for 10 minutes to evaluate the compound based on the initial increase for 5 minutes. FLAG-GK was added so that the increase of absorbance after 5 minutes fell between 0.05 to 0.1 in the presence of 1% DMSO. The OD values of the respective compounds were measured in the respective concentrations, wherein the OD value of DMSO as control is regarded as 100%. From the OD values at the respective concentrations, Emax (%, 2.5 mM Glu) and EC50 (nM, 2.5 mM Glu) were calculated and used as indicators of the GK activation capability of the compounds. According to the above assay, the GK activation capability of the exemplified compounds of the present invention was determined. The following table shows the results. Where different enantiomers of the same compound were tested, two numbers are provided. Where 3 numbers are provided, for example, Ex. #30, data for the racemic form is also shown."
CHEMBL3901777,,CHEMBL3889107,17794672,EC50,=,24.6,nM,7.61,potency,concentration,24.6,7.61,EC50 为标准化浓度型效力指标,25,434711,0,CHEMBL3886944,2016,BINDINGDB,"Glucokinase-Activating Assay: To test the exemplified compounds, the following assay was employed. Recombinant human liver glucokinase was expressed as a FLAG fusion protein in E. coli, and purified on ANTIFLAG M2 AFFINITY GEL (Sigma). The assay was carried out at 30° C. in a 96-well plate. In the plate was distributed 69 ul each of assay buffer (25 mM Hepes Buffer: pH=7.2, 2 mM MgCl2, 1 mM ATP, 0.5 mM TNAD, 1 mM dithiothreitol), to which was added 1 ul of a DMSO solution of the compound or DMSO as control. Then, 20 ul of pre-ice-cooled enzyme mixture (FLAG-GK, 20 U/ml G6PDH) was distributed thereto, to which was added 10 ul of 25 mM glucose as substrate to initiate the reaction (final glucose concentration=2.5 mM). After starting the reaction, the absorbance at 405 nm was measured every 30 seconds for 10 minutes to evaluate the compound based on the initial increase for 5 minutes. FLAG-GK was added so that the increase of absorbance after 5 minutes fell between 0.05 to 0.1 in the presence of 1% DMSO. The OD values of the respective compounds were measured in the respective concentrations, wherein the OD value of DMSO as control is regarded as 100%. From the OD values at the respective concentrations, Emax (%, 2.5 mM Glu) and EC50 (nM, 2.5 mM Glu) were calculated and used as indicators of the GK activation capability of the compounds. According to the above assay, the GK activation capability of the exemplified compounds of the present invention was determined. The following table shows the results. Where different enantiomers of the same compound were tested, two numbers are provided. Where 3 numbers are provided, for example, Ex. #30, data for the racemic form is also shown."
CHEMBL3903108,,CHEMBL3888434,17768094,EC50,=,480,nM,6.32,potency,concentration,480.0,6.32,EC50 为标准化浓度型效力指标,,401462,0,CHEMBL3886709,2016,BINDINGDB,"Coupled Enzymatic Assay: The assay is carried out according to the protocol outlined in Hariharan et al (1997), Diabetes 46: 11-16. Briefly, the test compounds are incubated in a reaction mix containing 25 mM HEPES (pH 7.2), 10 mM MgCl2, 100 mM KCl, 5 mM ATP, 2 mM DTT, 0.5 mM NAD, 1 U/mL Leuconostoc mesenteroides G6PD, 0.3 U/mL of purified human recombinant GK, and different concentrations of glucose. Enzymatic activity is calculated from the initial reaction velocity, measured from the change in NADH absorbance as a function of time."
CHEMBL3903467,,CHEMBL3889107,17794676,EC50,=,81,nM,7.09,potency,concentration,81.0,7.09,EC50 为标准化浓度型效力指标,25,434715,0,CHEMBL3886944,2016,BINDINGDB,"Glucokinase-Activating Assay: To test the exemplified compounds, the following assay was employed. Recombinant human liver glucokinase was expressed as a FLAG fusion protein in E. coli, and purified on ANTIFLAG M2 AFFINITY GEL (Sigma). The assay was carried out at 30° C. in a 96-well plate. In the plate was distributed 69 ul each of assay buffer (25 mM Hepes Buffer: pH=7.2, 2 mM MgCl2, 1 mM ATP, 0.5 mM TNAD, 1 mM dithiothreitol), to which was added 1 ul of a DMSO solution of the compound or DMSO as control. Then, 20 ul of pre-ice-cooled enzyme mixture (FLAG-GK, 20 U/ml G6PDH) was distributed thereto, to which was added 10 ul of 25 mM glucose as substrate to initiate the reaction (final glucose concentration=2.5 mM). After starting the reaction, the absorbance at 405 nm was measured every 30 seconds for 10 minutes to evaluate the compound based on the initial increase for 5 minutes. FLAG-GK was added so that the increase of absorbance after 5 minutes fell between 0.05 to 0.1 in the presence of 1% DMSO. The OD values of the respective compounds were measured in the respective concentrations, wherein the OD value of DMSO as control is regarded as 100%. From the OD values at the respective concentrations, Emax (%, 2.5 mM Glu) and EC50 (nM, 2.5 mM Glu) were calculated and used as indicators of the GK activation capability of the compounds. According to the above assay, the GK activation capability of the exemplified compounds of the present invention was determined. The following table shows the results. Where different enantiomers of the same compound were tested, two numbers are provided. Where 3 numbers are provided, for example, Ex. #30, data for the racemic form is also shown."
CHEMBL3905981,,CHEMBL3889107,17794698,EC50,=,66.7,nM,7.18,potency,concentration,66.7,7.18,EC50 为标准化浓度型效力指标,25,434737,0,CHEMBL3886944,2016,BINDINGDB,"Glucokinase-Activating Assay: To test the exemplified compounds, the following assay was employed. Recombinant human liver glucokinase was expressed as a FLAG fusion protein in E. coli, and purified on ANTIFLAG M2 AFFINITY GEL (Sigma). The assay was carried out at 30° C. in a 96-well plate. In the plate was distributed 69 ul each of assay buffer (25 mM Hepes Buffer: pH=7.2, 2 mM MgCl2, 1 mM ATP, 0.5 mM TNAD, 1 mM dithiothreitol), to which was added 1 ul of a DMSO solution of the compound or DMSO as control. Then, 20 ul of pre-ice-cooled enzyme mixture (FLAG-GK, 20 U/ml G6PDH) was distributed thereto, to which was added 10 ul of 25 mM glucose as substrate to initiate the reaction (final glucose concentration=2.5 mM). After starting the reaction, the absorbance at 405 nm was measured every 30 seconds for 10 minutes to evaluate the compound based on the initial increase for 5 minutes. FLAG-GK was added so that the increase of absorbance after 5 minutes fell between 0.05 to 0.1 in the presence of 1% DMSO. The OD values of the respective compounds were measured in the respective concentrations, wherein the OD value of DMSO as control is regarded as 100%. From the OD values at the respective concentrations, Emax (%, 2.5 mM Glu) and EC50 (nM, 2.5 mM Glu) were calculated and used as indicators of the GK activation capability of the compounds. According to the above assay, the GK activation capability of the exemplified compounds of the present invention was determined. The following table shows the results. Where different enantiomers of the same compound were tested, two numbers are provided. Where 3 numbers are provided, for example, Ex. #30, data for the racemic form is also shown."
CHEMBL3907860,,CHEMBL3889107,17794686,EC50,=,23.8,nM,7.62,potency,concentration,23.8,7.62,EC50 为标准化浓度型效力指标,25,434725,0,CHEMBL3886944,2016,BINDINGDB,"Glucokinase-Activating Assay: To test the exemplified compounds, the following assay was employed. Recombinant human liver glucokinase was expressed as a FLAG fusion protein in E. coli, and purified on ANTIFLAG M2 AFFINITY GEL (Sigma). The assay was carried out at 30° C. in a 96-well plate. In the plate was distributed 69 ul each of assay buffer (25 mM Hepes Buffer: pH=7.2, 2 mM MgCl2, 1 mM ATP, 0.5 mM TNAD, 1 mM dithiothreitol), to which was added 1 ul of a DMSO solution of the compound or DMSO as control. Then, 20 ul of pre-ice-cooled enzyme mixture (FLAG-GK, 20 U/ml G6PDH) was distributed thereto, to which was added 10 ul of 25 mM glucose as substrate to initiate the reaction (final glucose concentration=2.5 mM). After starting the reaction, the absorbance at 405 nm was measured every 30 seconds for 10 minutes to evaluate the compound based on the initial increase for 5 minutes. FLAG-GK was added so that the increase of absorbance after 5 minutes fell between 0.05 to 0.1 in the presence of 1% DMSO. The OD values of the respective compounds were measured in the respective concentrations, wherein the OD value of DMSO as control is regarded as 100%. From the OD values at the respective concentrations, Emax (%, 2.5 mM Glu) and EC50 (nM, 2.5 mM Glu) were calculated and used as indicators of the GK activation capability of the compounds. According to the above assay, the GK activation capability of the exemplified compounds of the present invention was determined. The following table shows the results. Where different enantiomers of the same compound were tested, two numbers are provided. Where 3 numbers are provided, for example, Ex. #30, data for the racemic form is also shown."
CHEMBL3908170,,CHEMBL3888434,17768091,EC50,=,93,nM,7.03,potency,concentration,93.0,7.03,EC50 为标准化浓度型效力指标,,401459,0,CHEMBL3886709,2016,BINDINGDB,"Coupled Enzymatic Assay: The assay is carried out according to the protocol outlined in Hariharan et al (1997), Diabetes 46: 11-16. Briefly, the test compounds are incubated in a reaction mix containing 25 mM HEPES (pH 7.2), 10 mM MgCl2, 100 mM KCl, 5 mM ATP, 2 mM DTT, 0.5 mM NAD, 1 U/mL Leuconostoc mesenteroides G6PD, 0.3 U/mL of purified human recombinant GK, and different concentrations of glucose. Enzymatic activity is calculated from the initial reaction velocity, measured from the change in NADH absorbance as a function of time."
CHEMBL3908999,,CHEMBL3889107,17794682,EC50,=,17.1,nM,7.77,potency,concentration,17.1,7.77,EC50 为标准化浓度型效力指标,25,434721,0,CHEMBL3886944,2016,BINDINGDB,"Glucokinase-Activating Assay: To test the exemplified compounds, the following assay was employed. Recombinant human liver glucokinase was expressed as a FLAG fusion protein in E. coli, and purified on ANTIFLAG M2 AFFINITY GEL (Sigma). The assay was carried out at 30° C. in a 96-well plate. In the plate was distributed 69 ul each of assay buffer (25 mM Hepes Buffer: pH=7.2, 2 mM MgCl2, 1 mM ATP, 0.5 mM TNAD, 1 mM dithiothreitol), to which was added 1 ul of a DMSO solution of the compound or DMSO as control. Then, 20 ul of pre-ice-cooled enzyme mixture (FLAG-GK, 20 U/ml G6PDH) was distributed thereto, to which was added 10 ul of 25 mM glucose as substrate to initiate the reaction (final glucose concentration=2.5 mM). After starting the reaction, the absorbance at 405 nm was measured every 30 seconds for 10 minutes to evaluate the compound based on the initial increase for 5 minutes. FLAG-GK was added so that the increase of absorbance after 5 minutes fell between 0.05 to 0.1 in the presence of 1% DMSO. The OD values of the respective compounds were measured in the respective concentrations, wherein the OD value of DMSO as control is regarded as 100%. From the OD values at the respective concentrations, Emax (%, 2.5 mM Glu) and EC50 (nM, 2.5 mM Glu) were calculated and used as indicators of the GK activation capability of the compounds. According to the above assay, the GK activation capability of the exemplified compounds of the present invention was determined. The following table shows the results. Where different enantiomers of the same compound were tested, two numbers are provided. Where 3 numbers are provided, for example, Ex. #30, data for the racemic form is also shown."
CHEMBL3908999,,CHEMBL3889107,17794683,EC50,=,15.1,nM,7.82,potency,concentration,15.1,7.82,EC50 为标准化浓度型效力指标,25,434722,0,CHEMBL3886944,2016,BINDINGDB,"Glucokinase-Activating Assay: To test the exemplified compounds, the following assay was employed. Recombinant human liver glucokinase was expressed as a FLAG fusion protein in E. coli, and purified on ANTIFLAG M2 AFFINITY GEL (Sigma). The assay was carried out at 30° C. in a 96-well plate. In the plate was distributed 69 ul each of assay buffer (25 mM Hepes Buffer: pH=7.2, 2 mM MgCl2, 1 mM ATP, 0.5 mM TNAD, 1 mM dithiothreitol), to which was added 1 ul of a DMSO solution of the compound or DMSO as control. Then, 20 ul of pre-ice-cooled enzyme mixture (FLAG-GK, 20 U/ml G6PDH) was distributed thereto, to which was added 10 ul of 25 mM glucose as substrate to initiate the reaction (final glucose concentration=2.5 mM). After starting the reaction, the absorbance at 405 nm was measured every 30 seconds for 10 minutes to evaluate the compound based on the initial increase for 5 minutes. FLAG-GK was added so that the increase of absorbance after 5 minutes fell between 0.05 to 0.1 in the presence of 1% DMSO. The OD values of the respective compounds were measured in the respective concentrations, wherein the OD value of DMSO as control is regarded as 100%. From the OD values at the respective concentrations, Emax (%, 2.5 mM Glu) and EC50 (nM, 2.5 mM Glu) were calculated and used as indicators of the GK activation capability of the compounds. According to the above assay, the GK activation capability of the exemplified compounds of the present invention was determined. The following table shows the results. Where different enantiomers of the same compound were tested, two numbers are provided. Where 3 numbers are provided, for example, Ex. #30, data for the racemic form is also shown."
CHEMBL3909830,,CHEMBL3888434,17768116,EC50,=,270,nM,6.57,potency,concentration,270.0,6.57,EC50 为标准化浓度型效力指标,,401484,0,CHEMBL3886709,2016,BINDINGDB,"Coupled Enzymatic Assay: The assay is carried out according to the protocol outlined in Hariharan et al (1997), Diabetes 46: 11-16. Briefly, the test compounds are incubated in a reaction mix containing 25 mM HEPES (pH 7.2), 10 mM MgCl2, 100 mM KCl, 5 mM ATP, 2 mM DTT, 0.5 mM NAD, 1 U/mL Leuconostoc mesenteroides G6PD, 0.3 U/mL of purified human recombinant GK, and different concentrations of glucose. Enzymatic activity is calculated from the initial reaction velocity, measured from the change in NADH absorbance as a function of time."
CHEMBL3910047,,CHEMBL3888434,17768102,EC50,=,1200,nM,5.92,potency,concentration,1200.0,5.92,EC50 为标准化浓度型效力指标,,401470,0,CHEMBL3886709,2016,BINDINGDB,"Coupled Enzymatic Assay: The assay is carried out according to the protocol outlined in Hariharan et al (1997), Diabetes 46: 11-16. Briefly, the test compounds are incubated in a reaction mix containing 25 mM HEPES (pH 7.2), 10 mM MgCl2, 100 mM KCl, 5 mM ATP, 2 mM DTT, 0.5 mM NAD, 1 U/mL Leuconostoc mesenteroides G6PD, 0.3 U/mL of purified human recombinant GK, and different concentrations of glucose. Enzymatic activity is calculated from the initial reaction velocity, measured from the change in NADH absorbance as a function of time."
CHEMBL3910810,,CHEMBL3889107,17794669,EC50,=,187.3,nM,6.73,potency,concentration,187.3,6.73,EC50 为标准化浓度型效力指标,25,434708,0,CHEMBL3886944,2016,BINDINGDB,"Glucokinase-Activating Assay: To test the exemplified compounds, the following assay was employed. Recombinant human liver glucokinase was expressed as a FLAG fusion protein in E. coli, and purified on ANTIFLAG M2 AFFINITY GEL (Sigma). The assay was carried out at 30° C. in a 96-well plate. In the plate was distributed 69 ul each of assay buffer (25 mM Hepes Buffer: pH=7.2, 2 mM MgCl2, 1 mM ATP, 0.5 mM TNAD, 1 mM dithiothreitol), to which was added 1 ul of a DMSO solution of the compound or DMSO as control. Then, 20 ul of pre-ice-cooled enzyme mixture (FLAG-GK, 20 U/ml G6PDH) was distributed thereto, to which was added 10 ul of 25 mM glucose as substrate to initiate the reaction (final glucose concentration=2.5 mM). After starting the reaction, the absorbance at 405 nm was measured every 30 seconds for 10 minutes to evaluate the compound based on the initial increase for 5 minutes. FLAG-GK was added so that the increase of absorbance after 5 minutes fell between 0.05 to 0.1 in the presence of 1% DMSO. The OD values of the respective compounds were measured in the respective concentrations, wherein the OD value of DMSO as control is regarded as 100%. From the OD values at the respective concentrations, Emax (%, 2.5 mM Glu) and EC50 (nM, 2.5 mM Glu) were calculated and used as indicators of the GK activation capability of the compounds. According to the above assay, the GK activation capability of the exemplified compounds of the present invention was determined. The following table shows the results. Where different enantiomers of the same compound were tested, two numbers are provided. Where 3 numbers are provided, for example, Ex. #30, data for the racemic form is also shown."
CHEMBL3911909,,CHEMBL3889107,17794693,EC50,=,68.8,nM,7.16,potency,concentration,68.8,7.16,EC50 为标准化浓度型效力指标,25,434732,0,CHEMBL3886944,2016,BINDINGDB,"Glucokinase-Activating Assay: To test the exemplified compounds, the following assay was employed. Recombinant human liver glucokinase was expressed as a FLAG fusion protein in E. coli, and purified on ANTIFLAG M2 AFFINITY GEL (Sigma). The assay was carried out at 30° C. in a 96-well plate. In the plate was distributed 69 ul each of assay buffer (25 mM Hepes Buffer: pH=7.2, 2 mM MgCl2, 1 mM ATP, 0.5 mM TNAD, 1 mM dithiothreitol), to which was added 1 ul of a DMSO solution of the compound or DMSO as control. Then, 20 ul of pre-ice-cooled enzyme mixture (FLAG-GK, 20 U/ml G6PDH) was distributed thereto, to which was added 10 ul of 25 mM glucose as substrate to initiate the reaction (final glucose concentration=2.5 mM). After starting the reaction, the absorbance at 405 nm was measured every 30 seconds for 10 minutes to evaluate the compound based on the initial increase for 5 minutes. FLAG-GK was added so that the increase of absorbance after 5 minutes fell between 0.05 to 0.1 in the presence of 1% DMSO. The OD values of the respective compounds were measured in the respective concentrations, wherein the OD value of DMSO as control is regarded as 100%. From the OD values at the respective concentrations, Emax (%, 2.5 mM Glu) and EC50 (nM, 2.5 mM Glu) were calculated and used as indicators of the GK activation capability of the compounds. According to the above assay, the GK activation capability of the exemplified compounds of the present invention was determined. The following table shows the results. Where different enantiomers of the same compound were tested, two numbers are provided. Where 3 numbers are provided, for example, Ex. #30, data for the racemic form is also shown."
CHEMBL3915099,,CHEMBL3888434,17768119,EC50,=,290,nM,6.54,potency,concentration,290.0,6.54,EC50 为标准化浓度型效力指标,,401487,0,CHEMBL3886709,2016,BINDINGDB,"Coupled Enzymatic Assay: The assay is carried out according to the protocol outlined in Hariharan et al (1997), Diabetes 46: 11-16. Briefly, the test compounds are incubated in a reaction mix containing 25 mM HEPES (pH 7.2), 10 mM MgCl2, 100 mM KCl, 5 mM ATP, 2 mM DTT, 0.5 mM NAD, 1 U/mL Leuconostoc mesenteroides G6PD, 0.3 U/mL of purified human recombinant GK, and different concentrations of glucose. Enzymatic activity is calculated from the initial reaction velocity, measured from the change in NADH absorbance as a function of time."
CHEMBL3916212,,CHEMBL3889107,17794667,EC50,=,533.1,nM,6.27,potency,concentration,533.1,6.27,EC50 为标准化浓度型效力指标,25,434706,0,CHEMBL3886944,2016,BINDINGDB,"Glucokinase-Activating Assay: To test the exemplified compounds, the following assay was employed. Recombinant human liver glucokinase was expressed as a FLAG fusion protein in E. coli, and purified on ANTIFLAG M2 AFFINITY GEL (Sigma). The assay was carried out at 30° C. in a 96-well plate. In the plate was distributed 69 ul each of assay buffer (25 mM Hepes Buffer: pH=7.2, 2 mM MgCl2, 1 mM ATP, 0.5 mM TNAD, 1 mM dithiothreitol), to which was added 1 ul of a DMSO solution of the compound or DMSO as control. Then, 20 ul of pre-ice-cooled enzyme mixture (FLAG-GK, 20 U/ml G6PDH) was distributed thereto, to which was added 10 ul of 25 mM glucose as substrate to initiate the reaction (final glucose concentration=2.5 mM). After starting the reaction, the absorbance at 405 nm was measured every 30 seconds for 10 minutes to evaluate the compound based on the initial increase for 5 minutes. FLAG-GK was added so that the increase of absorbance after 5 minutes fell between 0.05 to 0.1 in the presence of 1% DMSO. The OD values of the respective compounds were measured in the respective concentrations, wherein the OD value of DMSO as control is regarded as 100%. From the OD values at the respective concentrations, Emax (%, 2.5 mM Glu) and EC50 (nM, 2.5 mM Glu) were calculated and used as indicators of the GK activation capability of the compounds. According to the above assay, the GK activation capability of the exemplified compounds of the present invention was determined. The following table shows the results. Where different enantiomers of the same compound were tested, two numbers are provided. Where 3 numbers are provided, for example, Ex. #30, data for the racemic form is also shown."
CHEMBL3917932,,CHEMBL3889107,17794680,EC50,=,455.9,nM,6.34,potency,concentration,455.9,6.34,EC50 为标准化浓度型效力指标,25,434719,0,CHEMBL3886944,2016,BINDINGDB,"Glucokinase-Activating Assay: To test the exemplified compounds, the following assay was employed. Recombinant human liver glucokinase was expressed as a FLAG fusion protein in E. coli, and purified on ANTIFLAG M2 AFFINITY GEL (Sigma). The assay was carried out at 30° C. in a 96-well plate. In the plate was distributed 69 ul each of assay buffer (25 mM Hepes Buffer: pH=7.2, 2 mM MgCl2, 1 mM ATP, 0.5 mM TNAD, 1 mM dithiothreitol), to which was added 1 ul of a DMSO solution of the compound or DMSO as control. Then, 20 ul of pre-ice-cooled enzyme mixture (FLAG-GK, 20 U/ml G6PDH) was distributed thereto, to which was added 10 ul of 25 mM glucose as substrate to initiate the reaction (final glucose concentration=2.5 mM). After starting the reaction, the absorbance at 405 nm was measured every 30 seconds for 10 minutes to evaluate the compound based on the initial increase for 5 minutes. FLAG-GK was added so that the increase of absorbance after 5 minutes fell between 0.05 to 0.1 in the presence of 1% DMSO. The OD values of the respective compounds were measured in the respective concentrations, wherein the OD value of DMSO as control is regarded as 100%. From the OD values at the respective concentrations, Emax (%, 2.5 mM Glu) and EC50 (nM, 2.5 mM Glu) were calculated and used as indicators of the GK activation capability of the compounds. According to the above assay, the GK activation capability of the exemplified compounds of the present invention was determined. The following table shows the results. Where different enantiomers of the same compound were tested, two numbers are provided. Where 3 numbers are provided, for example, Ex. #30, data for the racemic form is also shown."
CHEMBL391800,,CHEMBL1042962,3058797,EC50,=,1360,nM,5.87,potency,concentration,1360.0,5.87,EC50 为标准化浓度型效力指标,,,0,CHEMBL1152613,2009,LITERATURE,Activation of human glucokinase expressed in Escherichia coli BL21(DE3) by G6PDH-coupled spectrometry
CHEMBL391800,,CHEMBL1042963,3058759,FC,=,2.01,,,efficacy,fold,,,FC（fold change）为激活倍数,,,0,CHEMBL1152613,2009,LITERATURE,Activation of human glucokinase expressed in Escherichia coli BL21(DE3) at 10 uM by G6PDH-coupled spectrometry relative to untreated control
CHEMBL3918883,,CHEMBL3889107,17794658,EC50,=,1.9,nM,8.72,potency,concentration,1.9,8.72,EC50 为标准化浓度型效力指标,25,434697,0,CHEMBL3886944,2016,BINDINGDB,"Glucokinase-Activating Assay: To test the exemplified compounds, the following assay was employed. Recombinant human liver glucokinase was expressed as a FLAG fusion protein in E. coli, and purified on ANTIFLAG M2 AFFINITY GEL (Sigma). The assay was carried out at 30° C. in a 96-well plate. In the plate was distributed 69 ul each of assay buffer (25 mM Hepes Buffer: pH=7.2, 2 mM MgCl2, 1 mM ATP, 0.5 mM TNAD, 1 mM dithiothreitol), to which was added 1 ul of a DMSO solution of the compound or DMSO as control. Then, 20 ul of pre-ice-cooled enzyme mixture (FLAG-GK, 20 U/ml G6PDH) was distributed thereto, to which was added 10 ul of 25 mM glucose as substrate to initiate the reaction (final glucose concentration=2.5 mM). After starting the reaction, the absorbance at 405 nm was measured every 30 seconds for 10 minutes to evaluate the compound based on the initial increase for 5 minutes. FLAG-GK was added so that the increase of absorbance after 5 minutes fell between 0.05 to 0.1 in the presence of 1% DMSO. The OD values of the respective compounds were measured in the respective concentrations, wherein the OD value of DMSO as control is regarded as 100%. From the OD values at the respective concentrations, Emax (%, 2.5 mM Glu) and EC50 (nM, 2.5 mM Glu) were calculated and used as indicators of the GK activation capability of the compounds. According to the above assay, the GK activation capability of the exemplified compounds of the present invention was determined. The following table shows the results. Where different enantiomers of the same compound were tested, two numbers are provided. Where 3 numbers are provided, for example, Ex. #30, data for the racemic form is also shown."
CHEMBL3924908,,CHEMBL3888434,17768089,EC50,>,10000,nM,,potency,concentration,10000.0,,EC50 为标准化浓度型效力指标,,401457,0,CHEMBL3886709,2016,BINDINGDB,"Coupled Enzymatic Assay: The assay is carried out according to the protocol outlined in Hariharan et al (1997), Diabetes 46: 11-16. Briefly, the test compounds are incubated in a reaction mix containing 25 mM HEPES (pH 7.2), 10 mM MgCl2, 100 mM KCl, 5 mM ATP, 2 mM DTT, 0.5 mM NAD, 1 U/mL Leuconostoc mesenteroides G6PD, 0.3 U/mL of purified human recombinant GK, and different concentrations of glucose. Enzymatic activity is calculated from the initial reaction velocity, measured from the change in NADH absorbance as a function of time."
CHEMBL3925207,,CHEMBL3889107,17794665,EC50,=,774.4,nM,6.11,potency,concentration,774.4,6.11,EC50 为标准化浓度型效力指标,25,434704,0,CHEMBL3886944,2016,BINDINGDB,"Glucokinase-Activating Assay: To test the exemplified compounds, the following assay was employed. Recombinant human liver glucokinase was expressed as a FLAG fusion protein in E. coli, and purified on ANTIFLAG M2 AFFINITY GEL (Sigma). The assay was carried out at 30° C. in a 96-well plate. In the plate was distributed 69 ul each of assay buffer (25 mM Hepes Buffer: pH=7.2, 2 mM MgCl2, 1 mM ATP, 0.5 mM TNAD, 1 mM dithiothreitol), to which was added 1 ul of a DMSO solution of the compound or DMSO as control. Then, 20 ul of pre-ice-cooled enzyme mixture (FLAG-GK, 20 U/ml G6PDH) was distributed thereto, to which was added 10 ul of 25 mM glucose as substrate to initiate the reaction (final glucose concentration=2.5 mM). After starting the reaction, the absorbance at 405 nm was measured every 30 seconds for 10 minutes to evaluate the compound based on the initial increase for 5 minutes. FLAG-GK was added so that the increase of absorbance after 5 minutes fell between 0.05 to 0.1 in the presence of 1% DMSO. The OD values of the respective compounds were measured in the respective concentrations, wherein the OD value of DMSO as control is regarded as 100%. From the OD values at the respective concentrations, Emax (%, 2.5 mM Glu) and EC50 (nM, 2.5 mM Glu) were calculated and used as indicators of the GK activation capability of the compounds. According to the above assay, the GK activation capability of the exemplified compounds of the present invention was determined. The following table shows the results. Where different enantiomers of the same compound were tested, two numbers are provided. Where 3 numbers are provided, for example, Ex. #30, data for the racemic form is also shown."
CHEMBL3927802,,CHEMBL3889107,17794660,EC50,=,797.2,nM,6.1,potency,concentration,797.2,6.1,EC50 为标准化浓度型效力指标,25,434699,0,CHEMBL3886944,2016,BINDINGDB,"Glucokinase-Activating Assay: To test the exemplified compounds, the following assay was employed. Recombinant human liver glucokinase was expressed as a FLAG fusion protein in E. coli, and purified on ANTIFLAG M2 AFFINITY GEL (Sigma). The assay was carried out at 30° C. in a 96-well plate. In the plate was distributed 69 ul each of assay buffer (25 mM Hepes Buffer: pH=7.2, 2 mM MgCl2, 1 mM ATP, 0.5 mM TNAD, 1 mM dithiothreitol), to which was added 1 ul of a DMSO solution of the compound or DMSO as control. Then, 20 ul of pre-ice-cooled enzyme mixture (FLAG-GK, 20 U/ml G6PDH) was distributed thereto, to which was added 10 ul of 25 mM glucose as substrate to initiate the reaction (final glucose concentration=2.5 mM). After starting the reaction, the absorbance at 405 nm was measured every 30 seconds for 10 minutes to evaluate the compound based on the initial increase for 5 minutes. FLAG-GK was added so that the increase of absorbance after 5 minutes fell between 0.05 to 0.1 in the presence of 1% DMSO. The OD values of the respective compounds were measured in the respective concentrations, wherein the OD value of DMSO as control is regarded as 100%. From the OD values at the respective concentrations, Emax (%, 2.5 mM Glu) and EC50 (nM, 2.5 mM Glu) were calculated and used as indicators of the GK activation capability of the compounds. According to the above assay, the GK activation capability of the exemplified compounds of the present invention was determined. The following table shows the results. Where different enantiomers of the same compound were tested, two numbers are provided. Where 3 numbers are provided, for example, Ex. #30, data for the racemic form is also shown."
CHEMBL3927808,,CHEMBL3888434,17768122,EC50,=,130,nM,6.89,potency,concentration,130.0,6.89,EC50 为标准化浓度型效力指标,,401490,0,CHEMBL3886709,2016,BINDINGDB,"Coupled Enzymatic Assay: The assay is carried out according to the protocol outlined in Hariharan et al (1997), Diabetes 46: 11-16. Briefly, the test compounds are incubated in a reaction mix containing 25 mM HEPES (pH 7.2), 10 mM MgCl2, 100 mM KCl, 5 mM ATP, 2 mM DTT, 0.5 mM NAD, 1 U/mL Leuconostoc mesenteroides G6PD, 0.3 U/mL of purified human recombinant GK, and different concentrations of glucose. Enzymatic activity is calculated from the initial reaction velocity, measured from the change in NADH absorbance as a function of time."
CHEMBL3932133,,CHEMBL3888434,17768098,EC50,=,130,nM,6.89,potency,concentration,130.0,6.89,EC50 为标准化浓度型效力指标,,401466,0,CHEMBL3886709,2016,BINDINGDB,"Coupled Enzymatic Assay: The assay is carried out according to the protocol outlined in Hariharan et al (1997), Diabetes 46: 11-16. Briefly, the test compounds are incubated in a reaction mix containing 25 mM HEPES (pH 7.2), 10 mM MgCl2, 100 mM KCl, 5 mM ATP, 2 mM DTT, 0.5 mM NAD, 1 U/mL Leuconostoc mesenteroides G6PD, 0.3 U/mL of purified human recombinant GK, and different concentrations of glucose. Enzymatic activity is calculated from the initial reaction velocity, measured from the change in NADH absorbance as a function of time."
CHEMBL3933809,,CHEMBL3888434,17768114,EC50,=,380,nM,6.42,potency,concentration,380.0,6.42,EC50 为标准化浓度型效力指标,,401482,0,CHEMBL3886709,2016,BINDINGDB,"Coupled Enzymatic Assay: The assay is carried out according to the protocol outlined in Hariharan et al (1997), Diabetes 46: 11-16. Briefly, the test compounds are incubated in a reaction mix containing 25 mM HEPES (pH 7.2), 10 mM MgCl2, 100 mM KCl, 5 mM ATP, 2 mM DTT, 0.5 mM NAD, 1 U/mL Leuconostoc mesenteroides G6PD, 0.3 U/mL of purified human recombinant GK, and different concentrations of glucose. Enzymatic activity is calculated from the initial reaction velocity, measured from the change in NADH absorbance as a function of time."
CHEMBL3933975,,CHEMBL3889107,17794699,EC50,=,23.5,nM,7.63,potency,concentration,23.5,7.63,EC50 为标准化浓度型效力指标,25,434738,0,CHEMBL3886944,2016,BINDINGDB,"Glucokinase-Activating Assay: To test the exemplified compounds, the following assay was employed. Recombinant human liver glucokinase was expressed as a FLAG fusion protein in E. coli, and purified on ANTIFLAG M2 AFFINITY GEL (Sigma). The assay was carried out at 30° C. in a 96-well plate. In the plate was distributed 69 ul each of assay buffer (25 mM Hepes Buffer: pH=7.2, 2 mM MgCl2, 1 mM ATP, 0.5 mM TNAD, 1 mM dithiothreitol), to which was added 1 ul of a DMSO solution of the compound or DMSO as control. Then, 20 ul of pre-ice-cooled enzyme mixture (FLAG-GK, 20 U/ml G6PDH) was distributed thereto, to which was added 10 ul of 25 mM glucose as substrate to initiate the reaction (final glucose concentration=2.5 mM). After starting the reaction, the absorbance at 405 nm was measured every 30 seconds for 10 minutes to evaluate the compound based on the initial increase for 5 minutes. FLAG-GK was added so that the increase of absorbance after 5 minutes fell between 0.05 to 0.1 in the presence of 1% DMSO. The OD values of the respective compounds were measured in the respective concentrations, wherein the OD value of DMSO as control is regarded as 100%. From the OD values at the respective concentrations, Emax (%, 2.5 mM Glu) and EC50 (nM, 2.5 mM Glu) were calculated and used as indicators of the GK activation capability of the compounds. According to the above assay, the GK activation capability of the exemplified compounds of the present invention was determined. The following table shows the results. Where different enantiomers of the same compound were tested, two numbers are provided. Where 3 numbers are provided, for example, Ex. #30, data for the racemic form is also shown."
CHEMBL3937376,,CHEMBL3888434,17768087,EC50,=,660,nM,6.18,potency,concentration,660.0,6.18,EC50 为标准化浓度型效力指标,,401455,0,CHEMBL3886709,2016,BINDINGDB,"Coupled Enzymatic Assay: The assay is carried out according to the protocol outlined in Hariharan et al (1997), Diabetes 46: 11-16. Briefly, the test compounds are incubated in a reaction mix containing 25 mM HEPES (pH 7.2), 10 mM MgCl2, 100 mM KCl, 5 mM ATP, 2 mM DTT, 0.5 mM NAD, 1 U/mL Leuconostoc mesenteroides G6PD, 0.3 U/mL of purified human recombinant GK, and different concentrations of glucose. Enzymatic activity is calculated from the initial reaction velocity, measured from the change in NADH absorbance as a function of time."
CHEMBL3937987,,CHEMBL3888434,17768101,EC50,=,1500,nM,5.82,potency,concentration,1500.0,5.82,EC50 为标准化浓度型效力指标,,401469,0,CHEMBL3886709,2016,BINDINGDB,"Coupled Enzymatic Assay: The assay is carried out according to the protocol outlined in Hariharan et al (1997), Diabetes 46: 11-16. Briefly, the test compounds are incubated in a reaction mix containing 25 mM HEPES (pH 7.2), 10 mM MgCl2, 100 mM KCl, 5 mM ATP, 2 mM DTT, 0.5 mM NAD, 1 U/mL Leuconostoc mesenteroides G6PD, 0.3 U/mL of purified human recombinant GK, and different concentrations of glucose. Enzymatic activity is calculated from the initial reaction velocity, measured from the change in NADH absorbance as a function of time."
CHEMBL3938603,,CHEMBL3888434,17768085,EC50,=,1400,nM,5.85,potency,concentration,1400.0,5.85,EC50 为标准化浓度型效力指标,,401453,0,CHEMBL3886709,2016,BINDINGDB,"Coupled Enzymatic Assay: The assay is carried out according to the protocol outlined in Hariharan et al (1997), Diabetes 46: 11-16. Briefly, the test compounds are incubated in a reaction mix containing 25 mM HEPES (pH 7.2), 10 mM MgCl2, 100 mM KCl, 5 mM ATP, 2 mM DTT, 0.5 mM NAD, 1 U/mL Leuconostoc mesenteroides G6PD, 0.3 U/mL of purified human recombinant GK, and different concentrations of glucose. Enzymatic activity is calculated from the initial reaction velocity, measured from the change in NADH absorbance as a function of time."
CHEMBL3939712,,CHEMBL3888434,17768092,EC50,=,1120,nM,5.95,potency,concentration,1120.0,5.95,EC50 为标准化浓度型效力指标,,401460,0,CHEMBL3886709,2016,BINDINGDB,"Coupled Enzymatic Assay: The assay is carried out according to the protocol outlined in Hariharan et al (1997), Diabetes 46: 11-16. Briefly, the test compounds are incubated in a reaction mix containing 25 mM HEPES (pH 7.2), 10 mM MgCl2, 100 mM KCl, 5 mM ATP, 2 mM DTT, 0.5 mM NAD, 1 U/mL Leuconostoc mesenteroides G6PD, 0.3 U/mL of purified human recombinant GK, and different concentrations of glucose. Enzymatic activity is calculated from the initial reaction velocity, measured from the change in NADH absorbance as a function of time."
CHEMBL3939712,,CHEMBL3888434,17768105,EC50,=,420,nM,6.38,potency,concentration,420.0,6.38,EC50 为标准化浓度型效力指标,,401473,0,CHEMBL3886709,2016,BINDINGDB,"Coupled Enzymatic Assay: The assay is carried out according to the protocol outlined in Hariharan et al (1997), Diabetes 46: 11-16. Briefly, the test compounds are incubated in a reaction mix containing 25 mM HEPES (pH 7.2), 10 mM MgCl2, 100 mM KCl, 5 mM ATP, 2 mM DTT, 0.5 mM NAD, 1 U/mL Leuconostoc mesenteroides G6PD, 0.3 U/mL of purified human recombinant GK, and different concentrations of glucose. Enzymatic activity is calculated from the initial reaction velocity, measured from the change in NADH absorbance as a function of time."
CHEMBL3941597,,CHEMBL3888434,17768103,EC50,=,87,nM,7.06,potency,concentration,87.0,7.06,EC50 为标准化浓度型效力指标,,401471,0,CHEMBL3886709,2016,BINDINGDB,"Coupled Enzymatic Assay: The assay is carried out according to the protocol outlined in Hariharan et al (1997), Diabetes 46: 11-16. Briefly, the test compounds are incubated in a reaction mix containing 25 mM HEPES (pH 7.2), 10 mM MgCl2, 100 mM KCl, 5 mM ATP, 2 mM DTT, 0.5 mM NAD, 1 U/mL Leuconostoc mesenteroides G6PD, 0.3 U/mL of purified human recombinant GK, and different concentrations of glucose. Enzymatic activity is calculated from the initial reaction velocity, measured from the change in NADH absorbance as a function of time."
CHEMBL3941597,,CHEMBL3888434,17768104,EC50,=,330,nM,6.48,potency,concentration,330.0,6.48,EC50 为标准化浓度型效力指标,,401472,0,CHEMBL3886709,2016,BINDINGDB,"Coupled Enzymatic Assay: The assay is carried out according to the protocol outlined in Hariharan et al (1997), Diabetes 46: 11-16. Briefly, the test compounds are incubated in a reaction mix containing 25 mM HEPES (pH 7.2), 10 mM MgCl2, 100 mM KCl, 5 mM ATP, 2 mM DTT, 0.5 mM NAD, 1 U/mL Leuconostoc mesenteroides G6PD, 0.3 U/mL of purified human recombinant GK, and different concentrations of glucose. Enzymatic activity is calculated from the initial reaction velocity, measured from the change in NADH absorbance as a function of time."
CHEMBL394709,,CHEMBL1042962,3058793,EC50,=,12560,nM,4.9,potency,concentration,12560.0,4.9,EC50 为标准化浓度型效力指标,,,0,CHEMBL1152613,2009,LITERATURE,Activation of human glucokinase expressed in Escherichia coli BL21(DE3) by G6PDH-coupled spectrometry
CHEMBL394709,,CHEMBL1042963,3058734,FC,=,2.09,,,efficacy,fold,,,FC（fold change）为激活倍数,,,0,CHEMBL1152613,2009,LITERATURE,Activation of human glucokinase expressed in Escherichia coli BL21(DE3) at 10 uM by G6PDH-coupled spectrometry relative to untreated control
CHEMBL394757,,CHEMBL1042962,3058795,EC50,=,2530,nM,5.6,potency,concentration,2530.0,5.6,EC50 为标准化浓度型效力指标,,,0,CHEMBL1152613,2009,LITERATURE,Activation of human glucokinase expressed in Escherichia coli BL21(DE3) by G6PDH-coupled spectrometry
CHEMBL394757,,CHEMBL1042963,3058730,FC,=,1.95,,,efficacy,fold,,,FC（fold change）为激活倍数,,,0,CHEMBL1152613,2009,LITERATURE,Activation of human glucokinase expressed in Escherichia coli BL21(DE3) at 10 uM by G6PDH-coupled spectrometry relative to untreated control
CHEMBL3951043,,CHEMBL3888434,17768096,EC50,=,570,nM,6.24,potency,concentration,570.0,6.24,EC50 为标准化浓度型效力指标,,401464,0,CHEMBL3886709,2016,BINDINGDB,"Coupled Enzymatic Assay: The assay is carried out according to the protocol outlined in Hariharan et al (1997), Diabetes 46: 11-16. Briefly, the test compounds are incubated in a reaction mix containing 25 mM HEPES (pH 7.2), 10 mM MgCl2, 100 mM KCl, 5 mM ATP, 2 mM DTT, 0.5 mM NAD, 1 U/mL Leuconostoc mesenteroides G6PD, 0.3 U/mL of purified human recombinant GK, and different concentrations of glucose. Enzymatic activity is calculated from the initial reaction velocity, measured from the change in NADH absorbance as a function of time."
CHEMBL3952021,,CHEMBL3888434,17768121,EC50,=,180,nM,6.75,potency,concentration,180.0,6.75,EC50 为标准化浓度型效力指标,,401489,0,CHEMBL3886709,2016,BINDINGDB,"Coupled Enzymatic Assay: The assay is carried out according to the protocol outlined in Hariharan et al (1997), Diabetes 46: 11-16. Briefly, the test compounds are incubated in a reaction mix containing 25 mM HEPES (pH 7.2), 10 mM MgCl2, 100 mM KCl, 5 mM ATP, 2 mM DTT, 0.5 mM NAD, 1 U/mL Leuconostoc mesenteroides G6PD, 0.3 U/mL of purified human recombinant GK, and different concentrations of glucose. Enzymatic activity is calculated from the initial reaction velocity, measured from the change in NADH absorbance as a function of time."
CHEMBL3952622,,CHEMBL3888434,17768090,EC50,=,3700,nM,5.43,potency,concentration,3700.0,5.43,EC50 为标准化浓度型效力指标,,401458,0,CHEMBL3886709,2016,BINDINGDB,"Coupled Enzymatic Assay: The assay is carried out according to the protocol outlined in Hariharan et al (1997), Diabetes 46: 11-16. Briefly, the test compounds are incubated in a reaction mix containing 25 mM HEPES (pH 7.2), 10 mM MgCl2, 100 mM KCl, 5 mM ATP, 2 mM DTT, 0.5 mM NAD, 1 U/mL Leuconostoc mesenteroides G6PD, 0.3 U/mL of purified human recombinant GK, and different concentrations of glucose. Enzymatic activity is calculated from the initial reaction velocity, measured from the change in NADH absorbance as a function of time."
CHEMBL3953779,,CHEMBL3888434,17768108,EC50,=,94,nM,7.03,potency,concentration,94.0,7.03,EC50 为标准化浓度型效力指标,,401476,0,CHEMBL3886709,2016,BINDINGDB,"Coupled Enzymatic Assay: The assay is carried out according to the protocol outlined in Hariharan et al (1997), Diabetes 46: 11-16. Briefly, the test compounds are incubated in a reaction mix containing 25 mM HEPES (pH 7.2), 10 mM MgCl2, 100 mM KCl, 5 mM ATP, 2 mM DTT, 0.5 mM NAD, 1 U/mL Leuconostoc mesenteroides G6PD, 0.3 U/mL of purified human recombinant GK, and different concentrations of glucose. Enzymatic activity is calculated from the initial reaction velocity, measured from the change in NADH absorbance as a function of time."
CHEMBL3954336,,CHEMBL3888434,17768095,EC50,=,220,nM,6.66,potency,concentration,220.0,6.66,EC50 为标准化浓度型效力指标,,401463,0,CHEMBL3886709,2016,BINDINGDB,"Coupled Enzymatic Assay: The assay is carried out according to the protocol outlined in Hariharan et al (1997), Diabetes 46: 11-16. Briefly, the test compounds are incubated in a reaction mix containing 25 mM HEPES (pH 7.2), 10 mM MgCl2, 100 mM KCl, 5 mM ATP, 2 mM DTT, 0.5 mM NAD, 1 U/mL Leuconostoc mesenteroides G6PD, 0.3 U/mL of purified human recombinant GK, and different concentrations of glucose. Enzymatic activity is calculated from the initial reaction velocity, measured from the change in NADH absorbance as a function of time."
CHEMBL3954932,,CHEMBL3888434,17768110,EC50,=,270,nM,6.57,potency,concentration,270.0,6.57,EC50 为标准化浓度型效力指标,,401478,0,CHEMBL3886709,2016,BINDINGDB,"Coupled Enzymatic Assay: The assay is carried out according to the protocol outlined in Hariharan et al (1997), Diabetes 46: 11-16. Briefly, the test compounds are incubated in a reaction mix containing 25 mM HEPES (pH 7.2), 10 mM MgCl2, 100 mM KCl, 5 mM ATP, 2 mM DTT, 0.5 mM NAD, 1 U/mL Leuconostoc mesenteroides G6PD, 0.3 U/mL of purified human recombinant GK, and different concentrations of glucose. Enzymatic activity is calculated from the initial reaction velocity, measured from the change in NADH absorbance as a function of time."
CHEMBL3955232,,CHEMBL3889107,17794694,EC50,=,65.1,nM,7.19,potency,concentration,65.1,7.19,EC50 为标准化浓度型效力指标,25,434733,0,CHEMBL3886944,2016,BINDINGDB,"Glucokinase-Activating Assay: To test the exemplified compounds, the following assay was employed. Recombinant human liver glucokinase was expressed as a FLAG fusion protein in E. coli, and purified on ANTIFLAG M2 AFFINITY GEL (Sigma). The assay was carried out at 30° C. in a 96-well plate. In the plate was distributed 69 ul each of assay buffer (25 mM Hepes Buffer: pH=7.2, 2 mM MgCl2, 1 mM ATP, 0.5 mM TNAD, 1 mM dithiothreitol), to which was added 1 ul of a DMSO solution of the compound or DMSO as control. Then, 20 ul of pre-ice-cooled enzyme mixture (FLAG-GK, 20 U/ml G6PDH) was distributed thereto, to which was added 10 ul of 25 mM glucose as substrate to initiate the reaction (final glucose concentration=2.5 mM). After starting the reaction, the absorbance at 405 nm was measured every 30 seconds for 10 minutes to evaluate the compound based on the initial increase for 5 minutes. FLAG-GK was added so that the increase of absorbance after 5 minutes fell between 0.05 to 0.1 in the presence of 1% DMSO. The OD values of the respective compounds were measured in the respective concentrations, wherein the OD value of DMSO as control is regarded as 100%. From the OD values at the respective concentrations, Emax (%, 2.5 mM Glu) and EC50 (nM, 2.5 mM Glu) were calculated and used as indicators of the GK activation capability of the compounds. According to the above assay, the GK activation capability of the exemplified compounds of the present invention was determined. The following table shows the results. Where different enantiomers of the same compound were tested, two numbers are provided. Where 3 numbers are provided, for example, Ex. #30, data for the racemic form is also shown."
CHEMBL3959646,,CHEMBL3888434,17768097,EC50,=,740,nM,6.13,potency,concentration,740.0,6.13,EC50 为标准化浓度型效力指标,,401465,0,CHEMBL3886709,2016,BINDINGDB,"Coupled Enzymatic Assay: The assay is carried out according to the protocol outlined in Hariharan et al (1997), Diabetes 46: 11-16. Briefly, the test compounds are incubated in a reaction mix containing 25 mM HEPES (pH 7.2), 10 mM MgCl2, 100 mM KCl, 5 mM ATP, 2 mM DTT, 0.5 mM NAD, 1 U/mL Leuconostoc mesenteroides G6PD, 0.3 U/mL of purified human recombinant GK, and different concentrations of glucose. Enzymatic activity is calculated from the initial reaction velocity, measured from the change in NADH absorbance as a function of time."
CHEMBL3960237,,CHEMBL3888434,17768112,EC50,=,570,nM,6.24,potency,concentration,570.0,6.24,EC50 为标准化浓度型效力指标,,401480,0,CHEMBL3886709,2016,BINDINGDB,"Coupled Enzymatic Assay: The assay is carried out according to the protocol outlined in Hariharan et al (1997), Diabetes 46: 11-16. Briefly, the test compounds are incubated in a reaction mix containing 25 mM HEPES (pH 7.2), 10 mM MgCl2, 100 mM KCl, 5 mM ATP, 2 mM DTT, 0.5 mM NAD, 1 U/mL Leuconostoc mesenteroides G6PD, 0.3 U/mL of purified human recombinant GK, and different concentrations of glucose. Enzymatic activity is calculated from the initial reaction velocity, measured from the change in NADH absorbance as a function of time."
CHEMBL3960517,,CHEMBL3889107,17794696,EC50,=,118.2,nM,6.93,potency,concentration,118.2,6.93,EC50 为标准化浓度型效力指标,25,434735,0,CHEMBL3886944,2016,BINDINGDB,"Glucokinase-Activating Assay: To test the exemplified compounds, the following assay was employed. Recombinant human liver glucokinase was expressed as a FLAG fusion protein in E. coli, and purified on ANTIFLAG M2 AFFINITY GEL (Sigma). The assay was carried out at 30° C. in a 96-well plate. In the plate was distributed 69 ul each of assay buffer (25 mM Hepes Buffer: pH=7.2, 2 mM MgCl2, 1 mM ATP, 0.5 mM TNAD, 1 mM dithiothreitol), to which was added 1 ul of a DMSO solution of the compound or DMSO as control. Then, 20 ul of pre-ice-cooled enzyme mixture (FLAG-GK, 20 U/ml G6PDH) was distributed thereto, to which was added 10 ul of 25 mM glucose as substrate to initiate the reaction (final glucose concentration=2.5 mM). After starting the reaction, the absorbance at 405 nm was measured every 30 seconds for 10 minutes to evaluate the compound based on the initial increase for 5 minutes. FLAG-GK was added so that the increase of absorbance after 5 minutes fell between 0.05 to 0.1 in the presence of 1% DMSO. The OD values of the respective compounds were measured in the respective concentrations, wherein the OD value of DMSO as control is regarded as 100%. From the OD values at the respective concentrations, Emax (%, 2.5 mM Glu) and EC50 (nM, 2.5 mM Glu) were calculated and used as indicators of the GK activation capability of the compounds. According to the above assay, the GK activation capability of the exemplified compounds of the present invention was determined. The following table shows the results. Where different enantiomers of the same compound were tested, two numbers are provided. Where 3 numbers are provided, for example, Ex. #30, data for the racemic form is also shown."
CHEMBL3961283,,CHEMBL3888434,17768115,EC50,=,480,nM,6.32,potency,concentration,480.0,6.32,EC50 为标准化浓度型效力指标,,401483,0,CHEMBL3886709,2016,BINDINGDB,"Coupled Enzymatic Assay: The assay is carried out according to the protocol outlined in Hariharan et al (1997), Diabetes 46: 11-16. Briefly, the test compounds are incubated in a reaction mix containing 25 mM HEPES (pH 7.2), 10 mM MgCl2, 100 mM KCl, 5 mM ATP, 2 mM DTT, 0.5 mM NAD, 1 U/mL Leuconostoc mesenteroides G6PD, 0.3 U/mL of purified human recombinant GK, and different concentrations of glucose. Enzymatic activity is calculated from the initial reaction velocity, measured from the change in NADH absorbance as a function of time."
CHEMBL3961301,,CHEMBL3888434,17768088,EC50,>,10000,nM,,potency,concentration,10000.0,,EC50 为标准化浓度型效力指标,,401456,0,CHEMBL3886709,2016,BINDINGDB,"Coupled Enzymatic Assay: The assay is carried out according to the protocol outlined in Hariharan et al (1997), Diabetes 46: 11-16. Briefly, the test compounds are incubated in a reaction mix containing 25 mM HEPES (pH 7.2), 10 mM MgCl2, 100 mM KCl, 5 mM ATP, 2 mM DTT, 0.5 mM NAD, 1 U/mL Leuconostoc mesenteroides G6PD, 0.3 U/mL of purified human recombinant GK, and different concentrations of glucose. Enzymatic activity is calculated from the initial reaction velocity, measured from the change in NADH absorbance as a function of time."
CHEMBL3965916,,CHEMBL3889107,17794679,EC50,=,39.1,nM,7.41,potency,concentration,39.1,7.41,EC50 为标准化浓度型效力指标,25,434718,0,CHEMBL3886944,2016,BINDINGDB,"Glucokinase-Activating Assay: To test the exemplified compounds, the following assay was employed. Recombinant human liver glucokinase was expressed as a FLAG fusion protein in E. coli, and purified on ANTIFLAG M2 AFFINITY GEL (Sigma). The assay was carried out at 30° C. in a 96-well plate. In the plate was distributed 69 ul each of assay buffer (25 mM Hepes Buffer: pH=7.2, 2 mM MgCl2, 1 mM ATP, 0.5 mM TNAD, 1 mM dithiothreitol), to which was added 1 ul of a DMSO solution of the compound or DMSO as control. Then, 20 ul of pre-ice-cooled enzyme mixture (FLAG-GK, 20 U/ml G6PDH) was distributed thereto, to which was added 10 ul of 25 mM glucose as substrate to initiate the reaction (final glucose concentration=2.5 mM). After starting the reaction, the absorbance at 405 nm was measured every 30 seconds for 10 minutes to evaluate the compound based on the initial increase for 5 minutes. FLAG-GK was added so that the increase of absorbance after 5 minutes fell between 0.05 to 0.1 in the presence of 1% DMSO. The OD values of the respective compounds were measured in the respective concentrations, wherein the OD value of DMSO as control is regarded as 100%. From the OD values at the respective concentrations, Emax (%, 2.5 mM Glu) and EC50 (nM, 2.5 mM Glu) were calculated and used as indicators of the GK activation capability of the compounds. According to the above assay, the GK activation capability of the exemplified compounds of the present invention was determined. The following table shows the results. Where different enantiomers of the same compound were tested, two numbers are provided. Where 3 numbers are provided, for example, Ex. #30, data for the racemic form is also shown."
CHEMBL3965982,,CHEMBL3888434,17768113,EC50,=,300,nM,6.52,potency,concentration,300.0,6.52,EC50 为标准化浓度型效力指标,,401481,0,CHEMBL3886709,2016,BINDINGDB,"Coupled Enzymatic Assay: The assay is carried out according to the protocol outlined in Hariharan et al (1997), Diabetes 46: 11-16. Briefly, the test compounds are incubated in a reaction mix containing 25 mM HEPES (pH 7.2), 10 mM MgCl2, 100 mM KCl, 5 mM ATP, 2 mM DTT, 0.5 mM NAD, 1 U/mL Leuconostoc mesenteroides G6PD, 0.3 U/mL of purified human recombinant GK, and different concentrations of glucose. Enzymatic activity is calculated from the initial reaction velocity, measured from the change in NADH absorbance as a function of time."
CHEMBL3966487,,CHEMBL3889107,17794673,EC50,=,51.5,nM,7.29,potency,concentration,51.5,7.29,EC50 为标准化浓度型效力指标,25,434712,0,CHEMBL3886944,2016,BINDINGDB,"Glucokinase-Activating Assay: To test the exemplified compounds, the following assay was employed. Recombinant human liver glucokinase was expressed as a FLAG fusion protein in E. coli, and purified on ANTIFLAG M2 AFFINITY GEL (Sigma). The assay was carried out at 30° C. in a 96-well plate. In the plate was distributed 69 ul each of assay buffer (25 mM Hepes Buffer: pH=7.2, 2 mM MgCl2, 1 mM ATP, 0.5 mM TNAD, 1 mM dithiothreitol), to which was added 1 ul of a DMSO solution of the compound or DMSO as control. Then, 20 ul of pre-ice-cooled enzyme mixture (FLAG-GK, 20 U/ml G6PDH) was distributed thereto, to which was added 10 ul of 25 mM glucose as substrate to initiate the reaction (final glucose concentration=2.5 mM). After starting the reaction, the absorbance at 405 nm was measured every 30 seconds for 10 minutes to evaluate the compound based on the initial increase for 5 minutes. FLAG-GK was added so that the increase of absorbance after 5 minutes fell between 0.05 to 0.1 in the presence of 1% DMSO. The OD values of the respective compounds were measured in the respective concentrations, wherein the OD value of DMSO as control is regarded as 100%. From the OD values at the respective concentrations, Emax (%, 2.5 mM Glu) and EC50 (nM, 2.5 mM Glu) were calculated and used as indicators of the GK activation capability of the compounds. According to the above assay, the GK activation capability of the exemplified compounds of the present invention was determined. The following table shows the results. Where different enantiomers of the same compound were tested, two numbers are provided. Where 3 numbers are provided, for example, Ex. #30, data for the racemic form is also shown."
CHEMBL3966487,,CHEMBL3889107,17794674,EC50,=,111.3,nM,6.95,potency,concentration,111.3,6.95,EC50 为标准化浓度型效力指标,25,434713,0,CHEMBL3886944,2016,BINDINGDB,"Glucokinase-Activating Assay: To test the exemplified compounds, the following assay was employed. Recombinant human liver glucokinase was expressed as a FLAG fusion protein in E. coli, and purified on ANTIFLAG M2 AFFINITY GEL (Sigma). The assay was carried out at 30° C. in a 96-well plate. In the plate was distributed 69 ul each of assay buffer (25 mM Hepes Buffer: pH=7.2, 2 mM MgCl2, 1 mM ATP, 0.5 mM TNAD, 1 mM dithiothreitol), to which was added 1 ul of a DMSO solution of the compound or DMSO as control. Then, 20 ul of pre-ice-cooled enzyme mixture (FLAG-GK, 20 U/ml G6PDH) was distributed thereto, to which was added 10 ul of 25 mM glucose as substrate to initiate the reaction (final glucose concentration=2.5 mM). After starting the reaction, the absorbance at 405 nm was measured every 30 seconds for 10 minutes to evaluate the compound based on the initial increase for 5 minutes. FLAG-GK was added so that the increase of absorbance after 5 minutes fell between 0.05 to 0.1 in the presence of 1% DMSO. The OD values of the respective compounds were measured in the respective concentrations, wherein the OD value of DMSO as control is regarded as 100%. From the OD values at the respective concentrations, Emax (%, 2.5 mM Glu) and EC50 (nM, 2.5 mM Glu) were calculated and used as indicators of the GK activation capability of the compounds. According to the above assay, the GK activation capability of the exemplified compounds of the present invention was determined. The following table shows the results. Where different enantiomers of the same compound were tested, two numbers are provided. Where 3 numbers are provided, for example, Ex. #30, data for the racemic form is also shown."
CHEMBL3968166,,CHEMBL3888434,17768086,EC50,=,950,nM,6.02,potency,concentration,950.0,6.02,EC50 为标准化浓度型效力指标,,401454,0,CHEMBL3886709,2016,BINDINGDB,"Coupled Enzymatic Assay: The assay is carried out according to the protocol outlined in Hariharan et al (1997), Diabetes 46: 11-16. Briefly, the test compounds are incubated in a reaction mix containing 25 mM HEPES (pH 7.2), 10 mM MgCl2, 100 mM KCl, 5 mM ATP, 2 mM DTT, 0.5 mM NAD, 1 U/mL Leuconostoc mesenteroides G6PD, 0.3 U/mL of purified human recombinant GK, and different concentrations of glucose. Enzymatic activity is calculated from the initial reaction velocity, measured from the change in NADH absorbance as a function of time."
CHEMBL3969091,,CHEMBL3889107,17794685,EC50,=,4.3,nM,8.37,potency,concentration,4.3,8.37,EC50 为标准化浓度型效力指标,25,434724,0,CHEMBL3886944,2016,BINDINGDB,"Glucokinase-Activating Assay: To test the exemplified compounds, the following assay was employed. Recombinant human liver glucokinase was expressed as a FLAG fusion protein in E. coli, and purified on ANTIFLAG M2 AFFINITY GEL (Sigma). The assay was carried out at 30° C. in a 96-well plate. In the plate was distributed 69 ul each of assay buffer (25 mM Hepes Buffer: pH=7.2, 2 mM MgCl2, 1 mM ATP, 0.5 mM TNAD, 1 mM dithiothreitol), to which was added 1 ul of a DMSO solution of the compound or DMSO as control. Then, 20 ul of pre-ice-cooled enzyme mixture (FLAG-GK, 20 U/ml G6PDH) was distributed thereto, to which was added 10 ul of 25 mM glucose as substrate to initiate the reaction (final glucose concentration=2.5 mM). After starting the reaction, the absorbance at 405 nm was measured every 30 seconds for 10 minutes to evaluate the compound based on the initial increase for 5 minutes. FLAG-GK was added so that the increase of absorbance after 5 minutes fell between 0.05 to 0.1 in the presence of 1% DMSO. The OD values of the respective compounds were measured in the respective concentrations, wherein the OD value of DMSO as control is regarded as 100%. From the OD values at the respective concentrations, Emax (%, 2.5 mM Glu) and EC50 (nM, 2.5 mM Glu) were calculated and used as indicators of the GK activation capability of the compounds. According to the above assay, the GK activation capability of the exemplified compounds of the present invention was determined. The following table shows the results. Where different enantiomers of the same compound were tested, two numbers are provided. Where 3 numbers are provided, for example, Ex. #30, data for the racemic form is also shown."
CHEMBL3970863,,CHEMBL3889107,17794663,EC50,=,36.4,nM,7.44,potency,concentration,36.4,7.44,EC50 为标准化浓度型效力指标,25,434702,0,CHEMBL3886944,2016,BINDINGDB,"Glucokinase-Activating Assay: To test the exemplified compounds, the following assay was employed. Recombinant human liver glucokinase was expressed as a FLAG fusion protein in E. coli, and purified on ANTIFLAG M2 AFFINITY GEL (Sigma). The assay was carried out at 30° C. in a 96-well plate. In the plate was distributed 69 ul each of assay buffer (25 mM Hepes Buffer: pH=7.2, 2 mM MgCl2, 1 mM ATP, 0.5 mM TNAD, 1 mM dithiothreitol), to which was added 1 ul of a DMSO solution of the compound or DMSO as control. Then, 20 ul of pre-ice-cooled enzyme mixture (FLAG-GK, 20 U/ml G6PDH) was distributed thereto, to which was added 10 ul of 25 mM glucose as substrate to initiate the reaction (final glucose concentration=2.5 mM). After starting the reaction, the absorbance at 405 nm was measured every 30 seconds for 10 minutes to evaluate the compound based on the initial increase for 5 minutes. FLAG-GK was added so that the increase of absorbance after 5 minutes fell between 0.05 to 0.1 in the presence of 1% DMSO. The OD values of the respective compounds were measured in the respective concentrations, wherein the OD value of DMSO as control is regarded as 100%. From the OD values at the respective concentrations, Emax (%, 2.5 mM Glu) and EC50 (nM, 2.5 mM Glu) were calculated and used as indicators of the GK activation capability of the compounds. According to the above assay, the GK activation capability of the exemplified compounds of the present invention was determined. The following table shows the results. Where different enantiomers of the same compound were tested, two numbers are provided. Where 3 numbers are provided, for example, Ex. #30, data for the racemic form is also shown."
CHEMBL3970863,,CHEMBL3889107,17794664,EC50,=,48,nM,7.32,potency,concentration,48.0,7.32,EC50 为标准化浓度型效力指标,25,434703,0,CHEMBL3886944,2016,BINDINGDB,"Glucokinase-Activating Assay: To test the exemplified compounds, the following assay was employed. Recombinant human liver glucokinase was expressed as a FLAG fusion protein in E. coli, and purified on ANTIFLAG M2 AFFINITY GEL (Sigma). The assay was carried out at 30° C. in a 96-well plate. In the plate was distributed 69 ul each of assay buffer (25 mM Hepes Buffer: pH=7.2, 2 mM MgCl2, 1 mM ATP, 0.5 mM TNAD, 1 mM dithiothreitol), to which was added 1 ul of a DMSO solution of the compound or DMSO as control. Then, 20 ul of pre-ice-cooled enzyme mixture (FLAG-GK, 20 U/ml G6PDH) was distributed thereto, to which was added 10 ul of 25 mM glucose as substrate to initiate the reaction (final glucose concentration=2.5 mM). After starting the reaction, the absorbance at 405 nm was measured every 30 seconds for 10 minutes to evaluate the compound based on the initial increase for 5 minutes. FLAG-GK was added so that the increase of absorbance after 5 minutes fell between 0.05 to 0.1 in the presence of 1% DMSO. The OD values of the respective compounds were measured in the respective concentrations, wherein the OD value of DMSO as control is regarded as 100%. From the OD values at the respective concentrations, Emax (%, 2.5 mM Glu) and EC50 (nM, 2.5 mM Glu) were calculated and used as indicators of the GK activation capability of the compounds. According to the above assay, the GK activation capability of the exemplified compounds of the present invention was determined. The following table shows the results. Where different enantiomers of the same compound were tested, two numbers are provided. Where 3 numbers are provided, for example, Ex. #30, data for the racemic form is also shown."
CHEMBL3971117,,CHEMBL3889107,17794677,EC50,=,71.8,nM,7.14,potency,concentration,71.8,7.14,EC50 为标准化浓度型效力指标,25,434716,0,CHEMBL3886944,2016,BINDINGDB,"Glucokinase-Activating Assay: To test the exemplified compounds, the following assay was employed. Recombinant human liver glucokinase was expressed as a FLAG fusion protein in E. coli, and purified on ANTIFLAG M2 AFFINITY GEL (Sigma). The assay was carried out at 30° C. in a 96-well plate. In the plate was distributed 69 ul each of assay buffer (25 mM Hepes Buffer: pH=7.2, 2 mM MgCl2, 1 mM ATP, 0.5 mM TNAD, 1 mM dithiothreitol), to which was added 1 ul of a DMSO solution of the compound or DMSO as control. Then, 20 ul of pre-ice-cooled enzyme mixture (FLAG-GK, 20 U/ml G6PDH) was distributed thereto, to which was added 10 ul of 25 mM glucose as substrate to initiate the reaction (final glucose concentration=2.5 mM). After starting the reaction, the absorbance at 405 nm was measured every 30 seconds for 10 minutes to evaluate the compound based on the initial increase for 5 minutes. FLAG-GK was added so that the increase of absorbance after 5 minutes fell between 0.05 to 0.1 in the presence of 1% DMSO. The OD values of the respective compounds were measured in the respective concentrations, wherein the OD value of DMSO as control is regarded as 100%. From the OD values at the respective concentrations, Emax (%, 2.5 mM Glu) and EC50 (nM, 2.5 mM Glu) were calculated and used as indicators of the GK activation capability of the compounds. According to the above assay, the GK activation capability of the exemplified compounds of the present invention was determined. The following table shows the results. Where different enantiomers of the same compound were tested, two numbers are provided. Where 3 numbers are provided, for example, Ex. #30, data for the racemic form is also shown."
CHEMBL3971192,,CHEMBL3888434,17768106,EC50,=,260,nM,6.58,potency,concentration,260.0,6.58,EC50 为标准化浓度型效力指标,,401474,0,CHEMBL3886709,2016,BINDINGDB,"Coupled Enzymatic Assay: The assay is carried out according to the protocol outlined in Hariharan et al (1997), Diabetes 46: 11-16. Briefly, the test compounds are incubated in a reaction mix containing 25 mM HEPES (pH 7.2), 10 mM MgCl2, 100 mM KCl, 5 mM ATP, 2 mM DTT, 0.5 mM NAD, 1 U/mL Leuconostoc mesenteroides G6PD, 0.3 U/mL of purified human recombinant GK, and different concentrations of glucose. Enzymatic activity is calculated from the initial reaction velocity, measured from the change in NADH absorbance as a function of time."
CHEMBL3971192,,CHEMBL3888434,17768107,EC50,=,640,nM,6.19,potency,concentration,640.0,6.19,EC50 为标准化浓度型效力指标,,401475,0,CHEMBL3886709,2016,BINDINGDB,"Coupled Enzymatic Assay: The assay is carried out according to the protocol outlined in Hariharan et al (1997), Diabetes 46: 11-16. Briefly, the test compounds are incubated in a reaction mix containing 25 mM HEPES (pH 7.2), 10 mM MgCl2, 100 mM KCl, 5 mM ATP, 2 mM DTT, 0.5 mM NAD, 1 U/mL Leuconostoc mesenteroides G6PD, 0.3 U/mL of purified human recombinant GK, and different concentrations of glucose. Enzymatic activity is calculated from the initial reaction velocity, measured from the change in NADH absorbance as a function of time."
CHEMBL3971630,,CHEMBL3889107,17794687,EC50,=,281.1,nM,6.55,potency,concentration,281.1,6.55,EC50 为标准化浓度型效力指标,25,434726,0,CHEMBL3886944,2016,BINDINGDB,"Glucokinase-Activating Assay: To test the exemplified compounds, the following assay was employed. Recombinant human liver glucokinase was expressed as a FLAG fusion protein in E. coli, and purified on ANTIFLAG M2 AFFINITY GEL (Sigma). The assay was carried out at 30° C. in a 96-well plate. In the plate was distributed 69 ul each of assay buffer (25 mM Hepes Buffer: pH=7.2, 2 mM MgCl2, 1 mM ATP, 0.5 mM TNAD, 1 mM dithiothreitol), to which was added 1 ul of a DMSO solution of the compound or DMSO as control. Then, 20 ul of pre-ice-cooled enzyme mixture (FLAG-GK, 20 U/ml G6PDH) was distributed thereto, to which was added 10 ul of 25 mM glucose as substrate to initiate the reaction (final glucose concentration=2.5 mM). After starting the reaction, the absorbance at 405 nm was measured every 30 seconds for 10 minutes to evaluate the compound based on the initial increase for 5 minutes. FLAG-GK was added so that the increase of absorbance after 5 minutes fell between 0.05 to 0.1 in the presence of 1% DMSO. The OD values of the respective compounds were measured in the respective concentrations, wherein the OD value of DMSO as control is regarded as 100%. From the OD values at the respective concentrations, Emax (%, 2.5 mM Glu) and EC50 (nM, 2.5 mM Glu) were calculated and used as indicators of the GK activation capability of the compounds. According to the above assay, the GK activation capability of the exemplified compounds of the present invention was determined. The following table shows the results. Where different enantiomers of the same compound were tested, two numbers are provided. Where 3 numbers are provided, for example, Ex. #30, data for the racemic form is also shown."
CHEMBL3971630,,CHEMBL3889107,17794688,EC50,=,157.3,nM,6.8,potency,concentration,157.3,6.8,EC50 为标准化浓度型效力指标,25,434727,0,CHEMBL3886944,2016,BINDINGDB,"Glucokinase-Activating Assay: To test the exemplified compounds, the following assay was employed. Recombinant human liver glucokinase was expressed as a FLAG fusion protein in E. coli, and purified on ANTIFLAG M2 AFFINITY GEL (Sigma). The assay was carried out at 30° C. in a 96-well plate. In the plate was distributed 69 ul each of assay buffer (25 mM Hepes Buffer: pH=7.2, 2 mM MgCl2, 1 mM ATP, 0.5 mM TNAD, 1 mM dithiothreitol), to which was added 1 ul of a DMSO solution of the compound or DMSO as control. Then, 20 ul of pre-ice-cooled enzyme mixture (FLAG-GK, 20 U/ml G6PDH) was distributed thereto, to which was added 10 ul of 25 mM glucose as substrate to initiate the reaction (final glucose concentration=2.5 mM). After starting the reaction, the absorbance at 405 nm was measured every 30 seconds for 10 minutes to evaluate the compound based on the initial increase for 5 minutes. FLAG-GK was added so that the increase of absorbance after 5 minutes fell between 0.05 to 0.1 in the presence of 1% DMSO. The OD values of the respective compounds were measured in the respective concentrations, wherein the OD value of DMSO as control is regarded as 100%. From the OD values at the respective concentrations, Emax (%, 2.5 mM Glu) and EC50 (nM, 2.5 mM Glu) were calculated and used as indicators of the GK activation capability of the compounds. According to the above assay, the GK activation capability of the exemplified compounds of the present invention was determined. The following table shows the results. Where different enantiomers of the same compound were tested, two numbers are provided. Where 3 numbers are provided, for example, Ex. #30, data for the racemic form is also shown."
CHEMBL3971630,,CHEMBL3889107,17794689,EC50,=,709.6,nM,6.15,potency,concentration,709.6,6.15,EC50 为标准化浓度型效力指标,25,434728,0,CHEMBL3886944,2016,BINDINGDB,"Glucokinase-Activating Assay: To test the exemplified compounds, the following assay was employed. Recombinant human liver glucokinase was expressed as a FLAG fusion protein in E. coli, and purified on ANTIFLAG M2 AFFINITY GEL (Sigma). The assay was carried out at 30° C. in a 96-well plate. In the plate was distributed 69 ul each of assay buffer (25 mM Hepes Buffer: pH=7.2, 2 mM MgCl2, 1 mM ATP, 0.5 mM TNAD, 1 mM dithiothreitol), to which was added 1 ul of a DMSO solution of the compound or DMSO as control. Then, 20 ul of pre-ice-cooled enzyme mixture (FLAG-GK, 20 U/ml G6PDH) was distributed thereto, to which was added 10 ul of 25 mM glucose as substrate to initiate the reaction (final glucose concentration=2.5 mM). After starting the reaction, the absorbance at 405 nm was measured every 30 seconds for 10 minutes to evaluate the compound based on the initial increase for 5 minutes. FLAG-GK was added so that the increase of absorbance after 5 minutes fell between 0.05 to 0.1 in the presence of 1% DMSO. The OD values of the respective compounds were measured in the respective concentrations, wherein the OD value of DMSO as control is regarded as 100%. From the OD values at the respective concentrations, Emax (%, 2.5 mM Glu) and EC50 (nM, 2.5 mM Glu) were calculated and used as indicators of the GK activation capability of the compounds. According to the above assay, the GK activation capability of the exemplified compounds of the present invention was determined. The following table shows the results. Where different enantiomers of the same compound were tested, two numbers are provided. Where 3 numbers are provided, for example, Ex. #30, data for the racemic form is also shown."
CHEMBL3971914,,CHEMBL3888434,17768120,EC50,=,200,nM,6.7,potency,concentration,200.0,6.7,EC50 为标准化浓度型效力指标,,401488,0,CHEMBL3886709,2016,BINDINGDB,"Coupled Enzymatic Assay: The assay is carried out according to the protocol outlined in Hariharan et al (1997), Diabetes 46: 11-16. Briefly, the test compounds are incubated in a reaction mix containing 25 mM HEPES (pH 7.2), 10 mM MgCl2, 100 mM KCl, 5 mM ATP, 2 mM DTT, 0.5 mM NAD, 1 U/mL Leuconostoc mesenteroides G6PD, 0.3 U/mL of purified human recombinant GK, and different concentrations of glucose. Enzymatic activity is calculated from the initial reaction velocity, measured from the change in NADH absorbance as a function of time."
CHEMBL3972850,,CHEMBL3889107,17794670,EC50,=,53.6,nM,7.27,potency,concentration,53.6,7.27,EC50 为标准化浓度型效力指标,25,434709,0,CHEMBL3886944,2016,BINDINGDB,"Glucokinase-Activating Assay: To test the exemplified compounds, the following assay was employed. Recombinant human liver glucokinase was expressed as a FLAG fusion protein in E. coli, and purified on ANTIFLAG M2 AFFINITY GEL (Sigma). The assay was carried out at 30° C. in a 96-well plate. In the plate was distributed 69 ul each of assay buffer (25 mM Hepes Buffer: pH=7.2, 2 mM MgCl2, 1 mM ATP, 0.5 mM TNAD, 1 mM dithiothreitol), to which was added 1 ul of a DMSO solution of the compound or DMSO as control. Then, 20 ul of pre-ice-cooled enzyme mixture (FLAG-GK, 20 U/ml G6PDH) was distributed thereto, to which was added 10 ul of 25 mM glucose as substrate to initiate the reaction (final glucose concentration=2.5 mM). After starting the reaction, the absorbance at 405 nm was measured every 30 seconds for 10 minutes to evaluate the compound based on the initial increase for 5 minutes. FLAG-GK was added so that the increase of absorbance after 5 minutes fell between 0.05 to 0.1 in the presence of 1% DMSO. The OD values of the respective compounds were measured in the respective concentrations, wherein the OD value of DMSO as control is regarded as 100%. From the OD values at the respective concentrations, Emax (%, 2.5 mM Glu) and EC50 (nM, 2.5 mM Glu) were calculated and used as indicators of the GK activation capability of the compounds. According to the above assay, the GK activation capability of the exemplified compounds of the present invention was determined. The following table shows the results. Where different enantiomers of the same compound were tested, two numbers are provided. Where 3 numbers are provided, for example, Ex. #30, data for the racemic form is also shown."
CHEMBL3975134,,CHEMBL3888434,17768093,EC50,=,590,nM,6.23,potency,concentration,590.0,6.23,EC50 为标准化浓度型效力指标,,401461,0,CHEMBL3886709,2016,BINDINGDB,"Coupled Enzymatic Assay: The assay is carried out according to the protocol outlined in Hariharan et al (1997), Diabetes 46: 11-16. Briefly, the test compounds are incubated in a reaction mix containing 25 mM HEPES (pH 7.2), 10 mM MgCl2, 100 mM KCl, 5 mM ATP, 2 mM DTT, 0.5 mM NAD, 1 U/mL Leuconostoc mesenteroides G6PD, 0.3 U/mL of purified human recombinant GK, and different concentrations of glucose. Enzymatic activity is calculated from the initial reaction velocity, measured from the change in NADH absorbance as a function of time."
CHEMBL3976898,,CHEMBL3888434,17768117,EC50,=,100,nM,7,potency,concentration,100.0,7.0,EC50 为标准化浓度型效力指标,,401485,0,CHEMBL3886709,2016,BINDINGDB,"Coupled Enzymatic Assay: The assay is carried out according to the protocol outlined in Hariharan et al (1997), Diabetes 46: 11-16. Briefly, the test compounds are incubated in a reaction mix containing 25 mM HEPES (pH 7.2), 10 mM MgCl2, 100 mM KCl, 5 mM ATP, 2 mM DTT, 0.5 mM NAD, 1 U/mL Leuconostoc mesenteroides G6PD, 0.3 U/mL of purified human recombinant GK, and different concentrations of glucose. Enzymatic activity is calculated from the initial reaction velocity, measured from the change in NADH absorbance as a function of time."
CHEMBL3977813,,CHEMBL3889107,17794668,EC50,=,13.9,nM,7.86,potency,concentration,13.9,7.86,EC50 为标准化浓度型效力指标,25,434707,0,CHEMBL3886944,2016,BINDINGDB,"Glucokinase-Activating Assay: To test the exemplified compounds, the following assay was employed. Recombinant human liver glucokinase was expressed as a FLAG fusion protein in E. coli, and purified on ANTIFLAG M2 AFFINITY GEL (Sigma). The assay was carried out at 30° C. in a 96-well plate. In the plate was distributed 69 ul each of assay buffer (25 mM Hepes Buffer: pH=7.2, 2 mM MgCl2, 1 mM ATP, 0.5 mM TNAD, 1 mM dithiothreitol), to which was added 1 ul of a DMSO solution of the compound or DMSO as control. Then, 20 ul of pre-ice-cooled enzyme mixture (FLAG-GK, 20 U/ml G6PDH) was distributed thereto, to which was added 10 ul of 25 mM glucose as substrate to initiate the reaction (final glucose concentration=2.5 mM). After starting the reaction, the absorbance at 405 nm was measured every 30 seconds for 10 minutes to evaluate the compound based on the initial increase for 5 minutes. FLAG-GK was added so that the increase of absorbance after 5 minutes fell between 0.05 to 0.1 in the presence of 1% DMSO. The OD values of the respective compounds were measured in the respective concentrations, wherein the OD value of DMSO as control is regarded as 100%. From the OD values at the respective concentrations, Emax (%, 2.5 mM Glu) and EC50 (nM, 2.5 mM Glu) were calculated and used as indicators of the GK activation capability of the compounds. According to the above assay, the GK activation capability of the exemplified compounds of the present invention was determined. The following table shows the results. Where different enantiomers of the same compound were tested, two numbers are provided. Where 3 numbers are provided, for example, Ex. #30, data for the racemic form is also shown."
CHEMBL3978176,,CHEMBL3888434,17768099,EC50,=,100,nM,7,potency,concentration,100.0,7.0,EC50 为标准化浓度型效力指标,,401467,0,CHEMBL3886709,2016,BINDINGDB,"Coupled Enzymatic Assay: The assay is carried out according to the protocol outlined in Hariharan et al (1997), Diabetes 46: 11-16. Briefly, the test compounds are incubated in a reaction mix containing 25 mM HEPES (pH 7.2), 10 mM MgCl2, 100 mM KCl, 5 mM ATP, 2 mM DTT, 0.5 mM NAD, 1 U/mL Leuconostoc mesenteroides G6PD, 0.3 U/mL of purified human recombinant GK, and different concentrations of glucose. Enzymatic activity is calculated from the initial reaction velocity, measured from the change in NADH absorbance as a function of time."
CHEMBL3979297,,CHEMBL3889107,17794684,EC50,=,21,nM,7.68,potency,concentration,21.0,7.68,EC50 为标准化浓度型效力指标,25,434723,0,CHEMBL3886944,2016,BINDINGDB,"Glucokinase-Activating Assay: To test the exemplified compounds, the following assay was employed. Recombinant human liver glucokinase was expressed as a FLAG fusion protein in E. coli, and purified on ANTIFLAG M2 AFFINITY GEL (Sigma). The assay was carried out at 30° C. in a 96-well plate. In the plate was distributed 69 ul each of assay buffer (25 mM Hepes Buffer: pH=7.2, 2 mM MgCl2, 1 mM ATP, 0.5 mM TNAD, 1 mM dithiothreitol), to which was added 1 ul of a DMSO solution of the compound or DMSO as control. Then, 20 ul of pre-ice-cooled enzyme mixture (FLAG-GK, 20 U/ml G6PDH) was distributed thereto, to which was added 10 ul of 25 mM glucose as substrate to initiate the reaction (final glucose concentration=2.5 mM). After starting the reaction, the absorbance at 405 nm was measured every 30 seconds for 10 minutes to evaluate the compound based on the initial increase for 5 minutes. FLAG-GK was added so that the increase of absorbance after 5 minutes fell between 0.05 to 0.1 in the presence of 1% DMSO. The OD values of the respective compounds were measured in the respective concentrations, wherein the OD value of DMSO as control is regarded as 100%. From the OD values at the respective concentrations, Emax (%, 2.5 mM Glu) and EC50 (nM, 2.5 mM Glu) were calculated and used as indicators of the GK activation capability of the compounds. According to the above assay, the GK activation capability of the exemplified compounds of the present invention was determined. The following table shows the results. Where different enantiomers of the same compound were tested, two numbers are provided. Where 3 numbers are provided, for example, Ex. #30, data for the racemic form is also shown."
CHEMBL3979353,,CHEMBL3888434,17768109,EC50,=,190,nM,6.72,potency,concentration,190.0,6.72,EC50 为标准化浓度型效力指标,,401477,0,CHEMBL3886709,2016,BINDINGDB,"Coupled Enzymatic Assay: The assay is carried out according to the protocol outlined in Hariharan et al (1997), Diabetes 46: 11-16. Briefly, the test compounds are incubated in a reaction mix containing 25 mM HEPES (pH 7.2), 10 mM MgCl2, 100 mM KCl, 5 mM ATP, 2 mM DTT, 0.5 mM NAD, 1 U/mL Leuconostoc mesenteroides G6PD, 0.3 U/mL of purified human recombinant GK, and different concentrations of glucose. Enzymatic activity is calculated from the initial reaction velocity, measured from the change in NADH absorbance as a function of time."
CHEMBL3982875,,CHEMBL3889107,17794692,EC50,=,49.1,nM,7.31,potency,concentration,49.1,7.31,EC50 为标准化浓度型效力指标,25,434731,0,CHEMBL3886944,2016,BINDINGDB,"Glucokinase-Activating Assay: To test the exemplified compounds, the following assay was employed. Recombinant human liver glucokinase was expressed as a FLAG fusion protein in E. coli, and purified on ANTIFLAG M2 AFFINITY GEL (Sigma). The assay was carried out at 30° C. in a 96-well plate. In the plate was distributed 69 ul each of assay buffer (25 mM Hepes Buffer: pH=7.2, 2 mM MgCl2, 1 mM ATP, 0.5 mM TNAD, 1 mM dithiothreitol), to which was added 1 ul of a DMSO solution of the compound or DMSO as control. Then, 20 ul of pre-ice-cooled enzyme mixture (FLAG-GK, 20 U/ml G6PDH) was distributed thereto, to which was added 10 ul of 25 mM glucose as substrate to initiate the reaction (final glucose concentration=2.5 mM). After starting the reaction, the absorbance at 405 nm was measured every 30 seconds for 10 minutes to evaluate the compound based on the initial increase for 5 minutes. FLAG-GK was added so that the increase of absorbance after 5 minutes fell between 0.05 to 0.1 in the presence of 1% DMSO. The OD values of the respective compounds were measured in the respective concentrations, wherein the OD value of DMSO as control is regarded as 100%. From the OD values at the respective concentrations, Emax (%, 2.5 mM Glu) and EC50 (nM, 2.5 mM Glu) were calculated and used as indicators of the GK activation capability of the compounds. According to the above assay, the GK activation capability of the exemplified compounds of the present invention was determined. The following table shows the results. Where different enantiomers of the same compound were tested, two numbers are provided. Where 3 numbers are provided, for example, Ex. #30, data for the racemic form is also shown."
CHEMBL3983552,,CHEMBL3888434,17768111,EC50,=,230,nM,6.64,potency,concentration,230.0,6.64,EC50 为标准化浓度型效力指标,,401479,0,CHEMBL3886709,2016,BINDINGDB,"Coupled Enzymatic Assay: The assay is carried out according to the protocol outlined in Hariharan et al (1997), Diabetes 46: 11-16. Briefly, the test compounds are incubated in a reaction mix containing 25 mM HEPES (pH 7.2), 10 mM MgCl2, 100 mM KCl, 5 mM ATP, 2 mM DTT, 0.5 mM NAD, 1 U/mL Leuconostoc mesenteroides G6PD, 0.3 U/mL of purified human recombinant GK, and different concentrations of glucose. Enzymatic activity is calculated from the initial reaction velocity, measured from the change in NADH absorbance as a function of time."
CHEMBL3983869,,CHEMBL3889107,17794695,EC50,=,47.4,nM,7.32,potency,concentration,47.4,7.32,EC50 为标准化浓度型效力指标,25,434734,0,CHEMBL3886944,2016,BINDINGDB,"Glucokinase-Activating Assay: To test the exemplified compounds, the following assay was employed. Recombinant human liver glucokinase was expressed as a FLAG fusion protein in E. coli, and purified on ANTIFLAG M2 AFFINITY GEL (Sigma). The assay was carried out at 30° C. in a 96-well plate. In the plate was distributed 69 ul each of assay buffer (25 mM Hepes Buffer: pH=7.2, 2 mM MgCl2, 1 mM ATP, 0.5 mM TNAD, 1 mM dithiothreitol), to which was added 1 ul of a DMSO solution of the compound or DMSO as control. Then, 20 ul of pre-ice-cooled enzyme mixture (FLAG-GK, 20 U/ml G6PDH) was distributed thereto, to which was added 10 ul of 25 mM glucose as substrate to initiate the reaction (final glucose concentration=2.5 mM). After starting the reaction, the absorbance at 405 nm was measured every 30 seconds for 10 minutes to evaluate the compound based on the initial increase for 5 minutes. FLAG-GK was added so that the increase of absorbance after 5 minutes fell between 0.05 to 0.1 in the presence of 1% DMSO. The OD values of the respective compounds were measured in the respective concentrations, wherein the OD value of DMSO as control is regarded as 100%. From the OD values at the respective concentrations, Emax (%, 2.5 mM Glu) and EC50 (nM, 2.5 mM Glu) were calculated and used as indicators of the GK activation capability of the compounds. According to the above assay, the GK activation capability of the exemplified compounds of the present invention was determined. The following table shows the results. Where different enantiomers of the same compound were tested, two numbers are provided. Where 3 numbers are provided, for example, Ex. #30, data for the racemic form is also shown."
CHEMBL3985968,,CHEMBL3889107,17794666,EC50,=,116.2,nM,6.93,potency,concentration,116.2,6.93,EC50 为标准化浓度型效力指标,25,434705,0,CHEMBL3886944,2016,BINDINGDB,"Glucokinase-Activating Assay: To test the exemplified compounds, the following assay was employed. Recombinant human liver glucokinase was expressed as a FLAG fusion protein in E. coli, and purified on ANTIFLAG M2 AFFINITY GEL (Sigma). The assay was carried out at 30° C. in a 96-well plate. In the plate was distributed 69 ul each of assay buffer (25 mM Hepes Buffer: pH=7.2, 2 mM MgCl2, 1 mM ATP, 0.5 mM TNAD, 1 mM dithiothreitol), to which was added 1 ul of a DMSO solution of the compound or DMSO as control. Then, 20 ul of pre-ice-cooled enzyme mixture (FLAG-GK, 20 U/ml G6PDH) was distributed thereto, to which was added 10 ul of 25 mM glucose as substrate to initiate the reaction (final glucose concentration=2.5 mM). After starting the reaction, the absorbance at 405 nm was measured every 30 seconds for 10 minutes to evaluate the compound based on the initial increase for 5 minutes. FLAG-GK was added so that the increase of absorbance after 5 minutes fell between 0.05 to 0.1 in the presence of 1% DMSO. The OD values of the respective compounds were measured in the respective concentrations, wherein the OD value of DMSO as control is regarded as 100%. From the OD values at the respective concentrations, Emax (%, 2.5 mM Glu) and EC50 (nM, 2.5 mM Glu) were calculated and used as indicators of the GK activation capability of the compounds. According to the above assay, the GK activation capability of the exemplified compounds of the present invention was determined. The following table shows the results. Where different enantiomers of the same compound were tested, two numbers are provided. Where 3 numbers are provided, for example, Ex. #30, data for the racemic form is also shown."
CHEMBL4060445,,CHEMBL4022283,18102466,EC50,=,2000,nM,5.7,potency,concentration,2000.0,5.7,EC50 为标准化浓度型效力指标,,,0,CHEMBL4020781,2017,LITERATURE,Activation of full length human C-terminal FLAG-tagged glucokinase (12 to 465 residues) expressed in Escherichia coli DH10b using glucose as substrate after 60 mins in presence of ATP by kinase-glo luminescence assay
CHEMBL4060445,,CHEMBL4022294,18102409,%max,=,35,%,,efficacy,percent,,,%max 为激活幅度指标，按该 assay 内值域（max=100.0）判为 percent 尺度,,,0,CHEMBL4020781,2017,LITERATURE,Activation of full length human C-terminal FLAG-tagged glucokinase (12 to 465 residues) expressed in Escherichia coli DH10b using glucose as substrate after 60 mins in presence of ATP by kinase-glo luminescence assay relative to control
CHEMBL4060580,,CHEMBL4022283,18102453,EC50,=,7900,nM,5.1,potency,concentration,7900.0,5.1,EC50 为标准化浓度型效力指标,,,0,CHEMBL4020781,2017,LITERATURE,Activation of full length human C-terminal FLAG-tagged glucokinase (12 to 465 residues) expressed in Escherichia coli DH10b using glucose as substrate after 60 mins in presence of ATP by kinase-glo luminescence assay
CHEMBL4060580,,CHEMBL4022294,18102396,%max,=,50,%,,efficacy,percent,,,%max 为激活幅度指标，按该 assay 内值域（max=100.0）判为 percent 尺度,,,0,CHEMBL4020781,2017,LITERATURE,Activation of full length human C-terminal FLAG-tagged glucokinase (12 to 465 residues) expressed in Escherichia coli DH10b using glucose as substrate after 60 mins in presence of ATP by kinase-glo luminescence assay relative to control
CHEMBL4062363,,CHEMBL4014791,18069060,EC50,=,51.5,nM,7.29,potency,concentration,51.5,7.29,EC50 为标准化浓度型效力指标,10,,0,CHEMBL4014286,2017,LITERATURE,Activation of recombinant human glucokinase assessed as conversion of D-glucose to D-glucose-6-phosphate in presence of 10 mM glucose by G6PDH coupled spectrophotometric assay
CHEMBL4062363,,CHEMBL4014792,18069067,%max,=,154,%,,efficacy,percent,,,%max 为激活幅度指标，按该 assay 内值域（max=193.0）判为 percent 尺度,10,,0,CHEMBL4014286,2017,LITERATURE,Activation of recombinant human glucokinase assessed as conversion of D-glucose to D-glucose-6-phosphate in presence of 10 mM glucose by G6PDH coupled spectrophotometric assay relative to control
CHEMBL4062882,,CHEMBL4022283,18102447,EC50,=,100,nM,7,potency,concentration,100.0,7.0,EC50 为标准化浓度型效力指标,,,0,CHEMBL4020781,2017,LITERATURE,Activation of full length human C-terminal FLAG-tagged glucokinase (12 to 465 residues) expressed in Escherichia coli DH10b using glucose as substrate after 60 mins in presence of ATP by kinase-glo luminescence assay
CHEMBL4062882,,CHEMBL4022294,18102390,%max,=,96,%,,efficacy,percent,,,%max 为激活幅度指标，按该 assay 内值域（max=100.0）判为 percent 尺度,,,0,CHEMBL4020781,2017,LITERATURE,Activation of full length human C-terminal FLAG-tagged glucokinase (12 to 465 residues) expressed in Escherichia coli DH10b using glucose as substrate after 60 mins in presence of ATP by kinase-glo luminescence assay relative to control
CHEMBL4063218,,CHEMBL4022283,18102469,EC50,=,630,nM,6.2,potency,concentration,630.0,6.2,EC50 为标准化浓度型效力指标,,,0,CHEMBL4020781,2017,LITERATURE,Activation of full length human C-terminal FLAG-tagged glucokinase (12 to 465 residues) expressed in Escherichia coli DH10b using glucose as substrate after 60 mins in presence of ATP by kinase-glo luminescence assay
CHEMBL4063218,,CHEMBL4022294,18102412,%max,=,73,%,,efficacy,percent,,,%max 为激活幅度指标，按该 assay 内值域（max=100.0）判为 percent 尺度,,,0,CHEMBL4020781,2017,LITERATURE,Activation of full length human C-terminal FLAG-tagged glucokinase (12 to 465 residues) expressed in Escherichia coli DH10b using glucose as substrate after 60 mins in presence of ATP by kinase-glo luminescence assay relative to control
CHEMBL4063355,,CHEMBL4022283,18102458,EC50,=,790,nM,6.1,potency,concentration,790.0,6.1,EC50 为标准化浓度型效力指标,,,0,CHEMBL4020781,2017,LITERATURE,Activation of full length human C-terminal FLAG-tagged glucokinase (12 to 465 residues) expressed in Escherichia coli DH10b using glucose as substrate after 60 mins in presence of ATP by kinase-glo luminescence assay
CHEMBL4063355,,CHEMBL4022294,18102401,%max,=,95,%,,efficacy,percent,,,%max 为激活幅度指标，按该 assay 内值域（max=100.0）判为 percent 尺度,,,0,CHEMBL4020781,2017,LITERATURE,Activation of full length human C-terminal FLAG-tagged glucokinase (12 to 465 residues) expressed in Escherichia coli DH10b using glucose as substrate after 60 mins in presence of ATP by kinase-glo luminescence assay relative to control
CHEMBL4063950,,CHEMBL4022283,18102450,EC50,=,100,nM,7,potency,concentration,100.0,7.0,EC50 为标准化浓度型效力指标,,,0,CHEMBL4020781,2017,LITERATURE,Activation of full length human C-terminal FLAG-tagged glucokinase (12 to 465 residues) expressed in Escherichia coli DH10b using glucose as substrate after 60 mins in presence of ATP by kinase-glo luminescence assay
CHEMBL4063950,,CHEMBL4022294,18102393,%max,=,74,%,,efficacy,percent,,,%max 为激活幅度指标，按该 assay 内值域（max=100.0）判为 percent 尺度,,,0,CHEMBL4020781,2017,LITERATURE,Activation of full length human C-terminal FLAG-tagged glucokinase (12 to 465 residues) expressed in Escherichia coli DH10b using glucose as substrate after 60 mins in presence of ATP by kinase-glo luminescence assay relative to control
CHEMBL4065127,,CHEMBL4014791,18069065,EC50,=,9.6,nM,8.02,potency,concentration,9.6,8.02,EC50 为标准化浓度型效力指标,10,,0,CHEMBL4014286,2017,LITERATURE,Activation of recombinant human glucokinase assessed as conversion of D-glucose to D-glucose-6-phosphate in presence of 10 mM glucose by G6PDH coupled spectrophotometric assay
CHEMBL4065127,,CHEMBL4014792,18069072,%max,=,175,%,,efficacy,percent,,,%max 为激活幅度指标，按该 assay 内值域（max=193.0）判为 percent 尺度,10,,0,CHEMBL4014286,2017,LITERATURE,Activation of recombinant human glucokinase assessed as conversion of D-glucose to D-glucose-6-phosphate in presence of 10 mM glucose by G6PDH coupled spectrophotometric assay relative to control
CHEMBL4067028,,CHEMBL4014754,18068975,EC50,=,4.2,nM,8.38,potency,concentration,4.2,8.38,EC50 为标准化浓度型效力指标,2.5,,0,CHEMBL4014285,2017,LITERATURE,Activation of recombinant human glucokinase assessed as conversion of D-glucose to D-glucose-6-phosphate in presence of 2.5 mM glucose by G6PDH coupled spectrophotometric assay
CHEMBL4067028,,CHEMBL4014754,18068976,EC50,=,3.7,nM,8.43,potency,concentration,3.7,8.43,EC50 为标准化浓度型效力指标,2.5,,0,CHEMBL4014285,2017,LITERATURE,Activation of recombinant human glucokinase assessed as conversion of D-glucose to D-glucose-6-phosphate in presence of 2.5 mM glucose by G6PDH coupled spectrophotometric assay
CHEMBL4067028,,CHEMBL4014755,18068961,%max,=,628,%,,efficacy,percent,,,%max 为激活幅度指标，按该 assay 内值域（max=784.0）判为 percent 尺度,2.5,,0,CHEMBL4014285,2017,LITERATURE,Activation of recombinant human glucokinase assessed as conversion of D-glucose to D-glucose-6-phosphate in presence of 2.5 mM glucose by G6PDH coupled spectrophotometric assay relative to control
CHEMBL4067028,,CHEMBL4014755,18068962,%max,=,784,%,,efficacy,percent,,,%max 为激活幅度指标，按该 assay 内值域（max=784.0）判为 percent 尺度,2.5,,0,CHEMBL4014285,2017,LITERATURE,Activation of recombinant human glucokinase assessed as conversion of D-glucose to D-glucose-6-phosphate in presence of 2.5 mM glucose by G6PDH coupled spectrophotometric assay relative to control
CHEMBL4067028,,CHEMBL4014756,18068947,EC50,=,0.8,nM,9.1,potency,concentration,0.8,9.1,EC50 为标准化浓度型效力指标,10,,0,CHEMBL4014285,2017,LITERATURE,Activation of recombinant human glucokinase assessed as conversion of D-glucose to D-glucose-6-phosphate in presence of 10 mM glucose by G6PDH coupled spectrophotometric assay
CHEMBL4067028,,CHEMBL4014756,18068948,EC50,=,2.4,nM,8.62,potency,concentration,2.4,8.62,EC50 为标准化浓度型效力指标,10,,0,CHEMBL4014285,2017,LITERATURE,Activation of recombinant human glucokinase assessed as conversion of D-glucose to D-glucose-6-phosphate in presence of 10 mM glucose by G6PDH coupled spectrophotometric assay
CHEMBL4067028,,CHEMBL4014757,18068978,%max,=,193,%,,efficacy,percent,,,%max 为激活幅度指标，按该 assay 内值域（max=193.0）判为 percent 尺度,10,,0,CHEMBL4014285,2017,LITERATURE,Activation of recombinant human glucokinase assessed as conversion of D-glucose to D-glucose-6-phosphate in presence of 10 mM glucose by G6PDH coupled spectrophotometric assay relative to control
CHEMBL4067028,,CHEMBL4014757,18068979,%max,=,158,%,,efficacy,percent,,,%max 为激活幅度指标，按该 assay 内值域（max=193.0）判为 percent 尺度,10,,0,CHEMBL4014285,2017,LITERATURE,Activation of recombinant human glucokinase assessed as conversion of D-glucose to D-glucose-6-phosphate in presence of 10 mM glucose by G6PDH coupled spectrophotometric assay relative to control
CHEMBL4067037,,CHEMBL4014754,18068964,EC50,=,4.8,nM,8.32,potency,concentration,4.8,8.32,EC50 为标准化浓度型效力指标,2.5,,0,CHEMBL4014285,2017,LITERATURE,Activation of recombinant human glucokinase assessed as conversion of D-glucose to D-glucose-6-phosphate in presence of 2.5 mM glucose by G6PDH coupled spectrophotometric assay
CHEMBL4067037,,CHEMBL4014755,18068950,%max,=,452,%,,efficacy,percent,,,%max 为激活幅度指标，按该 assay 内值域（max=784.0）判为 percent 尺度,2.5,,0,CHEMBL4014285,2017,LITERATURE,Activation of recombinant human glucokinase assessed as conversion of D-glucose to D-glucose-6-phosphate in presence of 2.5 mM glucose by G6PDH coupled spectrophotometric assay relative to control
CHEMBL4067037,,CHEMBL4014756,18068936,EC50,=,9.2,nM,8.04,potency,concentration,9.2,8.04,EC50 为标准化浓度型效力指标,10,,0,CHEMBL4014285,2017,LITERATURE,Activation of recombinant human glucokinase assessed as conversion of D-glucose to D-glucose-6-phosphate in presence of 10 mM glucose by G6PDH coupled spectrophotometric assay
CHEMBL4067037,,CHEMBL4014757,18068990,%max,=,123,%,,efficacy,percent,,,%max 为激活幅度指标，按该 assay 内值域（max=193.0）判为 percent 尺度,10,,0,CHEMBL4014285,2017,LITERATURE,Activation of recombinant human glucokinase assessed as conversion of D-glucose to D-glucose-6-phosphate in presence of 10 mM glucose by G6PDH coupled spectrophotometric assay relative to control
CHEMBL4068048,,CHEMBL4014754,18068969,EC50,=,31,nM,7.51,potency,concentration,31.0,7.51,EC50 为标准化浓度型效力指标,2.5,,0,CHEMBL4014285,2017,LITERATURE,Activation of recombinant human glucokinase assessed as conversion of D-glucose to D-glucose-6-phosphate in presence of 2.5 mM glucose by G6PDH coupled spectrophotometric assay
CHEMBL4068048,,CHEMBL4014754,18068970,EC50,=,4.8,nM,8.32,potency,concentration,4.8,8.32,EC50 为标准化浓度型效力指标,2.5,,0,CHEMBL4014285,2017,LITERATURE,Activation of recombinant human glucokinase assessed as conversion of D-glucose to D-glucose-6-phosphate in presence of 2.5 mM glucose by G6PDH coupled spectrophotometric assay
CHEMBL4068048,,CHEMBL4014755,18068955,%max,=,581,%,,efficacy,percent,,,%max 为激活幅度指标，按该 assay 内值域（max=784.0）判为 percent 尺度,2.5,,0,CHEMBL4014285,2017,LITERATURE,Activation of recombinant human glucokinase assessed as conversion of D-glucose to D-glucose-6-phosphate in presence of 2.5 mM glucose by G6PDH coupled spectrophotometric assay relative to control
CHEMBL4068048,,CHEMBL4014755,18068956,%max,=,739,%,,efficacy,percent,,,%max 为激活幅度指标，按该 assay 内值域（max=784.0）判为 percent 尺度,2.5,,0,CHEMBL4014285,2017,LITERATURE,Activation of recombinant human glucokinase assessed as conversion of D-glucose to D-glucose-6-phosphate in presence of 2.5 mM glucose by G6PDH coupled spectrophotometric assay relative to control
CHEMBL4068048,,CHEMBL4014756,18068941,EC50,=,9.8,nM,8.01,potency,concentration,9.8,8.01,EC50 为标准化浓度型效力指标,10,,0,CHEMBL4014285,2017,LITERATURE,Activation of recombinant human glucokinase assessed as conversion of D-glucose to D-glucose-6-phosphate in presence of 10 mM glucose by G6PDH coupled spectrophotometric assay
CHEMBL4068048,,CHEMBL4014756,18068942,EC50,=,2.1,nM,8.68,potency,concentration,2.1,8.68,EC50 为标准化浓度型效力指标,10,,0,CHEMBL4014285,2017,LITERATURE,Activation of recombinant human glucokinase assessed as conversion of D-glucose to D-glucose-6-phosphate in presence of 10 mM glucose by G6PDH coupled spectrophotometric assay
CHEMBL4068048,,CHEMBL4014757,18068984,%max,=,173,%,,efficacy,percent,,,%max 为激活幅度指标，按该 assay 内值域（max=193.0）判为 percent 尺度,10,,0,CHEMBL4014285,2017,LITERATURE,Activation of recombinant human glucokinase assessed as conversion of D-glucose to D-glucose-6-phosphate in presence of 10 mM glucose by G6PDH coupled spectrophotometric assay relative to control
CHEMBL4068048,,CHEMBL4014757,18068985,%max,=,132,%,,efficacy,percent,,,%max 为激活幅度指标，按该 assay 内值域（max=193.0）判为 percent 尺度,10,,0,CHEMBL4014285,2017,LITERATURE,Activation of recombinant human glucokinase assessed as conversion of D-glucose to D-glucose-6-phosphate in presence of 10 mM glucose by G6PDH coupled spectrophotometric assay relative to control
CHEMBL4069128,,CHEMBL4022283,18102464,EC50,>,100000,nM,,potency,concentration,100000.0,,EC50 为标准化浓度型效力指标,,,0,CHEMBL4020781,2017,LITERATURE,Activation of full length human C-terminal FLAG-tagged glucokinase (12 to 465 residues) expressed in Escherichia coli DH10b using glucose as substrate after 60 mins in presence of ATP by kinase-glo luminescence assay
CHEMBL4069128,,CHEMBL4022294,18102407,%max,=,0,%,,efficacy,percent,,,%max 为激活幅度指标，按该 assay 内值域（max=100.0）判为 percent 尺度,,,0,CHEMBL4020781,2017,LITERATURE,Activation of full length human C-terminal FLAG-tagged glucokinase (12 to 465 residues) expressed in Escherichia coli DH10b using glucose as substrate after 60 mins in presence of ATP by kinase-glo luminescence assay relative to control
CHEMBL4070998,,CHEMBL4014791,18069062,EC50,=,68.5,nM,7.16,potency,concentration,68.5,7.16,EC50 为标准化浓度型效力指标,10,,0,CHEMBL4014286,2017,LITERATURE,Activation of recombinant human glucokinase assessed as conversion of D-glucose to D-glucose-6-phosphate in presence of 10 mM glucose by G6PDH coupled spectrophotometric assay
CHEMBL4070998,,CHEMBL4014792,18069069,%max,=,178,%,,efficacy,percent,,,%max 为激活幅度指标，按该 assay 内值域（max=193.0）判为 percent 尺度,10,,0,CHEMBL4014286,2017,LITERATURE,Activation of recombinant human glucokinase assessed as conversion of D-glucose to D-glucose-6-phosphate in presence of 10 mM glucose by G6PDH coupled spectrophotometric assay relative to control
CHEMBL4071846,,CHEMBL4022283,18102467,EC50,=,4000,nM,5.4,potency,concentration,4000.0,5.4,EC50 为标准化浓度型效力指标,,,0,CHEMBL4020781,2017,LITERATURE,Activation of full length human C-terminal FLAG-tagged glucokinase (12 to 465 residues) expressed in Escherichia coli DH10b using glucose as substrate after 60 mins in presence of ATP by kinase-glo luminescence assay
CHEMBL4071846,,CHEMBL4022294,18102410,%max,=,37,%,,efficacy,percent,,,%max 为激活幅度指标，按该 assay 内值域（max=100.0）判为 percent 尺度,,,0,CHEMBL4020781,2017,LITERATURE,Activation of full length human C-terminal FLAG-tagged glucokinase (12 to 465 residues) expressed in Escherichia coli DH10b using glucose as substrate after 60 mins in presence of ATP by kinase-glo luminescence assay relative to control
CHEMBL4071981,,CHEMBL4022283,18102456,EC50,=,1600,nM,5.8,potency,concentration,1600.0,5.8,EC50 为标准化浓度型效力指标,,,0,CHEMBL4020781,2017,LITERATURE,Activation of full length human C-terminal FLAG-tagged glucokinase (12 to 465 residues) expressed in Escherichia coli DH10b using glucose as substrate after 60 mins in presence of ATP by kinase-glo luminescence assay
CHEMBL4071981,,CHEMBL4022294,18102399,%max,=,49,%,,efficacy,percent,,,%max 为激活幅度指标，按该 assay 内值域（max=100.0）判为 percent 尺度,,,0,CHEMBL4020781,2017,LITERATURE,Activation of full length human C-terminal FLAG-tagged glucokinase (12 to 465 residues) expressed in Escherichia coli DH10b using glucose as substrate after 60 mins in presence of ATP by kinase-glo luminescence assay relative to control
CHEMBL4072542,,CHEMBL4022283,18102452,EC50,=,3100,nM,5.51,potency,concentration,3100.0,5.51,EC50 为标准化浓度型效力指标,,,0,CHEMBL4020781,2017,LITERATURE,Activation of full length human C-terminal FLAG-tagged glucokinase (12 to 465 residues) expressed in Escherichia coli DH10b using glucose as substrate after 60 mins in presence of ATP by kinase-glo luminescence assay
CHEMBL4072542,,CHEMBL4022294,18102395,%max,=,73,%,,efficacy,percent,,,%max 为激活幅度指标，按该 assay 内值域（max=100.0）判为 percent 尺度,,,0,CHEMBL4020781,2017,LITERATURE,Activation of full length human C-terminal FLAG-tagged glucokinase (12 to 465 residues) expressed in Escherichia coli DH10b using glucose as substrate after 60 mins in presence of ATP by kinase-glo luminescence assay relative to control
CHEMBL4072997,,CHEMBL4022283,18102461,EC50,>,100000,nM,,potency,concentration,100000.0,,EC50 为标准化浓度型效力指标,,,0,CHEMBL4020781,2017,LITERATURE,Activation of full length human C-terminal FLAG-tagged glucokinase (12 to 465 residues) expressed in Escherichia coli DH10b using glucose as substrate after 60 mins in presence of ATP by kinase-glo luminescence assay
CHEMBL4072997,,CHEMBL4022294,18102404,%max,=,0,%,,efficacy,percent,,,%max 为激活幅度指标，按该 assay 内值域（max=100.0）判为 percent 尺度,,,0,CHEMBL4020781,2017,LITERATURE,Activation of full length human C-terminal FLAG-tagged glucokinase (12 to 465 residues) expressed in Escherichia coli DH10b using glucose as substrate after 60 mins in presence of ATP by kinase-glo luminescence assay relative to control
CHEMBL4078915,,CHEMBL4014754,18068971,EC50,=,48,nM,7.32,potency,concentration,48.0,7.32,EC50 为标准化浓度型效力指标,2.5,,0,CHEMBL4014285,2017,LITERATURE,Activation of recombinant human glucokinase assessed as conversion of D-glucose to D-glucose-6-phosphate in presence of 2.5 mM glucose by G6PDH coupled spectrophotometric assay
CHEMBL4078915,,CHEMBL4014754,18068972,EC50,=,4.5,nM,8.35,potency,concentration,4.5,8.35,EC50 为标准化浓度型效力指标,2.5,,0,CHEMBL4014285,2017,LITERATURE,Activation of recombinant human glucokinase assessed as conversion of D-glucose to D-glucose-6-phosphate in presence of 2.5 mM glucose by G6PDH coupled spectrophotometric assay
CHEMBL4078915,,CHEMBL4014755,18068957,%max,=,577,%,,efficacy,percent,,,%max 为激活幅度指标，按该 assay 内值域（max=784.0）判为 percent 尺度,2.5,,0,CHEMBL4014285,2017,LITERATURE,Activation of recombinant human glucokinase assessed as conversion of D-glucose to D-glucose-6-phosphate in presence of 2.5 mM glucose by G6PDH coupled spectrophotometric assay relative to control
CHEMBL4078915,,CHEMBL4014755,18068958,%max,=,713,%,,efficacy,percent,,,%max 为激活幅度指标，按该 assay 内值域（max=784.0）判为 percent 尺度,2.5,,0,CHEMBL4014285,2017,LITERATURE,Activation of recombinant human glucokinase assessed as conversion of D-glucose to D-glucose-6-phosphate in presence of 2.5 mM glucose by G6PDH coupled spectrophotometric assay relative to control
CHEMBL4078915,,CHEMBL4014756,18068943,EC50,=,18,nM,7.75,potency,concentration,18.0,7.75,EC50 为标准化浓度型效力指标,10,,0,CHEMBL4014285,2017,LITERATURE,Activation of recombinant human glucokinase assessed as conversion of D-glucose to D-glucose-6-phosphate in presence of 10 mM glucose by G6PDH coupled spectrophotometric assay
CHEMBL4078915,,CHEMBL4014756,18068944,EC50,=,4.2,nM,8.38,potency,concentration,4.2,8.38,EC50 为标准化浓度型效力指标,10,,0,CHEMBL4014285,2017,LITERATURE,Activation of recombinant human glucokinase assessed as conversion of D-glucose to D-glucose-6-phosphate in presence of 10 mM glucose by G6PDH coupled spectrophotometric assay
CHEMBL4078915,,CHEMBL4014757,18068982,%max,=,188,%,,efficacy,percent,,,%max 为激活幅度指标，按该 assay 内值域（max=193.0）判为 percent 尺度,10,,0,CHEMBL4014285,2017,LITERATURE,Activation of recombinant human glucokinase assessed as conversion of D-glucose to D-glucose-6-phosphate in presence of 10 mM glucose by G6PDH coupled spectrophotometric assay relative to control
CHEMBL4078915,,CHEMBL4014757,18068983,%max,=,155,%,,efficacy,percent,,,%max 为激活幅度指标，按该 assay 内值域（max=193.0）判为 percent 尺度,10,,0,CHEMBL4014285,2017,LITERATURE,Activation of recombinant human glucokinase assessed as conversion of D-glucose to D-glucose-6-phosphate in presence of 10 mM glucose by G6PDH coupled spectrophotometric assay relative to control
CHEMBL4079100,,CHEMBL4014791,18069059,EC50,=,27.7,nM,7.56,potency,concentration,27.7,7.56,EC50 为标准化浓度型效力指标,10,,0,CHEMBL4014286,2017,LITERATURE,Activation of recombinant human glucokinase assessed as conversion of D-glucose to D-glucose-6-phosphate in presence of 10 mM glucose by G6PDH coupled spectrophotometric assay
CHEMBL4079100,,CHEMBL4014792,18069066,%max,=,190,%,,efficacy,percent,,,%max 为激活幅度指标，按该 assay 内值域（max=193.0）判为 percent 尺度,10,,0,CHEMBL4014286,2017,LITERATURE,Activation of recombinant human glucokinase assessed as conversion of D-glucose to D-glucose-6-phosphate in presence of 10 mM glucose by G6PDH coupled spectrophotometric assay relative to control
CHEMBL4082347,,CHEMBL4022283,18102465,EC50,=,1000,nM,6,potency,concentration,1000.0,6.0,EC50 为标准化浓度型效力指标,,,0,CHEMBL4020781,2017,LITERATURE,Activation of full length human C-terminal FLAG-tagged glucokinase (12 to 465 residues) expressed in Escherichia coli DH10b using glucose as substrate after 60 mins in presence of ATP by kinase-glo luminescence assay
CHEMBL4082347,,CHEMBL4022294,18102408,%max,=,32,%,,efficacy,percent,,,%max 为激活幅度指标，按该 assay 内值域（max=100.0）判为 percent 尺度,,,0,CHEMBL4020781,2017,LITERATURE,Activation of full length human C-terminal FLAG-tagged glucokinase (12 to 465 residues) expressed in Escherichia coli DH10b using glucose as substrate after 60 mins in presence of ATP by kinase-glo luminescence assay relative to control
CHEMBL4082468,,CHEMBL4022283,18102454,EC50,=,5000,nM,5.3,potency,concentration,5000.0,5.3,EC50 为标准化浓度型效力指标,,,0,CHEMBL4020781,2017,LITERATURE,Activation of full length human C-terminal FLAG-tagged glucokinase (12 to 465 residues) expressed in Escherichia coli DH10b using glucose as substrate after 60 mins in presence of ATP by kinase-glo luminescence assay
CHEMBL4082468,,CHEMBL4022294,18102397,%max,=,74,%,,efficacy,percent,,,%max 为激活幅度指标，按该 assay 内值域（max=100.0）判为 percent 尺度,,,0,CHEMBL4020781,2017,LITERATURE,Activation of full length human C-terminal FLAG-tagged glucokinase (12 to 465 residues) expressed in Escherichia coli DH10b using glucose as substrate after 60 mins in presence of ATP by kinase-glo luminescence assay relative to control
CHEMBL4083023,,CHEMBL4022283,18102446,EC50,=,80,nM,7.1,potency,concentration,80.0,7.1,EC50 为标准化浓度型效力指标,,,0,CHEMBL4020781,2017,LITERATURE,Activation of full length human C-terminal FLAG-tagged glucokinase (12 to 465 residues) expressed in Escherichia coli DH10b using glucose as substrate after 60 mins in presence of ATP by kinase-glo luminescence assay
CHEMBL4083023,,CHEMBL4022294,18102389,%max,=,71,%,,efficacy,percent,,,%max 为激活幅度指标，按该 assay 内值域（max=100.0）判为 percent 尺度,,,0,CHEMBL4020781,2017,LITERATURE,Activation of full length human C-terminal FLAG-tagged glucokinase (12 to 465 residues) expressed in Escherichia coli DH10b using glucose as substrate after 60 mins in presence of ATP by kinase-glo luminescence assay relative to control
CHEMBL4083339,,CHEMBL4014754,18068967,EC50,=,86,nM,7.07,potency,concentration,86.0,7.07,EC50 为标准化浓度型效力指标,2.5,,0,CHEMBL4014285,2017,LITERATURE,Activation of recombinant human glucokinase assessed as conversion of D-glucose to D-glucose-6-phosphate in presence of 2.5 mM glucose by G6PDH coupled spectrophotometric assay
CHEMBL4083339,,CHEMBL4014754,18068968,EC50,=,2.4,nM,8.62,potency,concentration,2.4,8.62,EC50 为标准化浓度型效力指标,2.5,,0,CHEMBL4014285,2017,LITERATURE,Activation of recombinant human glucokinase assessed as conversion of D-glucose to D-glucose-6-phosphate in presence of 2.5 mM glucose by G6PDH coupled spectrophotometric assay
CHEMBL4083339,,CHEMBL4014755,18068953,%max,=,583,%,,efficacy,percent,,,%max 为激活幅度指标，按该 assay 内值域（max=784.0）判为 percent 尺度,2.5,,0,CHEMBL4014285,2017,LITERATURE,Activation of recombinant human glucokinase assessed as conversion of D-glucose to D-glucose-6-phosphate in presence of 2.5 mM glucose by G6PDH coupled spectrophotometric assay relative to control
CHEMBL4083339,,CHEMBL4014755,18068954,%max,=,764,%,,efficacy,percent,,,%max 为激活幅度指标，按该 assay 内值域（max=784.0）判为 percent 尺度,2.5,,0,CHEMBL4014285,2017,LITERATURE,Activation of recombinant human glucokinase assessed as conversion of D-glucose to D-glucose-6-phosphate in presence of 2.5 mM glucose by G6PDH coupled spectrophotometric assay relative to control
CHEMBL4083339,,CHEMBL4014756,18068939,EC50,=,31,nM,7.51,potency,concentration,31.0,7.51,EC50 为标准化浓度型效力指标,10,,0,CHEMBL4014285,2017,LITERATURE,Activation of recombinant human glucokinase assessed as conversion of D-glucose to D-glucose-6-phosphate in presence of 10 mM glucose by G6PDH coupled spectrophotometric assay
CHEMBL4083339,,CHEMBL4014756,18068940,EC50,<,0.85,nM,,potency,concentration,0.85,,EC50 为标准化浓度型效力指标,10,,0,CHEMBL4014285,2017,LITERATURE,Activation of recombinant human glucokinase assessed as conversion of D-glucose to D-glucose-6-phosphate in presence of 10 mM glucose by G6PDH coupled spectrophotometric assay
CHEMBL4083339,,CHEMBL4014757,18068986,%max,=,174,%,,efficacy,percent,,,%max 为激活幅度指标，按该 assay 内值域（max=193.0）判为 percent 尺度,10,,0,CHEMBL4014285,2017,LITERATURE,Activation of recombinant human glucokinase assessed as conversion of D-glucose to D-glucose-6-phosphate in presence of 10 mM glucose by G6PDH coupled spectrophotometric assay relative to control
CHEMBL4083339,,CHEMBL4014757,18068987,%max,=,141,%,,efficacy,percent,,,%max 为激活幅度指标，按该 assay 内值域（max=193.0）判为 percent 尺度,10,,0,CHEMBL4014285,2017,LITERATURE,Activation of recombinant human glucokinase assessed as conversion of D-glucose to D-glucose-6-phosphate in presence of 10 mM glucose by G6PDH coupled spectrophotometric assay relative to control
CHEMBL4083428,,CHEMBL4022283,18102459,EC50,=,40,nM,7.4,potency,concentration,40.0,7.4,EC50 为标准化浓度型效力指标,,,0,CHEMBL4020781,2017,LITERATURE,Activation of full length human C-terminal FLAG-tagged glucokinase (12 to 465 residues) expressed in Escherichia coli DH10b using glucose as substrate after 60 mins in presence of ATP by kinase-glo luminescence assay
CHEMBL4083428,,CHEMBL4022294,18102402,%max,=,83,%,,efficacy,percent,,,%max 为激活幅度指标，按该 assay 内值域（max=100.0）判为 percent 尺度,,,0,CHEMBL4020781,2017,LITERATURE,Activation of full length human C-terminal FLAG-tagged glucokinase (12 to 465 residues) expressed in Escherichia coli DH10b using glucose as substrate after 60 mins in presence of ATP by kinase-glo luminescence assay relative to control
CHEMBL4084078,,CHEMBL4014791,18069061,EC50,=,14,nM,7.85,potency,concentration,14.0,7.85,EC50 为标准化浓度型效力指标,10,,0,CHEMBL4014286,2017,LITERATURE,Activation of recombinant human glucokinase assessed as conversion of D-glucose to D-glucose-6-phosphate in presence of 10 mM glucose by G6PDH coupled spectrophotometric assay
CHEMBL4084078,,CHEMBL4014792,18069068,%max,=,134,%,,efficacy,percent,,,%max 为激活幅度指标，按该 assay 内值域（max=193.0）判为 percent 尺度,10,,0,CHEMBL4014286,2017,LITERATURE,Activation of recombinant human glucokinase assessed as conversion of D-glucose to D-glucose-6-phosphate in presence of 10 mM glucose by G6PDH coupled spectrophotometric assay relative to control
CHEMBL4085525,,CHEMBL4022283,18102449,EC50,=,100,nM,7,potency,concentration,100.0,7.0,EC50 为标准化浓度型效力指标,,,0,CHEMBL4020781,2017,LITERATURE,Activation of full length human C-terminal FLAG-tagged glucokinase (12 to 465 residues) expressed in Escherichia coli DH10b using glucose as substrate after 60 mins in presence of ATP by kinase-glo luminescence assay
CHEMBL4085525,,CHEMBL4022294,18102392,%max,=,97,%,,efficacy,percent,,,%max 为激活幅度指标，按该 assay 内值域（max=100.0）判为 percent 尺度,,,0,CHEMBL4020781,2017,LITERATURE,Activation of full length human C-terminal FLAG-tagged glucokinase (12 to 465 residues) expressed in Escherichia coli DH10b using glucose as substrate after 60 mins in presence of ATP by kinase-glo luminescence assay relative to control
CHEMBL4086771,,CHEMBL4014754,18068973,EC50,=,5.5,nM,8.26,potency,concentration,5.5,8.26,EC50 为标准化浓度型效力指标,2.5,,0,CHEMBL4014285,2017,LITERATURE,Activation of recombinant human glucokinase assessed as conversion of D-glucose to D-glucose-6-phosphate in presence of 2.5 mM glucose by G6PDH coupled spectrophotometric assay
CHEMBL4086771,,CHEMBL4014754,18068974,EC50,=,4.5,nM,8.35,potency,concentration,4.5,8.35,EC50 为标准化浓度型效力指标,2.5,,0,CHEMBL4014285,2017,LITERATURE,Activation of recombinant human glucokinase assessed as conversion of D-glucose to D-glucose-6-phosphate in presence of 2.5 mM glucose by G6PDH coupled spectrophotometric assay
CHEMBL4086771,,CHEMBL4014755,18068959,%max,=,482,%,,efficacy,percent,,,%max 为激活幅度指标，按该 assay 内值域（max=784.0）判为 percent 尺度,2.5,,0,CHEMBL4014285,2017,LITERATURE,Activation of recombinant human glucokinase assessed as conversion of D-glucose to D-glucose-6-phosphate in presence of 2.5 mM glucose by G6PDH coupled spectrophotometric assay relative to control
CHEMBL4086771,,CHEMBL4014755,18068960,%max,=,620,%,,efficacy,percent,,,%max 为激活幅度指标，按该 assay 内值域（max=784.0）判为 percent 尺度,2.5,,0,CHEMBL4014285,2017,LITERATURE,Activation of recombinant human glucokinase assessed as conversion of D-glucose to D-glucose-6-phosphate in presence of 2.5 mM glucose by G6PDH coupled spectrophotometric assay relative to control
CHEMBL4086771,,CHEMBL4014756,18068945,EC50,=,1,nM,9,potency,concentration,1.0,9.0,EC50 为标准化浓度型效力指标,10,,0,CHEMBL4014285,2017,LITERATURE,Activation of recombinant human glucokinase assessed as conversion of D-glucose to D-glucose-6-phosphate in presence of 10 mM glucose by G6PDH coupled spectrophotometric assay
CHEMBL4086771,,CHEMBL4014756,18068946,EC50,=,3.8,nM,8.42,potency,concentration,3.8,8.42,EC50 为标准化浓度型效力指标,10,,0,CHEMBL4014285,2017,LITERATURE,Activation of recombinant human glucokinase assessed as conversion of D-glucose to D-glucose-6-phosphate in presence of 10 mM glucose by G6PDH coupled spectrophotometric assay
CHEMBL4086771,,CHEMBL4014757,18068980,%max,=,168,%,,efficacy,percent,,,%max 为激活幅度指标，按该 assay 内值域（max=193.0）判为 percent 尺度,10,,0,CHEMBL4014285,2017,LITERATURE,Activation of recombinant human glucokinase assessed as conversion of D-glucose to D-glucose-6-phosphate in presence of 10 mM glucose by G6PDH coupled spectrophotometric assay relative to control
CHEMBL4086771,,CHEMBL4014757,18068981,%max,=,132,%,,efficacy,percent,,,%max 为激活幅度指标，按该 assay 内值域（max=193.0）判为 percent 尺度,10,,0,CHEMBL4014285,2017,LITERATURE,Activation of recombinant human glucokinase assessed as conversion of D-glucose to D-glucose-6-phosphate in presence of 10 mM glucose by G6PDH coupled spectrophotometric assay relative to control
CHEMBL4086782,,CHEMBL4014754,18068965,EC50,=,2,nM,8.7,potency,concentration,2.0,8.7,EC50 为标准化浓度型效力指标,2.5,,0,CHEMBL4014285,2017,LITERATURE,Activation of recombinant human glucokinase assessed as conversion of D-glucose to D-glucose-6-phosphate in presence of 2.5 mM glucose by G6PDH coupled spectrophotometric assay
CHEMBL4086782,,CHEMBL4014755,18068951,%max,=,602,%,,efficacy,percent,,,%max 为激活幅度指标，按该 assay 内值域（max=784.0）判为 percent 尺度,2.5,,0,CHEMBL4014285,2017,LITERATURE,Activation of recombinant human glucokinase assessed as conversion of D-glucose to D-glucose-6-phosphate in presence of 2.5 mM glucose by G6PDH coupled spectrophotometric assay relative to control
CHEMBL4086782,,CHEMBL4014756,18068937,EC50,=,1.4,nM,8.85,potency,concentration,1.4,8.85,EC50 为标准化浓度型效力指标,10,,0,CHEMBL4014285,2017,LITERATURE,Activation of recombinant human glucokinase assessed as conversion of D-glucose to D-glucose-6-phosphate in presence of 10 mM glucose by G6PDH coupled spectrophotometric assay
CHEMBL4086782,,CHEMBL4014757,18068989,%max,=,158,%,,efficacy,percent,,,%max 为激活幅度指标，按该 assay 内值域（max=193.0）判为 percent 尺度,10,,0,CHEMBL4014285,2017,LITERATURE,Activation of recombinant human glucokinase assessed as conversion of D-glucose to D-glucose-6-phosphate in presence of 10 mM glucose by G6PDH coupled spectrophotometric assay relative to control
CHEMBL4090191,,CHEMBL4022283,18102463,EC50,>,100000,nM,,potency,concentration,100000.0,,EC50 为标准化浓度型效力指标,,,0,CHEMBL4020781,2017,LITERATURE,Activation of full length human C-terminal FLAG-tagged glucokinase (12 to 465 residues) expressed in Escherichia coli DH10b using glucose as substrate after 60 mins in presence of ATP by kinase-glo luminescence assay
CHEMBL4090191,,CHEMBL4022294,18102406,%max,=,0,%,,efficacy,percent,,,%max 为激活幅度指标，按该 assay 内值域（max=100.0）判为 percent 尺度,,,0,CHEMBL4020781,2017,LITERATURE,Activation of full length human C-terminal FLAG-tagged glucokinase (12 to 465 residues) expressed in Escherichia coli DH10b using glucose as substrate after 60 mins in presence of ATP by kinase-glo luminescence assay relative to control
CHEMBL4090814,,CHEMBL4022283,18102448,EC50,=,100,nM,7,potency,concentration,100.0,7.0,EC50 为标准化浓度型效力指标,,,0,CHEMBL4020781,2017,LITERATURE,Activation of full length human C-terminal FLAG-tagged glucokinase (12 to 465 residues) expressed in Escherichia coli DH10b using glucose as substrate after 60 mins in presence of ATP by kinase-glo luminescence assay
CHEMBL4090814,,CHEMBL4022294,18102391,%max,=,100,%,,efficacy,percent,,,%max 为激活幅度指标，按该 assay 内值域（max=100.0）判为 percent 尺度,,,0,CHEMBL4020781,2017,LITERATURE,Activation of full length human C-terminal FLAG-tagged glucokinase (12 to 465 residues) expressed in Escherichia coli DH10b using glucose as substrate after 60 mins in presence of ATP by kinase-glo luminescence assay relative to control
CHEMBL4091097,,CHEMBL4022283,18102470,EC50,=,1200,nM,5.92,potency,concentration,1200.0,5.92,EC50 为标准化浓度型效力指标,,,0,CHEMBL4020781,2017,LITERATURE,Activation of full length human C-terminal FLAG-tagged glucokinase (12 to 465 residues) expressed in Escherichia coli DH10b using glucose as substrate after 60 mins in presence of ATP by kinase-glo luminescence assay
CHEMBL4091097,,CHEMBL4022294,18102413,%max,=,77,%,,efficacy,percent,,,%max 为激活幅度指标，按该 assay 内值域（max=100.0）判为 percent 尺度,,,0,CHEMBL4020781,2017,LITERATURE,Activation of full length human C-terminal FLAG-tagged glucokinase (12 to 465 residues) expressed in Escherichia coli DH10b using glucose as substrate after 60 mins in presence of ATP by kinase-glo luminescence assay relative to control
CHEMBL4091218,,CHEMBL4022283,18102457,EC50,=,200,nM,6.7,potency,concentration,200.0,6.7,EC50 为标准化浓度型效力指标,,,0,CHEMBL4020781,2017,LITERATURE,Activation of full length human C-terminal FLAG-tagged glucokinase (12 to 465 residues) expressed in Escherichia coli DH10b using glucose as substrate after 60 mins in presence of ATP by kinase-glo luminescence assay
CHEMBL4091218,,CHEMBL4022294,18102400,%max,=,38,%,,efficacy,percent,,,%max 为激活幅度指标，按该 assay 内值域（max=100.0）判为 percent 尺度,,,0,CHEMBL4020781,2017,LITERATURE,Activation of full length human C-terminal FLAG-tagged glucokinase (12 to 465 residues) expressed in Escherichia coli DH10b using glucose as substrate after 60 mins in presence of ATP by kinase-glo luminescence assay relative to control
CHEMBL4091838,,CHEMBL4014791,18069063,EC50,=,49,nM,7.31,potency,concentration,49.0,7.31,EC50 为标准化浓度型效力指标,10,,0,CHEMBL4014286,2017,LITERATURE,Activation of recombinant human glucokinase assessed as conversion of D-glucose to D-glucose-6-phosphate in presence of 10 mM glucose by G6PDH coupled spectrophotometric assay
CHEMBL4091838,,CHEMBL4014792,18069070,%max,=,193,%,,efficacy,percent,,,%max 为激活幅度指标，按该 assay 内值域（max=193.0）判为 percent 尺度,10,,0,CHEMBL4014286,2017,LITERATURE,Activation of recombinant human glucokinase assessed as conversion of D-glucose to D-glucose-6-phosphate in presence of 10 mM glucose by G6PDH coupled spectrophotometric assay relative to control
CHEMBL4092800,,CHEMBL4014791,18069064,EC50,=,5.7,nM,8.24,potency,concentration,5.7,8.24,EC50 为标准化浓度型效力指标,10,,0,CHEMBL4014286,2017,LITERATURE,Activation of recombinant human glucokinase assessed as conversion of D-glucose to D-glucose-6-phosphate in presence of 10 mM glucose by G6PDH coupled spectrophotometric assay
CHEMBL4092800,,CHEMBL4014792,18069071,%max,=,153,%,,efficacy,percent,,,%max 为激活幅度指标，按该 assay 内值域（max=193.0）判为 percent 尺度,10,,0,CHEMBL4014286,2017,LITERATURE,Activation of recombinant human glucokinase assessed as conversion of D-glucose to D-glucose-6-phosphate in presence of 10 mM glucose by G6PDH coupled spectrophotometric assay relative to control
CHEMBL4093271,,CHEMBL4022283,18102451,EC50,=,120,nM,6.92,potency,concentration,120.0,6.92,EC50 为标准化浓度型效力指标,,,0,CHEMBL4020781,2017,LITERATURE,Activation of full length human C-terminal FLAG-tagged glucokinase (12 to 465 residues) expressed in Escherichia coli DH10b using glucose as substrate after 60 mins in presence of ATP by kinase-glo luminescence assay
CHEMBL4093271,,CHEMBL4022294,18102394,%max,=,91,%,,efficacy,percent,,,%max 为激活幅度指标，按该 assay 内值域（max=100.0）判为 percent 尺度,,,0,CHEMBL4020781,2017,LITERATURE,Activation of full length human C-terminal FLAG-tagged glucokinase (12 to 465 residues) expressed in Escherichia coli DH10b using glucose as substrate after 60 mins in presence of ATP by kinase-glo luminescence assay relative to control
CHEMBL4093697,,CHEMBL4022283,18102462,EC50,=,500,nM,6.3,potency,concentration,500.0,6.3,EC50 为标准化浓度型效力指标,,,0,CHEMBL4020781,2017,LITERATURE,Activation of full length human C-terminal FLAG-tagged glucokinase (12 to 465 residues) expressed in Escherichia coli DH10b using glucose as substrate after 60 mins in presence of ATP by kinase-glo luminescence assay
CHEMBL4093697,,CHEMBL4022294,18102405,%max,=,26,%,,efficacy,percent,,,%max 为激活幅度指标，按该 assay 内值域（max=100.0）判为 percent 尺度,,,0,CHEMBL4020781,2017,LITERATURE,Activation of full length human C-terminal FLAG-tagged glucokinase (12 to 465 residues) expressed in Escherichia coli DH10b using glucose as substrate after 60 mins in presence of ATP by kinase-glo luminescence assay relative to control
CHEMBL4094511,,CHEMBL4014754,18068963,EC50,=,24,nM,7.62,potency,concentration,24.0,7.62,EC50 为标准化浓度型效力指标,2.5,,0,CHEMBL4014285,2017,LITERATURE,Activation of recombinant human glucokinase assessed as conversion of D-glucose to D-glucose-6-phosphate in presence of 2.5 mM glucose by G6PDH coupled spectrophotometric assay
CHEMBL4094511,,CHEMBL4014755,18068949,%max,=,683,%,,efficacy,percent,,,%max 为激活幅度指标，按该 assay 内值域（max=784.0）判为 percent 尺度,2.5,,0,CHEMBL4014285,2017,LITERATURE,Activation of recombinant human glucokinase assessed as conversion of D-glucose to D-glucose-6-phosphate in presence of 2.5 mM glucose by G6PDH coupled spectrophotometric assay relative to control
CHEMBL4094511,,CHEMBL4014756,18068977,EC50,=,9.6,nM,8.02,potency,concentration,9.6,8.02,EC50 为标准化浓度型效力指标,10,,0,CHEMBL4014285,2017,LITERATURE,Activation of recombinant human glucokinase assessed as conversion of D-glucose to D-glucose-6-phosphate in presence of 10 mM glucose by G6PDH coupled spectrophotometric assay
CHEMBL4094511,,CHEMBL4014757,18068991,%max,=,179,%,,efficacy,percent,,,%max 为激活幅度指标，按该 assay 内值域（max=193.0）判为 percent 尺度,10,,0,CHEMBL4014285,2017,LITERATURE,Activation of recombinant human glucokinase assessed as conversion of D-glucose to D-glucose-6-phosphate in presence of 10 mM glucose by G6PDH coupled spectrophotometric assay relative to control
CHEMBL4098841,,CHEMBL4022283,18102468,EC50,=,630,nM,6.2,potency,concentration,630.0,6.2,EC50 为标准化浓度型效力指标,,,0,CHEMBL4020781,2017,LITERATURE,Activation of full length human C-terminal FLAG-tagged glucokinase (12 to 465 residues) expressed in Escherichia coli DH10b using glucose as substrate after 60 mins in presence of ATP by kinase-glo luminescence assay
CHEMBL4098841,,CHEMBL4022294,18102411,%max,=,88,%,,efficacy,percent,,,%max 为激活幅度指标，按该 assay 内值域（max=100.0）判为 percent 尺度,,,0,CHEMBL4020781,2017,LITERATURE,Activation of full length human C-terminal FLAG-tagged glucokinase (12 to 465 residues) expressed in Escherichia coli DH10b using glucose as substrate after 60 mins in presence of ATP by kinase-glo luminescence assay relative to control
CHEMBL4098957,,CHEMBL4022283,18102455,EC50,=,1200,nM,5.92,potency,concentration,1200.0,5.92,EC50 为标准化浓度型效力指标,,,0,CHEMBL4020781,2017,LITERATURE,Activation of full length human C-terminal FLAG-tagged glucokinase (12 to 465 residues) expressed in Escherichia coli DH10b using glucose as substrate after 60 mins in presence of ATP by kinase-glo luminescence assay
CHEMBL4098957,,CHEMBL4022294,18102398,%max,=,79,%,,efficacy,percent,,,%max 为激活幅度指标，按该 assay 内值域（max=100.0）判为 percent 尺度,,,0,CHEMBL4020781,2017,LITERATURE,Activation of full length human C-terminal FLAG-tagged glucokinase (12 to 465 residues) expressed in Escherichia coli DH10b using glucose as substrate after 60 mins in presence of ATP by kinase-glo luminescence assay relative to control
CHEMBL4101006,,CHEMBL4022283,18102445,EC50,=,120,nM,6.92,potency,concentration,120.0,6.92,EC50 为标准化浓度型效力指标,,,0,CHEMBL4020781,2017,LITERATURE,Activation of full length human C-terminal FLAG-tagged glucokinase (12 to 465 residues) expressed in Escherichia coli DH10b using glucose as substrate after 60 mins in presence of ATP by kinase-glo luminescence assay
CHEMBL4101006,,CHEMBL4022294,18102388,%max,=,74,%,,efficacy,percent,,,%max 为激活幅度指标，按该 assay 内值域（max=100.0）判为 percent 尺度,,,0,CHEMBL4020781,2017,LITERATURE,Activation of full length human C-terminal FLAG-tagged glucokinase (12 to 465 residues) expressed in Escherichia coli DH10b using glucose as substrate after 60 mins in presence of ATP by kinase-glo luminescence assay relative to control
CHEMBL4101417,,CHEMBL4022283,18102460,EC50,=,31,nM,7.51,potency,concentration,31.0,7.51,EC50 为标准化浓度型效力指标,,,0,CHEMBL4020781,2017,LITERATURE,Activation of full length human C-terminal FLAG-tagged glucokinase (12 to 465 residues) expressed in Escherichia coli DH10b using glucose as substrate after 60 mins in presence of ATP by kinase-glo luminescence assay
CHEMBL4101417,,CHEMBL4022294,18102403,%max,=,65,%,,efficacy,percent,,,%max 为激活幅度指标，按该 assay 内值域（max=100.0）判为 percent 尺度,,,0,CHEMBL4020781,2017,LITERATURE,Activation of full length human C-terminal FLAG-tagged glucokinase (12 to 465 residues) expressed in Escherichia coli DH10b using glucose as substrate after 60 mins in presence of ATP by kinase-glo luminescence assay relative to control
CHEMBL4101417,,CHEMBL4022295,18102383,Ratio EC50,=,40,,,unclassified,,,,Ratio EC50 为自由文本指标（无官方标准化规则），assay 描述未命中提升门槛，不跨实验汇总,,,0,CHEMBL4020781,2017,LITERATURE,"Potency index, ratio of (S)-N-(5-chlorothiazol-2-yl)-2-(4-(cyclopropylsulfonyl)-6-methyl-2-oxopyridin-1(2H)-yl)-3-(tetrahydro-2H-pyran-4-yl)propanamide EC50 to compound EC50 for full length human C-terminal FLAG-tagged glucokinase (12 to 465 residues)"
CHEMBL4104680,,CHEMBL4014754,18068966,EC50,=,8.2,nM,8.09,potency,concentration,8.2,8.09,EC50 为标准化浓度型效力指标,2.5,,0,CHEMBL4014285,2017,LITERATURE,Activation of recombinant human glucokinase assessed as conversion of D-glucose to D-glucose-6-phosphate in presence of 2.5 mM glucose by G6PDH coupled spectrophotometric assay
CHEMBL4104680,,CHEMBL4014755,18068952,%max,=,739,%,,efficacy,percent,,,%max 为激活幅度指标，按该 assay 内值域（max=784.0）判为 percent 尺度,2.5,,0,CHEMBL4014285,2017,LITERATURE,Activation of recombinant human glucokinase assessed as conversion of D-glucose to D-glucose-6-phosphate in presence of 2.5 mM glucose by G6PDH coupled spectrophotometric assay relative to control
CHEMBL4104680,,CHEMBL4014756,18068938,EC50,=,3.4,nM,8.47,potency,concentration,3.4,8.47,EC50 为标准化浓度型效力指标,10,,0,CHEMBL4014285,2017,LITERATURE,Activation of recombinant human glucokinase assessed as conversion of D-glucose to D-glucose-6-phosphate in presence of 10 mM glucose by G6PDH coupled spectrophotometric assay
CHEMBL4104680,,CHEMBL4014757,18068988,%max,=,184,%,,efficacy,percent,,,%max 为激活幅度指标，按该 assay 内值域（max=193.0）判为 percent 尺度,10,,0,CHEMBL4014285,2017,LITERATURE,Activation of recombinant human glucokinase assessed as conversion of D-glucose to D-glucose-6-phosphate in presence of 10 mM glucose by G6PDH coupled spectrophotometric assay relative to control
CHEMBL4202493,,CHEMBL4193347,18517926,EC50,=,900,nM,6.05,potency,concentration,900.0,6.05,EC50 为标准化浓度型效力指标,5,,0,CHEMBL4190311,2017,LITERATURE,Activation of recombinant human liver glucokinase 2 assessed as reduction in NADH production in presence of 5 mM glucose by G6PDH coupled assay
CHEMBL4202493,,CHEMBL4193348,18517973,FC,=,3.26,,,efficacy,fold,,,FC（fold change）为激活倍数,5,,0,CHEMBL4190311,2017,LITERATURE,Activation of recombinant human liver glucokinase 2 assessed as reduction in NADH production in presence of 5 mM glucose by G6PDH coupled assay relative to control
CHEMBL4202919,,CHEMBL4193347,18517936,EC50,=,200,nM,6.7,potency,concentration,200.0,6.7,EC50 为标准化浓度型效力指标,5,,0,CHEMBL4190311,2017,LITERATURE,Activation of recombinant human liver glucokinase 2 assessed as reduction in NADH production in presence of 5 mM glucose by G6PDH coupled assay
CHEMBL4202919,,CHEMBL4193348,18517983,FC,=,2.72,,,efficacy,fold,,,FC（fold change）为激活倍数,5,,0,CHEMBL4190311,2017,LITERATURE,Activation of recombinant human liver glucokinase 2 assessed as reduction in NADH production in presence of 5 mM glucose by G6PDH coupled assay relative to control
CHEMBL4203455,,CHEMBL4193347,18517939,EC50,=,160,nM,6.8,potency,concentration,160.0,6.8,EC50 为标准化浓度型效力指标,5,,0,CHEMBL4190311,2017,LITERATURE,Activation of recombinant human liver glucokinase 2 assessed as reduction in NADH production in presence of 5 mM glucose by G6PDH coupled assay
CHEMBL4203455,,CHEMBL4193348,18517986,FC,=,2.84,,,efficacy,fold,,,FC（fold change）为激活倍数,5,,0,CHEMBL4190311,2017,LITERATURE,Activation of recombinant human liver glucokinase 2 assessed as reduction in NADH production in presence of 5 mM glucose by G6PDH coupled assay relative to control
CHEMBL4203455,,CHEMBL4193353,18518105,EC50,=,50,nM,7.3,potency,concentration,50.0,7.3,EC50 为标准化浓度型效力指标,5,,0,CHEMBL4190311,2017,LITERATURE,Activation of recombinant human liver glucokinase 2 assessed as assessed as reduction in Km for glucose in presence of 5 mM glucose by G6PDH coupled assay
CHEMBL4203459,,CHEMBL4193347,18517934,EC50,>,10000,nM,,potency,concentration,10000.0,,EC50 为标准化浓度型效力指标,5,,0,CHEMBL4190311,2017,LITERATURE,Activation of recombinant human liver glucokinase 2 assessed as reduction in NADH production in presence of 5 mM glucose by G6PDH coupled assay
CHEMBL4203459,,CHEMBL4193348,18517981,FC,=,2.11,,,efficacy,fold,,,FC（fold change）为激活倍数,5,,0,CHEMBL4190311,2017,LITERATURE,Activation of recombinant human liver glucokinase 2 assessed as reduction in NADH production in presence of 5 mM glucose by G6PDH coupled assay relative to control
CHEMBL4203863,,CHEMBL4193347,18517944,EC50,=,210,nM,6.68,potency,concentration,210.0,6.68,EC50 为标准化浓度型效力指标,5,,0,CHEMBL4190311,2017,LITERATURE,Activation of recombinant human liver glucokinase 2 assessed as reduction in NADH production in presence of 5 mM glucose by G6PDH coupled assay
CHEMBL4203863,,CHEMBL4193348,18517991,FC,=,1.76,,,efficacy,fold,,,FC（fold change）为激活倍数,5,,0,CHEMBL4190311,2017,LITERATURE,Activation of recombinant human liver glucokinase 2 assessed as reduction in NADH production in presence of 5 mM glucose by G6PDH coupled assay relative to control
CHEMBL4204287,,CHEMBL4193347,18517922,EC50,>,10000,nM,,potency,concentration,10000.0,,EC50 为标准化浓度型效力指标,5,,0,CHEMBL4190311,2017,LITERATURE,Activation of recombinant human liver glucokinase 2 assessed as reduction in NADH production in presence of 5 mM glucose by G6PDH coupled assay
CHEMBL4204287,,CHEMBL4193348,18517969,FC,=,1.89,,,efficacy,fold,,,FC（fold change）为激活倍数,5,,0,CHEMBL4190311,2017,LITERATURE,Activation of recombinant human liver glucokinase 2 assessed as reduction in NADH production in presence of 5 mM glucose by G6PDH coupled assay relative to control
CHEMBL4204346,,CHEMBL4193347,18517949,EC50,=,300,nM,6.52,potency,concentration,300.0,6.52,EC50 为标准化浓度型效力指标,5,,0,CHEMBL4190311,2017,LITERATURE,Activation of recombinant human liver glucokinase 2 assessed as reduction in NADH production in presence of 5 mM glucose by G6PDH coupled assay
CHEMBL4204346,,CHEMBL4193348,18517996,FC,=,2.13,,,efficacy,fold,,,FC（fold change）为激活倍数,5,,0,CHEMBL4190311,2017,LITERATURE,Activation of recombinant human liver glucokinase 2 assessed as reduction in NADH production in presence of 5 mM glucose by G6PDH coupled assay relative to control
CHEMBL4204808,,CHEMBL4193347,18517921,EC50,=,200,nM,6.7,potency,concentration,200.0,6.7,EC50 为标准化浓度型效力指标,5,,0,CHEMBL4190311,2017,LITERATURE,Activation of recombinant human liver glucokinase 2 assessed as reduction in NADH production in presence of 5 mM glucose by G6PDH coupled assay
CHEMBL4204808,,CHEMBL4193348,18517968,FC,=,4.07,,,efficacy,fold,,,FC（fold change）为激活倍数,5,,0,CHEMBL4190311,2017,LITERATURE,Activation of recombinant human liver glucokinase 2 assessed as reduction in NADH production in presence of 5 mM glucose by G6PDH coupled assay relative to control
CHEMBL4204989,,CHEMBL4193347,18517907,EC50,=,100,nM,7,potency,concentration,100.0,7.0,EC50 为标准化浓度型效力指标,5,,0,CHEMBL4190311,2017,LITERATURE,Activation of recombinant human liver glucokinase 2 assessed as reduction in NADH production in presence of 5 mM glucose by G6PDH coupled assay
CHEMBL4204989,,CHEMBL4193348,18517954,FC,=,4.8,,,efficacy,fold,,,FC（fold change）为激活倍数,5,,0,CHEMBL4190311,2017,LITERATURE,Activation of recombinant human liver glucokinase 2 assessed as reduction in NADH production in presence of 5 mM glucose by G6PDH coupled assay relative to control
CHEMBL4205489,,CHEMBL4193347,18517908,EC50,=,890,nM,6.05,potency,concentration,890.0,6.05,EC50 为标准化浓度型效力指标,5,,0,CHEMBL4190311,2017,LITERATURE,Activation of recombinant human liver glucokinase 2 assessed as reduction in NADH production in presence of 5 mM glucose by G6PDH coupled assay
CHEMBL4205489,,CHEMBL4193348,18517955,FC,=,3.42,,,efficacy,fold,,,FC（fold change）为激活倍数,5,,0,CHEMBL4190311,2017,LITERATURE,Activation of recombinant human liver glucokinase 2 assessed as reduction in NADH production in presence of 5 mM glucose by G6PDH coupled assay relative to control
CHEMBL4205489,,CHEMBL4193353,18518103,EC50,=,30,nM,7.52,potency,concentration,30.0,7.52,EC50 为标准化浓度型效力指标,5,,0,CHEMBL4190311,2017,LITERATURE,Activation of recombinant human liver glucokinase 2 assessed as assessed as reduction in Km for glucose in presence of 5 mM glucose by G6PDH coupled assay
CHEMBL4205786,,CHEMBL4193347,18517950,EC50,=,460,nM,6.34,potency,concentration,460.0,6.34,EC50 为标准化浓度型效力指标,5,,0,CHEMBL4190311,2017,LITERATURE,Activation of recombinant human liver glucokinase 2 assessed as reduction in NADH production in presence of 5 mM glucose by G6PDH coupled assay
CHEMBL4205786,,CHEMBL4193348,18517997,FC,=,2.65,,,efficacy,fold,,,FC（fold change）为激活倍数,5,,0,CHEMBL4190311,2017,LITERATURE,Activation of recombinant human liver glucokinase 2 assessed as reduction in NADH production in presence of 5 mM glucose by G6PDH coupled assay relative to control
CHEMBL4205913,,CHEMBL4193347,18517915,EC50,=,320,nM,6.5,potency,concentration,320.0,6.5,EC50 为标准化浓度型效力指标,5,,0,CHEMBL4190311,2017,LITERATURE,Activation of recombinant human liver glucokinase 2 assessed as reduction in NADH production in presence of 5 mM glucose by G6PDH coupled assay
CHEMBL4205913,,CHEMBL4193348,18517962,FC,=,2.94,,,efficacy,fold,,,FC（fold change）为激活倍数,5,,0,CHEMBL4190311,2017,LITERATURE,Activation of recombinant human liver glucokinase 2 assessed as reduction in NADH production in presence of 5 mM glucose by G6PDH coupled assay relative to control
CHEMBL4206337,,CHEMBL4193347,18517931,EC50,=,170,nM,6.77,potency,concentration,170.0,6.77,EC50 为标准化浓度型效力指标,5,,0,CHEMBL4190311,2017,LITERATURE,Activation of recombinant human liver glucokinase 2 assessed as reduction in NADH production in presence of 5 mM glucose by G6PDH coupled assay
CHEMBL4206337,,CHEMBL4193348,18517978,FC,=,3.55,,,efficacy,fold,,,FC（fold change）为激活倍数,5,,0,CHEMBL4190311,2017,LITERATURE,Activation of recombinant human liver glucokinase 2 assessed as reduction in NADH production in presence of 5 mM glucose by G6PDH coupled assay relative to control
CHEMBL4206729,,CHEMBL4193347,18517924,EC50,=,140,nM,6.85,potency,concentration,140.0,6.85,EC50 为标准化浓度型效力指标,5,,0,CHEMBL4190311,2017,LITERATURE,Activation of recombinant human liver glucokinase 2 assessed as reduction in NADH production in presence of 5 mM glucose by G6PDH coupled assay
CHEMBL4206729,,CHEMBL4193348,18517971,FC,=,2.37,,,efficacy,fold,,,FC（fold change）为激活倍数,5,,0,CHEMBL4190311,2017,LITERATURE,Activation of recombinant human liver glucokinase 2 assessed as reduction in NADH production in presence of 5 mM glucose by G6PDH coupled assay relative to control
CHEMBL4206856,,CHEMBL4193347,18517928,EC50,=,90,nM,7.05,potency,concentration,90.0,7.05,EC50 为标准化浓度型效力指标,5,,0,CHEMBL4190311,2017,LITERATURE,Activation of recombinant human liver glucokinase 2 assessed as reduction in NADH production in presence of 5 mM glucose by G6PDH coupled assay
CHEMBL4206856,,CHEMBL4193348,18517975,FC,=,1.91,,,efficacy,fold,,,FC（fold change）为激活倍数,5,,0,CHEMBL4190311,2017,LITERATURE,Activation of recombinant human liver glucokinase 2 assessed as reduction in NADH production in presence of 5 mM glucose by G6PDH coupled assay relative to control
CHEMBL4207270,,CHEMBL4193347,18517942,EC50,=,230,nM,6.64,potency,concentration,230.0,6.64,EC50 为标准化浓度型效力指标,5,,0,CHEMBL4190311,2017,LITERATURE,Activation of recombinant human liver glucokinase 2 assessed as reduction in NADH production in presence of 5 mM glucose by G6PDH coupled assay
CHEMBL4207270,,CHEMBL4193348,18517989,FC,=,2.22,,,efficacy,fold,,,FC（fold change）为激活倍数,5,,0,CHEMBL4190311,2017,LITERATURE,Activation of recombinant human liver glucokinase 2 assessed as reduction in NADH production in presence of 5 mM glucose by G6PDH coupled assay relative to control
CHEMBL4207312,,CHEMBL4193347,18517945,EC50,=,4600,nM,5.34,potency,concentration,4600.0,5.34,EC50 为标准化浓度型效力指标,5,,0,CHEMBL4190311,2017,LITERATURE,Activation of recombinant human liver glucokinase 2 assessed as reduction in NADH production in presence of 5 mM glucose by G6PDH coupled assay
CHEMBL4207312,,CHEMBL4193348,18517992,FC,=,1.97,,,efficacy,fold,,,FC（fold change）为激活倍数,5,,0,CHEMBL4190311,2017,LITERATURE,Activation of recombinant human liver glucokinase 2 assessed as reduction in NADH production in presence of 5 mM glucose by G6PDH coupled assay relative to control
CHEMBL4207681,,CHEMBL4193347,18517916,EC50,>,10000,nM,,potency,concentration,10000.0,,EC50 为标准化浓度型效力指标,5,,0,CHEMBL4190311,2017,LITERATURE,Activation of recombinant human liver glucokinase 2 assessed as reduction in NADH production in presence of 5 mM glucose by G6PDH coupled assay
CHEMBL4207681,,CHEMBL4193348,18517963,FC,=,2.05,,,efficacy,fold,,,FC（fold change）为激活倍数,5,,0,CHEMBL4190311,2017,LITERATURE,Activation of recombinant human liver glucokinase 2 assessed as reduction in NADH production in presence of 5 mM glucose by G6PDH coupled assay relative to control
CHEMBL4207808,,CHEMBL4193347,18517937,EC50,=,330,nM,6.48,potency,concentration,330.0,6.48,EC50 为标准化浓度型效力指标,5,,0,CHEMBL4190311,2017,LITERATURE,Activation of recombinant human liver glucokinase 2 assessed as reduction in NADH production in presence of 5 mM glucose by G6PDH coupled assay
CHEMBL4207808,,CHEMBL4193348,18517984,FC,=,2.83,,,efficacy,fold,,,FC（fold change）为激活倍数,5,,0,CHEMBL4190311,2017,LITERATURE,Activation of recombinant human liver glucokinase 2 assessed as reduction in NADH production in presence of 5 mM glucose by G6PDH coupled assay relative to control
CHEMBL4208388,,CHEMBL4193347,18517913,EC50,=,7080,nM,5.15,potency,concentration,7080.0,5.15,EC50 为标准化浓度型效力指标,5,,0,CHEMBL4190311,2017,LITERATURE,Activation of recombinant human liver glucokinase 2 assessed as reduction in NADH production in presence of 5 mM glucose by G6PDH coupled assay
CHEMBL4208388,,CHEMBL4193348,18517960,FC,=,2,,,efficacy,fold,,,FC（fold change）为激活倍数,5,,0,CHEMBL4190311,2017,LITERATURE,Activation of recombinant human liver glucokinase 2 assessed as reduction in NADH production in presence of 5 mM glucose by G6PDH coupled assay relative to control
CHEMBL4208677,,CHEMBL4193347,18517947,EC50,=,170,nM,6.77,potency,concentration,170.0,6.77,EC50 为标准化浓度型效力指标,5,,0,CHEMBL4190311,2017,LITERATURE,Activation of recombinant human liver glucokinase 2 assessed as reduction in NADH production in presence of 5 mM glucose by G6PDH coupled assay
CHEMBL4208677,,CHEMBL4193348,18517994,FC,=,2.35,,,efficacy,fold,,,FC（fold change）为激活倍数,5,,0,CHEMBL4190311,2017,LITERATURE,Activation of recombinant human liver glucokinase 2 assessed as reduction in NADH production in presence of 5 mM glucose by G6PDH coupled assay relative to control
CHEMBL4209159,,CHEMBL4193347,18517923,EC50,=,820,nM,6.09,potency,concentration,820.0,6.09,EC50 为标准化浓度型效力指标,5,,0,CHEMBL4190311,2017,LITERATURE,Activation of recombinant human liver glucokinase 2 assessed as reduction in NADH production in presence of 5 mM glucose by G6PDH coupled assay
CHEMBL4209159,,CHEMBL4193348,18517970,FC,=,2.74,,,efficacy,fold,,,FC（fold change）为激活倍数,5,,0,CHEMBL4190311,2017,LITERATURE,Activation of recombinant human liver glucokinase 2 assessed as reduction in NADH production in presence of 5 mM glucose by G6PDH coupled assay relative to control
CHEMBL4209218,,CHEMBL4193347,18517948,EC50,=,490,nM,6.31,potency,concentration,490.0,6.31,EC50 为标准化浓度型效力指标,5,,0,CHEMBL4190311,2017,LITERATURE,Activation of recombinant human liver glucokinase 2 assessed as reduction in NADH production in presence of 5 mM glucose by G6PDH coupled assay
CHEMBL4209218,,CHEMBL4193348,18517995,FC,=,2.53,,,efficacy,fold,,,FC（fold change）为激活倍数,5,,0,CHEMBL4190311,2017,LITERATURE,Activation of recombinant human liver glucokinase 2 assessed as reduction in NADH production in presence of 5 mM glucose by G6PDH coupled assay relative to control
CHEMBL4210704,,CHEMBL4193347,18517933,EC50,=,550,nM,6.26,potency,concentration,550.0,6.26,EC50 为标准化浓度型效力指标,5,,0,CHEMBL4190311,2017,LITERATURE,Activation of recombinant human liver glucokinase 2 assessed as reduction in NADH production in presence of 5 mM glucose by G6PDH coupled assay
CHEMBL4210704,,CHEMBL4193348,18517980,FC,=,1.71,,,efficacy,fold,,,FC（fold change）为激活倍数,5,,0,CHEMBL4190311,2017,LITERATURE,Activation of recombinant human liver glucokinase 2 assessed as reduction in NADH production in presence of 5 mM glucose by G6PDH coupled assay relative to control
CHEMBL4210790,,CHEMBL4193347,18517914,EC50,=,2220,nM,5.65,potency,concentration,2220.0,5.65,EC50 为标准化浓度型效力指标,5,,0,CHEMBL4190311,2017,LITERATURE,Activation of recombinant human liver glucokinase 2 assessed as reduction in NADH production in presence of 5 mM glucose by G6PDH coupled assay
CHEMBL4210790,,CHEMBL4193348,18517961,FC,=,2.5,,,efficacy,fold,,,FC（fold change）为激活倍数,5,,0,CHEMBL4190311,2017,LITERATURE,Activation of recombinant human liver glucokinase 2 assessed as reduction in NADH production in presence of 5 mM glucose by G6PDH coupled assay relative to control
CHEMBL4211227,,CHEMBL4193347,18517930,EC50,=,2230,nM,5.65,potency,concentration,2230.0,5.65,EC50 为标准化浓度型效力指标,5,,0,CHEMBL4190311,2017,LITERATURE,Activation of recombinant human liver glucokinase 2 assessed as reduction in NADH production in presence of 5 mM glucose by G6PDH coupled assay
CHEMBL4211227,,CHEMBL4193348,18517977,FC,=,2.3,,,efficacy,fold,,,FC（fold change）为激活倍数,5,,0,CHEMBL4190311,2017,LITERATURE,Activation of recombinant human liver glucokinase 2 assessed as reduction in NADH production in presence of 5 mM glucose by G6PDH coupled assay relative to control
CHEMBL4211616,,CHEMBL4193347,18517925,EC50,=,230,nM,6.64,potency,concentration,230.0,6.64,EC50 为标准化浓度型效力指标,5,,0,CHEMBL4190311,2017,LITERATURE,Activation of recombinant human liver glucokinase 2 assessed as reduction in NADH production in presence of 5 mM glucose by G6PDH coupled assay
CHEMBL4211616,,CHEMBL4193348,18517972,FC,=,3.12,,,efficacy,fold,,,FC（fold change）为激活倍数,5,,0,CHEMBL4190311,2017,LITERATURE,Activation of recombinant human liver glucokinase 2 assessed as reduction in NADH production in presence of 5 mM glucose by G6PDH coupled assay relative to control
CHEMBL4211625,,CHEMBL4193347,18517940,EC50,=,1130,nM,5.95,potency,concentration,1130.0,5.95,EC50 为标准化浓度型效力指标,5,,0,CHEMBL4190311,2017,LITERATURE,Activation of recombinant human liver glucokinase 2 assessed as reduction in NADH production in presence of 5 mM glucose by G6PDH coupled assay
CHEMBL4211625,,CHEMBL4193348,18517987,FC,=,2.2,,,efficacy,fold,,,FC（fold change）为激活倍数,5,,0,CHEMBL4190311,2017,LITERATURE,Activation of recombinant human liver glucokinase 2 assessed as reduction in NADH production in presence of 5 mM glucose by G6PDH coupled assay relative to control
CHEMBL4212033,,CHEMBL4193347,18517918,EC50,=,1090,nM,5.96,potency,concentration,1090.0,5.96,EC50 为标准化浓度型效力指标,5,,0,CHEMBL4190311,2017,LITERATURE,Activation of recombinant human liver glucokinase 2 assessed as reduction in NADH production in presence of 5 mM glucose by G6PDH coupled assay
CHEMBL4212033,,CHEMBL4193348,18517965,FC,=,2.7,,,efficacy,fold,,,FC（fold change）为激活倍数,5,,0,CHEMBL4190311,2017,LITERATURE,Activation of recombinant human liver glucokinase 2 assessed as reduction in NADH production in presence of 5 mM glucose by G6PDH coupled assay relative to control
CHEMBL4212156,,CHEMBL4193347,18517943,EC50,=,500,nM,6.3,potency,concentration,500.0,6.3,EC50 为标准化浓度型效力指标,5,,0,CHEMBL4190311,2017,LITERATURE,Activation of recombinant human liver glucokinase 2 assessed as reduction in NADH production in presence of 5 mM glucose by G6PDH coupled assay
CHEMBL4212156,,CHEMBL4193348,18517990,FC,=,2.35,,,efficacy,fold,,,FC（fold change）为激活倍数,5,,0,CHEMBL4190311,2017,LITERATURE,Activation of recombinant human liver glucokinase 2 assessed as reduction in NADH production in presence of 5 mM glucose by G6PDH coupled assay relative to control
CHEMBL4212586,,CHEMBL4193347,18517917,EC50,=,890,nM,6.05,potency,concentration,890.0,6.05,EC50 为标准化浓度型效力指标,5,,0,CHEMBL4190311,2017,LITERATURE,Activation of recombinant human liver glucokinase 2 assessed as reduction in NADH production in presence of 5 mM glucose by G6PDH coupled assay
CHEMBL4212586,,CHEMBL4193348,18517964,FC,=,2.39,,,efficacy,fold,,,FC（fold change）为激活倍数,5,,0,CHEMBL4190311,2017,LITERATURE,Activation of recombinant human liver glucokinase 2 assessed as reduction in NADH production in presence of 5 mM glucose by G6PDH coupled assay relative to control
CHEMBL4212777,,CHEMBL4193347,18517911,EC50,=,8420,nM,5.08,potency,concentration,8420.0,5.08,EC50 为标准化浓度型效力指标,5,,0,CHEMBL4190311,2017,LITERATURE,Activation of recombinant human liver glucokinase 2 assessed as reduction in NADH production in presence of 5 mM glucose by G6PDH coupled assay
CHEMBL4212777,,CHEMBL4193348,18517958,FC,=,3.14,,,efficacy,fold,,,FC（fold change）为激活倍数,5,,0,CHEMBL4190311,2017,LITERATURE,Activation of recombinant human liver glucokinase 2 assessed as reduction in NADH production in presence of 5 mM glucose by G6PDH coupled assay relative to control
CHEMBL4212948,,CHEMBL4193347,18517952,EC50,=,1300,nM,5.89,potency,concentration,1300.0,5.89,EC50 为标准化浓度型效力指标,5,,0,CHEMBL4190311,2017,LITERATURE,Activation of recombinant human liver glucokinase 2 assessed as reduction in NADH production in presence of 5 mM glucose by G6PDH coupled assay
CHEMBL4212948,,CHEMBL4193348,18517999,FC,=,2.62,,,efficacy,fold,,,FC（fold change）为激活倍数,5,,0,CHEMBL4190311,2017,LITERATURE,Activation of recombinant human liver glucokinase 2 assessed as reduction in NADH production in presence of 5 mM glucose by G6PDH coupled assay relative to control
CHEMBL4213321,,CHEMBL4193347,18517912,EC50,=,5420,nM,5.27,potency,concentration,5420.0,5.27,EC50 为标准化浓度型效力指标,5,,0,CHEMBL4190311,2017,LITERATURE,Activation of recombinant human liver glucokinase 2 assessed as reduction in NADH production in presence of 5 mM glucose by G6PDH coupled assay
CHEMBL4213321,,CHEMBL4193348,18517959,FC,=,2.08,,,efficacy,fold,,,FC（fold change）为激活倍数,5,,0,CHEMBL4190311,2017,LITERATURE,Activation of recombinant human liver glucokinase 2 assessed as reduction in NADH production in presence of 5 mM glucose by G6PDH coupled assay relative to control
CHEMBL4213613,,CHEMBL4193347,18517946,EC50,=,290,nM,6.54,potency,concentration,290.0,6.54,EC50 为标准化浓度型效力指标,5,,0,CHEMBL4190311,2017,LITERATURE,Activation of recombinant human liver glucokinase 2 assessed as reduction in NADH production in presence of 5 mM glucose by G6PDH coupled assay
CHEMBL4213613,,CHEMBL4193348,18517993,FC,=,1.92,,,efficacy,fold,,,FC（fold change）为激活倍数,5,,0,CHEMBL4190311,2017,LITERATURE,Activation of recombinant human liver glucokinase 2 assessed as reduction in NADH production in presence of 5 mM glucose by G6PDH coupled assay relative to control
CHEMBL4214183,,CHEMBL4193347,18517927,EC50,=,290,nM,6.54,potency,concentration,290.0,6.54,EC50 为标准化浓度型效力指标,5,,0,CHEMBL4190311,2017,LITERATURE,Activation of recombinant human liver glucokinase 2 assessed as reduction in NADH production in presence of 5 mM glucose by G6PDH coupled assay
CHEMBL4214183,,CHEMBL4193348,18517974,FC,=,2.89,,,efficacy,fold,,,FC（fold change）为激活倍数,5,,0,CHEMBL4190311,2017,LITERATURE,Activation of recombinant human liver glucokinase 2 assessed as reduction in NADH production in presence of 5 mM glucose by G6PDH coupled assay relative to control
CHEMBL4214183,,CHEMBL4193353,18518104,EC50,=,150,nM,6.82,potency,concentration,150.0,6.82,EC50 为标准化浓度型效力指标,5,,0,CHEMBL4190311,2017,LITERATURE,Activation of recombinant human liver glucokinase 2 assessed as assessed as reduction in Km for glucose in presence of 5 mM glucose by G6PDH coupled assay
CHEMBL4215125,,CHEMBL4193347,18517938,EC50,=,2600,nM,5.58,potency,concentration,2600.0,5.58,EC50 为标准化浓度型效力指标,5,,0,CHEMBL4190311,2017,LITERATURE,Activation of recombinant human liver glucokinase 2 assessed as reduction in NADH production in presence of 5 mM glucose by G6PDH coupled assay
CHEMBL4215125,,CHEMBL4193348,18517985,FC,=,2.96,,,efficacy,fold,,,FC（fold change）为激活倍数,5,,0,CHEMBL4190311,2017,LITERATURE,Activation of recombinant human liver glucokinase 2 assessed as reduction in NADH production in presence of 5 mM glucose by G6PDH coupled assay relative to control
CHEMBL4215129,,CHEMBL4193347,18517935,EC50,=,7000,nM,5.16,potency,concentration,7000.0,5.16,EC50 为标准化浓度型效力指标,5,,0,CHEMBL4190311,2017,LITERATURE,Activation of recombinant human liver glucokinase 2 assessed as reduction in NADH production in presence of 5 mM glucose by G6PDH coupled assay
CHEMBL4215129,,CHEMBL4193348,18517982,FC,=,2.3,,,efficacy,fold,,,FC（fold change）为激活倍数,5,,0,CHEMBL4190311,2017,LITERATURE,Activation of recombinant human liver glucokinase 2 assessed as reduction in NADH production in presence of 5 mM glucose by G6PDH coupled assay relative to control
CHEMBL4215660,,CHEMBL4193347,18517932,EC50,=,180,nM,6.75,potency,concentration,180.0,6.75,EC50 为标准化浓度型效力指标,5,,0,CHEMBL4190311,2017,LITERATURE,Activation of recombinant human liver glucokinase 2 assessed as reduction in NADH production in presence of 5 mM glucose by G6PDH coupled assay
CHEMBL4215660,,CHEMBL4193348,18517979,FC,=,3.17,,,efficacy,fold,,,FC（fold change）为激活倍数,5,,0,CHEMBL4190311,2017,LITERATURE,Activation of recombinant human liver glucokinase 2 assessed as reduction in NADH production in presence of 5 mM glucose by G6PDH coupled assay relative to control
CHEMBL4216383,,CHEMBL4193347,18517929,EC50,=,870,nM,6.06,potency,concentration,870.0,6.06,EC50 为标准化浓度型效力指标,5,,0,CHEMBL4190311,2017,LITERATURE,Activation of recombinant human liver glucokinase 2 assessed as reduction in NADH production in presence of 5 mM glucose by G6PDH coupled assay
CHEMBL4216383,,CHEMBL4193348,18517976,FC,=,2.1,,,efficacy,fold,,,FC（fold change）为激活倍数,5,,0,CHEMBL4190311,2017,LITERATURE,Activation of recombinant human liver glucokinase 2 assessed as reduction in NADH production in presence of 5 mM glucose by G6PDH coupled assay relative to control
CHEMBL4216481,,CHEMBL4193347,18517920,EC50,>,10000,nM,,potency,concentration,10000.0,,EC50 为标准化浓度型效力指标,5,,0,CHEMBL4190311,2017,LITERATURE,Activation of recombinant human liver glucokinase 2 assessed as reduction in NADH production in presence of 5 mM glucose by G6PDH coupled assay
CHEMBL4216481,,CHEMBL4193348,18517967,FC,=,2.1,,,efficacy,fold,,,FC（fold change）为激活倍数,5,,0,CHEMBL4190311,2017,LITERATURE,Activation of recombinant human liver glucokinase 2 assessed as reduction in NADH production in presence of 5 mM glucose by G6PDH coupled assay relative to control
CHEMBL4216606,,CHEMBL4193347,18517941,EC50,=,690,nM,6.16,potency,concentration,690.0,6.16,EC50 为标准化浓度型效力指标,5,,0,CHEMBL4190311,2017,LITERATURE,Activation of recombinant human liver glucokinase 2 assessed as reduction in NADH production in presence of 5 mM glucose by G6PDH coupled assay
CHEMBL4216606,,CHEMBL4193348,18517988,FC,=,2.38,,,efficacy,fold,,,FC（fold change）为激活倍数,5,,0,CHEMBL4190311,2017,LITERATURE,Activation of recombinant human liver glucokinase 2 assessed as reduction in NADH production in presence of 5 mM glucose by G6PDH coupled assay relative to control
CHEMBL4217013,,CHEMBL4193347,18517919,EC50,=,210,nM,6.68,potency,concentration,210.0,6.68,EC50 为标准化浓度型效力指标,5,,0,CHEMBL4190311,2017,LITERATURE,Activation of recombinant human liver glucokinase 2 assessed as reduction in NADH production in presence of 5 mM glucose by G6PDH coupled assay
CHEMBL4217013,,CHEMBL4193348,18517966,FC,=,2.97,,,efficacy,fold,,,FC（fold change）为激活倍数,5,,0,CHEMBL4190311,2017,LITERATURE,Activation of recombinant human liver glucokinase 2 assessed as reduction in NADH production in presence of 5 mM glucose by G6PDH coupled assay relative to control
CHEMBL4217208,,CHEMBL4193347,18517909,EC50,>,10000,nM,,potency,concentration,10000.0,,EC50 为标准化浓度型效力指标,5,,0,CHEMBL4190311,2017,LITERATURE,Activation of recombinant human liver glucokinase 2 assessed as reduction in NADH production in presence of 5 mM glucose by G6PDH coupled assay
CHEMBL4217208,,CHEMBL4193348,18517956,FC,=,2.17,,,efficacy,fold,,,FC（fold change）为激活倍数,5,,0,CHEMBL4190311,2017,LITERATURE,Activation of recombinant human liver glucokinase 2 assessed as reduction in NADH production in presence of 5 mM glucose by G6PDH coupled assay relative to control
CHEMBL4217491,,CHEMBL4193347,18517951,EC50,=,6080,nM,5.22,potency,concentration,6080.0,5.22,EC50 为标准化浓度型效力指标,5,,0,CHEMBL4190311,2017,LITERATURE,Activation of recombinant human liver glucokinase 2 assessed as reduction in NADH production in presence of 5 mM glucose by G6PDH coupled assay
CHEMBL4217491,,CHEMBL4193348,18517998,FC,=,1.8,,,efficacy,fold,,,FC（fold change）为激活倍数,5,,0,CHEMBL4190311,2017,LITERATURE,Activation of recombinant human liver glucokinase 2 assessed as reduction in NADH production in presence of 5 mM glucose by G6PDH coupled assay relative to control
CHEMBL4217728,,CHEMBL4193347,18517910,EC50,>,10000,nM,,potency,concentration,10000.0,,EC50 为标准化浓度型效力指标,5,,0,CHEMBL4190311,2017,LITERATURE,Activation of recombinant human liver glucokinase 2 assessed as reduction in NADH production in presence of 5 mM glucose by G6PDH coupled assay
CHEMBL4217728,,CHEMBL4193348,18517957,FC,=,2.61,,,efficacy,fold,,,FC（fold change）为激活倍数,5,,0,CHEMBL4190311,2017,LITERATURE,Activation of recombinant human liver glucokinase 2 assessed as reduction in NADH production in presence of 5 mM glucose by G6PDH coupled assay relative to control
CHEMBL4276976,,CHEMBL4272644,18790403,FC,=,6.81,,,efficacy,fold,,,FC（fold change）为激活倍数,5,,0,CHEMBL4270548,2018,LITERATURE,Activation of human glucokinase assessed as conversion of D-glucose to D-glucose-6-phosphate at 10 uM preincubated for 10 mins followed by 5 mM glucose addition measured for 5 mins at 30 secs time interval by G6PDH/NADP coupled assay relative to control
CHEMBL4276976,,CHEMBL4272645,18790404,FC,=,0.598,,,efficacy,fold,,,FC（fold change）为激活倍数,5,,0,CHEMBL4270548,2018,LITERATURE,Activation of human glucokinase assessed as conversion of D-glucose to D-glucose-6-phosphate at 10 uM preincubated for 10 mins followed by 5 mM glucose addition measured for 5 mins at 30 secs time interval by G6PDH/NADP coupled assay relative to RO0281675
CHEMBL4277772,,CHEMBL4272644,18790433,FC,=,6.86,,,efficacy,fold,,,FC（fold change）为激活倍数,5,,0,CHEMBL4270548,2018,LITERATURE,Activation of human glucokinase assessed as conversion of D-glucose to D-glucose-6-phosphate at 10 uM preincubated for 10 mins followed by 5 mM glucose addition measured for 5 mins at 30 secs time interval by G6PDH/NADP coupled assay relative to control
CHEMBL4277772,,CHEMBL4272645,18790434,FC,=,0.61,,,efficacy,fold,,,FC（fold change）为激活倍数,5,,0,CHEMBL4270548,2018,LITERATURE,Activation of human glucokinase assessed as conversion of D-glucose to D-glucose-6-phosphate at 10 uM preincubated for 10 mins followed by 5 mM glucose addition measured for 5 mins at 30 secs time interval by G6PDH/NADP coupled assay relative to RO0281675
CHEMBL4278040,,CHEMBL4272644,18790407,FC,=,6.21,,,efficacy,fold,,,FC（fold change）为激活倍数,5,,0,CHEMBL4270548,2018,LITERATURE,Activation of human glucokinase assessed as conversion of D-glucose to D-glucose-6-phosphate at 10 uM preincubated for 10 mins followed by 5 mM glucose addition measured for 5 mins at 30 secs time interval by G6PDH/NADP coupled assay relative to control
CHEMBL4278040,,CHEMBL4272645,18790408,FC,=,0.46,,,efficacy,fold,,,FC（fold change）为激活倍数,5,,0,CHEMBL4270548,2018,LITERATURE,Activation of human glucokinase assessed as conversion of D-glucose to D-glucose-6-phosphate at 10 uM preincubated for 10 mins followed by 5 mM glucose addition measured for 5 mins at 30 secs time interval by G6PDH/NADP coupled assay relative to RO0281675
CHEMBL4278371,,CHEMBL4272644,18790387,FC,=,2.41,,,efficacy,fold,,,FC（fold change）为激活倍数,5,,0,CHEMBL4270548,2018,LITERATURE,Activation of human glucokinase assessed as conversion of D-glucose to D-glucose-6-phosphate at 10 uM preincubated for 10 mins followed by 5 mM glucose addition measured for 5 mins at 30 secs time interval by G6PDH/NADP coupled assay relative to control
CHEMBL4278371,,CHEMBL4272645,18790388,FC,=,0.168,,,efficacy,fold,,,FC（fold change）为激活倍数,5,,0,CHEMBL4270548,2018,LITERATURE,Activation of human glucokinase assessed as conversion of D-glucose to D-glucose-6-phosphate at 10 uM preincubated for 10 mins followed by 5 mM glucose addition measured for 5 mins at 30 secs time interval by G6PDH/NADP coupled assay relative to RO0281675
CHEMBL4278823,,CHEMBL4272644,18790419,FC,=,8.35,,,efficacy,fold,,,FC（fold change）为激活倍数,5,,0,CHEMBL4270548,2018,LITERATURE,Activation of human glucokinase assessed as conversion of D-glucose to D-glucose-6-phosphate at 10 uM preincubated for 10 mins followed by 5 mM glucose addition measured for 5 mins at 30 secs time interval by G6PDH/NADP coupled assay relative to control
CHEMBL4278823,,CHEMBL4272645,18790420,FC,=,0.718,,,efficacy,fold,,,FC（fold change）为激活倍数,5,,0,CHEMBL4270548,2018,LITERATURE,Activation of human glucokinase assessed as conversion of D-glucose to D-glucose-6-phosphate at 10 uM preincubated for 10 mins followed by 5 mM glucose addition measured for 5 mins at 30 secs time interval by G6PDH/NADP coupled assay relative to RO0281675
CHEMBL4280404,,CHEMBL4272644,18790294,FC,=,3.67,,,efficacy,fold,,,FC（fold change）为激活倍数,5,,0,CHEMBL4270548,2018,LITERATURE,Activation of human glucokinase assessed as conversion of D-glucose to D-glucose-6-phosphate at 10 uM preincubated for 10 mins followed by 5 mM glucose addition measured for 5 mins at 30 secs time interval by G6PDH/NADP coupled assay relative to control
CHEMBL4280404,,CHEMBL4272645,18790398,FC,=,0.293,,,efficacy,fold,,,FC（fold change）为激活倍数,5,,0,CHEMBL4270548,2018,LITERATURE,Activation of human glucokinase assessed as conversion of D-glucose to D-glucose-6-phosphate at 10 uM preincubated for 10 mins followed by 5 mM glucose addition measured for 5 mins at 30 secs time interval by G6PDH/NADP coupled assay relative to RO0281675
CHEMBL4280706,,CHEMBL4272644,18790390,FC,=,2.96,,,efficacy,fold,,,FC（fold change）为激活倍数,5,,0,CHEMBL4270548,2018,LITERATURE,Activation of human glucokinase assessed as conversion of D-glucose to D-glucose-6-phosphate at 10 uM preincubated for 10 mins followed by 5 mM glucose addition measured for 5 mins at 30 secs time interval by G6PDH/NADP coupled assay relative to control
CHEMBL4280706,,CHEMBL4272645,18790391,FC,=,0.235,,,efficacy,fold,,,FC（fold change）为激活倍数,5,,0,CHEMBL4270548,2018,LITERATURE,Activation of human glucokinase assessed as conversion of D-glucose to D-glucose-6-phosphate at 10 uM preincubated for 10 mins followed by 5 mM glucose addition measured for 5 mins at 30 secs time interval by G6PDH/NADP coupled assay relative to RO0281675
CHEMBL4281210,,CHEMBL4272644,18790441,FC,=,7.26,,,efficacy,fold,,,FC（fold change）为激活倍数,5,,0,CHEMBL4270548,2018,LITERATURE,Activation of human glucokinase assessed as conversion of D-glucose to D-glucose-6-phosphate at 10 uM preincubated for 10 mins followed by 5 mM glucose addition measured for 5 mins at 30 secs time interval by G6PDH/NADP coupled assay relative to control
CHEMBL4281210,,CHEMBL4272645,18790442,FC,=,0.686,,,efficacy,fold,,,FC（fold change）为激活倍数,5,,0,CHEMBL4270548,2018,LITERATURE,Activation of human glucokinase assessed as conversion of D-glucose to D-glucose-6-phosphate at 10 uM preincubated for 10 mins followed by 5 mM glucose addition measured for 5 mins at 30 secs time interval by G6PDH/NADP coupled assay relative to RO0281675
CHEMBL4281494,,CHEMBL4272644,18790333,FC,=,10.4,,,efficacy,fold,,,FC（fold change）为激活倍数,5,,0,CHEMBL4270548,2018,LITERATURE,Activation of human glucokinase assessed as conversion of D-glucose to D-glucose-6-phosphate at 10 uM preincubated for 10 mins followed by 5 mM glucose addition measured for 5 mins at 30 secs time interval by G6PDH/NADP coupled assay relative to control
CHEMBL4281494,,CHEMBL4272645,18790334,FC,=,0.65,,,efficacy,fold,,,FC（fold change）为激活倍数,5,,0,CHEMBL4270548,2018,LITERATURE,Activation of human glucokinase assessed as conversion of D-glucose to D-glucose-6-phosphate at 10 uM preincubated for 10 mins followed by 5 mM glucose addition measured for 5 mins at 30 secs time interval by G6PDH/NADP coupled assay relative to RO0281675
CHEMBL4281831,,CHEMBL4272644,18790381,FC,=,2.53,,,efficacy,fold,,,FC（fold change）为激活倍数,5,,0,CHEMBL4270548,2018,LITERATURE,Activation of human glucokinase assessed as conversion of D-glucose to D-glucose-6-phosphate at 10 uM preincubated for 10 mins followed by 5 mM glucose addition measured for 5 mins at 30 secs time interval by G6PDH/NADP coupled assay relative to control
CHEMBL4281831,,CHEMBL4272645,18790382,FC,=,0.187,,,efficacy,fold,,,FC（fold change）为激活倍数,5,,0,CHEMBL4270548,2018,LITERATURE,Activation of human glucokinase assessed as conversion of D-glucose to D-glucose-6-phosphate at 10 uM preincubated for 10 mins followed by 5 mM glucose addition measured for 5 mins at 30 secs time interval by G6PDH/NADP coupled assay relative to RO0281675
CHEMBL4282246,,CHEMBL4272644,18790324,FC,=,4.31,,,efficacy,fold,,,FC（fold change）为激活倍数,5,,0,CHEMBL4270548,2018,LITERATURE,Activation of human glucokinase assessed as conversion of D-glucose to D-glucose-6-phosphate at 10 uM preincubated for 10 mins followed by 5 mM glucose addition measured for 5 mins at 30 secs time interval by G6PDH/NADP coupled assay relative to control
CHEMBL4282246,,CHEMBL4272645,18790325,FC,=,0.428,,,efficacy,fold,,,FC（fold change）为激活倍数,5,,0,CHEMBL4270548,2018,LITERATURE,Activation of human glucokinase assessed as conversion of D-glucose to D-glucose-6-phosphate at 10 uM preincubated for 10 mins followed by 5 mM glucose addition measured for 5 mins at 30 secs time interval by G6PDH/NADP coupled assay relative to RO0281675
CHEMBL4282295,,CHEMBL4272644,18790428,FC,=,4.89,,,efficacy,fold,,,FC（fold change）为激活倍数,5,,0,CHEMBL4270548,2018,LITERATURE,Activation of human glucokinase assessed as conversion of D-glucose to D-glucose-6-phosphate at 10 uM preincubated for 10 mins followed by 5 mM glucose addition measured for 5 mins at 30 secs time interval by G6PDH/NADP coupled assay relative to control
CHEMBL4282295,,CHEMBL4272645,18790429,FC,=,0.466,,,efficacy,fold,,,FC（fold change）为激活倍数,5,,0,CHEMBL4270548,2018,LITERATURE,Activation of human glucokinase assessed as conversion of D-glucose to D-glucose-6-phosphate at 10 uM preincubated for 10 mins followed by 5 mM glucose addition measured for 5 mins at 30 secs time interval by G6PDH/NADP coupled assay relative to RO0281675
CHEMBL4283460,,CHEMBL4272644,18790413,FC,=,5.32,,,efficacy,fold,,,FC（fold change）为激活倍数,5,,0,CHEMBL4270548,2018,LITERATURE,Activation of human glucokinase assessed as conversion of D-glucose to D-glucose-6-phosphate at 10 uM preincubated for 10 mins followed by 5 mM glucose addition measured for 5 mins at 30 secs time interval by G6PDH/NADP coupled assay relative to control
CHEMBL4283460,,CHEMBL4272645,18790414,FC,=,0.395,,,efficacy,fold,,,FC（fold change）为激活倍数,5,,0,CHEMBL4270548,2018,LITERATURE,Activation of human glucokinase assessed as conversion of D-glucose to D-glucose-6-phosphate at 10 uM preincubated for 10 mins followed by 5 mM glucose addition measured for 5 mins at 30 secs time interval by G6PDH/NADP coupled assay relative to RO0281675
CHEMBL4284922,,CHEMBL4272644,18790400,FC,=,4.7,,,efficacy,fold,,,FC（fold change）为激活倍数,5,,0,CHEMBL4270548,2018,LITERATURE,Activation of human glucokinase assessed as conversion of D-glucose to D-glucose-6-phosphate at 10 uM preincubated for 10 mins followed by 5 mM glucose addition measured for 5 mins at 30 secs time interval by G6PDH/NADP coupled assay relative to control
CHEMBL4284922,,CHEMBL4272645,18790401,FC,=,0.38,,,efficacy,fold,,,FC（fold change）为激活倍数,5,,0,CHEMBL4270548,2018,LITERATURE,Activation of human glucokinase assessed as conversion of D-glucose to D-glucose-6-phosphate at 10 uM preincubated for 10 mins followed by 5 mM glucose addition measured for 5 mins at 30 secs time interval by G6PDH/NADP coupled assay relative to RO0281675
CHEMBL4285703,,CHEMBL4272644,18790437,FC,=,6.95,,,efficacy,fold,,,FC（fold change）为激活倍数,5,,0,CHEMBL4270548,2018,LITERATURE,Activation of human glucokinase assessed as conversion of D-glucose to D-glucose-6-phosphate at 10 uM preincubated for 10 mins followed by 5 mM glucose addition measured for 5 mins at 30 secs time interval by G6PDH/NADP coupled assay relative to control
CHEMBL4285703,,CHEMBL4272645,18790438,FC,=,0.619,,,efficacy,fold,,,FC（fold change）为激活倍数,5,,0,CHEMBL4270548,2018,LITERATURE,Activation of human glucokinase assessed as conversion of D-glucose to D-glucose-6-phosphate at 10 uM preincubated for 10 mins followed by 5 mM glucose addition measured for 5 mins at 30 secs time interval by G6PDH/NADP coupled assay relative to RO0281675
CHEMBL4288306,,CHEMBL4272644,18790396,FC,=,2.86,,,efficacy,fold,,,FC（fold change）为激活倍数,5,,0,CHEMBL4270548,2018,LITERATURE,Activation of human glucokinase assessed as conversion of D-glucose to D-glucose-6-phosphate at 10 uM preincubated for 10 mins followed by 5 mM glucose addition measured for 5 mins at 30 secs time interval by G6PDH/NADP coupled assay relative to control
CHEMBL4288306,,CHEMBL4272645,18790397,FC,=,0.175,,,efficacy,fold,,,FC（fold change）为激活倍数,5,,0,CHEMBL4270548,2018,LITERATURE,Activation of human glucokinase assessed as conversion of D-glucose to D-glucose-6-phosphate at 10 uM preincubated for 10 mins followed by 5 mM glucose addition measured for 5 mins at 30 secs time interval by G6PDH/NADP coupled assay relative to RO0281675
CHEMBL4288616,,CHEMBL4272644,18790393,FC,=,3.46,,,efficacy,fold,,,FC（fold change）为激活倍数,5,,0,CHEMBL4270548,2018,LITERATURE,Activation of human glucokinase assessed as conversion of D-glucose to D-glucose-6-phosphate at 10 uM preincubated for 10 mins followed by 5 mM glucose addition measured for 5 mins at 30 secs time interval by G6PDH/NADP coupled assay relative to control
CHEMBL4288616,,CHEMBL4272645,18790394,FC,=,0.274,,,efficacy,fold,,,FC（fold change）为激活倍数,5,,0,CHEMBL4270548,2018,LITERATURE,Activation of human glucokinase assessed as conversion of D-glucose to D-glucose-6-phosphate at 10 uM preincubated for 10 mins followed by 5 mM glucose addition measured for 5 mins at 30 secs time interval by G6PDH/NADP coupled assay relative to RO0281675
CHEMBL4288698,,CHEMBL4272644,18790411,FC,=,3.24,,,efficacy,fold,,,FC（fold change）为激活倍数,5,,0,CHEMBL4270548,2018,LITERATURE,Activation of human glucokinase assessed as conversion of D-glucose to D-glucose-6-phosphate at 10 uM preincubated for 10 mins followed by 5 mM glucose addition measured for 5 mins at 30 secs time interval by G6PDH/NADP coupled assay relative to control
CHEMBL4288698,,CHEMBL4272645,18790412,FC,=,0.168,,,efficacy,fold,,,FC（fold change）为激活倍数,5,,0,CHEMBL4270548,2018,LITERATURE,Activation of human glucokinase assessed as conversion of D-glucose to D-glucose-6-phosphate at 10 uM preincubated for 10 mins followed by 5 mM glucose addition measured for 5 mins at 30 secs time interval by G6PDH/NADP coupled assay relative to RO0281675
CHEMBL4289044,,CHEMBL4272644,18790384,FC,=,1.13,,,efficacy,fold,,,FC（fold change）为激活倍数,5,,0,CHEMBL4270548,2018,LITERATURE,Activation of human glucokinase assessed as conversion of D-glucose to D-glucose-6-phosphate at 10 uM preincubated for 10 mins followed by 5 mM glucose addition measured for 5 mins at 30 secs time interval by G6PDH/NADP coupled assay relative to control
CHEMBL4289044,,CHEMBL4272645,18790385,FC,=,0.017,,,efficacy,fold,,,FC（fold change）为激活倍数,5,,0,CHEMBL4270548,2018,LITERATURE,Activation of human glucokinase assessed as conversion of D-glucose to D-glucose-6-phosphate at 10 uM preincubated for 10 mins followed by 5 mM glucose addition measured for 5 mins at 30 secs time interval by G6PDH/NADP coupled assay relative to RO0281675
CHEMBL4289091,,CHEMBL4272644,18790445,FC,=,8.8,,,efficacy,fold,,,FC（fold change）为激活倍数,5,,0,CHEMBL4270548,2018,LITERATURE,Activation of human glucokinase assessed as conversion of D-glucose to D-glucose-6-phosphate at 10 uM preincubated for 10 mins followed by 5 mM glucose addition measured for 5 mins at 30 secs time interval by G6PDH/NADP coupled assay relative to control
CHEMBL4289091,,CHEMBL4272645,18790446,FC,=,0.832,,,efficacy,fold,,,FC（fold change）为激活倍数,5,,0,CHEMBL4270548,2018,LITERATURE,Activation of human glucokinase assessed as conversion of D-glucose to D-glucose-6-phosphate at 10 uM preincubated for 10 mins followed by 5 mM glucose addition measured for 5 mins at 30 secs time interval by G6PDH/NADP coupled assay relative to RO0281675
CHEMBL4289499,,CHEMBL4272644,18790345,FC,=,4.75,,,efficacy,fold,,,FC（fold change）为激活倍数,5,,0,CHEMBL4270548,2018,LITERATURE,Activation of human glucokinase assessed as conversion of D-glucose to D-glucose-6-phosphate at 10 uM preincubated for 10 mins followed by 5 mM glucose addition measured for 5 mins at 30 secs time interval by G6PDH/NADP coupled assay relative to control
CHEMBL4289499,,CHEMBL4272645,18790346,FC,=,0.438,,,efficacy,fold,,,FC（fold change）为激活倍数,5,,0,CHEMBL4270548,2018,LITERATURE,Activation of human glucokinase assessed as conversion of D-glucose to D-glucose-6-phosphate at 10 uM preincubated for 10 mins followed by 5 mM glucose addition measured for 5 mins at 30 secs time interval by G6PDH/NADP coupled assay relative to RO0281675
CHEMBL4290113,,CHEMBL4272644,18790327,FC,=,0.84,,,efficacy,fold,,,FC（fold change）为激活倍数,5,,0,CHEMBL4270548,2018,LITERATURE,Activation of human glucokinase assessed as conversion of D-glucose to D-glucose-6-phosphate at 10 uM preincubated for 10 mins followed by 5 mM glucose addition measured for 5 mins at 30 secs time interval by G6PDH/NADP coupled assay relative to control
CHEMBL4290113,,CHEMBL4272645,18790328,FC,=,-0.019,,,efficacy,fold,,,FC（fold change）为激活倍数,5,,0,CHEMBL4270548,2018,LITERATURE,Activation of human glucokinase assessed as conversion of D-glucose to D-glucose-6-phosphate at 10 uM preincubated for 10 mins followed by 5 mM glucose addition measured for 5 mins at 30 secs time interval by G6PDH/NADP coupled assay relative to RO0281675
CHEMBL4292120,,CHEMBL4272644,18790341,FC,=,4.99,,,efficacy,fold,,,FC（fold change）为激活倍数,5,,0,CHEMBL4270548,2018,LITERATURE,Activation of human glucokinase assessed as conversion of D-glucose to D-glucose-6-phosphate at 10 uM preincubated for 10 mins followed by 5 mM glucose addition measured for 5 mins at 30 secs time interval by G6PDH/NADP coupled assay relative to control
CHEMBL4292120,,CHEMBL4272645,18790342,FC,=,0.381,,,efficacy,fold,,,FC（fold change）为激活倍数,5,,0,CHEMBL4270548,2018,LITERATURE,Activation of human glucokinase assessed as conversion of D-glucose to D-glucose-6-phosphate at 10 uM preincubated for 10 mins followed by 5 mM glucose addition measured for 5 mins at 30 secs time interval by G6PDH/NADP coupled assay relative to RO0281675
CHEMBL4292461,,CHEMBL4272644,18790330,FC,=,2.56,,,efficacy,fold,,,FC（fold change）为激活倍数,5,,0,CHEMBL4270548,2018,LITERATURE,Activation of human glucokinase assessed as conversion of D-glucose to D-glucose-6-phosphate at 10 uM preincubated for 10 mins followed by 5 mM glucose addition measured for 5 mins at 30 secs time interval by G6PDH/NADP coupled assay relative to control
CHEMBL4292461,,CHEMBL4272645,18790331,FC,=,0.187,,,efficacy,fold,,,FC（fold change）为激活倍数,5,,0,CHEMBL4270548,2018,LITERATURE,Activation of human glucokinase assessed as conversion of D-glucose to D-glucose-6-phosphate at 10 uM preincubated for 10 mins followed by 5 mM glucose addition measured for 5 mins at 30 secs time interval by G6PDH/NADP coupled assay relative to RO0281675
CHEMBL4292891,,CHEMBL4272644,18790424,FC,=,6.92,,,efficacy,fold,,,FC（fold change）为激活倍数,5,,0,CHEMBL4270548,2018,LITERATURE,Activation of human glucokinase assessed as conversion of D-glucose to D-glucose-6-phosphate at 10 uM preincubated for 10 mins followed by 5 mM glucose addition measured for 5 mins at 30 secs time interval by G6PDH/NADP coupled assay relative to control
CHEMBL4292891,,CHEMBL4272645,18790425,FC,=,0.71,,,efficacy,fold,,,FC（fold change）为激活倍数,5,,0,CHEMBL4270548,2018,LITERATURE,Activation of human glucokinase assessed as conversion of D-glucose to D-glucose-6-phosphate at 10 uM preincubated for 10 mins followed by 5 mM glucose addition measured for 5 mins at 30 secs time interval by G6PDH/NADP coupled assay relative to RO0281675
CHEMBL4293502,,CHEMBL4272644,18790321,FC,=,3.89,,,efficacy,fold,,,FC（fold change）为激活倍数,5,,0,CHEMBL4270548,2018,LITERATURE,Activation of human glucokinase assessed as conversion of D-glucose to D-glucose-6-phosphate at 10 uM preincubated for 10 mins followed by 5 mM glucose addition measured for 5 mins at 30 secs time interval by G6PDH/NADP coupled assay relative to control
CHEMBL4293502,,CHEMBL4272645,18790322,FC,=,0.373,,,efficacy,fold,,,FC（fold change）为激活倍数,5,,0,CHEMBL4270548,2018,LITERATURE,Activation of human glucokinase assessed as conversion of D-glucose to D-glucose-6-phosphate at 10 uM preincubated for 10 mins followed by 5 mM glucose addition measured for 5 mins at 30 secs time interval by G6PDH/NADP coupled assay relative to RO0281675
CHEMBL4294026,,CHEMBL4272644,18790417,FC,=,2.57,,,efficacy,fold,,,FC（fold change）为激活倍数,5,,0,CHEMBL4270548,2018,LITERATURE,Activation of human glucokinase assessed as conversion of D-glucose to D-glucose-6-phosphate at 10 uM preincubated for 10 mins followed by 5 mM glucose addition measured for 5 mins at 30 secs time interval by G6PDH/NADP coupled assay relative to control
CHEMBL4294026,,CHEMBL4272645,18790418,FC,=,0.118,,,efficacy,fold,,,FC（fold change）为激活倍数,5,,0,CHEMBL4270548,2018,LITERATURE,Activation of human glucokinase assessed as conversion of D-glucose to D-glucose-6-phosphate at 10 uM preincubated for 10 mins followed by 5 mM glucose addition measured for 5 mins at 30 secs time interval by G6PDH/NADP coupled assay relative to RO0281675
CHEMBL4294372,,CHEMBL4272644,18790449,FC,=,8.6,,,efficacy,fold,,,FC（fold change）为激活倍数,5,,0,CHEMBL4270548,2018,LITERATURE,Activation of human glucokinase assessed as conversion of D-glucose to D-glucose-6-phosphate at 10 uM preincubated for 10 mins followed by 5 mM glucose addition measured for 5 mins at 30 secs time interval by G6PDH/NADP coupled assay relative to control
CHEMBL4294372,,CHEMBL4272645,18790450,FC,=,0.87,,,efficacy,fold,,,FC（fold change）为激活倍数,5,,0,CHEMBL4270548,2018,LITERATURE,Activation of human glucokinase assessed as conversion of D-glucose to D-glucose-6-phosphate at 10 uM preincubated for 10 mins followed by 5 mM glucose addition measured for 5 mins at 30 secs time interval by G6PDH/NADP coupled assay relative to RO0281675
CHEMBL439344,,CHEMBL865109,1715027,EC50,=,90,nM,7.05,potency,concentration,90.0,7.05,EC50 为标准化浓度型效力指标,,,0,CHEMBL1147698,2006,LITERATURE,Activation of glucokinase
CHEMBL4435375,,CHEMBL4427549,19410994,EC50,=,190,nM,6.72,potency,concentration,190.0,6.72,EC50 为标准化浓度型效力指标,5,,0,CHEMBL4425170,2016,LITERATURE,Activation of human recombinant glucokinase using 5 mM glucose monitored over 5 mins in presence of NAD+ by glucose 6-phosphate dehydrogenase coupled assay
CHEMBL4435375,,CHEMBL4427550,19410971,EC50,=,50000,nM,4.3,potency,concentration,50000.0,4.3,EC50 为标准化浓度型效力指标,5,,0,CHEMBL4425170,2016,LITERATURE,Activation of human recombinant glucokinase using 5 mM glucose monitored over 5 mins in presence of NAD+ and glucose 6-phosphate 4% human serum albumin by glucose 6-phosphate dehydrogenase coupled assay
CHEMBL4435375,,CHEMBL4427551,19410948,S0.5,=,0.76,mM,,kinetic,,,,S0.5 属酶动力学参数（机制读数），不计入效力/效能,,,0,CHEMBL4425170,2016,LITERATURE,Activation of human recombinant glucokinase assessed as substrate affinity monitored over 5 mins in presence of varying concentration of glucose and NAD+ by glucose 6-phosphate dehydrogenase coupled assay
CHEMBL4435375,,CHEMBL4427552,19411001,Ratio,=,0.92,,,unclassified,,,,Ratio 为自由文本指标（无官方标准化规则），assay 描述未命中提升门槛，不跨实验汇总,,,0,CHEMBL4425170,2016,LITERATURE,Activation of human recombinant glucokinase assessed as substrate Vmax ratio monitored over 5 mins in presence of varying concentration of glucose and NAD+ by glucose 6-phosphate dehydrogenase coupled assay
CHEMBL4436222,,CHEMBL4427549,19410998,EC50,=,10800,nM,4.97,potency,concentration,10800.0,4.97,EC50 为标准化浓度型效力指标,5,,0,CHEMBL4425170,2016,LITERATURE,Activation of human recombinant glucokinase using 5 mM glucose monitored over 5 mins in presence of NAD+ by glucose 6-phosphate dehydrogenase coupled assay
CHEMBL4436222,,CHEMBL4427551,19410951,S0.5,=,0.76,mM,,kinetic,,,,S0.5 属酶动力学参数（机制读数），不计入效力/效能,,,0,CHEMBL4425170,2016,LITERATURE,Activation of human recombinant glucokinase assessed as substrate affinity monitored over 5 mins in presence of varying concentration of glucose and NAD+ by glucose 6-phosphate dehydrogenase coupled assay
CHEMBL4436222,,CHEMBL4427552,19410926,Ratio,=,0.71,,,unclassified,,,,Ratio 为自由文本指标（无官方标准化规则），assay 描述未命中提升门槛，不跨实验汇总,,,0,CHEMBL4425170,2016,LITERATURE,Activation of human recombinant glucokinase assessed as substrate Vmax ratio monitored over 5 mins in presence of varying concentration of glucose and NAD+ by glucose 6-phosphate dehydrogenase coupled assay
CHEMBL4436344,,CHEMBL4427549,19410991,EC50,=,50,nM,7.3,potency,concentration,50.0,7.3,EC50 为标准化浓度型效力指标,5,,0,CHEMBL4425170,2016,LITERATURE,Activation of human recombinant glucokinase using 5 mM glucose monitored over 5 mins in presence of NAD+ by glucose 6-phosphate dehydrogenase coupled assay
CHEMBL4436344,,CHEMBL4427550,19410968,EC50,=,2370,nM,5.62,potency,concentration,2370.0,5.62,EC50 为标准化浓度型效力指标,5,,0,CHEMBL4425170,2016,LITERATURE,Activation of human recombinant glucokinase using 5 mM glucose monitored over 5 mins in presence of NAD+ and glucose 6-phosphate 4% human serum albumin by glucose 6-phosphate dehydrogenase coupled assay
CHEMBL4436344,,CHEMBL4427551,19410945,S0.5,=,0.76,mM,,kinetic,,,,S0.5 属酶动力学参数（机制读数），不计入效力/效能,,,0,CHEMBL4425170,2016,LITERATURE,Activation of human recombinant glucokinase assessed as substrate affinity monitored over 5 mins in presence of varying concentration of glucose and NAD+ by glucose 6-phosphate dehydrogenase coupled assay
CHEMBL4436344,,CHEMBL4427552,19411004,Ratio,=,0.79,,,unclassified,,,,Ratio 为自由文本指标（无官方标准化规则），assay 描述未命中提升门槛，不跨实验汇总,,,0,CHEMBL4425170,2016,LITERATURE,Activation of human recombinant glucokinase assessed as substrate Vmax ratio monitored over 5 mins in presence of varying concentration of glucose and NAD+ by glucose 6-phosphate dehydrogenase coupled assay
CHEMBL4436470,,CHEMBL4427549,19410983,EC50,>,50000,nM,,potency,concentration,50000.0,,EC50 为标准化浓度型效力指标,5,,0,CHEMBL4425170,2016,LITERATURE,Activation of human recombinant glucokinase using 5 mM glucose monitored over 5 mins in presence of NAD+ by glucose 6-phosphate dehydrogenase coupled assay
CHEMBL4436956,,CHEMBL4427549,19410997,EC50,=,2130,nM,5.67,potency,concentration,2130.0,5.67,EC50 为标准化浓度型效力指标,5,,0,CHEMBL4425170,2016,LITERATURE,Activation of human recombinant glucokinase using 5 mM glucose monitored over 5 mins in presence of NAD+ by glucose 6-phosphate dehydrogenase coupled assay
CHEMBL4436956,,CHEMBL4427551,19410950,S0.5,=,0.99,mM,,kinetic,,,,S0.5 属酶动力学参数（机制读数），不计入效力/效能,,,0,CHEMBL4425170,2016,LITERATURE,Activation of human recombinant glucokinase assessed as substrate affinity monitored over 5 mins in presence of varying concentration of glucose and NAD+ by glucose 6-phosphate dehydrogenase coupled assay
CHEMBL4436956,,CHEMBL4427552,19410925,Ratio,=,0.67,,,unclassified,,,,Ratio 为自由文本指标（无官方标准化规则），assay 描述未命中提升门槛，不跨实验汇总,,,0,CHEMBL4425170,2016,LITERATURE,Activation of human recombinant glucokinase assessed as substrate Vmax ratio monitored over 5 mins in presence of varying concentration of glucose and NAD+ by glucose 6-phosphate dehydrogenase coupled assay
CHEMBL4440209,,CHEMBL4427549,19410980,EC50,=,310,nM,6.51,potency,concentration,310.0,6.51,EC50 为标准化浓度型效力指标,5,,0,CHEMBL4425170,2016,LITERATURE,Activation of human recombinant glucokinase using 5 mM glucose monitored over 5 mins in presence of NAD+ by glucose 6-phosphate dehydrogenase coupled assay
CHEMBL4440209,,CHEMBL4427550,19410958,EC50,=,730,nM,6.14,potency,concentration,730.0,6.14,EC50 为标准化浓度型效力指标,5,,0,CHEMBL4425170,2016,LITERATURE,Activation of human recombinant glucokinase using 5 mM glucose monitored over 5 mins in presence of NAD+ and glucose 6-phosphate 4% human serum albumin by glucose 6-phosphate dehydrogenase coupled assay
CHEMBL4440209,,CHEMBL4427551,19410935,S0.5,=,0.75,mM,,kinetic,,,,S0.5 属酶动力学参数（机制读数），不计入效力/效能,,,0,CHEMBL4425170,2016,LITERATURE,Activation of human recombinant glucokinase assessed as substrate affinity monitored over 5 mins in presence of varying concentration of glucose and NAD+ by glucose 6-phosphate dehydrogenase coupled assay
CHEMBL4440209,,CHEMBL4427552,19411014,Ratio,=,0.81,,,unclassified,,,,Ratio 为自由文本指标（无官方标准化规则），assay 描述未命中提升门槛，不跨实验汇总,,,0,CHEMBL4425170,2016,LITERATURE,Activation of human recombinant glucokinase assessed as substrate Vmax ratio monitored over 5 mins in presence of varying concentration of glucose and NAD+ by glucose 6-phosphate dehydrogenase coupled assay
CHEMBL4441772,,CHEMBL4427348,19410134,EC50,=,110,nM,6.96,potency,concentration,110.0,6.96,EC50 为标准化浓度型效力指标,5,,0,CHEMBL4425164,2016,LITERATURE,Activation of human recombinant glucokinase using 5 mM glucose as substrate in presence of NAD+ by glucose 6-phosphate dehydrogenase coupled assay
CHEMBL4441772,,CHEMBL4427349,19410170,EC50,=,150,nM,6.82,potency,concentration,150.0,6.82,EC50 为标准化浓度型效力指标,5,,0,CHEMBL4425164,2016,LITERATURE,Activation of human recombinant glucokinase using 5 mM glucose as substrate in presence of NAD+ and 4% HSA by glucose 6-phosphate dehydrogenase coupled assay
CHEMBL4441772,,CHEMBL4427350,19410195,S0.5,=,0.62,mM,,kinetic,,,,S0.5 属酶动力学参数（机制读数），不计入效力/效能,5,,0,CHEMBL4425164,2016,LITERATURE,Activation of human recombinant glucokinase assessed as enzyme affinity for glucose using 5 mM glucose as substrate in presence of NAD+ by by glucose 6-phosphate dehydrogenase coupled assay
CHEMBL4441772,,CHEMBL4427351,19410220,Ratio,=,1,,,efficacy,fold,,,自由文本指标 Ratio 受限提升为效能(fold)，描述命中：「relative to control」,,,0,CHEMBL4425164,2016,LITERATURE,Activation of human recombinant glucokinase assessed as Vmax ratio using 0.16 to 80 mM of glucose as substrate in presence of NAD+ by glucose 6-phosphate dehydrogenase coupled assay relative to control
CHEMBL4444820,,CHEMBL4427549,19410984,EC50,=,6250,nM,5.2,potency,concentration,6250.0,5.2,EC50 为标准化浓度型效力指标,5,,0,CHEMBL4425170,2016,LITERATURE,Activation of human recombinant glucokinase using 5 mM glucose monitored over 5 mins in presence of NAD+ by glucose 6-phosphate dehydrogenase coupled assay
CHEMBL4444820,,CHEMBL4427550,19410961,EC50,=,13200,nM,4.88,potency,concentration,13200.0,4.88,EC50 为标准化浓度型效力指标,5,,0,CHEMBL4425170,2016,LITERATURE,Activation of human recombinant glucokinase using 5 mM glucose monitored over 5 mins in presence of NAD+ and glucose 6-phosphate 4% human serum albumin by glucose 6-phosphate dehydrogenase coupled assay
CHEMBL4444820,,CHEMBL4427551,19410938,S0.5,=,0.86,mM,,kinetic,,,,S0.5 属酶动力学参数（机制读数），不计入效力/效能,,,0,CHEMBL4425170,2016,LITERATURE,Activation of human recombinant glucokinase assessed as substrate affinity monitored over 5 mins in presence of varying concentration of glucose and NAD+ by glucose 6-phosphate dehydrogenase coupled assay
CHEMBL4444820,,CHEMBL4427552,19411011,Ratio,=,0.86,,,unclassified,,,,Ratio 为自由文本指标（无官方标准化规则），assay 描述未命中提升门槛，不跨实验汇总,,,0,CHEMBL4425170,2016,LITERATURE,Activation of human recombinant glucokinase assessed as substrate Vmax ratio monitored over 5 mins in presence of varying concentration of glucose and NAD+ by glucose 6-phosphate dehydrogenase coupled assay
CHEMBL4445370,,CHEMBL4427549,19410990,EC50,=,880,nM,6.06,potency,concentration,880.0,6.06,EC50 为标准化浓度型效力指标,5,,0,CHEMBL4425170,2016,LITERATURE,Activation of human recombinant glucokinase using 5 mM glucose monitored over 5 mins in presence of NAD+ by glucose 6-phosphate dehydrogenase coupled assay
CHEMBL4445370,,CHEMBL4427550,19410967,EC50,=,8800,nM,5.06,potency,concentration,8800.0,5.06,EC50 为标准化浓度型效力指标,5,,0,CHEMBL4425170,2016,LITERATURE,Activation of human recombinant glucokinase using 5 mM glucose monitored over 5 mins in presence of NAD+ and glucose 6-phosphate 4% human serum albumin by glucose 6-phosphate dehydrogenase coupled assay
CHEMBL4445370,,CHEMBL4427551,19410944,S0.5,=,2.23,mM,,kinetic,,,,S0.5 属酶动力学参数（机制读数），不计入效力/效能,,,0,CHEMBL4425170,2016,LITERATURE,Activation of human recombinant glucokinase assessed as substrate affinity monitored over 5 mins in presence of varying concentration of glucose and NAD+ by glucose 6-phosphate dehydrogenase coupled assay
CHEMBL4445370,,CHEMBL4427552,19411005,Ratio,=,0.68,,,unclassified,,,,Ratio 为自由文本指标（无官方标准化规则），assay 描述未命中提升门槛，不跨实验汇总,,,0,CHEMBL4425170,2016,LITERATURE,Activation of human recombinant glucokinase assessed as substrate Vmax ratio monitored over 5 mins in presence of varying concentration of glucose and NAD+ by glucose 6-phosphate dehydrogenase coupled assay
CHEMBL4446305,,CHEMBL4427549,19410978,EC50,=,50,nM,7.3,potency,concentration,50.0,7.3,EC50 为标准化浓度型效力指标,5,,0,CHEMBL4425170,2016,LITERATURE,Activation of human recombinant glucokinase using 5 mM glucose monitored over 5 mins in presence of NAD+ by glucose 6-phosphate dehydrogenase coupled assay
CHEMBL4446305,,CHEMBL4427550,19410956,EC50,=,80,nM,7.1,potency,concentration,80.0,7.1,EC50 为标准化浓度型效力指标,5,,0,CHEMBL4425170,2016,LITERATURE,Activation of human recombinant glucokinase using 5 mM glucose monitored over 5 mins in presence of NAD+ and glucose 6-phosphate 4% human serum albumin by glucose 6-phosphate dehydrogenase coupled assay
CHEMBL4446305,,CHEMBL4427551,19410933,S0.5,=,0.6,mM,,kinetic,,,,S0.5 属酶动力学参数（机制读数），不计入效力/效能,,,0,CHEMBL4425170,2016,LITERATURE,Activation of human recombinant glucokinase assessed as substrate affinity monitored over 5 mins in presence of varying concentration of glucose and NAD+ by glucose 6-phosphate dehydrogenase coupled assay
CHEMBL4446305,,CHEMBL4427552,19411016,Ratio,=,1,,,unclassified,,,,Ratio 为自由文本指标（无官方标准化规则），assay 描述未命中提升门槛，不跨实验汇总,,,0,CHEMBL4425170,2016,LITERATURE,Activation of human recombinant glucokinase assessed as substrate Vmax ratio monitored over 5 mins in presence of varying concentration of glucose and NAD+ by glucose 6-phosphate dehydrogenase coupled assay
CHEMBL4446305,,CHEMBL4427586,19411078,Ratio EC50,=,1.6,,,unclassified,,,,Ratio EC50 为自由文本指标（无官方标准化规则），assay 描述未命中提升门槛，不跨实验汇总,,,0,CHEMBL4425170,2016,LITERATURE,Ratio of EC50 for activation of human recombinant glucokinase in presence of 4% human serum albumin to EC50 for activation of human recombinant glucokinase in absence of 4% human serum
CHEMBL4451652,,CHEMBL4427348,19410135,EC50,=,66,nM,7.18,potency,concentration,66.0,7.18,EC50 为标准化浓度型效力指标,5,,0,CHEMBL4425164,2016,LITERATURE,Activation of human recombinant glucokinase using 5 mM glucose as substrate in presence of NAD+ by glucose 6-phosphate dehydrogenase coupled assay
CHEMBL4451652,,CHEMBL4427349,19410169,EC50,=,98,nM,7.01,potency,concentration,98.0,7.01,EC50 为标准化浓度型效力指标,5,,0,CHEMBL4425164,2016,LITERATURE,Activation of human recombinant glucokinase using 5 mM glucose as substrate in presence of NAD+ and 4% HSA by glucose 6-phosphate dehydrogenase coupled assay
CHEMBL4451652,,CHEMBL4427350,19410194,S0.5,=,0.82,mM,,kinetic,,,,S0.5 属酶动力学参数（机制读数），不计入效力/效能,5,,0,CHEMBL4425164,2016,LITERATURE,Activation of human recombinant glucokinase assessed as enzyme affinity for glucose using 5 mM glucose as substrate in presence of NAD+ by by glucose 6-phosphate dehydrogenase coupled assay
CHEMBL4451652,,CHEMBL4427351,19410219,Ratio,=,1,,,efficacy,fold,,,自由文本指标 Ratio 受限提升为效能(fold)，描述命中：「relative to control」,,,0,CHEMBL4425164,2016,LITERATURE,Activation of human recombinant glucokinase assessed as Vmax ratio using 0.16 to 80 mM of glucose as substrate in presence of NAD+ by glucose 6-phosphate dehydrogenase coupled assay relative to control
CHEMBL4453019,,CHEMBL4427348,19410151,EC50,=,130,nM,6.89,potency,concentration,130.0,6.89,EC50 为标准化浓度型效力指标,5,,0,CHEMBL4425164,2016,LITERATURE,Activation of human recombinant glucokinase using 5 mM glucose as substrate in presence of NAD+ by glucose 6-phosphate dehydrogenase coupled assay
CHEMBL4453019,,CHEMBL4427349,19410153,EC50,=,330,nM,6.48,potency,concentration,330.0,6.48,EC50 为标准化浓度型效力指标,5,,0,CHEMBL4425164,2016,LITERATURE,Activation of human recombinant glucokinase using 5 mM glucose as substrate in presence of NAD+ and 4% HSA by glucose 6-phosphate dehydrogenase coupled assay
CHEMBL4453019,,CHEMBL4427350,19410178,S0.5,=,0.6,mM,,kinetic,,,,S0.5 属酶动力学参数（机制读数），不计入效力/效能,5,,0,CHEMBL4425164,2016,LITERATURE,Activation of human recombinant glucokinase assessed as enzyme affinity for glucose using 5 mM glucose as substrate in presence of NAD+ by by glucose 6-phosphate dehydrogenase coupled assay
CHEMBL4453019,,CHEMBL4427351,19410203,Ratio,=,0.9,,,efficacy,fold,,,自由文本指标 Ratio 受限提升为效能(fold)，描述命中：「relative to control」,,,0,CHEMBL4425164,2016,LITERATURE,Activation of human recombinant glucokinase assessed as Vmax ratio using 0.16 to 80 mM of glucose as substrate in presence of NAD+ by glucose 6-phosphate dehydrogenase coupled assay relative to control
CHEMBL4453019,,CHEMBL4427376,19410282,Ratio EC50,=,1,,,unclassified,,,,Ratio EC50 为自由文本指标（无官方标准化规则），assay 描述未命中提升门槛，不跨实验汇总,,,0,CHEMBL4425164,2016,LITERATURE,Ratio of EC50 for activation of human recombinant glucokinase in presence of 4% HSA to EC50 for activation of human recombinant glucokinase in absence of 4% HSA
CHEMBL4453105,,CHEMBL4427549,19410993,EC50,=,120,nM,6.92,potency,concentration,120.0,6.92,EC50 为标准化浓度型效力指标,5,,0,CHEMBL4425170,2016,LITERATURE,Activation of human recombinant glucokinase using 5 mM glucose monitored over 5 mins in presence of NAD+ by glucose 6-phosphate dehydrogenase coupled assay
CHEMBL4453105,,CHEMBL4427550,19410970,EC50,=,3500,nM,5.46,potency,concentration,3500.0,5.46,EC50 为标准化浓度型效力指标,5,,0,CHEMBL4425170,2016,LITERATURE,Activation of human recombinant glucokinase using 5 mM glucose monitored over 5 mins in presence of NAD+ and glucose 6-phosphate 4% human serum albumin by glucose 6-phosphate dehydrogenase coupled assay
CHEMBL4453105,,CHEMBL4427551,19410947,S0.5,=,0.9,mM,,kinetic,,,,S0.5 属酶动力学参数（机制读数），不计入效力/效能,,,0,CHEMBL4425170,2016,LITERATURE,Activation of human recombinant glucokinase assessed as substrate affinity monitored over 5 mins in presence of varying concentration of glucose and NAD+ by glucose 6-phosphate dehydrogenase coupled assay
CHEMBL4453105,,CHEMBL4427552,19411002,Ratio,=,0.83,,,unclassified,,,,Ratio 为自由文本指标（无官方标准化规则），assay 描述未命中提升门槛，不跨实验汇总,,,0,CHEMBL4425170,2016,LITERATURE,Activation of human recombinant glucokinase assessed as substrate Vmax ratio monitored over 5 mins in presence of varying concentration of glucose and NAD+ by glucose 6-phosphate dehydrogenase coupled assay
CHEMBL4454070,,CHEMBL4427549,19410972,EC50,=,60,nM,7.22,potency,concentration,60.0,7.22,EC50 为标准化浓度型效力指标,5,,0,CHEMBL4425170,2016,LITERATURE,Activation of human recombinant glucokinase using 5 mM glucose monitored over 5 mins in presence of NAD+ by glucose 6-phosphate dehydrogenase coupled assay
CHEMBL4454070,,CHEMBL4427550,19410952,EC50,=,220,nM,6.66,potency,concentration,220.0,6.66,EC50 为标准化浓度型效力指标,5,,0,CHEMBL4425170,2016,LITERATURE,Activation of human recombinant glucokinase using 5 mM glucose monitored over 5 mins in presence of NAD+ and glucose 6-phosphate 4% human serum albumin by glucose 6-phosphate dehydrogenase coupled assay
CHEMBL4454070,,CHEMBL4427551,19410927,S0.5,=,0.64,mM,,kinetic,,,,S0.5 属酶动力学参数（机制读数），不计入效力/效能,,,0,CHEMBL4425170,2016,LITERATURE,Activation of human recombinant glucokinase assessed as substrate affinity monitored over 5 mins in presence of varying concentration of glucose and NAD+ by glucose 6-phosphate dehydrogenase coupled assay
CHEMBL4454070,,CHEMBL4427552,19411022,Ratio,=,1.01,,,unclassified,,,,Ratio 为自由文本指标（无官方标准化规则），assay 描述未命中提升门槛，不跨实验汇总,,,0,CHEMBL4425170,2016,LITERATURE,Activation of human recombinant glucokinase assessed as substrate Vmax ratio monitored over 5 mins in presence of varying concentration of glucose and NAD+ by glucose 6-phosphate dehydrogenase coupled assay
CHEMBL4456659,,CHEMBL4427348,19410128,EC50,=,170,nM,6.77,potency,concentration,170.0,6.77,EC50 为标准化浓度型效力指标,5,,0,CHEMBL4425164,2016,LITERATURE,Activation of human recombinant glucokinase using 5 mM glucose as substrate in presence of NAD+ by glucose 6-phosphate dehydrogenase coupled assay
CHEMBL4456659,,CHEMBL4427349,19410176,EC50,=,180,nM,6.75,potency,concentration,180.0,6.75,EC50 为标准化浓度型效力指标,5,,0,CHEMBL4425164,2016,LITERATURE,Activation of human recombinant glucokinase using 5 mM glucose as substrate in presence of NAD+ and 4% HSA by glucose 6-phosphate dehydrogenase coupled assay
CHEMBL4456659,,CHEMBL4427350,19410201,S0.5,=,0.85,mM,,kinetic,,,,S0.5 属酶动力学参数（机制读数），不计入效力/效能,5,,0,CHEMBL4425164,2016,LITERATURE,Activation of human recombinant glucokinase assessed as enzyme affinity for glucose using 5 mM glucose as substrate in presence of NAD+ by by glucose 6-phosphate dehydrogenase coupled assay
CHEMBL4456659,,CHEMBL4427351,19410226,Ratio,=,1,,,efficacy,fold,,,自由文本指标 Ratio 受限提升为效能(fold)，描述命中：「relative to control」,,,0,CHEMBL4425164,2016,LITERATURE,Activation of human recombinant glucokinase assessed as Vmax ratio using 0.16 to 80 mM of glucose as substrate in presence of NAD+ by glucose 6-phosphate dehydrogenase coupled assay relative to control
CHEMBL446224,,CHEMBL959301,2287624,EC50,=,2400,nM,5.62,potency,concentration,2400.0,5.62,EC50 为标准化浓度型效力指标,2.5,,0,CHEMBL1152887,2009,LITERATURE,Activation of human glucokinase by glucose-6-phosphate dehydrogenase coupled continuous spectrophotometric assay in presence of 2.5 mM glucose
CHEMBL446224,,CHEMBL959302,2287625,EC50,=,540,nM,6.27,potency,concentration,540.0,6.27,EC50 为标准化浓度型效力指标,10,,0,CHEMBL1152887,2009,LITERATURE,Activation of human glucokinase by glucose-6-phosphate dehydrogenase coupled continuous spectrophotometric assay in presence of 10 mM glucose
CHEMBL446224,,CHEMBL959303,2287711,FC,=,8,,,efficacy,fold,,,FC（fold change）为激活倍数,2.5,,0,CHEMBL1152887,2009,LITERATURE,Activation of human glucokinase assessed as maximal response by glucose-6-phosphate dehydrogenase coupled continuous spectrophotometric assay in presence of 2.5 mM glucose relative to control
CHEMBL446224,,CHEMBL959304,2287680,FC,=,1.6,,,efficacy,fold,,,FC（fold change）为激活倍数,10,,0,CHEMBL1152887,2009,LITERATURE,Activation of human glucokinase assessed as maximal response by glucose-6-phosphate dehydrogenase coupled continuous spectrophotometric assay in presence of 10 mM glucose relative to control
CHEMBL4463568,,CHEMBL4349275,19030350,FC,=,2.9,,,efficacy,fold,,,FC（fold change）为激活倍数,,,0,CHEMBL4346714,2019,LITERATURE,Activation of glucokinase (unknown origin) at 10 uM relative to control
CHEMBL4467472,,CHEMBL4427549,19410988,EC50,=,230,nM,6.64,potency,concentration,230.0,6.64,EC50 为标准化浓度型效力指标,5,,0,CHEMBL4425170,2016,LITERATURE,Activation of human recombinant glucokinase using 5 mM glucose monitored over 5 mins in presence of NAD+ by glucose 6-phosphate dehydrogenase coupled assay
CHEMBL4467472,,CHEMBL4427550,19410965,EC50,=,5500,nM,5.26,potency,concentration,5500.0,5.26,EC50 为标准化浓度型效力指标,5,,0,CHEMBL4425170,2016,LITERATURE,Activation of human recombinant glucokinase using 5 mM glucose monitored over 5 mins in presence of NAD+ and glucose 6-phosphate 4% human serum albumin by glucose 6-phosphate dehydrogenase coupled assay
CHEMBL4467472,,CHEMBL4427551,19410942,S0.5,=,0.6,mM,,kinetic,,,,S0.5 属酶动力学参数（机制读数），不计入效力/效能,,,0,CHEMBL4425170,2016,LITERATURE,Activation of human recombinant glucokinase assessed as substrate affinity monitored over 5 mins in presence of varying concentration of glucose and NAD+ by glucose 6-phosphate dehydrogenase coupled assay
CHEMBL4467472,,CHEMBL4427552,19411007,Ratio,=,0.95,,,unclassified,,,,Ratio 为自由文本指标（无官方标准化规则），assay 描述未命中提升门槛，不跨实验汇总,,,0,CHEMBL4425170,2016,LITERATURE,Activation of human recombinant glucokinase assessed as substrate Vmax ratio monitored over 5 mins in presence of varying concentration of glucose and NAD+ by glucose 6-phosphate dehydrogenase coupled assay
CHEMBL4468814,,CHEMBL4427549,19410995,EC50,=,830,nM,6.08,potency,concentration,830.0,6.08,EC50 为标准化浓度型效力指标,5,,0,CHEMBL4425170,2016,LITERATURE,Activation of human recombinant glucokinase using 5 mM glucose monitored over 5 mins in presence of NAD+ by glucose 6-phosphate dehydrogenase coupled assay
CHEMBL4468814,,CHEMBL4427551,19410949,S0.5,=,0.99,mM,,kinetic,,,,S0.5 属酶动力学参数（机制读数），不计入效力/效能,,,0,CHEMBL4425170,2016,LITERATURE,Activation of human recombinant glucokinase assessed as substrate affinity monitored over 5 mins in presence of varying concentration of glucose and NAD+ by glucose 6-phosphate dehydrogenase coupled assay
CHEMBL4468814,,CHEMBL4427552,19411000,Ratio,=,0.53,,,unclassified,,,,Ratio 为自由文本指标（无官方标准化规则），assay 描述未命中提升门槛，不跨实验汇总,,,0,CHEMBL4425170,2016,LITERATURE,Activation of human recombinant glucokinase assessed as substrate Vmax ratio monitored over 5 mins in presence of varying concentration of glucose and NAD+ by glucose 6-phosphate dehydrogenase coupled assay
CHEMBL4469251,,CHEMBL4427348,19410145,EC50,=,72,nM,7.14,potency,concentration,72.0,7.14,EC50 为标准化浓度型效力指标,5,,0,CHEMBL4425164,2016,LITERATURE,Activation of human recombinant glucokinase using 5 mM glucose as substrate in presence of NAD+ by glucose 6-phosphate dehydrogenase coupled assay
CHEMBL4469251,,CHEMBL4427349,19410159,EC50,=,110,nM,6.96,potency,concentration,110.0,6.96,EC50 为标准化浓度型效力指标,5,,0,CHEMBL4425164,2016,LITERATURE,Activation of human recombinant glucokinase using 5 mM glucose as substrate in presence of NAD+ and 4% HSA by glucose 6-phosphate dehydrogenase coupled assay
CHEMBL4469251,,CHEMBL4427350,19410184,S0.5,=,0.55,mM,,kinetic,,,,S0.5 属酶动力学参数（机制读数），不计入效力/效能,5,,0,CHEMBL4425164,2016,LITERATURE,Activation of human recombinant glucokinase assessed as enzyme affinity for glucose using 5 mM glucose as substrate in presence of NAD+ by by glucose 6-phosphate dehydrogenase coupled assay
CHEMBL4469251,,CHEMBL4427351,19410209,Ratio,=,0.92,,,efficacy,fold,,,自由文本指标 Ratio 受限提升为效能(fold)，描述命中：「relative to control」,,,0,CHEMBL4425164,2016,LITERATURE,Activation of human recombinant glucokinase assessed as Vmax ratio using 0.16 to 80 mM of glucose as substrate in presence of NAD+ by glucose 6-phosphate dehydrogenase coupled assay relative to control
CHEMBL446928,,CHEMBL959301,2287590,EC50,=,11000,nM,4.96,potency,concentration,11000.0,4.96,EC50 为标准化浓度型效力指标,2.5,,0,CHEMBL1152887,2009,LITERATURE,Activation of human glucokinase by glucose-6-phosphate dehydrogenase coupled continuous spectrophotometric assay in presence of 2.5 mM glucose
CHEMBL446928,,CHEMBL959302,2287591,EC50,=,2600,nM,5.58,potency,concentration,2600.0,5.58,EC50 为标准化浓度型效力指标,10,,0,CHEMBL1152887,2009,LITERATURE,Activation of human glucokinase by glucose-6-phosphate dehydrogenase coupled continuous spectrophotometric assay in presence of 10 mM glucose
CHEMBL446928,,CHEMBL959303,2288716,FC,=,8,,,efficacy,fold,,,FC（fold change）为激活倍数,2.5,,0,CHEMBL1152887,2009,LITERATURE,Activation of human glucokinase assessed as maximal response by glucose-6-phosphate dehydrogenase coupled continuous spectrophotometric assay in presence of 2.5 mM glucose relative to control
CHEMBL446928,,CHEMBL959304,2287664,FC,=,1.6,,,efficacy,fold,,,FC（fold change）为激活倍数,10,,0,CHEMBL1152887,2009,LITERATURE,Activation of human glucokinase assessed as maximal response by glucose-6-phosphate dehydrogenase coupled continuous spectrophotometric assay in presence of 10 mM glucose relative to control
CHEMBL4469348,,CHEMBL4427348,19410133,EC50,=,400,nM,6.4,potency,concentration,400.0,6.4,EC50 为标准化浓度型效力指标,5,,0,CHEMBL4425164,2016,LITERATURE,Activation of human recombinant glucokinase using 5 mM glucose as substrate in presence of NAD+ by glucose 6-phosphate dehydrogenase coupled assay
CHEMBL4469348,,CHEMBL4427349,19410171,EC50,=,130,nM,6.89,potency,concentration,130.0,6.89,EC50 为标准化浓度型效力指标,5,,0,CHEMBL4425164,2016,LITERATURE,Activation of human recombinant glucokinase using 5 mM glucose as substrate in presence of NAD+ and 4% HSA by glucose 6-phosphate dehydrogenase coupled assay
CHEMBL4469348,,CHEMBL4427350,19410196,S0.5,=,0.69,mM,,kinetic,,,,S0.5 属酶动力学参数（机制读数），不计入效力/效能,5,,0,CHEMBL4425164,2016,LITERATURE,Activation of human recombinant glucokinase assessed as enzyme affinity for glucose using 5 mM glucose as substrate in presence of NAD+ by by glucose 6-phosphate dehydrogenase coupled assay
CHEMBL4469348,,CHEMBL4427351,19410221,Ratio,=,0.99,,,efficacy,fold,,,自由文本指标 Ratio 受限提升为效能(fold)，描述命中：「relative to control」,,,0,CHEMBL4425164,2016,LITERATURE,Activation of human recombinant glucokinase assessed as Vmax ratio using 0.16 to 80 mM of glucose as substrate in presence of NAD+ by glucose 6-phosphate dehydrogenase coupled assay relative to control
CHEMBL4469570,,CHEMBL4427549,19410976,EC50,=,47,nM,7.33,potency,concentration,47.0,7.33,EC50 为标准化浓度型效力指标,5,,0,CHEMBL4425170,2016,LITERATURE,Activation of human recombinant glucokinase using 5 mM glucose monitored over 5 mins in presence of NAD+ by glucose 6-phosphate dehydrogenase coupled assay
CHEMBL4469570,,CHEMBL4427550,19410954,EC50,=,75,nM,7.12,potency,concentration,75.0,7.12,EC50 为标准化浓度型效力指标,5,,0,CHEMBL4425170,2016,LITERATURE,Activation of human recombinant glucokinase using 5 mM glucose monitored over 5 mins in presence of NAD+ and glucose 6-phosphate 4% human serum albumin by glucose 6-phosphate dehydrogenase coupled assay
CHEMBL4469570,,CHEMBL4427551,19410931,S0.5,=,0.63,mM,,kinetic,,,,S0.5 属酶动力学参数（机制读数），不计入效力/效能,,,0,CHEMBL4425170,2016,LITERATURE,Activation of human recombinant glucokinase assessed as substrate affinity monitored over 5 mins in presence of varying concentration of glucose and NAD+ by glucose 6-phosphate dehydrogenase coupled assay
CHEMBL4469570,,CHEMBL4427552,19411018,Ratio,=,1.06,,,unclassified,,,,Ratio 为自由文本指标（无官方标准化规则），assay 描述未命中提升门槛，不跨实验汇总,,,0,CHEMBL4425170,2016,LITERATURE,Activation of human recombinant glucokinase assessed as substrate Vmax ratio monitored over 5 mins in presence of varying concentration of glucose and NAD+ by glucose 6-phosphate dehydrogenase coupled assay
CHEMBL4470267,,CHEMBL4427348,19410129,EC50,=,940,nM,6.03,potency,concentration,940.0,6.03,EC50 为标准化浓度型效力指标,5,,0,CHEMBL4425164,2016,LITERATURE,Activation of human recombinant glucokinase using 5 mM glucose as substrate in presence of NAD+ by glucose 6-phosphate dehydrogenase coupled assay
CHEMBL4470267,,CHEMBL4427349,19410175,EC50,=,920,nM,6.04,potency,concentration,920.0,6.04,EC50 为标准化浓度型效力指标,5,,0,CHEMBL4425164,2016,LITERATURE,Activation of human recombinant glucokinase using 5 mM glucose as substrate in presence of NAD+ and 4% HSA by glucose 6-phosphate dehydrogenase coupled assay
CHEMBL4470267,,CHEMBL4427350,19410200,S0.5,=,0.66,mM,,kinetic,,,,S0.5 属酶动力学参数（机制读数），不计入效力/效能,5,,0,CHEMBL4425164,2016,LITERATURE,Activation of human recombinant glucokinase assessed as enzyme affinity for glucose using 5 mM glucose as substrate in presence of NAD+ by by glucose 6-phosphate dehydrogenase coupled assay
CHEMBL4470267,,CHEMBL4427351,19410225,Ratio,=,0.83,,,efficacy,fold,,,自由文本指标 Ratio 受限提升为效能(fold)，描述命中：「relative to control」,,,0,CHEMBL4425164,2016,LITERATURE,Activation of human recombinant glucokinase assessed as Vmax ratio using 0.16 to 80 mM of glucose as substrate in presence of NAD+ by glucose 6-phosphate dehydrogenase coupled assay relative to control
CHEMBL4471002,,CHEMBL4427549,19410981,EC50,=,120,nM,6.92,potency,concentration,120.0,6.92,EC50 为标准化浓度型效力指标,5,,0,CHEMBL4425170,2016,LITERATURE,Activation of human recombinant glucokinase using 5 mM glucose monitored over 5 mins in presence of NAD+ by glucose 6-phosphate dehydrogenase coupled assay
CHEMBL4471002,,CHEMBL4427550,19410959,EC50,=,1380,nM,5.86,potency,concentration,1380.0,5.86,EC50 为标准化浓度型效力指标,5,,0,CHEMBL4425170,2016,LITERATURE,Activation of human recombinant glucokinase using 5 mM glucose monitored over 5 mins in presence of NAD+ and glucose 6-phosphate 4% human serum albumin by glucose 6-phosphate dehydrogenase coupled assay
CHEMBL4471002,,CHEMBL4427551,19410936,S0.5,=,0.63,mM,,kinetic,,,,S0.5 属酶动力学参数（机制读数），不计入效力/效能,,,0,CHEMBL4425170,2016,LITERATURE,Activation of human recombinant glucokinase assessed as substrate affinity monitored over 5 mins in presence of varying concentration of glucose and NAD+ by glucose 6-phosphate dehydrogenase coupled assay
CHEMBL4471002,,CHEMBL4427552,19411013,Ratio,=,0.95,,,unclassified,,,,Ratio 为自由文本指标（无官方标准化规则），assay 描述未命中提升门槛，不跨实验汇总,,,0,CHEMBL4425170,2016,LITERATURE,Activation of human recombinant glucokinase assessed as substrate Vmax ratio monitored over 5 mins in presence of varying concentration of glucose and NAD+ by glucose 6-phosphate dehydrogenase coupled assay
CHEMBL4471994,,CHEMBL4427348,19410138,EC50,=,97,nM,7.01,potency,concentration,97.0,7.01,EC50 为标准化浓度型效力指标,5,,0,CHEMBL4425164,2016,LITERATURE,Activation of human recombinant glucokinase using 5 mM glucose as substrate in presence of NAD+ by glucose 6-phosphate dehydrogenase coupled assay
CHEMBL4471994,,CHEMBL4427349,19410166,EC50,=,190,nM,6.72,potency,concentration,190.0,6.72,EC50 为标准化浓度型效力指标,5,,0,CHEMBL4425164,2016,LITERATURE,Activation of human recombinant glucokinase using 5 mM glucose as substrate in presence of NAD+ and 4% HSA by glucose 6-phosphate dehydrogenase coupled assay
CHEMBL4471994,,CHEMBL4427350,19410191,S0.5,=,0.47,mM,,kinetic,,,,S0.5 属酶动力学参数（机制读数），不计入效力/效能,5,,0,CHEMBL4425164,2016,LITERATURE,Activation of human recombinant glucokinase assessed as enzyme affinity for glucose using 5 mM glucose as substrate in presence of NAD+ by by glucose 6-phosphate dehydrogenase coupled assay
CHEMBL4471994,,CHEMBL4427351,19410216,Ratio,=,0.94,,,efficacy,fold,,,自由文本指标 Ratio 受限提升为效能(fold)，描述命中：「relative to control」,,,0,CHEMBL4425164,2016,LITERATURE,Activation of human recombinant glucokinase assessed as Vmax ratio using 0.16 to 80 mM of glucose as substrate in presence of NAD+ by glucose 6-phosphate dehydrogenase coupled assay relative to control
CHEMBL4483049,,CHEMBL4428666,19429515,Activity,=,130,%,,unclassified,,,,Activity 为自由文本指标（无官方标准化规则），assay 描述未命中提升门槛，不跨实验汇总,,,0,CHEMBL4428044,2016,LITERATURE,Activation of human pancreatic N-terminal His6-tagged glucokinase isoform 1 expressed in Escherichia coli BL21(DE3) assessed as conversion of glucose to glucose-6-phosphate by G6PDH/NADP-coupled enzyme assay
CHEMBL451084,,CHEMBL959301,2287614,EC50,=,780,nM,6.11,potency,concentration,780.0,6.11,EC50 为标准化浓度型效力指标,2.5,,0,CHEMBL1152887,2009,LITERATURE,Activation of human glucokinase by glucose-6-phosphate dehydrogenase coupled continuous spectrophotometric assay in presence of 2.5 mM glucose
CHEMBL451084,,CHEMBL959302,2287615,EC50,=,180,nM,6.75,potency,concentration,180.0,6.75,EC50 为标准化浓度型效力指标,10,,0,CHEMBL1152887,2009,LITERATURE,Activation of human glucokinase by glucose-6-phosphate dehydrogenase coupled continuous spectrophotometric assay in presence of 10 mM glucose
CHEMBL451084,,CHEMBL959303,2287716,FC,=,8,,,efficacy,fold,,,FC（fold change）为激活倍数,2.5,,0,CHEMBL1152887,2009,LITERATURE,Activation of human glucokinase assessed as maximal response by glucose-6-phosphate dehydrogenase coupled continuous spectrophotometric assay in presence of 2.5 mM glucose relative to control
CHEMBL451084,,CHEMBL959304,2287685,FC,=,1.6,,,efficacy,fold,,,FC（fold change）为激活倍数,10,,0,CHEMBL1152887,2009,LITERATURE,Activation of human glucokinase assessed as maximal response by glucose-6-phosphate dehydrogenase coupled continuous spectrophotometric assay in presence of 10 mM glucose relative to control
CHEMBL4515481,,CHEMBL4427348,19410136,EC50,=,110,nM,6.96,potency,concentration,110.0,6.96,EC50 为标准化浓度型效力指标,5,,0,CHEMBL4425164,2016,LITERATURE,Activation of human recombinant glucokinase using 5 mM glucose as substrate in presence of NAD+ by glucose 6-phosphate dehydrogenase coupled assay
CHEMBL4515481,,CHEMBL4427349,19410168,EC50,=,190,nM,6.72,potency,concentration,190.0,6.72,EC50 为标准化浓度型效力指标,5,,0,CHEMBL4425164,2016,LITERATURE,Activation of human recombinant glucokinase using 5 mM glucose as substrate in presence of NAD+ and 4% HSA by glucose 6-phosphate dehydrogenase coupled assay
CHEMBL4515481,,CHEMBL4427350,19410193,S0.5,=,0.53,mM,,kinetic,,,,S0.5 属酶动力学参数（机制读数），不计入效力/效能,5,,0,CHEMBL4425164,2016,LITERATURE,Activation of human recombinant glucokinase assessed as enzyme affinity for glucose using 5 mM glucose as substrate in presence of NAD+ by by glucose 6-phosphate dehydrogenase coupled assay
CHEMBL4515481,,CHEMBL4427351,19410218,Ratio,=,1.1,,,efficacy,fold,,,自由文本指标 Ratio 受限提升为效能(fold)，描述命中：「relative to control」,,,0,CHEMBL4425164,2016,LITERATURE,Activation of human recombinant glucokinase assessed as Vmax ratio using 0.16 to 80 mM of glucose as substrate in presence of NAD+ by glucose 6-phosphate dehydrogenase coupled assay relative to control
CHEMBL4516141,,CHEMBL4427348,19410150,EC50,=,66,nM,7.18,potency,concentration,66.0,7.18,EC50 为标准化浓度型效力指标,5,,0,CHEMBL4425164,2016,LITERATURE,Activation of human recombinant glucokinase using 5 mM glucose as substrate in presence of NAD+ by glucose 6-phosphate dehydrogenase coupled assay
CHEMBL4516141,,CHEMBL4427349,19410154,EC50,=,100,nM,7,potency,concentration,100.0,7.0,EC50 为标准化浓度型效力指标,5,,0,CHEMBL4425164,2016,LITERATURE,Activation of human recombinant glucokinase using 5 mM glucose as substrate in presence of NAD+ and 4% HSA by glucose 6-phosphate dehydrogenase coupled assay
CHEMBL4516141,,CHEMBL4427350,19410179,S0.5,=,0.55,mM,,kinetic,,,,S0.5 属酶动力学参数（机制读数），不计入效力/效能,5,,0,CHEMBL4425164,2016,LITERATURE,Activation of human recombinant glucokinase assessed as enzyme affinity for glucose using 5 mM glucose as substrate in presence of NAD+ by by glucose 6-phosphate dehydrogenase coupled assay
CHEMBL4516141,,CHEMBL4427351,19410204,Ratio,=,0.96,,,efficacy,fold,,,自由文本指标 Ratio 受限提升为效能(fold)，描述命中：「relative to control」,,,0,CHEMBL4425164,2016,LITERATURE,Activation of human recombinant glucokinase assessed as Vmax ratio using 0.16 to 80 mM of glucose as substrate in presence of NAD+ by glucose 6-phosphate dehydrogenase coupled assay relative to control
CHEMBL4516141,,CHEMBL4427376,19410280,Ratio EC50,=,1,,,unclassified,,,,Ratio EC50 为自由文本指标（无官方标准化规则），assay 描述未命中提升门槛，不跨实验汇总,,,0,CHEMBL4425164,2016,LITERATURE,Ratio of EC50 for activation of human recombinant glucokinase in presence of 4% HSA to EC50 for activation of human recombinant glucokinase in absence of 4% HSA
CHEMBL4518905,,CHEMBL4427549,19410987,EC50,=,36,nM,7.44,potency,concentration,36.0,7.44,EC50 为标准化浓度型效力指标,5,,0,CHEMBL4425170,2016,LITERATURE,Activation of human recombinant glucokinase using 5 mM glucose monitored over 5 mins in presence of NAD+ by glucose 6-phosphate dehydrogenase coupled assay
CHEMBL4518905,,CHEMBL4427550,19410964,EC50,=,620,nM,6.21,potency,concentration,620.0,6.21,EC50 为标准化浓度型效力指标,5,,0,CHEMBL4425170,2016,LITERATURE,Activation of human recombinant glucokinase using 5 mM glucose monitored over 5 mins in presence of NAD+ and glucose 6-phosphate 4% human serum albumin by glucose 6-phosphate dehydrogenase coupled assay
CHEMBL4518905,,CHEMBL4427551,19410941,S0.5,=,0.79,mM,,kinetic,,,,S0.5 属酶动力学参数（机制读数），不计入效力/效能,,,0,CHEMBL4425170,2016,LITERATURE,Activation of human recombinant glucokinase assessed as substrate affinity monitored over 5 mins in presence of varying concentration of glucose and NAD+ by glucose 6-phosphate dehydrogenase coupled assay
CHEMBL4518905,,CHEMBL4427552,19411008,Ratio,=,0.91,,,unclassified,,,,Ratio 为自由文本指标（无官方标准化规则），assay 描述未命中提升门槛，不跨实验汇总,,,0,CHEMBL4425170,2016,LITERATURE,Activation of human recombinant glucokinase assessed as substrate Vmax ratio monitored over 5 mins in presence of varying concentration of glucose and NAD+ by glucose 6-phosphate dehydrogenase coupled assay
CHEMBL4522622,,CHEMBL4427348,19410147,EC50,=,98,nM,7.01,potency,concentration,98.0,7.01,EC50 为标准化浓度型效力指标,5,,0,CHEMBL4425164,2016,LITERATURE,Activation of human recombinant glucokinase using 5 mM glucose as substrate in presence of NAD+ by glucose 6-phosphate dehydrogenase coupled assay
CHEMBL4522622,,CHEMBL4427349,19410157,EC50,=,110,nM,6.96,potency,concentration,110.0,6.96,EC50 为标准化浓度型效力指标,5,,0,CHEMBL4425164,2016,LITERATURE,Activation of human recombinant glucokinase using 5 mM glucose as substrate in presence of NAD+ and 4% HSA by glucose 6-phosphate dehydrogenase coupled assay
CHEMBL4522622,,CHEMBL4427350,19410182,S0.5,=,0.59,mM,,kinetic,,,,S0.5 属酶动力学参数（机制读数），不计入效力/效能,5,,0,CHEMBL4425164,2016,LITERATURE,Activation of human recombinant glucokinase assessed as enzyme affinity for glucose using 5 mM glucose as substrate in presence of NAD+ by by glucose 6-phosphate dehydrogenase coupled assay
CHEMBL4522622,,CHEMBL4427351,19410207,Ratio,=,0.84,,,efficacy,fold,,,自由文本指标 Ratio 受限提升为效能(fold)，描述命中：「relative to control」,,,0,CHEMBL4425164,2016,LITERATURE,Activation of human recombinant glucokinase assessed as Vmax ratio using 0.16 to 80 mM of glucose as substrate in presence of NAD+ by glucose 6-phosphate dehydrogenase coupled assay relative to control
CHEMBL4522622,,CHEMBL4427376,19410283,Ratio EC50,=,1,,,unclassified,,,,Ratio EC50 为自由文本指标（无官方标准化规则），assay 描述未命中提升门槛，不跨实验汇总,,,0,CHEMBL4425164,2016,LITERATURE,Ratio of EC50 for activation of human recombinant glucokinase in presence of 4% HSA to EC50 for activation of human recombinant glucokinase in absence of 4% HSA
CHEMBL4527697,,CHEMBL4427348,19410130,EC50,=,2300,nM,5.64,potency,concentration,2300.0,5.64,EC50 为标准化浓度型效力指标,5,,0,CHEMBL4425164,2016,LITERATURE,Activation of human recombinant glucokinase using 5 mM glucose as substrate in presence of NAD+ by glucose 6-phosphate dehydrogenase coupled assay
CHEMBL4527697,,CHEMBL4427349,19410174,EC50,=,2900,nM,5.54,potency,concentration,2900.0,5.54,EC50 为标准化浓度型效力指标,5,,0,CHEMBL4425164,2016,LITERATURE,Activation of human recombinant glucokinase using 5 mM glucose as substrate in presence of NAD+ and 4% HSA by glucose 6-phosphate dehydrogenase coupled assay
CHEMBL4527697,,CHEMBL4427350,19410199,S0.5,=,0.73,mM,,kinetic,,,,S0.5 属酶动力学参数（机制读数），不计入效力/效能,5,,0,CHEMBL4425164,2016,LITERATURE,Activation of human recombinant glucokinase assessed as enzyme affinity for glucose using 5 mM glucose as substrate in presence of NAD+ by by glucose 6-phosphate dehydrogenase coupled assay
CHEMBL4527697,,CHEMBL4427351,19410224,Ratio,=,0.78,,,efficacy,fold,,,自由文本指标 Ratio 受限提升为效能(fold)，描述命中：「relative to control」,,,0,CHEMBL4425164,2016,LITERATURE,Activation of human recombinant glucokinase assessed as Vmax ratio using 0.16 to 80 mM of glucose as substrate in presence of NAD+ by glucose 6-phosphate dehydrogenase coupled assay relative to control
CHEMBL4528120,,CHEMBL4427549,19410985,EC50,=,88,nM,7.06,potency,concentration,88.0,7.06,EC50 为标准化浓度型效力指标,5,,0,CHEMBL4425170,2016,LITERATURE,Activation of human recombinant glucokinase using 5 mM glucose monitored over 5 mins in presence of NAD+ by glucose 6-phosphate dehydrogenase coupled assay
CHEMBL4528120,,CHEMBL4427550,19410962,EC50,=,650,nM,6.19,potency,concentration,650.0,6.19,EC50 为标准化浓度型效力指标,5,,0,CHEMBL4425170,2016,LITERATURE,Activation of human recombinant glucokinase using 5 mM glucose monitored over 5 mins in presence of NAD+ and glucose 6-phosphate 4% human serum albumin by glucose 6-phosphate dehydrogenase coupled assay
CHEMBL4528120,,CHEMBL4427551,19410939,S0.5,=,0.68,mM,,kinetic,,,,S0.5 属酶动力学参数（机制读数），不计入效力/效能,,,0,CHEMBL4425170,2016,LITERATURE,Activation of human recombinant glucokinase assessed as substrate affinity monitored over 5 mins in presence of varying concentration of glucose and NAD+ by glucose 6-phosphate dehydrogenase coupled assay
CHEMBL4528120,,CHEMBL4427552,19411010,Ratio,=,0.93,,,unclassified,,,,Ratio 为自由文本指标（无官方标准化规则），assay 描述未命中提升门槛，不跨实验汇总,,,0,CHEMBL4425170,2016,LITERATURE,Activation of human recombinant glucokinase assessed as substrate Vmax ratio monitored over 5 mins in presence of varying concentration of glucose and NAD+ by glucose 6-phosphate dehydrogenase coupled assay
CHEMBL4528120,,CHEMBL4427586,19411076,Ratio EC50,=,7,,,unclassified,,,,Ratio EC50 为自由文本指标（无官方标准化规则），assay 描述未命中提升门槛，不跨实验汇总,,,0,CHEMBL4425170,2016,LITERATURE,Ratio of EC50 for activation of human recombinant glucokinase in presence of 4% human serum albumin to EC50 for activation of human recombinant glucokinase in absence of 4% human serum
CHEMBL4528539,,CHEMBL4427549,19410986,EC50,=,14,nM,7.85,potency,concentration,14.0,7.85,EC50 为标准化浓度型效力指标,5,,0,CHEMBL4425170,2016,LITERATURE,Activation of human recombinant glucokinase using 5 mM glucose monitored over 5 mins in presence of NAD+ by glucose 6-phosphate dehydrogenase coupled assay
CHEMBL4528539,,CHEMBL4427550,19410963,EC50,=,1050,nM,5.98,potency,concentration,1050.0,5.98,EC50 为标准化浓度型效力指标,5,,0,CHEMBL4425170,2016,LITERATURE,Activation of human recombinant glucokinase using 5 mM glucose monitored over 5 mins in presence of NAD+ and glucose 6-phosphate 4% human serum albumin by glucose 6-phosphate dehydrogenase coupled assay
CHEMBL4528539,,CHEMBL4427551,19410940,S0.5,=,0.77,mM,,kinetic,,,,S0.5 属酶动力学参数（机制读数），不计入效力/效能,,,0,CHEMBL4425170,2016,LITERATURE,Activation of human recombinant glucokinase assessed as substrate affinity monitored over 5 mins in presence of varying concentration of glucose and NAD+ by glucose 6-phosphate dehydrogenase coupled assay
CHEMBL4528539,,CHEMBL4427552,19411009,Ratio,=,0.85,,,unclassified,,,,Ratio 为自由文本指标（无官方标准化规则），assay 描述未命中提升门槛，不跨实验汇总,,,0,CHEMBL4425170,2016,LITERATURE,Activation of human recombinant glucokinase assessed as substrate Vmax ratio monitored over 5 mins in presence of varying concentration of glucose and NAD+ by glucose 6-phosphate dehydrogenase coupled assay
CHEMBL4528726,,CHEMBL4349277,19030354,FC,=,1.7,,,efficacy,fold,,,FC（fold change）为激活倍数,,,0,CHEMBL4346714,2019,LITERATURE,Activation of recombinant human glucokinase assessed as conversion of D-glucose to D-glucose-6-phosphate dehydrate at 10 uM by G6PDH/NADP coupled assay relative to control
CHEMBL4529100,,CHEMBL4427348,19410141,EC50,=,6700,nM,5.17,potency,concentration,6700.0,5.17,EC50 为标准化浓度型效力指标,5,,0,CHEMBL4425164,2016,LITERATURE,Activation of human recombinant glucokinase using 5 mM glucose as substrate in presence of NAD+ by glucose 6-phosphate dehydrogenase coupled assay
CHEMBL4529100,,CHEMBL4427349,19410163,EC50,=,7500,nM,5.12,potency,concentration,7500.0,5.12,EC50 为标准化浓度型效力指标,5,,0,CHEMBL4425164,2016,LITERATURE,Activation of human recombinant glucokinase using 5 mM glucose as substrate in presence of NAD+ and 4% HSA by glucose 6-phosphate dehydrogenase coupled assay
CHEMBL4529100,,CHEMBL4427350,19410188,S0.5,=,0.67,mM,,kinetic,,,,S0.5 属酶动力学参数（机制读数），不计入效力/效能,5,,0,CHEMBL4425164,2016,LITERATURE,Activation of human recombinant glucokinase assessed as enzyme affinity for glucose using 5 mM glucose as substrate in presence of NAD+ by by glucose 6-phosphate dehydrogenase coupled assay
CHEMBL4529100,,CHEMBL4427351,19410213,Ratio,=,0.88,,,efficacy,fold,,,自由文本指标 Ratio 受限提升为效能(fold)，描述命中：「relative to control」,,,0,CHEMBL4425164,2016,LITERATURE,Activation of human recombinant glucokinase assessed as Vmax ratio using 0.16 to 80 mM of glucose as substrate in presence of NAD+ by glucose 6-phosphate dehydrogenase coupled assay relative to control
CHEMBL4529355,,CHEMBL4427348,19410149,EC50,=,37,nM,7.43,potency,concentration,37.0,7.43,EC50 为标准化浓度型效力指标,5,,0,CHEMBL4425164,2016,LITERATURE,Activation of human recombinant glucokinase using 5 mM glucose as substrate in presence of NAD+ by glucose 6-phosphate dehydrogenase coupled assay
CHEMBL4529355,,CHEMBL4427349,19410155,EC50,=,56,nM,7.25,potency,concentration,56.0,7.25,EC50 为标准化浓度型效力指标,5,,0,CHEMBL4425164,2016,LITERATURE,Activation of human recombinant glucokinase using 5 mM glucose as substrate in presence of NAD+ and 4% HSA by glucose 6-phosphate dehydrogenase coupled assay
CHEMBL4529355,,CHEMBL4427350,19410180,S0.5,=,0.54,mM,,kinetic,,,,S0.5 属酶动力学参数（机制读数），不计入效力/效能,5,,0,CHEMBL4425164,2016,LITERATURE,Activation of human recombinant glucokinase assessed as enzyme affinity for glucose using 5 mM glucose as substrate in presence of NAD+ by by glucose 6-phosphate dehydrogenase coupled assay
CHEMBL4529355,,CHEMBL4427351,19410205,Ratio,=,0.87,,,efficacy,fold,,,自由文本指标 Ratio 受限提升为效能(fold)，描述命中：「relative to control」,,,0,CHEMBL4425164,2016,LITERATURE,Activation of human recombinant glucokinase assessed as Vmax ratio using 0.16 to 80 mM of glucose as substrate in presence of NAD+ by glucose 6-phosphate dehydrogenase coupled assay relative to control
CHEMBL4529355,,CHEMBL4427376,19410281,Ratio EC50,=,1,,,unclassified,,,,Ratio EC50 为自由文本指标（无官方标准化规则），assay 描述未命中提升门槛，不跨实验汇总,,,0,CHEMBL4425164,2016,LITERATURE,Ratio of EC50 for activation of human recombinant glucokinase in presence of 4% HSA to EC50 for activation of human recombinant glucokinase in absence of 4% HSA
CHEMBL4529989,,CHEMBL4427348,19410144,EC50,=,40,nM,7.4,potency,concentration,40.0,7.4,EC50 为标准化浓度型效力指标,5,,0,CHEMBL4425164,2016,LITERATURE,Activation of human recombinant glucokinase using 5 mM glucose as substrate in presence of NAD+ by glucose 6-phosphate dehydrogenase coupled assay
CHEMBL4529989,,CHEMBL4427349,19410160,EC50,=,70,nM,7.16,potency,concentration,70.0,7.16,EC50 为标准化浓度型效力指标,5,,0,CHEMBL4425164,2016,LITERATURE,Activation of human recombinant glucokinase using 5 mM glucose as substrate in presence of NAD+ and 4% HSA by glucose 6-phosphate dehydrogenase coupled assay
CHEMBL4529989,,CHEMBL4427350,19410185,S0.5,=,0.57,mM,,kinetic,,,,S0.5 属酶动力学参数（机制读数），不计入效力/效能,5,,0,CHEMBL4425164,2016,LITERATURE,Activation of human recombinant glucokinase assessed as enzyme affinity for glucose using 5 mM glucose as substrate in presence of NAD+ by by glucose 6-phosphate dehydrogenase coupled assay
CHEMBL4529989,,CHEMBL4427351,19410210,Ratio,=,0.82,,,efficacy,fold,,,自由文本指标 Ratio 受限提升为效能(fold)，描述命中：「relative to control」,,,0,CHEMBL4425164,2016,LITERATURE,Activation of human recombinant glucokinase assessed as Vmax ratio using 0.16 to 80 mM of glucose as substrate in presence of NAD+ by glucose 6-phosphate dehydrogenase coupled assay relative to control
CHEMBL4531223,,CHEMBL4427549,19410974,EC50,=,45,nM,7.35,potency,concentration,45.0,7.35,EC50 为标准化浓度型效力指标,5,,0,CHEMBL4425170,2016,LITERATURE,Activation of human recombinant glucokinase using 5 mM glucose monitored over 5 mins in presence of NAD+ by glucose 6-phosphate dehydrogenase coupled assay
CHEMBL4531223,,CHEMBL4427551,19410929,S0.5,=,0.47,mM,,kinetic,,,,S0.5 属酶动力学参数（机制读数），不计入效力/效能,,,0,CHEMBL4425170,2016,LITERATURE,Activation of human recombinant glucokinase assessed as substrate affinity monitored over 5 mins in presence of varying concentration of glucose and NAD+ by glucose 6-phosphate dehydrogenase coupled assay
CHEMBL4531223,,CHEMBL4427552,19411020,Ratio,=,0.99,,,unclassified,,,,Ratio 为自由文本指标（无官方标准化规则），assay 描述未命中提升门槛，不跨实验汇总,,,0,CHEMBL4425170,2016,LITERATURE,Activation of human recombinant glucokinase assessed as substrate Vmax ratio monitored over 5 mins in presence of varying concentration of glucose and NAD+ by glucose 6-phosphate dehydrogenase coupled assay
CHEMBL4533000,,CHEMBL4427348,19410131,EC50,=,720,nM,6.14,potency,concentration,720.0,6.14,EC50 为标准化浓度型效力指标,5,,0,CHEMBL4425164,2016,LITERATURE,Activation of human recombinant glucokinase using 5 mM glucose as substrate in presence of NAD+ by glucose 6-phosphate dehydrogenase coupled assay
CHEMBL4533000,,CHEMBL4427349,19410173,EC50,=,110,nM,6.96,potency,concentration,110.0,6.96,EC50 为标准化浓度型效力指标,5,,0,CHEMBL4425164,2016,LITERATURE,Activation of human recombinant glucokinase using 5 mM glucose as substrate in presence of NAD+ and 4% HSA by glucose 6-phosphate dehydrogenase coupled assay
CHEMBL4533000,,CHEMBL4427350,19410198,S0.5,=,0.62,mM,,kinetic,,,,S0.5 属酶动力学参数（机制读数），不计入效力/效能,5,,0,CHEMBL4425164,2016,LITERATURE,Activation of human recombinant glucokinase assessed as enzyme affinity for glucose using 5 mM glucose as substrate in presence of NAD+ by by glucose 6-phosphate dehydrogenase coupled assay
CHEMBL4533000,,CHEMBL4427351,19410223,Ratio,=,0.94,,,efficacy,fold,,,自由文本指标 Ratio 受限提升为效能(fold)，描述命中：「relative to control」,,,0,CHEMBL4425164,2016,LITERATURE,Activation of human recombinant glucokinase assessed as Vmax ratio using 0.16 to 80 mM of glucose as substrate in presence of NAD+ by glucose 6-phosphate dehydrogenase coupled assay relative to control
CHEMBL4534484,,CHEMBL4428666,19429517,Activity,=,60,%,,unclassified,,,,Activity 为自由文本指标（无官方标准化规则），assay 描述未命中提升门槛，不跨实验汇总,,,0,CHEMBL4428044,2016,LITERATURE,Activation of human pancreatic N-terminal His6-tagged glucokinase isoform 1 expressed in Escherichia coli BL21(DE3) assessed as conversion of glucose to glucose-6-phosphate by G6PDH/NADP-coupled enzyme assay
CHEMBL453735,,CHEMBL959301,2287638,EC50,>,10000,nM,,potency,concentration,10000.0,,EC50 为标准化浓度型效力指标,2.5,,0,CHEMBL1152887,2009,LITERATURE,Activation of human glucokinase by glucose-6-phosphate dehydrogenase coupled continuous spectrophotometric assay in presence of 2.5 mM glucose
CHEMBL453735,,CHEMBL959302,2287639,EC50,>,10000,nM,,potency,concentration,10000.0,,EC50 为标准化浓度型效力指标,10,,0,CHEMBL1152887,2009,LITERATURE,Activation of human glucokinase by glucose-6-phosphate dehydrogenase coupled continuous spectrophotometric assay in presence of 10 mM glucose
CHEMBL453735,,CHEMBL959303,2287705,FC,=,8,,,efficacy,fold,,,FC（fold change）为激活倍数,2.5,,0,CHEMBL1152887,2009,LITERATURE,Activation of human glucokinase assessed as maximal response by glucose-6-phosphate dehydrogenase coupled continuous spectrophotometric assay in presence of 2.5 mM glucose relative to control
CHEMBL453735,,CHEMBL959304,2287673,FC,=,1.6,,,efficacy,fold,,,FC（fold change）为激活倍数,10,,0,CHEMBL1152887,2009,LITERATURE,Activation of human glucokinase assessed as maximal response by glucose-6-phosphate dehydrogenase coupled continuous spectrophotometric assay in presence of 10 mM glucose relative to control
CHEMBL4538137,,CHEMBL4427549,19410996,EC50,=,300,nM,6.52,potency,concentration,300.0,6.52,EC50 为标准化浓度型效力指标,5,,0,CHEMBL4425170,2016,LITERATURE,Activation of human recombinant glucokinase using 5 mM glucose monitored over 5 mins in presence of NAD+ by glucose 6-phosphate dehydrogenase coupled assay
CHEMBL4538137,,CHEMBL4427552,19410999,Ratio,=,0.62,,,unclassified,,,,Ratio 为自由文本指标（无官方标准化规则），assay 描述未命中提升门槛，不跨实验汇总,,,0,CHEMBL4425170,2016,LITERATURE,Activation of human recombinant glucokinase assessed as substrate Vmax ratio monitored over 5 mins in presence of varying concentration of glucose and NAD+ by glucose 6-phosphate dehydrogenase coupled assay
CHEMBL4544957,,CHEMBL4427348,19410146,EC50,=,110,nM,6.96,potency,concentration,110.0,6.96,EC50 为标准化浓度型效力指标,5,,0,CHEMBL4425164,2016,LITERATURE,Activation of human recombinant glucokinase using 5 mM glucose as substrate in presence of NAD+ by glucose 6-phosphate dehydrogenase coupled assay
CHEMBL4544957,,CHEMBL4427349,19410158,EC50,=,140,nM,6.85,potency,concentration,140.0,6.85,EC50 为标准化浓度型效力指标,5,,0,CHEMBL4425164,2016,LITERATURE,Activation of human recombinant glucokinase using 5 mM glucose as substrate in presence of NAD+ and 4% HSA by glucose 6-phosphate dehydrogenase coupled assay
CHEMBL4544957,,CHEMBL4427350,19410183,S0.5,=,0.66,mM,,kinetic,,,,S0.5 属酶动力学参数（机制读数），不计入效力/效能,5,,0,CHEMBL4425164,2016,LITERATURE,Activation of human recombinant glucokinase assessed as enzyme affinity for glucose using 5 mM glucose as substrate in presence of NAD+ by by glucose 6-phosphate dehydrogenase coupled assay
CHEMBL4544957,,CHEMBL4427351,19410208,Ratio,=,0.97,,,efficacy,fold,,,自由文本指标 Ratio 受限提升为效能(fold)，描述命中：「relative to control」,,,0,CHEMBL4425164,2016,LITERATURE,Activation of human recombinant glucokinase assessed as Vmax ratio using 0.16 to 80 mM of glucose as substrate in presence of NAD+ by glucose 6-phosphate dehydrogenase coupled assay relative to control
CHEMBL4549950,,CHEMBL4427348,19410140,EC50,=,130,nM,6.89,potency,concentration,130.0,6.89,EC50 为标准化浓度型效力指标,5,,0,CHEMBL4425164,2016,LITERATURE,Activation of human recombinant glucokinase using 5 mM glucose as substrate in presence of NAD+ by glucose 6-phosphate dehydrogenase coupled assay
CHEMBL4549950,,CHEMBL4427349,19410164,EC50,=,170,nM,6.77,potency,concentration,170.0,6.77,EC50 为标准化浓度型效力指标,5,,0,CHEMBL4425164,2016,LITERATURE,Activation of human recombinant glucokinase using 5 mM glucose as substrate in presence of NAD+ and 4% HSA by glucose 6-phosphate dehydrogenase coupled assay
CHEMBL4549950,,CHEMBL4427350,19410189,S0.5,=,0.58,mM,,kinetic,,,,S0.5 属酶动力学参数（机制读数），不计入效力/效能,5,,0,CHEMBL4425164,2016,LITERATURE,Activation of human recombinant glucokinase assessed as enzyme affinity for glucose using 5 mM glucose as substrate in presence of NAD+ by by glucose 6-phosphate dehydrogenase coupled assay
CHEMBL4549950,,CHEMBL4427351,19410214,Ratio,=,1,,,efficacy,fold,,,自由文本指标 Ratio 受限提升为效能(fold)，描述命中：「relative to control」,,,0,CHEMBL4425164,2016,LITERATURE,Activation of human recombinant glucokinase assessed as Vmax ratio using 0.16 to 80 mM of glucose as substrate in presence of NAD+ by glucose 6-phosphate dehydrogenase coupled assay relative to control
CHEMBL4550307,,CHEMBL4349275,19030351,FC,=,2.7,,,efficacy,fold,,,FC（fold change）为激活倍数,,,0,CHEMBL4346714,2019,LITERATURE,Activation of glucokinase (unknown origin) at 10 uM relative to control
CHEMBL4551474,,CHEMBL4427549,19410989,EC50,=,45,nM,7.35,potency,concentration,45.0,7.35,EC50 为标准化浓度型效力指标,5,,0,CHEMBL4425170,2016,LITERATURE,Activation of human recombinant glucokinase using 5 mM glucose monitored over 5 mins in presence of NAD+ by glucose 6-phosphate dehydrogenase coupled assay
CHEMBL4551474,,CHEMBL4427550,19410966,EC50,=,420,nM,6.38,potency,concentration,420.0,6.38,EC50 为标准化浓度型效力指标,5,,0,CHEMBL4425170,2016,LITERATURE,Activation of human recombinant glucokinase using 5 mM glucose monitored over 5 mins in presence of NAD+ and glucose 6-phosphate 4% human serum albumin by glucose 6-phosphate dehydrogenase coupled assay
CHEMBL4551474,,CHEMBL4427551,19410943,S0.5,=,0.62,mM,,kinetic,,,,S0.5 属酶动力学参数（机制读数），不计入效力/效能,,,0,CHEMBL4425170,2016,LITERATURE,Activation of human recombinant glucokinase assessed as substrate affinity monitored over 5 mins in presence of varying concentration of glucose and NAD+ by glucose 6-phosphate dehydrogenase coupled assay
CHEMBL4551474,,CHEMBL4427552,19411006,Ratio,=,0.88,,,unclassified,,,,Ratio 为自由文本指标（无官方标准化规则），assay 描述未命中提升门槛，不跨实验汇总,,,0,CHEMBL4425170,2016,LITERATURE,Activation of human recombinant glucokinase assessed as substrate Vmax ratio monitored over 5 mins in presence of varying concentration of glucose and NAD+ by glucose 6-phosphate dehydrogenase coupled assay
CHEMBL4553907,,CHEMBL4427348,19410132,EC50,=,160,nM,6.8,potency,concentration,160.0,6.8,EC50 为标准化浓度型效力指标,5,,0,CHEMBL4425164,2016,LITERATURE,Activation of human recombinant glucokinase using 5 mM glucose as substrate in presence of NAD+ by glucose 6-phosphate dehydrogenase coupled assay
CHEMBL4553907,,CHEMBL4427349,19410172,EC50,=,220,nM,6.66,potency,concentration,220.0,6.66,EC50 为标准化浓度型效力指标,5,,0,CHEMBL4425164,2016,LITERATURE,Activation of human recombinant glucokinase using 5 mM glucose as substrate in presence of NAD+ and 4% HSA by glucose 6-phosphate dehydrogenase coupled assay
CHEMBL4553907,,CHEMBL4427350,19410197,S0.5,=,0.65,mM,,kinetic,,,,S0.5 属酶动力学参数（机制读数），不计入效力/效能,5,,0,CHEMBL4425164,2016,LITERATURE,Activation of human recombinant glucokinase assessed as enzyme affinity for glucose using 5 mM glucose as substrate in presence of NAD+ by by glucose 6-phosphate dehydrogenase coupled assay
CHEMBL4553907,,CHEMBL4427351,19410222,Ratio,=,1.1,,,efficacy,fold,,,自由文本指标 Ratio 受限提升为效能(fold)，描述命中：「relative to control」,,,0,CHEMBL4425164,2016,LITERATURE,Activation of human recombinant glucokinase assessed as Vmax ratio using 0.16 to 80 mM of glucose as substrate in presence of NAD+ by glucose 6-phosphate dehydrogenase coupled assay relative to control
CHEMBL4554222,,CHEMBL4427348,19410137,EC50,=,72,nM,7.14,potency,concentration,72.0,7.14,EC50 为标准化浓度型效力指标,5,,0,CHEMBL4425164,2016,LITERATURE,Activation of human recombinant glucokinase using 5 mM glucose as substrate in presence of NAD+ by glucose 6-phosphate dehydrogenase coupled assay
CHEMBL4554222,,CHEMBL4427349,19410167,EC50,=,97,nM,7.01,potency,concentration,97.0,7.01,EC50 为标准化浓度型效力指标,5,,0,CHEMBL4425164,2016,LITERATURE,Activation of human recombinant glucokinase using 5 mM glucose as substrate in presence of NAD+ and 4% HSA by glucose 6-phosphate dehydrogenase coupled assay
CHEMBL4554222,,CHEMBL4427350,19410192,S0.5,=,0.51,mM,,kinetic,,,,S0.5 属酶动力学参数（机制读数），不计入效力/效能,5,,0,CHEMBL4425164,2016,LITERATURE,Activation of human recombinant glucokinase assessed as enzyme affinity for glucose using 5 mM glucose as substrate in presence of NAD+ by by glucose 6-phosphate dehydrogenase coupled assay
CHEMBL4554222,,CHEMBL4427351,19410217,Ratio,=,1,,,efficacy,fold,,,自由文本指标 Ratio 受限提升为效能(fold)，描述命中：「relative to control」,,,0,CHEMBL4425164,2016,LITERATURE,Activation of human recombinant glucokinase assessed as Vmax ratio using 0.16 to 80 mM of glucose as substrate in presence of NAD+ by glucose 6-phosphate dehydrogenase coupled assay relative to control
CHEMBL4561645,,CHEMBL4427549,19410992,EC50,=,38,nM,7.42,potency,concentration,38.0,7.42,EC50 为标准化浓度型效力指标,5,,0,CHEMBL4425170,2016,LITERATURE,Activation of human recombinant glucokinase using 5 mM glucose monitored over 5 mins in presence of NAD+ by glucose 6-phosphate dehydrogenase coupled assay
CHEMBL4561645,,CHEMBL4427550,19410969,EC50,=,1230,nM,5.91,potency,concentration,1230.0,5.91,EC50 为标准化浓度型效力指标,5,,0,CHEMBL4425170,2016,LITERATURE,Activation of human recombinant glucokinase using 5 mM glucose monitored over 5 mins in presence of NAD+ and glucose 6-phosphate 4% human serum albumin by glucose 6-phosphate dehydrogenase coupled assay
CHEMBL4561645,,CHEMBL4427551,19410946,S0.5,=,0.66,mM,,kinetic,,,,S0.5 属酶动力学参数（机制读数），不计入效力/效能,,,0,CHEMBL4425170,2016,LITERATURE,Activation of human recombinant glucokinase assessed as substrate affinity monitored over 5 mins in presence of varying concentration of glucose and NAD+ by glucose 6-phosphate dehydrogenase coupled assay
CHEMBL4561645,,CHEMBL4427552,19411003,Ratio,=,0.99,,,unclassified,,,,Ratio 为自由文本指标（无官方标准化规则），assay 描述未命中提升门槛，不跨实验汇总,,,0,CHEMBL4425170,2016,LITERATURE,Activation of human recombinant glucokinase assessed as substrate Vmax ratio monitored over 5 mins in presence of varying concentration of glucose and NAD+ by glucose 6-phosphate dehydrogenase coupled assay
CHEMBL4566968,,CHEMBL4427549,19410979,EC50,=,290,nM,6.54,potency,concentration,290.0,6.54,EC50 为标准化浓度型效力指标,5,,0,CHEMBL4425170,2016,LITERATURE,Activation of human recombinant glucokinase using 5 mM glucose monitored over 5 mins in presence of NAD+ by glucose 6-phosphate dehydrogenase coupled assay
CHEMBL4566968,,CHEMBL4427550,19410957,EC50,=,640,nM,6.19,potency,concentration,640.0,6.19,EC50 为标准化浓度型效力指标,5,,0,CHEMBL4425170,2016,LITERATURE,Activation of human recombinant glucokinase using 5 mM glucose monitored over 5 mins in presence of NAD+ and glucose 6-phosphate 4% human serum albumin by glucose 6-phosphate dehydrogenase coupled assay
CHEMBL4566968,,CHEMBL4427551,19410934,S0.5,=,0.61,mM,,kinetic,,,,S0.5 属酶动力学参数（机制读数），不计入效力/效能,,,0,CHEMBL4425170,2016,LITERATURE,Activation of human recombinant glucokinase assessed as substrate affinity monitored over 5 mins in presence of varying concentration of glucose and NAD+ by glucose 6-phosphate dehydrogenase coupled assay
CHEMBL4566968,,CHEMBL4427552,19411015,Ratio,=,1,,,unclassified,,,,Ratio 为自由文本指标（无官方标准化规则），assay 描述未命中提升门槛，不跨实验汇总,,,0,CHEMBL4425170,2016,LITERATURE,Activation of human recombinant glucokinase assessed as substrate Vmax ratio monitored over 5 mins in presence of varying concentration of glucose and NAD+ by glucose 6-phosphate dehydrogenase coupled assay
CHEMBL4572115,,CHEMBL4427549,19410975,EC50,=,660,nM,6.18,potency,concentration,660.0,6.18,EC50 为标准化浓度型效力指标,5,,0,CHEMBL4425170,2016,LITERATURE,Activation of human recombinant glucokinase using 5 mM glucose monitored over 5 mins in presence of NAD+ by glucose 6-phosphate dehydrogenase coupled assay
CHEMBL4572115,,CHEMBL4427550,19410953,EC50,=,1300,nM,5.89,potency,concentration,1300.0,5.89,EC50 为标准化浓度型效力指标,5,,0,CHEMBL4425170,2016,LITERATURE,Activation of human recombinant glucokinase using 5 mM glucose monitored over 5 mins in presence of NAD+ and glucose 6-phosphate 4% human serum albumin by glucose 6-phosphate dehydrogenase coupled assay
CHEMBL4572115,,CHEMBL4427551,19410930,S0.5,=,0.82,mM,,kinetic,,,,S0.5 属酶动力学参数（机制读数），不计入效力/效能,,,0,CHEMBL4425170,2016,LITERATURE,Activation of human recombinant glucokinase assessed as substrate affinity monitored over 5 mins in presence of varying concentration of glucose and NAD+ by glucose 6-phosphate dehydrogenase coupled assay
CHEMBL4572115,,CHEMBL4427552,19411019,Ratio,=,0.7,,,unclassified,,,,Ratio 为自由文本指标（无官方标准化规则），assay 描述未命中提升门槛，不跨实验汇总,,,0,CHEMBL4425170,2016,LITERATURE,Activation of human recombinant glucokinase assessed as substrate Vmax ratio monitored over 5 mins in presence of varying concentration of glucose and NAD+ by glucose 6-phosphate dehydrogenase coupled assay
CHEMBL4573996,,CHEMBL4427549,19410977,EC50,=,40,nM,7.4,potency,concentration,40.0,7.4,EC50 为标准化浓度型效力指标,5,,0,CHEMBL4425170,2016,LITERATURE,Activation of human recombinant glucokinase using 5 mM glucose monitored over 5 mins in presence of NAD+ by glucose 6-phosphate dehydrogenase coupled assay
CHEMBL4573996,,CHEMBL4427550,19410955,EC50,=,96,nM,7.02,potency,concentration,96.0,7.02,EC50 为标准化浓度型效力指标,5,,0,CHEMBL4425170,2016,LITERATURE,Activation of human recombinant glucokinase using 5 mM glucose monitored over 5 mins in presence of NAD+ and glucose 6-phosphate 4% human serum albumin by glucose 6-phosphate dehydrogenase coupled assay
CHEMBL4573996,,CHEMBL4427551,19410932,S0.5,=,0.62,mM,,kinetic,,,,S0.5 属酶动力学参数（机制读数），不计入效力/效能,,,0,CHEMBL4425170,2016,LITERATURE,Activation of human recombinant glucokinase assessed as substrate affinity monitored over 5 mins in presence of varying concentration of glucose and NAD+ by glucose 6-phosphate dehydrogenase coupled assay
CHEMBL4573996,,CHEMBL4427552,19411017,Ratio,=,0.97,,,unclassified,,,,Ratio 为自由文本指标（无官方标准化规则），assay 描述未命中提升门槛，不跨实验汇总,,,0,CHEMBL4425170,2016,LITERATURE,Activation of human recombinant glucokinase assessed as substrate Vmax ratio monitored over 5 mins in presence of varying concentration of glucose and NAD+ by glucose 6-phosphate dehydrogenase coupled assay
CHEMBL4574160,,CHEMBL4427348,19410148,EC50,=,670,nM,6.17,potency,concentration,670.0,6.17,EC50 为标准化浓度型效力指标,5,,0,CHEMBL4425164,2016,LITERATURE,Activation of human recombinant glucokinase using 5 mM glucose as substrate in presence of NAD+ by glucose 6-phosphate dehydrogenase coupled assay
CHEMBL4574160,,CHEMBL4427349,19410156,EC50,=,820,nM,6.09,potency,concentration,820.0,6.09,EC50 为标准化浓度型效力指标,5,,0,CHEMBL4425164,2016,LITERATURE,Activation of human recombinant glucokinase using 5 mM glucose as substrate in presence of NAD+ and 4% HSA by glucose 6-phosphate dehydrogenase coupled assay
CHEMBL4574160,,CHEMBL4427350,19410181,S0.5,=,0.56,mM,,kinetic,,,,S0.5 属酶动力学参数（机制读数），不计入效力/效能,5,,0,CHEMBL4425164,2016,LITERATURE,Activation of human recombinant glucokinase assessed as enzyme affinity for glucose using 5 mM glucose as substrate in presence of NAD+ by by glucose 6-phosphate dehydrogenase coupled assay
CHEMBL4574160,,CHEMBL4427351,19410206,Ratio,=,0.95,,,efficacy,fold,,,自由文本指标 Ratio 受限提升为效能(fold)，描述命中：「relative to control」,,,0,CHEMBL4425164,2016,LITERATURE,Activation of human recombinant glucokinase assessed as Vmax ratio using 0.16 to 80 mM of glucose as substrate in presence of NAD+ by glucose 6-phosphate dehydrogenase coupled assay relative to control
CHEMBL4574160,,CHEMBL4427376,19410279,Ratio EC50,=,1,,,unclassified,,,,Ratio EC50 为自由文本指标（无官方标准化规则），assay 描述未命中提升门槛，不跨实验汇总,,,0,CHEMBL4425164,2016,LITERATURE,Ratio of EC50 for activation of human recombinant glucokinase in presence of 4% HSA to EC50 for activation of human recombinant glucokinase in absence of 4% HSA
CHEMBL4574225,,CHEMBL4427549,19410982,EC50,=,500,nM,6.3,potency,concentration,500.0,6.3,EC50 为标准化浓度型效力指标,5,,0,CHEMBL4425170,2016,LITERATURE,Activation of human recombinant glucokinase using 5 mM glucose monitored over 5 mins in presence of NAD+ by glucose 6-phosphate dehydrogenase coupled assay
CHEMBL4574225,,CHEMBL4427550,19410960,EC50,=,960,nM,6.02,potency,concentration,960.0,6.02,EC50 为标准化浓度型效力指标,5,,0,CHEMBL4425170,2016,LITERATURE,Activation of human recombinant glucokinase using 5 mM glucose monitored over 5 mins in presence of NAD+ and glucose 6-phosphate 4% human serum albumin by glucose 6-phosphate dehydrogenase coupled assay
CHEMBL4574225,,CHEMBL4427551,19410937,S0.5,=,0.68,mM,,kinetic,,,,S0.5 属酶动力学参数（机制读数），不计入效力/效能,,,0,CHEMBL4425170,2016,LITERATURE,Activation of human recombinant glucokinase assessed as substrate affinity monitored over 5 mins in presence of varying concentration of glucose and NAD+ by glucose 6-phosphate dehydrogenase coupled assay
CHEMBL4574225,,CHEMBL4427552,19411012,Ratio,=,0.93,,,unclassified,,,,Ratio 为自由文本指标（无官方标准化规则），assay 描述未命中提升门槛，不跨实验汇总,,,0,CHEMBL4425170,2016,LITERATURE,Activation of human recombinant glucokinase assessed as substrate Vmax ratio monitored over 5 mins in presence of varying concentration of glucose and NAD+ by glucose 6-phosphate dehydrogenase coupled assay
CHEMBL4574225,,CHEMBL4427586,19411077,Ratio EC50,=,2,,,unclassified,,,,Ratio EC50 为自由文本指标（无官方标准化规则），assay 描述未命中提升门槛，不跨实验汇总,,,0,CHEMBL4425170,2016,LITERATURE,Ratio of EC50 for activation of human recombinant glucokinase in presence of 4% human serum albumin to EC50 for activation of human recombinant glucokinase in absence of 4% human serum
CHEMBL4574797,,CHEMBL4427348,19410152,EC50,=,530,nM,6.28,potency,concentration,530.0,6.28,EC50 为标准化浓度型效力指标,5,,0,CHEMBL4425164,2016,LITERATURE,Activation of human recombinant glucokinase using 5 mM glucose as substrate in presence of NAD+ by glucose 6-phosphate dehydrogenase coupled assay
CHEMBL4574797,,CHEMBL4427349,19410177,EC50,=,990,nM,6,potency,concentration,990.0,6.0,EC50 为标准化浓度型效力指标,5,,0,CHEMBL4425164,2016,LITERATURE,Activation of human recombinant glucokinase using 5 mM glucose as substrate in presence of NAD+ and 4% HSA by glucose 6-phosphate dehydrogenase coupled assay
CHEMBL4574797,,CHEMBL4427350,19410202,S0.5,=,0.51,mM,,kinetic,,,,S0.5 属酶动力学参数（机制读数），不计入效力/效能,5,,0,CHEMBL4425164,2016,LITERATURE,Activation of human recombinant glucokinase assessed as enzyme affinity for glucose using 5 mM glucose as substrate in presence of NAD+ by by glucose 6-phosphate dehydrogenase coupled assay
CHEMBL4574797,,CHEMBL4427351,19410227,Ratio,=,0.89,,,efficacy,fold,,,自由文本指标 Ratio 受限提升为效能(fold)，描述命中：「relative to control」,,,0,CHEMBL4425164,2016,LITERATURE,Activation of human recombinant glucokinase assessed as Vmax ratio using 0.16 to 80 mM of glucose as substrate in presence of NAD+ by glucose 6-phosphate dehydrogenase coupled assay relative to control
CHEMBL4575077,,CHEMBL4349275,19030352,FC,=,2.9,,,efficacy,fold,,,FC（fold change）为激活倍数,,,0,CHEMBL4346714,2019,LITERATURE,Activation of glucokinase (unknown origin) at 10 uM relative to control
CHEMBL4581836,,CHEMBL4427549,19410973,EC50,=,60,nM,7.22,potency,concentration,60.0,7.22,EC50 为标准化浓度型效力指标,5,,0,CHEMBL4425170,2016,LITERATURE,Activation of human recombinant glucokinase using 5 mM glucose monitored over 5 mins in presence of NAD+ by glucose 6-phosphate dehydrogenase coupled assay
CHEMBL4581836,,CHEMBL4427551,19410928,S0.5,=,0.5,mM,,kinetic,,,,S0.5 属酶动力学参数（机制读数），不计入效力/效能,,,0,CHEMBL4425170,2016,LITERATURE,Activation of human recombinant glucokinase assessed as substrate affinity monitored over 5 mins in presence of varying concentration of glucose and NAD+ by glucose 6-phosphate dehydrogenase coupled assay
CHEMBL4581836,,CHEMBL4427552,19411021,Ratio,=,0.96,,,unclassified,,,,Ratio 为自由文本指标（无官方标准化规则），assay 描述未命中提升门槛，不跨实验汇总,,,0,CHEMBL4425170,2016,LITERATURE,Activation of human recombinant glucokinase assessed as substrate Vmax ratio monitored over 5 mins in presence of varying concentration of glucose and NAD+ by glucose 6-phosphate dehydrogenase coupled assay
CHEMBL4590983,,CHEMBL4427348,19410142,EC50,=,160,nM,6.8,potency,concentration,160.0,6.8,EC50 为标准化浓度型效力指标,5,,0,CHEMBL4425164,2016,LITERATURE,Activation of human recombinant glucokinase using 5 mM glucose as substrate in presence of NAD+ by glucose 6-phosphate dehydrogenase coupled assay
CHEMBL4590983,,CHEMBL4427349,19410162,EC50,=,300,nM,6.52,potency,concentration,300.0,6.52,EC50 为标准化浓度型效力指标,5,,0,CHEMBL4425164,2016,LITERATURE,Activation of human recombinant glucokinase using 5 mM glucose as substrate in presence of NAD+ and 4% HSA by glucose 6-phosphate dehydrogenase coupled assay
CHEMBL4590983,,CHEMBL4427350,19410187,S0.5,=,0.7,mM,,kinetic,,,,S0.5 属酶动力学参数（机制读数），不计入效力/效能,5,,0,CHEMBL4425164,2016,LITERATURE,Activation of human recombinant glucokinase assessed as enzyme affinity for glucose using 5 mM glucose as substrate in presence of NAD+ by by glucose 6-phosphate dehydrogenase coupled assay
CHEMBL4590983,,CHEMBL4427351,19410212,Ratio,=,0.71,,,efficacy,fold,,,自由文本指标 Ratio 受限提升为效能(fold)，描述命中：「relative to control」,,,0,CHEMBL4425164,2016,LITERATURE,Activation of human recombinant glucokinase assessed as Vmax ratio using 0.16 to 80 mM of glucose as substrate in presence of NAD+ by glucose 6-phosphate dehydrogenase coupled assay relative to control
CHEMBL4592014,,CHEMBL4427348,19410143,EC50,=,51,nM,7.29,potency,concentration,51.0,7.29,EC50 为标准化浓度型效力指标,5,,0,CHEMBL4425164,2016,LITERATURE,Activation of human recombinant glucokinase using 5 mM glucose as substrate in presence of NAD+ by glucose 6-phosphate dehydrogenase coupled assay
CHEMBL4592014,,CHEMBL4427349,19410161,EC50,=,120,nM,6.92,potency,concentration,120.0,6.92,EC50 为标准化浓度型效力指标,5,,0,CHEMBL4425164,2016,LITERATURE,Activation of human recombinant glucokinase using 5 mM glucose as substrate in presence of NAD+ and 4% HSA by glucose 6-phosphate dehydrogenase coupled assay
CHEMBL4592014,,CHEMBL4427350,19410186,S0.5,=,0.68,mM,,kinetic,,,,S0.5 属酶动力学参数（机制读数），不计入效力/效能,5,,0,CHEMBL4425164,2016,LITERATURE,Activation of human recombinant glucokinase assessed as enzyme affinity for glucose using 5 mM glucose as substrate in presence of NAD+ by by glucose 6-phosphate dehydrogenase coupled assay
CHEMBL4592014,,CHEMBL4427351,19410211,Ratio,=,0.54,,,efficacy,fold,,,自由文本指标 Ratio 受限提升为效能(fold)，描述命中：「relative to control」,,,0,CHEMBL4425164,2016,LITERATURE,Activation of human recombinant glucokinase assessed as Vmax ratio using 0.16 to 80 mM of glucose as substrate in presence of NAD+ by glucose 6-phosphate dehydrogenase coupled assay relative to control
CHEMBL4592224,,CHEMBL4427348,19410139,EC50,=,83,nM,7.08,potency,concentration,83.0,7.08,EC50 为标准化浓度型效力指标,5,,0,CHEMBL4425164,2016,LITERATURE,Activation of human recombinant glucokinase using 5 mM glucose as substrate in presence of NAD+ by glucose 6-phosphate dehydrogenase coupled assay
CHEMBL4592224,,CHEMBL4427349,19410165,EC50,=,130,nM,6.89,potency,concentration,130.0,6.89,EC50 为标准化浓度型效力指标,5,,0,CHEMBL4425164,2016,LITERATURE,Activation of human recombinant glucokinase using 5 mM glucose as substrate in presence of NAD+ and 4% HSA by glucose 6-phosphate dehydrogenase coupled assay
CHEMBL4592224,,CHEMBL4427350,19410190,S0.5,=,0.62,mM,,kinetic,,,,S0.5 属酶动力学参数（机制读数），不计入效力/效能,5,,0,CHEMBL4425164,2016,LITERATURE,Activation of human recombinant glucokinase assessed as enzyme affinity for glucose using 5 mM glucose as substrate in presence of NAD+ by by glucose 6-phosphate dehydrogenase coupled assay
CHEMBL4592224,,CHEMBL4427351,19410215,Ratio,=,0.87,,,efficacy,fold,,,自由文本指标 Ratio 受限提升为效能(fold)，描述命中：「relative to control」,,,0,CHEMBL4425164,2016,LITERATURE,Activation of human recombinant glucokinase assessed as Vmax ratio using 0.16 to 80 mM of glucose as substrate in presence of NAD+ by glucose 6-phosphate dehydrogenase coupled assay relative to control
CHEMBL4632835,,CHEMBL4624346,20686487,EC50,=,220,nM,6.66,potency,concentration,220.0,6.66,EC50 为标准化浓度型效力指标,,,0,CHEMBL4622891,2020,LITERATURE,Activation of human glucokinase
CHEMBL4633515,,CHEMBL4614223,20646256,EC50,=,157,nM,6.8,potency,concentration,157.0,6.8,EC50 为标准化浓度型效力指标,,,0,CHEMBL4613229,2020,LITERATURE,Activation of glucokinase (unknown origin)
CHEMBL4635059,,CHEMBL4614223,20646259,EC50,=,32,nM,7.5,potency,concentration,32.0,7.5,EC50 为标准化浓度型效力指标,,,0,CHEMBL4613229,2020,LITERATURE,Activation of glucokinase (unknown origin)
CHEMBL4635073,,CHEMBL4614223,20646238,EC50,=,37,nM,7.43,potency,concentration,37.0,7.43,EC50 为标准化浓度型效力指标,,,0,CHEMBL4613229,2020,LITERATURE,Activation of glucokinase (unknown origin)
CHEMBL4635087,,CHEMBL4614223,20646254,EC50,=,419,nM,6.38,potency,concentration,419.0,6.38,EC50 为标准化浓度型效力指标,,,0,CHEMBL4613229,2020,LITERATURE,Activation of glucokinase (unknown origin)
CHEMBL4635545,,CHEMBL4614223,20646248,EC50,=,22,nM,7.66,potency,concentration,22.0,7.66,EC50 为标准化浓度型效力指标,,,0,CHEMBL4613229,2020,LITERATURE,Activation of glucokinase (unknown origin)
CHEMBL4636129,,CHEMBL4614223,20646262,EC50,=,103,nM,6.99,potency,concentration,103.0,6.99,EC50 为标准化浓度型效力指标,,,0,CHEMBL4613229,2020,LITERATURE,Activation of glucokinase (unknown origin)
CHEMBL4636593,,CHEMBL4614223,20646237,EC50,=,69,nM,7.16,potency,concentration,69.0,7.16,EC50 为标准化浓度型效力指标,,,0,CHEMBL4613229,2020,LITERATURE,Activation of glucokinase (unknown origin)
CHEMBL4636595,,CHEMBL4614223,20646245,EC50,=,116,nM,6.94,potency,concentration,116.0,6.94,EC50 为标准化浓度型效力指标,,,0,CHEMBL4613229,2020,LITERATURE,Activation of glucokinase (unknown origin)
CHEMBL4636860,,CHEMBL4614223,20646253,EC50,=,3521,nM,5.45,potency,concentration,3521.0,5.45,EC50 为标准化浓度型效力指标,,,0,CHEMBL4613229,2020,LITERATURE,Activation of glucokinase (unknown origin)
CHEMBL4637653,,CHEMBL4624346,20686488,EC50,=,1170,nM,5.93,potency,concentration,1170.0,5.93,EC50 为标准化浓度型效力指标,,,0,CHEMBL4622891,2020,LITERATURE,Activation of human glucokinase
CHEMBL4638110,,CHEMBL4614223,20646244,EC50,=,49,nM,7.31,potency,concentration,49.0,7.31,EC50 为标准化浓度型效力指标,,,0,CHEMBL4613229,2020,LITERATURE,Activation of glucokinase (unknown origin)
CHEMBL4638110,,CHEMBL4614239,20646266,EC50,=,1640,nM,5.79,potency,concentration,1640.0,5.79,EC50 为标准化浓度型效力指标,,,0,CHEMBL4613229,2020,LITERATURE,Activation of glucokinase (unknown origin) in presence of 4% human serum albumin
CHEMBL4638126,,CHEMBL4614223,20646264,EC50,=,112,nM,6.95,potency,concentration,112.0,6.95,EC50 为标准化浓度型效力指标,,,0,CHEMBL4613229,2020,LITERATURE,Activation of glucokinase (unknown origin)
CHEMBL4638344,,CHEMBL4624346,20686485,EC50,=,2400,nM,5.62,potency,concentration,2400.0,5.62,EC50 为标准化浓度型效力指标,,,0,CHEMBL4622891,2020,LITERATURE,Activation of human glucokinase
CHEMBL4639192,,CHEMBL4614223,20646234,EC50,=,33,nM,7.48,potency,concentration,33.0,7.48,EC50 为标准化浓度型效力指标,,,0,CHEMBL4613229,2020,LITERATURE,Activation of glucokinase (unknown origin)
CHEMBL4639192,,CHEMBL4614239,20646270,EC50,=,684,nM,6.17,potency,concentration,684.0,6.17,EC50 为标准化浓度型效力指标,,,0,CHEMBL4613229,2020,LITERATURE,Activation of glucokinase (unknown origin) in presence of 4% human serum albumin
CHEMBL4639271,,CHEMBL4614223,20646260,EC50,=,20,nM,7.7,potency,concentration,20.0,7.7,EC50 为标准化浓度型效力指标,,,0,CHEMBL4613229,2020,LITERATURE,Activation of glucokinase (unknown origin)
CHEMBL4641678,,CHEMBL4624346,20686484,EC50,=,41,nM,7.39,potency,concentration,41.0,7.39,EC50 为标准化浓度型效力指标,,,0,CHEMBL4622891,2020,LITERATURE,Activation of human glucokinase
CHEMBL4641724,,CHEMBL4624346,20686482,EC50,=,5600,nM,5.25,potency,concentration,5600.0,5.25,EC50 为标准化浓度型效力指标,,,0,CHEMBL4622891,2020,LITERATURE,Activation of human glucokinase
CHEMBL4641920,,CHEMBL4614223,20646243,EC50,=,70,nM,7.16,potency,concentration,70.0,7.16,EC50 为标准化浓度型效力指标,,,0,CHEMBL4613229,2020,LITERATURE,Activation of glucokinase (unknown origin)
CHEMBL4641920,,CHEMBL4614239,20646267,EC50,=,3345,nM,5.48,potency,concentration,3345.0,5.48,EC50 为标准化浓度型效力指标,,,0,CHEMBL4613229,2020,LITERATURE,Activation of glucokinase (unknown origin) in presence of 4% human serum albumin
CHEMBL4642217,,CHEMBL4614223,20646258,EC50,=,72,nM,7.14,potency,concentration,72.0,7.14,EC50 为标准化浓度型效力指标,,,0,CHEMBL4613229,2020,LITERATURE,Activation of glucokinase (unknown origin)
CHEMBL4642648,,CHEMBL4614223,20646257,EC50,=,98,nM,7.01,potency,concentration,98.0,7.01,EC50 为标准化浓度型效力指标,,,0,CHEMBL4613229,2020,LITERATURE,Activation of glucokinase (unknown origin)
CHEMBL4642717,,CHEMBL4614223,20646241,EC50,=,29,nM,7.54,potency,concentration,29.0,7.54,EC50 为标准化浓度型效力指标,,,0,CHEMBL4613229,2020,LITERATURE,Activation of glucokinase (unknown origin)
CHEMBL4642812,,CHEMBL4614223,20646247,EC50,=,78,nM,7.11,potency,concentration,78.0,7.11,EC50 为标准化浓度型效力指标,,,0,CHEMBL4613229,2020,LITERATURE,Activation of glucokinase (unknown origin)
CHEMBL4643124,,CHEMBL4614223,20646232,EC50,=,279,nM,6.55,potency,concentration,279.0,6.55,EC50 为标准化浓度型效力指标,,,0,CHEMBL4613229,2020,LITERATURE,Activation of glucokinase (unknown origin)
CHEMBL4643124,,CHEMBL4614239,20646272,EC50,=,1967,nM,5.71,potency,concentration,1967.0,5.71,EC50 为标准化浓度型效力指标,,,0,CHEMBL4613229,2020,LITERATURE,Activation of glucokinase (unknown origin) in presence of 4% human serum albumin
CHEMBL4643142,,CHEMBL4614223,20646263,EC50,=,58,nM,7.24,potency,concentration,58.0,7.24,EC50 为标准化浓度型效力指标,,,0,CHEMBL4613229,2020,LITERATURE,Activation of glucokinase (unknown origin)
CHEMBL4643627,,CHEMBL4614223,20646233,EC50,=,9.3,nM,8.03,potency,concentration,9.3,8.03,EC50 为标准化浓度型效力指标,,,0,CHEMBL4613229,2020,LITERATURE,Activation of glucokinase (unknown origin)
CHEMBL4643627,,CHEMBL4614239,20646271,EC50,=,504,nM,6.3,potency,concentration,504.0,6.3,EC50 为标准化浓度型效力指标,,,0,CHEMBL4613229,2020,LITERATURE,Activation of glucokinase (unknown origin) in presence of 4% human serum albumin
CHEMBL4643638,,CHEMBL4614223,20646240,EC50,=,36,nM,7.44,potency,concentration,36.0,7.44,EC50 为标准化浓度型效力指标,,,0,CHEMBL4613229,2020,LITERATURE,Activation of glucokinase (unknown origin)
CHEMBL4644080,,CHEMBL4624346,20686490,EC50,=,1920,nM,5.72,potency,concentration,1920.0,5.72,EC50 为标准化浓度型效力指标,,,0,CHEMBL4622891,2020,LITERATURE,Activation of human glucokinase
CHEMBL4644628,,CHEMBL4614223,20646235,EC50,=,42,nM,7.38,potency,concentration,42.0,7.38,EC50 为标准化浓度型效力指标,,,0,CHEMBL4613229,2020,LITERATURE,Activation of glucokinase (unknown origin)
CHEMBL4644628,,CHEMBL4614239,20646269,EC50,=,362,nM,6.44,potency,concentration,362.0,6.44,EC50 为标准化浓度型效力指标,,,0,CHEMBL4613229,2020,LITERATURE,Activation of glucokinase (unknown origin) in presence of 4% human serum albumin
CHEMBL4645293,,CHEMBL4624346,20686483,EC50,=,420,nM,6.38,potency,concentration,420.0,6.38,EC50 为标准化浓度型效力指标,,,0,CHEMBL4622891,2020,LITERATURE,Activation of human glucokinase
CHEMBL4645486,,CHEMBL4614223,20646255,EC50,=,400,nM,6.4,potency,concentration,400.0,6.4,EC50 为标准化浓度型效力指标,,,0,CHEMBL4613229,2020,LITERATURE,Activation of glucokinase (unknown origin)
CHEMBL4645667,,CHEMBL4614223,20646249,EC50,=,47,nM,7.33,potency,concentration,47.0,7.33,EC50 为标准化浓度型效力指标,,,0,CHEMBL4613229,2020,LITERATURE,Activation of glucokinase (unknown origin)
CHEMBL4646132,,CHEMBL4614223,20646265,EC50,=,92,nM,7.04,potency,concentration,92.0,7.04,EC50 为标准化浓度型效力指标,,,0,CHEMBL4613229,2020,LITERATURE,Activation of glucokinase (unknown origin)
CHEMBL4646396,,CHEMBL4624346,20686489,EC50,=,700,nM,6.16,potency,concentration,700.0,6.16,EC50 为标准化浓度型效力指标,,,0,CHEMBL4622891,2020,LITERATURE,Activation of human glucokinase
CHEMBL4646748,,CHEMBL4614223,20646242,EC50,=,21,nM,7.68,potency,concentration,21.0,7.68,EC50 为标准化浓度型效力指标,,,0,CHEMBL4613229,2020,LITERATURE,Activation of glucokinase (unknown origin)
CHEMBL4646802,,CHEMBL4614223,20646246,EC50,=,21,nM,7.68,potency,concentration,21.0,7.68,EC50 为标准化浓度型效力指标,,,0,CHEMBL4613229,2020,LITERATURE,Activation of glucokinase (unknown origin)
CHEMBL4647058,,CHEMBL4614223,20646236,EC50,=,233,nM,6.63,potency,concentration,233.0,6.63,EC50 为标准化浓度型效力指标,,,0,CHEMBL4613229,2020,LITERATURE,Activation of glucokinase (unknown origin)
CHEMBL4647058,,CHEMBL4614239,20646268,EC50,=,2710,nM,5.57,potency,concentration,2710.0,5.57,EC50 为标准化浓度型效力指标,,,0,CHEMBL4613229,2020,LITERATURE,Activation of glucokinase (unknown origin) in presence of 4% human serum albumin
CHEMBL4648642,,CHEMBL4614223,20646239,EC50,=,20,nM,7.7,potency,concentration,20.0,7.7,EC50 为标准化浓度型效力指标,,,0,CHEMBL4613229,2020,LITERATURE,Activation of glucokinase (unknown origin)
CHEMBL4648916,,CHEMBL4614223,20646252,EC50,=,2359,nM,5.63,potency,concentration,2359.0,5.63,EC50 为标准化浓度型效力指标,,,0,CHEMBL4613229,2020,LITERATURE,Activation of glucokinase (unknown origin)
CHEMBL4649181,,CHEMBL4614223,20646261,EC50,=,213,nM,6.67,potency,concentration,213.0,6.67,EC50 为标准化浓度型效力指标,,,0,CHEMBL4613229,2020,LITERATURE,Activation of glucokinase (unknown origin)
CHEMBL4649482,,CHEMBL4624346,20686486,EC50,=,160,nM,6.8,potency,concentration,160.0,6.8,EC50 为标准化浓度型效力指标,,,0,CHEMBL4622891,2020,LITERATURE,Activation of human glucokinase
CHEMBL473760,,CHEMBL957569,2282207,Activity,=,0.95,,,unclassified,,,,Activity 为自由文本指标（无官方标准化规则），assay 描述未命中提升门槛，不跨实验汇总,10,,0,CHEMBL1153380,2009,LITERATURE,"Activation of flag-tagged human recombinant liver glucokinase expressed in Escherichia coli assessed as maximal activating response by glucose-6-phosphate dehydrogenase coupled continuous spectrophotometric assay relative to 2-amino-5-(4-methyl-4H-1,2,4-triazol-3-ylthio)-N-(4-methylthiazol-2-yl)benzamide in presence of 10 mM glucose"
CHEMBL473760,,CHEMBL957641,2281453,EC50,=,700,nM,6.16,potency,concentration,700.0,6.16,EC50 为标准化浓度型效力指标,2.5,,1,CHEMBL1153380,2009,LITERATURE,Activation of flag-tagged human recombinant liver glucokinase expressed in Escherichia coli by glucose-6-phosphate dehydrogenase coupled continuous spectrophotometric assay in presence of 2.5 mM glucose
CHEMBL473760,,CHEMBL957642,2282158,Activity,=,0.91,,,unclassified,,,,Activity 为自由文本指标（无官方标准化规则），assay 描述未命中提升门槛，不跨实验汇总,2.5,,0,CHEMBL1153380,2009,LITERATURE,"Activation of flag-tagged human recombinant liver glucokinase expressed in Escherichia coli assessed as maximal activating response by glucose-6-phosphate dehydrogenase coupled continuous spectrophotometric assay relative to 2-amino-5-(4-methyl-4H-1,2,4-triazol-3-ylthio)-N-(4-methylthiazol-2-yl)benzamide in presence of 2.5 mM glucose"
CHEMBL473760,,CHEMBL957643,2282183,EC50,=,130,nM,6.89,potency,concentration,130.0,6.89,EC50 为标准化浓度型效力指标,10,,1,CHEMBL1153380,2009,LITERATURE,Activation of flag-tagged human recombinant liver glucokinase expressed in Escherichia coli by glucose-6-phosphate dehydrogenase coupled continuous spectrophotometric assay in presence of 10 mM glucose
CHEMBL473760,,CHEMBL959301,2287602,EC50,=,700,nM,6.16,potency,concentration,700.0,6.16,EC50 为标准化浓度型效力指标,2.5,,0,CHEMBL1152887,2009,LITERATURE,Activation of human glucokinase by glucose-6-phosphate dehydrogenase coupled continuous spectrophotometric assay in presence of 2.5 mM glucose
CHEMBL473760,,CHEMBL959302,2287603,EC50,=,130,nM,6.89,potency,concentration,130.0,6.89,EC50 为标准化浓度型效力指标,10,,0,CHEMBL1152887,2009,LITERATURE,Activation of human glucokinase by glucose-6-phosphate dehydrogenase coupled continuous spectrophotometric assay in presence of 10 mM glucose
CHEMBL473760,,CHEMBL959303,2287722,FC,=,8,,,efficacy,fold,,,FC（fold change）为激活倍数,2.5,,0,CHEMBL1152887,2009,LITERATURE,Activation of human glucokinase assessed as maximal response by glucose-6-phosphate dehydrogenase coupled continuous spectrophotometric assay in presence of 2.5 mM glucose relative to control
CHEMBL473760,,CHEMBL959304,2287691,FC,=,1.6,,,efficacy,fold,,,FC（fold change）为激活倍数,10,,0,CHEMBL1152887,2009,LITERATURE,Activation of human glucokinase assessed as maximal response by glucose-6-phosphate dehydrogenase coupled continuous spectrophotometric assay in presence of 10 mM glucose relative to control
CHEMBL474011,,CHEMBL957569,2282211,Activity,=,0.59,,,unclassified,,,,Activity 为自由文本指标（无官方标准化规则），assay 描述未命中提升门槛，不跨实验汇总,10,,0,CHEMBL1153380,2009,LITERATURE,"Activation of flag-tagged human recombinant liver glucokinase expressed in Escherichia coli assessed as maximal activating response by glucose-6-phosphate dehydrogenase coupled continuous spectrophotometric assay relative to 2-amino-5-(4-methyl-4H-1,2,4-triazol-3-ylthio)-N-(4-methylthiazol-2-yl)benzamide in presence of 10 mM glucose"
CHEMBL474011,,CHEMBL957641,2282138,EC50,=,21000,nM,4.68,potency,concentration,21000.0,4.68,EC50 为标准化浓度型效力指标,2.5,,0,CHEMBL1153380,2009,LITERATURE,Activation of flag-tagged human recombinant liver glucokinase expressed in Escherichia coli by glucose-6-phosphate dehydrogenase coupled continuous spectrophotometric assay in presence of 2.5 mM glucose
CHEMBL474011,,CHEMBL957642,2282162,Activity,=,0.53,,,unclassified,,,,Activity 为自由文本指标（无官方标准化规则），assay 描述未命中提升门槛，不跨实验汇总,2.5,,0,CHEMBL1153380,2009,LITERATURE,"Activation of flag-tagged human recombinant liver glucokinase expressed in Escherichia coli assessed as maximal activating response by glucose-6-phosphate dehydrogenase coupled continuous spectrophotometric assay relative to 2-amino-5-(4-methyl-4H-1,2,4-triazol-3-ylthio)-N-(4-methylthiazol-2-yl)benzamide in presence of 2.5 mM glucose"
CHEMBL474011,,CHEMBL957643,2282187,EC50,=,4200,nM,5.38,potency,concentration,4200.0,5.38,EC50 为标准化浓度型效力指标,10,,0,CHEMBL1153380,2009,LITERATURE,Activation of flag-tagged human recombinant liver glucokinase expressed in Escherichia coli by glucose-6-phosphate dehydrogenase coupled continuous spectrophotometric assay in presence of 10 mM glucose
CHEMBL474012,,CHEMBL957569,2282212,Activity,=,0.63,,,unclassified,,,,Activity 为自由文本指标（无官方标准化规则），assay 描述未命中提升门槛，不跨实验汇总,10,,0,CHEMBL1153380,2009,LITERATURE,"Activation of flag-tagged human recombinant liver glucokinase expressed in Escherichia coli assessed as maximal activating response by glucose-6-phosphate dehydrogenase coupled continuous spectrophotometric assay relative to 2-amino-5-(4-methyl-4H-1,2,4-triazol-3-ylthio)-N-(4-methylthiazol-2-yl)benzamide in presence of 10 mM glucose"
CHEMBL474012,,CHEMBL957641,2282139,EC50,=,3200,nM,5.5,potency,concentration,3200.0,5.5,EC50 为标准化浓度型效力指标,2.5,,0,CHEMBL1153380,2009,LITERATURE,Activation of flag-tagged human recombinant liver glucokinase expressed in Escherichia coli by glucose-6-phosphate dehydrogenase coupled continuous spectrophotometric assay in presence of 2.5 mM glucose
CHEMBL474012,,CHEMBL957642,2282163,Activity,=,0.63,,,unclassified,,,,Activity 为自由文本指标（无官方标准化规则），assay 描述未命中提升门槛，不跨实验汇总,2.5,,0,CHEMBL1153380,2009,LITERATURE,"Activation of flag-tagged human recombinant liver glucokinase expressed in Escherichia coli assessed as maximal activating response by glucose-6-phosphate dehydrogenase coupled continuous spectrophotometric assay relative to 2-amino-5-(4-methyl-4H-1,2,4-triazol-3-ylthio)-N-(4-methylthiazol-2-yl)benzamide in presence of 2.5 mM glucose"
CHEMBL474012,,CHEMBL957643,2282188,EC50,=,820,nM,6.09,potency,concentration,820.0,6.09,EC50 为标准化浓度型效力指标,10,,0,CHEMBL1153380,2009,LITERATURE,Activation of flag-tagged human recombinant liver glucokinase expressed in Escherichia coli by glucose-6-phosphate dehydrogenase coupled continuous spectrophotometric assay in presence of 10 mM glucose
CHEMBL474013,,CHEMBL957569,2282214,Activity,=,0.56,,,unclassified,,,,Activity 为自由文本指标（无官方标准化规则），assay 描述未命中提升门槛，不跨实验汇总,10,,0,CHEMBL1153380,2009,LITERATURE,"Activation of flag-tagged human recombinant liver glucokinase expressed in Escherichia coli assessed as maximal activating response by glucose-6-phosphate dehydrogenase coupled continuous spectrophotometric assay relative to 2-amino-5-(4-methyl-4H-1,2,4-triazol-3-ylthio)-N-(4-methylthiazol-2-yl)benzamide in presence of 10 mM glucose"
CHEMBL474013,,CHEMBL957641,2282141,EC50,=,5900,nM,5.23,potency,concentration,5900.0,5.23,EC50 为标准化浓度型效力指标,2.5,,0,CHEMBL1153380,2009,LITERATURE,Activation of flag-tagged human recombinant liver glucokinase expressed in Escherichia coli by glucose-6-phosphate dehydrogenase coupled continuous spectrophotometric assay in presence of 2.5 mM glucose
CHEMBL474013,,CHEMBL957642,2282165,Activity,=,0.28,,,unclassified,,,,Activity 为自由文本指标（无官方标准化规则），assay 描述未命中提升门槛，不跨实验汇总,2.5,,0,CHEMBL1153380,2009,LITERATURE,"Activation of flag-tagged human recombinant liver glucokinase expressed in Escherichia coli assessed as maximal activating response by glucose-6-phosphate dehydrogenase coupled continuous spectrophotometric assay relative to 2-amino-5-(4-methyl-4H-1,2,4-triazol-3-ylthio)-N-(4-methylthiazol-2-yl)benzamide in presence of 2.5 mM glucose"
CHEMBL474013,,CHEMBL957643,2282190,EC50,=,6400,nM,5.19,potency,concentration,6400.0,5.19,EC50 为标准化浓度型效力指标,10,,0,CHEMBL1153380,2009,LITERATURE,Activation of flag-tagged human recombinant liver glucokinase expressed in Escherichia coli by glucose-6-phosphate dehydrogenase coupled continuous spectrophotometric assay in presence of 10 mM glucose
CHEMBL474050,,CHEMBL957569,2282222,Activity,=,0.99,,,unclassified,,,,Activity 为自由文本指标（无官方标准化规则），assay 描述未命中提升门槛，不跨实验汇总,10,,0,CHEMBL1153380,2009,LITERATURE,"Activation of flag-tagged human recombinant liver glucokinase expressed in Escherichia coli assessed as maximal activating response by glucose-6-phosphate dehydrogenase coupled continuous spectrophotometric assay relative to 2-amino-5-(4-methyl-4H-1,2,4-triazol-3-ylthio)-N-(4-methylthiazol-2-yl)benzamide in presence of 10 mM glucose"
CHEMBL474050,,CHEMBL957641,2282149,EC50,=,11000,nM,4.96,potency,concentration,11000.0,4.96,EC50 为标准化浓度型效力指标,2.5,,0,CHEMBL1153380,2009,LITERATURE,Activation of flag-tagged human recombinant liver glucokinase expressed in Escherichia coli by glucose-6-phosphate dehydrogenase coupled continuous spectrophotometric assay in presence of 2.5 mM glucose
CHEMBL474050,,CHEMBL957642,2282173,Activity,=,0.75,,,unclassified,,,,Activity 为自由文本指标（无官方标准化规则），assay 描述未命中提升门槛，不跨实验汇总,2.5,,0,CHEMBL1153380,2009,LITERATURE,"Activation of flag-tagged human recombinant liver glucokinase expressed in Escherichia coli assessed as maximal activating response by glucose-6-phosphate dehydrogenase coupled continuous spectrophotometric assay relative to 2-amino-5-(4-methyl-4H-1,2,4-triazol-3-ylthio)-N-(4-methylthiazol-2-yl)benzamide in presence of 2.5 mM glucose"
CHEMBL474050,,CHEMBL957643,2282198,EC50,=,1900,nM,5.72,potency,concentration,1900.0,5.72,EC50 为标准化浓度型效力指标,10,,0,CHEMBL1153380,2009,LITERATURE,Activation of flag-tagged human recombinant liver glucokinase expressed in Escherichia coli by glucose-6-phosphate dehydrogenase coupled continuous spectrophotometric assay in presence of 10 mM glucose
CHEMBL474204,,CHEMBL957569,2282221,Activity,=,0.14,,,unclassified,,,,Activity 为自由文本指标（无官方标准化规则），assay 描述未命中提升门槛，不跨实验汇总,10,,0,CHEMBL1153380,2009,LITERATURE,"Activation of flag-tagged human recombinant liver glucokinase expressed in Escherichia coli assessed as maximal activating response by glucose-6-phosphate dehydrogenase coupled continuous spectrophotometric assay relative to 2-amino-5-(4-methyl-4H-1,2,4-triazol-3-ylthio)-N-(4-methylthiazol-2-yl)benzamide in presence of 10 mM glucose"
CHEMBL474204,,CHEMBL957641,2282148,EC50,>,30000,nM,,potency,concentration,30000.0,,EC50 为标准化浓度型效力指标,2.5,,0,CHEMBL1153380,2009,LITERATURE,Activation of flag-tagged human recombinant liver glucokinase expressed in Escherichia coli by glucose-6-phosphate dehydrogenase coupled continuous spectrophotometric assay in presence of 2.5 mM glucose
CHEMBL474204,,CHEMBL957642,2282172,Activity,=,0.06,,,unclassified,,,,Activity 为自由文本指标（无官方标准化规则），assay 描述未命中提升门槛，不跨实验汇总,2.5,,0,CHEMBL1153380,2009,LITERATURE,"Activation of flag-tagged human recombinant liver glucokinase expressed in Escherichia coli assessed as maximal activating response by glucose-6-phosphate dehydrogenase coupled continuous spectrophotometric assay relative to 2-amino-5-(4-methyl-4H-1,2,4-triazol-3-ylthio)-N-(4-methylthiazol-2-yl)benzamide in presence of 2.5 mM glucose"
CHEMBL474204,,CHEMBL957643,2282197,EC50,>,30000,nM,,potency,concentration,30000.0,,EC50 为标准化浓度型效力指标,10,,0,CHEMBL1153380,2009,LITERATURE,Activation of flag-tagged human recombinant liver glucokinase expressed in Escherichia coli by glucose-6-phosphate dehydrogenase coupled continuous spectrophotometric assay in presence of 10 mM glucose
CHEMBL474352,,CHEMBL959301,2287604,EC50,=,260,nM,6.58,potency,concentration,260.0,6.58,EC50 为标准化浓度型效力指标,2.5,,0,CHEMBL1152887,2009,LITERATURE,Activation of human glucokinase by glucose-6-phosphate dehydrogenase coupled continuous spectrophotometric assay in presence of 2.5 mM glucose
CHEMBL474352,,CHEMBL959302,2287605,EC50,=,100,nM,7,potency,concentration,100.0,7.0,EC50 为标准化浓度型效力指标,10,,0,CHEMBL1152887,2009,LITERATURE,Activation of human glucokinase by glucose-6-phosphate dehydrogenase coupled continuous spectrophotometric assay in presence of 10 mM glucose
CHEMBL474352,,CHEMBL959303,2287721,FC,=,8,,,efficacy,fold,,,FC（fold change）为激活倍数,2.5,,0,CHEMBL1152887,2009,LITERATURE,Activation of human glucokinase assessed as maximal response by glucose-6-phosphate dehydrogenase coupled continuous spectrophotometric assay in presence of 2.5 mM glucose relative to control
CHEMBL474352,,CHEMBL959304,2287690,FC,=,1.6,,,efficacy,fold,,,FC（fold change）为激活倍数,10,,0,CHEMBL1152887,2009,LITERATURE,Activation of human glucokinase assessed as maximal response by glucose-6-phosphate dehydrogenase coupled continuous spectrophotometric assay in presence of 10 mM glucose relative to control
CHEMBL474353,,CHEMBL959301,2287606,EC50,=,600,nM,6.22,potency,concentration,600.0,6.22,EC50 为标准化浓度型效力指标,2.5,,0,CHEMBL1152887,2009,LITERATURE,Activation of human glucokinase by glucose-6-phosphate dehydrogenase coupled continuous spectrophotometric assay in presence of 2.5 mM glucose
CHEMBL474353,,CHEMBL959302,2287607,EC50,=,140,nM,6.85,potency,concentration,140.0,6.85,EC50 为标准化浓度型效力指标,10,,0,CHEMBL1152887,2009,LITERATURE,Activation of human glucokinase by glucose-6-phosphate dehydrogenase coupled continuous spectrophotometric assay in presence of 10 mM glucose
CHEMBL474353,,CHEMBL959303,2287720,FC,=,8,,,efficacy,fold,,,FC（fold change）为激活倍数,2.5,,0,CHEMBL1152887,2009,LITERATURE,Activation of human glucokinase assessed as maximal response by glucose-6-phosphate dehydrogenase coupled continuous spectrophotometric assay in presence of 2.5 mM glucose relative to control
CHEMBL474353,,CHEMBL959304,2287689,FC,=,1.6,,,efficacy,fold,,,FC（fold change）为激活倍数,10,,0,CHEMBL1152887,2009,LITERATURE,Activation of human glucokinase assessed as maximal response by glucose-6-phosphate dehydrogenase coupled continuous spectrophotometric assay in presence of 10 mM glucose relative to control
CHEMBL474354,,CHEMBL959301,2287608,EC50,=,1700,nM,5.77,potency,concentration,1700.0,5.77,EC50 为标准化浓度型效力指标,2.5,,0,CHEMBL1152887,2009,LITERATURE,Activation of human glucokinase by glucose-6-phosphate dehydrogenase coupled continuous spectrophotometric assay in presence of 2.5 mM glucose
CHEMBL474354,,CHEMBL959302,2287609,EC50,=,400,nM,6.4,potency,concentration,400.0,6.4,EC50 为标准化浓度型效力指标,10,,0,CHEMBL1152887,2009,LITERATURE,Activation of human glucokinase by glucose-6-phosphate dehydrogenase coupled continuous spectrophotometric assay in presence of 10 mM glucose
CHEMBL474354,,CHEMBL959303,2287719,FC,=,8,,,efficacy,fold,,,FC（fold change）为激活倍数,2.5,,0,CHEMBL1152887,2009,LITERATURE,Activation of human glucokinase assessed as maximal response by glucose-6-phosphate dehydrogenase coupled continuous spectrophotometric assay in presence of 2.5 mM glucose relative to control
CHEMBL474354,,CHEMBL959304,2287688,FC,=,1.6,,,efficacy,fold,,,FC（fold change）为激活倍数,10,,0,CHEMBL1152887,2009,LITERATURE,Activation of human glucokinase assessed as maximal response by glucose-6-phosphate dehydrogenase coupled continuous spectrophotometric assay in presence of 10 mM glucose relative to control
CHEMBL474549,,CHEMBL959301,2287610,EC50,=,410,nM,6.39,potency,concentration,410.0,6.39,EC50 为标准化浓度型效力指标,2.5,,0,CHEMBL1152887,2009,LITERATURE,Activation of human glucokinase by glucose-6-phosphate dehydrogenase coupled continuous spectrophotometric assay in presence of 2.5 mM glucose
CHEMBL474549,,CHEMBL959302,2287611,EC50,=,120,nM,6.92,potency,concentration,120.0,6.92,EC50 为标准化浓度型效力指标,10,,0,CHEMBL1152887,2009,LITERATURE,Activation of human glucokinase by glucose-6-phosphate dehydrogenase coupled continuous spectrophotometric assay in presence of 10 mM glucose
CHEMBL474549,,CHEMBL959303,2287718,FC,=,8,,,efficacy,fold,,,FC（fold change）为激活倍数,2.5,,0,CHEMBL1152887,2009,LITERATURE,Activation of human glucokinase assessed as maximal response by glucose-6-phosphate dehydrogenase coupled continuous spectrophotometric assay in presence of 2.5 mM glucose relative to control
CHEMBL474549,,CHEMBL959304,2287687,FC,=,1.6,,,efficacy,fold,,,FC（fold change）为激活倍数,10,,0,CHEMBL1152887,2009,LITERATURE,Activation of human glucokinase assessed as maximal response by glucose-6-phosphate dehydrogenase coupled continuous spectrophotometric assay in presence of 10 mM glucose relative to control
CHEMBL474626,,CHEMBL957569,2282208,Activity,=,0.66,,,unclassified,,,,Activity 为自由文本指标（无官方标准化规则），assay 描述未命中提升门槛，不跨实验汇总,10,,0,CHEMBL1153380,2009,LITERATURE,"Activation of flag-tagged human recombinant liver glucokinase expressed in Escherichia coli assessed as maximal activating response by glucose-6-phosphate dehydrogenase coupled continuous spectrophotometric assay relative to 2-amino-5-(4-methyl-4H-1,2,4-triazol-3-ylthio)-N-(4-methylthiazol-2-yl)benzamide in presence of 10 mM glucose"
CHEMBL474626,,CHEMBL957641,2281454,EC50,=,19000,nM,4.72,potency,concentration,19000.0,4.72,EC50 为标准化浓度型效力指标,2.5,,0,CHEMBL1153380,2009,LITERATURE,Activation of flag-tagged human recombinant liver glucokinase expressed in Escherichia coli by glucose-6-phosphate dehydrogenase coupled continuous spectrophotometric assay in presence of 2.5 mM glucose
CHEMBL474626,,CHEMBL957642,2282159,Activity,=,0.63,,,unclassified,,,,Activity 为自由文本指标（无官方标准化规则），assay 描述未命中提升门槛，不跨实验汇总,2.5,,0,CHEMBL1153380,2009,LITERATURE,"Activation of flag-tagged human recombinant liver glucokinase expressed in Escherichia coli assessed as maximal activating response by glucose-6-phosphate dehydrogenase coupled continuous spectrophotometric assay relative to 2-amino-5-(4-methyl-4H-1,2,4-triazol-3-ylthio)-N-(4-methylthiazol-2-yl)benzamide in presence of 2.5 mM glucose"
CHEMBL474626,,CHEMBL957643,2282184,EC50,=,800,nM,6.1,potency,concentration,800.0,6.1,EC50 为标准化浓度型效力指标,10,,0,CHEMBL1153380,2009,LITERATURE,Activation of flag-tagged human recombinant liver glucokinase expressed in Escherichia coli by glucose-6-phosphate dehydrogenase coupled continuous spectrophotometric assay in presence of 10 mM glucose
CHEMBL474632,,CHEMBL957569,2282209,Activity,=,0.73,,,unclassified,,,,Activity 为自由文本指标（无官方标准化规则），assay 描述未命中提升门槛，不跨实验汇总,10,,0,CHEMBL1153380,2009,LITERATURE,"Activation of flag-tagged human recombinant liver glucokinase expressed in Escherichia coli assessed as maximal activating response by glucose-6-phosphate dehydrogenase coupled continuous spectrophotometric assay relative to 2-amino-5-(4-methyl-4H-1,2,4-triazol-3-ylthio)-N-(4-methylthiazol-2-yl)benzamide in presence of 10 mM glucose"
CHEMBL474632,,CHEMBL957641,2281455,EC50,=,2400,nM,5.62,potency,concentration,2400.0,5.62,EC50 为标准化浓度型效力指标,2.5,,0,CHEMBL1153380,2009,LITERATURE,Activation of flag-tagged human recombinant liver glucokinase expressed in Escherichia coli by glucose-6-phosphate dehydrogenase coupled continuous spectrophotometric assay in presence of 2.5 mM glucose
CHEMBL474632,,CHEMBL957642,2282160,Activity,=,0.76,,,unclassified,,,,Activity 为自由文本指标（无官方标准化规则），assay 描述未命中提升门槛，不跨实验汇总,2.5,,0,CHEMBL1153380,2009,LITERATURE,"Activation of flag-tagged human recombinant liver glucokinase expressed in Escherichia coli assessed as maximal activating response by glucose-6-phosphate dehydrogenase coupled continuous spectrophotometric assay relative to 2-amino-5-(4-methyl-4H-1,2,4-triazol-3-ylthio)-N-(4-methylthiazol-2-yl)benzamide in presence of 2.5 mM glucose"
CHEMBL474632,,CHEMBL957643,2282185,EC50,=,450,nM,6.35,potency,concentration,450.0,6.35,EC50 为标准化浓度型效力指标,10,,0,CHEMBL1153380,2009,LITERATURE,Activation of flag-tagged human recombinant liver glucokinase expressed in Escherichia coli by glucose-6-phosphate dehydrogenase coupled continuous spectrophotometric assay in presence of 10 mM glucose
CHEMBL474677,,CHEMBL959301,2287600,EC50,=,6800,nM,5.17,potency,concentration,6800.0,5.17,EC50 为标准化浓度型效力指标,2.5,,0,CHEMBL1152887,2009,LITERATURE,Activation of human glucokinase by glucose-6-phosphate dehydrogenase coupled continuous spectrophotometric assay in presence of 2.5 mM glucose
CHEMBL474677,,CHEMBL959302,2287601,EC50,=,1700,nM,5.77,potency,concentration,1700.0,5.77,EC50 为标准化浓度型效力指标,10,,0,CHEMBL1152887,2009,LITERATURE,Activation of human glucokinase by glucose-6-phosphate dehydrogenase coupled continuous spectrophotometric assay in presence of 10 mM glucose
CHEMBL474677,,CHEMBL959303,2287723,FC,=,8,,,efficacy,fold,,,FC（fold change）为激活倍数,2.5,,0,CHEMBL1152887,2009,LITERATURE,Activation of human glucokinase assessed as maximal response by glucose-6-phosphate dehydrogenase coupled continuous spectrophotometric assay in presence of 2.5 mM glucose relative to control
CHEMBL474677,,CHEMBL959304,2287692,FC,=,1.6,,,efficacy,fold,,,FC（fold change）为激活倍数,10,,0,CHEMBL1152887,2009,LITERATURE,Activation of human glucokinase assessed as maximal response by glucose-6-phosphate dehydrogenase coupled continuous spectrophotometric assay in presence of 10 mM glucose relative to control
CHEMBL474748,,CHEMBL959301,2287592,EC50,=,6500,nM,5.19,potency,concentration,6500.0,5.19,EC50 为标准化浓度型效力指标,2.5,,0,CHEMBL1152887,2009,LITERATURE,Activation of human glucokinase by glucose-6-phosphate dehydrogenase coupled continuous spectrophotometric assay in presence of 2.5 mM glucose
CHEMBL474748,,CHEMBL959302,2287593,EC50,=,1400,nM,5.85,potency,concentration,1400.0,5.85,EC50 为标准化浓度型效力指标,10,,0,CHEMBL1152887,2009,LITERATURE,Activation of human glucokinase by glucose-6-phosphate dehydrogenase coupled continuous spectrophotometric assay in presence of 10 mM glucose
CHEMBL474748,,CHEMBL959303,2288715,FC,=,8,,,efficacy,fold,,,FC（fold change）为激活倍数,2.5,,0,CHEMBL1152887,2009,LITERATURE,Activation of human glucokinase assessed as maximal response by glucose-6-phosphate dehydrogenase coupled continuous spectrophotometric assay in presence of 2.5 mM glucose relative to control
CHEMBL474748,,CHEMBL959304,2287696,FC,=,1.6,,,efficacy,fold,,,FC（fold change）为激活倍数,10,,0,CHEMBL1152887,2009,LITERATURE,Activation of human glucokinase assessed as maximal response by glucose-6-phosphate dehydrogenase coupled continuous spectrophotometric assay in presence of 10 mM glucose relative to control
CHEMBL474749,,CHEMBL959301,2287594,EC50,>,30000,nM,,potency,concentration,30000.0,,EC50 为标准化浓度型效力指标,2.5,,0,CHEMBL1152887,2009,LITERATURE,Activation of human glucokinase by glucose-6-phosphate dehydrogenase coupled continuous spectrophotometric assay in presence of 2.5 mM glucose
CHEMBL474749,,CHEMBL959302,2287595,EC50,>,30000,nM,,potency,concentration,30000.0,,EC50 为标准化浓度型效力指标,10,,0,CHEMBL1152887,2009,LITERATURE,Activation of human glucokinase by glucose-6-phosphate dehydrogenase coupled continuous spectrophotometric assay in presence of 10 mM glucose
CHEMBL474749,,CHEMBL959303,2287726,FC,=,8,,,efficacy,fold,,,FC（fold change）为激活倍数,2.5,,0,CHEMBL1152887,2009,LITERATURE,Activation of human glucokinase assessed as maximal response by glucose-6-phosphate dehydrogenase coupled continuous spectrophotometric assay in presence of 2.5 mM glucose relative to control
CHEMBL474749,,CHEMBL959304,2287695,FC,=,1.6,,,efficacy,fold,,,FC（fold change）为激活倍数,10,,0,CHEMBL1152887,2009,LITERATURE,Activation of human glucokinase assessed as maximal response by glucose-6-phosphate dehydrogenase coupled continuous spectrophotometric assay in presence of 10 mM glucose relative to control
CHEMBL474750,,CHEMBL959301,2287596,EC50,>,30000,nM,,potency,concentration,30000.0,,EC50 为标准化浓度型效力指标,2.5,,0,CHEMBL1152887,2009,LITERATURE,Activation of human glucokinase by glucose-6-phosphate dehydrogenase coupled continuous spectrophotometric assay in presence of 2.5 mM glucose
CHEMBL474750,,CHEMBL959302,2287597,EC50,>,30000,nM,,potency,concentration,30000.0,,EC50 为标准化浓度型效力指标,10,,0,CHEMBL1152887,2009,LITERATURE,Activation of human glucokinase by glucose-6-phosphate dehydrogenase coupled continuous spectrophotometric assay in presence of 10 mM glucose
CHEMBL474750,,CHEMBL959303,2287725,FC,=,8,,,efficacy,fold,,,FC（fold change）为激活倍数,2.5,,0,CHEMBL1152887,2009,LITERATURE,Activation of human glucokinase assessed as maximal response by glucose-6-phosphate dehydrogenase coupled continuous spectrophotometric assay in presence of 2.5 mM glucose relative to control
CHEMBL474750,,CHEMBL959304,2287694,FC,=,1.6,,,efficacy,fold,,,FC（fold change）为激活倍数,10,,0,CHEMBL1152887,2009,LITERATURE,Activation of human glucokinase assessed as maximal response by glucose-6-phosphate dehydrogenase coupled continuous spectrophotometric assay in presence of 10 mM glucose relative to control
CHEMBL474858,,CHEMBL957569,2282215,Activity,=,1.1,,,unclassified,,,,Activity 为自由文本指标（无官方标准化规则），assay 描述未命中提升门槛，不跨实验汇总,10,,0,CHEMBL1153380,2009,LITERATURE,"Activation of flag-tagged human recombinant liver glucokinase expressed in Escherichia coli assessed as maximal activating response by glucose-6-phosphate dehydrogenase coupled continuous spectrophotometric assay relative to 2-amino-5-(4-methyl-4H-1,2,4-triazol-3-ylthio)-N-(4-methylthiazol-2-yl)benzamide in presence of 10 mM glucose"
CHEMBL474858,,CHEMBL957641,2282142,EC50,=,5500,nM,5.26,potency,concentration,5500.0,5.26,EC50 为标准化浓度型效力指标,2.5,,0,CHEMBL1153380,2009,LITERATURE,Activation of flag-tagged human recombinant liver glucokinase expressed in Escherichia coli by glucose-6-phosphate dehydrogenase coupled continuous spectrophotometric assay in presence of 2.5 mM glucose
CHEMBL474858,,CHEMBL957642,2282166,Activity,=,1,,,unclassified,,,,Activity 为自由文本指标（无官方标准化规则），assay 描述未命中提升门槛，不跨实验汇总,2.5,,0,CHEMBL1153380,2009,LITERATURE,"Activation of flag-tagged human recombinant liver glucokinase expressed in Escherichia coli assessed as maximal activating response by glucose-6-phosphate dehydrogenase coupled continuous spectrophotometric assay relative to 2-amino-5-(4-methyl-4H-1,2,4-triazol-3-ylthio)-N-(4-methylthiazol-2-yl)benzamide in presence of 2.5 mM glucose"
CHEMBL474858,,CHEMBL957643,2282191,EC50,=,1100,nM,5.96,potency,concentration,1100.0,5.96,EC50 为标准化浓度型效力指标,10,,0,CHEMBL1153380,2009,LITERATURE,Activation of flag-tagged human recombinant liver glucokinase expressed in Escherichia coli by glucose-6-phosphate dehydrogenase coupled continuous spectrophotometric assay in presence of 10 mM glucose
CHEMBL474859,,CHEMBL957569,2282216,Activity,=,0.48,,,unclassified,,,,Activity 为自由文本指标（无官方标准化规则），assay 描述未命中提升门槛，不跨实验汇总,10,,0,CHEMBL1153380,2009,LITERATURE,"Activation of flag-tagged human recombinant liver glucokinase expressed in Escherichia coli assessed as maximal activating response by glucose-6-phosphate dehydrogenase coupled continuous spectrophotometric assay relative to 2-amino-5-(4-methyl-4H-1,2,4-triazol-3-ylthio)-N-(4-methylthiazol-2-yl)benzamide in presence of 10 mM glucose"
CHEMBL474859,,CHEMBL957641,2282143,EC50,=,18000,nM,4.75,potency,concentration,18000.0,4.75,EC50 为标准化浓度型效力指标,2.5,,0,CHEMBL1153380,2009,LITERATURE,Activation of flag-tagged human recombinant liver glucokinase expressed in Escherichia coli by glucose-6-phosphate dehydrogenase coupled continuous spectrophotometric assay in presence of 2.5 mM glucose
CHEMBL474859,,CHEMBL957642,2282167,Activity,=,0.48,,,unclassified,,,,Activity 为自由文本指标（无官方标准化规则），assay 描述未命中提升门槛，不跨实验汇总,2.5,,0,CHEMBL1153380,2009,LITERATURE,"Activation of flag-tagged human recombinant liver glucokinase expressed in Escherichia coli assessed as maximal activating response by glucose-6-phosphate dehydrogenase coupled continuous spectrophotometric assay relative to 2-amino-5-(4-methyl-4H-1,2,4-triazol-3-ylthio)-N-(4-methylthiazol-2-yl)benzamide in presence of 2.5 mM glucose"
CHEMBL474859,,CHEMBL957643,2282192,EC50,=,1100,nM,5.96,potency,concentration,1100.0,5.96,EC50 为标准化浓度型效力指标,10,,0,CHEMBL1153380,2009,LITERATURE,Activation of flag-tagged human recombinant liver glucokinase expressed in Escherichia coli by glucose-6-phosphate dehydrogenase coupled continuous spectrophotometric assay in presence of 10 mM glucose
CHEMBL475031,,CHEMBL957569,2282217,Activity,=,0.66,,,unclassified,,,,Activity 为自由文本指标（无官方标准化规则），assay 描述未命中提升门槛，不跨实验汇总,10,,0,CHEMBL1153380,2009,LITERATURE,"Activation of flag-tagged human recombinant liver glucokinase expressed in Escherichia coli assessed as maximal activating response by glucose-6-phosphate dehydrogenase coupled continuous spectrophotometric assay relative to 2-amino-5-(4-methyl-4H-1,2,4-triazol-3-ylthio)-N-(4-methylthiazol-2-yl)benzamide in presence of 10 mM glucose"
CHEMBL475031,,CHEMBL957641,2282144,EC50,=,29000,nM,4.54,potency,concentration,29000.0,4.54,EC50 为标准化浓度型效力指标,2.5,,0,CHEMBL1153380,2009,LITERATURE,Activation of flag-tagged human recombinant liver glucokinase expressed in Escherichia coli by glucose-6-phosphate dehydrogenase coupled continuous spectrophotometric assay in presence of 2.5 mM glucose
CHEMBL475031,,CHEMBL957642,2282168,Activity,=,0.6,,,unclassified,,,,Activity 为自由文本指标（无官方标准化规则），assay 描述未命中提升门槛，不跨实验汇总,2.5,,0,CHEMBL1153380,2009,LITERATURE,"Activation of flag-tagged human recombinant liver glucokinase expressed in Escherichia coli assessed as maximal activating response by glucose-6-phosphate dehydrogenase coupled continuous spectrophotometric assay relative to 2-amino-5-(4-methyl-4H-1,2,4-triazol-3-ylthio)-N-(4-methylthiazol-2-yl)benzamide in presence of 2.5 mM glucose"
CHEMBL475031,,CHEMBL957643,2282193,EC50,=,3400,nM,5.47,potency,concentration,3400.0,5.47,EC50 为标准化浓度型效力指标,10,,0,CHEMBL1153380,2009,LITERATURE,Activation of flag-tagged human recombinant liver glucokinase expressed in Escherichia coli by glucose-6-phosphate dehydrogenase coupled continuous spectrophotometric assay in presence of 10 mM glucose
CHEMBL475032,,CHEMBL957569,2282218,Activity,=,0.85,,,unclassified,,,,Activity 为自由文本指标（无官方标准化规则），assay 描述未命中提升门槛，不跨实验汇总,10,,0,CHEMBL1153380,2009,LITERATURE,"Activation of flag-tagged human recombinant liver glucokinase expressed in Escherichia coli assessed as maximal activating response by glucose-6-phosphate dehydrogenase coupled continuous spectrophotometric assay relative to 2-amino-5-(4-methyl-4H-1,2,4-triazol-3-ylthio)-N-(4-methylthiazol-2-yl)benzamide in presence of 10 mM glucose"
CHEMBL475032,,CHEMBL957641,2282145,EC50,=,2200,nM,5.66,potency,concentration,2200.0,5.66,EC50 为标准化浓度型效力指标,2.5,,0,CHEMBL1153380,2009,LITERATURE,Activation of flag-tagged human recombinant liver glucokinase expressed in Escherichia coli by glucose-6-phosphate dehydrogenase coupled continuous spectrophotometric assay in presence of 2.5 mM glucose
CHEMBL475032,,CHEMBL957642,2282169,Activity,=,0.84,,,unclassified,,,,Activity 为自由文本指标（无官方标准化规则），assay 描述未命中提升门槛，不跨实验汇总,2.5,,0,CHEMBL1153380,2009,LITERATURE,"Activation of flag-tagged human recombinant liver glucokinase expressed in Escherichia coli assessed as maximal activating response by glucose-6-phosphate dehydrogenase coupled continuous spectrophotometric assay relative to 2-amino-5-(4-methyl-4H-1,2,4-triazol-3-ylthio)-N-(4-methylthiazol-2-yl)benzamide in presence of 2.5 mM glucose"
CHEMBL475032,,CHEMBL957643,2282194,EC50,=,490,nM,6.31,potency,concentration,490.0,6.31,EC50 为标准化浓度型效力指标,10,,0,CHEMBL1153380,2009,LITERATURE,Activation of flag-tagged human recombinant liver glucokinase expressed in Escherichia coli by glucose-6-phosphate dehydrogenase coupled continuous spectrophotometric assay in presence of 10 mM glucose
CHEMBL475033,,CHEMBL957569,2282219,Activity,=,0.69,,,unclassified,,,,Activity 为自由文本指标（无官方标准化规则），assay 描述未命中提升门槛，不跨实验汇总,10,,0,CHEMBL1153380,2009,LITERATURE,"Activation of flag-tagged human recombinant liver glucokinase expressed in Escherichia coli assessed as maximal activating response by glucose-6-phosphate dehydrogenase coupled continuous spectrophotometric assay relative to 2-amino-5-(4-methyl-4H-1,2,4-triazol-3-ylthio)-N-(4-methylthiazol-2-yl)benzamide in presence of 10 mM glucose"
CHEMBL475033,,CHEMBL957641,2282146,EC50,=,5400,nM,5.27,potency,concentration,5400.0,5.27,EC50 为标准化浓度型效力指标,2.5,,0,CHEMBL1153380,2009,LITERATURE,Activation of flag-tagged human recombinant liver glucokinase expressed in Escherichia coli by glucose-6-phosphate dehydrogenase coupled continuous spectrophotometric assay in presence of 2.5 mM glucose
CHEMBL475033,,CHEMBL957642,2282170,Activity,=,0.53,,,unclassified,,,,Activity 为自由文本指标（无官方标准化规则），assay 描述未命中提升门槛，不跨实验汇总,2.5,,0,CHEMBL1153380,2009,LITERATURE,"Activation of flag-tagged human recombinant liver glucokinase expressed in Escherichia coli assessed as maximal activating response by glucose-6-phosphate dehydrogenase coupled continuous spectrophotometric assay relative to 2-amino-5-(4-methyl-4H-1,2,4-triazol-3-ylthio)-N-(4-methylthiazol-2-yl)benzamide in presence of 2.5 mM glucose"
CHEMBL475033,,CHEMBL957643,2282195,EC50,=,1900,nM,5.72,potency,concentration,1900.0,5.72,EC50 为标准化浓度型效力指标,10,,0,CHEMBL1153380,2009,LITERATURE,Activation of flag-tagged human recombinant liver glucokinase expressed in Escherichia coli by glucose-6-phosphate dehydrogenase coupled continuous spectrophotometric assay in presence of 10 mM glucose
CHEMBL475057,,CHEMBL957569,2282224,Activity,=,0.91,,,unclassified,,,,Activity 为自由文本指标（无官方标准化规则），assay 描述未命中提升门槛，不跨实验汇总,10,,0,CHEMBL1153380,2009,LITERATURE,"Activation of flag-tagged human recombinant liver glucokinase expressed in Escherichia coli assessed as maximal activating response by glucose-6-phosphate dehydrogenase coupled continuous spectrophotometric assay relative to 2-amino-5-(4-methyl-4H-1,2,4-triazol-3-ylthio)-N-(4-methylthiazol-2-yl)benzamide in presence of 10 mM glucose"
CHEMBL475057,,CHEMBL957641,2282151,EC50,=,2100,nM,5.68,potency,concentration,2100.0,5.68,EC50 为标准化浓度型效力指标,2.5,,0,CHEMBL1153380,2009,LITERATURE,Activation of flag-tagged human recombinant liver glucokinase expressed in Escherichia coli by glucose-6-phosphate dehydrogenase coupled continuous spectrophotometric assay in presence of 2.5 mM glucose
CHEMBL475057,,CHEMBL957642,2282175,Activity,=,0.98,,,unclassified,,,,Activity 为自由文本指标（无官方标准化规则），assay 描述未命中提升门槛，不跨实验汇总,2.5,,0,CHEMBL1153380,2009,LITERATURE,"Activation of flag-tagged human recombinant liver glucokinase expressed in Escherichia coli assessed as maximal activating response by glucose-6-phosphate dehydrogenase coupled continuous spectrophotometric assay relative to 2-amino-5-(4-methyl-4H-1,2,4-triazol-3-ylthio)-N-(4-methylthiazol-2-yl)benzamide in presence of 2.5 mM glucose"
CHEMBL475057,,CHEMBL957643,2282200,EC50,=,440,nM,6.36,potency,concentration,440.0,6.36,EC50 为标准化浓度型效力指标,10,,0,CHEMBL1153380,2009,LITERATURE,Activation of flag-tagged human recombinant liver glucokinase expressed in Escherichia coli by glucose-6-phosphate dehydrogenase coupled continuous spectrophotometric assay in presence of 10 mM glucose
CHEMBL475058,,CHEMBL957569,2282225,Activity,=,0.98,,,unclassified,,,,Activity 为自由文本指标（无官方标准化规则），assay 描述未命中提升门槛，不跨实验汇总,10,,0,CHEMBL1153380,2009,LITERATURE,"Activation of flag-tagged human recombinant liver glucokinase expressed in Escherichia coli assessed as maximal activating response by glucose-6-phosphate dehydrogenase coupled continuous spectrophotometric assay relative to 2-amino-5-(4-methyl-4H-1,2,4-triazol-3-ylthio)-N-(4-methylthiazol-2-yl)benzamide in presence of 10 mM glucose"
CHEMBL475058,,CHEMBL957641,2282152,EC50,=,1100,nM,5.96,potency,concentration,1100.0,5.96,EC50 为标准化浓度型效力指标,2.5,,0,CHEMBL1153380,2009,LITERATURE,Activation of flag-tagged human recombinant liver glucokinase expressed in Escherichia coli by glucose-6-phosphate dehydrogenase coupled continuous spectrophotometric assay in presence of 2.5 mM glucose
CHEMBL475058,,CHEMBL957642,2282176,Activity,=,0.81,,,unclassified,,,,Activity 为自由文本指标（无官方标准化规则），assay 描述未命中提升门槛，不跨实验汇总,2.5,,0,CHEMBL1153380,2009,LITERATURE,"Activation of flag-tagged human recombinant liver glucokinase expressed in Escherichia coli assessed as maximal activating response by glucose-6-phosphate dehydrogenase coupled continuous spectrophotometric assay relative to 2-amino-5-(4-methyl-4H-1,2,4-triazol-3-ylthio)-N-(4-methylthiazol-2-yl)benzamide in presence of 2.5 mM glucose"
CHEMBL475058,,CHEMBL957643,2282201,EC50,=,610,nM,6.21,potency,concentration,610.0,6.21,EC50 为标准化浓度型效力指标,10,,0,CHEMBL1153380,2009,LITERATURE,Activation of flag-tagged human recombinant liver glucokinase expressed in Escherichia coli by glucose-6-phosphate dehydrogenase coupled continuous spectrophotometric assay in presence of 10 mM glucose
CHEMBL475229,,CHEMBL957569,2282223,Activity,=,1.2,,,unclassified,,,,Activity 为自由文本指标（无官方标准化规则），assay 描述未命中提升门槛，不跨实验汇总,10,,0,CHEMBL1153380,2009,LITERATURE,"Activation of flag-tagged human recombinant liver glucokinase expressed in Escherichia coli assessed as maximal activating response by glucose-6-phosphate dehydrogenase coupled continuous spectrophotometric assay relative to 2-amino-5-(4-methyl-4H-1,2,4-triazol-3-ylthio)-N-(4-methylthiazol-2-yl)benzamide in presence of 10 mM glucose"
CHEMBL475229,,CHEMBL957641,2282150,EC50,=,2400,nM,5.62,potency,concentration,2400.0,5.62,EC50 为标准化浓度型效力指标,2.5,,0,CHEMBL1153380,2009,LITERATURE,Activation of flag-tagged human recombinant liver glucokinase expressed in Escherichia coli by glucose-6-phosphate dehydrogenase coupled continuous spectrophotometric assay in presence of 2.5 mM glucose
CHEMBL475229,,CHEMBL957642,2282174,Activity,=,1,,,unclassified,,,,Activity 为自由文本指标（无官方标准化规则），assay 描述未命中提升门槛，不跨实验汇总,2.5,,0,CHEMBL1153380,2009,LITERATURE,"Activation of flag-tagged human recombinant liver glucokinase expressed in Escherichia coli assessed as maximal activating response by glucose-6-phosphate dehydrogenase coupled continuous spectrophotometric assay relative to 2-amino-5-(4-methyl-4H-1,2,4-triazol-3-ylthio)-N-(4-methylthiazol-2-yl)benzamide in presence of 2.5 mM glucose"
CHEMBL475229,,CHEMBL957643,2282199,EC50,=,2100,nM,5.68,potency,concentration,2100.0,5.68,EC50 为标准化浓度型效力指标,10,,0,CHEMBL1153380,2009,LITERATURE,Activation of flag-tagged human recombinant liver glucokinase expressed in Escherichia coli by glucose-6-phosphate dehydrogenase coupled continuous spectrophotometric assay in presence of 10 mM glucose
CHEMBL479753,,CHEMBL990114,2459498,EC50,>,10000,nM,,potency,concentration,10000.0,,EC50 为标准化浓度型效力指标,,,0,CHEMBL1155108,2008,LITERATURE,Activation of GST fused human liver glucokinase assessed as generation of NADPH by G6PDH coupled assay
CHEMBL479947,,CHEMBL990114,2459496,EC50,=,580,nM,6.24,potency,concentration,580.0,6.24,EC50 为标准化浓度型效力指标,,,0,CHEMBL1155108,2008,LITERATURE,Activation of GST fused human liver glucokinase assessed as generation of NADPH by G6PDH coupled assay
CHEMBL479947,,CHEMBL990115,2459505,FC,=,3.5,,,efficacy,fold,,,FC（fold change）为激活倍数,,,0,CHEMBL1155108,2008,LITERATURE,Activation of GST fused human liver glucokinase assessed as generation of NADPH by G6PDH coupled assay relative to control
CHEMBL479947,,CHEMBL990116,2459517,Activity,=,0.34,uM,,unclassified,,,,Activity 为自由文本指标（无官方标准化规则），assay 描述未命中提升门槛，不跨实验汇总,,,0,CHEMBL1155108,2008,LITERATURE,Activation of GST fused human liver glucokinase assessed as concentration required to double glucokinase activity by G6PDH coupled assay
CHEMBL479948,,CHEMBL990114,2459494,EC50,=,1430,nM,5.84,potency,concentration,1430.0,5.84,EC50 为标准化浓度型效力指标,,,0,CHEMBL1155108,2008,LITERATURE,Activation of GST fused human liver glucokinase assessed as generation of NADPH by G6PDH coupled assay
CHEMBL479948,,CHEMBL990115,2459485,FC,=,4.8,,,efficacy,fold,,,FC（fold change）为激活倍数,,,0,CHEMBL1155108,2008,LITERATURE,Activation of GST fused human liver glucokinase assessed as generation of NADPH by G6PDH coupled assay relative to control
CHEMBL479948,,CHEMBL990116,2459515,Activity,=,0.46,uM,,unclassified,,,,Activity 为自由文本指标（无官方标准化规则），assay 描述未命中提升门槛，不跨实验汇总,,,0,CHEMBL1155108,2008,LITERATURE,Activation of GST fused human liver glucokinase assessed as concentration required to double glucokinase activity by G6PDH coupled assay
CHEMBL479974,,CHEMBL990114,2459503,EC50,=,10770,nM,4.97,potency,concentration,10770.0,4.97,EC50 为标准化浓度型效力指标,,,0,CHEMBL1155108,2008,LITERATURE,Activation of GST fused human liver glucokinase assessed as generation of NADPH by G6PDH coupled assay
CHEMBL479974,,CHEMBL990115,2459511,FC,=,3.7,,,efficacy,fold,,,FC（fold change）为激活倍数,,,0,CHEMBL1155108,2008,LITERATURE,Activation of GST fused human liver glucokinase assessed as generation of NADPH by G6PDH coupled assay relative to control
CHEMBL479974,,CHEMBL990116,2459523,Activity,=,6.93,uM,,unclassified,,,,Activity 为自由文本指标（无官方标准化规则），assay 描述未命中提升门槛，不跨实验汇总,,,0,CHEMBL1155108,2008,LITERATURE,Activation of GST fused human liver glucokinase assessed as concentration required to double glucokinase activity by G6PDH coupled assay
CHEMBL480180,,CHEMBL990114,2459491,EC50,=,26010,nM,4.58,potency,concentration,26010.0,4.58,EC50 为标准化浓度型效力指标,,,0,CHEMBL1155108,2008,LITERATURE,Activation of GST fused human liver glucokinase assessed as generation of NADPH by G6PDH coupled assay
CHEMBL480180,,CHEMBL990115,2459489,FC,=,2.3,,,efficacy,fold,,,FC（fold change）为激活倍数,,,0,CHEMBL1155108,2008,LITERATURE,Activation of GST fused human liver glucokinase assessed as generation of NADPH by G6PDH coupled assay relative to control
CHEMBL480180,,CHEMBL990116,2459512,Activity,=,68.44,uM,,unclassified,,,,Activity 为自由文本指标（无官方标准化规则），assay 描述未命中提升门槛，不跨实验汇总,,,0,CHEMBL1155108,2008,LITERATURE,Activation of GST fused human liver glucokinase assessed as concentration required to double glucokinase activity by G6PDH coupled assay
CHEMBL480725,,CHEMBL990114,2459492,EC50,=,70,nM,7.16,potency,concentration,70.0,7.16,EC50 为标准化浓度型效力指标,,,0,CHEMBL1155108,2008,LITERATURE,Activation of GST fused human liver glucokinase assessed as generation of NADPH by G6PDH coupled assay
CHEMBL480725,,CHEMBL990115,2459490,FC,=,3.4,,,efficacy,fold,,,FC（fold change）为激活倍数,,,0,CHEMBL1155108,2008,LITERATURE,Activation of GST fused human liver glucokinase assessed as generation of NADPH by G6PDH coupled assay relative to control
CHEMBL480725,,CHEMBL990116,2459513,Activity,=,0.05,uM,,unclassified,,,,Activity 为自由文本指标（无官方标准化规则），assay 描述未命中提升门槛，不跨实验汇总,,,0,CHEMBL1155108,2008,LITERATURE,Activation of GST fused human liver glucokinase assessed as concentration required to double glucokinase activity by G6PDH coupled assay
CHEMBL481166,,CHEMBL990114,2459501,EC50,=,2300,nM,5.64,potency,concentration,2300.0,5.64,EC50 为标准化浓度型效力指标,,,0,CHEMBL1155108,2008,LITERATURE,Activation of GST fused human liver glucokinase assessed as generation of NADPH by G6PDH coupled assay
CHEMBL481166,,CHEMBL990115,2459509,FC,=,5.6,,,efficacy,fold,,,FC（fold change）为激活倍数,,,0,CHEMBL1155108,2008,LITERATURE,Activation of GST fused human liver glucokinase assessed as generation of NADPH by G6PDH coupled assay relative to control
CHEMBL481166,,CHEMBL990116,2459521,Activity,=,0.63,uM,,unclassified,,,,Activity 为自由文本指标（无官方标准化规则），assay 描述未命中提升门槛，不跨实验汇总,,,0,CHEMBL1155108,2008,LITERATURE,Activation of GST fused human liver glucokinase assessed as concentration required to double glucokinase activity by G6PDH coupled assay
CHEMBL481167,,CHEMBL990114,2459499,EC50,=,3470,nM,5.46,potency,concentration,3470.0,5.46,EC50 为标准化浓度型效力指标,,,0,CHEMBL1155108,2008,LITERATURE,Activation of GST fused human liver glucokinase assessed as generation of NADPH by G6PDH coupled assay
CHEMBL481167,,CHEMBL990115,2459507,FC,=,5.2,,,efficacy,fold,,,FC（fold change）为激活倍数,,,0,CHEMBL1155108,2008,LITERATURE,Activation of GST fused human liver glucokinase assessed as generation of NADPH by G6PDH coupled assay relative to control
CHEMBL481167,,CHEMBL990116,2459519,Activity,=,1,uM,,unclassified,,,,Activity 为自由文本指标（无官方标准化规则），assay 描述未命中提升门槛，不跨实验汇总,,,0,CHEMBL1155108,2008,LITERATURE,Activation of GST fused human liver glucokinase assessed as concentration required to double glucokinase activity by G6PDH coupled assay
CHEMBL483817,,CHEMBL957569,2282226,Activity,=,0.68,,,unclassified,,,,Activity 为自由文本指标（无官方标准化规则），assay 描述未命中提升门槛，不跨实验汇总,10,,0,CHEMBL1153380,2009,LITERATURE,"Activation of flag-tagged human recombinant liver glucokinase expressed in Escherichia coli assessed as maximal activating response by glucose-6-phosphate dehydrogenase coupled continuous spectrophotometric assay relative to 2-amino-5-(4-methyl-4H-1,2,4-triazol-3-ylthio)-N-(4-methylthiazol-2-yl)benzamide in presence of 10 mM glucose"
CHEMBL483817,,CHEMBL957641,2282153,EC50,=,1100,nM,5.96,potency,concentration,1100.0,5.96,EC50 为标准化浓度型效力指标,2.5,,0,CHEMBL1153380,2009,LITERATURE,Activation of flag-tagged human recombinant liver glucokinase expressed in Escherichia coli by glucose-6-phosphate dehydrogenase coupled continuous spectrophotometric assay in presence of 2.5 mM glucose
CHEMBL483817,,CHEMBL957642,2282177,Activity,=,0.6,,,unclassified,,,,Activity 为自由文本指标（无官方标准化规则），assay 描述未命中提升门槛，不跨实验汇总,2.5,,0,CHEMBL1153380,2009,LITERATURE,"Activation of flag-tagged human recombinant liver glucokinase expressed in Escherichia coli assessed as maximal activating response by glucose-6-phosphate dehydrogenase coupled continuous spectrophotometric assay relative to 2-amino-5-(4-methyl-4H-1,2,4-triazol-3-ylthio)-N-(4-methylthiazol-2-yl)benzamide in presence of 2.5 mM glucose"
CHEMBL483817,,CHEMBL957643,2282202,EC50,=,940,nM,6.03,potency,concentration,940.0,6.03,EC50 为标准化浓度型效力指标,10,,0,CHEMBL1153380,2009,LITERATURE,Activation of flag-tagged human recombinant liver glucokinase expressed in Escherichia coli by glucose-6-phosphate dehydrogenase coupled continuous spectrophotometric assay in presence of 10 mM glucose
CHEMBL483818,,CHEMBL957569,2282227,Activity,=,0.83,,,unclassified,,,,Activity 为自由文本指标（无官方标准化规则），assay 描述未命中提升门槛，不跨实验汇总,10,,0,CHEMBL1153380,2009,LITERATURE,"Activation of flag-tagged human recombinant liver glucokinase expressed in Escherichia coli assessed as maximal activating response by glucose-6-phosphate dehydrogenase coupled continuous spectrophotometric assay relative to 2-amino-5-(4-methyl-4H-1,2,4-triazol-3-ylthio)-N-(4-methylthiazol-2-yl)benzamide in presence of 10 mM glucose"
CHEMBL483818,,CHEMBL957641,2282154,EC50,=,420,nM,6.38,potency,concentration,420.0,6.38,EC50 为标准化浓度型效力指标,2.5,,0,CHEMBL1153380,2009,LITERATURE,Activation of flag-tagged human recombinant liver glucokinase expressed in Escherichia coli by glucose-6-phosphate dehydrogenase coupled continuous spectrophotometric assay in presence of 2.5 mM glucose
CHEMBL483818,,CHEMBL957642,2282178,Activity,=,0.73,,,unclassified,,,,Activity 为自由文本指标（无官方标准化规则），assay 描述未命中提升门槛，不跨实验汇总,2.5,,0,CHEMBL1153380,2009,LITERATURE,"Activation of flag-tagged human recombinant liver glucokinase expressed in Escherichia coli assessed as maximal activating response by glucose-6-phosphate dehydrogenase coupled continuous spectrophotometric assay relative to 2-amino-5-(4-methyl-4H-1,2,4-triazol-3-ylthio)-N-(4-methylthiazol-2-yl)benzamide in presence of 2.5 mM glucose"
CHEMBL483818,,CHEMBL957643,2282203,EC50,=,350,nM,6.46,potency,concentration,350.0,6.46,EC50 为标准化浓度型效力指标,10,,0,CHEMBL1153380,2009,LITERATURE,Activation of flag-tagged human recombinant liver glucokinase expressed in Escherichia coli by glucose-6-phosphate dehydrogenase coupled continuous spectrophotometric assay in presence of 10 mM glucose
CHEMBL484018,,CHEMBL957569,2282228,Activity,=,0.79,,,unclassified,,,,Activity 为自由文本指标（无官方标准化规则），assay 描述未命中提升门槛，不跨实验汇总,10,,0,CHEMBL1153380,2009,LITERATURE,"Activation of flag-tagged human recombinant liver glucokinase expressed in Escherichia coli assessed as maximal activating response by glucose-6-phosphate dehydrogenase coupled continuous spectrophotometric assay relative to 2-amino-5-(4-methyl-4H-1,2,4-triazol-3-ylthio)-N-(4-methylthiazol-2-yl)benzamide in presence of 10 mM glucose"
CHEMBL484018,,CHEMBL957641,2282155,EC50,=,1100,nM,5.96,potency,concentration,1100.0,5.96,EC50 为标准化浓度型效力指标,2.5,,0,CHEMBL1153380,2009,LITERATURE,Activation of flag-tagged human recombinant liver glucokinase expressed in Escherichia coli by glucose-6-phosphate dehydrogenase coupled continuous spectrophotometric assay in presence of 2.5 mM glucose
CHEMBL484018,,CHEMBL957642,2282179,Activity,=,0.73,,,unclassified,,,,Activity 为自由文本指标（无官方标准化规则），assay 描述未命中提升门槛，不跨实验汇总,2.5,,0,CHEMBL1153380,2009,LITERATURE,"Activation of flag-tagged human recombinant liver glucokinase expressed in Escherichia coli assessed as maximal activating response by glucose-6-phosphate dehydrogenase coupled continuous spectrophotometric assay relative to 2-amino-5-(4-methyl-4H-1,2,4-triazol-3-ylthio)-N-(4-methylthiazol-2-yl)benzamide in presence of 2.5 mM glucose"
CHEMBL484018,,CHEMBL957643,2282204,EC50,=,90,nM,7.05,potency,concentration,90.0,7.05,EC50 为标准化浓度型效力指标,10,,0,CHEMBL1153380,2009,LITERATURE,Activation of flag-tagged human recombinant liver glucokinase expressed in Escherichia coli by glucose-6-phosphate dehydrogenase coupled continuous spectrophotometric assay in presence of 10 mM glucose
CHEMBL484019,,CHEMBL1032034,2670624,EC50,=,330,nM,6.48,potency,concentration,330.0,6.48,EC50 为标准化浓度型效力指标,2.5,,0,CHEMBL1151922,2009,LITERATURE,Activation of flag-tagged human recombinant liver glucokinase expressed in Escherichia coli by glucose-6-phosphate dehydrogenase coupled continuous spectrophotometric assay in presence of 2.5 mM glucose
CHEMBL484019,,CHEMBL1032035,2670629,EC50,=,130,nM,6.89,potency,concentration,130.0,6.89,EC50 为标准化浓度型效力指标,10,,0,CHEMBL1151922,2009,LITERATURE,Activation of flag-tagged human recombinant liver glucokinase expressed in Escherichia coli by glucose-6-phosphate dehydrogenase coupled continuous spectrophotometric assay in presence of 10 mM glucose
CHEMBL484019,,CHEMBL957569,2282229,Activity,=,1,,,unclassified,,,,Activity 为自由文本指标（无官方标准化规则），assay 描述未命中提升门槛，不跨实验汇总,10,,0,CHEMBL1153380,2009,LITERATURE,"Activation of flag-tagged human recombinant liver glucokinase expressed in Escherichia coli assessed as maximal activating response by glucose-6-phosphate dehydrogenase coupled continuous spectrophotometric assay relative to 2-amino-5-(4-methyl-4H-1,2,4-triazol-3-ylthio)-N-(4-methylthiazol-2-yl)benzamide in presence of 10 mM glucose"
CHEMBL484019,,CHEMBL957641,2282156,EC50,=,330,nM,6.48,potency,concentration,330.0,6.48,EC50 为标准化浓度型效力指标,2.5,,1,CHEMBL1153380,2009,LITERATURE,Activation of flag-tagged human recombinant liver glucokinase expressed in Escherichia coli by glucose-6-phosphate dehydrogenase coupled continuous spectrophotometric assay in presence of 2.5 mM glucose
CHEMBL484019,,CHEMBL957642,2282180,Activity,=,0.99,,,unclassified,,,,Activity 为自由文本指标（无官方标准化规则），assay 描述未命中提升门槛，不跨实验汇总,2.5,,0,CHEMBL1153380,2009,LITERATURE,"Activation of flag-tagged human recombinant liver glucokinase expressed in Escherichia coli assessed as maximal activating response by glucose-6-phosphate dehydrogenase coupled continuous spectrophotometric assay relative to 2-amino-5-(4-methyl-4H-1,2,4-triazol-3-ylthio)-N-(4-methylthiazol-2-yl)benzamide in presence of 2.5 mM glucose"
CHEMBL484019,,CHEMBL957643,2282205,EC50,=,130,nM,6.89,potency,concentration,130.0,6.89,EC50 为标准化浓度型效力指标,10,,1,CHEMBL1153380,2009,LITERATURE,Activation of flag-tagged human recombinant liver glucokinase expressed in Escherichia coli by glucose-6-phosphate dehydrogenase coupled continuous spectrophotometric assay in presence of 10 mM glucose
CHEMBL489325,,CHEMBL959301,2287636,EC50,>,10000,nM,,potency,concentration,10000.0,,EC50 为标准化浓度型效力指标,2.5,,0,CHEMBL1152887,2009,LITERATURE,Activation of human glucokinase by glucose-6-phosphate dehydrogenase coupled continuous spectrophotometric assay in presence of 2.5 mM glucose
CHEMBL489325,,CHEMBL959302,2287637,EC50,>,10000,nM,,potency,concentration,10000.0,,EC50 为标准化浓度型效力指标,10,,0,CHEMBL1152887,2009,LITERATURE,Activation of human glucokinase by glucose-6-phosphate dehydrogenase coupled continuous spectrophotometric assay in presence of 10 mM glucose
CHEMBL489325,,CHEMBL959303,2287706,FC,=,8,,,efficacy,fold,,,FC（fold change）为激活倍数,2.5,,0,CHEMBL1152887,2009,LITERATURE,Activation of human glucokinase assessed as maximal response by glucose-6-phosphate dehydrogenase coupled continuous spectrophotometric assay in presence of 2.5 mM glucose relative to control
CHEMBL489325,,CHEMBL959304,2287674,FC,=,1.6,,,efficacy,fold,,,FC（fold change）为激活倍数,10,,0,CHEMBL1152887,2009,LITERATURE,Activation of human glucokinase assessed as maximal response by glucose-6-phosphate dehydrogenase coupled continuous spectrophotometric assay in presence of 10 mM glucose relative to control
CHEMBL489333,,CHEMBL959301,2287616,EC50,=,920,nM,6.04,potency,concentration,920.0,6.04,EC50 为标准化浓度型效力指标,2.5,,0,CHEMBL1152887,2009,LITERATURE,Activation of human glucokinase by glucose-6-phosphate dehydrogenase coupled continuous spectrophotometric assay in presence of 2.5 mM glucose
CHEMBL489333,,CHEMBL959302,2287617,EC50,=,200,nM,6.7,potency,concentration,200.0,6.7,EC50 为标准化浓度型效力指标,10,,0,CHEMBL1152887,2009,LITERATURE,Activation of human glucokinase by glucose-6-phosphate dehydrogenase coupled continuous spectrophotometric assay in presence of 10 mM glucose
CHEMBL489333,,CHEMBL959303,2287715,FC,=,8,,,efficacy,fold,,,FC（fold change）为激活倍数,2.5,,0,CHEMBL1152887,2009,LITERATURE,Activation of human glucokinase assessed as maximal response by glucose-6-phosphate dehydrogenase coupled continuous spectrophotometric assay in presence of 2.5 mM glucose relative to control
CHEMBL489333,,CHEMBL959304,2287684,FC,=,1.6,,,efficacy,fold,,,FC（fold change）为激活倍数,10,,0,CHEMBL1152887,2009,LITERATURE,Activation of human glucokinase assessed as maximal response by glucose-6-phosphate dehydrogenase coupled continuous spectrophotometric assay in presence of 10 mM glucose relative to control
CHEMBL489334,,CHEMBL959301,2287620,EC50,=,1600,nM,5.8,potency,concentration,1600.0,5.8,EC50 为标准化浓度型效力指标,2.5,,0,CHEMBL1152887,2009,LITERATURE,Activation of human glucokinase by glucose-6-phosphate dehydrogenase coupled continuous spectrophotometric assay in presence of 2.5 mM glucose
CHEMBL489334,,CHEMBL959302,2287621,EC50,=,380,nM,6.42,potency,concentration,380.0,6.42,EC50 为标准化浓度型效力指标,10,,0,CHEMBL1152887,2009,LITERATURE,Activation of human glucokinase by glucose-6-phosphate dehydrogenase coupled continuous spectrophotometric assay in presence of 10 mM glucose
CHEMBL489334,,CHEMBL959303,2287713,FC,=,8,,,efficacy,fold,,,FC（fold change）为激活倍数,2.5,,0,CHEMBL1152887,2009,LITERATURE,Activation of human glucokinase assessed as maximal response by glucose-6-phosphate dehydrogenase coupled continuous spectrophotometric assay in presence of 2.5 mM glucose relative to control
CHEMBL489334,,CHEMBL959304,2287682,FC,=,1.6,,,efficacy,fold,,,FC（fold change）为激活倍数,10,,0,CHEMBL1152887,2009,LITERATURE,Activation of human glucokinase assessed as maximal response by glucose-6-phosphate dehydrogenase coupled continuous spectrophotometric assay in presence of 10 mM glucose relative to control
CHEMBL489335,,CHEMBL959301,2287622,EC50,=,230,nM,6.64,potency,concentration,230.0,6.64,EC50 为标准化浓度型效力指标,2.5,,0,CHEMBL1152887,2009,LITERATURE,Activation of human glucokinase by glucose-6-phosphate dehydrogenase coupled continuous spectrophotometric assay in presence of 2.5 mM glucose
CHEMBL489335,,CHEMBL959302,2287623,EC50,=,100,nM,7,potency,concentration,100.0,7.0,EC50 为标准化浓度型效力指标,10,,0,CHEMBL1152887,2009,LITERATURE,Activation of human glucokinase by glucose-6-phosphate dehydrogenase coupled continuous spectrophotometric assay in presence of 10 mM glucose
CHEMBL489335,,CHEMBL959303,2287712,FC,=,8,,,efficacy,fold,,,FC（fold change）为激活倍数,2.5,,0,CHEMBL1152887,2009,LITERATURE,Activation of human glucokinase assessed as maximal response by glucose-6-phosphate dehydrogenase coupled continuous spectrophotometric assay in presence of 2.5 mM glucose relative to control
CHEMBL489335,,CHEMBL959304,2287681,FC,=,1.6,,,efficacy,fold,,,FC（fold change）为激活倍数,10,,0,CHEMBL1152887,2009,LITERATURE,Activation of human glucokinase assessed as maximal response by glucose-6-phosphate dehydrogenase coupled continuous spectrophotometric assay in presence of 10 mM glucose relative to control
CHEMBL489514,,CHEMBL1056161,2925914,EC50,=,420,nM,6.38,potency,concentration,420.0,6.38,EC50 为标准化浓度型效力指标,2.5,,0,CHEMBL1155212,2009,LITERATURE,Activation of N-terminal His-tagged human recombinant liver glucokinase expressed in Escherichia coli BL21 (DE3) by glucose-6-phosphate dehydrogenase coupled continuous spectrophotometric assay in presence of 2.5 mM glucose
CHEMBL489514,,CHEMBL1056163,2925915,EC50,=,140,nM,6.85,potency,concentration,140.0,6.85,EC50 为标准化浓度型效力指标,10,,0,CHEMBL1155212,2009,LITERATURE,Activation of N-terminal His-tagged human recombinant liver glucokinase expressed in Escherichia coli BL21 (DE3) by glucose-6-phosphate dehydrogenase coupled continuous spectrophotometric assay in presence of 10 mM glucose
CHEMBL489514,,CHEMBL2412836,13387383,Activity,,,,,unclassified,,,,Activity 为自由文本指标（无官方标准化规则），assay 描述未命中提升门槛，不跨实验汇总,200,,0,CHEMBL2406951,2013,LITERATURE,Allosteric activation of recombinant wild-type human pancreatic glucokinase expressed in Escherichia coli K-12 assessed as increase in glucose Vmax by enzyme-kinetic study in presence of 200 mM glucose
CHEMBL489514,,CHEMBL2412837,13387386,Activity,=,10,%,,unclassified,,,,Activity 为自由文本指标（无官方标准化规则），assay 描述未命中提升门槛，不跨实验汇总,200,,0,CHEMBL2406951,2013,LITERATURE,Allosteric activation of recombinant wild-type human pancreatic glucokinase expressed in Escherichia coli K-12 assessed as increase in glucose kcat by enzyme-kinetic study in presence of 200 mM glucose
CHEMBL489514,,CHEMBL2412840,13387394,Activity,,,,,unclassified,,,,Activity 为自由文本指标（无官方标准化规则），assay 描述未命中提升门槛，不跨实验汇总,,,0,CHEMBL2406951,2013,LITERATURE,Allosteric activation of recombinant wild-type human pancreatic glucokinase expressed in Escherichia coli K-12 assessed as reduction in transition time at 20 uM by spectrophotometry in absence of glucose
CHEMBL489514,,CHEMBL2412842,13387391,Activity,,,,,unclassified,,,,Activity 为自由文本指标（无官方标准化规则），assay 描述未命中提升门槛，不跨实验汇总,,,0,CHEMBL2406951,2013,LITERATURE,Allosteric activation of recombinant wild-type human pancreatic glucokinase expressed in Escherichia coli K-12 assessed as reduction in lag of transient-state enzyme progress curve at 25 to 100 uM by spectrophotometry in absence of glucose
CHEMBL489514,,CHEMBL957641,2281451,EC50,=,420,nM,6.38,potency,concentration,420.0,6.38,EC50 为标准化浓度型效力指标,2.5,,1,CHEMBL1153380,2009,LITERATURE,Activation of flag-tagged human recombinant liver glucokinase expressed in Escherichia coli by glucose-6-phosphate dehydrogenase coupled continuous spectrophotometric assay in presence of 2.5 mM glucose
CHEMBL489514,,CHEMBL957643,2282181,EC50,=,140,nM,6.85,potency,concentration,140.0,6.85,EC50 为标准化浓度型效力指标,10,,1,CHEMBL1153380,2009,LITERATURE,Activation of flag-tagged human recombinant liver glucokinase expressed in Escherichia coli by glucose-6-phosphate dehydrogenase coupled continuous spectrophotometric assay in presence of 10 mM glucose
CHEMBL489514,,CHEMBL959301,2287626,EC50,=,420,nM,6.38,potency,concentration,420.0,6.38,EC50 为标准化浓度型效力指标,2.5,,1,CHEMBL1152887,2009,LITERATURE,Activation of human glucokinase by glucose-6-phosphate dehydrogenase coupled continuous spectrophotometric assay in presence of 2.5 mM glucose
CHEMBL489514,,CHEMBL959302,2287627,EC50,=,140,nM,6.85,potency,concentration,140.0,6.85,EC50 为标准化浓度型效力指标,10,,1,CHEMBL1152887,2009,LITERATURE,Activation of human glucokinase by glucose-6-phosphate dehydrogenase coupled continuous spectrophotometric assay in presence of 10 mM glucose
CHEMBL489514,,CHEMBL959303,2287663,FC,=,8,,,efficacy,fold,,,FC（fold change）为激活倍数,2.5,,0,CHEMBL1152887,2009,LITERATURE,Activation of human glucokinase assessed as maximal response by glucose-6-phosphate dehydrogenase coupled continuous spectrophotometric assay in presence of 2.5 mM glucose relative to control
CHEMBL489514,,CHEMBL959304,2287679,FC,=,1.6,,,efficacy,fold,,,FC（fold change）为激活倍数,10,,0,CHEMBL1152887,2009,LITERATURE,Activation of human glucokinase assessed as maximal response by glucose-6-phosphate dehydrogenase coupled continuous spectrophotometric assay in presence of 10 mM glucose relative to control
CHEMBL489710,,CHEMBL959301,2287628,EC50,=,490,nM,6.31,potency,concentration,490.0,6.31,EC50 为标准化浓度型效力指标,2.5,,0,CHEMBL1152887,2009,LITERATURE,Activation of human glucokinase by glucose-6-phosphate dehydrogenase coupled continuous spectrophotometric assay in presence of 2.5 mM glucose
CHEMBL489710,,CHEMBL959302,2287629,EC50,=,120,nM,6.92,potency,concentration,120.0,6.92,EC50 为标准化浓度型效力指标,10,,0,CHEMBL1152887,2009,LITERATURE,Activation of human glucokinase by glucose-6-phosphate dehydrogenase coupled continuous spectrophotometric assay in presence of 10 mM glucose
CHEMBL489710,,CHEMBL959303,2287710,FC,=,8,,,efficacy,fold,,,FC（fold change）为激活倍数,2.5,,0,CHEMBL1152887,2009,LITERATURE,Activation of human glucokinase assessed as maximal response by glucose-6-phosphate dehydrogenase coupled continuous spectrophotometric assay in presence of 2.5 mM glucose relative to control
CHEMBL489710,,CHEMBL959304,2287678,FC,=,1.6,,,efficacy,fold,,,FC（fold change）为激活倍数,10,,0,CHEMBL1152887,2009,LITERATURE,Activation of human glucokinase assessed as maximal response by glucose-6-phosphate dehydrogenase coupled continuous spectrophotometric assay in presence of 10 mM glucose relative to control
CHEMBL489711,,CHEMBL959301,2287630,EC50,=,640,nM,6.19,potency,concentration,640.0,6.19,EC50 为标准化浓度型效力指标,2.5,,0,CHEMBL1152887,2009,LITERATURE,Activation of human glucokinase by glucose-6-phosphate dehydrogenase coupled continuous spectrophotometric assay in presence of 2.5 mM glucose
CHEMBL489711,,CHEMBL959302,2287631,EC50,=,180,nM,6.75,potency,concentration,180.0,6.75,EC50 为标准化浓度型效力指标,10,,0,CHEMBL1152887,2009,LITERATURE,Activation of human glucokinase by glucose-6-phosphate dehydrogenase coupled continuous spectrophotometric assay in presence of 10 mM glucose
CHEMBL489711,,CHEMBL959303,2287709,FC,=,8,,,efficacy,fold,,,FC（fold change）为激活倍数,2.5,,0,CHEMBL1152887,2009,LITERATURE,Activation of human glucokinase assessed as maximal response by glucose-6-phosphate dehydrogenase coupled continuous spectrophotometric assay in presence of 2.5 mM glucose relative to control
CHEMBL489711,,CHEMBL959304,2287677,FC,=,1.6,,,efficacy,fold,,,FC（fold change）为激活倍数,10,,0,CHEMBL1152887,2009,LITERATURE,Activation of human glucokinase assessed as maximal response by glucose-6-phosphate dehydrogenase coupled continuous spectrophotometric assay in presence of 10 mM glucose relative to control
CHEMBL489712,,CHEMBL959301,2287634,EC50,>,10000,nM,,potency,concentration,10000.0,,EC50 为标准化浓度型效力指标,2.5,,0,CHEMBL1152887,2009,LITERATURE,Activation of human glucokinase by glucose-6-phosphate dehydrogenase coupled continuous spectrophotometric assay in presence of 2.5 mM glucose
CHEMBL489712,,CHEMBL959302,2287635,EC50,>,10000,nM,,potency,concentration,10000.0,,EC50 为标准化浓度型效力指标,10,,0,CHEMBL1152887,2009,LITERATURE,Activation of human glucokinase by glucose-6-phosphate dehydrogenase coupled continuous spectrophotometric assay in presence of 10 mM glucose
CHEMBL489712,,CHEMBL959303,2287707,FC,=,8,,,efficacy,fold,,,FC（fold change）为激活倍数,2.5,,0,CHEMBL1152887,2009,LITERATURE,Activation of human glucokinase assessed as maximal response by glucose-6-phosphate dehydrogenase coupled continuous spectrophotometric assay in presence of 2.5 mM glucose relative to control
CHEMBL489712,,CHEMBL959304,2287675,FC,=,1.6,,,efficacy,fold,,,FC（fold change）为激活倍数,10,,0,CHEMBL1152887,2009,LITERATURE,Activation of human glucokinase assessed as maximal response by glucose-6-phosphate dehydrogenase coupled continuous spectrophotometric assay in presence of 10 mM glucose relative to control
CHEMBL490961,,CHEMBL959301,2287654,EC50,=,1100,nM,5.96,potency,concentration,1100.0,5.96,EC50 为标准化浓度型效力指标,2.5,,0,CHEMBL1152887,2009,LITERATURE,Activation of human glucokinase by glucose-6-phosphate dehydrogenase coupled continuous spectrophotometric assay in presence of 2.5 mM glucose
CHEMBL490961,,CHEMBL959302,2287655,EC50,=,330,nM,6.48,potency,concentration,330.0,6.48,EC50 为标准化浓度型效力指标,10,,0,CHEMBL1152887,2009,LITERATURE,Activation of human glucokinase by glucose-6-phosphate dehydrogenase coupled continuous spectrophotometric assay in presence of 10 mM glucose
CHEMBL490961,,CHEMBL959303,2287697,FC,=,8,,,efficacy,fold,,,FC（fold change）为激活倍数,2.5,,0,CHEMBL1152887,2009,LITERATURE,Activation of human glucokinase assessed as maximal response by glucose-6-phosphate dehydrogenase coupled continuous spectrophotometric assay in presence of 2.5 mM glucose relative to control
CHEMBL490961,,CHEMBL959304,2287665,FC,=,1.6,,,efficacy,fold,,,FC（fold change）为激活倍数,10,,0,CHEMBL1152887,2009,LITERATURE,Activation of human glucokinase assessed as maximal response by glucose-6-phosphate dehydrogenase coupled continuous spectrophotometric assay in presence of 10 mM glucose relative to control
CHEMBL491121,,CHEMBL1032034,2670630,EC50,=,420,nM,6.38,potency,concentration,420.0,6.38,EC50 为标准化浓度型效力指标,2.5,,0,CHEMBL1151922,2009,LITERATURE,Activation of flag-tagged human recombinant liver glucokinase expressed in Escherichia coli by glucose-6-phosphate dehydrogenase coupled continuous spectrophotometric assay in presence of 2.5 mM glucose
CHEMBL491121,,CHEMBL1032035,2670663,EC50,=,140,nM,6.85,potency,concentration,140.0,6.85,EC50 为标准化浓度型效力指标,10,,0,CHEMBL1151922,2009,LITERATURE,Activation of flag-tagged human recombinant liver glucokinase expressed in Escherichia coli by glucose-6-phosphate dehydrogenase coupled continuous spectrophotometric assay in presence of 10 mM glucose
CHEMBL491121,,CHEMBL959301,2287640,EC50,=,350,nM,6.46,potency,concentration,350.0,6.46,EC50 为标准化浓度型效力指标,2.5,,0,CHEMBL1152887,2009,LITERATURE,Activation of human glucokinase by glucose-6-phosphate dehydrogenase coupled continuous spectrophotometric assay in presence of 2.5 mM glucose
CHEMBL491121,,CHEMBL959302,2287641,EC50,=,130,nM,6.89,potency,concentration,130.0,6.89,EC50 为标准化浓度型效力指标,10,,0,CHEMBL1152887,2009,LITERATURE,Activation of human glucokinase by glucose-6-phosphate dehydrogenase coupled continuous spectrophotometric assay in presence of 10 mM glucose
CHEMBL491121,,CHEMBL959303,2287704,FC,=,8,,,efficacy,fold,,,FC（fold change）为激活倍数,2.5,,0,CHEMBL1152887,2009,LITERATURE,Activation of human glucokinase assessed as maximal response by glucose-6-phosphate dehydrogenase coupled continuous spectrophotometric assay in presence of 2.5 mM glucose relative to control
CHEMBL491121,,CHEMBL959304,2287672,FC,=,1.6,,,efficacy,fold,,,FC（fold change）为激活倍数,10,,0,CHEMBL1152887,2009,LITERATURE,Activation of human glucokinase assessed as maximal response by glucose-6-phosphate dehydrogenase coupled continuous spectrophotometric assay in presence of 10 mM glucose relative to control
CHEMBL491148,,CHEMBL959301,2287642,EC50,=,330,nM,6.48,potency,concentration,330.0,6.48,EC50 为标准化浓度型效力指标,2.5,,0,CHEMBL1152887,2009,LITERATURE,Activation of human glucokinase by glucose-6-phosphate dehydrogenase coupled continuous spectrophotometric assay in presence of 2.5 mM glucose
CHEMBL491148,,CHEMBL959302,2287643,EC50,=,110,nM,6.96,potency,concentration,110.0,6.96,EC50 为标准化浓度型效力指标,10,,0,CHEMBL1152887,2009,LITERATURE,Activation of human glucokinase by glucose-6-phosphate dehydrogenase coupled continuous spectrophotometric assay in presence of 10 mM glucose
CHEMBL491148,,CHEMBL959303,2287703,FC,=,8,,,efficacy,fold,,,FC（fold change）为激活倍数,2.5,,0,CHEMBL1152887,2009,LITERATURE,Activation of human glucokinase assessed as maximal response by glucose-6-phosphate dehydrogenase coupled continuous spectrophotometric assay in presence of 2.5 mM glucose relative to control
CHEMBL491148,,CHEMBL959304,2287671,FC,=,1.6,,,efficacy,fold,,,FC（fold change）为激活倍数,10,,0,CHEMBL1152887,2009,LITERATURE,Activation of human glucokinase assessed as maximal response by glucose-6-phosphate dehydrogenase coupled continuous spectrophotometric assay in presence of 10 mM glucose relative to control
CHEMBL491151,,CHEMBL959301,2287648,EC50,=,2700,nM,5.57,potency,concentration,2700.0,5.57,EC50 为标准化浓度型效力指标,2.5,,0,CHEMBL1152887,2009,LITERATURE,Activation of human glucokinase by glucose-6-phosphate dehydrogenase coupled continuous spectrophotometric assay in presence of 2.5 mM glucose
CHEMBL491151,,CHEMBL959302,2287649,EC50,=,930,nM,6.03,potency,concentration,930.0,6.03,EC50 为标准化浓度型效力指标,10,,0,CHEMBL1152887,2009,LITERATURE,Activation of human glucokinase by glucose-6-phosphate dehydrogenase coupled continuous spectrophotometric assay in presence of 10 mM glucose
CHEMBL491151,,CHEMBL959303,2287700,FC,=,8,,,efficacy,fold,,,FC（fold change）为激活倍数,2.5,,0,CHEMBL1152887,2009,LITERATURE,Activation of human glucokinase assessed as maximal response by glucose-6-phosphate dehydrogenase coupled continuous spectrophotometric assay in presence of 2.5 mM glucose relative to control
CHEMBL491151,,CHEMBL959304,2287668,FC,=,1.6,,,efficacy,fold,,,FC（fold change）为激活倍数,10,,0,CHEMBL1152887,2009,LITERATURE,Activation of human glucokinase assessed as maximal response by glucose-6-phosphate dehydrogenase coupled continuous spectrophotometric assay in presence of 10 mM glucose relative to control
CHEMBL491322,,CHEMBL959301,2287644,EC50,=,1100,nM,5.96,potency,concentration,1100.0,5.96,EC50 为标准化浓度型效力指标,2.5,,0,CHEMBL1152887,2009,LITERATURE,Activation of human glucokinase by glucose-6-phosphate dehydrogenase coupled continuous spectrophotometric assay in presence of 2.5 mM glucose
CHEMBL491322,,CHEMBL959302,2287645,EC50,=,420,nM,6.38,potency,concentration,420.0,6.38,EC50 为标准化浓度型效力指标,10,,0,CHEMBL1152887,2009,LITERATURE,Activation of human glucokinase by glucose-6-phosphate dehydrogenase coupled continuous spectrophotometric assay in presence of 10 mM glucose
CHEMBL491322,,CHEMBL959303,2287702,FC,=,8,,,efficacy,fold,,,FC（fold change）为激活倍数,2.5,,0,CHEMBL1152887,2009,LITERATURE,Activation of human glucokinase assessed as maximal response by glucose-6-phosphate dehydrogenase coupled continuous spectrophotometric assay in presence of 2.5 mM glucose relative to control
CHEMBL491322,,CHEMBL959304,2287670,FC,=,1.6,,,efficacy,fold,,,FC（fold change）为激活倍数,10,,0,CHEMBL1152887,2009,LITERATURE,Activation of human glucokinase assessed as maximal response by glucose-6-phosphate dehydrogenase coupled continuous spectrophotometric assay in presence of 10 mM glucose relative to control
CHEMBL491323,,CHEMBL959301,2287646,EC50,=,1600,nM,5.8,potency,concentration,1600.0,5.8,EC50 为标准化浓度型效力指标,2.5,,0,CHEMBL1152887,2009,LITERATURE,Activation of human glucokinase by glucose-6-phosphate dehydrogenase coupled continuous spectrophotometric assay in presence of 2.5 mM glucose
CHEMBL491323,,CHEMBL959302,2287647,EC50,=,420,nM,6.38,potency,concentration,420.0,6.38,EC50 为标准化浓度型效力指标,10,,0,CHEMBL1152887,2009,LITERATURE,Activation of human glucokinase by glucose-6-phosphate dehydrogenase coupled continuous spectrophotometric assay in presence of 10 mM glucose
CHEMBL491323,,CHEMBL959303,2287701,FC,=,8,,,efficacy,fold,,,FC（fold change）为激活倍数,2.5,,0,CHEMBL1152887,2009,LITERATURE,Activation of human glucokinase assessed as maximal response by glucose-6-phosphate dehydrogenase coupled continuous spectrophotometric assay in presence of 2.5 mM glucose relative to control
CHEMBL491323,,CHEMBL959304,2287669,FC,=,1.6,,,efficacy,fold,,,FC（fold change）为激活倍数,10,,0,CHEMBL1152887,2009,LITERATURE,Activation of human glucokinase assessed as maximal response by glucose-6-phosphate dehydrogenase coupled continuous spectrophotometric assay in presence of 10 mM glucose relative to control
CHEMBL491325,,CHEMBL957569,2282206,Activity,=,0.61,,,unclassified,,,,Activity 为自由文本指标（无官方标准化规则），assay 描述未命中提升门槛，不跨实验汇总,10,,0,CHEMBL1153380,2009,LITERATURE,"Activation of flag-tagged human recombinant liver glucokinase expressed in Escherichia coli assessed as maximal activating response by glucose-6-phosphate dehydrogenase coupled continuous spectrophotometric assay relative to 2-amino-5-(4-methyl-4H-1,2,4-triazol-3-ylthio)-N-(4-methylthiazol-2-yl)benzamide in presence of 10 mM glucose"
CHEMBL491325,,CHEMBL957641,2281452,EC50,=,7300,nM,5.14,potency,concentration,7300.0,5.14,EC50 为标准化浓度型效力指标,2.5,,1,CHEMBL1153380,2009,LITERATURE,Activation of flag-tagged human recombinant liver glucokinase expressed in Escherichia coli by glucose-6-phosphate dehydrogenase coupled continuous spectrophotometric assay in presence of 2.5 mM glucose
CHEMBL491325,,CHEMBL957642,2282157,Activity,=,0.76,,,unclassified,,,,Activity 为自由文本指标（无官方标准化规则），assay 描述未命中提升门槛，不跨实验汇总,2.5,,0,CHEMBL1153380,2009,LITERATURE,"Activation of flag-tagged human recombinant liver glucokinase expressed in Escherichia coli assessed as maximal activating response by glucose-6-phosphate dehydrogenase coupled continuous spectrophotometric assay relative to 2-amino-5-(4-methyl-4H-1,2,4-triazol-3-ylthio)-N-(4-methylthiazol-2-yl)benzamide in presence of 2.5 mM glucose"
CHEMBL491325,,CHEMBL957643,2282182,EC50,=,1500,nM,5.82,potency,concentration,1500.0,5.82,EC50 为标准化浓度型效力指标,10,,1,CHEMBL1153380,2009,LITERATURE,Activation of flag-tagged human recombinant liver glucokinase expressed in Escherichia coli by glucose-6-phosphate dehydrogenase coupled continuous spectrophotometric assay in presence of 10 mM glucose
CHEMBL491325,,CHEMBL959301,2287650,EC50,=,7300,nM,5.14,potency,concentration,7300.0,5.14,EC50 为标准化浓度型效力指标,2.5,,0,CHEMBL1152887,2009,LITERATURE,Activation of human glucokinase by glucose-6-phosphate dehydrogenase coupled continuous spectrophotometric assay in presence of 2.5 mM glucose
CHEMBL491325,,CHEMBL959302,2287651,EC50,=,1500,nM,5.82,potency,concentration,1500.0,5.82,EC50 为标准化浓度型效力指标,10,,0,CHEMBL1152887,2009,LITERATURE,Activation of human glucokinase by glucose-6-phosphate dehydrogenase coupled continuous spectrophotometric assay in presence of 10 mM glucose
CHEMBL491325,,CHEMBL959303,2287699,FC,=,8,,,efficacy,fold,,,FC（fold change）为激活倍数,2.5,,0,CHEMBL1152887,2009,LITERATURE,Activation of human glucokinase assessed as maximal response by glucose-6-phosphate dehydrogenase coupled continuous spectrophotometric assay in presence of 2.5 mM glucose relative to control
CHEMBL491325,,CHEMBL959304,2287667,FC,=,1.6,,,efficacy,fold,,,FC（fold change）为激活倍数,10,,0,CHEMBL1152887,2009,LITERATURE,Activation of human glucokinase assessed as maximal response by glucose-6-phosphate dehydrogenase coupled continuous spectrophotometric assay in presence of 10 mM glucose relative to control
CHEMBL491329,,CHEMBL959301,2287612,EC50,=,510,nM,6.29,potency,concentration,510.0,6.29,EC50 为标准化浓度型效力指标,2.5,,0,CHEMBL1152887,2009,LITERATURE,Activation of human glucokinase by glucose-6-phosphate dehydrogenase coupled continuous spectrophotometric assay in presence of 2.5 mM glucose
CHEMBL491329,,CHEMBL959302,2287613,EC50,=,130,nM,6.89,potency,concentration,130.0,6.89,EC50 为标准化浓度型效力指标,10,,0,CHEMBL1152887,2009,LITERATURE,Activation of human glucokinase by glucose-6-phosphate dehydrogenase coupled continuous spectrophotometric assay in presence of 10 mM glucose
CHEMBL491329,,CHEMBL959303,2287717,FC,=,8,,,efficacy,fold,,,FC（fold change）为激活倍数,2.5,,0,CHEMBL1152887,2009,LITERATURE,Activation of human glucokinase assessed as maximal response by glucose-6-phosphate dehydrogenase coupled continuous spectrophotometric assay in presence of 2.5 mM glucose relative to control
CHEMBL491329,,CHEMBL959304,2287686,FC,=,1.6,,,efficacy,fold,,,FC（fold change）为激活倍数,10,,0,CHEMBL1152887,2009,LITERATURE,Activation of human glucokinase assessed as maximal response by glucose-6-phosphate dehydrogenase coupled continuous spectrophotometric assay in presence of 10 mM glucose relative to control
CHEMBL491496,,CHEMBL959301,2287652,EC50,>,10000,nM,,potency,concentration,10000.0,,EC50 为标准化浓度型效力指标,2.5,,0,CHEMBL1152887,2009,LITERATURE,Activation of human glucokinase by glucose-6-phosphate dehydrogenase coupled continuous spectrophotometric assay in presence of 2.5 mM glucose
CHEMBL491496,,CHEMBL959302,2287653,EC50,>,10000,nM,,potency,concentration,10000.0,,EC50 为标准化浓度型效力指标,10,,0,CHEMBL1152887,2009,LITERATURE,Activation of human glucokinase by glucose-6-phosphate dehydrogenase coupled continuous spectrophotometric assay in presence of 10 mM glucose
CHEMBL491496,,CHEMBL959303,2287698,FC,=,8,,,efficacy,fold,,,FC（fold change）为激活倍数,2.5,,0,CHEMBL1152887,2009,LITERATURE,Activation of human glucokinase assessed as maximal response by glucose-6-phosphate dehydrogenase coupled continuous spectrophotometric assay in presence of 2.5 mM glucose relative to control
CHEMBL491496,,CHEMBL959304,2287666,FC,=,1.6,,,efficacy,fold,,,FC（fold change）为激活倍数,10,,0,CHEMBL1152887,2009,LITERATURE,Activation of human glucokinase assessed as maximal response by glucose-6-phosphate dehydrogenase coupled continuous spectrophotometric assay in presence of 10 mM glucose relative to control
CHEMBL499520,,CHEMBL1167927,3330506,EC50,=,62,nM,7.21,potency,concentration,62.0,7.21,EC50 为标准化浓度型效力指标,,,0,CHEMBL1165956,2010,LITERATURE,Activation of human glucokinase expressed in Escherichia coli BL21(DE3) coexpressing G6PDH by spectrometry
CHEMBL499520,,CHEMBL1167928,3330484,FC,=,2.59,,,efficacy,fold,,,FC（fold change）为激活倍数,,,0,CHEMBL1165956,2010,LITERATURE,Activation of human glucokinase expressed in Escherichia coli BL21(DE3) coexpressing G6PDH by spectrometry relative to control
CHEMBL499520,,CHEMBL1788085,6224299,EC50,=,180,nM,6.75,potency,concentration,180.0,6.75,EC50 为标准化浓度型效力指标,6.5,,0,CHEMBL1782019,2009,LITERATURE,Activation of human recombinant glucokinase using 6.5 mM glucose by spectrophotometry
CHEMBL499520,,CHEMBL1788086,6224286,Emax,=,96,%,,efficacy,percent,,,Emax 为激活幅度指标，按该 assay 内值域（max=148.0）判为 percent 尺度,6.5,,0,CHEMBL1782019,2009,LITERATURE,Activation of human recombinant glucokinase using 6.5 mM glucose by spectrophotometry relative to control
CHEMBL499520,,CHEMBL3223666,14533405,EC50,=,37,nM,7.43,potency,concentration,37.0,7.43,EC50 为标准化浓度型效力指标,,,0,CHEMBL3217627,2011,LITERATURE,Activation of recombinant human glucokinase assessed as formation of glucose-6-phosphate by G6PDH/NADP coupled assay
CHEMBL499520,,CHEMBL3225185,14538035,EC50,=,62,nM,7.21,potency,concentration,62.0,7.21,EC50 为标准化浓度型效力指标,,,1,CHEMBL3217569,2011,LITERATURE,Activation of recombinant human His6-tagged glucokinase by G6PDH-coupled spectrophotometry
CHEMBL499520,,CHEMBL3225186,14540229,max activation,=,2.59,,,efficacy,fold,,,max activation 为激活幅度指标，按该 assay 内值域（max=2.97）判为 fold 尺度,,,0,CHEMBL3217569,2011,LITERATURE,Activation of recombinant human His6-tagged glucokinase by G6PDH-coupled spectrophotometry relative to control
CHEMBL499520,,CHEMBL3583541,15619454,EC50,=,37,nM,7.43,potency,concentration,37.0,7.43,EC50 为标准化浓度型效力指标,,,1,CHEMBL3580608,2014,LITERATURE,Activation of recombinant human glucokinase assessed as formation of glucose-6-phosphate by G6PDH/NADP coupled assay
CHEMBL499520,,CHEMBL990114,2459495,EC50,=,130,nM,6.89,potency,concentration,130.0,6.89,EC50 为标准化浓度型效力指标,,,0,CHEMBL1155108,2008,LITERATURE,Activation of GST fused human liver glucokinase assessed as generation of NADPH by G6PDH coupled assay
CHEMBL499520,,CHEMBL990115,2459504,FC,=,4.4,,,efficacy,fold,,,FC（fold change）为激活倍数,,,0,CHEMBL1155108,2008,LITERATURE,Activation of GST fused human liver glucokinase assessed as generation of NADPH by G6PDH coupled assay relative to control
CHEMBL499520,,CHEMBL990116,2459516,Activity,=,0.05,uM,,unclassified,,,,Activity 为自由文本指标（无官方标准化规则），assay 描述未命中提升门槛，不跨实验汇总,,,0,CHEMBL1155108,2008,LITERATURE,Activation of GST fused human liver glucokinase assessed as concentration required to double glucokinase activity by G6PDH coupled assay
CHEMBL505096,,CHEMBL959301,2287632,EC50,=,1200,nM,5.92,potency,concentration,1200.0,5.92,EC50 为标准化浓度型效力指标,2.5,,0,CHEMBL1152887,2009,LITERATURE,Activation of human glucokinase by glucose-6-phosphate dehydrogenase coupled continuous spectrophotometric assay in presence of 2.5 mM glucose
CHEMBL505096,,CHEMBL959302,2287633,EC50,=,230,nM,6.64,potency,concentration,230.0,6.64,EC50 为标准化浓度型效力指标,10,,0,CHEMBL1152887,2009,LITERATURE,Activation of human glucokinase by glucose-6-phosphate dehydrogenase coupled continuous spectrophotometric assay in presence of 10 mM glucose
CHEMBL505096,,CHEMBL959303,2287708,FC,=,8,,,efficacy,fold,,,FC（fold change）为激活倍数,2.5,,0,CHEMBL1152887,2009,LITERATURE,Activation of human glucokinase assessed as maximal response by glucose-6-phosphate dehydrogenase coupled continuous spectrophotometric assay in presence of 2.5 mM glucose relative to control
CHEMBL505096,,CHEMBL959304,2287676,FC,=,1.6,,,efficacy,fold,,,FC（fold change）为激活倍数,10,,0,CHEMBL1152887,2009,LITERATURE,Activation of human glucokinase assessed as maximal response by glucose-6-phosphate dehydrogenase coupled continuous spectrophotometric assay in presence of 10 mM glucose relative to control
CHEMBL5071861,,CHEMBL5048861,24421359,EC50,=,75,nM,7.12,potency,concentration,75.0,7.12,EC50 为标准化浓度型效力指标,,,0,CHEMBL5046279,2022,LITERATURE,Activation of recombinant full length human liver glucokinase expressed in Escherichia coli incubated for 10 mins by plate reader analysis
CHEMBL5071861,,CHEMBL5048862,24421385,Emax,=,219,%,,efficacy,percent,,,Emax 为激活幅度指标，按该 assay 内值域（max=256.0）判为 percent 尺度,,,0,CHEMBL5046279,2022,LITERATURE,Activation of recombinant full length human liver glucokinase expressed in Escherichia coli assessed as maximal activation incubated for 10 mins by plate reader analysis relative to control
CHEMBL5072442,,CHEMBL5048861,24421375,EC50,=,67,nM,7.17,potency,concentration,67.0,7.17,EC50 为标准化浓度型效力指标,,,0,CHEMBL5046279,2022,LITERATURE,Activation of recombinant full length human liver glucokinase expressed in Escherichia coli incubated for 10 mins by plate reader analysis
CHEMBL5072442,,CHEMBL5048862,24421401,Emax,=,175,%,,efficacy,percent,,,Emax 为激活幅度指标，按该 assay 内值域（max=256.0）判为 percent 尺度,,,0,CHEMBL5046279,2022,LITERATURE,Activation of recombinant full length human liver glucokinase expressed in Escherichia coli assessed as maximal activation incubated for 10 mins by plate reader analysis relative to control
CHEMBL5072532,,CHEMBL5048855,24421352,EC50,=,53,nM,7.28,potency,concentration,53.0,7.28,EC50 为标准化浓度型效力指标,5,,0,CHEMBL5046279,2022,LITERATURE,Activation of recombinant human full length liver glucokinase expressed in Escherichia coli incubated for 10 mins in presence of 5 mM glucose by plate reader analysis
CHEMBL5072532,,CHEMBL5048861,24421378,EC50,=,29,nM,7.54,potency,concentration,29.0,7.54,EC50 为标准化浓度型效力指标,,,0,CHEMBL5046279,2022,LITERATURE,Activation of recombinant full length human liver glucokinase expressed in Escherichia coli incubated for 10 mins by plate reader analysis
CHEMBL5072532,,CHEMBL5048862,24421404,Emax,=,143,%,,efficacy,percent,,,Emax 为激活幅度指标，按该 assay 内值域（max=256.0）判为 percent 尺度,,,0,CHEMBL5046279,2022,LITERATURE,Activation of recombinant full length human liver glucokinase expressed in Escherichia coli assessed as maximal activation incubated for 10 mins by plate reader analysis relative to control
CHEMBL5072532,,CHEMBL5048926,24421561,Emax,=,307,%,,efficacy,percent,,,Emax 为激活幅度指标，按该 assay 内值域（max=452.0）判为 percent 尺度,5,,0,CHEMBL5046279,2022,LITERATURE,Activation of recombinant human full length liver glucokinase expressed in Escherichia coli assessed as maximal activation incubated for 10 mins in presence of 5 mM glucose by plate reader analysis relative to control
CHEMBL5072532,,CHEMBL5048927,24421563,EC50,=,148,nM,6.83,potency,concentration,148.0,6.83,EC50 为标准化浓度型效力指标,2,,0,CHEMBL5046279,2022,LITERATURE,Activation of recombinant human full length liver glucokinase expressed in Escherichia coli incubated for 10 mins in presence of 2 mM glucose by plate reader analysis
CHEMBL5072532,,CHEMBL5048928,24421565,Emax,=,1226,%,,efficacy,percent,,,Emax 为激活幅度指标，按该 assay 内值域（max=1454.0）判为 percent 尺度,2,,0,CHEMBL5046279,2022,LITERATURE,Activation of recombinant human full length liver glucokinase expressed in Escherichia coli assessed as maximal activation incubated for 10 mins in presence of 2 mM glucose by plate reader analysis relative to control
CHEMBL5072532,,CHEMBL5048931,24421571,Km,=,3600000,nM,,kinetic,,,,Km 属酶动力学参数（机制读数），不计入效力/效能,,,0,CHEMBL5046279,2022,LITERATURE,Activation of human glucokinase assessed as decrease in glucose Km
CHEMBL5072532,,CHEMBL5048932,24421573,Kcat,=,180,%,,kinetic,,,,Kcat 属酶动力学参数（机制读数），不计入效力/效能,,,0,CHEMBL5046279,2022,LITERATURE,Activation of human glucokinase assessed as increase rate of glucose turnover
CHEMBL5075882,,CHEMBL5048861,24421362,EC50,=,169,nM,6.77,potency,concentration,169.0,6.77,EC50 为标准化浓度型效力指标,,,0,CHEMBL5046279,2022,LITERATURE,Activation of recombinant full length human liver glucokinase expressed in Escherichia coli incubated for 10 mins by plate reader analysis
CHEMBL5075882,,CHEMBL5048862,24421388,Emax,=,197,%,,efficacy,percent,,,Emax 为激活幅度指标，按该 assay 内值域（max=256.0）判为 percent 尺度,,,0,CHEMBL5046279,2022,LITERATURE,Activation of recombinant full length human liver glucokinase expressed in Escherichia coli assessed as maximal activation incubated for 10 mins by plate reader analysis relative to control
CHEMBL5076377,,CHEMBL5048861,24421376,EC50,=,25,nM,7.6,potency,concentration,25.0,7.6,EC50 为标准化浓度型效力指标,,,0,CHEMBL5046279,2022,LITERATURE,Activation of recombinant full length human liver glucokinase expressed in Escherichia coli incubated for 10 mins by plate reader analysis
CHEMBL5076377,,CHEMBL5048862,24421402,Emax,=,124,%,,efficacy,percent,,,Emax 为激活幅度指标，按该 assay 内值域（max=256.0）判为 percent 尺度,,,0,CHEMBL5046279,2022,LITERATURE,Activation of recombinant full length human liver glucokinase expressed in Escherichia coli assessed as maximal activation incubated for 10 mins by plate reader analysis relative to control
CHEMBL5076695,,CHEMBL5048861,24421373,EC50,=,28,nM,7.55,potency,concentration,28.0,7.55,EC50 为标准化浓度型效力指标,,,0,CHEMBL5046279,2022,LITERATURE,Activation of recombinant full length human liver glucokinase expressed in Escherichia coli incubated for 10 mins by plate reader analysis
CHEMBL5076695,,CHEMBL5048862,24421399,Emax,=,203,%,,efficacy,percent,,,Emax 为激活幅度指标，按该 assay 内值域（max=256.0）判为 percent 尺度,,,0,CHEMBL5046279,2022,LITERATURE,Activation of recombinant full length human liver glucokinase expressed in Escherichia coli assessed as maximal activation incubated for 10 mins by plate reader analysis relative to control
CHEMBL5077438,,CHEMBL5048861,24421380,EC50,=,1240,nM,5.91,potency,concentration,1240.0,5.91,EC50 为标准化浓度型效力指标,,,0,CHEMBL5046279,2022,LITERATURE,Activation of recombinant full length human liver glucokinase expressed in Escherichia coli incubated for 10 mins by plate reader analysis
CHEMBL5077438,,CHEMBL5048862,24421406,Emax,=,168,%,,efficacy,percent,,,Emax 为激活幅度指标，按该 assay 内值域（max=256.0）判为 percent 尺度,,,0,CHEMBL5046279,2022,LITERATURE,Activation of recombinant full length human liver glucokinase expressed in Escherichia coli assessed as maximal activation incubated for 10 mins by plate reader analysis relative to control
CHEMBL5079866,,CHEMBL5048861,24421381,EC50,=,656,nM,6.18,potency,concentration,656.0,6.18,EC50 为标准化浓度型效力指标,,,0,CHEMBL5046279,2022,LITERATURE,Activation of recombinant full length human liver glucokinase expressed in Escherichia coli incubated for 10 mins by plate reader analysis
CHEMBL5079866,,CHEMBL5048862,24421407,Emax,=,230,%,,efficacy,percent,,,Emax 为激活幅度指标，按该 assay 内值域（max=256.0）判为 percent 尺度,,,0,CHEMBL5046279,2022,LITERATURE,Activation of recombinant full length human liver glucokinase expressed in Escherichia coli assessed as maximal activation incubated for 10 mins by plate reader analysis relative to control
CHEMBL5080166,,CHEMBL5048861,24421383,EC50,=,148,nM,6.83,potency,concentration,148.0,6.83,EC50 为标准化浓度型效力指标,,,0,CHEMBL5046279,2022,LITERATURE,Activation of recombinant full length human liver glucokinase expressed in Escherichia coli incubated for 10 mins by plate reader analysis
CHEMBL5080166,,CHEMBL5048862,24421409,Emax,=,157,%,,efficacy,percent,,,Emax 为激活幅度指标，按该 assay 内值域（max=256.0）判为 percent 尺度,,,0,CHEMBL5046279,2022,LITERATURE,Activation of recombinant full length human liver glucokinase expressed in Escherichia coli assessed as maximal activation incubated for 10 mins by plate reader analysis relative to control
CHEMBL5080889,,CHEMBL5048861,24421363,EC50,=,679,nM,6.17,potency,concentration,679.0,6.17,EC50 为标准化浓度型效力指标,,,0,CHEMBL5046279,2022,LITERATURE,Activation of recombinant full length human liver glucokinase expressed in Escherichia coli incubated for 10 mins by plate reader analysis
CHEMBL5080889,,CHEMBL5048862,24421389,Emax,=,178,%,,efficacy,percent,,,Emax 为激活幅度指标，按该 assay 内值域（max=256.0）判为 percent 尺度,,,0,CHEMBL5046279,2022,LITERATURE,Activation of recombinant full length human liver glucokinase expressed in Escherichia coli assessed as maximal activation incubated for 10 mins by plate reader analysis relative to control
CHEMBL5081517,,CHEMBL5048861,24421368,EC50,=,76,nM,7.12,potency,concentration,76.0,7.12,EC50 为标准化浓度型效力指标,,,0,CHEMBL5046279,2022,LITERATURE,Activation of recombinant full length human liver glucokinase expressed in Escherichia coli incubated for 10 mins by plate reader analysis
CHEMBL5081517,,CHEMBL5048862,24421394,Emax,=,187,%,,efficacy,percent,,,Emax 为激活幅度指标，按该 assay 内值域（max=256.0）判为 percent 尺度,,,0,CHEMBL5046279,2022,LITERATURE,Activation of recombinant full length human liver glucokinase expressed in Escherichia coli assessed as maximal activation incubated for 10 mins by plate reader analysis relative to control
CHEMBL5082691,,CHEMBL5048861,24421382,EC50,=,193,nM,6.71,potency,concentration,193.0,6.71,EC50 为标准化浓度型效力指标,,,0,CHEMBL5046279,2022,LITERATURE,Activation of recombinant full length human liver glucokinase expressed in Escherichia coli incubated for 10 mins by plate reader analysis
CHEMBL5082691,,CHEMBL5048862,24421408,Emax,=,174,%,,efficacy,percent,,,Emax 为激活幅度指标，按该 assay 内值域（max=256.0）判为 percent 尺度,,,0,CHEMBL5046279,2022,LITERATURE,Activation of recombinant full length human liver glucokinase expressed in Escherichia coli assessed as maximal activation incubated for 10 mins by plate reader analysis relative to control
CHEMBL5083369,,CHEMBL5048861,24421367,EC50,=,87,nM,7.06,potency,concentration,87.0,7.06,EC50 为标准化浓度型效力指标,,,0,CHEMBL5046279,2022,LITERATURE,Activation of recombinant full length human liver glucokinase expressed in Escherichia coli incubated for 10 mins by plate reader analysis
CHEMBL5083369,,CHEMBL5048862,24421393,Emax,=,224,%,,efficacy,percent,,,Emax 为激活幅度指标，按该 assay 内值域（max=256.0）判为 percent 尺度,,,0,CHEMBL5046279,2022,LITERATURE,Activation of recombinant full length human liver glucokinase expressed in Escherichia coli assessed as maximal activation incubated for 10 mins by plate reader analysis relative to control
CHEMBL5083525,,CHEMBL5048861,24421360,EC50,=,49,nM,7.31,potency,concentration,49.0,7.31,EC50 为标准化浓度型效力指标,,,0,CHEMBL5046279,2022,LITERATURE,Activation of recombinant full length human liver glucokinase expressed in Escherichia coli incubated for 10 mins by plate reader analysis
CHEMBL5083525,,CHEMBL5048862,24421386,Emax,=,256,%,,efficacy,percent,,,Emax 为激活幅度指标，按该 assay 内值域（max=256.0）判为 percent 尺度,,,0,CHEMBL5046279,2022,LITERATURE,Activation of recombinant full length human liver glucokinase expressed in Escherichia coli assessed as maximal activation incubated for 10 mins by plate reader analysis relative to control
CHEMBL5084870,,CHEMBL5048861,24421369,EC50,=,24,nM,7.62,potency,concentration,24.0,7.62,EC50 为标准化浓度型效力指标,,,0,CHEMBL5046279,2022,LITERATURE,Activation of recombinant full length human liver glucokinase expressed in Escherichia coli incubated for 10 mins by plate reader analysis
CHEMBL5084870,,CHEMBL5048862,24421395,Emax,=,242,%,,efficacy,percent,,,Emax 为激活幅度指标，按该 assay 内值域（max=256.0）判为 percent 尺度,,,0,CHEMBL5046279,2022,LITERATURE,Activation of recombinant full length human liver glucokinase expressed in Escherichia coli assessed as maximal activation incubated for 10 mins by plate reader analysis relative to control
CHEMBL5085491,,CHEMBL5048861,24421371,EC50,=,234,nM,6.63,potency,concentration,234.0,6.63,EC50 为标准化浓度型效力指标,,,0,CHEMBL5046279,2022,LITERATURE,Activation of recombinant full length human liver glucokinase expressed in Escherichia coli incubated for 10 mins by plate reader analysis
CHEMBL5085491,,CHEMBL5048862,24421397,Emax,=,217,%,,efficacy,percent,,,Emax 为激活幅度指标，按该 assay 内值域（max=256.0）判为 percent 尺度,,,0,CHEMBL5046279,2022,LITERATURE,Activation of recombinant full length human liver glucokinase expressed in Escherichia coli assessed as maximal activation incubated for 10 mins by plate reader analysis relative to control
CHEMBL5086686,,CHEMBL5048861,24421370,EC50,=,530,nM,6.28,potency,concentration,530.0,6.28,EC50 为标准化浓度型效力指标,,,0,CHEMBL5046279,2022,LITERATURE,Activation of recombinant full length human liver glucokinase expressed in Escherichia coli incubated for 10 mins by plate reader analysis
CHEMBL5086686,,CHEMBL5048862,24421396,Emax,=,252,%,,efficacy,percent,,,Emax 为激活幅度指标，按该 assay 内值域（max=256.0）判为 percent 尺度,,,0,CHEMBL5046279,2022,LITERATURE,Activation of recombinant full length human liver glucokinase expressed in Escherichia coli assessed as maximal activation incubated for 10 mins by plate reader analysis relative to control
CHEMBL5086985,,CHEMBL5048861,24421361,EC50,=,164,nM,6.79,potency,concentration,164.0,6.79,EC50 为标准化浓度型效力指标,,,0,CHEMBL5046279,2022,LITERATURE,Activation of recombinant full length human liver glucokinase expressed in Escherichia coli incubated for 10 mins by plate reader analysis
CHEMBL5086985,,CHEMBL5048862,24421387,Emax,=,188,%,,efficacy,percent,,,Emax 为激活幅度指标，按该 assay 内值域（max=256.0）判为 percent 尺度,,,0,CHEMBL5046279,2022,LITERATURE,Activation of recombinant full length human liver glucokinase expressed in Escherichia coli assessed as maximal activation incubated for 10 mins by plate reader analysis relative to control
CHEMBL5087489,,CHEMBL5048861,24421377,EC50,=,188,nM,6.73,potency,concentration,188.0,6.73,EC50 为标准化浓度型效力指标,,,0,CHEMBL5046279,2022,LITERATURE,Activation of recombinant full length human liver glucokinase expressed in Escherichia coli incubated for 10 mins by plate reader analysis
CHEMBL5087489,,CHEMBL5048862,24421403,Emax,=,167,%,,efficacy,percent,,,Emax 为激活幅度指标，按该 assay 内值域（max=256.0）判为 percent 尺度,,,0,CHEMBL5046279,2022,LITERATURE,Activation of recombinant full length human liver glucokinase expressed in Escherichia coli assessed as maximal activation incubated for 10 mins by plate reader analysis relative to control
CHEMBL5088522,,CHEMBL5048861,24421372,EC50,=,159,nM,6.8,potency,concentration,159.0,6.8,EC50 为标准化浓度型效力指标,,,0,CHEMBL5046279,2022,LITERATURE,Activation of recombinant full length human liver glucokinase expressed in Escherichia coli incubated for 10 mins by plate reader analysis
CHEMBL5088522,,CHEMBL5048862,24421398,Emax,=,217,%,,efficacy,percent,,,Emax 为激活幅度指标，按该 assay 内值域（max=256.0）判为 percent 尺度,,,0,CHEMBL5046279,2022,LITERATURE,Activation of recombinant full length human liver glucokinase expressed in Escherichia coli assessed as maximal activation incubated for 10 mins by plate reader analysis relative to control
CHEMBL5088988,,CHEMBL5048861,24421364,EC50,=,79,nM,7.1,potency,concentration,79.0,7.1,EC50 为标准化浓度型效力指标,,,0,CHEMBL5046279,2022,LITERATURE,Activation of recombinant full length human liver glucokinase expressed in Escherichia coli incubated for 10 mins by plate reader analysis
CHEMBL5088988,,CHEMBL5048862,24421390,Emax,=,215,%,,efficacy,percent,,,Emax 为激活幅度指标，按该 assay 内值域（max=256.0）判为 percent 尺度,,,0,CHEMBL5046279,2022,LITERATURE,Activation of recombinant full length human liver glucokinase expressed in Escherichia coli assessed as maximal activation incubated for 10 mins by plate reader analysis relative to control
CHEMBL5091943,,CHEMBL5048855,24421351,EC50,=,64,nM,7.19,potency,concentration,64.0,7.19,EC50 为标准化浓度型效力指标,5,,0,CHEMBL5046279,2022,LITERATURE,Activation of recombinant human full length liver glucokinase expressed in Escherichia coli incubated for 10 mins in presence of 5 mM glucose by plate reader analysis
CHEMBL5091943,,CHEMBL5048861,24421358,EC50,=,38,nM,7.42,potency,concentration,38.0,7.42,EC50 为标准化浓度型效力指标,,,0,CHEMBL5046279,2022,LITERATURE,Activation of recombinant full length human liver glucokinase expressed in Escherichia coli incubated for 10 mins by plate reader analysis
CHEMBL5091943,,CHEMBL5048862,24421384,Emax,=,204,%,,efficacy,percent,,,Emax 为激活幅度指标，按该 assay 内值域（max=256.0）判为 percent 尺度,,,0,CHEMBL5046279,2022,LITERATURE,Activation of recombinant full length human liver glucokinase expressed in Escherichia coli assessed as maximal activation incubated for 10 mins by plate reader analysis relative to control
CHEMBL5091943,,CHEMBL5048926,24421560,Emax,=,452,%,,efficacy,percent,,,Emax 为激活幅度指标，按该 assay 内值域（max=452.0）判为 percent 尺度,5,,0,CHEMBL5046279,2022,LITERATURE,Activation of recombinant human full length liver glucokinase expressed in Escherichia coli assessed as maximal activation incubated for 10 mins in presence of 5 mM glucose by plate reader analysis relative to control
CHEMBL5091943,,CHEMBL5048927,24421562,EC50,=,185,nM,6.73,potency,concentration,185.0,6.73,EC50 为标准化浓度型效力指标,2,,0,CHEMBL5046279,2022,LITERATURE,Activation of recombinant human full length liver glucokinase expressed in Escherichia coli incubated for 10 mins in presence of 2 mM glucose by plate reader analysis
CHEMBL5091943,,CHEMBL5048928,24421564,Emax,=,1454,%,,efficacy,percent,,,Emax 为激活幅度指标，按该 assay 内值域（max=1454.0）判为 percent 尺度,2,,0,CHEMBL5046279,2022,LITERATURE,Activation of recombinant human full length liver glucokinase expressed in Escherichia coli assessed as maximal activation incubated for 10 mins in presence of 2 mM glucose by plate reader analysis relative to control
CHEMBL5091943,,CHEMBL5048931,24421570,Km,=,2400000,nM,,kinetic,,,,Km 属酶动力学参数（机制读数），不计入效力/效能,,,0,CHEMBL5046279,2022,LITERATURE,Activation of human glucokinase assessed as decrease in glucose Km
CHEMBL5091943,,CHEMBL5048932,24421572,Kcat,=,250,%,,kinetic,,,,Kcat 属酶动力学参数（机制读数），不计入效力/效能,,,0,CHEMBL5046279,2022,LITERATURE,Activation of human glucokinase assessed as increase rate of glucose turnover
CHEMBL5092846,,CHEMBL5048861,24421374,EC50,=,32,nM,7.5,potency,concentration,32.0,7.5,EC50 为标准化浓度型效力指标,,,0,CHEMBL5046279,2022,LITERATURE,Activation of recombinant full length human liver glucokinase expressed in Escherichia coli incubated for 10 mins by plate reader analysis
CHEMBL5092846,,CHEMBL5048862,24421400,Emax,=,183,%,,efficacy,percent,,,Emax 为激活幅度指标，按该 assay 内值域（max=256.0）判为 percent 尺度,,,0,CHEMBL5046279,2022,LITERATURE,Activation of recombinant full length human liver glucokinase expressed in Escherichia coli assessed as maximal activation incubated for 10 mins by plate reader analysis relative to control
CHEMBL5093208,,CHEMBL5048861,24421365,EC50,=,98,nM,7.01,potency,concentration,98.0,7.01,EC50 为标准化浓度型效力指标,,,0,CHEMBL5046279,2022,LITERATURE,Activation of recombinant full length human liver glucokinase expressed in Escherichia coli incubated for 10 mins by plate reader analysis
CHEMBL5093208,,CHEMBL5048862,24421391,Emax,=,255,%,,efficacy,percent,,,Emax 为激活幅度指标，按该 assay 内值域（max=256.0）判为 percent 尺度,,,0,CHEMBL5046279,2022,LITERATURE,Activation of recombinant full length human liver glucokinase expressed in Escherichia coli assessed as maximal activation incubated for 10 mins by plate reader analysis relative to control
CHEMBL5093978,,CHEMBL5048861,24421366,EC50,=,48,nM,7.32,potency,concentration,48.0,7.32,EC50 为标准化浓度型效力指标,,,0,CHEMBL5046279,2022,LITERATURE,Activation of recombinant full length human liver glucokinase expressed in Escherichia coli incubated for 10 mins by plate reader analysis
CHEMBL5093978,,CHEMBL5048862,24421392,Emax,=,213,%,,efficacy,percent,,,Emax 为激活幅度指标，按该 assay 内值域（max=256.0）判为 percent 尺度,,,0,CHEMBL5046279,2022,LITERATURE,Activation of recombinant full length human liver glucokinase expressed in Escherichia coli assessed as maximal activation incubated for 10 mins by plate reader analysis relative to control
CHEMBL5094606,,CHEMBL5048861,24421379,EC50,=,61,nM,7.21,potency,concentration,61.0,7.21,EC50 为标准化浓度型效力指标,,,0,CHEMBL5046279,2022,LITERATURE,Activation of recombinant full length human liver glucokinase expressed in Escherichia coli incubated for 10 mins by plate reader analysis
CHEMBL5094606,,CHEMBL5048862,24421405,Emax,=,150,%,,efficacy,percent,,,Emax 为激活幅度指标，按该 assay 内值域（max=256.0）判为 percent 尺度,,,0,CHEMBL5046279,2022,LITERATURE,Activation of recombinant full length human liver glucokinase expressed in Escherichia coli assessed as maximal activation incubated for 10 mins by plate reader analysis relative to control
CHEMBL514512,,CHEMBL957569,2282210,Activity,=,0.74,,,unclassified,,,,Activity 为自由文本指标（无官方标准化规则），assay 描述未命中提升门槛，不跨实验汇总,10,,0,CHEMBL1153380,2009,LITERATURE,"Activation of flag-tagged human recombinant liver glucokinase expressed in Escherichia coli assessed as maximal activating response by glucose-6-phosphate dehydrogenase coupled continuous spectrophotometric assay relative to 2-amino-5-(4-methyl-4H-1,2,4-triazol-3-ylthio)-N-(4-methylthiazol-2-yl)benzamide in presence of 10 mM glucose"
CHEMBL514512,,CHEMBL957641,2282137,EC50,=,6300,nM,5.2,potency,concentration,6300.0,5.2,EC50 为标准化浓度型效力指标,2.5,,0,CHEMBL1153380,2009,LITERATURE,Activation of flag-tagged human recombinant liver glucokinase expressed in Escherichia coli by glucose-6-phosphate dehydrogenase coupled continuous spectrophotometric assay in presence of 2.5 mM glucose
CHEMBL514512,,CHEMBL957642,2282161,Activity,=,0.55,,,unclassified,,,,Activity 为自由文本指标（无官方标准化规则），assay 描述未命中提升门槛，不跨实验汇总,2.5,,0,CHEMBL1153380,2009,LITERATURE,"Activation of flag-tagged human recombinant liver glucokinase expressed in Escherichia coli assessed as maximal activating response by glucose-6-phosphate dehydrogenase coupled continuous spectrophotometric assay relative to 2-amino-5-(4-methyl-4H-1,2,4-triazol-3-ylthio)-N-(4-methylthiazol-2-yl)benzamide in presence of 2.5 mM glucose"
CHEMBL514512,,CHEMBL957643,2282186,EC50,=,2200,nM,5.66,potency,concentration,2200.0,5.66,EC50 为标准化浓度型效力指标,10,,0,CHEMBL1153380,2009,LITERATURE,Activation of flag-tagged human recombinant liver glucokinase expressed in Escherichia coli by glucose-6-phosphate dehydrogenase coupled continuous spectrophotometric assay in presence of 10 mM glucose
CHEMBL514955,,CHEMBL957569,2282220,Activity,=,0.2,,,unclassified,,,,Activity 为自由文本指标（无官方标准化规则），assay 描述未命中提升门槛，不跨实验汇总,10,,0,CHEMBL1153380,2009,LITERATURE,"Activation of flag-tagged human recombinant liver glucokinase expressed in Escherichia coli assessed as maximal activating response by glucose-6-phosphate dehydrogenase coupled continuous spectrophotometric assay relative to 2-amino-5-(4-methyl-4H-1,2,4-triazol-3-ylthio)-N-(4-methylthiazol-2-yl)benzamide in presence of 10 mM glucose"
CHEMBL514955,,CHEMBL957641,2282147,EC50,>,30000,nM,,potency,concentration,30000.0,,EC50 为标准化浓度型效力指标,2.5,,0,CHEMBL1153380,2009,LITERATURE,Activation of flag-tagged human recombinant liver glucokinase expressed in Escherichia coli by glucose-6-phosphate dehydrogenase coupled continuous spectrophotometric assay in presence of 2.5 mM glucose
CHEMBL514955,,CHEMBL957642,2282171,Activity,=,0.05,,,unclassified,,,,Activity 为自由文本指标（无官方标准化规则），assay 描述未命中提升门槛，不跨实验汇总,2.5,,0,CHEMBL1153380,2009,LITERATURE,"Activation of flag-tagged human recombinant liver glucokinase expressed in Escherichia coli assessed as maximal activating response by glucose-6-phosphate dehydrogenase coupled continuous spectrophotometric assay relative to 2-amino-5-(4-methyl-4H-1,2,4-triazol-3-ylthio)-N-(4-methylthiazol-2-yl)benzamide in presence of 2.5 mM glucose"
CHEMBL514955,,CHEMBL957643,2282196,EC50,>,30000,nM,,potency,concentration,30000.0,,EC50 为标准化浓度型效力指标,10,,0,CHEMBL1153380,2009,LITERATURE,Activation of flag-tagged human recombinant liver glucokinase expressed in Escherichia coli by glucose-6-phosphate dehydrogenase coupled continuous spectrophotometric assay in presence of 10 mM glucose
CHEMBL516371,,CHEMBL957569,2282213,Activity,=,0.69,,,unclassified,,,,Activity 为自由文本指标（无官方标准化规则），assay 描述未命中提升门槛，不跨实验汇总,10,,0,CHEMBL1153380,2009,LITERATURE,"Activation of flag-tagged human recombinant liver glucokinase expressed in Escherichia coli assessed as maximal activating response by glucose-6-phosphate dehydrogenase coupled continuous spectrophotometric assay relative to 2-amino-5-(4-methyl-4H-1,2,4-triazol-3-ylthio)-N-(4-methylthiazol-2-yl)benzamide in presence of 10 mM glucose"
CHEMBL516371,,CHEMBL957641,2282140,EC50,=,8200,nM,5.09,potency,concentration,8200.0,5.09,EC50 为标准化浓度型效力指标,2.5,,0,CHEMBL1153380,2009,LITERATURE,Activation of flag-tagged human recombinant liver glucokinase expressed in Escherichia coli by glucose-6-phosphate dehydrogenase coupled continuous spectrophotometric assay in presence of 2.5 mM glucose
CHEMBL516371,,CHEMBL957642,2282164,Activity,=,0.45,,,unclassified,,,,Activity 为自由文本指标（无官方标准化规则），assay 描述未命中提升门槛，不跨实验汇总,2.5,,0,CHEMBL1153380,2009,LITERATURE,"Activation of flag-tagged human recombinant liver glucokinase expressed in Escherichia coli assessed as maximal activating response by glucose-6-phosphate dehydrogenase coupled continuous spectrophotometric assay relative to 2-amino-5-(4-methyl-4H-1,2,4-triazol-3-ylthio)-N-(4-methylthiazol-2-yl)benzamide in presence of 2.5 mM glucose"
CHEMBL516371,,CHEMBL957643,2282189,EC50,=,2300,nM,5.64,potency,concentration,2300.0,5.64,EC50 为标准化浓度型效力指标,10,,0,CHEMBL1153380,2009,LITERATURE,Activation of flag-tagged human recombinant liver glucokinase expressed in Escherichia coli by glucose-6-phosphate dehydrogenase coupled continuous spectrophotometric assay in presence of 10 mM glucose
CHEMBL516458,,CHEMBL990114,2459502,EC50,=,560,nM,6.25,potency,concentration,560.0,6.25,EC50 为标准化浓度型效力指标,,,0,CHEMBL1155108,2008,LITERATURE,Activation of GST fused human liver glucokinase assessed as generation of NADPH by G6PDH coupled assay
CHEMBL516458,,CHEMBL990115,2459510,FC,=,5.4,,,efficacy,fold,,,FC（fold change）为激活倍数,,,0,CHEMBL1155108,2008,LITERATURE,Activation of GST fused human liver glucokinase assessed as generation of NADPH by G6PDH coupled assay relative to control
CHEMBL516458,,CHEMBL990116,2459522,Activity,=,0.17,uM,,unclassified,,,,Activity 为自由文本指标（无官方标准化规则），assay 描述未命中提升门槛，不跨实验汇总,,,0,CHEMBL1155108,2008,LITERATURE,Activation of GST fused human liver glucokinase assessed as concentration required to double glucokinase activity by G6PDH coupled assay
CHEMBL517534,,CHEMBL1167927,3330507,EC50,=,570,nM,6.24,potency,concentration,570.0,6.24,EC50 为标准化浓度型效力指标,,,1,CHEMBL1165956,2010,LITERATURE,Activation of human glucokinase expressed in Escherichia coli BL21(DE3) coexpressing G6PDH by spectrometry
CHEMBL517534,,CHEMBL990114,2459497,EC50,=,570,nM,6.24,potency,concentration,570.0,6.24,EC50 为标准化浓度型效力指标,,,0,CHEMBL1155108,2008,LITERATURE,Activation of GST fused human liver glucokinase assessed as generation of NADPH by G6PDH coupled assay
CHEMBL517534,,CHEMBL990115,2459506,FC,=,4.7,,,efficacy,fold,,,FC（fold change）为激活倍数,,,0,CHEMBL1155108,2008,LITERATURE,Activation of GST fused human liver glucokinase assessed as generation of NADPH by G6PDH coupled assay relative to control
CHEMBL517534,,CHEMBL990116,2459518,Activity,=,0.19,uM,,unclassified,,,,Activity 为自由文本指标（无官方标准化规则），assay 描述未命中提升门槛，不跨实验汇总,,,0,CHEMBL1155108,2008,LITERATURE,Activation of GST fused human liver glucokinase assessed as concentration required to double glucokinase activity by G6PDH coupled assay
CHEMBL519273,,CHEMBL990114,2459493,EC50,=,140,nM,6.85,potency,concentration,140.0,6.85,EC50 为标准化浓度型效力指标,,,0,CHEMBL1155108,2008,LITERATURE,Activation of GST fused human liver glucokinase assessed as generation of NADPH by G6PDH coupled assay
CHEMBL519273,,CHEMBL990115,2459487,FC,=,3.2,,,efficacy,fold,,,FC（fold change）为激活倍数,,,0,CHEMBL1155108,2008,LITERATURE,Activation of GST fused human liver glucokinase assessed as generation of NADPH by G6PDH coupled assay relative to control
CHEMBL519273,,CHEMBL990116,2459514,Activity,=,0.12,uM,,unclassified,,,,Activity 为自由文本指标（无官方标准化规则），assay 描述未命中提升门槛，不跨实验汇总,,,0,CHEMBL1155108,2008,LITERATURE,Activation of GST fused human liver glucokinase assessed as concentration required to double glucokinase activity by G6PDH coupled assay
CHEMBL519934,,CHEMBL1167927,3330504,EC50,=,1690,nM,5.77,potency,concentration,1690.0,5.77,EC50 为标准化浓度型效力指标,,,0,CHEMBL1165956,2010,LITERATURE,Activation of human glucokinase expressed in Escherichia coli BL21(DE3) coexpressing G6PDH by spectrometry
CHEMBL519934,,CHEMBL1167928,3330482,FC,=,2.45,,,efficacy,fold,,,FC（fold change）为激活倍数,,,0,CHEMBL1165956,2010,LITERATURE,Activation of human glucokinase expressed in Escherichia coli BL21(DE3) coexpressing G6PDH by spectrometry relative to control
CHEMBL519934,,CHEMBL990114,2459500,EC50,=,8930,nM,5.05,potency,concentration,8930.0,5.05,EC50 为标准化浓度型效力指标,,,0,CHEMBL1155108,2008,LITERATURE,Activation of GST fused human liver glucokinase assessed as generation of NADPH by G6PDH coupled assay
CHEMBL519934,,CHEMBL990115,2459508,FC,=,5.3,,,efficacy,fold,,,FC（fold change）为激活倍数,,,0,CHEMBL1155108,2008,LITERATURE,Activation of GST fused human liver glucokinase assessed as generation of NADPH by G6PDH coupled assay relative to control
CHEMBL519934,,CHEMBL990116,2459520,Activity,=,2.74,uM,,unclassified,,,,Activity 为自由文本指标（无官方标准化规则），assay 描述未命中提升门槛，不跨实验汇总,,,0,CHEMBL1155108,2008,LITERATURE,Activation of GST fused human liver glucokinase assessed as concentration required to double glucokinase activity by G6PDH coupled assay
CHEMBL523602,,CHEMBL959301,2287618,EC50,=,1200,nM,5.92,potency,concentration,1200.0,5.92,EC50 为标准化浓度型效力指标,2.5,,0,CHEMBL1152887,2009,LITERATURE,Activation of human glucokinase by glucose-6-phosphate dehydrogenase coupled continuous spectrophotometric assay in presence of 2.5 mM glucose
CHEMBL523602,,CHEMBL959302,2287619,EC50,=,220,nM,6.66,potency,concentration,220.0,6.66,EC50 为标准化浓度型效力指标,10,,0,CHEMBL1152887,2009,LITERATURE,Activation of human glucokinase by glucose-6-phosphate dehydrogenase coupled continuous spectrophotometric assay in presence of 10 mM glucose
CHEMBL523602,,CHEMBL959303,2287714,FC,=,8,,,efficacy,fold,,,FC（fold change）为激活倍数,2.5,,0,CHEMBL1152887,2009,LITERATURE,Activation of human glucokinase assessed as maximal response by glucose-6-phosphate dehydrogenase coupled continuous spectrophotometric assay in presence of 2.5 mM glucose relative to control
CHEMBL523602,,CHEMBL959304,2287683,FC,=,1.6,,,efficacy,fold,,,FC（fold change）为激活倍数,10,,0,CHEMBL1152887,2009,LITERATURE,Activation of human glucokinase assessed as maximal response by glucose-6-phosphate dehydrogenase coupled continuous spectrophotometric assay in presence of 10 mM glucose relative to control
CHEMBL5266463,,CHEMBL5261510,25100968,EC50,=,190,nM,6.72,potency,concentration,190.0,6.72,EC50 为标准化浓度型效力指标,,,0,CHEMBL5260807,2017,LITERATURE,Activation of recombinant human glucokinase assessed as increase in maximal activation by measuring accumulation of NADH in presence of S0.5 of glucose and NAD by plate reader analysis
CHEMBL5267943,,CHEMBL5261510,25100976,EC50,=,34,nM,7.47,potency,concentration,34.0,7.47,EC50 为标准化浓度型效力指标,,,0,CHEMBL5260807,2017,LITERATURE,Activation of recombinant human glucokinase assessed as increase in maximal activation by measuring accumulation of NADH in presence of S0.5 of glucose and NAD by plate reader analysis
CHEMBL5274471,,CHEMBL5261510,25100977,EC50,=,690,nM,6.16,potency,concentration,690.0,6.16,EC50 为标准化浓度型效力指标,,,0,CHEMBL5260807,2017,LITERATURE,Activation of recombinant human glucokinase assessed as increase in maximal activation by measuring accumulation of NADH in presence of S0.5 of glucose and NAD by plate reader analysis
CHEMBL5275454,,CHEMBL5261510,25100964,EC50,>,20000,nM,,potency,concentration,20000.0,,EC50 为标准化浓度型效力指标,,,0,CHEMBL5260807,2017,LITERATURE,Activation of recombinant human glucokinase assessed as increase in maximal activation by measuring accumulation of NADH in presence of S0.5 of glucose and NAD by plate reader analysis
CHEMBL5275454,,CHEMBL5261513,25100980,Activity,=,60,%,,unclassified,,,,Activity 为自由文本指标（无官方标准化规则），assay 描述未命中提升门槛，不跨实验汇总,,,0,CHEMBL5260807,2017,LITERATURE,Activation of recombinant human glucokinase assessed as increase in maximal activation by measuring accumulation of NADH at 60 uM in presence of S0.5 of glucose and NAD by plate reader analysis
CHEMBL5275999,,CHEMBL5261510,25100970,EC50,=,2730,nM,5.56,potency,concentration,2730.0,5.56,EC50 为标准化浓度型效力指标,,,0,CHEMBL5260807,2017,LITERATURE,Activation of recombinant human glucokinase assessed as increase in maximal activation by measuring accumulation of NADH in presence of S0.5 of glucose and NAD by plate reader analysis
CHEMBL5276863,,CHEMBL5261510,25100972,EC50,=,450,nM,6.35,potency,concentration,450.0,6.35,EC50 为标准化浓度型效力指标,,,0,CHEMBL5260807,2017,LITERATURE,Activation of recombinant human glucokinase assessed as increase in maximal activation by measuring accumulation of NADH in presence of S0.5 of glucose and NAD by plate reader analysis
CHEMBL5278201,,CHEMBL5261510,25100961,EC50,=,7000,nM,5.16,potency,concentration,7000.0,5.16,EC50 为标准化浓度型效力指标,,,0,CHEMBL5260807,2017,LITERATURE,Activation of recombinant human glucokinase assessed as increase in maximal activation by measuring accumulation of NADH in presence of S0.5 of glucose and NAD by plate reader analysis
CHEMBL5279712,,CHEMBL5261510,25100973,EC50,>,10000,nM,,potency,concentration,10000.0,,EC50 为标准化浓度型效力指标,,,0,CHEMBL5260807,2017,LITERATURE,Activation of recombinant human glucokinase assessed as increase in maximal activation by measuring accumulation of NADH in presence of S0.5 of glucose and NAD by plate reader analysis
CHEMBL5282130,,CHEMBL5261510,25100962,EC50,=,6200,nM,5.21,potency,concentration,6200.0,5.21,EC50 为标准化浓度型效力指标,,,0,CHEMBL5260807,2017,LITERATURE,Activation of recombinant human glucokinase assessed as increase in maximal activation by measuring accumulation of NADH in presence of S0.5 of glucose and NAD by plate reader analysis
CHEMBL5282187,,CHEMBL5261510,25100969,EC50,=,310,nM,6.51,potency,concentration,310.0,6.51,EC50 为标准化浓度型效力指标,,,0,CHEMBL5260807,2017,LITERATURE,Activation of recombinant human glucokinase assessed as increase in maximal activation by measuring accumulation of NADH in presence of S0.5 of glucose and NAD by plate reader analysis
CHEMBL5285032,,CHEMBL5261510,25100963,EC50,=,500,nM,6.3,potency,concentration,500.0,6.3,EC50 为标准化浓度型效力指标,,,0,CHEMBL5260807,2017,LITERATURE,Activation of recombinant human glucokinase assessed as increase in maximal activation by measuring accumulation of NADH in presence of S0.5 of glucose and NAD by plate reader analysis
CHEMBL5287339,,CHEMBL5261510,25100966,EC50,=,330,nM,6.48,potency,concentration,330.0,6.48,EC50 为标准化浓度型效力指标,,,0,CHEMBL5260807,2017,LITERATURE,Activation of recombinant human glucokinase assessed as increase in maximal activation by measuring accumulation of NADH in presence of S0.5 of glucose and NAD by plate reader analysis
CHEMBL5287945,,CHEMBL5261510,25100965,EC50,=,280,nM,6.55,potency,concentration,280.0,6.55,EC50 为标准化浓度型效力指标,,,0,CHEMBL5260807,2017,LITERATURE,Activation of recombinant human glucokinase assessed as increase in maximal activation by measuring accumulation of NADH in presence of S0.5 of glucose and NAD by plate reader analysis
CHEMBL5288114,,CHEMBL5261510,25100971,EC50,=,400,nM,6.4,potency,concentration,400.0,6.4,EC50 为标准化浓度型效力指标,,,0,CHEMBL5260807,2017,LITERATURE,Activation of recombinant human glucokinase assessed as increase in maximal activation by measuring accumulation of NADH in presence of S0.5 of glucose and NAD by plate reader analysis
CHEMBL5288503,,CHEMBL5261510,25100974,EC50,>,10000,nM,,potency,concentration,10000.0,,EC50 为标准化浓度型效力指标,,,0,CHEMBL5260807,2017,LITERATURE,Activation of recombinant human glucokinase assessed as increase in maximal activation by measuring accumulation of NADH in presence of S0.5 of glucose and NAD by plate reader analysis
CHEMBL5290142,,CHEMBL5261510,25100975,EC50,=,2300,nM,5.64,potency,concentration,2300.0,5.64,EC50 为标准化浓度型效力指标,,,0,CHEMBL5260807,2017,LITERATURE,Activation of recombinant human glucokinase assessed as increase in maximal activation by measuring accumulation of NADH in presence of S0.5 of glucose and NAD by plate reader analysis
CHEMBL5290632,,CHEMBL5261510,25100967,EC50,=,240,nM,6.62,potency,concentration,240.0,6.62,EC50 为标准化浓度型效力指标,,,0,CHEMBL5260807,2017,LITERATURE,Activation of recombinant human glucokinase assessed as increase in maximal activation by measuring accumulation of NADH in presence of S0.5 of glucose and NAD by plate reader analysis
CHEMBL549417,,CHEMBL1032034,2670657,EC50,=,460,nM,6.34,potency,concentration,460.0,6.34,EC50 为标准化浓度型效力指标,2.5,,0,CHEMBL1151922,2009,LITERATURE,Activation of flag-tagged human recombinant liver glucokinase expressed in Escherichia coli by glucose-6-phosphate dehydrogenase coupled continuous spectrophotometric assay in presence of 2.5 mM glucose
CHEMBL549417,,CHEMBL1032035,2670690,EC50,=,120,nM,6.92,potency,concentration,120.0,6.92,EC50 为标准化浓度型效力指标,10,,0,CHEMBL1151922,2009,LITERATURE,Activation of flag-tagged human recombinant liver glucokinase expressed in Escherichia coli by glucose-6-phosphate dehydrogenase coupled continuous spectrophotometric assay in presence of 10 mM glucose
CHEMBL549556,,CHEMBL1032034,2670644,EC50,=,24000,nM,4.62,potency,concentration,24000.0,4.62,EC50 为标准化浓度型效力指标,2.5,,0,CHEMBL1151922,2009,LITERATURE,Activation of flag-tagged human recombinant liver glucokinase expressed in Escherichia coli by glucose-6-phosphate dehydrogenase coupled continuous spectrophotometric assay in presence of 2.5 mM glucose
CHEMBL549556,,CHEMBL1032035,2670677,EC50,=,7300,nM,5.14,potency,concentration,7300.0,5.14,EC50 为标准化浓度型效力指标,10,,0,CHEMBL1151922,2009,LITERATURE,Activation of flag-tagged human recombinant liver glucokinase expressed in Escherichia coli by glucose-6-phosphate dehydrogenase coupled continuous spectrophotometric assay in presence of 10 mM glucose
CHEMBL549829,,CHEMBL1032034,2670648,EC50,=,360,nM,6.44,potency,concentration,360.0,6.44,EC50 为标准化浓度型效力指标,2.5,,0,CHEMBL1151922,2009,LITERATURE,Activation of flag-tagged human recombinant liver glucokinase expressed in Escherichia coli by glucose-6-phosphate dehydrogenase coupled continuous spectrophotometric assay in presence of 2.5 mM glucose
CHEMBL549829,,CHEMBL1032035,2670681,EC50,=,200,nM,6.7,potency,concentration,200.0,6.7,EC50 为标准化浓度型效力指标,10,,0,CHEMBL1151922,2009,LITERATURE,Activation of flag-tagged human recombinant liver glucokinase expressed in Escherichia coli by glucose-6-phosphate dehydrogenase coupled continuous spectrophotometric assay in presence of 10 mM glucose
CHEMBL550378,,CHEMBL1032034,2670643,EC50,=,30000,nM,4.52,potency,concentration,30000.0,4.52,EC50 为标准化浓度型效力指标,2.5,,0,CHEMBL1151922,2009,LITERATURE,Activation of flag-tagged human recombinant liver glucokinase expressed in Escherichia coli by glucose-6-phosphate dehydrogenase coupled continuous spectrophotometric assay in presence of 2.5 mM glucose
CHEMBL550378,,CHEMBL1032035,2670676,EC50,=,7400,nM,5.13,potency,concentration,7400.0,5.13,EC50 为标准化浓度型效力指标,10,,0,CHEMBL1151922,2009,LITERATURE,Activation of flag-tagged human recombinant liver glucokinase expressed in Escherichia coli by glucose-6-phosphate dehydrogenase coupled continuous spectrophotometric assay in presence of 10 mM glucose
CHEMBL550443,,CHEMBL1032034,2670639,EC50,=,1800,nM,5.75,potency,concentration,1800.0,5.75,EC50 为标准化浓度型效力指标,2.5,,0,CHEMBL1151922,2009,LITERATURE,Activation of flag-tagged human recombinant liver glucokinase expressed in Escherichia coli by glucose-6-phosphate dehydrogenase coupled continuous spectrophotometric assay in presence of 2.5 mM glucose
CHEMBL550443,,CHEMBL1032035,2670672,EC50,=,300,nM,6.52,potency,concentration,300.0,6.52,EC50 为标准化浓度型效力指标,10,,0,CHEMBL1151922,2009,LITERATURE,Activation of flag-tagged human recombinant liver glucokinase expressed in Escherichia coli by glucose-6-phosphate dehydrogenase coupled continuous spectrophotometric assay in presence of 10 mM glucose
CHEMBL550474,,CHEMBL1058313,2718883,EC50,=,5470,nM,5.26,potency,concentration,5470.0,5.26,EC50 为标准化浓度型效力指标,,,0,CHEMBL1153645,2009,LITERATURE,Activation of flag-tagged recombinant human liver glucokinase expressed in Escherichia coli assessed as glucose-6-phosphate dehydrogenase by spectrophotometry
CHEMBL550474,,CHEMBL1058314,2718897,Emax,=,93,%,,efficacy,percent,,,Emax 为激活幅度指标，按该 assay 内值域（max=138.0）判为 percent 尺度,,,0,CHEMBL1153645,2009,LITERATURE,"Activation of flag-tagged recombinant human liver glucokinase expressed in Escherichia coli assessed as glucose-6-phosphate dehydrogenase activity by spectrophotometry relative to 2-amino-5-(4-methyl-4H-1,2,4-triazol-3-ylthio)-N-(4-methylthiazol-2-yl)benzamide"
CHEMBL550739,,CHEMBL1058313,2718840,EC50,=,3000,nM,5.52,potency,concentration,3000.0,5.52,EC50 为标准化浓度型效力指标,,,0,CHEMBL1153645,2009,LITERATURE,Activation of flag-tagged recombinant human liver glucokinase expressed in Escherichia coli assessed as glucose-6-phosphate dehydrogenase by spectrophotometry
CHEMBL550739,,CHEMBL1058314,2718864,Emax,=,87,%,,efficacy,percent,,,Emax 为激活幅度指标，按该 assay 内值域（max=138.0）判为 percent 尺度,,,0,CHEMBL1153645,2009,LITERATURE,"Activation of flag-tagged recombinant human liver glucokinase expressed in Escherichia coli assessed as glucose-6-phosphate dehydrogenase activity by spectrophotometry relative to 2-amino-5-(4-methyl-4H-1,2,4-triazol-3-ylthio)-N-(4-methylthiazol-2-yl)benzamide"
CHEMBL550877,,CHEMBL1058318,2718896,Emax,,,,,unclassified,,,,"Emax 尺度无法判定（units=None, max=None）",,,0,CHEMBL1153645,2009,LITERATURE,"Activation of flag-tagged recombinant human liver glucokinase expressed in Escherichia coli assessed as glucose-6-phosphate dehydrogenase activity at 30 uM spectrophotometry relative to 2-amino-5-(4-methyl-4H-1,2,4-triazol-3-ylthio)-N-(4-methylthiazol-2-yl)benzamide"
CHEMBL550901,,CHEMBL1035543,2676449,EC50,=,100,nM,7,potency,concentration,100.0,7.0,EC50 为标准化浓度型效力指标,,,0,CHEMBL1151869,2009,LITERATURE,Activation of glucokinase
CHEMBL550904,,CHEMBL1032034,2670662,EC50,=,170,nM,6.77,potency,concentration,170.0,6.77,EC50 为标准化浓度型效力指标,2.5,,0,CHEMBL1151922,2009,LITERATURE,Activation of flag-tagged human recombinant liver glucokinase expressed in Escherichia coli by glucose-6-phosphate dehydrogenase coupled continuous spectrophotometric assay in presence of 2.5 mM glucose
CHEMBL550904,,CHEMBL1032035,2670695,EC50,=,60,nM,7.22,potency,concentration,60.0,7.22,EC50 为标准化浓度型效力指标,10,,0,CHEMBL1151922,2009,LITERATURE,Activation of flag-tagged human recombinant liver glucokinase expressed in Escherichia coli by glucose-6-phosphate dehydrogenase coupled continuous spectrophotometric assay in presence of 10 mM glucose
CHEMBL551043,,CHEMBL1035543,2676439,EC50,=,250,nM,6.6,potency,concentration,250.0,6.6,EC50 为标准化浓度型效力指标,,,0,CHEMBL1151869,2009,LITERATURE,Activation of glucokinase
CHEMBL551144,,CHEMBL1058313,2718834,EC50,=,1900,nM,5.72,potency,concentration,1900.0,5.72,EC50 为标准化浓度型效力指标,,,0,CHEMBL1153645,2009,LITERATURE,Activation of flag-tagged recombinant human liver glucokinase expressed in Escherichia coli assessed as glucose-6-phosphate dehydrogenase by spectrophotometry
CHEMBL551144,,CHEMBL1058314,2718863,Emax,=,83,%,,efficacy,percent,,,Emax 为激活幅度指标，按该 assay 内值域（max=138.0）判为 percent 尺度,,,0,CHEMBL1153645,2009,LITERATURE,"Activation of flag-tagged recombinant human liver glucokinase expressed in Escherichia coli assessed as glucose-6-phosphate dehydrogenase activity by spectrophotometry relative to 2-amino-5-(4-methyl-4H-1,2,4-triazol-3-ylthio)-N-(4-methylthiazol-2-yl)benzamide"
CHEMBL551183,,CHEMBL1032034,2670655,EC50,=,150,nM,6.82,potency,concentration,150.0,6.82,EC50 为标准化浓度型效力指标,2.5,,0,CHEMBL1151922,2009,LITERATURE,Activation of flag-tagged human recombinant liver glucokinase expressed in Escherichia coli by glucose-6-phosphate dehydrogenase coupled continuous spectrophotometric assay in presence of 2.5 mM glucose
CHEMBL551183,,CHEMBL1032035,2670688,EC50,=,70,nM,7.16,potency,concentration,70.0,7.16,EC50 为标准化浓度型效力指标,10,,0,CHEMBL1151922,2009,LITERATURE,Activation of flag-tagged human recombinant liver glucokinase expressed in Escherichia coli by glucose-6-phosphate dehydrogenase coupled continuous spectrophotometric assay in presence of 10 mM glucose
CHEMBL551445,,CHEMBL1035543,2676440,EC50,=,970,nM,6.01,potency,concentration,970.0,6.01,EC50 为标准化浓度型效力指标,,,0,CHEMBL1151869,2009,LITERATURE,Activation of glucokinase
CHEMBL551558,,CHEMBL1035543,2676443,EC50,=,57,nM,7.24,potency,concentration,57.0,7.24,EC50 为标准化浓度型效力指标,,,0,CHEMBL1151869,2009,LITERATURE,Activation of glucokinase
CHEMBL551648,,CHEMBL1035543,2676445,EC50,=,38,nM,7.42,potency,concentration,38.0,7.42,EC50 为标准化浓度型效力指标,,,0,CHEMBL1151869,2009,LITERATURE,Activation of glucokinase
CHEMBL551849,,CHEMBL1035543,2676446,EC50,=,120,nM,6.92,potency,concentration,120.0,6.92,EC50 为标准化浓度型效力指标,,,0,CHEMBL1151869,2009,LITERATURE,Activation of glucokinase
CHEMBL551911,,CHEMBL1032034,2670634,EC50,=,260,nM,6.58,potency,concentration,260.0,6.58,EC50 为标准化浓度型效力指标,2.5,,0,CHEMBL1151922,2009,LITERATURE,Activation of flag-tagged human recombinant liver glucokinase expressed in Escherichia coli by glucose-6-phosphate dehydrogenase coupled continuous spectrophotometric assay in presence of 2.5 mM glucose
CHEMBL551911,,CHEMBL1032034,2670653,EC50,=,460,nM,6.34,potency,concentration,460.0,6.34,EC50 为标准化浓度型效力指标,2.5,,0,CHEMBL1151922,2009,LITERATURE,Activation of flag-tagged human recombinant liver glucokinase expressed in Escherichia coli by glucose-6-phosphate dehydrogenase coupled continuous spectrophotometric assay in presence of 2.5 mM glucose
CHEMBL551911,,CHEMBL1032035,2670667,EC50,=,110,nM,6.96,potency,concentration,110.0,6.96,EC50 为标准化浓度型效力指标,10,,0,CHEMBL1151922,2009,LITERATURE,Activation of flag-tagged human recombinant liver glucokinase expressed in Escherichia coli by glucose-6-phosphate dehydrogenase coupled continuous spectrophotometric assay in presence of 10 mM glucose
CHEMBL551911,,CHEMBL1032035,2670686,EC50,=,120,nM,6.92,potency,concentration,120.0,6.92,EC50 为标准化浓度型效力指标,10,,0,CHEMBL1151922,2009,LITERATURE,Activation of flag-tagged human recombinant liver glucokinase expressed in Escherichia coli by glucose-6-phosphate dehydrogenase coupled continuous spectrophotometric assay in presence of 10 mM glucose
CHEMBL551974,,CHEMBL1032034,2670656,EC50,=,610,nM,6.21,potency,concentration,610.0,6.21,EC50 为标准化浓度型效力指标,2.5,,0,CHEMBL1151922,2009,LITERATURE,Activation of flag-tagged human recombinant liver glucokinase expressed in Escherichia coli by glucose-6-phosphate dehydrogenase coupled continuous spectrophotometric assay in presence of 2.5 mM glucose
CHEMBL551974,,CHEMBL1032035,2670689,EC50,=,120,nM,6.92,potency,concentration,120.0,6.92,EC50 为标准化浓度型效力指标,10,,0,CHEMBL1151922,2009,LITERATURE,Activation of flag-tagged human recombinant liver glucokinase expressed in Escherichia coli by glucose-6-phosphate dehydrogenase coupled continuous spectrophotometric assay in presence of 10 mM glucose
CHEMBL551977,,CHEMBL1032034,2670650,EC50,=,150,nM,6.82,potency,concentration,150.0,6.82,EC50 为标准化浓度型效力指标,2.5,,0,CHEMBL1151922,2009,LITERATURE,Activation of flag-tagged human recombinant liver glucokinase expressed in Escherichia coli by glucose-6-phosphate dehydrogenase coupled continuous spectrophotometric assay in presence of 2.5 mM glucose
CHEMBL551977,,CHEMBL1032035,2670683,EC50,=,60,nM,7.22,potency,concentration,60.0,7.22,EC50 为标准化浓度型效力指标,10,,0,CHEMBL1151922,2009,LITERATURE,Activation of flag-tagged human recombinant liver glucokinase expressed in Escherichia coli by glucose-6-phosphate dehydrogenase coupled continuous spectrophotometric assay in presence of 10 mM glucose
CHEMBL552021,,CHEMBL1058313,2718835,EC50,=,1900,nM,5.72,potency,concentration,1900.0,5.72,EC50 为标准化浓度型效力指标,,,0,CHEMBL1153645,2009,LITERATURE,Activation of flag-tagged recombinant human liver glucokinase expressed in Escherichia coli assessed as glucose-6-phosphate dehydrogenase by spectrophotometry
CHEMBL552021,,CHEMBL1058314,2718875,Emax,=,110,%,,efficacy,percent,,,Emax 为激活幅度指标，按该 assay 内值域（max=138.0）判为 percent 尺度,,,0,CHEMBL1153645,2009,LITERATURE,"Activation of flag-tagged recombinant human liver glucokinase expressed in Escherichia coli assessed as glucose-6-phosphate dehydrogenase activity by spectrophotometry relative to 2-amino-5-(4-methyl-4H-1,2,4-triazol-3-ylthio)-N-(4-methylthiazol-2-yl)benzamide"
CHEMBL552083,,CHEMBL1058313,2718833,EC50,=,1700,nM,5.77,potency,concentration,1700.0,5.77,EC50 为标准化浓度型效力指标,,,0,CHEMBL1153645,2009,LITERATURE,Activation of flag-tagged recombinant human liver glucokinase expressed in Escherichia coli assessed as glucose-6-phosphate dehydrogenase by spectrophotometry
CHEMBL552083,,CHEMBL1058314,2718873,Emax,=,109,%,,efficacy,percent,,,Emax 为激活幅度指标，按该 assay 内值域（max=138.0）判为 percent 尺度,,,0,CHEMBL1153645,2009,LITERATURE,"Activation of flag-tagged recombinant human liver glucokinase expressed in Escherichia coli assessed as glucose-6-phosphate dehydrogenase activity by spectrophotometry relative to 2-amino-5-(4-methyl-4H-1,2,4-triazol-3-ylthio)-N-(4-methylthiazol-2-yl)benzamide"
CHEMBL552141,,CHEMBL1058318,2718903,Emax,,,,,unclassified,,,,"Emax 尺度无法判定（units=None, max=None）",,,0,CHEMBL1153645,2009,LITERATURE,"Activation of flag-tagged recombinant human liver glucokinase expressed in Escherichia coli assessed as glucose-6-phosphate dehydrogenase activity at 30 uM spectrophotometry relative to 2-amino-5-(4-methyl-4H-1,2,4-triazol-3-ylthio)-N-(4-methylthiazol-2-yl)benzamide"
CHEMBL552142,,CHEMBL1058318,2718904,Emax,,,,,unclassified,,,,"Emax 尺度无法判定（units=None, max=None）",,,0,CHEMBL1153645,2009,LITERATURE,"Activation of flag-tagged recombinant human liver glucokinase expressed in Escherichia coli assessed as glucose-6-phosphate dehydrogenase activity at 30 uM spectrophotometry relative to 2-amino-5-(4-methyl-4H-1,2,4-triazol-3-ylthio)-N-(4-methylthiazol-2-yl)benzamide"
CHEMBL552311,,CHEMBL1032034,2670651,EC50,=,750,nM,6.12,potency,concentration,750.0,6.12,EC50 为标准化浓度型效力指标,2.5,,0,CHEMBL1151922,2009,LITERATURE,Activation of flag-tagged human recombinant liver glucokinase expressed in Escherichia coli by glucose-6-phosphate dehydrogenase coupled continuous spectrophotometric assay in presence of 2.5 mM glucose
CHEMBL552311,,CHEMBL1032035,2670684,EC50,=,250,nM,6.6,potency,concentration,250.0,6.6,EC50 为标准化浓度型效力指标,10,,0,CHEMBL1151922,2009,LITERATURE,Activation of flag-tagged human recombinant liver glucokinase expressed in Escherichia coli by glucose-6-phosphate dehydrogenase coupled continuous spectrophotometric assay in presence of 10 mM glucose
CHEMBL552350,,CHEMBL1058313,2718825,EC50,=,360,nM,6.44,potency,concentration,360.0,6.44,EC50 为标准化浓度型效力指标,,,0,CHEMBL1153645,2009,LITERATURE,Activation of flag-tagged recombinant human liver glucokinase expressed in Escherichia coli assessed as glucose-6-phosphate dehydrogenase by spectrophotometry
CHEMBL552350,,CHEMBL1058313,2718837,EC50,=,2300,nM,5.64,potency,concentration,2300.0,5.64,EC50 为标准化浓度型效力指标,,,0,CHEMBL1153645,2009,LITERATURE,Activation of flag-tagged recombinant human liver glucokinase expressed in Escherichia coli assessed as glucose-6-phosphate dehydrogenase by spectrophotometry
CHEMBL552350,,CHEMBL1058314,2718860,Emax,=,67,%,,efficacy,percent,,,Emax 为激活幅度指标，按该 assay 内值域（max=138.0）判为 percent 尺度,,,0,CHEMBL1153645,2009,LITERATURE,"Activation of flag-tagged recombinant human liver glucokinase expressed in Escherichia coli assessed as glucose-6-phosphate dehydrogenase activity by spectrophotometry relative to 2-amino-5-(4-methyl-4H-1,2,4-triazol-3-ylthio)-N-(4-methylthiazol-2-yl)benzamide"
CHEMBL552350,,CHEMBL1058314,2718878,Emax,=,113,%,,efficacy,percent,,,Emax 为激活幅度指标，按该 assay 内值域（max=138.0）判为 percent 尺度,,,0,CHEMBL1153645,2009,LITERATURE,"Activation of flag-tagged recombinant human liver glucokinase expressed in Escherichia coli assessed as glucose-6-phosphate dehydrogenase activity by spectrophotometry relative to 2-amino-5-(4-methyl-4H-1,2,4-triazol-3-ylthio)-N-(4-methylthiazol-2-yl)benzamide"
CHEMBL552455,,CHEMBL1032034,2670660,EC50,=,430,nM,6.37,potency,concentration,430.0,6.37,EC50 为标准化浓度型效力指标,2.5,,0,CHEMBL1151922,2009,LITERATURE,Activation of flag-tagged human recombinant liver glucokinase expressed in Escherichia coli by glucose-6-phosphate dehydrogenase coupled continuous spectrophotometric assay in presence of 2.5 mM glucose
CHEMBL552455,,CHEMBL1032035,2670693,EC50,=,110,nM,6.96,potency,concentration,110.0,6.96,EC50 为标准化浓度型效力指标,10,,0,CHEMBL1151922,2009,LITERATURE,Activation of flag-tagged human recombinant liver glucokinase expressed in Escherichia coli by glucose-6-phosphate dehydrogenase coupled continuous spectrophotometric assay in presence of 10 mM glucose
CHEMBL555131,,CHEMBL1032034,2670633,EC50,=,3400,nM,5.47,potency,concentration,3400.0,5.47,EC50 为标准化浓度型效力指标,2.5,,0,CHEMBL1151922,2009,LITERATURE,Activation of flag-tagged human recombinant liver glucokinase expressed in Escherichia coli by glucose-6-phosphate dehydrogenase coupled continuous spectrophotometric assay in presence of 2.5 mM glucose
CHEMBL555131,,CHEMBL1032035,2670666,EC50,=,1200,nM,5.92,potency,concentration,1200.0,5.92,EC50 为标准化浓度型效力指标,10,,0,CHEMBL1151922,2009,LITERATURE,Activation of flag-tagged human recombinant liver glucokinase expressed in Escherichia coli by glucose-6-phosphate dehydrogenase coupled continuous spectrophotometric assay in presence of 10 mM glucose
CHEMBL556240,,CHEMBL1058313,2718831,EC50,=,1500,nM,5.82,potency,concentration,1500.0,5.82,EC50 为标准化浓度型效力指标,,,0,CHEMBL1153645,2009,LITERATURE,Activation of flag-tagged recombinant human liver glucokinase expressed in Escherichia coli assessed as glucose-6-phosphate dehydrogenase by spectrophotometry
CHEMBL556240,,CHEMBL1058314,2718871,Emax,=,100,%,,efficacy,percent,,,Emax 为激活幅度指标，按该 assay 内值域（max=138.0）判为 percent 尺度,,,0,CHEMBL1153645,2009,LITERATURE,"Activation of flag-tagged recombinant human liver glucokinase expressed in Escherichia coli assessed as glucose-6-phosphate dehydrogenase activity by spectrophotometry relative to 2-amino-5-(4-methyl-4H-1,2,4-triazol-3-ylthio)-N-(4-methylthiazol-2-yl)benzamide"
CHEMBL556309,,CHEMBL1058313,2718839,EC50,=,2700,nM,5.57,potency,concentration,2700.0,5.57,EC50 为标准化浓度型效力指标,,,0,CHEMBL1153645,2009,LITERATURE,Activation of flag-tagged recombinant human liver glucokinase expressed in Escherichia coli assessed as glucose-6-phosphate dehydrogenase by spectrophotometry
CHEMBL556309,,CHEMBL1058314,2718869,Emax,=,100,%,,efficacy,percent,,,Emax 为激活幅度指标，按该 assay 内值域（max=138.0）判为 percent 尺度,,,0,CHEMBL1153645,2009,LITERATURE,"Activation of flag-tagged recombinant human liver glucokinase expressed in Escherichia coli assessed as glucose-6-phosphate dehydrogenase activity by spectrophotometry relative to 2-amino-5-(4-methyl-4H-1,2,4-triazol-3-ylthio)-N-(4-methylthiazol-2-yl)benzamide"
CHEMBL557463,,CHEMBL1058318,2718894,Emax,,,,,unclassified,,,,"Emax 尺度无法判定（units=None, max=None）",,,0,CHEMBL1153645,2009,LITERATURE,"Activation of flag-tagged recombinant human liver glucokinase expressed in Escherichia coli assessed as glucose-6-phosphate dehydrogenase activity at 30 uM spectrophotometry relative to 2-amino-5-(4-methyl-4H-1,2,4-triazol-3-ylthio)-N-(4-methylthiazol-2-yl)benzamide"
CHEMBL557533,,CHEMBL1058318,2718902,Emax,,,,,unclassified,,,,"Emax 尺度无法判定（units=None, max=None）",,,0,CHEMBL1153645,2009,LITERATURE,"Activation of flag-tagged recombinant human liver glucokinase expressed in Escherichia coli assessed as glucose-6-phosphate dehydrogenase activity at 30 uM spectrophotometry relative to 2-amino-5-(4-methyl-4H-1,2,4-triazol-3-ylthio)-N-(4-methylthiazol-2-yl)benzamide"
CHEMBL557944,,CHEMBL1058318,2718905,Emax,,,,,unclassified,,,,"Emax 尺度无法判定（units=None, max=None）",,,0,CHEMBL1153645,2009,LITERATURE,"Activation of flag-tagged recombinant human liver glucokinase expressed in Escherichia coli assessed as glucose-6-phosphate dehydrogenase activity at 30 uM spectrophotometry relative to 2-amino-5-(4-methyl-4H-1,2,4-triazol-3-ylthio)-N-(4-methylthiazol-2-yl)benzamide"
CHEMBL558071,,CHEMBL1058313,2718885,EC50,=,6100,nM,5.21,potency,concentration,6100.0,5.21,EC50 为标准化浓度型效力指标,,,0,CHEMBL1153645,2009,LITERATURE,Activation of flag-tagged recombinant human liver glucokinase expressed in Escherichia coli assessed as glucose-6-phosphate dehydrogenase by spectrophotometry
CHEMBL558071,,CHEMBL1058314,2718895,Emax,=,76,%,,efficacy,percent,,,Emax 为激活幅度指标，按该 assay 内值域（max=138.0）判为 percent 尺度,,,0,CHEMBL1153645,2009,LITERATURE,"Activation of flag-tagged recombinant human liver glucokinase expressed in Escherichia coli assessed as glucose-6-phosphate dehydrogenase activity by spectrophotometry relative to 2-amino-5-(4-methyl-4H-1,2,4-triazol-3-ylthio)-N-(4-methylthiazol-2-yl)benzamide"
CHEMBL558207,,CHEMBL1058313,2718882,EC50,=,1100,nM,5.96,potency,concentration,1100.0,5.96,EC50 为标准化浓度型效力指标,,,0,CHEMBL1153645,2009,LITERATURE,Activation of flag-tagged recombinant human liver glucokinase expressed in Escherichia coli assessed as glucose-6-phosphate dehydrogenase by spectrophotometry
CHEMBL558207,,CHEMBL1058314,2718898,Emax,=,93,%,,efficacy,percent,,,Emax 为激活幅度指标，按该 assay 内值域（max=138.0）判为 percent 尺度,,,0,CHEMBL1153645,2009,LITERATURE,"Activation of flag-tagged recombinant human liver glucokinase expressed in Escherichia coli assessed as glucose-6-phosphate dehydrogenase activity by spectrophotometry relative to 2-amino-5-(4-methyl-4H-1,2,4-triazol-3-ylthio)-N-(4-methylthiazol-2-yl)benzamide"
CHEMBL558266,,CHEMBL1058313,2718842,EC50,=,9600,nM,5.02,potency,concentration,9600.0,5.02,EC50 为标准化浓度型效力指标,,,0,CHEMBL1153645,2009,LITERATURE,Activation of flag-tagged recombinant human liver glucokinase expressed in Escherichia coli assessed as glucose-6-phosphate dehydrogenase by spectrophotometry
CHEMBL558266,,CHEMBL1058314,2718872,Emax,=,103,%,,efficacy,percent,,,Emax 为激活幅度指标，按该 assay 内值域（max=138.0）判为 percent 尺度,,,0,CHEMBL1153645,2009,LITERATURE,"Activation of flag-tagged recombinant human liver glucokinase expressed in Escherichia coli assessed as glucose-6-phosphate dehydrogenase activity by spectrophotometry relative to 2-amino-5-(4-methyl-4H-1,2,4-triazol-3-ylthio)-N-(4-methylthiazol-2-yl)benzamide"
CHEMBL558885,,CHEMBL1035543,2676444,EC50,=,40,nM,7.4,potency,concentration,40.0,7.4,EC50 为标准化浓度型效力指标,,,0,CHEMBL1151869,2009,LITERATURE,Activation of glucokinase
CHEMBL558930,,CHEMBL1058313,2718841,EC50,=,7400,nM,5.13,potency,concentration,7400.0,5.13,EC50 为标准化浓度型效力指标,,,0,CHEMBL1153645,2009,LITERATURE,Activation of flag-tagged recombinant human liver glucokinase expressed in Escherichia coli assessed as glucose-6-phosphate dehydrogenase by spectrophotometry
CHEMBL558930,,CHEMBL1058314,2718865,Emax,=,88,%,,efficacy,percent,,,Emax 为激活幅度指标，按该 assay 内值域（max=138.0）判为 percent 尺度,,,0,CHEMBL1153645,2009,LITERATURE,"Activation of flag-tagged recombinant human liver glucokinase expressed in Escherichia coli assessed as glucose-6-phosphate dehydrogenase activity by spectrophotometry relative to 2-amino-5-(4-methyl-4H-1,2,4-triazol-3-ylthio)-N-(4-methylthiazol-2-yl)benzamide"
CHEMBL559057,,CHEMBL1058313,2718826,EC50,=,630,nM,6.2,potency,concentration,630.0,6.2,EC50 为标准化浓度型效力指标,,,0,CHEMBL1153645,2009,LITERATURE,Activation of flag-tagged recombinant human liver glucokinase expressed in Escherichia coli assessed as glucose-6-phosphate dehydrogenase by spectrophotometry
CHEMBL559057,,CHEMBL1058314,2718867,Emax,=,98,%,,efficacy,percent,,,Emax 为激活幅度指标，按该 assay 内值域（max=138.0）判为 percent 尺度,,,0,CHEMBL1153645,2009,LITERATURE,"Activation of flag-tagged recombinant human liver glucokinase expressed in Escherichia coli assessed as glucose-6-phosphate dehydrogenase activity by spectrophotometry relative to 2-amino-5-(4-methyl-4H-1,2,4-triazol-3-ylthio)-N-(4-methylthiazol-2-yl)benzamide"
CHEMBL559657,,CHEMBL1032034,2670642,EC50,>,30000,nM,,potency,concentration,30000.0,,EC50 为标准化浓度型效力指标,2.5,,0,CHEMBL1151922,2009,LITERATURE,Activation of flag-tagged human recombinant liver glucokinase expressed in Escherichia coli by glucose-6-phosphate dehydrogenase coupled continuous spectrophotometric assay in presence of 2.5 mM glucose
CHEMBL559657,,CHEMBL1032035,2670675,EC50,>,30000,nM,,potency,concentration,30000.0,,EC50 为标准化浓度型效力指标,10,,0,CHEMBL1151922,2009,LITERATURE,Activation of flag-tagged human recombinant liver glucokinase expressed in Escherichia coli by glucose-6-phosphate dehydrogenase coupled continuous spectrophotometric assay in presence of 10 mM glucose
CHEMBL559851,,CHEMBL1035543,2676447,EC50,=,160,nM,6.8,potency,concentration,160.0,6.8,EC50 为标准化浓度型效力指标,,,0,CHEMBL1151869,2009,LITERATURE,Activation of glucokinase
CHEMBL559915,,CHEMBL1032034,2670645,EC50,=,18000,nM,4.75,potency,concentration,18000.0,4.75,EC50 为标准化浓度型效力指标,2.5,,0,CHEMBL1151922,2009,LITERATURE,Activation of flag-tagged human recombinant liver glucokinase expressed in Escherichia coli by glucose-6-phosphate dehydrogenase coupled continuous spectrophotometric assay in presence of 2.5 mM glucose
CHEMBL559915,,CHEMBL1032035,2670678,EC50,=,4200,nM,5.38,potency,concentration,4200.0,5.38,EC50 为标准化浓度型效力指标,10,,0,CHEMBL1151922,2009,LITERATURE,Activation of flag-tagged human recombinant liver glucokinase expressed in Escherichia coli by glucose-6-phosphate dehydrogenase coupled continuous spectrophotometric assay in presence of 10 mM glucose
CHEMBL559975,,CHEMBL1032034,2670661,EC50,=,490,nM,6.31,potency,concentration,490.0,6.31,EC50 为标准化浓度型效力指标,2.5,,0,CHEMBL1151922,2009,LITERATURE,Activation of flag-tagged human recombinant liver glucokinase expressed in Escherichia coli by glucose-6-phosphate dehydrogenase coupled continuous spectrophotometric assay in presence of 2.5 mM glucose
CHEMBL559975,,CHEMBL1032035,2670694,EC50,=,240,nM,6.62,potency,concentration,240.0,6.62,EC50 为标准化浓度型效力指标,10,,0,CHEMBL1151922,2009,LITERATURE,Activation of flag-tagged human recombinant liver glucokinase expressed in Escherichia coli by glucose-6-phosphate dehydrogenase coupled continuous spectrophotometric assay in presence of 10 mM glucose
CHEMBL560146,,CHEMBL1058313,2718829,EC50,=,1100,nM,5.96,potency,concentration,1100.0,5.96,EC50 为标准化浓度型效力指标,,,0,CHEMBL1153645,2009,LITERATURE,Activation of flag-tagged recombinant human liver glucokinase expressed in Escherichia coli assessed as glucose-6-phosphate dehydrogenase by spectrophotometry
CHEMBL560146,,CHEMBL1058314,2718877,Emax,=,113,%,,efficacy,percent,,,Emax 为激活幅度指标，按该 assay 内值域（max=138.0）判为 percent 尺度,,,0,CHEMBL1153645,2009,LITERATURE,"Activation of flag-tagged recombinant human liver glucokinase expressed in Escherichia coli assessed as glucose-6-phosphate dehydrogenase activity by spectrophotometry relative to 2-amino-5-(4-methyl-4H-1,2,4-triazol-3-ylthio)-N-(4-methylthiazol-2-yl)benzamide"
CHEMBL560204,,CHEMBL1058313,2718900,EC50,>,30000,nM,,potency,concentration,30000.0,,EC50 为标准化浓度型效力指标,,,0,CHEMBL1153645,2009,LITERATURE,Activation of flag-tagged recombinant human liver glucokinase expressed in Escherichia coli assessed as glucose-6-phosphate dehydrogenase by spectrophotometry
CHEMBL560204,,CHEMBL1058314,2718893,Emax,=,64,%,,efficacy,percent,,,Emax 为激活幅度指标，按该 assay 内值域（max=138.0）判为 percent 尺度,,,0,CHEMBL1153645,2009,LITERATURE,"Activation of flag-tagged recombinant human liver glucokinase expressed in Escherichia coli assessed as glucose-6-phosphate dehydrogenase activity by spectrophotometry relative to 2-amino-5-(4-methyl-4H-1,2,4-triazol-3-ylthio)-N-(4-methylthiazol-2-yl)benzamide"
CHEMBL560773,,CHEMBL1032034,2670649,EC50,=,790,nM,6.1,potency,concentration,790.0,6.1,EC50 为标准化浓度型效力指标,2.5,,0,CHEMBL1151922,2009,LITERATURE,Activation of flag-tagged human recombinant liver glucokinase expressed in Escherichia coli by glucose-6-phosphate dehydrogenase coupled continuous spectrophotometric assay in presence of 2.5 mM glucose
CHEMBL560773,,CHEMBL1032035,2670682,EC50,=,240,nM,6.62,potency,concentration,240.0,6.62,EC50 为标准化浓度型效力指标,10,,0,CHEMBL1151922,2009,LITERATURE,Activation of flag-tagged human recombinant liver glucokinase expressed in Escherichia coli by glucose-6-phosphate dehydrogenase coupled continuous spectrophotometric assay in presence of 10 mM glucose
CHEMBL560970,,CHEMBL1032034,2670646,EC50,=,12000,nM,4.92,potency,concentration,12000.0,4.92,EC50 为标准化浓度型效力指标,2.5,,0,CHEMBL1151922,2009,LITERATURE,Activation of flag-tagged human recombinant liver glucokinase expressed in Escherichia coli by glucose-6-phosphate dehydrogenase coupled continuous spectrophotometric assay in presence of 2.5 mM glucose
CHEMBL560970,,CHEMBL1032035,2670679,EC50,=,2600,nM,5.58,potency,concentration,2600.0,5.58,EC50 为标准化浓度型效力指标,10,,0,CHEMBL1151922,2009,LITERATURE,Activation of flag-tagged human recombinant liver glucokinase expressed in Escherichia coli by glucose-6-phosphate dehydrogenase coupled continuous spectrophotometric assay in presence of 10 mM glucose
CHEMBL561049,,CHEMBL1032034,2670647,EC50,=,1500,nM,5.82,potency,concentration,1500.0,5.82,EC50 为标准化浓度型效力指标,2.5,,0,CHEMBL1151922,2009,LITERATURE,Activation of flag-tagged human recombinant liver glucokinase expressed in Escherichia coli by glucose-6-phosphate dehydrogenase coupled continuous spectrophotometric assay in presence of 2.5 mM glucose
CHEMBL561049,,CHEMBL1032035,2670680,EC50,=,210,nM,6.68,potency,concentration,210.0,6.68,EC50 为标准化浓度型效力指标,10,,0,CHEMBL1151922,2009,LITERATURE,Activation of flag-tagged human recombinant liver glucokinase expressed in Escherichia coli by glucose-6-phosphate dehydrogenase coupled continuous spectrophotometric assay in presence of 10 mM glucose
CHEMBL561172,,CHEMBL1032034,2670641,EC50,>,30000,nM,,potency,concentration,30000.0,,EC50 为标准化浓度型效力指标,2.5,,0,CHEMBL1151922,2009,LITERATURE,Activation of flag-tagged human recombinant liver glucokinase expressed in Escherichia coli by glucose-6-phosphate dehydrogenase coupled continuous spectrophotometric assay in presence of 2.5 mM glucose
CHEMBL561172,,CHEMBL1032035,2670674,EC50,>,30000,nM,,potency,concentration,30000.0,,EC50 为标准化浓度型效力指标,10,,0,CHEMBL1151922,2009,LITERATURE,Activation of flag-tagged human recombinant liver glucokinase expressed in Escherichia coli by glucose-6-phosphate dehydrogenase coupled continuous spectrophotometric assay in presence of 10 mM glucose
CHEMBL561283,,CHEMBL1058313,2718827,EC50,=,930,nM,6.03,potency,concentration,930.0,6.03,EC50 为标准化浓度型效力指标,,,0,CHEMBL1153645,2009,LITERATURE,Activation of flag-tagged recombinant human liver glucokinase expressed in Escherichia coli assessed as glucose-6-phosphate dehydrogenase by spectrophotometry
CHEMBL561283,,CHEMBL1058314,2718879,Emax,=,138,%,,efficacy,percent,,,Emax 为激活幅度指标，按该 assay 内值域（max=138.0）判为 percent 尺度,,,0,CHEMBL1153645,2009,LITERATURE,"Activation of flag-tagged recombinant human liver glucokinase expressed in Escherichia coli assessed as glucose-6-phosphate dehydrogenase activity by spectrophotometry relative to 2-amino-5-(4-methyl-4H-1,2,4-triazol-3-ylthio)-N-(4-methylthiazol-2-yl)benzamide"
CHEMBL561404,,CHEMBL1058313,2718832,EC50,=,1600,nM,5.8,potency,concentration,1600.0,5.8,EC50 为标准化浓度型效力指标,,,0,CHEMBL1153645,2009,LITERATURE,Activation of flag-tagged recombinant human liver glucokinase expressed in Escherichia coli assessed as glucose-6-phosphate dehydrogenase by spectrophotometry
CHEMBL561404,,CHEMBL1058314,2718868,Emax,=,100,%,,efficacy,percent,,,Emax 为激活幅度指标，按该 assay 内值域（max=138.0）判为 percent 尺度,,,0,CHEMBL1153645,2009,LITERATURE,"Activation of flag-tagged recombinant human liver glucokinase expressed in Escherichia coli assessed as glucose-6-phosphate dehydrogenase activity by spectrophotometry relative to 2-amino-5-(4-methyl-4H-1,2,4-triazol-3-ylthio)-N-(4-methylthiazol-2-yl)benzamide"
CHEMBL561608,,CHEMBL1058313,2718836,EC50,=,1900,nM,5.72,potency,concentration,1900.0,5.72,EC50 为标准化浓度型效力指标,,,0,CHEMBL1153645,2009,LITERATURE,Activation of flag-tagged recombinant human liver glucokinase expressed in Escherichia coli assessed as glucose-6-phosphate dehydrogenase by spectrophotometry
CHEMBL561608,,CHEMBL1058314,2718870,Emax,=,100,%,,efficacy,percent,,,Emax 为激活幅度指标，按该 assay 内值域（max=138.0）判为 percent 尺度,,,0,CHEMBL1153645,2009,LITERATURE,"Activation of flag-tagged recombinant human liver glucokinase expressed in Escherichia coli assessed as glucose-6-phosphate dehydrogenase activity by spectrophotometry relative to 2-amino-5-(4-methyl-4H-1,2,4-triazol-3-ylthio)-N-(4-methylthiazol-2-yl)benzamide"
CHEMBL561652,,CHEMBL1032034,2670636,EC50,=,80,nM,7.1,potency,concentration,80.0,7.1,EC50 为标准化浓度型效力指标,2.5,,0,CHEMBL1151922,2009,LITERATURE,Activation of flag-tagged human recombinant liver glucokinase expressed in Escherichia coli by glucose-6-phosphate dehydrogenase coupled continuous spectrophotometric assay in presence of 2.5 mM glucose
CHEMBL561652,,CHEMBL1032035,2670669,EC50,=,50,nM,7.3,potency,concentration,50.0,7.3,EC50 为标准化浓度型效力指标,10,,0,CHEMBL1151922,2009,LITERATURE,Activation of flag-tagged human recombinant liver glucokinase expressed in Escherichia coli by glucose-6-phosphate dehydrogenase coupled continuous spectrophotometric assay in presence of 10 mM glucose
CHEMBL562311,,CHEMBL1032034,2670658,EC50,=,190,nM,6.72,potency,concentration,190.0,6.72,EC50 为标准化浓度型效力指标,2.5,,0,CHEMBL1151922,2009,LITERATURE,Activation of flag-tagged human recombinant liver glucokinase expressed in Escherichia coli by glucose-6-phosphate dehydrogenase coupled continuous spectrophotometric assay in presence of 2.5 mM glucose
CHEMBL562311,,CHEMBL1032035,2670691,EC50,=,70,nM,7.16,potency,concentration,70.0,7.16,EC50 为标准化浓度型效力指标,10,,0,CHEMBL1151922,2009,LITERATURE,Activation of flag-tagged human recombinant liver glucokinase expressed in Escherichia coli by glucose-6-phosphate dehydrogenase coupled continuous spectrophotometric assay in presence of 10 mM glucose
CHEMBL562577,,CHEMBL1032034,2670631,EC50,=,3700,nM,5.43,potency,concentration,3700.0,5.43,EC50 为标准化浓度型效力指标,2.5,,0,CHEMBL1151922,2009,LITERATURE,Activation of flag-tagged human recombinant liver glucokinase expressed in Escherichia coli by glucose-6-phosphate dehydrogenase coupled continuous spectrophotometric assay in presence of 2.5 mM glucose
CHEMBL562577,,CHEMBL1032035,2670664,EC50,=,1600,nM,5.8,potency,concentration,1600.0,5.8,EC50 为标准化浓度型效力指标,10,,0,CHEMBL1151922,2009,LITERATURE,Activation of flag-tagged human recombinant liver glucokinase expressed in Escherichia coli by glucose-6-phosphate dehydrogenase coupled continuous spectrophotometric assay in presence of 10 mM glucose
CHEMBL562878,,CHEMBL1032034,2670659,EC50,=,190,nM,6.72,potency,concentration,190.0,6.72,EC50 为标准化浓度型效力指标,2.5,,0,CHEMBL1151922,2009,LITERATURE,Activation of flag-tagged human recombinant liver glucokinase expressed in Escherichia coli by glucose-6-phosphate dehydrogenase coupled continuous spectrophotometric assay in presence of 2.5 mM glucose
CHEMBL562878,,CHEMBL1032035,2670692,EC50,=,60,nM,7.22,potency,concentration,60.0,7.22,EC50 为标准化浓度型效力指标,10,,0,CHEMBL1151922,2009,LITERATURE,Activation of flag-tagged human recombinant liver glucokinase expressed in Escherichia coli by glucose-6-phosphate dehydrogenase coupled continuous spectrophotometric assay in presence of 10 mM glucose
CHEMBL563133,,CHEMBL1058313,2718830,EC50,=,1500,nM,5.82,potency,concentration,1500.0,5.82,EC50 为标准化浓度型效力指标,,,0,CHEMBL1153645,2009,LITERATURE,Activation of flag-tagged recombinant human liver glucokinase expressed in Escherichia coli assessed as glucose-6-phosphate dehydrogenase by spectrophotometry
CHEMBL563133,,CHEMBL1058314,2718866,Emax,=,89,%,,efficacy,percent,,,Emax 为激活幅度指标，按该 assay 内值域（max=138.0）判为 percent 尺度,,,0,CHEMBL1153645,2009,LITERATURE,"Activation of flag-tagged recombinant human liver glucokinase expressed in Escherichia coli assessed as glucose-6-phosphate dehydrogenase activity by spectrophotometry relative to 2-amino-5-(4-methyl-4H-1,2,4-triazol-3-ylthio)-N-(4-methylthiazol-2-yl)benzamide"
CHEMBL563231,,CHEMBL1032034,2670654,EC50,=,780,nM,6.11,potency,concentration,780.0,6.11,EC50 为标准化浓度型效力指标,2.5,,0,CHEMBL1151922,2009,LITERATURE,Activation of flag-tagged human recombinant liver glucokinase expressed in Escherichia coli by glucose-6-phosphate dehydrogenase coupled continuous spectrophotometric assay in presence of 2.5 mM glucose
CHEMBL563231,,CHEMBL1032035,2670687,EC50,=,200,nM,6.7,potency,concentration,200.0,6.7,EC50 为标准化浓度型效力指标,10,,0,CHEMBL1151922,2009,LITERATURE,Activation of flag-tagged human recombinant liver glucokinase expressed in Escherichia coli by glucose-6-phosphate dehydrogenase coupled continuous spectrophotometric assay in presence of 10 mM glucose
CHEMBL563381,,CHEMBL1032034,2670635,EC50,=,2200,nM,5.66,potency,concentration,2200.0,5.66,EC50 为标准化浓度型效力指标,2.5,,0,CHEMBL1151922,2009,LITERATURE,Activation of flag-tagged human recombinant liver glucokinase expressed in Escherichia coli by glucose-6-phosphate dehydrogenase coupled continuous spectrophotometric assay in presence of 2.5 mM glucose
CHEMBL563381,,CHEMBL1032035,2670668,EC50,=,910,nM,6.04,potency,concentration,910.0,6.04,EC50 为标准化浓度型效力指标,10,,0,CHEMBL1151922,2009,LITERATURE,Activation of flag-tagged human recombinant liver glucokinase expressed in Escherichia coli by glucose-6-phosphate dehydrogenase coupled continuous spectrophotometric assay in presence of 10 mM glucose
CHEMBL563600,,CHEMBL1058313,2718901,EC50,>,30000,nM,,potency,concentration,30000.0,,EC50 为标准化浓度型效力指标,,,0,CHEMBL1153645,2009,LITERATURE,Activation of flag-tagged recombinant human liver glucokinase expressed in Escherichia coli assessed as glucose-6-phosphate dehydrogenase by spectrophotometry
CHEMBL563600,,CHEMBL1058314,2718891,Emax,=,44,%,,efficacy,percent,,,Emax 为激活幅度指标，按该 assay 内值域（max=138.0）判为 percent 尺度,,,0,CHEMBL1153645,2009,LITERATURE,"Activation of flag-tagged recombinant human liver glucokinase expressed in Escherichia coli assessed as glucose-6-phosphate dehydrogenase activity by spectrophotometry relative to 2-amino-5-(4-methyl-4H-1,2,4-triazol-3-ylthio)-N-(4-methylthiazol-2-yl)benzamide"
CHEMBL563668,,CHEMBL1058313,2718880,EC50,>,30000,nM,,potency,concentration,30000.0,,EC50 为标准化浓度型效力指标,,,0,CHEMBL1153645,2009,LITERATURE,Activation of flag-tagged recombinant human liver glucokinase expressed in Escherichia coli assessed as glucose-6-phosphate dehydrogenase by spectrophotometry
CHEMBL563668,,CHEMBL1058314,2718849,Emax,=,28,%,,efficacy,percent,,,Emax 为激活幅度指标，按该 assay 内值域（max=138.0）判为 percent 尺度,,,0,CHEMBL1153645,2009,LITERATURE,"Activation of flag-tagged recombinant human liver glucokinase expressed in Escherichia coli assessed as glucose-6-phosphate dehydrogenase activity by spectrophotometry relative to 2-amino-5-(4-methyl-4H-1,2,4-triazol-3-ylthio)-N-(4-methylthiazol-2-yl)benzamide"
CHEMBL563986,,CHEMBL1035543,2676442,EC50,=,76,nM,7.12,potency,concentration,76.0,7.12,EC50 为标准化浓度型效力指标,,,0,CHEMBL1151869,2009,LITERATURE,Activation of glucokinase
CHEMBL564110,,CHEMBL1035543,2676441,EC50,=,120,nM,6.92,potency,concentration,120.0,6.92,EC50 为标准化浓度型效力指标,,,0,CHEMBL1151869,2009,LITERATURE,Activation of glucokinase
CHEMBL564241,,CHEMBL1058313,2718838,EC50,=,2400,nM,5.62,potency,concentration,2400.0,5.62,EC50 为标准化浓度型效力指标,,,0,CHEMBL1153645,2009,LITERATURE,Activation of flag-tagged recombinant human liver glucokinase expressed in Escherichia coli assessed as glucose-6-phosphate dehydrogenase by spectrophotometry
CHEMBL564241,,CHEMBL1058314,2718876,Emax,=,111,%,,efficacy,percent,,,Emax 为激活幅度指标，按该 assay 内值域（max=138.0）判为 percent 尺度,,,0,CHEMBL1153645,2009,LITERATURE,"Activation of flag-tagged recombinant human liver glucokinase expressed in Escherichia coli assessed as glucose-6-phosphate dehydrogenase activity by spectrophotometry relative to 2-amino-5-(4-methyl-4H-1,2,4-triazol-3-ylthio)-N-(4-methylthiazol-2-yl)benzamide"
CHEMBL564270,,CHEMBL1032034,2670640,EC50,=,190,nM,6.72,potency,concentration,190.0,6.72,EC50 为标准化浓度型效力指标,2.5,,0,CHEMBL1151922,2009,LITERATURE,Activation of flag-tagged human recombinant liver glucokinase expressed in Escherichia coli by glucose-6-phosphate dehydrogenase coupled continuous spectrophotometric assay in presence of 2.5 mM glucose
CHEMBL564270,,CHEMBL1032035,2670673,EC50,=,50,nM,7.3,potency,concentration,50.0,7.3,EC50 为标准化浓度型效力指标,10,,0,CHEMBL1151922,2009,LITERATURE,Activation of flag-tagged human recombinant liver glucokinase expressed in Escherichia coli by glucose-6-phosphate dehydrogenase coupled continuous spectrophotometric assay in presence of 10 mM glucose
CHEMBL564282,,CHEMBL1032034,2670632,EC50,=,160,nM,6.8,potency,concentration,160.0,6.8,EC50 为标准化浓度型效力指标,2.5,,0,CHEMBL1151922,2009,LITERATURE,Activation of flag-tagged human recombinant liver glucokinase expressed in Escherichia coli by glucose-6-phosphate dehydrogenase coupled continuous spectrophotometric assay in presence of 2.5 mM glucose
CHEMBL564282,,CHEMBL1032034,2670652,EC50,=,280,nM,6.55,potency,concentration,280.0,6.55,EC50 为标准化浓度型效力指标,2.5,,0,CHEMBL1151922,2009,LITERATURE,Activation of flag-tagged human recombinant liver glucokinase expressed in Escherichia coli by glucose-6-phosphate dehydrogenase coupled continuous spectrophotometric assay in presence of 2.5 mM glucose
CHEMBL564282,,CHEMBL1032035,2670665,EC50,=,90,nM,7.05,potency,concentration,90.0,7.05,EC50 为标准化浓度型效力指标,10,,0,CHEMBL1151922,2009,LITERATURE,Activation of flag-tagged human recombinant liver glucokinase expressed in Escherichia coli by glucose-6-phosphate dehydrogenase coupled continuous spectrophotometric assay in presence of 10 mM glucose
CHEMBL564282,,CHEMBL1032035,2670685,EC50,=,170,nM,6.77,potency,concentration,170.0,6.77,EC50 为标准化浓度型效力指标,10,,0,CHEMBL1151922,2009,LITERATURE,Activation of flag-tagged human recombinant liver glucokinase expressed in Escherichia coli by glucose-6-phosphate dehydrogenase coupled continuous spectrophotometric assay in presence of 10 mM glucose
CHEMBL564383,,CHEMBL1058313,2718828,EC50,=,1100,nM,5.96,potency,concentration,1100.0,5.96,EC50 为标准化浓度型效力指标,,,0,CHEMBL1153645,2009,LITERATURE,Activation of flag-tagged recombinant human liver glucokinase expressed in Escherichia coli assessed as glucose-6-phosphate dehydrogenase by spectrophotometry
CHEMBL564383,,CHEMBL1058314,2718874,Emax,=,110,%,,efficacy,percent,,,Emax 为激活幅度指标，按该 assay 内值域（max=138.0）判为 percent 尺度,,,0,CHEMBL1153645,2009,LITERATURE,"Activation of flag-tagged recombinant human liver glucokinase expressed in Escherichia coli assessed as glucose-6-phosphate dehydrogenase activity by spectrophotometry relative to 2-amino-5-(4-methyl-4H-1,2,4-triazol-3-ylthio)-N-(4-methylthiazol-2-yl)benzamide"
CHEMBL564609,,CHEMBL1035543,2676448,EC50,=,160,nM,6.8,potency,concentration,160.0,6.8,EC50 为标准化浓度型效力指标,,,0,CHEMBL1151869,2009,LITERATURE,Activation of glucokinase
CHEMBL564960,,CHEMBL1058313,2718887,EC50,=,19100,nM,4.72,potency,concentration,19100.0,4.72,EC50 为标准化浓度型效力指标,,,0,CHEMBL1153645,2009,LITERATURE,Activation of flag-tagged recombinant human liver glucokinase expressed in Escherichia coli assessed as glucose-6-phosphate dehydrogenase by spectrophotometry
CHEMBL564960,,CHEMBL1058314,2718899,Emax,=,132,%,,efficacy,percent,,,Emax 为激活幅度指标，按该 assay 内值域（max=138.0）判为 percent 尺度,,,0,CHEMBL1153645,2009,LITERATURE,"Activation of flag-tagged recombinant human liver glucokinase expressed in Escherichia coli assessed as glucose-6-phosphate dehydrogenase activity by spectrophotometry relative to 2-amino-5-(4-methyl-4H-1,2,4-triazol-3-ylthio)-N-(4-methylthiazol-2-yl)benzamide"
CHEMBL572590,,CHEMBL1053631,2929333,Activity,=,42,nM,,potency,concentration,42.0,7.38,自由文本指标 Activity 受限提升为效力，描述命中：「half-maximal activat」,,,0,CHEMBL1155225,2009,LITERATURE,Activation of His-tagged human recombinant liver glucokinase expressed in Escherichia coli BL21 (DE3) assessed as drug level required for half-maximal activation
CHEMBL572840,,CHEMBL1056161,2925934,EC50,=,70,nM,7.16,potency,concentration,70.0,7.16,EC50 为标准化浓度型效力指标,2.5,,0,CHEMBL1155212,2009,LITERATURE,Activation of N-terminal His-tagged human recombinant liver glucokinase expressed in Escherichia coli BL21 (DE3) by glucose-6-phosphate dehydrogenase coupled continuous spectrophotometric assay in presence of 2.5 mM glucose
CHEMBL572840,,CHEMBL1056162,2926307,Emax,=,0.91,,,efficacy,fold,,,Emax 为激活幅度指标，按该 assay 内值域（max=1.1）判为 fold 尺度,2.5,,0,CHEMBL1155212,2009,LITERATURE,"Activation of N-terminal His-tagged human recombinant liver glucokinase expressed in Escherichia coli BL21 (DE3) by glucose-6-phosphate dehydrogenase coupled continuous spectrophotometric assay in presence of 2.5 mM glucose relative to 2-amino-5-(4-methyl-4H-1,2,4-triazol-3-ylthio)-N-(4-methylthiazol-2-yl)benzamide"
CHEMBL572840,,CHEMBL1056163,2926334,EC50,=,10,nM,8,potency,concentration,10.0,8.0,EC50 为标准化浓度型效力指标,10,,0,CHEMBL1155212,2009,LITERATURE,Activation of N-terminal His-tagged human recombinant liver glucokinase expressed in Escherichia coli BL21 (DE3) by glucose-6-phosphate dehydrogenase coupled continuous spectrophotometric assay in presence of 10 mM glucose
CHEMBL572840,,CHEMBL1056164,2926361,Emax,=,0.85,,,efficacy,fold,,,Emax 为激活幅度指标，按该 assay 内值域（max=1.1）判为 fold 尺度,10,,0,CHEMBL1155212,2009,LITERATURE,"Activation of N-terminal His-tagged human recombinant liver glucokinase expressed in Escherichia coli BL21 (DE3) by glucose-6-phosphate dehydrogenase coupled continuous spectrophotometric assay in presence of 10 mM glucose relative to 2-amino-5-(4-methyl-4H-1,2,4-triazol-3-ylthio)-N-(4-methylthiazol-2-yl)benzamide"
CHEMBL572841,,CHEMBL1056161,2925935,EC50,=,2000,nM,5.7,potency,concentration,2000.0,5.7,EC50 为标准化浓度型效力指标,2.5,,0,CHEMBL1155212,2009,LITERATURE,Activation of N-terminal His-tagged human recombinant liver glucokinase expressed in Escherichia coli BL21 (DE3) by glucose-6-phosphate dehydrogenase coupled continuous spectrophotometric assay in presence of 2.5 mM glucose
CHEMBL572841,,CHEMBL1056162,2926308,Emax,=,0.74,,,efficacy,fold,,,Emax 为激活幅度指标，按该 assay 内值域（max=1.1）判为 fold 尺度,2.5,,0,CHEMBL1155212,2009,LITERATURE,"Activation of N-terminal His-tagged human recombinant liver glucokinase expressed in Escherichia coli BL21 (DE3) by glucose-6-phosphate dehydrogenase coupled continuous spectrophotometric assay in presence of 2.5 mM glucose relative to 2-amino-5-(4-methyl-4H-1,2,4-triazol-3-ylthio)-N-(4-methylthiazol-2-yl)benzamide"
CHEMBL572841,,CHEMBL1056163,2926335,EC50,=,200,nM,6.7,potency,concentration,200.0,6.7,EC50 为标准化浓度型效力指标,10,,0,CHEMBL1155212,2009,LITERATURE,Activation of N-terminal His-tagged human recombinant liver glucokinase expressed in Escherichia coli BL21 (DE3) by glucose-6-phosphate dehydrogenase coupled continuous spectrophotometric assay in presence of 10 mM glucose
CHEMBL572841,,CHEMBL1056164,2926362,Emax,=,0.57,,,efficacy,fold,,,Emax 为激活幅度指标，按该 assay 内值域（max=1.1）判为 fold 尺度,10,,0,CHEMBL1155212,2009,LITERATURE,"Activation of N-terminal His-tagged human recombinant liver glucokinase expressed in Escherichia coli BL21 (DE3) by glucose-6-phosphate dehydrogenase coupled continuous spectrophotometric assay in presence of 10 mM glucose relative to 2-amino-5-(4-methyl-4H-1,2,4-triazol-3-ylthio)-N-(4-methylthiazol-2-yl)benzamide"
CHEMBL572842,,CHEMBL1056161,2925938,EC50,=,340,nM,6.47,potency,concentration,340.0,6.47,EC50 为标准化浓度型效力指标,2.5,,0,CHEMBL1155212,2009,LITERATURE,Activation of N-terminal His-tagged human recombinant liver glucokinase expressed in Escherichia coli BL21 (DE3) by glucose-6-phosphate dehydrogenase coupled continuous spectrophotometric assay in presence of 2.5 mM glucose
CHEMBL572842,,CHEMBL1056162,2926311,Emax,=,0.84,,,efficacy,fold,,,Emax 为激活幅度指标，按该 assay 内值域（max=1.1）判为 fold 尺度,2.5,,0,CHEMBL1155212,2009,LITERATURE,"Activation of N-terminal His-tagged human recombinant liver glucokinase expressed in Escherichia coli BL21 (DE3) by glucose-6-phosphate dehydrogenase coupled continuous spectrophotometric assay in presence of 2.5 mM glucose relative to 2-amino-5-(4-methyl-4H-1,2,4-triazol-3-ylthio)-N-(4-methylthiazol-2-yl)benzamide"
CHEMBL572842,,CHEMBL1056163,2926338,EC50,=,40,nM,7.4,potency,concentration,40.0,7.4,EC50 为标准化浓度型效力指标,10,,0,CHEMBL1155212,2009,LITERATURE,Activation of N-terminal His-tagged human recombinant liver glucokinase expressed in Escherichia coli BL21 (DE3) by glucose-6-phosphate dehydrogenase coupled continuous spectrophotometric assay in presence of 10 mM glucose
CHEMBL572842,,CHEMBL1056164,2926365,Emax,=,0.63,,,efficacy,fold,,,Emax 为激活幅度指标，按该 assay 内值域（max=1.1）判为 fold 尺度,10,,0,CHEMBL1155212,2009,LITERATURE,"Activation of N-terminal His-tagged human recombinant liver glucokinase expressed in Escherichia coli BL21 (DE3) by glucose-6-phosphate dehydrogenase coupled continuous spectrophotometric assay in presence of 10 mM glucose relative to 2-amino-5-(4-methyl-4H-1,2,4-triazol-3-ylthio)-N-(4-methylthiazol-2-yl)benzamide"
CHEMBL573064,,CHEMBL1056161,2925939,EC50,=,210,nM,6.68,potency,concentration,210.0,6.68,EC50 为标准化浓度型效力指标,2.5,,0,CHEMBL1155212,2009,LITERATURE,Activation of N-terminal His-tagged human recombinant liver glucokinase expressed in Escherichia coli BL21 (DE3) by glucose-6-phosphate dehydrogenase coupled continuous spectrophotometric assay in presence of 2.5 mM glucose
CHEMBL573064,,CHEMBL1056162,2926312,Emax,=,0.86,,,efficacy,fold,,,Emax 为激活幅度指标，按该 assay 内值域（max=1.1）判为 fold 尺度,2.5,,0,CHEMBL1155212,2009,LITERATURE,"Activation of N-terminal His-tagged human recombinant liver glucokinase expressed in Escherichia coli BL21 (DE3) by glucose-6-phosphate dehydrogenase coupled continuous spectrophotometric assay in presence of 2.5 mM glucose relative to 2-amino-5-(4-methyl-4H-1,2,4-triazol-3-ylthio)-N-(4-methylthiazol-2-yl)benzamide"
CHEMBL573064,,CHEMBL1056163,2926339,EC50,=,40,nM,7.4,potency,concentration,40.0,7.4,EC50 为标准化浓度型效力指标,10,,0,CHEMBL1155212,2009,LITERATURE,Activation of N-terminal His-tagged human recombinant liver glucokinase expressed in Escherichia coli BL21 (DE3) by glucose-6-phosphate dehydrogenase coupled continuous spectrophotometric assay in presence of 10 mM glucose
CHEMBL573064,,CHEMBL1056164,2926366,Emax,=,0.8,,,efficacy,fold,,,Emax 为激活幅度指标，按该 assay 内值域（max=1.1）判为 fold 尺度,10,,0,CHEMBL1155212,2009,LITERATURE,"Activation of N-terminal His-tagged human recombinant liver glucokinase expressed in Escherichia coli BL21 (DE3) by glucose-6-phosphate dehydrogenase coupled continuous spectrophotometric assay in presence of 10 mM glucose relative to 2-amino-5-(4-methyl-4H-1,2,4-triazol-3-ylthio)-N-(4-methylthiazol-2-yl)benzamide"
CHEMBL573065,,CHEMBL1056161,2925947,EC50,=,8700,nM,5.06,potency,concentration,8700.0,5.06,EC50 为标准化浓度型效力指标,2.5,,0,CHEMBL1155212,2009,LITERATURE,Activation of N-terminal His-tagged human recombinant liver glucokinase expressed in Escherichia coli BL21 (DE3) by glucose-6-phosphate dehydrogenase coupled continuous spectrophotometric assay in presence of 2.5 mM glucose
CHEMBL573065,,CHEMBL1056162,2926320,Emax,=,0.56,,,efficacy,fold,,,Emax 为激活幅度指标，按该 assay 内值域（max=1.1）判为 fold 尺度,2.5,,0,CHEMBL1155212,2009,LITERATURE,"Activation of N-terminal His-tagged human recombinant liver glucokinase expressed in Escherichia coli BL21 (DE3) by glucose-6-phosphate dehydrogenase coupled continuous spectrophotometric assay in presence of 2.5 mM glucose relative to 2-amino-5-(4-methyl-4H-1,2,4-triazol-3-ylthio)-N-(4-methylthiazol-2-yl)benzamide"
CHEMBL573065,,CHEMBL1056163,2926347,EC50,=,240,nM,6.62,potency,concentration,240.0,6.62,EC50 为标准化浓度型效力指标,10,,0,CHEMBL1155212,2009,LITERATURE,Activation of N-terminal His-tagged human recombinant liver glucokinase expressed in Escherichia coli BL21 (DE3) by glucose-6-phosphate dehydrogenase coupled continuous spectrophotometric assay in presence of 10 mM glucose
CHEMBL573065,,CHEMBL1056164,2926374,Emax,=,0.25,,,efficacy,fold,,,Emax 为激活幅度指标，按该 assay 内值域（max=1.1）判为 fold 尺度,10,,0,CHEMBL1155212,2009,LITERATURE,"Activation of N-terminal His-tagged human recombinant liver glucokinase expressed in Escherichia coli BL21 (DE3) by glucose-6-phosphate dehydrogenase coupled continuous spectrophotometric assay in presence of 10 mM glucose relative to 2-amino-5-(4-methyl-4H-1,2,4-triazol-3-ylthio)-N-(4-methylthiazol-2-yl)benzamide"
CHEMBL573071,,CHEMBL1053631,2929347,Activity,=,1453,nM,,potency,concentration,1453.0,5.84,自由文本指标 Activity 受限提升为效力，描述命中：「half-maximal activat」,,,0,CHEMBL1155225,2009,LITERATURE,Activation of His-tagged human recombinant liver glucokinase expressed in Escherichia coli BL21 (DE3) assessed as drug level required for half-maximal activation
CHEMBL573072,,CHEMBL1053631,2929354,Activity,=,147,nM,,potency,concentration,147.0,6.83,自由文本指标 Activity 受限提升为效力，描述命中：「half-maximal activat」,,,0,CHEMBL1155225,2009,LITERATURE,Activation of His-tagged human recombinant liver glucokinase expressed in Escherichia coli BL21 (DE3) assessed as drug level required for half-maximal activation
CHEMBL573292,,CHEMBL1053631,2929334,Activity,=,35,nM,,potency,concentration,35.0,7.46,自由文本指标 Activity 受限提升为效力，描述命中：「half-maximal activat」,,,0,CHEMBL1155225,2009,LITERATURE,Activation of His-tagged human recombinant liver glucokinase expressed in Escherichia coli BL21 (DE3) assessed as drug level required for half-maximal activation
CHEMBL573294,,CHEMBL1053631,2929331,Activity,=,897,nM,,potency,concentration,897.0,6.05,自由文本指标 Activity 受限提升为效力，描述命中：「half-maximal activat」,,,0,CHEMBL1155225,2009,LITERATURE,Activation of His-tagged human recombinant liver glucokinase expressed in Escherichia coli BL21 (DE3) assessed as drug level required for half-maximal activation
CHEMBL573520,,CHEMBL1053631,2929337,Activity,=,583,nM,,potency,concentration,583.0,6.23,自由文本指标 Activity 受限提升为效力，描述命中：「half-maximal activat」,,,0,CHEMBL1155225,2009,LITERATURE,Activation of His-tagged human recombinant liver glucokinase expressed in Escherichia coli BL21 (DE3) assessed as drug level required for half-maximal activation
CHEMBL573749,,CHEMBL1056161,2925924,EC50,=,230,nM,6.64,potency,concentration,230.0,6.64,EC50 为标准化浓度型效力指标,2.5,,0,CHEMBL1155212,2009,LITERATURE,Activation of N-terminal His-tagged human recombinant liver glucokinase expressed in Escherichia coli BL21 (DE3) by glucose-6-phosphate dehydrogenase coupled continuous spectrophotometric assay in presence of 2.5 mM glucose
CHEMBL573749,,CHEMBL1056162,2926297,Emax,=,0.8,,,efficacy,fold,,,Emax 为激活幅度指标，按该 assay 内值域（max=1.1）判为 fold 尺度,2.5,,0,CHEMBL1155212,2009,LITERATURE,"Activation of N-terminal His-tagged human recombinant liver glucokinase expressed in Escherichia coli BL21 (DE3) by glucose-6-phosphate dehydrogenase coupled continuous spectrophotometric assay in presence of 2.5 mM glucose relative to 2-amino-5-(4-methyl-4H-1,2,4-triazol-3-ylthio)-N-(4-methylthiazol-2-yl)benzamide"
CHEMBL573749,,CHEMBL1056163,2926324,EC50,=,80,nM,7.1,potency,concentration,80.0,7.1,EC50 为标准化浓度型效力指标,10,,0,CHEMBL1155212,2009,LITERATURE,Activation of N-terminal His-tagged human recombinant liver glucokinase expressed in Escherichia coli BL21 (DE3) by glucose-6-phosphate dehydrogenase coupled continuous spectrophotometric assay in presence of 10 mM glucose
CHEMBL573749,,CHEMBL1056164,2926351,Emax,=,0.73,,,efficacy,fold,,,Emax 为激活幅度指标，按该 assay 内值域（max=1.1）判为 fold 尺度,10,,0,CHEMBL1155212,2009,LITERATURE,"Activation of N-terminal His-tagged human recombinant liver glucokinase expressed in Escherichia coli BL21 (DE3) by glucose-6-phosphate dehydrogenase coupled continuous spectrophotometric assay in presence of 10 mM glucose relative to 2-amino-5-(4-methyl-4H-1,2,4-triazol-3-ylthio)-N-(4-methylthiazol-2-yl)benzamide"
CHEMBL573750,,CHEMBL1056161,2925925,EC50,=,150,nM,6.82,potency,concentration,150.0,6.82,EC50 为标准化浓度型效力指标,2.5,,0,CHEMBL1155212,2009,LITERATURE,Activation of N-terminal His-tagged human recombinant liver glucokinase expressed in Escherichia coli BL21 (DE3) by glucose-6-phosphate dehydrogenase coupled continuous spectrophotometric assay in presence of 2.5 mM glucose
CHEMBL573750,,CHEMBL1056162,2926298,Emax,=,0.61,,,efficacy,fold,,,Emax 为激活幅度指标，按该 assay 内值域（max=1.1）判为 fold 尺度,2.5,,0,CHEMBL1155212,2009,LITERATURE,"Activation of N-terminal His-tagged human recombinant liver glucokinase expressed in Escherichia coli BL21 (DE3) by glucose-6-phosphate dehydrogenase coupled continuous spectrophotometric assay in presence of 2.5 mM glucose relative to 2-amino-5-(4-methyl-4H-1,2,4-triazol-3-ylthio)-N-(4-methylthiazol-2-yl)benzamide"
CHEMBL573750,,CHEMBL1056163,2926325,EC50,=,50,nM,7.3,potency,concentration,50.0,7.3,EC50 为标准化浓度型效力指标,10,,0,CHEMBL1155212,2009,LITERATURE,Activation of N-terminal His-tagged human recombinant liver glucokinase expressed in Escherichia coli BL21 (DE3) by glucose-6-phosphate dehydrogenase coupled continuous spectrophotometric assay in presence of 10 mM glucose
CHEMBL573750,,CHEMBL1056164,2926352,Emax,=,0.56,,,efficacy,fold,,,Emax 为激活幅度指标，按该 assay 内值域（max=1.1）判为 fold 尺度,10,,0,CHEMBL1155212,2009,LITERATURE,"Activation of N-terminal His-tagged human recombinant liver glucokinase expressed in Escherichia coli BL21 (DE3) by glucose-6-phosphate dehydrogenase coupled continuous spectrophotometric assay in presence of 10 mM glucose relative to 2-amino-5-(4-methyl-4H-1,2,4-triazol-3-ylthio)-N-(4-methylthiazol-2-yl)benzamide"
CHEMBL573751,,CHEMBL1056161,2925926,EC50,=,1030,nM,5.99,potency,concentration,1030.0,5.99,EC50 为标准化浓度型效力指标,2.5,,0,CHEMBL1155212,2009,LITERATURE,Activation of N-terminal His-tagged human recombinant liver glucokinase expressed in Escherichia coli BL21 (DE3) by glucose-6-phosphate dehydrogenase coupled continuous spectrophotometric assay in presence of 2.5 mM glucose
CHEMBL573751,,CHEMBL1056162,2926299,Emax,=,0.48,,,efficacy,fold,,,Emax 为激活幅度指标，按该 assay 内值域（max=1.1）判为 fold 尺度,2.5,,0,CHEMBL1155212,2009,LITERATURE,"Activation of N-terminal His-tagged human recombinant liver glucokinase expressed in Escherichia coli BL21 (DE3) by glucose-6-phosphate dehydrogenase coupled continuous spectrophotometric assay in presence of 2.5 mM glucose relative to 2-amino-5-(4-methyl-4H-1,2,4-triazol-3-ylthio)-N-(4-methylthiazol-2-yl)benzamide"
CHEMBL573751,,CHEMBL1056163,2926326,EC50,=,100,nM,7,potency,concentration,100.0,7.0,EC50 为标准化浓度型效力指标,10,,0,CHEMBL1155212,2009,LITERATURE,Activation of N-terminal His-tagged human recombinant liver glucokinase expressed in Escherichia coli BL21 (DE3) by glucose-6-phosphate dehydrogenase coupled continuous spectrophotometric assay in presence of 10 mM glucose
CHEMBL573751,,CHEMBL1056164,2926353,Emax,=,0.46,,,efficacy,fold,,,Emax 为激活幅度指标，按该 assay 内值域（max=1.1）判为 fold 尺度,10,,0,CHEMBL1155212,2009,LITERATURE,"Activation of N-terminal His-tagged human recombinant liver glucokinase expressed in Escherichia coli BL21 (DE3) by glucose-6-phosphate dehydrogenase coupled continuous spectrophotometric assay in presence of 10 mM glucose relative to 2-amino-5-(4-methyl-4H-1,2,4-triazol-3-ylthio)-N-(4-methylthiazol-2-yl)benzamide"
CHEMBL573963,,CHEMBL1056161,2925932,EC50,=,450,nM,6.35,potency,concentration,450.0,6.35,EC50 为标准化浓度型效力指标,2.5,,0,CHEMBL1155212,2009,LITERATURE,Activation of N-terminal His-tagged human recombinant liver glucokinase expressed in Escherichia coli BL21 (DE3) by glucose-6-phosphate dehydrogenase coupled continuous spectrophotometric assay in presence of 2.5 mM glucose
CHEMBL573963,,CHEMBL1056162,2926305,Emax,=,1.1,,,efficacy,fold,,,Emax 为激活幅度指标，按该 assay 内值域（max=1.1）判为 fold 尺度,2.5,,0,CHEMBL1155212,2009,LITERATURE,"Activation of N-terminal His-tagged human recombinant liver glucokinase expressed in Escherichia coli BL21 (DE3) by glucose-6-phosphate dehydrogenase coupled continuous spectrophotometric assay in presence of 2.5 mM glucose relative to 2-amino-5-(4-methyl-4H-1,2,4-triazol-3-ylthio)-N-(4-methylthiazol-2-yl)benzamide"
CHEMBL573963,,CHEMBL1056163,2926332,EC50,=,110,nM,6.96,potency,concentration,110.0,6.96,EC50 为标准化浓度型效力指标,10,,0,CHEMBL1155212,2009,LITERATURE,Activation of N-terminal His-tagged human recombinant liver glucokinase expressed in Escherichia coli BL21 (DE3) by glucose-6-phosphate dehydrogenase coupled continuous spectrophotometric assay in presence of 10 mM glucose
CHEMBL573963,,CHEMBL1056164,2926359,Emax,=,1.1,,,efficacy,fold,,,Emax 为激活幅度指标，按该 assay 内值域（max=1.1）判为 fold 尺度,10,,0,CHEMBL1155212,2009,LITERATURE,"Activation of N-terminal His-tagged human recombinant liver glucokinase expressed in Escherichia coli BL21 (DE3) by glucose-6-phosphate dehydrogenase coupled continuous spectrophotometric assay in presence of 10 mM glucose relative to 2-amino-5-(4-methyl-4H-1,2,4-triazol-3-ylthio)-N-(4-methylthiazol-2-yl)benzamide"
CHEMBL573964,,CHEMBL1056161,2925933,EC50,=,5100,nM,5.29,potency,concentration,5100.0,5.29,EC50 为标准化浓度型效力指标,2.5,,0,CHEMBL1155212,2009,LITERATURE,Activation of N-terminal His-tagged human recombinant liver glucokinase expressed in Escherichia coli BL21 (DE3) by glucose-6-phosphate dehydrogenase coupled continuous spectrophotometric assay in presence of 2.5 mM glucose
CHEMBL573964,,CHEMBL1056162,2926306,Emax,=,0.78,,,efficacy,fold,,,Emax 为激活幅度指标，按该 assay 内值域（max=1.1）判为 fold 尺度,2.5,,0,CHEMBL1155212,2009,LITERATURE,"Activation of N-terminal His-tagged human recombinant liver glucokinase expressed in Escherichia coli BL21 (DE3) by glucose-6-phosphate dehydrogenase coupled continuous spectrophotometric assay in presence of 2.5 mM glucose relative to 2-amino-5-(4-methyl-4H-1,2,4-triazol-3-ylthio)-N-(4-methylthiazol-2-yl)benzamide"
CHEMBL573964,,CHEMBL1056163,2926333,EC50,=,570,nM,6.24,potency,concentration,570.0,6.24,EC50 为标准化浓度型效力指标,10,,0,CHEMBL1155212,2009,LITERATURE,Activation of N-terminal His-tagged human recombinant liver glucokinase expressed in Escherichia coli BL21 (DE3) by glucose-6-phosphate dehydrogenase coupled continuous spectrophotometric assay in presence of 10 mM glucose
CHEMBL573964,,CHEMBL1056164,2926360,Emax,=,0.68,,,efficacy,fold,,,Emax 为激活幅度指标，按该 assay 内值域（max=1.1）判为 fold 尺度,10,,0,CHEMBL1155212,2009,LITERATURE,"Activation of N-terminal His-tagged human recombinant liver glucokinase expressed in Escherichia coli BL21 (DE3) by glucose-6-phosphate dehydrogenase coupled continuous spectrophotometric assay in presence of 10 mM glucose relative to 2-amino-5-(4-methyl-4H-1,2,4-triazol-3-ylthio)-N-(4-methylthiazol-2-yl)benzamide"
CHEMBL573983,,CHEMBL1053631,2929358,Activity,=,39,nM,,potency,concentration,39.0,7.41,自由文本指标 Activity 受限提升为效力，描述命中：「half-maximal activat」,,,0,CHEMBL1155225,2009,LITERATURE,Activation of His-tagged human recombinant liver glucokinase expressed in Escherichia coli BL21 (DE3) assessed as drug level required for half-maximal activation
CHEMBL573983,,CHEMBL1054394,2929825,Activity,=,11,mM,,potency,concentration,11000000.0,1.96,自由文本指标 Activity 受限提升为效力，描述命中：「half-maximal activat」,,,0,CHEMBL1155225,2009,LITERATURE,Activation of His-tagged human recombinant liver glucokinase expressed in Escherichia coli BL21 (DE3) assessed as drug level required for half-maximal activation for sigmoid activation curve
CHEMBL574131,,CHEMBL1053631,2929348,Activity,=,61,nM,,potency,concentration,61.0,7.21,自由文本指标 Activity 受限提升为效力，描述命中：「half-maximal activat」,,,0,CHEMBL1155225,2009,LITERATURE,Activation of His-tagged human recombinant liver glucokinase expressed in Escherichia coli BL21 (DE3) assessed as drug level required for half-maximal activation
CHEMBL574351,,CHEMBL1053631,2929330,Activity,=,489,nM,,potency,concentration,489.0,6.31,自由文本指标 Activity 受限提升为效力，描述命中：「half-maximal activat」,,,0,CHEMBL1155225,2009,LITERATURE,Activation of His-tagged human recombinant liver glucokinase expressed in Escherichia coli BL21 (DE3) assessed as drug level required for half-maximal activation
CHEMBL574402,,CHEMBL1053631,2929345,Activity,=,180,nM,,potency,concentration,180.0,6.74,自由文本指标 Activity 受限提升为效力，描述命中：「half-maximal activat」,,,0,CHEMBL1155225,2009,LITERATURE,Activation of His-tagged human recombinant liver glucokinase expressed in Escherichia coli BL21 (DE3) assessed as drug level required for half-maximal activation
CHEMBL574879,,CHEMBL1056161,2925936,EC50,=,6100,nM,5.21,potency,concentration,6100.0,5.21,EC50 为标准化浓度型效力指标,2.5,,0,CHEMBL1155212,2009,LITERATURE,Activation of N-terminal His-tagged human recombinant liver glucokinase expressed in Escherichia coli BL21 (DE3) by glucose-6-phosphate dehydrogenase coupled continuous spectrophotometric assay in presence of 2.5 mM glucose
CHEMBL574879,,CHEMBL1056162,2926309,Emax,=,0.71,,,efficacy,fold,,,Emax 为激活幅度指标，按该 assay 内值域（max=1.1）判为 fold 尺度,2.5,,0,CHEMBL1155212,2009,LITERATURE,"Activation of N-terminal His-tagged human recombinant liver glucokinase expressed in Escherichia coli BL21 (DE3) by glucose-6-phosphate dehydrogenase coupled continuous spectrophotometric assay in presence of 2.5 mM glucose relative to 2-amino-5-(4-methyl-4H-1,2,4-triazol-3-ylthio)-N-(4-methylthiazol-2-yl)benzamide"
CHEMBL574879,,CHEMBL1056163,2926336,EC50,=,800,nM,6.1,potency,concentration,800.0,6.1,EC50 为标准化浓度型效力指标,10,,0,CHEMBL1155212,2009,LITERATURE,Activation of N-terminal His-tagged human recombinant liver glucokinase expressed in Escherichia coli BL21 (DE3) by glucose-6-phosphate dehydrogenase coupled continuous spectrophotometric assay in presence of 10 mM glucose
CHEMBL574879,,CHEMBL1056164,2926363,Emax,=,0.53,,,efficacy,fold,,,Emax 为激活幅度指标，按该 assay 内值域（max=1.1）判为 fold 尺度,10,,0,CHEMBL1155212,2009,LITERATURE,"Activation of N-terminal His-tagged human recombinant liver glucokinase expressed in Escherichia coli BL21 (DE3) by glucose-6-phosphate dehydrogenase coupled continuous spectrophotometric assay in presence of 10 mM glucose relative to 2-amino-5-(4-methyl-4H-1,2,4-triazol-3-ylthio)-N-(4-methylthiazol-2-yl)benzamide"
CHEMBL574880,,CHEMBL1056161,2925937,EC50,=,14000,nM,4.85,potency,concentration,14000.0,4.85,EC50 为标准化浓度型效力指标,2.5,,0,CHEMBL1155212,2009,LITERATURE,Activation of N-terminal His-tagged human recombinant liver glucokinase expressed in Escherichia coli BL21 (DE3) by glucose-6-phosphate dehydrogenase coupled continuous spectrophotometric assay in presence of 2.5 mM glucose
CHEMBL574880,,CHEMBL1056162,2926310,Emax,=,0.77,,,efficacy,fold,,,Emax 为激活幅度指标，按该 assay 内值域（max=1.1）判为 fold 尺度,2.5,,0,CHEMBL1155212,2009,LITERATURE,"Activation of N-terminal His-tagged human recombinant liver glucokinase expressed in Escherichia coli BL21 (DE3) by glucose-6-phosphate dehydrogenase coupled continuous spectrophotometric assay in presence of 2.5 mM glucose relative to 2-amino-5-(4-methyl-4H-1,2,4-triazol-3-ylthio)-N-(4-methylthiazol-2-yl)benzamide"
CHEMBL574880,,CHEMBL1056163,2926337,EC50,=,2700,nM,5.57,potency,concentration,2700.0,5.57,EC50 为标准化浓度型效力指标,10,,0,CHEMBL1155212,2009,LITERATURE,Activation of N-terminal His-tagged human recombinant liver glucokinase expressed in Escherichia coli BL21 (DE3) by glucose-6-phosphate dehydrogenase coupled continuous spectrophotometric assay in presence of 10 mM glucose
CHEMBL574880,,CHEMBL1056164,2926364,Emax,=,0.81,,,efficacy,fold,,,Emax 为激活幅度指标，按该 assay 内值域（max=1.1）判为 fold 尺度,10,,0,CHEMBL1155212,2009,LITERATURE,"Activation of N-terminal His-tagged human recombinant liver glucokinase expressed in Escherichia coli BL21 (DE3) by glucose-6-phosphate dehydrogenase coupled continuous spectrophotometric assay in presence of 10 mM glucose relative to 2-amino-5-(4-methyl-4H-1,2,4-triazol-3-ylthio)-N-(4-methylthiazol-2-yl)benzamide"
CHEMBL574881,,CHEMBL1053631,2929344,Activity,=,207,nM,,potency,concentration,207.0,6.68,自由文本指标 Activity 受限提升为效力，描述命中：「half-maximal activat」,,,0,CHEMBL1155225,2009,LITERATURE,Activation of His-tagged human recombinant liver glucokinase expressed in Escherichia coli BL21 (DE3) assessed as drug level required for half-maximal activation
CHEMBL574884,,CHEMBL1056161,2925931,EC50,=,320,nM,6.5,potency,concentration,320.0,6.5,EC50 为标准化浓度型效力指标,2.5,,0,CHEMBL1155212,2009,LITERATURE,Activation of N-terminal His-tagged human recombinant liver glucokinase expressed in Escherichia coli BL21 (DE3) by glucose-6-phosphate dehydrogenase coupled continuous spectrophotometric assay in presence of 2.5 mM glucose
CHEMBL574884,,CHEMBL1056162,2926304,Emax,=,0.92,,,efficacy,fold,,,Emax 为激活幅度指标，按该 assay 内值域（max=1.1）判为 fold 尺度,2.5,,0,CHEMBL1155212,2009,LITERATURE,"Activation of N-terminal His-tagged human recombinant liver glucokinase expressed in Escherichia coli BL21 (DE3) by glucose-6-phosphate dehydrogenase coupled continuous spectrophotometric assay in presence of 2.5 mM glucose relative to 2-amino-5-(4-methyl-4H-1,2,4-triazol-3-ylthio)-N-(4-methylthiazol-2-yl)benzamide"
CHEMBL574884,,CHEMBL1056163,2926331,EC50,=,80,nM,7.1,potency,concentration,80.0,7.1,EC50 为标准化浓度型效力指标,10,,0,CHEMBL1155212,2009,LITERATURE,Activation of N-terminal His-tagged human recombinant liver glucokinase expressed in Escherichia coli BL21 (DE3) by glucose-6-phosphate dehydrogenase coupled continuous spectrophotometric assay in presence of 10 mM glucose
CHEMBL574884,,CHEMBL1056164,2926358,Emax,=,0.9,,,efficacy,fold,,,Emax 为激活幅度指标，按该 assay 内值域（max=1.1）判为 fold 尺度,10,,0,CHEMBL1155212,2009,LITERATURE,"Activation of N-terminal His-tagged human recombinant liver glucokinase expressed in Escherichia coli BL21 (DE3) by glucose-6-phosphate dehydrogenase coupled continuous spectrophotometric assay in presence of 10 mM glucose relative to 2-amino-5-(4-methyl-4H-1,2,4-triazol-3-ylthio)-N-(4-methylthiazol-2-yl)benzamide"
CHEMBL575055,,CHEMBL1053631,2929353,Activity,=,109,nM,,potency,concentration,109.0,6.96,自由文本指标 Activity 受限提升为效力，描述命中：「half-maximal activat」,,,0,CHEMBL1155225,2009,LITERATURE,Activation of His-tagged human recombinant liver glucokinase expressed in Escherichia coli BL21 (DE3) assessed as drug level required for half-maximal activation
CHEMBL575057,,CHEMBL1053631,2929351,Activity,=,2810,nM,,potency,concentration,2810.0,5.55,自由文本指标 Activity 受限提升为效力，描述命中：「half-maximal activat」,,,0,CHEMBL1155225,2009,LITERATURE,Activation of His-tagged human recombinant liver glucokinase expressed in Escherichia coli BL21 (DE3) assessed as drug level required for half-maximal activation
CHEMBL575067,,CHEMBL1056161,2925927,EC50,=,530,nM,6.28,potency,concentration,530.0,6.28,EC50 为标准化浓度型效力指标,2.5,,0,CHEMBL1155212,2009,LITERATURE,Activation of N-terminal His-tagged human recombinant liver glucokinase expressed in Escherichia coli BL21 (DE3) by glucose-6-phosphate dehydrogenase coupled continuous spectrophotometric assay in presence of 2.5 mM glucose
CHEMBL575067,,CHEMBL1056162,2926300,Emax,=,0.76,,,efficacy,fold,,,Emax 为激活幅度指标，按该 assay 内值域（max=1.1）判为 fold 尺度,2.5,,0,CHEMBL1155212,2009,LITERATURE,"Activation of N-terminal His-tagged human recombinant liver glucokinase expressed in Escherichia coli BL21 (DE3) by glucose-6-phosphate dehydrogenase coupled continuous spectrophotometric assay in presence of 2.5 mM glucose relative to 2-amino-5-(4-methyl-4H-1,2,4-triazol-3-ylthio)-N-(4-methylthiazol-2-yl)benzamide"
CHEMBL575067,,CHEMBL1056163,2926327,EC50,=,80,nM,7.1,potency,concentration,80.0,7.1,EC50 为标准化浓度型效力指标,10,,0,CHEMBL1155212,2009,LITERATURE,Activation of N-terminal His-tagged human recombinant liver glucokinase expressed in Escherichia coli BL21 (DE3) by glucose-6-phosphate dehydrogenase coupled continuous spectrophotometric assay in presence of 10 mM glucose
CHEMBL575067,,CHEMBL1056164,2926354,Emax,=,0.76,,,efficacy,fold,,,Emax 为激活幅度指标，按该 assay 内值域（max=1.1）判为 fold 尺度,10,,0,CHEMBL1155212,2009,LITERATURE,"Activation of N-terminal His-tagged human recombinant liver glucokinase expressed in Escherichia coli BL21 (DE3) by glucose-6-phosphate dehydrogenase coupled continuous spectrophotometric assay in presence of 10 mM glucose relative to 2-amino-5-(4-methyl-4H-1,2,4-triazol-3-ylthio)-N-(4-methylthiazol-2-yl)benzamide"
CHEMBL575069,,CHEMBL1053631,2929336,Activity,=,181,nM,,potency,concentration,181.0,6.74,自由文本指标 Activity 受限提升为效力，描述命中：「half-maximal activat」,,,0,CHEMBL1155225,2009,LITERATURE,Activation of His-tagged human recombinant liver glucokinase expressed in Escherichia coli BL21 (DE3) assessed as drug level required for half-maximal activation
CHEMBL575087,,CHEMBL1056161,2925929,EC50,=,90,nM,7.05,potency,concentration,90.0,7.05,EC50 为标准化浓度型效力指标,2.5,,0,CHEMBL1155212,2009,LITERATURE,Activation of N-terminal His-tagged human recombinant liver glucokinase expressed in Escherichia coli BL21 (DE3) by glucose-6-phosphate dehydrogenase coupled continuous spectrophotometric assay in presence of 2.5 mM glucose
CHEMBL575087,,CHEMBL1056162,2926302,Emax,=,0.96,,,efficacy,fold,,,Emax 为激活幅度指标，按该 assay 内值域（max=1.1）判为 fold 尺度,2.5,,0,CHEMBL1155212,2009,LITERATURE,"Activation of N-terminal His-tagged human recombinant liver glucokinase expressed in Escherichia coli BL21 (DE3) by glucose-6-phosphate dehydrogenase coupled continuous spectrophotometric assay in presence of 2.5 mM glucose relative to 2-amino-5-(4-methyl-4H-1,2,4-triazol-3-ylthio)-N-(4-methylthiazol-2-yl)benzamide"
CHEMBL575087,,CHEMBL1056163,2926329,EC50,=,30,nM,7.52,potency,concentration,30.0,7.52,EC50 为标准化浓度型效力指标,10,,0,CHEMBL1155212,2009,LITERATURE,Activation of N-terminal His-tagged human recombinant liver glucokinase expressed in Escherichia coli BL21 (DE3) by glucose-6-phosphate dehydrogenase coupled continuous spectrophotometric assay in presence of 10 mM glucose
CHEMBL575087,,CHEMBL1056164,2926356,Emax,=,0.84,,,efficacy,fold,,,Emax 为激活幅度指标，按该 assay 内值域（max=1.1）判为 fold 尺度,10,,0,CHEMBL1155212,2009,LITERATURE,"Activation of N-terminal His-tagged human recombinant liver glucokinase expressed in Escherichia coli BL21 (DE3) by glucose-6-phosphate dehydrogenase coupled continuous spectrophotometric assay in presence of 10 mM glucose relative to 2-amino-5-(4-methyl-4H-1,2,4-triazol-3-ylthio)-N-(4-methylthiazol-2-yl)benzamide"
CHEMBL575088,,CHEMBL1056161,2925944,EC50,=,120,nM,6.92,potency,concentration,120.0,6.92,EC50 为标准化浓度型效力指标,2.5,,0,CHEMBL1155212,2009,LITERATURE,Activation of N-terminal His-tagged human recombinant liver glucokinase expressed in Escherichia coli BL21 (DE3) by glucose-6-phosphate dehydrogenase coupled continuous spectrophotometric assay in presence of 2.5 mM glucose
CHEMBL575088,,CHEMBL1056162,2926317,Emax,=,0.76,,,efficacy,fold,,,Emax 为激活幅度指标，按该 assay 内值域（max=1.1）判为 fold 尺度,2.5,,0,CHEMBL1155212,2009,LITERATURE,"Activation of N-terminal His-tagged human recombinant liver glucokinase expressed in Escherichia coli BL21 (DE3) by glucose-6-phosphate dehydrogenase coupled continuous spectrophotometric assay in presence of 2.5 mM glucose relative to 2-amino-5-(4-methyl-4H-1,2,4-triazol-3-ylthio)-N-(4-methylthiazol-2-yl)benzamide"
CHEMBL575088,,CHEMBL1056163,2926344,EC50,=,40,nM,7.4,potency,concentration,40.0,7.4,EC50 为标准化浓度型效力指标,10,,0,CHEMBL1155212,2009,LITERATURE,Activation of N-terminal His-tagged human recombinant liver glucokinase expressed in Escherichia coli BL21 (DE3) by glucose-6-phosphate dehydrogenase coupled continuous spectrophotometric assay in presence of 10 mM glucose
CHEMBL575088,,CHEMBL1056164,2926371,Emax,=,0.62,,,efficacy,fold,,,Emax 为激活幅度指标，按该 assay 内值域（max=1.1）判为 fold 尺度,10,,0,CHEMBL1155212,2009,LITERATURE,"Activation of N-terminal His-tagged human recombinant liver glucokinase expressed in Escherichia coli BL21 (DE3) by glucose-6-phosphate dehydrogenase coupled continuous spectrophotometric assay in presence of 10 mM glucose relative to 2-amino-5-(4-methyl-4H-1,2,4-triazol-3-ylthio)-N-(4-methylthiazol-2-yl)benzamide"
CHEMBL575091,,CHEMBL1053631,2929352,Activity,=,263,nM,,potency,concentration,263.0,6.58,自由文本指标 Activity 受限提升为效力，描述命中：「half-maximal activat」,,,0,CHEMBL1155225,2009,LITERATURE,Activation of His-tagged human recombinant liver glucokinase expressed in Escherichia coli BL21 (DE3) assessed as drug level required for half-maximal activation
CHEMBL575096,,CHEMBL1053631,2929355,Activity,=,66,nM,,potency,concentration,66.0,7.18,自由文本指标 Activity 受限提升为效力，描述命中：「half-maximal activat」,,,0,CHEMBL1155225,2009,LITERATURE,Activation of His-tagged human recombinant liver glucokinase expressed in Escherichia coli BL21 (DE3) assessed as drug level required for half-maximal activation
CHEMBL575278,,CHEMBL1056161,2925942,EC50,=,1500,nM,5.82,potency,concentration,1500.0,5.82,EC50 为标准化浓度型效力指标,2.5,,0,CHEMBL1155212,2009,LITERATURE,Activation of N-terminal His-tagged human recombinant liver glucokinase expressed in Escherichia coli BL21 (DE3) by glucose-6-phosphate dehydrogenase coupled continuous spectrophotometric assay in presence of 2.5 mM glucose
CHEMBL575278,,CHEMBL1056162,2926315,Emax,=,0.81,,,efficacy,fold,,,Emax 为激活幅度指标，按该 assay 内值域（max=1.1）判为 fold 尺度,2.5,,0,CHEMBL1155212,2009,LITERATURE,"Activation of N-terminal His-tagged human recombinant liver glucokinase expressed in Escherichia coli BL21 (DE3) by glucose-6-phosphate dehydrogenase coupled continuous spectrophotometric assay in presence of 2.5 mM glucose relative to 2-amino-5-(4-methyl-4H-1,2,4-triazol-3-ylthio)-N-(4-methylthiazol-2-yl)benzamide"
CHEMBL575278,,CHEMBL1056163,2926342,EC50,=,150,nM,6.82,potency,concentration,150.0,6.82,EC50 为标准化浓度型效力指标,10,,0,CHEMBL1155212,2009,LITERATURE,Activation of N-terminal His-tagged human recombinant liver glucokinase expressed in Escherichia coli BL21 (DE3) by glucose-6-phosphate dehydrogenase coupled continuous spectrophotometric assay in presence of 10 mM glucose
CHEMBL575278,,CHEMBL1056164,2926369,Emax,=,0.74,,,efficacy,fold,,,Emax 为激活幅度指标，按该 assay 内值域（max=1.1）判为 fold 尺度,10,,0,CHEMBL1155212,2009,LITERATURE,"Activation of N-terminal His-tagged human recombinant liver glucokinase expressed in Escherichia coli BL21 (DE3) by glucose-6-phosphate dehydrogenase coupled continuous spectrophotometric assay in presence of 10 mM glucose relative to 2-amino-5-(4-methyl-4H-1,2,4-triazol-3-ylthio)-N-(4-methylthiazol-2-yl)benzamide"
CHEMBL575298,,CHEMBL1056161,2925930,EC50,=,140,nM,6.85,potency,concentration,140.0,6.85,EC50 为标准化浓度型效力指标,2.5,,0,CHEMBL1155212,2009,LITERATURE,Activation of N-terminal His-tagged human recombinant liver glucokinase expressed in Escherichia coli BL21 (DE3) by glucose-6-phosphate dehydrogenase coupled continuous spectrophotometric assay in presence of 2.5 mM glucose
CHEMBL575298,,CHEMBL1056162,2926303,Emax,=,0.88,,,efficacy,fold,,,Emax 为激活幅度指标，按该 assay 内值域（max=1.1）判为 fold 尺度,2.5,,0,CHEMBL1155212,2009,LITERATURE,"Activation of N-terminal His-tagged human recombinant liver glucokinase expressed in Escherichia coli BL21 (DE3) by glucose-6-phosphate dehydrogenase coupled continuous spectrophotometric assay in presence of 2.5 mM glucose relative to 2-amino-5-(4-methyl-4H-1,2,4-triazol-3-ylthio)-N-(4-methylthiazol-2-yl)benzamide"
CHEMBL575298,,CHEMBL1056163,2926330,EC50,=,40,nM,7.4,potency,concentration,40.0,7.4,EC50 为标准化浓度型效力指标,10,,0,CHEMBL1155212,2009,LITERATURE,Activation of N-terminal His-tagged human recombinant liver glucokinase expressed in Escherichia coli BL21 (DE3) by glucose-6-phosphate dehydrogenase coupled continuous spectrophotometric assay in presence of 10 mM glucose
CHEMBL575298,,CHEMBL1056164,2926357,Emax,=,0.88,,,efficacy,fold,,,Emax 为激活幅度指标，按该 assay 内值域（max=1.1）判为 fold 尺度,10,,0,CHEMBL1155212,2009,LITERATURE,"Activation of N-terminal His-tagged human recombinant liver glucokinase expressed in Escherichia coli BL21 (DE3) by glucose-6-phosphate dehydrogenase coupled continuous spectrophotometric assay in presence of 10 mM glucose relative to 2-amino-5-(4-methyl-4H-1,2,4-triazol-3-ylthio)-N-(4-methylthiazol-2-yl)benzamide"
CHEMBL575302,,CHEMBL1053631,2929332,Activity,=,295,nM,,potency,concentration,295.0,6.53,自由文本指标 Activity 受限提升为效力，描述命中：「half-maximal activat」,,,0,CHEMBL1155225,2009,LITERATURE,Activation of His-tagged human recombinant liver glucokinase expressed in Escherichia coli BL21 (DE3) assessed as drug level required for half-maximal activation
CHEMBL575303,,CHEMBL1053631,2929341,Activity,=,266,nM,,potency,concentration,266.0,6.58,自由文本指标 Activity 受限提升为效力，描述命中：「half-maximal activat」,,,0,CHEMBL1155225,2009,LITERATURE,Activation of His-tagged human recombinant liver glucokinase expressed in Escherichia coli BL21 (DE3) assessed as drug level required for half-maximal activation
CHEMBL575305,,CHEMBL1053631,2929350,Activity,=,1860,nM,,potency,concentration,1860.0,5.73,自由文本指标 Activity 受限提升为效力，描述命中：「half-maximal activat」,,,0,CHEMBL1155225,2009,LITERATURE,Activation of His-tagged human recombinant liver glucokinase expressed in Escherichia coli BL21 (DE3) assessed as drug level required for half-maximal activation
CHEMBL575495,,CHEMBL1053631,2929346,Activity,=,892,nM,,potency,concentration,892.0,6.05,自由文本指标 Activity 受限提升为效力，描述命中：「half-maximal activat」,,,0,CHEMBL1155225,2009,LITERATURE,Activation of His-tagged human recombinant liver glucokinase expressed in Escherichia coli BL21 (DE3) assessed as drug level required for half-maximal activation
CHEMBL575529,,CHEMBL1053631,2929339,Activity,=,302,nM,,potency,concentration,302.0,6.52,自由文本指标 Activity 受限提升为效力，描述命中：「half-maximal activat」,,,0,CHEMBL1155225,2009,LITERATURE,Activation of His-tagged human recombinant liver glucokinase expressed in Escherichia coli BL21 (DE3) assessed as drug level required for half-maximal activation
CHEMBL575705,,CHEMBL1056161,2925916,EC50,=,2100,nM,5.68,potency,concentration,2100.0,5.68,EC50 为标准化浓度型效力指标,2.5,,0,CHEMBL1155212,2009,LITERATURE,Activation of N-terminal His-tagged human recombinant liver glucokinase expressed in Escherichia coli BL21 (DE3) by glucose-6-phosphate dehydrogenase coupled continuous spectrophotometric assay in presence of 2.5 mM glucose
CHEMBL575705,,CHEMBL1056162,2925917,Emax,=,0.69,,,efficacy,fold,,,Emax 为激活幅度指标，按该 assay 内值域（max=1.1）判为 fold 尺度,2.5,,0,CHEMBL1155212,2009,LITERATURE,"Activation of N-terminal His-tagged human recombinant liver glucokinase expressed in Escherichia coli BL21 (DE3) by glucose-6-phosphate dehydrogenase coupled continuous spectrophotometric assay in presence of 2.5 mM glucose relative to 2-amino-5-(4-methyl-4H-1,2,4-triazol-3-ylthio)-N-(4-methylthiazol-2-yl)benzamide"
CHEMBL575705,,CHEMBL1056163,2925918,EC50,=,210,nM,6.68,potency,concentration,210.0,6.68,EC50 为标准化浓度型效力指标,10,,0,CHEMBL1155212,2009,LITERATURE,Activation of N-terminal His-tagged human recombinant liver glucokinase expressed in Escherichia coli BL21 (DE3) by glucose-6-phosphate dehydrogenase coupled continuous spectrophotometric assay in presence of 10 mM glucose
CHEMBL575705,,CHEMBL1056164,2925919,Emax,=,0.47,,,efficacy,fold,,,Emax 为激活幅度指标，按该 assay 内值域（max=1.1）判为 fold 尺度,10,,0,CHEMBL1155212,2009,LITERATURE,"Activation of N-terminal His-tagged human recombinant liver glucokinase expressed in Escherichia coli BL21 (DE3) by glucose-6-phosphate dehydrogenase coupled continuous spectrophotometric assay in presence of 10 mM glucose relative to 2-amino-5-(4-methyl-4H-1,2,4-triazol-3-ylthio)-N-(4-methylthiazol-2-yl)benzamide"
CHEMBL575725,,CHEMBL1053631,2929338,Activity,=,323,nM,,potency,concentration,323.0,6.49,自由文本指标 Activity 受限提升为效力，描述命中：「half-maximal activat」,,,0,CHEMBL1155225,2009,LITERATURE,Activation of His-tagged human recombinant liver glucokinase expressed in Escherichia coli BL21 (DE3) assessed as drug level required for half-maximal activation
CHEMBL575726,,CHEMBL1053631,2929359,Activity,=,23,nM,,potency,concentration,23.0,7.64,自由文本指标 Activity 受限提升为效力，描述命中：「half-maximal activat」,,,0,CHEMBL1155225,2009,LITERATURE,Activation of His-tagged human recombinant liver glucokinase expressed in Escherichia coli BL21 (DE3) assessed as drug level required for half-maximal activation
CHEMBL575726,,CHEMBL3223666,14533404,EC50,=,122,nM,6.91,potency,concentration,122.0,6.91,EC50 为标准化浓度型效力指标,,,0,CHEMBL3217627,2011,LITERATURE,Activation of recombinant human glucokinase assessed as formation of glucose-6-phosphate by G6PDH/NADP coupled assay
CHEMBL575736,,CHEMBL1053631,2929340,Activity,=,305,nM,,potency,concentration,305.0,6.52,自由文本指标 Activity 受限提升为效力，描述命中：「half-maximal activat」,,,0,CHEMBL1155225,2009,LITERATURE,Activation of His-tagged human recombinant liver glucokinase expressed in Escherichia coli BL21 (DE3) assessed as drug level required for half-maximal activation
CHEMBL575903,,CHEMBL1056161,2925920,EC50,=,2100,nM,5.68,potency,concentration,2100.0,5.68,EC50 为标准化浓度型效力指标,2.5,,0,CHEMBL1155212,2009,LITERATURE,Activation of N-terminal His-tagged human recombinant liver glucokinase expressed in Escherichia coli BL21 (DE3) by glucose-6-phosphate dehydrogenase coupled continuous spectrophotometric assay in presence of 2.5 mM glucose
CHEMBL575903,,CHEMBL1056162,2925921,Emax,=,0.67,,,efficacy,fold,,,Emax 为激活幅度指标，按该 assay 内值域（max=1.1）判为 fold 尺度,2.5,,0,CHEMBL1155212,2009,LITERATURE,"Activation of N-terminal His-tagged human recombinant liver glucokinase expressed in Escherichia coli BL21 (DE3) by glucose-6-phosphate dehydrogenase coupled continuous spectrophotometric assay in presence of 2.5 mM glucose relative to 2-amino-5-(4-methyl-4H-1,2,4-triazol-3-ylthio)-N-(4-methylthiazol-2-yl)benzamide"
CHEMBL575903,,CHEMBL1056163,2925922,EC50,=,920,nM,6.04,potency,concentration,920.0,6.04,EC50 为标准化浓度型效力指标,10,,0,CHEMBL1155212,2009,LITERATURE,Activation of N-terminal His-tagged human recombinant liver glucokinase expressed in Escherichia coli BL21 (DE3) by glucose-6-phosphate dehydrogenase coupled continuous spectrophotometric assay in presence of 10 mM glucose
CHEMBL575903,,CHEMBL1056164,2925923,Emax,=,0.7,,,efficacy,fold,,,Emax 为激活幅度指标，按该 assay 内值域（max=1.1）判为 fold 尺度,10,,0,CHEMBL1155212,2009,LITERATURE,"Activation of N-terminal His-tagged human recombinant liver glucokinase expressed in Escherichia coli BL21 (DE3) by glucose-6-phosphate dehydrogenase coupled continuous spectrophotometric assay in presence of 10 mM glucose relative to 2-amino-5-(4-methyl-4H-1,2,4-triazol-3-ylthio)-N-(4-methylthiazol-2-yl)benzamide"
CHEMBL575904,,CHEMBL1056161,2925945,EC50,=,110,nM,6.96,potency,concentration,110.0,6.96,EC50 为标准化浓度型效力指标,2.5,,0,CHEMBL1155212,2009,LITERATURE,Activation of N-terminal His-tagged human recombinant liver glucokinase expressed in Escherichia coli BL21 (DE3) by glucose-6-phosphate dehydrogenase coupled continuous spectrophotometric assay in presence of 2.5 mM glucose
CHEMBL575904,,CHEMBL1056162,2926318,Emax,=,1,,,efficacy,fold,,,Emax 为激活幅度指标，按该 assay 内值域（max=1.1）判为 fold 尺度,2.5,,0,CHEMBL1155212,2009,LITERATURE,"Activation of N-terminal His-tagged human recombinant liver glucokinase expressed in Escherichia coli BL21 (DE3) by glucose-6-phosphate dehydrogenase coupled continuous spectrophotometric assay in presence of 2.5 mM glucose relative to 2-amino-5-(4-methyl-4H-1,2,4-triazol-3-ylthio)-N-(4-methylthiazol-2-yl)benzamide"
CHEMBL575904,,CHEMBL1056163,2926345,EC50,=,40,nM,7.4,potency,concentration,40.0,7.4,EC50 为标准化浓度型效力指标,10,,0,CHEMBL1155212,2009,LITERATURE,Activation of N-terminal His-tagged human recombinant liver glucokinase expressed in Escherichia coli BL21 (DE3) by glucose-6-phosphate dehydrogenase coupled continuous spectrophotometric assay in presence of 10 mM glucose
CHEMBL575904,,CHEMBL1056164,2926372,Emax,=,1.1,,,efficacy,fold,,,Emax 为激活幅度指标，按该 assay 内值域（max=1.1）判为 fold 尺度,10,,0,CHEMBL1155212,2009,LITERATURE,"Activation of N-terminal His-tagged human recombinant liver glucokinase expressed in Escherichia coli BL21 (DE3) by glucose-6-phosphate dehydrogenase coupled continuous spectrophotometric assay in presence of 10 mM glucose relative to 2-amino-5-(4-methyl-4H-1,2,4-triazol-3-ylthio)-N-(4-methylthiazol-2-yl)benzamide"
CHEMBL575905,,CHEMBL1056161,2925946,EC50,=,180,nM,6.75,potency,concentration,180.0,6.75,EC50 为标准化浓度型效力指标,2.5,,0,CHEMBL1155212,2009,LITERATURE,Activation of N-terminal His-tagged human recombinant liver glucokinase expressed in Escherichia coli BL21 (DE3) by glucose-6-phosphate dehydrogenase coupled continuous spectrophotometric assay in presence of 2.5 mM glucose
CHEMBL575905,,CHEMBL1056162,2926319,Emax,=,0.6,,,efficacy,fold,,,Emax 为激活幅度指标，按该 assay 内值域（max=1.1）判为 fold 尺度,2.5,,0,CHEMBL1155212,2009,LITERATURE,"Activation of N-terminal His-tagged human recombinant liver glucokinase expressed in Escherichia coli BL21 (DE3) by glucose-6-phosphate dehydrogenase coupled continuous spectrophotometric assay in presence of 2.5 mM glucose relative to 2-amino-5-(4-methyl-4H-1,2,4-triazol-3-ylthio)-N-(4-methylthiazol-2-yl)benzamide"
CHEMBL575905,,CHEMBL1056163,2926346,EC50,=,33000,nM,4.48,potency,concentration,33000.0,4.48,EC50 为标准化浓度型效力指标,10,,0,CHEMBL1155212,2009,LITERATURE,Activation of N-terminal His-tagged human recombinant liver glucokinase expressed in Escherichia coli BL21 (DE3) by glucose-6-phosphate dehydrogenase coupled continuous spectrophotometric assay in presence of 10 mM glucose
CHEMBL575905,,CHEMBL1056164,2926373,Emax,=,0.34,,,efficacy,fold,,,Emax 为激活幅度指标，按该 assay 内值域（max=1.1）判为 fold 尺度,10,,0,CHEMBL1155212,2009,LITERATURE,"Activation of N-terminal His-tagged human recombinant liver glucokinase expressed in Escherichia coli BL21 (DE3) by glucose-6-phosphate dehydrogenase coupled continuous spectrophotometric assay in presence of 10 mM glucose relative to 2-amino-5-(4-methyl-4H-1,2,4-triazol-3-ylthio)-N-(4-methylthiazol-2-yl)benzamide"
CHEMBL575918,,CHEMBL1056161,2925949,EC50,=,310,nM,6.51,potency,concentration,310.0,6.51,EC50 为标准化浓度型效力指标,2.5,,0,CHEMBL1155212,2009,LITERATURE,Activation of N-terminal His-tagged human recombinant liver glucokinase expressed in Escherichia coli BL21 (DE3) by glucose-6-phosphate dehydrogenase coupled continuous spectrophotometric assay in presence of 2.5 mM glucose
CHEMBL575918,,CHEMBL1056162,2926322,Emax,=,0.75,,,efficacy,fold,,,Emax 为激活幅度指标，按该 assay 内值域（max=1.1）判为 fold 尺度,2.5,,0,CHEMBL1155212,2009,LITERATURE,"Activation of N-terminal His-tagged human recombinant liver glucokinase expressed in Escherichia coli BL21 (DE3) by glucose-6-phosphate dehydrogenase coupled continuous spectrophotometric assay in presence of 2.5 mM glucose relative to 2-amino-5-(4-methyl-4H-1,2,4-triazol-3-ylthio)-N-(4-methylthiazol-2-yl)benzamide"
CHEMBL575918,,CHEMBL1056163,2926349,EC50,=,40,nM,7.4,potency,concentration,40.0,7.4,EC50 为标准化浓度型效力指标,10,,0,CHEMBL1155212,2009,LITERATURE,Activation of N-terminal His-tagged human recombinant liver glucokinase expressed in Escherichia coli BL21 (DE3) by glucose-6-phosphate dehydrogenase coupled continuous spectrophotometric assay in presence of 10 mM glucose
CHEMBL575918,,CHEMBL1056164,2926376,Emax,=,0.54,,,efficacy,fold,,,Emax 为激活幅度指标，按该 assay 内值域（max=1.1）判为 fold 尺度,10,,0,CHEMBL1155212,2009,LITERATURE,"Activation of N-terminal His-tagged human recombinant liver glucokinase expressed in Escherichia coli BL21 (DE3) by glucose-6-phosphate dehydrogenase coupled continuous spectrophotometric assay in presence of 10 mM glucose relative to 2-amino-5-(4-methyl-4H-1,2,4-triazol-3-ylthio)-N-(4-methylthiazol-2-yl)benzamide"
CHEMBL576361,,CHEMBL1053631,2929342,Activity,=,726,nM,,potency,concentration,726.0,6.14,自由文本指标 Activity 受限提升为效力，描述命中：「half-maximal activat」,,,0,CHEMBL1155225,2009,LITERATURE,Activation of His-tagged human recombinant liver glucokinase expressed in Escherichia coli BL21 (DE3) assessed as drug level required for half-maximal activation
CHEMBL576925,,CHEMBL1053631,2929356,Activity,=,66,nM,,potency,concentration,66.0,7.18,自由文本指标 Activity 受限提升为效力，描述命中：「half-maximal activat」,,,0,CHEMBL1155225,2009,LITERATURE,Activation of His-tagged human recombinant liver glucokinase expressed in Escherichia coli BL21 (DE3) assessed as drug level required for half-maximal activation
CHEMBL576936,,CHEMBL1056161,2925948,EC50,=,570,nM,6.24,potency,concentration,570.0,6.24,EC50 为标准化浓度型效力指标,2.5,,0,CHEMBL1155212,2009,LITERATURE,Activation of N-terminal His-tagged human recombinant liver glucokinase expressed in Escherichia coli BL21 (DE3) by glucose-6-phosphate dehydrogenase coupled continuous spectrophotometric assay in presence of 2.5 mM glucose
CHEMBL576936,,CHEMBL1056162,2926321,Emax,=,0.87,,,efficacy,fold,,,Emax 为激活幅度指标，按该 assay 内值域（max=1.1）判为 fold 尺度,2.5,,0,CHEMBL1155212,2009,LITERATURE,"Activation of N-terminal His-tagged human recombinant liver glucokinase expressed in Escherichia coli BL21 (DE3) by glucose-6-phosphate dehydrogenase coupled continuous spectrophotometric assay in presence of 2.5 mM glucose relative to 2-amino-5-(4-methyl-4H-1,2,4-triazol-3-ylthio)-N-(4-methylthiazol-2-yl)benzamide"
CHEMBL576936,,CHEMBL1056163,2926348,EC50,=,70,nM,7.16,potency,concentration,70.0,7.16,EC50 为标准化浓度型效力指标,10,,0,CHEMBL1155212,2009,LITERATURE,Activation of N-terminal His-tagged human recombinant liver glucokinase expressed in Escherichia coli BL21 (DE3) by glucose-6-phosphate dehydrogenase coupled continuous spectrophotometric assay in presence of 10 mM glucose
CHEMBL576936,,CHEMBL1056164,2926375,Emax,=,0.86,,,efficacy,fold,,,Emax 为激活幅度指标，按该 assay 内值域（max=1.1）判为 fold 尺度,10,,0,CHEMBL1155212,2009,LITERATURE,"Activation of N-terminal His-tagged human recombinant liver glucokinase expressed in Escherichia coli BL21 (DE3) by glucose-6-phosphate dehydrogenase coupled continuous spectrophotometric assay in presence of 10 mM glucose relative to 2-amino-5-(4-methyl-4H-1,2,4-triazol-3-ylthio)-N-(4-methylthiazol-2-yl)benzamide"
CHEMBL577190,,CHEMBL1053631,2929349,Activity,=,117,nM,,potency,concentration,117.0,6.93,自由文本指标 Activity 受限提升为效力，描述命中：「half-maximal activat」,,,0,CHEMBL1155225,2009,LITERATURE,Activation of His-tagged human recombinant liver glucokinase expressed in Escherichia coli BL21 (DE3) assessed as drug level required for half-maximal activation
CHEMBL577191,,CHEMBL1053631,2929335,Activity,=,73,nM,,potency,concentration,73.0,7.14,自由文本指标 Activity 受限提升为效力，描述命中：「half-maximal activat」,,,0,CHEMBL1155225,2009,LITERATURE,Activation of His-tagged human recombinant liver glucokinase expressed in Escherichia coli BL21 (DE3) assessed as drug level required for half-maximal activation
CHEMBL577592,,CHEMBL1056161,2925941,EC50,=,11000,nM,4.96,potency,concentration,11000.0,4.96,EC50 为标准化浓度型效力指标,2.5,,0,CHEMBL1155212,2009,LITERATURE,Activation of N-terminal His-tagged human recombinant liver glucokinase expressed in Escherichia coli BL21 (DE3) by glucose-6-phosphate dehydrogenase coupled continuous spectrophotometric assay in presence of 2.5 mM glucose
CHEMBL577592,,CHEMBL1056162,2926314,Emax,=,0.36,,,efficacy,fold,,,Emax 为激活幅度指标，按该 assay 内值域（max=1.1）判为 fold 尺度,2.5,,0,CHEMBL1155212,2009,LITERATURE,"Activation of N-terminal His-tagged human recombinant liver glucokinase expressed in Escherichia coli BL21 (DE3) by glucose-6-phosphate dehydrogenase coupled continuous spectrophotometric assay in presence of 2.5 mM glucose relative to 2-amino-5-(4-methyl-4H-1,2,4-triazol-3-ylthio)-N-(4-methylthiazol-2-yl)benzamide"
CHEMBL577592,,CHEMBL1056163,2926341,EC50,=,4000,nM,5.4,potency,concentration,4000.0,5.4,EC50 为标准化浓度型效力指标,10,,0,CHEMBL1155212,2009,LITERATURE,Activation of N-terminal His-tagged human recombinant liver glucokinase expressed in Escherichia coli BL21 (DE3) by glucose-6-phosphate dehydrogenase coupled continuous spectrophotometric assay in presence of 10 mM glucose
CHEMBL577592,,CHEMBL1056164,2926368,Emax,=,0.54,,,efficacy,fold,,,Emax 为激活幅度指标，按该 assay 内值域（max=1.1）判为 fold 尺度,10,,0,CHEMBL1155212,2009,LITERATURE,"Activation of N-terminal His-tagged human recombinant liver glucokinase expressed in Escherichia coli BL21 (DE3) by glucose-6-phosphate dehydrogenase coupled continuous spectrophotometric assay in presence of 10 mM glucose relative to 2-amino-5-(4-methyl-4H-1,2,4-triazol-3-ylthio)-N-(4-methylthiazol-2-yl)benzamide"
CHEMBL577785,,CHEMBL1053631,2929343,Activity,=,377,nM,,potency,concentration,377.0,6.42,自由文本指标 Activity 受限提升为效力，描述命中：「half-maximal activat」,,,0,CHEMBL1155225,2009,LITERATURE,Activation of His-tagged human recombinant liver glucokinase expressed in Escherichia coli BL21 (DE3) assessed as drug level required for half-maximal activation
CHEMBL577805,,CHEMBL1053631,2929357,Activity,=,153,nM,,potency,concentration,153.0,6.82,自由文本指标 Activity 受限提升为效力，描述命中：「half-maximal activat」,,,0,CHEMBL1155225,2009,LITERATURE,Activation of His-tagged human recombinant liver glucokinase expressed in Escherichia coli BL21 (DE3) assessed as drug level required for half-maximal activation
CHEMBL578022,,CHEMBL1056161,2925950,EC50,=,6100,nM,5.21,potency,concentration,6100.0,5.21,EC50 为标准化浓度型效力指标,2.5,,0,CHEMBL1155212,2009,LITERATURE,Activation of N-terminal His-tagged human recombinant liver glucokinase expressed in Escherichia coli BL21 (DE3) by glucose-6-phosphate dehydrogenase coupled continuous spectrophotometric assay in presence of 2.5 mM glucose
CHEMBL578022,,CHEMBL1056162,2926323,Emax,=,0.85,,,efficacy,fold,,,Emax 为激活幅度指标，按该 assay 内值域（max=1.1）判为 fold 尺度,2.5,,0,CHEMBL1155212,2009,LITERATURE,"Activation of N-terminal His-tagged human recombinant liver glucokinase expressed in Escherichia coli BL21 (DE3) by glucose-6-phosphate dehydrogenase coupled continuous spectrophotometric assay in presence of 2.5 mM glucose relative to 2-amino-5-(4-methyl-4H-1,2,4-triazol-3-ylthio)-N-(4-methylthiazol-2-yl)benzamide"
CHEMBL578022,,CHEMBL1056163,2926350,EC50,=,950,nM,6.02,potency,concentration,950.0,6.02,EC50 为标准化浓度型效力指标,10,,0,CHEMBL1155212,2009,LITERATURE,Activation of N-terminal His-tagged human recombinant liver glucokinase expressed in Escherichia coli BL21 (DE3) by glucose-6-phosphate dehydrogenase coupled continuous spectrophotometric assay in presence of 10 mM glucose
CHEMBL578022,,CHEMBL1056164,2926377,Emax,=,0.87,,,efficacy,fold,,,Emax 为激活幅度指标，按该 assay 内值域（max=1.1）判为 fold 尺度,10,,0,CHEMBL1155212,2009,LITERATURE,"Activation of N-terminal His-tagged human recombinant liver glucokinase expressed in Escherichia coli BL21 (DE3) by glucose-6-phosphate dehydrogenase coupled continuous spectrophotometric assay in presence of 10 mM glucose relative to 2-amino-5-(4-methyl-4H-1,2,4-triazol-3-ylthio)-N-(4-methylthiazol-2-yl)benzamide"
CHEMBL578638,,CHEMBL1056161,2925943,EC50,=,190,nM,6.72,potency,concentration,190.0,6.72,EC50 为标准化浓度型效力指标,2.5,,0,CHEMBL1155212,2009,LITERATURE,Activation of N-terminal His-tagged human recombinant liver glucokinase expressed in Escherichia coli BL21 (DE3) by glucose-6-phosphate dehydrogenase coupled continuous spectrophotometric assay in presence of 2.5 mM glucose
CHEMBL578638,,CHEMBL1056162,2926316,Emax,=,0.85,,,efficacy,fold,,,Emax 为激活幅度指标，按该 assay 内值域（max=1.1）判为 fold 尺度,2.5,,0,CHEMBL1155212,2009,LITERATURE,"Activation of N-terminal His-tagged human recombinant liver glucokinase expressed in Escherichia coli BL21 (DE3) by glucose-6-phosphate dehydrogenase coupled continuous spectrophotometric assay in presence of 2.5 mM glucose relative to 2-amino-5-(4-methyl-4H-1,2,4-triazol-3-ylthio)-N-(4-methylthiazol-2-yl)benzamide"
CHEMBL578638,,CHEMBL1056163,2926343,EC50,=,30,nM,7.52,potency,concentration,30.0,7.52,EC50 为标准化浓度型效力指标,10,,0,CHEMBL1155212,2009,LITERATURE,Activation of N-terminal His-tagged human recombinant liver glucokinase expressed in Escherichia coli BL21 (DE3) by glucose-6-phosphate dehydrogenase coupled continuous spectrophotometric assay in presence of 10 mM glucose
CHEMBL578638,,CHEMBL1056164,2926370,Emax,=,0.75,,,efficacy,fold,,,Emax 为激活幅度指标，按该 assay 内值域（max=1.1）判为 fold 尺度,10,,0,CHEMBL1155212,2009,LITERATURE,"Activation of N-terminal His-tagged human recombinant liver glucokinase expressed in Escherichia coli BL21 (DE3) by glucose-6-phosphate dehydrogenase coupled continuous spectrophotometric assay in presence of 10 mM glucose relative to 2-amino-5-(4-methyl-4H-1,2,4-triazol-3-ylthio)-N-(4-methylthiazol-2-yl)benzamide"
CHEMBL584378,,CHEMBL1056161,2925940,EC50,=,110,nM,6.96,potency,concentration,110.0,6.96,EC50 为标准化浓度型效力指标,2.5,,0,CHEMBL1155212,2009,LITERATURE,Activation of N-terminal His-tagged human recombinant liver glucokinase expressed in Escherichia coli BL21 (DE3) by glucose-6-phosphate dehydrogenase coupled continuous spectrophotometric assay in presence of 2.5 mM glucose
CHEMBL584378,,CHEMBL1056162,2926313,Emax,=,0.86,,,efficacy,fold,,,Emax 为激活幅度指标，按该 assay 内值域（max=1.1）判为 fold 尺度,2.5,,0,CHEMBL1155212,2009,LITERATURE,"Activation of N-terminal His-tagged human recombinant liver glucokinase expressed in Escherichia coli BL21 (DE3) by glucose-6-phosphate dehydrogenase coupled continuous spectrophotometric assay in presence of 2.5 mM glucose relative to 2-amino-5-(4-methyl-4H-1,2,4-triazol-3-ylthio)-N-(4-methylthiazol-2-yl)benzamide"
CHEMBL584378,,CHEMBL1056163,2926340,EC50,=,20,nM,7.7,potency,concentration,20.0,7.7,EC50 为标准化浓度型效力指标,10,,0,CHEMBL1155212,2009,LITERATURE,Activation of N-terminal His-tagged human recombinant liver glucokinase expressed in Escherichia coli BL21 (DE3) by glucose-6-phosphate dehydrogenase coupled continuous spectrophotometric assay in presence of 10 mM glucose
CHEMBL584378,,CHEMBL1056164,2926367,Emax,=,0.8,,,efficacy,fold,,,Emax 为激活幅度指标，按该 assay 内值域（max=1.1）判为 fold 尺度,10,,0,CHEMBL1155212,2009,LITERATURE,"Activation of N-terminal His-tagged human recombinant liver glucokinase expressed in Escherichia coli BL21 (DE3) by glucose-6-phosphate dehydrogenase coupled continuous spectrophotometric assay in presence of 10 mM glucose relative to 2-amino-5-(4-methyl-4H-1,2,4-triazol-3-ylthio)-N-(4-methylthiazol-2-yl)benzamide"
CHEMBL584807,,CHEMBL1056161,2925928,EC50,=,300,nM,6.52,potency,concentration,300.0,6.52,EC50 为标准化浓度型效力指标,2.5,,0,CHEMBL1155212,2009,LITERATURE,Activation of N-terminal His-tagged human recombinant liver glucokinase expressed in Escherichia coli BL21 (DE3) by glucose-6-phosphate dehydrogenase coupled continuous spectrophotometric assay in presence of 2.5 mM glucose
CHEMBL584807,,CHEMBL1056162,2926301,Emax,=,0.93,,,efficacy,fold,,,Emax 为激活幅度指标，按该 assay 内值域（max=1.1）判为 fold 尺度,2.5,,0,CHEMBL1155212,2009,LITERATURE,"Activation of N-terminal His-tagged human recombinant liver glucokinase expressed in Escherichia coli BL21 (DE3) by glucose-6-phosphate dehydrogenase coupled continuous spectrophotometric assay in presence of 2.5 mM glucose relative to 2-amino-5-(4-methyl-4H-1,2,4-triazol-3-ylthio)-N-(4-methylthiazol-2-yl)benzamide"
CHEMBL584807,,CHEMBL1056163,2926328,EC50,=,60,nM,7.22,potency,concentration,60.0,7.22,EC50 为标准化浓度型效力指标,10,,0,CHEMBL1155212,2009,LITERATURE,Activation of N-terminal His-tagged human recombinant liver glucokinase expressed in Escherichia coli BL21 (DE3) by glucose-6-phosphate dehydrogenase coupled continuous spectrophotometric assay in presence of 10 mM glucose
CHEMBL584807,,CHEMBL1056164,2926355,Emax,=,0.4,,,efficacy,fold,,,Emax 为激活幅度指标，按该 assay 内值域（max=1.1）判为 fold 尺度,10,,0,CHEMBL1155212,2009,LITERATURE,"Activation of N-terminal His-tagged human recombinant liver glucokinase expressed in Escherichia coli BL21 (DE3) by glucose-6-phosphate dehydrogenase coupled continuous spectrophotometric assay in presence of 10 mM glucose relative to 2-amino-5-(4-methyl-4H-1,2,4-triazol-3-ylthio)-N-(4-methylthiazol-2-yl)benzamide"
CHEMBL592914,,CHEMBL1042963,3058746,FC,=,1.12,,,efficacy,fold,,,FC（fold change）为激活倍数,,,0,CHEMBL1152613,2009,LITERATURE,Activation of human glucokinase expressed in Escherichia coli BL21(DE3) at 10 uM by G6PDH-coupled spectrometry relative to untreated control
CHEMBL593002,,CHEMBL1038417,3071849,EC50,>,5000,nM,,potency,concentration,5000.0,,EC50 为标准化浓度型效力指标,10,,0,CHEMBL1152594,2009,LITERATURE,Activation of human liver glucokinase expressed in CHO cells at 10 mM glucose concentration by glucose-6-phosphate coupled continuous spectrophotometric assay
CHEMBL593002,,CHEMBL1065927,3071819,EC50,>,5000,nM,,potency,concentration,5000.0,,EC50 为标准化浓度型效力指标,2.5,,0,CHEMBL1152594,2009,LITERATURE,Activation of human liver glucokinase expressed in CHO cells at 2.5 mM glucose concentration by glucose-6-phosphate coupled continuous spectrophotometric assay
CHEMBL593151,,CHEMBL1042963,3058735,FC,=,1.09,,,efficacy,fold,,,FC（fold change）为激活倍数,,,0,CHEMBL1152613,2009,LITERATURE,Activation of human glucokinase expressed in Escherichia coli BL21(DE3) at 10 uM by G6PDH-coupled spectrometry relative to untreated control
CHEMBL593183,,CHEMBL1042963,3058756,FC,=,1.25,,,efficacy,fold,,,FC（fold change）为激活倍数,,,0,CHEMBL1152613,2009,LITERATURE,Activation of human glucokinase expressed in Escherichia coli BL21(DE3) at 10 uM by G6PDH-coupled spectrometry relative to untreated control
CHEMBL593212,,CHEMBL1042963,3058752,FC,=,1.2,,,efficacy,fold,,,FC（fold change）为激活倍数,,,0,CHEMBL1152613,2009,LITERATURE,Activation of human glucokinase expressed in Escherichia coli BL21(DE3) at 10 uM by G6PDH-coupled spectrometry relative to untreated control
CHEMBL594382,,CHEMBL1038416,3071840,Emax,=,1.03,%,,efficacy,fold,,,Emax 为激活幅度指标，按该 assay 内值域（max=1.1）判为 fold 尺度；⚠ 原始单位标注为 % 但数值是倍数，以数值为准,2.5,,0,CHEMBL1152594,2009,LITERATURE,"Activation of human liver glucokinase expressed in CHO cells at 2.5 mM glucose concentration by glucose-6-phosphate coupled continuous spectrophotometric assay relative to 2-amino-N-(4-methyl-1,3-thiazol-2-yl)-5-[(4-methyl-4H-1,2,4-triazol-3-yl)sulfanyl]benzamide"
CHEMBL594382,,CHEMBL1038417,3071856,EC50,=,120,nM,6.92,potency,concentration,120.0,6.92,EC50 为标准化浓度型效力指标,10,,0,CHEMBL1152594,2009,LITERATURE,Activation of human liver glucokinase expressed in CHO cells at 10 mM glucose concentration by glucose-6-phosphate coupled continuous spectrophotometric assay
CHEMBL594382,,CHEMBL1038418,3071870,Emax,=,0.99,%,,efficacy,fold,,,Emax 为激活幅度指标，按该 assay 内值域（max=1.13）判为 fold 尺度；⚠ 原始单位标注为 % 但数值是倍数，以数值为准,10,,0,CHEMBL1152594,2009,LITERATURE,"Activation of human liver glucokinase expressed in CHO cells at 10 mM glucose concentration by glucose-6-phosphate coupled continuous spectrophotometric assay relative to 2-amino-N-(4-methyl-1,3-thiazol-2-yl)-5-[(4-methyl-4H-1,2,4-triazol-3-yl)sulfanyl]benzamide"
CHEMBL594382,,CHEMBL1065927,3071826,EC50,=,430,nM,6.37,potency,concentration,430.0,6.37,EC50 为标准化浓度型效力指标,2.5,,0,CHEMBL1152594,2009,LITERATURE,Activation of human liver glucokinase expressed in CHO cells at 2.5 mM glucose concentration by glucose-6-phosphate coupled continuous spectrophotometric assay
CHEMBL594566,,CHEMBL1042963,3058750,FC,=,0.89,,,efficacy,fold,,,FC（fold change）为激活倍数,,,0,CHEMBL1152613,2009,LITERATURE,Activation of human glucokinase expressed in Escherichia coli BL21(DE3) at 10 uM by G6PDH-coupled spectrometry relative to untreated control
CHEMBL594633,,CHEMBL1038416,3071834,Emax,=,0.96,%,,efficacy,fold,,,Emax 为激活幅度指标，按该 assay 内值域（max=1.1）判为 fold 尺度；⚠ 原始单位标注为 % 但数值是倍数，以数值为准,2.5,,0,CHEMBL1152594,2009,LITERATURE,"Activation of human liver glucokinase expressed in CHO cells at 2.5 mM glucose concentration by glucose-6-phosphate coupled continuous spectrophotometric assay relative to 2-amino-N-(4-methyl-1,3-thiazol-2-yl)-5-[(4-methyl-4H-1,2,4-triazol-3-yl)sulfanyl]benzamide"
CHEMBL594633,,CHEMBL1038417,3071848,EC50,=,80,nM,7.1,potency,concentration,80.0,7.1,EC50 为标准化浓度型效力指标,10,,0,CHEMBL1152594,2009,LITERATURE,Activation of human liver glucokinase expressed in CHO cells at 10 mM glucose concentration by glucose-6-phosphate coupled continuous spectrophotometric assay
CHEMBL594633,,CHEMBL1038418,3071864,Emax,=,0.69,%,,efficacy,fold,,,Emax 为激活幅度指标，按该 assay 内值域（max=1.13）判为 fold 尺度；⚠ 原始单位标注为 % 但数值是倍数，以数值为准,10,,0,CHEMBL1152594,2009,LITERATURE,"Activation of human liver glucokinase expressed in CHO cells at 10 mM glucose concentration by glucose-6-phosphate coupled continuous spectrophotometric assay relative to 2-amino-N-(4-methyl-1,3-thiazol-2-yl)-5-[(4-methyl-4H-1,2,4-triazol-3-yl)sulfanyl]benzamide"
CHEMBL594633,,CHEMBL1065927,3071818,EC50,=,320,nM,6.5,potency,concentration,320.0,6.5,EC50 为标准化浓度型效力指标,2.5,,0,CHEMBL1152594,2009,LITERATURE,Activation of human liver glucokinase expressed in CHO cells at 2.5 mM glucose concentration by glucose-6-phosphate coupled continuous spectrophotometric assay
CHEMBL594634,,CHEMBL1038416,3071836,Emax,=,0.88,%,,efficacy,fold,,,Emax 为激活幅度指标，按该 assay 内值域（max=1.1）判为 fold 尺度；⚠ 原始单位标注为 % 但数值是倍数，以数值为准,2.5,,0,CHEMBL1152594,2009,LITERATURE,"Activation of human liver glucokinase expressed in CHO cells at 2.5 mM glucose concentration by glucose-6-phosphate coupled continuous spectrophotometric assay relative to 2-amino-N-(4-methyl-1,3-thiazol-2-yl)-5-[(4-methyl-4H-1,2,4-triazol-3-yl)sulfanyl]benzamide"
CHEMBL594634,,CHEMBL1038417,3071851,EC50,=,100,nM,7,potency,concentration,100.0,7.0,EC50 为标准化浓度型效力指标,10,,0,CHEMBL1152594,2009,LITERATURE,Activation of human liver glucokinase expressed in CHO cells at 10 mM glucose concentration by glucose-6-phosphate coupled continuous spectrophotometric assay
CHEMBL594634,,CHEMBL1038418,3071866,Emax,=,0.85,%,,efficacy,fold,,,Emax 为激活幅度指标，按该 assay 内值域（max=1.13）判为 fold 尺度；⚠ 原始单位标注为 % 但数值是倍数，以数值为准,10,,0,CHEMBL1152594,2009,LITERATURE,"Activation of human liver glucokinase expressed in CHO cells at 10 mM glucose concentration by glucose-6-phosphate coupled continuous spectrophotometric assay relative to 2-amino-N-(4-methyl-1,3-thiazol-2-yl)-5-[(4-methyl-4H-1,2,4-triazol-3-yl)sulfanyl]benzamide"
CHEMBL594634,,CHEMBL1065927,3071821,EC50,=,280,nM,6.55,potency,concentration,280.0,6.55,EC50 为标准化浓度型效力指标,2.5,,0,CHEMBL1152594,2009,LITERATURE,Activation of human liver glucokinase expressed in CHO cells at 2.5 mM glucose concentration by glucose-6-phosphate coupled continuous spectrophotometric assay
CHEMBL595122,,CHEMBL1038416,3071837,Emax,=,1,%,,efficacy,fold,,,Emax 为激活幅度指标，按该 assay 内值域（max=1.1）判为 fold 尺度；⚠ 原始单位标注为 % 但数值是倍数，以数值为准,2.5,,0,CHEMBL1152594,2009,LITERATURE,"Activation of human liver glucokinase expressed in CHO cells at 2.5 mM glucose concentration by glucose-6-phosphate coupled continuous spectrophotometric assay relative to 2-amino-N-(4-methyl-1,3-thiazol-2-yl)-5-[(4-methyl-4H-1,2,4-triazol-3-yl)sulfanyl]benzamide"
CHEMBL595122,,CHEMBL1038417,3071852,EC50,=,40,nM,7.4,potency,concentration,40.0,7.4,EC50 为标准化浓度型效力指标,10,,0,CHEMBL1152594,2009,LITERATURE,Activation of human liver glucokinase expressed in CHO cells at 10 mM glucose concentration by glucose-6-phosphate coupled continuous spectrophotometric assay
CHEMBL595122,,CHEMBL1038418,3071867,Emax,=,1.09,%,,efficacy,fold,,,Emax 为激活幅度指标，按该 assay 内值域（max=1.13）判为 fold 尺度；⚠ 原始单位标注为 % 但数值是倍数，以数值为准,10,,0,CHEMBL1152594,2009,LITERATURE,"Activation of human liver glucokinase expressed in CHO cells at 10 mM glucose concentration by glucose-6-phosphate coupled continuous spectrophotometric assay relative to 2-amino-N-(4-methyl-1,3-thiazol-2-yl)-5-[(4-methyl-4H-1,2,4-triazol-3-yl)sulfanyl]benzamide"
CHEMBL595122,,CHEMBL1065927,3071822,EC50,=,160,nM,6.8,potency,concentration,160.0,6.8,EC50 为标准化浓度型效力指标,2.5,,0,CHEMBL1152594,2009,LITERATURE,Activation of human liver glucokinase expressed in CHO cells at 2.5 mM glucose concentration by glucose-6-phosphate coupled continuous spectrophotometric assay
CHEMBL595273,,CHEMBL1042963,3058744,FC,=,0.81,,,efficacy,fold,,,FC（fold change）为激活倍数,,,0,CHEMBL1152613,2009,LITERATURE,Activation of human glucokinase expressed in Escherichia coli BL21(DE3) at 10 uM by G6PDH-coupled spectrometry relative to untreated control
CHEMBL595296,,CHEMBL1042963,3058741,FC,=,1.21,,,efficacy,fold,,,FC（fold change）为激活倍数,,,0,CHEMBL1152613,2009,LITERATURE,Activation of human glucokinase expressed in Escherichia coli BL21(DE3) at 10 uM by G6PDH-coupled spectrometry relative to untreated control
CHEMBL595297,,CHEMBL1042963,3058748,FC,=,1.2,,,efficacy,fold,,,FC（fold change）为激活倍数,,,0,CHEMBL1152613,2009,LITERATURE,Activation of human glucokinase expressed in Escherichia coli BL21(DE3) at 10 uM by G6PDH-coupled spectrometry relative to untreated control
CHEMBL595353,,CHEMBL1038416,3071841,Emax,=,1.1,%,,efficacy,fold,,,Emax 为激活幅度指标，按该 assay 内值域（max=1.1）判为 fold 尺度；⚠ 原始单位标注为 % 但数值是倍数，以数值为准,2.5,,0,CHEMBL1152594,2009,LITERATURE,"Activation of human liver glucokinase expressed in CHO cells at 2.5 mM glucose concentration by glucose-6-phosphate coupled continuous spectrophotometric assay relative to 2-amino-N-(4-methyl-1,3-thiazol-2-yl)-5-[(4-methyl-4H-1,2,4-triazol-3-yl)sulfanyl]benzamide"
CHEMBL595353,,CHEMBL1038417,3071857,EC50,=,70,nM,7.16,potency,concentration,70.0,7.16,EC50 为标准化浓度型效力指标,10,,0,CHEMBL1152594,2009,LITERATURE,Activation of human liver glucokinase expressed in CHO cells at 10 mM glucose concentration by glucose-6-phosphate coupled continuous spectrophotometric assay
CHEMBL595353,,CHEMBL1038418,3071871,Emax,=,1.07,%,,efficacy,fold,,,Emax 为激活幅度指标，按该 assay 内值域（max=1.13）判为 fold 尺度；⚠ 原始单位标注为 % 但数值是倍数，以数值为准,10,,0,CHEMBL1152594,2009,LITERATURE,"Activation of human liver glucokinase expressed in CHO cells at 10 mM glucose concentration by glucose-6-phosphate coupled continuous spectrophotometric assay relative to 2-amino-N-(4-methyl-1,3-thiazol-2-yl)-5-[(4-methyl-4H-1,2,4-triazol-3-yl)sulfanyl]benzamide"
CHEMBL595353,,CHEMBL1065927,3071827,EC50,=,410,nM,6.39,potency,concentration,410.0,6.39,EC50 为标准化浓度型效力指标,2.5,,0,CHEMBL1152594,2009,LITERATURE,Activation of human liver glucokinase expressed in CHO cells at 2.5 mM glucose concentration by glucose-6-phosphate coupled continuous spectrophotometric assay
CHEMBL595362,,CHEMBL1038416,3071833,Emax,=,1,%,,efficacy,fold,,,Emax 为激活幅度指标，按该 assay 内值域（max=1.1）判为 fold 尺度；⚠ 原始单位标注为 % 但数值是倍数，以数值为准,2.5,,0,CHEMBL1152594,2009,LITERATURE,"Activation of human liver glucokinase expressed in CHO cells at 2.5 mM glucose concentration by glucose-6-phosphate coupled continuous spectrophotometric assay relative to 2-amino-N-(4-methyl-1,3-thiazol-2-yl)-5-[(4-methyl-4H-1,2,4-triazol-3-yl)sulfanyl]benzamide"
CHEMBL595362,,CHEMBL1038417,3071847,EC50,=,60,nM,7.22,potency,concentration,60.0,7.22,EC50 为标准化浓度型效力指标,10,,0,CHEMBL1152594,2009,LITERATURE,Activation of human liver glucokinase expressed in CHO cells at 10 mM glucose concentration by glucose-6-phosphate coupled continuous spectrophotometric assay
CHEMBL595362,,CHEMBL1038418,3071863,Emax,=,1.03,%,,efficacy,fold,,,Emax 为激活幅度指标，按该 assay 内值域（max=1.13）判为 fold 尺度；⚠ 原始单位标注为 % 但数值是倍数，以数值为准,10,,0,CHEMBL1152594,2009,LITERATURE,"Activation of human liver glucokinase expressed in CHO cells at 10 mM glucose concentration by glucose-6-phosphate coupled continuous spectrophotometric assay relative to 2-amino-N-(4-methyl-1,3-thiazol-2-yl)-5-[(4-methyl-4H-1,2,4-triazol-3-yl)sulfanyl]benzamide"
CHEMBL595362,,CHEMBL1065927,3071817,EC50,=,250,nM,6.6,potency,concentration,250.0,6.6,EC50 为标准化浓度型效力指标,2.5,,0,CHEMBL1152594,2009,LITERATURE,Activation of human liver glucokinase expressed in CHO cells at 2.5 mM glucose concentration by glucose-6-phosphate coupled continuous spectrophotometric assay
CHEMBL595498,,CHEMBL1042963,3058727,FC,=,1.14,,,efficacy,fold,,,FC（fold change）为激活倍数,,,0,CHEMBL1152613,2009,LITERATURE,Activation of human glucokinase expressed in Escherichia coli BL21(DE3) at 10 uM by G6PDH-coupled spectrometry relative to untreated control
CHEMBL595519,,CHEMBL1042963,3058757,FC,=,1.32,,,efficacy,fold,,,FC（fold change）为激活倍数,,,0,CHEMBL1152613,2009,LITERATURE,Activation of human glucokinase expressed in Escherichia coli BL21(DE3) at 10 uM by G6PDH-coupled spectrometry relative to untreated control
CHEMBL595524,,CHEMBL1042963,3058737,FC,=,0.89,,,efficacy,fold,,,FC（fold change）为激活倍数,,,0,CHEMBL1152613,2009,LITERATURE,Activation of human glucokinase expressed in Escherichia coli BL21(DE3) at 10 uM by G6PDH-coupled spectrometry relative to untreated control
CHEMBL595525,,CHEMBL1042963,3058736,FC,=,1.36,,,efficacy,fold,,,FC（fold change）为激活倍数,,,0,CHEMBL1152613,2009,LITERATURE,Activation of human glucokinase expressed in Escherichia coli BL21(DE3) at 10 uM by G6PDH-coupled spectrometry relative to untreated control
CHEMBL595722,,CHEMBL1042963,3058733,FC,=,0.96,,,efficacy,fold,,,FC（fold change）为激活倍数,,,0,CHEMBL1152613,2009,LITERATURE,Activation of human glucokinase expressed in Escherichia coli BL21(DE3) at 10 uM by G6PDH-coupled spectrometry relative to untreated control
CHEMBL595954,,CHEMBL1042963,3058738,FC,=,0.83,,,efficacy,fold,,,FC（fold change）为激活倍数,,,0,CHEMBL1152613,2009,LITERATURE,Activation of human glucokinase expressed in Escherichia coli BL21(DE3) at 10 uM by G6PDH-coupled spectrometry relative to untreated control
CHEMBL595970,,CHEMBL1042963,3058731,FC,=,1.01,,,efficacy,fold,,,FC（fold change）为激活倍数,,,0,CHEMBL1152613,2009,LITERATURE,Activation of human glucokinase expressed in Escherichia coli BL21(DE3) at 10 uM by G6PDH-coupled spectrometry relative to untreated control
CHEMBL596020,,CHEMBL1038416,3071835,Emax,=,0.8,%,,efficacy,fold,,,Emax 为激活幅度指标，按该 assay 内值域（max=1.1）判为 fold 尺度；⚠ 原始单位标注为 % 但数值是倍数，以数值为准,2.5,,0,CHEMBL1152594,2009,LITERATURE,"Activation of human liver glucokinase expressed in CHO cells at 2.5 mM glucose concentration by glucose-6-phosphate coupled continuous spectrophotometric assay relative to 2-amino-N-(4-methyl-1,3-thiazol-2-yl)-5-[(4-methyl-4H-1,2,4-triazol-3-yl)sulfanyl]benzamide"
CHEMBL596020,,CHEMBL1038417,3071850,EC50,=,90,nM,7.05,potency,concentration,90.0,7.05,EC50 为标准化浓度型效力指标,10,,0,CHEMBL1152594,2009,LITERATURE,Activation of human liver glucokinase expressed in CHO cells at 10 mM glucose concentration by glucose-6-phosphate coupled continuous spectrophotometric assay
CHEMBL596020,,CHEMBL1038418,3071865,Emax,=,0.63,%,,efficacy,fold,,,Emax 为激活幅度指标，按该 assay 内值域（max=1.13）判为 fold 尺度；⚠ 原始单位标注为 % 但数值是倍数，以数值为准,10,,0,CHEMBL1152594,2009,LITERATURE,"Activation of human liver glucokinase expressed in CHO cells at 10 mM glucose concentration by glucose-6-phosphate coupled continuous spectrophotometric assay relative to 2-amino-N-(4-methyl-1,3-thiazol-2-yl)-5-[(4-methyl-4H-1,2,4-triazol-3-yl)sulfanyl]benzamide"
CHEMBL596020,,CHEMBL1065927,3071820,EC50,=,460,nM,6.34,potency,concentration,460.0,6.34,EC50 为标准化浓度型效力指标,2.5,,0,CHEMBL1152594,2009,LITERATURE,Activation of human liver glucokinase expressed in CHO cells at 2.5 mM glucose concentration by glucose-6-phosphate coupled continuous spectrophotometric assay
CHEMBL596026,,CHEMBL1038416,3071838,Emax,=,1.08,%,,efficacy,fold,,,Emax 为激活幅度指标，按该 assay 内值域（max=1.1）判为 fold 尺度；⚠ 原始单位标注为 % 但数值是倍数，以数值为准,2.5,,0,CHEMBL1152594,2009,LITERATURE,"Activation of human liver glucokinase expressed in CHO cells at 2.5 mM glucose concentration by glucose-6-phosphate coupled continuous spectrophotometric assay relative to 2-amino-N-(4-methyl-1,3-thiazol-2-yl)-5-[(4-methyl-4H-1,2,4-triazol-3-yl)sulfanyl]benzamide"
CHEMBL596026,,CHEMBL1038417,3071853,EC50,=,20,nM,7.7,potency,concentration,20.0,7.7,EC50 为标准化浓度型效力指标,10,,0,CHEMBL1152594,2009,LITERATURE,Activation of human liver glucokinase expressed in CHO cells at 10 mM glucose concentration by glucose-6-phosphate coupled continuous spectrophotometric assay
CHEMBL596026,,CHEMBL1038418,3071868,Emax,=,1.02,%,,efficacy,fold,,,Emax 为激活幅度指标，按该 assay 内值域（max=1.13）判为 fold 尺度；⚠ 原始单位标注为 % 但数值是倍数，以数值为准,10,,0,CHEMBL1152594,2009,LITERATURE,"Activation of human liver glucokinase expressed in CHO cells at 10 mM glucose concentration by glucose-6-phosphate coupled continuous spectrophotometric assay relative to 2-amino-N-(4-methyl-1,3-thiazol-2-yl)-5-[(4-methyl-4H-1,2,4-triazol-3-yl)sulfanyl]benzamide"
CHEMBL596026,,CHEMBL1065927,3071823,EC50,=,90,nM,7.05,potency,concentration,90.0,7.05,EC50 为标准化浓度型效力指标,2.5,,0,CHEMBL1152594,2009,LITERATURE,Activation of human liver glucokinase expressed in CHO cells at 2.5 mM glucose concentration by glucose-6-phosphate coupled continuous spectrophotometric assay
CHEMBL596032,,CHEMBL1038416,3071839,Emax,=,0.9,%,,efficacy,fold,,,Emax 为激活幅度指标，按该 assay 内值域（max=1.1）判为 fold 尺度；⚠ 原始单位标注为 % 但数值是倍数，以数值为准,2.5,,0,CHEMBL1152594,2009,LITERATURE,"Activation of human liver glucokinase expressed in CHO cells at 2.5 mM glucose concentration by glucose-6-phosphate coupled continuous spectrophotometric assay relative to 2-amino-N-(4-methyl-1,3-thiazol-2-yl)-5-[(4-methyl-4H-1,2,4-triazol-3-yl)sulfanyl]benzamide"
CHEMBL596032,,CHEMBL1038417,3071854,EC50,=,60,nM,7.22,potency,concentration,60.0,7.22,EC50 为标准化浓度型效力指标,10,,0,CHEMBL1152594,2009,LITERATURE,Activation of human liver glucokinase expressed in CHO cells at 10 mM glucose concentration by glucose-6-phosphate coupled continuous spectrophotometric assay
CHEMBL596032,,CHEMBL1038418,3071869,Emax,=,0.74,%,,efficacy,fold,,,Emax 为激活幅度指标，按该 assay 内值域（max=1.13）判为 fold 尺度；⚠ 原始单位标注为 % 但数值是倍数，以数值为准,10,,0,CHEMBL1152594,2009,LITERATURE,"Activation of human liver glucokinase expressed in CHO cells at 10 mM glucose concentration by glucose-6-phosphate coupled continuous spectrophotometric assay relative to 2-amino-N-(4-methyl-1,3-thiazol-2-yl)-5-[(4-methyl-4H-1,2,4-triazol-3-yl)sulfanyl]benzamide"
CHEMBL596032,,CHEMBL1065927,3071824,EC50,=,180,nM,6.75,potency,concentration,180.0,6.75,EC50 为标准化浓度型效力指标,2.5,,0,CHEMBL1152594,2009,LITERATURE,Activation of human liver glucokinase expressed in CHO cells at 2.5 mM glucose concentration by glucose-6-phosphate coupled continuous spectrophotometric assay
CHEMBL596180,,CHEMBL1042963,3058751,FC,=,1.01,,,efficacy,fold,,,FC（fold change）为激活倍数,,,0,CHEMBL1152613,2009,LITERATURE,Activation of human glucokinase expressed in Escherichia coli BL21(DE3) at 10 uM by G6PDH-coupled spectrometry relative to untreated control
CHEMBL596181,,CHEMBL1042963,3058754,FC,=,1.02,,,efficacy,fold,,,FC（fold change）为激活倍数,,,0,CHEMBL1152613,2009,LITERATURE,Activation of human glucokinase expressed in Escherichia coli BL21(DE3) at 10 uM by G6PDH-coupled spectrometry relative to untreated control
CHEMBL596404,,CHEMBL1042963,3058749,FC,=,1.1,,,efficacy,fold,,,FC（fold change）为激活倍数,,,0,CHEMBL1152613,2009,LITERATURE,Activation of human glucokinase expressed in Escherichia coli BL21(DE3) at 10 uM by G6PDH-coupled spectrometry relative to untreated control
CHEMBL596449,,CHEMBL1042963,3058753,FC,=,1.08,,,efficacy,fold,,,FC（fold change）为激活倍数,,,0,CHEMBL1152613,2009,LITERATURE,Activation of human glucokinase expressed in Escherichia coli BL21(DE3) at 10 uM by G6PDH-coupled spectrometry relative to untreated control
CHEMBL596480,,CHEMBL1038416,3071829,Emax,=,1.02,%,,efficacy,fold,,,Emax 为激活幅度指标，按该 assay 内值域（max=1.1）判为 fold 尺度；⚠ 原始单位标注为 % 但数值是倍数，以数值为准,2.5,,0,CHEMBL1152594,2009,LITERATURE,"Activation of human liver glucokinase expressed in CHO cells at 2.5 mM glucose concentration by glucose-6-phosphate coupled continuous spectrophotometric assay relative to 2-amino-N-(4-methyl-1,3-thiazol-2-yl)-5-[(4-methyl-4H-1,2,4-triazol-3-yl)sulfanyl]benzamide"
CHEMBL596480,,CHEMBL1038417,3071843,EC50,=,70,nM,7.16,potency,concentration,70.0,7.16,EC50 为标准化浓度型效力指标,10,,0,CHEMBL1152594,2009,LITERATURE,Activation of human liver glucokinase expressed in CHO cells at 10 mM glucose concentration by glucose-6-phosphate coupled continuous spectrophotometric assay
CHEMBL596480,,CHEMBL1038418,3071859,Emax,=,1.13,%,,efficacy,fold,,,Emax 为激活幅度指标，按该 assay 内值域（max=1.13）判为 fold 尺度；⚠ 原始单位标注为 % 但数值是倍数，以数值为准,10,,0,CHEMBL1152594,2009,LITERATURE,"Activation of human liver glucokinase expressed in CHO cells at 10 mM glucose concentration by glucose-6-phosphate coupled continuous spectrophotometric assay relative to 2-amino-N-(4-methyl-1,3-thiazol-2-yl)-5-[(4-methyl-4H-1,2,4-triazol-3-yl)sulfanyl]benzamide"
CHEMBL596480,,CHEMBL1065927,3071813,EC50,=,300,nM,6.52,potency,concentration,300.0,6.52,EC50 为标准化浓度型效力指标,2.5,,0,CHEMBL1152594,2009,LITERATURE,Activation of human liver glucokinase expressed in CHO cells at 2.5 mM glucose concentration by glucose-6-phosphate coupled continuous spectrophotometric assay
CHEMBL603214,,CHEMBL1042963,3058742,FC,=,1.15,,,efficacy,fold,,,FC（fold change）为激活倍数,,,0,CHEMBL1152613,2009,LITERATURE,Activation of human glucokinase expressed in Escherichia coli BL21(DE3) at 10 uM by G6PDH-coupled spectrometry relative to untreated control
CHEMBL604065,,CHEMBL1038416,3071832,Emax,=,1.07,%,,efficacy,fold,,,Emax 为激活幅度指标，按该 assay 内值域（max=1.1）判为 fold 尺度；⚠ 原始单位标注为 % 但数值是倍数，以数值为准,2.5,,0,CHEMBL1152594,2009,LITERATURE,"Activation of human liver glucokinase expressed in CHO cells at 2.5 mM glucose concentration by glucose-6-phosphate coupled continuous spectrophotometric assay relative to 2-amino-N-(4-methyl-1,3-thiazol-2-yl)-5-[(4-methyl-4H-1,2,4-triazol-3-yl)sulfanyl]benzamide"
CHEMBL604065,,CHEMBL1038417,3071846,EC50,=,60,nM,7.22,potency,concentration,60.0,7.22,EC50 为标准化浓度型效力指标,10,,0,CHEMBL1152594,2009,LITERATURE,Activation of human liver glucokinase expressed in CHO cells at 10 mM glucose concentration by glucose-6-phosphate coupled continuous spectrophotometric assay
CHEMBL604065,,CHEMBL1038418,3071862,Emax,=,1,%,,efficacy,fold,,,Emax 为激活幅度指标，按该 assay 内值域（max=1.13）判为 fold 尺度；⚠ 原始单位标注为 % 但数值是倍数，以数值为准,10,,0,CHEMBL1152594,2009,LITERATURE,"Activation of human liver glucokinase expressed in CHO cells at 10 mM glucose concentration by glucose-6-phosphate coupled continuous spectrophotometric assay relative to 2-amino-N-(4-methyl-1,3-thiazol-2-yl)-5-[(4-methyl-4H-1,2,4-triazol-3-yl)sulfanyl]benzamide"
CHEMBL604065,,CHEMBL1065927,3071816,EC50,=,350,nM,6.46,potency,concentration,350.0,6.46,EC50 为标准化浓度型效力指标,2.5,,0,CHEMBL1152594,2009,LITERATURE,Activation of human liver glucokinase expressed in CHO cells at 2.5 mM glucose concentration by glucose-6-phosphate coupled continuous spectrophotometric assay
CHEMBL606041,,CHEMBL1038416,3071828,Emax,=,1.04,%,,efficacy,fold,,,Emax 为激活幅度指标，按该 assay 内值域（max=1.1）判为 fold 尺度；⚠ 原始单位标注为 % 但数值是倍数，以数值为准,2.5,,0,CHEMBL1152594,2009,LITERATURE,"Activation of human liver glucokinase expressed in CHO cells at 2.5 mM glucose concentration by glucose-6-phosphate coupled continuous spectrophotometric assay relative to 2-amino-N-(4-methyl-1,3-thiazol-2-yl)-5-[(4-methyl-4H-1,2,4-triazol-3-yl)sulfanyl]benzamide"
CHEMBL606041,,CHEMBL1038417,3071842,EC50,=,110,nM,6.96,potency,concentration,110.0,6.96,EC50 为标准化浓度型效力指标,10,,0,CHEMBL1152594,2009,LITERATURE,Activation of human liver glucokinase expressed in CHO cells at 10 mM glucose concentration by glucose-6-phosphate coupled continuous spectrophotometric assay
CHEMBL606041,,CHEMBL1038418,3071858,Emax,=,0.95,%,,efficacy,fold,,,Emax 为激活幅度指标，按该 assay 内值域（max=1.13）判为 fold 尺度；⚠ 原始单位标注为 % 但数值是倍数，以数值为准,10,,0,CHEMBL1152594,2009,LITERATURE,"Activation of human liver glucokinase expressed in CHO cells at 10 mM glucose concentration by glucose-6-phosphate coupled continuous spectrophotometric assay relative to 2-amino-N-(4-methyl-1,3-thiazol-2-yl)-5-[(4-methyl-4H-1,2,4-triazol-3-yl)sulfanyl]benzamide"
CHEMBL606041,,CHEMBL1065927,3071812,EC50,=,500,nM,6.3,potency,concentration,500.0,6.3,EC50 为标准化浓度型效力指标,2.5,,0,CHEMBL1152594,2009,LITERATURE,Activation of human liver glucokinase expressed in CHO cells at 2.5 mM glucose concentration by glucose-6-phosphate coupled continuous spectrophotometric assay
CHEMBL606156,,CHEMBL1038416,3071830,Emax,=,0.98,%,,efficacy,fold,,,Emax 为激活幅度指标，按该 assay 内值域（max=1.1）判为 fold 尺度；⚠ 原始单位标注为 % 但数值是倍数，以数值为准,2.5,,0,CHEMBL1152594,2009,LITERATURE,"Activation of human liver glucokinase expressed in CHO cells at 2.5 mM glucose concentration by glucose-6-phosphate coupled continuous spectrophotometric assay relative to 2-amino-N-(4-methyl-1,3-thiazol-2-yl)-5-[(4-methyl-4H-1,2,4-triazol-3-yl)sulfanyl]benzamide"
CHEMBL606156,,CHEMBL1038417,3071844,EC50,=,220,nM,6.66,potency,concentration,220.0,6.66,EC50 为标准化浓度型效力指标,10,,0,CHEMBL1152594,2009,LITERATURE,Activation of human liver glucokinase expressed in CHO cells at 10 mM glucose concentration by glucose-6-phosphate coupled continuous spectrophotometric assay
CHEMBL606156,,CHEMBL1038418,3071860,Emax,=,0.94,%,,efficacy,fold,,,Emax 为激活幅度指标，按该 assay 内值域（max=1.13）判为 fold 尺度；⚠ 原始单位标注为 % 但数值是倍数，以数值为准,10,,0,CHEMBL1152594,2009,LITERATURE,"Activation of human liver glucokinase expressed in CHO cells at 10 mM glucose concentration by glucose-6-phosphate coupled continuous spectrophotometric assay relative to 2-amino-N-(4-methyl-1,3-thiazol-2-yl)-5-[(4-methyl-4H-1,2,4-triazol-3-yl)sulfanyl]benzamide"
CHEMBL606156,,CHEMBL1065927,3071814,EC50,=,1410,nM,5.85,potency,concentration,1410.0,5.85,EC50 为标准化浓度型效力指标,2.5,,0,CHEMBL1152594,2009,LITERATURE,Activation of human liver glucokinase expressed in CHO cells at 2.5 mM glucose concentration by glucose-6-phosphate coupled continuous spectrophotometric assay
CHEMBL606370,,CHEMBL1038416,3071831,Emax,=,1,%,,efficacy,fold,,,Emax 为激活幅度指标，按该 assay 内值域（max=1.1）判为 fold 尺度；⚠ 原始单位标注为 % 但数值是倍数，以数值为准,2.5,,0,CHEMBL1152594,2009,LITERATURE,"Activation of human liver glucokinase expressed in CHO cells at 2.5 mM glucose concentration by glucose-6-phosphate coupled continuous spectrophotometric assay relative to 2-amino-N-(4-methyl-1,3-thiazol-2-yl)-5-[(4-methyl-4H-1,2,4-triazol-3-yl)sulfanyl]benzamide"
CHEMBL606370,,CHEMBL1038417,3071845,EC50,=,120,nM,6.92,potency,concentration,120.0,6.92,EC50 为标准化浓度型效力指标,10,,0,CHEMBL1152594,2009,LITERATURE,Activation of human liver glucokinase expressed in CHO cells at 10 mM glucose concentration by glucose-6-phosphate coupled continuous spectrophotometric assay
CHEMBL606370,,CHEMBL1038418,3071861,Emax,=,0.98,%,,efficacy,fold,,,Emax 为激活幅度指标，按该 assay 内值域（max=1.13）判为 fold 尺度；⚠ 原始单位标注为 % 但数值是倍数，以数值为准,10,,0,CHEMBL1152594,2009,LITERATURE,"Activation of human liver glucokinase expressed in CHO cells at 10 mM glucose concentration by glucose-6-phosphate coupled continuous spectrophotometric assay relative to 2-amino-N-(4-methyl-1,3-thiazol-2-yl)-5-[(4-methyl-4H-1,2,4-triazol-3-yl)sulfanyl]benzamide"
CHEMBL606370,,CHEMBL1065927,3071815,EC50,=,620,nM,6.21,potency,concentration,620.0,6.21,EC50 为标准化浓度型效力指标,2.5,,0,CHEMBL1152594,2009,LITERATURE,Activation of human liver glucokinase expressed in CHO cells at 2.5 mM glucose concentration by glucose-6-phosphate coupled continuous spectrophotometric assay
CHEMBL606374,,CHEMBL1038417,3071855,EC50,>,5000,nM,,potency,concentration,5000.0,,EC50 为标准化浓度型效力指标,10,,0,CHEMBL1152594,2009,LITERATURE,Activation of human liver glucokinase expressed in CHO cells at 10 mM glucose concentration by glucose-6-phosphate coupled continuous spectrophotometric assay
CHEMBL606374,,CHEMBL1065927,3071825,EC50,>,5000,nM,,potency,concentration,5000.0,,EC50 为标准化浓度型效力指标,2.5,,0,CHEMBL1152594,2009,LITERATURE,Activation of human liver glucokinase expressed in CHO cells at 2.5 mM glucose concentration by glucose-6-phosphate coupled continuous spectrophotometric assay
CHEMBL607545,,CHEMBL1042963,3058743,FC,=,1.1,,,efficacy,fold,,,FC（fold change）为激活倍数,,,0,CHEMBL1152613,2009,LITERATURE,Activation of human glucokinase expressed in Escherichia coli BL21(DE3) at 10 uM by G6PDH-coupled spectrometry relative to untreated control
CHEMBL608393,,CHEMBL1042962,3058792,EC50,=,67.11,nM,7.17,potency,concentration,67.11,7.17,EC50 为标准化浓度型效力指标,,,0,CHEMBL1152613,2009,LITERATURE,Activation of human glucokinase expressed in Escherichia coli BL21(DE3) by G6PDH-coupled spectrometry
CHEMBL608393,,CHEMBL1042963,3058758,FC,=,3.97,,,efficacy,fold,,,FC（fold change）为激活倍数,,,0,CHEMBL1152613,2009,LITERATURE,Activation of human glucokinase expressed in Escherichia coli BL21(DE3) at 10 uM by G6PDH-coupled spectrometry relative to untreated control
CHEMBL608393,,CHEMBL3583541,15619463,EC50,=,80,nM,7.1,potency,concentration,80.0,7.1,EC50 为标准化浓度型效力指标,,,0,CHEMBL3580608,2014,LITERATURE,Activation of recombinant human glucokinase assessed as formation of glucose-6-phosphate by G6PDH/NADP coupled assay
CHEMBL608393,,CHEMBL4428666,19429514,Activity,=,170,%,,unclassified,,,,Activity 为自由文本指标（无官方标准化规则），assay 描述未命中提升门槛，不跨实验汇总,,,0,CHEMBL4428044,2016,LITERATURE,Activation of human pancreatic N-terminal His6-tagged glucokinase isoform 1 expressed in Escherichia coli BL21(DE3) assessed as conversion of glucose to glucose-6-phosphate by G6PDH/NADP-coupled enzyme assay
CHEMBL609292,,CHEMBL1042963,3058747,FC,=,0.99,,,efficacy,fold,,,FC（fold change）为激活倍数,,,0,CHEMBL1152613,2009,LITERATURE,Activation of human glucokinase expressed in Escherichia coli BL21(DE3) at 10 uM by G6PDH-coupled spectrometry relative to untreated control
CHEMBL611059,,CHEMBL1042963,3058745,FC,=,1.22,,,efficacy,fold,,,FC（fold change）为激活倍数,,,0,CHEMBL1152613,2009,LITERATURE,Activation of human glucokinase expressed in Escherichia coli BL21(DE3) at 10 uM by G6PDH-coupled spectrometry relative to untreated control
CHEMBL611214,,CHEMBL1042963,3058755,FC,=,1.01,,,efficacy,fold,,,FC（fold change）为激活倍数,,,0,CHEMBL1152613,2009,LITERATURE,Activation of human glucokinase expressed in Escherichia coli BL21(DE3) at 10 uM by G6PDH-coupled spectrometry relative to untreated control
CHEMBL611354,,CHEMBL1042963,3058729,FC,=,1.16,,,efficacy,fold,,,FC（fold change）为激活倍数,,,0,CHEMBL1152613,2009,LITERATURE,Activation of human glucokinase expressed in Escherichia coli BL21(DE3) at 10 uM by G6PDH-coupled spectrometry relative to untreated control
CHEMBL611646,,CHEMBL1042963,3058740,FC,=,1.01,,,efficacy,fold,,,FC（fold change）为激活倍数,,,0,CHEMBL1152613,2009,LITERATURE,Activation of human glucokinase expressed in Escherichia coli BL21(DE3) at 10 uM by G6PDH-coupled spectrometry relative to untreated control
