molecule_chembl_id,molecule_pref_name,molecule_type,max_phase,canonical_smiles,standard_inchi_key,n_potency_records,potency_types,potency_nm_min,potency_nm_median,potency_nm_max,pactivity_max,pactivity_median,pactivity_min,pactivity_spread,n_potency_censored_gt,potency_censored_gt_min_nm,n_potency_censored_lt,potency_n_assays,potency_n_docs,potency_records,n_efficacy_records,efficacy_fold_max,efficacy_fold_max_source,n_efficacy_fold,efficacy_pct_max,efficacy_pct_max_source,n_efficacy_pct,efficacy_n_assays,efficacy_n_docs,efficacy_records,n_kinetic_records,kinetic_records,n_unclassified_records,unclassified_records,n_activities,n_assays,n_docs,doc_chembl_ids,doc_years,src_short_names,n_potential_duplicate,evidence_consistency,evidence_level,evidence_note
CHEMBL1096435,Ro-281675,Small molecule,,CS(=O)(=O)c1ccc([C@@H](CC2CCCC2)C(=O)Nc2nccs2)cc1,NEQSWPCDHDQINX-MRXNPFEDSA-N,4,EC50:3; Activity:1,127.0,417.0,690.0,6.9,6.39,6.16,0.74,0,,0,4,4,"[{""assay"": ""CHEMBL1260806"", ""type"": ""Activity"", ""relation"": ""="", ""value_nm"": 127.0, ""pactivity"": 6.9, ""doc"": ""CHEMBL1255563"", ""rule"": ""自由文本指标 Activity 受限提升为效力，描述命中：「concentration required to 50% increase」""}, {""assay"": ""CHEMBL1788085"", ""type"": ""EC50"", ""relation"": ""="", ""value_nm"": 690.0, ""pactivity"": 6.16, ""doc"": ""CHEMBL1782019"", ""rule"": ""EC50 为标准化浓度型效力指标""}, {""assay"": ""CHEMBL2353001"", ""type"": ""EC50"", ""relation"": ""="", ""value_nm"": 500.0, ""pactivity"": 6.3, ""doc"": ""CHEMBL2346600"", ""rule"": ""EC50 为标准化浓度型效力指标""}, {""assay"": ""CHEMBL3223666"", ""type"": ""EC50"", ""relation"": ""="", ""value_nm"": 334.0, ""pactivity"": 6.48, ""doc"": ""CHEMBL3217627"", ""rule"": ""EC50 为标准化浓度型效力指标""}]",6,4.67,Ratio@CHEMBL1825590,4,98.0,%max@CHEMBL2353000,2,6,3,"[{""assay"": ""CHEMBL1788086"", ""type"": ""Emax"", ""scale"": ""percent"", ""value"": 81, ""units"": ""%"", ""doc"": ""CHEMBL1782019"", ""rule"": ""Emax 为激活幅度指标，按该 assay 内值域（max=148.0）判为 percent 尺度""}, {""assay"": ""CHEMBL1825590"", ""type"": ""Ratio"", ""scale"": ""fold"", ""value"": 4.67, ""units"": null, ""doc"": ""CHEMBL1821720"", ""rule"": ""自由文本指标 Ratio 受限提升为效能(fold)，描述命中：「ratio of enzyme activation in treated to untreated control」""}, {""assay"": ""CHEMBL1825591"", ""type"": ""Ratio"", ""scale"": ""fold"", ""value"": 1, ""units"": null, ""doc"": ""CHEMBL1821720"", ""rule"": ""自由文本指标 Ratio 受限提升为效能(fold)，描述命中：「ratio of enzyme activation in compound treated」""}, {""assay"": ""CHEMBL1825592"", ""type"": ""Ratio"", ""scale"": ""fold"", ""value"": 2.55, ""units"": null, ""doc"": ""CHEMBL1821720"", ""rule"": ""自由文本指标 Ratio 受限提升为效能(fold)，描述命中：「ratio of enzyme activation in treated to untreated control」""}, {""assay"": ""CHEMBL1825593"", ""type"": ""Ratio"", ""scale"": ""fold"", ""value"": 1, ""units"": null, ""doc"": ""CHEMBL1821720"", ""rule"": ""自由文本指标 Ratio 受限提升为效能(fold)，描述命中：「ratio of enzyme activation in compound treated」""}, {""assay"": ""CHEMBL2353000"", ""type"": ""%max"", ""scale"": ""percent"", ""value"": 98, ""units"": ""%"", ""doc"": ""CHEMBL2346600"", ""rule"": ""%max 为激活幅度指标，按该 assay 内值域（max=127.0）判为 percent 尺度""}]",0,,5,"[{""assay"": ""CHEMBL2167270"", ""type"": ""Activity"", ""value"": 0.24, ""units"": ""uM"", ""reason"": ""Activity 为自由文本指标（无官方标准化规则），assay 描述未命中提升门槛，不跨实验汇总""}, {""assay"": ""CHEMBL2412836"", ""type"": ""Activity"", ""value"": null, ""units"": null, ""reason"": ""Activity 为自由文本指标（无官方标准化规则），assay 描述未命中提升门槛，不跨实验汇总""}, {""assay"": ""CHEMBL2412837"", ""type"": ""Activity"", ""value"": 30, ""units"": ""%"", ""reason"": ""Activity 为自由文本指标（无官方标准化规则），assay 描述未命中提升门槛，不跨实验汇总""}, {""assay"": ""CHEMBL2412840"", ""type"": ""Activity"", ""value"": null, ""units"": null, ""reason"": ""Activity 为自由文本指标（无官方标准化规则），assay 描述未命中提升门槛，不跨实验汇总""}, {""assay"": ""CHEMBL2412842"", ""type"": ""Activity"", ""value"": null, ""units"": null, ""reason"": ""Activity 为自由文本指标（无官方标准化规则），assay 描述未命中提升门槛，不跨实验汇总""}]",15,15,7,"[""CHEMBL1255563"", ""CHEMBL1782019"", ""CHEMBL1821720"", ""CHEMBL2163188"", ""CHEMBL2346600"", ""CHEMBL2406951"", ""CHEMBL3217627""]",2009; 2010; 2011; 2012; 2013,LITERATURE,0,较一致（pActivity 极差 0.74，10 倍以内）,强,5 条指标未归类（见 unclassified_records）
CHEMBL1164184,,Small molecule,,O=C(Nc1ncc(F)s1)C(CC1CCOCC1)c1ccc(S(=O)(=O)C2CC2)cc1,DBMFNEZMJWKKPU-UHFFFAOYSA-N,2,EC50:2,89.0,89.0,89.0,7.05,7.05,7.05,0.0,0,,0,2,2,"[{""assay"": ""CHEMBL1167927"", ""type"": ""EC50"", ""relation"": ""="", ""value_nm"": 89.0, ""pactivity"": 7.05, ""doc"": ""CHEMBL1165956"", ""rule"": ""EC50 为标准化浓度型效力指标""}, {""assay"": ""CHEMBL3225185"", ""type"": ""EC50"", ""relation"": ""="", ""value_nm"": 89.0, ""pactivity"": 7.05, ""doc"": ""CHEMBL3217569"", ""rule"": ""EC50 为标准化浓度型效力指标""}]",1,4.6,FC@CHEMBL1167928,1,,,0,1,1,"[{""assay"": ""CHEMBL1167928"", ""type"": ""FC"", ""scale"": ""fold"", ""value"": 4.6, ""units"": null, ""doc"": ""CHEMBL1165956"", ""rule"": ""FC（fold change）为激活倍数""}]",0,,0,,3,3,2,"[""CHEMBL1165956"", ""CHEMBL3217569""]",2010; 2011,LITERATURE,1,一致（pActivity 极差 0.0，3 倍以内）,强,1 条被 ChEMBL 标为 potential_duplicate
CHEMBL1164268,,Small molecule,,CCc1csc(NC(=O)C(CC2CCOCC2)c2ccc(S(C)(=O)=O)cc2)n1,ZTFCBYGXEPFXMG-UHFFFAOYSA-N,1,EC50:1,1000.0,1000.0,1000.0,6.0,6.0,6.0,,0,,0,1,1,"[{""assay"": ""CHEMBL1167927"", ""type"": ""EC50"", ""relation"": ""="", ""value_nm"": 1000.0, ""pactivity"": 6.0, ""doc"": ""CHEMBL1165956"", ""rule"": ""EC50 为标准化浓度型效力指标""}]",1,2.17,FC@CHEMBL1167928,1,,,0,1,1,"[{""assay"": ""CHEMBL1167928"", ""type"": ""FC"", ""scale"": ""fold"", ""value"": 2.17, ""units"": null, ""doc"": ""CHEMBL1165956"", ""rule"": ""FC（fold change）为激活倍数""}]",0,,0,,2,2,1,"[""CHEMBL1165956""]",2010,LITERATURE,0,不适用（可定量效力值不足 2 个 assay）,中,仅 1 篇文献支撑
CHEMBL1164315,,Small molecule,,CC(C)Cc1csc(NC(=O)C(CC2CCOCC2)c2ccc(S(C)(=O)=O)cc2)n1,IIGHLCWXWNSZSO-UHFFFAOYSA-N,1,EC50:1,355.0,355.0,355.0,6.45,6.45,6.45,,0,,0,1,1,"[{""assay"": ""CHEMBL1167927"", ""type"": ""EC50"", ""relation"": ""="", ""value_nm"": 355.0, ""pactivity"": 6.45, ""doc"": ""CHEMBL1165956"", ""rule"": ""EC50 为标准化浓度型效力指标""}]",1,2.05,FC@CHEMBL1167928,1,,,0,1,1,"[{""assay"": ""CHEMBL1167928"", ""type"": ""FC"", ""scale"": ""fold"", ""value"": 2.05, ""units"": null, ""doc"": ""CHEMBL1165956"", ""rule"": ""FC（fold change）为激活倍数""}]",0,,0,,2,2,1,"[""CHEMBL1165956""]",2010,LITERATURE,0,不适用（可定量效力值不足 2 个 assay）,中,仅 1 篇文献支撑
CHEMBL1164323,,Small molecule,,CS(=O)(=O)c1ccc(C(CC2CCOCC2)C(=O)Nc2nc(-c3ccccc3)cs2)cc1,BJJGHIOXERFROQ-UHFFFAOYSA-N,1,EC50:1,724.0,724.0,724.0,6.14,6.14,6.14,,0,,0,1,1,"[{""assay"": ""CHEMBL1167927"", ""type"": ""EC50"", ""relation"": ""="", ""value_nm"": 724.0, ""pactivity"": 6.14, ""doc"": ""CHEMBL1165956"", ""rule"": ""EC50 为标准化浓度型效力指标""}]",1,1.3,FC@CHEMBL1167928,1,,,0,1,1,"[{""assay"": ""CHEMBL1167928"", ""type"": ""FC"", ""scale"": ""fold"", ""value"": 1.3, ""units"": null, ""doc"": ""CHEMBL1165956"", ""rule"": ""FC（fold change）为激活倍数""}]",0,,0,,2,2,1,"[""CHEMBL1165956""]",2010,LITERATURE,0,不适用（可定量效力值不足 2 个 assay）,中,仅 1 篇文献支撑
CHEMBL1164508,,Small molecule,,CS(=O)(=O)c1ccc(C(CC2CCOCC2)C(=O)Nc2nc(-c3ccc(F)cc3)cs2)cc1,GEPMNRBHCPMKPW-UHFFFAOYSA-N,1,EC50:1,1180.0,1180.0,1180.0,5.93,5.93,5.93,,0,,0,1,1,"[{""assay"": ""CHEMBL1167927"", ""type"": ""EC50"", ""relation"": ""="", ""value_nm"": 1180.0, ""pactivity"": 5.93, ""doc"": ""CHEMBL1165956"", ""rule"": ""EC50 为标准化浓度型效力指标""}]",1,1.25,FC@CHEMBL1167928,1,,,0,1,1,"[{""assay"": ""CHEMBL1167928"", ""type"": ""FC"", ""scale"": ""fold"", ""value"": 1.25, ""units"": null, ""doc"": ""CHEMBL1165956"", ""rule"": ""FC（fold change）为激活倍数""}]",0,,0,,2,2,1,"[""CHEMBL1165956""]",2010,LITERATURE,0,不适用（可定量效力值不足 2 个 assay）,中,仅 1 篇文献支撑
CHEMBL1164519,,Small molecule,,CC(C)c1nc(NC(=O)C(CC2CCOCC2)c2ccc(S(=O)(=O)C3CC3)cc2)sc1Br,PQTMWNFGWWQCSK-UHFFFAOYSA-N,1,EC50:1,320.0,320.0,320.0,6.5,6.5,6.5,,0,,0,1,1,"[{""assay"": ""CHEMBL1167927"", ""type"": ""EC50"", ""relation"": ""="", ""value_nm"": 320.0, ""pactivity"": 6.5, ""doc"": ""CHEMBL1165956"", ""rule"": ""EC50 为标准化浓度型效力指标""}]",1,1.67,FC@CHEMBL1167928,1,,,0,1,1,"[{""assay"": ""CHEMBL1167928"", ""type"": ""FC"", ""scale"": ""fold"", ""value"": 1.67, ""units"": null, ""doc"": ""CHEMBL1165956"", ""rule"": ""FC（fold change）为激活倍数""}]",0,,0,,2,2,1,"[""CHEMBL1165956""]",2010,LITERATURE,0,不适用（可定量效力值不足 2 个 assay）,中,仅 1 篇文献支撑
CHEMBL1164577,,Small molecule,,CC(C)c1csc(NC(=O)[C@H](CC2CCOCC2)c2ccc(S(C)(=O)=O)cc2)n1,NSHNTEGAQYQHAG-GOSISDBHSA-N,1,EC50:1,330.0,330.0,330.0,6.48,6.48,6.48,,0,,0,1,1,"[{""assay"": ""CHEMBL1167927"", ""type"": ""EC50"", ""relation"": ""="", ""value_nm"": 330.0, ""pactivity"": 6.48, ""doc"": ""CHEMBL1165956"", ""rule"": ""EC50 为标准化浓度型效力指标""}]",1,2.1,FC@CHEMBL1167928,1,,,0,1,1,"[{""assay"": ""CHEMBL1167928"", ""type"": ""FC"", ""scale"": ""fold"", ""value"": 2.1, ""units"": null, ""doc"": ""CHEMBL1165956"", ""rule"": ""FC（fold change）为激活倍数""}]",0,,0,,2,2,1,"[""CHEMBL1165956""]",2010,LITERATURE,0,不适用（可定量效力值不足 2 个 assay）,中,仅 1 篇文献支撑
CHEMBL1164578,,Small molecule,,CC(C)c1csc(NC(=O)C(CC2CCOCC2)c2ccc(S(=O)(=O)C3CC3)cc2)n1,BPQYAGOLJHAJOW-UHFFFAOYSA-N,2,EC50:2,157.0,157.0,157.0,6.8,6.8,6.8,0.0,0,,0,2,2,"[{""assay"": ""CHEMBL1167927"", ""type"": ""EC50"", ""relation"": ""="", ""value_nm"": 157.0, ""pactivity"": 6.8, ""doc"": ""CHEMBL1165956"", ""rule"": ""EC50 为标准化浓度型效力指标""}, {""assay"": ""CHEMBL3225185"", ""type"": ""EC50"", ""relation"": ""="", ""value_nm"": 157.0, ""pactivity"": 6.8, ""doc"": ""CHEMBL3217569"", ""rule"": ""EC50 为标准化浓度型效力指标""}]",2,2.97,FC@CHEMBL1167928,2,,,0,2,2,"[{""assay"": ""CHEMBL1167928"", ""type"": ""FC"", ""scale"": ""fold"", ""value"": 2.97, ""units"": null, ""doc"": ""CHEMBL1165956"", ""rule"": ""FC（fold change）为激活倍数""}, {""assay"": ""CHEMBL3225186"", ""type"": ""max activation"", ""scale"": ""fold"", ""value"": 2.97, ""units"": null, ""doc"": ""CHEMBL3217569"", ""rule"": ""max activation 为激活幅度指标，按该 assay 内值域（max=2.97）判为 fold 尺度""}]",0,,0,,4,4,2,"[""CHEMBL1165956"", ""CHEMBL3217569""]",2010; 2011,LITERATURE,1,一致（pActivity 极差 0.0，3 倍以内）,强,1 条被 ChEMBL 标为 potential_duplicate
CHEMBL1164579,,Small molecule,,Cc1nc(NC(=O)C(CC2CCOCC2)c2ccc(S(C)(=O)=O)cc2)sc1C,GFFYKSCAUKNILG-UHFFFAOYSA-N,1,EC50:1,2860.0,2860.0,2860.0,5.54,5.54,5.54,,0,,0,1,1,"[{""assay"": ""CHEMBL1167927"", ""type"": ""EC50"", ""relation"": ""="", ""value_nm"": 2860.0, ""pactivity"": 5.54, ""doc"": ""CHEMBL1165956"", ""rule"": ""EC50 为标准化浓度型效力指标""}]",1,1.72,FC@CHEMBL1167928,1,,,0,1,1,"[{""assay"": ""CHEMBL1167928"", ""type"": ""FC"", ""scale"": ""fold"", ""value"": 1.72, ""units"": null, ""doc"": ""CHEMBL1165956"", ""rule"": ""FC（fold change）为激活倍数""}]",0,,0,,2,2,1,"[""CHEMBL1165956""]",2010,LITERATURE,0,不适用（可定量效力值不足 2 个 assay）,中,仅 1 篇文献支撑
CHEMBL1164586,,Small molecule,,CC(C)c1nc(NC(=O)C(CC2CCOCC2)c2ccc(S(=O)(=O)C3CC3)cc2)sc1I,KFDGDNPWWZDHSM-UHFFFAOYSA-N,0,,,,,,,,,0,,0,0,0,,1,1.34,FC@CHEMBL1167928,1,,,0,1,1,"[{""assay"": ""CHEMBL1167928"", ""type"": ""FC"", ""scale"": ""fold"", ""value"": 1.34, ""units"": null, ""doc"": ""CHEMBL1165956"", ""rule"": ""FC（fold change）为激活倍数""}]",0,,1,"[{""assay"": ""CHEMBL1167927"", ""type"": ""EC50"", ""value"": null, ""units"": null, ""reason"": ""EC50 缺少浓度单位（units=None），无法作为效力""}]",2,2,1,"[""CHEMBL1165956""]",2010,LITERATURE,0,不适用（可定量效力值不足 2 个 assay）,中,仅 1 篇文献支撑；1 条指标未归类（见 unclassified_records）
CHEMBL1164587,,Small molecule,,CS(=O)(=O)c1ccc(C(CC2CCOCC2)C(=O)Nc2nc3cc(F)ccc3s2)cc1,CRWYUEYVGMOMFQ-UHFFFAOYSA-N,0,,,,,,,,,0,,0,0,0,,1,1.3,FC@CHEMBL1167928,1,,,0,1,1,"[{""assay"": ""CHEMBL1167928"", ""type"": ""FC"", ""scale"": ""fold"", ""value"": 1.3, ""units"": null, ""doc"": ""CHEMBL1165956"", ""rule"": ""FC（fold change）为激活倍数""}]",0,,1,"[{""assay"": ""CHEMBL1167927"", ""type"": ""EC50"", ""value"": null, ""units"": null, ""reason"": ""EC50 缺少浓度单位（units=None），无法作为效力""}]",2,2,1,"[""CHEMBL1165956""]",2010,LITERATURE,0,不适用（可定量效力值不足 2 个 assay）,中,仅 1 篇文献支撑；1 条指标未归类（见 unclassified_records）
CHEMBL1164726,,Small molecule,,CC(C)/C=C1\SC(NC(=O)C(CC2CCOCC2)c2ccc(S(=O)(=O)C3CC3)cc2)=NC1=O,CTTZYPQDSHINEP-BKUYFWCQSA-N,0,,,,,,,,,0,,0,0,0,,1,1.17,FC@CHEMBL1167928,1,,,0,1,1,"[{""assay"": ""CHEMBL1167928"", ""type"": ""FC"", ""scale"": ""fold"", ""value"": 1.17, ""units"": null, ""doc"": ""CHEMBL1165956"", ""rule"": ""FC（fold change）为激活倍数""}]",0,,1,"[{""assay"": ""CHEMBL1167927"", ""type"": ""EC50"", ""value"": null, ""units"": null, ""reason"": ""EC50 缺少浓度单位（units=None），无法作为效力""}]",2,2,1,"[""CHEMBL1165956""]",2010,LITERATURE,0,不适用（可定量效力值不足 2 个 assay）,中,仅 1 篇文献支撑；1 条指标未归类（见 unclassified_records）
CHEMBL1164790,,Small molecule,,O=C(Nc1nc2c(s1)CCC2)C(CC1CCOCC1)c1ccc(S(=O)(=O)C2CC2)cc1,MKIYWNHKYDNDGI-UHFFFAOYSA-N,1,EC50:1,79.0,79.0,79.0,7.1,7.1,7.1,,0,,0,1,1,"[{""assay"": ""CHEMBL1167927"", ""type"": ""EC50"", ""relation"": ""="", ""value_nm"": 79.0, ""pactivity"": 7.1, ""doc"": ""CHEMBL1165956"", ""rule"": ""EC50 为标准化浓度型效力指标""}]",1,3.4,FC@CHEMBL1167928,1,,,0,1,1,"[{""assay"": ""CHEMBL1167928"", ""type"": ""FC"", ""scale"": ""fold"", ""value"": 3.4, ""units"": null, ""doc"": ""CHEMBL1165956"", ""rule"": ""FC（fold change）为激活倍数""}]",0,,0,,2,2,1,"[""CHEMBL1165956""]",2010,LITERATURE,0,不适用（可定量效力值不足 2 个 assay）,中,仅 1 篇文献支撑
CHEMBL1164848,,Small molecule,,Cc1nc(NC(=O)C(CC2CCOCC2)c2ccc(S(C)(=O)=O)cc2)sc1C(C)C,KAEBSINJRWJYCG-UHFFFAOYSA-N,0,,,,,,,,,0,,0,0,0,,1,1.13,FC@CHEMBL1167928,1,,,0,1,1,"[{""assay"": ""CHEMBL1167928"", ""type"": ""FC"", ""scale"": ""fold"", ""value"": 1.13, ""units"": null, ""doc"": ""CHEMBL1165956"", ""rule"": ""FC（fold change）为激活倍数""}]",0,,1,"[{""assay"": ""CHEMBL1167927"", ""type"": ""EC50"", ""value"": null, ""units"": null, ""reason"": ""EC50 缺少浓度单位（units=None），无法作为效力""}]",2,2,1,"[""CHEMBL1165956""]",2010,LITERATURE,0,不适用（可定量效力值不足 2 个 assay）,中,仅 1 篇文献支撑；1 条指标未归类（见 unclassified_records）
CHEMBL1164970,,Small molecule,,CS(=O)(=O)c1ccc(C(CC2CCOCC2)C(=O)Nc2nc(C3CC3)cs2)cc1,GSXKUTNJRQRUSE-UHFFFAOYSA-N,1,EC50:1,1350.0,1350.0,1350.0,5.87,5.87,5.87,,0,,0,1,1,"[{""assay"": ""CHEMBL1167927"", ""type"": ""EC50"", ""relation"": ""="", ""value_nm"": 1350.0, ""pactivity"": 5.87, ""doc"": ""CHEMBL1165956"", ""rule"": ""EC50 为标准化浓度型效力指标""}]",1,1.87,FC@CHEMBL1167928,1,,,0,1,1,"[{""assay"": ""CHEMBL1167928"", ""type"": ""FC"", ""scale"": ""fold"", ""value"": 1.87, ""units"": null, ""doc"": ""CHEMBL1165956"", ""rule"": ""FC（fold change）为激活倍数""}]",0,,0,,2,2,1,"[""CHEMBL1165956""]",2010,LITERATURE,0,不适用（可定量效力值不足 2 个 assay）,中,仅 1 篇文献支撑
CHEMBL1165042,,Small molecule,,CC(C)c1csc(NC(=O)C(CC2CCOCC2)c2ccc(S(C)(=O)=O)cc2)n1,NSHNTEGAQYQHAG-UHFFFAOYSA-N,1,EC50:1,310.0,310.0,310.0,6.51,6.51,6.51,,0,,0,1,1,"[{""assay"": ""CHEMBL1167927"", ""type"": ""EC50"", ""relation"": ""="", ""value_nm"": 310.0, ""pactivity"": 6.51, ""doc"": ""CHEMBL1165956"", ""rule"": ""EC50 为标准化浓度型效力指标""}]",1,2.49,FC@CHEMBL1167928,1,,,0,1,1,"[{""assay"": ""CHEMBL1167928"", ""type"": ""FC"", ""scale"": ""fold"", ""value"": 2.49, ""units"": null, ""doc"": ""CHEMBL1165956"", ""rule"": ""FC（fold change）为激活倍数""}]",0,,0,,2,2,1,"[""CHEMBL1165956""]",2010,LITERATURE,0,不适用（可定量效力值不足 2 个 assay）,中,仅 1 篇文献支撑
CHEMBL1165056,,Small molecule,,COc1ccc(-c2csc(NC(=O)C(CC3CCOCC3)c3ccc(S(C)(=O)=O)cc3)n2)cc1,GQCUFUQRUVNCOD-UHFFFAOYSA-N,1,EC50:1,1040.0,1040.0,1040.0,5.98,5.98,5.98,,0,,0,1,1,"[{""assay"": ""CHEMBL1167927"", ""type"": ""EC50"", ""relation"": ""="", ""value_nm"": 1040.0, ""pactivity"": 5.98, ""doc"": ""CHEMBL1165956"", ""rule"": ""EC50 为标准化浓度型效力指标""}]",1,1.22,FC@CHEMBL1167928,1,,,0,1,1,"[{""assay"": ""CHEMBL1167928"", ""type"": ""FC"", ""scale"": ""fold"", ""value"": 1.22, ""units"": null, ""doc"": ""CHEMBL1165956"", ""rule"": ""FC（fold change）为激活倍数""}]",0,,0,,2,2,1,"[""CHEMBL1165956""]",2010,LITERATURE,0,不适用（可定量效力值不足 2 个 assay）,中,仅 1 篇文献支撑
CHEMBL1165213,,Small molecule,,CN1CCc2nc(NC(=O)C(CC3CCOCC3)c3ccc(S(=O)(=O)C4CC4)cc3)sc2C1,LECMPGQCFPFHIP-UHFFFAOYSA-N,1,EC50:1,2860.0,2860.0,2860.0,5.54,5.54,5.54,,0,,0,1,1,"[{""assay"": ""CHEMBL1167927"", ""type"": ""EC50"", ""relation"": ""="", ""value_nm"": 2860.0, ""pactivity"": 5.54, ""doc"": ""CHEMBL1165956"", ""rule"": ""EC50 为标准化浓度型效力指标""}]",1,2.26,FC@CHEMBL1167928,1,,,0,1,1,"[{""assay"": ""CHEMBL1167928"", ""type"": ""FC"", ""scale"": ""fold"", ""value"": 2.26, ""units"": null, ""doc"": ""CHEMBL1165956"", ""rule"": ""FC（fold change）为激活倍数""}]",0,,0,,2,2,1,"[""CHEMBL1165956""]",2010,LITERATURE,0,不适用（可定量效力值不足 2 个 assay）,中,仅 1 篇文献支撑
CHEMBL1165284,,Small molecule,,O=C(Nc1nc2c(s1)CCCC2)C(CC1CCOCC1)c1ccc(S(=O)(=O)C2CC2)cc1,ZNVQMTZHVCRFNC-UHFFFAOYSA-N,1,EC50:1,61.0,61.0,61.0,7.21,7.21,7.21,,0,,0,1,1,"[{""assay"": ""CHEMBL1167927"", ""type"": ""EC50"", ""relation"": ""="", ""value_nm"": 61.0, ""pactivity"": 7.21, ""doc"": ""CHEMBL1165956"", ""rule"": ""EC50 为标准化浓度型效力指标""}]",1,2.27,FC@CHEMBL1167928,1,,,0,1,1,"[{""assay"": ""CHEMBL1167928"", ""type"": ""FC"", ""scale"": ""fold"", ""value"": 2.27, ""units"": null, ""doc"": ""CHEMBL1165956"", ""rule"": ""FC（fold change）为激活倍数""}]",0,,0,,2,2,1,"[""CHEMBL1165956""]",2010,LITERATURE,0,不适用（可定量效力值不足 2 个 assay）,中,仅 1 篇文献支撑
CHEMBL1165294,,Small molecule,,O=C1CSC(NC(=O)C(CC2CCOCC2)c2ccc(S(=O)(=O)C3CC3)cc2)=N1,YSVSJBWRQQHQBO-UHFFFAOYSA-N,1,EC50:1,4680.0,4680.0,4680.0,5.33,5.33,5.33,,0,,0,1,1,"[{""assay"": ""CHEMBL1167927"", ""type"": ""EC50"", ""relation"": ""="", ""value_nm"": 4680.0, ""pactivity"": 5.33, ""doc"": ""CHEMBL1165956"", ""rule"": ""EC50 为标准化浓度型效力指标""}]",1,1.65,FC@CHEMBL1167928,1,,,0,1,1,"[{""assay"": ""CHEMBL1167928"", ""type"": ""FC"", ""scale"": ""fold"", ""value"": 1.65, ""units"": null, ""doc"": ""CHEMBL1165956"", ""rule"": ""FC（fold change）为激活倍数""}]",0,,0,,2,2,1,"[""CHEMBL1165956""]",2010,LITERATURE,0,不适用（可定量效力值不足 2 个 assay）,中,仅 1 篇文献支撑
CHEMBL1165479,,Small molecule,,O=C1N=C(NC(=O)C(CC2CCOCC2)c2ccc(S(=O)(=O)C3CC3)cc2)S/C1=C\c1ccccc1,IIKXKBCRKBLFKI-ULJHMMPZSA-N,0,,,,,,,,,0,,0,0,0,,1,1.24,FC@CHEMBL1167928,1,,,0,1,1,"[{""assay"": ""CHEMBL1167928"", ""type"": ""FC"", ""scale"": ""fold"", ""value"": 1.24, ""units"": null, ""doc"": ""CHEMBL1165956"", ""rule"": ""FC（fold change）为激活倍数""}]",0,,1,"[{""assay"": ""CHEMBL1167927"", ""type"": ""EC50"", ""value"": null, ""units"": null, ""reason"": ""EC50 缺少浓度单位（units=None），无法作为效力""}]",2,2,1,"[""CHEMBL1165956""]",2010,LITERATURE,0,不适用（可定量效力值不足 2 个 assay）,中,仅 1 篇文献支撑；1 条指标未归类（见 unclassified_records）
CHEMBL1165587,,Small molecule,,C=C(C)c1csc(NC(=O)C(CC2CCOCC2)c2ccc(S(=O)(=O)C3CC3)cc2)n1,WQXBIOGCALFENS-UHFFFAOYSA-N,1,EC50:1,158.0,158.0,158.0,6.8,6.8,6.8,,0,,0,1,1,"[{""assay"": ""CHEMBL1167927"", ""type"": ""EC50"", ""relation"": ""="", ""value_nm"": 158.0, ""pactivity"": 6.8, ""doc"": ""CHEMBL1165956"", ""rule"": ""EC50 为标准化浓度型效力指标""}]",1,2.4,FC@CHEMBL1167928,1,,,0,1,1,"[{""assay"": ""CHEMBL1167928"", ""type"": ""FC"", ""scale"": ""fold"", ""value"": 2.4, ""units"": null, ""doc"": ""CHEMBL1165956"", ""rule"": ""FC（fold change）为激活倍数""}]",0,,0,,2,2,1,"[""CHEMBL1165956""]",2010,LITERATURE,0,不适用（可定量效力值不足 2 个 assay）,中,仅 1 篇文献支撑
CHEMBL1165653,,Small molecule,,CC(C)c1csc(NC(=O)[C@H](CC2CCOCC2)c2ccc(S(=O)(=O)C3CC3)cc2)n1,BPQYAGOLJHAJOW-HXUWFJFHSA-N,1,EC50:1,26.0,26.0,26.0,7.58,7.58,7.58,,0,,0,1,1,"[{""assay"": ""CHEMBL1167927"", ""type"": ""EC50"", ""relation"": ""="", ""value_nm"": 26.0, ""pactivity"": 7.58, ""doc"": ""CHEMBL1165956"", ""rule"": ""EC50 为标准化浓度型效力指标""}]",1,2.55,FC@CHEMBL1167928,1,,,0,1,1,"[{""assay"": ""CHEMBL1167928"", ""type"": ""FC"", ""scale"": ""fold"", ""value"": 2.55, ""units"": null, ""doc"": ""CHEMBL1165956"", ""rule"": ""FC（fold change）为激活倍数""}]",0,,0,,2,2,1,"[""CHEMBL1165956""]",2010,LITERATURE,0,不适用（可定量效力值不足 2 个 assay）,中,仅 1 篇文献支撑
CHEMBL1165692,,Small molecule,,CC(C)(C)c1csc(NC(=O)C(CC2CCOCC2)c2ccc(S(C)(=O)=O)cc2)n1,BCOLACLNEZWNJQ-UHFFFAOYSA-N,1,EC50:1,2930.0,2930.0,2930.0,5.53,5.53,5.53,,0,,0,1,1,"[{""assay"": ""CHEMBL1167927"", ""type"": ""EC50"", ""relation"": ""="", ""value_nm"": 2930.0, ""pactivity"": 5.53, ""doc"": ""CHEMBL1165956"", ""rule"": ""EC50 为标准化浓度型效力指标""}]",1,1.29,FC@CHEMBL1167928,1,,,0,1,1,"[{""assay"": ""CHEMBL1167928"", ""type"": ""FC"", ""scale"": ""fold"", ""value"": 1.29, ""units"": null, ""doc"": ""CHEMBL1165956"", ""rule"": ""FC（fold change）为激活倍数""}]",0,,0,,2,2,1,"[""CHEMBL1165956""]",2010,LITERATURE,0,不适用（可定量效力值不足 2 个 assay）,中,仅 1 篇文献支撑
CHEMBL1165817,,Small molecule,,O=C(Nc1nc2c(s1)CCCC2)[C@H](CC1CCOCC1)c1ccc(S(=O)(=O)C2CC2)cc1,ZNVQMTZHVCRFNC-HXUWFJFHSA-N,1,EC50:1,120.0,120.0,120.0,6.92,6.92,6.92,,0,,0,1,1,"[{""assay"": ""CHEMBL1167927"", ""type"": ""EC50"", ""relation"": ""="", ""value_nm"": 120.0, ""pactivity"": 6.92, ""doc"": ""CHEMBL1165956"", ""rule"": ""EC50 为标准化浓度型效力指标""}]",1,2.55,FC@CHEMBL1167928,1,,,0,1,1,"[{""assay"": ""CHEMBL1167928"", ""type"": ""FC"", ""scale"": ""fold"", ""value"": 2.55, ""units"": null, ""doc"": ""CHEMBL1165956"", ""rule"": ""FC（fold change）为激活倍数""}]",0,,0,,2,2,1,"[""CHEMBL1165956""]",2010,LITERATURE,0,不适用（可定量效力值不足 2 个 assay）,中,仅 1 篇文献支撑
CHEMBL1204008,,Small molecule,,COc1ccc2nc(NC(=O)C(CC3CCCC3)c3ccc(S(=O)(=O)N4CCNCC4)cc3)sc2n1.Cl,DTOMHNJLNMYQND-UHFFFAOYSA-N,1,Activity:1,50.0,50.0,50.0,7.3,7.3,7.3,,0,,0,1,1,"[{""assay"": ""CHEMBL1053631"", ""type"": ""Activity"", ""relation"": ""="", ""value_nm"": 50.0, ""pactivity"": 7.3, ""doc"": ""CHEMBL1155225"", ""rule"": ""自由文本指标 Activity 受限提升为效力，描述命中：「half-maximal activat」""}]",0,,,0,,,0,0,0,,0,,0,,1,1,1,"[""CHEMBL1155225""]",2009,LITERATURE,0,不适用（可定量效力值不足 2 个 assay）,弱,仅 1 篇文献支撑
CHEMBL1255593,,Small molecule,,CS(=O)(=O)c1ccc(/C(=C\C2CCCC2)C(=O)Nc2ncc(C#N)s2)cc1,XOWPGRJGSIKPQR-LICLKQGHSA-N,1,Activity:1,97.0,97.0,97.0,7.01,7.01,7.01,,0,,0,1,1,"[{""assay"": ""CHEMBL1260806"", ""type"": ""Activity"", ""relation"": ""="", ""value_nm"": 97.0, ""pactivity"": 7.01, ""doc"": ""CHEMBL1255563"", ""rule"": ""自由文本指标 Activity 受限提升为效力，描述命中：「concentration required to 50% increase」""}]",0,,,0,,,0,0,0,,0,,0,,1,1,1,"[""CHEMBL1255563""]",2010,LITERATURE,0,不适用（可定量效力值不足 2 个 assay）,弱,仅 1 篇文献支撑
CHEMBL1257152,,Small molecule,,CS(=O)(=O)c1ccc(/C(=C\C2CCCCCC2)C(=O)Nc2nccs2)cc1,BVPVGKONEFCGEO-NBVRZTHBSA-N,1,Activity:1,21.0,21.0,21.0,7.68,7.68,7.68,,0,,0,1,1,"[{""assay"": ""CHEMBL1260806"", ""type"": ""Activity"", ""relation"": ""="", ""value_nm"": 21.0, ""pactivity"": 7.68, ""doc"": ""CHEMBL1255563"", ""rule"": ""自由文本指标 Activity 受限提升为效力，描述命中：「concentration required to 50% increase」""}]",0,,,0,,,0,0,0,,0,,0,,1,1,1,"[""CHEMBL1255563""]",2010,LITERATURE,0,不适用（可定量效力值不足 2 个 assay）,弱,仅 1 篇文献支撑
CHEMBL1257153,,Small molecule,,CS(=O)(=O)c1ccc(/C(=C\C2CCCCCCC2)C(=O)Nc2nccs2)cc1,FAGVPXDHYNJFCC-XDJHFCHBSA-N,1,Activity:1,73.0,73.0,73.0,7.14,7.14,7.14,,0,,0,1,1,"[{""assay"": ""CHEMBL1260806"", ""type"": ""Activity"", ""relation"": ""="", ""value_nm"": 73.0, ""pactivity"": 7.14, ""doc"": ""CHEMBL1255563"", ""rule"": ""自由文本指标 Activity 受限提升为效力，描述命中：「concentration required to 50% increase」""}]",0,,,0,,,0,0,0,,0,,0,,1,1,1,"[""CHEMBL1255563""]",2010,LITERATURE,0,不适用（可定量效力值不足 2 个 assay）,弱,仅 1 篇文献支撑
CHEMBL1257269,,Small molecule,,CS(=O)(=O)c1ccc(/C(=C\CC2CCCC2)C(=O)Nc2nccs2)cc1,COSUEEHOZUFBOZ-GZTJUZNOSA-N,1,Activity:1,53.0,53.0,53.0,7.28,7.28,7.28,,0,,0,1,1,"[{""assay"": ""CHEMBL1260806"", ""type"": ""Activity"", ""relation"": ""="", ""value_nm"": 53.0, ""pactivity"": 7.28, ""doc"": ""CHEMBL1255563"", ""rule"": ""自由文本指标 Activity 受限提升为效力，描述命中：「concentration required to 50% increase」""}]",0,,,0,,,0,0,0,,0,,0,,1,1,1,"[""CHEMBL1255563""]",2010,LITERATURE,0,不适用（可定量效力值不足 2 个 assay）,弱,仅 1 篇文献支撑
CHEMBL1257270,,Small molecule,,CS(=O)(=O)c1ccc(/C(=C\C2CCCC2)C(=O)Nc2ncc(Cl)s2)cc1,GAHXSOLFWSJFQA-XNTDXEJSSA-N,1,Activity:1,12.0,12.0,12.0,7.92,7.92,7.92,,0,,0,1,1,"[{""assay"": ""CHEMBL1260806"", ""type"": ""Activity"", ""relation"": ""="", ""value_nm"": 12.0, ""pactivity"": 7.92, ""doc"": ""CHEMBL1255563"", ""rule"": ""自由文本指标 Activity 受限提升为效力，描述命中：「concentration required to 50% increase」""}]",0,,,0,,,0,0,0,,0,,0,,1,1,1,"[""CHEMBL1255563""]",2010,LITERATURE,0,不适用（可定量效力值不足 2 个 assay）,弱,仅 1 篇文献支撑
CHEMBL1257390,,Small molecule,,CS(=O)(=O)c1ccc(/C(=C\C2CCCC2)C(=O)Nc2ncc(Br)s2)cc1,JOISSXZRHSAVRM-XNTDXEJSSA-N,1,Activity:1,8.0,8.0,8.0,8.1,8.1,8.1,,0,,0,1,1,"[{""assay"": ""CHEMBL1260806"", ""type"": ""Activity"", ""relation"": ""="", ""value_nm"": 8.0, ""pactivity"": 8.1, ""doc"": ""CHEMBL1255563"", ""rule"": ""自由文本指标 Activity 受限提升为效力，描述命中：「concentration required to 50% increase」""}]",0,,,0,,,0,0,0,,0,,0,,1,1,1,"[""CHEMBL1255563""]",2010,LITERATURE,0,不适用（可定量效力值不足 2 个 assay）,弱,仅 1 篇文献支撑
CHEMBL1257391,,Small molecule,,Cc1cnc(NC(=O)/C(=C/C2CCCC2)c2ccc(S(C)(=O)=O)cc2)s1,BKPACVDMVCTNRZ-GZTJUZNOSA-N,1,Activity:1,49.0,49.0,49.0,7.31,7.31,7.31,,0,,0,1,1,"[{""assay"": ""CHEMBL1260806"", ""type"": ""Activity"", ""relation"": ""="", ""value_nm"": 49.0, ""pactivity"": 7.31, ""doc"": ""CHEMBL1255563"", ""rule"": ""自由文本指标 Activity 受限提升为效力，描述命中：「concentration required to 50% increase」""}]",0,,,0,,,0,0,0,,0,,0,,1,1,1,"[""CHEMBL1255563""]",2010,LITERATURE,0,不适用（可定量效力值不足 2 个 assay）,弱,仅 1 篇文献支撑
CHEMBL1257500,,Small molecule,,CS(=O)(=O)c1ccc(/C(=C\C2CCCC2)C(=O)Nc2ccccn2)cc1Cl,OYDGJORZWPQIQE-FOWTUZBSSA-N,1,Activity:1,96.0,96.0,96.0,7.02,7.02,7.02,,0,,0,1,1,"[{""assay"": ""CHEMBL1260806"", ""type"": ""Activity"", ""relation"": ""="", ""value_nm"": 96.0, ""pactivity"": 7.02, ""doc"": ""CHEMBL1255563"", ""rule"": ""自由文本指标 Activity 受限提升为效力，描述命中：「concentration required to 50% increase」""}]",0,,,0,,,0,0,0,,0,,0,,1,1,1,"[""CHEMBL1255563""]",2010,LITERATURE,0,不适用（可定量效力值不足 2 个 assay）,弱,仅 1 篇文献支撑
CHEMBL1257621,,Small molecule,,CS(=O)(=O)c1ccc(/C(=C\C2CCCC2)C(=O)Nc2nccs2)cc1Cl,LQQZQDWVRVMLMR-GXDHUFHOSA-N,1,Activity:1,45.0,45.0,45.0,7.35,7.35,7.35,,0,,0,1,1,"[{""assay"": ""CHEMBL1260806"", ""type"": ""Activity"", ""relation"": ""="", ""value_nm"": 45.0, ""pactivity"": 7.35, ""doc"": ""CHEMBL1255563"", ""rule"": ""自由文本指标 Activity 受限提升为效力，描述命中：「concentration required to 50% increase」""}]",0,,,0,,,0,0,0,,0,,0,,1,1,1,"[""CHEMBL1255563""]",2010,LITERATURE,0,不适用（可定量效力值不足 2 个 assay）,弱,仅 1 篇文献支撑
CHEMBL1257622,,Small molecule,,CS(=O)(=O)c1ccc(/C(=C\C2CCCC2)C(=O)Nc2nccs2)cc1Br,RRNQUGCUBMNGCT-GXDHUFHOSA-N,1,Activity:1,33.0,33.0,33.0,7.48,7.48,7.48,,0,,0,1,1,"[{""assay"": ""CHEMBL1260806"", ""type"": ""Activity"", ""relation"": ""="", ""value_nm"": 33.0, ""pactivity"": 7.48, ""doc"": ""CHEMBL1255563"", ""rule"": ""自由文本指标 Activity 受限提升为效力，描述命中：「concentration required to 50% increase」""}]",0,,,0,,,0,0,0,,0,,0,,1,1,1,"[""CHEMBL1255563""]",2010,LITERATURE,0,不适用（可定量效力值不足 2 个 assay）,弱,仅 1 篇文献支撑
CHEMBL1257742,,Small molecule,,O=C(Nc1nccs1)/C(=C/C1CCCC1)c1ccc(Cl)c(Cl)c1,LPANTTLHGJJATA-UKTHLTGXSA-N,1,Activity:1,215.0,215.0,215.0,6.67,6.67,6.67,,0,,0,1,1,"[{""assay"": ""CHEMBL1260806"", ""type"": ""Activity"", ""relation"": ""="", ""value_nm"": 215.0, ""pactivity"": 6.67, ""doc"": ""CHEMBL1255563"", ""rule"": ""自由文本指标 Activity 受限提升为效力，描述命中：「concentration required to 50% increase」""}]",0,,,0,,,0,0,0,,0,,0,,1,1,1,"[""CHEMBL1255563""]",2010,LITERATURE,0,不适用（可定量效力值不足 2 个 assay）,弱,仅 1 篇文献支撑
CHEMBL1257743,,Small molecule,,Cc1nnnn1-c1ccc(/C(=C\C2CCCC2)C(=O)Nc2nccs2)cc1F,YJDPXMKSUFTHMS-XNTDXEJSSA-N,1,Activity:1,102.0,102.0,102.0,6.99,6.99,6.99,,0,,0,1,1,"[{""assay"": ""CHEMBL1260806"", ""type"": ""Activity"", ""relation"": ""="", ""value_nm"": 102.0, ""pactivity"": 6.99, ""doc"": ""CHEMBL1255563"", ""rule"": ""自由文本指标 Activity 受限提升为效力，描述命中：「concentration required to 50% increase」""}]",0,,,0,,,0,0,0,,0,,0,,1,1,1,"[""CHEMBL1255563""]",2010,LITERATURE,0,不适用（可定量效力值不足 2 个 assay）,弱,仅 1 篇文献支撑
CHEMBL1257864,,Small molecule,,CNC(=O)NC(=O)/C(=C/C1CCCC1)c1ccc(-n2nnnc2C)c(F)c1,KKSIHNCDBOMQRF-NTEUORMPSA-N,1,Activity:1,904.0,904.0,904.0,6.04,6.04,6.04,,0,,0,1,1,"[{""assay"": ""CHEMBL1260806"", ""type"": ""Activity"", ""relation"": ""="", ""value_nm"": 904.0, ""pactivity"": 6.04, ""doc"": ""CHEMBL1255563"", ""rule"": ""自由文本指标 Activity 受限提升为效力，描述命中：「concentration required to 50% increase」""}]",0,,,0,,,0,0,0,,0,,0,,1,1,1,"[""CHEMBL1255563""]",2010,LITERATURE,0,不适用（可定量效力值不足 2 个 assay）,弱,仅 1 篇文献支撑
CHEMBL1257865,,Small molecule,,Cc1nnnn1-c1ccc(/C(=C\C2CCCC2)C(=O)Nc2nccs2)cc1Cl,VLMUMBDJCAPBLI-XNTDXEJSSA-N,1,Activity:1,40.0,40.0,40.0,7.4,7.4,7.4,,0,,0,1,1,"[{""assay"": ""CHEMBL1260806"", ""type"": ""Activity"", ""relation"": ""="", ""value_nm"": 40.0, ""pactivity"": 7.4, ""doc"": ""CHEMBL1255563"", ""rule"": ""自由文本指标 Activity 受限提升为效力，描述命中：「concentration required to 50% increase」""}]",0,,,0,,,0,0,0,,0,,0,,1,1,1,"[""CHEMBL1255563""]",2010,LITERATURE,0,不适用（可定量效力值不足 2 个 assay）,弱,仅 1 篇文献支撑
CHEMBL1257976,,Small molecule,,CS(=O)(=O)c1ccc(/C(=C\C2CCCCC2)C(=O)Nc2nccs2)cc1C(F)(F)F,YSLZNYGGLOZLPM-RVDMUPIBSA-N,1,Activity:1,10.0,10.0,10.0,8.0,8.0,8.0,,0,,0,1,1,"[{""assay"": ""CHEMBL1260806"", ""type"": ""Activity"", ""relation"": ""="", ""value_nm"": 10.0, ""pactivity"": 8.0, ""doc"": ""CHEMBL1255563"", ""rule"": ""自由文本指标 Activity 受限提升为效力，描述命中：「concentration required to 50% increase」""}]",0,,,0,,,0,0,0,,0,,0,,1,1,1,"[""CHEMBL1255563""]",2010,LITERATURE,0,不适用（可定量效力值不足 2 个 assay）,弱,仅 1 篇文献支撑
CHEMBL1257977,,Small molecule,,CS(=O)(=O)c1ccc(/C(=C\C2CCCCC2)C(=O)Nc2cc(Br)ccn2)cc1C(F)(F)F,MYPNOUBWEHPWPY-GZTJUZNOSA-N,1,Activity:1,36.0,36.0,36.0,7.44,7.44,7.44,,0,,0,1,1,"[{""assay"": ""CHEMBL1260806"", ""type"": ""Activity"", ""relation"": ""="", ""value_nm"": 36.0, ""pactivity"": 7.44, ""doc"": ""CHEMBL1255563"", ""rule"": ""自由文本指标 Activity 受限提升为效力，描述命中：「concentration required to 50% increase」""}]",0,,,0,,,0,0,0,,0,,0,,1,1,1,"[""CHEMBL1255563""]",2010,LITERATURE,0,不适用（可定量效力值不足 2 个 assay）,弱,仅 1 篇文献支撑
CHEMBL1258092,,Small molecule,,CS(=O)(=O)c1ccc(/C(=C\C2CCCCC2)C(=O)Nc2ncc(Br)s2)cc1C(F)(F)F,DAFVQCLKJHTEOW-NTEUORMPSA-N,1,Activity:1,4.0,4.0,4.0,8.4,8.4,8.4,,0,,0,1,1,"[{""assay"": ""CHEMBL1260806"", ""type"": ""Activity"", ""relation"": ""="", ""value_nm"": 4.0, ""pactivity"": 8.4, ""doc"": ""CHEMBL1255563"", ""rule"": ""自由文本指标 Activity 受限提升为效力，描述命中：「concentration required to 50% increase」""}]",0,,,0,,,0,0,0,,0,,0,,1,1,1,"[""CHEMBL1255563""]",2010,LITERATURE,0,不适用（可定量效力值不足 2 个 assay）,弱,仅 1 篇文献支撑
CHEMBL1258093,,Small molecule,,CS(=O)(=O)c1ccc(/C(=C\C2CCCCC2)C(=O)Nc2nccs2)cc1[N+](=O)[O-],FICFIIMMJODLNW-RVDMUPIBSA-N,1,Activity:1,13.0,13.0,13.0,7.89,7.89,7.89,,0,,0,1,1,"[{""assay"": ""CHEMBL1260806"", ""type"": ""Activity"", ""relation"": ""="", ""value_nm"": 13.0, ""pactivity"": 7.89, ""doc"": ""CHEMBL1255563"", ""rule"": ""自由文本指标 Activity 受限提升为效力，描述命中：「concentration required to 50% increase」""}]",0,,,0,,,0,0,0,,0,,0,,1,1,1,"[""CHEMBL1255563""]",2010,LITERATURE,0,不适用（可定量效力值不足 2 个 assay）,弱,仅 1 篇文献支撑
CHEMBL1258205,,Small molecule,,Cc1nnnn1-c1ccc(/C(=C\C2CCCCC2)C(=O)Nc2nccs2)cc1Cl,LKVCBZIKYUSOKK-LFIBNONCSA-N,1,Activity:1,25.0,25.0,25.0,7.6,7.6,7.6,,0,,0,1,1,"[{""assay"": ""CHEMBL1260806"", ""type"": ""Activity"", ""relation"": ""="", ""value_nm"": 25.0, ""pactivity"": 7.6, ""doc"": ""CHEMBL1255563"", ""rule"": ""自由文本指标 Activity 受限提升为效力，描述命中：「concentration required to 50% increase」""}]",0,,,0,,,0,0,0,,0,,0,,1,1,1,"[""CHEMBL1255563""]",2010,LITERATURE,0,不适用（可定量效力值不足 2 个 assay）,弱,仅 1 篇文献支撑
CHEMBL1258206,,Small molecule,,O=C(Nc1nccs1)/C(=C/C1CCCCC1)c1ccc(-n2nnnc2C(F)(F)F)c(Cl)c1,QIMSMHHSGVQCCP-GXDHUFHOSA-N,1,Activity:1,92.0,92.0,92.0,7.04,7.04,7.04,,0,,0,1,1,"[{""assay"": ""CHEMBL1260806"", ""type"": ""Activity"", ""relation"": ""="", ""value_nm"": 92.0, ""pactivity"": 7.04, ""doc"": ""CHEMBL1255563"", ""rule"": ""自由文本指标 Activity 受限提升为效力，描述命中：「concentration required to 50% increase」""}]",0,,,0,,,0,0,0,,0,,0,,1,1,1,"[""CHEMBL1255563""]",2010,LITERATURE,0,不适用（可定量效力值不足 2 个 assay）,弱,仅 1 篇文献支撑
CHEMBL1258321,,Small molecule,,CS(=O)(=O)c1ccc(/C(=C\C2CCCCCC2)C(=O)Nc2ncc(Br)s2)cc1,FDQAFURIAOKAFS-SFQUDFHCSA-N,1,Activity:1,4.0,4.0,4.0,8.4,8.4,8.4,,0,,0,1,1,"[{""assay"": ""CHEMBL1260806"", ""type"": ""Activity"", ""relation"": ""="", ""value_nm"": 4.0, ""pactivity"": 8.4, ""doc"": ""CHEMBL1255563"", ""rule"": ""自由文本指标 Activity 受限提升为效力，描述命中：「concentration required to 50% increase」""}]",0,,,0,,,0,0,0,,0,,0,,1,1,1,"[""CHEMBL1255563""]",2010,LITERATURE,0,不适用（可定量效力值不足 2 个 assay）,弱,仅 1 篇文献支撑
CHEMBL1258322,,Small molecule,,CS(=O)(=O)c1ccc(/C(=C\C2CCCCCC2)C(=O)Nc2ncc(Br)s2)cc1C(F)(F)F,XOWGQNFXTWHUGV-XNTDXEJSSA-N,1,Activity:1,11.0,11.0,11.0,7.96,7.96,7.96,,0,,0,1,1,"[{""assay"": ""CHEMBL1260806"", ""type"": ""Activity"", ""relation"": ""="", ""value_nm"": 11.0, ""pactivity"": 7.96, ""doc"": ""CHEMBL1255563"", ""rule"": ""自由文本指标 Activity 受限提升为效力，描述命中：「concentration required to 50% increase」""}]",0,,,0,,,0,0,0,,0,,0,,1,1,1,"[""CHEMBL1255563""]",2010,LITERATURE,0,不适用（可定量效力值不足 2 个 assay）,弱,仅 1 篇文献支撑
CHEMBL1258435,,Small molecule,,Cc1nnnn1-c1ccc(/C(=C\C2CCCCCC2)C(=O)Nc2ncc(Br)s2)cc1Cl,HLIOSGRVEWBZSF-MHWRWJLKSA-N,1,Activity:1,12.0,12.0,12.0,7.92,7.92,7.92,,0,,0,1,1,"[{""assay"": ""CHEMBL1260806"", ""type"": ""Activity"", ""relation"": ""="", ""value_nm"": 12.0, ""pactivity"": 7.92, ""doc"": ""CHEMBL1255563"", ""rule"": ""自由文本指标 Activity 受限提升为效力，描述命中：「concentration required to 50% increase」""}]",0,,,0,,,0,0,0,,0,,0,,1,1,1,"[""CHEMBL1255563""]",2010,LITERATURE,0,不适用（可定量效力值不足 2 个 assay）,弱,仅 1 篇文献支撑
CHEMBL1258542,,Small molecule,,CS(=O)(=O)c1ccc(/C(=C/C2CCCC2)C(=O)Nc2nccs2)cc1,BCHXPOUTSCJBCH-VBKFSLOCSA-N,1,Activity:1,1180.0,1180.0,1180.0,5.93,5.93,5.93,,0,,0,1,1,"[{""assay"": ""CHEMBL1260806"", ""type"": ""Activity"", ""relation"": ""="", ""value_nm"": 1180.0, ""pactivity"": 5.93, ""doc"": ""CHEMBL1255563"", ""rule"": ""自由文本指标 Activity 受限提升为效力，描述命中：「concentration required to 50% increase」""}]",0,,,0,,,0,0,0,,0,,0,,1,1,1,"[""CHEMBL1255563""]",2010,LITERATURE,0,不适用（可定量效力值不足 2 个 assay）,弱,仅 1 篇文献支撑
CHEMBL1258543,,Small molecule,,C/C(=C(\C(=O)Nc1nccs1)c1ccc(S(C)(=O)=O)cc1)C1CCCC1,UBURIMJLSUFEIR-GHRIWEEISA-N,0,,,,,,,,,0,,0,0,0,,0,,,0,,,0,0,0,,0,,1,"[{""assay"": ""CHEMBL1260806"", ""type"": ""Activity"", ""value"": null, ""units"": null, ""reason"": ""Activity 为自由文本指标（无官方标准化规则），assay 描述未命中提升门槛，不跨实验汇总""}]",1,1,1,"[""CHEMBL1255563""]",2010,LITERATURE,0,不适用（可定量效力值不足 2 个 assay）,弱,仅 1 篇文献支撑；无可定量的效力或效能值；1 条指标未归类（见 unclassified_records）
CHEMBL1258768,,Small molecule,,CS(=O)(=O)c1ccc(/C(=C\CC2CCCC2)C(=O)Nc2nccs2)cc1C(F)(F)F,MWTBIDPRXILOJG-OVCLIPMQSA-N,1,Activity:1,37.0,37.0,37.0,7.43,7.43,7.43,,0,,0,1,1,"[{""assay"": ""CHEMBL1260806"", ""type"": ""Activity"", ""relation"": ""="", ""value_nm"": 37.0, ""pactivity"": 7.43, ""doc"": ""CHEMBL1255563"", ""rule"": ""自由文本指标 Activity 受限提升为效力，描述命中：「concentration required to 50% increase」""}]",0,,,0,,,0,0,0,,0,,0,,1,1,1,"[""CHEMBL1255563""]",2010,LITERATURE,0,不适用（可定量效力值不足 2 个 assay）,弱,仅 1 篇文献支撑
CHEMBL1258769,,Small molecule,,CC/C=C(/C(=O)Nc1nccs1)c1ccc(S(C)(=O)=O)cc1,UVLJGXZKAKBRDX-YIXHJXPBSA-N,1,Activity:1,1200.0,1200.0,1200.0,5.92,5.92,5.92,,0,,0,1,1,"[{""assay"": ""CHEMBL1260806"", ""type"": ""Activity"", ""relation"": ""="", ""value_nm"": 1200.0, ""pactivity"": 5.92, ""doc"": ""CHEMBL1255563"", ""rule"": ""自由文本指标 Activity 受限提升为效力，描述命中：「concentration required to 50% increase」""}]",0,,,0,,,0,0,0,,0,,0,,1,1,1,"[""CHEMBL1255563""]",2010,LITERATURE,0,不适用（可定量效力值不足 2 个 assay）,弱,仅 1 篇文献支撑
CHEMBL1258886,,Small molecule,,CC(C)/C=C(/C(=O)Nc1nccs1)c1ccc(S(C)(=O)=O)cc1,UVUKJGDYSUGMBE-GXDHUFHOSA-N,1,Activity:1,450.0,450.0,450.0,6.35,6.35,6.35,,0,,0,1,1,"[{""assay"": ""CHEMBL1260806"", ""type"": ""Activity"", ""relation"": ""="", ""value_nm"": 450.0, ""pactivity"": 6.35, ""doc"": ""CHEMBL1255563"", ""rule"": ""自由文本指标 Activity 受限提升为效力，描述命中：「concentration required to 50% increase」""}]",0,,,0,,,0,0,0,,0,,0,,1,1,1,"[""CHEMBL1255563""]",2010,LITERATURE,0,不适用（可定量效力值不足 2 个 assay）,弱,仅 1 篇文献支撑
CHEMBL1258887,,Small molecule,,CS(=O)(=O)c1ccc(/C(=C\C2CCCC2)C(=O)Nc2nccs2)cc1,BCHXPOUTSCJBCH-FOWTUZBSSA-N,1,Activity:1,60.0,60.0,60.0,7.22,7.22,7.22,,0,,0,1,1,"[{""assay"": ""CHEMBL1260806"", ""type"": ""Activity"", ""relation"": ""="", ""value_nm"": 60.0, ""pactivity"": 7.22, ""doc"": ""CHEMBL1255563"", ""rule"": ""自由文本指标 Activity 受限提升为效力，描述命中：「concentration required to 50% increase」""}]",0,,,0,,,0,0,0,,0,,0,,1,1,1,"[""CHEMBL1255563""]",2010,LITERATURE,0,不适用（可定量效力值不足 2 个 assay）,弱,仅 1 篇文献支撑
CHEMBL1258888,,Small molecule,,CS(=O)(=O)c1ccc(/C(=C\C2CCCCC2)C(=O)Nc2nccs2)cc1,SANUEZHQGWAUCN-GHRIWEEISA-N,1,Activity:1,29.0,29.0,29.0,7.54,7.54,7.54,,0,,0,1,1,"[{""assay"": ""CHEMBL1260806"", ""type"": ""Activity"", ""relation"": ""="", ""value_nm"": 29.0, ""pactivity"": 7.54, ""doc"": ""CHEMBL1255563"", ""rule"": ""自由文本指标 Activity 受限提升为效力，描述命中：「concentration required to 50% increase」""}]",0,,,0,,,0,0,0,,0,,0,,1,1,1,"[""CHEMBL1255563""]",2010,LITERATURE,0,不适用（可定量效力值不足 2 个 assay）,弱,仅 1 篇文献支撑
CHEMBL1270959,,Small molecule,,Cc1cnc(NC(=O)[C@H](CC2CCCC2)n2ccc(S(C)(=O)=O)cc2=O)cn1,CJFNPTAFIFPROD-INIZCTEOSA-N,1,EC50:1,3500.0,3500.0,3500.0,5.46,5.46,5.46,,0,,0,1,1,"[{""assay"": ""CHEMBL1788085"", ""type"": ""EC50"", ""relation"": ""="", ""value_nm"": 3500.0, ""pactivity"": 5.46, ""doc"": ""CHEMBL1782019"", ""rule"": ""EC50 为标准化浓度型效力指标""}]",1,,,0,101.0,Emax@CHEMBL1788086,1,1,1,"[{""assay"": ""CHEMBL1788086"", ""type"": ""Emax"", ""scale"": ""percent"", ""value"": 101, ""units"": ""%"", ""doc"": ""CHEMBL1782019"", ""rule"": ""Emax 为激活幅度指标，按该 assay 内值域（max=148.0）判为 percent 尺度""}]",0,,0,,2,2,1,"[""CHEMBL1782019""]",2009,LITERATURE,0,不适用（可定量效力值不足 2 个 assay）,中,仅 1 篇文献支撑
CHEMBL1334993,,Small molecule,,Cc1csc(NC(=O)c2cc(C)oc2C)n1,UKRYKVHVAPAESH-UHFFFAOYSA-N,0,,,,,,,,,0,,0,0,0,,4,1.24,Ratio@CHEMBL1825590,4,,,0,4,1,"[{""assay"": ""CHEMBL1825590"", ""type"": ""Ratio"", ""scale"": ""fold"", ""value"": 1.24, ""units"": null, ""doc"": ""CHEMBL1821720"", ""rule"": ""自由文本指标 Ratio 受限提升为效能(fold)，描述命中：「ratio of enzyme activation in treated to untreated control」""}, {""assay"": ""CHEMBL1825591"", ""type"": ""Ratio"", ""scale"": ""fold"", ""value"": 0.068, ""units"": null, ""doc"": ""CHEMBL1821720"", ""rule"": ""自由文本指标 Ratio 受限提升为效能(fold)，描述命中：「ratio of enzyme activation in compound treated」""}, {""assay"": ""CHEMBL1825592"", ""type"": ""Ratio"", ""scale"": ""fold"", ""value"": 1.15, ""units"": null, ""doc"": ""CHEMBL1821720"", ""rule"": ""自由文本指标 Ratio 受限提升为效能(fold)，描述命中：「ratio of enzyme activation in treated to untreated control」""}, {""assay"": ""CHEMBL1825593"", ""type"": ""Ratio"", ""scale"": ""fold"", ""value"": 0.1, ""units"": null, ""doc"": ""CHEMBL1821720"", ""rule"": ""自由文本指标 Ratio 受限提升为效能(fold)，描述命中：「ratio of enzyme activation in compound treated」""}]",0,,0,,4,4,1,"[""CHEMBL1821720""]",2011,LITERATURE,0,不适用（可定量效力值不足 2 个 assay）,中,仅 1 篇文献支撑
CHEMBL1401244,,Small molecule,,Cc1csc(NC(=O)CSc2ncnc3c2cnn3-c2ccccc2Cl)n1,OHWUBYKGCGQDSI-UHFFFAOYSA-N,2,EC50:2,2511.89,2511.89,2511.89,5.6,5.6,5.6,0.0,0,,0,2,2,"[{""assay"": ""CHEMBL2215199"", ""type"": ""EC50"", ""relation"": ""="", ""value_nm"": 2511.89, ""pactivity"": 5.6, ""doc"": ""CHEMBL2202962"", ""rule"": ""EC50 为标准化浓度型效力指标""}, {""assay"": ""CHEMBL3226993"", ""type"": ""EC50"", ""relation"": ""="", ""value_nm"": 2511.89, ""pactivity"": 5.6, ""doc"": ""CHEMBL3217683"", ""rule"": ""EC50 为标准化浓度型效力指标""}]",0,,,0,,,0,0,0,,0,,0,,2,2,2,"[""CHEMBL2202962"", ""CHEMBL3217683""]",2012; 2013,LITERATURE,1,一致（pActivity 极差 0.0，3 倍以内）,强,1 条被 ChEMBL 标为 potential_duplicate
CHEMBL1466948,,Small molecule,,Cc1cc(C(=O)Nc2nc3c(s2)CCCC3)cs1,POCZFCNKSNMGGC-UHFFFAOYSA-N,0,,,,,,,,,0,,0,0,0,,4,1.88,Ratio@CHEMBL1825590,4,,,0,4,1,"[{""assay"": ""CHEMBL1825590"", ""type"": ""Ratio"", ""scale"": ""fold"", ""value"": 1.88, ""units"": null, ""doc"": ""CHEMBL1821720"", ""rule"": ""自由文本指标 Ratio 受限提升为效能(fold)，描述命中：「ratio of enzyme activation in treated to untreated control」""}, {""assay"": ""CHEMBL1825591"", ""type"": ""Ratio"", ""scale"": ""fold"", ""value"": 0.177, ""units"": null, ""doc"": ""CHEMBL1821720"", ""rule"": ""自由文本指标 Ratio 受限提升为效能(fold)，描述命中：「ratio of enzyme activation in compound treated」""}, {""assay"": ""CHEMBL1825592"", ""type"": ""Ratio"", ""scale"": ""fold"", ""value"": 1.17, ""units"": null, ""doc"": ""CHEMBL1821720"", ""rule"": ""自由文本指标 Ratio 受限提升为效能(fold)，描述命中：「ratio of enzyme activation in treated to untreated control」""}, {""assay"": ""CHEMBL1825593"", ""type"": ""Ratio"", ""scale"": ""fold"", ""value"": 0.095, ""units"": null, ""doc"": ""CHEMBL1821720"", ""rule"": ""自由文本指标 Ratio 受限提升为效能(fold)，描述命中：「ratio of enzyme activation in compound treated」""}]",0,,0,,4,4,1,"[""CHEMBL1821720""]",2011,LITERATURE,0,不适用（可定量效力值不足 2 个 assay）,中,仅 1 篇文献支撑
CHEMBL1496831,,Small molecule,,O=C(Nc1nc2c(s1)CCCC2)c1cccnc1,XNKYUUXWRFMNHU-UHFFFAOYSA-N,0,,,,,,,,,0,,0,0,0,,4,1.06,Ratio@CHEMBL1825590,4,,,0,4,1,"[{""assay"": ""CHEMBL1825590"", ""type"": ""Ratio"", ""scale"": ""fold"", ""value"": 1.06, ""units"": null, ""doc"": ""CHEMBL1821720"", ""rule"": ""自由文本指标 Ratio 受限提升为效能(fold)，描述命中：「ratio of enzyme activation in treated to untreated control」""}, {""assay"": ""CHEMBL1825591"", ""type"": ""Ratio"", ""scale"": ""fold"", ""value"": 0.012, ""units"": null, ""doc"": ""CHEMBL1821720"", ""rule"": ""自由文本指标 Ratio 受限提升为效能(fold)，描述命中：「ratio of enzyme activation in compound treated」""}, {""assay"": ""CHEMBL1825592"", ""type"": ""Ratio"", ""scale"": ""fold"", ""value"": 0.97, ""units"": null, ""doc"": ""CHEMBL1821720"", ""rule"": ""自由文本指标 Ratio 受限提升为效能(fold)，描述命中：「ratio of enzyme activation in treated to untreated control」""}, {""assay"": ""CHEMBL1825593"", ""type"": ""Ratio"", ""scale"": ""fold"", ""value"": -0.015, ""units"": null, ""doc"": ""CHEMBL1821720"", ""rule"": ""自由文本指标 Ratio 受限提升为效能(fold)，描述命中：「ratio of enzyme activation in compound treated」""}]",0,,0,,4,4,1,"[""CHEMBL1821720""]",2011,LITERATURE,0,不适用（可定量效力值不足 2 个 assay）,中,仅 1 篇文献支撑
CHEMBL1610636,,Small molecule,,Cc1cc(C(=O)Nc2nc3c(s2)CCCC3)no1,JGFHGPJNFQSULA-UHFFFAOYSA-N,0,,,,,,,,,0,,0,0,0,,4,1.11,Ratio@CHEMBL1825590,4,,,0,4,1,"[{""assay"": ""CHEMBL1825590"", ""type"": ""Ratio"", ""scale"": ""fold"", ""value"": 1.11, ""units"": null, ""doc"": ""CHEMBL1821720"", ""rule"": ""自由文本指标 Ratio 受限提升为效能(fold)，描述命中：「ratio of enzyme activation in treated to untreated control」""}, {""assay"": ""CHEMBL1825591"", ""type"": ""Ratio"", ""scale"": ""fold"", ""value"": 0.022, ""units"": null, ""doc"": ""CHEMBL1821720"", ""rule"": ""自由文本指标 Ratio 受限提升为效能(fold)，描述命中：「ratio of enzyme activation in compound treated」""}, {""assay"": ""CHEMBL1825592"", ""type"": ""Ratio"", ""scale"": ""fold"", ""value"": 1.06, ""units"": null, ""doc"": ""CHEMBL1821720"", ""rule"": ""自由文本指标 Ratio 受限提升为效能(fold)，描述命中：「ratio of enzyme activation in treated to untreated control」""}, {""assay"": ""CHEMBL1825593"", ""type"": ""Ratio"", ""scale"": ""fold"", ""value"": 0.036, ""units"": null, ""doc"": ""CHEMBL1821720"", ""rule"": ""自由文本指标 Ratio 受限提升为效能(fold)，描述命中：「ratio of enzyme activation in compound treated」""}]",0,,0,,4,4,1,"[""CHEMBL1821720""]",2011,LITERATURE,0,不适用（可定量效力值不足 2 个 assay）,中,仅 1 篇文献支撑
CHEMBL1778354,,Small molecule,,COC[C@H](C)Oc1cc(O[C@@H](C)Cc2ccc(F)cc2)cc(C(=O)Nc2ccc(C(=O)O)cn2)c1,YCMZIWKNBMLCBK-IRXDYDNUSA-N,1,EC50:1,40.0,40.0,40.0,7.4,7.4,7.4,,0,,0,1,1,"[{""assay"": ""CHEMBL1781588"", ""type"": ""EC50"", ""relation"": ""="", ""value_nm"": 40.0, ""pactivity"": 7.4, ""doc"": ""CHEMBL1777741"", ""rule"": ""EC50 为标准化浓度型效力指标""}]",0,,,0,,,0,0,0,,0,,0,,1,1,1,"[""CHEMBL1777741""]",2011,LITERATURE,0,不适用（可定量效力值不足 2 个 assay）,弱,仅 1 篇文献支撑
CHEMBL1778355,,Small molecule,,COC[C@H](C)Oc1cc(O[C@@H](C)Cc2ccccc2OC)cc(C(=O)Nc2ccc(C(=O)O)cn2)c1,DODZTVCFOJPFBJ-ROUUACIJSA-N,1,EC50:1,70.0,70.0,70.0,7.16,7.16,7.16,,0,,0,1,1,"[{""assay"": ""CHEMBL1781588"", ""type"": ""EC50"", ""relation"": ""="", ""value_nm"": 70.0, ""pactivity"": 7.16, ""doc"": ""CHEMBL1777741"", ""rule"": ""EC50 为标准化浓度型效力指标""}]",0,,,0,,,0,0,0,,0,,0,,1,1,1,"[""CHEMBL1777741""]",2011,LITERATURE,0,不适用（可定量效力值不足 2 个 assay）,弱,仅 1 篇文献支撑
CHEMBL1778356,,Small molecule,,COC[C@H](C)Oc1cc(O[C@@H](C)Cc2cc(F)cc(F)c2)cc(C(=O)Nc2ccc(C(=O)O)cn2)c1,HWRHBCYTRFVQSX-HOTGVXAUSA-N,1,EC50:1,50.0,50.0,50.0,7.3,7.3,7.3,,0,,0,1,1,"[{""assay"": ""CHEMBL1781588"", ""type"": ""EC50"", ""relation"": ""="", ""value_nm"": 50.0, ""pactivity"": 7.3, ""doc"": ""CHEMBL1777741"", ""rule"": ""EC50 为标准化浓度型效力指标""}]",0,,,0,,,0,0,0,,0,,0,,1,1,1,"[""CHEMBL1777741""]",2011,LITERATURE,0,不适用（可定量效力值不足 2 个 assay）,弱,仅 1 篇文献支撑
CHEMBL1778357,,Small molecule,,COC[C@H](C)Oc1cc(O[C@@H](C)Cc2ccc(Cl)o2)cc(C(=O)Nc2ccc(C(=O)O)cn2)c1,FACGWLUZFFYALO-GJZGRUSLSA-N,1,EC50:1,30.0,30.0,30.0,7.52,7.52,7.52,,0,,0,1,1,"[{""assay"": ""CHEMBL1781588"", ""type"": ""EC50"", ""relation"": ""="", ""value_nm"": 30.0, ""pactivity"": 7.52, ""doc"": ""CHEMBL1777741"", ""rule"": ""EC50 为标准化浓度型效力指标""}]",0,,,0,,,0,0,0,,0,,0,,1,1,1,"[""CHEMBL1777741""]",2011,LITERATURE,0,不适用（可定量效力值不足 2 个 assay）,弱,仅 1 篇文献支撑
CHEMBL1778358,,Small molecule,,COC[C@H](C)Oc1cc(O[C@@H](C)CC2CCCC2)cc(C(=O)Nc2ccc(C(=O)O)cn2)c1,XYTCRVIXTVTNCT-IRXDYDNUSA-N,1,EC50:1,90.0,90.0,90.0,7.05,7.05,7.05,,0,,0,1,1,"[{""assay"": ""CHEMBL1781588"", ""type"": ""EC50"", ""relation"": ""="", ""value_nm"": 90.0, ""pactivity"": 7.05, ""doc"": ""CHEMBL1777741"", ""rule"": ""EC50 为标准化浓度型效力指标""}]",0,,,0,,,0,0,0,,0,,0,,1,1,1,"[""CHEMBL1777741""]",2011,LITERATURE,0,不适用（可定量效力值不足 2 个 assay）,弱,仅 1 篇文献支撑
CHEMBL1778359,,Small molecule,,COCC(C)(C)Oc1cc(O[C@@H](C)Cc2ccccc2)cc(C(=O)Nc2ccc(C(=O)O)cn2)c1,SHTYDTYFAPHKKU-SFHVURJKSA-N,1,EC50:1,,,,,,,,1,10000.0,0,1,1,"[{""assay"": ""CHEMBL1781588"", ""type"": ""EC50"", ""relation"": "">"", ""value_nm"": 10000.0, ""pactivity"": null, ""doc"": ""CHEMBL1777741"", ""rule"": ""EC50 为标准化浓度型效力指标""}]",0,,,0,,,0,0,0,,0,,0,,1,1,1,"[""CHEMBL1777741""]",2011,LITERATURE,0,不适用（可定量效力值不足 2 个 assay）,弱,仅 1 篇文献支撑；1 条效力为删失值（>，最高浓度未达 EC50），未计入汇总；无可定量的效力或效能值
CHEMBL1778360,,Small molecule,,C[C@@H](Cc1ccccc1)Oc1cc(OC2CCOCC2)cc(C(=O)Nc2ccc(C(=O)O)cn2)c1,LDRGMEYHFOYXHZ-SFHVURJKSA-N,1,EC50:1,,,,,,,,1,10000.0,0,1,1,"[{""assay"": ""CHEMBL1781588"", ""type"": ""EC50"", ""relation"": "">"", ""value_nm"": 10000.0, ""pactivity"": null, ""doc"": ""CHEMBL1777741"", ""rule"": ""EC50 为标准化浓度型效力指标""}]",0,,,0,,,0,0,0,,0,,0,,1,1,1,"[""CHEMBL1777741""]",2011,LITERATURE,0,不适用（可定量效力值不足 2 个 assay）,弱,仅 1 篇文献支撑；1 条效力为删失值（>，最高浓度未达 EC50），未计入汇总；无可定量的效力或效能值
CHEMBL1778361,,Small molecule,,COC[C@H](C)Oc1cc(OC[C@H](C)c2ccccc2)cc(C(=O)Nc2ccc(C(=O)O)cn2)c1,LLYXTCIGDZEJAK-ROUUACIJSA-N,1,EC50:1,70.0,70.0,70.0,7.16,7.16,7.16,,0,,0,1,1,"[{""assay"": ""CHEMBL1781588"", ""type"": ""EC50"", ""relation"": ""="", ""value_nm"": 70.0, ""pactivity"": 7.16, ""doc"": ""CHEMBL1777741"", ""rule"": ""EC50 为标准化浓度型效力指标""}]",0,,,0,,,0,0,0,,0,,0,,1,1,1,"[""CHEMBL1777741""]",2011,LITERATURE,0,不适用（可定量效力值不足 2 个 assay）,弱,仅 1 篇文献支撑
CHEMBL1778362,,Small molecule,,COC[C@H](C)Oc1cc(OCC(F)(F)c2ccccc2)cc(C(=O)Nc2ccc(C(=O)O)cn2)c1,PPIYZEGVMJHCLQ-INIZCTEOSA-N,1,EC50:1,30.0,30.0,30.0,7.52,7.52,7.52,,0,,0,1,1,"[{""assay"": ""CHEMBL1781588"", ""type"": ""EC50"", ""relation"": ""="", ""value_nm"": 30.0, ""pactivity"": 7.52, ""doc"": ""CHEMBL1777741"", ""rule"": ""EC50 为标准化浓度型效力指标""}]",0,,,0,,,0,0,0,,0,,0,,1,1,1,"[""CHEMBL1777741""]",2011,LITERATURE,0,不适用（可定量效力值不足 2 个 assay）,弱,仅 1 篇文献支撑
CHEMBL1778363,,Small molecule,,CC(C)Oc1cc(OC2Cc3ccccc3C2)cc(C(=O)Nc2ccc(C(=O)O)cn2)c1,CLKAPSFVJWYURR-UHFFFAOYSA-N,1,EC50:1,100.0,100.0,100.0,7.0,7.0,7.0,,0,,0,1,1,"[{""assay"": ""CHEMBL1781588"", ""type"": ""EC50"", ""relation"": ""="", ""value_nm"": 100.0, ""pactivity"": 7.0, ""doc"": ""CHEMBL1777741"", ""rule"": ""EC50 为标准化浓度型效力指标""}]",0,,,0,,,0,0,0,,0,,0,,1,1,1,"[""CHEMBL1777741""]",2011,LITERATURE,0,不适用（可定量效力值不足 2 个 assay）,弱,仅 1 篇文献支撑
CHEMBL1778364,,Small molecule,,CC(C)Oc1cc(Oc2ccccc2)cc(C(=O)Nc2ccc(C(=O)O)cn2)c1,MIIWULADOLVWHB-UHFFFAOYSA-N,1,EC50:1,210.0,210.0,210.0,6.68,6.68,6.68,,0,,0,1,1,"[{""assay"": ""CHEMBL1781588"", ""type"": ""EC50"", ""relation"": ""="", ""value_nm"": 210.0, ""pactivity"": 6.68, ""doc"": ""CHEMBL1777741"", ""rule"": ""EC50 为标准化浓度型效力指标""}]",0,,,0,,,0,0,0,,0,,0,,1,1,1,"[""CHEMBL1777741""]",2011,LITERATURE,0,不适用（可定量效力值不足 2 个 assay）,弱,仅 1 篇文献支撑
CHEMBL1778365,,Small molecule,,COC[C@H](C)Oc1cc(Oc2ccccc2)cc(C(=O)Nc2ccc(C(=O)O)cn2)c1,OAHXKGMOXATJDV-HNNXBMFYSA-N,1,EC50:1,160.0,160.0,160.0,6.8,6.8,6.8,,0,,0,1,1,"[{""assay"": ""CHEMBL1781588"", ""type"": ""EC50"", ""relation"": ""="", ""value_nm"": 160.0, ""pactivity"": 6.8, ""doc"": ""CHEMBL1777741"", ""rule"": ""EC50 为标准化浓度型效力指标""}]",0,,,0,,,0,0,0,,0,,0,,1,1,1,"[""CHEMBL1777741""]",2011,LITERATURE,0,不适用（可定量效力值不足 2 个 assay）,弱,仅 1 篇文献支撑
CHEMBL1778366,,Small molecule,,COC[C@H](C)Oc1cc(Oc2cccc(OC)c2)cc(C(=O)Nc2ccc(C(=O)O)cn2)c1,NHKYIRPUHQGSKF-HNNXBMFYSA-N,1,EC50:1,40.0,40.0,40.0,7.4,7.4,7.4,,0,,0,1,1,"[{""assay"": ""CHEMBL1781588"", ""type"": ""EC50"", ""relation"": ""="", ""value_nm"": 40.0, ""pactivity"": 7.4, ""doc"": ""CHEMBL1777741"", ""rule"": ""EC50 为标准化浓度型效力指标""}]",0,,,0,,,0,0,0,,0,,0,,1,1,1,"[""CHEMBL1777741""]",2011,LITERATURE,0,不适用（可定量效力值不足 2 个 assay）,弱,仅 1 篇文献支撑
CHEMBL1778367,,Small molecule,,COC[C@H](C)Oc1cc(Oc2ccc(OC)cc2)cc(C(=O)Nc2ccc(C(=O)O)cn2)c1,ZMYYUFQYPUGZNJ-HNNXBMFYSA-N,1,EC50:1,60.0,60.0,60.0,7.22,7.22,7.22,,0,,0,1,1,"[{""assay"": ""CHEMBL1781588"", ""type"": ""EC50"", ""relation"": ""="", ""value_nm"": 60.0, ""pactivity"": 7.22, ""doc"": ""CHEMBL1777741"", ""rule"": ""EC50 为标准化浓度型效力指标""}]",0,,,0,,,0,0,0,,0,,0,,1,1,1,"[""CHEMBL1777741""]",2011,LITERATURE,0,不适用（可定量效力值不足 2 个 assay）,弱,仅 1 篇文献支撑
CHEMBL1778368,,Small molecule,,COC[C@H](C)Oc1cc(Oc2cccc(Cl)c2)cc(C(=O)Nc2ccc(C(=O)O)cn2)c1,CFDAWJAORVZEEH-AWEZNQCLSA-N,1,EC50:1,110.0,110.0,110.0,6.96,6.96,6.96,,0,,0,1,1,"[{""assay"": ""CHEMBL1781588"", ""type"": ""EC50"", ""relation"": ""="", ""value_nm"": 110.0, ""pactivity"": 6.96, ""doc"": ""CHEMBL1777741"", ""rule"": ""EC50 为标准化浓度型效力指标""}]",0,,,0,,,0,0,0,,0,,0,,1,1,1,"[""CHEMBL1777741""]",2011,LITERATURE,0,不适用（可定量效力值不足 2 个 assay）,弱,仅 1 篇文献支撑
CHEMBL1778369,,Small molecule,,COC[C@H](C)Oc1cc(Oc2ccc(Cl)cc2)cc(C(=O)Nc2ccc(C(=O)O)cn2)c1,QQLRSGYTKYKGIH-AWEZNQCLSA-N,1,EC50:1,100.0,100.0,100.0,7.0,7.0,7.0,,0,,0,1,1,"[{""assay"": ""CHEMBL1781588"", ""type"": ""EC50"", ""relation"": ""="", ""value_nm"": 100.0, ""pactivity"": 7.0, ""doc"": ""CHEMBL1777741"", ""rule"": ""EC50 为标准化浓度型效力指标""}]",0,,,0,,,0,0,0,,0,,0,,1,1,1,"[""CHEMBL1777741""]",2011,LITERATURE,0,不适用（可定量效力值不足 2 个 assay）,弱,仅 1 篇文献支撑
CHEMBL1778370,,Small molecule,,COC[C@H](C)Oc1cc(Oc2cccc(F)c2)cc(C(=O)Nc2ccc(C(=O)O)cn2)c1,IHKHATFYPMKUPF-AWEZNQCLSA-N,1,EC50:1,180.0,180.0,180.0,6.75,6.75,6.75,,0,,0,1,1,"[{""assay"": ""CHEMBL1781588"", ""type"": ""EC50"", ""relation"": ""="", ""value_nm"": 180.0, ""pactivity"": 6.75, ""doc"": ""CHEMBL1777741"", ""rule"": ""EC50 为标准化浓度型效力指标""}]",0,,,0,,,0,0,0,,0,,0,,1,1,1,"[""CHEMBL1777741""]",2011,LITERATURE,0,不适用（可定量效力值不足 2 个 assay）,弱,仅 1 篇文献支撑
CHEMBL1778371,,Small molecule,,COC[C@H](C)Oc1cc(Oc2cccc(N(C)C)c2)cc(C(=O)Nc2ccc(C(=O)O)cn2)c1,HJUNGMOWPIALNY-INIZCTEOSA-N,1,EC50:1,400.0,400.0,400.0,6.4,6.4,6.4,,0,,0,1,1,"[{""assay"": ""CHEMBL1781588"", ""type"": ""EC50"", ""relation"": ""="", ""value_nm"": 400.0, ""pactivity"": 6.4, ""doc"": ""CHEMBL1777741"", ""rule"": ""EC50 为标准化浓度型效力指标""}]",0,,,0,,,0,0,0,,0,,0,,1,1,1,"[""CHEMBL1777741""]",2011,LITERATURE,0,不适用（可定量效力值不足 2 个 assay）,弱,仅 1 篇文献支撑
CHEMBL1778372,,Small molecule,,COC[C@H](C)Oc1cc(Oc2ccc(S(C)(=O)=O)cc2)cc(C(=O)Nc2ccc(C(=O)O)cn2)c1,RRKOUBJQZMTEAU-HNNXBMFYSA-N,2,EC50:2,60.0,60.0,60.0,7.22,7.22,7.22,0.0,0,,0,2,2,"[{""assay"": ""CHEMBL1781588"", ""type"": ""EC50"", ""relation"": ""="", ""value_nm"": 60.0, ""pactivity"": 7.22, ""doc"": ""CHEMBL1777741"", ""rule"": ""EC50 为标准化浓度型效力指标""}, {""assay"": ""CHEMBL3224178"", ""type"": ""EC50"", ""relation"": ""="", ""value_nm"": 60.0, ""pactivity"": 7.22, ""doc"": ""CHEMBL3217479"", ""rule"": ""EC50 为标准化浓度型效力指标""}]",0,,,0,,,0,0,0,,0,,0,,2,2,2,"[""CHEMBL1777741"", ""CHEMBL3217479""]",2011,LITERATURE,1,一致（pActivity 极差 0.0，3 倍以内）,强,1 条被 ChEMBL 标为 potential_duplicate
CHEMBL1778373,,Small molecule,,COC[C@H](C)Oc1cc(Oc2cc(F)cc(F)c2)cc(C(=O)Nc2ccc(C(=O)O)cn2)c1,ONHAZCJPHPIFHW-ZDUSSCGKSA-N,2,EC50:2,90.0,90.0,90.0,7.05,7.05,7.05,0.0,0,,0,2,2,"[{""assay"": ""CHEMBL1781588"", ""type"": ""EC50"", ""relation"": ""="", ""value_nm"": 90.0, ""pactivity"": 7.05, ""doc"": ""CHEMBL1777741"", ""rule"": ""EC50 为标准化浓度型效力指标""}, {""assay"": ""CHEMBL3224178"", ""type"": ""EC50"", ""relation"": ""="", ""value_nm"": 90.0, ""pactivity"": 7.05, ""doc"": ""CHEMBL3217479"", ""rule"": ""EC50 为标准化浓度型效力指标""}]",0,,,0,,,0,0,0,,0,,0,,2,2,2,"[""CHEMBL1777741"", ""CHEMBL3217479""]",2011,LITERATURE,1,一致（pActivity 极差 0.0，3 倍以内）,强,1 条被 ChEMBL 标为 potential_duplicate
CHEMBL1783727,,Small molecule,,Cc1ccc(NC(=O)[C@H](CC(C)C)n2ccc(S(=O)(=O)C(C)C)cc2=O)nc1,OLGWAOITYSCNSL-KRWDZBQOSA-N,1,EC50:1,510.0,510.0,510.0,6.29,6.29,6.29,,0,,0,1,1,"[{""assay"": ""CHEMBL1788085"", ""type"": ""EC50"", ""relation"": ""="", ""value_nm"": 510.0, ""pactivity"": 6.29, ""doc"": ""CHEMBL1782019"", ""rule"": ""EC50 为标准化浓度型效力指标""}]",1,,,0,37.0,Emax@CHEMBL1788086,1,1,1,"[{""assay"": ""CHEMBL1788086"", ""type"": ""Emax"", ""scale"": ""percent"", ""value"": 37, ""units"": ""%"", ""doc"": ""CHEMBL1782019"", ""rule"": ""Emax 为激活幅度指标，按该 assay 内值域（max=148.0）判为 percent 尺度""}]",0,,0,,2,2,1,"[""CHEMBL1782019""]",2009,LITERATURE,0,不适用（可定量效力值不足 2 个 assay）,中,仅 1 篇文献支撑
CHEMBL1783734,PIRAGLIATIN,Small molecule,2,CS(=O)(=O)c1ccc([C@@H](C[C@H]2CCC(=O)C2)C(=O)Nc2cnccn2)cc1Cl,XEANIURBPHCHMG-SWLSCSKDSA-N,4,EC50:4,364.0,892.0,6320.0,6.44,6.145,5.2,1.24,0,,0,4,4,"[{""assay"": ""CHEMBL1788085"", ""type"": ""EC50"", ""relation"": ""="", ""value_nm"": 1420.0, ""pactivity"": 5.85, ""doc"": ""CHEMBL1782019"", ""rule"": ""EC50 为标准化浓度型效力指标""}, {""assay"": ""CHEMBL3223666"", ""type"": ""EC50"", ""relation"": ""="", ""value_nm"": 364.0, ""pactivity"": 6.44, ""doc"": ""CHEMBL3217627"", ""rule"": ""EC50 为标准化浓度型效力指标""}, {""assay"": ""CHEMBL3583541"", ""type"": ""EC50"", ""relation"": ""="", ""value_nm"": 364.0, ""pactivity"": 6.44, ""doc"": ""CHEMBL3580608"", ""rule"": ""EC50 为标准化浓度型效力指标""}, {""assay"": ""CHEMBL3768919"", ""type"": ""EC50"", ""relation"": ""="", ""value_nm"": 6320.0, ""pactivity"": 5.2, ""doc"": ""CHEMBL3763030"", ""rule"": ""EC50 为标准化浓度型效力指标""}]",2,,,0,716.4,Emax@CHEMBL3768920,2,2,2,"[{""assay"": ""CHEMBL1788086"", ""type"": ""Emax"", ""scale"": ""percent"", ""value"": 148, ""units"": ""%"", ""doc"": ""CHEMBL1782019"", ""rule"": ""Emax 为激活幅度指标，按该 assay 内值域（max=148.0）判为 percent 尺度""}, {""assay"": ""CHEMBL3768920"", ""type"": ""Emax"", ""scale"": ""percent"", ""value"": 716.4, ""units"": ""%"", ""doc"": ""CHEMBL3763030"", ""rule"": ""Emax 为激活幅度指标，按该 assay 内值域（max=716.4）判为 percent 尺度""}]",0,,4,"[{""assay"": ""CHEMBL2167261"", ""type"": ""Activity"", ""value"": null, ""units"": null, ""reason"": ""Activity 为自由文本指标（无官方标准化规则），assay 描述未命中提升门槛，不跨实验汇总""}, {""assay"": ""CHEMBL2167270"", ""type"": ""Activity"", ""value"": 0.18, ""units"": ""uM"", ""reason"": ""Activity 为自由文本指标（无官方标准化规则），assay 描述未命中提升门槛，不跨实验汇总""}, {""assay"": ""CHEMBL2168355"", ""type"": ""Activity"", ""value"": null, ""units"": null, ""reason"": ""Activity 为自由文本指标（无官方标准化规则），assay 描述未命中提升门槛，不跨实验汇总""}, {""assay"": ""CHEMBL4428666"", ""type"": ""Activity"", ""value"": 90, ""units"": ""%"", ""reason"": ""Activity 为自由文本指标（无官方标准化规则），assay 描述未命中提升门槛，不跨实验汇总""}]",10,10,6,"[""CHEMBL1782019"", ""CHEMBL2163188"", ""CHEMBL3217627"", ""CHEMBL3580608"", ""CHEMBL3763030"", ""CHEMBL4428044""]",2009; 2011; 2012; 2014; 2016,LITERATURE,1,分歧（pActivity 极差 1.24，超过 10 倍）,中,1 条被 ChEMBL 标为 potential_duplicate；4 条指标未归类（见 unclassified_records）
CHEMBL1783735,,Small molecule,,Cc1csc(NC(=O)c2cc(Sc3nccn3C)c(F)cc2N)n1,QRAPPCRWBSQAAM-UHFFFAOYSA-N,2,EC50:2,66.0,343.0,620.0,7.18,6.695,6.21,0.97,0,,0,2,2,"[{""assay"": ""CHEMBL1788085"", ""type"": ""EC50"", ""relation"": ""="", ""value_nm"": 620.0, ""pactivity"": 6.21, ""doc"": ""CHEMBL1782019"", ""rule"": ""EC50 为标准化浓度型效力指标""}, {""assay"": ""CHEMBL3223666"", ""type"": ""EC50"", ""relation"": ""="", ""value_nm"": 66.0, ""pactivity"": 7.18, ""doc"": ""CHEMBL3217627"", ""rule"": ""EC50 为标准化浓度型效力指标""}]",1,,,0,108.0,Emax@CHEMBL1788086,1,1,1,"[{""assay"": ""CHEMBL1788086"", ""type"": ""Emax"", ""scale"": ""percent"", ""value"": 108, ""units"": ""%"", ""doc"": ""CHEMBL1782019"", ""rule"": ""Emax 为激活幅度指标，按该 assay 内值域（max=148.0）判为 percent 尺度""}]",0,,0,,3,3,2,"[""CHEMBL1782019"", ""CHEMBL3217627""]",2009; 2011,LITERATURE,0,较一致（pActivity 极差 0.97，10 倍以内）,强,
CHEMBL1783736,,Small molecule,,Cc1ccc(NC(=O)[C@H](CC2CCCC2)n2ccc(S(C)(=O)=O)cc2=O)nc1,MXWLHPNPPVYETR-KRWDZBQOSA-N,1,EC50:1,560.0,560.0,560.0,6.25,6.25,6.25,,0,,0,1,1,"[{""assay"": ""CHEMBL1788085"", ""type"": ""EC50"", ""relation"": ""="", ""value_nm"": 560.0, ""pactivity"": 6.25, ""doc"": ""CHEMBL1782019"", ""rule"": ""EC50 为标准化浓度型效力指标""}]",1,,,0,58.0,Emax@CHEMBL1788086,1,1,1,"[{""assay"": ""CHEMBL1788086"", ""type"": ""Emax"", ""scale"": ""percent"", ""value"": 58, ""units"": ""%"", ""doc"": ""CHEMBL1782019"", ""rule"": ""Emax 为激活幅度指标，按该 assay 内值域（max=148.0）判为 percent 尺度""}]",0,,0,,2,2,1,"[""CHEMBL1782019""]",2009,LITERATURE,0,不适用（可定量效力值不足 2 个 assay）,中,仅 1 篇文献支撑
CHEMBL1783737,,Small molecule,,CCS(=O)(=O)c1ccn([C@@H](CC2CCCC2)C(=O)Nc2ccc(C)cn2)c(=O)c1,FUBDZUFNVMAUNX-SFHVURJKSA-N,1,EC50:1,500.0,500.0,500.0,6.3,6.3,6.3,,0,,0,1,1,"[{""assay"": ""CHEMBL1788085"", ""type"": ""EC50"", ""relation"": ""="", ""value_nm"": 500.0, ""pactivity"": 6.3, ""doc"": ""CHEMBL1782019"", ""rule"": ""EC50 为标准化浓度型效力指标""}]",1,,,0,73.0,Emax@CHEMBL1788086,1,1,1,"[{""assay"": ""CHEMBL1788086"", ""type"": ""Emax"", ""scale"": ""percent"", ""value"": 73, ""units"": ""%"", ""doc"": ""CHEMBL1782019"", ""rule"": ""Emax 为激活幅度指标，按该 assay 内值域（max=148.0）判为 percent 尺度""}]",0,,0,,2,2,1,"[""CHEMBL1782019""]",2009,LITERATURE,0,不适用（可定量效力值不足 2 个 assay）,中,仅 1 篇文献支撑
CHEMBL1783738,,Small molecule,,Cc1ccc(NC(=O)[C@H](CC2CCCC2)n2ccc(S(=O)(=O)C(C)C)cc2=O)nc1,XUWRROPUMUCUIS-IBGZPJMESA-N,1,EC50:1,230.0,230.0,230.0,6.64,6.64,6.64,,0,,0,1,1,"[{""assay"": ""CHEMBL1788085"", ""type"": ""EC50"", ""relation"": ""="", ""value_nm"": 230.0, ""pactivity"": 6.64, ""doc"": ""CHEMBL1782019"", ""rule"": ""EC50 为标准化浓度型效力指标""}]",1,,,0,65.0,Emax@CHEMBL1788086,1,1,1,"[{""assay"": ""CHEMBL1788086"", ""type"": ""Emax"", ""scale"": ""percent"", ""value"": 65, ""units"": ""%"", ""doc"": ""CHEMBL1782019"", ""rule"": ""Emax 为激活幅度指标，按该 assay 内值域（max=148.0）判为 percent 尺度""}]",0,,0,,2,2,1,"[""CHEMBL1782019""]",2009,LITERATURE,0,不适用（可定量效力值不足 2 个 assay）,中,仅 1 篇文献支撑
CHEMBL1783739,,Small molecule,,Cc1ccc(NC(=O)[C@H](CC2CCCC2)n2ccc(S(=O)(=O)C3CC3)cc2=O)nc1,MVULCJLELFVNQE-IBGZPJMESA-N,1,EC50:1,110.0,110.0,110.0,6.96,6.96,6.96,,0,,0,1,1,"[{""assay"": ""CHEMBL1788085"", ""type"": ""EC50"", ""relation"": ""="", ""value_nm"": 110.0, ""pactivity"": 6.96, ""doc"": ""CHEMBL1782019"", ""rule"": ""EC50 为标准化浓度型效力指标""}]",1,,,0,76.0,Emax@CHEMBL1788086,1,1,1,"[{""assay"": ""CHEMBL1788086"", ""type"": ""Emax"", ""scale"": ""percent"", ""value"": 76, ""units"": ""%"", ""doc"": ""CHEMBL1782019"", ""rule"": ""Emax 为激活幅度指标，按该 assay 内值域（max=148.0）判为 percent 尺度""}]",0,,0,,2,2,1,"[""CHEMBL1782019""]",2009,LITERATURE,0,不适用（可定量效力值不足 2 个 assay）,中,仅 1 篇文献支撑
CHEMBL1783740,,Small molecule,,Cc1ccc(NC(=O)[C@H](CC2CCCC2)n2ccc(S(=O)(=O)C3CCC3)cc2=O)nc1,VKOUHRQWSXWTAY-FQEVSTJZSA-N,1,EC50:1,60.0,60.0,60.0,7.22,7.22,7.22,,0,,0,1,1,"[{""assay"": ""CHEMBL1788085"", ""type"": ""EC50"", ""relation"": ""="", ""value_nm"": 60.0, ""pactivity"": 7.22, ""doc"": ""CHEMBL1782019"", ""rule"": ""EC50 为标准化浓度型效力指标""}]",1,,,0,67.0,Emax@CHEMBL1788086,1,1,1,"[{""assay"": ""CHEMBL1788086"", ""type"": ""Emax"", ""scale"": ""percent"", ""value"": 67, ""units"": ""%"", ""doc"": ""CHEMBL1782019"", ""rule"": ""Emax 为激活幅度指标，按该 assay 内值域（max=148.0）判为 percent 尺度""}]",0,,0,,2,2,1,"[""CHEMBL1782019""]",2009,LITERATURE,0,不适用（可定量效力值不足 2 个 assay）,中,仅 1 篇文献支撑
CHEMBL1783741,,Small molecule,,Cc1ccc(NC(=O)[C@H](CC2CCCC2)n2cc(Cl)c(S(C)(=O)=O)cc2=O)nc1,VTOVFAJFDHFMSW-INIZCTEOSA-N,1,EC50:1,480.0,480.0,480.0,6.32,6.32,6.32,,0,,0,1,1,"[{""assay"": ""CHEMBL1788085"", ""type"": ""EC50"", ""relation"": ""="", ""value_nm"": 480.0, ""pactivity"": 6.32, ""doc"": ""CHEMBL1782019"", ""rule"": ""EC50 为标准化浓度型效力指标""}]",1,,,0,122.0,Emax@CHEMBL1788086,1,1,1,"[{""assay"": ""CHEMBL1788086"", ""type"": ""Emax"", ""scale"": ""percent"", ""value"": 122, ""units"": ""%"", ""doc"": ""CHEMBL1782019"", ""rule"": ""Emax 为激活幅度指标，按该 assay 内值域（max=148.0）判为 percent 尺度""}]",0,,0,,2,2,1,"[""CHEMBL1782019""]",2009,LITERATURE,0,不适用（可定量效力值不足 2 个 assay）,中,仅 1 篇文献支撑
CHEMBL1783742,,Small molecule,,Cc1ccc(NC(=O)[C@H](CC2CCCC2)n2cc(C)c(S(C)(=O)=O)cc2=O)nc1,DRFVPMZKAXNPMO-KRWDZBQOSA-N,1,EC50:1,440.0,440.0,440.0,6.36,6.36,6.36,,0,,0,1,1,"[{""assay"": ""CHEMBL1788085"", ""type"": ""EC50"", ""relation"": ""="", ""value_nm"": 440.0, ""pactivity"": 6.36, ""doc"": ""CHEMBL1782019"", ""rule"": ""EC50 为标准化浓度型效力指标""}]",1,,,0,103.0,Emax@CHEMBL1788086,1,1,1,"[{""assay"": ""CHEMBL1788086"", ""type"": ""Emax"", ""scale"": ""percent"", ""value"": 103, ""units"": ""%"", ""doc"": ""CHEMBL1782019"", ""rule"": ""Emax 为激活幅度指标，按该 assay 内值域（max=148.0）判为 percent 尺度""}]",0,,0,,2,2,1,"[""CHEMBL1782019""]",2009,LITERATURE,0,不适用（可定量效力值不足 2 个 assay）,中,仅 1 篇文献支撑
CHEMBL1783743,,Small molecule,,Cc1ccc(NC(=O)[C@H](CC2CCCC2)n2cc(Cl)c(S(=O)(=O)C(C)C)cc2=O)nc1,HUZSPMYJQXMODY-SFHVURJKSA-N,1,EC50:1,260.0,260.0,260.0,6.58,6.58,6.58,,0,,0,1,1,"[{""assay"": ""CHEMBL1788085"", ""type"": ""EC50"", ""relation"": ""="", ""value_nm"": 260.0, ""pactivity"": 6.58, ""doc"": ""CHEMBL1782019"", ""rule"": ""EC50 为标准化浓度型效力指标""}]",1,,,0,69.0,Emax@CHEMBL1788086,1,1,1,"[{""assay"": ""CHEMBL1788086"", ""type"": ""Emax"", ""scale"": ""percent"", ""value"": 69, ""units"": ""%"", ""doc"": ""CHEMBL1782019"", ""rule"": ""Emax 为激活幅度指标，按该 assay 内值域（max=148.0）判为 percent 尺度""}]",0,,0,,2,2,1,"[""CHEMBL1782019""]",2009,LITERATURE,0,不适用（可定量效力值不足 2 个 assay）,中,仅 1 篇文献支撑
CHEMBL1783744,,Small molecule,,Cc1ccc(NC(=O)[C@H](CC2CCCC2)n2cc(C)c(S(=O)(=O)C(C)C)cc2=O)nc1,KGYRTIPUVFJHMZ-IBGZPJMESA-N,1,EC50:1,160.0,160.0,160.0,6.8,6.8,6.8,,0,,0,1,1,"[{""assay"": ""CHEMBL1788085"", ""type"": ""EC50"", ""relation"": ""="", ""value_nm"": 160.0, ""pactivity"": 6.8, ""doc"": ""CHEMBL1782019"", ""rule"": ""EC50 为标准化浓度型效力指标""}]",1,,,0,48.0,Emax@CHEMBL1788086,1,1,1,"[{""assay"": ""CHEMBL1788086"", ""type"": ""Emax"", ""scale"": ""percent"", ""value"": 48, ""units"": ""%"", ""doc"": ""CHEMBL1782019"", ""rule"": ""Emax 为激活幅度指标，按该 assay 内值域（max=148.0）判为 percent 尺度""}]",0,,0,,2,2,1,"[""CHEMBL1782019""]",2009,LITERATURE,0,不适用（可定量效力值不足 2 个 assay）,中,仅 1 篇文献支撑
CHEMBL1783745,,Small molecule,,Cc1ccc(NC(=O)[C@H](CC2CCCC2)n2ccc(S(=O)(=O)C(C)C)c(Cl)c2=O)nc1,MCKJIGKTGMEANK-KRWDZBQOSA-N,1,EC50:1,70.0,70.0,70.0,7.16,7.16,7.16,,0,,0,1,1,"[{""assay"": ""CHEMBL1788085"", ""type"": ""EC50"", ""relation"": ""="", ""value_nm"": 70.0, ""pactivity"": 7.16, ""doc"": ""CHEMBL1782019"", ""rule"": ""EC50 为标准化浓度型效力指标""}]",1,,,0,57.0,Emax@CHEMBL1788086,1,1,1,"[{""assay"": ""CHEMBL1788086"", ""type"": ""Emax"", ""scale"": ""percent"", ""value"": 57, ""units"": ""%"", ""doc"": ""CHEMBL1782019"", ""rule"": ""Emax 为激活幅度指标，按该 assay 内值域（max=148.0）判为 percent 尺度""}]",0,,0,,2,2,1,"[""CHEMBL1782019""]",2009,LITERATURE,0,不适用（可定量效力值不足 2 个 assay）,中,仅 1 篇文献支撑
CHEMBL1783746,,Small molecule,,Cc1ccc(NC(=O)[C@H](CC2CCC2)n2ccc(S(=O)(=O)C(C)C)cc2=O)nc1,VXGBSWYLBGFQHU-SFHVURJKSA-N,1,EC50:1,670.0,670.0,670.0,6.17,6.17,6.17,,0,,0,1,1,"[{""assay"": ""CHEMBL1788085"", ""type"": ""EC50"", ""relation"": ""="", ""value_nm"": 670.0, ""pactivity"": 6.17, ""doc"": ""CHEMBL1782019"", ""rule"": ""EC50 为标准化浓度型效力指标""}]",1,,,0,72.0,Emax@CHEMBL1788086,1,1,1,"[{""assay"": ""CHEMBL1788086"", ""type"": ""Emax"", ""scale"": ""percent"", ""value"": 72, ""units"": ""%"", ""doc"": ""CHEMBL1782019"", ""rule"": ""Emax 为激活幅度指标，按该 assay 内值域（max=148.0）判为 percent 尺度""}]",0,,0,,2,2,1,"[""CHEMBL1782019""]",2009,LITERATURE,0,不适用（可定量效力值不足 2 个 assay）,中,仅 1 篇文献支撑
CHEMBL1783747,,Small molecule,,Cc1ccc(NC(=O)[C@H](CC2CCCCC2)n2ccc(S(=O)(=O)C(C)C)cc2=O)nc1,CMVJPDGJFABMKS-FQEVSTJZSA-N,1,EC50:1,240.0,240.0,240.0,6.62,6.62,6.62,,0,,0,1,1,"[{""assay"": ""CHEMBL1788085"", ""type"": ""EC50"", ""relation"": ""="", ""value_nm"": 240.0, ""pactivity"": 6.62, ""doc"": ""CHEMBL1782019"", ""rule"": ""EC50 为标准化浓度型效力指标""}]",1,,,0,46.0,Emax@CHEMBL1788086,1,1,1,"[{""assay"": ""CHEMBL1788086"", ""type"": ""Emax"", ""scale"": ""percent"", ""value"": 46, ""units"": ""%"", ""doc"": ""CHEMBL1782019"", ""rule"": ""Emax 为激活幅度指标，按该 assay 内值域（max=148.0）判为 percent 尺度""}]",0,,0,,2,2,1,"[""CHEMBL1782019""]",2009,LITERATURE,0,不适用（可定量效力值不足 2 个 assay）,中,仅 1 篇文献支撑
CHEMBL1783748,,Small molecule,,Cc1ccc(NC(=O)[C@H](CC2CCC(F)(F)CC2)n2ccc(S(=O)(=O)C(C)C)cc2=O)nc1,CKPHRGNLPYRZKJ-IBGZPJMESA-N,1,EC50:1,160.0,160.0,160.0,6.8,6.8,6.8,,0,,0,1,1,"[{""assay"": ""CHEMBL1788085"", ""type"": ""EC50"", ""relation"": ""="", ""value_nm"": 160.0, ""pactivity"": 6.8, ""doc"": ""CHEMBL1782019"", ""rule"": ""EC50 为标准化浓度型效力指标""}]",1,,,0,15.0,Emax@CHEMBL1788086,1,1,1,"[{""assay"": ""CHEMBL1788086"", ""type"": ""Emax"", ""scale"": ""percent"", ""value"": 15, ""units"": ""%"", ""doc"": ""CHEMBL1782019"", ""rule"": ""Emax 为激活幅度指标，按该 assay 内值域（max=148.0）判为 percent 尺度""}]",0,,0,,2,2,1,"[""CHEMBL1782019""]",2009,LITERATURE,0,不适用（可定量效力值不足 2 个 assay）,中,仅 1 篇文献支撑
CHEMBL1783749,,Small molecule,,CCS(=O)(=O)c1ccn([C@@H](CC2CCOCC2)C(=O)Nc2ccc(C)cn2)c(=O)c1,ZOHCYUHMSMYXBB-SFHVURJKSA-N,1,EC50:1,1500.0,1500.0,1500.0,5.82,5.82,5.82,,0,,0,1,1,"[{""assay"": ""CHEMBL1788085"", ""type"": ""EC50"", ""relation"": ""="", ""value_nm"": 1500.0, ""pactivity"": 5.82, ""doc"": ""CHEMBL1782019"", ""rule"": ""EC50 为标准化浓度型效力指标""}]",1,,,0,26.0,Emax@CHEMBL1788086,1,1,1,"[{""assay"": ""CHEMBL1788086"", ""type"": ""Emax"", ""scale"": ""percent"", ""value"": 26, ""units"": ""%"", ""doc"": ""CHEMBL1782019"", ""rule"": ""Emax 为激活幅度指标，按该 assay 内值域（max=148.0）判为 percent 尺度""}]",0,,0,,2,2,1,"[""CHEMBL1782019""]",2009,LITERATURE,0,不适用（可定量效力值不足 2 个 assay）,中,仅 1 篇文献支撑
CHEMBL1783750,,Small molecule,,Cc1ccc(NC(=O)[C@H](Cc2ccccc2)n2ccc(S(=O)(=O)C(C)C)cc2=O)nc1,DQYQJMJXVJQDGG-FQEVSTJZSA-N,1,EC50:1,3300.0,3300.0,3300.0,5.48,5.48,5.48,,0,,0,1,1,"[{""assay"": ""CHEMBL1788085"", ""type"": ""EC50"", ""relation"": ""="", ""value_nm"": 3300.0, ""pactivity"": 5.48, ""doc"": ""CHEMBL1782019"", ""rule"": ""EC50 为标准化浓度型效力指标""}]",1,,,0,30.0,Emax@CHEMBL1788086,1,1,1,"[{""assay"": ""CHEMBL1788086"", ""type"": ""Emax"", ""scale"": ""percent"", ""value"": 30, ""units"": ""%"", ""doc"": ""CHEMBL1782019"", ""rule"": ""Emax 为激活幅度指标，按该 assay 内值域（max=148.0）判为 percent 尺度""}]",0,,0,,2,2,1,"[""CHEMBL1782019""]",2009,LITERATURE,0,不适用（可定量效力值不足 2 个 assay）,中,仅 1 篇文献支撑
CHEMBL1783751,,Small molecule,,CC(C)S(=O)(=O)c1ccn([C@@H](CC2CCCC2)C(=O)Nc2ccccn2)c(=O)c1,KJRHORYIQZIXHO-SFHVURJKSA-N,1,EC50:1,600.0,600.0,600.0,6.22,6.22,6.22,,0,,0,1,1,"[{""assay"": ""CHEMBL1788085"", ""type"": ""EC50"", ""relation"": ""="", ""value_nm"": 600.0, ""pactivity"": 6.22, ""doc"": ""CHEMBL1782019"", ""rule"": ""EC50 为标准化浓度型效力指标""}]",1,,,0,43.0,Emax@CHEMBL1788086,1,1,1,"[{""assay"": ""CHEMBL1788086"", ""type"": ""Emax"", ""scale"": ""percent"", ""value"": 43, ""units"": ""%"", ""doc"": ""CHEMBL1782019"", ""rule"": ""Emax 为激活幅度指标，按该 assay 内值域（max=148.0）判为 percent 尺度""}]",0,,0,,2,2,1,"[""CHEMBL1782019""]",2009,LITERATURE,0,不适用（可定量效力值不足 2 个 assay）,中,仅 1 篇文献支撑
CHEMBL1783752,,Small molecule,,CC(C)S(=O)(=O)c1ccn([C@@H](CC2CCCC2)C(=O)Nc2ccc(C(F)(F)F)cn2)c(=O)c1,HCUPYDBBLCRYPK-SFHVURJKSA-N,1,EC50:1,330.0,330.0,330.0,6.48,6.48,6.48,,0,,0,1,1,"[{""assay"": ""CHEMBL1788085"", ""type"": ""EC50"", ""relation"": ""="", ""value_nm"": 330.0, ""pactivity"": 6.48, ""doc"": ""CHEMBL1782019"", ""rule"": ""EC50 为标准化浓度型效力指标""}]",1,,,0,35.0,Emax@CHEMBL1788086,1,1,1,"[{""assay"": ""CHEMBL1788086"", ""type"": ""Emax"", ""scale"": ""percent"", ""value"": 35, ""units"": ""%"", ""doc"": ""CHEMBL1782019"", ""rule"": ""Emax 为激活幅度指标，按该 assay 内值域（max=148.0）判为 percent 尺度""}]",0,,0,,2,2,1,"[""CHEMBL1782019""]",2009,LITERATURE,0,不适用（可定量效力值不足 2 个 assay）,中,仅 1 篇文献支撑
CHEMBL1783753,,Small molecule,,CS(=O)(=O)c1cc(=O)n([C@@H](CC2CCCC2)C(=O)Nc2ccc(Cl)cn2)cc1Cl,GRSOLMTXMGKLRL-HNNXBMFYSA-N,1,EC50:1,140.0,140.0,140.0,6.85,6.85,6.85,,0,,0,1,1,"[{""assay"": ""CHEMBL1788085"", ""type"": ""EC50"", ""relation"": ""="", ""value_nm"": 140.0, ""pactivity"": 6.85, ""doc"": ""CHEMBL1782019"", ""rule"": ""EC50 为标准化浓度型效力指标""}]",1,,,0,82.0,Emax@CHEMBL1788086,1,1,1,"[{""assay"": ""CHEMBL1788086"", ""type"": ""Emax"", ""scale"": ""percent"", ""value"": 82, ""units"": ""%"", ""doc"": ""CHEMBL1782019"", ""rule"": ""Emax 为激活幅度指标，按该 assay 内值域（max=148.0）判为 percent 尺度""}]",0,,0,,2,2,1,"[""CHEMBL1782019""]",2009,LITERATURE,0,不适用（可定量效力值不足 2 个 assay）,中,仅 1 篇文献支撑
CHEMBL1783754,,Small molecule,,O=C(Nc1cnccn1)[C@H](CC1CCCC1)n1ccc(S(=O)(=O)C2CC2)cc1=O,RHOIHUXZSCISTE-KRWDZBQOSA-N,1,EC50:1,1300.0,1300.0,1300.0,5.89,5.89,5.89,,0,,0,1,1,"[{""assay"": ""CHEMBL1788085"", ""type"": ""EC50"", ""relation"": ""="", ""value_nm"": 1300.0, ""pactivity"": 5.89, ""doc"": ""CHEMBL1782019"", ""rule"": ""EC50 为标准化浓度型效力指标""}]",1,,,0,94.0,Emax@CHEMBL1788086,1,1,1,"[{""assay"": ""CHEMBL1788086"", ""type"": ""Emax"", ""scale"": ""percent"", ""value"": 94, ""units"": ""%"", ""doc"": ""CHEMBL1782019"", ""rule"": ""Emax 为激活幅度指标，按该 assay 内值域（max=148.0）判为 percent 尺度""}]",0,,0,,2,2,1,"[""CHEMBL1782019""]",2009,LITERATURE,0,不适用（可定量效力值不足 2 个 assay）,中,仅 1 篇文献支撑
CHEMBL1783755,,Small molecule,,O=C(Nc1cnccn1)[C@H](CC1CCCC1)n1ccc(S(=O)(=O)C2CCC2)cc1=O,UHDZSSMOLOUCNL-SFHVURJKSA-N,1,EC50:1,590.0,590.0,590.0,6.23,6.23,6.23,,0,,0,1,1,"[{""assay"": ""CHEMBL1788085"", ""type"": ""EC50"", ""relation"": ""="", ""value_nm"": 590.0, ""pactivity"": 6.23, ""doc"": ""CHEMBL1782019"", ""rule"": ""EC50 为标准化浓度型效力指标""}]",1,,,0,66.0,Emax@CHEMBL1788086,1,1,1,"[{""assay"": ""CHEMBL1788086"", ""type"": ""Emax"", ""scale"": ""percent"", ""value"": 66, ""units"": ""%"", ""doc"": ""CHEMBL1782019"", ""rule"": ""Emax 为激活幅度指标，按该 assay 内值域（max=148.0）判为 percent 尺度""}]",0,,0,,2,2,1,"[""CHEMBL1782019""]",2009,LITERATURE,0,不适用（可定量效力值不足 2 个 assay）,中,仅 1 篇文献支撑
CHEMBL1783756,,Small molecule,,Cc1cnc(NC(=O)[C@H](CC2CCCC2)n2cc(Cl)c(S(=O)(=O)C(C)C)cc2=O)cn1,AFBMFXXDOHDSTI-KRWDZBQOSA-N,1,EC50:1,700.0,700.0,700.0,6.16,6.16,6.16,,0,,0,1,1,"[{""assay"": ""CHEMBL1788085"", ""type"": ""EC50"", ""relation"": ""="", ""value_nm"": 700.0, ""pactivity"": 6.16, ""doc"": ""CHEMBL1782019"", ""rule"": ""EC50 为标准化浓度型效力指标""}]",1,,,0,104.0,Emax@CHEMBL1788086,1,1,1,"[{""assay"": ""CHEMBL1788086"", ""type"": ""Emax"", ""scale"": ""percent"", ""value"": 104, ""units"": ""%"", ""doc"": ""CHEMBL1782019"", ""rule"": ""Emax 为激活幅度指标，按该 assay 内值域（max=148.0）判为 percent 尺度""}]",0,,0,,2,2,1,"[""CHEMBL1782019""]",2009,LITERATURE,0,不适用（可定量效力值不足 2 个 assay）,中,仅 1 篇文献支撑
CHEMBL1783757,,Small molecule,,CC(C)S(=O)(=O)c1ccn([C@@H](CC2CCCC2)C(=O)Nc2cc[nH]n2)c(=O)c1,SENHFEPIASSRFF-INIZCTEOSA-N,1,EC50:1,720.0,720.0,720.0,6.14,6.14,6.14,,0,,0,1,1,"[{""assay"": ""CHEMBL1788085"", ""type"": ""EC50"", ""relation"": ""="", ""value_nm"": 720.0, ""pactivity"": 6.14, ""doc"": ""CHEMBL1782019"", ""rule"": ""EC50 为标准化浓度型效力指标""}]",1,,,0,50.0,Emax@CHEMBL1788086,1,1,1,"[{""assay"": ""CHEMBL1788086"", ""type"": ""Emax"", ""scale"": ""percent"", ""value"": 50, ""units"": ""%"", ""doc"": ""CHEMBL1782019"", ""rule"": ""Emax 为激活幅度指标，按该 assay 内值域（max=148.0）判为 percent 尺度""}]",0,,0,,2,2,1,"[""CHEMBL1782019""]",2009,LITERATURE,0,不适用（可定量效力值不足 2 个 assay）,中,仅 1 篇文献支撑
CHEMBL1783758,,Small molecule,,CC(C)S(=O)(=O)c1ccn([C@@H](CC2CCCC2)C(=O)Nc2ccn(C)n2)c(=O)c1,FXUQPTPELRIKJU-KRWDZBQOSA-N,1,EC50:1,910.0,910.0,910.0,6.04,6.04,6.04,,0,,0,1,1,"[{""assay"": ""CHEMBL1788085"", ""type"": ""EC50"", ""relation"": ""="", ""value_nm"": 910.0, ""pactivity"": 6.04, ""doc"": ""CHEMBL1782019"", ""rule"": ""EC50 为标准化浓度型效力指标""}]",1,,,0,57.0,Emax@CHEMBL1788086,1,1,1,"[{""assay"": ""CHEMBL1788086"", ""type"": ""Emax"", ""scale"": ""percent"", ""value"": 57, ""units"": ""%"", ""doc"": ""CHEMBL1782019"", ""rule"": ""Emax 为激活幅度指标，按该 assay 内值域（max=148.0）判为 percent 尺度""}]",0,,0,,2,2,1,"[""CHEMBL1782019""]",2009,LITERATURE,0,不适用（可定量效力值不足 2 个 assay）,中,仅 1 篇文献支撑
CHEMBL1783759,,Small molecule,,Cn1ccc(NC(=O)[C@H](CC2CCCC2)n2ccc(S(=O)(=O)C3CC3)cc2=O)n1,GQPQBINIEKARKC-KRWDZBQOSA-N,1,EC50:1,1500.0,1500.0,1500.0,5.82,5.82,5.82,,0,,0,1,1,"[{""assay"": ""CHEMBL1788085"", ""type"": ""EC50"", ""relation"": ""="", ""value_nm"": 1500.0, ""pactivity"": 5.82, ""doc"": ""CHEMBL1782019"", ""rule"": ""EC50 为标准化浓度型效力指标""}]",1,,,0,84.0,Emax@CHEMBL1788086,1,1,1,"[{""assay"": ""CHEMBL1788086"", ""type"": ""Emax"", ""scale"": ""percent"", ""value"": 84, ""units"": ""%"", ""doc"": ""CHEMBL1782019"", ""rule"": ""Emax 为激活幅度指标，按该 assay 内值域（max=148.0）判为 percent 尺度""}]",0,,0,,2,2,1,"[""CHEMBL1782019""]",2009,LITERATURE,0,不适用（可定量效力值不足 2 个 assay）,中,仅 1 篇文献支撑
CHEMBL1783760,,Small molecule,,Cn1ccc(NC(=O)[C@H](CC2CCCC2)n2ccc(S(=O)(=O)C3CCC3)cc2=O)n1,UWSICVKBJUIDIU-SFHVURJKSA-N,1,EC50:1,260.0,260.0,260.0,6.58,6.58,6.58,,0,,0,1,1,"[{""assay"": ""CHEMBL1788085"", ""type"": ""EC50"", ""relation"": ""="", ""value_nm"": 260.0, ""pactivity"": 6.58, ""doc"": ""CHEMBL1782019"", ""rule"": ""EC50 为标准化浓度型效力指标""}]",1,,,0,67.0,Emax@CHEMBL1788086,1,1,1,"[{""assay"": ""CHEMBL1788086"", ""type"": ""Emax"", ""scale"": ""percent"", ""value"": 67, ""units"": ""%"", ""doc"": ""CHEMBL1782019"", ""rule"": ""Emax 为激活幅度指标，按该 assay 内值域（max=148.0）判为 percent 尺度""}]",0,,0,,2,2,1,"[""CHEMBL1782019""]",2009,LITERATURE,0,不适用（可定量效力值不足 2 个 assay）,中,仅 1 篇文献支撑
CHEMBL1783761,,Small molecule,,CC(C)S(=O)(=O)c1ccn([C@@H](CC2CCCC2)C(=O)Nc2nccs2)c(=O)c1,AZWLGSPAQCDWQI-INIZCTEOSA-N,1,EC50:1,1300.0,1300.0,1300.0,5.89,5.89,5.89,,0,,0,1,1,"[{""assay"": ""CHEMBL1788085"", ""type"": ""EC50"", ""relation"": ""="", ""value_nm"": 1300.0, ""pactivity"": 5.89, ""doc"": ""CHEMBL1782019"", ""rule"": ""EC50 为标准化浓度型效力指标""}]",1,,,0,42.0,Emax@CHEMBL1788086,1,1,1,"[{""assay"": ""CHEMBL1788086"", ""type"": ""Emax"", ""scale"": ""percent"", ""value"": 42, ""units"": ""%"", ""doc"": ""CHEMBL1782019"", ""rule"": ""Emax 为激活幅度指标，按该 assay 内值域（max=148.0）判为 percent 尺度""}]",0,,0,,2,2,1,"[""CHEMBL1782019""]",2009,LITERATURE,0,不适用（可定量效力值不足 2 个 assay）,中,仅 1 篇文献支撑
CHEMBL1821729,,Small molecule,,CC(=O)c1ccccc1-c1cc(C(=O)Nc2nc3c(s2)CCCC3)c(C)s1,IMBIDLPTPNYUBO-UHFFFAOYSA-N,0,,,,,,,,,0,,0,0,0,,4,3.17,Ratio@CHEMBL1825590,4,,,0,4,1,"[{""assay"": ""CHEMBL1825590"", ""type"": ""Ratio"", ""scale"": ""fold"", ""value"": 3.17, ""units"": null, ""doc"": ""CHEMBL1821720"", ""rule"": ""自由文本指标 Ratio 受限提升为效能(fold)，描述命中：「ratio of enzyme activation in treated to untreated control」""}, {""assay"": ""CHEMBL1825591"", ""type"": ""Ratio"", ""scale"": ""fold"", ""value"": 0.554, ""units"": null, ""doc"": ""CHEMBL1821720"", ""rule"": ""自由文本指标 Ratio 受限提升为效能(fold)，描述命中：「ratio of enzyme activation in compound treated」""}, {""assay"": ""CHEMBL1825592"", ""type"": ""Ratio"", ""scale"": ""fold"", ""value"": 1.49, ""units"": null, ""doc"": ""CHEMBL1821720"", ""rule"": ""自由文本指标 Ratio 受限提升为效能(fold)，描述命中：「ratio of enzyme activation in treated to untreated control」""}, {""assay"": ""CHEMBL1825593"", ""type"": ""Ratio"", ""scale"": ""fold"", ""value"": 0.392, ""units"": null, ""doc"": ""CHEMBL1821720"", ""rule"": ""自由文本指标 Ratio 受限提升为效能(fold)，描述命中：「ratio of enzyme activation in compound treated」""}]",0,,0,,4,4,1,"[""CHEMBL1821720""]",2011,LITERATURE,0,不适用（可定量效力值不足 2 个 assay）,中,仅 1 篇文献支撑
CHEMBL1821731,,Small molecule,,Cc1nc(C)c(C(=O)Nc2nc3c(s2)CCCC3)s1,GXDFHYHESDWXMX-UHFFFAOYSA-N,0,,,,,,,,,0,,0,0,0,,4,1.04,Ratio@CHEMBL1825590,4,,,0,4,1,"[{""assay"": ""CHEMBL1825590"", ""type"": ""Ratio"", ""scale"": ""fold"", ""value"": 1.04, ""units"": null, ""doc"": ""CHEMBL1821720"", ""rule"": ""自由文本指标 Ratio 受限提升为效能(fold)，描述命中：「ratio of enzyme activation in treated to untreated control」""}, {""assay"": ""CHEMBL1825591"", ""type"": ""Ratio"", ""scale"": ""fold"", ""value"": 0.01, ""units"": null, ""doc"": ""CHEMBL1821720"", ""rule"": ""自由文本指标 Ratio 受限提升为效能(fold)，描述命中：「ratio of enzyme activation in compound treated」""}, {""assay"": ""CHEMBL1825592"", ""type"": ""Ratio"", ""scale"": ""fold"", ""value"": 0.89, ""units"": null, ""doc"": ""CHEMBL1821720"", ""rule"": ""自由文本指标 Ratio 受限提升为效能(fold)，描述命中：「ratio of enzyme activation in treated to untreated control」""}, {""assay"": ""CHEMBL1825593"", ""type"": ""Ratio"", ""scale"": ""fold"", ""value"": -0.066, ""units"": null, ""doc"": ""CHEMBL1821720"", ""rule"": ""自由文本指标 Ratio 受限提升为效能(fold)，描述命中：「ratio of enzyme activation in compound treated」""}]",0,,0,,4,4,1,"[""CHEMBL1821720""]",2011,LITERATURE,0,不适用（可定量效力值不足 2 个 assay）,中,仅 1 篇文献支撑
CHEMBL1821902,,Small molecule,,O=C(Nc1nc(C2CCCCC2)cs1)c1ccccc1,XDROZDYEXSKYNN-UHFFFAOYSA-N,0,,,,,,,,,0,,0,0,0,,4,1.35,Ratio@CHEMBL1825590,4,,,0,4,1,"[{""assay"": ""CHEMBL1825590"", ""type"": ""Ratio"", ""scale"": ""fold"", ""value"": 1.35, ""units"": null, ""doc"": ""CHEMBL1821720"", ""rule"": ""自由文本指标 Ratio 受限提升为效能(fold)，描述命中：「ratio of enzyme activation in treated to untreated control」""}, {""assay"": ""CHEMBL1825591"", ""type"": ""Ratio"", ""scale"": ""fold"", ""value"": 0.049, ""units"": null, ""doc"": ""CHEMBL1821720"", ""rule"": ""自由文本指标 Ratio 受限提升为效能(fold)，描述命中：「ratio of enzyme activation in compound treated」""}, {""assay"": ""CHEMBL1825592"", ""type"": ""Ratio"", ""scale"": ""fold"", ""value"": 1.06, ""units"": null, ""doc"": ""CHEMBL1821720"", ""rule"": ""自由文本指标 Ratio 受限提升为效能(fold)，描述命中：「ratio of enzyme activation in treated to untreated control」""}, {""assay"": ""CHEMBL1825593"", ""type"": ""Ratio"", ""scale"": ""fold"", ""value"": 0.029, ""units"": null, ""doc"": ""CHEMBL1821720"", ""rule"": ""自由文本指标 Ratio 受限提升为效能(fold)，描述命中：「ratio of enzyme activation in compound treated」""}]",0,,0,,4,4,1,"[""CHEMBL1821720""]",2011,LITERATURE,0,不适用（可定量效力值不足 2 个 assay）,中,仅 1 篇文献支撑
CHEMBL1821903,,Small molecule,,Nc1ccc2sc(NC(=O)c3ccccc3)nc2c1,DAMXWMYCOPYVOH-UHFFFAOYSA-N,0,,,,,,,,,0,,0,0,0,,4,1.6,Ratio@CHEMBL1825590,4,,,0,4,1,"[{""assay"": ""CHEMBL1825590"", ""type"": ""Ratio"", ""scale"": ""fold"", ""value"": 1.6, ""units"": null, ""doc"": ""CHEMBL1821720"", ""rule"": ""自由文本指标 Ratio 受限提升为效能(fold)，描述命中：「ratio of enzyme activation in treated to untreated control」""}, {""assay"": ""CHEMBL1825591"", ""type"": ""Ratio"", ""scale"": ""fold"", ""value"": 0.087, ""units"": null, ""doc"": ""CHEMBL1821720"", ""rule"": ""自由文本指标 Ratio 受限提升为效能(fold)，描述命中：「ratio of enzyme activation in compound treated」""}, {""assay"": ""CHEMBL1825592"", ""type"": ""Ratio"", ""scale"": ""fold"", ""value"": 1.02, ""units"": null, ""doc"": ""CHEMBL1821720"", ""rule"": ""自由文本指标 Ratio 受限提升为效能(fold)，描述命中：「ratio of enzyme activation in treated to untreated control」""}, {""assay"": ""CHEMBL1825593"", ""type"": ""Ratio"", ""scale"": ""fold"", ""value"": -0.051, ""units"": null, ""doc"": ""CHEMBL1821720"", ""rule"": ""自由文本指标 Ratio 受限提升为效能(fold)，描述命中：「ratio of enzyme activation in compound treated」""}]",0,,0,,4,4,1,"[""CHEMBL1821720""]",2011,LITERATURE,0,不适用（可定量效力值不足 2 个 assay）,中,仅 1 篇文献支撑
CHEMBL1821904,,Small molecule,,Cc1cc(C(=O)Nc2nc3c(s2)CCCC3)c(C)o1,MQYSKLYEHUANQV-UHFFFAOYSA-N,0,,,,,,,,,0,,0,0,0,,4,1.99,Ratio@CHEMBL1825590,4,,,0,4,1,"[{""assay"": ""CHEMBL1825590"", ""type"": ""Ratio"", ""scale"": ""fold"", ""value"": 1.99, ""units"": null, ""doc"": ""CHEMBL1821720"", ""rule"": ""自由文本指标 Ratio 受限提升为效能(fold)，描述命中：「ratio of enzyme activation in treated to untreated control」""}, {""assay"": ""CHEMBL1825591"", ""type"": ""Ratio"", ""scale"": ""fold"", ""value"": 0.215, ""units"": null, ""doc"": ""CHEMBL1821720"", ""rule"": ""自由文本指标 Ratio 受限提升为效能(fold)，描述命中：「ratio of enzyme activation in compound treated」""}, {""assay"": ""CHEMBL1825592"", ""type"": ""Ratio"", ""scale"": ""fold"", ""value"": 1.14, ""units"": null, ""doc"": ""CHEMBL1821720"", ""rule"": ""自由文本指标 Ratio 受限提升为效能(fold)，描述命中：「ratio of enzyme activation in treated to untreated control」""}, {""assay"": ""CHEMBL1825593"", ""type"": ""Ratio"", ""scale"": ""fold"", ""value"": 0.072, ""units"": null, ""doc"": ""CHEMBL1821720"", ""rule"": ""自由文本指标 Ratio 受限提升为效能(fold)，描述命中：「ratio of enzyme activation in compound treated」""}]",0,,0,,4,4,1,"[""CHEMBL1821720""]",2011,LITERATURE,0,不适用（可定量效力值不足 2 个 assay）,中,仅 1 篇文献支撑
CHEMBL1821905,,Small molecule,,CCc1nc(NC(=O)c2cc(C)oc2C)sc1CC,AAQONASPECHBAN-UHFFFAOYSA-N,0,,,,,,,,,0,,0,0,0,,4,1.09,Ratio@CHEMBL1825590,4,,,0,4,1,"[{""assay"": ""CHEMBL1825590"", ""type"": ""Ratio"", ""scale"": ""fold"", ""value"": 1.09, ""units"": null, ""doc"": ""CHEMBL1821720"", ""rule"": ""自由文本指标 Ratio 受限提升为效能(fold)，描述命中：「ratio of enzyme activation in treated to untreated control」""}, {""assay"": ""CHEMBL1825591"", ""type"": ""Ratio"", ""scale"": ""fold"", ""value"": 0.022, ""units"": null, ""doc"": ""CHEMBL1821720"", ""rule"": ""自由文本指标 Ratio 受限提升为效能(fold)，描述命中：「ratio of enzyme activation in compound treated」""}, {""assay"": ""CHEMBL1825592"", ""type"": ""Ratio"", ""scale"": ""fold"", ""value"": 0.96, ""units"": null, ""doc"": ""CHEMBL1821720"", ""rule"": ""自由文本指标 Ratio 受限提升为效能(fold)，描述命中：「ratio of enzyme activation in treated to untreated control」""}, {""assay"": ""CHEMBL1825593"", ""type"": ""Ratio"", ""scale"": ""fold"", ""value"": -0.022, ""units"": null, ""doc"": ""CHEMBL1821720"", ""rule"": ""自由文本指标 Ratio 受限提升为效能(fold)，描述命中：「ratio of enzyme activation in compound treated」""}]",0,,0,,4,4,1,"[""CHEMBL1821720""]",2011,LITERATURE,0,不适用（可定量效力值不足 2 个 assay）,中,仅 1 篇文献支撑
CHEMBL1821906,,Small molecule,,Cc1cc(C(=O)Nc2nc3c(s2)CCC3)c(C)o1,CUVZNBIXYJBRMT-UHFFFAOYSA-N,0,,,,,,,,,0,,0,0,0,,4,1.88,Ratio@CHEMBL1825590,4,,,0,4,1,"[{""assay"": ""CHEMBL1825590"", ""type"": ""Ratio"", ""scale"": ""fold"", ""value"": 1.88, ""units"": null, ""doc"": ""CHEMBL1821720"", ""rule"": ""自由文本指标 Ratio 受限提升为效能(fold)，描述命中：「ratio of enzyme activation in treated to untreated control」""}, {""assay"": ""CHEMBL1825591"", ""type"": ""Ratio"", ""scale"": ""fold"", ""value"": 0.219, ""units"": null, ""doc"": ""CHEMBL1821720"", ""rule"": ""自由文本指标 Ratio 受限提升为效能(fold)，描述命中：「ratio of enzyme activation in compound treated」""}, {""assay"": ""CHEMBL1825592"", ""type"": ""Ratio"", ""scale"": ""fold"", ""value"": 1.42, ""units"": null, ""doc"": ""CHEMBL1821720"", ""rule"": ""自由文本指标 Ratio 受限提升为效能(fold)，描述命中：「ratio of enzyme activation in treated to untreated control」""}, {""assay"": ""CHEMBL1825593"", ""type"": ""Ratio"", ""scale"": ""fold"", ""value"": 0.247, ""units"": null, ""doc"": ""CHEMBL1821720"", ""rule"": ""自由文本指标 Ratio 受限提升为效能(fold)，描述命中：「ratio of enzyme activation in compound treated」""}]",0,,2,"[{""assay"": ""CHEMBL1825594"", ""type"": ""Activity"", ""value"": 20, ""units"": ""%"", ""reason"": ""Activity 为自由文本指标（无官方标准化规则），assay 描述未命中提升门槛，不跨实验汇总""}, {""assay"": ""CHEMBL1825595"", ""type"": ""Activity"", ""value"": 20, ""units"": ""%"", ""reason"": ""Activity 为自由文本指标（无官方标准化规则），assay 描述未命中提升门槛，不跨实验汇总""}]",6,6,1,"[""CHEMBL1821720""]",2011,LITERATURE,0,不适用（可定量效力值不足 2 个 assay）,中,仅 1 篇文献支撑；2 条指标未归类（见 unclassified_records）
CHEMBL1821907,,Small molecule,,Cc1cc(C(=O)Nc2nc3c(s2)C2CCC3C2)c(C)o1,CZAOVSUMBKHGCC-UHFFFAOYSA-N,0,,,,,,,,,0,,0,0,0,,4,1.25,Ratio@CHEMBL1825590,4,,,0,4,1,"[{""assay"": ""CHEMBL1825590"", ""type"": ""Ratio"", ""scale"": ""fold"", ""value"": 1.25, ""units"": null, ""doc"": ""CHEMBL1821720"", ""rule"": ""自由文本指标 Ratio 受限提升为效能(fold)，描述命中：「ratio of enzyme activation in treated to untreated control」""}, {""assay"": ""CHEMBL1825591"", ""type"": ""Ratio"", ""scale"": ""fold"", ""value"": 0.059, ""units"": null, ""doc"": ""CHEMBL1821720"", ""rule"": ""自由文本指标 Ratio 受限提升为效能(fold)，描述命中：「ratio of enzyme activation in compound treated」""}, {""assay"": ""CHEMBL1825592"", ""type"": ""Ratio"", ""scale"": ""fold"", ""value"": 1.02, ""units"": null, ""doc"": ""CHEMBL1821720"", ""rule"": ""自由文本指标 Ratio 受限提升为效能(fold)，描述命中：「ratio of enzyme activation in treated to untreated control」""}, {""assay"": ""CHEMBL1825593"", ""type"": ""Ratio"", ""scale"": ""fold"", ""value"": 0.012, ""units"": null, ""doc"": ""CHEMBL1821720"", ""rule"": ""自由文本指标 Ratio 受限提升为效能(fold)，描述命中：「ratio of enzyme activation in compound treated」""}]",0,,0,,4,4,1,"[""CHEMBL1821720""]",2011,LITERATURE,0,不适用（可定量效力值不足 2 个 assay）,中,仅 1 篇文献支撑
CHEMBL1821908,,Small molecule,,Cc1cc(C(=O)Nc2nc3c(s2)CCCC3)c(C)s1,LUPCUFVZJUITHO-UHFFFAOYSA-N,0,,,,,,,,,0,,0,0,0,,4,2.12,Ratio@CHEMBL1825590,4,,,0,4,1,"[{""assay"": ""CHEMBL1825590"", ""type"": ""Ratio"", ""scale"": ""fold"", ""value"": 2.12, ""units"": null, ""doc"": ""CHEMBL1821720"", ""rule"": ""自由文本指标 Ratio 受限提升为效能(fold)，描述命中：「ratio of enzyme activation in treated to untreated control」""}, {""assay"": ""CHEMBL1825591"", ""type"": ""Ratio"", ""scale"": ""fold"", ""value"": 0.287, ""units"": null, ""doc"": ""CHEMBL1821720"", ""rule"": ""自由文本指标 Ratio 受限提升为效能(fold)，描述命中：「ratio of enzyme activation in compound treated」""}, {""assay"": ""CHEMBL1825592"", ""type"": ""Ratio"", ""scale"": ""fold"", ""value"": 1.06, ""units"": null, ""doc"": ""CHEMBL1821720"", ""rule"": ""自由文本指标 Ratio 受限提升为效能(fold)，描述命中：「ratio of enzyme activation in treated to untreated control」""}, {""assay"": ""CHEMBL1825593"", ""type"": ""Ratio"", ""scale"": ""fold"", ""value"": 0.038, ""units"": null, ""doc"": ""CHEMBL1821720"", ""rule"": ""自由文本指标 Ratio 受限提升为效能(fold)，描述命中：「ratio of enzyme activation in compound treated」""}]",0,,0,,4,4,1,"[""CHEMBL1821720""]",2011,LITERATURE,0,不适用（可定量效力值不足 2 个 assay）,中,仅 1 篇文献支撑
CHEMBL1821909,,Small molecule,,Cc1cc(C(=O)Nc2nc3c(s2)CCC3)c(C)s1,BUSFCVAVCJBGQX-UHFFFAOYSA-N,0,,,,,,,,,0,,0,0,0,,4,2.22,Ratio@CHEMBL1825590,4,,,0,4,1,"[{""assay"": ""CHEMBL1825590"", ""type"": ""Ratio"", ""scale"": ""fold"", ""value"": 2.22, ""units"": null, ""doc"": ""CHEMBL1821720"", ""rule"": ""自由文本指标 Ratio 受限提升为效能(fold)，描述命中：「ratio of enzyme activation in treated to untreated control」""}, {""assay"": ""CHEMBL1825591"", ""type"": ""Ratio"", ""scale"": ""fold"", ""value"": 0.312, ""units"": null, ""doc"": ""CHEMBL1821720"", ""rule"": ""自由文本指标 Ratio 受限提升为效能(fold)，描述命中：「ratio of enzyme activation in compound treated」""}, {""assay"": ""CHEMBL1825592"", ""type"": ""Ratio"", ""scale"": ""fold"", ""value"": 1.37, ""units"": null, ""doc"": ""CHEMBL1821720"", ""rule"": ""自由文本指标 Ratio 受限提升为效能(fold)，描述命中：「ratio of enzyme activation in treated to untreated control」""}, {""assay"": ""CHEMBL1825593"", ""type"": ""Ratio"", ""scale"": ""fold"", ""value"": 0.231, ""units"": null, ""doc"": ""CHEMBL1821720"", ""rule"": ""自由文本指标 Ratio 受限提升为效能(fold)，描述命中：「ratio of enzyme activation in compound treated」""}]",0,,2,"[{""assay"": ""CHEMBL1825594"", ""type"": ""Activity"", ""value"": 20, ""units"": ""%"", ""reason"": ""Activity 为自由文本指标（无官方标准化规则），assay 描述未命中提升门槛，不跨实验汇总""}, {""assay"": ""CHEMBL1825595"", ""type"": ""Activity"", ""value"": 20, ""units"": ""%"", ""reason"": ""Activity 为自由文本指标（无官方标准化规则），assay 描述未命中提升门槛，不跨实验汇总""}]",6,6,1,"[""CHEMBL1821720""]",2011,LITERATURE,0,不适用（可定量效力值不足 2 个 assay）,中,仅 1 篇文献支撑；2 条指标未归类（见 unclassified_records）
CHEMBL1821910,,Small molecule,,Cc1oc(CO)cc1C(=O)Nc1nc2c(s1)CCC2,VQRTUJMIHWRPOZ-UHFFFAOYSA-N,0,,,,,,,,,0,,0,0,0,,4,1.3,Ratio@CHEMBL1825590,4,,,0,4,1,"[{""assay"": ""CHEMBL1825590"", ""type"": ""Ratio"", ""scale"": ""fold"", ""value"": 1.3, ""units"": null, ""doc"": ""CHEMBL1821720"", ""rule"": ""自由文本指标 Ratio 受限提升为效能(fold)，描述命中：「ratio of enzyme activation in treated to untreated control」""}, {""assay"": ""CHEMBL1825591"", ""type"": ""Ratio"", ""scale"": ""fold"", ""value"": 0.069, ""units"": null, ""doc"": ""CHEMBL1821720"", ""rule"": ""自由文本指标 Ratio 受限提升为效能(fold)，描述命中：「ratio of enzyme activation in compound treated」""}, {""assay"": ""CHEMBL1825592"", ""type"": ""Ratio"", ""scale"": ""fold"", ""value"": 1.08, ""units"": null, ""doc"": ""CHEMBL1821720"", ""rule"": ""自由文本指标 Ratio 受限提升为效能(fold)，描述命中：「ratio of enzyme activation in treated to untreated control」""}, {""assay"": ""CHEMBL1825593"", ""type"": ""Ratio"", ""scale"": ""fold"", ""value"": 0.05, ""units"": null, ""doc"": ""CHEMBL1821720"", ""rule"": ""自由文本指标 Ratio 受限提升为效能(fold)，描述命中：「ratio of enzyme activation in compound treated」""}]",0,,0,,4,4,1,"[""CHEMBL1821720""]",2011,LITERATURE,0,不适用（可定量效力值不足 2 个 assay）,中,仅 1 篇文献支撑
CHEMBL1821911,,Small molecule,,COCc1cc(C(=O)Nc2nc3c(s2)CCC3)c(C)o1,SZIRBMUDVGMJBO-UHFFFAOYSA-N,0,,,,,,,,,0,,0,0,0,,4,1.92,Ratio@CHEMBL1825590,4,,,0,4,1,"[{""assay"": ""CHEMBL1825590"", ""type"": ""Ratio"", ""scale"": ""fold"", ""value"": 1.92, ""units"": null, ""doc"": ""CHEMBL1821720"", ""rule"": ""自由文本指标 Ratio 受限提升为效能(fold)，描述命中：「ratio of enzyme activation in treated to untreated control」""}, {""assay"": ""CHEMBL1825591"", ""type"": ""Ratio"", ""scale"": ""fold"", ""value"": 0.212, ""units"": null, ""doc"": ""CHEMBL1821720"", ""rule"": ""自由文本指标 Ratio 受限提升为效能(fold)，描述命中：「ratio of enzyme activation in compound treated」""}, {""assay"": ""CHEMBL1825592"", ""type"": ""Ratio"", ""scale"": ""fold"", ""value"": 1.41, ""units"": null, ""doc"": ""CHEMBL1821720"", ""rule"": ""自由文本指标 Ratio 受限提升为效能(fold)，描述命中：「ratio of enzyme activation in treated to untreated control」""}, {""assay"": ""CHEMBL1825593"", ""type"": ""Ratio"", ""scale"": ""fold"", ""value"": 0.246, ""units"": null, ""doc"": ""CHEMBL1821720"", ""rule"": ""自由文本指标 Ratio 受限提升为效能(fold)，描述命中：「ratio of enzyme activation in compound treated」""}]",0,,0,,4,4,1,"[""CHEMBL1821720""]",2011,LITERATURE,0,不适用（可定量效力值不足 2 个 assay）,中,仅 1 篇文献支撑
CHEMBL1821912,,Small molecule,,COCCCc1cc(C(=O)Nc2nc3c(s2)CCC3)c(C)o1,VQBSRHUQIVEUOV-UHFFFAOYSA-N,0,,,,,,,,,0,,0,0,0,,4,1.98,Ratio@CHEMBL1825590,4,,,0,4,1,"[{""assay"": ""CHEMBL1825590"", ""type"": ""Ratio"", ""scale"": ""fold"", ""value"": 1.98, ""units"": null, ""doc"": ""CHEMBL1821720"", ""rule"": ""自由文本指标 Ratio 受限提升为效能(fold)，描述命中：「ratio of enzyme activation in treated to untreated control」""}, {""assay"": ""CHEMBL1825591"", ""type"": ""Ratio"", ""scale"": ""fold"", ""value"": 0.282, ""units"": null, ""doc"": ""CHEMBL1821720"", ""rule"": ""自由文本指标 Ratio 受限提升为效能(fold)，描述命中：「ratio of enzyme activation in compound treated」""}, {""assay"": ""CHEMBL1825592"", ""type"": ""Ratio"", ""scale"": ""fold"", ""value"": 1.51, ""units"": null, ""doc"": ""CHEMBL1821720"", ""rule"": ""自由文本指标 Ratio 受限提升为效能(fold)，描述命中：「ratio of enzyme activation in treated to untreated control」""}, {""assay"": ""CHEMBL1825593"", ""type"": ""Ratio"", ""scale"": ""fold"", ""value"": 0.331, ""units"": null, ""doc"": ""CHEMBL1821720"", ""rule"": ""自由文本指标 Ratio 受限提升为效能(fold)，描述命中：「ratio of enzyme activation in compound treated」""}]",0,,0,,4,4,1,"[""CHEMBL1821720""]",2011,LITERATURE,0,不适用（可定量效力值不足 2 个 assay）,中,仅 1 篇文献支撑
CHEMBL1821913,,Small molecule,,CC(=O)CCc1cc(C(=O)Nc2nc3c(s2)CCC3)c(C)o1,NUMSJXILJRNTNK-UHFFFAOYSA-N,0,,,,,,,,,0,,0,0,0,,4,2.07,Ratio@CHEMBL1825590,4,,,0,4,1,"[{""assay"": ""CHEMBL1825590"", ""type"": ""Ratio"", ""scale"": ""fold"", ""value"": 2.07, ""units"": null, ""doc"": ""CHEMBL1821720"", ""rule"": ""自由文本指标 Ratio 受限提升为效能(fold)，描述命中：「ratio of enzyme activation in treated to untreated control」""}, {""assay"": ""CHEMBL1825591"", ""type"": ""Ratio"", ""scale"": ""fold"", ""value"": 0.29, ""units"": null, ""doc"": ""CHEMBL1821720"", ""rule"": ""自由文本指标 Ratio 受限提升为效能(fold)，描述命中：「ratio of enzyme activation in compound treated」""}, {""assay"": ""CHEMBL1825592"", ""type"": ""Ratio"", ""scale"": ""fold"", ""value"": 1.44, ""units"": null, ""doc"": ""CHEMBL1821720"", ""rule"": ""自由文本指标 Ratio 受限提升为效能(fold)，描述命中：「ratio of enzyme activation in treated to untreated control」""}, {""assay"": ""CHEMBL1825593"", ""type"": ""Ratio"", ""scale"": ""fold"", ""value"": 0.287, ""units"": null, ""doc"": ""CHEMBL1821720"", ""rule"": ""自由文本指标 Ratio 受限提升为效能(fold)，描述命中：「ratio of enzyme activation in compound treated」""}]",0,,0,,4,4,1,"[""CHEMBL1821720""]",2011,LITERATURE,0,不适用（可定量效力值不足 2 个 assay）,中,仅 1 篇文献支撑
CHEMBL1821914,,Small molecule,,COC(=O)CCc1cc(C(=O)Nc2nc3c(s2)CCC3)c(C)o1,POQDVOWBQIIZHG-UHFFFAOYSA-N,0,,,,,,,,,0,,0,0,0,,4,1.56,Ratio@CHEMBL1825590,4,,,0,4,1,"[{""assay"": ""CHEMBL1825590"", ""type"": ""Ratio"", ""scale"": ""fold"", ""value"": 1.56, ""units"": null, ""doc"": ""CHEMBL1821720"", ""rule"": ""自由文本指标 Ratio 受限提升为效能(fold)，描述命中：「ratio of enzyme activation in treated to untreated control」""}, {""assay"": ""CHEMBL1825591"", ""type"": ""Ratio"", ""scale"": ""fold"", ""value"": 0.151, ""units"": null, ""doc"": ""CHEMBL1821720"", ""rule"": ""自由文本指标 Ratio 受限提升为效能(fold)，描述命中：「ratio of enzyme activation in compound treated」""}, {""assay"": ""CHEMBL1825592"", ""type"": ""Ratio"", ""scale"": ""fold"", ""value"": 1.23, ""units"": null, ""doc"": ""CHEMBL1821720"", ""rule"": ""自由文本指标 Ratio 受限提升为效能(fold)，描述命中：「ratio of enzyme activation in treated to untreated control」""}, {""assay"": ""CHEMBL1825593"", ""type"": ""Ratio"", ""scale"": ""fold"", ""value"": 0.154, ""units"": null, ""doc"": ""CHEMBL1821720"", ""rule"": ""自由文本指标 Ratio 受限提升为效能(fold)，描述命中：「ratio of enzyme activation in compound treated」""}]",0,,0,,4,4,1,"[""CHEMBL1821720""]",2011,LITERATURE,0,不适用（可定量效力值不足 2 个 assay）,中,仅 1 篇文献支撑
CHEMBL1821915,,Small molecule,,CNC(=O)CCc1cc(C(=O)Nc2nc3c(s2)CCC3)c(C)o1,DFLPWWIAXCMVQF-UHFFFAOYSA-N,0,,,,,,,,,0,,0,0,0,,4,1.12,Ratio@CHEMBL1825590,4,,,0,4,1,"[{""assay"": ""CHEMBL1825590"", ""type"": ""Ratio"", ""scale"": ""fold"", ""value"": 1.12, ""units"": null, ""doc"": ""CHEMBL1821720"", ""rule"": ""自由文本指标 Ratio 受限提升为效能(fold)，描述命中：「ratio of enzyme activation in treated to untreated control」""}, {""assay"": ""CHEMBL1825591"", ""type"": ""Ratio"", ""scale"": ""fold"", ""value"": 0.032, ""units"": null, ""doc"": ""CHEMBL1821720"", ""rule"": ""自由文本指标 Ratio 受限提升为效能(fold)，描述命中：「ratio of enzyme activation in compound treated」""}, {""assay"": ""CHEMBL1825592"", ""type"": ""Ratio"", ""scale"": ""fold"", ""value"": 1.04, ""units"": null, ""doc"": ""CHEMBL1821720"", ""rule"": ""自由文本指标 Ratio 受限提升为效能(fold)，描述命中：「ratio of enzyme activation in treated to untreated control」""}, {""assay"": ""CHEMBL1825593"", ""type"": ""Ratio"", ""scale"": ""fold"", ""value"": 0.027, ""units"": null, ""doc"": ""CHEMBL1821720"", ""rule"": ""自由文本指标 Ratio 受限提升为效能(fold)，描述命中：「ratio of enzyme activation in compound treated」""}]",0,,0,,4,4,1,"[""CHEMBL1821720""]",2011,LITERATURE,0,不适用（可定量效力值不足 2 个 assay）,中,仅 1 篇文献支撑
CHEMBL1821916,,Small molecule,,Cc1oc(CCC(=O)N(C)C)cc1C(=O)Nc1nc2c(s1)CCC2,GBRUHXCPVBLMAH-UHFFFAOYSA-N,0,,,,,,,,,0,,0,0,0,,4,1.62,Ratio@CHEMBL1825590,4,,,0,4,1,"[{""assay"": ""CHEMBL1825590"", ""type"": ""Ratio"", ""scale"": ""fold"", ""value"": 1.62, ""units"": null, ""doc"": ""CHEMBL1821720"", ""rule"": ""自由文本指标 Ratio 受限提升为效能(fold)，描述命中：「ratio of enzyme activation in treated to untreated control」""}, {""assay"": ""CHEMBL1825591"", ""type"": ""Ratio"", ""scale"": ""fold"", ""value"": 0.178, ""units"": null, ""doc"": ""CHEMBL1821720"", ""rule"": ""自由文本指标 Ratio 受限提升为效能(fold)，描述命中：「ratio of enzyme activation in compound treated」""}, {""assay"": ""CHEMBL1825592"", ""type"": ""Ratio"", ""scale"": ""fold"", ""value"": 1.29, ""units"": null, ""doc"": ""CHEMBL1821720"", ""rule"": ""自由文本指标 Ratio 受限提升为效能(fold)，描述命中：「ratio of enzyme activation in treated to untreated control」""}, {""assay"": ""CHEMBL1825593"", ""type"": ""Ratio"", ""scale"": ""fold"", ""value"": 0.187, ""units"": null, ""doc"": ""CHEMBL1821720"", ""rule"": ""自由文本指标 Ratio 受限提升为效能(fold)，描述命中：「ratio of enzyme activation in compound treated」""}]",0,,0,,4,4,1,"[""CHEMBL1821720""]",2011,LITERATURE,0,不适用（可定量效力值不足 2 个 assay）,中,仅 1 篇文献支撑
CHEMBL1821917,,Small molecule,,CC(=O)NCc1cc(C(=O)Nc2nc3c(s2)CCC3)c(C)o1,MNXUVMRZUSDIGK-UHFFFAOYSA-N,0,,,,,,,,,0,,0,0,0,,4,1.4,Ratio@CHEMBL1825590,4,,,0,4,1,"[{""assay"": ""CHEMBL1825590"", ""type"": ""Ratio"", ""scale"": ""fold"", ""value"": 1.4, ""units"": null, ""doc"": ""CHEMBL1821720"", ""rule"": ""自由文本指标 Ratio 受限提升为效能(fold)，描述命中：「ratio of enzyme activation in treated to untreated control」""}, {""assay"": ""CHEMBL1825591"", ""type"": ""Ratio"", ""scale"": ""fold"", ""value"": 0.105, ""units"": null, ""doc"": ""CHEMBL1821720"", ""rule"": ""自由文本指标 Ratio 受限提升为效能(fold)，描述命中：「ratio of enzyme activation in compound treated」""}, {""assay"": ""CHEMBL1825592"", ""type"": ""Ratio"", ""scale"": ""fold"", ""value"": 1.11, ""units"": null, ""doc"": ""CHEMBL1821720"", ""rule"": ""自由文本指标 Ratio 受限提升为效能(fold)，描述命中：「ratio of enzyme activation in treated to untreated control」""}, {""assay"": ""CHEMBL1825593"", ""type"": ""Ratio"", ""scale"": ""fold"", ""value"": 0.081, ""units"": null, ""doc"": ""CHEMBL1821720"", ""rule"": ""自由文本指标 Ratio 受限提升为效能(fold)，描述命中：「ratio of enzyme activation in compound treated」""}]",0,,0,,4,4,1,"[""CHEMBL1821720""]",2011,LITERATURE,0,不适用（可定量效力值不足 2 个 assay）,中,仅 1 篇文献支撑
CHEMBL1821918,,Small molecule,,CC(=O)OCc1cc(C(=O)Nc2nc3c(s2)CCC3)c(C)o1,ATHWNELISWSOLZ-UHFFFAOYSA-N,0,,,,,,,,,0,,0,0,0,,4,2.35,Ratio@CHEMBL1825590,4,,,0,4,1,"[{""assay"": ""CHEMBL1825590"", ""type"": ""Ratio"", ""scale"": ""fold"", ""value"": 2.35, ""units"": null, ""doc"": ""CHEMBL1821720"", ""rule"": ""自由文本指标 Ratio 受限提升为效能(fold)，描述命中：「ratio of enzyme activation in treated to untreated control」""}, {""assay"": ""CHEMBL1825591"", ""type"": ""Ratio"", ""scale"": ""fold"", ""value"": 0.312, ""units"": null, ""doc"": ""CHEMBL1821720"", ""rule"": ""自由文本指标 Ratio 受限提升为效能(fold)，描述命中：「ratio of enzyme activation in compound treated」""}, {""assay"": ""CHEMBL1825592"", ""type"": ""Ratio"", ""scale"": ""fold"", ""value"": 1.51, ""units"": null, ""doc"": ""CHEMBL1821720"", ""rule"": ""自由文本指标 Ratio 受限提升为效能(fold)，描述命中：「ratio of enzyme activation in treated to untreated control」""}, {""assay"": ""CHEMBL1825593"", ""type"": ""Ratio"", ""scale"": ""fold"", ""value"": 0.305, ""units"": null, ""doc"": ""CHEMBL1821720"", ""rule"": ""自由文本指标 Ratio 受限提升为效能(fold)，描述命中：「ratio of enzyme activation in compound treated」""}]",0,,0,,4,4,1,"[""CHEMBL1821720""]",2011,LITERATURE,0,不适用（可定量效力值不足 2 个 assay）,中,仅 1 篇文献支撑
CHEMBL1821919,,Small molecule,,CC(=O)c1ccccc1-c1cc(C(=O)Nc2nc3c(s2)CCC3)c(C)o1,QKROTMFUMVUCTD-UHFFFAOYSA-N,0,,,,,,,,,0,,0,0,0,,4,2.43,Ratio@CHEMBL1825590,4,,,0,4,1,"[{""assay"": ""CHEMBL1825590"", ""type"": ""Ratio"", ""scale"": ""fold"", ""value"": 2.43, ""units"": null, ""doc"": ""CHEMBL1821720"", ""rule"": ""自由文本指标 Ratio 受限提升为效能(fold)，描述命中：「ratio of enzyme activation in treated to untreated control」""}, {""assay"": ""CHEMBL1825591"", ""type"": ""Ratio"", ""scale"": ""fold"", ""value"": 0.329, ""units"": null, ""doc"": ""CHEMBL1821720"", ""rule"": ""自由文本指标 Ratio 受限提升为效能(fold)，描述命中：「ratio of enzyme activation in compound treated」""}, {""assay"": ""CHEMBL1825592"", ""type"": ""Ratio"", ""scale"": ""fold"", ""value"": 1.63, ""units"": null, ""doc"": ""CHEMBL1821720"", ""rule"": ""自由文本指标 Ratio 受限提升为效能(fold)，描述命中：「ratio of enzyme activation in treated to untreated control」""}, {""assay"": ""CHEMBL1825593"", ""type"": ""Ratio"", ""scale"": ""fold"", ""value"": 0.384, ""units"": null, ""doc"": ""CHEMBL1821720"", ""rule"": ""自由文本指标 Ratio 受限提升为效能(fold)，描述命中：「ratio of enzyme activation in compound treated」""}]",0,,0,,4,4,1,"[""CHEMBL1821720""]",2011,LITERATURE,0,不适用（可定量效力值不足 2 个 assay）,中,仅 1 篇文献支撑
CHEMBL1821920,,Small molecule,,CC(=O)c1cccc(-c2cc(C(=O)Nc3nc4c(s3)CCC4)c(C)o2)c1,XZXDYAAVCOSTQJ-UHFFFAOYSA-N,0,,,,,,,,,0,,0,0,0,,4,1.0,Ratio@CHEMBL1825590,4,,,0,4,1,"[{""assay"": ""CHEMBL1825590"", ""type"": ""Ratio"", ""scale"": ""fold"", ""value"": 1, ""units"": null, ""doc"": ""CHEMBL1821720"", ""rule"": ""自由文本指标 Ratio 受限提升为效能(fold)，描述命中：「ratio of enzyme activation in treated to untreated control」""}, {""assay"": ""CHEMBL1825591"", ""type"": ""Ratio"", ""scale"": ""fold"", ""value"": 0, ""units"": null, ""doc"": ""CHEMBL1821720"", ""rule"": ""自由文本指标 Ratio 受限提升为效能(fold)，描述命中：「ratio of enzyme activation in compound treated」""}, {""assay"": ""CHEMBL1825592"", ""type"": ""Ratio"", ""scale"": ""fold"", ""value"": 0.93, ""units"": null, ""doc"": ""CHEMBL1821720"", ""rule"": ""自由文本指标 Ratio 受限提升为效能(fold)，描述命中：「ratio of enzyme activation in treated to untreated control」""}, {""assay"": ""CHEMBL1825593"", ""type"": ""Ratio"", ""scale"": ""fold"", ""value"": -0.039, ""units"": null, ""doc"": ""CHEMBL1821720"", ""rule"": ""自由文本指标 Ratio 受限提升为效能(fold)，描述命中：「ratio of enzyme activation in compound treated」""}]",0,,0,,4,4,1,"[""CHEMBL1821720""]",2011,LITERATURE,0,不适用（可定量效力值不足 2 个 assay）,中,仅 1 篇文献支撑
CHEMBL1821921,,Small molecule,,Cc1oc(-c2ccccc2)cc1C(=O)Nc1nc2c(s1)CCCC2,JULAEUCJZQZMHO-UHFFFAOYSA-N,0,,,,,,,,,0,,0,0,0,,4,0.99,Ratio@CHEMBL1825590,4,,,0,4,1,"[{""assay"": ""CHEMBL1825590"", ""type"": ""Ratio"", ""scale"": ""fold"", ""value"": 0.99, ""units"": null, ""doc"": ""CHEMBL1821720"", ""rule"": ""自由文本指标 Ratio 受限提升为效能(fold)，描述命中：「ratio of enzyme activation in treated to untreated control」""}, {""assay"": ""CHEMBL1825591"", ""type"": ""Ratio"", ""scale"": ""fold"", ""value"": -0.002, ""units"": null, ""doc"": ""CHEMBL1821720"", ""rule"": ""自由文本指标 Ratio 受限提升为效能(fold)，描述命中：「ratio of enzyme activation in compound treated」""}, {""assay"": ""CHEMBL1825592"", ""type"": ""Ratio"", ""scale"": ""fold"", ""value"": 0.89, ""units"": null, ""doc"": ""CHEMBL1821720"", ""rule"": ""自由文本指标 Ratio 受限提升为效能(fold)，描述命中：「ratio of enzyme activation in treated to untreated control」""}, {""assay"": ""CHEMBL1825593"", ""type"": ""Ratio"", ""scale"": ""fold"", ""value"": -0.062, ""units"": null, ""doc"": ""CHEMBL1821720"", ""rule"": ""自由文本指标 Ratio 受限提升为效能(fold)，描述命中：「ratio of enzyme activation in compound treated」""}]",0,,0,,4,4,1,"[""CHEMBL1821720""]",2011,LITERATURE,0,不适用（可定量效力值不足 2 个 assay）,中,仅 1 篇文献支撑
CHEMBL1821922,,Small molecule,,CC(=O)c1ccccc1-c1cc(C(=O)Nc2nc3c(s2)CCC3)c(C)s1,NISVCIFMXYEFRV-UHFFFAOYSA-N,0,,,,,,,,,0,,0,0,0,,4,3.52,Ratio@CHEMBL1825590,4,,,0,4,1,"[{""assay"": ""CHEMBL1825590"", ""type"": ""Ratio"", ""scale"": ""fold"", ""value"": 3.52, ""units"": null, ""doc"": ""CHEMBL1821720"", ""rule"": ""自由文本指标 Ratio 受限提升为效能(fold)，描述命中：「ratio of enzyme activation in treated to untreated control」""}, {""assay"": ""CHEMBL1825591"", ""type"": ""Ratio"", ""scale"": ""fold"", ""value"": 0.66, ""units"": null, ""doc"": ""CHEMBL1821720"", ""rule"": ""自由文本指标 Ratio 受限提升为效能(fold)，描述命中：「ratio of enzyme activation in compound treated」""}, {""assay"": ""CHEMBL1825592"", ""type"": ""Ratio"", ""scale"": ""fold"", ""value"": 1.71, ""units"": null, ""doc"": ""CHEMBL1821720"", ""rule"": ""自由文本指标 Ratio 受限提升为效能(fold)，描述命中：「ratio of enzyme activation in treated to untreated control」""}, {""assay"": ""CHEMBL1825593"", ""type"": ""Ratio"", ""scale"": ""fold"", ""value"": 0.627, ""units"": null, ""doc"": ""CHEMBL1821720"", ""rule"": ""自由文本指标 Ratio 受限提升为效能(fold)，描述命中：「ratio of enzyme activation in compound treated」""}]",0,,2,"[{""assay"": ""CHEMBL1825594"", ""type"": ""Activity"", ""value"": 66, ""units"": ""%"", ""reason"": ""Activity 为自由文本指标（无官方标准化规则），assay 描述未命中提升门槛，不跨实验汇总""}, {""assay"": ""CHEMBL1825595"", ""type"": ""Activity"", ""value"": 63, ""units"": ""%"", ""reason"": ""Activity 为自由文本指标（无官方标准化规则），assay 描述未命中提升门槛，不跨实验汇总""}]",6,6,1,"[""CHEMBL1821720""]",2011,LITERATURE,0,不适用（可定量效力值不足 2 个 assay）,中,仅 1 篇文献支撑；2 条指标未归类（见 unclassified_records）
CHEMBL1821923,,Small molecule,,CC(=O)c1ccccc1-c1cc(C(=O)Nc2nc3c(s2)CCC3)cs1,QEILTUCEUPXHLF-UHFFFAOYSA-N,0,,,,,,,,,0,,0,0,0,,4,2.02,Ratio@CHEMBL1825590,4,,,0,4,1,"[{""assay"": ""CHEMBL1825590"", ""type"": ""Ratio"", ""scale"": ""fold"", ""value"": 2.02, ""units"": null, ""doc"": ""CHEMBL1821720"", ""rule"": ""自由文本指标 Ratio 受限提升为效能(fold)，描述命中：「ratio of enzyme activation in treated to untreated control」""}, {""assay"": ""CHEMBL1825591"", ""type"": ""Ratio"", ""scale"": ""fold"", ""value"": 0.274, ""units"": null, ""doc"": ""CHEMBL1821720"", ""rule"": ""自由文本指标 Ratio 受限提升为效能(fold)，描述命中：「ratio of enzyme activation in compound treated」""}, {""assay"": ""CHEMBL1825592"", ""type"": ""Ratio"", ""scale"": ""fold"", ""value"": 1.45, ""units"": null, ""doc"": ""CHEMBL1821720"", ""rule"": ""自由文本指标 Ratio 受限提升为效能(fold)，描述命中：「ratio of enzyme activation in treated to untreated control」""}, {""assay"": ""CHEMBL1825593"", ""type"": ""Ratio"", ""scale"": ""fold"", ""value"": 0.296, ""units"": null, ""doc"": ""CHEMBL1821720"", ""rule"": ""自由文本指标 Ratio 受限提升为效能(fold)，描述命中：「ratio of enzyme activation in compound treated」""}]",0,,0,,4,4,1,"[""CHEMBL1821720""]",2011,LITERATURE,0,不适用（可定量效力值不足 2 个 assay）,中,仅 1 篇文献支撑
CHEMBL1821924,,Small molecule,,CCc1sc(-c2ccccc2C(C)=O)cc1C(=O)Nc1nc2c(s1)CCC2,RNWDMMNMATUJES-UHFFFAOYSA-N,0,,,,,,,,,0,,0,0,0,,4,2.46,Ratio@CHEMBL1825590,4,,,0,4,1,"[{""assay"": ""CHEMBL1825590"", ""type"": ""Ratio"", ""scale"": ""fold"", ""value"": 2.46, ""units"": null, ""doc"": ""CHEMBL1821720"", ""rule"": ""自由文本指标 Ratio 受限提升为效能(fold)，描述命中：「ratio of enzyme activation in treated to untreated control」""}, {""assay"": ""CHEMBL1825591"", ""type"": ""Ratio"", ""scale"": ""fold"", ""value"": 0.446, ""units"": null, ""doc"": ""CHEMBL1821720"", ""rule"": ""自由文本指标 Ratio 受限提升为效能(fold)，描述命中：「ratio of enzyme activation in compound treated」""}, {""assay"": ""CHEMBL1825592"", ""type"": ""Ratio"", ""scale"": ""fold"", ""value"": 1.5, ""units"": null, ""doc"": ""CHEMBL1821720"", ""rule"": ""自由文本指标 Ratio 受限提升为效能(fold)，描述命中：「ratio of enzyme activation in treated to untreated control」""}, {""assay"": ""CHEMBL1825593"", ""type"": ""Ratio"", ""scale"": ""fold"", ""value"": 0.446, ""units"": null, ""doc"": ""CHEMBL1821720"", ""rule"": ""自由文本指标 Ratio 受限提升为效能(fold)，描述命中：「ratio of enzyme activation in compound treated」""}]",0,,0,,4,4,1,"[""CHEMBL1821720""]",2011,LITERATURE,0,不适用（可定量效力值不足 2 个 assay）,中,仅 1 篇文献支撑
CHEMBL1821925,,Small molecule,,CC(=O)c1ccccc1-c1cc(C(=O)Nc2nc3c(s2)CCCC3)cs1,NGVBLHWNMLIFKI-UHFFFAOYSA-N,0,,,,,,,,,0,,0,0,0,,4,1.57,Ratio@CHEMBL1825590,4,,,0,4,1,"[{""assay"": ""CHEMBL1825590"", ""type"": ""Ratio"", ""scale"": ""fold"", ""value"": 1.57, ""units"": null, ""doc"": ""CHEMBL1821720"", ""rule"": ""自由文本指标 Ratio 受限提升为效能(fold)，描述命中：「ratio of enzyme activation in treated to untreated control」""}, {""assay"": ""CHEMBL1825591"", ""type"": ""Ratio"", ""scale"": ""fold"", ""value"": 0.145, ""units"": null, ""doc"": ""CHEMBL1821720"", ""rule"": ""自由文本指标 Ratio 受限提升为效能(fold)，描述命中：「ratio of enzyme activation in compound treated」""}, {""assay"": ""CHEMBL1825592"", ""type"": ""Ratio"", ""scale"": ""fold"", ""value"": 1.26, ""units"": null, ""doc"": ""CHEMBL1821720"", ""rule"": ""自由文本指标 Ratio 受限提升为效能(fold)，描述命中：「ratio of enzyme activation in treated to untreated control」""}, {""assay"": ""CHEMBL1825593"", ""type"": ""Ratio"", ""scale"": ""fold"", ""value"": 0.214, ""units"": null, ""doc"": ""CHEMBL1821720"", ""rule"": ""自由文本指标 Ratio 受限提升为效能(fold)，描述命中：「ratio of enzyme activation in compound treated」""}]",0,,0,,4,4,1,"[""CHEMBL1821720""]",2011,LITERATURE,0,不适用（可定量效力值不足 2 个 assay）,中,仅 1 篇文献支撑
CHEMBL1821926,,Small molecule,,CCc1sc(-c2ccccc2C(C)=O)cc1C(=O)Nc1nc2c(s1)CCCC2,XGNDACAGCASHNH-UHFFFAOYSA-N,0,,,,,,,,,0,,0,0,0,,4,2.22,Ratio@CHEMBL1825590,4,,,0,4,1,"[{""assay"": ""CHEMBL1825590"", ""type"": ""Ratio"", ""scale"": ""fold"", ""value"": 2.22, ""units"": null, ""doc"": ""CHEMBL1821720"", ""rule"": ""自由文本指标 Ratio 受限提升为效能(fold)，描述命中：「ratio of enzyme activation in treated to untreated control」""}, {""assay"": ""CHEMBL1825591"", ""type"": ""Ratio"", ""scale"": ""fold"", ""value"": 0.312, ""units"": null, ""doc"": ""CHEMBL1821720"", ""rule"": ""自由文本指标 Ratio 受限提升为效能(fold)，描述命中：「ratio of enzyme activation in compound treated」""}, {""assay"": ""CHEMBL1825592"", ""type"": ""Ratio"", ""scale"": ""fold"", ""value"": 1.23, ""units"": null, ""doc"": ""CHEMBL1821720"", ""rule"": ""自由文本指标 Ratio 受限提升为效能(fold)，描述命中：「ratio of enzyme activation in treated to untreated control」""}, {""assay"": ""CHEMBL1825593"", ""type"": ""Ratio"", ""scale"": ""fold"", ""value"": 0.182, ""units"": null, ""doc"": ""CHEMBL1821720"", ""rule"": ""自由文本指标 Ratio 受限提升为效能(fold)，描述命中：「ratio of enzyme activation in compound treated」""}]",0,,0,,4,4,1,"[""CHEMBL1821720""]",2011,LITERATURE,0,不适用（可定量效力值不足 2 个 assay）,中,仅 1 篇文献支撑
CHEMBL1821927,,Small molecule,,CC(=O)c1ccccc1-c1cc(C(=O)Nc2nc3c(s2)CCC3)co1,WDGGFKXWOISSFJ-UHFFFAOYSA-N,0,,,,,,,,,0,,0,0,0,,4,1.77,Ratio@CHEMBL1825590,4,,,0,4,1,"[{""assay"": ""CHEMBL1825590"", ""type"": ""Ratio"", ""scale"": ""fold"", ""value"": 1.77, ""units"": null, ""doc"": ""CHEMBL1821720"", ""rule"": ""自由文本指标 Ratio 受限提升为效能(fold)，描述命中：「ratio of enzyme activation in treated to untreated control」""}, {""assay"": ""CHEMBL1825591"", ""type"": ""Ratio"", ""scale"": ""fold"", ""value"": 0.207, ""units"": null, ""doc"": ""CHEMBL1821720"", ""rule"": ""自由文本指标 Ratio 受限提升为效能(fold)，描述命中：「ratio of enzyme activation in compound treated」""}, {""assay"": ""CHEMBL1825592"", ""type"": ""Ratio"", ""scale"": ""fold"", ""value"": 1.42, ""units"": null, ""doc"": ""CHEMBL1821720"", ""rule"": ""自由文本指标 Ratio 受限提升为效能(fold)，描述命中：「ratio of enzyme activation in treated to untreated control」""}, {""assay"": ""CHEMBL1825593"", ""type"": ""Ratio"", ""scale"": ""fold"", ""value"": 0.275, ""units"": null, ""doc"": ""CHEMBL1821720"", ""rule"": ""自由文本指标 Ratio 受限提升为效能(fold)，描述命中：「ratio of enzyme activation in compound treated」""}]",0,,0,,4,4,1,"[""CHEMBL1821720""]",2011,LITERATURE,0,不适用（可定量效力值不足 2 个 assay）,中,仅 1 篇文献支撑
CHEMBL1821928,,Small molecule,,CCc1oc(-c2ccccc2C(C)=O)cc1C(=O)Nc1nc2c(s1)CCC2,ASWMFIWSTXDRKG-UHFFFAOYSA-N,0,,,,,,,,,0,,0,0,0,,4,1.64,Ratio@CHEMBL1825590,4,,,0,4,1,"[{""assay"": ""CHEMBL1825590"", ""type"": ""Ratio"", ""scale"": ""fold"", ""value"": 1.64, ""units"": null, ""doc"": ""CHEMBL1821720"", ""rule"": ""自由文本指标 Ratio 受限提升为效能(fold)，描述命中：「ratio of enzyme activation in treated to untreated control」""}, {""assay"": ""CHEMBL1825591"", ""type"": ""Ratio"", ""scale"": ""fold"", ""value"": 0.193, ""units"": null, ""doc"": ""CHEMBL1821720"", ""rule"": ""自由文本指标 Ratio 受限提升为效能(fold)，描述命中：「ratio of enzyme activation in compound treated」""}, {""assay"": ""CHEMBL1825592"", ""type"": ""Ratio"", ""scale"": ""fold"", ""value"": 1.41, ""units"": null, ""doc"": ""CHEMBL1821720"", ""rule"": ""自由文本指标 Ratio 受限提升为效能(fold)，描述命中：「ratio of enzyme activation in treated to untreated control」""}, {""assay"": ""CHEMBL1825593"", ""type"": ""Ratio"", ""scale"": ""fold"", ""value"": 0.361, ""units"": null, ""doc"": ""CHEMBL1821720"", ""rule"": ""自由文本指标 Ratio 受限提升为效能(fold)，描述命中：「ratio of enzyme activation in compound treated」""}]",0,,0,,4,4,1,"[""CHEMBL1821720""]",2011,LITERATURE,0,不适用（可定量效力值不足 2 个 assay）,中,仅 1 篇文献支撑
CHEMBL1821929,,Small molecule,,O=C(Nc1nc2c(s1)CCCC2)C1CCCO1,OKPXTQQUMQFEEH-UHFFFAOYSA-N,0,,,,,,,,,0,,0,0,0,,4,1.06,Ratio@CHEMBL1825590,4,,,0,4,1,"[{""assay"": ""CHEMBL1825590"", ""type"": ""Ratio"", ""scale"": ""fold"", ""value"": 1.06, ""units"": null, ""doc"": ""CHEMBL1821720"", ""rule"": ""自由文本指标 Ratio 受限提升为效能(fold)，描述命中：「ratio of enzyme activation in treated to untreated control」""}, {""assay"": ""CHEMBL1825591"", ""type"": ""Ratio"", ""scale"": ""fold"", ""value"": 0.008, ""units"": null, ""doc"": ""CHEMBL1821720"", ""rule"": ""自由文本指标 Ratio 受限提升为效能(fold)，描述命中：「ratio of enzyme activation in compound treated」""}, {""assay"": ""CHEMBL1825592"", ""type"": ""Ratio"", ""scale"": ""fold"", ""value"": 1.03, ""units"": null, ""doc"": ""CHEMBL1821720"", ""rule"": ""自由文本指标 Ratio 受限提升为效能(fold)，描述命中：「ratio of enzyme activation in treated to untreated control」""}, {""assay"": ""CHEMBL1825593"", ""type"": ""Ratio"", ""scale"": ""fold"", ""value"": 0.014, ""units"": null, ""doc"": ""CHEMBL1821720"", ""rule"": ""自由文本指标 Ratio 受限提升为效能(fold)，描述命中：「ratio of enzyme activation in compound treated」""}]",0,,0,,4,4,1,"[""CHEMBL1821720""]",2011,LITERATURE,0,不适用（可定量效力值不足 2 个 assay）,中,仅 1 篇文献支撑
CHEMBL1821930,,Small molecule,,CCc1oc(-c2ccccc2C(C)=O)cc1C(=O)Nc1nc2c(s1)CCCC2,UDXWLLYDIKTQBP-UHFFFAOYSA-N,0,,,,,,,,,0,,0,0,0,,4,1.89,Ratio@CHEMBL1825590,4,,,0,4,1,"[{""assay"": ""CHEMBL1825590"", ""type"": ""Ratio"", ""scale"": ""fold"", ""value"": 1.89, ""units"": null, ""doc"": ""CHEMBL1821720"", ""rule"": ""自由文本指标 Ratio 受限提升为效能(fold)，描述命中：「ratio of enzyme activation in treated to untreated control」""}, {""assay"": ""CHEMBL1825591"", ""type"": ""Ratio"", ""scale"": ""fold"", ""value"": 0.278, ""units"": null, ""doc"": ""CHEMBL1821720"", ""rule"": ""自由文本指标 Ratio 受限提升为效能(fold)，描述命中：「ratio of enzyme activation in compound treated」""}, {""assay"": ""CHEMBL1825592"", ""type"": ""Ratio"", ""scale"": ""fold"", ""value"": 1.25, ""units"": null, ""doc"": ""CHEMBL1821720"", ""rule"": ""自由文本指标 Ratio 受限提升为效能(fold)，描述命中：「ratio of enzyme activation in treated to untreated control」""}, {""assay"": ""CHEMBL1825593"", ""type"": ""Ratio"", ""scale"": ""fold"", ""value"": 0.194, ""units"": null, ""doc"": ""CHEMBL1821720"", ""rule"": ""自由文本指标 Ratio 受限提升为效能(fold)，描述命中：「ratio of enzyme activation in compound treated」""}]",0,,0,,4,4,1,"[""CHEMBL1821720""]",2011,LITERATURE,0,不适用（可定量效力值不足 2 个 assay）,中,仅 1 篇文献支撑
CHEMBL1821931,,Small molecule,,CC(=O)Oc1ccccc1-c1cc(C(=O)Nc2nc3c(s2)CCC3)c(C)o1,IPMWNZGUIWBQJK-UHFFFAOYSA-N,0,,,,,,,,,0,,0,0,0,,4,0.95,Ratio@CHEMBL1825590,4,,,0,4,1,"[{""assay"": ""CHEMBL1825590"", ""type"": ""Ratio"", ""scale"": ""fold"", ""value"": 0.95, ""units"": null, ""doc"": ""CHEMBL1821720"", ""rule"": ""自由文本指标 Ratio 受限提升为效能(fold)，描述命中：「ratio of enzyme activation in treated to untreated control」""}, {""assay"": ""CHEMBL1825591"", ""type"": ""Ratio"", ""scale"": ""fold"", ""value"": -0.012, ""units"": null, ""doc"": ""CHEMBL1821720"", ""rule"": ""自由文本指标 Ratio 受限提升为效能(fold)，描述命中：「ratio of enzyme activation in compound treated」""}, {""assay"": ""CHEMBL1825592"", ""type"": ""Ratio"", ""scale"": ""fold"", ""value"": 0.88, ""units"": null, ""doc"": ""CHEMBL1821720"", ""rule"": ""自由文本指标 Ratio 受限提升为效能(fold)，描述命中：「ratio of enzyme activation in treated to untreated control」""}, {""assay"": ""CHEMBL1825593"", ""type"": ""Ratio"", ""scale"": ""fold"", ""value"": -0.072, ""units"": null, ""doc"": ""CHEMBL1821720"", ""rule"": ""自由文本指标 Ratio 受限提升为效能(fold)，描述命中：「ratio of enzyme activation in compound treated」""}]",0,,0,,4,4,1,"[""CHEMBL1821720""]",2011,LITERATURE,0,不适用（可定量效力值不足 2 个 assay）,中,仅 1 篇文献支撑
CHEMBL1821932,,Small molecule,,CC(=O)Oc1cccc(-c2cc(C(=O)Nc3nc4c(s3)CCC4)c(C)o2)c1,ZKEQNMUGBWGGRN-UHFFFAOYSA-N,0,,,,,,,,,0,,0,0,0,,4,0.94,Ratio@CHEMBL1825590,4,,,0,4,1,"[{""assay"": ""CHEMBL1825590"", ""type"": ""Ratio"", ""scale"": ""fold"", ""value"": 0.94, ""units"": null, ""doc"": ""CHEMBL1821720"", ""rule"": ""自由文本指标 Ratio 受限提升为效能(fold)，描述命中：「ratio of enzyme activation in treated to untreated control」""}, {""assay"": ""CHEMBL1825591"", ""type"": ""Ratio"", ""scale"": ""fold"", ""value"": -0.019, ""units"": null, ""doc"": ""CHEMBL1821720"", ""rule"": ""自由文本指标 Ratio 受限提升为效能(fold)，描述命中：「ratio of enzyme activation in compound treated」""}, {""assay"": ""CHEMBL1825592"", ""type"": ""Ratio"", ""scale"": ""fold"", ""value"": 0.92, ""units"": null, ""doc"": ""CHEMBL1821720"", ""rule"": ""自由文本指标 Ratio 受限提升为效能(fold)，描述命中：「ratio of enzyme activation in treated to untreated control」""}, {""assay"": ""CHEMBL1825593"", ""type"": ""Ratio"", ""scale"": ""fold"", ""value"": -0.047, ""units"": null, ""doc"": ""CHEMBL1821720"", ""rule"": ""自由文本指标 Ratio 受限提升为效能(fold)，描述命中：「ratio of enzyme activation in compound treated」""}]",0,,0,,4,4,1,"[""CHEMBL1821720""]",2011,LITERATURE,0,不适用（可定量效力值不足 2 个 assay）,中,仅 1 篇文献支撑
CHEMBL1821933,,Small molecule,,COC(=O)c1ccccc1-c1cc(C(=O)Nc2nc3c(s2)CCC3)c(C)o1,BZCUZQGNIPIYST-UHFFFAOYSA-N,0,,,,,,,,,0,,0,0,0,,4,1.36,Ratio@CHEMBL1825590,4,,,0,4,1,"[{""assay"": ""CHEMBL1825590"", ""type"": ""Ratio"", ""scale"": ""fold"", ""value"": 1.36, ""units"": null, ""doc"": ""CHEMBL1821720"", ""rule"": ""自由文本指标 Ratio 受限提升为效能(fold)，描述命中：「ratio of enzyme activation in treated to untreated control」""}, {""assay"": ""CHEMBL1825591"", ""type"": ""Ratio"", ""scale"": ""fold"", ""value"": 0.098, ""units"": null, ""doc"": ""CHEMBL1821720"", ""rule"": ""自由文本指标 Ratio 受限提升为效能(fold)，描述命中：「ratio of enzyme activation in compound treated」""}, {""assay"": ""CHEMBL1825592"", ""type"": ""Ratio"", ""scale"": ""fold"", ""value"": 1.1, ""units"": null, ""doc"": ""CHEMBL1821720"", ""rule"": ""自由文本指标 Ratio 受限提升为效能(fold)，描述命中：「ratio of enzyme activation in treated to untreated control」""}, {""assay"": ""CHEMBL1825593"", ""type"": ""Ratio"", ""scale"": ""fold"", ""value"": 0.054, ""units"": null, ""doc"": ""CHEMBL1821720"", ""rule"": ""自由文本指标 Ratio 受限提升为效能(fold)，描述命中：「ratio of enzyme activation in compound treated」""}]",0,,0,,4,4,1,"[""CHEMBL1821720""]",2011,LITERATURE,0,不适用（可定量效力值不足 2 个 assay）,中,仅 1 篇文献支撑
CHEMBL1821934,,Small molecule,,Cc1oc(-c2ccccc2C(=O)O)cc1C(=O)Nc1nc2c(s1)CCC2,AQXWWHSITOSSMU-UHFFFAOYSA-N,0,,,,,,,,,0,,0,0,0,,4,0.94,Ratio@CHEMBL1825592,4,,,0,4,1,"[{""assay"": ""CHEMBL1825590"", ""type"": ""Ratio"", ""scale"": ""fold"", ""value"": 0.92, ""units"": null, ""doc"": ""CHEMBL1821720"", ""rule"": ""自由文本指标 Ratio 受限提升为效能(fold)，描述命中：「ratio of enzyme activation in treated to untreated control」""}, {""assay"": ""CHEMBL1825591"", ""type"": ""Ratio"", ""scale"": ""fold"", ""value"": -0.023, ""units"": null, ""doc"": ""CHEMBL1821720"", ""rule"": ""自由文本指标 Ratio 受限提升为效能(fold)，描述命中：「ratio of enzyme activation in compound treated」""}, {""assay"": ""CHEMBL1825592"", ""type"": ""Ratio"", ""scale"": ""fold"", ""value"": 0.94, ""units"": null, ""doc"": ""CHEMBL1821720"", ""rule"": ""自由文本指标 Ratio 受限提升为效能(fold)，描述命中：「ratio of enzyme activation in treated to untreated control」""}, {""assay"": ""CHEMBL1825593"", ""type"": ""Ratio"", ""scale"": ""fold"", ""value"": -0.034, ""units"": null, ""doc"": ""CHEMBL1821720"", ""rule"": ""自由文本指标 Ratio 受限提升为效能(fold)，描述命中：「ratio of enzyme activation in compound treated」""}]",0,,0,,4,4,1,"[""CHEMBL1821720""]",2011,LITERATURE,0,不适用（可定量效力值不足 2 个 assay）,中,仅 1 篇文献支撑
CHEMBL1821935,,Small molecule,,Cc1oc(-c2ccccc2C#N)cc1C(=O)Nc1nc2c(s1)CCC2,GJGGJALZIZCEAJ-UHFFFAOYSA-N,0,,,,,,,,,0,,0,0,0,,4,1.25,Ratio@CHEMBL1825590,4,,,0,4,1,"[{""assay"": ""CHEMBL1825590"", ""type"": ""Ratio"", ""scale"": ""fold"", ""value"": 1.25, ""units"": null, ""doc"": ""CHEMBL1821720"", ""rule"": ""自由文本指标 Ratio 受限提升为效能(fold)，描述命中：「ratio of enzyme activation in treated to untreated control」""}, {""assay"": ""CHEMBL1825591"", ""type"": ""Ratio"", ""scale"": ""fold"", ""value"": 0.067, ""units"": null, ""doc"": ""CHEMBL1821720"", ""rule"": ""自由文本指标 Ratio 受限提升为效能(fold)，描述命中：「ratio of enzyme activation in compound treated」""}, {""assay"": ""CHEMBL1825592"", ""type"": ""Ratio"", ""scale"": ""fold"", ""value"": 1.1, ""units"": null, ""doc"": ""CHEMBL1821720"", ""rule"": ""自由文本指标 Ratio 受限提升为效能(fold)，描述命中：「ratio of enzyme activation in treated to untreated control」""}, {""assay"": ""CHEMBL1825593"", ""type"": ""Ratio"", ""scale"": ""fold"", ""value"": 0.064, ""units"": null, ""doc"": ""CHEMBL1821720"", ""rule"": ""自由文本指标 Ratio 受限提升为效能(fold)，描述命中：「ratio of enzyme activation in compound treated」""}]",0,,0,,4,4,1,"[""CHEMBL1821720""]",2011,LITERATURE,0,不适用（可定量效力值不足 2 个 assay）,中,仅 1 篇文献支撑
CHEMBL1821936,,Small molecule,,Cc1oc(-c2cccc(C#N)c2)cc1C(=O)Nc1nc2c(s1)CCC2,FITGRHCWFKCXQU-UHFFFAOYSA-N,0,,,,,,,,,0,,0,0,0,,4,0.99,Ratio@CHEMBL1825590,4,,,0,4,1,"[{""assay"": ""CHEMBL1825590"", ""type"": ""Ratio"", ""scale"": ""fold"", ""value"": 0.99, ""units"": null, ""doc"": ""CHEMBL1821720"", ""rule"": ""自由文本指标 Ratio 受限提升为效能(fold)，描述命中：「ratio of enzyme activation in treated to untreated control」""}, {""assay"": ""CHEMBL1825591"", ""type"": ""Ratio"", ""scale"": ""fold"", ""value"": -0.002, ""units"": null, ""doc"": ""CHEMBL1821720"", ""rule"": ""自由文本指标 Ratio 受限提升为效能(fold)，描述命中：「ratio of enzyme activation in compound treated」""}, {""assay"": ""CHEMBL1825592"", ""type"": ""Ratio"", ""scale"": ""fold"", ""value"": 0.85, ""units"": null, ""doc"": ""CHEMBL1821720"", ""rule"": ""自由文本指标 Ratio 受限提升为效能(fold)，描述命中：「ratio of enzyme activation in treated to untreated control」""}, {""assay"": ""CHEMBL1825593"", ""type"": ""Ratio"", ""scale"": ""fold"", ""value"": -0.09, ""units"": null, ""doc"": ""CHEMBL1821720"", ""rule"": ""自由文本指标 Ratio 受限提升为效能(fold)，描述命中：「ratio of enzyme activation in compound treated」""}]",0,,0,,4,4,1,"[""CHEMBL1821720""]",2011,LITERATURE,0,不适用（可定量效力值不足 2 个 assay）,中,仅 1 篇文献支撑
CHEMBL1821937,,Small molecule,,Cc1oc(-c2ccccc2[N+](=O)[O-])cc1C(=O)Nc1nc2c(s1)CCC2,WZRJXWMGEUXQNW-UHFFFAOYSA-N,0,,,,,,,,,0,,0,0,0,,4,1.89,Ratio@CHEMBL1825590,4,,,0,4,1,"[{""assay"": ""CHEMBL1825590"", ""type"": ""Ratio"", ""scale"": ""fold"", ""value"": 1.89, ""units"": null, ""doc"": ""CHEMBL1821720"", ""rule"": ""自由文本指标 Ratio 受限提升为效能(fold)，描述命中：「ratio of enzyme activation in treated to untreated control」""}, {""assay"": ""CHEMBL1825591"", ""type"": ""Ratio"", ""scale"": ""fold"", ""value"": 0.244, ""units"": null, ""doc"": ""CHEMBL1821720"", ""rule"": ""自由文本指标 Ratio 受限提升为效能(fold)，描述命中：「ratio of enzyme activation in compound treated」""}, {""assay"": ""CHEMBL1825592"", ""type"": ""Ratio"", ""scale"": ""fold"", ""value"": 1.46, ""units"": null, ""doc"": ""CHEMBL1821720"", ""rule"": ""自由文本指标 Ratio 受限提升为效能(fold)，描述命中：「ratio of enzyme activation in treated to untreated control」""}, {""assay"": ""CHEMBL1825593"", ""type"": ""Ratio"", ""scale"": ""fold"", ""value"": 0.267, ""units"": null, ""doc"": ""CHEMBL1821720"", ""rule"": ""自由文本指标 Ratio 受限提升为效能(fold)，描述命中：「ratio of enzyme activation in compound treated」""}]",0,,0,,4,4,1,"[""CHEMBL1821720""]",2011,LITERATURE,0,不适用（可定量效力值不足 2 个 assay）,中,仅 1 篇文献支撑
CHEMBL1821938,,Small molecule,,Cc1sc(-c2ccccc2S(C)(=O)=O)cc1C(=O)Nc1nc2c(s1)CCC2,OCRQIMGNVFLHGA-UHFFFAOYSA-N,0,,,,,,,,,0,,0,0,0,,4,3.11,Ratio@CHEMBL1825590,4,,,0,4,1,"[{""assay"": ""CHEMBL1825590"", ""type"": ""Ratio"", ""scale"": ""fold"", ""value"": 3.11, ""units"": null, ""doc"": ""CHEMBL1821720"", ""rule"": ""自由文本指标 Ratio 受限提升为效能(fold)，描述命中：「ratio of enzyme activation in treated to untreated control」""}, {""assay"": ""CHEMBL1825591"", ""type"": ""Ratio"", ""scale"": ""fold"", ""value"": 0.642, ""units"": null, ""doc"": ""CHEMBL1821720"", ""rule"": ""自由文本指标 Ratio 受限提升为效能(fold)，描述命中：「ratio of enzyme activation in compound treated」""}, {""assay"": ""CHEMBL1825592"", ""type"": ""Ratio"", ""scale"": ""fold"", ""value"": 1.56, ""units"": null, ""doc"": ""CHEMBL1821720"", ""rule"": ""自由文本指标 Ratio 受限提升为效能(fold)，描述命中：「ratio of enzyme activation in treated to untreated control」""}, {""assay"": ""CHEMBL1825593"", ""type"": ""Ratio"", ""scale"": ""fold"", ""value"": 0.495, ""units"": null, ""doc"": ""CHEMBL1821720"", ""rule"": ""自由文本指标 Ratio 受限提升为效能(fold)，描述命中：「ratio of enzyme activation in compound treated」""}]",0,,0,,4,4,1,"[""CHEMBL1821720""]",2011,LITERATURE,0,不适用（可定量效力值不足 2 个 assay）,中,仅 1 篇文献支撑
CHEMBL1821939,,Small molecule,,CCc1sc(-c2ccccc2S(C)(=O)=O)cc1C(=O)Nc1nc2c(s1)CCC2,GVEMGTNDSQTUIX-UHFFFAOYSA-N,0,,,,,,,,,0,,0,0,0,,4,2.76,Ratio@CHEMBL1825590,4,,,0,4,1,"[{""assay"": ""CHEMBL1825590"", ""type"": ""Ratio"", ""scale"": ""fold"", ""value"": 2.76, ""units"": null, ""doc"": ""CHEMBL1821720"", ""rule"": ""自由文本指标 Ratio 受限提升为效能(fold)，描述命中：「ratio of enzyme activation in treated to untreated control」""}, {""assay"": ""CHEMBL1825591"", ""type"": ""Ratio"", ""scale"": ""fold"", ""value"": 0.537, ""units"": null, ""doc"": ""CHEMBL1821720"", ""rule"": ""自由文本指标 Ratio 受限提升为效能(fold)，描述命中：「ratio of enzyme activation in compound treated」""}, {""assay"": ""CHEMBL1825592"", ""type"": ""Ratio"", ""scale"": ""fold"", ""value"": 1.41, ""units"": null, ""doc"": ""CHEMBL1821720"", ""rule"": ""自由文本指标 Ratio 受限提升为效能(fold)，描述命中：「ratio of enzyme activation in treated to untreated control」""}, {""assay"": ""CHEMBL1825593"", ""type"": ""Ratio"", ""scale"": ""fold"", ""value"": 0.363, ""units"": null, ""doc"": ""CHEMBL1821720"", ""rule"": ""自由文本指标 Ratio 受限提升为效能(fold)，描述命中：「ratio of enzyme activation in compound treated」""}]",0,,0,,4,4,1,"[""CHEMBL1821720""]",2011,LITERATURE,0,不适用（可定量效力值不足 2 个 assay）,中,仅 1 篇文献支撑
CHEMBL1821940,,Small molecule,,CCc1sc(-c2ccccc2S(C)(=O)=O)cc1C(=O)Nc1nc2c(s1)CCCC2,FTWDCWOSYLHJLC-UHFFFAOYSA-N,0,,,,,,,,,0,,0,0,0,,4,2.16,Ratio@CHEMBL1825590,4,,,0,4,1,"[{""assay"": ""CHEMBL1825590"", ""type"": ""Ratio"", ""scale"": ""fold"", ""value"": 2.16, ""units"": null, ""doc"": ""CHEMBL1821720"", ""rule"": ""自由文本指标 Ratio 受限提升为效能(fold)，描述命中：「ratio of enzyme activation in treated to untreated control」""}, {""assay"": ""CHEMBL1825591"", ""type"": ""Ratio"", ""scale"": ""fold"", ""value"": 0.297, ""units"": null, ""doc"": ""CHEMBL1821720"", ""rule"": ""自由文本指标 Ratio 受限提升为效能(fold)，描述命中：「ratio of enzyme activation in compound treated」""}, {""assay"": ""CHEMBL1825592"", ""type"": ""Ratio"", ""scale"": ""fold"", ""value"": 0.95, ""units"": null, ""doc"": ""CHEMBL1821720"", ""rule"": ""自由文本指标 Ratio 受限提升为效能(fold)，描述命中：「ratio of enzyme activation in treated to untreated control」""}, {""assay"": ""CHEMBL1825593"", ""type"": ""Ratio"", ""scale"": ""fold"", ""value"": -0.041, ""units"": null, ""doc"": ""CHEMBL1821720"", ""rule"": ""自由文本指标 Ratio 受限提升为效能(fold)，描述命中：「ratio of enzyme activation in compound treated」""}]",0,,0,,4,4,1,"[""CHEMBL1821720""]",2011,LITERATURE,0,不适用（可定量效力值不足 2 个 assay）,中,仅 1 篇文献支撑
CHEMBL1821941,,Small molecule,,Cc1oc(-c2ccccc2S(C)(=O)=O)cc1C(=O)Nc1nc2c(s1)CCC2,CHBTYOXHHQAVCJ-UHFFFAOYSA-N,0,,,,,,,,,0,,0,0,0,,4,2.81,Ratio@CHEMBL1825590,4,,,0,4,1,"[{""assay"": ""CHEMBL1825590"", ""type"": ""Ratio"", ""scale"": ""fold"", ""value"": 2.81, ""units"": null, ""doc"": ""CHEMBL1821720"", ""rule"": ""自由文本指标 Ratio 受限提升为效能(fold)，描述命中：「ratio of enzyme activation in treated to untreated control」""}, {""assay"": ""CHEMBL1825591"", ""type"": ""Ratio"", ""scale"": ""fold"", ""value"": 0.504, ""units"": null, ""doc"": ""CHEMBL1821720"", ""rule"": ""自由文本指标 Ratio 受限提升为效能(fold)，描述命中：「ratio of enzyme activation in compound treated」""}, {""assay"": ""CHEMBL1825592"", ""type"": ""Ratio"", ""scale"": ""fold"", ""value"": 1.72, ""units"": null, ""doc"": ""CHEMBL1821720"", ""rule"": ""自由文本指标 Ratio 受限提升为效能(fold)，描述命中：「ratio of enzyme activation in treated to untreated control」""}, {""assay"": ""CHEMBL1825593"", ""type"": ""Ratio"", ""scale"": ""fold"", ""value"": 0.47, ""units"": null, ""doc"": ""CHEMBL1821720"", ""rule"": ""自由文本指标 Ratio 受限提升为效能(fold)，描述命中：「ratio of enzyme activation in compound treated」""}]",0,,0,,4,4,1,"[""CHEMBL1821720""]",2011,LITERATURE,0,不适用（可定量效力值不足 2 个 assay）,中,仅 1 篇文献支撑
CHEMBL1821942,,Small molecule,,CCc1oc(-c2ccccc2S(C)(=O)=O)cc1C(=O)Nc1nc2c(s1)CCC2,AEUWEGCQLREBEG-UHFFFAOYSA-N,0,,,,,,,,,0,,0,0,0,,4,2.92,Ratio@CHEMBL1825590,4,,,0,4,1,"[{""assay"": ""CHEMBL1825590"", ""type"": ""Ratio"", ""scale"": ""fold"", ""value"": 2.92, ""units"": null, ""doc"": ""CHEMBL1821720"", ""rule"": ""自由文本指标 Ratio 受限提升为效能(fold)，描述命中：「ratio of enzyme activation in treated to untreated control」""}, {""assay"": ""CHEMBL1825591"", ""type"": ""Ratio"", ""scale"": ""fold"", ""value"": 0.586, ""units"": null, ""doc"": ""CHEMBL1821720"", ""rule"": ""自由文本指标 Ratio 受限提升为效能(fold)，描述命中：「ratio of enzyme activation in compound treated」""}, {""assay"": ""CHEMBL1825592"", ""type"": ""Ratio"", ""scale"": ""fold"", ""value"": 1.39, ""units"": null, ""doc"": ""CHEMBL1821720"", ""rule"": ""自由文本指标 Ratio 受限提升为效能(fold)，描述命中：「ratio of enzyme activation in treated to untreated control」""}, {""assay"": ""CHEMBL1825593"", ""type"": ""Ratio"", ""scale"": ""fold"", ""value"": 0.343, ""units"": null, ""doc"": ""CHEMBL1821720"", ""rule"": ""自由文本指标 Ratio 受限提升为效能(fold)，描述命中：「ratio of enzyme activation in compound treated」""}]",0,,0,,4,4,1,"[""CHEMBL1821720""]",2011,LITERATURE,0,不适用（可定量效力值不足 2 个 assay）,中,仅 1 篇文献支撑
CHEMBL1821943,,Small molecule,,Cc1sc(-c2ccccc2C(N)=O)cc1C(=O)Nc1nc2c(s1)CCC2,ZCJPOELSNPEHQF-UHFFFAOYSA-N,0,,,,,,,,,0,,0,0,0,,6,6.23,FC@CHEMBL4272644,6,,,0,6,2,"[{""assay"": ""CHEMBL1825590"", ""type"": ""Ratio"", ""scale"": ""fold"", ""value"": 3.34, ""units"": null, ""doc"": ""CHEMBL1821720"", ""rule"": ""自由文本指标 Ratio 受限提升为效能(fold)，描述命中：「ratio of enzyme activation in treated to untreated control」""}, {""assay"": ""CHEMBL1825591"", ""type"": ""Ratio"", ""scale"": ""fold"", ""value"": 0.714, ""units"": null, ""doc"": ""CHEMBL1821720"", ""rule"": ""自由文本指标 Ratio 受限提升为效能(fold)，描述命中：「ratio of enzyme activation in compound treated」""}, {""assay"": ""CHEMBL1825592"", ""type"": ""Ratio"", ""scale"": ""fold"", ""value"": 1.8, ""units"": null, ""doc"": ""CHEMBL1821720"", ""rule"": ""自由文本指标 Ratio 受限提升为效能(fold)，描述命中：「ratio of enzyme activation in treated to untreated control」""}, {""assay"": ""CHEMBL1825593"", ""type"": ""Ratio"", ""scale"": ""fold"", ""value"": 0.713, ""units"": null, ""doc"": ""CHEMBL1821720"", ""rule"": ""自由文本指标 Ratio 受限提升为效能(fold)，描述命中：「ratio of enzyme activation in compound treated」""}, {""assay"": ""CHEMBL4272644"", ""type"": ""FC"", ""scale"": ""fold"", ""value"": 6.23, ""units"": null, ""doc"": ""CHEMBL4270548"", ""rule"": ""FC（fold change）为激活倍数""}, {""assay"": ""CHEMBL4272645"", ""type"": ""FC"", ""scale"": ""fold"", ""value"": 0.699, ""units"": null, ""doc"": ""CHEMBL4270548"", ""rule"": ""FC（fold change）为激活倍数""}]",0,,2,"[{""assay"": ""CHEMBL1825594"", ""type"": ""Activity"", ""value"": 69, ""units"": ""%"", ""reason"": ""Activity 为自由文本指标（无官方标准化规则），assay 描述未命中提升门槛，不跨实验汇总""}, {""assay"": ""CHEMBL1825595"", ""type"": ""Activity"", ""value"": 69, ""units"": ""%"", ""reason"": ""Activity 为自由文本指标（无官方标准化规则），assay 描述未命中提升门槛，不跨实验汇总""}]",8,8,2,"[""CHEMBL1821720"", ""CHEMBL4270548""]",2011; 2018,LITERATURE,0,不适用（可定量效力值不足 2 个 assay）,强,2 条指标未归类（见 unclassified_records）
CHEMBL1822111,,Small molecule,,CCc1sc(-c2ccccc2C(N)=O)cc1C(=O)Nc1nc2c(s1)CCC2,PKPOVBDXYFZJMG-UHFFFAOYSA-N,0,,,,,,,,,0,,0,0,0,,4,3.7,Ratio@CHEMBL1825590,4,,,0,4,1,"[{""assay"": ""CHEMBL1825590"", ""type"": ""Ratio"", ""scale"": ""fold"", ""value"": 3.7, ""units"": null, ""doc"": ""CHEMBL1821720"", ""rule"": ""自由文本指标 Ratio 受限提升为效能(fold)，描述命中：「ratio of enzyme activation in treated to untreated control」""}, {""assay"": ""CHEMBL1825591"", ""type"": ""Ratio"", ""scale"": ""fold"", ""value"": 0.69, ""units"": null, ""doc"": ""CHEMBL1821720"", ""rule"": ""自由文本指标 Ratio 受限提升为效能(fold)，描述命中：「ratio of enzyme activation in compound treated」""}, {""assay"": ""CHEMBL1825592"", ""type"": ""Ratio"", ""scale"": ""fold"", ""value"": 1.92, ""units"": null, ""doc"": ""CHEMBL1821720"", ""rule"": ""自由文本指标 Ratio 受限提升为效能(fold)，描述命中：「ratio of enzyme activation in treated to untreated control」""}, {""assay"": ""CHEMBL1825593"", ""type"": ""Ratio"", ""scale"": ""fold"", ""value"": 0.736, ""units"": null, ""doc"": ""CHEMBL1821720"", ""rule"": ""自由文本指标 Ratio 受限提升为效能(fold)，描述命中：「ratio of enzyme activation in compound treated」""}]",0,,2,"[{""assay"": ""CHEMBL1825594"", ""type"": ""Activity"", ""value"": 69, ""units"": ""%"", ""reason"": ""Activity 为自由文本指标（无官方标准化规则），assay 描述未命中提升门槛，不跨实验汇总""}, {""assay"": ""CHEMBL1825595"", ""type"": ""Activity"", ""value"": 69, ""units"": ""%"", ""reason"": ""Activity 为自由文本指标（无官方标准化规则），assay 描述未命中提升门槛，不跨实验汇总""}]",6,6,1,"[""CHEMBL1821720""]",2011,LITERATURE,0,不适用（可定量效力值不足 2 个 assay）,中,仅 1 篇文献支撑；2 条指标未归类（见 unclassified_records）
CHEMBL1822112,,Small molecule,,Cc1oc(-c2ccccc2C(N)=O)cc1C(=O)Nc1nc2c(s1)CCC2,AZMVRNPAAWNOGO-UHFFFAOYSA-N,0,,,,,,,,,0,,0,0,0,,4,2.29,Ratio@CHEMBL1825590,4,,,0,4,1,"[{""assay"": ""CHEMBL1825590"", ""type"": ""Ratio"", ""scale"": ""fold"", ""value"": 2.29, ""units"": null, ""doc"": ""CHEMBL1821720"", ""rule"": ""自由文本指标 Ratio 受限提升为效能(fold)，描述命中：「ratio of enzyme activation in treated to untreated control」""}, {""assay"": ""CHEMBL1825591"", ""type"": ""Ratio"", ""scale"": ""fold"", ""value"": 0.34, ""units"": null, ""doc"": ""CHEMBL1821720"", ""rule"": ""自由文本指标 Ratio 受限提升为效能(fold)，描述命中：「ratio of enzyme activation in compound treated」""}, {""assay"": ""CHEMBL1825592"", ""type"": ""Ratio"", ""scale"": ""fold"", ""value"": 1.58, ""units"": null, ""doc"": ""CHEMBL1821720"", ""rule"": ""自由文本指标 Ratio 受限提升为效能(fold)，描述命中：「ratio of enzyme activation in treated to untreated control」""}, {""assay"": ""CHEMBL1825593"", ""type"": ""Ratio"", ""scale"": ""fold"", ""value"": 0.418, ""units"": null, ""doc"": ""CHEMBL1821720"", ""rule"": ""自由文本指标 Ratio 受限提升为效能(fold)，描述命中：「ratio of enzyme activation in compound treated」""}]",0,,0,,4,4,1,"[""CHEMBL1821720""]",2011,LITERATURE,0,不适用（可定量效力值不足 2 个 assay）,中,仅 1 篇文献支撑
CHEMBL1822113,,Small molecule,,CCc1oc(-c2ccccc2C(N)=O)cc1C(=O)Nc1nc2c(s1)CCC2,PZMIWIKAWLEWJS-UHFFFAOYSA-N,0,,,,,,,,,0,,0,0,0,,4,2.61,Ratio@CHEMBL1825590,4,,,0,4,1,"[{""assay"": ""CHEMBL1825590"", ""type"": ""Ratio"", ""scale"": ""fold"", ""value"": 2.61, ""units"": null, ""doc"": ""CHEMBL1821720"", ""rule"": ""自由文本指标 Ratio 受限提升为效能(fold)，描述命中：「ratio of enzyme activation in treated to untreated control」""}, {""assay"": ""CHEMBL1825591"", ""type"": ""Ratio"", ""scale"": ""fold"", ""value"": 0.453, ""units"": null, ""doc"": ""CHEMBL1821720"", ""rule"": ""自由文本指标 Ratio 受限提升为效能(fold)，描述命中：「ratio of enzyme activation in compound treated」""}, {""assay"": ""CHEMBL1825592"", ""type"": ""Ratio"", ""scale"": ""fold"", ""value"": 1.61, ""units"": null, ""doc"": ""CHEMBL1821720"", ""rule"": ""自由文本指标 Ratio 受限提升为效能(fold)，描述命中：「ratio of enzyme activation in treated to untreated control」""}, {""assay"": ""CHEMBL1825593"", ""type"": ""Ratio"", ""scale"": ""fold"", ""value"": 0.509, ""units"": null, ""doc"": ""CHEMBL1821720"", ""rule"": ""自由文本指标 Ratio 受限提升为效能(fold)，描述命中：「ratio of enzyme activation in compound treated」""}]",0,,0,,4,4,1,"[""CHEMBL1821720""]",2011,LITERATURE,0,不适用（可定量效力值不足 2 个 assay）,中,仅 1 篇文献支撑
CHEMBL1822114,,Small molecule,,Cc1oc(-c2ccccc2C(=O)N(C)C)cc1C(=O)Nc1nc2c(s1)CCC2,NVWABRBTAXKCDG-UHFFFAOYSA-N,0,,,,,,,,,0,,0,0,0,,4,0.96,Ratio@CHEMBL1825590,4,,,0,4,1,"[{""assay"": ""CHEMBL1825590"", ""type"": ""Ratio"", ""scale"": ""fold"", ""value"": 0.96, ""units"": null, ""doc"": ""CHEMBL1821720"", ""rule"": ""自由文本指标 Ratio 受限提升为效能(fold)，描述命中：「ratio of enzyme activation in treated to untreated control」""}, {""assay"": ""CHEMBL1825591"", ""type"": ""Ratio"", ""scale"": ""fold"", ""value"": -0.011, ""units"": null, ""doc"": ""CHEMBL1821720"", ""rule"": ""自由文本指标 Ratio 受限提升为效能(fold)，描述命中：「ratio of enzyme activation in compound treated」""}, {""assay"": ""CHEMBL1825592"", ""type"": ""Ratio"", ""scale"": ""fold"", ""value"": 0.96, ""units"": null, ""doc"": ""CHEMBL1821720"", ""rule"": ""自由文本指标 Ratio 受限提升为效能(fold)，描述命中：「ratio of enzyme activation in treated to untreated control」""}, {""assay"": ""CHEMBL1825593"", ""type"": ""Ratio"", ""scale"": ""fold"", ""value"": -0.026, ""units"": null, ""doc"": ""CHEMBL1821720"", ""rule"": ""自由文本指标 Ratio 受限提升为效能(fold)，描述命中：「ratio of enzyme activation in compound treated」""}]",0,,0,,4,4,1,"[""CHEMBL1821720""]",2011,LITERATURE,0,不适用（可定量效力值不足 2 个 assay）,中,仅 1 篇文献支撑
CHEMBL1822115,,Small molecule,,Cc1cc(C(=O)Nc2nc3c(s2)CCC3(C)C)c(C)o1,XENZFDXJFZZXEC-UHFFFAOYSA-N,0,,,,,,,,,0,,0,0,0,,4,1.0,Ratio@CHEMBL1825590,4,,,0,4,1,"[{""assay"": ""CHEMBL1825590"", ""type"": ""Ratio"", ""scale"": ""fold"", ""value"": 1, ""units"": null, ""doc"": ""CHEMBL1821720"", ""rule"": ""自由文本指标 Ratio 受限提升为效能(fold)，描述命中：「ratio of enzyme activation in treated to untreated control」""}, {""assay"": ""CHEMBL1825591"", ""type"": ""Ratio"", ""scale"": ""fold"", ""value"": 0.001, ""units"": null, ""doc"": ""CHEMBL1821720"", ""rule"": ""自由文本指标 Ratio 受限提升为效能(fold)，描述命中：「ratio of enzyme activation in compound treated」""}, {""assay"": ""CHEMBL1825592"", ""type"": ""Ratio"", ""scale"": ""fold"", ""value"": 0.95, ""units"": null, ""doc"": ""CHEMBL1821720"", ""rule"": ""自由文本指标 Ratio 受限提升为效能(fold)，描述命中：「ratio of enzyme activation in treated to untreated control」""}, {""assay"": ""CHEMBL1825593"", ""type"": ""Ratio"", ""scale"": ""fold"", ""value"": -0.032, ""units"": null, ""doc"": ""CHEMBL1821720"", ""rule"": ""自由文本指标 Ratio 受限提升为效能(fold)，描述命中：「ratio of enzyme activation in compound treated」""}]",0,,0,,4,4,1,"[""CHEMBL1821720""]",2011,LITERATURE,0,不适用（可定量效力值不足 2 个 assay）,中,仅 1 篇文献支撑
CHEMBL1822116,,Small molecule,,Cc1cc(C(=O)Nc2nc3c(s2)CCCCC3)c(C)o1,DDRJICYIQBAXOV-UHFFFAOYSA-N,0,,,,,,,,,0,,0,0,0,,4,1.53,Ratio@CHEMBL1825590,4,,,0,4,1,"[{""assay"": ""CHEMBL1825590"", ""type"": ""Ratio"", ""scale"": ""fold"", ""value"": 1.53, ""units"": null, ""doc"": ""CHEMBL1821720"", ""rule"": ""自由文本指标 Ratio 受限提升为效能(fold)，描述命中：「ratio of enzyme activation in treated to untreated control」""}, {""assay"": ""CHEMBL1825591"", ""type"": ""Ratio"", ""scale"": ""fold"", ""value"": 0.127, ""units"": null, ""doc"": ""CHEMBL1821720"", ""rule"": ""自由文本指标 Ratio 受限提升为效能(fold)，描述命中：「ratio of enzyme activation in compound treated」""}, {""assay"": ""CHEMBL1825592"", ""type"": ""Ratio"", ""scale"": ""fold"", ""value"": 1.05, ""units"": null, ""doc"": ""CHEMBL1821720"", ""rule"": ""自由文本指标 Ratio 受限提升为效能(fold)，描述命中：「ratio of enzyme activation in treated to untreated control」""}, {""assay"": ""CHEMBL1825593"", ""type"": ""Ratio"", ""scale"": ""fold"", ""value"": 0.028, ""units"": null, ""doc"": ""CHEMBL1821720"", ""rule"": ""自由文本指标 Ratio 受限提升为效能(fold)，描述命中：「ratio of enzyme activation in compound treated」""}]",0,,0,,4,4,1,"[""CHEMBL1821720""]",2011,LITERATURE,0,不适用（可定量效力值不足 2 个 assay）,中,仅 1 篇文献支撑
CHEMBL1822117,,Small molecule,,Cc1cc(C(=O)Nc2nc3c(o2)CCCC3)c(C)o1,ALSLHNRVUCJJFJ-UHFFFAOYSA-N,0,,,,,,,,,0,,0,0,0,,4,0.92,Ratio@CHEMBL1825592,4,,,0,4,1,"[{""assay"": ""CHEMBL1825590"", ""type"": ""Ratio"", ""scale"": ""fold"", ""value"": 0.9, ""units"": null, ""doc"": ""CHEMBL1821720"", ""rule"": ""自由文本指标 Ratio 受限提升为效能(fold)，描述命中：「ratio of enzyme activation in treated to untreated control」""}, {""assay"": ""CHEMBL1825591"", ""type"": ""Ratio"", ""scale"": ""fold"", ""value"": -0.025, ""units"": null, ""doc"": ""CHEMBL1821720"", ""rule"": ""自由文本指标 Ratio 受限提升为效能(fold)，描述命中：「ratio of enzyme activation in compound treated」""}, {""assay"": ""CHEMBL1825592"", ""type"": ""Ratio"", ""scale"": ""fold"", ""value"": 0.92, ""units"": null, ""doc"": ""CHEMBL1821720"", ""rule"": ""自由文本指标 Ratio 受限提升为效能(fold)，描述命中：「ratio of enzyme activation in treated to untreated control」""}, {""assay"": ""CHEMBL1825593"", ""type"": ""Ratio"", ""scale"": ""fold"", ""value"": -0.048, ""units"": null, ""doc"": ""CHEMBL1821720"", ""rule"": ""自由文本指标 Ratio 受限提升为效能(fold)，描述命中：「ratio of enzyme activation in compound treated」""}]",0,,0,,4,4,1,"[""CHEMBL1821720""]",2011,LITERATURE,0,不适用（可定量效力值不足 2 个 assay）,中,仅 1 篇文献支撑
CHEMBL1822118,,Small molecule,,COC(=O)c1ccc(NC(=O)c2cc(C)oc2C)nc1,UPDBGUWRFMAVIY-UHFFFAOYSA-N,0,,,,,,,,,0,,0,0,0,,4,1.33,Ratio@CHEMBL1825590,4,,,0,4,1,"[{""assay"": ""CHEMBL1825590"", ""type"": ""Ratio"", ""scale"": ""fold"", ""value"": 1.33, ""units"": null, ""doc"": ""CHEMBL1821720"", ""rule"": ""自由文本指标 Ratio 受限提升为效能(fold)，描述命中：「ratio of enzyme activation in treated to untreated control」""}, {""assay"": ""CHEMBL1825591"", ""type"": ""Ratio"", ""scale"": ""fold"", ""value"": 0.076, ""units"": null, ""doc"": ""CHEMBL1821720"", ""rule"": ""自由文本指标 Ratio 受限提升为效能(fold)，描述命中：「ratio of enzyme activation in compound treated」""}, {""assay"": ""CHEMBL1825592"", ""type"": ""Ratio"", ""scale"": ""fold"", ""value"": 1.19, ""units"": null, ""doc"": ""CHEMBL1821720"", ""rule"": ""自由文本指标 Ratio 受限提升为效能(fold)，描述命中：「ratio of enzyme activation in treated to untreated control」""}, {""assay"": ""CHEMBL1825593"", ""type"": ""Ratio"", ""scale"": ""fold"", ""value"": 0.114, ""units"": null, ""doc"": ""CHEMBL1821720"", ""rule"": ""自由文本指标 Ratio 受限提升为效能(fold)，描述命中：「ratio of enzyme activation in compound treated」""}]",0,,0,,4,4,1,"[""CHEMBL1821720""]",2011,LITERATURE,0,不适用（可定量效力值不足 2 个 assay）,中,仅 1 篇文献支撑
CHEMBL1822119,,Small molecule,,Cc1cc(C(=O)Nc2ccc(C(=O)O)cn2)c(C)o1,WNSMKRFSPVHMKL-UHFFFAOYSA-N,0,,,,,,,,,0,,0,0,0,,4,1.12,Ratio@CHEMBL1825590,4,,,0,4,1,"[{""assay"": ""CHEMBL1825590"", ""type"": ""Ratio"", ""scale"": ""fold"", ""value"": 1.12, ""units"": null, ""doc"": ""CHEMBL1821720"", ""rule"": ""自由文本指标 Ratio 受限提升为效能(fold)，描述命中：「ratio of enzyme activation in treated to untreated control」""}, {""assay"": ""CHEMBL1825591"", ""type"": ""Ratio"", ""scale"": ""fold"", ""value"": 0.027, ""units"": null, ""doc"": ""CHEMBL1821720"", ""rule"": ""自由文本指标 Ratio 受限提升为效能(fold)，描述命中：「ratio of enzyme activation in compound treated」""}, {""assay"": ""CHEMBL1825592"", ""type"": ""Ratio"", ""scale"": ""fold"", ""value"": 1.05, ""units"": null, ""doc"": ""CHEMBL1821720"", ""rule"": ""自由文本指标 Ratio 受限提升为效能(fold)，描述命中：「ratio of enzyme activation in treated to untreated control」""}, {""assay"": ""CHEMBL1825593"", ""type"": ""Ratio"", ""scale"": ""fold"", ""value"": 0.027, ""units"": null, ""doc"": ""CHEMBL1821720"", ""rule"": ""自由文本指标 Ratio 受限提升为效能(fold)，描述命中：「ratio of enzyme activation in compound treated」""}]",0,,0,,4,4,1,"[""CHEMBL1821720""]",2011,LITERATURE,0,不适用（可定量效力值不足 2 个 assay）,中,仅 1 篇文献支撑
CHEMBL1822120,,Small molecule,,O=C(Nc1nc2c(s1)CCCC2)c1ccccn1,SAEGHLBPLGKFOX-UHFFFAOYSA-N,0,,,,,,,,,0,,0,0,0,,4,1.06,Ratio@CHEMBL1825590,4,,,0,4,1,"[{""assay"": ""CHEMBL1825590"", ""type"": ""Ratio"", ""scale"": ""fold"", ""value"": 1.06, ""units"": null, ""doc"": ""CHEMBL1821720"", ""rule"": ""自由文本指标 Ratio 受限提升为效能(fold)，描述命中：「ratio of enzyme activation in treated to untreated control」""}, {""assay"": ""CHEMBL1825591"", ""type"": ""Ratio"", ""scale"": ""fold"", ""value"": 0.019, ""units"": null, ""doc"": ""CHEMBL1821720"", ""rule"": ""自由文本指标 Ratio 受限提升为效能(fold)，描述命中：「ratio of enzyme activation in compound treated」""}, {""assay"": ""CHEMBL1825592"", ""type"": ""Ratio"", ""scale"": ""fold"", ""value"": 0.99, ""units"": null, ""doc"": ""CHEMBL1821720"", ""rule"": ""自由文本指标 Ratio 受限提升为效能(fold)，描述命中：「ratio of enzyme activation in treated to untreated control」""}, {""assay"": ""CHEMBL1825593"", ""type"": ""Ratio"", ""scale"": ""fold"", ""value"": -0.004, ""units"": null, ""doc"": ""CHEMBL1821720"", ""rule"": ""自由文本指标 Ratio 受限提升为效能(fold)，描述命中：「ratio of enzyme activation in compound treated」""}]",0,,0,,4,4,1,"[""CHEMBL1821720""]",2011,LITERATURE,0,不适用（可定量效力值不足 2 个 assay）,中,仅 1 篇文献支撑
CHEMBL1822121,,Small molecule,,O=C(Nc1nc2c(s1)CCCC2)c1ccncc1,WEOGBFQMSKCDBH-UHFFFAOYSA-N,0,,,,,,,,,0,,0,0,0,,4,1.01,Ratio@CHEMBL1825590,4,,,0,4,1,"[{""assay"": ""CHEMBL1825590"", ""type"": ""Ratio"", ""scale"": ""fold"", ""value"": 1.01, ""units"": null, ""doc"": ""CHEMBL1821720"", ""rule"": ""自由文本指标 Ratio 受限提升为效能(fold)，描述命中：「ratio of enzyme activation in treated to untreated control」""}, {""assay"": ""CHEMBL1825591"", ""type"": ""Ratio"", ""scale"": ""fold"", ""value"": 0.002, ""units"": null, ""doc"": ""CHEMBL1821720"", ""rule"": ""自由文本指标 Ratio 受限提升为效能(fold)，描述命中：「ratio of enzyme activation in compound treated」""}, {""assay"": ""CHEMBL1825592"", ""type"": ""Ratio"", ""scale"": ""fold"", ""value"": 0.93, ""units"": null, ""doc"": ""CHEMBL1821720"", ""rule"": ""自由文本指标 Ratio 受限提升为效能(fold)，描述命中：「ratio of enzyme activation in treated to untreated control」""}, {""assay"": ""CHEMBL1825593"", ""type"": ""Ratio"", ""scale"": ""fold"", ""value"": -0.033, ""units"": null, ""doc"": ""CHEMBL1821720"", ""rule"": ""自由文本指标 Ratio 受限提升为效能(fold)，描述命中：「ratio of enzyme activation in compound treated」""}]",0,,0,,4,4,1,"[""CHEMBL1821720""]",2011,LITERATURE,0,不适用（可定量效力值不足 2 个 assay）,中,仅 1 篇文献支撑
CHEMBL1822122,,Small molecule,,O=C(Nc1nc2c(s1)CCCC2)C1CCOC1,MZSLUIDPDMYWCO-UHFFFAOYSA-N,0,,,,,,,,,0,,0,0,0,,4,0.98,Ratio@CHEMBL1825590,4,,,0,4,1,"[{""assay"": ""CHEMBL1825590"", ""type"": ""Ratio"", ""scale"": ""fold"", ""value"": 0.98, ""units"": null, ""doc"": ""CHEMBL1821720"", ""rule"": ""自由文本指标 Ratio 受限提升为效能(fold)，描述命中：「ratio of enzyme activation in treated to untreated control」""}, {""assay"": ""CHEMBL1825591"", ""type"": ""Ratio"", ""scale"": ""fold"", ""value"": -0.006, ""units"": null, ""doc"": ""CHEMBL1821720"", ""rule"": ""自由文本指标 Ratio 受限提升为效能(fold)，描述命中：「ratio of enzyme activation in compound treated」""}, {""assay"": ""CHEMBL1825592"", ""type"": ""Ratio"", ""scale"": ""fold"", ""value"": 0.93, ""units"": null, ""doc"": ""CHEMBL1821720"", ""rule"": ""自由文本指标 Ratio 受限提升为效能(fold)，描述命中：「ratio of enzyme activation in treated to untreated control」""}, {""assay"": ""CHEMBL1825593"", ""type"": ""Ratio"", ""scale"": ""fold"", ""value"": -0.041, ""units"": null, ""doc"": ""CHEMBL1821720"", ""rule"": ""自由文本指标 Ratio 受限提升为效能(fold)，描述命中：「ratio of enzyme activation in compound treated」""}]",0,,0,,4,4,1,"[""CHEMBL1821720""]",2011,LITERATURE,0,不适用（可定量效力值不足 2 个 assay）,中,仅 1 篇文献支撑
CHEMBL1822123,,Small molecule,,Cc1noc(C)c1C(=O)Nc1nc2c(s1)CCCC2,YTZJZHWCYHQIHL-UHFFFAOYSA-N,0,,,,,,,,,0,,0,0,0,,4,1.01,Ratio@CHEMBL1825590,4,,,0,4,1,"[{""assay"": ""CHEMBL1825590"", ""type"": ""Ratio"", ""scale"": ""fold"", ""value"": 1.01, ""units"": null, ""doc"": ""CHEMBL1821720"", ""rule"": ""自由文本指标 Ratio 受限提升为效能(fold)，描述命中：「ratio of enzyme activation in treated to untreated control」""}, {""assay"": ""CHEMBL1825591"", ""type"": ""Ratio"", ""scale"": ""fold"", ""value"": 0.004, ""units"": null, ""doc"": ""CHEMBL1821720"", ""rule"": ""自由文本指标 Ratio 受限提升为效能(fold)，描述命中：「ratio of enzyme activation in compound treated」""}, {""assay"": ""CHEMBL1825592"", ""type"": ""Ratio"", ""scale"": ""fold"", ""value"": 0.96, ""units"": null, ""doc"": ""CHEMBL1821720"", ""rule"": ""自由文本指标 Ratio 受限提升为效能(fold)，描述命中：「ratio of enzyme activation in treated to untreated control」""}, {""assay"": ""CHEMBL1825593"", ""type"": ""Ratio"", ""scale"": ""fold"", ""value"": -0.025, ""units"": null, ""doc"": ""CHEMBL1821720"", ""rule"": ""自由文本指标 Ratio 受限提升为效能(fold)，描述命中：「ratio of enzyme activation in compound treated」""}]",0,,0,,4,4,1,"[""CHEMBL1821720""]",2011,LITERATURE,0,不适用（可定量效力值不足 2 个 assay）,中,仅 1 篇文献支撑
CHEMBL1822124,,Small molecule,,CC(=O)c1cc(C(=O)Nc2nc3c(s2)CCC3)c(C)o1,UMEIWHXVOIFVIG-UHFFFAOYSA-N,0,,,,,,,,,0,,0,0,0,,4,1.06,Ratio@CHEMBL1825590,4,,,0,4,1,"[{""assay"": ""CHEMBL1825590"", ""type"": ""Ratio"", ""scale"": ""fold"", ""value"": 1.06, ""units"": null, ""doc"": ""CHEMBL1821720"", ""rule"": ""自由文本指标 Ratio 受限提升为效能(fold)，描述命中：「ratio of enzyme activation in treated to untreated control」""}, {""assay"": ""CHEMBL1825591"", ""type"": ""Ratio"", ""scale"": ""fold"", ""value"": 0.015, ""units"": null, ""doc"": ""CHEMBL1821720"", ""rule"": ""自由文本指标 Ratio 受限提升为效能(fold)，描述命中：「ratio of enzyme activation in compound treated」""}, {""assay"": ""CHEMBL1825592"", ""type"": ""Ratio"", ""scale"": ""fold"", ""value"": 0.99, ""units"": null, ""doc"": ""CHEMBL1821720"", ""rule"": ""自由文本指标 Ratio 受限提升为效能(fold)，描述命中：「ratio of enzyme activation in treated to untreated control」""}, {""assay"": ""CHEMBL1825593"", ""type"": ""Ratio"", ""scale"": ""fold"", ""value"": -0.003, ""units"": null, ""doc"": ""CHEMBL1821720"", ""rule"": ""自由文本指标 Ratio 受限提升为效能(fold)，描述命中：「ratio of enzyme activation in compound treated」""}]",0,,0,,4,4,1,"[""CHEMBL1821720""]",2011,LITERATURE,0,不适用（可定量效力值不足 2 个 assay）,中,仅 1 篇文献支撑
CHEMBL1822125,,Small molecule,,Cc1oc(-c2ccccn2)cc1C(=O)Nc1nc2c(s1)CCC2,HYMJUVSXUTUBCG-UHFFFAOYSA-N,0,,,,,,,,,0,,0,0,0,,4,1.18,Ratio@CHEMBL1825590,4,,,0,4,1,"[{""assay"": ""CHEMBL1825590"", ""type"": ""Ratio"", ""scale"": ""fold"", ""value"": 1.18, ""units"": null, ""doc"": ""CHEMBL1821720"", ""rule"": ""自由文本指标 Ratio 受限提升为效能(fold)，描述命中：「ratio of enzyme activation in treated to untreated control」""}, {""assay"": ""CHEMBL1825591"", ""type"": ""Ratio"", ""scale"": ""fold"", ""value"": 0.048, ""units"": null, ""doc"": ""CHEMBL1821720"", ""rule"": ""自由文本指标 Ratio 受限提升为效能(fold)，描述命中：「ratio of enzyme activation in compound treated」""}, {""assay"": ""CHEMBL1825592"", ""type"": ""Ratio"", ""scale"": ""fold"", ""value"": 1.1, ""units"": null, ""doc"": ""CHEMBL1821720"", ""rule"": ""自由文本指标 Ratio 受限提升为效能(fold)，描述命中：「ratio of enzyme activation in treated to untreated control」""}, {""assay"": ""CHEMBL1825593"", ""type"": ""Ratio"", ""scale"": ""fold"", ""value"": 0.057, ""units"": null, ""doc"": ""CHEMBL1821720"", ""rule"": ""自由文本指标 Ratio 受限提升为效能(fold)，描述命中：「ratio of enzyme activation in compound treated」""}]",0,,0,,4,4,1,"[""CHEMBL1821720""]",2011,LITERATURE,0,不适用（可定量效力值不足 2 个 assay）,中,仅 1 篇文献支撑
CHEMBL1822126,,Small molecule,,Cc1oc(-c2cccnc2)cc1C(=O)Nc1nc2c(s1)CCC2,PACITIMNPZYPTE-UHFFFAOYSA-N,0,,,,,,,,,0,,0,0,0,,4,1.09,Ratio@CHEMBL1825590,4,,,0,4,1,"[{""assay"": ""CHEMBL1825590"", ""type"": ""Ratio"", ""scale"": ""fold"", ""value"": 1.09, ""units"": null, ""doc"": ""CHEMBL1821720"", ""rule"": ""自由文本指标 Ratio 受限提升为效能(fold)，描述命中：「ratio of enzyme activation in treated to untreated control」""}, {""assay"": ""CHEMBL1825591"", ""type"": ""Ratio"", ""scale"": ""fold"", ""value"": 0.021, ""units"": null, ""doc"": ""CHEMBL1821720"", ""rule"": ""自由文本指标 Ratio 受限提升为效能(fold)，描述命中：「ratio of enzyme activation in compound treated」""}, {""assay"": ""CHEMBL1825592"", ""type"": ""Ratio"", ""scale"": ""fold"", ""value"": 1.08, ""units"": null, ""doc"": ""CHEMBL1821720"", ""rule"": ""自由文本指标 Ratio 受限提升为效能(fold)，描述命中：「ratio of enzyme activation in treated to untreated control」""}, {""assay"": ""CHEMBL1825593"", ""type"": ""Ratio"", ""scale"": ""fold"", ""value"": 0.053, ""units"": null, ""doc"": ""CHEMBL1821720"", ""rule"": ""自由文本指标 Ratio 受限提升为效能(fold)，描述命中：「ratio of enzyme activation in compound treated」""}]",0,,0,,4,4,1,"[""CHEMBL1821720""]",2011,LITERATURE,0,不适用（可定量效力值不足 2 个 assay）,中,仅 1 篇文献支撑
CHEMBL1822127,,Small molecule,,Cc1oc(-c2ccccc2O)cc1C(=O)Nc1nc2c(s1)CCC2,CMXHNYDPLQVLDY-UHFFFAOYSA-N,0,,,,,,,,,0,,0,0,0,,4,0.95,Ratio@CHEMBL1825590,4,,,0,4,1,"[{""assay"": ""CHEMBL1825590"", ""type"": ""Ratio"", ""scale"": ""fold"", ""value"": 0.95, ""units"": null, ""doc"": ""CHEMBL1821720"", ""rule"": ""自由文本指标 Ratio 受限提升为效能(fold)，描述命中：「ratio of enzyme activation in treated to untreated control」""}, {""assay"": ""CHEMBL1825591"", ""type"": ""Ratio"", ""scale"": ""fold"", ""value"": -0.012, ""units"": null, ""doc"": ""CHEMBL1821720"", ""rule"": ""自由文本指标 Ratio 受限提升为效能(fold)，描述命中：「ratio of enzyme activation in compound treated」""}, {""assay"": ""CHEMBL1825592"", ""type"": ""Ratio"", ""scale"": ""fold"", ""value"": 0.87, ""units"": null, ""doc"": ""CHEMBL1821720"", ""rule"": ""自由文本指标 Ratio 受限提升为效能(fold)，描述命中：「ratio of enzyme activation in treated to untreated control」""}, {""assay"": ""CHEMBL1825593"", ""type"": ""Ratio"", ""scale"": ""fold"", ""value"": -0.08, ""units"": null, ""doc"": ""CHEMBL1821720"", ""rule"": ""自由文本指标 Ratio 受限提升为效能(fold)，描述命中：「ratio of enzyme activation in compound treated」""}]",0,,0,,4,4,1,"[""CHEMBL1821720""]",2011,LITERATURE,0,不适用（可定量效力值不足 2 个 assay）,中,仅 1 篇文献支撑
CHEMBL1822128,,Small molecule,,COc1ccccc1-c1cc(C(=O)Nc2nc3c(s2)CCC3)c(C)o1,PMLWFIPLCSSXJI-UHFFFAOYSA-N,0,,,,,,,,,0,,0,0,0,,4,0.93,Ratio@CHEMBL1825592,4,,,0,4,1,"[{""assay"": ""CHEMBL1825590"", ""type"": ""Ratio"", ""scale"": ""fold"", ""value"": 0.92, ""units"": null, ""doc"": ""CHEMBL1821720"", ""rule"": ""自由文本指标 Ratio 受限提升为效能(fold)，描述命中：「ratio of enzyme activation in treated to untreated control」""}, {""assay"": ""CHEMBL1825591"", ""type"": ""Ratio"", ""scale"": ""fold"", ""value"": -0.023, ""units"": null, ""doc"": ""CHEMBL1821720"", ""rule"": ""自由文本指标 Ratio 受限提升为效能(fold)，描述命中：「ratio of enzyme activation in compound treated」""}, {""assay"": ""CHEMBL1825592"", ""type"": ""Ratio"", ""scale"": ""fold"", ""value"": 0.93, ""units"": null, ""doc"": ""CHEMBL1821720"", ""rule"": ""自由文本指标 Ratio 受限提升为效能(fold)，描述命中：「ratio of enzyme activation in treated to untreated control」""}, {""assay"": ""CHEMBL1825593"", ""type"": ""Ratio"", ""scale"": ""fold"", ""value"": -0.046, ""units"": null, ""doc"": ""CHEMBL1821720"", ""rule"": ""自由文本指标 Ratio 受限提升为效能(fold)，描述命中：「ratio of enzyme activation in compound treated」""}]",0,,0,,4,4,1,"[""CHEMBL1821720""]",2011,LITERATURE,0,不适用（可定量效力值不足 2 个 assay）,中,仅 1 篇文献支撑
CHEMBL1822129,,Small molecule,,Cc1oc(-c2cccc(O)c2)cc1C(=O)Nc1nc2c(s1)CCC2,XMJOMWVNFVCTNB-UHFFFAOYSA-N,0,,,,,,,,,0,,0,0,0,,4,0.94,Ratio@CHEMBL1825590,4,,,0,4,1,"[{""assay"": ""CHEMBL1825590"", ""type"": ""Ratio"", ""scale"": ""fold"", ""value"": 0.94, ""units"": null, ""doc"": ""CHEMBL1821720"", ""rule"": ""自由文本指标 Ratio 受限提升为效能(fold)，描述命中：「ratio of enzyme activation in treated to untreated control」""}, {""assay"": ""CHEMBL1825591"", ""type"": ""Ratio"", ""scale"": ""fold"", ""value"": -0.017, ""units"": null, ""doc"": ""CHEMBL1821720"", ""rule"": ""自由文本指标 Ratio 受限提升为效能(fold)，描述命中：「ratio of enzyme activation in compound treated」""}, {""assay"": ""CHEMBL1825592"", ""type"": ""Ratio"", ""scale"": ""fold"", ""value"": 0.9, ""units"": null, ""doc"": ""CHEMBL1821720"", ""rule"": ""自由文本指标 Ratio 受限提升为效能(fold)，描述命中：「ratio of enzyme activation in treated to untreated control」""}, {""assay"": ""CHEMBL1825593"", ""type"": ""Ratio"", ""scale"": ""fold"", ""value"": -0.069, ""units"": null, ""doc"": ""CHEMBL1821720"", ""rule"": ""自由文本指标 Ratio 受限提升为效能(fold)，描述命中：「ratio of enzyme activation in compound treated」""}]",0,,0,,4,4,1,"[""CHEMBL1821720""]",2011,LITERATURE,0,不适用（可定量效力值不足 2 个 assay）,中,仅 1 篇文献支撑
CHEMBL1822130,,Small molecule,,COCc1ccccc1-c1cc(C(=O)Nc2nc3c(s2)CCC3)c(C)o1,TZTJTNYAYKYBEP-UHFFFAOYSA-N,0,,,,,,,,,0,,0,0,0,,4,1.05,Ratio@CHEMBL1825590,4,,,0,4,1,"[{""assay"": ""CHEMBL1825590"", ""type"": ""Ratio"", ""scale"": ""fold"", ""value"": 1.05, ""units"": null, ""doc"": ""CHEMBL1821720"", ""rule"": ""自由文本指标 Ratio 受限提升为效能(fold)，描述命中：「ratio of enzyme activation in treated to untreated control」""}, {""assay"": ""CHEMBL1825591"", ""type"": ""Ratio"", ""scale"": ""fold"", ""value"": -0.013, ""units"": null, ""doc"": ""CHEMBL1821720"", ""rule"": ""自由文本指标 Ratio 受限提升为效能(fold)，描述命中：「ratio of enzyme activation in compound treated」""}, {""assay"": ""CHEMBL1825592"", ""type"": ""Ratio"", ""scale"": ""fold"", ""value"": 0.98, ""units"": null, ""doc"": ""CHEMBL1821720"", ""rule"": ""自由文本指标 Ratio 受限提升为效能(fold)，描述命中：「ratio of enzyme activation in treated to untreated control」""}, {""assay"": ""CHEMBL1825593"", ""type"": ""Ratio"", ""scale"": ""fold"", ""value"": -0.016, ""units"": null, ""doc"": ""CHEMBL1821720"", ""rule"": ""自由文本指标 Ratio 受限提升为效能(fold)，描述命中：「ratio of enzyme activation in compound treated」""}]",0,,0,,4,4,1,"[""CHEMBL1821720""]",2011,LITERATURE,0,不适用（可定量效力值不足 2 个 assay）,中,仅 1 篇文献支撑
CHEMBL1822131,,Small molecule,,COc1ccc(-c2cc(C(=O)Nc3nc4c(s3)CCC4)c(C)o2)cc1OC,OSAUIZLYIHPXHY-UHFFFAOYSA-N,0,,,,,,,,,0,,0,0,0,,4,0.9,Ratio@CHEMBL1825590,4,,,0,4,1,"[{""assay"": ""CHEMBL1825590"", ""type"": ""Ratio"", ""scale"": ""fold"", ""value"": 0.9, ""units"": null, ""doc"": ""CHEMBL1821720"", ""rule"": ""自由文本指标 Ratio 受限提升为效能(fold)，描述命中：「ratio of enzyme activation in treated to untreated control」""}, {""assay"": ""CHEMBL1825591"", ""type"": ""Ratio"", ""scale"": ""fold"", ""value"": -0.024, ""units"": null, ""doc"": ""CHEMBL1821720"", ""rule"": ""自由文本指标 Ratio 受限提升为效能(fold)，描述命中：「ratio of enzyme activation in compound treated」""}, {""assay"": ""CHEMBL1825592"", ""type"": ""Ratio"", ""scale"": ""fold"", ""value"": 0.83, ""units"": null, ""doc"": ""CHEMBL1821720"", ""rule"": ""自由文本指标 Ratio 受限提升为效能(fold)，描述命中：「ratio of enzyme activation in treated to untreated control」""}, {""assay"": ""CHEMBL1825593"", ""type"": ""Ratio"", ""scale"": ""fold"", ""value"": -0.099, ""units"": null, ""doc"": ""CHEMBL1821720"", ""rule"": ""自由文本指标 Ratio 受限提升为效能(fold)，描述命中：「ratio of enzyme activation in compound treated」""}]",0,,0,,4,4,1,"[""CHEMBL1821720""]",2011,LITERATURE,0,不适用（可定量效力值不足 2 个 assay）,中,仅 1 篇文献支撑
CHEMBL191239,,Small molecule,,CC(C)Oc1cc(OCc2ccccc2F)cc(C(=O)Nc2ccc(C(=O)O)cn2)c1,MTZXGGLPHHVXRY-UHFFFAOYSA-N,1,EC50:1,100.0,100.0,100.0,7.0,7.0,7.0,,0,,0,1,1,"[{""assay"": ""CHEMBL840244"", ""type"": ""EC50"", ""relation"": ""="", ""value_nm"": 100.0, ""pactivity"": 7.0, ""doc"": ""CHEMBL1143537"", ""rule"": ""EC50 为标准化浓度型效力指标""}]",0,,,0,,,0,0,0,,0,,0,,1,1,1,"[""CHEMBL1143537""]",2005,LITERATURE,0,不适用（可定量效力值不足 2 个 assay）,弱,仅 1 篇文献支撑
CHEMBL191802,,Small molecule,,CSc1ccc(OCc2ccccc2)c(/C=C/c2ccc(C(=O)O)cn2)c1,LEORJWQGRATHDS-VQHVLOKHSA-N,1,EC50:1,3200.0,3200.0,3200.0,5.5,5.5,5.5,,0,,0,1,1,"[{""assay"": ""CHEMBL840244"", ""type"": ""EC50"", ""relation"": ""="", ""value_nm"": 3200.0, ""pactivity"": 5.5, ""doc"": ""CHEMBL1143537"", ""rule"": ""EC50 为标准化浓度型效力指标""}]",0,,,0,,,0,0,0,,0,,0,,1,1,1,"[""CHEMBL1143537""]",2005,LITERATURE,0,不适用（可定量效力值不足 2 个 assay）,弱,仅 1 篇文献支撑
CHEMBL192027,,Small molecule,,COc1cc(OC)cc(OCc2ccc(C(=O)O)cn2)c1,IMQKPZWWKPJCLH-UHFFFAOYSA-N,1,EC50:1,,,,,,,,1,10000.0,0,1,1,"[{""assay"": ""CHEMBL840244"", ""type"": ""EC50"", ""relation"": "">"", ""value_nm"": 10000.0, ""pactivity"": null, ""doc"": ""CHEMBL1143537"", ""rule"": ""EC50 为标准化浓度型效力指标""}]",0,,,0,,,0,0,0,,0,,0,,1,1,1,"[""CHEMBL1143537""]",2005,LITERATURE,0,不适用（可定量效力值不足 2 个 assay）,弱,仅 1 篇文献支撑；1 条效力为删失值（>，最高浓度未达 EC50），未计入汇总；无可定量的效力或效能值
CHEMBL193157,,Small molecule,,O=C(O)c1ccc(OCc2cc(OCc3ccccc3)cc(OCc3ccccc3)c2)nc1,GRCZXWCYJPSQLK-UHFFFAOYSA-N,1,EC50:1,,,,,,,,1,10000.0,0,1,1,"[{""assay"": ""CHEMBL840244"", ""type"": ""EC50"", ""relation"": "">"", ""value_nm"": 10000.0, ""pactivity"": null, ""doc"": ""CHEMBL1143537"", ""rule"": ""EC50 为标准化浓度型效力指标""}]",0,,,0,,,0,0,0,,0,,0,,1,1,1,"[""CHEMBL1143537""]",2005,LITERATURE,0,不适用（可定量效力值不足 2 个 assay）,弱,仅 1 篇文献支撑；1 条效力为删失值（>，最高浓度未达 EC50），未计入汇总；无可定量的效力或效能值
CHEMBL193349,,Small molecule,,O=C(O)c1ccc(NC(=O)c2cccc(OCc3ccccc3Cl)c2OCc2ccccc2Cl)nc1,SDXLWYFDBUHENI-UHFFFAOYSA-N,1,EC50:1,,,,,,,,1,10000.0,0,1,1,"[{""assay"": ""CHEMBL840244"", ""type"": ""EC50"", ""relation"": "">"", ""value_nm"": 10000.0, ""pactivity"": null, ""doc"": ""CHEMBL1143537"", ""rule"": ""EC50 为标准化浓度型效力指标""}]",0,,,0,,,0,0,0,,0,,0,,1,1,1,"[""CHEMBL1143537""]",2005,LITERATURE,0,不适用（可定量效力值不足 2 个 assay）,弱,仅 1 篇文献支撑；1 条效力为删失值（>，最高浓度未达 EC50），未计入汇总；无可定量的效力或效能值
CHEMBL193718,,Small molecule,,CC(C)Oc1cc(OCCc2ccncc2)cc(C(=O)Nc2ccc(C(=O)O)cn2)c1,KXWMKIUMCNMERH-UHFFFAOYSA-N,1,EC50:1,1780.0,1780.0,1780.0,5.75,5.75,5.75,,0,,0,1,1,"[{""assay"": ""CHEMBL840244"", ""type"": ""EC50"", ""relation"": ""="", ""value_nm"": 1780.0, ""pactivity"": 5.75, ""doc"": ""CHEMBL1143537"", ""rule"": ""EC50 为标准化浓度型效力指标""}]",0,,,0,,,0,0,0,,0,,0,,1,1,1,"[""CHEMBL1143537""]",2005,LITERATURE,0,不适用（可定量效力值不足 2 个 assay）,弱,仅 1 篇文献支撑
CHEMBL193757,,Small molecule,,CC(C)Oc1cc(OCCc2cccnc2)cc(C(=O)Nc2ccc(C(=O)O)cn2)c1,FEQMDFMPPPXPCM-UHFFFAOYSA-N,1,EC50:1,1260.0,1260.0,1260.0,5.9,5.9,5.9,,0,,0,1,1,"[{""assay"": ""CHEMBL840244"", ""type"": ""EC50"", ""relation"": ""="", ""value_nm"": 1260.0, ""pactivity"": 5.9, ""doc"": ""CHEMBL1143537"", ""rule"": ""EC50 为标准化浓度型效力指标""}]",0,,,0,,,0,0,0,,0,,0,,1,1,1,"[""CHEMBL1143537""]",2005,LITERATURE,0,不适用（可定量效力值不足 2 个 assay）,弱,仅 1 篇文献支撑
CHEMBL194102,,Small molecule,,O=C(O)c1ccc(NC(=O)c2cc(OCc3ccccc3)cc(OCc3ccccc3)c2)nc1,GDIONXWSZRJUGV-UHFFFAOYSA-N,1,EC50:1,400.0,400.0,400.0,6.4,6.4,6.4,,0,,0,1,1,"[{""assay"": ""CHEMBL840244"", ""type"": ""EC50"", ""relation"": ""="", ""value_nm"": 400.0, ""pactivity"": 6.4, ""doc"": ""CHEMBL1143537"", ""rule"": ""EC50 为标准化浓度型效力指标""}]",0,,,0,,,0,0,0,,0,,0,,1,1,1,"[""CHEMBL1143537""]",2005,LITERATURE,0,不适用（可定量效力值不足 2 个 assay）,弱,仅 1 篇文献支撑
CHEMBL194137,,Small molecule,,CC(C)Oc1cc(OCCCc2ccccc2)cc(C(=O)Nc2ccc(C(=O)O)cn2)c1,FMNFIZNNIOITMG-UHFFFAOYSA-N,1,EC50:1,420.0,420.0,420.0,6.38,6.38,6.38,,0,,0,1,1,"[{""assay"": ""CHEMBL840244"", ""type"": ""EC50"", ""relation"": ""="", ""value_nm"": 420.0, ""pactivity"": 6.38, ""doc"": ""CHEMBL1143537"", ""rule"": ""EC50 为标准化浓度型效力指标""}]",0,,,0,,,0,0,0,,0,,0,,1,1,1,"[""CHEMBL1143537""]",2005,LITERATURE,0,不适用（可定量效力值不足 2 个 assay）,弱,仅 1 篇文献支撑
CHEMBL194232,,Small molecule,,O=C(O)c1ccc(CCc2cc(OCc3ccccc3)cc(OCc3ccccc3)c2)nc1,UHXZDVLZKCQABF-UHFFFAOYSA-N,1,EC50:1,,,,,,,,1,10000.0,0,1,1,"[{""assay"": ""CHEMBL840244"", ""type"": ""EC50"", ""relation"": "">"", ""value_nm"": 10000.0, ""pactivity"": null, ""doc"": ""CHEMBL1143537"", ""rule"": ""EC50 为标准化浓度型效力指标""}]",0,,,0,,,0,0,0,,0,,0,,1,1,1,"[""CHEMBL1143537""]",2005,LITERATURE,0,不适用（可定量效力值不足 2 个 assay）,弱,仅 1 篇文献支撑；1 条效力为删失值（>，最高浓度未达 EC50），未计入汇总；无可定量的效力或效能值
CHEMBL194499,,Small molecule,,CC(C)Oc1cc(OCC2CCCC2)cc(C(=O)Nc2ccc(C(=O)O)cn2)c1,USRNBFWZDFSKIX-UHFFFAOYSA-N,1,EC50:1,650.0,650.0,650.0,6.19,6.19,6.19,,0,,0,1,1,"[{""assay"": ""CHEMBL840244"", ""type"": ""EC50"", ""relation"": ""="", ""value_nm"": 650.0, ""pactivity"": 6.19, ""doc"": ""CHEMBL1143537"", ""rule"": ""EC50 为标准化浓度型效力指标""}]",0,,,0,,,0,0,0,,0,,0,,1,1,1,"[""CHEMBL1143537""]",2005,LITERATURE,0,不适用（可定量效力值不足 2 个 assay）,弱,仅 1 篇文献支撑
CHEMBL195121,,Small molecule,,CC(C)Oc1cc(OCCC2CCOCC2)cc(C(=O)Nc2ccc(C(=O)O)cn2)c1,WGDILVRMPCWOJS-UHFFFAOYSA-N,1,EC50:1,1330.0,1330.0,1330.0,5.88,5.88,5.88,,0,,0,1,1,"[{""assay"": ""CHEMBL840244"", ""type"": ""EC50"", ""relation"": ""="", ""value_nm"": 1330.0, ""pactivity"": 5.88, ""doc"": ""CHEMBL1143537"", ""rule"": ""EC50 为标准化浓度型效力指标""}]",0,,,0,,,0,0,0,,0,,0,,1,1,1,"[""CHEMBL1143537""]",2005,LITERATURE,0,不适用（可定量效力值不足 2 个 assay）,弱,仅 1 篇文献支撑
CHEMBL195128,,Small molecule,,CC(C)Oc1cc(OCc2ccccc2)cc(C(=O)Nc2ccc(C(=O)O)cn2)c1,VVNPWPROCJEJMN-UHFFFAOYSA-N,1,EC50:1,290.0,290.0,290.0,6.54,6.54,6.54,,0,,0,1,1,"[{""assay"": ""CHEMBL840244"", ""type"": ""EC50"", ""relation"": ""="", ""value_nm"": 290.0, ""pactivity"": 6.54, ""doc"": ""CHEMBL1143537"", ""rule"": ""EC50 为标准化浓度型效力指标""}]",0,,,0,,,0,0,0,,0,,0,,1,1,1,"[""CHEMBL1143537""]",2005,LITERATURE,0,不适用（可定量效力值不足 2 个 assay）,弱,仅 1 篇文献支撑
CHEMBL195295,,Small molecule,,O=C(O)c1ccc(C(=O)Nc2cc(OCc3ccccc3)cc(OCc3ccccc3)c2)nc1,ZUCYDHPXZUXKOA-UHFFFAOYSA-N,1,EC50:1,,,,,,,,1,10000.0,0,1,1,"[{""assay"": ""CHEMBL840244"", ""type"": ""EC50"", ""relation"": "">"", ""value_nm"": 10000.0, ""pactivity"": null, ""doc"": ""CHEMBL1143537"", ""rule"": ""EC50 为标准化浓度型效力指标""}]",0,,,0,,,0,0,0,,0,,0,,1,1,1,"[""CHEMBL1143537""]",2005,LITERATURE,0,不适用（可定量效力值不足 2 个 assay）,弱,仅 1 篇文献支撑；1 条效力为删失值（>，最高浓度未达 EC50），未计入汇总；无可定量的效力或效能值
CHEMBL195299,,Small molecule,,O=C(O)c1ccc(NC(=O)c2ccccc2OCc2ccccc2)nc1,KFAUSDFSAUFPEI-UHFFFAOYSA-N,1,EC50:1,,,,,,,,1,10000.0,0,1,1,"[{""assay"": ""CHEMBL840244"", ""type"": ""EC50"", ""relation"": "">"", ""value_nm"": 10000.0, ""pactivity"": null, ""doc"": ""CHEMBL1143537"", ""rule"": ""EC50 为标准化浓度型效力指标""}]",0,,,0,,,0,0,0,,0,,0,,1,1,1,"[""CHEMBL1143537""]",2005,LITERATURE,0,不适用（可定量效力值不足 2 个 assay）,弱,仅 1 篇文献支撑；1 条效力为删失值（>，最高浓度未达 EC50），未计入汇总；无可定量的效力或效能值
CHEMBL195431,,Small molecule,,CC(C)Oc1cc(OCCC2CCCC2)cc(C(=O)Nc2ccc(C(=O)O)cn2)c1,PWIDVOKRZIMBGB-UHFFFAOYSA-N,1,EC50:1,170.0,170.0,170.0,6.77,6.77,6.77,,0,,0,1,1,"[{""assay"": ""CHEMBL840244"", ""type"": ""EC50"", ""relation"": ""="", ""value_nm"": 170.0, ""pactivity"": 6.77, ""doc"": ""CHEMBL1143537"", ""rule"": ""EC50 为标准化浓度型效力指标""}]",0,,,0,,,0,0,0,,0,,0,,1,1,1,"[""CHEMBL1143537""]",2005,LITERATURE,0,不适用（可定量效力值不足 2 个 assay）,弱,仅 1 篇文献支撑
CHEMBL2021545,,Small molecule,,CC[C@@H](COC)Oc1cc(Oc2ccc(S(=O)(=O)OC)cc2)cc(C(=O)Nc2nccs2)c1,FDKFFOPQLBQTMX-INIZCTEOSA-N,2,EC50:2,60.0,95.0,130.0,7.22,7.055,6.89,0.33,0,,0,2,1,"[{""assay"": ""CHEMBL1032034"", ""type"": ""EC50"", ""relation"": ""="", ""value_nm"": 130.0, ""pactivity"": 6.89, ""doc"": ""CHEMBL1151922"", ""rule"": ""EC50 为标准化浓度型效力指标""}, {""assay"": ""CHEMBL1032035"", ""type"": ""EC50"", ""relation"": ""="", ""value_nm"": 60.0, ""pactivity"": 7.22, ""doc"": ""CHEMBL1151922"", ""rule"": ""EC50 为标准化浓度型效力指标""}]",0,,,0,,,0,0,0,,0,,0,,2,2,1,"[""CHEMBL1151922""]",2009,LITERATURE,0,一致（pActivity 极差 0.33，3 倍以内）,中,仅 1 篇文献支撑
CHEMBL2021551,,Small molecule,,CC[C@H](COC)Oc1cc(Oc2ccc(S(=O)(=O)OC)cc2)cc(C(=O)Nc2nccs2)c1,FDKFFOPQLBQTMX-MRXNPFEDSA-N,2,EC50:2,360.0,780.0,1200.0,6.44,6.18,5.92,0.52,0,,0,2,1,"[{""assay"": ""CHEMBL1032034"", ""type"": ""EC50"", ""relation"": ""="", ""value_nm"": 1200.0, ""pactivity"": 5.92, ""doc"": ""CHEMBL1151922"", ""rule"": ""EC50 为标准化浓度型效力指标""}, {""assay"": ""CHEMBL1032035"", ""type"": ""EC50"", ""relation"": ""="", ""value_nm"": 360.0, ""pactivity"": 6.44, ""doc"": ""CHEMBL1151922"", ""rule"": ""EC50 为标准化浓度型效力指标""}]",0,,,0,,,0,0,0,,0,,0,,2,2,1,"[""CHEMBL1151922""]",2009,LITERATURE,0,较一致（pActivity 极差 0.52，10 倍以内）,中,仅 1 篇文献支撑
CHEMBL2022798,,Small molecule,,CC(C)=CCOc1cc(Oc2ccc(S(=O)(=O)C3CC3)cc2)cc(C(=O)Nc2nccs2)c1,DXVPBLVBEAAZRB-UHFFFAOYSA-N,1,EC50:1,28.3,28.3,28.3,7.55,7.55,7.55,,0,,0,1,1,"[{""assay"": ""CHEMBL2025594"", ""type"": ""EC50"", ""relation"": ""="", ""value_nm"": 28.3, ""pactivity"": 7.55, ""doc"": ""CHEMBL2021866"", ""rule"": ""EC50 为标准化浓度型效力指标""}]",1,2.4,FC@CHEMBL2025595,1,,,0,1,1,"[{""assay"": ""CHEMBL2025595"", ""type"": ""FC"", ""scale"": ""fold"", ""value"": 2.4, ""units"": null, ""doc"": ""CHEMBL2021866"", ""rule"": ""FC（fold change）为激活倍数""}]",0,,1,"[{""assay"": ""CHEMBL2025596"", ""type"": ""Ratio EC50"", ""value"": 8, ""units"": null, ""reason"": ""Ratio EC50 为自由文本指标（无官方标准化规则），assay 描述未命中提升门槛，不跨实验汇总""}]",3,3,1,"[""CHEMBL2021866""]",2012,LITERATURE,0,不适用（可定量效力值不足 2 个 assay）,中,仅 1 篇文献支撑；1 条指标未归类（见 unclassified_records）
CHEMBL2022799,,Small molecule,,CC(C)=CCOc1cc(Oc2ccc(S(=O)(=O)C3CC3)cc2)cc(C(=O)Nc2ncc(F)s2)c1,AIMSCTYIXVWYHH-UHFFFAOYSA-N,1,EC50:1,47.7,47.7,47.7,7.32,7.32,7.32,,0,,0,1,1,"[{""assay"": ""CHEMBL2025594"", ""type"": ""EC50"", ""relation"": ""="", ""value_nm"": 47.7, ""pactivity"": 7.32, ""doc"": ""CHEMBL2021866"", ""rule"": ""EC50 为标准化浓度型效力指标""}]",1,1.8,FC@CHEMBL2025595,1,,,0,1,1,"[{""assay"": ""CHEMBL2025595"", ""type"": ""FC"", ""scale"": ""fold"", ""value"": 1.8, ""units"": null, ""doc"": ""CHEMBL2021866"", ""rule"": ""FC（fold change）为激活倍数""}]",0,,0,,2,2,1,"[""CHEMBL2021866""]",2012,LITERATURE,0,不适用（可定量效力值不足 2 个 assay）,中,仅 1 篇文献支撑
CHEMBL2022800,,Small molecule,,CC(C)=CCOc1cc(Oc2ccc(S(=O)(=O)N3CCOCC3)cc2)cc(C(=O)Nc2nccs2)c1,FTAUVKBULYPEQD-UHFFFAOYSA-N,1,EC50:1,48.0,48.0,48.0,7.32,7.32,7.32,,0,,0,1,1,"[{""assay"": ""CHEMBL2025594"", ""type"": ""EC50"", ""relation"": ""="", ""value_nm"": 48.0, ""pactivity"": 7.32, ""doc"": ""CHEMBL2021866"", ""rule"": ""EC50 为标准化浓度型效力指标""}]",1,2.1,FC@CHEMBL2025595,1,,,0,1,1,"[{""assay"": ""CHEMBL2025595"", ""type"": ""FC"", ""scale"": ""fold"", ""value"": 2.1, ""units"": null, ""doc"": ""CHEMBL2021866"", ""rule"": ""FC（fold change）为激活倍数""}]",0,,0,,2,2,1,"[""CHEMBL2021866""]",2012,LITERATURE,0,不适用（可定量效力值不足 2 个 assay）,中,仅 1 篇文献支撑
CHEMBL2022801,,Small molecule,,CC(C)=CCOc1cc(Oc2ccc(S(=O)(=O)N3CCOCC3)cc2)cc(C(=O)Nc2ncc(F)s2)c1,PIBYTEJAZPZECT-UHFFFAOYSA-N,1,EC50:1,52.0,52.0,52.0,7.28,7.28,7.28,,0,,0,1,1,"[{""assay"": ""CHEMBL2025594"", ""type"": ""EC50"", ""relation"": ""="", ""value_nm"": 52.0, ""pactivity"": 7.28, ""doc"": ""CHEMBL2021866"", ""rule"": ""EC50 为标准化浓度型效力指标""}]",1,1.8,FC@CHEMBL2025595,1,,,0,1,1,"[{""assay"": ""CHEMBL2025595"", ""type"": ""FC"", ""scale"": ""fold"", ""value"": 1.8, ""units"": null, ""doc"": ""CHEMBL2021866"", ""rule"": ""FC（fold change）为激活倍数""}]",0,,0,,2,2,1,"[""CHEMBL2021866""]",2012,LITERATURE,0,不适用（可定量效力值不足 2 个 assay）,中,仅 1 篇文献支撑
CHEMBL2022802,,Small molecule,,CC(C)=CCOc1cc(Oc2ccc(S(=O)(=O)N3C[C@@H](C)O[C@@H](C)C3)cc2)cc(C(=O)Nc2nccs2)c1,SXULOFMDIKNXLM-BGYRXZFFSA-N,1,EC50:1,62.6,62.6,62.6,7.2,7.2,7.2,,0,,0,1,1,"[{""assay"": ""CHEMBL2025594"", ""type"": ""EC50"", ""relation"": ""="", ""value_nm"": 62.6, ""pactivity"": 7.2, ""doc"": ""CHEMBL2021866"", ""rule"": ""EC50 为标准化浓度型效力指标""}]",1,1.5,FC@CHEMBL2025595,1,,,0,1,1,"[{""assay"": ""CHEMBL2025595"", ""type"": ""FC"", ""scale"": ""fold"", ""value"": 1.5, ""units"": null, ""doc"": ""CHEMBL2021866"", ""rule"": ""FC（fold change）为激活倍数""}]",0,,0,,2,2,1,"[""CHEMBL2021866""]",2012,LITERATURE,0,不适用（可定量效力值不足 2 个 assay）,中,仅 1 篇文献支撑
CHEMBL2023050,,Small molecule,,CC(C)=CCOc1cc(Oc2ccc(S(=O)(=O)N3C[C@@H](C)O[C@@H](C)C3)cc2)cc(C(=O)Nc2ncc(F)s2)c1,DXNXJXNGSQGOER-KDURUIRLSA-N,1,EC50:1,65.4,65.4,65.4,7.18,7.18,7.18,,0,,0,1,1,"[{""assay"": ""CHEMBL2025594"", ""type"": ""EC50"", ""relation"": ""="", ""value_nm"": 65.4, ""pactivity"": 7.18, ""doc"": ""CHEMBL2021866"", ""rule"": ""EC50 为标准化浓度型效力指标""}]",1,1.7,FC@CHEMBL2025595,1,,,0,1,1,"[{""assay"": ""CHEMBL2025595"", ""type"": ""FC"", ""scale"": ""fold"", ""value"": 1.7, ""units"": null, ""doc"": ""CHEMBL2021866"", ""rule"": ""FC（fold change）为激活倍数""}]",0,,0,,2,2,1,"[""CHEMBL2021866""]",2012,LITERATURE,0,不适用（可定量效力值不足 2 个 assay）,中,仅 1 篇文献支撑
CHEMBL2023051,,Small molecule,,CC(C)=CCOc1cc(Oc2ccc(S(=O)(=O)N3CC4CCC(C3)O4)cc2)cc(C(=O)Nc2nccs2)c1,ACCXEVDGIPNJDN-UHFFFAOYSA-N,1,EC50:1,101.0,101.0,101.0,7.0,7.0,7.0,,0,,0,1,1,"[{""assay"": ""CHEMBL2025594"", ""type"": ""EC50"", ""relation"": ""="", ""value_nm"": 101.0, ""pactivity"": 7.0, ""doc"": ""CHEMBL2021866"", ""rule"": ""EC50 为标准化浓度型效力指标""}]",1,1.7,FC@CHEMBL2025595,1,,,0,1,1,"[{""assay"": ""CHEMBL2025595"", ""type"": ""FC"", ""scale"": ""fold"", ""value"": 1.7, ""units"": null, ""doc"": ""CHEMBL2021866"", ""rule"": ""FC（fold change）为激活倍数""}]",0,,0,,2,2,1,"[""CHEMBL2021866""]",2012,LITERATURE,0,不适用（可定量效力值不足 2 个 assay）,中,仅 1 篇文献支撑
CHEMBL2023052,,Small molecule,,CC(C)=CCOc1cc(Oc2ccc(S(=O)(=O)N3CC4CCC(C3)O4)cc2)cc(C(=O)Nc2ncc(F)s2)c1,WLNRSXUPQQKTNY-UHFFFAOYSA-N,1,EC50:1,78.0,78.0,78.0,7.11,7.11,7.11,,0,,0,1,1,"[{""assay"": ""CHEMBL2025594"", ""type"": ""EC50"", ""relation"": ""="", ""value_nm"": 78.0, ""pactivity"": 7.11, ""doc"": ""CHEMBL2021866"", ""rule"": ""EC50 为标准化浓度型效力指标""}]",1,1.9,FC@CHEMBL2025595,1,,,0,1,1,"[{""assay"": ""CHEMBL2025595"", ""type"": ""FC"", ""scale"": ""fold"", ""value"": 1.9, ""units"": null, ""doc"": ""CHEMBL2021866"", ""rule"": ""FC（fold change）为激活倍数""}]",0,,0,,2,2,1,"[""CHEMBL2021866""]",2012,LITERATURE,0,不适用（可定量效力值不足 2 个 assay）,中,仅 1 篇文献支撑
CHEMBL2023053,,Small molecule,,CC(C)=CCOc1cc(Oc2ccc(S(=O)(=O)N3CC[C@H](F)C3)cc2)cc(C(=O)Nc2nccs2)c1,KIBCHNCQTPWSGC-IBGZPJMESA-N,1,EC50:1,52.3,52.3,52.3,7.28,7.28,7.28,,0,,0,1,1,"[{""assay"": ""CHEMBL2025594"", ""type"": ""EC50"", ""relation"": ""="", ""value_nm"": 52.3, ""pactivity"": 7.28, ""doc"": ""CHEMBL2021866"", ""rule"": ""EC50 为标准化浓度型效力指标""}]",1,1.9,FC@CHEMBL2025595,1,,,0,1,1,"[{""assay"": ""CHEMBL2025595"", ""type"": ""FC"", ""scale"": ""fold"", ""value"": 1.9, ""units"": null, ""doc"": ""CHEMBL2021866"", ""rule"": ""FC（fold change）为激活倍数""}]",0,,0,,2,2,1,"[""CHEMBL2021866""]",2012,LITERATURE,0,不适用（可定量效力值不足 2 个 assay）,中,仅 1 篇文献支撑
CHEMBL2023054,,Small molecule,,CC(C)=CCOc1cc(Oc2ccc(S(=O)(=O)N3CC[C@H](F)C3)cc2)cc(C(=O)Nc2ncc(F)s2)c1,UCEWQSGJSJZKKB-SFHVURJKSA-N,1,EC50:1,44.8,44.8,44.8,7.35,7.35,7.35,,0,,0,1,1,"[{""assay"": ""CHEMBL2025594"", ""type"": ""EC50"", ""relation"": ""="", ""value_nm"": 44.8, ""pactivity"": 7.35, ""doc"": ""CHEMBL2021866"", ""rule"": ""EC50 为标准化浓度型效力指标""}]",1,2.2,FC@CHEMBL2025595,1,,,0,1,1,"[{""assay"": ""CHEMBL2025595"", ""type"": ""FC"", ""scale"": ""fold"", ""value"": 2.2, ""units"": null, ""doc"": ""CHEMBL2021866"", ""rule"": ""FC（fold change）为激活倍数""}]",0,,0,,2,2,1,"[""CHEMBL2021866""]",2012,LITERATURE,0,不适用（可定量效力值不足 2 个 assay）,中,仅 1 篇文献支撑
CHEMBL2023055,,Small molecule,,COC1CCN(S(=O)(=O)c2ccc(Oc3cc(OCC=C(C)C)cc(C(=O)Nc4nccs4)c3)cc2)CC1,RSQVANLBVQMPIA-UHFFFAOYSA-N,1,EC50:1,90.4,90.4,90.4,7.04,7.04,7.04,,0,,0,1,1,"[{""assay"": ""CHEMBL2025594"", ""type"": ""EC50"", ""relation"": ""="", ""value_nm"": 90.4, ""pactivity"": 7.04, ""doc"": ""CHEMBL2021866"", ""rule"": ""EC50 为标准化浓度型效力指标""}]",1,1.7,FC@CHEMBL2025595,1,,,0,1,1,"[{""assay"": ""CHEMBL2025595"", ""type"": ""FC"", ""scale"": ""fold"", ""value"": 1.7, ""units"": null, ""doc"": ""CHEMBL2021866"", ""rule"": ""FC（fold change）为激活倍数""}]",0,,0,,2,2,1,"[""CHEMBL2021866""]",2012,LITERATURE,0,不适用（可定量效力值不足 2 个 assay）,中,仅 1 篇文献支撑
CHEMBL2023056,,Small molecule,,COC1CCN(S(=O)(=O)c2ccc(Oc3cc(OCC=C(C)C)cc(C(=O)Nc4ncc(F)s4)c3)cc2)CC1,KESKXWPXUFDYPI-UHFFFAOYSA-N,1,EC50:1,64.6,64.6,64.6,7.19,7.19,7.19,,0,,0,1,1,"[{""assay"": ""CHEMBL2025594"", ""type"": ""EC50"", ""relation"": ""="", ""value_nm"": 64.6, ""pactivity"": 7.19, ""doc"": ""CHEMBL2021866"", ""rule"": ""EC50 为标准化浓度型效力指标""}]",1,1.7,FC@CHEMBL2025595,1,,,0,1,1,"[{""assay"": ""CHEMBL2025595"", ""type"": ""FC"", ""scale"": ""fold"", ""value"": 1.7, ""units"": null, ""doc"": ""CHEMBL2021866"", ""rule"": ""FC（fold change）为激活倍数""}]",0,,0,,2,2,1,"[""CHEMBL2021866""]",2012,LITERATURE,0,不适用（可定量效力值不足 2 个 assay）,中,仅 1 篇文献支撑
CHEMBL2023057,,Small molecule,,CC(C)=CCOc1cc(Oc2ccc(S(=O)(=O)C3CC3)cc2)cc(C(=O)Nc2nc(-c3ccc(F)cc3)cs2)c1,BNFLBFHMZHLXSI-UHFFFAOYSA-N,1,EC50:1,250.0,250.0,250.0,6.6,6.6,6.6,,0,,0,1,1,"[{""assay"": ""CHEMBL2025594"", ""type"": ""EC50"", ""relation"": ""="", ""value_nm"": 250.0, ""pactivity"": 6.6, ""doc"": ""CHEMBL2021866"", ""rule"": ""EC50 为标准化浓度型效力指标""}]",1,0.9,FC@CHEMBL2025595,1,,,0,1,1,"[{""assay"": ""CHEMBL2025595"", ""type"": ""FC"", ""scale"": ""fold"", ""value"": 0.9, ""units"": null, ""doc"": ""CHEMBL2021866"", ""rule"": ""FC（fold change）为激活倍数""}]",0,,0,,2,2,1,"[""CHEMBL2021866""]",2012,LITERATURE,0,不适用（可定量效力值不足 2 个 assay）,中,仅 1 篇文献支撑
CHEMBL2023058,,Small molecule,,CC(C)=CCOc1cc(Oc2ccc(S(=O)(=O)C3CC3)cc2)cc(C(=O)Nc2nc(C(C)(C)C)cs2)c1,LLTXSJJPXCSNBM-UHFFFAOYSA-N,1,EC50:1,890.0,890.0,890.0,6.05,6.05,6.05,,0,,0,1,1,"[{""assay"": ""CHEMBL2025594"", ""type"": ""EC50"", ""relation"": ""="", ""value_nm"": 890.0, ""pactivity"": 6.05, ""doc"": ""CHEMBL2021866"", ""rule"": ""EC50 为标准化浓度型效力指标""}]",1,0.7,FC@CHEMBL2025595,1,,,0,1,1,"[{""assay"": ""CHEMBL2025595"", ""type"": ""FC"", ""scale"": ""fold"", ""value"": 0.7, ""units"": null, ""doc"": ""CHEMBL2021866"", ""rule"": ""FC（fold change）为激活倍数""}]",0,,0,,2,2,1,"[""CHEMBL2021866""]",2012,LITERATURE,0,不适用（可定量效力值不足 2 个 assay）,中,仅 1 篇文献支撑
CHEMBL2023059,,Small molecule,,CC(C)=CCOc1cc(Oc2ccc(S(=O)(=O)C3CC3)cc2)cc(C(=O)NC2=NC(=O)CS2)c1,MXICWTQJUFSFHD-UHFFFAOYSA-N,1,EC50:1,120.0,120.0,120.0,6.92,6.92,6.92,,0,,0,1,1,"[{""assay"": ""CHEMBL2025594"", ""type"": ""EC50"", ""relation"": ""="", ""value_nm"": 120.0, ""pactivity"": 6.92, ""doc"": ""CHEMBL2021866"", ""rule"": ""EC50 为标准化浓度型效力指标""}]",1,1.5,FC@CHEMBL2025595,1,,,0,1,1,"[{""assay"": ""CHEMBL2025595"", ""type"": ""FC"", ""scale"": ""fold"", ""value"": 1.5, ""units"": null, ""doc"": ""CHEMBL2021866"", ""rule"": ""FC（fold change）为激活倍数""}]",0,,0,,2,2,1,"[""CHEMBL2021866""]",2012,LITERATURE,0,不适用（可定量效力值不足 2 个 assay）,中,仅 1 篇文献支撑
CHEMBL2023060,,Small molecule,,CC(C)=CCOc1cc(Oc2ccc(S(=O)(=O)C3CC3)cc2)cc(C(=O)Nc2cc(C)n(C)n2)c1,MPTPCIISFSPKKK-UHFFFAOYSA-N,1,EC50:1,90.1,90.1,90.1,7.04,7.04,7.04,,0,,0,1,1,"[{""assay"": ""CHEMBL2025594"", ""type"": ""EC50"", ""relation"": ""="", ""value_nm"": 90.1, ""pactivity"": 7.04, ""doc"": ""CHEMBL2021866"", ""rule"": ""EC50 为标准化浓度型效力指标""}]",1,1.5,FC@CHEMBL2025595,1,,,0,1,1,"[{""assay"": ""CHEMBL2025595"", ""type"": ""FC"", ""scale"": ""fold"", ""value"": 1.5, ""units"": null, ""doc"": ""CHEMBL2021866"", ""rule"": ""FC（fold change）为激活倍数""}]",0,,0,,2,2,1,"[""CHEMBL2021866""]",2012,LITERATURE,0,不适用（可定量效力值不足 2 个 assay）,中,仅 1 篇文献支撑
CHEMBL2023061,,Small molecule,,CC(C)=CCOc1cc(Oc2ccc(S(=O)(=O)C3CC3)cc2)cc(C(=O)Nc2cnc(C)cn2)c1,HCOXEGAMJSNLLP-UHFFFAOYSA-N,1,EC50:1,165.0,165.0,165.0,6.78,6.78,6.78,,0,,0,1,1,"[{""assay"": ""CHEMBL2025594"", ""type"": ""EC50"", ""relation"": ""="", ""value_nm"": 165.0, ""pactivity"": 6.78, ""doc"": ""CHEMBL2021866"", ""rule"": ""EC50 为标准化浓度型效力指标""}]",1,1.6,FC@CHEMBL2025595,1,,,0,1,1,"[{""assay"": ""CHEMBL2025595"", ""type"": ""FC"", ""scale"": ""fold"", ""value"": 1.6, ""units"": null, ""doc"": ""CHEMBL2021866"", ""rule"": ""FC（fold change）为激活倍数""}]",0,,0,,2,2,1,"[""CHEMBL2021866""]",2012,LITERATURE,0,不适用（可定量效力值不足 2 个 assay）,中,仅 1 篇文献支撑
CHEMBL2023062,,Small molecule,,CC(C)=CCOc1cc(Oc2ccc(S(=O)(=O)C3CC3)cc2)cc(C(=O)Nc2nccn3ccnc23)c1,JZAUIMMPSNHUHI-UHFFFAOYSA-N,1,EC50:1,,,,,,,,1,1000.0,0,1,1,"[{""assay"": ""CHEMBL2025594"", ""type"": ""EC50"", ""relation"": "">"", ""value_nm"": 1000.0, ""pactivity"": null, ""doc"": ""CHEMBL2021866"", ""rule"": ""EC50 为标准化浓度型效力指标""}]",0,,,0,,,0,0,0,,0,,0,,1,1,1,"[""CHEMBL2021866""]",2012,LITERATURE,0,不适用（可定量效力值不足 2 个 assay）,弱,仅 1 篇文献支撑；1 条效力为删失值（>，最高浓度未达 EC50），未计入汇总；无可定量的效力或效能值
CHEMBL2023063,,Small molecule,,CC(C)=CCOc1cc(Oc2ccc(S(=O)(=O)N3CCOCC3)cc2)cc(C(=O)Nc2cc(C)n(C)n2)c1,DGCABLZAVGULFA-UHFFFAOYSA-N,1,EC50:1,95.1,95.1,95.1,7.02,7.02,7.02,,0,,0,1,1,"[{""assay"": ""CHEMBL2025594"", ""type"": ""EC50"", ""relation"": ""="", ""value_nm"": 95.1, ""pactivity"": 7.02, ""doc"": ""CHEMBL2021866"", ""rule"": ""EC50 为标准化浓度型效力指标""}]",1,1.5,FC@CHEMBL2025595,1,,,0,1,1,"[{""assay"": ""CHEMBL2025595"", ""type"": ""FC"", ""scale"": ""fold"", ""value"": 1.5, ""units"": null, ""doc"": ""CHEMBL2021866"", ""rule"": ""FC（fold change）为激活倍数""}]",0,,0,,2,2,1,"[""CHEMBL2021866""]",2012,LITERATURE,0,不适用（可定量效力值不足 2 个 assay）,中,仅 1 篇文献支撑
CHEMBL2023064,,Small molecule,,CC(C)=CCOc1cc(Oc2ccc(S(=O)(=O)N3CCOCC3)cc2)cc(C(=O)Nc2ccn(C)n2)c1,HWWUXSYCHUCGPO-UHFFFAOYSA-N,1,EC50:1,297.0,297.0,297.0,6.53,6.53,6.53,,0,,0,1,1,"[{""assay"": ""CHEMBL2025594"", ""type"": ""EC50"", ""relation"": ""="", ""value_nm"": 297.0, ""pactivity"": 6.53, ""doc"": ""CHEMBL2021866"", ""rule"": ""EC50 为标准化浓度型效力指标""}]",1,3.0,FC@CHEMBL2025595,1,,,0,1,1,"[{""assay"": ""CHEMBL2025595"", ""type"": ""FC"", ""scale"": ""fold"", ""value"": 3, ""units"": null, ""doc"": ""CHEMBL2021866"", ""rule"": ""FC（fold change）为激活倍数""}]",0,,0,,2,2,1,"[""CHEMBL2021866""]",2012,LITERATURE,0,不适用（可定量效力值不足 2 个 assay）,中,仅 1 篇文献支撑
CHEMBL2023432,,Small molecule,,CC(C)=CCOc1cc(Oc2ccc(S(=O)(=O)N3C[C@@H](C)O[C@@H](C)C3)cc2)cc(C(=O)Nc2cc(C)n(C)n2)c1,BDKQYGBLMIUIPE-SZPZYZBQSA-N,1,EC50:1,44.8,44.8,44.8,7.35,7.35,7.35,,0,,0,1,1,"[{""assay"": ""CHEMBL2025594"", ""type"": ""EC50"", ""relation"": ""="", ""value_nm"": 44.8, ""pactivity"": 7.35, ""doc"": ""CHEMBL2021866"", ""rule"": ""EC50 为标准化浓度型效力指标""}]",1,1.6,FC@CHEMBL2025595,1,,,0,1,1,"[{""assay"": ""CHEMBL2025595"", ""type"": ""FC"", ""scale"": ""fold"", ""value"": 1.6, ""units"": null, ""doc"": ""CHEMBL2021866"", ""rule"": ""FC（fold change）为激活倍数""}]",0,,0,,2,2,1,"[""CHEMBL2021866""]",2012,LITERATURE,0,不适用（可定量效力值不足 2 个 assay）,中,仅 1 篇文献支撑
CHEMBL2023433,,Small molecule,,CC(C)=CCOc1cc(Oc2ccc(S(=O)(=O)N3C[C@@H](C)O[C@@H](C)C3)cc2)cc(C(=O)Nc2ccn(C)n2)c1,VIMXYGAGYOVMFS-OYRHEFFESA-N,1,EC50:1,265.0,265.0,265.0,6.58,6.58,6.58,,0,,0,1,1,"[{""assay"": ""CHEMBL2025594"", ""type"": ""EC50"", ""relation"": ""="", ""value_nm"": 265.0, ""pactivity"": 6.58, ""doc"": ""CHEMBL2021866"", ""rule"": ""EC50 为标准化浓度型效力指标""}]",1,1.8,FC@CHEMBL2025595,1,,,0,1,1,"[{""assay"": ""CHEMBL2025595"", ""type"": ""FC"", ""scale"": ""fold"", ""value"": 1.8, ""units"": null, ""doc"": ""CHEMBL2021866"", ""rule"": ""FC（fold change）为激活倍数""}]",0,,0,,2,2,1,"[""CHEMBL2021866""]",2012,LITERATURE,0,不适用（可定量效力值不足 2 个 assay）,中,仅 1 篇文献支撑
CHEMBL2023434,,Small molecule,,CC(C)=CCOc1cc(Oc2ccc(S(=O)(=O)N3CC4CCC(C3)O4)cc2)cc(C(=O)Nc2cc(C)n(C)n2)c1,DWWDHOWABXTSTF-UHFFFAOYSA-N,1,EC50:1,144.0,144.0,144.0,6.84,6.84,6.84,,0,,0,1,1,"[{""assay"": ""CHEMBL2025594"", ""type"": ""EC50"", ""relation"": ""="", ""value_nm"": 144.0, ""pactivity"": 6.84, ""doc"": ""CHEMBL2021866"", ""rule"": ""EC50 为标准化浓度型效力指标""}]",1,1.5,FC@CHEMBL2025595,1,,,0,1,1,"[{""assay"": ""CHEMBL2025595"", ""type"": ""FC"", ""scale"": ""fold"", ""value"": 1.5, ""units"": null, ""doc"": ""CHEMBL2021866"", ""rule"": ""FC（fold change）为激活倍数""}]",0,,0,,2,2,1,"[""CHEMBL2021866""]",2012,LITERATURE,0,不适用（可定量效力值不足 2 个 assay）,中,仅 1 篇文献支撑
CHEMBL2023435,,Small molecule,,CC(C)=CCOc1cc(Oc2ccc(S(=O)(=O)N3CC4CCC(C3)O4)cc2)cc(C(=O)Nc2ccn(C)n2)c1,MOGIBPAWZYJFHG-UHFFFAOYSA-N,1,EC50:1,242.0,242.0,242.0,6.62,6.62,6.62,,0,,0,1,1,"[{""assay"": ""CHEMBL2025594"", ""type"": ""EC50"", ""relation"": ""="", ""value_nm"": 242.0, ""pactivity"": 6.62, ""doc"": ""CHEMBL2021866"", ""rule"": ""EC50 为标准化浓度型效力指标""}]",1,1.7,FC@CHEMBL2025595,1,,,0,1,1,"[{""assay"": ""CHEMBL2025595"", ""type"": ""FC"", ""scale"": ""fold"", ""value"": 1.7, ""units"": null, ""doc"": ""CHEMBL2021866"", ""rule"": ""FC（fold change）为激活倍数""}]",0,,0,,2,2,1,"[""CHEMBL2021866""]",2012,LITERATURE,0,不适用（可定量效力值不足 2 个 assay）,中,仅 1 篇文献支撑
CHEMBL2023436,,Small molecule,,CC(C)=CCOc1cc(Oc2ccc(S(=O)(=O)N3CC[C@H](F)C3)cc2)cc(C(=O)Nc2cc(C)n(C)n2)c1,KIEQDRSOYHECPG-NRFANRHFSA-N,1,EC50:1,63.1,63.1,63.1,7.2,7.2,7.2,,0,,0,1,1,"[{""assay"": ""CHEMBL2025594"", ""type"": ""EC50"", ""relation"": ""="", ""value_nm"": 63.1, ""pactivity"": 7.2, ""doc"": ""CHEMBL2021866"", ""rule"": ""EC50 为标准化浓度型效力指标""}]",1,1.9,FC@CHEMBL2025595,1,,,0,1,1,"[{""assay"": ""CHEMBL2025595"", ""type"": ""FC"", ""scale"": ""fold"", ""value"": 1.9, ""units"": null, ""doc"": ""CHEMBL2021866"", ""rule"": ""FC（fold change）为激活倍数""}]",0,,0,,2,2,1,"[""CHEMBL2021866""]",2012,LITERATURE,0,不适用（可定量效力值不足 2 个 assay）,中,仅 1 篇文献支撑
CHEMBL2023437,,Small molecule,,CC(C)=CCOc1cc(Oc2ccc(S(=O)(=O)N3CC[C@H](F)C3)cc2)cc(C(=O)Nc2ccn(C)n2)c1,FCCBNXQRQJFVDM-FQEVSTJZSA-N,1,EC50:1,83.5,83.5,83.5,7.08,7.08,7.08,,0,,0,1,1,"[{""assay"": ""CHEMBL2025594"", ""type"": ""EC50"", ""relation"": ""="", ""value_nm"": 83.5, ""pactivity"": 7.08, ""doc"": ""CHEMBL2021866"", ""rule"": ""EC50 为标准化浓度型效力指标""}]",1,2.1,FC@CHEMBL2025595,1,,,0,1,1,"[{""assay"": ""CHEMBL2025595"", ""type"": ""FC"", ""scale"": ""fold"", ""value"": 2.1, ""units"": null, ""doc"": ""CHEMBL2021866"", ""rule"": ""FC（fold change）为激活倍数""}]",0,,0,,2,2,1,"[""CHEMBL2021866""]",2012,LITERATURE,0,不适用（可定量效力值不足 2 个 assay）,中,仅 1 篇文献支撑
CHEMBL2023438,,Small molecule,,COC1CCN(S(=O)(=O)c2ccc(Oc3cc(OCC=C(C)C)cc(C(=O)Nc4cc(C)n(C)n4)c3)cc2)CC1,SSKMAFJLOGCTSG-UHFFFAOYSA-N,1,EC50:1,460.0,460.0,460.0,6.34,6.34,6.34,,0,,0,1,1,"[{""assay"": ""CHEMBL2025594"", ""type"": ""EC50"", ""relation"": ""="", ""value_nm"": 460.0, ""pactivity"": 6.34, ""doc"": ""CHEMBL2021866"", ""rule"": ""EC50 为标准化浓度型效力指标""}]",1,1.8,FC@CHEMBL2025595,1,,,0,1,1,"[{""assay"": ""CHEMBL2025595"", ""type"": ""FC"", ""scale"": ""fold"", ""value"": 1.8, ""units"": null, ""doc"": ""CHEMBL2021866"", ""rule"": ""FC（fold change）为激活倍数""}]",0,,0,,2,2,1,"[""CHEMBL2021866""]",2012,LITERATURE,0,不适用（可定量效力值不足 2 个 assay）,中,仅 1 篇文献支撑
CHEMBL2023439,,Small molecule,,COC1CCN(S(=O)(=O)c2ccc(Oc3cc(OCC=C(C)C)cc(C(=O)Nc4ccn(C)n4)c3)cc2)CC1,HKVWZJIDORPBSW-UHFFFAOYSA-N,1,EC50:1,491.0,491.0,491.0,6.31,6.31,6.31,,0,,0,1,1,"[{""assay"": ""CHEMBL2025594"", ""type"": ""EC50"", ""relation"": ""="", ""value_nm"": 491.0, ""pactivity"": 6.31, ""doc"": ""CHEMBL2021866"", ""rule"": ""EC50 为标准化浓度型效力指标""}]",1,1.7,FC@CHEMBL2025595,1,,,0,1,1,"[{""assay"": ""CHEMBL2025595"", ""type"": ""FC"", ""scale"": ""fold"", ""value"": 1.7, ""units"": null, ""doc"": ""CHEMBL2021866"", ""rule"": ""FC（fold change）为激活倍数""}]",0,,0,,2,2,1,"[""CHEMBL2021866""]",2012,LITERATURE,0,不适用（可定量效力值不足 2 个 assay）,中,仅 1 篇文献支撑
CHEMBL205627,,Small molecule,,COC[C@H](C)Oc1cc(O[C@@H](C)Cc2ccccc2)cc(C(=O)Nc2ccc(C(=O)O)cn2)c1,OCBMECSFDVUYQN-ROUUACIJSA-N,4,EC50:4,30.0,37.5,240.0,7.52,7.435,6.62,0.9,0,,0,4,4,"[{""assay"": ""CHEMBL1167927"", ""type"": ""EC50"", ""relation"": ""="", ""value_nm"": 30.0, ""pactivity"": 7.52, ""doc"": ""CHEMBL1165956"", ""rule"": ""EC50 为标准化浓度型效力指标""}, {""assay"": ""CHEMBL1781588"", ""type"": ""EC50"", ""relation"": ""="", ""value_nm"": 30.0, ""pactivity"": 7.52, ""doc"": ""CHEMBL1777741"", ""rule"": ""EC50 为标准化浓度型效力指标""}, {""assay"": ""CHEMBL1788085"", ""type"": ""EC50"", ""relation"": ""="", ""value_nm"": 45.0, ""pactivity"": 7.35, ""doc"": ""CHEMBL1782019"", ""rule"": ""EC50 为标准化浓度型效力指标""}, {""assay"": ""CHEMBL2025594"", ""type"": ""EC50"", ""relation"": ""="", ""value_nm"": 240.0, ""pactivity"": 6.62, ""doc"": ""CHEMBL2021866"", ""rule"": ""EC50 为标准化浓度型效力指标""}]",1,,,0,23.0,Emax@CHEMBL1788086,1,1,1,"[{""assay"": ""CHEMBL1788086"", ""type"": ""Emax"", ""scale"": ""percent"", ""value"": 23, ""units"": ""%"", ""doc"": ""CHEMBL1782019"", ""rule"": ""Emax 为激活幅度指标，按该 assay 内值域（max=148.0）判为 percent 尺度""}]",0,,1,"[{""assay"": ""CHEMBL4428666"", ""type"": ""Activity"", ""value"": 20, ""units"": ""%"", ""reason"": ""Activity 为自由文本指标（无官方标准化规则），assay 描述未命中提升门槛，不跨实验汇总""}]",6,6,5,"[""CHEMBL1165956"", ""CHEMBL1777741"", ""CHEMBL1782019"", ""CHEMBL2021866"", ""CHEMBL4428044""]",2009; 2010; 2011; 2012; 2016,LITERATURE,1,较一致（pActivity 极差 0.9，10 倍以内）,强,1 条被 ChEMBL 标为 potential_duplicate；1 条指标未归类（见 unclassified_records）
CHEMBL205816,,Small molecule,,CC(C)Oc1cc(O[C@@H](C)Cc2ccccc2)cc(C(=O)Nc2ccc(C(=O)O)cn2)c1,CLRXIUJLHYPICH-KRWDZBQOSA-N,2,EC50:2,20.0,20.0,20.0,7.7,7.7,7.7,0.0,0,,0,2,2,"[{""assay"": ""CHEMBL1781588"", ""type"": ""EC50"", ""relation"": ""="", ""value_nm"": 20.0, ""pactivity"": 7.7, ""doc"": ""CHEMBL1777741"", ""rule"": ""EC50 为标准化浓度型效力指标""}, {""assay"": ""CHEMBL865109"", ""type"": ""EC50"", ""relation"": ""="", ""value_nm"": 20.0, ""pactivity"": 7.7, ""doc"": ""CHEMBL1147698"", ""rule"": ""EC50 为标准化浓度型效力指标""}]",0,,,0,,,0,0,0,,0,,0,,2,2,2,"[""CHEMBL1147698"", ""CHEMBL1777741""]",2006; 2011,LITERATURE,1,一致（pActivity 极差 0.0，3 倍以内）,强,1 条被 ChEMBL 标为 potential_duplicate
CHEMBL206986,,Small molecule,,COC[C@@H](C)Oc1cc(OC(C)C)cc(C(=O)Nc2ccc(C(=O)O)cn2)c1,MQDXDORISMQWFB-CYBMUJFWSA-N,1,EC50:1,5510.0,5510.0,5510.0,5.26,5.26,5.26,,0,,0,1,1,"[{""assay"": ""CHEMBL865109"", ""type"": ""EC50"", ""relation"": ""="", ""value_nm"": 5510.0, ""pactivity"": 5.26, ""doc"": ""CHEMBL1147698"", ""rule"": ""EC50 为标准化浓度型效力指标""}]",0,,,0,,,0,0,0,,0,,0,,1,1,1,"[""CHEMBL1147698""]",2006,LITERATURE,0,不适用（可定量效力值不足 2 个 assay）,弱,仅 1 篇文献支撑
CHEMBL208197,,Small molecule,,CC(C)Oc1cc(O[C@H](C)c2ccccc2)cc(C(=O)Nc2ccc(C(=O)O)cn2)c1,HGGYPMJLRJNOMY-MRXNPFEDSA-N,1,EC50:1,950.0,950.0,950.0,6.02,6.02,6.02,,0,,0,1,1,"[{""assay"": ""CHEMBL865109"", ""type"": ""EC50"", ""relation"": ""="", ""value_nm"": 950.0, ""pactivity"": 6.02, ""doc"": ""CHEMBL1147698"", ""rule"": ""EC50 为标准化浓度型效力指标""}]",0,,,0,,,0,0,0,,0,,0,,1,1,1,"[""CHEMBL1147698""]",2006,LITERATURE,0,不适用（可定量效力值不足 2 个 assay）,弱,仅 1 篇文献支撑
CHEMBL210838,,Small molecule,,COC[C@H](C)Oc1cc(OC(C)C)cc(C(=O)Nc2ccc(C(=O)O)cn2)c1,MQDXDORISMQWFB-ZDUSSCGKSA-N,1,EC50:1,610.0,610.0,610.0,6.21,6.21,6.21,,0,,0,1,1,"[{""assay"": ""CHEMBL865109"", ""type"": ""EC50"", ""relation"": ""="", ""value_nm"": 610.0, ""pactivity"": 6.21, ""doc"": ""CHEMBL1147698"", ""rule"": ""EC50 为标准化浓度型效力指标""}]",0,,,0,,,0,0,0,,0,,0,,1,1,1,"[""CHEMBL1147698""]",2006,LITERATURE,0,不适用（可定量效力值不足 2 个 assay）,弱,仅 1 篇文献支撑
CHEMBL212529,,Small molecule,,Cc1csc(NC(=O)c2cccc(Cl)c2)n1,MXGUAAMFCPDOEZ-UHFFFAOYSA-N,2,EC50:2,6300.0,11650.0,17000.0,5.2,4.985,4.77,0.43,0,,0,2,1,"[{""assay"": ""CHEMBL959301"", ""type"": ""EC50"", ""relation"": ""="", ""value_nm"": 17000.0, ""pactivity"": 4.77, ""doc"": ""CHEMBL1152887"", ""rule"": ""EC50 为标准化浓度型效力指标""}, {""assay"": ""CHEMBL959302"", ""type"": ""EC50"", ""relation"": ""="", ""value_nm"": 6300.0, ""pactivity"": 5.2, ""doc"": ""CHEMBL1152887"", ""rule"": ""EC50 为标准化浓度型效力指标""}]",2,8.0,FC@CHEMBL959303,2,,,0,2,1,"[{""assay"": ""CHEMBL959303"", ""type"": ""FC"", ""scale"": ""fold"", ""value"": 8, ""units"": null, ""doc"": ""CHEMBL1152887"", ""rule"": ""FC（fold change）为激活倍数""}, {""assay"": ""CHEMBL959304"", ""type"": ""FC"", ""scale"": ""fold"", ""value"": 1.6, ""units"": null, ""doc"": ""CHEMBL1152887"", ""rule"": ""FC（fold change）为激活倍数""}]",0,,0,,4,4,1,"[""CHEMBL1152887""]",2009,LITERATURE,0,一致（pActivity 极差 0.43，3 倍以内）,中,仅 1 篇文献支撑
CHEMBL2164435,,Small molecule,,CS(=O)(=O)c1ccc([C@@H](CC2CCC(=O)C2)C(=O)Nc2cnccn2)cc1Cl,XEANIURBPHCHMG-WPZCJLIBSA-N,0,,,,,,,,,0,,0,0,0,,0,,,0,,,0,0,0,,0,,1,"[{""assay"": ""CHEMBL2167270"", ""type"": ""Activity"", ""value"": 0.33, ""units"": ""uM"", ""reason"": ""Activity 为自由文本指标（无官方标准化规则），assay 描述未命中提升门槛，不跨实验汇总""}]",1,1,1,"[""CHEMBL2163188""]",2012,LITERATURE,0,不适用（可定量效力值不足 2 个 assay）,弱,仅 1 篇文献支撑；无可定量的效力或效能值；1 条指标未归类（见 unclassified_records）
CHEMBL2164436,,Small molecule,,CS(=O)(=O)c1ccc([C@@H](C[C@@H]2CCC(=O)C2)C(=O)Nc2cnccn2)cc1Cl,XEANIURBPHCHMG-IUODEOHRSA-N,0,,,,,,,,,0,,0,0,0,,0,,,0,,,0,0,0,,0,,1,"[{""assay"": ""CHEMBL2167270"", ""type"": ""Activity"", ""value"": 5, ""units"": ""uM"", ""reason"": ""Activity 为自由文本指标（无官方标准化规则），assay 描述未命中提升门槛，不跨实验汇总""}]",1,1,1,"[""CHEMBL2163188""]",2012,LITERATURE,0,不适用（可定量效力值不足 2 个 assay）,弱,仅 1 篇文献支撑；无可定量的效力或效能值；1 条指标未归类（见 unclassified_records）
CHEMBL2164437,,Small molecule,,CS(=O)(=O)c1ccc(C(CC2CCCC2)C(=O)Nc2ncc(Br)s2)cc1,OKWXOWVLARCCRX-UHFFFAOYSA-N,0,,,,,,,,,0,,0,0,0,,0,,,0,,,0,0,0,,0,,1,"[{""assay"": ""CHEMBL2167270"", ""type"": ""Activity"", ""value"": 0.135, ""units"": ""uM"", ""reason"": ""Activity 为自由文本指标（无官方标准化规则），assay 描述未命中提升门槛，不跨实验汇总""}]",1,1,1,"[""CHEMBL2163188""]",2012,LITERATURE,0,不适用（可定量效力值不足 2 个 assay）,弱,仅 1 篇文献支撑；无可定量的效力或效能值；1 条指标未归类（见 unclassified_records）
CHEMBL2164438,,Small molecule,,CS(=O)(=O)c1ccc(C(CC2CCCC2)C(=O)Nc2ncc(C(N)=O)s2)cc1,BKGFGLDBJAEGQW-UHFFFAOYSA-N,0,,,,,,,,,0,,0,0,0,,0,,,0,,,0,0,0,,0,,1,"[{""assay"": ""CHEMBL2167270"", ""type"": ""Activity"", ""value"": 0.734, ""units"": ""uM"", ""reason"": ""Activity 为自由文本指标（无官方标准化规则），assay 描述未命中提升门槛，不跨实验汇总""}]",1,1,1,"[""CHEMBL2163188""]",2012,LITERATURE,0,不适用（可定量效力值不足 2 个 assay）,弱,仅 1 篇文献支撑；无可定量的效力或效能值；1 条指标未归类（见 unclassified_records）
CHEMBL2164439,,Small molecule,,CNC(=O)c1cnc(NC(=O)C(CC2CCCC2)c2ccc(S(C)(=O)=O)cc2)s1,ULDSCFMLAOPXCX-UHFFFAOYSA-N,0,,,,,,,,,0,,0,0,0,,0,,,0,,,0,0,0,,0,,1,"[{""assay"": ""CHEMBL2167270"", ""type"": ""Activity"", ""value"": 1.4, ""units"": ""uM"", ""reason"": ""Activity 为自由文本指标（无官方标准化规则），assay 描述未命中提升门槛，不跨实验汇总""}]",1,1,1,"[""CHEMBL2163188""]",2012,LITERATURE,0,不适用（可定量效力值不足 2 个 assay）,弱,仅 1 篇文献支撑；无可定量的效力或效能值；1 条指标未归类（见 unclassified_records）
CHEMBL2164440,,Small molecule,,CS(=O)(=O)c1ccc(C(CC2CCCC2)C(=O)Nc2ncc([N+](=O)[O-])s2)cc1,CRKRHEBTJCBCJL-UHFFFAOYSA-N,0,,,,,,,,,0,,0,0,0,,0,,,0,,,0,0,0,,0,,1,"[{""assay"": ""CHEMBL2167270"", ""type"": ""Activity"", ""value"": 4.17, ""units"": ""uM"", ""reason"": ""Activity 为自由文本指标（无官方标准化规则），assay 描述未命中提升门槛，不跨实验汇总""}]",1,1,1,"[""CHEMBL2163188""]",2012,LITERATURE,0,不适用（可定量效力值不足 2 个 assay）,弱,仅 1 篇文献支撑；无可定量的效力或效能值；1 条指标未归类（见 unclassified_records）
CHEMBL2164441,,Small molecule,,CS(=O)(=O)c1ccc(C(CC2CCCC2)C(=O)Nc2nccs2)cc1Cl,CERXYDAYZZMUJI-UHFFFAOYSA-N,0,,,,,,,,,0,,0,0,0,,0,,,0,,,0,0,0,,0,,1,"[{""assay"": ""CHEMBL2167270"", ""type"": ""Activity"", ""value"": 0.119, ""units"": ""uM"", ""reason"": ""Activity 为自由文本指标（无官方标准化规则），assay 描述未命中提升门槛，不跨实验汇总""}]",1,1,1,"[""CHEMBL2163188""]",2012,LITERATURE,0,不适用（可定量效力值不足 2 个 assay）,弱,仅 1 篇文献支撑；无可定量的效力或效能值；1 条指标未归类（见 unclassified_records）
CHEMBL2164442,,Small molecule,,CS(=O)(=O)c1ccc(C(CC2CCCC2)C(=O)Nc2nccs2)cc1Br,VZHKONVMVRJXCH-UHFFFAOYSA-N,0,,,,,,,,,0,,0,0,0,,0,,,0,,,0,0,0,,0,,1,"[{""assay"": ""CHEMBL2167270"", ""type"": ""Activity"", ""value"": 0.111, ""units"": ""uM"", ""reason"": ""Activity 为自由文本指标（无官方标准化规则），assay 描述未命中提升门槛，不跨实验汇总""}]",1,1,1,"[""CHEMBL2163188""]",2012,LITERATURE,0,不适用（可定量效力值不足 2 个 assay）,弱,仅 1 篇文献支撑；无可定量的效力或效能值；1 条指标未归类（见 unclassified_records）
CHEMBL2164443,,Small molecule,,CS(=O)(=O)c1ccc(C(CC2CCCC2)C(=O)Nc2nccs2)cc1F,GSPZAFRUOLJTCF-UHFFFAOYSA-N,0,,,,,,,,,0,,0,0,0,,0,,,0,,,0,0,0,,0,,1,"[{""assay"": ""CHEMBL2167270"", ""type"": ""Activity"", ""value"": 0.292, ""units"": ""uM"", ""reason"": ""Activity 为自由文本指标（无官方标准化规则），assay 描述未命中提升门槛，不跨实验汇总""}]",1,1,1,"[""CHEMBL2163188""]",2012,LITERATURE,0,不适用（可定量效力值不足 2 个 assay）,弱,仅 1 篇文献支撑；无可定量的效力或效能值；1 条指标未归类（见 unclassified_records）
CHEMBL2164444,,Small molecule,,CS(=O)(=O)c1ccc(C(CC2CCCC2)C(=O)Nc2nccs2)cc1C(F)(F)F,GLIDOAFGXMMAHQ-UHFFFAOYSA-N,0,,,,,,,,,0,,0,0,0,,0,,,0,,,0,0,0,,0,,1,"[{""assay"": ""CHEMBL2167270"", ""type"": ""Activity"", ""value"": 0.068, ""units"": ""uM"", ""reason"": ""Activity 为自由文本指标（无官方标准化规则），assay 描述未命中提升门槛，不跨实验汇总""}]",1,1,1,"[""CHEMBL2163188""]",2012,LITERATURE,0,不适用（可定量效力值不足 2 个 assay）,弱,仅 1 篇文献支撑；无可定量的效力或效能值；1 条指标未归类（见 unclassified_records）
CHEMBL2164445,,Small molecule,,CS(=O)(=O)c1ccc(C(CC2CCCC2)C(=O)Nc2nccs2)cc1[N+](=O)[O-],JGIVQCXQTGYATL-UHFFFAOYSA-N,0,,,,,,,,,0,,0,0,0,,0,,,0,,,0,0,0,,0,,1,"[{""assay"": ""CHEMBL2167270"", ""type"": ""Activity"", ""value"": 0.065, ""units"": ""uM"", ""reason"": ""Activity 为自由文本指标（无官方标准化规则），assay 描述未命中提升门槛，不跨实验汇总""}]",1,1,1,"[""CHEMBL2163188""]",2012,LITERATURE,0,不适用（可定量效力值不足 2 个 assay）,弱,仅 1 篇文献支撑；无可定量的效力或效能值；1 条指标未归类（见 unclassified_records）
CHEMBL2164446,,Small molecule,,CS(=O)(=O)c1ccc(C(CC2CCCC2)C(=O)Nc2nccs2)cc1C#N,NSKZVLLRTKHYAG-UHFFFAOYSA-N,0,,,,,,,,,0,,0,0,0,,0,,,0,,,0,0,0,,0,,1,"[{""assay"": ""CHEMBL2167270"", ""type"": ""Activity"", ""value"": 0.188, ""units"": ""uM"", ""reason"": ""Activity 为自由文本指标（无官方标准化规则），assay 描述未命中提升门槛，不跨实验汇总""}]",1,1,1,"[""CHEMBL2163188""]",2012,LITERATURE,0,不适用（可定量效力值不足 2 个 assay）,弱,仅 1 篇文献支撑；无可定量的效力或效能值；1 条指标未归类（见 unclassified_records）
CHEMBL2164447,,Small molecule,,CS(=O)(=O)c1ccc(C(CC2CCCC2)C(=O)Nc2nccs2)cc1N,YHALWHDRODYYNZ-UHFFFAOYSA-N,0,,,,,,,,,0,,0,0,0,,0,,,0,,,0,0,0,,0,,1,"[{""assay"": ""CHEMBL2167270"", ""type"": ""Activity"", ""value"": 0.579, ""units"": ""uM"", ""reason"": ""Activity 为自由文本指标（无官方标准化规则），assay 描述未命中提升门槛，不跨实验汇总""}]",1,1,1,"[""CHEMBL2163188""]",2012,LITERATURE,0,不适用（可定量效力值不足 2 个 assay）,弱,仅 1 篇文献支撑；无可定量的效力或效能值；1 条指标未归类（见 unclassified_records）
CHEMBL2164749,,Small molecule,,CS(=O)(=O)c1ccc(C(CC2CCCC2)C(=O)Nc2ccccn2)cc1,JXHCYNJBUVRFDD-UHFFFAOYSA-N,0,,,,,,,,,0,,0,0,0,,0,,,0,,,0,0,0,,0,,1,"[{""assay"": ""CHEMBL2167270"", ""type"": ""Activity"", ""value"": 1.21, ""units"": ""uM"", ""reason"": ""Activity 为自由文本指标（无官方标准化规则），assay 描述未命中提升门槛，不跨实验汇总""}]",1,1,1,"[""CHEMBL2163188""]",2012,LITERATURE,0,不适用（可定量效力值不足 2 个 assay）,弱,仅 1 篇文献支撑；无可定量的效力或效能值；1 条指标未归类（见 unclassified_records）
CHEMBL2164750,,Small molecule,,CS(=O)(=O)c1ccc(C(CC2CCCC2)C(=O)Nc2ccccn2)cc1Cl,FROPKILFCBRCRO-UHFFFAOYSA-N,0,,,,,,,,,0,,0,0,0,,0,,,0,,,0,0,0,,0,,1,"[{""assay"": ""CHEMBL2167270"", ""type"": ""Activity"", ""value"": 0.083, ""units"": ""uM"", ""reason"": ""Activity 为自由文本指标（无官方标准化规则），assay 描述未命中提升门槛，不跨实验汇总""}]",1,1,1,"[""CHEMBL2163188""]",2012,LITERATURE,0,不适用（可定量效力值不足 2 个 assay）,弱,仅 1 篇文献支撑；无可定量的效力或效能值；1 条指标未归类（见 unclassified_records）
CHEMBL2164751,,Small molecule,,CS(=O)(=O)c1ccc(C(CC2CCCC2)C(=O)Nc2cnccn2)cc1,PJWXGJMLDUIEPG-UHFFFAOYSA-N,0,,,,,,,,,0,,0,0,0,,0,,,0,,,0,0,0,,0,,1,"[{""assay"": ""CHEMBL2167270"", ""type"": ""Activity"", ""value"": 1.78, ""units"": ""uM"", ""reason"": ""Activity 为自由文本指标（无官方标准化规则），assay 描述未命中提升门槛，不跨实验汇总""}]",1,1,1,"[""CHEMBL2163188""]",2012,LITERATURE,0,不适用（可定量效力值不足 2 个 assay）,弱,仅 1 篇文献支撑；无可定量的效力或效能值；1 条指标未归类（见 unclassified_records）
CHEMBL2164752,,Small molecule,,CS(=O)(=O)c1ccc(C(CC2CCCC2)C(=O)Nc2cnccn2)cc1Cl,QULLOTSYPAOTIW-UHFFFAOYSA-N,0,,,,,,,,,0,,0,0,0,,0,,,0,,,0,0,0,,0,,1,"[{""assay"": ""CHEMBL2167270"", ""type"": ""Activity"", ""value"": 0.18, ""units"": ""uM"", ""reason"": ""Activity 为自由文本指标（无官方标准化规则），assay 描述未命中提升门槛，不跨实验汇总""}]",1,1,1,"[""CHEMBL2163188""]",2012,LITERATURE,0,不适用（可定量效力值不足 2 个 assay）,弱,仅 1 篇文献支撑；无可定量的效力或效能值；1 条指标未归类（见 unclassified_records）
CHEMBL2164753,,Small molecule,,CS(=O)(=O)c1ccc(C(CC2CCCC2)C(=O)Nc2ccc3ccccc3n2)cc1,RBFUJKPDVLOKBZ-UHFFFAOYSA-N,0,,,,,,,,,0,,0,0,0,,0,,,0,,,0,0,0,,0,,1,"[{""assay"": ""CHEMBL2167270"", ""type"": ""Activity"", ""value"": 1.38, ""units"": ""uM"", ""reason"": ""Activity 为自由文本指标（无官方标准化规则），assay 描述未命中提升门槛，不跨实验汇总""}]",1,1,1,"[""CHEMBL2163188""]",2012,LITERATURE,0,不适用（可定量效力值不足 2 个 assay）,弱,仅 1 篇文献支撑；无可定量的效力或效能值；1 条指标未归类（见 unclassified_records）
CHEMBL2164754,,Small molecule,,CS(=O)(=O)c1ccc(C(CC2CCCC2)C(=O)Nc2ccc3ccccc3n2)cc1Cl,SOYSPEAIZRNEAT-UHFFFAOYSA-N,0,,,,,,,,,0,,0,0,0,,0,,,0,,,0,0,0,,0,,1,"[{""assay"": ""CHEMBL2167270"", ""type"": ""Activity"", ""value"": 0.12, ""units"": ""uM"", ""reason"": ""Activity 为自由文本指标（无官方标准化规则），assay 描述未命中提升门槛，不跨实验汇总""}]",1,1,1,"[""CHEMBL2163188""]",2012,LITERATURE,0,不适用（可定量效力值不足 2 个 assay）,弱,仅 1 篇文献支撑；无可定量的效力或效能值；1 条指标未归类（见 unclassified_records）
CHEMBL2164755,,Small molecule,,CS(=O)(=O)c1ccc(C(CC2CCCC2)C(=O)Nc2ccncn2)cc1,OCIGLNKJPQBAKJ-UHFFFAOYSA-N,0,,,,,,,,,0,,0,0,0,,0,,,0,,,0,0,0,,0,,1,"[{""assay"": ""CHEMBL2167270"", ""type"": ""Activity"", ""value"": 1.74, ""units"": ""uM"", ""reason"": ""Activity 为自由文本指标（无官方标准化规则），assay 描述未命中提升门槛，不跨实验汇总""}]",1,1,1,"[""CHEMBL2163188""]",2012,LITERATURE,0,不适用（可定量效力值不足 2 个 assay）,弱,仅 1 篇文献支撑；无可定量的效力或效能值；1 条指标未归类（见 unclassified_records）
CHEMBL2164756,,Small molecule,,CS(=O)(=O)c1ccc(C(CC2CCCC2)C(=O)Nc2ncccn2)cc1Cl,MKVFCBDKNSJPPZ-UHFFFAOYSA-N,0,,,,,,,,,0,,0,0,0,,0,,,0,,,0,0,0,,0,,1,"[{""assay"": ""CHEMBL2167270"", ""type"": ""Activity"", ""value"": 0.15, ""units"": ""uM"", ""reason"": ""Activity 为自由文本指标（无官方标准化规则），assay 描述未命中提升门槛，不跨实验汇总""}]",1,1,1,"[""CHEMBL2163188""]",2012,LITERATURE,0,不适用（可定量效力值不足 2 个 assay）,弱,仅 1 篇文献支撑；无可定量的效力或效能值；1 条指标未归类（见 unclassified_records）
CHEMBL2164757,,Small molecule,,CS(=O)(=O)c1ccc([C@@H](CC2CCCC2O)C(=O)Nc2cnccn2)cc1Cl,LAJNDONYHWQOLP-NPCAHTBFSA-N,0,,,,,,,,,0,,0,0,0,,0,,,0,,,0,0,0,,0,,1,"[{""assay"": ""CHEMBL2167270"", ""type"": ""Activity"", ""value"": 2.73, ""units"": ""uM"", ""reason"": ""Activity 为自由文本指标（无官方标准化规则），assay 描述未命中提升门槛，不跨实验汇总""}]",1,1,1,"[""CHEMBL2163188""]",2012,LITERATURE,0,不适用（可定量效力值不足 2 个 assay）,弱,仅 1 篇文献支撑；无可定量的效力或效能值；1 条指标未归类（见 unclassified_records）
CHEMBL2164758,,Small molecule,,CS(=O)(=O)c1ccc([C@@H](CC2CCC(O)C2)C(=O)Nc2cnccn2)cc1Cl,VBTKTLBFIDYEIU-PESDSKBTSA-N,0,,,,,,,,,0,,0,0,0,,0,,,0,,,0,0,0,,0,,1,"[{""assay"": ""CHEMBL2167270"", ""type"": ""Activity"", ""value"": 2.37, ""units"": ""uM"", ""reason"": ""Activity 为自由文本指标（无官方标准化规则），assay 描述未命中提升门槛，不跨实验汇总""}]",1,1,1,"[""CHEMBL2163188""]",2012,LITERATURE,0,不适用（可定量效力值不足 2 个 assay）,弱,仅 1 篇文献支撑；无可定量的效力或效能值；1 条指标未归类（见 unclassified_records）
CHEMBL2164759,,Small molecule,,CS(=O)(=O)c1ccc([C@@H](CC2CCCC2=O)C(=O)Nc2cnccn2)cc1Cl,KVABINFFCIRQHU-ARLHGKGLSA-N,0,,,,,,,,,0,,0,0,0,,0,,,0,,,0,0,0,,0,,1,"[{""assay"": ""CHEMBL2167270"", ""type"": ""Activity"", ""value"": 0.19, ""units"": ""uM"", ""reason"": ""Activity 为自由文本指标（无官方标准化规则），assay 描述未命中提升门槛，不跨实验汇总""}]",1,1,1,"[""CHEMBL2163188""]",2012,LITERATURE,0,不适用（可定量效力值不足 2 个 assay）,弱,仅 1 篇文献支撑；无可定量的效力或效能值；1 条指标未归类（见 unclassified_records）
CHEMBL2164760,,Small molecule,,CS(=O)(=O)c1ccc(C(CC2CCCC2)C(=O)NC(N)=S)cc1,QNOUVBQVUJHASU-UHFFFAOYSA-N,0,,,,,,,,,0,,0,0,0,,0,,,0,,,0,0,0,,0,,1,"[{""assay"": ""CHEMBL2167270"", ""type"": ""Activity"", ""value"": 45, ""units"": ""uM"", ""reason"": ""Activity 为自由文本指标（无官方标准化规则），assay 描述未命中提升门槛，不跨实验汇总""}]",1,1,1,"[""CHEMBL2163188""]",2012,LITERATURE,0,不适用（可定量效力值不足 2 个 assay）,弱,仅 1 篇文献支撑；无可定量的效力或效能值；1 条指标未归类（见 unclassified_records）
CHEMBL2164761,,Small molecule,,CS(=O)(=O)c1ccc([C@@H](CC2CCCC2)C(=O)Nc2cnccn2)cc1Cl,QULLOTSYPAOTIW-OAHLLOKOSA-N,0,,,,,,,,,0,,0,0,0,,0,,,0,,,0,0,0,,0,,2,"[{""assay"": ""CHEMBL2167270"", ""type"": ""Activity"", ""value"": 0.14, ""units"": ""uM"", ""reason"": ""Activity 为自由文本指标（无官方标准化规则），assay 描述未命中提升门槛，不跨实验汇总""}, {""assay"": ""CHEMBL2346010"", ""type"": ""Activity"", ""value"": 0.11, ""units"": ""uM"", ""reason"": ""Activity 为自由文本指标（无官方标准化规则），assay 描述未命中提升门槛，不跨实验汇总""}]",2,2,2,"[""CHEMBL2163188"", ""CHEMBL2331552""]",2012; 2013,LITERATURE,0,不适用（可定量效力值不足 2 个 assay）,强,无可定量的效力或效能值；2 条指标未归类（见 unclassified_records）
CHEMBL2164762,,Small molecule,,CS(=O)(=O)c1ccc(C(CC2CCCC2)C(=O)Nc2nc(CCO)cs2)cc1,JALGJZOCFQQQFR-UHFFFAOYSA-N,0,,,,,,,,,0,,0,0,0,,0,,,0,,,0,0,0,,0,,1,"[{""assay"": ""CHEMBL2167270"", ""type"": ""Activity"", ""value"": 0.667, ""units"": ""uM"", ""reason"": ""Activity 为自由文本指标（无官方标准化规则），assay 描述未命中提升门槛，不跨实验汇总""}]",1,1,1,"[""CHEMBL2163188""]",2012,LITERATURE,0,不适用（可定量效力值不足 2 个 assay）,弱,仅 1 篇文献支撑；无可定量的效力或效能值；1 条指标未归类（见 unclassified_records）
CHEMBL2164763,,Small molecule,,CS(=O)(=O)c1ccc(C(CC2CCCC2)C(=O)Nc2nc(CO)cs2)cc1,HOUNRZVIQQUOCW-UHFFFAOYSA-N,0,,,,,,,,,0,,0,0,0,,0,,,0,,,0,0,0,,0,,1,"[{""assay"": ""CHEMBL2167270"", ""type"": ""Activity"", ""value"": 0.48, ""units"": ""uM"", ""reason"": ""Activity 为自由文本指标（无官方标准化规则），assay 描述未命中提升门槛，不跨实验汇总""}]",1,1,1,"[""CHEMBL2163188""]",2012,LITERATURE,0,不适用（可定量效力值不足 2 个 assay）,弱,仅 1 篇文献支撑；无可定量的效力或效能值；1 条指标未归类（见 unclassified_records）
CHEMBL2164764,,Small molecule,,CS(=O)(=O)c1ccc(C(CC2CCCC2)C(=O)Nc2ncc(Cl)s2)cc1,AWVVMUPZAROUQV-UHFFFAOYSA-N,0,,,,,,,,,0,,0,0,0,,0,,,0,,,0,0,0,,0,,1,"[{""assay"": ""CHEMBL2167270"", ""type"": ""Activity"", ""value"": 0.148, ""units"": ""uM"", ""reason"": ""Activity 为自由文本指标（无官方标准化规则），assay 描述未命中提升门槛，不跨实验汇总""}]",1,1,1,"[""CHEMBL2163188""]",2012,LITERATURE,0,不适用（可定量效力值不足 2 个 assay）,弱,仅 1 篇文献支撑；无可定量的效力或效能值；1 条指标未归类（见 unclassified_records）
CHEMBL2165615,NERIGLIATIN,Small molecule,2,Cc1cnc(NC(=O)c2cc(Oc3cnc(C(=O)N(C)C)nc3)c3cc(C)oc3c2)cn1,MASKQITXHVYVFL-UHFFFAOYSA-N,6,EC50:6,174.0,189.0,1090.0,6.76,6.725,5.96,0.8,0,,0,6,5,"[{""assay"": ""CHEMBL2168593"", ""type"": ""EC50"", ""relation"": ""="", ""value_nm"": 188.0, ""pactivity"": 6.73, ""doc"": ""CHEMBL2163316"", ""rule"": ""EC50 为标准化浓度型效力指标""}, {""assay"": ""CHEMBL2410527"", ""type"": ""EC50"", ""relation"": ""="", ""value_nm"": 190.0, ""pactivity"": 6.72, ""doc"": ""CHEMBL2407069"", ""rule"": ""EC50 为标准化浓度型效力指标""}, {""assay"": ""CHEMBL3223666"", ""type"": ""EC50"", ""relation"": ""="", ""value_nm"": 188.0, ""pactivity"": 6.73, ""doc"": ""CHEMBL3217627"", ""rule"": ""EC50 为标准化浓度型效力指标""}, {""assay"": ""CHEMBL3583541"", ""type"": ""EC50"", ""relation"": ""="", ""value_nm"": 174.0, ""pactivity"": 6.76, ""doc"": ""CHEMBL3580608"", ""rule"": ""EC50 为标准化浓度型效力指标""}, {""assay"": ""CHEMBL4193347"", ""type"": ""EC50"", ""relation"": ""="", ""value_nm"": 930.0, ""pactivity"": 6.03, ""doc"": ""CHEMBL4190311"", ""rule"": ""EC50 为标准化浓度型效力指标""}, {""assay"": ""CHEMBL4193353"", ""type"": ""EC50"", ""relation"": ""="", ""value_nm"": 1090.0, ""pactivity"": 5.96, ""doc"": ""CHEMBL4190311"", ""rule"": ""EC50 为标准化浓度型效力指标""}]",1,2.11,FC@CHEMBL4193348,1,,,0,1,1,"[{""assay"": ""CHEMBL4193348"", ""type"": ""FC"", ""scale"": ""fold"", ""value"": 2.11, ""units"": null, ""doc"": ""CHEMBL4190311"", ""rule"": ""FC（fold change）为激活倍数""}]",0,,2,"[{""assay"": ""CHEMBL2410525"", ""type"": ""Ratio"", ""value"": 0.87, ""units"": null, ""reason"": ""Ratio 为自由文本指标（无官方标准化规则），assay 描述未命中提升门槛，不跨实验汇总""}, {""assay"": ""CHEMBL2410526"", ""type"": ""Ratio"", ""value"": 0.1, ""units"": null, ""reason"": ""Ratio 为自由文本指标（无官方标准化规则），assay 描述未命中提升门槛，不跨实验汇总""}]",9,9,5,"[""CHEMBL2163316"", ""CHEMBL2407069"", ""CHEMBL3217627"", ""CHEMBL3580608"", ""CHEMBL4190311""]",2011; 2012; 2013; 2014; 2017,LITERATURE,2,较一致（pActivity 极差 0.8，10 倍以内）,强,2 条被 ChEMBL 标为 potential_duplicate；2 条指标未归类（见 unclassified_records）
CHEMBL2165616,,Small molecule,,Cc1cnc(NC(=O)c2cc(Oc3cnc(C(=O)N(C)C)cn3)c3cc(C)oc3c2)cn1,DWVPDUMIGCPRPB-UHFFFAOYSA-N,4,EC50:4,210.0,212.0,220.0,6.68,6.67,6.66,0.02,0,,0,4,4,"[{""assay"": ""CHEMBL2168593"", ""type"": ""EC50"", ""relation"": ""="", ""value_nm"": 212.0, ""pactivity"": 6.67, ""doc"": ""CHEMBL2163316"", ""rule"": ""EC50 为标准化浓度型效力指标""}, {""assay"": ""CHEMBL2216128"", ""type"": ""EC50"", ""relation"": ""="", ""value_nm"": 220.0, ""pactivity"": 6.66, ""doc"": ""CHEMBL2203262"", ""rule"": ""EC50 为标准化浓度型效力指标""}, {""assay"": ""CHEMBL3223666"", ""type"": ""EC50"", ""relation"": ""="", ""value_nm"": 212.0, ""pactivity"": 6.67, ""doc"": ""CHEMBL3217627"", ""rule"": ""EC50 为标准化浓度型效力指标""}, {""assay"": ""CHEMBL3583541"", ""type"": ""EC50"", ""relation"": ""="", ""value_nm"": 210.0, ""pactivity"": 6.68, ""doc"": ""CHEMBL3580608"", ""rule"": ""EC50 为标准化浓度型效力指标""}]",0,,,0,,,0,0,0,,0,,2,"[{""assay"": ""CHEMBL2215687"", ""type"": ""Ratio"", ""value"": 0.09, ""units"": null, ""reason"": ""Ratio 为自由文本指标（无官方标准化规则），assay 描述未命中提升门槛，不跨实验汇总""}, {""assay"": ""CHEMBL2216127"", ""type"": ""Ratio"", ""value"": 0.97, ""units"": null, ""reason"": ""Ratio 为自由文本指标（无官方标准化规则），assay 描述未命中提升门槛，不跨实验汇总""}]",6,6,4,"[""CHEMBL2163316"", ""CHEMBL2203262"", ""CHEMBL3217627"", ""CHEMBL3580608""]",2011; 2012; 2014,LITERATURE,3,一致（pActivity 极差 0.02，3 倍以内）,强,3 条被 ChEMBL 标为 potential_duplicate；2 条指标未归类（见 unclassified_records）
CHEMBL2165617,,Small molecule,,O=C(O)Cn1ccc(NC(=O)[C@H](CC2CCCC2)n2cnc(C(F)(F)F)c2)n1,HHSZUJCBROAKTA-LBPRGKRZSA-N,1,EC50:1,1080.0,1080.0,1080.0,5.97,5.97,5.97,,0,,0,1,1,"[{""assay"": ""CHEMBL2168593"", ""type"": ""EC50"", ""relation"": ""="", ""value_nm"": 1080.0, ""pactivity"": 5.97, ""doc"": ""CHEMBL2163316"", ""rule"": ""EC50 为标准化浓度型效力指标""}]",0,,,0,,,0,0,0,,0,,0,,1,1,1,"[""CHEMBL2163316""]",2012,LITERATURE,0,不适用（可定量效力值不足 2 个 assay）,弱,仅 1 篇文献支撑
CHEMBL2165618,,Small molecule,,O=C(O)c1cnc(NC(=O)[C@H](CC2CCCC2)n2cnc(C(F)(F)F)c2)cn1,SRVGYNGNZUNUAE-LBPRGKRZSA-N,1,EC50:1,,,,,,,,1,10000.0,0,1,1,"[{""assay"": ""CHEMBL2168593"", ""type"": ""EC50"", ""relation"": "">"", ""value_nm"": 10000.0, ""pactivity"": null, ""doc"": ""CHEMBL2163316"", ""rule"": ""EC50 为标准化浓度型效力指标""}]",0,,,0,,,0,0,0,,0,,0,,1,1,1,"[""CHEMBL2163316""]",2012,LITERATURE,0,不适用（可定量效力值不足 2 个 assay）,弱,仅 1 篇文献支撑；1 条效力为删失值（>，最高浓度未达 EC50），未计入汇总；无可定量的效力或效能值
CHEMBL2165619,,Small molecule,,Cc1ccc(NC(=O)[C@H](CC2CCCC2)n2cnc(C(F)(F)F)c2)nc1,VLFQGVRGNGPZNM-AWEZNQCLSA-N,1,EC50:1,114.0,114.0,114.0,6.94,6.94,6.94,,0,,0,1,1,"[{""assay"": ""CHEMBL2168593"", ""type"": ""EC50"", ""relation"": ""="", ""value_nm"": 114.0, ""pactivity"": 6.94, ""doc"": ""CHEMBL2163316"", ""rule"": ""EC50 为标准化浓度型效力指标""}]",0,,,0,,,0,0,0,,0,,0,,1,1,1,"[""CHEMBL2163316""]",2012,LITERATURE,0,不适用（可定量效力值不足 2 个 assay）,弱,仅 1 篇文献支撑
CHEMBL2165620,PF-04991532,Small molecule,2,O=C(O)c1ccc(NC(=O)[C@H](CC2CCCC2)n2cnc(C(F)(F)F)c2)nc1,GKMLFBRLRVQVJO-ZDUSSCGKSA-N,1,EC50:1,90.0,90.0,90.0,7.05,7.05,7.05,,0,,0,1,1,"[{""assay"": ""CHEMBL2168593"", ""type"": ""EC50"", ""relation"": ""="", ""value_nm"": 90.0, ""pactivity"": 7.05, ""doc"": ""CHEMBL2163316"", ""rule"": ""EC50 为标准化浓度型效力指标""}]",0,,,0,,,0,0,0,,0,,0,,1,1,1,"[""CHEMBL2163316""]",2012,LITERATURE,0,不适用（可定量效力值不足 2 个 assay）,弱,仅 1 篇文献支撑
CHEMBL2165621,,Small molecule,,O=C(O)c1cccc(NC(=O)[C@H](CC2CCCC2)n2cnc(C(F)(F)F)c2)n1,WKZKRQKVEUAIAU-ZDUSSCGKSA-N,1,EC50:1,,,,,,,,1,10000.0,0,1,1,"[{""assay"": ""CHEMBL2168593"", ""type"": ""EC50"", ""relation"": "">"", ""value_nm"": 10000.0, ""pactivity"": null, ""doc"": ""CHEMBL2163316"", ""rule"": ""EC50 为标准化浓度型效力指标""}]",0,,,0,,,0,0,0,,0,,0,,1,1,1,"[""CHEMBL2163316""]",2012,LITERATURE,0,不适用（可定量效力值不足 2 个 assay）,弱,仅 1 篇文献支撑；1 条效力为删失值（>，最高浓度未达 EC50），未计入汇总；无可定量的效力或效能值
CHEMBL2165622,,Small molecule,,O=C(O)c1ccnc(NC(=O)[C@H](CC2CCCC2)n2cnc(C(F)(F)F)c2)c1,FZILUFZIMSAEFV-ZDUSSCGKSA-N,1,EC50:1,,,,,,,,1,10000.0,0,1,1,"[{""assay"": ""CHEMBL2168593"", ""type"": ""EC50"", ""relation"": "">"", ""value_nm"": 10000.0, ""pactivity"": null, ""doc"": ""CHEMBL2163316"", ""rule"": ""EC50 为标准化浓度型效力指标""}]",0,,,0,,,0,0,0,,0,,0,,1,1,1,"[""CHEMBL2163316""]",2012,LITERATURE,0,不适用（可定量效力值不足 2 个 assay）,弱,仅 1 篇文献支撑；1 条效力为删失值（>，最高浓度未达 EC50），未计入汇总；无可定量的效力或效能值
CHEMBL2165623,,Small molecule,,O=C(O)Cc1ccc(NC(=O)[C@H](CC2CCCC2)n2cnc(C(F)(F)F)c2)nc1,KDYJKFBLCLYERB-AWEZNQCLSA-N,1,EC50:1,565.0,565.0,565.0,6.25,6.25,6.25,,0,,0,1,1,"[{""assay"": ""CHEMBL2168593"", ""type"": ""EC50"", ""relation"": ""="", ""value_nm"": 565.0, ""pactivity"": 6.25, ""doc"": ""CHEMBL2163316"", ""rule"": ""EC50 为标准化浓度型效力指标""}]",0,,,0,,,0,0,0,,0,,0,,1,1,1,"[""CHEMBL2163316""]",2012,LITERATURE,0,不适用（可定量效力值不足 2 个 assay）,弱,仅 1 篇文献支撑
CHEMBL2165624,,Small molecule,,O=C(Nc1ccc(S(=O)(=O)O)cn1)[C@H](CC1CCCC1)n1cnc(C(F)(F)F)c1,IMHBUDMBYJZRSG-ZDUSSCGKSA-N,1,EC50:1,2490.0,2490.0,2490.0,5.6,5.6,5.6,,0,,0,1,1,"[{""assay"": ""CHEMBL2168593"", ""type"": ""EC50"", ""relation"": ""="", ""value_nm"": 2490.0, ""pactivity"": 5.6, ""doc"": ""CHEMBL2163316"", ""rule"": ""EC50 为标准化浓度型效力指标""}]",0,,,0,,,0,0,0,,0,,0,,1,1,1,"[""CHEMBL2163316""]",2012,LITERATURE,0,不适用（可定量效力值不足 2 个 assay）,弱,仅 1 篇文献支撑
CHEMBL2165625,,Small molecule,,O=C(Nc1ccc(P(=O)(O)O)cn1)[C@H](CC1CCCC1)n1cnc(C(F)(F)F)c1,BSGKRWCDWPMZIQ-ZDUSSCGKSA-N,1,EC50:1,,,,,,,,1,10000.0,0,1,1,"[{""assay"": ""CHEMBL2168593"", ""type"": ""EC50"", ""relation"": "">"", ""value_nm"": 10000.0, ""pactivity"": null, ""doc"": ""CHEMBL2163316"", ""rule"": ""EC50 为标准化浓度型效力指标""}]",0,,,0,,,0,0,0,,0,,0,,1,1,1,"[""CHEMBL2163316""]",2012,LITERATURE,0,不适用（可定量效力值不足 2 个 assay）,弱,仅 1 篇文献支撑；1 条效力为删失值（>，最高浓度未达 EC50），未计入汇总；无可定量的效力或效能值
CHEMBL2165626,,Small molecule,,O=C(Nc1ccc(-c2nnn[nH]2)cn1)[C@H](CC1CCCC1)n1cnc(C(F)(F)F)c1,NZPVBFBSYBVMPK-ZDUSSCGKSA-N,1,EC50:1,284.0,284.0,284.0,6.55,6.55,6.55,,0,,0,1,1,"[{""assay"": ""CHEMBL2168593"", ""type"": ""EC50"", ""relation"": ""="", ""value_nm"": 284.0, ""pactivity"": 6.55, ""doc"": ""CHEMBL2163316"", ""rule"": ""EC50 为标准化浓度型效力指标""}]",0,,,0,,,0,0,0,,0,,0,,1,1,1,"[""CHEMBL2163316""]",2012,LITERATURE,0,不适用（可定量效力值不足 2 个 assay）,弱,仅 1 篇文献支撑
CHEMBL2165627,,Small molecule,,O=C(O)C(=O)Nc1ccc(NC(=O)[C@H](CC2CCCC2)n2cnc(C(F)(F)F)c2)nc1,UIPQUPAUXQPGNS-ZDUSSCGKSA-N,1,EC50:1,456.0,456.0,456.0,6.34,6.34,6.34,,0,,0,1,1,"[{""assay"": ""CHEMBL2168593"", ""type"": ""EC50"", ""relation"": ""="", ""value_nm"": 456.0, ""pactivity"": 6.34, ""doc"": ""CHEMBL2163316"", ""rule"": ""EC50 为标准化浓度型效力指标""}]",0,,,0,,,0,0,0,,0,,0,,1,1,1,"[""CHEMBL2163316""]",2012,LITERATURE,0,不适用（可定量效力值不足 2 个 assay）,弱,仅 1 篇文献支撑
CHEMBL2204646,,Small molecule,,Cc1cnc(NC(=O)c2cc(Oc3cnc(C(=O)N(C)C)cn3)c3cn(C)nc3c2)cn1,CXVAKQOAJSWZLY-UHFFFAOYSA-N,1,EC50:1,990.0,990.0,990.0,6.0,6.0,6.0,,0,,0,1,1,"[{""assay"": ""CHEMBL2216128"", ""type"": ""EC50"", ""relation"": ""="", ""value_nm"": 990.0, ""pactivity"": 6.0, ""doc"": ""CHEMBL2203262"", ""rule"": ""EC50 为标准化浓度型效力指标""}]",0,,,0,,,0,0,0,,0,,2,"[{""assay"": ""CHEMBL2215687"", ""type"": ""Ratio"", ""value"": 0.11, ""units"": null, ""reason"": ""Ratio 为自由文本指标（无官方标准化规则），assay 描述未命中提升门槛，不跨实验汇总""}, {""assay"": ""CHEMBL2216127"", ""type"": ""Ratio"", ""value"": 0.87, ""units"": null, ""reason"": ""Ratio 为自由文本指标（无官方标准化规则），assay 描述未命中提升门槛，不跨实验汇总""}]",3,3,1,"[""CHEMBL2203262""]",2012,LITERATURE,0,不适用（可定量效力值不足 2 个 assay）,中,仅 1 篇文献支撑；2 条指标未归类（见 unclassified_records）
CHEMBL2204647,,Small molecule,,Cc1cnc(NC(=O)c2cc(Oc3cnc(C(=O)N(C)C)cn3)c3cc(C)nn3c2)cn1,LRTRWENAVMGWOI-UHFFFAOYSA-N,1,EC50:1,620.0,620.0,620.0,6.21,6.21,6.21,,0,,0,1,1,"[{""assay"": ""CHEMBL2216128"", ""type"": ""EC50"", ""relation"": ""="", ""value_nm"": 620.0, ""pactivity"": 6.21, ""doc"": ""CHEMBL2203262"", ""rule"": ""EC50 为标准化浓度型效力指标""}]",0,,,0,,,0,0,0,,0,,2,"[{""assay"": ""CHEMBL2215687"", ""type"": ""Ratio"", ""value"": 0.05, ""units"": null, ""reason"": ""Ratio 为自由文本指标（无官方标准化规则），assay 描述未命中提升门槛，不跨实验汇总""}, {""assay"": ""CHEMBL2216127"", ""type"": ""Ratio"", ""value"": 0.91, ""units"": null, ""reason"": ""Ratio 为自由文本指标（无官方标准化规则），assay 描述未命中提升门槛，不跨实验汇总""}]",3,3,1,"[""CHEMBL2203262""]",2012,LITERATURE,0,不适用（可定量效力值不足 2 个 assay）,中,仅 1 篇文献支撑；2 条指标未归类（见 unclassified_records）
CHEMBL2204648,,Small molecule,,Cc1cnc(NC(=O)c2cc(Oc3ccc(C(=O)N(C)C)cc3)c3cn(C)nc3c2)cn1,VFNOJEBCZRXYMG-UHFFFAOYSA-N,1,EC50:1,710.0,710.0,710.0,6.15,6.15,6.15,,0,,0,1,1,"[{""assay"": ""CHEMBL2216128"", ""type"": ""EC50"", ""relation"": ""="", ""value_nm"": 710.0, ""pactivity"": 6.15, ""doc"": ""CHEMBL2203262"", ""rule"": ""EC50 为标准化浓度型效力指标""}]",0,,,0,,,0,0,0,,0,,2,"[{""assay"": ""CHEMBL2215687"", ""type"": ""Ratio"", ""value"": 0.16, ""units"": null, ""reason"": ""Ratio 为自由文本指标（无官方标准化规则），assay 描述未命中提升门槛，不跨实验汇总""}, {""assay"": ""CHEMBL2216127"", ""type"": ""Ratio"", ""value"": 0.65, ""units"": null, ""reason"": ""Ratio 为自由文本指标（无官方标准化规则），assay 描述未命中提升门槛，不跨实验汇总""}]",3,3,1,"[""CHEMBL2203262""]",2012,LITERATURE,0,不适用（可定量效力值不足 2 个 assay）,中,仅 1 篇文献支撑；2 条指标未归类（见 unclassified_records）
CHEMBL2204649,,Small molecule,,Cc1cnc(NC(=O)c2cc(Oc3ccc(S(C)(=O)=O)cc3)c3cn(C)nc3c2)cn1,CEMHBKRKARYDIJ-UHFFFAOYSA-N,1,EC50:1,1930.0,1930.0,1930.0,5.71,5.71,5.71,,0,,0,1,1,"[{""assay"": ""CHEMBL2216128"", ""type"": ""EC50"", ""relation"": ""="", ""value_nm"": 1930.0, ""pactivity"": 5.71, ""doc"": ""CHEMBL2203262"", ""rule"": ""EC50 为标准化浓度型效力指标""}]",0,,,0,,,0,0,0,,0,,2,"[{""assay"": ""CHEMBL2215687"", ""type"": ""Ratio"", ""value"": 0.2, ""units"": null, ""reason"": ""Ratio 为自由文本指标（无官方标准化规则），assay 描述未命中提升门槛，不跨实验汇总""}, {""assay"": ""CHEMBL2216127"", ""type"": ""Ratio"", ""value"": 1.05, ""units"": null, ""reason"": ""Ratio 为自由文本指标（无官方标准化规则），assay 描述未命中提升门槛，不跨实验汇总""}]",3,3,1,"[""CHEMBL2203262""]",2012,LITERATURE,0,不适用（可定量效力值不足 2 个 assay）,中,仅 1 篇文献支撑；2 条指标未归类（见 unclassified_records）
CHEMBL2204650,,Small molecule,,CCS(=O)(=O)c1ccc(Oc2cc(C(=O)Nc3cnc(C)cn3)cc3nn(C)cc23)cc1,XDESBYJMYYMFGZ-UHFFFAOYSA-N,1,EC50:1,980.0,980.0,980.0,6.01,6.01,6.01,,0,,0,1,1,"[{""assay"": ""CHEMBL2216128"", ""type"": ""EC50"", ""relation"": ""="", ""value_nm"": 980.0, ""pactivity"": 6.01, ""doc"": ""CHEMBL2203262"", ""rule"": ""EC50 为标准化浓度型效力指标""}]",0,,,0,,,0,0,0,,0,,2,"[{""assay"": ""CHEMBL2215687"", ""type"": ""Ratio"", ""value"": 0.11, ""units"": null, ""reason"": ""Ratio 为自由文本指标（无官方标准化规则），assay 描述未命中提升门槛，不跨实验汇总""}, {""assay"": ""CHEMBL2216127"", ""type"": ""Ratio"", ""value"": 1.07, ""units"": null, ""reason"": ""Ratio 为自由文本指标（无官方标准化规则），assay 描述未命中提升门槛，不跨实验汇总""}]",3,3,1,"[""CHEMBL2203262""]",2012,LITERATURE,0,不适用（可定量效力值不足 2 个 assay）,中,仅 1 篇文献支撑；2 条指标未归类（见 unclassified_records）
CHEMBL2204651,,Small molecule,,Cc1cnc(NC(=O)c2cc(Oc3ccc(S(=O)(=O)C4CC4)cc3)c3cn(C)nc3c2)cn1,QGKMGOARLIHMTI-UHFFFAOYSA-N,1,EC50:1,510.0,510.0,510.0,6.29,6.29,6.29,,0,,0,1,1,"[{""assay"": ""CHEMBL2216128"", ""type"": ""EC50"", ""relation"": ""="", ""value_nm"": 510.0, ""pactivity"": 6.29, ""doc"": ""CHEMBL2203262"", ""rule"": ""EC50 为标准化浓度型效力指标""}]",0,,,0,,,0,0,0,,0,,2,"[{""assay"": ""CHEMBL2215687"", ""type"": ""Ratio"", ""value"": 0.09, ""units"": null, ""reason"": ""Ratio 为自由文本指标（无官方标准化规则），assay 描述未命中提升门槛，不跨实验汇总""}, {""assay"": ""CHEMBL2216127"", ""type"": ""Ratio"", ""value"": 1.01, ""units"": null, ""reason"": ""Ratio 为自由文本指标（无官方标准化规则），assay 描述未命中提升门槛，不跨实验汇总""}]",3,3,1,"[""CHEMBL2203262""]",2012,LITERATURE,0,不适用（可定量效力值不足 2 个 assay）,中,仅 1 篇文献支撑；2 条指标未归类（见 unclassified_records）
CHEMBL2204652,,Small molecule,,Cc1cnc(NC(=O)c2cc(Oc3ccc(S(=O)(=O)N(C)C)cc3)c3cn(C)nc3c2)cn1,SGUBSBUVTZJSEK-UHFFFAOYSA-N,1,EC50:1,440.0,440.0,440.0,6.36,6.36,6.36,,0,,0,1,1,"[{""assay"": ""CHEMBL2216128"", ""type"": ""EC50"", ""relation"": ""="", ""value_nm"": 440.0, ""pactivity"": 6.36, ""doc"": ""CHEMBL2203262"", ""rule"": ""EC50 为标准化浓度型效力指标""}]",0,,,0,,,0,0,0,,0,,2,"[{""assay"": ""CHEMBL2215687"", ""type"": ""Ratio"", ""value"": 0.1, ""units"": null, ""reason"": ""Ratio 为自由文本指标（无官方标准化规则），assay 描述未命中提升门槛，不跨实验汇总""}, {""assay"": ""CHEMBL2216127"", ""type"": ""Ratio"", ""value"": 1.14, ""units"": null, ""reason"": ""Ratio 为自由文本指标（无官方标准化规则），assay 描述未命中提升门槛，不跨实验汇总""}]",3,3,1,"[""CHEMBL2203262""]",2012,LITERATURE,0,不适用（可定量效力值不足 2 个 assay）,中,仅 1 篇文献支撑；2 条指标未归类（见 unclassified_records）
CHEMBL2204653,,Small molecule,,CNS(=O)(=O)c1ccc(Oc2cc(C(=O)Nc3cnc(C)cn3)cc3nn(C)cc23)cc1,BKZRZYGNNBKORP-UHFFFAOYSA-N,1,EC50:1,880.0,880.0,880.0,6.06,6.06,6.06,,0,,0,1,1,"[{""assay"": ""CHEMBL2216128"", ""type"": ""EC50"", ""relation"": ""="", ""value_nm"": 880.0, ""pactivity"": 6.06, ""doc"": ""CHEMBL2203262"", ""rule"": ""EC50 为标准化浓度型效力指标""}]",0,,,0,,,0,0,0,,0,,2,"[{""assay"": ""CHEMBL2215687"", ""type"": ""Ratio"", ""value"": 0.07, ""units"": null, ""reason"": ""Ratio 为自由文本指标（无官方标准化规则），assay 描述未命中提升门槛，不跨实验汇总""}, {""assay"": ""CHEMBL2216127"", ""type"": ""Ratio"", ""value"": 1.18, ""units"": null, ""reason"": ""Ratio 为自由文本指标（无官方标准化规则），assay 描述未命中提升门槛，不跨实验汇总""}]",3,3,1,"[""CHEMBL2203262""]",2012,LITERATURE,0,不适用（可定量效力值不足 2 个 assay）,中,仅 1 篇文献支撑；2 条指标未归类（见 unclassified_records）
CHEMBL2204654,,Small molecule,,Cc1cnc(NC(=O)c2cc(Oc3ccc(S(N)(=O)=O)cc3)c3cn(C)nc3c2)cn1,ZIVHEUUCEVSPRF-UHFFFAOYSA-N,1,EC50:1,2320.0,2320.0,2320.0,5.63,5.63,5.63,,0,,0,1,1,"[{""assay"": ""CHEMBL2216128"", ""type"": ""EC50"", ""relation"": ""="", ""value_nm"": 2320.0, ""pactivity"": 5.63, ""doc"": ""CHEMBL2203262"", ""rule"": ""EC50 为标准化浓度型效力指标""}]",0,,,0,,,0,0,0,,0,,2,"[{""assay"": ""CHEMBL2215687"", ""type"": ""Ratio"", ""value"": 0.5, ""units"": null, ""reason"": ""Ratio 为自由文本指标（无官方标准化规则），assay 描述未命中提升门槛，不跨实验汇总""}, {""assay"": ""CHEMBL2216127"", ""type"": ""Ratio"", ""value"": 1.14, ""units"": null, ""reason"": ""Ratio 为自由文本指标（无官方标准化规则），assay 描述未命中提升门槛，不跨实验汇总""}]",3,3,1,"[""CHEMBL2203262""]",2012,LITERATURE,0,不适用（可定量效力值不足 2 个 assay）,中,仅 1 篇文献支撑；2 条指标未归类（见 unclassified_records）
CHEMBL2204655,,Small molecule,,Cc1cnc(NC(=O)c2cc(Oc3cnc(C(=O)N(C)C)c(F)c3)c3cn(C)nc3c2)cn1,ZGSFQZZAENVCIS-UHFFFAOYSA-N,2,EC50:2,391.0,395.5,400.0,6.41,6.405,6.4,0.01,0,,0,2,2,"[{""assay"": ""CHEMBL2216128"", ""type"": ""EC50"", ""relation"": ""="", ""value_nm"": 400.0, ""pactivity"": 6.4, ""doc"": ""CHEMBL2203262"", ""rule"": ""EC50 为标准化浓度型效力指标""}, {""assay"": ""CHEMBL3583541"", ""type"": ""EC50"", ""relation"": ""="", ""value_nm"": 391.0, ""pactivity"": 6.41, ""doc"": ""CHEMBL3580608"", ""rule"": ""EC50 为标准化浓度型效力指标""}]",0,,,0,,,0,0,0,,0,,2,"[{""assay"": ""CHEMBL2215687"", ""type"": ""Ratio"", ""value"": 0.11, ""units"": null, ""reason"": ""Ratio 为自由文本指标（无官方标准化规则），assay 描述未命中提升门槛，不跨实验汇总""}, {""assay"": ""CHEMBL2216127"", ""type"": ""Ratio"", ""value"": 0.8, ""units"": null, ""reason"": ""Ratio 为自由文本指标（无官方标准化规则），assay 描述未命中提升门槛，不跨实验汇总""}]",4,4,2,"[""CHEMBL2203262"", ""CHEMBL3580608""]",2012; 2014,LITERATURE,1,一致（pActivity 极差 0.01，3 倍以内）,强,1 条被 ChEMBL 标为 potential_duplicate；2 条指标未归类（见 unclassified_records）
CHEMBL2204656,,Small molecule,,Cc1cnc(NC(=O)c2cc(Oc3cnc(C(=O)N4CCC4)c(F)c3)c3cn(C)nc3c2)cn1,UPZVKDRGBJLNEM-UHFFFAOYSA-N,1,EC50:1,340.0,340.0,340.0,6.47,6.47,6.47,,0,,0,1,1,"[{""assay"": ""CHEMBL2216128"", ""type"": ""EC50"", ""relation"": ""="", ""value_nm"": 340.0, ""pactivity"": 6.47, ""doc"": ""CHEMBL2203262"", ""rule"": ""EC50 为标准化浓度型效力指标""}]",0,,,0,,,0,0,0,,0,,2,"[{""assay"": ""CHEMBL2215687"", ""type"": ""Ratio"", ""value"": 0.14, ""units"": null, ""reason"": ""Ratio 为自由文本指标（无官方标准化规则），assay 描述未命中提升门槛，不跨实验汇总""}, {""assay"": ""CHEMBL2216127"", ""type"": ""Ratio"", ""value"": 0.71, ""units"": null, ""reason"": ""Ratio 为自由文本指标（无官方标准化规则），assay 描述未命中提升门槛，不跨实验汇总""}]",3,3,1,"[""CHEMBL2203262""]",2012,LITERATURE,0,不适用（可定量效力值不足 2 个 assay）,中,仅 1 篇文献支撑；2 条指标未归类（见 unclassified_records）
CHEMBL2204657,,Small molecule,,Cc1cnc(NC(=O)c2cc(Oc3cnc(C(=O)N(C)C)nc3)c3cn(C)nc3c2)cn1,WSAQOXUHJXNXTA-UHFFFAOYSA-N,1,EC50:1,910.0,910.0,910.0,6.04,6.04,6.04,,0,,0,1,1,"[{""assay"": ""CHEMBL2216128"", ""type"": ""EC50"", ""relation"": ""="", ""value_nm"": 910.0, ""pactivity"": 6.04, ""doc"": ""CHEMBL2203262"", ""rule"": ""EC50 为标准化浓度型效力指标""}]",0,,,0,,,0,0,0,,0,,2,"[{""assay"": ""CHEMBL2215687"", ""type"": ""Ratio"", ""value"": 0.13, ""units"": null, ""reason"": ""Ratio 为自由文本指标（无官方标准化规则），assay 描述未命中提升门槛，不跨实验汇总""}, {""assay"": ""CHEMBL2216127"", ""type"": ""Ratio"", ""value"": 0.82, ""units"": null, ""reason"": ""Ratio 为自由文本指标（无官方标准化规则），assay 描述未命中提升门槛，不跨实验汇总""}]",3,3,1,"[""CHEMBL2203262""]",2012,LITERATURE,0,不适用（可定量效力值不足 2 个 assay）,中,仅 1 篇文献支撑；2 条指标未归类（见 unclassified_records）
CHEMBL2204658,,Small molecule,,CCn1cc2c(Oc3ccc(S(C)(=O)=O)cc3)cc(C(=O)Nc3cnc(C)cn3)cc2n1,VSJORLZCLQYWOQ-UHFFFAOYSA-N,1,EC50:1,770.0,770.0,770.0,6.11,6.11,6.11,,0,,0,1,1,"[{""assay"": ""CHEMBL2216128"", ""type"": ""EC50"", ""relation"": ""="", ""value_nm"": 770.0, ""pactivity"": 6.11, ""doc"": ""CHEMBL2203262"", ""rule"": ""EC50 为标准化浓度型效力指标""}]",0,,,0,,,0,0,0,,0,,2,"[{""assay"": ""CHEMBL2215687"", ""type"": ""Ratio"", ""value"": 0.15, ""units"": null, ""reason"": ""Ratio 为自由文本指标（无官方标准化规则），assay 描述未命中提升门槛，不跨实验汇总""}, {""assay"": ""CHEMBL2216127"", ""type"": ""Ratio"", ""value"": 1.19, ""units"": null, ""reason"": ""Ratio 为自由文本指标（无官方标准化规则），assay 描述未命中提升门槛，不跨实验汇总""}]",3,3,1,"[""CHEMBL2203262""]",2012,LITERATURE,0,不适用（可定量效力值不足 2 个 assay）,中,仅 1 篇文献支撑；2 条指标未归类（见 unclassified_records）
CHEMBL2204659,,Small molecule,,CCCn1cc2c(Oc3ccc(S(C)(=O)=O)cc3)cc(C(=O)Nc3cnc(C)cn3)cc2n1,SRIGNYPFWLBBRM-UHFFFAOYSA-N,1,EC50:1,310.0,310.0,310.0,6.51,6.51,6.51,,0,,0,1,1,"[{""assay"": ""CHEMBL2216128"", ""type"": ""EC50"", ""relation"": ""="", ""value_nm"": 310.0, ""pactivity"": 6.51, ""doc"": ""CHEMBL2203262"", ""rule"": ""EC50 为标准化浓度型效力指标""}]",0,,,0,,,0,0,0,,0,,2,"[{""assay"": ""CHEMBL2215687"", ""type"": ""Ratio"", ""value"": 0.06, ""units"": null, ""reason"": ""Ratio 为自由文本指标（无官方标准化规则），assay 描述未命中提升门槛，不跨实验汇总""}, {""assay"": ""CHEMBL2216127"", ""type"": ""Ratio"", ""value"": 1.2, ""units"": null, ""reason"": ""Ratio 为自由文本指标（无官方标准化规则），assay 描述未命中提升门槛，不跨实验汇总""}]",3,3,1,"[""CHEMBL2203262""]",2012,LITERATURE,0,不适用（可定量效力值不足 2 个 assay）,中,仅 1 篇文献支撑；2 条指标未归类（见 unclassified_records）
CHEMBL2204660,,Small molecule,,Cc1cnc(NC(=O)c2cc(Oc3ccc(S(C)(=O)=O)cc3)c3cn(CCO)nc3c2)cn1,FAIDDEBXNVTRMU-UHFFFAOYSA-N,1,EC50:1,1540.0,1540.0,1540.0,5.81,5.81,5.81,,0,,0,1,1,"[{""assay"": ""CHEMBL2216128"", ""type"": ""EC50"", ""relation"": ""="", ""value_nm"": 1540.0, ""pactivity"": 5.81, ""doc"": ""CHEMBL2203262"", ""rule"": ""EC50 为标准化浓度型效力指标""}]",0,,,0,,,0,0,0,,0,,2,"[{""assay"": ""CHEMBL2215687"", ""type"": ""Ratio"", ""value"": 0.1, ""units"": null, ""reason"": ""Ratio 为自由文本指标（无官方标准化规则），assay 描述未命中提升门槛，不跨实验汇总""}, {""assay"": ""CHEMBL2216127"", ""type"": ""Ratio"", ""value"": 1.07, ""units"": null, ""reason"": ""Ratio 为自由文本指标（无官方标准化规则），assay 描述未命中提升门槛，不跨实验汇总""}]",3,3,1,"[""CHEMBL2203262""]",2012,LITERATURE,0,不适用（可定量效力值不足 2 个 assay）,中,仅 1 篇文献支撑；2 条指标未归类（见 unclassified_records）
CHEMBL2204661,,Small molecule,,Cc1cnc(NC(=O)c2cc(Oc3ccc(S(C)(=O)=O)cc3)c3cn(C4CC4)nc3c2)cn1,PPRPRSUNPZRDPK-UHFFFAOYSA-N,1,EC50:1,2030.0,2030.0,2030.0,5.69,5.69,5.69,,0,,0,1,1,"[{""assay"": ""CHEMBL2216128"", ""type"": ""EC50"", ""relation"": ""="", ""value_nm"": 2030.0, ""pactivity"": 5.69, ""doc"": ""CHEMBL2203262"", ""rule"": ""EC50 为标准化浓度型效力指标""}]",0,,,0,,,0,0,0,,0,,2,"[{""assay"": ""CHEMBL2215687"", ""type"": ""Ratio"", ""value"": 0.13, ""units"": null, ""reason"": ""Ratio 为自由文本指标（无官方标准化规则），assay 描述未命中提升门槛，不跨实验汇总""}, {""assay"": ""CHEMBL2216127"", ""type"": ""Ratio"", ""value"": 1.16, ""units"": null, ""reason"": ""Ratio 为自由文本指标（无官方标准化规则），assay 描述未命中提升门槛，不跨实验汇总""}]",3,3,1,"[""CHEMBL2203262""]",2012,LITERATURE,0,不适用（可定量效力值不足 2 个 assay）,中,仅 1 篇文献支撑；2 条指标未归类（见 unclassified_records）
CHEMBL2204662,,Small molecule,,CCn1cc2c(Oc3cnc(C(=O)N(C)C)c(F)c3)cc(C(=O)Nc3cnc(C)cn3)cc2n1,YUOWWGGXVKBXNS-UHFFFAOYSA-N,1,EC50:1,230.0,230.0,230.0,6.64,6.64,6.64,,0,,0,1,1,"[{""assay"": ""CHEMBL2216128"", ""type"": ""EC50"", ""relation"": ""="", ""value_nm"": 230.0, ""pactivity"": 6.64, ""doc"": ""CHEMBL2203262"", ""rule"": ""EC50 为标准化浓度型效力指标""}]",0,,,0,,,0,0,0,,0,,2,"[{""assay"": ""CHEMBL2215687"", ""type"": ""Ratio"", ""value"": 0.06, ""units"": null, ""reason"": ""Ratio 为自由文本指标（无官方标准化规则），assay 描述未命中提升门槛，不跨实验汇总""}, {""assay"": ""CHEMBL2216127"", ""type"": ""Ratio"", ""value"": 0.8, ""units"": null, ""reason"": ""Ratio 为自由文本指标（无官方标准化规则），assay 描述未命中提升门槛，不跨实验汇总""}]",3,3,1,"[""CHEMBL2203262""]",2012,LITERATURE,0,不适用（可定量效力值不足 2 个 assay）,中,仅 1 篇文献支撑；2 条指标未归类（见 unclassified_records）
CHEMBL2204663,,Small molecule,,CCn1cc2c(Oc3cnc(C(=O)N4CCC4)c(F)c3)cc(C(=O)Nc3cnc(C)cn3)cc2n1,VRBFJTUHFBTQRQ-UHFFFAOYSA-N,2,EC50:2,114.0,117.0,120.0,6.94,6.93,6.92,0.02,0,,0,2,2,"[{""assay"": ""CHEMBL2216128"", ""type"": ""EC50"", ""relation"": ""="", ""value_nm"": 120.0, ""pactivity"": 6.92, ""doc"": ""CHEMBL2203262"", ""rule"": ""EC50 为标准化浓度型效力指标""}, {""assay"": ""CHEMBL3583541"", ""type"": ""EC50"", ""relation"": ""="", ""value_nm"": 114.0, ""pactivity"": 6.94, ""doc"": ""CHEMBL3580608"", ""rule"": ""EC50 为标准化浓度型效力指标""}]",0,,,0,,,0,0,0,,0,,2,"[{""assay"": ""CHEMBL2215687"", ""type"": ""Ratio"", ""value"": 0.12, ""units"": null, ""reason"": ""Ratio 为自由文本指标（无官方标准化规则），assay 描述未命中提升门槛，不跨实验汇总""}, {""assay"": ""CHEMBL2216127"", ""type"": ""Ratio"", ""value"": 0.82, ""units"": null, ""reason"": ""Ratio 为自由文本指标（无官方标准化规则），assay 描述未命中提升门槛，不跨实验汇总""}]",4,4,2,"[""CHEMBL2203262"", ""CHEMBL3580608""]",2012; 2014,LITERATURE,0,一致（pActivity 极差 0.02，3 倍以内）,强,2 条指标未归类（见 unclassified_records）
CHEMBL2206775,,Small molecule,,Cc1csc(NC(=O)CSc2ncnc3c2cnn3-c2ccccc2)n1,OCZCGGVTHZLVHL-UHFFFAOYSA-N,1,EC50:1,,,,,,,,1,100000.0,0,1,1,"[{""assay"": ""CHEMBL2215199"", ""type"": ""EC50"", ""relation"": "">"", ""value_nm"": 100000.0, ""pactivity"": null, ""doc"": ""CHEMBL2202962"", ""rule"": ""EC50 为标准化浓度型效力指标""}]",0,,,0,,,0,0,0,,0,,0,,1,1,1,"[""CHEMBL2202962""]",2012,LITERATURE,0,不适用（可定量效力值不足 2 个 assay）,弱,仅 1 篇文献支撑；1 条效力为删失值（>，最高浓度未达 EC50），未计入汇总；无可定量的效力或效能值
CHEMBL2206776,,Small molecule,,O=C(CSc1ncnc2c1cnn2-c1ccccc1Cl)Nc1ccccc1,DHXWXYRCRSGNTI-UHFFFAOYSA-N,1,EC50:1,,,,,,,,1,100000.0,0,1,1,"[{""assay"": ""CHEMBL2215199"", ""type"": ""EC50"", ""relation"": "">"", ""value_nm"": 100000.0, ""pactivity"": null, ""doc"": ""CHEMBL2202962"", ""rule"": ""EC50 为标准化浓度型效力指标""}]",0,,,0,,,0,0,0,,0,,0,,1,1,1,"[""CHEMBL2202962""]",2012,LITERATURE,0,不适用（可定量效力值不足 2 个 assay）,弱,仅 1 篇文献支撑；1 条效力为删失值（>，最高浓度未达 EC50），未计入汇总；无可定量的效力或效能值
CHEMBL2206777,,Small molecule,,Cc1ccc(NC(=O)CSc2ncnc3c2cnn3-c2ccccc2Cl)nc1,KUUBJJKFLBLXLY-UHFFFAOYSA-N,1,EC50:1,501.19,501.19,501.19,6.3,6.3,6.3,,0,,0,1,1,"[{""assay"": ""CHEMBL2215199"", ""type"": ""EC50"", ""relation"": ""="", ""value_nm"": 501.19, ""pactivity"": 6.3, ""doc"": ""CHEMBL2202962"", ""rule"": ""EC50 为标准化浓度型效力指标""}]",0,,,0,,,0,0,0,,0,,0,,1,1,1,"[""CHEMBL2202962""]",2012,LITERATURE,0,不适用（可定量效力值不足 2 个 assay）,弱,仅 1 篇文献支撑
CHEMBL2206778,,Small molecule,,O=C(CSc1ncnc2c1cnn2-c1ccccc1Cl)Nc1ncccn1,ZUHPARLSVZAEPA-UHFFFAOYSA-N,1,EC50:1,,,,,,,,1,100000.0,0,1,1,"[{""assay"": ""CHEMBL2215199"", ""type"": ""EC50"", ""relation"": "">"", ""value_nm"": 100000.0, ""pactivity"": null, ""doc"": ""CHEMBL2202962"", ""rule"": ""EC50 为标准化浓度型效力指标""}]",0,,,0,,,0,0,0,,0,,0,,1,1,1,"[""CHEMBL2202962""]",2012,LITERATURE,0,不适用（可定量效力值不足 2 个 assay）,弱,仅 1 篇文献支撑；1 条效力为删失值（>，最高浓度未达 EC50），未计入汇总；无可定量的效力或效能值
CHEMBL2206779,,Small molecule,,Cn1ccc(NC(=O)CSc2ncnc3c2cnn3-c2ccccc2Cl)n1,CVPVAFWWADLNKG-UHFFFAOYSA-N,1,EC50:1,15848.93,15848.93,15848.93,4.8,4.8,4.8,,0,,0,1,1,"[{""assay"": ""CHEMBL2215199"", ""type"": ""EC50"", ""relation"": ""="", ""value_nm"": 15848.93, ""pactivity"": 4.8, ""doc"": ""CHEMBL2202962"", ""rule"": ""EC50 为标准化浓度型效力指标""}]",0,,,0,,,0,0,0,,0,,0,,1,1,1,"[""CHEMBL2202962""]",2012,LITERATURE,0,不适用（可定量效力值不足 2 个 assay）,弱,仅 1 篇文献支撑
CHEMBL2206780,,Small molecule,,CCCCC(Sc1ncnc2c1cnn2-c1ccccc1Cl)C(=O)Nc1nc(C)cs1,XWBDBQOIAAFJDG-UHFFFAOYSA-N,1,EC50:1,630.96,630.96,630.96,6.2,6.2,6.2,,0,,0,1,1,"[{""assay"": ""CHEMBL2215199"", ""type"": ""EC50"", ""relation"": ""="", ""value_nm"": 630.96, ""pactivity"": 6.2, ""doc"": ""CHEMBL2202962"", ""rule"": ""EC50 为标准化浓度型效力指标""}]",0,,,0,,,0,0,0,,0,,0,,1,1,1,"[""CHEMBL2202962""]",2012,LITERATURE,0,不适用（可定量效力值不足 2 个 assay）,弱,仅 1 篇文献支撑
CHEMBL2206781,,Small molecule,,COCCC(Sc1ncnc2c1cnn2-c1ccccc1Cl)C(=O)Nc1nc(C)cs1,IMPYIOYTNMCHNW-UHFFFAOYSA-N,1,EC50:1,794.33,794.33,794.33,6.1,6.1,6.1,,0,,0,1,1,"[{""assay"": ""CHEMBL2215199"", ""type"": ""EC50"", ""relation"": ""="", ""value_nm"": 794.33, ""pactivity"": 6.1, ""doc"": ""CHEMBL2202962"", ""rule"": ""EC50 为标准化浓度型效力指标""}]",0,,,0,,,0,0,0,,0,,0,,1,1,1,"[""CHEMBL2202962""]",2012,LITERATURE,0,不适用（可定量效力值不足 2 个 assay）,弱,仅 1 篇文献支撑
CHEMBL2206782,,Small molecule,,COCCOCCC(Sc1ncnc2c1cnn2-c1ccccc1Cl)C(=O)Nc1nc(C)cs1,UCAPSJQMCJPDEI-UHFFFAOYSA-N,1,EC50:1,3162.28,3162.28,3162.28,5.5,5.5,5.5,,0,,0,1,1,"[{""assay"": ""CHEMBL2215199"", ""type"": ""EC50"", ""relation"": ""="", ""value_nm"": 3162.28, ""pactivity"": 5.5, ""doc"": ""CHEMBL2202962"", ""rule"": ""EC50 为标准化浓度型效力指标""}]",0,,,0,,,0,0,0,,0,,0,,1,1,1,"[""CHEMBL2202962""]",2012,LITERATURE,0,不适用（可定量效力值不足 2 个 assay）,弱,仅 1 篇文献支撑
CHEMBL2206783,,Small molecule,,Cc1csc(NC(=O)C(Sc2ncnc3c2cnn3-c2ccccc2Cl)c2ccccc2)n1,MZWFEILTEMHKEQ-UHFFFAOYSA-N,1,EC50:1,,,,,,,,1,100000.0,0,1,1,"[{""assay"": ""CHEMBL2215199"", ""type"": ""EC50"", ""relation"": "">"", ""value_nm"": 100000.0, ""pactivity"": null, ""doc"": ""CHEMBL2202962"", ""rule"": ""EC50 为标准化浓度型效力指标""}]",0,,,0,,,0,0,0,,0,,0,,1,1,1,"[""CHEMBL2202962""]",2012,LITERATURE,0,不适用（可定量效力值不足 2 个 assay）,弱,仅 1 篇文献支撑；1 条效力为删失值（>，最高浓度未达 EC50），未计入汇总；无可定量的效力或效能值
CHEMBL2206784,,Small molecule,,Cc1csc(NC(=O)COc2ncnc3c2cnn3-c2ccccc2Cl)n1,JDRKXBDWRQLPCD-UHFFFAOYSA-N,1,EC50:1,1584.89,1584.89,1584.89,5.8,5.8,5.8,,0,,0,1,1,"[{""assay"": ""CHEMBL2215199"", ""type"": ""EC50"", ""relation"": ""="", ""value_nm"": 1584.89, ""pactivity"": 5.8, ""doc"": ""CHEMBL2202962"", ""rule"": ""EC50 为标准化浓度型效力指标""}]",0,,,0,,,0,0,0,,0,,0,,1,1,1,"[""CHEMBL2202962""]",2012,LITERATURE,0,不适用（可定量效力值不足 2 个 assay）,弱,仅 1 篇文献支撑
CHEMBL2206785,,Small molecule,,CCCCC(Oc1ncnc2c1cnn2-c1ccccc1Cl)C(=O)Nc1nc(C)cs1,XLXVHERKNSKEAY-UHFFFAOYSA-N,1,EC50:1,125.89,125.89,125.89,6.9,6.9,6.9,,0,,0,1,1,"[{""assay"": ""CHEMBL2215199"", ""type"": ""EC50"", ""relation"": ""="", ""value_nm"": 125.89, ""pactivity"": 6.9, ""doc"": ""CHEMBL2202962"", ""rule"": ""EC50 为标准化浓度型效力指标""}]",0,,,0,,,0,0,0,,0,,0,,1,1,1,"[""CHEMBL2202962""]",2012,LITERATURE,0,不适用（可定量效力值不足 2 个 assay）,弱,仅 1 篇文献支撑
CHEMBL2206786,,Small molecule,,COCCC(Oc1ncnc2c1cnn2-c1ccccc1Cl)C(=O)Nc1ccc(C)cn1,QOSFZTVPVNEQRB-UHFFFAOYSA-N,1,EC50:1,100.0,100.0,100.0,7.0,7.0,7.0,,0,,0,1,1,"[{""assay"": ""CHEMBL2215199"", ""type"": ""EC50"", ""relation"": ""="", ""value_nm"": 100.0, ""pactivity"": 7.0, ""doc"": ""CHEMBL2202962"", ""rule"": ""EC50 为标准化浓度型效力指标""}]",0,,,0,,,0,0,0,,0,,0,,1,1,1,"[""CHEMBL2202962""]",2012,LITERATURE,0,不适用（可定量效力值不足 2 个 assay）,弱,仅 1 篇文献支撑
CHEMBL2206787,,Small molecule,,COCCC(Oc1ncnc2c1cnn2-c1ccccc1C)C(=O)Nc1ccc(C)cn1,LYWQXVOFIHTNBN-UHFFFAOYSA-N,1,EC50:1,316.23,316.23,316.23,6.5,6.5,6.5,,0,,0,1,1,"[{""assay"": ""CHEMBL2215199"", ""type"": ""EC50"", ""relation"": ""="", ""value_nm"": 316.23, ""pactivity"": 6.5, ""doc"": ""CHEMBL2202962"", ""rule"": ""EC50 为标准化浓度型效力指标""}]",0,,,0,,,0,0,0,,0,,0,,1,1,1,"[""CHEMBL2202962""]",2012,LITERATURE,0,不适用（可定量效力值不足 2 个 assay）,弱,仅 1 篇文献支撑
CHEMBL2206788,,Small molecule,,COCCC(Oc1ncnc2c1cnn2-c1ccccc1C(F)(F)F)C(=O)Nc1ccc(C)cn1,AMHDUOXZVAFCJB-UHFFFAOYSA-N,1,EC50:1,100.0,100.0,100.0,7.0,7.0,7.0,,0,,0,1,1,"[{""assay"": ""CHEMBL2215199"", ""type"": ""EC50"", ""relation"": ""="", ""value_nm"": 100.0, ""pactivity"": 7.0, ""doc"": ""CHEMBL2202962"", ""rule"": ""EC50 为标准化浓度型效力指标""}]",0,,,0,,,0,0,0,,0,,0,,1,1,1,"[""CHEMBL2202962""]",2012,LITERATURE,0,不适用（可定量效力值不足 2 个 assay）,弱,仅 1 篇文献支撑
CHEMBL2206789,,Small molecule,,COCCC(Oc1ncnc2c1cnn2-c1ccccc1OC)C(=O)Nc1ccc(C)cn1,GFGJRYIVRRQONC-UHFFFAOYSA-N,1,EC50:1,199.53,199.53,199.53,6.7,6.7,6.7,,0,,0,1,1,"[{""assay"": ""CHEMBL2215199"", ""type"": ""EC50"", ""relation"": ""="", ""value_nm"": 199.53, ""pactivity"": 6.7, ""doc"": ""CHEMBL2202962"", ""rule"": ""EC50 为标准化浓度型效力指标""}]",0,,,0,,,0,0,0,,0,,0,,1,1,1,"[""CHEMBL2202962""]",2012,LITERATURE,0,不适用（可定量效力值不足 2 个 assay）,弱,仅 1 篇文献支撑
CHEMBL2206790,,Small molecule,,COCC[C@H](Oc1ncnc2c1cnn2-c1ccccc1Cl)C(=O)Nc1ccc(C)cn1,QOSFZTVPVNEQRB-SFHVURJKSA-N,2,EC50:2,50.12,50.12,50.12,7.3,7.3,7.3,0.0,0,,0,2,2,"[{""assay"": ""CHEMBL2215199"", ""type"": ""EC50"", ""relation"": ""="", ""value_nm"": 50.12, ""pactivity"": 7.3, ""doc"": ""CHEMBL2202962"", ""rule"": ""EC50 为标准化浓度型效力指标""}, {""assay"": ""CHEMBL3226993"", ""type"": ""EC50"", ""relation"": ""="", ""value_nm"": 50.12, ""pactivity"": 7.3, ""doc"": ""CHEMBL3217683"", ""rule"": ""EC50 为标准化浓度型效力指标""}]",0,,,0,,,0,0,0,,0,,0,,2,2,2,"[""CHEMBL2202962"", ""CHEMBL3217683""]",2012; 2013,LITERATURE,1,一致（pActivity 极差 0.0，3 倍以内）,强,1 条被 ChEMBL 标为 potential_duplicate
CHEMBL2206791,,Small molecule,,COCC[C@H](Oc1ncnc2c1cnn2-c1ccccc1C(F)(F)F)C(=O)Nc1ccc(C)cn1,AMHDUOXZVAFCJB-SFHVURJKSA-N,1,EC50:1,63.1,63.1,63.1,7.2,7.2,7.2,,0,,0,1,1,"[{""assay"": ""CHEMBL2215199"", ""type"": ""EC50"", ""relation"": ""="", ""value_nm"": 63.1, ""pactivity"": 7.2, ""doc"": ""CHEMBL2202962"", ""rule"": ""EC50 为标准化浓度型效力指标""}]",0,,,0,,,0,0,0,,0,,0,,1,1,1,"[""CHEMBL2202962""]",2012,LITERATURE,0,不适用（可定量效力值不足 2 个 assay）,弱,仅 1 篇文献支撑
CHEMBL2206792,,Small molecule,,COCC[C@H](Oc1ncnc2c1cnn2-c1ccccc1OC)C(=O)Nc1ccc(C)cn1,GFGJRYIVRRQONC-IBGZPJMESA-N,1,EC50:1,125.89,125.89,125.89,6.9,6.9,6.9,,0,,0,1,1,"[{""assay"": ""CHEMBL2215199"", ""type"": ""EC50"", ""relation"": ""="", ""value_nm"": 125.89, ""pactivity"": 6.9, ""doc"": ""CHEMBL2202962"", ""rule"": ""EC50 为标准化浓度型效力指标""}]",0,,,0,,,0,0,0,,0,,0,,1,1,1,"[""CHEMBL2202962""]",2012,LITERATURE,0,不适用（可定量效力值不足 2 个 assay）,弱,仅 1 篇文献支撑
CHEMBL2311574,,Small molecule,,COC[C@H](C)Oc1cc(CCc2c(F)cccc2F)cc(C(=O)Nc2ccc(C(=O)O)cn2)c1,GQAYYDKEDCYYMN-HNNXBMFYSA-N,2,EC50:2,70.0,77.5,85.0,7.16,7.115,7.07,0.09,0,,0,2,1,"[{""assay"": ""CHEMBL2318453"", ""type"": ""EC50"", ""relation"": ""="", ""value_nm"": 85.0, ""pactivity"": 7.07, ""doc"": ""CHEMBL2311350"", ""rule"": ""EC50 为标准化浓度型效力指标""}, {""assay"": ""CHEMBL2318649"", ""type"": ""EC50"", ""relation"": ""="", ""value_nm"": 70.0, ""pactivity"": 7.16, ""doc"": ""CHEMBL2311350"", ""rule"": ""EC50 为标准化浓度型效力指标""}]",0,,,0,,,0,0,0,,1,"[{""assay"": ""CHEMBL2318648"", ""type"": ""Vmax"", ""value"": 130, ""units"": ""%""}]",1,"[{""assay"": ""CHEMBL2318650"", ""type"": ""Activity"", ""value"": null, ""units"": null, ""reason"": ""Activity 为自由文本指标（无官方标准化规则），assay 描述未命中提升门槛，不跨实验汇总""}]",4,4,1,"[""CHEMBL2311350""]",2013,LITERATURE,0,一致（pActivity 极差 0.09，3 倍以内）,中,仅 1 篇文献支撑；1 条指标未归类（见 unclassified_records）
CHEMBL2314794,,Small molecule,,COC[C@H](C)Oc1cc(/C=C/c2ccccc2[N+](=O)[O-])cc(C(=O)Nc2ccn(C)n2)c1,KXQZMOPANWQHEO-FDMDGMSGSA-N,1,EC50:1,283.0,283.0,283.0,6.55,6.55,6.55,,0,,0,1,1,"[{""assay"": ""CHEMBL2318649"", ""type"": ""EC50"", ""relation"": ""="", ""value_nm"": 283.0, ""pactivity"": 6.55, ""doc"": ""CHEMBL2311350"", ""rule"": ""EC50 为标准化浓度型效力指标""}]",0,,,0,,,0,0,0,,0,,0,,1,1,1,"[""CHEMBL2311350""]",2013,LITERATURE,0,不适用（可定量效力值不足 2 个 assay）,弱,仅 1 篇文献支撑
CHEMBL2314795,,Small molecule,,COC[C@H](C)Oc1cc(/C=C/c2cccc([N+](=O)[O-])c2)cc(C(=O)Nc2ccn(C)n2)c1,FFEVPPCSFASWEH-WAVCKPEOSA-N,1,EC50:1,239.0,239.0,239.0,6.62,6.62,6.62,,0,,0,1,1,"[{""assay"": ""CHEMBL2318649"", ""type"": ""EC50"", ""relation"": ""="", ""value_nm"": 239.0, ""pactivity"": 6.62, ""doc"": ""CHEMBL2311350"", ""rule"": ""EC50 为标准化浓度型效力指标""}]",0,,,0,,,0,0,0,,0,,0,,1,1,1,"[""CHEMBL2311350""]",2013,LITERATURE,0,不适用（可定量效力值不足 2 个 assay）,弱,仅 1 篇文献支撑
CHEMBL2314796,,Small molecule,,COC[C@H](C)Oc1cc(/C=C/c2ccc([N+](=O)[O-])cc2)cc(C(=O)Nc2ccn(C)n2)c1,FLTYOOHTOGXMOU-APHBUQMISA-N,1,EC50:1,852.0,852.0,852.0,6.07,6.07,6.07,,0,,0,1,1,"[{""assay"": ""CHEMBL2318649"", ""type"": ""EC50"", ""relation"": ""="", ""value_nm"": 852.0, ""pactivity"": 6.07, ""doc"": ""CHEMBL2311350"", ""rule"": ""EC50 为标准化浓度型效力指标""}]",0,,,0,,,0,0,0,,0,,0,,1,1,1,"[""CHEMBL2311350""]",2013,LITERATURE,0,不适用（可定量效力值不足 2 个 assay）,弱,仅 1 篇文献支撑
CHEMBL2314797,,Small molecule,,COC[C@H](C)Oc1cc(/C=C/c2ccccc2F)cc(C(=O)Nc2ccn(C)n2)c1,JFPCJEPDGAUUEW-FDMDGMSGSA-N,1,EC50:1,80.0,80.0,80.0,7.1,7.1,7.1,,0,,0,1,1,"[{""assay"": ""CHEMBL2318649"", ""type"": ""EC50"", ""relation"": ""="", ""value_nm"": 80.0, ""pactivity"": 7.1, ""doc"": ""CHEMBL2311350"", ""rule"": ""EC50 为标准化浓度型效力指标""}]",0,,,0,,,0,0,0,,0,,0,,1,1,1,"[""CHEMBL2311350""]",2013,LITERATURE,0,不适用（可定量效力值不足 2 个 assay）,弱,仅 1 篇文献支撑
CHEMBL2314798,,Small molecule,,COC[C@H](C)Oc1cc(/C=C/c2ccc(F)cc2)cc(C(=O)Nc2ccn(C)n2)c1,PCJDRDWQCZXOQF-APHBUQMISA-N,1,EC50:1,119.0,119.0,119.0,6.92,6.92,6.92,,0,,0,1,1,"[{""assay"": ""CHEMBL2318649"", ""type"": ""EC50"", ""relation"": ""="", ""value_nm"": 119.0, ""pactivity"": 6.92, ""doc"": ""CHEMBL2311350"", ""rule"": ""EC50 为标准化浓度型效力指标""}]",0,,,0,,,0,0,0,,0,,0,,1,1,1,"[""CHEMBL2311350""]",2013,LITERATURE,0,不适用（可定量效力值不足 2 个 assay）,弱,仅 1 篇文献支撑
CHEMBL2314799,,Small molecule,,COC[C@H](C)Oc1cc(/C=C/c2ccc(F)cc2F)cc(C(=O)Nc2ccn(C)n2)c1,FBMJSQROMCFBKR-RGDDUWESSA-N,1,EC50:1,109.0,109.0,109.0,6.96,6.96,6.96,,0,,0,1,1,"[{""assay"": ""CHEMBL2318649"", ""type"": ""EC50"", ""relation"": ""="", ""value_nm"": 109.0, ""pactivity"": 6.96, ""doc"": ""CHEMBL2311350"", ""rule"": ""EC50 为标准化浓度型效力指标""}]",0,,,0,,,0,0,0,,0,,0,,1,1,1,"[""CHEMBL2311350""]",2013,LITERATURE,0,不适用（可定量效力值不足 2 个 assay）,弱,仅 1 篇文献支撑
CHEMBL2314800,,Small molecule,,COC[C@H](C)Oc1cc(/C=C/c2cc(F)ccc2F)cc(C(=O)Nc2ccn(C)n2)c1,JJUGPMRPXAHHGU-RGDDUWESSA-N,1,EC50:1,200.0,200.0,200.0,6.7,6.7,6.7,,0,,0,1,1,"[{""assay"": ""CHEMBL2318649"", ""type"": ""EC50"", ""relation"": ""="", ""value_nm"": 200.0, ""pactivity"": 6.7, ""doc"": ""CHEMBL2311350"", ""rule"": ""EC50 为标准化浓度型效力指标""}]",0,,,0,,,0,0,0,,0,,0,,1,1,1,"[""CHEMBL2311350""]",2013,LITERATURE,0,不适用（可定量效力值不足 2 个 assay）,弱,仅 1 篇文献支撑
CHEMBL2314801,,Small molecule,,COC[C@H](C)Oc1cc(/C=C/c2c(F)cccc2F)cc(C(=O)Nc2ccn(C)n2)c1,CCIMAQZZSYLARL-KIUWMYQTSA-N,1,EC50:1,161.0,161.0,161.0,6.79,6.79,6.79,,0,,0,1,1,"[{""assay"": ""CHEMBL2318649"", ""type"": ""EC50"", ""relation"": ""="", ""value_nm"": 161.0, ""pactivity"": 6.79, ""doc"": ""CHEMBL2311350"", ""rule"": ""EC50 为标准化浓度型效力指标""}]",0,,,0,,,0,0,0,,0,,0,,1,1,1,"[""CHEMBL2311350""]",2013,LITERATURE,0,不适用（可定量效力值不足 2 个 assay）,弱,仅 1 篇文献支撑
CHEMBL2314802,,Small molecule,,COC[C@H](C)Oc1cc(/C=C/c2cc(F)cc(F)c2F)cc(C(=O)Nc2ccn(C)n2)c1,KCZDZHSVMLJCGN-NNTXTVRGSA-N,1,EC50:1,848.0,848.0,848.0,6.07,6.07,6.07,,0,,0,1,1,"[{""assay"": ""CHEMBL2318649"", ""type"": ""EC50"", ""relation"": ""="", ""value_nm"": 848.0, ""pactivity"": 6.07, ""doc"": ""CHEMBL2311350"", ""rule"": ""EC50 为标准化浓度型效力指标""}]",0,,,0,,,0,0,0,,0,,0,,1,1,1,"[""CHEMBL2311350""]",2013,LITERATURE,0,不适用（可定量效力值不足 2 个 assay）,弱,仅 1 篇文献支撑
CHEMBL2314803,,Small molecule,,COC[C@H](C)Oc1cc(/C=C/c2ccccc2OC)cc(C(=O)Nc2ccn(C)n2)c1,REUAMPRHSZJGRY-FVNWOWOISA-N,1,EC50:1,115.0,115.0,115.0,6.94,6.94,6.94,,0,,0,1,1,"[{""assay"": ""CHEMBL2318649"", ""type"": ""EC50"", ""relation"": ""="", ""value_nm"": 115.0, ""pactivity"": 6.94, ""doc"": ""CHEMBL2311350"", ""rule"": ""EC50 为标准化浓度型效力指标""}]",0,,,0,,,0,0,0,,0,,0,,1,1,1,"[""CHEMBL2311350""]",2013,LITERATURE,0,不适用（可定量效力值不足 2 个 assay）,弱,仅 1 篇文献支撑
CHEMBL2314804,,Small molecule,,COC[C@H](C)Oc1cc(/C=C/c2cccc(C)n2)cc(C(=O)Nc2ccn(C)n2)c1,IUNHPCZTJOPKRL-IJDCCNJMSA-N,1,EC50:1,132.0,132.0,132.0,6.88,6.88,6.88,,0,,0,1,1,"[{""assay"": ""CHEMBL2318649"", ""type"": ""EC50"", ""relation"": ""="", ""value_nm"": 132.0, ""pactivity"": 6.88, ""doc"": ""CHEMBL2311350"", ""rule"": ""EC50 为标准化浓度型效力指标""}]",0,,,0,,,0,0,0,,0,,0,,1,1,1,"[""CHEMBL2311350""]",2013,LITERATURE,0,不适用（可定量效力值不足 2 个 assay）,弱,仅 1 篇文献支撑
CHEMBL2314805,,Small molecule,,COC[C@H](C)Oc1cc(CCc2ccccc2F)cc(C(=O)Nc2ccn(C)n2)c1,AJKXOMWNNCXGFY-INIZCTEOSA-N,1,EC50:1,217.0,217.0,217.0,6.66,6.66,6.66,,0,,0,1,1,"[{""assay"": ""CHEMBL2318649"", ""type"": ""EC50"", ""relation"": ""="", ""value_nm"": 217.0, ""pactivity"": 6.66, ""doc"": ""CHEMBL2311350"", ""rule"": ""EC50 为标准化浓度型效力指标""}]",0,,,0,,,0,0,0,,0,,0,,1,1,1,"[""CHEMBL2311350""]",2013,LITERATURE,0,不适用（可定量效力值不足 2 个 assay）,弱,仅 1 篇文献支撑
CHEMBL2314806,,Small molecule,,COC[C@H](C)Oc1cc(CCc2ccc(F)cc2)cc(C(=O)Nc2ccn(C)n2)c1,DPICTJISJBPYGJ-INIZCTEOSA-N,1,EC50:1,216.0,216.0,216.0,6.67,6.67,6.67,,0,,0,1,1,"[{""assay"": ""CHEMBL2318649"", ""type"": ""EC50"", ""relation"": ""="", ""value_nm"": 216.0, ""pactivity"": 6.67, ""doc"": ""CHEMBL2311350"", ""rule"": ""EC50 为标准化浓度型效力指标""}]",0,,,0,,,0,0,0,,0,,0,,1,1,1,"[""CHEMBL2311350""]",2013,LITERATURE,0,不适用（可定量效力值不足 2 个 assay）,弱,仅 1 篇文献支撑
CHEMBL2314807,,Small molecule,,COC[C@H](C)Oc1cc(CCc2ccc(F)cc2F)cc(C(=O)Nc2ccn(C)n2)c1,UJMGLCKQJJRDLB-HNNXBMFYSA-N,1,EC50:1,184.0,184.0,184.0,6.74,6.74,6.74,,0,,0,1,1,"[{""assay"": ""CHEMBL2318649"", ""type"": ""EC50"", ""relation"": ""="", ""value_nm"": 184.0, ""pactivity"": 6.74, ""doc"": ""CHEMBL2311350"", ""rule"": ""EC50 为标准化浓度型效力指标""}]",0,,,0,,,0,0,0,,0,,0,,1,1,1,"[""CHEMBL2311350""]",2013,LITERATURE,0,不适用（可定量效力值不足 2 个 assay）,弱,仅 1 篇文献支撑
CHEMBL2314808,,Small molecule,,COC[C@H](C)Oc1cc(CCc2c(F)cccc2F)cc(C(=O)Nc2ccn(C)n2)c1,KMSVOHJWASFHPW-HNNXBMFYSA-N,1,EC50:1,131.0,131.0,131.0,6.88,6.88,6.88,,0,,0,1,1,"[{""assay"": ""CHEMBL2318649"", ""type"": ""EC50"", ""relation"": ""="", ""value_nm"": 131.0, ""pactivity"": 6.88, ""doc"": ""CHEMBL2311350"", ""rule"": ""EC50 为标准化浓度型效力指标""}]",0,,,0,,,0,0,0,,0,,0,,1,1,1,"[""CHEMBL2311350""]",2013,LITERATURE,0,不适用（可定量效力值不足 2 个 assay）,弱,仅 1 篇文献支撑
CHEMBL2314809,,Small molecule,,COC[C@H](C)Oc1cc(CCc2cc(F)cc(F)c2F)cc(C(=O)Nc2ccn(C)n2)c1,KMYQYKGQDBBGMY-AWEZNQCLSA-N,1,EC50:1,855.0,855.0,855.0,6.07,6.07,6.07,,0,,0,1,1,"[{""assay"": ""CHEMBL2318649"", ""type"": ""EC50"", ""relation"": ""="", ""value_nm"": 855.0, ""pactivity"": 6.07, ""doc"": ""CHEMBL2311350"", ""rule"": ""EC50 为标准化浓度型效力指标""}]",0,,,0,,,0,0,0,,0,,0,,1,1,1,"[""CHEMBL2311350""]",2013,LITERATURE,0,不适用（可定量效力值不足 2 个 assay）,弱,仅 1 篇文献支撑
CHEMBL2314810,,Small molecule,,COC[C@H](C)Oc1cc(CCc2ccccc2OC)cc(C(=O)Nc2ccn(C)n2)c1,KCQVFMHTFOAUGB-KRWDZBQOSA-N,1,EC50:1,135.0,135.0,135.0,6.87,6.87,6.87,,0,,0,1,1,"[{""assay"": ""CHEMBL2318649"", ""type"": ""EC50"", ""relation"": ""="", ""value_nm"": 135.0, ""pactivity"": 6.87, ""doc"": ""CHEMBL2311350"", ""rule"": ""EC50 为标准化浓度型效力指标""}]",0,,,0,,,0,0,0,,0,,0,,1,1,1,"[""CHEMBL2311350""]",2013,LITERATURE,0,不适用（可定量效力值不足 2 个 assay）,弱,仅 1 篇文献支撑
CHEMBL2314811,,Small molecule,,COC[C@H](C)Oc1cc(/C=C/c2ccccc2[N+](=O)[O-])cc(C(=O)Nc2ccc(C(=O)O)cn2)c1,RWJUEDPQWTWLPI-WAVCKPEOSA-N,1,EC50:1,296.0,296.0,296.0,6.53,6.53,6.53,,0,,0,1,1,"[{""assay"": ""CHEMBL2318649"", ""type"": ""EC50"", ""relation"": ""="", ""value_nm"": 296.0, ""pactivity"": 6.53, ""doc"": ""CHEMBL2311350"", ""rule"": ""EC50 为标准化浓度型效力指标""}]",0,,,0,,,0,0,0,,0,,0,,1,1,1,"[""CHEMBL2311350""]",2013,LITERATURE,0,不适用（可定量效力值不足 2 个 assay）,弱,仅 1 篇文献支撑
CHEMBL2314812,,Small molecule,,COC[C@H](C)Oc1cc(/C=C/c2cccc([N+](=O)[O-])c2)cc(C(=O)Nc2ccc(C(=O)O)cn2)c1,HRKXIEJISKNHQW-MOEXGYKKSA-N,1,EC50:1,165.0,165.0,165.0,6.78,6.78,6.78,,0,,0,1,1,"[{""assay"": ""CHEMBL2318649"", ""type"": ""EC50"", ""relation"": ""="", ""value_nm"": 165.0, ""pactivity"": 6.78, ""doc"": ""CHEMBL2311350"", ""rule"": ""EC50 为标准化浓度型效力指标""}]",0,,,0,,,0,0,0,,0,,0,,1,1,1,"[""CHEMBL2311350""]",2013,LITERATURE,0,不适用（可定量效力值不足 2 个 assay）,弱,仅 1 篇文献支撑
CHEMBL2315020,,Small molecule,,COC[C@H](C)Oc1cc(/C=C/c2ccc([N+](=O)[O-])cc2)cc(C(=O)Nc2ccc(C(=O)O)cn2)c1,PMAKGILJUWZQRZ-CWDCEQMOSA-N,1,EC50:1,284.0,284.0,284.0,6.55,6.55,6.55,,0,,0,1,1,"[{""assay"": ""CHEMBL2318649"", ""type"": ""EC50"", ""relation"": ""="", ""value_nm"": 284.0, ""pactivity"": 6.55, ""doc"": ""CHEMBL2311350"", ""rule"": ""EC50 为标准化浓度型效力指标""}]",0,,,0,,,0,0,0,,0,,0,,1,1,1,"[""CHEMBL2311350""]",2013,LITERATURE,0,不适用（可定量效力值不足 2 个 assay）,弱,仅 1 篇文献支撑
CHEMBL2315021,,Small molecule,,COC[C@H](C)Oc1cc(/C=C/c2ccccc2F)cc(C(=O)Nc2ccc(C(=O)O)cn2)c1,DKBIWWFYGFTPSF-WAVCKPEOSA-N,1,EC50:1,56.0,56.0,56.0,7.25,7.25,7.25,,0,,0,1,1,"[{""assay"": ""CHEMBL2318649"", ""type"": ""EC50"", ""relation"": ""="", ""value_nm"": 56.0, ""pactivity"": 7.25, ""doc"": ""CHEMBL2311350"", ""rule"": ""EC50 为标准化浓度型效力指标""}]",0,,,0,,,0,0,0,,0,,0,,1,1,1,"[""CHEMBL2311350""]",2013,LITERATURE,0,不适用（可定量效力值不足 2 个 assay）,弱,仅 1 篇文献支撑
CHEMBL2315022,,Small molecule,,COC[C@H](C)Oc1cc(/C=C/c2ccc(F)cc2)cc(C(=O)Nc2ccc(C(=O)O)cn2)c1,LDAPMZARMAXHRF-CWDCEQMOSA-N,1,EC50:1,120.0,120.0,120.0,6.92,6.92,6.92,,0,,0,1,1,"[{""assay"": ""CHEMBL2318649"", ""type"": ""EC50"", ""relation"": ""="", ""value_nm"": 120.0, ""pactivity"": 6.92, ""doc"": ""CHEMBL2311350"", ""rule"": ""EC50 为标准化浓度型效力指标""}]",0,,,0,,,0,0,0,,0,,0,,1,1,1,"[""CHEMBL2311350""]",2013,LITERATURE,0,不适用（可定量效力值不足 2 个 assay）,弱,仅 1 篇文献支撑
CHEMBL2315023,,Small molecule,,COC[C@H](C)Oc1cc(/C=C/c2ccc(F)cc2F)cc(C(=O)Nc2ccc(C(=O)O)cn2)c1,HKCJXSWTKIPQLN-BWPKMQGJSA-N,1,EC50:1,95.0,95.0,95.0,7.02,7.02,7.02,,0,,0,1,1,"[{""assay"": ""CHEMBL2318649"", ""type"": ""EC50"", ""relation"": ""="", ""value_nm"": 95.0, ""pactivity"": 7.02, ""doc"": ""CHEMBL2311350"", ""rule"": ""EC50 为标准化浓度型效力指标""}]",0,,,0,,,0,0,0,,0,,0,,1,1,1,"[""CHEMBL2311350""]",2013,LITERATURE,0,不适用（可定量效力值不足 2 个 assay）,弱,仅 1 篇文献支撑
CHEMBL2315024,,Small molecule,,COC[C@H](C)Oc1cc(/C=C/c2cc(F)ccc2F)cc(C(=O)Nc2ccc(C(=O)O)cn2)c1,ZVVOOSOBUJDSFZ-BWPKMQGJSA-N,1,EC50:1,134.0,134.0,134.0,6.87,6.87,6.87,,0,,0,1,1,"[{""assay"": ""CHEMBL2318649"", ""type"": ""EC50"", ""relation"": ""="", ""value_nm"": 134.0, ""pactivity"": 6.87, ""doc"": ""CHEMBL2311350"", ""rule"": ""EC50 为标准化浓度型效力指标""}]",0,,,0,,,0,0,0,,0,,0,,1,1,1,"[""CHEMBL2311350""]",2013,LITERATURE,0,不适用（可定量效力值不足 2 个 assay）,弱,仅 1 篇文献支撑
CHEMBL2315025,,Small molecule,,COC[C@H](C)Oc1cc(/C=C/c2c(F)cccc2F)cc(C(=O)Nc2ccc(C(=O)O)cn2)c1,OICTWINHANJRFJ-VFADXPBXSA-N,1,EC50:1,90.0,90.0,90.0,7.05,7.05,7.05,,0,,0,1,1,"[{""assay"": ""CHEMBL2318649"", ""type"": ""EC50"", ""relation"": ""="", ""value_nm"": 90.0, ""pactivity"": 7.05, ""doc"": ""CHEMBL2311350"", ""rule"": ""EC50 为标准化浓度型效力指标""}]",0,,,0,,,0,0,0,,0,,0,,1,1,1,"[""CHEMBL2311350""]",2013,LITERATURE,0,不适用（可定量效力值不足 2 个 assay）,弱,仅 1 篇文献支撑
CHEMBL2315026,,Small molecule,,COC[C@H](C)Oc1cc(/C=C/c2cc(F)cc(F)c2F)cc(C(=O)Nc2ccc(C(=O)O)cn2)c1,NYWRKNHIUKEIJU-XGACYXMMSA-N,1,EC50:1,778.0,778.0,778.0,6.11,6.11,6.11,,0,,0,1,1,"[{""assay"": ""CHEMBL2318649"", ""type"": ""EC50"", ""relation"": ""="", ""value_nm"": 778.0, ""pactivity"": 6.11, ""doc"": ""CHEMBL2311350"", ""rule"": ""EC50 为标准化浓度型效力指标""}]",0,,,0,,,0,0,0,,0,,0,,1,1,1,"[""CHEMBL2311350""]",2013,LITERATURE,0,不适用（可定量效力值不足 2 个 assay）,弱,仅 1 篇文献支撑
CHEMBL2315027,,Small molecule,,COC[C@H](C)Oc1cc(/C=C/c2ccccc2OC)cc(C(=O)Nc2ccc(C(=O)O)cn2)c1,NSJMSUDOIJRJAU-IJDCCNJMSA-N,1,EC50:1,83.0,83.0,83.0,7.08,7.08,7.08,,0,,0,1,1,"[{""assay"": ""CHEMBL2318649"", ""type"": ""EC50"", ""relation"": ""="", ""value_nm"": 83.0, ""pactivity"": 7.08, ""doc"": ""CHEMBL2311350"", ""rule"": ""EC50 为标准化浓度型效力指标""}]",0,,,0,,,0,0,0,,0,,0,,1,1,1,"[""CHEMBL2311350""]",2013,LITERATURE,0,不适用（可定量效力值不足 2 个 assay）,弱,仅 1 篇文献支撑
CHEMBL2337918,,Small molecule,,COc1cc(C(CC2CCCC2)C(=O)Nc2cnccn2)ccc1S(C)(=O)=O,FVLLDIHTYRHEFV-UHFFFAOYSA-N,0,,,,,,,,,0,,0,0,0,,0,,,0,,,0,0,0,,0,,1,"[{""assay"": ""CHEMBL2346010"", ""type"": ""Activity"", ""value"": 1.9, ""units"": ""uM"", ""reason"": ""Activity 为自由文本指标（无官方标准化规则），assay 描述未命中提升门槛，不跨实验汇总""}]",1,1,1,"[""CHEMBL2331552""]",2013,LITERATURE,0,不适用（可定量效力值不足 2 个 assay）,弱,仅 1 篇文献支撑；无可定量的效力或效能值；1 条指标未归类（见 unclassified_records）
CHEMBL2337919,,Small molecule,,CS(=O)(=O)c1ccc(C(CC2CCOCC2)C(=O)Nc2cnccn2)cc1Cl,GLNVJMFXTONFIB-UHFFFAOYSA-N,0,,,,,,,,,0,,0,0,0,,0,,,0,,,0,0,0,,0,,1,"[{""assay"": ""CHEMBL2346010"", ""type"": ""Activity"", ""value"": 1.4, ""units"": ""uM"", ""reason"": ""Activity 为自由文本指标（无官方标准化规则），assay 描述未命中提升门槛，不跨实验汇总""}]",1,1,1,"[""CHEMBL2331552""]",2013,LITERATURE,0,不适用（可定量效力值不足 2 个 assay）,弱,仅 1 篇文献支撑；无可定量的效力或效能值；1 条指标未归类（见 unclassified_records）
CHEMBL2337920,,Small molecule,,CS(=O)(=O)c1ccc(C(CC2CCOC2)C(=O)Nc2cnccn2)cc1Cl,FCJWBSWAOPKNOK-UHFFFAOYSA-N,0,,,,,,,,,0,,0,0,0,,0,,,0,,,0,0,0,,0,,1,"[{""assay"": ""CHEMBL2346010"", ""type"": ""Activity"", ""value"": 3.6, ""units"": ""uM"", ""reason"": ""Activity 为自由文本指标（无官方标准化规则），assay 描述未命中提升门槛，不跨实验汇总""}]",1,1,1,"[""CHEMBL2331552""]",2013,LITERATURE,0,不适用（可定量效力值不足 2 个 assay）,弱,仅 1 篇文献支撑；无可定量的效力或效能值；1 条指标未归类（见 unclassified_records）
CHEMBL2337921,,Small molecule,,CSc1cnc(NC(=O)[C@H](CC2CCCC2)c2ccc(S(C)(=O)=O)c(Cl)c2)cn1,XHGUXJHPFQFDCQ-OAHLLOKOSA-N,0,,,,,,,,,0,,0,0,0,,0,,,0,,,0,0,0,,0,,1,"[{""assay"": ""CHEMBL2346010"", ""type"": ""Activity"", ""value"": 0.054, ""units"": ""uM"", ""reason"": ""Activity 为自由文本指标（无官方标准化规则），assay 描述未命中提升门槛，不跨实验汇总""}]",1,1,1,"[""CHEMBL2331552""]",2013,LITERATURE,0,不适用（可定量效力值不足 2 个 assay）,弱,仅 1 篇文献支撑；无可定量的效力或效能值；1 条指标未归类（见 unclassified_records）
CHEMBL2337922,,Small molecule,,C[S+]([O-])c1cnc(NC(=O)[C@H](CC2CCCC2)c2ccc(S(C)(=O)=O)c(Cl)c2)cn1,SXHFVJNXGCUJRL-YHVXIASJSA-N,0,,,,,,,,,0,,0,0,0,,0,,,0,,,0,0,0,,0,,1,"[{""assay"": ""CHEMBL2346010"", ""type"": ""Activity"", ""value"": 0.4, ""units"": ""uM"", ""reason"": ""Activity 为自由文本指标（无官方标准化规则），assay 描述未命中提升门槛，不跨实验汇总""}]",1,1,1,"[""CHEMBL2331552""]",2013,LITERATURE,0,不适用（可定量效力值不足 2 个 assay）,弱,仅 1 篇文献支撑；无可定量的效力或效能值；1 条指标未归类（见 unclassified_records）
CHEMBL2337923,,Small molecule,,CS(=O)(=O)c1ccc([C@@H](CC2CCCC2)C(=O)Nc2cnc(OC[C@H](O)CO)cn2)cc1Cl,VLNCSFSUMBLRSP-IAGOWNOFSA-N,0,,,,,,,,,0,,0,0,0,,0,,,0,,,0,0,0,,0,,1,"[{""assay"": ""CHEMBL2346010"", ""type"": ""Activity"", ""value"": 0.19, ""units"": ""uM"", ""reason"": ""Activity 为自由文本指标（无官方标准化规则），assay 描述未命中提升门槛，不跨实验汇总""}]",1,1,1,"[""CHEMBL2331552""]",2013,LITERATURE,0,不适用（可定量效力值不足 2 个 assay）,弱,仅 1 篇文献支撑；无可定量的效力或效能值；1 条指标未归类（见 unclassified_records）
CHEMBL2337924,,Small molecule,,CS(=O)(=O)c1ccc([C@@H](CC2CCCC2)C(=O)Nc2cnc(OC[C@@H](O)CO)cn2)cc1Cl,VLNCSFSUMBLRSP-DLBZAZTESA-N,0,,,,,,,,,0,,0,0,0,,0,,,0,,,0,0,0,,0,,1,"[{""assay"": ""CHEMBL2346010"", ""type"": ""Activity"", ""value"": 0.3, ""units"": ""uM"", ""reason"": ""Activity 为自由文本指标（无官方标准化规则），assay 描述未命中提升门槛，不跨实验汇总""}]",1,1,1,"[""CHEMBL2331552""]",2013,LITERATURE,0,不适用（可定量效力值不足 2 个 assay）,弱,仅 1 篇文献支撑；无可定量的效力或效能值；1 条指标未归类（见 unclassified_records）
CHEMBL2337925,,Small molecule,,CS(=O)(=O)c1ccc([C@@H](CC2CCCC2)C(=O)Nc2cnc(/C(N)=N\O)cn2)cc1Cl,NESMGVQBWDEZAO-CQSZACIVSA-N,0,,,,,,,,,0,,0,0,0,,0,,,0,,,0,0,0,,0,,1,"[{""assay"": ""CHEMBL2346010"", ""type"": ""Activity"", ""value"": 0.037, ""units"": ""uM"", ""reason"": ""Activity 为自由文本指标（无官方标准化规则），assay 描述未命中提升门槛，不跨实验汇总""}]",1,1,1,"[""CHEMBL2331552""]",2013,LITERATURE,0,不适用（可定量效力值不足 2 个 assay）,弱,仅 1 篇文献支撑；无可定量的效力或效能值；1 条指标未归类（见 unclassified_records）
CHEMBL2337926,,Small molecule,,C/C(=N/O)c1cnc(NC(=O)[C@H](CC2CCCC2)c2ccc(S(C)(=O)=O)c(Cl)c2)cn1,LFQVDCHGADGOPL-NCQSQGRDSA-N,0,,,,,,,,,0,,0,0,0,,0,,,0,,,0,0,0,,0,,1,"[{""assay"": ""CHEMBL2346010"", ""type"": ""Activity"", ""value"": 0.059, ""units"": ""uM"", ""reason"": ""Activity 为自由文本指标（无官方标准化规则），assay 描述未命中提升门槛，不跨实验汇总""}]",1,1,1,"[""CHEMBL2331552""]",2013,LITERATURE,0,不适用（可定量效力值不足 2 个 assay）,弱,仅 1 篇文献支撑；无可定量的效力或效能值；1 条指标未归类（见 unclassified_records）
CHEMBL2337927,,Small molecule,,CS(=O)(=O)Cc1cnc(NC(=O)[C@H](CC2CCCC2)c2ccc(S(C)(=O)=O)c(Cl)c2)cn1,QOJCHOUNEOJSGO-QGZVFWFLSA-N,0,,,,,,,,,0,,0,0,0,,0,,,0,,,0,0,0,,0,,1,"[{""assay"": ""CHEMBL2346010"", ""type"": ""Activity"", ""value"": 0.26, ""units"": ""uM"", ""reason"": ""Activity 为自由文本指标（无官方标准化规则），assay 描述未命中提升门槛，不跨实验汇总""}]",1,1,1,"[""CHEMBL2331552""]",2013,LITERATURE,0,不适用（可定量效力值不足 2 个 assay）,弱,仅 1 篇文献支撑；无可定量的效力或效能值；1 条指标未归类（见 unclassified_records）
CHEMBL2337928,,Small molecule,,CS(=O)(=O)c1ccc([C@@H](CC2CCCC2)C(=O)Nc2cnc(C#CCO)cn2)cc1Cl,BFPODEUMNZELOT-GOSISDBHSA-N,0,,,,,,,,,0,,0,0,0,,0,,,0,,,0,0,0,,0,,1,"[{""assay"": ""CHEMBL2346010"", ""type"": ""Activity"", ""value"": 0.022, ""units"": ""uM"", ""reason"": ""Activity 为自由文本指标（无官方标准化规则），assay 描述未命中提升门槛，不跨实验汇总""}]",1,1,1,"[""CHEMBL2331552""]",2013,LITERATURE,0,不适用（可定量效力值不足 2 个 assay）,弱,仅 1 篇文献支撑；无可定量的效力或效能值；1 条指标未归类（见 unclassified_records）
CHEMBL2337929,,Small molecule,,CC(C)(O)C#Cc1cnc(NC(=O)[C@H](CC2CCCC2)c2ccc(S(C)(=O)=O)c(Cl)c2)cn1,UPRQDMBDVXJVEB-LJQANCHMSA-N,0,,,,,,,,,0,,0,0,0,,0,,,0,,,0,0,0,,0,,1,"[{""assay"": ""CHEMBL2346010"", ""type"": ""Activity"", ""value"": 0.056, ""units"": ""uM"", ""reason"": ""Activity 为自由文本指标（无官方标准化规则），assay 描述未命中提升门槛，不跨实验汇总""}]",1,1,1,"[""CHEMBL2331552""]",2013,LITERATURE,0,不适用（可定量效力值不足 2 个 assay）,弱,仅 1 篇文献支撑；无可定量的效力或效能值；1 条指标未归类（见 unclassified_records）
CHEMBL2337930,,Small molecule,,CN(C)CC#Cc1cnc(NC(=O)[C@H](CC2CCCC2)c2ccc(S(C)(=O)=O)c(Cl)c2)cn1,OJWKFRQGNQMXJY-HXUWFJFHSA-N,0,,,,,,,,,0,,0,0,0,,0,,,0,,,0,0,0,,0,,1,"[{""assay"": ""CHEMBL2346010"", ""type"": ""Activity"", ""value"": 0.11, ""units"": ""uM"", ""reason"": ""Activity 为自由文本指标（无官方标准化规则），assay 描述未命中提升门槛，不跨实验汇总""}]",1,1,1,"[""CHEMBL2331552""]",2013,LITERATURE,0,不适用（可定量效力值不足 2 个 assay）,弱,仅 1 篇文献支撑；无可定量的效力或效能值；1 条指标未归类（见 unclassified_records）
CHEMBL2337931,,Small molecule,,COCC#Cc1cnc(NC(=O)[C@H](CC2CCCC2)c2ccc(S(C)(=O)=O)c(Cl)c2)cn1,MLELNNISKJTUDF-LJQANCHMSA-N,0,,,,,,,,,0,,0,0,0,,0,,,0,,,0,0,0,,0,,1,"[{""assay"": ""CHEMBL2346010"", ""type"": ""Activity"", ""value"": 0.14, ""units"": ""uM"", ""reason"": ""Activity 为自由文本指标（无官方标准化规则），assay 描述未命中提升门槛，不跨实验汇总""}]",1,1,1,"[""CHEMBL2331552""]",2013,LITERATURE,0,不适用（可定量效力值不足 2 个 assay）,弱,仅 1 篇文献支撑；无可定量的效力或效能值；1 条指标未归类（见 unclassified_records）
CHEMBL2337932,,Small molecule,,CS(=O)(=O)c1ccc([C@@H](CC2CCCC2)C(=O)Nc2cnc(C#CC3(O)CCOCC3)cn2)cc1Cl,HMKMFIZHKJWYTI-OAQYLSRUSA-N,0,,,,,,,,,0,,0,0,0,,0,,,0,,,0,0,0,,0,,1,"[{""assay"": ""CHEMBL2346010"", ""type"": ""Activity"", ""value"": 0.075, ""units"": ""uM"", ""reason"": ""Activity 为自由文本指标（无官方标准化规则），assay 描述未命中提升门槛，不跨实验汇总""}]",1,1,1,"[""CHEMBL2331552""]",2013,LITERATURE,0,不适用（可定量效力值不足 2 个 assay）,弱,仅 1 篇文献支撑；无可定量的效力或效能值；1 条指标未归类（见 unclassified_records）
CHEMBL2338346,,Small molecule,,CS(=O)(=O)c1ccc([C@@H](CC2CCCC2)C(=O)Nc2cnc(CCC3(O)CCOCC3)cn2)cc1Cl,OQYHMFLYTKMGJW-OAQYLSRUSA-N,0,,,,,,,,,0,,0,0,0,,0,,,0,,,0,0,0,,0,,1,"[{""assay"": ""CHEMBL2346010"", ""type"": ""Activity"", ""value"": 0.13, ""units"": ""uM"", ""reason"": ""Activity 为自由文本指标（无官方标准化规则），assay 描述未命中提升门槛，不跨实验汇总""}]",1,1,1,"[""CHEMBL2331552""]",2013,LITERATURE,0,不适用（可定量效力值不足 2 个 assay）,弱,仅 1 篇文献支撑；无可定量的效力或效能值；1 条指标未归类（见 unclassified_records）
CHEMBL2338347,,Small molecule,,CS(=O)(=O)c1ccc([C@@H](CC2CCCC2)C(=O)Nc2cnc([C@H](O)CO)cn2)cc1Cl,MGXHZTQMLYFNMR-CRAIPNDOSA-N,0,,,,,,,,,0,,0,0,0,,0,,,0,,,0,0,0,,0,,2,"[{""assay"": ""CHEMBL2346006"", ""type"": ""Activity"", ""value"": null, ""units"": null, ""reason"": ""Activity 为自由文本指标（无官方标准化规则），assay 描述未命中提升门槛，不跨实验汇总""}, {""assay"": ""CHEMBL2346010"", ""type"": ""Activity"", ""value"": 0.26, ""units"": ""uM"", ""reason"": ""Activity 为自由文本指标（无官方标准化规则），assay 描述未命中提升门槛，不跨实验汇总""}]",2,2,1,"[""CHEMBL2331552""]",2013,LITERATURE,0,不适用（可定量效力值不足 2 个 assay）,中,仅 1 篇文献支撑；无可定量的效力或效能值；2 条指标未归类（见 unclassified_records）
CHEMBL2338348,,Small molecule,,CC(C)(O)[C@@H](O)c1cnc(NC(=O)[C@H](CC2CCCC2)c2ccc(S(C)(=O)=O)c(Cl)c2)cn1,FKOMCYQVYFWGPV-IERDGZPVSA-N,0,,,,,,,,,0,,0,0,0,,0,,,0,,,0,0,0,,0,,1,"[{""assay"": ""CHEMBL2346010"", ""type"": ""Activity"", ""value"": 0.31, ""units"": ""uM"", ""reason"": ""Activity 为自由文本指标（无官方标准化规则），assay 描述未命中提升门槛，不跨实验汇总""}]",1,1,1,"[""CHEMBL2331552""]",2013,LITERATURE,0,不适用（可定量效力值不足 2 个 assay）,弱,仅 1 篇文献支撑；无可定量的效力或效能值；1 条指标未归类（见 unclassified_records）
CHEMBL2338349,,Small molecule,,CS(=O)(=O)c1ccc([C@@H](CC2CCCC2)C(=O)Nc2cnc(C(=O)NO)cn2)cc1Cl,CCXZTCBMMQQVHU-CQSZACIVSA-N,0,,,,,,,,,0,,0,0,0,,0,,,0,,,0,0,0,,0,,1,"[{""assay"": ""CHEMBL2346010"", ""type"": ""Activity"", ""value"": 0.41, ""units"": ""uM"", ""reason"": ""Activity 为自由文本指标（无官方标准化规则），assay 描述未命中提升门槛，不跨实验汇总""}]",1,1,1,"[""CHEMBL2331552""]",2013,LITERATURE,0,不适用（可定量效力值不足 2 个 assay）,弱,仅 1 篇文献支撑；无可定量的效力或效能值；1 条指标未归类（见 unclassified_records）
CHEMBL2338350,,Small molecule,,CS(=O)(=O)c1ccc([C@@H](CC2CCCC2)C(=O)Nc2cnc([C@@H](O)CO)cn2)cc1Cl,MGXHZTQMLYFNMR-QAPCUYQASA-N,0,,,,,,,,,0,,0,0,0,,0,,,0,,,0,0,0,,0,,1,"[{""assay"": ""CHEMBL2346010"", ""type"": ""Activity"", ""value"": 1.1, ""units"": ""uM"", ""reason"": ""Activity 为自由文本指标（无官方标准化规则），assay 描述未命中提升门槛，不跨实验汇总""}]",1,1,1,"[""CHEMBL2331552""]",2013,LITERATURE,0,不适用（可定量效力值不足 2 个 assay）,弱,仅 1 篇文献支撑；无可定量的效力或效能值；1 条指标未归类（见 unclassified_records）
CHEMBL2346667,,Small molecule,,Cc1cccc(S(=O)(=O)N2CCN([C@@H](CC3CCCCC3)C(=O)Nc3nccs3)C(=O)C2)c1,IQEWSGVCADHSJJ-FQEVSTJZSA-N,1,EC50:1,200.0,200.0,200.0,6.7,6.7,6.7,,0,,0,1,1,"[{""assay"": ""CHEMBL2353001"", ""type"": ""EC50"", ""relation"": ""="", ""value_nm"": 200.0, ""pactivity"": 6.7, ""doc"": ""CHEMBL2346600"", ""rule"": ""EC50 为标准化浓度型效力指标""}]",1,,,0,33.0,%max@CHEMBL2353000,1,1,1,"[{""assay"": ""CHEMBL2353000"", ""type"": ""%max"", ""scale"": ""percent"", ""value"": 33, ""units"": ""%"", ""doc"": ""CHEMBL2346600"", ""rule"": ""%max 为激活幅度指标，按该 assay 内值域（max=127.0）判为 percent 尺度""}]",0,,0,,2,2,1,"[""CHEMBL2346600""]",2013,LITERATURE,0,不适用（可定量效力值不足 2 个 assay）,中,仅 1 篇文献支撑
CHEMBL2346751,,Small molecule,,Cc1cc(S(=O)(=O)C2CC2)cc(=O)n1[C@@H](CC1CCCC1)C(=O)Nc1ncc(Cl)s1,IAVMXMUGKVSJRB-INIZCTEOSA-N,1,EC50:1,160.0,160.0,160.0,6.8,6.8,6.8,,0,,0,1,1,"[{""assay"": ""CHEMBL2353001"", ""type"": ""EC50"", ""relation"": ""="", ""value_nm"": 160.0, ""pactivity"": 6.8, ""doc"": ""CHEMBL2346600"", ""rule"": ""EC50 为标准化浓度型效力指标""}]",1,,,0,90.0,%max@CHEMBL2353000,1,1,1,"[{""assay"": ""CHEMBL2353000"", ""type"": ""%max"", ""scale"": ""percent"", ""value"": 90, ""units"": ""%"", ""doc"": ""CHEMBL2346600"", ""rule"": ""%max 为激活幅度指标，按该 assay 内值域（max=127.0）判为 percent 尺度""}]",0,,0,,2,2,1,"[""CHEMBL2346600""]",2013,LITERATURE,0,不适用（可定量效力值不足 2 个 assay）,中,仅 1 篇文献支撑
CHEMBL2346752,,Small molecule,,Cc1cc(S(=O)(=O)C2CC2)cc(=O)n1[C@@H](CC1CCCCO1)C(=O)Nc1ncc(Cl)s1,HUMNKAYCORIEKL-VYIIXAMBSA-N,1,EC50:1,1200.0,1200.0,1200.0,5.92,5.92,5.92,,0,,0,1,1,"[{""assay"": ""CHEMBL2353001"", ""type"": ""EC50"", ""relation"": ""="", ""value_nm"": 1200.0, ""pactivity"": 5.92, ""doc"": ""CHEMBL2346600"", ""rule"": ""EC50 为标准化浓度型效力指标""}]",1,,,0,77.0,%max@CHEMBL2353000,1,1,1,"[{""assay"": ""CHEMBL2353000"", ""type"": ""%max"", ""scale"": ""percent"", ""value"": 77, ""units"": ""%"", ""doc"": ""CHEMBL2346600"", ""rule"": ""%max 为激活幅度指标，按该 assay 内值域（max=127.0）判为 percent 尺度""}]",0,,0,,2,2,1,"[""CHEMBL2346600""]",2013,LITERATURE,0,不适用（可定量效力值不足 2 个 assay）,中,仅 1 篇文献支撑
CHEMBL2346753,,Small molecule,,CCCCC(C(=O)Nc1nccs1)n1c(C)cc(S(=O)(=O)C2CCCC2)cc1=O,OIODVNCVOJYFHH-UHFFFAOYSA-N,1,EC50:1,1600.0,1600.0,1600.0,5.8,5.8,5.8,,0,,0,1,1,"[{""assay"": ""CHEMBL2353001"", ""type"": ""EC50"", ""relation"": ""="", ""value_nm"": 1600.0, ""pactivity"": 5.8, ""doc"": ""CHEMBL2346600"", ""rule"": ""EC50 为标准化浓度型效力指标""}]",1,,,0,55.0,%max@CHEMBL2353000,1,1,1,"[{""assay"": ""CHEMBL2353000"", ""type"": ""%max"", ""scale"": ""percent"", ""value"": 55, ""units"": ""%"", ""doc"": ""CHEMBL2346600"", ""rule"": ""%max 为激活幅度指标，按该 assay 内值域（max=127.0）判为 percent 尺度""}]",0,,0,,2,2,1,"[""CHEMBL2346600""]",2013,LITERATURE,0,不适用（可定量效力值不足 2 个 assay）,中,仅 1 篇文献支撑
CHEMBL2346754,,Small molecule,,Cc1cc(S(=O)(=O)C2CCCC2)cc(=O)n1[C@@H](CC1CCCCO1)C(=O)Nc1ncc(Cl)s1,UPWMIUMOXNRYCT-PKHIMPSTSA-N,1,EC50:1,160.0,160.0,160.0,6.8,6.8,6.8,,0,,0,1,1,"[{""assay"": ""CHEMBL2353001"", ""type"": ""EC50"", ""relation"": ""="", ""value_nm"": 160.0, ""pactivity"": 6.8, ""doc"": ""CHEMBL2346600"", ""rule"": ""EC50 为标准化浓度型效力指标""}]",1,,,0,52.0,%max@CHEMBL2353000,1,1,1,"[{""assay"": ""CHEMBL2353000"", ""type"": ""%max"", ""scale"": ""percent"", ""value"": 52, ""units"": ""%"", ""doc"": ""CHEMBL2346600"", ""rule"": ""%max 为激活幅度指标，按该 assay 内值域（max=127.0）判为 percent 尺度""}]",0,,0,,2,2,1,"[""CHEMBL2346600""]",2013,LITERATURE,0,不适用（可定量效力值不足 2 个 assay）,中,仅 1 篇文献支撑
CHEMBL2346755,,Small molecule,,Cc1cc(S(=O)(=O)C2CCCC2)cc(=O)n1[C@@H](CC1CCCCO1)C(=O)Nc1ncc(F)s1,PANUZABGCYBSRN-PKHIMPSTSA-N,1,EC50:1,500.0,500.0,500.0,6.3,6.3,6.3,,0,,0,1,1,"[{""assay"": ""CHEMBL2353001"", ""type"": ""EC50"", ""relation"": ""="", ""value_nm"": 500.0, ""pactivity"": 6.3, ""doc"": ""CHEMBL2346600"", ""rule"": ""EC50 为标准化浓度型效力指标""}]",1,,,0,68.0,%max@CHEMBL2353000,1,1,1,"[{""assay"": ""CHEMBL2353000"", ""type"": ""%max"", ""scale"": ""percent"", ""value"": 68, ""units"": ""%"", ""doc"": ""CHEMBL2346600"", ""rule"": ""%max 为激活幅度指标，按该 assay 内值域（max=127.0）判为 percent 尺度""}]",0,,0,,2,2,1,"[""CHEMBL2346600""]",2013,LITERATURE,0,不适用（可定量效力值不足 2 个 assay）,中,仅 1 篇文献支撑
CHEMBL2346756,,Small molecule,,Cc1cc(S(=O)(=O)C2CC2)cc(=O)n1[C@@H](CC1CCCC1)C(=O)Nc1ncc(F)s1,DJZFCGOPZXVUQY-INIZCTEOSA-N,1,EC50:1,630.0,630.0,630.0,6.2,6.2,6.2,,0,,0,1,1,"[{""assay"": ""CHEMBL2353001"", ""type"": ""EC50"", ""relation"": ""="", ""value_nm"": 630.0, ""pactivity"": 6.2, ""doc"": ""CHEMBL2346600"", ""rule"": ""EC50 为标准化浓度型效力指标""}]",1,,,0,109.0,%max@CHEMBL2353000,1,1,1,"[{""assay"": ""CHEMBL2353000"", ""type"": ""%max"", ""scale"": ""percent"", ""value"": 109, ""units"": ""%"", ""doc"": ""CHEMBL2346600"", ""rule"": ""%max 为激活幅度指标，按该 assay 内值域（max=127.0）判为 percent 尺度""}]",0,,0,,2,2,1,"[""CHEMBL2346600""]",2013,LITERATURE,0,不适用（可定量效力值不足 2 个 assay）,中,仅 1 篇文献支撑
CHEMBL2346757,,Small molecule,,Cc1cc(S(=O)(=O)C2CCCC2)cc(=O)n1C(CC1CCCCO1)C(=O)Nc1nccs1,HCVHVRCQVFIMNC-UHFFFAOYSA-N,1,EC50:1,1000.0,1000.0,1000.0,6.0,6.0,6.0,,0,,0,1,1,"[{""assay"": ""CHEMBL2353001"", ""type"": ""EC50"", ""relation"": ""="", ""value_nm"": 1000.0, ""pactivity"": 6.0, ""doc"": ""CHEMBL2346600"", ""rule"": ""EC50 为标准化浓度型效力指标""}]",1,,,0,64.0,%max@CHEMBL2353000,1,1,1,"[{""assay"": ""CHEMBL2353000"", ""type"": ""%max"", ""scale"": ""percent"", ""value"": 64, ""units"": ""%"", ""doc"": ""CHEMBL2346600"", ""rule"": ""%max 为激活幅度指标，按该 assay 内值域（max=127.0）判为 percent 尺度""}]",0,,0,,2,2,1,"[""CHEMBL2346600""]",2013,LITERATURE,0,不适用（可定量效力值不足 2 个 assay）,中,仅 1 篇文献支撑
CHEMBL2346758,,Small molecule,,Cc1cc(S(=O)(=O)C2CCCC2)cc(=O)n1C(CC1CCCC1)C(=O)Nc1nccs1,UGPQQXXZGVSIOI-UHFFFAOYSA-N,1,EC50:1,200.0,200.0,200.0,6.7,6.7,6.7,,0,,0,1,1,"[{""assay"": ""CHEMBL2353001"", ""type"": ""EC50"", ""relation"": ""="", ""value_nm"": 200.0, ""pactivity"": 6.7, ""doc"": ""CHEMBL2346600"", ""rule"": ""EC50 为标准化浓度型效力指标""}]",1,,,0,75.0,%max@CHEMBL2353000,1,1,1,"[{""assay"": ""CHEMBL2353000"", ""type"": ""%max"", ""scale"": ""percent"", ""value"": 75, ""units"": ""%"", ""doc"": ""CHEMBL2346600"", ""rule"": ""%max 为激活幅度指标，按该 assay 内值域（max=127.0）判为 percent 尺度""}]",0,,0,,2,2,1,"[""CHEMBL2346600""]",2013,LITERATURE,0,不适用（可定量效力值不足 2 个 assay）,中,仅 1 篇文献支撑
CHEMBL2346759,,Small molecule,,Cc1cc(S(=O)(=O)C2CCCC2)cc(=O)n1C(CC1CC1)C(=O)Nc1nccs1,LANHGOMVJISQAO-UHFFFAOYSA-N,1,EC50:1,1600.0,1600.0,1600.0,5.8,5.8,5.8,,0,,0,1,1,"[{""assay"": ""CHEMBL2353001"", ""type"": ""EC50"", ""relation"": ""="", ""value_nm"": 1600.0, ""pactivity"": 5.8, ""doc"": ""CHEMBL2346600"", ""rule"": ""EC50 为标准化浓度型效力指标""}]",1,,,0,40.0,%max@CHEMBL2353000,1,1,1,"[{""assay"": ""CHEMBL2353000"", ""type"": ""%max"", ""scale"": ""percent"", ""value"": 40, ""units"": ""%"", ""doc"": ""CHEMBL2346600"", ""rule"": ""%max 为激活幅度指标，按该 assay 内值域（max=127.0）判为 percent 尺度""}]",0,,0,,2,2,1,"[""CHEMBL2346600""]",2013,LITERATURE,0,不适用（可定量效力值不足 2 个 assay）,中,仅 1 篇文献支撑
CHEMBL2346760,,Small molecule,,Cc1cc(S(=O)(=O)C2CCCC2)cc(=O)n1C(CC(C)C)C(=O)Nc1nccs1,QTOXAGVEUWUAJL-UHFFFAOYSA-N,1,EC50:1,790.0,790.0,790.0,6.1,6.1,6.1,,0,,0,1,1,"[{""assay"": ""CHEMBL2353001"", ""type"": ""EC50"", ""relation"": ""="", ""value_nm"": 790.0, ""pactivity"": 6.1, ""doc"": ""CHEMBL2346600"", ""rule"": ""EC50 为标准化浓度型效力指标""}]",1,,,0,73.0,%max@CHEMBL2353000,1,1,1,"[{""assay"": ""CHEMBL2353000"", ""type"": ""%max"", ""scale"": ""percent"", ""value"": 73, ""units"": ""%"", ""doc"": ""CHEMBL2346600"", ""rule"": ""%max 为激活幅度指标，按该 assay 内值域（max=127.0）判为 percent 尺度""}]",0,,0,,2,2,1,"[""CHEMBL2346600""]",2013,LITERATURE,0,不适用（可定量效力值不足 2 个 assay）,中,仅 1 篇文献支撑
CHEMBL2346761,,Small molecule,,Cc1cc(S(=O)(=O)C2CCCC2)cc(=O)n1[C@@H](CC1CCCCC1)C(=O)Nc1nccs1,WADVHYJTRIDKDF-FQEVSTJZSA-N,1,EC50:1,79.0,79.0,79.0,7.1,7.1,7.1,,0,,0,1,1,"[{""assay"": ""CHEMBL2353001"", ""type"": ""EC50"", ""relation"": ""="", ""value_nm"": 79.0, ""pactivity"": 7.1, ""doc"": ""CHEMBL2346600"", ""rule"": ""EC50 为标准化浓度型效力指标""}]",1,,,0,88.0,%max@CHEMBL2353000,1,1,1,"[{""assay"": ""CHEMBL2353000"", ""type"": ""%max"", ""scale"": ""percent"", ""value"": 88, ""units"": ""%"", ""doc"": ""CHEMBL2346600"", ""rule"": ""%max 为激活幅度指标，按该 assay 内值域（max=127.0）判为 percent 尺度""}]",0,,0,,2,2,1,"[""CHEMBL2346600""]",2013,LITERATURE,0,不适用（可定量效力值不足 2 个 assay）,中,仅 1 篇文献支撑
CHEMBL2346762,,Small molecule,,CCS(=O)(=O)c1cc(C)n([C@@H](CC2CCCCC2)C(=O)Nc2nccs2)c(=O)c1,BRCKMIHZZKPPEF-KRWDZBQOSA-N,1,EC50:1,2000.0,2000.0,2000.0,5.7,5.7,5.7,,0,,0,1,1,"[{""assay"": ""CHEMBL2353001"", ""type"": ""EC50"", ""relation"": ""="", ""value_nm"": 2000.0, ""pactivity"": 5.7, ""doc"": ""CHEMBL2346600"", ""rule"": ""EC50 为标准化浓度型效力指标""}]",1,,,0,117.0,%max@CHEMBL2353000,1,1,1,"[{""assay"": ""CHEMBL2353000"", ""type"": ""%max"", ""scale"": ""percent"", ""value"": 117, ""units"": ""%"", ""doc"": ""CHEMBL2346600"", ""rule"": ""%max 为激活幅度指标，按该 assay 内值域（max=127.0）判为 percent 尺度""}]",0,,0,,2,2,1,"[""CHEMBL2346600""]",2013,LITERATURE,0,不适用（可定量效力值不足 2 个 assay）,中,仅 1 篇文献支撑
CHEMBL2346763,,Small molecule,,Cc1cc(S(C)(=O)=O)cc(=O)n1[C@@H](CC1CCCCC1)C(=O)Nc1nccs1,AYVLGZOYFQDBAM-INIZCTEOSA-N,1,EC50:1,6300.0,6300.0,6300.0,5.2,5.2,5.2,,0,,0,1,1,"[{""assay"": ""CHEMBL2353001"", ""type"": ""EC50"", ""relation"": ""="", ""value_nm"": 6300.0, ""pactivity"": 5.2, ""doc"": ""CHEMBL2346600"", ""rule"": ""EC50 为标准化浓度型效力指标""}]",1,,,0,125.0,%max@CHEMBL2353000,1,1,1,"[{""assay"": ""CHEMBL2353000"", ""type"": ""%max"", ""scale"": ""percent"", ""value"": 125, ""units"": ""%"", ""doc"": ""CHEMBL2346600"", ""rule"": ""%max 为激活幅度指标，按该 assay 内值域（max=127.0）判为 percent 尺度""}]",0,,0,,2,2,1,"[""CHEMBL2346600""]",2013,LITERATURE,0,不适用（可定量效力值不足 2 个 assay）,中,仅 1 篇文献支撑
CHEMBL2346764,,Small molecule,,CC(C)S(=O)(=O)N1CCN([C@@H](CC2CCCCC2)C(=O)Nc2nccs2)C(=O)C1,VTENDFKKAQZWNF-INIZCTEOSA-N,1,EC50:1,1000.0,1000.0,1000.0,6.0,6.0,6.0,,0,,0,1,1,"[{""assay"": ""CHEMBL2353001"", ""type"": ""EC50"", ""relation"": ""="", ""value_nm"": 1000.0, ""pactivity"": 6.0, ""doc"": ""CHEMBL2346600"", ""rule"": ""EC50 为标准化浓度型效力指标""}]",1,,,0,45.0,%max@CHEMBL2353000,1,1,1,"[{""assay"": ""CHEMBL2353000"", ""type"": ""%max"", ""scale"": ""percent"", ""value"": 45, ""units"": ""%"", ""doc"": ""CHEMBL2346600"", ""rule"": ""%max 为激活幅度指标，按该 assay 内值域（max=127.0）判为 percent 尺度""}]",0,,0,,2,2,1,"[""CHEMBL2346600""]",2013,LITERATURE,0,不适用（可定量效力值不足 2 个 assay）,中,仅 1 篇文献支撑
CHEMBL2346875,,Small molecule,,O=C(Nc1nccs1)[C@H](CC1CCCCC1)N1CCN(S(=O)(=O)Cc2ccccc2)CC1=O,MGCRJJGSGXAKLX-FQEVSTJZSA-N,1,EC50:1,400.0,400.0,400.0,6.4,6.4,6.4,,0,,0,1,1,"[{""assay"": ""CHEMBL2353001"", ""type"": ""EC50"", ""relation"": ""="", ""value_nm"": 400.0, ""pactivity"": 6.4, ""doc"": ""CHEMBL2346600"", ""rule"": ""EC50 为标准化浓度型效力指标""}]",1,,,0,25.0,%max@CHEMBL2353000,1,1,1,"[{""assay"": ""CHEMBL2353000"", ""type"": ""%max"", ""scale"": ""percent"", ""value"": 25, ""units"": ""%"", ""doc"": ""CHEMBL2346600"", ""rule"": ""%max 为激活幅度指标，按该 assay 内值域（max=127.0）判为 percent 尺度""}]",0,,0,,2,2,1,"[""CHEMBL2346600""]",2013,LITERATURE,0,不适用（可定量效力值不足 2 个 assay）,中,仅 1 篇文献支撑
CHEMBL2346876,,Small molecule,,Cc1ccc(S(=O)(=O)N2CCN([C@@H](CC3CCCCC3)C(=O)Nc3nccs3)C(=O)C2)c(F)c1,MJTSDOZZWDUAHG-IBGZPJMESA-N,1,EC50:1,250.0,250.0,250.0,6.6,6.6,6.6,,0,,0,1,1,"[{""assay"": ""CHEMBL2353001"", ""type"": ""EC50"", ""relation"": ""="", ""value_nm"": 250.0, ""pactivity"": 6.6, ""doc"": ""CHEMBL2346600"", ""rule"": ""EC50 为标准化浓度型效力指标""}]",1,,,0,39.0,%max@CHEMBL2353000,1,1,1,"[{""assay"": ""CHEMBL2353000"", ""type"": ""%max"", ""scale"": ""percent"", ""value"": 39, ""units"": ""%"", ""doc"": ""CHEMBL2346600"", ""rule"": ""%max 为激活幅度指标，按该 assay 内值域（max=127.0）判为 percent 尺度""}]",0,,0,,2,2,1,"[""CHEMBL2346600""]",2013,LITERATURE,0,不适用（可定量效力值不足 2 个 assay）,中,仅 1 篇文献支撑
CHEMBL2346877,,Small molecule,,O=C(Nc1nccs1)[C@H](CC1CCCCC1)N1CCN(S(=O)(=O)c2ccco2)CC1=O,OQAZAMYMPJOLLO-INIZCTEOSA-N,1,EC50:1,160.0,160.0,160.0,6.8,6.8,6.8,,0,,0,1,1,"[{""assay"": ""CHEMBL2353001"", ""type"": ""EC50"", ""relation"": ""="", ""value_nm"": 160.0, ""pactivity"": 6.8, ""doc"": ""CHEMBL2346600"", ""rule"": ""EC50 为标准化浓度型效力指标""}]",1,,,0,62.0,%max@CHEMBL2353000,1,1,1,"[{""assay"": ""CHEMBL2353000"", ""type"": ""%max"", ""scale"": ""percent"", ""value"": 62, ""units"": ""%"", ""doc"": ""CHEMBL2346600"", ""rule"": ""%max 为激活幅度指标，按该 assay 内值域（max=127.0）判为 percent 尺度""}]",0,,0,,2,2,1,"[""CHEMBL2346600""]",2013,LITERATURE,0,不适用（可定量效力值不足 2 个 assay）,中,仅 1 篇文献支撑
CHEMBL2346878,,Small molecule,,O=C(Nc1nccs1)[C@H](CC1CCCCC1)N1CCN(S(=O)(=O)c2cccc(Cl)c2)CC1=O,VJZMICBNLZRWKH-IBGZPJMESA-N,1,EC50:1,310.0,310.0,310.0,6.51,6.51,6.51,,0,,0,1,1,"[{""assay"": ""CHEMBL2353001"", ""type"": ""EC50"", ""relation"": ""="", ""value_nm"": 310.0, ""pactivity"": 6.51, ""doc"": ""CHEMBL2346600"", ""rule"": ""EC50 为标准化浓度型效力指标""}]",1,,,0,36.0,%max@CHEMBL2353000,1,1,1,"[{""assay"": ""CHEMBL2353000"", ""type"": ""%max"", ""scale"": ""percent"", ""value"": 36, ""units"": ""%"", ""doc"": ""CHEMBL2346600"", ""rule"": ""%max 为激活幅度指标，按该 assay 内值域（max=127.0）判为 percent 尺度""}]",0,,0,,2,2,1,"[""CHEMBL2346600""]",2013,LITERATURE,0,不适用（可定量效力值不足 2 个 assay）,中,仅 1 篇文献支撑
CHEMBL2346879,,Small molecule,,O=C(Nc1nccs1)[C@H](CC1CCCCC1)N1CCN(S(=O)(=O)c2cc(F)cc(F)c2)CC1=O,YZZLWFPWUQABMG-IBGZPJMESA-N,1,EC50:1,200.0,200.0,200.0,6.7,6.7,6.7,,0,,0,1,1,"[{""assay"": ""CHEMBL2353001"", ""type"": ""EC50"", ""relation"": ""="", ""value_nm"": 200.0, ""pactivity"": 6.7, ""doc"": ""CHEMBL2346600"", ""rule"": ""EC50 为标准化浓度型效力指标""}]",1,,,0,44.0,%max@CHEMBL2353000,1,1,1,"[{""assay"": ""CHEMBL2353000"", ""type"": ""%max"", ""scale"": ""percent"", ""value"": 44, ""units"": ""%"", ""doc"": ""CHEMBL2346600"", ""rule"": ""%max 为激活幅度指标，按该 assay 内值域（max=127.0）判为 percent 尺度""}]",0,,0,,2,2,1,"[""CHEMBL2346600""]",2013,LITERATURE,0,不适用（可定量效力值不足 2 个 assay）,中,仅 1 篇文献支撑
CHEMBL2346880,,Small molecule,,CS(=O)(=O)N1CCN([C@@H](CC2CCCCO2)C(=O)Nc2ncc(Cl)s2)C(=O)C1,LMCYTIYYHZPGCK-KIYNQFGBSA-N,1,EC50:1,2000.0,2000.0,2000.0,5.7,5.7,5.7,,0,,0,1,1,"[{""assay"": ""CHEMBL2353001"", ""type"": ""EC50"", ""relation"": ""="", ""value_nm"": 2000.0, ""pactivity"": 5.7, ""doc"": ""CHEMBL2346600"", ""rule"": ""EC50 为标准化浓度型效力指标""}]",1,,,0,21.0,%max@CHEMBL2353000,1,1,1,"[{""assay"": ""CHEMBL2353000"", ""type"": ""%max"", ""scale"": ""percent"", ""value"": 21, ""units"": ""%"", ""doc"": ""CHEMBL2346600"", ""rule"": ""%max 为激活幅度指标，按该 assay 内值域（max=127.0）判为 percent 尺度""}]",0,,0,,2,2,1,"[""CHEMBL2346600""]",2013,LITERATURE,0,不适用（可定量效力值不足 2 个 assay）,中,仅 1 篇文献支撑
CHEMBL2346881,,Small molecule,,O=C(Nc1ncc(Cl)s1)[C@H](CC1CCCCO1)N1CCN(S(=O)(=O)C2CC2)CC1=O,VAGYZRQXTRCDFY-PYMCNQPYSA-N,1,EC50:1,790.0,790.0,790.0,6.1,6.1,6.1,,0,,0,1,1,"[{""assay"": ""CHEMBL2353001"", ""type"": ""EC50"", ""relation"": ""="", ""value_nm"": 790.0, ""pactivity"": 6.1, ""doc"": ""CHEMBL2346600"", ""rule"": ""EC50 为标准化浓度型效力指标""}]",1,,,0,22.0,%max@CHEMBL2353000,1,1,1,"[{""assay"": ""CHEMBL2353000"", ""type"": ""%max"", ""scale"": ""percent"", ""value"": 22, ""units"": ""%"", ""doc"": ""CHEMBL2346600"", ""rule"": ""%max 为激活幅度指标，按该 assay 内值域（max=127.0）判为 percent 尺度""}]",0,,0,,2,2,1,"[""CHEMBL2346600""]",2013,LITERATURE,0,不适用（可定量效力值不足 2 个 assay）,中,仅 1 篇文献支撑
CHEMBL2346882,,Small molecule,,O=C(Nc1nccs1)[C@H](CC1CCCCC1)N1CCN(S(=O)(=O)C2CCCC2)CC1=O,XDIWPYYDLRTNOH-SFHVURJKSA-N,1,EC50:1,63.0,63.0,63.0,7.2,7.2,7.2,,0,,0,1,1,"[{""assay"": ""CHEMBL2353001"", ""type"": ""EC50"", ""relation"": ""="", ""value_nm"": 63.0, ""pactivity"": 7.2, ""doc"": ""CHEMBL2346600"", ""rule"": ""EC50 为标准化浓度型效力指标""}]",1,,,0,33.0,%max@CHEMBL2353000,1,1,1,"[{""assay"": ""CHEMBL2353000"", ""type"": ""%max"", ""scale"": ""percent"", ""value"": 33, ""units"": ""%"", ""doc"": ""CHEMBL2346600"", ""rule"": ""%max 为激活幅度指标，按该 assay 内值域（max=127.0）判为 percent 尺度""}]",0,,0,,2,2,1,"[""CHEMBL2346600""]",2013,LITERATURE,0,不适用（可定量效力值不足 2 个 assay）,中,仅 1 篇文献支撑
CHEMBL2346883,,Small molecule,,O=C(Nc1nccs1)C(CC1CCCCC1)N1CCN(S(=O)(=O)C2CC2)CC1=O,UVQDJQMAEVSBJS-UHFFFAOYSA-N,1,EC50:1,250.0,250.0,250.0,6.6,6.6,6.6,,0,,0,1,1,"[{""assay"": ""CHEMBL2353001"", ""type"": ""EC50"", ""relation"": ""="", ""value_nm"": 250.0, ""pactivity"": 6.6, ""doc"": ""CHEMBL2346600"", ""rule"": ""EC50 为标准化浓度型效力指标""}]",1,,,0,64.0,%max@CHEMBL2353000,1,1,1,"[{""assay"": ""CHEMBL2353000"", ""type"": ""%max"", ""scale"": ""percent"", ""value"": 64, ""units"": ""%"", ""doc"": ""CHEMBL2346600"", ""rule"": ""%max 为激活幅度指标，按该 assay 内值域（max=127.0）判为 percent 尺度""}]",0,,0,,2,2,1,"[""CHEMBL2346600""]",2013,LITERATURE,0,不适用（可定量效力值不足 2 个 assay）,中,仅 1 篇文献支撑
CHEMBL2346884,,Small molecule,,CS(=O)(=O)N1CCN(C(CC2CCCCC2)C(=O)Nc2nccs2)C(=O)C1,MCVZXAIMSDHSPP-UHFFFAOYSA-N,1,EC50:1,1600.0,1600.0,1600.0,5.8,5.8,5.8,,0,,0,1,1,"[{""assay"": ""CHEMBL2353001"", ""type"": ""EC50"", ""relation"": ""="", ""value_nm"": 1600.0, ""pactivity"": 5.8, ""doc"": ""CHEMBL2346600"", ""rule"": ""EC50 为标准化浓度型效力指标""}]",1,,,0,64.0,%max@CHEMBL2353000,1,1,1,"[{""assay"": ""CHEMBL2353000"", ""type"": ""%max"", ""scale"": ""percent"", ""value"": 64, ""units"": ""%"", ""doc"": ""CHEMBL2346600"", ""rule"": ""%max 为激活幅度指标，按该 assay 内值域（max=127.0）判为 percent 尺度""}]",0,,0,,2,2,1,"[""CHEMBL2346600""]",2013,LITERATURE,0,不适用（可定量效力值不足 2 个 assay）,中,仅 1 篇文献支撑
CHEMBL2346885,,Small molecule,,O=C(Nc1nccs1)[C@H](CC1CCCC1)n1cnc2cc(S(=O)(=O)C3CC3)ccc2c1=O,RXQBAWPOTDTXRL-IBGZPJMESA-N,1,EC50:1,2000.0,2000.0,2000.0,5.7,5.7,5.7,,0,,0,1,1,"[{""assay"": ""CHEMBL2353001"", ""type"": ""EC50"", ""relation"": ""="", ""value_nm"": 2000.0, ""pactivity"": 5.7, ""doc"": ""CHEMBL2346600"", ""rule"": ""EC50 为标准化浓度型效力指标""}]",1,,,0,44.0,%max@CHEMBL2353000,1,1,1,"[{""assay"": ""CHEMBL2353000"", ""type"": ""%max"", ""scale"": ""percent"", ""value"": 44, ""units"": ""%"", ""doc"": ""CHEMBL2346600"", ""rule"": ""%max 为激活幅度指标，按该 assay 内值域（max=127.0）判为 percent 尺度""}]",0,,0,,2,2,1,"[""CHEMBL2346600""]",2013,LITERATURE,0,不适用（可定量效力值不足 2 个 assay）,中,仅 1 篇文献支撑
CHEMBL2346886,,Small molecule,,CCS(=O)(=O)c1ccc2c(=O)n([C@@H](CC3CCCCO3)C(=O)Nc3ncc(F)s3)cnc2c1,KRRKSPQOLQXSNP-RUINGEJQSA-N,1,EC50:1,5000.0,5000.0,5000.0,5.3,5.3,5.3,,0,,0,1,1,"[{""assay"": ""CHEMBL2353001"", ""type"": ""EC50"", ""relation"": ""="", ""value_nm"": 5000.0, ""pactivity"": 5.3, ""doc"": ""CHEMBL2346600"", ""rule"": ""EC50 为标准化浓度型效力指标""}]",1,,,0,44.0,%max@CHEMBL2353000,1,1,1,"[{""assay"": ""CHEMBL2353000"", ""type"": ""%max"", ""scale"": ""percent"", ""value"": 44, ""units"": ""%"", ""doc"": ""CHEMBL2346600"", ""rule"": ""%max 为激活幅度指标，按该 assay 内值域（max=127.0）判为 percent 尺度""}]",0,,0,,2,2,1,"[""CHEMBL2346600""]",2013,LITERATURE,0,不适用（可定量效力值不足 2 个 assay）,中,仅 1 篇文献支撑
CHEMBL2346887,,Small molecule,,CCS(=O)(=O)c1ccc2c(=O)n([C@@H](CC3CCCCC3)C(=O)Nc3ncc(F)s3)cnc2c1,OQCSYLTZRATPKD-SFHVURJKSA-N,1,EC50:1,630.0,630.0,630.0,6.2,6.2,6.2,,0,,0,1,1,"[{""assay"": ""CHEMBL2353001"", ""type"": ""EC50"", ""relation"": ""="", ""value_nm"": 630.0, ""pactivity"": 6.2, ""doc"": ""CHEMBL2346600"", ""rule"": ""EC50 为标准化浓度型效力指标""}]",1,,,0,87.0,%max@CHEMBL2353000,1,1,1,"[{""assay"": ""CHEMBL2353000"", ""type"": ""%max"", ""scale"": ""percent"", ""value"": 87, ""units"": ""%"", ""doc"": ""CHEMBL2346600"", ""rule"": ""%max 为激活幅度指标，按该 assay 内值域（max=127.0）判为 percent 尺度""}]",0,,0,,2,2,1,"[""CHEMBL2346600""]",2013,LITERATURE,0,不适用（可定量效力值不足 2 个 assay）,中,仅 1 篇文献支撑
CHEMBL2346888,,Small molecule,,O=C(Nc1ncc(Cl)s1)[C@H](CC1CCCCC1)n1cnc2cc(S(=O)(=O)C3CCCC3)ccc2c1=O,WGLFNEOQPYULNY-NRFANRHFSA-N,1,EC50:1,400.0,400.0,400.0,6.4,6.4,6.4,,0,,0,1,1,"[{""assay"": ""CHEMBL2353001"", ""type"": ""EC50"", ""relation"": ""="", ""value_nm"": 400.0, ""pactivity"": 6.4, ""doc"": ""CHEMBL2346600"", ""rule"": ""EC50 为标准化浓度型效力指标""}]",1,,,0,65.0,%max@CHEMBL2353000,1,1,1,"[{""assay"": ""CHEMBL2353000"", ""type"": ""%max"", ""scale"": ""percent"", ""value"": 65, ""units"": ""%"", ""doc"": ""CHEMBL2346600"", ""rule"": ""%max 为激活幅度指标，按该 assay 内值域（max=127.0）判为 percent 尺度""}]",0,,0,,2,2,1,"[""CHEMBL2346600""]",2013,LITERATURE,0,不适用（可定量效力值不足 2 个 assay）,中,仅 1 篇文献支撑
CHEMBL2346889,,Small molecule,,O=C(Nc1nccs1)[C@H](CC1CCCCC1)n1cnc2ccc(F)cc2c1=O,HETBALZVBPDEQB-KRWDZBQOSA-N,1,EC50:1,4000.0,4000.0,4000.0,5.4,5.4,5.4,,0,,0,1,1,"[{""assay"": ""CHEMBL2353001"", ""type"": ""EC50"", ""relation"": ""="", ""value_nm"": 4000.0, ""pactivity"": 5.4, ""doc"": ""CHEMBL2346600"", ""rule"": ""EC50 为标准化浓度型效力指标""}]",1,,,0,108.0,%max@CHEMBL2353000,1,1,1,"[{""assay"": ""CHEMBL2353000"", ""type"": ""%max"", ""scale"": ""percent"", ""value"": 108, ""units"": ""%"", ""doc"": ""CHEMBL2346600"", ""rule"": ""%max 为激活幅度指标，按该 assay 内值域（max=127.0）判为 percent 尺度""}]",0,,0,,2,2,1,"[""CHEMBL2346600""]",2013,LITERATURE,0,不适用（可定量效力值不足 2 个 assay）,中,仅 1 篇文献支撑
CHEMBL2346890,,Small molecule,,Cc1ccc2ncn([C@@H](CC3CCCCC3)C(=O)Nc3nccs3)c(=O)c2c1,BNNFFESNNWERGJ-SFHVURJKSA-N,1,EC50:1,2500.0,2500.0,2500.0,5.6,5.6,5.6,,0,,0,1,1,"[{""assay"": ""CHEMBL2353001"", ""type"": ""EC50"", ""relation"": ""="", ""value_nm"": 2500.0, ""pactivity"": 5.6, ""doc"": ""CHEMBL2346600"", ""rule"": ""EC50 为标准化浓度型效力指标""}]",1,,,0,86.0,%max@CHEMBL2353000,1,1,1,"[{""assay"": ""CHEMBL2353000"", ""type"": ""%max"", ""scale"": ""percent"", ""value"": 86, ""units"": ""%"", ""doc"": ""CHEMBL2346600"", ""rule"": ""%max 为激活幅度指标，按该 assay 内值域（max=127.0）判为 percent 尺度""}]",0,,0,,2,2,1,"[""CHEMBL2346600""]",2013,LITERATURE,0,不适用（可定量效力值不足 2 个 assay）,中,仅 1 篇文献支撑
CHEMBL2346891,,Small molecule,,CNC(=O)c1ccc2c(=O)n([C@@H](CC3CCCCC3)C(=O)Nc3ncc(Cl)s3)cnc2c1,HIFGYYPUHYLFJC-KRWDZBQOSA-N,1,EC50:1,79.0,79.0,79.0,7.1,7.1,7.1,,0,,0,1,1,"[{""assay"": ""CHEMBL2353001"", ""type"": ""EC50"", ""relation"": ""="", ""value_nm"": 79.0, ""pactivity"": 7.1, ""doc"": ""CHEMBL2346600"", ""rule"": ""EC50 为标准化浓度型效力指标""}]",1,,,0,58.0,%max@CHEMBL2353000,1,1,1,"[{""assay"": ""CHEMBL2353000"", ""type"": ""%max"", ""scale"": ""percent"", ""value"": 58, ""units"": ""%"", ""doc"": ""CHEMBL2346600"", ""rule"": ""%max 为激活幅度指标，按该 assay 内值域（max=127.0）判为 percent 尺度""}]",0,,0,,2,2,1,"[""CHEMBL2346600""]",2013,LITERATURE,0,不适用（可定量效力值不足 2 个 assay）,中,仅 1 篇文献支撑
CHEMBL2346892,,Small molecule,,O=C(Nc1ncc(F)s1)[C@H](CC1CCCCC1)n1cnc2cc(S(=O)(=O)C3CCCC3)ccc2c1=O,RKMPMLRDRQAFMM-NRFANRHFSA-N,1,EC50:1,310.0,310.0,310.0,6.51,6.51,6.51,,0,,0,1,1,"[{""assay"": ""CHEMBL2353001"", ""type"": ""EC50"", ""relation"": ""="", ""value_nm"": 310.0, ""pactivity"": 6.51, ""doc"": ""CHEMBL2346600"", ""rule"": ""EC50 为标准化浓度型效力指标""}]",1,,,0,72.0,%max@CHEMBL2353000,1,1,1,"[{""assay"": ""CHEMBL2353000"", ""type"": ""%max"", ""scale"": ""percent"", ""value"": 72, ""units"": ""%"", ""doc"": ""CHEMBL2346600"", ""rule"": ""%max 为激活幅度指标，按该 assay 内值域（max=127.0）判为 percent 尺度""}]",0,,0,,2,2,1,"[""CHEMBL2346600""]",2013,LITERATURE,0,不适用（可定量效力值不足 2 个 assay）,中,仅 1 篇文献支撑
CHEMBL2346893,,Small molecule,,O=C(Nc1nccs1)C(CC1CCCCC1)n1cnc2ccc(Cl)cc2c1=O,HVKYOUMNZBBQOQ-UHFFFAOYSA-N,1,EC50:1,2000.0,2000.0,2000.0,5.7,5.7,5.7,,0,,0,1,1,"[{""assay"": ""CHEMBL2353001"", ""type"": ""EC50"", ""relation"": ""="", ""value_nm"": 2000.0, ""pactivity"": 5.7, ""doc"": ""CHEMBL2346600"", ""rule"": ""EC50 为标准化浓度型效力指标""}]",1,,,0,56.0,%max@CHEMBL2353000,1,1,1,"[{""assay"": ""CHEMBL2353000"", ""type"": ""%max"", ""scale"": ""percent"", ""value"": 56, ""units"": ""%"", ""doc"": ""CHEMBL2346600"", ""rule"": ""%max 为激活幅度指标，按该 assay 内值域（max=127.0）判为 percent 尺度""}]",0,,0,,2,2,1,"[""CHEMBL2346600""]",2013,LITERATURE,0,不适用（可定量效力值不足 2 个 assay）,中,仅 1 篇文献支撑
CHEMBL2346894,,Small molecule,,O=C(NC1CC1)c1ccc2c(=O)n(C(CC3CCCCO3)C(=O)Nc3ncc(Cl)s3)cnc2c1,BYIMPUSKSWVQMM-UHFFFAOYSA-N,1,EC50:1,1200.0,1200.0,1200.0,5.92,5.92,5.92,,0,,0,1,1,"[{""assay"": ""CHEMBL2353001"", ""type"": ""EC50"", ""relation"": ""="", ""value_nm"": 1200.0, ""pactivity"": 5.92, ""doc"": ""CHEMBL2346600"", ""rule"": ""EC50 为标准化浓度型效力指标""}]",1,,,0,36.0,%max@CHEMBL2353000,1,1,1,"[{""assay"": ""CHEMBL2353000"", ""type"": ""%max"", ""scale"": ""percent"", ""value"": 36, ""units"": ""%"", ""doc"": ""CHEMBL2346600"", ""rule"": ""%max 为激活幅度指标，按该 assay 内值域（max=127.0）判为 percent 尺度""}]",0,,0,,2,2,1,"[""CHEMBL2346600""]",2013,LITERATURE,0,不适用（可定量效力值不足 2 个 assay）,中,仅 1 篇文献支撑
CHEMBL2346895,,Small molecule,,CS(=O)(=O)c1ccc2c(=O)n(C(CC3CCCCC3)C(=O)Nc3ncc(Cl)s3)c(=O)[nH]c2c1,KCUYNWOBILFRDZ-UHFFFAOYSA-N,1,EC50:1,630.0,630.0,630.0,6.2,6.2,6.2,,0,,0,1,1,"[{""assay"": ""CHEMBL2353001"", ""type"": ""EC50"", ""relation"": ""="", ""value_nm"": 630.0, ""pactivity"": 6.2, ""doc"": ""CHEMBL2346600"", ""rule"": ""EC50 为标准化浓度型效力指标""}]",1,,,0,37.0,%max@CHEMBL2353000,1,1,1,"[{""assay"": ""CHEMBL2353000"", ""type"": ""%max"", ""scale"": ""percent"", ""value"": 37, ""units"": ""%"", ""doc"": ""CHEMBL2346600"", ""rule"": ""%max 为激活幅度指标，按该 assay 内值域（max=127.0）判为 percent 尺度""}]",0,,0,,2,2,1,"[""CHEMBL2346600""]",2013,LITERATURE,0,不适用（可定量效力值不足 2 个 assay）,中,仅 1 篇文献支撑
CHEMBL2346896,,Small molecule,,O=C(Nc1nccs1)[C@H](CC1CCCCC1)n1cnc2ccccc2c1=O,BFQVTQQSJVMVLN-KRWDZBQOSA-N,1,EC50:1,10000.0,10000.0,10000.0,5.0,5.0,5.0,,0,,0,1,1,"[{""assay"": ""CHEMBL2353001"", ""type"": ""EC50"", ""relation"": ""="", ""value_nm"": 10000.0, ""pactivity"": 5.0, ""doc"": ""CHEMBL2346600"", ""rule"": ""EC50 为标准化浓度型效力指标""}]",1,,,0,72.0,%max@CHEMBL2353000,1,1,1,"[{""assay"": ""CHEMBL2353000"", ""type"": ""%max"", ""scale"": ""percent"", ""value"": 72, ""units"": ""%"", ""doc"": ""CHEMBL2346600"", ""rule"": ""%max 为激活幅度指标，按该 assay 内值域（max=127.0）判为 percent 尺度""}]",0,,0,,2,2,1,"[""CHEMBL2346600""]",2013,LITERATURE,0,不适用（可定量效力值不足 2 个 assay）,中,仅 1 篇文献支撑
CHEMBL2346897,,Small molecule,,CS(=O)(=O)c1ccc2c(=O)n([C@@H](CC3CCCCC3)C(=O)Nc3nccs3)cnc2c1,MOLZLBZIBIWKJC-SFHVURJKSA-N,1,EC50:1,500.0,500.0,500.0,6.3,6.3,6.3,,0,,0,1,1,"[{""assay"": ""CHEMBL2353001"", ""type"": ""EC50"", ""relation"": ""="", ""value_nm"": 500.0, ""pactivity"": 6.3, ""doc"": ""CHEMBL2346600"", ""rule"": ""EC50 为标准化浓度型效力指标""}]",1,,,0,87.0,%max@CHEMBL2353000,1,1,1,"[{""assay"": ""CHEMBL2353000"", ""type"": ""%max"", ""scale"": ""percent"", ""value"": 87, ""units"": ""%"", ""doc"": ""CHEMBL2346600"", ""rule"": ""%max 为激活幅度指标，按该 assay 内值域（max=127.0）判为 percent 尺度""}]",0,,0,,2,2,1,"[""CHEMBL2346600""]",2013,LITERATURE,0,不适用（可定量效力值不足 2 个 assay）,中,仅 1 篇文献支撑
CHEMBL2346898,,Small molecule,,O=C(NC1CC1)c1ccc2c(=O)n(C(CC3CCCCC3)C(=O)Nc3ncc(Cl)s3)cnc2c1,RRGQZTBCWCTGHA-UHFFFAOYSA-N,1,EC50:1,120.0,120.0,120.0,6.92,6.92,6.92,,0,,0,1,1,"[{""assay"": ""CHEMBL2353001"", ""type"": ""EC50"", ""relation"": ""="", ""value_nm"": 120.0, ""pactivity"": 6.92, ""doc"": ""CHEMBL2346600"", ""rule"": ""EC50 为标准化浓度型效力指标""}]",1,,,0,54.0,%max@CHEMBL2353000,1,1,1,"[{""assay"": ""CHEMBL2353000"", ""type"": ""%max"", ""scale"": ""percent"", ""value"": 54, ""units"": ""%"", ""doc"": ""CHEMBL2346600"", ""rule"": ""%max 为激活幅度指标，按该 assay 内值域（max=127.0）判为 percent 尺度""}]",0,,0,,2,2,1,"[""CHEMBL2346600""]",2013,LITERATURE,0,不适用（可定量效力值不足 2 个 assay）,中,仅 1 篇文献支撑
CHEMBL2346899,,Small molecule,,O=C(Nc1nccs1)[C@H](CC1CCCCC1)n1c(=O)[nH]c2ccc(F)cc2c1=O,FWNYYSSFAUKKJU-INIZCTEOSA-N,1,EC50:1,3100.0,3100.0,3100.0,5.51,5.51,5.51,,0,,0,1,1,"[{""assay"": ""CHEMBL2353001"", ""type"": ""EC50"", ""relation"": ""="", ""value_nm"": 3100.0, ""pactivity"": 5.51, ""doc"": ""CHEMBL2346600"", ""rule"": ""EC50 为标准化浓度型效力指标""}]",1,,,0,127.0,%max@CHEMBL2353000,1,1,1,"[{""assay"": ""CHEMBL2353000"", ""type"": ""%max"", ""scale"": ""percent"", ""value"": 127, ""units"": ""%"", ""doc"": ""CHEMBL2346600"", ""rule"": ""%max 为激活幅度指标，按该 assay 内值域（max=127.0）判为 percent 尺度""}]",0,,0,,2,2,1,"[""CHEMBL2346600""]",2013,LITERATURE,0,不适用（可定量效力值不足 2 个 assay）,中,仅 1 篇文献支撑
CHEMBL2346900,,Small molecule,,CS(=O)(=O)c1ccc2c(=O)n([C@@H](CC3CCCCC3)C(=O)Nc3nccs3)c(=O)[nH]c2c1,QVHADGBSQNHMJB-KRWDZBQOSA-N,1,EC50:1,1000.0,1000.0,1000.0,6.0,6.0,6.0,,0,,0,1,1,"[{""assay"": ""CHEMBL2353001"", ""type"": ""EC50"", ""relation"": ""="", ""value_nm"": 1000.0, ""pactivity"": 6.0, ""doc"": ""CHEMBL2346600"", ""rule"": ""EC50 为标准化浓度型效力指标""}]",1,,,0,22.0,%max@CHEMBL2353000,1,1,1,"[{""assay"": ""CHEMBL2353000"", ""type"": ""%max"", ""scale"": ""percent"", ""value"": 22, ""units"": ""%"", ""doc"": ""CHEMBL2346600"", ""rule"": ""%max 为激活幅度指标，按该 assay 内值域（max=127.0）判为 percent 尺度""}]",0,,0,,2,2,1,"[""CHEMBL2346600""]",2013,LITERATURE,0,不适用（可定量效力值不足 2 个 assay）,中,仅 1 篇文献支撑
CHEMBL2346901,,Small molecule,,O=C(Nc1nccs1)[C@H](CC1CCCCC1)n1c(=O)[nH]c2cc(Cl)ccc2c1=O,ADEPLTPJNYYYLP-INIZCTEOSA-N,1,EC50:1,2000.0,2000.0,2000.0,5.7,5.7,5.7,,0,,0,1,1,"[{""assay"": ""CHEMBL2353001"", ""type"": ""EC50"", ""relation"": ""="", ""value_nm"": 2000.0, ""pactivity"": 5.7, ""doc"": ""CHEMBL2346600"", ""rule"": ""EC50 为标准化浓度型效力指标""}]",1,,,0,59.0,%max@CHEMBL2353000,1,1,1,"[{""assay"": ""CHEMBL2353000"", ""type"": ""%max"", ""scale"": ""percent"", ""value"": 59, ""units"": ""%"", ""doc"": ""CHEMBL2346600"", ""rule"": ""%max 为激活幅度指标，按该 assay 内值域（max=127.0）判为 percent 尺度""}]",0,,0,,2,2,1,"[""CHEMBL2346600""]",2013,LITERATURE,0,不适用（可定量效力值不足 2 个 assay）,中,仅 1 篇文献支撑
CHEMBL2346902,,Small molecule,,COc1ccc2[nH]c(=O)n([C@@H](CC3CCCCC3)C(=O)Nc3nccs3)c(=O)c2c1,DLYIWDJFWWUGFD-KRWDZBQOSA-N,1,EC50:1,10000.0,10000.0,10000.0,5.0,5.0,5.0,,0,,0,1,1,"[{""assay"": ""CHEMBL2353001"", ""type"": ""EC50"", ""relation"": ""="", ""value_nm"": 10000.0, ""pactivity"": 5.0, ""doc"": ""CHEMBL2346600"", ""rule"": ""EC50 为标准化浓度型效力指标""}]",1,,,0,65.0,%max@CHEMBL2353000,1,1,1,"[{""assay"": ""CHEMBL2353000"", ""type"": ""%max"", ""scale"": ""percent"", ""value"": 65, ""units"": ""%"", ""doc"": ""CHEMBL2346600"", ""rule"": ""%max 为激活幅度指标，按该 assay 内值域（max=127.0）判为 percent 尺度""}]",0,,0,,2,2,1,"[""CHEMBL2346600""]",2013,LITERATURE,0,不适用（可定量效力值不足 2 个 assay）,中,仅 1 篇文献支撑
CHEMBL2346903,,Small molecule,,CC(C)C[C@@H](C(=O)Nc1nccs1)n1c(=O)[nH]c2ccccc2c1=O,BQMHATOCVWTFBK-ZDUSSCGKSA-N,1,EC50:1,50000.0,50000.0,50000.0,4.3,4.3,4.3,,0,,0,1,1,"[{""assay"": ""CHEMBL2353001"", ""type"": ""EC50"", ""relation"": ""="", ""value_nm"": 50000.0, ""pactivity"": 4.3, ""doc"": ""CHEMBL2346600"", ""rule"": ""EC50 为标准化浓度型效力指标""}]",1,,,0,28.0,%max@CHEMBL2353000,1,1,1,"[{""assay"": ""CHEMBL2353000"", ""type"": ""%max"", ""scale"": ""percent"", ""value"": 28, ""units"": ""%"", ""doc"": ""CHEMBL2346600"", ""rule"": ""%max 为激活幅度指标，按该 assay 内值域（max=127.0）判为 percent 尺度""}]",0,,0,,2,2,1,"[""CHEMBL2346600""]",2013,LITERATURE,0,不适用（可定量效力值不足 2 个 assay）,中,仅 1 篇文献支撑
CHEMBL2346904,,Small molecule,,CC(C)CC(C(=O)Nc1nccs1)n1c(=O)[nH]c2ccccc2c1=O,BQMHATOCVWTFBK-UHFFFAOYSA-N,1,EC50:1,7900.0,7900.0,7900.0,5.1,5.1,5.1,,0,,0,1,1,"[{""assay"": ""CHEMBL2353001"", ""type"": ""EC50"", ""relation"": ""="", ""value_nm"": 7900.0, ""pactivity"": 5.1, ""doc"": ""CHEMBL2346600"", ""rule"": ""EC50 为标准化浓度型效力指标""}]",1,,,0,67.0,%max@CHEMBL2353000,1,1,1,"[{""assay"": ""CHEMBL2353000"", ""type"": ""%max"", ""scale"": ""percent"", ""value"": 67, ""units"": ""%"", ""doc"": ""CHEMBL2346600"", ""rule"": ""%max 为激活幅度指标，按该 assay 内值域（max=127.0）判为 percent 尺度""}]",0,,0,,2,2,1,"[""CHEMBL2346600""]",2013,LITERATURE,0,不适用（可定量效力值不足 2 个 assay）,中,仅 1 篇文献支撑
CHEMBL2346905,,Small molecule,,O=C(Nc1nccs1)[C@H](CC1CCCCC1)n1c(=O)[nH]c2ccccc2c1=O,ZTNLFYSEFQEHRT-INIZCTEOSA-N,1,EC50:1,4000.0,4000.0,4000.0,5.4,5.4,5.4,,0,,0,1,1,"[{""assay"": ""CHEMBL2353001"", ""type"": ""EC50"", ""relation"": ""="", ""value_nm"": 4000.0, ""pactivity"": 5.4, ""doc"": ""CHEMBL2346600"", ""rule"": ""EC50 为标准化浓度型效力指标""}]",1,,,0,46.0,%max@CHEMBL2353000,1,1,1,"[{""assay"": ""CHEMBL2353000"", ""type"": ""%max"", ""scale"": ""percent"", ""value"": 46, ""units"": ""%"", ""doc"": ""CHEMBL2346600"", ""rule"": ""%max 为激活幅度指标，按该 assay 内值域（max=127.0）判为 percent 尺度""}]",0,,0,,2,2,1,"[""CHEMBL2346600""]",2013,LITERATURE,0,不适用（可定量效力值不足 2 个 assay）,中,仅 1 篇文献支撑
CHEMBL2346906,,Small molecule,,O=C(Nc1nccs1)[C@H](Cc1ccccc1)n1c(=O)[nH]c2ccccc2c1=O,UWUBCDGFCYUYPR-INIZCTEOSA-N,1,EC50:1,,,,,,,,1,100000.0,0,1,1,"[{""assay"": ""CHEMBL2353001"", ""type"": ""EC50"", ""relation"": "">"", ""value_nm"": 100000.0, ""pactivity"": null, ""doc"": ""CHEMBL2346600"", ""rule"": ""EC50 为标准化浓度型效力指标""}]",1,,,0,0.0,%max@CHEMBL2353000,1,1,1,"[{""assay"": ""CHEMBL2353000"", ""type"": ""%max"", ""scale"": ""percent"", ""value"": 0, ""units"": ""%"", ""doc"": ""CHEMBL2346600"", ""rule"": ""%max 为激活幅度指标，按该 assay 内值域（max=127.0）判为 percent 尺度""}]",0,,0,,2,2,1,"[""CHEMBL2346600""]",2013,LITERATURE,0,不适用（可定量效力值不足 2 个 assay）,中,仅 1 篇文献支撑；1 条效力为删失值（>，最高浓度未达 EC50），未计入汇总
CHEMBL2346907,,Small molecule,,CC(C)CC(C(=O)Nc1nccs1)N1Cc2ccccc2C1,NMYXQPWOBPBIAH-UHFFFAOYSA-N,1,EC50:1,,,,,,,,1,100000.0,0,1,1,"[{""assay"": ""CHEMBL2353001"", ""type"": ""EC50"", ""relation"": "">"", ""value_nm"": 100000.0, ""pactivity"": null, ""doc"": ""CHEMBL2346600"", ""rule"": ""EC50 为标准化浓度型效力指标""}]",0,,,0,,,0,0,0,,0,,0,,1,1,1,"[""CHEMBL2346600""]",2013,LITERATURE,0,不适用（可定量效力值不足 2 个 assay）,弱,仅 1 篇文献支撑；1 条效力为删失值（>，最高浓度未达 EC50），未计入汇总；无可定量的效力或效能值
CHEMBL2346908,,Small molecule,,CC(C)CC(C(=O)Nc1nccs1)N1CCN(S(C)(=O)=O)CC1,QFSBOZLIKHHNKJ-UHFFFAOYSA-N,1,EC50:1,,,,,,,,1,100000.0,0,1,1,"[{""assay"": ""CHEMBL2353001"", ""type"": ""EC50"", ""relation"": "">"", ""value_nm"": 100000.0, ""pactivity"": null, ""doc"": ""CHEMBL2346600"", ""rule"": ""EC50 为标准化浓度型效力指标""}]",0,,,0,,,0,0,0,,0,,0,,1,1,1,"[""CHEMBL2346600""]",2013,LITERATURE,0,不适用（可定量效力值不足 2 个 assay）,弱,仅 1 篇文献支撑；1 条效力为删失值（>，最高浓度未达 EC50），未计入汇总；无可定量的效力或效能值
CHEMBL2346909,,Small molecule,,CC(C)CC(C(=O)Nc1nccs1)N1C(=O)c2ccccc2C1=O,IZXCDEWWKJGNOS-UHFFFAOYSA-N,1,EC50:1,10000.0,10000.0,10000.0,5.0,5.0,5.0,,0,,0,1,1,"[{""assay"": ""CHEMBL2353001"", ""type"": ""EC50"", ""relation"": ""="", ""value_nm"": 10000.0, ""pactivity"": 5.0, ""doc"": ""CHEMBL2346600"", ""rule"": ""EC50 为标准化浓度型效力指标""}]",0,,,0,,,0,0,0,,0,,0,,1,1,1,"[""CHEMBL2346600""]",2013,LITERATURE,0,不适用（可定量效力值不足 2 个 assay）,弱,仅 1 篇文献支撑
CHEMBL239049,,Small molecule,,COc1cccc(NC(=O)c2cc(Sc3nccn3C)c(F)cc2N)c1,ZGJRZDNEIXHOTP-UHFFFAOYSA-N,0,,,,,,,,,0,,0,0,0,,1,1.15,FC@CHEMBL1042963,1,,,0,1,1,"[{""assay"": ""CHEMBL1042963"", ""type"": ""FC"", ""scale"": ""fold"", ""value"": 1.15, ""units"": null, ""doc"": ""CHEMBL1152613"", ""rule"": ""FC（fold change）为激活倍数""}]",0,,0,,1,1,1,"[""CHEMBL1152613""]",2009,LITERATURE,0,不适用（可定量效力值不足 2 个 assay）,弱,仅 1 篇文献支撑
CHEMBL239481,,Small molecule,,Cn1ccnc1Sc1cc(C(=O)Nc2cccc(F)c2)c(N)cc1F,QOJQPZDLWHNZMU-UHFFFAOYSA-N,1,EC50:1,2130.0,2130.0,2130.0,5.67,5.67,5.67,,0,,0,1,1,"[{""assay"": ""CHEMBL1042962"", ""type"": ""EC50"", ""relation"": ""="", ""value_nm"": 2130.0, ""pactivity"": 5.67, ""doc"": ""CHEMBL1152613"", ""rule"": ""EC50 为标准化浓度型效力指标""}]",1,2.04,FC@CHEMBL1042963,1,,,0,1,1,"[{""assay"": ""CHEMBL1042963"", ""type"": ""FC"", ""scale"": ""fold"", ""value"": 2.04, ""units"": null, ""doc"": ""CHEMBL1152613"", ""rule"": ""FC（fold change）为激活倍数""}]",0,,0,,2,2,1,"[""CHEMBL1152613""]",2009,LITERATURE,0,不适用（可定量效力值不足 2 个 assay）,中,仅 1 篇文献支撑
CHEMBL239692,,Small molecule,,Cn1ccnc1Sc1cc(C(=O)Nc2cccc(C(F)(F)F)c2)c(N)cc1F,CZZSDGPOOCLEEH-UHFFFAOYSA-N,1,EC50:1,1870.0,1870.0,1870.0,5.73,5.73,5.73,,0,,0,1,1,"[{""assay"": ""CHEMBL1042962"", ""type"": ""EC50"", ""relation"": ""="", ""value_nm"": 1870.0, ""pactivity"": 5.73, ""doc"": ""CHEMBL1152613"", ""rule"": ""EC50 为标准化浓度型效力指标""}]",1,1.47,FC@CHEMBL1042963,1,,,0,1,1,"[{""assay"": ""CHEMBL1042963"", ""type"": ""FC"", ""scale"": ""fold"", ""value"": 1.47, ""units"": null, ""doc"": ""CHEMBL1152613"", ""rule"": ""FC（fold change）为激活倍数""}]",0,,0,,2,2,1,"[""CHEMBL1152613""]",2009,LITERATURE,0,不适用（可定量效力值不足 2 个 assay）,中,仅 1 篇文献支撑
CHEMBL2408108,,Small molecule,,Cn1ccnc1Sc1cccc(-c2cccc(=O)[nH]2)c1,YYWBGPHQPMDZEM-UHFFFAOYSA-N,1,EC50:1,2000.0,2000.0,2000.0,5.7,5.7,5.7,,0,,0,1,1,"[{""assay"": ""CHEMBL2410527"", ""type"": ""EC50"", ""relation"": ""="", ""value_nm"": 2000.0, ""pactivity"": 5.7, ""doc"": ""CHEMBL2407069"", ""rule"": ""EC50 为标准化浓度型效力指标""}]",0,,,0,,,0,0,0,,0,,2,"[{""assay"": ""CHEMBL2410525"", ""type"": ""Ratio"", ""value"": 0.5, ""units"": null, ""reason"": ""Ratio 为自由文本指标（无官方标准化规则），assay 描述未命中提升门槛，不跨实验汇总""}, {""assay"": ""CHEMBL2410526"", ""type"": ""Ratio"", ""value"": 0.2, ""units"": null, ""reason"": ""Ratio 为自由文本指标（无官方标准化规则），assay 描述未命中提升门槛，不跨实验汇总""}]",3,3,1,"[""CHEMBL2407069""]",2013,LITERATURE,0,不适用（可定量效力值不足 2 个 assay）,中,仅 1 篇文献支撑；2 条指标未归类（见 unclassified_records）
CHEMBL2408109,,Small molecule,,CC(C)Oc1cc(Oc2ccc(S(C)(=O)=O)cc2)cc(-c2nccc(=O)[nH]2)c1,LEIBEWCOPLRTJN-UHFFFAOYSA-N,1,EC50:1,830.0,830.0,830.0,6.08,6.08,6.08,,0,,0,1,1,"[{""assay"": ""CHEMBL2410527"", ""type"": ""EC50"", ""relation"": ""="", ""value_nm"": 830.0, ""pactivity"": 6.08, ""doc"": ""CHEMBL2407069"", ""rule"": ""EC50 为标准化浓度型效力指标""}]",0,,,0,,,0,0,0,,0,,2,"[{""assay"": ""CHEMBL2410525"", ""type"": ""Ratio"", ""value"": 1.12, ""units"": null, ""reason"": ""Ratio 为自由文本指标（无官方标准化规则），assay 描述未命中提升门槛，不跨实验汇总""}, {""assay"": ""CHEMBL2410526"", ""type"": ""Ratio"", ""value"": 0.1, ""units"": null, ""reason"": ""Ratio 为自由文本指标（无官方标准化规则），assay 描述未命中提升门槛，不跨实验汇总""}]",3,3,1,"[""CHEMBL2407069""]",2013,LITERATURE,0,不适用（可定量效力值不足 2 个 assay）,中,仅 1 篇文献支撑；2 条指标未归类（见 unclassified_records）
CHEMBL2408110,,Small molecule,,Cc1cnc(-c2cc(Oc3ccc(S(C)(=O)=O)cc3)cc(OC(C)C)c2)[nH]c1=O,XZVWLQOEWVMFTF-UHFFFAOYSA-N,1,EC50:1,200.0,200.0,200.0,6.7,6.7,6.7,,0,,0,1,1,"[{""assay"": ""CHEMBL2410527"", ""type"": ""EC50"", ""relation"": ""="", ""value_nm"": 200.0, ""pactivity"": 6.7, ""doc"": ""CHEMBL2407069"", ""rule"": ""EC50 为标准化浓度型效力指标""}]",0,,,0,,,0,0,0,,0,,2,"[{""assay"": ""CHEMBL2410525"", ""type"": ""Ratio"", ""value"": 0.83, ""units"": null, ""reason"": ""Ratio 为自由文本指标（无官方标准化规则），assay 描述未命中提升门槛，不跨实验汇总""}, {""assay"": ""CHEMBL2410526"", ""type"": ""Ratio"", ""value"": 0.14, ""units"": null, ""reason"": ""Ratio 为自由文本指标（无官方标准化规则），assay 描述未命中提升门槛，不跨实验汇总""}]",3,3,1,"[""CHEMBL2407069""]",2013,LITERATURE,0,不适用（可定量效力值不足 2 个 assay）,中,仅 1 篇文献支撑；2 条指标未归类（见 unclassified_records）
CHEMBL2408111,,Small molecule,,Cc1cc(=O)[nH]c(-c2cc(Oc3ccc(S(C)(=O)=O)cc3)cc(OC(C)C)c2)n1,DGCCKTUDIPJMOT-UHFFFAOYSA-N,1,EC50:1,10300.0,10300.0,10300.0,4.99,4.99,4.99,,0,,0,1,1,"[{""assay"": ""CHEMBL2410527"", ""type"": ""EC50"", ""relation"": ""="", ""value_nm"": 10300.0, ""pactivity"": 4.99, ""doc"": ""CHEMBL2407069"", ""rule"": ""EC50 为标准化浓度型效力指标""}]",0,,,0,,,0,0,0,,0,,2,"[{""assay"": ""CHEMBL2410525"", ""type"": ""Ratio"", ""value"": 0.4, ""units"": null, ""reason"": ""Ratio 为自由文本指标（无官方标准化规则），assay 描述未命中提升门槛，不跨实验汇总""}, {""assay"": ""CHEMBL2410526"", ""type"": ""Ratio"", ""value"": 0.49, ""units"": null, ""reason"": ""Ratio 为自由文本指标（无官方标准化规则），assay 描述未命中提升门槛，不跨实验汇总""}]",3,3,1,"[""CHEMBL2407069""]",2013,LITERATURE,0,不适用（可定量效力值不足 2 个 assay）,中,仅 1 篇文献支撑；2 条指标未归类（见 unclassified_records）
CHEMBL2408112,,Small molecule,,CCc1cnc(-c2cc(Oc3ccc(S(C)(=O)=O)cc3)cc(OC(C)C)c2)[nH]c1=O,NAUIDAPUPIGNQX-UHFFFAOYSA-N,1,EC50:1,70.0,70.0,70.0,7.16,7.16,7.16,,0,,0,1,1,"[{""assay"": ""CHEMBL2410527"", ""type"": ""EC50"", ""relation"": ""="", ""value_nm"": 70.0, ""pactivity"": 7.16, ""doc"": ""CHEMBL2407069"", ""rule"": ""EC50 为标准化浓度型效力指标""}]",0,,,0,,,0,0,0,,0,,2,"[{""assay"": ""CHEMBL2410525"", ""type"": ""Ratio"", ""value"": 0.66, ""units"": null, ""reason"": ""Ratio 为自由文本指标（无官方标准化规则），assay 描述未命中提升门槛，不跨实验汇总""}, {""assay"": ""CHEMBL2410526"", ""type"": ""Ratio"", ""value"": 0.16, ""units"": null, ""reason"": ""Ratio 为自由文本指标（无官方标准化规则），assay 描述未命中提升门槛，不跨实验汇总""}]",3,3,1,"[""CHEMBL2407069""]",2013,LITERATURE,0,不适用（可定量效力值不足 2 个 assay）,中,仅 1 篇文献支撑；2 条指标未归类（见 unclassified_records）
CHEMBL2408113,,Small molecule,,CC(C)Oc1cc(Oc2ccc(S(C)(=O)=O)cc2)cc(-c2ncc(C(C)C)c(=O)[nH]2)c1,IIRZQDPTTCHBRH-UHFFFAOYSA-N,1,EC50:1,590.0,590.0,590.0,6.23,6.23,6.23,,0,,0,1,1,"[{""assay"": ""CHEMBL2410527"", ""type"": ""EC50"", ""relation"": ""="", ""value_nm"": 590.0, ""pactivity"": 6.23, ""doc"": ""CHEMBL2407069"", ""rule"": ""EC50 为标准化浓度型效力指标""}]",0,,,0,,,0,0,0,,0,,2,"[{""assay"": ""CHEMBL2410525"", ""type"": ""Ratio"", ""value"": 0.43, ""units"": null, ""reason"": ""Ratio 为自由文本指标（无官方标准化规则），assay 描述未命中提升门槛，不跨实验汇总""}, {""assay"": ""CHEMBL2410526"", ""type"": ""Ratio"", ""value"": 0.2, ""units"": null, ""reason"": ""Ratio 为自由文本指标（无官方标准化规则），assay 描述未命中提升门槛，不跨实验汇总""}]",3,3,1,"[""CHEMBL2407069""]",2013,LITERATURE,0,不适用（可定量效力值不足 2 个 assay）,中,仅 1 篇文献支撑；2 条指标未归类（见 unclassified_records）
CHEMBL2408114,,Small molecule,,COc1cnc(-c2cc(Oc3ccc(S(C)(=O)=O)cc3)cc(OC(C)C)c2)[nH]c1=O,RJQDHSHCSRWNGF-UHFFFAOYSA-N,1,EC50:1,940.0,940.0,940.0,6.03,6.03,6.03,,0,,0,1,1,"[{""assay"": ""CHEMBL2410527"", ""type"": ""EC50"", ""relation"": ""="", ""value_nm"": 940.0, ""pactivity"": 6.03, ""doc"": ""CHEMBL2407069"", ""rule"": ""EC50 为标准化浓度型效力指标""}]",0,,,0,,,0,0,0,,0,,2,"[{""assay"": ""CHEMBL2410525"", ""type"": ""Ratio"", ""value"": 0.73, ""units"": null, ""reason"": ""Ratio 为自由文本指标（无官方标准化规则），assay 描述未命中提升门槛，不跨实验汇总""}, {""assay"": ""CHEMBL2410526"", ""type"": ""Ratio"", ""value"": 0.26, ""units"": null, ""reason"": ""Ratio 为自由文本指标（无官方标准化规则），assay 描述未命中提升门槛，不跨实验汇总""}]",3,3,1,"[""CHEMBL2407069""]",2013,LITERATURE,0,不适用（可定量效力值不足 2 个 assay）,中,仅 1 篇文献支撑；2 条指标未归类（见 unclassified_records）
CHEMBL2408115,,Small molecule,,CC(C)Oc1cc(Oc2ccc(S(C)(=O)=O)cc2)cc(-c2ncc(Cl)c(=O)[nH]2)c1,ZWCYAHOOGVDPET-UHFFFAOYSA-N,1,EC50:1,7500.0,7500.0,7500.0,5.12,5.12,5.12,,0,,0,1,1,"[{""assay"": ""CHEMBL2410527"", ""type"": ""EC50"", ""relation"": ""="", ""value_nm"": 7500.0, ""pactivity"": 5.12, ""doc"": ""CHEMBL2407069"", ""rule"": ""EC50 为标准化浓度型效力指标""}]",0,,,0,,,0,0,0,,0,,2,"[{""assay"": ""CHEMBL2410525"", ""type"": ""Ratio"", ""value"": 1, ""units"": null, ""reason"": ""Ratio 为自由文本指标（无官方标准化规则），assay 描述未命中提升门槛，不跨实验汇总""}, {""assay"": ""CHEMBL2410526"", ""type"": ""Ratio"", ""value"": 0.14, ""units"": null, ""reason"": ""Ratio 为自由文本指标（无官方标准化规则），assay 描述未命中提升门槛，不跨实验汇总""}]",3,3,1,"[""CHEMBL2407069""]",2013,LITERATURE,0,不适用（可定量效力值不足 2 个 assay）,中,仅 1 篇文献支撑；2 条指标未归类（见 unclassified_records）
CHEMBL2408116,,Small molecule,,CC(C)Oc1cc(Oc2ccc(S(C)(=O)=O)cc2)cc(-c2ncc(C#N)c(=O)[nH]2)c1,LJHSJTDHRCMURF-UHFFFAOYSA-N,1,EC50:1,9200.0,9200.0,9200.0,5.04,5.04,5.04,,0,,0,1,1,"[{""assay"": ""CHEMBL2410527"", ""type"": ""EC50"", ""relation"": ""="", ""value_nm"": 9200.0, ""pactivity"": 5.04, ""doc"": ""CHEMBL2407069"", ""rule"": ""EC50 为标准化浓度型效力指标""}]",0,,,0,,,0,0,0,,0,,2,"[{""assay"": ""CHEMBL2410525"", ""type"": ""Ratio"", ""value"": 0.78, ""units"": null, ""reason"": ""Ratio 为自由文本指标（无官方标准化规则），assay 描述未命中提升门槛，不跨实验汇总""}, {""assay"": ""CHEMBL2410526"", ""type"": ""Ratio"", ""value"": 0.37, ""units"": null, ""reason"": ""Ratio 为自由文本指标（无官方标准化规则），assay 描述未命中提升门槛，不跨实验汇总""}]",3,3,1,"[""CHEMBL2407069""]",2013,LITERATURE,0,不适用（可定量效力值不足 2 个 assay）,中,仅 1 篇文献支撑；2 条指标未归类（见 unclassified_records）
CHEMBL2408117,,Small molecule,,CNS(=O)(=O)c1ccc(Oc2cc(OC(C)C)cc(-c3nccc(=O)[nH]3)c2)cc1,RTBMBBCTVRBGOW-UHFFFAOYSA-N,1,EC50:1,1400.0,1400.0,1400.0,5.85,5.85,5.85,,0,,0,1,1,"[{""assay"": ""CHEMBL2410527"", ""type"": ""EC50"", ""relation"": ""="", ""value_nm"": 1400.0, ""pactivity"": 5.85, ""doc"": ""CHEMBL2407069"", ""rule"": ""EC50 为标准化浓度型效力指标""}]",0,,,0,,,0,0,0,,0,,2,"[{""assay"": ""CHEMBL2410525"", ""type"": ""Ratio"", ""value"": 1.12, ""units"": null, ""reason"": ""Ratio 为自由文本指标（无官方标准化规则），assay 描述未命中提升门槛，不跨实验汇总""}, {""assay"": ""CHEMBL2410526"", ""type"": ""Ratio"", ""value"": 0.09, ""units"": null, ""reason"": ""Ratio 为自由文本指标（无官方标准化规则），assay 描述未命中提升门槛，不跨实验汇总""}]",3,3,1,"[""CHEMBL2407069""]",2013,LITERATURE,0,不适用（可定量效力值不足 2 个 assay）,中,仅 1 篇文献支撑；2 条指标未归类（见 unclassified_records）
CHEMBL2408118,,Small molecule,,CC(C)Oc1cc(Oc2cnc(C(=O)N(C)C)c(F)c2)cc(-c2nccc(=O)[nH]2)c1,XXRSPMIUQRJYFO-UHFFFAOYSA-N,1,EC50:1,230.0,230.0,230.0,6.64,6.64,6.64,,0,,0,1,1,"[{""assay"": ""CHEMBL2410527"", ""type"": ""EC50"", ""relation"": ""="", ""value_nm"": 230.0, ""pactivity"": 6.64, ""doc"": ""CHEMBL2407069"", ""rule"": ""EC50 为标准化浓度型效力指标""}]",0,,,0,,,0,0,0,,0,,2,"[{""assay"": ""CHEMBL2410525"", ""type"": ""Ratio"", ""value"": 0.79, ""units"": null, ""reason"": ""Ratio 为自由文本指标（无官方标准化规则），assay 描述未命中提升门槛，不跨实验汇总""}, {""assay"": ""CHEMBL2410526"", ""type"": ""Ratio"", ""value"": 0.12, ""units"": null, ""reason"": ""Ratio 为自由文本指标（无官方标准化规则），assay 描述未命中提升门槛，不跨实验汇总""}]",3,3,1,"[""CHEMBL2407069""]",2013,LITERATURE,0,不适用（可定量效力值不足 2 个 assay）,中,仅 1 篇文献支撑；2 条指标未归类（见 unclassified_records）
CHEMBL2408119,,Small molecule,,CC(C)Oc1cc(Oc2cnc(C(=O)N(C)C)nc2)cc(-c2nccc(=O)[nH]2)c1,ZDHXWYBRGMUZBA-UHFFFAOYSA-N,1,EC50:1,850.0,850.0,850.0,6.07,6.07,6.07,,0,,0,1,1,"[{""assay"": ""CHEMBL2410527"", ""type"": ""EC50"", ""relation"": ""="", ""value_nm"": 850.0, ""pactivity"": 6.07, ""doc"": ""CHEMBL2407069"", ""rule"": ""EC50 为标准化浓度型效力指标""}]",0,,,0,,,0,0,0,,0,,2,"[{""assay"": ""CHEMBL2410525"", ""type"": ""Ratio"", ""value"": 0.86, ""units"": null, ""reason"": ""Ratio 为自由文本指标（无官方标准化规则），assay 描述未命中提升门槛，不跨实验汇总""}, {""assay"": ""CHEMBL2410526"", ""type"": ""Ratio"", ""value"": 0.12, ""units"": null, ""reason"": ""Ratio 为自由文本指标（无官方标准化规则），assay 描述未命中提升门槛，不跨实验汇总""}]",3,3,1,"[""CHEMBL2407069""]",2013,LITERATURE,0,不适用（可定量效力值不足 2 个 assay）,中,仅 1 篇文献支撑；2 条指标未归类（见 unclassified_records）
CHEMBL2408120,,Small molecule,,CC(C)Oc1cc(Oc2cnc(C(=O)N(C)C)cn2)cc(-c2nccc(=O)[nH]2)c1,LGQSPYOERTUZSV-UHFFFAOYSA-N,1,EC50:1,500.0,500.0,500.0,6.3,6.3,6.3,,0,,0,1,1,"[{""assay"": ""CHEMBL2410527"", ""type"": ""EC50"", ""relation"": ""="", ""value_nm"": 500.0, ""pactivity"": 6.3, ""doc"": ""CHEMBL2407069"", ""rule"": ""EC50 为标准化浓度型效力指标""}]",0,,,0,,,0,0,0,,0,,2,"[{""assay"": ""CHEMBL2410525"", ""type"": ""Ratio"", ""value"": 0.76, ""units"": null, ""reason"": ""Ratio 为自由文本指标（无官方标准化规则），assay 描述未命中提升门槛，不跨实验汇总""}, {""assay"": ""CHEMBL2410526"", ""type"": ""Ratio"", ""value"": 0.12, ""units"": null, ""reason"": ""Ratio 为自由文本指标（无官方标准化规则），assay 描述未命中提升门槛，不跨实验汇总""}]",3,3,1,"[""CHEMBL2407069""]",2013,LITERATURE,0,不适用（可定量效力值不足 2 个 assay）,中,仅 1 篇文献支撑；2 条指标未归类（见 unclassified_records）
CHEMBL2408121,,Small molecule,,CCC(CC)Oc1cc(Oc2cnc(C(=O)N(C)C)nc2)cc(-c2nccc(=O)[nH]2)c1,RVMHIOILQHBZBP-UHFFFAOYSA-N,1,EC50:1,230.0,230.0,230.0,6.64,6.64,6.64,,0,,0,1,1,"[{""assay"": ""CHEMBL2410527"", ""type"": ""EC50"", ""relation"": ""="", ""value_nm"": 230.0, ""pactivity"": 6.64, ""doc"": ""CHEMBL2407069"", ""rule"": ""EC50 为标准化浓度型效力指标""}]",0,,,0,,,0,0,0,,0,,2,"[{""assay"": ""CHEMBL2410525"", ""type"": ""Ratio"", ""value"": 0.84, ""units"": null, ""reason"": ""Ratio 为自由文本指标（无官方标准化规则），assay 描述未命中提升门槛，不跨实验汇总""}, {""assay"": ""CHEMBL2410526"", ""type"": ""Ratio"", ""value"": 0.13, ""units"": null, ""reason"": ""Ratio 为自由文本指标（无官方标准化规则），assay 描述未命中提升门槛，不跨实验汇总""}]",3,3,1,"[""CHEMBL2407069""]",2013,LITERATURE,0,不适用（可定量效力值不足 2 个 assay）,中,仅 1 篇文献支撑；2 条指标未归类（见 unclassified_records）
CHEMBL2408122,,Small molecule,,CN(C)C(=O)c1ncc(Oc2cc(OC3CCCC3)cc(-c3nccc(=O)[nH]3)c2)cn1,QEQRHQKEROBPEX-UHFFFAOYSA-N,1,EC50:1,440.0,440.0,440.0,6.36,6.36,6.36,,0,,0,1,1,"[{""assay"": ""CHEMBL2410527"", ""type"": ""EC50"", ""relation"": ""="", ""value_nm"": 440.0, ""pactivity"": 6.36, ""doc"": ""CHEMBL2407069"", ""rule"": ""EC50 为标准化浓度型效力指标""}]",0,,,0,,,0,0,0,,0,,2,"[{""assay"": ""CHEMBL2410525"", ""type"": ""Ratio"", ""value"": 0.95, ""units"": null, ""reason"": ""Ratio 为自由文本指标（无官方标准化规则），assay 描述未命中提升门槛，不跨实验汇总""}, {""assay"": ""CHEMBL2410526"", ""type"": ""Ratio"", ""value"": 0.13, ""units"": null, ""reason"": ""Ratio 为自由文本指标（无官方标准化规则），assay 描述未命中提升门槛，不跨实验汇总""}]",3,3,1,"[""CHEMBL2407069""]",2013,LITERATURE,0,不适用（可定量效力值不足 2 个 assay）,中,仅 1 篇文献支撑；2 条指标未归类（见 unclassified_records）
CHEMBL2408123,,Small molecule,,C[C@@H](CO)Oc1cc(Oc2cnc(C(=O)N(C)C)nc2)cc(-c2nccc(=O)[nH]2)c1,SIMPDUGNWMAMPY-LBPRGKRZSA-N,1,EC50:1,1100.0,1100.0,1100.0,5.96,5.96,5.96,,0,,0,1,1,"[{""assay"": ""CHEMBL2410527"", ""type"": ""EC50"", ""relation"": ""="", ""value_nm"": 1100.0, ""pactivity"": 5.96, ""doc"": ""CHEMBL2407069"", ""rule"": ""EC50 为标准化浓度型效力指标""}]",0,,,0,,,0,0,0,,0,,2,"[{""assay"": ""CHEMBL2410525"", ""type"": ""Ratio"", ""value"": 0.78, ""units"": null, ""reason"": ""Ratio 为自由文本指标（无官方标准化规则），assay 描述未命中提升门槛，不跨实验汇总""}, {""assay"": ""CHEMBL2410526"", ""type"": ""Ratio"", ""value"": 0.13, ""units"": null, ""reason"": ""Ratio 为自由文本指标（无官方标准化规则），assay 描述未命中提升门槛，不跨实验汇总""}]",3,3,1,"[""CHEMBL2407069""]",2013,LITERATURE,0,不适用（可定量效力值不足 2 个 assay）,中,仅 1 篇文献支撑；2 条指标未归类（见 unclassified_records）
CHEMBL2408124,,Small molecule,,COC[C@H](C)Oc1cc(Oc2cnc(C(=O)N(C)C)nc2)cc(-c2nccc(=O)[nH]2)c1,HBIFNWXYLNVLIK-ZDUSSCGKSA-N,1,EC50:1,1000.0,1000.0,1000.0,6.0,6.0,6.0,,0,,0,1,1,"[{""assay"": ""CHEMBL2410527"", ""type"": ""EC50"", ""relation"": ""="", ""value_nm"": 1000.0, ""pactivity"": 6.0, ""doc"": ""CHEMBL2407069"", ""rule"": ""EC50 为标准化浓度型效力指标""}]",0,,,0,,,0,0,0,,0,,2,"[{""assay"": ""CHEMBL2410525"", ""type"": ""Ratio"", ""value"": 0.76, ""units"": null, ""reason"": ""Ratio 为自由文本指标（无官方标准化规则），assay 描述未命中提升门槛，不跨实验汇总""}, {""assay"": ""CHEMBL2410526"", ""type"": ""Ratio"", ""value"": 0.14, ""units"": null, ""reason"": ""Ratio 为自由文本指标（无官方标准化规则），assay 描述未命中提升门槛，不跨实验汇总""}]",3,3,1,"[""CHEMBL2407069""]",2013,LITERATURE,0,不适用（可定量效力值不足 2 个 assay）,中,仅 1 篇文献支撑；2 条指标未归类（见 unclassified_records）
CHEMBL2408125,,Small molecule,,CN(C)C(=O)c1ncc(Oc2cc(OC3CCOC3)cc(-c3nccc(=O)[nH]3)c2)cn1,HEKNCWVZFPPEJC-UHFFFAOYSA-N,1,EC50:1,7500.0,7500.0,7500.0,5.12,5.12,5.12,,0,,0,1,1,"[{""assay"": ""CHEMBL2410527"", ""type"": ""EC50"", ""relation"": ""="", ""value_nm"": 7500.0, ""pactivity"": 5.12, ""doc"": ""CHEMBL2407069"", ""rule"": ""EC50 为标准化浓度型效力指标""}]",0,,,0,,,0,0,0,,0,,2,"[{""assay"": ""CHEMBL2410525"", ""type"": ""Ratio"", ""value"": 0.88, ""units"": null, ""reason"": ""Ratio 为自由文本指标（无官方标准化规则），assay 描述未命中提升门槛，不跨实验汇总""}, {""assay"": ""CHEMBL2410526"", ""type"": ""Ratio"", ""value"": 0.18, ""units"": null, ""reason"": ""Ratio 为自由文本指标（无官方标准化规则），assay 描述未命中提升门槛，不跨实验汇总""}]",3,3,1,"[""CHEMBL2407069""]",2013,LITERATURE,0,不适用（可定量效力值不足 2 个 assay）,中,仅 1 篇文献支撑；2 条指标未归类（见 unclassified_records）
CHEMBL2408126,,Small molecule,,CN(C)C(=O)c1ncc(Oc2cc(OC3CCN(C)C3=O)cc(-c3nccc(=O)[nH]3)c2)cn1,LZJCFARBKQMJEM-UHFFFAOYSA-N,1,EC50:1,3800.0,3800.0,3800.0,5.42,5.42,5.42,,0,,0,1,1,"[{""assay"": ""CHEMBL2410527"", ""type"": ""EC50"", ""relation"": ""="", ""value_nm"": 3800.0, ""pactivity"": 5.42, ""doc"": ""CHEMBL2407069"", ""rule"": ""EC50 为标准化浓度型效力指标""}]",0,,,0,,,0,0,0,,0,,2,"[{""assay"": ""CHEMBL2410525"", ""type"": ""Ratio"", ""value"": 1, ""units"": null, ""reason"": ""Ratio 为自由文本指标（无官方标准化规则），assay 描述未命中提升门槛，不跨实验汇总""}, {""assay"": ""CHEMBL2410526"", ""type"": ""Ratio"", ""value"": 0.19, ""units"": null, ""reason"": ""Ratio 为自由文本指标（无官方标准化规则），assay 描述未命中提升门槛，不跨实验汇总""}]",3,3,1,"[""CHEMBL2407069""]",2013,LITERATURE,0,不适用（可定量效力值不足 2 个 assay）,中,仅 1 篇文献支撑；2 条指标未归类（见 unclassified_records）
CHEMBL2408127,,Small molecule,,Cc1cnc(-c2cc(Oc3cnc(C(=O)N(C)C)nc3)cc(OC(C)C)c2)[nH]c1=O,RCESBHOQGDBZSX-UHFFFAOYSA-N,1,EC50:1,170.0,170.0,170.0,6.77,6.77,6.77,,0,,0,1,1,"[{""assay"": ""CHEMBL2410527"", ""type"": ""EC50"", ""relation"": ""="", ""value_nm"": 170.0, ""pactivity"": 6.77, ""doc"": ""CHEMBL2407069"", ""rule"": ""EC50 为标准化浓度型效力指标""}]",0,,,0,,,0,0,0,,0,,2,"[{""assay"": ""CHEMBL2410525"", ""type"": ""Ratio"", ""value"": 0.59, ""units"": null, ""reason"": ""Ratio 为自由文本指标（无官方标准化规则），assay 描述未命中提升门槛，不跨实验汇总""}, {""assay"": ""CHEMBL2410526"", ""type"": ""Ratio"", ""value"": 0.15, ""units"": null, ""reason"": ""Ratio 为自由文本指标（无官方标准化规则），assay 描述未命中提升门槛，不跨实验汇总""}]",3,3,1,"[""CHEMBL2407069""]",2013,LITERATURE,0,不适用（可定量效力值不足 2 个 assay）,中,仅 1 篇文献支撑；2 条指标未归类（见 unclassified_records）
CHEMBL2408128,,Small molecule,,COC[C@H](C)Oc1cc(Oc2cnc(C(=O)N(C)C)cn2)cc(-c2nccc(=O)[nH]2)c1,UQFUOGIWCIAKAA-ZDUSSCGKSA-N,1,EC50:1,200.0,200.0,200.0,6.7,6.7,6.7,,0,,0,1,1,"[{""assay"": ""CHEMBL2410527"", ""type"": ""EC50"", ""relation"": ""="", ""value_nm"": 200.0, ""pactivity"": 6.7, ""doc"": ""CHEMBL2407069"", ""rule"": ""EC50 为标准化浓度型效力指标""}]",0,,,0,,,0,0,0,,0,,2,"[{""assay"": ""CHEMBL2410525"", ""type"": ""Ratio"", ""value"": 0.68, ""units"": null, ""reason"": ""Ratio 为自由文本指标（无官方标准化规则），assay 描述未命中提升门槛，不跨实验汇总""}, {""assay"": ""CHEMBL2410526"", ""type"": ""Ratio"", ""value"": 0.15, ""units"": null, ""reason"": ""Ratio 为自由文本指标（无官方标准化规则），assay 描述未命中提升门槛，不跨实验汇总""}]",3,3,1,"[""CHEMBL2407069""]",2013,LITERATURE,0,不适用（可定量效力值不足 2 个 assay）,中,仅 1 篇文献支撑；2 条指标未归类（见 unclassified_records）
CHEMBL2408129,,Small molecule,,Cc1cnc(-c2cc(Oc3ccc(S(=O)(=O)N(C)C)cc3)cc(O[C@@H](C)CO)c2)[nH]c1=O,LMMPRCSJTPBGGP-HNNXBMFYSA-N,1,EC50:1,90.0,90.0,90.0,7.05,7.05,7.05,,0,,0,1,1,"[{""assay"": ""CHEMBL2410527"", ""type"": ""EC50"", ""relation"": ""="", ""value_nm"": 90.0, ""pactivity"": 7.05, ""doc"": ""CHEMBL2407069"", ""rule"": ""EC50 为标准化浓度型效力指标""}]",0,,,0,,,0,0,0,,0,,2,"[{""assay"": ""CHEMBL2410525"", ""type"": ""Ratio"", ""value"": 0.8, ""units"": null, ""reason"": ""Ratio 为自由文本指标（无官方标准化规则），assay 描述未命中提升门槛，不跨实验汇总""}, {""assay"": ""CHEMBL2410526"", ""type"": ""Ratio"", ""value"": 0.09, ""units"": null, ""reason"": ""Ratio 为自由文本指标（无官方标准化规则），assay 描述未命中提升门槛，不跨实验汇总""}]",3,3,1,"[""CHEMBL2407069""]",2013,LITERATURE,0,不适用（可定量效力值不足 2 个 assay）,中,仅 1 篇文献支撑；2 条指标未归类（见 unclassified_records）
CHEMBL2408130,,Small molecule,,CNS(=O)(=O)c1ccc(Oc2cc(O[C@@H](C)CO)cc(-c3ncc(C)c(=O)[nH]3)c2)cc1,WTKNQQYYUGWBOX-AWEZNQCLSA-N,1,EC50:1,110.0,110.0,110.0,6.96,6.96,6.96,,0,,0,1,1,"[{""assay"": ""CHEMBL2410527"", ""type"": ""EC50"", ""relation"": ""="", ""value_nm"": 110.0, ""pactivity"": 6.96, ""doc"": ""CHEMBL2407069"", ""rule"": ""EC50 为标准化浓度型效力指标""}]",0,,,0,,,0,0,0,,0,,2,"[{""assay"": ""CHEMBL2410525"", ""type"": ""Ratio"", ""value"": 0.88, ""units"": null, ""reason"": ""Ratio 为自由文本指标（无官方标准化规则），assay 描述未命中提升门槛，不跨实验汇总""}, {""assay"": ""CHEMBL2410526"", ""type"": ""Ratio"", ""value"": 0.09, ""units"": null, ""reason"": ""Ratio 为自由文本指标（无官方标准化规则），assay 描述未命中提升门槛，不跨实验汇总""}]",3,3,1,"[""CHEMBL2407069""]",2013,LITERATURE,0,不适用（可定量效力值不足 2 个 assay）,中,仅 1 篇文献支撑；2 条指标未归类（见 unclassified_records）
CHEMBL2408131,,Small molecule,,CCS(=O)(=O)c1ccc(Oc2cc(O[C@@H](C)CO)cc(-c3nccc(=O)[nH]3)c2)cc1,MBDMOOWXMYBAHP-AWEZNQCLSA-N,1,EC50:1,150.0,150.0,150.0,6.82,6.82,6.82,,0,,0,1,1,"[{""assay"": ""CHEMBL2410527"", ""type"": ""EC50"", ""relation"": ""="", ""value_nm"": 150.0, ""pactivity"": 6.82, ""doc"": ""CHEMBL2407069"", ""rule"": ""EC50 为标准化浓度型效力指标""}]",0,,,0,,,0,0,0,,0,,2,"[{""assay"": ""CHEMBL2410525"", ""type"": ""Ratio"", ""value"": 1.05, ""units"": null, ""reason"": ""Ratio 为自由文本指标（无官方标准化规则），assay 描述未命中提升门槛，不跨实验汇总""}, {""assay"": ""CHEMBL2410526"", ""type"": ""Ratio"", ""value"": 0.09, ""units"": null, ""reason"": ""Ratio 为自由文本指标（无官方标准化规则），assay 描述未命中提升门槛，不跨实验汇总""}]",3,3,1,"[""CHEMBL2407069""]",2013,LITERATURE,0,不适用（可定量效力值不足 2 个 assay）,中,仅 1 篇文献支撑；2 条指标未归类（见 unclassified_records）
CHEMBL2408132,,Small molecule,,Cc1ccc(NC(=O)c2cc(Oc3ccc(S(C)(=O)=O)cc3)cc(OC(C)C)c2)nc1,BUICPXPKYZQWMX-UHFFFAOYSA-N,1,EC50:1,110.0,110.0,110.0,6.96,6.96,6.96,,0,,0,1,1,"[{""assay"": ""CHEMBL2410527"", ""type"": ""EC50"", ""relation"": ""="", ""value_nm"": 110.0, ""pactivity"": 6.96, ""doc"": ""CHEMBL2407069"", ""rule"": ""EC50 为标准化浓度型效力指标""}]",0,,,0,,,0,0,0,,0,,2,"[{""assay"": ""CHEMBL2410525"", ""type"": ""Ratio"", ""value"": 1.09, ""units"": null, ""reason"": ""Ratio 为自由文本指标（无官方标准化规则），assay 描述未命中提升门槛，不跨实验汇总""}, {""assay"": ""CHEMBL2410526"", ""type"": ""Ratio"", ""value"": 0.07, ""units"": null, ""reason"": ""Ratio 为自由文本指标（无官方标准化规则），assay 描述未命中提升门槛，不跨实验汇总""}]",3,3,1,"[""CHEMBL2407069""]",2013,LITERATURE,0,不适用（可定量效力值不足 2 个 assay）,中,仅 1 篇文献支撑；2 条指标未归类（见 unclassified_records）
CHEMBL2408133,,Small molecule,,CC(C)Oc1cc(Oc2ccc(S(C)(=O)=O)cc2)cc(-c2cccc(=O)[nH]2)c1,OQYYUJDLDQVJBY-UHFFFAOYSA-N,1,EC50:1,740.0,740.0,740.0,6.13,6.13,6.13,,0,,0,1,1,"[{""assay"": ""CHEMBL2410527"", ""type"": ""EC50"", ""relation"": ""="", ""value_nm"": 740.0, ""pactivity"": 6.13, ""doc"": ""CHEMBL2407069"", ""rule"": ""EC50 为标准化浓度型效力指标""}]",0,,,0,,,0,0,0,,0,,2,"[{""assay"": ""CHEMBL2410525"", ""type"": ""Ratio"", ""value"": 0.75, ""units"": null, ""reason"": ""Ratio 为自由文本指标（无官方标准化规则），assay 描述未命中提升门槛，不跨实验汇总""}, {""assay"": ""CHEMBL2410526"", ""type"": ""Ratio"", ""value"": 0.14, ""units"": null, ""reason"": ""Ratio 为自由文本指标（无官方标准化规则），assay 描述未命中提升门槛，不跨实验汇总""}]",3,3,1,"[""CHEMBL2407069""]",2013,LITERATURE,0,不适用（可定量效力值不足 2 个 assay）,中,仅 1 篇文献支撑；2 条指标未归类（见 unclassified_records）
CHEMBL2408134,,Small molecule,,CC(C)Oc1cc(Oc2ccc(S(C)(=O)=O)cc2)cc(-c2ccnc(=O)[nH]2)c1,UGJXAGCMZQXSCG-UHFFFAOYSA-N,1,EC50:1,,,,,,,,1,100000.0,0,1,1,"[{""assay"": ""CHEMBL2410527"", ""type"": ""EC50"", ""relation"": "">"", ""value_nm"": 100000.0, ""pactivity"": null, ""doc"": ""CHEMBL2407069"", ""rule"": ""EC50 为标准化浓度型效力指标""}]",0,,,0,,,0,0,0,,0,,0,,1,1,1,"[""CHEMBL2407069""]",2013,LITERATURE,0,不适用（可定量效力值不足 2 个 assay）,弱,仅 1 篇文献支撑；1 条效力为删失值（>，最高浓度未达 EC50），未计入汇总；无可定量的效力或效能值
CHEMBL2408135,,Small molecule,,CC(C)Oc1cc(Oc2ccc(S(C)(=O)=O)cc2)cc(-c2cncc(=O)[nH]2)c1,XJBIJUDGAYQBQW-UHFFFAOYSA-N,1,EC50:1,23000.0,23000.0,23000.0,4.64,4.64,4.64,,0,,0,1,1,"[{""assay"": ""CHEMBL2410527"", ""type"": ""EC50"", ""relation"": ""="", ""value_nm"": 23000.0, ""pactivity"": 4.64, ""doc"": ""CHEMBL2407069"", ""rule"": ""EC50 为标准化浓度型效力指标""}]",0,,,0,,,0,0,0,,0,,2,"[{""assay"": ""CHEMBL2410525"", ""type"": ""Ratio"", ""value"": 0.83, ""units"": null, ""reason"": ""Ratio 为自由文本指标（无官方标准化规则），assay 描述未命中提升门槛，不跨实验汇总""}, {""assay"": ""CHEMBL2410526"", ""type"": ""Ratio"", ""value"": 0.37, ""units"": null, ""reason"": ""Ratio 为自由文本指标（无官方标准化规则），assay 描述未命中提升门槛，不跨实验汇总""}]",3,3,1,"[""CHEMBL2407069""]",2013,LITERATURE,0,不适用（可定量效力值不足 2 个 assay）,中,仅 1 篇文献支撑；2 条指标未归类（见 unclassified_records）
CHEMBL240926,,Small molecule,,O=C(CN1CCN(c2ccccc2F)CC1)Nc1cccc(C(F)(F)F)c1,BCIUYVKYSDASDK-UHFFFAOYSA-N,0,,,,,,,,,0,,0,0,0,,1,1.06,FC@CHEMBL1042963,1,,,0,1,1,"[{""assay"": ""CHEMBL1042963"", ""type"": ""FC"", ""scale"": ""fold"", ""value"": 1.06, ""units"": null, ""doc"": ""CHEMBL1152613"", ""rule"": ""FC（fold change）为激活倍数""}]",0,,0,,1,1,1,"[""CHEMBL1152613""]",2009,LITERATURE,0,不适用（可定量效力值不足 2 个 assay）,弱,仅 1 篇文献支撑
CHEMBL2430851,,Small molecule,,Cc1csc(Nc2ncc(Br)cc2OCc2ccccc2)n1,BVQJWGILQNRURY-UHFFFAOYSA-N,1,EC50:1,687.0,687.0,687.0,6.16,6.16,6.16,,0,,0,1,1,"[{""assay"": ""CHEMBL2432301"", ""type"": ""EC50"", ""relation"": ""="", ""value_nm"": 687.0, ""pactivity"": 6.16, ""doc"": ""CHEMBL2429745"", ""rule"": ""EC50 为标准化浓度型效力指标""}]",0,,,0,,,0,0,0,,0,,1,"[{""assay"": ""CHEMBL2432299"", ""type"": ""Activity"", ""value"": 4.5, ""units"": ""mM"", ""reason"": ""Activity 为自由文本指标（无官方标准化规则），assay 描述未命中提升门槛，不跨实验汇总""}]",2,2,1,"[""CHEMBL2429745""]",2013,LITERATURE,0,不适用（可定量效力值不足 2 个 assay）,中,仅 1 篇文献支撑；1 条指标未归类（见 unclassified_records）
CHEMBL2430852,,Small molecule,,CCc1csc(Nc2ncc(Br)cc2OCc2ccccc2)n1,ANSZFRWADMQBIE-UHFFFAOYSA-N,1,EC50:1,562.0,562.0,562.0,6.25,6.25,6.25,,0,,0,1,1,"[{""assay"": ""CHEMBL2432301"", ""type"": ""EC50"", ""relation"": ""="", ""value_nm"": 562.0, ""pactivity"": 6.25, ""doc"": ""CHEMBL2429745"", ""rule"": ""EC50 为标准化浓度型效力指标""}]",0,,,0,,,0,0,0,,0,,1,"[{""assay"": ""CHEMBL2432299"", ""type"": ""Activity"", ""value"": 2.8, ""units"": ""mM"", ""reason"": ""Activity 为自由文本指标（无官方标准化规则），assay 描述未命中提升门槛，不跨实验汇总""}]",2,2,1,"[""CHEMBL2429745""]",2013,LITERATURE,0,不适用（可定量效力值不足 2 个 assay）,中,仅 1 篇文献支撑；1 条指标未归类（见 unclassified_records）
CHEMBL2430853,,Small molecule,,CC(C)c1csc(Nc2ncc(Br)cc2OCc2ccccc2)n1,NZMWQGDXPMBLLS-UHFFFAOYSA-N,1,EC50:1,240.0,240.0,240.0,6.62,6.62,6.62,,0,,0,1,1,"[{""assay"": ""CHEMBL2432301"", ""type"": ""EC50"", ""relation"": ""="", ""value_nm"": 240.0, ""pactivity"": 6.62, ""doc"": ""CHEMBL2429745"", ""rule"": ""EC50 为标准化浓度型效力指标""}]",0,,,0,,,0,0,0,,0,,1,"[{""assay"": ""CHEMBL2432299"", ""type"": ""Activity"", ""value"": 3.1, ""units"": ""mM"", ""reason"": ""Activity 为自由文本指标（无官方标准化规则），assay 描述未命中提升门槛，不跨实验汇总""}]",2,2,1,"[""CHEMBL2429745""]",2013,LITERATURE,0,不适用（可定量效力值不足 2 个 assay）,中,仅 1 篇文献支撑；1 条指标未归类（见 unclassified_records）
CHEMBL2430854,,Small molecule,,CC(C)Cc1csc(Nc2ncc(Br)cc2OCc2ccccc2)n1,AZHQCRYKKFEFTI-UHFFFAOYSA-N,1,EC50:1,356.0,356.0,356.0,6.45,6.45,6.45,,0,,0,1,1,"[{""assay"": ""CHEMBL2432301"", ""type"": ""EC50"", ""relation"": ""="", ""value_nm"": 356.0, ""pactivity"": 6.45, ""doc"": ""CHEMBL2429745"", ""rule"": ""EC50 为标准化浓度型效力指标""}]",0,,,0,,,0,0,0,,0,,1,"[{""assay"": ""CHEMBL2432299"", ""type"": ""Activity"", ""value"": 4.9, ""units"": ""mM"", ""reason"": ""Activity 为自由文本指标（无官方标准化规则），assay 描述未命中提升门槛，不跨实验汇总""}]",2,2,1,"[""CHEMBL2429745""]",2013,LITERATURE,0,不适用（可定量效力值不足 2 个 assay）,中,仅 1 篇文献支撑；1 条指标未归类（见 unclassified_records）
CHEMBL2430855,,Small molecule,,Cc1cnc(Nc2nc(C)cs2)c(OCc2ccccc2)c1,QFOFZZJJRFMLKB-UHFFFAOYSA-N,1,EC50:1,2640.0,2640.0,2640.0,5.58,5.58,5.58,,0,,0,1,1,"[{""assay"": ""CHEMBL2432301"", ""type"": ""EC50"", ""relation"": ""="", ""value_nm"": 2640.0, ""pactivity"": 5.58, ""doc"": ""CHEMBL2429745"", ""rule"": ""EC50 为标准化浓度型效力指标""}]",0,,,0,,,0,0,0,,0,,1,"[{""assay"": ""CHEMBL2432299"", ""type"": ""Activity"", ""value"": 3, ""units"": ""mM"", ""reason"": ""Activity 为自由文本指标（无官方标准化规则），assay 描述未命中提升门槛，不跨实验汇总""}]",2,2,1,"[""CHEMBL2429745""]",2013,LITERATURE,0,不适用（可定量效力值不足 2 个 assay）,中,仅 1 篇文献支撑；1 条指标未归类（见 unclassified_records）
CHEMBL2430856,,Small molecule,,Cc1csc(Nc2ncc(Cl)cc2OCc2ccccc2)n1,ZDMGJDILJHSXTQ-UHFFFAOYSA-N,1,EC50:1,796.0,796.0,796.0,6.1,6.1,6.1,,0,,0,1,1,"[{""assay"": ""CHEMBL2432301"", ""type"": ""EC50"", ""relation"": ""="", ""value_nm"": 796.0, ""pactivity"": 6.1, ""doc"": ""CHEMBL2429745"", ""rule"": ""EC50 为标准化浓度型效力指标""}]",0,,,0,,,0,0,0,,0,,1,"[{""assay"": ""CHEMBL2432299"", ""type"": ""Activity"", ""value"": 3.5, ""units"": ""mM"", ""reason"": ""Activity 为自由文本指标（无官方标准化规则），assay 描述未命中提升门槛，不跨实验汇总""}]",2,2,1,"[""CHEMBL2429745""]",2013,LITERATURE,0,不适用（可定量效力值不足 2 个 assay）,中,仅 1 篇文献支撑；1 条指标未归类（见 unclassified_records）
CHEMBL2430857,,Small molecule,,Cc1csc(Nc2ncc(Sc3ccccc3)cc2OCc2ccccc2)n1,XVJWONNYLHHEQI-UHFFFAOYSA-N,1,EC50:1,208.0,208.0,208.0,6.68,6.68,6.68,,0,,0,1,1,"[{""assay"": ""CHEMBL2432301"", ""type"": ""EC50"", ""relation"": ""="", ""value_nm"": 208.0, ""pactivity"": 6.68, ""doc"": ""CHEMBL2429745"", ""rule"": ""EC50 为标准化浓度型效力指标""}]",0,,,0,,,0,0,0,,0,,1,"[{""assay"": ""CHEMBL2432299"", ""type"": ""Activity"", ""value"": 3.3, ""units"": ""mM"", ""reason"": ""Activity 为自由文本指标（无官方标准化规则），assay 描述未命中提升门槛，不跨实验汇总""}]",2,2,1,"[""CHEMBL2429745""]",2013,LITERATURE,0,不适用（可定量效力值不足 2 个 assay）,中,仅 1 篇文献支撑；1 条指标未归类（见 unclassified_records）
CHEMBL2430858,,Small molecule,,Cc1csc(Nc2ncc(Sc3ccccn3)cc2OCc2ccccc2)n1,LNDXOEJPYHCIAV-UHFFFAOYSA-N,1,EC50:1,231.0,231.0,231.0,6.64,6.64,6.64,,0,,0,1,1,"[{""assay"": ""CHEMBL2432301"", ""type"": ""EC50"", ""relation"": ""="", ""value_nm"": 231.0, ""pactivity"": 6.64, ""doc"": ""CHEMBL2429745"", ""rule"": ""EC50 为标准化浓度型效力指标""}]",0,,,0,,,0,0,0,,0,,1,"[{""assay"": ""CHEMBL2432299"", ""type"": ""Activity"", ""value"": 2.4, ""units"": ""mM"", ""reason"": ""Activity 为自由文本指标（无官方标准化规则），assay 描述未命中提升门槛，不跨实验汇总""}]",2,2,1,"[""CHEMBL2429745""]",2013,LITERATURE,0,不适用（可定量效力值不足 2 个 assay）,中,仅 1 篇文献支撑；1 条指标未归类（见 unclassified_records）
CHEMBL2430859,,Small molecule,,Cc1csc(Nc2ncc(SCc3ccccc3)cc2OCc2ccccc2)n1,QFFBLBBPLLDRTA-UHFFFAOYSA-N,1,EC50:1,235.0,235.0,235.0,6.63,6.63,6.63,,0,,0,1,1,"[{""assay"": ""CHEMBL2432301"", ""type"": ""EC50"", ""relation"": ""="", ""value_nm"": 235.0, ""pactivity"": 6.63, ""doc"": ""CHEMBL2429745"", ""rule"": ""EC50 为标准化浓度型效力指标""}]",0,,,0,,,0,0,0,,0,,1,"[{""assay"": ""CHEMBL2432299"", ""type"": ""Activity"", ""value"": 3.7, ""units"": ""mM"", ""reason"": ""Activity 为自由文本指标（无官方标准化规则），assay 描述未命中提升门槛，不跨实验汇总""}]",2,2,1,"[""CHEMBL2429745""]",2013,LITERATURE,0,不适用（可定量效力值不足 2 个 assay）,中,仅 1 篇文献支撑；1 条指标未归类（见 unclassified_records）
CHEMBL2430860,,Small molecule,,Cc1csc(Nc2ncc(SCc3ccccn3)cc2OCc2ccccc2)n1,TXLNHUDZSIYHSY-UHFFFAOYSA-N,1,EC50:1,77.0,77.0,77.0,7.11,7.11,7.11,,0,,0,1,1,"[{""assay"": ""CHEMBL2432301"", ""type"": ""EC50"", ""relation"": ""="", ""value_nm"": 77.0, ""pactivity"": 7.11, ""doc"": ""CHEMBL2429745"", ""rule"": ""EC50 为标准化浓度型效力指标""}]",0,,,0,,,0,0,0,,0,,1,"[{""assay"": ""CHEMBL2432299"", ""type"": ""Activity"", ""value"": 1.5, ""units"": ""mM"", ""reason"": ""Activity 为自由文本指标（无官方标准化规则），assay 描述未命中提升门槛，不跨实验汇总""}]",2,2,1,"[""CHEMBL2429745""]",2013,LITERATURE,0,不适用（可定量效力值不足 2 个 assay）,中,仅 1 篇文献支撑；1 条指标未归类（见 unclassified_records）
CHEMBL2430861,,Small molecule,,Cc1csc(Nc2ncc(SCCn3ccnc3)cc2OCc2ccccc2)n1,RMTMTQSEPUFOTD-UHFFFAOYSA-N,1,EC50:1,325.0,325.0,325.0,6.49,6.49,6.49,,0,,0,1,1,"[{""assay"": ""CHEMBL2432301"", ""type"": ""EC50"", ""relation"": ""="", ""value_nm"": 325.0, ""pactivity"": 6.49, ""doc"": ""CHEMBL2429745"", ""rule"": ""EC50 为标准化浓度型效力指标""}]",0,,,0,,,0,0,0,,0,,1,"[{""assay"": ""CHEMBL2432299"", ""type"": ""Activity"", ""value"": 0.8, ""units"": ""mM"", ""reason"": ""Activity 为自由文本指标（无官方标准化规则），assay 描述未命中提升门槛，不跨实验汇总""}]",2,2,1,"[""CHEMBL2429745""]",2013,LITERATURE,0,不适用（可定量效力值不足 2 个 assay）,中,仅 1 篇文献支撑；1 条指标未归类（见 unclassified_records）
CHEMBL2430862,,Small molecule,,CC(C)c1csc(Nc2ncc(SCCn3ccnc3)cc2OCc2ccccc2)n1,SNXVAXLZSJDZMV-UHFFFAOYSA-N,2,EC50:2,119.0,119.0,119.0,6.92,6.92,6.92,0.0,0,,0,2,2,"[{""assay"": ""CHEMBL2432301"", ""type"": ""EC50"", ""relation"": ""="", ""value_nm"": 119.0, ""pactivity"": 6.92, ""doc"": ""CHEMBL2429745"", ""rule"": ""EC50 为标准化浓度型效力指标""}, {""assay"": ""CHEMBL4614223"", ""type"": ""EC50"", ""relation"": ""="", ""value_nm"": 119.0, ""pactivity"": 6.92, ""doc"": ""CHEMBL4613229"", ""rule"": ""EC50 为标准化浓度型效力指标""}]",0,,,0,,,0,0,0,,0,,1,"[{""assay"": ""CHEMBL2432299"", ""type"": ""Activity"", ""value"": 0.9, ""units"": ""mM"", ""reason"": ""Activity 为自由文本指标（无官方标准化规则），assay 描述未命中提升门槛，不跨实验汇总""}]",3,3,2,"[""CHEMBL2429745"", ""CHEMBL4613229""]",2013; 2020,LITERATURE,1,一致（pActivity 极差 0.0，3 倍以内）,强,1 条被 ChEMBL 标为 potential_duplicate；1 条指标未归类（见 unclassified_records）
CHEMBL2430863,,Small molecule,,COc1cccc(COc2cccnc2Nc2nc(C)cs2)c1,GAXUJRATSBGESP-UHFFFAOYSA-N,1,EC50:1,3220.0,3220.0,3220.0,5.49,5.49,5.49,,0,,0,1,1,"[{""assay"": ""CHEMBL2432301"", ""type"": ""EC50"", ""relation"": ""="", ""value_nm"": 3220.0, ""pactivity"": 5.49, ""doc"": ""CHEMBL2429745"", ""rule"": ""EC50 为标准化浓度型效力指标""}]",0,,,0,,,0,0,0,,0,,1,"[{""assay"": ""CHEMBL2432299"", ""type"": ""Activity"", ""value"": 3.9, ""units"": ""mM"", ""reason"": ""Activity 为自由文本指标（无官方标准化规则），assay 描述未命中提升门槛，不跨实验汇总""}]",2,2,1,"[""CHEMBL2429745""]",2013,LITERATURE,0,不适用（可定量效力值不足 2 个 assay）,中,仅 1 篇文献支撑；1 条指标未归类（见 unclassified_records）
CHEMBL2430864,,Small molecule,,Cc1csc(Nc2ncccc2OCc2ccccn2)n1,MLRHOZPGFVPVOQ-UHFFFAOYSA-N,1,EC50:1,12300.0,12300.0,12300.0,4.91,4.91,4.91,,0,,0,1,1,"[{""assay"": ""CHEMBL2432301"", ""type"": ""EC50"", ""relation"": ""="", ""value_nm"": 12300.0, ""pactivity"": 4.91, ""doc"": ""CHEMBL2429745"", ""rule"": ""EC50 为标准化浓度型效力指标""}]",0,,,0,,,0,0,0,,0,,1,"[{""assay"": ""CHEMBL2432299"", ""type"": ""Activity"", ""value"": 2.6, ""units"": ""mM"", ""reason"": ""Activity 为自由文本指标（无官方标准化规则），assay 描述未命中提升门槛，不跨实验汇总""}]",2,2,1,"[""CHEMBL2429745""]",2013,LITERATURE,0,不适用（可定量效力值不足 2 个 assay）,中,仅 1 篇文献支撑；1 条指标未归类（见 unclassified_records）
CHEMBL2430865,,Small molecule,,Cc1csc(Nc2ncccc2OCc2cccnc2)n1,CBHKZMOSEGLXHW-UHFFFAOYSA-N,1,EC50:1,7780.0,7780.0,7780.0,5.11,5.11,5.11,,0,,0,1,1,"[{""assay"": ""CHEMBL2432301"", ""type"": ""EC50"", ""relation"": ""="", ""value_nm"": 7780.0, ""pactivity"": 5.11, ""doc"": ""CHEMBL2429745"", ""rule"": ""EC50 为标准化浓度型效力指标""}]",0,,,0,,,0,0,0,,0,,1,"[{""assay"": ""CHEMBL2432299"", ""type"": ""Activity"", ""value"": 3, ""units"": ""mM"", ""reason"": ""Activity 为自由文本指标（无官方标准化规则），assay 描述未命中提升门槛，不跨实验汇总""}]",2,2,1,"[""CHEMBL2429745""]",2013,LITERATURE,0,不适用（可定量效力值不足 2 个 assay）,中,仅 1 篇文献支撑；1 条指标未归类（见 unclassified_records）
CHEMBL2430866,,Small molecule,,Cc1csc(Nc2ncccc2OCc2cccc(O)c2)n1,HTKWUSGOXZAEKN-UHFFFAOYSA-N,1,EC50:1,3440.0,3440.0,3440.0,5.46,5.46,5.46,,0,,0,1,1,"[{""assay"": ""CHEMBL2432301"", ""type"": ""EC50"", ""relation"": ""="", ""value_nm"": 3440.0, ""pactivity"": 5.46, ""doc"": ""CHEMBL2429745"", ""rule"": ""EC50 为标准化浓度型效力指标""}]",0,,,0,,,0,0,0,,0,,1,"[{""assay"": ""CHEMBL2432299"", ""type"": ""Activity"", ""value"": 1.8, ""units"": ""mM"", ""reason"": ""Activity 为自由文本指标（无官方标准化规则），assay 描述未命中提升门槛，不跨实验汇总""}]",2,2,1,"[""CHEMBL2429745""]",2013,LITERATURE,0,不适用（可定量效力值不足 2 个 assay）,中,仅 1 篇文献支撑；1 条指标未归类（见 unclassified_records）
CHEMBL2430867,,Small molecule,,Cc1csc(Nc2ncccc2OCc2cccc3cccnc23)n1,BBEFHJVKBFBINK-UHFFFAOYSA-N,1,EC50:1,1700.0,1700.0,1700.0,5.77,5.77,5.77,,0,,0,1,1,"[{""assay"": ""CHEMBL2432301"", ""type"": ""EC50"", ""relation"": ""="", ""value_nm"": 1700.0, ""pactivity"": 5.77, ""doc"": ""CHEMBL2429745"", ""rule"": ""EC50 为标准化浓度型效力指标""}]",0,,,0,,,0,0,0,,0,,1,"[{""assay"": ""CHEMBL2432299"", ""type"": ""Activity"", ""value"": 3, ""units"": ""mM"", ""reason"": ""Activity 为自由文本指标（无官方标准化规则），assay 描述未命中提升门槛，不跨实验汇总""}]",2,2,1,"[""CHEMBL2429745""]",2013,LITERATURE,0,不适用（可定量效力值不足 2 个 assay）,中,仅 1 篇文献支撑；1 条指标未归类（见 unclassified_records）
CHEMBL2430868,,Small molecule,,Cc1csc(Nc2ncccc2OCc2ccccc2)n1,LPJWCRSWBACCSH-UHFFFAOYSA-N,2,EC50:2,4940.0,5370.0,5800.0,5.31,5.275,5.24,0.07,0,,0,2,2,"[{""assay"": ""CHEMBL2432301"", ""type"": ""EC50"", ""relation"": ""="", ""value_nm"": 4940.0, ""pactivity"": 5.31, ""doc"": ""CHEMBL2429745"", ""rule"": ""EC50 为标准化浓度型效力指标""}, {""assay"": ""CHEMBL4614223"", ""type"": ""EC50"", ""relation"": ""="", ""value_nm"": 5800.0, ""pactivity"": 5.24, ""doc"": ""CHEMBL4613229"", ""rule"": ""EC50 为标准化浓度型效力指标""}]",0,,,0,,,0,0,0,,0,,1,"[{""assay"": ""CHEMBL2432299"", ""type"": ""Activity"", ""value"": 3.3, ""units"": ""mM"", ""reason"": ""Activity 为自由文本指标（无官方标准化规则），assay 描述未命中提升门槛，不跨实验汇总""}]",3,3,2,"[""CHEMBL2429745"", ""CHEMBL4613229""]",2013; 2020,LITERATURE,0,一致（pActivity 极差 0.07，3 倍以内）,强,1 条指标未归类（见 unclassified_records）
CHEMBL3091580,,Small molecule,,O=C(O)c1ccc(NC(=O)[C@H](CC2CCCC2)n2cnc(S(=O)(=O)C3CC3)c2)nc1,NSASUTPYNBBWSU-INIZCTEOSA-N,1,EC50:1,137.0,137.0,137.0,6.86,6.86,6.86,,0,,0,1,1,"[{""assay"": ""CHEMBL3095515"", ""type"": ""EC50"", ""relation"": ""="", ""value_nm"": 137.0, ""pactivity"": 6.86, ""doc"": ""CHEMBL3091348"", ""rule"": ""EC50 为标准化浓度型效力指标""}]",2,1.68,FC@CHEMBL3095513,2,,,0,2,1,"[{""assay"": ""CHEMBL3095513"", ""type"": ""FC"", ""scale"": ""fold"", ""value"": 1.68, ""units"": null, ""doc"": ""CHEMBL3091348"", ""rule"": ""FC（fold change）为激活倍数""}, {""assay"": ""CHEMBL3095514"", ""type"": ""FC"", ""scale"": ""fold"", ""value"": 0.05, ""units"": null, ""doc"": ""CHEMBL3091348"", ""rule"": ""FC（fold change）为激活倍数""}]",0,,0,,3,3,1,"[""CHEMBL3091348""]",2013,LITERATURE,0,不适用（可定量效力值不足 2 个 assay）,中,仅 1 篇文献支撑
CHEMBL3091581,,Small molecule,,O=C(O)c1ccc(NC(=O)[C@H](CC2CCCC2)n2cnc(S(=O)(=O)C3CCC3)c2)nc1,DTZWAELYQGJRJI-KRWDZBQOSA-N,1,EC50:1,201.0,201.0,201.0,6.7,6.7,6.7,,0,,0,1,1,"[{""assay"": ""CHEMBL3095515"", ""type"": ""EC50"", ""relation"": ""="", ""value_nm"": 201.0, ""pactivity"": 6.7, ""doc"": ""CHEMBL3091348"", ""rule"": ""EC50 为标准化浓度型效力指标""}]",2,1.35,FC@CHEMBL3095513,2,,,0,2,1,"[{""assay"": ""CHEMBL3095513"", ""type"": ""FC"", ""scale"": ""fold"", ""value"": 1.35, ""units"": null, ""doc"": ""CHEMBL3091348"", ""rule"": ""FC（fold change）为激活倍数""}, {""assay"": ""CHEMBL3095514"", ""type"": ""FC"", ""scale"": ""fold"", ""value"": 0.06, ""units"": null, ""doc"": ""CHEMBL3091348"", ""rule"": ""FC（fold change）为激活倍数""}]",0,,0,,3,3,1,"[""CHEMBL3091348""]",2013,LITERATURE,0,不适用（可定量效力值不足 2 个 assay）,中,仅 1 篇文献支撑
CHEMBL3091582,,Small molecule,,O=C(O)c1ccc(NC(=O)[C@H](CC2CCCCC2)n2cnc(S(=O)(=O)C3CC3)c2)nc1,AXBWQGYXJNMOEI-KRWDZBQOSA-N,1,EC50:1,113.0,113.0,113.0,6.95,6.95,6.95,,0,,0,1,1,"[{""assay"": ""CHEMBL3095515"", ""type"": ""EC50"", ""relation"": ""="", ""value_nm"": 113.0, ""pactivity"": 6.95, ""doc"": ""CHEMBL3091348"", ""rule"": ""EC50 为标准化浓度型效力指标""}]",2,1.5,FC@CHEMBL3095513,2,,,0,2,1,"[{""assay"": ""CHEMBL3095513"", ""type"": ""FC"", ""scale"": ""fold"", ""value"": 1.5, ""units"": null, ""doc"": ""CHEMBL3091348"", ""rule"": ""FC（fold change）为激活倍数""}, {""assay"": ""CHEMBL3095514"", ""type"": ""FC"", ""scale"": ""fold"", ""value"": 0.08, ""units"": null, ""doc"": ""CHEMBL3091348"", ""rule"": ""FC（fold change）为激活倍数""}]",0,,0,,3,3,1,"[""CHEMBL3091348""]",2013,LITERATURE,0,不适用（可定量效力值不足 2 个 assay）,中,仅 1 篇文献支撑
CHEMBL3091583,,Small molecule,,O=C(O)c1ccc(NC(=O)[C@H](CC2CCCCC2)n2cnc(S(=O)(=O)C3CCC3)c2)nc1,HFXDKQDCOWWEDC-SFHVURJKSA-N,1,EC50:1,227.0,227.0,227.0,6.64,6.64,6.64,,0,,0,1,1,"[{""assay"": ""CHEMBL3095515"", ""type"": ""EC50"", ""relation"": ""="", ""value_nm"": 227.0, ""pactivity"": 6.64, ""doc"": ""CHEMBL3091348"", ""rule"": ""EC50 为标准化浓度型效力指标""}]",2,1.25,FC@CHEMBL3095513,2,,,0,2,1,"[{""assay"": ""CHEMBL3095513"", ""type"": ""FC"", ""scale"": ""fold"", ""value"": 1.25, ""units"": null, ""doc"": ""CHEMBL3091348"", ""rule"": ""FC（fold change）为激活倍数""}, {""assay"": ""CHEMBL3095514"", ""type"": ""FC"", ""scale"": ""fold"", ""value"": 0.08, ""units"": null, ""doc"": ""CHEMBL3091348"", ""rule"": ""FC（fold change）为激活倍数""}]",0,,0,,3,3,1,"[""CHEMBL3091348""]",2013,LITERATURE,0,不适用（可定量效力值不足 2 个 assay）,中,仅 1 篇文献支撑
CHEMBL3091584,,Small molecule,,O=C(O)c1ccc(NC(=O)[C@H](CC2CCOCC2)n2cnc(S(=O)(=O)C3CC3)c2)nc1,KAGKVRONFJTRGB-INIZCTEOSA-N,1,EC50:1,1350.0,1350.0,1350.0,5.87,5.87,5.87,,0,,0,1,1,"[{""assay"": ""CHEMBL3095515"", ""type"": ""EC50"", ""relation"": ""="", ""value_nm"": 1350.0, ""pactivity"": 5.87, ""doc"": ""CHEMBL3091348"", ""rule"": ""EC50 为标准化浓度型效力指标""}]",2,1.21,FC@CHEMBL3095513,2,,,0,2,1,"[{""assay"": ""CHEMBL3095513"", ""type"": ""FC"", ""scale"": ""fold"", ""value"": 1.21, ""units"": null, ""doc"": ""CHEMBL3091348"", ""rule"": ""FC（fold change）为激活倍数""}, {""assay"": ""CHEMBL3095514"", ""type"": ""FC"", ""scale"": ""fold"", ""value"": 0.11, ""units"": null, ""doc"": ""CHEMBL3091348"", ""rule"": ""FC（fold change）为激活倍数""}]",0,,0,,3,3,1,"[""CHEMBL3091348""]",2013,LITERATURE,0,不适用（可定量效力值不足 2 个 assay）,中,仅 1 篇文献支撑
CHEMBL3091585,,Small molecule,,O=C(O)c1ccc(NC(=O)[C@H](CC2CCOCC2)n2cnc(S(=O)(=O)C3CCC3)c2)nc1,BMHNAEAUCLFHMD-KRWDZBQOSA-N,1,EC50:1,,,,,,,,1,10000.0,0,1,1,"[{""assay"": ""CHEMBL3095515"", ""type"": ""EC50"", ""relation"": "">"", ""value_nm"": 10000.0, ""pactivity"": null, ""doc"": ""CHEMBL3091348"", ""rule"": ""EC50 为标准化浓度型效力指标""}]",0,,,0,,,0,0,0,,0,,0,,1,1,1,"[""CHEMBL3091348""]",2013,LITERATURE,0,不适用（可定量效力值不足 2 个 assay）,弱,仅 1 篇文献支撑；1 条效力为删失值（>，最高浓度未达 EC50），未计入汇总；无可定量的效力或效能值
CHEMBL3113979,,Small molecule,,C[C@H]1COCCN1C[C@H]1CN(S(=O)(=O)c2cccs2)CCN1c1ccc([C@@](C)(O)C(F)(F)F)cc1,OJTJLEFGCNYTBQ-RBDMOPTHSA-N,1,EC50:1,,,,,,,,1,50000.0,0,1,1,"[{""assay"": ""CHEMBL3131525"", ""type"": ""EC50"", ""relation"": "">"", ""value_nm"": 50000.0, ""pactivity"": null, ""doc"": ""CHEMBL3124752"", ""rule"": ""EC50 为标准化浓度型效力指标""}]",0,,,0,,,0,0,0,,0,,0,,1,1,1,"[""CHEMBL3124752""]",2014,LITERATURE,0,不适用（可定量效力值不足 2 个 assay）,弱,仅 1 篇文献支撑；1 条效力为删失值（>，最高浓度未达 EC50），未计入汇总；无可定量的效力或效能值
CHEMBL3113992,,Small molecule,,O=S(=O)(c1cccs1)N1CCN(c2ccc(C(O)(C(F)(F)F)C(F)(F)F)cc2)CC1,FTXKDYBMOPKENQ-UHFFFAOYSA-N,1,EC50:1,,,,,,,,1,50000.0,0,1,1,"[{""assay"": ""CHEMBL3131525"", ""type"": ""EC50"", ""relation"": "">"", ""value_nm"": 50000.0, ""pactivity"": null, ""doc"": ""CHEMBL3124752"", ""rule"": ""EC50 为标准化浓度型效力指标""}]",0,,,0,,,0,0,0,,0,,0,,1,1,1,"[""CHEMBL3124752""]",2014,LITERATURE,0,不适用（可定量效力值不足 2 个 assay）,弱,仅 1 篇文献支撑；1 条效力为删失值（>，最高浓度未达 EC50），未计入汇总；无可定量的效力或效能值
CHEMBL3126544,,Small molecule,,CCCN(C(=O)Nc1nc(C)cs1)c1ccc(OC(C)(C)C(=O)O)cc1,AVDJEHSTQGVQRI-UHFFFAOYSA-N,0,,,,,,,,,0,,0,0,0,,1,0.9,FC@CHEMBL3131381,1,,,0,1,1,"[{""assay"": ""CHEMBL3131381"", ""type"": ""FC"", ""scale"": ""fold"", ""value"": 0.9, ""units"": null, ""doc"": ""CHEMBL3124776"", ""rule"": ""FC（fold change）为激活倍数""}]",0,,0,,1,1,1,"[""CHEMBL3124776""]",2014,LITERATURE,0,不适用（可定量效力值不足 2 个 assay）,弱,仅 1 篇文献支撑
CHEMBL3126545,,Small molecule,,CCCN(C(=O)Nc1cc(C)on1)c1ccc(OC(C)(C)C(=O)O)cc1,PJIQWIFSBIZVSV-UHFFFAOYSA-N,0,,,,,,,,,0,,0,0,0,,1,0.8,FC@CHEMBL3131381,1,,,0,1,1,"[{""assay"": ""CHEMBL3131381"", ""type"": ""FC"", ""scale"": ""fold"", ""value"": 0.8, ""units"": null, ""doc"": ""CHEMBL3124776"", ""rule"": ""FC（fold change）为激活倍数""}]",0,,0,,1,1,1,"[""CHEMBL3124776""]",2014,LITERATURE,0,不适用（可定量效力值不足 2 个 assay）,弱,仅 1 篇文献支撑
CHEMBL3126546,,Small molecule,,CCCN(C(=O)Nc1ccccn1)c1ccc(OC(C)(C)C(=O)O)cc1,IXXXLYXLQXKVRV-UHFFFAOYSA-N,0,,,,,,,,,0,,0,0,0,,1,0.9,FC@CHEMBL3131381,1,,,0,1,1,"[{""assay"": ""CHEMBL3131381"", ""type"": ""FC"", ""scale"": ""fold"", ""value"": 0.9, ""units"": null, ""doc"": ""CHEMBL3124776"", ""rule"": ""FC（fold change）为激活倍数""}]",0,,0,,1,1,1,"[""CHEMBL3124776""]",2014,LITERATURE,0,不适用（可定量效力值不足 2 个 assay）,弱,仅 1 篇文献支撑
CHEMBL3126547,,Small molecule,,C=CCN(C(=O)Nc1nc2ccccc2s1)c1ccc(OC(C)(C)C(=O)O)cc1,OQUANCFLKHWWGB-UHFFFAOYSA-N,0,,,,,,,,,0,,0,0,0,,1,1.4,FC@CHEMBL3131381,1,,,0,1,1,"[{""assay"": ""CHEMBL3131381"", ""type"": ""FC"", ""scale"": ""fold"", ""value"": 1.4, ""units"": null, ""doc"": ""CHEMBL3124776"", ""rule"": ""FC（fold change）为激活倍数""}]",0,,0,,1,1,1,"[""CHEMBL3124776""]",2014,LITERATURE,0,不适用（可定量效力值不足 2 个 assay）,弱,仅 1 篇文献支撑
CHEMBL3126548,,Small molecule,,CC(C)=CCN(C(=O)Nc1nc2ccccc2s1)c1ccc(OC(C)(C)C(=O)O)cc1,NQVJZRXFVBMZOG-UHFFFAOYSA-N,0,,,,,,,,,0,,0,0,0,,1,1.4,FC@CHEMBL3131381,1,,,0,1,1,"[{""assay"": ""CHEMBL3131381"", ""type"": ""FC"", ""scale"": ""fold"", ""value"": 1.4, ""units"": null, ""doc"": ""CHEMBL3124776"", ""rule"": ""FC（fold change）为激活倍数""}]",0,,0,,1,1,1,"[""CHEMBL3124776""]",2014,LITERATURE,0,不适用（可定量效力值不足 2 个 assay）,弱,仅 1 篇文献支撑
CHEMBL3126549,,Small molecule,,CC(C)(Oc1ccc(N(CC2CCCCC2)C(=O)Nc2nc3ccccc3s2)cc1)C(=O)O,RKOKWWWJPHZXTP-UHFFFAOYSA-N,0,,,,,,,,,0,,0,0,0,,1,1.7,FC@CHEMBL3131381,1,,,0,1,1,"[{""assay"": ""CHEMBL3131381"", ""type"": ""FC"", ""scale"": ""fold"", ""value"": 1.7, ""units"": null, ""doc"": ""CHEMBL3124776"", ""rule"": ""FC（fold change）为激活倍数""}]",0,,0,,1,1,1,"[""CHEMBL3124776""]",2014,LITERATURE,0,不适用（可定量效力值不足 2 个 assay）,弱,仅 1 篇文献支撑
CHEMBL3126550,,Small molecule,,CC(C)(Oc1ccc(N(Cc2ccco2)C(=O)Nc2nc3ccccc3s2)cc1)C(=O)O,HWGJBVZUEKEYKE-UHFFFAOYSA-N,0,,,,,,,,,0,,0,0,0,,1,0.8,FC@CHEMBL3131381,1,,,0,1,1,"[{""assay"": ""CHEMBL3131381"", ""type"": ""FC"", ""scale"": ""fold"", ""value"": 0.8, ""units"": null, ""doc"": ""CHEMBL3124776"", ""rule"": ""FC（fold change）为激活倍数""}]",0,,0,,1,1,1,"[""CHEMBL3124776""]",2014,LITERATURE,0,不适用（可定量效力值不足 2 个 assay）,弱,仅 1 篇文献支撑
CHEMBL3126551,,Small molecule,,CC(C)(Oc1ccc(N(Cc2cccc(F)c2)C(=O)Nc2nc3ccccc3s2)cc1)C(=O)O,VLHJQPGYQHEBPP-UHFFFAOYSA-N,0,,,,,,,,,0,,0,0,0,,1,1.6,FC@CHEMBL3131381,1,,,0,1,1,"[{""assay"": ""CHEMBL3131381"", ""type"": ""FC"", ""scale"": ""fold"", ""value"": 1.6, ""units"": null, ""doc"": ""CHEMBL3124776"", ""rule"": ""FC（fold change）为激活倍数""}]",0,,0,,1,1,1,"[""CHEMBL3124776""]",2014,LITERATURE,0,不适用（可定量效力值不足 2 个 assay）,弱,仅 1 篇文献支撑
CHEMBL3126552,,Small molecule,,CCCCCN(C(=O)Nc1nccs1)c1ccc(OC(C)(C)C(=O)O)cc1,LCKLPXMAMQURDA-UHFFFAOYSA-N,0,,,,,,,,,0,,0,0,0,,1,1.8,FC@CHEMBL3131381,1,,,0,1,1,"[{""assay"": ""CHEMBL3131381"", ""type"": ""FC"", ""scale"": ""fold"", ""value"": 1.8, ""units"": null, ""doc"": ""CHEMBL3124776"", ""rule"": ""FC（fold change）为激活倍数""}]",0,,0,,1,1,1,"[""CHEMBL3124776""]",2014,LITERATURE,0,不适用（可定量效力值不足 2 个 assay）,弱,仅 1 篇文献支撑
CHEMBL3126553,,Small molecule,,CC(C)CCN(C(=O)Nc1nccs1)c1ccc(OC(C)(C)C(=O)O)cc1,GURVISDDKMWGJX-UHFFFAOYSA-N,0,,,,,,,,,0,,0,0,0,,1,1.3,FC@CHEMBL3131381,1,,,0,1,1,"[{""assay"": ""CHEMBL3131381"", ""type"": ""FC"", ""scale"": ""fold"", ""value"": 1.3, ""units"": null, ""doc"": ""CHEMBL3124776"", ""rule"": ""FC（fold change）为激活倍数""}]",0,,0,,1,1,1,"[""CHEMBL3124776""]",2014,LITERATURE,0,不适用（可定量效力值不足 2 个 assay）,弱,仅 1 篇文献支撑
CHEMBL3126554,,Small molecule,,CCOCCN(C(=O)Nc1nccs1)c1ccc(OC(C)(C)C(=O)O)cc1,ACRWYPXPOAJWPT-UHFFFAOYSA-N,0,,,,,,,,,0,,0,0,0,,1,1.4,FC@CHEMBL3131381,1,,,0,1,1,"[{""assay"": ""CHEMBL3131381"", ""type"": ""FC"", ""scale"": ""fold"", ""value"": 1.4, ""units"": null, ""doc"": ""CHEMBL3124776"", ""rule"": ""FC（fold change）为激活倍数""}]",0,,0,,1,1,1,"[""CHEMBL3124776""]",2014,LITERATURE,0,不适用（可定量效力值不足 2 个 assay）,弱,仅 1 篇文献支撑
CHEMBL3126555,,Small molecule,,CC(C)=CCN(C(=O)Nc1nccs1)c1ccc(OC(C)(C)C(=O)O)cc1,QOKATHCTBKSQLD-UHFFFAOYSA-N,0,,,,,,,,,0,,0,0,0,,1,1.2,FC@CHEMBL3131381,1,,,0,1,1,"[{""assay"": ""CHEMBL3131381"", ""type"": ""FC"", ""scale"": ""fold"", ""value"": 1.2, ""units"": null, ""doc"": ""CHEMBL3124776"", ""rule"": ""FC（fold change）为激活倍数""}]",0,,0,,1,1,1,"[""CHEMBL3124776""]",2014,LITERATURE,0,不适用（可定量效力值不足 2 个 assay）,弱,仅 1 篇文献支撑
CHEMBL3126556,,Small molecule,,CC(C)(Oc1ccc(N(CC2CCCC2)C(=O)Nc2nccs2)cc1)C(=O)O,YOGCXHGPSPPMRD-UHFFFAOYSA-N,0,,,,,,,,,0,,0,0,0,,1,1.4,FC@CHEMBL3131381,1,,,0,1,1,"[{""assay"": ""CHEMBL3131381"", ""type"": ""FC"", ""scale"": ""fold"", ""value"": 1.4, ""units"": null, ""doc"": ""CHEMBL3124776"", ""rule"": ""FC（fold change）为激活倍数""}]",0,,0,,1,1,1,"[""CHEMBL3124776""]",2014,LITERATURE,0,不适用（可定量效力值不足 2 个 assay）,弱,仅 1 篇文献支撑
CHEMBL3126557,,Small molecule,,CC(C)(Oc1ccc(N(CC2CCCCC2)C(=O)Nc2nccs2)cc1)C(=O)O,YSRRIOQADOALOH-UHFFFAOYSA-N,0,,,,,,,,,0,,0,0,0,,1,1.5,FC@CHEMBL3131381,1,,,0,1,1,"[{""assay"": ""CHEMBL3131381"", ""type"": ""FC"", ""scale"": ""fold"", ""value"": 1.5, ""units"": null, ""doc"": ""CHEMBL3124776"", ""rule"": ""FC（fold change）为激活倍数""}]",0,,0,,1,1,1,"[""CHEMBL3124776""]",2014,LITERATURE,0,不适用（可定量效力值不足 2 个 assay）,弱,仅 1 篇文献支撑
CHEMBL3126558,,Small molecule,,CC(C)(Oc1ccc(N(Cc2ccco2)C(=O)Nc2nccs2)cc1)C(=O)O,FMLICZPKMWFYJX-UHFFFAOYSA-N,0,,,,,,,,,0,,0,0,0,,1,0.9,FC@CHEMBL3131381,1,,,0,1,1,"[{""assay"": ""CHEMBL3131381"", ""type"": ""FC"", ""scale"": ""fold"", ""value"": 0.9, ""units"": null, ""doc"": ""CHEMBL3124776"", ""rule"": ""FC（fold change）为激活倍数""}]",0,,0,,1,1,1,"[""CHEMBL3124776""]",2014,LITERATURE,0,不适用（可定量效力值不足 2 个 assay）,弱,仅 1 篇文献支撑
CHEMBL3126559,,Small molecule,,CC(C)(Oc1ccc(N(Cc2cccc(F)c2)C(=O)Nc2nccs2)cc1)C(=O)O,OOZMQPYISFGXHY-UHFFFAOYSA-N,0,,,,,,,,,0,,0,0,0,,1,0.9,FC@CHEMBL3131381,1,,,0,1,1,"[{""assay"": ""CHEMBL3131381"", ""type"": ""FC"", ""scale"": ""fold"", ""value"": 0.9, ""units"": null, ""doc"": ""CHEMBL3124776"", ""rule"": ""FC（fold change）为激活倍数""}]",0,,0,,1,1,1,"[""CHEMBL3124776""]",2014,LITERATURE,0,不适用（可定量效力值不足 2 个 assay）,弱,仅 1 篇文献支撑
CHEMBL3126560,,Small molecule,,CCCCCN(C(=O)Nc1nc2ccc(C)cc2s1)c1ccc(OC(C)(C)C(=O)O)cc1,AUKJZWLVFVOWDO-UHFFFAOYSA-N,0,,,,,,,,,0,,0,0,0,,1,1.8,FC@CHEMBL3131381,1,,,0,1,1,"[{""assay"": ""CHEMBL3131381"", ""type"": ""FC"", ""scale"": ""fold"", ""value"": 1.8, ""units"": null, ""doc"": ""CHEMBL3124776"", ""rule"": ""FC（fold change）为激活倍数""}]",0,,0,,1,1,1,"[""CHEMBL3124776""]",2014,LITERATURE,0,不适用（可定量效力值不足 2 个 assay）,弱,仅 1 篇文献支撑
CHEMBL3126561,,Small molecule,,CCCN(C(=O)Nc1nc2ccc(C)cc2s1)c1ccc(OC(C)(C)C(=O)O)cc1,FWTGEZQECZPQRO-UHFFFAOYSA-N,0,,,,,,,,,0,,0,0,0,,1,1.6,FC@CHEMBL3131381,1,,,0,1,1,"[{""assay"": ""CHEMBL3131381"", ""type"": ""FC"", ""scale"": ""fold"", ""value"": 1.6, ""units"": null, ""doc"": ""CHEMBL3124776"", ""rule"": ""FC（fold change）为激活倍数""}]",0,,0,,1,1,1,"[""CHEMBL3124776""]",2014,LITERATURE,0,不适用（可定量效力值不足 2 个 assay）,弱,仅 1 篇文献支撑
CHEMBL3126562,,Small molecule,,CC(C)(Oc1ccc(N(CC2CC2)C(=O)Nc2ccc(C(=O)O)cn2)cc1)C(=O)O,IDYXQLUGADXPBW-UHFFFAOYSA-N,0,,,,,,,,,0,,0,0,0,,1,1.5,FC@CHEMBL3131381,1,,,0,1,1,"[{""assay"": ""CHEMBL3131381"", ""type"": ""FC"", ""scale"": ""fold"", ""value"": 1.5, ""units"": null, ""doc"": ""CHEMBL3124776"", ""rule"": ""FC（fold change）为激活倍数""}]",0,,0,,1,1,1,"[""CHEMBL3124776""]",2014,LITERATURE,0,不适用（可定量效力值不足 2 个 assay）,弱,仅 1 篇文献支撑
CHEMBL3126563,,Small molecule,,CCOC(=O)C(C)(C)Oc1ccc(N(CCC(C)C)C(=O)Nc2nc3ccccc3s2)cc1,PZOUVRXLXOHWKJ-UHFFFAOYSA-N,0,,,,,,,,,0,,0,0,0,,1,1.3,FC@CHEMBL3131381,1,,,0,1,1,"[{""assay"": ""CHEMBL3131381"", ""type"": ""FC"", ""scale"": ""fold"", ""value"": 1.3, ""units"": null, ""doc"": ""CHEMBL3124776"", ""rule"": ""FC（fold change）为激活倍数""}]",0,,0,,1,1,1,"[""CHEMBL3124776""]",2014,LITERATURE,0,不适用（可定量效力值不足 2 个 assay）,弱,仅 1 篇文献支撑
CHEMBL3126564,,Small molecule,,CCOCCN(C(=O)Nc1nc2ccccc2s1)c1ccc(OC(C)(C)C(=O)OCC)cc1,BFVHWYQHUAYCIN-UHFFFAOYSA-N,0,,,,,,,,,0,,0,0,0,,1,1.5,FC@CHEMBL3131381,1,,,0,1,1,"[{""assay"": ""CHEMBL3131381"", ""type"": ""FC"", ""scale"": ""fold"", ""value"": 1.5, ""units"": null, ""doc"": ""CHEMBL3124776"", ""rule"": ""FC（fold change）为激活倍数""}]",0,,0,,1,1,1,"[""CHEMBL3124776""]",2014,LITERATURE,0,不适用（可定量效力值不足 2 个 assay）,弱,仅 1 篇文献支撑
CHEMBL3126565,,Small molecule,,C=CCN(C(=O)Nc1nc2ccccc2s1)c1ccc(OC(C)(C)C(=O)OCC)cc1,LKUFXELKBVGIKQ-UHFFFAOYSA-N,0,,,,,,,,,0,,0,0,0,,1,1.1,FC@CHEMBL3131381,1,,,0,1,1,"[{""assay"": ""CHEMBL3131381"", ""type"": ""FC"", ""scale"": ""fold"", ""value"": 1.1, ""units"": null, ""doc"": ""CHEMBL3124776"", ""rule"": ""FC（fold change）为激活倍数""}]",0,,0,,1,1,1,"[""CHEMBL3124776""]",2014,LITERATURE,0,不适用（可定量效力值不足 2 个 assay）,弱,仅 1 篇文献支撑
CHEMBL3126566,,Small molecule,,CCOC(=O)C(C)(C)Oc1ccc(N(CC=C(C)C)C(=O)Nc2nc3ccccc3s2)cc1,ZJIDSGVKTCPTPM-UHFFFAOYSA-N,0,,,,,,,,,0,,0,0,0,,1,1.2,FC@CHEMBL3131381,1,,,0,1,1,"[{""assay"": ""CHEMBL3131381"", ""type"": ""FC"", ""scale"": ""fold"", ""value"": 1.2, ""units"": null, ""doc"": ""CHEMBL3124776"", ""rule"": ""FC（fold change）为激活倍数""}]",0,,0,,1,1,1,"[""CHEMBL3124776""]",2014,LITERATURE,0,不适用（可定量效力值不足 2 个 assay）,弱,仅 1 篇文献支撑
CHEMBL3126567,,Small molecule,,CCOC(=O)C(C)(C)Oc1ccc(N(CC2CCCC2)C(=O)Nc2nc3ccccc3s2)cc1,AETBAUPSSLSDLY-UHFFFAOYSA-N,0,,,,,,,,,0,,0,0,0,,1,1.2,FC@CHEMBL3131381,1,,,0,1,1,"[{""assay"": ""CHEMBL3131381"", ""type"": ""FC"", ""scale"": ""fold"", ""value"": 1.2, ""units"": null, ""doc"": ""CHEMBL3124776"", ""rule"": ""FC（fold change）为激活倍数""}]",0,,0,,1,1,1,"[""CHEMBL3124776""]",2014,LITERATURE,0,不适用（可定量效力值不足 2 个 assay）,弱,仅 1 篇文献支撑
CHEMBL3126568,,Small molecule,,CCOC(=O)C(C)(C)Oc1ccc(N(CC2CCCCC2)C(=O)Nc2nc3ccccc3s2)cc1,RLFUQDXGNWYZBW-UHFFFAOYSA-N,0,,,,,,,,,0,,0,0,0,,1,0.9,FC@CHEMBL3131381,1,,,0,1,1,"[{""assay"": ""CHEMBL3131381"", ""type"": ""FC"", ""scale"": ""fold"", ""value"": 0.9, ""units"": null, ""doc"": ""CHEMBL3124776"", ""rule"": ""FC（fold change）为激活倍数""}]",0,,0,,1,1,1,"[""CHEMBL3124776""]",2014,LITERATURE,0,不适用（可定量效力值不足 2 个 assay）,弱,仅 1 篇文献支撑
CHEMBL3126569,,Small molecule,,CCOC(=O)C(C)(C)Oc1ccc(N(Cc2ccco2)C(=O)Nc2nc3ccccc3s2)cc1,CFXGGLPBWIKLGF-UHFFFAOYSA-N,0,,,,,,,,,0,,0,0,0,,1,1.1,FC@CHEMBL3131381,1,,,0,1,1,"[{""assay"": ""CHEMBL3131381"", ""type"": ""FC"", ""scale"": ""fold"", ""value"": 1.1, ""units"": null, ""doc"": ""CHEMBL3124776"", ""rule"": ""FC（fold change）为激活倍数""}]",0,,0,,1,1,1,"[""CHEMBL3124776""]",2014,LITERATURE,0,不适用（可定量效力值不足 2 个 assay）,弱,仅 1 篇文献支撑
CHEMBL3126570,,Small molecule,,CCOC(=O)C(C)(C)Oc1ccc(N(Cc2cccc(F)c2)C(=O)Nc2nc3ccccc3s2)cc1,PVHDDQFZMFEYHK-UHFFFAOYSA-N,0,,,,,,,,,0,,0,0,0,,1,1.1,FC@CHEMBL3131381,1,,,0,1,1,"[{""assay"": ""CHEMBL3131381"", ""type"": ""FC"", ""scale"": ""fold"", ""value"": 1.1, ""units"": null, ""doc"": ""CHEMBL3124776"", ""rule"": ""FC（fold change）为激活倍数""}]",0,,0,,1,1,1,"[""CHEMBL3124776""]",2014,LITERATURE,0,不适用（可定量效力值不足 2 个 assay）,弱,仅 1 篇文献支撑
CHEMBL3126571,,Small molecule,,CCCCCN(C(=O)Nc1nccs1)c1ccc(OC(C)(C)C(=O)OCC)cc1,WNBRKOJXLGQWDE-UHFFFAOYSA-N,0,,,,,,,,,0,,0,0,0,,1,1.8,FC@CHEMBL3131381,1,,,0,1,1,"[{""assay"": ""CHEMBL3131381"", ""type"": ""FC"", ""scale"": ""fold"", ""value"": 1.8, ""units"": null, ""doc"": ""CHEMBL3124776"", ""rule"": ""FC（fold change）为激活倍数""}]",0,,0,,1,1,1,"[""CHEMBL3124776""]",2014,LITERATURE,0,不适用（可定量效力值不足 2 个 assay）,弱,仅 1 篇文献支撑
CHEMBL3126572,,Small molecule,,CCOC(=O)C(C)(C)Oc1ccc(N(CCC(C)C)C(=O)Nc2nccs2)cc1,BQBCDKYGHQMROD-UHFFFAOYSA-N,0,,,,,,,,,0,,0,0,0,,1,1.5,FC@CHEMBL3131381,1,,,0,1,1,"[{""assay"": ""CHEMBL3131381"", ""type"": ""FC"", ""scale"": ""fold"", ""value"": 1.5, ""units"": null, ""doc"": ""CHEMBL3124776"", ""rule"": ""FC（fold change）为激活倍数""}]",0,,0,,1,1,1,"[""CHEMBL3124776""]",2014,LITERATURE,0,不适用（可定量效力值不足 2 个 assay）,弱,仅 1 篇文献支撑
CHEMBL3126573,,Small molecule,,CCOCCN(C(=O)Nc1nccs1)c1ccc(OC(C)(C)C(=O)OCC)cc1,ASXWHIYJDTUQKQ-UHFFFAOYSA-N,0,,,,,,,,,0,,0,0,0,,1,1.5,FC@CHEMBL3131381,1,,,0,1,1,"[{""assay"": ""CHEMBL3131381"", ""type"": ""FC"", ""scale"": ""fold"", ""value"": 1.5, ""units"": null, ""doc"": ""CHEMBL3124776"", ""rule"": ""FC（fold change）为激活倍数""}]",0,,0,,1,1,1,"[""CHEMBL3124776""]",2014,LITERATURE,0,不适用（可定量效力值不足 2 个 assay）,弱,仅 1 篇文献支撑
CHEMBL3126574,,Small molecule,,C=CCN(C(=O)Nc1nccs1)c1ccc(OC(C)(C)C(=O)OCC)cc1,OXLVEEPZBREPQL-UHFFFAOYSA-N,0,,,,,,,,,0,,0,0,0,,1,1.7,FC@CHEMBL3131381,1,,,0,1,1,"[{""assay"": ""CHEMBL3131381"", ""type"": ""FC"", ""scale"": ""fold"", ""value"": 1.7, ""units"": null, ""doc"": ""CHEMBL3124776"", ""rule"": ""FC（fold change）为激活倍数""}]",0,,0,,1,1,1,"[""CHEMBL3124776""]",2014,LITERATURE,0,不适用（可定量效力值不足 2 个 assay）,弱,仅 1 篇文献支撑
CHEMBL3126575,,Small molecule,,CCOC(=O)C(C)(C)Oc1ccc(N(CC=C(C)C)C(=O)Nc2nccs2)cc1,GUBPWRJZAJZCFG-UHFFFAOYSA-N,0,,,,,,,,,0,,0,0,0,,1,1.6,FC@CHEMBL3131381,1,,,0,1,1,"[{""assay"": ""CHEMBL3131381"", ""type"": ""FC"", ""scale"": ""fold"", ""value"": 1.6, ""units"": null, ""doc"": ""CHEMBL3124776"", ""rule"": ""FC（fold change）为激活倍数""}]",0,,0,,1,1,1,"[""CHEMBL3124776""]",2014,LITERATURE,0,不适用（可定量效力值不足 2 个 assay）,弱,仅 1 篇文献支撑
CHEMBL3126576,,Small molecule,,CCOC(=O)C(C)(C)Oc1ccc(N(CC2CCCC2)C(=O)Nc2nccs2)cc1,VARCPVXNOLGTEC-UHFFFAOYSA-N,0,,,,,,,,,0,,0,0,0,,1,1.5,FC@CHEMBL3131381,1,,,0,1,1,"[{""assay"": ""CHEMBL3131381"", ""type"": ""FC"", ""scale"": ""fold"", ""value"": 1.5, ""units"": null, ""doc"": ""CHEMBL3124776"", ""rule"": ""FC（fold change）为激活倍数""}]",0,,0,,1,1,1,"[""CHEMBL3124776""]",2014,LITERATURE,0,不适用（可定量效力值不足 2 个 assay）,弱,仅 1 篇文献支撑
CHEMBL3126577,,Small molecule,,CCOC(=O)C(C)(C)Oc1ccc(N(CC2CCCCC2)C(=O)Nc2nccs2)cc1,HITMMZZJCWRNKQ-UHFFFAOYSA-N,0,,,,,,,,,0,,0,0,0,,1,1.5,FC@CHEMBL3131381,1,,,0,1,1,"[{""assay"": ""CHEMBL3131381"", ""type"": ""FC"", ""scale"": ""fold"", ""value"": 1.5, ""units"": null, ""doc"": ""CHEMBL3124776"", ""rule"": ""FC（fold change）为激活倍数""}]",0,,0,,1,1,1,"[""CHEMBL3124776""]",2014,LITERATURE,0,不适用（可定量效力值不足 2 个 assay）,弱,仅 1 篇文献支撑
CHEMBL3126578,,Small molecule,,CCOC(=O)C(C)(C)Oc1ccc(N(CC)C(=O)Nc2nc3ccccc3s2)cc1,UEDNEBYOFMDFMX-UHFFFAOYSA-N,0,,,,,,,,,0,,0,0,0,,1,1.3,FC@CHEMBL3131381,1,,,0,1,1,"[{""assay"": ""CHEMBL3131381"", ""type"": ""FC"", ""scale"": ""fold"", ""value"": 1.3, ""units"": null, ""doc"": ""CHEMBL3124776"", ""rule"": ""FC（fold change）为激活倍数""}]",0,,0,,1,1,1,"[""CHEMBL3124776""]",2014,LITERATURE,0,不适用（可定量效力值不足 2 个 assay）,弱,仅 1 篇文献支撑
CHEMBL3126579,,Small molecule,,CCOC(=O)C(C)(C)Oc1ccc(N(Cc2ccco2)C(=O)Nc2nccs2)cc1,ZAWOHYTYCPCTNK-UHFFFAOYSA-N,0,,,,,,,,,0,,0,0,0,,1,1.6,FC@CHEMBL3131381,1,,,0,1,1,"[{""assay"": ""CHEMBL3131381"", ""type"": ""FC"", ""scale"": ""fold"", ""value"": 1.6, ""units"": null, ""doc"": ""CHEMBL3124776"", ""rule"": ""FC（fold change）为激活倍数""}]",0,,0,,1,1,1,"[""CHEMBL3124776""]",2014,LITERATURE,0,不适用（可定量效力值不足 2 个 assay）,弱,仅 1 篇文献支撑
CHEMBL3126580,,Small molecule,,CCOC(=O)C(C)(C)Oc1ccc(N(Cc2cccc(F)c2)C(=O)Nc2nccs2)cc1,QJWDHAJFBRKCCD-UHFFFAOYSA-N,0,,,,,,,,,0,,0,0,0,,1,1.3,FC@CHEMBL3131381,1,,,0,1,1,"[{""assay"": ""CHEMBL3131381"", ""type"": ""FC"", ""scale"": ""fold"", ""value"": 1.3, ""units"": null, ""doc"": ""CHEMBL3124776"", ""rule"": ""FC（fold change）为激活倍数""}]",0,,0,,1,1,1,"[""CHEMBL3124776""]",2014,LITERATURE,0,不适用（可定量效力值不足 2 个 assay）,弱,仅 1 篇文献支撑
CHEMBL3126581,,Small molecule,,CCCCCN(C(=O)Nc1nc2ccc(C)cc2s1)c1ccc(OC(C)(C)C(=O)OCC)cc1,UZPRPKMAWSBSEX-UHFFFAOYSA-N,0,,,,,,,,,0,,0,0,0,,1,0.9,FC@CHEMBL3131381,1,,,0,1,1,"[{""assay"": ""CHEMBL3131381"", ""type"": ""FC"", ""scale"": ""fold"", ""value"": 0.9, ""units"": null, ""doc"": ""CHEMBL3124776"", ""rule"": ""FC（fold change）为激活倍数""}]",0,,0,,1,1,1,"[""CHEMBL3124776""]",2014,LITERATURE,0,不适用（可定量效力值不足 2 个 assay）,弱,仅 1 篇文献支撑
CHEMBL3126582,,Small molecule,,CCOC(=O)C(C)(C)Oc1ccc(N(CC2CC2)C(=O)Nc2ncc(Cl)s2)cc1,XOYJWKFJWDDMLP-UHFFFAOYSA-N,0,,,,,,,,,0,,0,0,0,,1,1.4,FC@CHEMBL3131381,1,,,0,1,1,"[{""assay"": ""CHEMBL3131381"", ""type"": ""FC"", ""scale"": ""fold"", ""value"": 1.4, ""units"": null, ""doc"": ""CHEMBL3124776"", ""rule"": ""FC（fold change）为激活倍数""}]",0,,0,,1,1,1,"[""CHEMBL3124776""]",2014,LITERATURE,0,不适用（可定量效力值不足 2 个 assay）,弱,仅 1 篇文献支撑
CHEMBL3126583,,Small molecule,,CCN(C(=O)Nc1nc2ccccc2s1)c1ccc(OC(C)(C)C(=O)O)cc1,GRBRFKHTRZXUGB-UHFFFAOYSA-N,0,,,,,,,,,0,,0,0,0,,1,1.2,FC@CHEMBL3131381,1,,,0,1,1,"[{""assay"": ""CHEMBL3131381"", ""type"": ""FC"", ""scale"": ""fold"", ""value"": 1.2, ""units"": null, ""doc"": ""CHEMBL3124776"", ""rule"": ""FC（fold change）为激活倍数""}]",0,,0,,1,1,1,"[""CHEMBL3124776""]",2014,LITERATURE,0,不适用（可定量效力值不足 2 个 assay）,弱,仅 1 篇文献支撑
CHEMBL3126761,,Small molecule,,CC(C)CCN(C(=O)Nc1nc2ccccc2s1)c1ccc(OC(C)(C)C(=O)O)cc1,BXMQGQAAYNBCPY-UHFFFAOYSA-N,0,,,,,,,,,0,,0,0,0,,1,1.6,FC@CHEMBL3131381,1,,,0,1,1,"[{""assay"": ""CHEMBL3131381"", ""type"": ""FC"", ""scale"": ""fold"", ""value"": 1.6, ""units"": null, ""doc"": ""CHEMBL3124776"", ""rule"": ""FC（fold change）为激活倍数""}]",0,,0,,1,1,1,"[""CHEMBL3124776""]",2014,LITERATURE,0,不适用（可定量效力值不足 2 个 assay）,弱,仅 1 篇文献支撑
CHEMBL3126762,,Small molecule,,CCOCCN(C(=O)Nc1nc2ccccc2s1)c1ccc(OC(C)(C)C(=O)O)cc1,FZQNDWWSCUIHDD-UHFFFAOYSA-N,0,,,,,,,,,0,,0,0,0,,1,1.4,FC@CHEMBL3131381,1,,,0,1,1,"[{""assay"": ""CHEMBL3131381"", ""type"": ""FC"", ""scale"": ""fold"", ""value"": 1.4, ""units"": null, ""doc"": ""CHEMBL3124776"", ""rule"": ""FC（fold change）为激活倍数""}]",0,,0,,1,1,1,"[""CHEMBL3124776""]",2014,LITERATURE,0,不适用（可定量效力值不足 2 个 assay）,弱,仅 1 篇文献支撑
CHEMBL3217758,,Small molecule,,COC[C@H](C)Oc1cc(Oc2ccc(C(=O)N(C)C)cc2)cc(C(=O)Nc2cc[nH]n2)c1,KVGFQVIQIPUWBE-HNNXBMFYSA-N,1,EC50:1,50.0,50.0,50.0,7.3,7.3,7.3,,0,,0,1,1,"[{""assay"": ""CHEMBL3224190"", ""type"": ""EC50"", ""relation"": ""="", ""value_nm"": 50.0, ""pactivity"": 7.3, ""doc"": ""CHEMBL3217434"", ""rule"": ""EC50 为标准化浓度型效力指标""}]",0,,,0,,,0,0,0,,0,,0,,1,1,1,"[""CHEMBL3217434""]",2011,LITERATURE,0,不适用（可定量效力值不足 2 个 assay）,弱,仅 1 篇文献支撑
CHEMBL3217766,,Small molecule,,COC(=O)[C@H](CC(C)C)NC(=O)c1cnc(NC(=O)C(CC2CCOCC2)c2ccc(S(=O)(=O)C3CC3)cc2)s1,UNGVXJUIJVUEEB-WCSIJFPASA-N,1,EC50:1,1520.0,1520.0,1520.0,5.82,5.82,5.82,,0,,0,1,1,"[{""assay"": ""CHEMBL3225185"", ""type"": ""EC50"", ""relation"": ""="", ""value_nm"": 1520.0, ""pactivity"": 5.82, ""doc"": ""CHEMBL3217569"", ""rule"": ""EC50 为标准化浓度型效力指标""}]",1,1.5,max activation@CHEMBL3225186,1,,,0,1,1,"[{""assay"": ""CHEMBL3225186"", ""type"": ""max activation"", ""scale"": ""fold"", ""value"": 1.5, ""units"": null, ""doc"": ""CHEMBL3217569"", ""rule"": ""max activation 为激活幅度指标，按该 assay 内值域（max=2.97）判为 fold 尺度""}]",0,,0,,2,2,1,"[""CHEMBL3217569""]",2011,LITERATURE,0,不适用（可定量效力值不足 2 个 assay）,中,仅 1 篇文献支撑
CHEMBL3217794,,Small molecule,,Cc1cnc(NC(=O)[C@H](COC(C)C)Oc2ncnc3c2cnn3-c2ccccc2Cl)cn1,YJMNDMNADRUIMG-SFHVURJKSA-N,1,EC50:1,316.23,316.23,316.23,6.5,6.5,6.5,,0,,0,1,1,"[{""assay"": ""CHEMBL3226993"", ""type"": ""EC50"", ""relation"": ""="", ""value_nm"": 316.23, ""pactivity"": 6.5, ""doc"": ""CHEMBL3217683"", ""rule"": ""EC50 为标准化浓度型效力指标""}]",0,,,0,,,0,0,0,,0,,0,,1,1,1,"[""CHEMBL3217683""]",2013,LITERATURE,0,不适用（可定量效力值不足 2 个 assay）,弱,仅 1 篇文献支撑
CHEMBL3217921,,Small molecule,,COC[C@H](C)Oc1cc(Oc2cc(F)cc(F)c2)cc(C(=O)Nc2nccs2)c1,PTAGXTKZJWWADL-LBPRGKRZSA-N,1,EC50:1,70.0,70.0,70.0,7.16,7.16,7.16,,0,,0,1,1,"[{""assay"": ""CHEMBL3224178"", ""type"": ""EC50"", ""relation"": ""="", ""value_nm"": 70.0, ""pactivity"": 7.16, ""doc"": ""CHEMBL3217479"", ""rule"": ""EC50 为标准化浓度型效力指标""}]",0,,,0,,,0,0,0,,0,,0,,1,1,1,"[""CHEMBL3217479""]",2011,LITERATURE,0,不适用（可定量效力值不足 2 个 assay）,弱,仅 1 篇文献支撑
CHEMBL3217922,,Small molecule,,COC[C@H](C)Oc1cc(Oc2ccc(S(C)(=O)=O)cc2)cc(C(=O)Nc2nccs2)c1,DCUCWQYSNMLTSW-AWEZNQCLSA-N,2,EC50:2,60.0,60.0,60.0,7.22,7.22,7.22,0.0,0,,0,2,2,"[{""assay"": ""CHEMBL3224178"", ""type"": ""EC50"", ""relation"": ""="", ""value_nm"": 60.0, ""pactivity"": 7.22, ""doc"": ""CHEMBL3217479"", ""rule"": ""EC50 为标准化浓度型效力指标""}, {""assay"": ""CHEMBL3224190"", ""type"": ""EC50"", ""relation"": ""="", ""value_nm"": 60.0, ""pactivity"": 7.22, ""doc"": ""CHEMBL3217434"", ""rule"": ""EC50 为标准化浓度型效力指标""}]",0,,,0,,,0,0,0,,0,,0,,2,2,2,"[""CHEMBL3217434"", ""CHEMBL3217479""]",2011,LITERATURE,1,一致（pActivity 极差 0.0，3 倍以内）,强,1 条被 ChEMBL 标为 potential_duplicate
CHEMBL3217923,,Small molecule,,COC[C@H](C)Oc1cc(Oc2ccc(S(C)(=O)=O)cc2)cc(C(=O)Nc2nc(C)ns2)c1,NXWJQVBBXSGVOG-ZDUSSCGKSA-N,2,EC50:2,110.0,110.0,110.0,6.96,6.96,6.96,0.0,0,,0,2,2,"[{""assay"": ""CHEMBL3224178"", ""type"": ""EC50"", ""relation"": ""="", ""value_nm"": 110.0, ""pactivity"": 6.96, ""doc"": ""CHEMBL3217479"", ""rule"": ""EC50 为标准化浓度型效力指标""}, {""assay"": ""CHEMBL3224190"", ""type"": ""EC50"", ""relation"": ""="", ""value_nm"": 110.0, ""pactivity"": 6.96, ""doc"": ""CHEMBL3217434"", ""rule"": ""EC50 为标准化浓度型效力指标""}]",0,,,0,,,0,0,0,,0,,0,,2,2,2,"[""CHEMBL3217434"", ""CHEMBL3217479""]",2011,LITERATURE,1,一致（pActivity 极差 0.0，3 倍以内）,强,1 条被 ChEMBL 标为 potential_duplicate
CHEMBL3217924,,Small molecule,,C[C@@H](CO)Oc1cc(Oc2ccc(C(=O)N(C)C)cc2)cc(C(=O)Nc2ccn(C)n2)c1,XOAHBZSSFWLDFT-HNNXBMFYSA-N,1,EC50:1,40.0,40.0,40.0,7.4,7.4,7.4,,0,,0,1,1,"[{""assay"": ""CHEMBL3224190"", ""type"": ""EC50"", ""relation"": ""="", ""value_nm"": 40.0, ""pactivity"": 7.4, ""doc"": ""CHEMBL3217434"", ""rule"": ""EC50 为标准化浓度型效力指标""}]",0,,,0,,,0,0,0,,0,,0,,1,1,1,"[""CHEMBL3217434""]",2011,LITERATURE,0,不适用（可定量效力值不足 2 个 assay）,弱,仅 1 篇文献支撑
CHEMBL3217925,,Small molecule,,C[C@@H](CO)Oc1cc(Oc2ccc(C(=O)N3CCC3)cc2)cc(C(=O)Nc2ccn(C)n2)c1,KNTJSHYACOBPAA-INIZCTEOSA-N,2,EC50:2,16.2,23.1,30.0,7.79,7.655,7.52,0.27,0,,0,2,2,"[{""assay"": ""CHEMBL3224190"", ""type"": ""EC50"", ""relation"": ""="", ""value_nm"": 30.0, ""pactivity"": 7.52, ""doc"": ""CHEMBL3217434"", ""rule"": ""EC50 为标准化浓度型效力指标""}, {""assay"": ""CHEMBL3583541"", ""type"": ""EC50"", ""relation"": ""="", ""value_nm"": 16.2, ""pactivity"": 7.79, ""doc"": ""CHEMBL3580608"", ""rule"": ""EC50 为标准化浓度型效力指标""}]",0,,,0,,,0,0,0,,0,,0,,2,2,2,"[""CHEMBL3217434"", ""CHEMBL3580608""]",2011; 2014,LITERATURE,0,一致（pActivity 极差 0.27，3 倍以内）,强,
CHEMBL3218477,,Small molecule,,Cn1ccc(NC(=O)c2cc(Oc3ccc(C(=O)N4CCC4)c(F)c3)c3c(c2)OC(C)(C)C3)n1,MDMLUBFZTGYEGP-UHFFFAOYSA-N,2,EC50:2,26.0,26.5,27.0,7.58,7.575,7.57,0.01,0,,0,2,2,"[{""assay"": ""CHEMBL3223666"", ""type"": ""EC50"", ""relation"": ""="", ""value_nm"": 27.0, ""pactivity"": 7.57, ""doc"": ""CHEMBL3217627"", ""rule"": ""EC50 为标准化浓度型效力指标""}, {""assay"": ""CHEMBL3583541"", ""type"": ""EC50"", ""relation"": ""="", ""value_nm"": 26.0, ""pactivity"": 7.58, ""doc"": ""CHEMBL3580608"", ""rule"": ""EC50 为标准化浓度型效力指标""}]",0,,,0,,,0,0,0,,0,,0,,2,2,2,"[""CHEMBL3217627"", ""CHEMBL3580608""]",2011; 2014,LITERATURE,1,一致（pActivity 极差 0.01，3 倍以内）,强,1 条被 ChEMBL 标为 potential_duplicate
CHEMBL3218478,,Small molecule,,COCc1ccc(Oc2cc3[nH]c(-c4ccccn4)nc3cc2[C@H]2CCCN2C(C)=O)cn1,KNZIMOVBOPUPJI-HSZRJFAPSA-N,1,EC50:1,88.0,88.0,88.0,7.06,7.06,7.06,,0,,0,1,1,"[{""assay"": ""CHEMBL3223666"", ""type"": ""EC50"", ""relation"": ""="", ""value_nm"": 88.0, ""pactivity"": 7.06, ""doc"": ""CHEMBL3217627"", ""rule"": ""EC50 为标准化浓度型效力指标""}]",0,,,0,,,0,0,0,,0,,0,,1,1,1,"[""CHEMBL3217627""]",2011,LITERATURE,0,不适用（可定量效力值不足 2 个 assay）,弱,仅 1 篇文献支撑
CHEMBL3218479,,Small molecule,,Cc1ccc(Oc2cc(C(=O)Nc3cnc(C)cn3)cc3oc(C)cc23)cc1,AUFVGKLMXAAARH-UHFFFAOYSA-N,1,EC50:1,6610.0,6610.0,6610.0,5.18,5.18,5.18,,0,,0,1,1,"[{""assay"": ""CHEMBL3223666"", ""type"": ""EC50"", ""relation"": ""="", ""value_nm"": 6610.0, ""pactivity"": 5.18, ""doc"": ""CHEMBL3217627"", ""rule"": ""EC50 为标准化浓度型效力指标""}]",0,,,0,,,0,0,0,,0,,0,,1,1,1,"[""CHEMBL3217627""]",2011,LITERATURE,0,不适用（可定量效力值不足 2 个 assay）,弱,仅 1 篇文献支撑
CHEMBL3218480,,Small molecule,,Cc1cnc(NC(=O)c2cc(Oc3ccc(S(C)(=O)=O)cc3)c3cc(C)oc3c2)cn1,XABGQMMZVDSFFZ-UHFFFAOYSA-N,1,EC50:1,870.0,870.0,870.0,6.06,6.06,6.06,,0,,0,1,1,"[{""assay"": ""CHEMBL3223666"", ""type"": ""EC50"", ""relation"": ""="", ""value_nm"": 870.0, ""pactivity"": 6.06, ""doc"": ""CHEMBL3217627"", ""rule"": ""EC50 为标准化浓度型效力指标""}]",0,,,0,,,0,0,0,,0,,0,,1,1,1,"[""CHEMBL3217627""]",2011,LITERATURE,0,不适用（可定量效力值不足 2 个 assay）,弱,仅 1 篇文献支撑
CHEMBL3218481,,Small molecule,,Cc1cnc(NC(=O)c2cc(Oc3ccc(C#N)cc3)c3cc(C)oc3c2)cn1,VXTAHUFATFVDFI-UHFFFAOYSA-N,1,EC50:1,3061.0,3061.0,3061.0,5.51,5.51,5.51,,0,,0,1,1,"[{""assay"": ""CHEMBL3223666"", ""type"": ""EC50"", ""relation"": ""="", ""value_nm"": 3061.0, ""pactivity"": 5.51, ""doc"": ""CHEMBL3217627"", ""rule"": ""EC50 为标准化浓度型效力指标""}]",0,,,0,,,0,0,0,,0,,0,,1,1,1,"[""CHEMBL3217627""]",2011,LITERATURE,0,不适用（可定量效力值不足 2 个 assay）,弱,仅 1 篇文献支撑
CHEMBL3218482,,Small molecule,,Cc1cnc(NC(=O)c2cc(Oc3ccc(C(=O)N(C)C)cc3)c3cc(C)oc3c2)cn1,NYIISPFIDBWYIS-UHFFFAOYSA-N,1,EC50:1,92.0,92.0,92.0,7.04,7.04,7.04,,0,,0,1,1,"[{""assay"": ""CHEMBL3223666"", ""type"": ""EC50"", ""relation"": ""="", ""value_nm"": 92.0, ""pactivity"": 7.04, ""doc"": ""CHEMBL3217627"", ""rule"": ""EC50 为标准化浓度型效力指标""}]",0,,,0,,,0,0,0,,0,,0,,1,1,1,"[""CHEMBL3217627""]",2011,LITERATURE,0,不适用（可定量效力值不足 2 个 assay）,弱,仅 1 篇文献支撑
CHEMBL3218483,,Small molecule,,Cc1cnc(NC(=O)c2cc(Oc3ccc(C(=O)N(C)C)nc3)c3cc(C)oc3c2)cn1,UKSKWOWMAMXREK-UHFFFAOYSA-N,1,EC50:1,480.0,480.0,480.0,6.32,6.32,6.32,,0,,0,1,1,"[{""assay"": ""CHEMBL3223666"", ""type"": ""EC50"", ""relation"": ""="", ""value_nm"": 480.0, ""pactivity"": 6.32, ""doc"": ""CHEMBL3217627"", ""rule"": ""EC50 为标准化浓度型效力指标""}]",0,,,0,,,0,0,0,,0,,0,,1,1,1,"[""CHEMBL3217627""]",2011,LITERATURE,0,不适用（可定量效力值不足 2 个 assay）,弱,仅 1 篇文献支撑
CHEMBL3218484,,Small molecule,,Cc1cnc(NC(=O)c2cc(Oc3ncc(C(=O)N(C)C)cn3)c3cc(C)oc3c2)cn1,SZXPGYUEKKKXBD-UHFFFAOYSA-N,1,EC50:1,,,,,,,,1,20.0,0,1,1,"[{""assay"": ""CHEMBL3223666"", ""type"": ""EC50"", ""relation"": "">"", ""value_nm"": 20.0, ""pactivity"": null, ""doc"": ""CHEMBL3217627"", ""rule"": ""EC50 为标准化浓度型效力指标""}]",0,,,0,,,0,0,0,,0,,0,,1,1,1,"[""CHEMBL3217627""]",2011,LITERATURE,0,不适用（可定量效力值不足 2 个 assay）,弱,仅 1 篇文献支撑；1 条效力为删失值（>，最高浓度未达 EC50），未计入汇总；无可定量的效力或效能值
CHEMBL3218485,,Small molecule,,CCN(C)C(=O)c1cnc(Oc2cc(C(=O)Nc3cnc(C)cn3)cc3oc(C)cc23)cn1,FWJZEJHVAJFEPN-UHFFFAOYSA-N,1,EC50:1,153.0,153.0,153.0,6.82,6.82,6.82,,0,,0,1,1,"[{""assay"": ""CHEMBL3223666"", ""type"": ""EC50"", ""relation"": ""="", ""value_nm"": 153.0, ""pactivity"": 6.82, ""doc"": ""CHEMBL3217627"", ""rule"": ""EC50 为标准化浓度型效力指标""}]",0,,,0,,,0,0,0,,0,,0,,1,1,1,"[""CHEMBL3217627""]",2011,LITERATURE,0,不适用（可定量效力值不足 2 个 assay）,弱,仅 1 篇文献支撑
CHEMBL3218486,,Small molecule,,CNC(=O)c1cnc(Oc2cc(C(=O)Nc3cnc(C)cn3)cc3oc(C)cc23)cn1,ZWSLETCZJJZPEH-UHFFFAOYSA-N,1,EC50:1,,,,,,,,1,5000.0,0,1,1,"[{""assay"": ""CHEMBL3223666"", ""type"": ""EC50"", ""relation"": "">"", ""value_nm"": 5000.0, ""pactivity"": null, ""doc"": ""CHEMBL3217627"", ""rule"": ""EC50 为标准化浓度型效力指标""}]",0,,,0,,,0,0,0,,0,,0,,1,1,1,"[""CHEMBL3217627""]",2011,LITERATURE,0,不适用（可定量效力值不足 2 个 assay）,弱,仅 1 篇文献支撑；1 条效力为删失值（>，最高浓度未达 EC50），未计入汇总；无可定量的效力或效能值
CHEMBL3218487,,Small molecule,,Cc1cnc(NC(=O)c2cc(Oc3cnc(C(=O)N4CCC4)cn3)c3cc(C)oc3c2)cn1,KKWQRPLWHQDIIZ-UHFFFAOYSA-N,1,EC50:1,85.0,85.0,85.0,7.07,7.07,7.07,,0,,0,1,1,"[{""assay"": ""CHEMBL3223666"", ""type"": ""EC50"", ""relation"": ""="", ""value_nm"": 85.0, ""pactivity"": 7.07, ""doc"": ""CHEMBL3217627"", ""rule"": ""EC50 为标准化浓度型效力指标""}]",0,,,0,,,0,0,0,,0,,0,,1,1,1,"[""CHEMBL3217627""]",2011,LITERATURE,0,不适用（可定量效力值不足 2 个 assay）,弱,仅 1 篇文献支撑
CHEMBL3218488,,Small molecule,,Cc1cnc(NC(=O)c2cc(Oc3cnc(C(=O)N4CCCC4)cn3)c3cc(C)oc3c2)cn1,XBOGGYMIXVFRFU-UHFFFAOYSA-N,1,EC50:1,64.0,64.0,64.0,7.19,7.19,7.19,,0,,0,1,1,"[{""assay"": ""CHEMBL3223666"", ""type"": ""EC50"", ""relation"": ""="", ""value_nm"": 64.0, ""pactivity"": 7.19, ""doc"": ""CHEMBL3217627"", ""rule"": ""EC50 为标准化浓度型效力指标""}]",0,,,0,,,0,0,0,,0,,0,,1,1,1,"[""CHEMBL3217627""]",2011,LITERATURE,0,不适用（可定量效力值不足 2 个 assay）,弱,仅 1 篇文献支撑
CHEMBL3218489,,Small molecule,,Cc1cnc(NC(=O)c2cc(Oc3cnc(C(=O)N4CCCCC4)cn3)c3cc(C)oc3c2)cn1,QKNHXFWGHFJTSR-UHFFFAOYSA-N,1,EC50:1,261.0,261.0,261.0,6.58,6.58,6.58,,0,,0,1,1,"[{""assay"": ""CHEMBL3223666"", ""type"": ""EC50"", ""relation"": ""="", ""value_nm"": 261.0, ""pactivity"": 6.58, ""doc"": ""CHEMBL3217627"", ""rule"": ""EC50 为标准化浓度型效力指标""}]",0,,,0,,,0,0,0,,0,,0,,1,1,1,"[""CHEMBL3217627""]",2011,LITERATURE,0,不适用（可定量效力值不足 2 个 assay）,弱,仅 1 篇文献支撑
CHEMBL3218490,,Small molecule,,Cc1cc2c(Oc3cnc(C(=O)N4CC(C)C4)cn3)cc(C(=O)Nc3cnccn3)cc2o1,JTTWNMVIYAGYCK-UHFFFAOYSA-N,1,EC50:1,393.0,393.0,393.0,6.41,6.41,6.41,,0,,0,1,1,"[{""assay"": ""CHEMBL3223666"", ""type"": ""EC50"", ""relation"": ""="", ""value_nm"": 393.0, ""pactivity"": 6.41, ""doc"": ""CHEMBL3217627"", ""rule"": ""EC50 为标准化浓度型效力指标""}]",0,,,0,,,0,0,0,,0,,0,,1,1,1,"[""CHEMBL3217627""]",2011,LITERATURE,0,不适用（可定量效力值不足 2 个 assay）,弱,仅 1 篇文献支撑
CHEMBL3218491,,Small molecule,,Cc1cc2c(Oc3cnc(C(=O)N4CC(C)(C)C4)cn3)cc(C(=O)Nc3cnccn3)cc2o1,OLOBSABWYJVWAO-UHFFFAOYSA-N,1,EC50:1,705.0,705.0,705.0,6.15,6.15,6.15,,0,,0,1,1,"[{""assay"": ""CHEMBL3223666"", ""type"": ""EC50"", ""relation"": ""="", ""value_nm"": 705.0, ""pactivity"": 6.15, ""doc"": ""CHEMBL3217627"", ""rule"": ""EC50 为标准化浓度型效力指标""}]",0,,,0,,,0,0,0,,0,,0,,1,1,1,"[""CHEMBL3217627""]",2011,LITERATURE,0,不适用（可定量效力值不足 2 个 assay）,弱,仅 1 篇文献支撑
CHEMBL3218492,,Small molecule,,COC1CN(C(=O)c2cnc(Oc3cc(C(=O)Nc4cnccn4)cc4oc(C)cc34)cn2)C1,OOLDSMITEANQNI-UHFFFAOYSA-N,1,EC50:1,,,,,,,,1,5000.0,0,1,1,"[{""assay"": ""CHEMBL3223666"", ""type"": ""EC50"", ""relation"": "">"", ""value_nm"": 5000.0, ""pactivity"": null, ""doc"": ""CHEMBL3217627"", ""rule"": ""EC50 为标准化浓度型效力指标""}]",0,,,0,,,0,0,0,,0,,0,,1,1,1,"[""CHEMBL3217627""]",2011,LITERATURE,0,不适用（可定量效力值不足 2 个 assay）,弱,仅 1 篇文献支撑；1 条效力为删失值（>，最高浓度未达 EC50），未计入汇总；无可定量的效力或效能值
CHEMBL3218493,,Small molecule,,Cc1cc2c(Oc3cnc(C(=O)N4CC(C)(O)C4)cn3)cc(C(=O)Nc3cnccn3)cc2o1,VRGDIXGDAAPDMC-UHFFFAOYSA-N,1,EC50:1,,,,,,,,1,5000.0,0,1,1,"[{""assay"": ""CHEMBL3223666"", ""type"": ""EC50"", ""relation"": "">"", ""value_nm"": 5000.0, ""pactivity"": null, ""doc"": ""CHEMBL3217627"", ""rule"": ""EC50 为标准化浓度型效力指标""}]",0,,,0,,,0,0,0,,0,,0,,1,1,1,"[""CHEMBL3217627""]",2011,LITERATURE,0,不适用（可定量效力值不足 2 个 assay）,弱,仅 1 篇文献支撑；1 条效力为删失值（>，最高浓度未达 EC50），未计入汇总；无可定量的效力或效能值
CHEMBL3218494,,Small molecule,,Cc1cc2c(Oc3cnc(C(=O)N4CC5(COC5)C4)cn3)cc(C(=O)Nc3cnccn3)cc2o1,XBCGVFQWRAFLRP-UHFFFAOYSA-N,1,EC50:1,2170.0,2170.0,2170.0,5.66,5.66,5.66,,0,,0,1,1,"[{""assay"": ""CHEMBL3223666"", ""type"": ""EC50"", ""relation"": ""="", ""value_nm"": 2170.0, ""pactivity"": 5.66, ""doc"": ""CHEMBL3217627"", ""rule"": ""EC50 为标准化浓度型效力指标""}]",0,,,0,,,0,0,0,,0,,0,,1,1,1,"[""CHEMBL3217627""]",2011,LITERATURE,0,不适用（可定量效力值不足 2 个 assay）,弱,仅 1 篇文献支撑
CHEMBL3218495,,Small molecule,,Cc1ccc(NC(=O)c2cc(Oc3cnc(C(=O)N(C)C)cn3)c3cc(C)oc3c2)nc1,JYDZDGNPSCSHEV-UHFFFAOYSA-N,1,EC50:1,477.0,477.0,477.0,6.32,6.32,6.32,,0,,0,1,1,"[{""assay"": ""CHEMBL3223666"", ""type"": ""EC50"", ""relation"": ""="", ""value_nm"": 477.0, ""pactivity"": 6.32, ""doc"": ""CHEMBL3217627"", ""rule"": ""EC50 为标准化浓度型效力指标""}]",0,,,0,,,0,0,0,,0,,0,,1,1,1,"[""CHEMBL3217627""]",2011,LITERATURE,0,不适用（可定量效力值不足 2 个 assay）,弱,仅 1 篇文献支撑
CHEMBL3218496,,Small molecule,,Cc1cc2c(Oc3cnc(C(=O)N(C)C)cn3)cc(C(=O)Nc3cnccn3)cc2o1,DKTFXJGJQGFKCW-UHFFFAOYSA-N,1,EC50:1,391.0,391.0,391.0,6.41,6.41,6.41,,0,,0,1,1,"[{""assay"": ""CHEMBL3223666"", ""type"": ""EC50"", ""relation"": ""="", ""value_nm"": 391.0, ""pactivity"": 6.41, ""doc"": ""CHEMBL3217627"", ""rule"": ""EC50 为标准化浓度型效力指标""}]",0,,,0,,,0,0,0,,0,,0,,1,1,1,"[""CHEMBL3217627""]",2011,LITERATURE,0,不适用（可定量效力值不足 2 个 assay）,弱,仅 1 篇文献支撑
CHEMBL3218497,,Small molecule,,COc1cnc(NC(=O)c2cc(Oc3cnc(C(=O)N(C)C)cn3)c3cc(C)oc3c2)cn1,JOUZBDDVEPPQRK-UHFFFAOYSA-N,1,EC50:1,127.0,127.0,127.0,6.9,6.9,6.9,,0,,0,1,1,"[{""assay"": ""CHEMBL3223666"", ""type"": ""EC50"", ""relation"": ""="", ""value_nm"": 127.0, ""pactivity"": 6.9, ""doc"": ""CHEMBL3217627"", ""rule"": ""EC50 为标准化浓度型效力指标""}]",0,,,0,,,0,0,0,,0,,0,,1,1,1,"[""CHEMBL3217627""]",2011,LITERATURE,0,不适用（可定量效力值不足 2 个 assay）,弱,仅 1 篇文献支撑
CHEMBL3218498,,Small molecule,,Cc1cc2c(Oc3cnc(C(=O)N(C)C)cn3)cc(C(=O)Nc3cnc(C(F)(F)F)cn3)cc2o1,ZBXYIBCGDKWBEE-UHFFFAOYSA-N,1,EC50:1,167.0,167.0,167.0,6.78,6.78,6.78,,0,,0,1,1,"[{""assay"": ""CHEMBL3223666"", ""type"": ""EC50"", ""relation"": ""="", ""value_nm"": 167.0, ""pactivity"": 6.78, ""doc"": ""CHEMBL3217627"", ""rule"": ""EC50 为标准化浓度型效力指标""}]",0,,,0,,,0,0,0,,0,,0,,1,1,1,"[""CHEMBL3217627""]",2011,LITERATURE,0,不适用（可定量效力值不足 2 个 assay）,弱,仅 1 篇文献支撑
CHEMBL3218499,,Small molecule,,CCc1cnc(NC(=O)c2cc(Oc3cnc(C(=O)N(C)C)cn3)c3cc(C)oc3c2)cn1,DLXNOYHYKYLEBW-UHFFFAOYSA-N,1,EC50:1,254.0,254.0,254.0,6.59,6.59,6.59,,0,,0,1,1,"[{""assay"": ""CHEMBL3223666"", ""type"": ""EC50"", ""relation"": ""="", ""value_nm"": 254.0, ""pactivity"": 6.59, ""doc"": ""CHEMBL3217627"", ""rule"": ""EC50 为标准化浓度型效力指标""}]",0,,,0,,,0,0,0,,0,,0,,1,1,1,"[""CHEMBL3217627""]",2011,LITERATURE,0,不适用（可定量效力值不足 2 个 assay）,弱,仅 1 篇文献支撑
CHEMBL3218500,,Small molecule,,Cc1cc2c(Oc3cnc(C(=O)N(C)C)cn3)cc(C(=O)Nc3ccn(C)n3)cc2o1,JHNHALDHPAWSFV-UHFFFAOYSA-N,1,EC50:1,331.0,331.0,331.0,6.48,6.48,6.48,,0,,0,1,1,"[{""assay"": ""CHEMBL3223666"", ""type"": ""EC50"", ""relation"": ""="", ""value_nm"": 331.0, ""pactivity"": 6.48, ""doc"": ""CHEMBL3217627"", ""rule"": ""EC50 为标准化浓度型效力指标""}]",0,,,0,,,0,0,0,,0,,0,,1,1,1,"[""CHEMBL3217627""]",2011,LITERATURE,0,不适用（可定量效力值不足 2 个 assay）,弱,仅 1 篇文献支撑
CHEMBL3218501,,Small molecule,,Cc1cc2c(Oc3cnc(C(=O)N(C)C)cn3)cc(C(=O)Nc3ncccn3)cc2o1,WSWXOYZOFUQZAU-UHFFFAOYSA-N,1,EC50:1,,,,,,,,1,100000.0,0,1,1,"[{""assay"": ""CHEMBL3223666"", ""type"": ""EC50"", ""relation"": "">"", ""value_nm"": 100000.0, ""pactivity"": null, ""doc"": ""CHEMBL3217627"", ""rule"": ""EC50 为标准化浓度型效力指标""}]",0,,,0,,,0,0,0,,0,,0,,1,1,1,"[""CHEMBL3217627""]",2011,LITERATURE,0,不适用（可定量效力值不足 2 个 assay）,弱,仅 1 篇文献支撑；1 条效力为删失值（>，最高浓度未达 EC50），未计入汇总；无可定量的效力或效能值
CHEMBL3218714,,Small molecule,,COC(=O)CCNC(=O)c1cnc(NC(=O)C(CC2CCOCC2)c2ccc(S(=O)(=O)C3CC3)cc2)s1,QFYRVNOJLXNCNA-UHFFFAOYSA-N,1,EC50:1,520.0,520.0,520.0,6.28,6.28,6.28,,0,,0,1,1,"[{""assay"": ""CHEMBL3225185"", ""type"": ""EC50"", ""relation"": ""="", ""value_nm"": 520.0, ""pactivity"": 6.28, ""doc"": ""CHEMBL3217569"", ""rule"": ""EC50 为标准化浓度型效力指标""}]",1,1.63,max activation@CHEMBL3225186,1,,,0,1,1,"[{""assay"": ""CHEMBL3225186"", ""type"": ""max activation"", ""scale"": ""fold"", ""value"": 1.63, ""units"": null, ""doc"": ""CHEMBL3217569"", ""rule"": ""max activation 为激活幅度指标，按该 assay 内值域（max=2.97）判为 fold 尺度""}]",0,,0,,2,2,1,"[""CHEMBL3217569""]",2011,LITERATURE,0,不适用（可定量效力值不足 2 个 assay）,中,仅 1 篇文献支撑
CHEMBL3218715,,Small molecule,,O=C(O)CCNC(=O)c1cnc(NC(=O)C(CC2CCOCC2)c2ccc(S(=O)(=O)C3CC3)cc2)s1,RAFLSTZWHDRWED-UHFFFAOYSA-N,1,EC50:1,1800.0,1800.0,1800.0,5.75,5.75,5.75,,0,,0,1,1,"[{""assay"": ""CHEMBL3225185"", ""type"": ""EC50"", ""relation"": ""="", ""value_nm"": 1800.0, ""pactivity"": 5.75, ""doc"": ""CHEMBL3217569"", ""rule"": ""EC50 为标准化浓度型效力指标""}]",1,1.61,max activation@CHEMBL3225186,1,,,0,1,1,"[{""assay"": ""CHEMBL3225186"", ""type"": ""max activation"", ""scale"": ""fold"", ""value"": 1.61, ""units"": null, ""doc"": ""CHEMBL3217569"", ""rule"": ""max activation 为激活幅度指标，按该 assay 内值域（max=2.97）判为 fold 尺度""}]",0,,0,,2,2,1,"[""CHEMBL3217569""]",2011,LITERATURE,0,不适用（可定量效力值不足 2 个 assay）,中,仅 1 篇文献支撑
CHEMBL3218716,,Small molecule,,COC(=O)[C@@H](NC(=O)c1cnc(NC(=O)C(CC2CCOCC2)c2ccc(S(=O)(=O)C3CC3)cc2)s1)C(C)C,PEEPVOMHKIKNPL-YANBTOMASA-N,1,EC50:1,1440.0,1440.0,1440.0,5.84,5.84,5.84,,0,,0,1,1,"[{""assay"": ""CHEMBL3225185"", ""type"": ""EC50"", ""relation"": ""="", ""value_nm"": 1440.0, ""pactivity"": 5.84, ""doc"": ""CHEMBL3217569"", ""rule"": ""EC50 为标准化浓度型效力指标""}]",1,1.79,max activation@CHEMBL3225186,1,,,0,1,1,"[{""assay"": ""CHEMBL3225186"", ""type"": ""max activation"", ""scale"": ""fold"", ""value"": 1.79, ""units"": null, ""doc"": ""CHEMBL3217569"", ""rule"": ""max activation 为激活幅度指标，按该 assay 内值域（max=2.97）判为 fold 尺度""}]",0,,0,,2,2,1,"[""CHEMBL3217569""]",2011,LITERATURE,0,不适用（可定量效力值不足 2 个 assay）,中,仅 1 篇文献支撑
CHEMBL3218717,,Small molecule,,CC(C)[C@H](NC(=O)c1cnc(NC(=O)C(CC2CCOCC2)c2ccc(S(=O)(=O)C3CC3)cc2)s1)C(=O)O,QYBRLCGXOGUNHW-IAXKEJLGSA-N,1,EC50:1,11350.0,11350.0,11350.0,4.95,4.95,4.95,,0,,0,1,1,"[{""assay"": ""CHEMBL3225185"", ""type"": ""EC50"", ""relation"": ""="", ""value_nm"": 11350.0, ""pactivity"": 4.95, ""doc"": ""CHEMBL3217569"", ""rule"": ""EC50 为标准化浓度型效力指标""}]",1,1.63,max activation@CHEMBL3225186,1,,,0,1,1,"[{""assay"": ""CHEMBL3225186"", ""type"": ""max activation"", ""scale"": ""fold"", ""value"": 1.63, ""units"": null, ""doc"": ""CHEMBL3217569"", ""rule"": ""max activation 为激活幅度指标，按该 assay 内值域（max=2.97）判为 fold 尺度""}]",0,,0,,2,2,1,"[""CHEMBL3217569""]",2011,LITERATURE,0,不适用（可定量效力值不足 2 个 assay）,中,仅 1 篇文献支撑
CHEMBL3218718,,Small molecule,,CC(C)C[C@H](NC(=O)c1cnc(NC(=O)C(CC2CCOCC2)c2ccc(S(=O)(=O)C3CC3)cc2)s1)C(=O)O,RATOMVVDPBHZNY-KEKNWZKVSA-N,1,EC50:1,,,,,,,,1,20000.0,0,1,1,"[{""assay"": ""CHEMBL3225185"", ""type"": ""EC50"", ""relation"": "">"", ""value_nm"": 20000.0, ""pactivity"": null, ""doc"": ""CHEMBL3217569"", ""rule"": ""EC50 为标准化浓度型效力指标""}]",1,1.27,max activation@CHEMBL3225186,1,,,0,1,1,"[{""assay"": ""CHEMBL3225186"", ""type"": ""max activation"", ""scale"": ""fold"", ""value"": 1.27, ""units"": null, ""doc"": ""CHEMBL3217569"", ""rule"": ""max activation 为激活幅度指标，按该 assay 内值域（max=2.97）判为 fold 尺度""}]",0,,0,,2,2,1,"[""CHEMBL3217569""]",2011,LITERATURE,0,不适用（可定量效力值不足 2 个 assay）,中,仅 1 篇文献支撑；1 条效力为删失值（>，最高浓度未达 EC50），未计入汇总
CHEMBL3218719,,Small molecule,,CCOC(=O)CCCn1cc(-c2cnc(NC(=O)C(CC3CCOCC3)c3ccc(S(=O)(=O)C4CC4)cc3)s2)nn1,JGDYMYUBVOQLSG-UHFFFAOYSA-N,1,EC50:1,450.0,450.0,450.0,6.35,6.35,6.35,,0,,0,1,1,"[{""assay"": ""CHEMBL3225185"", ""type"": ""EC50"", ""relation"": ""="", ""value_nm"": 450.0, ""pactivity"": 6.35, ""doc"": ""CHEMBL3217569"", ""rule"": ""EC50 为标准化浓度型效力指标""}]",1,1.35,max activation@CHEMBL3225186,1,,,0,1,1,"[{""assay"": ""CHEMBL3225186"", ""type"": ""max activation"", ""scale"": ""fold"", ""value"": 1.35, ""units"": null, ""doc"": ""CHEMBL3217569"", ""rule"": ""max activation 为激活幅度指标，按该 assay 内值域（max=2.97）判为 fold 尺度""}]",0,,0,,2,2,1,"[""CHEMBL3217569""]",2011,LITERATURE,0,不适用（可定量效力值不足 2 个 assay）,中,仅 1 篇文献支撑
CHEMBL3218720,,Small molecule,,CCOC(=O)CCn1cc(-c2cnc(NC(=O)C(CC3CCOCC3)c3ccc(S(=O)(=O)C4CC4)cc3)s2)nn1,LNAURVYLZBFRGI-UHFFFAOYSA-N,1,EC50:1,350.0,350.0,350.0,6.46,6.46,6.46,,0,,0,1,1,"[{""assay"": ""CHEMBL3225185"", ""type"": ""EC50"", ""relation"": ""="", ""value_nm"": 350.0, ""pactivity"": 6.46, ""doc"": ""CHEMBL3217569"", ""rule"": ""EC50 为标准化浓度型效力指标""}]",1,1.49,max activation@CHEMBL3225186,1,,,0,1,1,"[{""assay"": ""CHEMBL3225186"", ""type"": ""max activation"", ""scale"": ""fold"", ""value"": 1.49, ""units"": null, ""doc"": ""CHEMBL3217569"", ""rule"": ""max activation 为激活幅度指标，按该 assay 内值域（max=2.97）判为 fold 尺度""}]",0,,0,,2,2,1,"[""CHEMBL3217569""]",2011,LITERATURE,0,不适用（可定量效力值不足 2 个 assay）,中,仅 1 篇文献支撑
CHEMBL3218721,,Small molecule,,O=C(O)CCn1cc(-c2cnc(NC(=O)C(CC3CCOCC3)c3ccc(S(=O)(=O)C4CC4)cc3)s2)nn1,GPNNPPMAYKTUJO-UHFFFAOYSA-N,1,EC50:1,1350.0,1350.0,1350.0,5.87,5.87,5.87,,0,,0,1,1,"[{""assay"": ""CHEMBL3225185"", ""type"": ""EC50"", ""relation"": ""="", ""value_nm"": 1350.0, ""pactivity"": 5.87, ""doc"": ""CHEMBL3217569"", ""rule"": ""EC50 为标准化浓度型效力指标""}]",1,1.43,max activation@CHEMBL3225186,1,,,0,1,1,"[{""assay"": ""CHEMBL3225186"", ""type"": ""max activation"", ""scale"": ""fold"", ""value"": 1.43, ""units"": null, ""doc"": ""CHEMBL3217569"", ""rule"": ""max activation 为激活幅度指标，按该 assay 内值域（max=2.97）判为 fold 尺度""}]",0,,0,,2,2,1,"[""CHEMBL3217569""]",2011,LITERATURE,0,不适用（可定量效力值不足 2 个 assay）,中,仅 1 篇文献支撑
CHEMBL3218722,,Small molecule,,CCOC(=O)Cn1cc(-c2cnc(NC(=O)C(CC3CCOCC3)c3ccc(S(=O)(=O)C4CC4)cc3)s2)nn1,JMCSBIXETQDXJH-UHFFFAOYSA-N,1,EC50:1,330.0,330.0,330.0,6.48,6.48,6.48,,0,,0,1,1,"[{""assay"": ""CHEMBL3225185"", ""type"": ""EC50"", ""relation"": ""="", ""value_nm"": 330.0, ""pactivity"": 6.48, ""doc"": ""CHEMBL3217569"", ""rule"": ""EC50 为标准化浓度型效力指标""}]",1,1.4,max activation@CHEMBL3225186,1,,,0,1,1,"[{""assay"": ""CHEMBL3225186"", ""type"": ""max activation"", ""scale"": ""fold"", ""value"": 1.4, ""units"": null, ""doc"": ""CHEMBL3217569"", ""rule"": ""max activation 为激活幅度指标，按该 assay 内值域（max=2.97）判为 fold 尺度""}]",0,,0,,2,2,1,"[""CHEMBL3217569""]",2011,LITERATURE,0,不适用（可定量效力值不足 2 个 assay）,中,仅 1 篇文献支撑
CHEMBL3218723,,Small molecule,,CNC(=O)Cn1cc(-c2cnc(NC(=O)C(CC3CCOCC3)c3ccc(S(=O)(=O)C4CC4)cc3)s2)nn1,HSKQYGJEADNIOR-UHFFFAOYSA-N,1,EC50:1,170.0,170.0,170.0,6.77,6.77,6.77,,0,,0,1,1,"[{""assay"": ""CHEMBL3225185"", ""type"": ""EC50"", ""relation"": ""="", ""value_nm"": 170.0, ""pactivity"": 6.77, ""doc"": ""CHEMBL3217569"", ""rule"": ""EC50 为标准化浓度型效力指标""}]",1,1.3,max activation@CHEMBL3225186,1,,,0,1,1,"[{""assay"": ""CHEMBL3225186"", ""type"": ""max activation"", ""scale"": ""fold"", ""value"": 1.3, ""units"": null, ""doc"": ""CHEMBL3217569"", ""rule"": ""max activation 为激活幅度指标，按该 assay 内值域（max=2.97）判为 fold 尺度""}]",0,,0,,2,2,1,"[""CHEMBL3217569""]",2011,LITERATURE,0,不适用（可定量效力值不足 2 个 assay）,中,仅 1 篇文献支撑
CHEMBL3218724,,Small molecule,,CCNC(=O)Cn1cc(-c2cnc(NC(=O)C(CC3CCOCC3)c3ccc(S(=O)(=O)C4CC4)cc3)s2)nn1,OAHNTFNXUJGHHR-UHFFFAOYSA-N,1,EC50:1,,,,,,,,1,20000.0,0,1,1,"[{""assay"": ""CHEMBL3225185"", ""type"": ""EC50"", ""relation"": "">"", ""value_nm"": 20000.0, ""pactivity"": null, ""doc"": ""CHEMBL3217569"", ""rule"": ""EC50 为标准化浓度型效力指标""}]",1,1.41,max activation@CHEMBL3225186,1,,,0,1,1,"[{""assay"": ""CHEMBL3225186"", ""type"": ""max activation"", ""scale"": ""fold"", ""value"": 1.41, ""units"": null, ""doc"": ""CHEMBL3217569"", ""rule"": ""max activation 为激活幅度指标，按该 assay 内值域（max=2.97）判为 fold 尺度""}]",0,,0,,2,2,1,"[""CHEMBL3217569""]",2011,LITERATURE,0,不适用（可定量效力值不足 2 个 assay）,中,仅 1 篇文献支撑；1 条效力为删失值（>，最高浓度未达 EC50），未计入汇总
CHEMBL3218725,,Small molecule,,O=C(Cn1cc(-c2cnc(NC(=O)C(CC3CCOCC3)c3ccc(S(=O)(=O)C4CC4)cc3)s2)nn1)NC1CC1,GKHOYEPUXSRJOP-UHFFFAOYSA-N,1,EC50:1,,,,,,,,1,20000.0,0,1,1,"[{""assay"": ""CHEMBL3225185"", ""type"": ""EC50"", ""relation"": "">"", ""value_nm"": 20000.0, ""pactivity"": null, ""doc"": ""CHEMBL3217569"", ""rule"": ""EC50 为标准化浓度型效力指标""}]",1,1.19,max activation@CHEMBL3225186,1,,,0,1,1,"[{""assay"": ""CHEMBL3225186"", ""type"": ""max activation"", ""scale"": ""fold"", ""value"": 1.19, ""units"": null, ""doc"": ""CHEMBL3217569"", ""rule"": ""max activation 为激活幅度指标，按该 assay 内值域（max=2.97）判为 fold 尺度""}]",0,,0,,2,2,1,"[""CHEMBL3217569""]",2011,LITERATURE,0,不适用（可定量效力值不足 2 个 assay）,中,仅 1 篇文献支撑；1 条效力为删失值（>，最高浓度未达 EC50），未计入汇总
CHEMBL3218726,,Small molecule,,CN(C)C(=O)Cn1cc(-c2cnc(NC(=O)C(CC3CCOCC3)c3ccc(S(=O)(=O)C4CC4)cc3)s2)nn1,QRXACDCVUOYEJO-UHFFFAOYSA-N,1,EC50:1,300.0,300.0,300.0,6.52,6.52,6.52,,0,,0,1,1,"[{""assay"": ""CHEMBL3225185"", ""type"": ""EC50"", ""relation"": ""="", ""value_nm"": 300.0, ""pactivity"": 6.52, ""doc"": ""CHEMBL3217569"", ""rule"": ""EC50 为标准化浓度型效力指标""}]",1,1.29,max activation@CHEMBL3225186,1,,,0,1,1,"[{""assay"": ""CHEMBL3225186"", ""type"": ""max activation"", ""scale"": ""fold"", ""value"": 1.29, ""units"": null, ""doc"": ""CHEMBL3217569"", ""rule"": ""max activation 为激活幅度指标，按该 assay 内值域（max=2.97）判为 fold 尺度""}]",0,,0,,2,2,1,"[""CHEMBL3217569""]",2011,LITERATURE,0,不适用（可定量效力值不足 2 个 assay）,中,仅 1 篇文献支撑
CHEMBL3218727,,Small molecule,,CCN(CC)C(=O)Cn1cc(-c2cnc(NC(=O)C(CC3CCOCC3)c3ccc(S(=O)(=O)C4CC4)cc3)s2)nn1,CFKLCIKCCQVLAI-UHFFFAOYSA-N,1,EC50:1,210.0,210.0,210.0,6.68,6.68,6.68,,0,,0,1,1,"[{""assay"": ""CHEMBL3225185"", ""type"": ""EC50"", ""relation"": ""="", ""value_nm"": 210.0, ""pactivity"": 6.68, ""doc"": ""CHEMBL3217569"", ""rule"": ""EC50 为标准化浓度型效力指标""}]",1,1.44,max activation@CHEMBL3225186,1,,,0,1,1,"[{""assay"": ""CHEMBL3225186"", ""type"": ""max activation"", ""scale"": ""fold"", ""value"": 1.44, ""units"": null, ""doc"": ""CHEMBL3217569"", ""rule"": ""max activation 为激活幅度指标，按该 assay 内值域（max=2.97）判为 fold 尺度""}]",0,,0,,2,2,1,"[""CHEMBL3217569""]",2011,LITERATURE,0,不适用（可定量效力值不足 2 个 assay）,中,仅 1 篇文献支撑
CHEMBL3218728,,Small molecule,,CN1CCN(C(=O)Cn2cc(-c3cnc(NC(=O)C(CC4CCOCC4)c4ccc(S(=O)(=O)C5CC5)cc4)s3)nn2)CC1,CFTZGWZDRYJKAS-UHFFFAOYSA-N,1,EC50:1,790.0,790.0,790.0,6.1,6.1,6.1,,0,,0,1,1,"[{""assay"": ""CHEMBL3225185"", ""type"": ""EC50"", ""relation"": ""="", ""value_nm"": 790.0, ""pactivity"": 6.1, ""doc"": ""CHEMBL3217569"", ""rule"": ""EC50 为标准化浓度型效力指标""}]",1,1.4,max activation@CHEMBL3225186,1,,,0,1,1,"[{""assay"": ""CHEMBL3225186"", ""type"": ""max activation"", ""scale"": ""fold"", ""value"": 1.4, ""units"": null, ""doc"": ""CHEMBL3217569"", ""rule"": ""max activation 为激活幅度指标，按该 assay 内值域（max=2.97）判为 fold 尺度""}]",0,,0,,2,2,1,"[""CHEMBL3217569""]",2011,LITERATURE,0,不适用（可定量效力值不足 2 个 assay）,中,仅 1 篇文献支撑
CHEMBL3218729,,Small molecule,,O=C(Nc1ncc(-c2cn(CC(=O)N3CCOCC3)nn2)s1)C(CC1CCOCC1)c1ccc(S(=O)(=O)C2CC2)cc1,OFFQHYDKVGOINK-UHFFFAOYSA-N,1,EC50:1,640.0,640.0,640.0,6.19,6.19,6.19,,0,,0,1,1,"[{""assay"": ""CHEMBL3225185"", ""type"": ""EC50"", ""relation"": ""="", ""value_nm"": 640.0, ""pactivity"": 6.19, ""doc"": ""CHEMBL3217569"", ""rule"": ""EC50 为标准化浓度型效力指标""}]",1,1.28,max activation@CHEMBL3225186,1,,,0,1,1,"[{""assay"": ""CHEMBL3225186"", ""type"": ""max activation"", ""scale"": ""fold"", ""value"": 1.28, ""units"": null, ""doc"": ""CHEMBL3217569"", ""rule"": ""max activation 为激活幅度指标，按该 assay 内值域（max=2.97）判为 fold 尺度""}]",0,,0,,2,2,1,"[""CHEMBL3217569""]",2011,LITERATURE,0,不适用（可定量效力值不足 2 个 assay）,中,仅 1 篇文献支撑
CHEMBL3218730,,Small molecule,,O=C(Nc1ncc(-c2cn(CCOCc3ccccc3)nn2)s1)C(CC1CCOCC1)c1ccc(S(=O)(=O)C2CC2)cc1,BUOAGZLXFILYMK-UHFFFAOYSA-N,1,EC50:1,290.0,290.0,290.0,6.54,6.54,6.54,,0,,0,1,1,"[{""assay"": ""CHEMBL3225185"", ""type"": ""EC50"", ""relation"": ""="", ""value_nm"": 290.0, ""pactivity"": 6.54, ""doc"": ""CHEMBL3217569"", ""rule"": ""EC50 为标准化浓度型效力指标""}]",1,1.32,max activation@CHEMBL3225186,1,,,0,1,1,"[{""assay"": ""CHEMBL3225186"", ""type"": ""max activation"", ""scale"": ""fold"", ""value"": 1.32, ""units"": null, ""doc"": ""CHEMBL3217569"", ""rule"": ""max activation 为激活幅度指标，按该 assay 内值域（max=2.97）判为 fold 尺度""}]",0,,0,,2,2,1,"[""CHEMBL3217569""]",2011,LITERATURE,0,不适用（可定量效力值不足 2 个 assay）,中,仅 1 篇文献支撑
CHEMBL3218731,,Small molecule,,O=C(Nc1ncc(-c2cn(CCO)nn2)s1)C(CC1CCOCC1)c1ccc(S(=O)(=O)C2CC2)cc1,CGDJOWCIDUPLCY-UHFFFAOYSA-N,1,EC50:1,180.0,180.0,180.0,6.75,6.75,6.75,,0,,0,1,1,"[{""assay"": ""CHEMBL3225185"", ""type"": ""EC50"", ""relation"": ""="", ""value_nm"": 180.0, ""pactivity"": 6.75, ""doc"": ""CHEMBL3217569"", ""rule"": ""EC50 为标准化浓度型效力指标""}]",1,1.37,max activation@CHEMBL3225186,1,,,0,1,1,"[{""assay"": ""CHEMBL3225186"", ""type"": ""max activation"", ""scale"": ""fold"", ""value"": 1.37, ""units"": null, ""doc"": ""CHEMBL3217569"", ""rule"": ""max activation 为激活幅度指标，按该 assay 内值域（max=2.97）判为 fold 尺度""}]",0,,0,,2,2,1,"[""CHEMBL3217569""]",2011,LITERATURE,0,不适用（可定量效力值不足 2 个 assay）,中,仅 1 篇文献支撑
CHEMBL3218732,,Small molecule,,O=C(Nc1ncc(-c2cn(CCO)nn2)s1)[C@H](CC1CCOCC1)c1ccc(S(=O)(=O)C2CC2)cc1,CGDJOWCIDUPLCY-HXUWFJFHSA-N,1,EC50:1,220.0,220.0,220.0,6.66,6.66,6.66,,0,,0,1,1,"[{""assay"": ""CHEMBL3225185"", ""type"": ""EC50"", ""relation"": ""="", ""value_nm"": 220.0, ""pactivity"": 6.66, ""doc"": ""CHEMBL3217569"", ""rule"": ""EC50 为标准化浓度型效力指标""}]",1,1.77,max activation@CHEMBL3225186,1,,,0,1,1,"[{""assay"": ""CHEMBL3225186"", ""type"": ""max activation"", ""scale"": ""fold"", ""value"": 1.77, ""units"": null, ""doc"": ""CHEMBL3217569"", ""rule"": ""max activation 为激活幅度指标，按该 assay 内值域（max=2.97）判为 fold 尺度""}]",0,,0,,2,2,1,"[""CHEMBL3217569""]",2011,LITERATURE,0,不适用（可定量效力值不足 2 个 assay）,中,仅 1 篇文献支撑
CHEMBL3219124,AZD-1656,Small molecule,2,COC[C@H](C)Oc1cc(Oc2cnc(C(=O)N3CCC3)cn2)cc(C(=O)Nc2cnc(C)cn2)c1,FJEJHJINOKKDCW-INIZCTEOSA-N,1,EC50:1,28.0,28.0,28.0,7.55,7.55,7.55,,0,,0,1,1,"[{""assay"": ""CHEMBL3583541"", ""type"": ""EC50"", ""relation"": ""="", ""value_nm"": 28.0, ""pactivity"": 7.55, ""doc"": ""CHEMBL3580608"", ""rule"": ""EC50 为标准化浓度型效力指标""}]",0,,,0,,,0,0,0,,0,,0,,1,1,1,"[""CHEMBL3580608""]",2014,LITERATURE,0,不适用（可定量效力值不足 2 个 assay）,弱,仅 1 篇文献支撑
CHEMBL3221481,,Small molecule,,COCC[C@H](Oc1ncnc2c1cnn2-c1ncccc1Cl)C(=O)Nc1ccc(C)cn1,JDYZPAXARZYKOO-INIZCTEOSA-N,1,EC50:1,158.49,158.49,158.49,6.8,6.8,6.8,,0,,0,1,1,"[{""assay"": ""CHEMBL3226993"", ""type"": ""EC50"", ""relation"": ""="", ""value_nm"": 158.49, ""pactivity"": 6.8, ""doc"": ""CHEMBL3217683"", ""rule"": ""EC50 为标准化浓度型效力指标""}]",0,,,0,,,0,0,0,,0,,0,,1,1,1,"[""CHEMBL3217683""]",2013,LITERATURE,0,不适用（可定量效力值不足 2 个 assay）,弱,仅 1 篇文献支撑
CHEMBL3221482,,Small molecule,,COC[C@H](Oc1ncnc2c1cnn2-c1ccccc1Cl)C(=O)Nc1ccc(C)cn1,JOUKVMFZBZNCCO-KRWDZBQOSA-N,1,EC50:1,316.23,316.23,316.23,6.5,6.5,6.5,,0,,0,1,1,"[{""assay"": ""CHEMBL3226993"", ""type"": ""EC50"", ""relation"": ""="", ""value_nm"": 316.23, ""pactivity"": 6.5, ""doc"": ""CHEMBL3217683"", ""rule"": ""EC50 为标准化浓度型效力指标""}]",0,,,0,,,0,0,0,,0,,0,,1,1,1,"[""CHEMBL3217683""]",2013,LITERATURE,0,不适用（可定量效力值不足 2 个 assay）,弱,仅 1 篇文献支撑
CHEMBL3221483,,Small molecule,,COC[C@H](Oc1ncnc2c1cnn2-c1ncccc1Cl)C(=O)Nc1ccc(C)cn1,DEGXQWCMHKXWLT-HNNXBMFYSA-N,2,EC50:2,1584.89,1584.89,1584.89,5.8,5.8,5.8,0.0,0,,0,2,2,"[{""assay"": ""CHEMBL3226993"", ""type"": ""EC50"", ""relation"": ""="", ""value_nm"": 1584.89, ""pactivity"": 5.8, ""doc"": ""CHEMBL3217683"", ""rule"": ""EC50 为标准化浓度型效力指标""}, {""assay"": ""CHEMBL3226995"", ""type"": ""EC50"", ""relation"": ""="", ""value_nm"": 1584.89, ""pactivity"": 5.8, ""doc"": ""CHEMBL3217445"", ""rule"": ""EC50 为标准化浓度型效力指标""}]",0,,,0,,,0,0,0,,0,,0,,2,2,2,"[""CHEMBL3217445"", ""CHEMBL3217683""]",2013,LITERATURE,1,一致（pActivity 极差 0.0，3 倍以内）,强,1 条被 ChEMBL 标为 potential_duplicate
CHEMBL3221484,,Small molecule,,COC[C@H](Oc1ncnc2c1cnn2-c1ncccc1Cl)C(=O)Nc1cnc(C)cn1,WECXHJZMTNQKBK-AWEZNQCLSA-N,1,EC50:1,5011.87,5011.87,5011.87,5.3,5.3,5.3,,0,,0,1,1,"[{""assay"": ""CHEMBL3226993"", ""type"": ""EC50"", ""relation"": ""="", ""value_nm"": 5011.87, ""pactivity"": 5.3, ""doc"": ""CHEMBL3217683"", ""rule"": ""EC50 为标准化浓度型效力指标""}]",0,,,0,,,0,0,0,,0,,0,,1,1,1,"[""CHEMBL3217683""]",2013,LITERATURE,0,不适用（可定量效力值不足 2 个 assay）,弱,仅 1 篇文献支撑
CHEMBL3221485,,Small molecule,,CCOC[C@H](Oc1ncnc2c1cnn2-c1ncccc1Cl)C(=O)Nc1ccc(C)cn1,WTGDOBVQFDJVDE-INIZCTEOSA-N,2,EC50:2,251.19,251.19,251.19,6.6,6.6,6.6,0.0,0,,0,2,2,"[{""assay"": ""CHEMBL3226993"", ""type"": ""EC50"", ""relation"": ""="", ""value_nm"": 251.19, ""pactivity"": 6.6, ""doc"": ""CHEMBL3217683"", ""rule"": ""EC50 为标准化浓度型效力指标""}, {""assay"": ""CHEMBL3226995"", ""type"": ""EC50"", ""relation"": ""="", ""value_nm"": 251.19, ""pactivity"": 6.6, ""doc"": ""CHEMBL3217445"", ""rule"": ""EC50 为标准化浓度型效力指标""}]",0,,,0,,,0,0,0,,0,,0,,2,2,2,"[""CHEMBL3217445"", ""CHEMBL3217683""]",2013,LITERATURE,1,一致（pActivity 极差 0.0，3 倍以内）,强,1 条被 ChEMBL 标为 potential_duplicate
CHEMBL3221486,,Small molecule,,CCOC[C@H](Oc1ncnc2c1cnn2-c1ccccc1Cl)C(=O)Nc1cnc(C)cn1,XQXCNHGZFDXEAL-KRWDZBQOSA-N,1,EC50:1,501.19,501.19,501.19,6.3,6.3,6.3,,0,,0,1,1,"[{""assay"": ""CHEMBL3226993"", ""type"": ""EC50"", ""relation"": ""="", ""value_nm"": 501.19, ""pactivity"": 6.3, ""doc"": ""CHEMBL3217683"", ""rule"": ""EC50 为标准化浓度型效力指标""}]",0,,,0,,,0,0,0,,0,,0,,1,1,1,"[""CHEMBL3217683""]",2013,LITERATURE,0,不适用（可定量效力值不足 2 个 assay）,弱,仅 1 篇文献支撑
CHEMBL3221487,,Small molecule,,CCOC[C@H](Oc1ncnc2c1cnn2-c1ncccc1Cl)C(=O)Nc1cnc(C)cn1,LVFOPIOPFRVLSQ-HNNXBMFYSA-N,1,EC50:1,1258.93,1258.93,1258.93,5.9,5.9,5.9,,0,,0,1,1,"[{""assay"": ""CHEMBL3226993"", ""type"": ""EC50"", ""relation"": ""="", ""value_nm"": 1258.93, ""pactivity"": 5.9, ""doc"": ""CHEMBL3217683"", ""rule"": ""EC50 为标准化浓度型效力指标""}]",0,,,0,,,0,0,0,,0,,0,,1,1,1,"[""CHEMBL3217683""]",2013,LITERATURE,0,不适用（可定量效力值不足 2 个 assay）,弱,仅 1 篇文献支撑
CHEMBL3221488,,Small molecule,,Cc1ccc(NC(=O)[C@H](COC(C)C)Oc2ncnc3c2cnn3-c2ccccc2Cl)nc1,CICZOZOHLKSIHE-IBGZPJMESA-N,1,EC50:1,125.89,125.89,125.89,6.9,6.9,6.9,,0,,0,1,1,"[{""assay"": ""CHEMBL3226993"", ""type"": ""EC50"", ""relation"": ""="", ""value_nm"": 125.89, ""pactivity"": 6.9, ""doc"": ""CHEMBL3217683"", ""rule"": ""EC50 为标准化浓度型效力指标""}]",0,,,0,,,0,0,0,,0,,0,,1,1,1,"[""CHEMBL3217683""]",2013,LITERATURE,0,不适用（可定量效力值不足 2 个 assay）,弱,仅 1 篇文献支撑
CHEMBL3221489,,Small molecule,,Cc1ccc(NC(=O)[C@H](COC(C)C)Oc2ncnc3c2cnn3-c2ncccc2Cl)nc1,AAGISEXHOPCAHZ-KRWDZBQOSA-N,2,EC50:2,158.49,158.49,158.49,6.8,6.8,6.8,0.0,0,,0,2,2,"[{""assay"": ""CHEMBL3226993"", ""type"": ""EC50"", ""relation"": ""="", ""value_nm"": 158.49, ""pactivity"": 6.8, ""doc"": ""CHEMBL3217683"", ""rule"": ""EC50 为标准化浓度型效力指标""}, {""assay"": ""CHEMBL3226995"", ""type"": ""EC50"", ""relation"": ""="", ""value_nm"": 158.49, ""pactivity"": 6.8, ""doc"": ""CHEMBL3217445"", ""rule"": ""EC50 为标准化浓度型效力指标""}]",0,,,0,,,0,0,0,,0,,0,,2,2,2,"[""CHEMBL3217445"", ""CHEMBL3217683""]",2013,LITERATURE,1,一致（pActivity 极差 0.0，3 倍以内）,强,1 条被 ChEMBL 标为 potential_duplicate
CHEMBL3221490,,Small molecule,,Cc1ccc(NC(=O)[C@H](COC2CCC2)Oc2ncnc3c2cnn3-c2ncccc2Cl)nc1,RSQOTBOFZKBONM-SFHVURJKSA-N,2,EC50:2,158.49,158.49,158.49,6.8,6.8,6.8,0.0,0,,0,2,2,"[{""assay"": ""CHEMBL3226993"", ""type"": ""EC50"", ""relation"": ""="", ""value_nm"": 158.49, ""pactivity"": 6.8, ""doc"": ""CHEMBL3217683"", ""rule"": ""EC50 为标准化浓度型效力指标""}, {""assay"": ""CHEMBL3226995"", ""type"": ""EC50"", ""relation"": ""="", ""value_nm"": 158.49, ""pactivity"": 6.8, ""doc"": ""CHEMBL3217445"", ""rule"": ""EC50 为标准化浓度型效力指标""}]",0,,,0,,,0,0,0,,0,,0,,2,2,2,"[""CHEMBL3217445"", ""CHEMBL3217683""]",2013,LITERATURE,1,一致（pActivity 极差 0.0，3 倍以内）,强,1 条被 ChEMBL 标为 potential_duplicate
CHEMBL3221491,,Small molecule,,Cc1cnc(NC(=O)[C@H](COC2CCC2)Oc2ncnc3c2cnn3-c2ccccc2Cl)cn1,NFFMTZVQQOWXMC-IBGZPJMESA-N,1,EC50:1,79.43,79.43,79.43,7.1,7.1,7.1,,0,,0,1,1,"[{""assay"": ""CHEMBL3226993"", ""type"": ""EC50"", ""relation"": ""="", ""value_nm"": 79.43, ""pactivity"": 7.1, ""doc"": ""CHEMBL3217683"", ""rule"": ""EC50 为标准化浓度型效力指标""}]",0,,,0,,,0,0,0,,0,,0,,1,1,1,"[""CHEMBL3217683""]",2013,LITERATURE,0,不适用（可定量效力值不足 2 个 assay）,弱,仅 1 篇文献支撑
CHEMBL3221492,,Small molecule,,Cc1cnc(NC(=O)[C@H](COC2CCC2)Oc2ncnc3c2cnn3-c2ncccc2Cl)cn1,RQXZZPXLCKFPCI-KRWDZBQOSA-N,1,EC50:1,158.49,158.49,158.49,6.8,6.8,6.8,,0,,0,1,1,"[{""assay"": ""CHEMBL3226993"", ""type"": ""EC50"", ""relation"": ""="", ""value_nm"": 158.49, ""pactivity"": 6.8, ""doc"": ""CHEMBL3217683"", ""rule"": ""EC50 为标准化浓度型效力指标""}]",0,,,0,,,0,0,0,,0,,0,,1,1,1,"[""CHEMBL3217683""]",2013,LITERATURE,0,不适用（可定量效力值不足 2 个 assay）,弱,仅 1 篇文献支撑
CHEMBL3221493,,Small molecule,,CC(C)OC[C@H](Oc1ncnc2c1cnn2-c1ncccc1Cl)C(=O)Nc1ccc(Cl)cn1,IGMKPDHBVPGYNL-INIZCTEOSA-N,2,EC50:2,398.11,398.11,398.11,6.4,6.4,6.4,0.0,0,,0,2,2,"[{""assay"": ""CHEMBL3226993"", ""type"": ""EC50"", ""relation"": ""="", ""value_nm"": 398.11, ""pactivity"": 6.4, ""doc"": ""CHEMBL3217683"", ""rule"": ""EC50 为标准化浓度型效力指标""}, {""assay"": ""CHEMBL3226995"", ""type"": ""EC50"", ""relation"": ""="", ""value_nm"": 398.11, ""pactivity"": 6.4, ""doc"": ""CHEMBL3217445"", ""rule"": ""EC50 为标准化浓度型效力指标""}]",0,,,0,,,0,0,0,,0,,0,,2,2,2,"[""CHEMBL3217445"", ""CHEMBL3217683""]",2013,LITERATURE,1,一致（pActivity 极差 0.0，3 倍以内）,强,1 条被 ChEMBL 标为 potential_duplicate
CHEMBL3221494,,Small molecule,,CC(C)OC[C@H](Oc1ncnc2c1cnn2-c1ccccc1Cl)C(=O)Nc1ccc(Cl)cn1,TULDQRGKIWKKNV-SFHVURJKSA-N,2,EC50:2,125.89,125.89,125.89,6.9,6.9,6.9,0.0,0,,0,2,2,"[{""assay"": ""CHEMBL3226993"", ""type"": ""EC50"", ""relation"": ""="", ""value_nm"": 125.89, ""pactivity"": 6.9, ""doc"": ""CHEMBL3217683"", ""rule"": ""EC50 为标准化浓度型效力指标""}, {""assay"": ""CHEMBL3226995"", ""type"": ""EC50"", ""relation"": ""="", ""value_nm"": 125.89, ""pactivity"": 6.9, ""doc"": ""CHEMBL3217445"", ""rule"": ""EC50 为标准化浓度型效力指标""}]",0,,,0,,,0,0,0,,0,,0,,2,2,2,"[""CHEMBL3217445"", ""CHEMBL3217683""]",2013,LITERATURE,1,一致（pActivity 极差 0.0，3 倍以内）,强,1 条被 ChEMBL 标为 potential_duplicate
CHEMBL3221495,,Small molecule,,CCOC[C@H](Oc1ncnc2c1cnn2-c1ncccc1Cl)C(=O)Nc1ccc(Cl)cn1,GRHVGTKJYJHQLN-HNNXBMFYSA-N,1,EC50:1,316.23,316.23,316.23,6.5,6.5,6.5,,0,,0,1,1,"[{""assay"": ""CHEMBL3226993"", ""type"": ""EC50"", ""relation"": ""="", ""value_nm"": 316.23, ""pactivity"": 6.5, ""doc"": ""CHEMBL3217683"", ""rule"": ""EC50 为标准化浓度型效力指标""}]",0,,,0,,,0,0,0,,0,,0,,1,1,1,"[""CHEMBL3217683""]",2013,LITERATURE,0,不适用（可定量效力值不足 2 个 assay）,弱,仅 1 篇文献支撑
CHEMBL3221496,,Small molecule,,CC(C)OC[C@H](Oc1ncnc2c1cnn2-c1ncccc1Cl)C(=O)Nc1ccc(F)cn1,IOQAVAVYSMVXIJ-INIZCTEOSA-N,2,EC50:2,501.19,501.19,501.19,6.3,6.3,6.3,0.0,0,,0,2,2,"[{""assay"": ""CHEMBL3226993"", ""type"": ""EC50"", ""relation"": ""="", ""value_nm"": 501.19, ""pactivity"": 6.3, ""doc"": ""CHEMBL3217683"", ""rule"": ""EC50 为标准化浓度型效力指标""}, {""assay"": ""CHEMBL3226995"", ""type"": ""EC50"", ""relation"": ""="", ""value_nm"": 501.19, ""pactivity"": 6.3, ""doc"": ""CHEMBL3217445"", ""rule"": ""EC50 为标准化浓度型效力指标""}]",0,,,0,,,0,0,0,,0,,0,,2,2,2,"[""CHEMBL3217445"", ""CHEMBL3217683""]",2013,LITERATURE,1,一致（pActivity 极差 0.0，3 倍以内）,强,1 条被 ChEMBL 标为 potential_duplicate
CHEMBL3221497,,Small molecule,,CC(C)OC[C@H](Oc1ncnc2c1cnn2-c1ccccc1Cl)C(=O)Nc1ccc(F)cn1,MDOWVDCIVGXLBF-SFHVURJKSA-N,1,EC50:1,199.53,199.53,199.53,6.7,6.7,6.7,,0,,0,1,1,"[{""assay"": ""CHEMBL3226993"", ""type"": ""EC50"", ""relation"": ""="", ""value_nm"": 199.53, ""pactivity"": 6.7, ""doc"": ""CHEMBL3217683"", ""rule"": ""EC50 为标准化浓度型效力指标""}]",0,,,0,,,0,0,0,,0,,0,,1,1,1,"[""CHEMBL3217683""]",2013,LITERATURE,0,不适用（可定量效力值不足 2 个 assay）,弱,仅 1 篇文献支撑
CHEMBL3221498,,Small molecule,,CCOC[C@H](Oc1ncnc2c1cnn2-c1ncccc1Cl)C(=O)Nc1ccc(F)cn1,XTOABDHZNVUVHW-HNNXBMFYSA-N,1,EC50:1,630.96,630.96,630.96,6.2,6.2,6.2,,0,,0,1,1,"[{""assay"": ""CHEMBL3226993"", ""type"": ""EC50"", ""relation"": ""="", ""value_nm"": 630.96, ""pactivity"": 6.2, ""doc"": ""CHEMBL3217683"", ""rule"": ""EC50 为标准化浓度型效力指标""}]",0,,,0,,,0,0,0,,0,,0,,1,1,1,"[""CHEMBL3217683""]",2013,LITERATURE,0,不适用（可定量效力值不足 2 个 assay）,弱,仅 1 篇文献支撑
CHEMBL3221499,,Small molecule,,CC(C)OC[C@H](Oc1ncnc2c1cnn2-c1ncccc1Cl)C(=O)Nc1ccccn1,WZBXEGOCOAPVFH-INIZCTEOSA-N,1,EC50:1,501.19,501.19,501.19,6.3,6.3,6.3,,0,,0,1,1,"[{""assay"": ""CHEMBL3226993"", ""type"": ""EC50"", ""relation"": ""="", ""value_nm"": 501.19, ""pactivity"": 6.3, ""doc"": ""CHEMBL3217683"", ""rule"": ""EC50 为标准化浓度型效力指标""}]",0,,,0,,,0,0,0,,0,,0,,1,1,1,"[""CHEMBL3217683""]",2013,LITERATURE,0,不适用（可定量效力值不足 2 个 assay）,弱,仅 1 篇文献支撑
CHEMBL3221500,,Small molecule,,CC(C)OC[C@H](Oc1ncnc2c1cnn2-c1ccccc1Cl)C(=O)Nc1ccccn1,LIBZEAOXJBJGPH-SFHVURJKSA-N,1,EC50:1,125.89,125.89,125.89,6.9,6.9,6.9,,0,,0,1,1,"[{""assay"": ""CHEMBL3226993"", ""type"": ""EC50"", ""relation"": ""="", ""value_nm"": 125.89, ""pactivity"": 6.9, ""doc"": ""CHEMBL3217683"", ""rule"": ""EC50 为标准化浓度型效力指标""}]",0,,,0,,,0,0,0,,0,,0,,1,1,1,"[""CHEMBL3217683""]",2013,LITERATURE,0,不适用（可定量效力值不足 2 个 assay）,弱,仅 1 篇文献支撑
CHEMBL3221501,,Small molecule,,CCOC[C@H](Oc1ncnc2c1cnn2-c1ncccc1Cl)C(=O)Nc1ccccn1,PLXPDSFGIBWPIR-HNNXBMFYSA-N,1,EC50:1,501.19,501.19,501.19,6.3,6.3,6.3,,0,,0,1,1,"[{""assay"": ""CHEMBL3226993"", ""type"": ""EC50"", ""relation"": ""="", ""value_nm"": 501.19, ""pactivity"": 6.3, ""doc"": ""CHEMBL3217683"", ""rule"": ""EC50 为标准化浓度型效力指标""}]",0,,,0,,,0,0,0,,0,,0,,1,1,1,"[""CHEMBL3217683""]",2013,LITERATURE,0,不适用（可定量效力值不足 2 个 assay）,弱,仅 1 篇文献支撑
CHEMBL3221502,,Small molecule,,CC(C)OC[C@H](Oc1ncnc2c1cnn2-c1ncccc1Cl)C(=O)Nc1ccc(C#N)cn1,LEDZWTIBSFACGV-KRWDZBQOSA-N,2,EC50:2,630.96,630.96,630.96,6.2,6.2,6.2,0.0,0,,0,2,2,"[{""assay"": ""CHEMBL3226993"", ""type"": ""EC50"", ""relation"": ""="", ""value_nm"": 630.96, ""pactivity"": 6.2, ""doc"": ""CHEMBL3217683"", ""rule"": ""EC50 为标准化浓度型效力指标""}, {""assay"": ""CHEMBL3226995"", ""type"": ""EC50"", ""relation"": ""="", ""value_nm"": 630.96, ""pactivity"": 6.2, ""doc"": ""CHEMBL3217445"", ""rule"": ""EC50 为标准化浓度型效力指标""}]",0,,,0,,,0,0,0,,0,,0,,2,2,2,"[""CHEMBL3217445"", ""CHEMBL3217683""]",2013,LITERATURE,1,一致（pActivity 极差 0.0，3 倍以内）,强,1 条被 ChEMBL 标为 potential_duplicate
CHEMBL3221503,,Small molecule,,CC(C)OC[C@H](Oc1ncnc2c1cnn2-c1ccccc1Cl)C(=O)Nc1ccc(C#N)cn1,IHVCXYJVLKGINF-IBGZPJMESA-N,1,EC50:1,316.23,316.23,316.23,6.5,6.5,6.5,,0,,0,1,1,"[{""assay"": ""CHEMBL3226993"", ""type"": ""EC50"", ""relation"": ""="", ""value_nm"": 316.23, ""pactivity"": 6.5, ""doc"": ""CHEMBL3217683"", ""rule"": ""EC50 为标准化浓度型效力指标""}]",0,,,0,,,0,0,0,,0,,0,,1,1,1,"[""CHEMBL3217683""]",2013,LITERATURE,0,不适用（可定量效力值不足 2 个 assay）,弱,仅 1 篇文献支撑
CHEMBL3221504,,Small molecule,,CCOC[C@H](Oc1ncnc2c1cnn2-c1ncccc1Cl)C(=O)Nc1ccc(C#N)cn1,WDALPHNIWVTHIG-INIZCTEOSA-N,1,EC50:1,630.96,630.96,630.96,6.2,6.2,6.2,,0,,0,1,1,"[{""assay"": ""CHEMBL3226993"", ""type"": ""EC50"", ""relation"": ""="", ""value_nm"": 630.96, ""pactivity"": 6.2, ""doc"": ""CHEMBL3217683"", ""rule"": ""EC50 为标准化浓度型效力指标""}]",0,,,0,,,0,0,0,,0,,0,,1,1,1,"[""CHEMBL3217683""]",2013,LITERATURE,0,不适用（可定量效力值不足 2 个 assay）,弱,仅 1 篇文献支撑
CHEMBL3221505,,Small molecule,,Cc1ccc(NC(=O)[C@H](CCO)Oc2ncnc3c2cnn3-c2ncccc2Cl)nc1,XCIJOAQPQWKKLY-HNNXBMFYSA-N,1,EC50:1,199.53,199.53,199.53,6.7,6.7,6.7,,0,,0,1,1,"[{""assay"": ""CHEMBL3226995"", ""type"": ""EC50"", ""relation"": ""="", ""value_nm"": 199.53, ""pactivity"": 6.7, ""doc"": ""CHEMBL3217445"", ""rule"": ""EC50 为标准化浓度型效力指标""}]",0,,,0,,,0,0,0,,0,,0,,1,1,1,"[""CHEMBL3217445""]",2013,LITERATURE,0,不适用（可定量效力值不足 2 个 assay）,弱,仅 1 篇文献支撑
CHEMBL3221506,,Small molecule,,O=C(Nc1ccc(Cl)cn1)[C@H](COCCO)Oc1ncnc2c1cnn2-c1ncccc1Cl,JGFLXCJCQKHWLZ-HNNXBMFYSA-N,1,EC50:1,501.19,501.19,501.19,6.3,6.3,6.3,,0,,0,1,1,"[{""assay"": ""CHEMBL3226995"", ""type"": ""EC50"", ""relation"": ""="", ""value_nm"": 501.19, ""pactivity"": 6.3, ""doc"": ""CHEMBL3217445"", ""rule"": ""EC50 为标准化浓度型效力指标""}]",0,,,0,,,0,0,0,,0,,0,,1,1,1,"[""CHEMBL3217445""]",2013,LITERATURE,0,不适用（可定量效力值不足 2 个 assay）,弱,仅 1 篇文献支撑
CHEMBL3221507,,Small molecule,,N#Cc1ccc(NC(=O)[C@H](COCCO)Oc2ncnc3c2cnn3-c2ncccc2Cl)nc1,LCRJVNQBJYIWTR-INIZCTEOSA-N,1,EC50:1,1584.89,1584.89,1584.89,5.8,5.8,5.8,,0,,0,1,1,"[{""assay"": ""CHEMBL3226995"", ""type"": ""EC50"", ""relation"": ""="", ""value_nm"": 1584.89, ""pactivity"": 5.8, ""doc"": ""CHEMBL3217445"", ""rule"": ""EC50 为标准化浓度型效力指标""}]",0,,,0,,,0,0,0,,0,,0,,1,1,1,"[""CHEMBL3217445""]",2013,LITERATURE,0,不适用（可定量效力值不足 2 个 assay）,弱,仅 1 篇文献支撑
CHEMBL3221508,,Small molecule,,O=C(Nc1ccc(Cl)cn1)[C@H](COCCO)Oc1ncnc2c1cnn2-c1ccccc1Cl,KTWRHJPPIZQGRW-KRWDZBQOSA-N,1,EC50:1,199.53,199.53,199.53,6.7,6.7,6.7,,0,,0,1,1,"[{""assay"": ""CHEMBL3226995"", ""type"": ""EC50"", ""relation"": ""="", ""value_nm"": 199.53, ""pactivity"": 6.7, ""doc"": ""CHEMBL3217445"", ""rule"": ""EC50 为标准化浓度型效力指标""}]",0,,,0,,,0,0,0,,0,,0,,1,1,1,"[""CHEMBL3217445""]",2013,LITERATURE,0,不适用（可定量效力值不足 2 个 assay）,弱,仅 1 篇文献支撑
CHEMBL3221509,,Small molecule,,C[C@@H](CO)OC[C@H](Oc1ncnc2c1cnn2-c1ncccc1Cl)C(=O)Nc1ccc(Cl)cn1,YIFBLFLYDFILGQ-LRDDRELGSA-N,1,EC50:1,3162.28,3162.28,3162.28,5.5,5.5,5.5,,0,,0,1,1,"[{""assay"": ""CHEMBL3226995"", ""type"": ""EC50"", ""relation"": ""="", ""value_nm"": 3162.28, ""pactivity"": 5.5, ""doc"": ""CHEMBL3217445"", ""rule"": ""EC50 为标准化浓度型效力指标""}]",0,,,0,,,0,0,0,,0,,0,,1,1,1,"[""CHEMBL3217445""]",2013,LITERATURE,0,不适用（可定量效力值不足 2 个 assay）,弱,仅 1 篇文献支撑
CHEMBL3221510,,Small molecule,,C[C@@H](CO)OC[C@H](Oc1ncnc2c1cnn2-c1ncccc1Cl)C(=O)Nc1ccc(F)cn1,UYUKOVWUXCJYGS-LRDDRELGSA-N,1,EC50:1,2511.89,2511.89,2511.89,5.6,5.6,5.6,,0,,0,1,1,"[{""assay"": ""CHEMBL3226995"", ""type"": ""EC50"", ""relation"": ""="", ""value_nm"": 2511.89, ""pactivity"": 5.6, ""doc"": ""CHEMBL3217445"", ""rule"": ""EC50 为标准化浓度型效力指标""}]",0,,,0,,,0,0,0,,0,,0,,1,1,1,"[""CHEMBL3217445""]",2013,LITERATURE,0,不适用（可定量效力值不足 2 个 assay）,弱,仅 1 篇文献支撑
CHEMBL3221511,,Small molecule,,C[C@@H](CO)OC[C@H](Oc1ncnc2c1cnn2-c1ncccc1Cl)C(=O)Nc1ccc(C#N)cn1,LGJVHBLAFORGRB-GUYCJALGSA-N,1,EC50:1,,,,,,,,1,100000.0,0,1,1,"[{""assay"": ""CHEMBL3226995"", ""type"": ""EC50"", ""relation"": "">"", ""value_nm"": 100000.0, ""pactivity"": null, ""doc"": ""CHEMBL3217445"", ""rule"": ""EC50 为标准化浓度型效力指标""}]",0,,,0,,,0,0,0,,0,,0,,1,1,1,"[""CHEMBL3217445""]",2013,LITERATURE,0,不适用（可定量效力值不足 2 个 assay）,弱,仅 1 篇文献支撑；1 条效力为删失值（>，最高浓度未达 EC50），未计入汇总；无可定量的效力或效能值
CHEMBL3221512,,Small molecule,,C[C@H](CO)OC[C@H](Oc1ncnc2c1cnn2-c1ncccc1Cl)C(=O)Nc1ccc(Cl)cn1,YIFBLFLYDFILGQ-WBMJQRKESA-N,1,EC50:1,398.11,398.11,398.11,6.4,6.4,6.4,,0,,0,1,1,"[{""assay"": ""CHEMBL3226995"", ""type"": ""EC50"", ""relation"": ""="", ""value_nm"": 398.11, ""pactivity"": 6.4, ""doc"": ""CHEMBL3217445"", ""rule"": ""EC50 为标准化浓度型效力指标""}]",0,,,0,,,0,0,0,,0,,0,,1,1,1,"[""CHEMBL3217445""]",2013,LITERATURE,0,不适用（可定量效力值不足 2 个 assay）,弱,仅 1 篇文献支撑
CHEMBL3221513,,Small molecule,,C[C@H](CO)OC[C@H](Oc1ncnc2c1cnn2-c1ncccc1Cl)C(=O)Nc1ccc(F)cn1,UYUKOVWUXCJYGS-WBMJQRKESA-N,1,EC50:1,794.33,794.33,794.33,6.1,6.1,6.1,,0,,0,1,1,"[{""assay"": ""CHEMBL3226995"", ""type"": ""EC50"", ""relation"": ""="", ""value_nm"": 794.33, ""pactivity"": 6.1, ""doc"": ""CHEMBL3217445"", ""rule"": ""EC50 为标准化浓度型效力指标""}]",0,,,0,,,0,0,0,,0,,0,,1,1,1,"[""CHEMBL3217445""]",2013,LITERATURE,0,不适用（可定量效力值不足 2 个 assay）,弱,仅 1 篇文献支撑
CHEMBL3221514,,Small molecule,,C[C@H](CO)OC[C@H](Oc1ncnc2c1cnn2-c1ncccc1Cl)C(=O)Nc1ccc(C#N)cn1,LGJVHBLAFORGRB-DYVFJYSZSA-N,1,EC50:1,630.96,630.96,630.96,6.2,6.2,6.2,,0,,0,1,1,"[{""assay"": ""CHEMBL3226995"", ""type"": ""EC50"", ""relation"": ""="", ""value_nm"": 630.96, ""pactivity"": 6.2, ""doc"": ""CHEMBL3217445"", ""rule"": ""EC50 为标准化浓度型效力指标""}]",0,,,0,,,0,0,0,,0,,0,,1,1,1,"[""CHEMBL3217445""]",2013,LITERATURE,0,不适用（可定量效力值不足 2 个 assay）,弱,仅 1 篇文献支撑
CHEMBL3221515,,Small molecule,,O=C(Nc1ccc(Cl)cn1)[C@H](CN1CC(O)C1)Oc1ncnc2c1cnn2-c1ncccc1Cl,JQOAKFQCBDRCMF-INIZCTEOSA-N,1,EC50:1,316.23,316.23,316.23,6.5,6.5,6.5,,0,,0,1,1,"[{""assay"": ""CHEMBL3226995"", ""type"": ""EC50"", ""relation"": ""="", ""value_nm"": 316.23, ""pactivity"": 6.5, ""doc"": ""CHEMBL3217445"", ""rule"": ""EC50 为标准化浓度型效力指标""}]",0,,,0,,,0,0,0,,0,,0,,1,1,1,"[""CHEMBL3217445""]",2013,LITERATURE,0,不适用（可定量效力值不足 2 个 assay）,弱,仅 1 篇文献支撑
CHEMBL3221516,,Small molecule,,O=C(Nc1ccc(F)cn1)[C@H](CN1CC(O)C1)Oc1ncnc2c1cnn2-c1ncccc1Cl,WMXLDHOWZJLXOB-INIZCTEOSA-N,1,EC50:1,316.23,316.23,316.23,6.5,6.5,6.5,,0,,0,1,1,"[{""assay"": ""CHEMBL3226995"", ""type"": ""EC50"", ""relation"": ""="", ""value_nm"": 316.23, ""pactivity"": 6.5, ""doc"": ""CHEMBL3217445"", ""rule"": ""EC50 为标准化浓度型效力指标""}]",0,,,0,,,0,0,0,,0,,0,,1,1,1,"[""CHEMBL3217445""]",2013,LITERATURE,0,不适用（可定量效力值不足 2 个 assay）,弱,仅 1 篇文献支撑
CHEMBL3221517,,Small molecule,,O=C(Nc1ccc(Cl)cn1)[C@H](CN1CC(O)C1)Oc1ncnc2c1cnn2-c1ccccc1Cl,BGHITEUBRBJBOP-SFHVURJKSA-N,1,EC50:1,63.1,63.1,63.1,7.2,7.2,7.2,,0,,0,1,1,"[{""assay"": ""CHEMBL3226995"", ""type"": ""EC50"", ""relation"": ""="", ""value_nm"": 63.1, ""pactivity"": 7.2, ""doc"": ""CHEMBL3217445"", ""rule"": ""EC50 为标准化浓度型效力指标""}]",0,,,0,,,0,0,0,,0,,0,,1,1,1,"[""CHEMBL3217445""]",2013,LITERATURE,0,不适用（可定量效力值不足 2 个 assay）,弱,仅 1 篇文献支撑
CHEMBL3221518,,Small molecule,,O=C(Nc1ccccn1)[C@H](CN1CC(O)C1)Oc1ncnc2c1cnn2-c1ccccc1Cl,QMEKMUKFQBLUHU-SFHVURJKSA-N,1,EC50:1,199.53,199.53,199.53,6.7,6.7,6.7,,0,,0,1,1,"[{""assay"": ""CHEMBL3226995"", ""type"": ""EC50"", ""relation"": ""="", ""value_nm"": 199.53, ""pactivity"": 6.7, ""doc"": ""CHEMBL3217445"", ""rule"": ""EC50 为标准化浓度型效力指标""}]",0,,,0,,,0,0,0,,0,,0,,1,1,1,"[""CHEMBL3217445""]",2013,LITERATURE,0,不适用（可定量效力值不足 2 个 assay）,弱,仅 1 篇文献支撑
CHEMBL3221519,,Small molecule,,N#Cc1ccc(NC(=O)[C@H](CN2CC(O)C2)Oc2ncnc3c2cnn3-c2ccccc2Cl)nc1,FASYULODQUSDTP-IBGZPJMESA-N,1,EC50:1,199.53,199.53,199.53,6.7,6.7,6.7,,0,,0,1,1,"[{""assay"": ""CHEMBL3226995"", ""type"": ""EC50"", ""relation"": ""="", ""value_nm"": 199.53, ""pactivity"": 6.7, ""doc"": ""CHEMBL3217445"", ""rule"": ""EC50 为标准化浓度型效力指标""}]",0,,,0,,,0,0,0,,0,,0,,1,1,1,"[""CHEMBL3217445""]",2013,LITERATURE,0,不适用（可定量效力值不足 2 个 assay）,弱,仅 1 篇文献支撑
CHEMBL3221520,,Small molecule,,O=C(Nc1ccc(F)cn1)[C@H](CN1CC(O)C1)Oc1ncnc2c1cnn2-c1ccccc1Cl,QAUDYLIIXRWNOA-SFHVURJKSA-N,2,EC50:2,78.0,78.715,79.43,7.11,7.105,7.1,0.01,0,,0,1,1,"[{""assay"": ""CHEMBL3226995"", ""type"": ""EC50"", ""relation"": ""="", ""value_nm"": 79.43, ""pactivity"": 7.1, ""doc"": ""CHEMBL3217445"", ""rule"": ""EC50 为标准化浓度型效力指标""}, {""assay"": ""CHEMBL3226995"", ""type"": ""EC50"", ""relation"": ""="", ""value_nm"": 78.0, ""pactivity"": 7.11, ""doc"": ""CHEMBL3217445"", ""rule"": ""EC50 为标准化浓度型效力指标""}]",0,,,0,,,0,0,0,,0,,0,,2,1,1,"[""CHEMBL3217445""]",2013,LITERATURE,0,不适用（可定量效力值不足 2 个 assay）,弱,仅 1 篇文献支撑
CHEMBL3221521,,Small molecule,,O=C(Nc1ccc(F)cn1)[C@H](COCCO)Oc1ncnc2c1cnn2-c1ccccc1Cl,VPDZTPHDUAHHPV-KRWDZBQOSA-N,1,EC50:1,630.96,630.96,630.96,6.2,6.2,6.2,,0,,0,1,1,"[{""assay"": ""CHEMBL3226995"", ""type"": ""EC50"", ""relation"": ""="", ""value_nm"": 630.96, ""pactivity"": 6.2, ""doc"": ""CHEMBL3217445"", ""rule"": ""EC50 为标准化浓度型效力指标""}]",0,,,0,,,0,0,0,,0,,0,,1,1,1,"[""CHEMBL3217445""]",2013,LITERATURE,0,不适用（可定量效力值不足 2 个 assay）,弱,仅 1 篇文献支撑
CHEMBL3221522,,Small molecule,,N#Cc1ccc(NC(=O)[C@H](CN2CC(O)C2)Oc2ncnc3c2cnn3-c2c(Cl)cccc2Cl)nc1,KWDNLKOOOJDQNA-SFHVURJKSA-N,1,EC50:1,251.19,251.19,251.19,6.6,6.6,6.6,,0,,0,1,1,"[{""assay"": ""CHEMBL3226995"", ""type"": ""EC50"", ""relation"": ""="", ""value_nm"": 251.19, ""pactivity"": 6.6, ""doc"": ""CHEMBL3217445"", ""rule"": ""EC50 为标准化浓度型效力指标""}]",0,,,0,,,0,0,0,,0,,0,,1,1,1,"[""CHEMBL3217445""]",2013,LITERATURE,0,不适用（可定量效力值不足 2 个 assay）,弱,仅 1 篇文献支撑
CHEMBL3221523,,Small molecule,,O=C(Nc1ccc(F)cn1)[C@H](CN1CC(O)C1)Oc1ncnc2c1cnn2-c1c(Cl)cccc1Cl,RWBHYJMVXPDSIT-KRWDZBQOSA-N,2,EC50:2,49.0,49.56,50.12,7.31,7.305,7.3,0.01,0,,0,1,1,"[{""assay"": ""CHEMBL3226995"", ""type"": ""EC50"", ""relation"": ""="", ""value_nm"": 50.12, ""pactivity"": 7.3, ""doc"": ""CHEMBL3217445"", ""rule"": ""EC50 为标准化浓度型效力指标""}, {""assay"": ""CHEMBL3226995"", ""type"": ""EC50"", ""relation"": ""="", ""value_nm"": 49.0, ""pactivity"": 7.31, ""doc"": ""CHEMBL3217445"", ""rule"": ""EC50 为标准化浓度型效力指标""}]",0,,,0,,,0,0,0,,0,,0,,2,1,1,"[""CHEMBL3217445""]",2013,LITERATURE,0,不适用（可定量效力值不足 2 个 assay）,弱,仅 1 篇文献支撑
CHEMBL3221524,,Small molecule,,O=C(Nc1ccc(F)cn1)[C@H](COCCO)Oc1ncnc2c1cnn2-c1c(Cl)cccc1Cl,ZFRMTOKAIQWRKF-INIZCTEOSA-N,1,EC50:1,125.89,125.89,125.89,6.9,6.9,6.9,,0,,0,1,1,"[{""assay"": ""CHEMBL3226995"", ""type"": ""EC50"", ""relation"": ""="", ""value_nm"": 125.89, ""pactivity"": 6.9, ""doc"": ""CHEMBL3217445"", ""rule"": ""EC50 为标准化浓度型效力指标""}]",0,,,0,,,0,0,0,,0,,0,,1,1,1,"[""CHEMBL3217445""]",2013,LITERATURE,0,不适用（可定量效力值不足 2 个 assay）,弱,仅 1 篇文献支撑
CHEMBL3221525,,Small molecule,,N#Cc1ccc(NC(=O)[C@H](CN2CC(O)C2)Oc2ncnc3c2cnn3-c2c(Cl)cccc2C#N)nc1,QNXBTJMKZJMAEU-IBGZPJMESA-N,1,EC50:1,501.19,501.19,501.19,6.3,6.3,6.3,,0,,0,1,1,"[{""assay"": ""CHEMBL3226995"", ""type"": ""EC50"", ""relation"": ""="", ""value_nm"": 501.19, ""pactivity"": 6.3, ""doc"": ""CHEMBL3217445"", ""rule"": ""EC50 为标准化浓度型效力指标""}]",0,,,0,,,0,0,0,,0,,0,,1,1,1,"[""CHEMBL3217445""]",2013,LITERATURE,0,不适用（可定量效力值不足 2 个 assay）,弱,仅 1 篇文献支撑
CHEMBL3221526,,Small molecule,,N#Cc1cccc(Cl)c1-n1ncc2c(O[C@@H](CN3CC(O)C3)C(=O)Nc3ccc(F)cn3)ncnc21,PUKKREPUSDNYNL-SFHVURJKSA-N,1,EC50:1,199.53,199.53,199.53,6.7,6.7,6.7,,0,,0,1,1,"[{""assay"": ""CHEMBL3226995"", ""type"": ""EC50"", ""relation"": ""="", ""value_nm"": 199.53, ""pactivity"": 6.7, ""doc"": ""CHEMBL3217445"", ""rule"": ""EC50 为标准化浓度型效力指标""}]",0,,,0,,,0,0,0,,0,,0,,1,1,1,"[""CHEMBL3217445""]",2013,LITERATURE,0,不适用（可定量效力值不足 2 个 assay）,弱,仅 1 篇文献支撑
CHEMBL3221527,,Small molecule,,N#Cc1cccc(Cl)c1-n1ncc2c(O[C@@H](COCCO)C(=O)Nc3ccc(F)cn3)ncnc21,BUIXNKGCYRBMEG-KRWDZBQOSA-N,1,EC50:1,501.19,501.19,501.19,6.3,6.3,6.3,,0,,0,1,1,"[{""assay"": ""CHEMBL3226995"", ""type"": ""EC50"", ""relation"": ""="", ""value_nm"": 501.19, ""pactivity"": 6.3, ""doc"": ""CHEMBL3217445"", ""rule"": ""EC50 为标准化浓度型效力指标""}]",0,,,0,,,0,0,0,,0,,0,,1,1,1,"[""CHEMBL3217445""]",2013,LITERATURE,0,不适用（可定量效力值不足 2 个 assay）,弱,仅 1 篇文献支撑
CHEMBL3221528,,Small molecule,,O=C(Nc1ccccn1)[C@H](CN1CC(O)C1)Oc1ncnc2c1cnn2-c1c(F)cccc1Cl,RAHYDCLHDREWBV-KRWDZBQOSA-N,1,EC50:1,79.43,79.43,79.43,7.1,7.1,7.1,,0,,0,1,1,"[{""assay"": ""CHEMBL3226995"", ""type"": ""EC50"", ""relation"": ""="", ""value_nm"": 79.43, ""pactivity"": 7.1, ""doc"": ""CHEMBL3217445"", ""rule"": ""EC50 为标准化浓度型效力指标""}]",0,,,0,,,0,0,0,,0,,0,,1,1,1,"[""CHEMBL3217445""]",2013,LITERATURE,0,不适用（可定量效力值不足 2 个 assay）,弱,仅 1 篇文献支撑
CHEMBL3221529,,Small molecule,,O=C(Nc1ccc(F)cn1)[C@H](CN1CC(O)C1)Oc1ncnc2c1cnn2-c1c(F)cccc1Cl,BMGADORKBYLQMZ-KRWDZBQOSA-N,1,EC50:1,50.12,50.12,50.12,7.3,7.3,7.3,,0,,0,1,1,"[{""assay"": ""CHEMBL3226995"", ""type"": ""EC50"", ""relation"": ""="", ""value_nm"": 50.12, ""pactivity"": 7.3, ""doc"": ""CHEMBL3217445"", ""rule"": ""EC50 为标准化浓度型效力指标""}]",0,,,0,,,0,0,0,,0,,0,,1,1,1,"[""CHEMBL3217445""]",2013,LITERATURE,0,不适用（可定量效力值不足 2 个 assay）,弱,仅 1 篇文献支撑
CHEMBL3221530,,Small molecule,,O=C(Nc1ccc(F)cn1)[C@H](COCCO)Oc1ncnc2c1cnn2-c1c(F)cccc1Cl,LZYXXAWRBSUKEJ-INIZCTEOSA-N,1,EC50:1,199.53,199.53,199.53,6.7,6.7,6.7,,0,,0,1,1,"[{""assay"": ""CHEMBL3226995"", ""type"": ""EC50"", ""relation"": ""="", ""value_nm"": 199.53, ""pactivity"": 6.7, ""doc"": ""CHEMBL3217445"", ""rule"": ""EC50 为标准化浓度型效力指标""}]",0,,,0,,,0,0,0,,0,,0,,1,1,1,"[""CHEMBL3217445""]",2013,LITERATURE,0,不适用（可定量效力值不足 2 个 assay）,弱,仅 1 篇文献支撑
CHEMBL3221531,,Small molecule,,Cc1cnc(NC(=O)[C@H](CN2CC(O)C2)Oc2ncnc3c2cnn3-c2c(Cl)cccc2Cl)cn1,CWLOTRFEEPFEKP-KRWDZBQOSA-N,1,EC50:1,96.0,96.0,96.0,7.02,7.02,7.02,,0,,0,1,1,"[{""assay"": ""CHEMBL3226995"", ""type"": ""EC50"", ""relation"": ""="", ""value_nm"": 96.0, ""pactivity"": 7.02, ""doc"": ""CHEMBL3217445"", ""rule"": ""EC50 为标准化浓度型效力指标""}]",0,,,0,,,0,0,0,,0,,0,,1,1,1,"[""CHEMBL3217445""]",2013,LITERATURE,0,不适用（可定量效力值不足 2 个 assay）,弱,仅 1 篇文献支撑
CHEMBL3221532,,Small molecule,,Cc1cnc(NC(=O)[C@H](CO[C@H](C)CO)Oc2ncnc3c2cnn3-c2c(Cl)cccc2C#N)cn1,KZZAQWDCTIJMOX-KDOFPFPSSA-N,1,EC50:1,78.0,78.0,78.0,7.11,7.11,7.11,,0,,0,1,1,"[{""assay"": ""CHEMBL3226995"", ""type"": ""EC50"", ""relation"": ""="", ""value_nm"": 78.0, ""pactivity"": 7.11, ""doc"": ""CHEMBL3217445"", ""rule"": ""EC50 为标准化浓度型效力指标""}]",0,,,0,,,0,0,0,,0,,0,,1,1,1,"[""CHEMBL3217445""]",2013,LITERATURE,0,不适用（可定量效力值不足 2 个 assay）,弱,仅 1 篇文献支撑
CHEMBL3235145,,Small molecule,,Cc1cccnc1-c1cc(Oc2ccc(S(C)(=O)=O)cc2)cc(C(=O)Nc2nccs2)c1,NUKLCFPZRXALBO-UHFFFAOYSA-N,1,EC50:1,95.0,95.0,95.0,7.02,7.02,7.02,,0,,0,1,1,"[{""assay"": ""CHEMBL3243402"", ""type"": ""EC50"", ""relation"": ""="", ""value_nm"": 95.0, ""pactivity"": 7.02, ""doc"": ""CHEMBL3232870"", ""rule"": ""EC50 为标准化浓度型效力指标""}]",0,,,0,,,0,0,0,,1,"[{""assay"": ""CHEMBL3239304"", ""type"": ""S50"", ""value"": 2.01, ""units"": ""mM""}]",0,,2,2,1,"[""CHEMBL3232870""]",2014,LITERATURE,0,不适用（可定量效力值不足 2 个 assay）,中,仅 1 篇文献支撑
CHEMBL3235146,,Small molecule,,Cc1cccnc1-c1cc(Oc2ccc(S(C)(=O)=O)cc2)cc(C(=O)Nc2ncc(F)s2)c1,YKAPCJRKYCEQAQ-UHFFFAOYSA-N,1,EC50:1,238.0,238.0,238.0,6.62,6.62,6.62,,0,,0,1,1,"[{""assay"": ""CHEMBL3243402"", ""type"": ""EC50"", ""relation"": ""="", ""value_nm"": 238.0, ""pactivity"": 6.62, ""doc"": ""CHEMBL3232870"", ""rule"": ""EC50 为标准化浓度型效力指标""}]",0,,,0,,,0,0,0,,1,"[{""assay"": ""CHEMBL3239304"", ""type"": ""S50"", ""value"": 1.95, ""units"": ""mM""}]",0,,2,2,1,"[""CHEMBL3232870""]",2014,LITERATURE,0,不适用（可定量效力值不足 2 个 assay）,中,仅 1 篇文献支撑
CHEMBL3235147,,Small molecule,,Cc1cccnc1-c1cc(Oc2ccc(S(C)(=O)=O)cc2)cc(C(=O)Nc2nc(CC(=O)NC3CC3)cs2)c1,KUENHNVZSJNAHR-UHFFFAOYSA-N,1,EC50:1,103.0,103.0,103.0,6.99,6.99,6.99,,0,,0,1,1,"[{""assay"": ""CHEMBL3243402"", ""type"": ""EC50"", ""relation"": ""="", ""value_nm"": 103.0, ""pactivity"": 6.99, ""doc"": ""CHEMBL3232870"", ""rule"": ""EC50 为标准化浓度型效力指标""}]",0,,,0,,,0,0,0,,1,"[{""assay"": ""CHEMBL3239304"", ""type"": ""S50"", ""value"": 1.78, ""units"": ""mM""}]",0,,2,2,1,"[""CHEMBL3232870""]",2014,LITERATURE,0,不适用（可定量效力值不足 2 个 assay）,中,仅 1 篇文献支撑
CHEMBL3235148,,Small molecule,,CCNC(=O)Cc1csc(NC(=O)c2cc(Oc3ccc(S(C)(=O)=O)cc3)cc(-c3ncccc3C)c2)n1,KMEHSPQCYHMNSS-UHFFFAOYSA-N,1,EC50:1,5.0,5.0,5.0,8.3,8.3,8.3,,0,,0,1,1,"[{""assay"": ""CHEMBL3243402"", ""type"": ""EC50"", ""relation"": ""="", ""value_nm"": 5.0, ""pactivity"": 8.3, ""doc"": ""CHEMBL3232870"", ""rule"": ""EC50 为标准化浓度型效力指标""}]",0,,,0,,,0,0,0,,1,"[{""assay"": ""CHEMBL3239304"", ""type"": ""S50"", ""value"": 4.35, ""units"": ""mM""}]",0,,2,2,1,"[""CHEMBL3232870""]",2014,LITERATURE,0,不适用（可定量效力值不足 2 个 assay）,中,仅 1 篇文献支撑
CHEMBL3235149,,Small molecule,,CCN(CC)Cc1csc(NC(=O)c2cc(Oc3ccc(S(C)(=O)=O)cc3)cc(-c3ncccc3C)c2)n1,NGRNQNNPDRJOOT-UHFFFAOYSA-N,1,EC50:1,,,,,,,,1,50000.0,0,1,1,"[{""assay"": ""CHEMBL3243402"", ""type"": ""EC50"", ""relation"": "">"", ""value_nm"": 50000.0, ""pactivity"": null, ""doc"": ""CHEMBL3232870"", ""rule"": ""EC50 为标准化浓度型效力指标""}]",0,,,0,,,0,0,0,,1,"[{""assay"": ""CHEMBL3239304"", ""type"": ""S50"", ""value"": 5.79, ""units"": ""mM""}]",0,,2,2,1,"[""CHEMBL3232870""]",2014,LITERATURE,0,不适用（可定量效力值不足 2 个 assay）,中,仅 1 篇文献支撑；1 条效力为删失值（>，最高浓度未达 EC50），未计入汇总；无可定量的效力或效能值
CHEMBL3235150,,Small molecule,,Cc1cccnc1-c1cc(Oc2ccc(S(C)(=O)=O)cc2)cc(C(=O)Nc2nc(CN3CCOCC3)cs2)c1,UUCGNUHYQJOYNN-UHFFFAOYSA-N,1,EC50:1,212.0,212.0,212.0,6.67,6.67,6.67,,0,,0,1,1,"[{""assay"": ""CHEMBL3243402"", ""type"": ""EC50"", ""relation"": ""="", ""value_nm"": 212.0, ""pactivity"": 6.67, ""doc"": ""CHEMBL3232870"", ""rule"": ""EC50 为标准化浓度型效力指标""}]",0,,,0,,,0,0,0,,1,"[{""assay"": ""CHEMBL3239304"", ""type"": ""S50"", ""value"": 3.24, ""units"": ""mM""}]",0,,2,2,1,"[""CHEMBL3232870""]",2014,LITERATURE,0,不适用（可定量效力值不足 2 个 assay）,中,仅 1 篇文献支撑
CHEMBL3235151,,Small molecule,,Cc1cccnc1-c1cc(Oc2ccc(S(C)(=O)=O)cc2)cc(C(=O)Nc2nc(CN3CCN(C)CC3)cs2)c1,QNNFXXIUYCESNQ-UHFFFAOYSA-N,1,EC50:1,688.0,688.0,688.0,6.16,6.16,6.16,,0,,0,1,1,"[{""assay"": ""CHEMBL3243402"", ""type"": ""EC50"", ""relation"": ""="", ""value_nm"": 688.0, ""pactivity"": 6.16, ""doc"": ""CHEMBL3232870"", ""rule"": ""EC50 为标准化浓度型效力指标""}]",0,,,0,,,0,0,0,,1,"[{""assay"": ""CHEMBL3239304"", ""type"": ""S50"", ""value"": 3.44, ""units"": ""mM""}]",0,,2,2,1,"[""CHEMBL3232870""]",2014,LITERATURE,0,不适用（可定量效力值不足 2 个 assay）,中,仅 1 篇文献支撑
CHEMBL3235152,,Small molecule,,COCCN(CCOC)Cc1csc(NC(=O)c2cc(Oc3ccc(S(C)(=O)=O)cc3)cc(-c3ncccc3C)c2)n1,ZZZTVFIRYKAQHZ-UHFFFAOYSA-N,1,EC50:1,2430.0,2430.0,2430.0,5.61,5.61,5.61,,0,,0,1,1,"[{""assay"": ""CHEMBL3243402"", ""type"": ""EC50"", ""relation"": ""="", ""value_nm"": 2430.0, ""pactivity"": 5.61, ""doc"": ""CHEMBL3232870"", ""rule"": ""EC50 为标准化浓度型效力指标""}]",0,,,0,,,0,0,0,,1,"[{""assay"": ""CHEMBL3239304"", ""type"": ""S50"", ""value"": 5.43, ""units"": ""mM""}]",0,,2,2,1,"[""CHEMBL3232870""]",2014,LITERATURE,0,不适用（可定量效力值不足 2 个 assay）,中,仅 1 篇文献支撑
CHEMBL3235153,,Small molecule,,COCCN(C)Cc1csc(NC(=O)c2cc(Oc3ccc(S(C)(=O)=O)cc3)cc(-c3ncccc3C)c2)n1,VOJUARBVNLARHP-UHFFFAOYSA-N,1,EC50:1,7460.0,7460.0,7460.0,5.13,5.13,5.13,,0,,0,1,1,"[{""assay"": ""CHEMBL3243402"", ""type"": ""EC50"", ""relation"": ""="", ""value_nm"": 7460.0, ""pactivity"": 5.13, ""doc"": ""CHEMBL3232870"", ""rule"": ""EC50 为标准化浓度型效力指标""}]",0,,,0,,,0,0,0,,1,"[{""assay"": ""CHEMBL3239304"", ""type"": ""S50"", ""value"": 4.56, ""units"": ""mM""}]",0,,2,2,1,"[""CHEMBL3232870""]",2014,LITERATURE,0,不适用（可定量效力值不足 2 个 assay）,中,仅 1 篇文献支撑
CHEMBL3235154,,Small molecule,,Cc1cccnc1-c1cc(Oc2ccc(S(C)(=O)=O)cc2)cc(C(=O)Nc2nc(CN3CCNCC3)cs2)c1,RIQJTILBCZPEJY-UHFFFAOYSA-N,1,EC50:1,,,,,,,,1,50000.0,0,1,1,"[{""assay"": ""CHEMBL3243402"", ""type"": ""EC50"", ""relation"": "">"", ""value_nm"": 50000.0, ""pactivity"": null, ""doc"": ""CHEMBL3232870"", ""rule"": ""EC50 为标准化浓度型效力指标""}]",0,,,0,,,0,0,0,,1,"[{""assay"": ""CHEMBL3239304"", ""type"": ""S50"", ""value"": 3.08, ""units"": ""mM""}]",0,,2,2,1,"[""CHEMBL3232870""]",2014,LITERATURE,0,不适用（可定量效力值不足 2 个 assay）,中,仅 1 篇文献支撑；1 条效力为删失值（>，最高浓度未达 EC50），未计入汇总；无可定量的效力或效能值
CHEMBL3235155,,Small molecule,,COCC(C)NCc1csc(NC(=O)c2cc(Oc3ccc(S(C)(=O)=O)cc3)cc(-c3ncccc3C)c2)n1,GXPZFRYBPOFRID-UHFFFAOYSA-N,1,EC50:1,8.0,8.0,8.0,8.1,8.1,8.1,,0,,0,1,1,"[{""assay"": ""CHEMBL3243402"", ""type"": ""EC50"", ""relation"": ""="", ""value_nm"": 8.0, ""pactivity"": 8.1, ""doc"": ""CHEMBL3232870"", ""rule"": ""EC50 为标准化浓度型效力指标""}]",0,,,0,,,0,0,0,,1,"[{""assay"": ""CHEMBL3239304"", ""type"": ""S50"", ""value"": 2.27, ""units"": ""mM""}]",0,,2,2,1,"[""CHEMBL3232870""]",2014,LITERATURE,0,不适用（可定量效力值不足 2 个 assay）,中,仅 1 篇文献支撑
CHEMBL3235156,,Small molecule,,COC(CNCc1csc(NC(=O)c2cc(Oc3ccc(S(C)(=O)=O)cc3)cc(-c3ncccc3C)c2)n1)OC,QEHMFFGQNSDFFI-UHFFFAOYSA-N,1,EC50:1,33.0,33.0,33.0,7.48,7.48,7.48,,0,,0,1,1,"[{""assay"": ""CHEMBL3243402"", ""type"": ""EC50"", ""relation"": ""="", ""value_nm"": 33.0, ""pactivity"": 7.48, ""doc"": ""CHEMBL3232870"", ""rule"": ""EC50 为标准化浓度型效力指标""}]",0,,,0,,,0,0,0,,1,"[{""assay"": ""CHEMBL3239304"", ""type"": ""S50"", ""value"": 0.57, ""units"": ""mM""}]",0,,2,2,1,"[""CHEMBL3232870""]",2014,LITERATURE,0,不适用（可定量效力值不足 2 个 assay）,中,仅 1 篇文献支撑
CHEMBL3235157,,Small molecule,,Cc1cccnc1-c1cc(Oc2ccc(S(C)(=O)=O)cc2)cc(C(=O)Nc2nc(CNC(C)C)cs2)c1,QSZQGDHXEWWXQQ-UHFFFAOYSA-N,1,EC50:1,463.0,463.0,463.0,6.33,6.33,6.33,,0,,0,1,1,"[{""assay"": ""CHEMBL3243402"", ""type"": ""EC50"", ""relation"": ""="", ""value_nm"": 463.0, ""pactivity"": 6.33, ""doc"": ""CHEMBL3232870"", ""rule"": ""EC50 为标准化浓度型效力指标""}]",0,,,0,,,0,0,0,,1,"[{""assay"": ""CHEMBL3239304"", ""type"": ""S50"", ""value"": 3.98, ""units"": ""mM""}]",0,,2,2,1,"[""CHEMBL3232870""]",2014,LITERATURE,0,不适用（可定量效力值不足 2 个 assay）,中,仅 1 篇文献支撑
CHEMBL3235158,,Small molecule,,C#CCNCc1csc(NC(=O)c2cc(Oc3ccc(S(C)(=O)=O)cc3)cc(-c3ncccc3C)c2)n1,AMDDBPFZRBYGQL-UHFFFAOYSA-N,1,EC50:1,106.0,106.0,106.0,6.97,6.97,6.97,,0,,0,1,1,"[{""assay"": ""CHEMBL3243402"", ""type"": ""EC50"", ""relation"": ""="", ""value_nm"": 106.0, ""pactivity"": 6.97, ""doc"": ""CHEMBL3232870"", ""rule"": ""EC50 为标准化浓度型效力指标""}]",0,,,0,,,0,0,0,,1,"[{""assay"": ""CHEMBL3239304"", ""type"": ""S50"", ""value"": 2.21, ""units"": ""mM""}]",0,,2,2,1,"[""CHEMBL3232870""]",2014,LITERATURE,0,不适用（可定量效力值不足 2 个 assay）,中,仅 1 篇文献支撑
CHEMBL3235159,,Small molecule,,CCCNCc1csc(NC(=O)c2cc(Oc3ccc(S(C)(=O)=O)cc3)cc(-c3ncccc3C)c2)n1,UUMYQNVYGOHEEZ-UHFFFAOYSA-N,1,EC50:1,,,,,,,,1,50000.0,0,1,1,"[{""assay"": ""CHEMBL3243402"", ""type"": ""EC50"", ""relation"": "">"", ""value_nm"": 50000.0, ""pactivity"": null, ""doc"": ""CHEMBL3232870"", ""rule"": ""EC50 为标准化浓度型效力指标""}]",0,,,0,,,0,0,0,,1,"[{""assay"": ""CHEMBL3239304"", ""type"": ""S50"", ""value"": 4.51, ""units"": ""mM""}]",0,,2,2,1,"[""CHEMBL3232870""]",2014,LITERATURE,0,不适用（可定量效力值不足 2 个 assay）,中,仅 1 篇文献支撑；1 条效力为删失值（>，最高浓度未达 EC50），未计入汇总；无可定量的效力或效能值
CHEMBL3235160,,Small molecule,,Cc1cccnc1-c1cc(Oc2ccc(S(C)(=O)=O)cc2)cc(C(=O)Nc2ccn(C)n2)c1,BLJWZLWQWDOSMG-UHFFFAOYSA-N,1,EC50:1,807.0,807.0,807.0,6.09,6.09,6.09,,0,,0,1,1,"[{""assay"": ""CHEMBL3243402"", ""type"": ""EC50"", ""relation"": ""="", ""value_nm"": 807.0, ""pactivity"": 6.09, ""doc"": ""CHEMBL3232870"", ""rule"": ""EC50 为标准化浓度型效力指标""}]",0,,,0,,,0,0,0,,1,"[{""assay"": ""CHEMBL3239304"", ""type"": ""S50"", ""value"": 3.89, ""units"": ""mM""}]",0,,2,2,1,"[""CHEMBL3232870""]",2014,LITERATURE,0,不适用（可定量效力值不足 2 个 assay）,中,仅 1 篇文献支撑
CHEMBL3235161,,Small molecule,,CCOCn1ccc(NC(=O)c2cc(Oc3ccc(S(C)(=O)=O)cc3)cc(-c3ncccc3C)c2)n1,ZBOYANPQJVBHOG-UHFFFAOYSA-N,1,EC50:1,,,,,,,,1,50000.0,0,1,1,"[{""assay"": ""CHEMBL3243402"", ""type"": ""EC50"", ""relation"": "">"", ""value_nm"": 50000.0, ""pactivity"": null, ""doc"": ""CHEMBL3232870"", ""rule"": ""EC50 为标准化浓度型效力指标""}]",0,,,0,,,0,0,0,,0,,0,,1,1,1,"[""CHEMBL3232870""]",2014,LITERATURE,0,不适用（可定量效力值不足 2 个 assay）,弱,仅 1 篇文献支撑；1 条效力为删失值（>，最高浓度未达 EC50），未计入汇总；无可定量的效力或效能值
CHEMBL3235162,,Small molecule,,CCN(CC)CCn1ccc(NC(=O)c2cc(Oc3ccc(S(C)(=O)=O)cc3)cc(-c3ncccc3C)c2)n1,ORUZOFOOTOBCLZ-UHFFFAOYSA-N,1,EC50:1,,,,,,,,1,50000.0,0,1,1,"[{""assay"": ""CHEMBL3243402"", ""type"": ""EC50"", ""relation"": "">"", ""value_nm"": 50000.0, ""pactivity"": null, ""doc"": ""CHEMBL3232870"", ""rule"": ""EC50 为标准化浓度型效力指标""}]",0,,,0,,,0,0,0,,0,,0,,1,1,1,"[""CHEMBL3232870""]",2014,LITERATURE,0,不适用（可定量效力值不足 2 个 assay）,弱,仅 1 篇文献支撑；1 条效力为删失值（>，最高浓度未达 EC50），未计入汇总；无可定量的效力或效能值
CHEMBL3235163,,Small molecule,,Cc1cccnc1-c1cc(Oc2ccc(S(C)(=O)=O)cc2)cc(C(=O)Nc2ccn(CCN3CCOCC3)n2)c1,WNGYACZPFZNWQL-UHFFFAOYSA-N,1,EC50:1,441.0,441.0,441.0,6.36,6.36,6.36,,0,,0,1,1,"[{""assay"": ""CHEMBL3243402"", ""type"": ""EC50"", ""relation"": ""="", ""value_nm"": 441.0, ""pactivity"": 6.36, ""doc"": ""CHEMBL3232870"", ""rule"": ""EC50 为标准化浓度型效力指标""}]",0,,,0,,,0,0,0,,1,"[{""assay"": ""CHEMBL3239304"", ""type"": ""S50"", ""value"": 3.54, ""units"": ""mM""}]",0,,2,2,1,"[""CHEMBL3232870""]",2014,LITERATURE,0,不适用（可定量效力值不足 2 个 assay）,中,仅 1 篇文献支撑
CHEMBL3235164,,Small molecule,,COCCOCn1ccc(NC(=O)c2cc(Oc3ccc(S(C)(=O)=O)cc3)cc(-c3ncccc3C)c2)n1,YREXUDMRKQYWKW-UHFFFAOYSA-N,1,EC50:1,315.0,315.0,315.0,6.5,6.5,6.5,,0,,0,1,1,"[{""assay"": ""CHEMBL3243402"", ""type"": ""EC50"", ""relation"": ""="", ""value_nm"": 315.0, ""pactivity"": 6.5, ""doc"": ""CHEMBL3232870"", ""rule"": ""EC50 为标准化浓度型效力指标""}]",0,,,0,,,0,0,0,,1,"[{""assay"": ""CHEMBL3239304"", ""type"": ""S50"", ""value"": 2.33, ""units"": ""mM""}]",0,,2,2,1,"[""CHEMBL3232870""]",2014,LITERATURE,0,不适用（可定量效力值不足 2 个 assay）,中,仅 1 篇文献支撑
CHEMBL3338056,,Small molecule,,CCc1ncccc1Oc1cc(Sc2ccccn2)cnc1NC=O,OKBQGRPVSXZFNX-UHFFFAOYSA-N,2,EC50:2,13200.0,27300.0,41400.0,4.88,4.63,4.38,0.5,0,,0,2,1,"[{""assay"": ""CHEMBL3384773"", ""type"": ""EC50"", ""relation"": ""="", ""value_nm"": 13200.0, ""pactivity"": 4.88, ""doc"": ""CHEMBL3352420"", ""rule"": ""EC50 为标准化浓度型效力指标""}, {""assay"": ""CHEMBL3384774"", ""type"": ""EC50"", ""relation"": ""="", ""value_nm"": 41400.0, ""pactivity"": 4.38, ""doc"": ""CHEMBL3352420"", ""rule"": ""EC50 为标准化浓度型效力指标""}]",0,,,0,,,0,0,0,,1,"[{""assay"": ""CHEMBL3384775"", ""type"": ""Vmax"", ""value"": 104, ""units"": ""%""}]",0,,3,3,1,"[""CHEMBL3352420""]",2014,LITERATURE,0,一致（pActivity 极差 0.5，3 倍以内）,中,仅 1 篇文献支撑
CHEMBL3338057,,Small molecule,,CCc1ncccc1Oc1cc(Sc2ccccn2)cnc1NC(C)=O,FTGAXNLDYHSFJB-UHFFFAOYSA-N,1,EC50:1,,,,,,,,1,50000.0,0,1,1,"[{""assay"": ""CHEMBL3384773"", ""type"": ""EC50"", ""relation"": "">"", ""value_nm"": 50000.0, ""pactivity"": null, ""doc"": ""CHEMBL3352420"", ""rule"": ""EC50 为标准化浓度型效力指标""}]",0,,,0,,,0,0,0,,1,"[{""assay"": ""CHEMBL3384775"", ""type"": ""Vmax"", ""value"": null, ""units"": null}]",1,"[{""assay"": ""CHEMBL3384774"", ""type"": ""EC50"", ""value"": null, ""units"": null, ""reason"": ""EC50 缺少浓度单位（units=None），无法作为效力""}]",3,3,1,"[""CHEMBL3352420""]",2014,LITERATURE,0,不适用（可定量效力值不足 2 个 assay）,中,仅 1 篇文献支撑；1 条效力为删失值（>，最高浓度未达 EC50），未计入汇总；无可定量的效力或效能值；1 条指标未归类（见 unclassified_records）
CHEMBL3338058,,Small molecule,,CCOC(=O)Nc1ncc(Sc2ccccn2)cc1Oc1cccnc1CC,BKDVUELBMZELAB-UHFFFAOYSA-N,1,EC50:1,,,,,,,,1,50000.0,0,1,1,"[{""assay"": ""CHEMBL3384773"", ""type"": ""EC50"", ""relation"": "">"", ""value_nm"": 50000.0, ""pactivity"": null, ""doc"": ""CHEMBL3352420"", ""rule"": ""EC50 为标准化浓度型效力指标""}]",0,,,0,,,0,0,0,,1,"[{""assay"": ""CHEMBL3384775"", ""type"": ""Vmax"", ""value"": null, ""units"": null}]",1,"[{""assay"": ""CHEMBL3384774"", ""type"": ""EC50"", ""value"": null, ""units"": null, ""reason"": ""EC50 缺少浓度单位（units=None），无法作为效力""}]",3,3,1,"[""CHEMBL3352420""]",2014,LITERATURE,0,不适用（可定量效力值不足 2 个 assay）,中,仅 1 篇文献支撑；1 条效力为删失值（>，最高浓度未达 EC50），未计入汇总；无可定量的效力或效能值；1 条指标未归类（见 unclassified_records）
CHEMBL3338059,,Small molecule,,CCNC(=O)Nc1ncc(Sc2ccccn2)cc1Oc1cccnc1CC,JRYJOYINDXAPDH-UHFFFAOYSA-N,2,EC50:2,203.0,375.0,547.0,6.69,6.475,6.26,0.43,0,,0,2,1,"[{""assay"": ""CHEMBL3384773"", ""type"": ""EC50"", ""relation"": ""="", ""value_nm"": 203.0, ""pactivity"": 6.69, ""doc"": ""CHEMBL3352420"", ""rule"": ""EC50 为标准化浓度型效力指标""}, {""assay"": ""CHEMBL3384774"", ""type"": ""EC50"", ""relation"": ""="", ""value_nm"": 547.0, ""pactivity"": 6.26, ""doc"": ""CHEMBL3352420"", ""rule"": ""EC50 为标准化浓度型效力指标""}]",0,,,0,,,0,0,0,,1,"[{""assay"": ""CHEMBL3384775"", ""type"": ""Vmax"", ""value"": 64, ""units"": ""%""}]",0,,3,3,1,"[""CHEMBL3352420""]",2014,LITERATURE,0,一致（pActivity 极差 0.43，3 倍以内）,中,仅 1 篇文献支撑
CHEMBL3338060,,Small molecule,,CCc1ncccc1Oc1cc(Sc2ccccn2)cnc1NC(=O)NC,PIGWQTQWPKNWHF-UHFFFAOYSA-N,2,EC50:2,88.0,159.5,231.0,7.06,6.85,6.64,0.42,0,,0,2,1,"[{""assay"": ""CHEMBL3384773"", ""type"": ""EC50"", ""relation"": ""="", ""value_nm"": 88.0, ""pactivity"": 7.06, ""doc"": ""CHEMBL3352420"", ""rule"": ""EC50 为标准化浓度型效力指标""}, {""assay"": ""CHEMBL3384774"", ""type"": ""EC50"", ""relation"": ""="", ""value_nm"": 231.0, ""pactivity"": 6.64, ""doc"": ""CHEMBL3352420"", ""rule"": ""EC50 为标准化浓度型效力指标""}]",0,,,0,,,0,0,0,,1,"[{""assay"": ""CHEMBL3384775"", ""type"": ""Vmax"", ""value"": 77, ""units"": ""%""}]",0,,3,3,1,"[""CHEMBL3352420""]",2014,LITERATURE,0,一致（pActivity 极差 0.42，3 倍以内）,中,仅 1 篇文献支撑
CHEMBL3338061,,Small molecule,,CCc1ncccc1Oc1cc(Sc2ccccn2)cnc1NC(N)=O,CFSIKHDUZWFTKM-UHFFFAOYSA-N,2,EC50:2,1730.0,3105.0,4480.0,5.76,5.555,5.35,0.41,0,,0,2,1,"[{""assay"": ""CHEMBL3384773"", ""type"": ""EC50"", ""relation"": ""="", ""value_nm"": 1730.0, ""pactivity"": 5.76, ""doc"": ""CHEMBL3352420"", ""rule"": ""EC50 为标准化浓度型效力指标""}, {""assay"": ""CHEMBL3384774"", ""type"": ""EC50"", ""relation"": ""="", ""value_nm"": 4480.0, ""pactivity"": 5.35, ""doc"": ""CHEMBL3352420"", ""rule"": ""EC50 为标准化浓度型效力指标""}]",0,,,0,,,0,0,0,,1,"[{""assay"": ""CHEMBL3384775"", ""type"": ""Vmax"", ""value"": 77, ""units"": ""%""}]",0,,3,3,1,"[""CHEMBL3352420""]",2014,LITERATURE,0,一致（pActivity 极差 0.41，3 倍以内）,中,仅 1 篇文献支撑
CHEMBL3338062,,Small molecule,,CCc1ncccc1Oc1cc(Sc2ccccn2)cnc1NC(=O)NC(C)C,MWUIYNSZLGEBQR-UHFFFAOYSA-N,1,EC50:1,,,,,,,,1,50000.0,0,1,1,"[{""assay"": ""CHEMBL3384773"", ""type"": ""EC50"", ""relation"": "">"", ""value_nm"": 50000.0, ""pactivity"": null, ""doc"": ""CHEMBL3352420"", ""rule"": ""EC50 为标准化浓度型效力指标""}]",0,,,0,,,0,0,0,,1,"[{""assay"": ""CHEMBL3384775"", ""type"": ""Vmax"", ""value"": null, ""units"": null}]",1,"[{""assay"": ""CHEMBL3384774"", ""type"": ""EC50"", ""value"": null, ""units"": null, ""reason"": ""EC50 缺少浓度单位（units=None），无法作为效力""}]",3,3,1,"[""CHEMBL3352420""]",2014,LITERATURE,0,不适用（可定量效力值不足 2 个 assay）,中,仅 1 篇文献支撑；1 条效力为删失值（>，最高浓度未达 EC50），未计入汇总；无可定量的效力或效能值；1 条指标未归类（见 unclassified_records）
CHEMBL3338063,,Small molecule,,CCc1ncccc1Oc1cc(Sc2ccccn2)cnc1NC(=O)NCCO,NSMYFNIFGQYCJB-UHFFFAOYSA-N,2,EC50:2,2120.0,2480.0,2840.0,5.67,5.61,5.55,0.12,0,,0,2,1,"[{""assay"": ""CHEMBL3384773"", ""type"": ""EC50"", ""relation"": ""="", ""value_nm"": 2120.0, ""pactivity"": 5.67, ""doc"": ""CHEMBL3352420"", ""rule"": ""EC50 为标准化浓度型效力指标""}, {""assay"": ""CHEMBL3384774"", ""type"": ""EC50"", ""relation"": ""="", ""value_nm"": 2840.0, ""pactivity"": 5.55, ""doc"": ""CHEMBL3352420"", ""rule"": ""EC50 为标准化浓度型效力指标""}]",0,,,0,,,0,0,0,,1,"[{""assay"": ""CHEMBL3384775"", ""type"": ""Vmax"", ""value"": 66, ""units"": ""%""}]",0,,3,3,1,"[""CHEMBL3352420""]",2014,LITERATURE,0,一致（pActivity 极差 0.12，3 倍以内）,中,仅 1 篇文献支撑
CHEMBL3338064,,Small molecule,,CCc1ncccc1Oc1cc(Sc2ccccn2)cnc1NC(=O)NCc1ccccn1,IQBNYKNSSKHAGO-UHFFFAOYSA-N,2,EC50:2,1620.0,2805.0,3990.0,5.79,5.595,5.4,0.39,0,,0,2,1,"[{""assay"": ""CHEMBL3384773"", ""type"": ""EC50"", ""relation"": ""="", ""value_nm"": 1620.0, ""pactivity"": 5.79, ""doc"": ""CHEMBL3352420"", ""rule"": ""EC50 为标准化浓度型效力指标""}, {""assay"": ""CHEMBL3384774"", ""type"": ""EC50"", ""relation"": ""="", ""value_nm"": 3990.0, ""pactivity"": 5.4, ""doc"": ""CHEMBL3352420"", ""rule"": ""EC50 为标准化浓度型效力指标""}]",0,,,0,,,0,0,0,,1,"[{""assay"": ""CHEMBL3384775"", ""type"": ""Vmax"", ""value"": 72, ""units"": ""%""}]",0,,3,3,1,"[""CHEMBL3352420""]",2014,LITERATURE,0,一致（pActivity 极差 0.39，3 倍以内）,中,仅 1 篇文献支撑
CHEMBL3338065,,Small molecule,,CCc1ncccc1Oc1cc(Sc2ccccn2)cnc1NC(=O)NCc1cccnc1,PVACDAJIXAMLJH-UHFFFAOYSA-N,2,EC50:2,758.0,1364.0,1970.0,6.12,5.915,5.71,0.41,0,,0,2,1,"[{""assay"": ""CHEMBL3384773"", ""type"": ""EC50"", ""relation"": ""="", ""value_nm"": 758.0, ""pactivity"": 6.12, ""doc"": ""CHEMBL3352420"", ""rule"": ""EC50 为标准化浓度型效力指标""}, {""assay"": ""CHEMBL3384774"", ""type"": ""EC50"", ""relation"": ""="", ""value_nm"": 1970.0, ""pactivity"": 5.71, ""doc"": ""CHEMBL3352420"", ""rule"": ""EC50 为标准化浓度型效力指标""}]",0,,,0,,,0,0,0,,1,"[{""assay"": ""CHEMBL3384775"", ""type"": ""Vmax"", ""value"": 75, ""units"": ""%""}]",0,,3,3,1,"[""CHEMBL3352420""]",2014,LITERATURE,0,一致（pActivity 极差 0.41，3 倍以内）,中,仅 1 篇文献支撑
CHEMBL3338066,,Small molecule,,CCc1ncccc1Oc1cc(Sc2ccccn2)cnc1NC(=O)NCc1ccncc1,ZAGWBBAEHUQTNK-UHFFFAOYSA-N,2,EC50:2,952.0,1056.0,1160.0,6.02,5.98,5.94,0.08,0,,0,2,1,"[{""assay"": ""CHEMBL3384773"", ""type"": ""EC50"", ""relation"": ""="", ""value_nm"": 952.0, ""pactivity"": 6.02, ""doc"": ""CHEMBL3352420"", ""rule"": ""EC50 为标准化浓度型效力指标""}, {""assay"": ""CHEMBL3384774"", ""type"": ""EC50"", ""relation"": ""="", ""value_nm"": 1160.0, ""pactivity"": 5.94, ""doc"": ""CHEMBL3352420"", ""rule"": ""EC50 为标准化浓度型效力指标""}]",0,,,0,,,0,0,0,,1,"[{""assay"": ""CHEMBL3384775"", ""type"": ""Vmax"", ""value"": 73, ""units"": ""%""}]",0,,3,3,1,"[""CHEMBL3352420""]",2014,LITERATURE,0,一致（pActivity 极差 0.08，3 倍以内）,中,仅 1 篇文献支撑
CHEMBL3338067,,Small molecule,,CCc1ncccc1Oc1cc(Sc2ccccn2)cnc1NC(=O)NCc1ccccc1O,GCWBKOZBTHYDAH-UHFFFAOYSA-N,2,EC50:2,393.0,3121.5,5850.0,6.41,5.82,5.23,1.18,0,,0,2,1,"[{""assay"": ""CHEMBL3384773"", ""type"": ""EC50"", ""relation"": ""="", ""value_nm"": 393.0, ""pactivity"": 6.41, ""doc"": ""CHEMBL3352420"", ""rule"": ""EC50 为标准化浓度型效力指标""}, {""assay"": ""CHEMBL3384774"", ""type"": ""EC50"", ""relation"": ""="", ""value_nm"": 5850.0, ""pactivity"": 5.23, ""doc"": ""CHEMBL3352420"", ""rule"": ""EC50 为标准化浓度型效力指标""}]",0,,,0,,,0,0,0,,1,"[{""assay"": ""CHEMBL3384775"", ""type"": ""Vmax"", ""value"": 84, ""units"": ""%""}]",0,,3,3,1,"[""CHEMBL3352420""]",2014,LITERATURE,0,分歧（pActivity 极差 1.18，超过 10 倍）,中,仅 1 篇文献支撑
CHEMBL3338068,,Small molecule,,CCc1ncccc1Oc1cc(Sc2ccccn2)cnc1NC(=O)NCc1cccc(O)c1,RLVIXVHIIIXZMP-UHFFFAOYSA-N,2,EC50:2,276.0,1553.0,2830.0,6.56,6.055,5.55,1.01,0,,0,2,1,"[{""assay"": ""CHEMBL3384773"", ""type"": ""EC50"", ""relation"": ""="", ""value_nm"": 276.0, ""pactivity"": 6.56, ""doc"": ""CHEMBL3352420"", ""rule"": ""EC50 为标准化浓度型效力指标""}, {""assay"": ""CHEMBL3384774"", ""type"": ""EC50"", ""relation"": ""="", ""value_nm"": 2830.0, ""pactivity"": 5.55, ""doc"": ""CHEMBL3352420"", ""rule"": ""EC50 为标准化浓度型效力指标""}]",0,,,0,,,0,0,0,,1,"[{""assay"": ""CHEMBL3384775"", ""type"": ""Vmax"", ""value"": 68, ""units"": ""%""}]",0,,3,3,1,"[""CHEMBL3352420""]",2014,LITERATURE,0,分歧（pActivity 极差 1.01，超过 10 倍）,中,仅 1 篇文献支撑
CHEMBL3338069,,Small molecule,,CCc1ncccc1Oc1cc(Sc2ccccn2)cnc1NC(=O)NCc1ccc(O)cc1,YWEGCCSCIIUVEE-UHFFFAOYSA-N,2,EC50:2,172.0,851.0,1530.0,6.76,6.29,5.82,0.94,0,,0,2,1,"[{""assay"": ""CHEMBL3384773"", ""type"": ""EC50"", ""relation"": ""="", ""value_nm"": 172.0, ""pactivity"": 6.76, ""doc"": ""CHEMBL3352420"", ""rule"": ""EC50 为标准化浓度型效力指标""}, {""assay"": ""CHEMBL3384774"", ""type"": ""EC50"", ""relation"": ""="", ""value_nm"": 1530.0, ""pactivity"": 5.82, ""doc"": ""CHEMBL3352420"", ""rule"": ""EC50 为标准化浓度型效力指标""}]",0,,,0,,,0,0,0,,1,"[{""assay"": ""CHEMBL3384775"", ""type"": ""Vmax"", ""value"": 66, ""units"": ""%""}]",0,,3,3,1,"[""CHEMBL3352420""]",2014,LITERATURE,0,较一致（pActivity 极差 0.94，10 倍以内）,中,仅 1 篇文献支撑
CHEMBL3338070,,Small molecule,,CNC(=O)Nc1ncc(Sc2ccccn2)cc1Oc1cccnc1C,ULIBCQGTCHBHOL-UHFFFAOYSA-N,2,EC50:2,262.0,1057.5,1853.0,6.58,6.155,5.73,0.85,0,,0,2,1,"[{""assay"": ""CHEMBL3384773"", ""type"": ""EC50"", ""relation"": ""="", ""value_nm"": 262.0, ""pactivity"": 6.58, ""doc"": ""CHEMBL3352420"", ""rule"": ""EC50 为标准化浓度型效力指标""}, {""assay"": ""CHEMBL3384774"", ""type"": ""EC50"", ""relation"": ""="", ""value_nm"": 1853.0, ""pactivity"": 5.73, ""doc"": ""CHEMBL3352420"", ""rule"": ""EC50 为标准化浓度型效力指标""}]",0,,,0,,,0,0,0,,1,"[{""assay"": ""CHEMBL3384775"", ""type"": ""Vmax"", ""value"": 74, ""units"": ""%""}]",0,,3,3,1,"[""CHEMBL3352420""]",2014,LITERATURE,0,较一致（pActivity 极差 0.85，10 倍以内）,中,仅 1 篇文献支撑
CHEMBL3338071,,Small molecule,,CCn1nccc1Oc1cc(Sc2ccccn2)cnc1NC(=O)NC,BMKXMPKGWHESCK-UHFFFAOYSA-N,2,EC50:2,319.0,395.5,472.0,6.5,6.415,6.33,0.17,0,,0,2,1,"[{""assay"": ""CHEMBL3384773"", ""type"": ""EC50"", ""relation"": ""="", ""value_nm"": 319.0, ""pactivity"": 6.5, ""doc"": ""CHEMBL3352420"", ""rule"": ""EC50 为标准化浓度型效力指标""}, {""assay"": ""CHEMBL3384774"", ""type"": ""EC50"", ""relation"": ""="", ""value_nm"": 472.0, ""pactivity"": 6.33, ""doc"": ""CHEMBL3352420"", ""rule"": ""EC50 为标准化浓度型效力指标""}]",0,,,0,,,0,0,0,,1,"[{""assay"": ""CHEMBL3384775"", ""type"": ""Vmax"", ""value"": 90, ""units"": ""%""}]",0,,3,3,1,"[""CHEMBL3352420""]",2014,LITERATURE,0,一致（pActivity 极差 0.17，3 倍以内）,中,仅 1 篇文献支撑
CHEMBL3338072,,Small molecule,,CNC(=O)Nc1ncc(Sc2ccccn2)cc1Oc1c(C)n[nH]c1C,YEYGPCHTBLMDJF-UHFFFAOYSA-N,2,EC50:2,345.0,1293.0,2241.0,6.46,6.055,5.65,0.81,0,,0,2,1,"[{""assay"": ""CHEMBL3384773"", ""type"": ""EC50"", ""relation"": ""="", ""value_nm"": 2241.0, ""pactivity"": 5.65, ""doc"": ""CHEMBL3352420"", ""rule"": ""EC50 为标准化浓度型效力指标""}, {""assay"": ""CHEMBL3384774"", ""type"": ""EC50"", ""relation"": ""="", ""value_nm"": 345.0, ""pactivity"": 6.46, ""doc"": ""CHEMBL3352420"", ""rule"": ""EC50 为标准化浓度型效力指标""}]",0,,,0,,,0,0,0,,1,"[{""assay"": ""CHEMBL3384775"", ""type"": ""Vmax"", ""value"": 53, ""units"": ""%""}]",0,,3,3,1,"[""CHEMBL3352420""]",2014,LITERATURE,0,较一致（pActivity 极差 0.81，10 倍以内）,中,仅 1 篇文献支撑
CHEMBL3338073,,Small molecule,,CNC(=O)Nc1ncc(SCc2ccccn2)cc1Oc1cccnc1C,BFVGHCDGWVFTSA-UHFFFAOYSA-N,2,EC50:2,3093.0,6194.0,9295.0,5.51,5.27,5.03,0.48,0,,0,2,1,"[{""assay"": ""CHEMBL3384773"", ""type"": ""EC50"", ""relation"": ""="", ""value_nm"": 3093.0, ""pactivity"": 5.51, ""doc"": ""CHEMBL3352420"", ""rule"": ""EC50 为标准化浓度型效力指标""}, {""assay"": ""CHEMBL3384774"", ""type"": ""EC50"", ""relation"": ""="", ""value_nm"": 9295.0, ""pactivity"": 5.03, ""doc"": ""CHEMBL3352420"", ""rule"": ""EC50 为标准化浓度型效力指标""}]",0,,,0,,,0,0,0,,1,"[{""assay"": ""CHEMBL3384775"", ""type"": ""Vmax"", ""value"": 146, ""units"": ""%""}]",0,,3,3,1,"[""CHEMBL3352420""]",2014,LITERATURE,0,一致（pActivity 极差 0.48，3 倍以内）,中,仅 1 篇文献支撑
CHEMBL3338074,,Small molecule,,CNC(=O)Nc1ncc(SCc2ccccc2)cc1Oc1cccnc1C,IMMMYNDGTLNAJM-UHFFFAOYSA-N,2,EC50:2,172.0,673.5,1175.0,6.76,6.345,5.93,0.83,0,,0,2,1,"[{""assay"": ""CHEMBL3384773"", ""type"": ""EC50"", ""relation"": ""="", ""value_nm"": 172.0, ""pactivity"": 6.76, ""doc"": ""CHEMBL3352420"", ""rule"": ""EC50 为标准化浓度型效力指标""}, {""assay"": ""CHEMBL3384774"", ""type"": ""EC50"", ""relation"": ""="", ""value_nm"": 1175.0, ""pactivity"": 5.93, ""doc"": ""CHEMBL3352420"", ""rule"": ""EC50 为标准化浓度型效力指标""}]",0,,,0,,,0,0,0,,1,"[{""assay"": ""CHEMBL3384775"", ""type"": ""Vmax"", ""value"": 76, ""units"": ""%""}]",0,,3,3,1,"[""CHEMBL3352420""]",2014,LITERATURE,0,较一致（pActivity 极差 0.83，10 倍以内）,中,仅 1 篇文献支撑
CHEMBL3338075,,Small molecule,,CNC(=O)Nc1ncc(SCCCO)cc1Oc1cccnc1C,MHTIQEWJQGVICA-UHFFFAOYSA-N,2,EC50:2,550.0,632.0,714.0,6.26,6.205,6.15,0.11,0,,0,2,1,"[{""assay"": ""CHEMBL3384773"", ""type"": ""EC50"", ""relation"": ""="", ""value_nm"": 550.0, ""pactivity"": 6.26, ""doc"": ""CHEMBL3352420"", ""rule"": ""EC50 为标准化浓度型效力指标""}, {""assay"": ""CHEMBL3384774"", ""type"": ""EC50"", ""relation"": ""="", ""value_nm"": 714.0, ""pactivity"": 6.15, ""doc"": ""CHEMBL3352420"", ""rule"": ""EC50 为标准化浓度型效力指标""}]",0,,,0,,,0,0,0,,1,"[{""assay"": ""CHEMBL3384775"", ""type"": ""Vmax"", ""value"": 80, ""units"": ""%""}]",0,,3,3,1,"[""CHEMBL3352420""]",2014,LITERATURE,0,一致（pActivity 极差 0.11，3 倍以内）,中,仅 1 篇文献支撑
CHEMBL3338076,,Small molecule,,CNC(=O)Nc1ncc(SCCCOC)cc1Oc1cccnc1C,DEEDZFNFVOWYCU-UHFFFAOYSA-N,2,EC50:2,182.0,246.5,311.0,6.74,6.625,6.51,0.23,0,,0,2,1,"[{""assay"": ""CHEMBL3384773"", ""type"": ""EC50"", ""relation"": ""="", ""value_nm"": 182.0, ""pactivity"": 6.74, ""doc"": ""CHEMBL3352420"", ""rule"": ""EC50 为标准化浓度型效力指标""}, {""assay"": ""CHEMBL3384774"", ""type"": ""EC50"", ""relation"": ""="", ""value_nm"": 311.0, ""pactivity"": 6.51, ""doc"": ""CHEMBL3352420"", ""rule"": ""EC50 为标准化浓度型效力指标""}]",0,,,0,,,0,0,0,,1,"[{""assay"": ""CHEMBL3384775"", ""type"": ""Vmax"", ""value"": 87, ""units"": ""%""}]",0,,3,3,1,"[""CHEMBL3352420""]",2014,LITERATURE,0,一致（pActivity 极差 0.23，3 倍以内）,中,仅 1 篇文献支撑
CHEMBL3338077,,Small molecule,,CNC(=O)Nc1ncc(SCC2CCOCC2)cc1Oc1cccnc1C,KBCSVELGNOMACO-UHFFFAOYSA-N,2,EC50:2,317.0,376.5,436.0,6.5,6.43,6.36,0.14,0,,0,2,1,"[{""assay"": ""CHEMBL3384773"", ""type"": ""EC50"", ""relation"": ""="", ""value_nm"": 317.0, ""pactivity"": 6.5, ""doc"": ""CHEMBL3352420"", ""rule"": ""EC50 为标准化浓度型效力指标""}, {""assay"": ""CHEMBL3384774"", ""type"": ""EC50"", ""relation"": ""="", ""value_nm"": 436.0, ""pactivity"": 6.36, ""doc"": ""CHEMBL3352420"", ""rule"": ""EC50 为标准化浓度型效力指标""}]",0,,,0,,,0,0,0,,1,"[{""assay"": ""CHEMBL3384775"", ""type"": ""Vmax"", ""value"": 88, ""units"": ""%""}]",0,,3,3,1,"[""CHEMBL3352420""]",2014,LITERATURE,0,一致（pActivity 极差 0.14，3 倍以内）,中,仅 1 篇文献支撑
CHEMBL3338155,,Small molecule,,CNC(=O)Nc1ncc(SC2CCOCC2)cc1Oc1cccnc1C,JALZBSKFWWSHNK-UHFFFAOYSA-N,2,EC50:2,233.0,284.5,336.0,6.63,6.55,6.47,0.16,0,,0,2,1,"[{""assay"": ""CHEMBL3384773"", ""type"": ""EC50"", ""relation"": ""="", ""value_nm"": 336.0, ""pactivity"": 6.47, ""doc"": ""CHEMBL3352420"", ""rule"": ""EC50 为标准化浓度型效力指标""}, {""assay"": ""CHEMBL3384774"", ""type"": ""EC50"", ""relation"": ""="", ""value_nm"": 233.0, ""pactivity"": 6.63, ""doc"": ""CHEMBL3352420"", ""rule"": ""EC50 为标准化浓度型效力指标""}]",0,,,0,,,0,0,0,,1,"[{""assay"": ""CHEMBL3384775"", ""type"": ""Vmax"", ""value"": 73, ""units"": ""%""}]",0,,3,3,1,"[""CHEMBL3352420""]",2014,LITERATURE,0,一致（pActivity 极差 0.16，3 倍以内）,中,仅 1 篇文献支撑
CHEMBL3338156,,Small molecule,,CNC(=O)Nc1ncc(SC2CCN(C(=O)OC(C)(C)C)CC2)cc1Oc1cccnc1C,GWPGRDSUKXWFFI-UHFFFAOYSA-N,2,EC50:2,132.0,341.0,550.0,6.88,6.57,6.26,0.62,0,,0,2,1,"[{""assay"": ""CHEMBL3384773"", ""type"": ""EC50"", ""relation"": ""="", ""value_nm"": 132.0, ""pactivity"": 6.88, ""doc"": ""CHEMBL3352420"", ""rule"": ""EC50 为标准化浓度型效力指标""}, {""assay"": ""CHEMBL3384774"", ""type"": ""EC50"", ""relation"": ""="", ""value_nm"": 550.0, ""pactivity"": 6.26, ""doc"": ""CHEMBL3352420"", ""rule"": ""EC50 为标准化浓度型效力指标""}]",0,,,0,,,0,0,0,,1,"[{""assay"": ""CHEMBL3384775"", ""type"": ""Vmax"", ""value"": 75, ""units"": ""%""}]",0,,3,3,1,"[""CHEMBL3352420""]",2014,LITERATURE,0,较一致（pActivity 极差 0.62，10 倍以内）,中,仅 1 篇文献支撑
CHEMBL3338157,,Small molecule,,CNC(=O)Nc1ncc(SC2CCN(C(C)=O)CC2)cc1Oc1cccnc1C,ZFQFBPPMMBJIKT-UHFFFAOYSA-N,2,EC50:2,111.0,153.5,196.0,6.96,6.835,6.71,0.25,0,,0,2,1,"[{""assay"": ""CHEMBL3384773"", ""type"": ""EC50"", ""relation"": ""="", ""value_nm"": 111.0, ""pactivity"": 6.96, ""doc"": ""CHEMBL3352420"", ""rule"": ""EC50 为标准化浓度型效力指标""}, {""assay"": ""CHEMBL3384774"", ""type"": ""EC50"", ""relation"": ""="", ""value_nm"": 196.0, ""pactivity"": 6.71, ""doc"": ""CHEMBL3352420"", ""rule"": ""EC50 为标准化浓度型效力指标""}]",0,,,0,,,0,0,0,,1,"[{""assay"": ""CHEMBL3384775"", ""type"": ""Vmax"", ""value"": 59, ""units"": ""%""}]",0,,3,3,1,"[""CHEMBL3352420""]",2014,LITERATURE,0,一致（pActivity 极差 0.25，3 倍以内）,中,仅 1 篇文献支撑
CHEMBL3338158,,Small molecule,,CNC(=O)Nc1ncc(SC2CCN(S(C)(=O)=O)CC2)cc1Oc1cccnc1C,QEBDWFSFDGBWIT-UHFFFAOYSA-N,2,EC50:2,195.0,221.5,248.0,6.71,6.66,6.61,0.1,0,,0,2,1,"[{""assay"": ""CHEMBL3384773"", ""type"": ""EC50"", ""relation"": ""="", ""value_nm"": 195.0, ""pactivity"": 6.71, ""doc"": ""CHEMBL3352420"", ""rule"": ""EC50 为标准化浓度型效力指标""}, {""assay"": ""CHEMBL3384774"", ""type"": ""EC50"", ""relation"": ""="", ""value_nm"": 248.0, ""pactivity"": 6.61, ""doc"": ""CHEMBL3352420"", ""rule"": ""EC50 为标准化浓度型效力指标""}]",0,,,0,,,0,0,0,,1,"[{""assay"": ""CHEMBL3384775"", ""type"": ""Vmax"", ""value"": 54, ""units"": ""%""}]",0,,3,3,1,"[""CHEMBL3352420""]",2014,LITERATURE,0,一致（pActivity 极差 0.1，3 倍以内）,中,仅 1 篇文献支撑
CHEMBL3352877,,Small molecule,,CCn1nc(COC)cc1Oc1cc(CC2CCOCC2)cnc1NC(=O)NC,KFKCBULZNJTIAH-UHFFFAOYSA-N,1,EC50:1,820.0,820.0,820.0,6.09,6.09,6.09,,0,,0,1,1,"[{""assay"": ""CHEMBL3377918"", ""type"": ""EC50"", ""relation"": ""="", ""value_nm"": 820.0, ""pactivity"": 6.09, ""doc"": ""CHEMBL3351938"", ""rule"": ""EC50 为标准化浓度型效力指标""}]",0,,,0,,,0,0,0,,0,,1,"[{""assay"": ""CHEMBL3377920"", ""type"": ""Ratio"", ""value"": 0.71, ""units"": null, ""reason"": ""Ratio 为自由文本指标（无官方标准化规则），assay 描述未命中提升门槛，不跨实验汇总""}]",2,2,1,"[""CHEMBL3351938""]",2014,LITERATURE,0,不适用（可定量效力值不足 2 个 assay）,中,仅 1 篇文献支撑；1 条指标未归类（见 unclassified_records）
CHEMBL3358425,,Small molecule,,CCc1ncccc1Oc1cc(CC(C)C)cnc1NC(=O)NC,BALRZLCXFDPYFL-UHFFFAOYSA-N,1,EC50:1,120.0,120.0,120.0,6.92,6.92,6.92,,0,,0,1,1,"[{""assay"": ""CHEMBL3377918"", ""type"": ""EC50"", ""relation"": ""="", ""value_nm"": 120.0, ""pactivity"": 6.92, ""doc"": ""CHEMBL3351938"", ""rule"": ""EC50 为标准化浓度型效力指标""}]",0,,,0,,,0,0,0,,0,,1,"[{""assay"": ""CHEMBL3377920"", ""type"": ""Ratio"", ""value"": 0.82, ""units"": null, ""reason"": ""Ratio 为自由文本指标（无官方标准化规则），assay 描述未命中提升门槛，不跨实验汇总""}]",2,2,1,"[""CHEMBL3351938""]",2014,LITERATURE,0,不适用（可定量效力值不足 2 个 assay）,中,仅 1 篇文献支撑；1 条指标未归类（见 unclassified_records）
CHEMBL3358426,,Small molecule,,CCOCCc1cnc(NC(=O)NC)c(Oc2cccnc2CC)c1,AKSDQOQLGVSUMM-UHFFFAOYSA-N,1,EC50:1,590.0,590.0,590.0,6.23,6.23,6.23,,0,,0,1,1,"[{""assay"": ""CHEMBL3377918"", ""type"": ""EC50"", ""relation"": ""="", ""value_nm"": 590.0, ""pactivity"": 6.23, ""doc"": ""CHEMBL3351938"", ""rule"": ""EC50 为标准化浓度型效力指标""}]",0,,,0,,,0,0,0,,0,,1,"[{""assay"": ""CHEMBL3377920"", ""type"": ""Ratio"", ""value"": 0.7, ""units"": null, ""reason"": ""Ratio 为自由文本指标（无官方标准化规则），assay 描述未命中提升门槛，不跨实验汇总""}]",2,2,1,"[""CHEMBL3351938""]",2014,LITERATURE,0,不适用（可定量效力值不足 2 个 assay）,中,仅 1 篇文献支撑；1 条指标未归类（见 unclassified_records）
CHEMBL3358427,,Small molecule,,CCc1ncccc1Oc1cc(CCCOC)cnc1NC(=O)NC,RBKTXKCXSZTHRB-UHFFFAOYSA-N,1,EC50:1,440.0,440.0,440.0,6.36,6.36,6.36,,0,,0,1,1,"[{""assay"": ""CHEMBL3377918"", ""type"": ""EC50"", ""relation"": ""="", ""value_nm"": 440.0, ""pactivity"": 6.36, ""doc"": ""CHEMBL3351938"", ""rule"": ""EC50 为标准化浓度型效力指标""}]",0,,,0,,,0,0,0,,0,,1,"[{""assay"": ""CHEMBL3377920"", ""type"": ""Ratio"", ""value"": 0.78, ""units"": null, ""reason"": ""Ratio 为自由文本指标（无官方标准化规则），assay 描述未命中提升门槛，不跨实验汇总""}]",2,2,1,"[""CHEMBL3351938""]",2014,LITERATURE,0,不适用（可定量效力值不足 2 个 assay）,中,仅 1 篇文献支撑；1 条指标未归类（见 unclassified_records）
CHEMBL3358428,,Small molecule,,CCc1ncccc1Oc1cc(CCCCOC)cnc1NC(=O)NC,LSXSKCCBGGKZIS-UHFFFAOYSA-N,1,EC50:1,110.0,110.0,110.0,6.96,6.96,6.96,,0,,0,1,1,"[{""assay"": ""CHEMBL3377918"", ""type"": ""EC50"", ""relation"": ""="", ""value_nm"": 110.0, ""pactivity"": 6.96, ""doc"": ""CHEMBL3351938"", ""rule"": ""EC50 为标准化浓度型效力指标""}]",0,,,0,,,0,0,0,,0,,1,"[{""assay"": ""CHEMBL3377920"", ""type"": ""Ratio"", ""value"": 0.74, ""units"": null, ""reason"": ""Ratio 为自由文本指标（无官方标准化规则），assay 描述未命中提升门槛，不跨实验汇总""}]",2,2,1,"[""CHEMBL3351938""]",2014,LITERATURE,0,不适用（可定量效力值不足 2 个 assay）,中,仅 1 篇文献支撑；1 条指标未归类（见 unclassified_records）
CHEMBL3358429,,Small molecule,,CCc1ncccc1Oc1cc(CCO)cnc1NC(=O)NC,SPICMKUIWMSNAR-UHFFFAOYSA-N,1,EC50:1,1590.0,1590.0,1590.0,5.8,5.8,5.8,,0,,0,1,1,"[{""assay"": ""CHEMBL3377918"", ""type"": ""EC50"", ""relation"": ""="", ""value_nm"": 1590.0, ""pactivity"": 5.8, ""doc"": ""CHEMBL3351938"", ""rule"": ""EC50 为标准化浓度型效力指标""}]",0,,,0,,,0,0,0,,0,,0,,1,1,1,"[""CHEMBL3351938""]",2014,LITERATURE,0,不适用（可定量效力值不足 2 个 assay）,弱,仅 1 篇文献支撑
CHEMBL3358430,,Small molecule,,CCc1ncccc1Oc1cc(CCCCO)cnc1NC(=O)NC,MNHUBGMIJUGXJF-UHFFFAOYSA-N,1,EC50:1,350.0,350.0,350.0,6.46,6.46,6.46,,0,,0,1,1,"[{""assay"": ""CHEMBL3377918"", ""type"": ""EC50"", ""relation"": ""="", ""value_nm"": 350.0, ""pactivity"": 6.46, ""doc"": ""CHEMBL3351938"", ""rule"": ""EC50 为标准化浓度型效力指标""}]",0,,,0,,,0,0,0,,0,,1,"[{""assay"": ""CHEMBL3377920"", ""type"": ""Ratio"", ""value"": 0.86, ""units"": null, ""reason"": ""Ratio 为自由文本指标（无官方标准化规则），assay 描述未命中提升门槛，不跨实验汇总""}]",2,2,1,"[""CHEMBL3351938""]",2014,LITERATURE,0,不适用（可定量效力值不足 2 个 assay）,中,仅 1 篇文献支撑；1 条指标未归类（见 unclassified_records）
CHEMBL3358431,,Small molecule,,CCc1ncccc1Oc1cc(CCCC(C)(C)O)cnc1NC(=O)NC,UKIPUFLXFPRFNY-UHFFFAOYSA-N,1,EC50:1,110.0,110.0,110.0,6.96,6.96,6.96,,0,,0,1,1,"[{""assay"": ""CHEMBL3377918"", ""type"": ""EC50"", ""relation"": ""="", ""value_nm"": 110.0, ""pactivity"": 6.96, ""doc"": ""CHEMBL3351938"", ""rule"": ""EC50 为标准化浓度型效力指标""}]",0,,,0,,,0,0,0,,0,,1,"[{""assay"": ""CHEMBL3377920"", ""type"": ""Ratio"", ""value"": 0.73, ""units"": null, ""reason"": ""Ratio 为自由文本指标（无官方标准化规则），assay 描述未命中提升门槛，不跨实验汇总""}]",2,2,1,"[""CHEMBL3351938""]",2014,LITERATURE,0,不适用（可定量效力值不足 2 个 assay）,中,仅 1 篇文献支撑；1 条指标未归类（见 unclassified_records）
CHEMBL3358432,,Small molecule,,CCc1ncccc1Oc1cc(CC2CCCCC2)cnc1NC(=O)NC,LDRZWXMZIPLJON-UHFFFAOYSA-N,1,EC50:1,14.0,14.0,14.0,7.85,7.85,7.85,,0,,0,1,1,"[{""assay"": ""CHEMBL3377918"", ""type"": ""EC50"", ""relation"": ""="", ""value_nm"": 14.0, ""pactivity"": 7.85, ""doc"": ""CHEMBL3351938"", ""rule"": ""EC50 为标准化浓度型效力指标""}]",0,,,0,,,0,0,0,,0,,1,"[{""assay"": ""CHEMBL3377920"", ""type"": ""Ratio"", ""value"": 0.73, ""units"": null, ""reason"": ""Ratio 为自由文本指标（无官方标准化规则），assay 描述未命中提升门槛，不跨实验汇总""}]",2,2,1,"[""CHEMBL3351938""]",2014,LITERATURE,0,不适用（可定量效力值不足 2 个 assay）,中,仅 1 篇文献支撑；1 条指标未归类（见 unclassified_records）
CHEMBL3358433,,Small molecule,,CCc1ncccc1Oc1cc(CC2CCOCC2)cnc1NC(=O)NC,QTWXFBQCCJRZJD-UHFFFAOYSA-N,1,EC50:1,290.0,290.0,290.0,6.54,6.54,6.54,,0,,0,1,1,"[{""assay"": ""CHEMBL3377918"", ""type"": ""EC50"", ""relation"": ""="", ""value_nm"": 290.0, ""pactivity"": 6.54, ""doc"": ""CHEMBL3351938"", ""rule"": ""EC50 为标准化浓度型效力指标""}]",0,,,0,,,0,0,0,,0,,1,"[{""assay"": ""CHEMBL3377920"", ""type"": ""Ratio"", ""value"": 0.75, ""units"": null, ""reason"": ""Ratio 为自由文本指标（无官方标准化规则），assay 描述未命中提升门槛，不跨实验汇总""}]",2,2,1,"[""CHEMBL3351938""]",2014,LITERATURE,0,不适用（可定量效力值不足 2 个 assay）,中,仅 1 篇文献支撑；1 条指标未归类（见 unclassified_records）
CHEMBL3358434,,Small molecule,,CCn1nccc1Oc1cc(CCCCOC)cnc1NC(=O)NC,FWITYVKBJMMBMI-UHFFFAOYSA-N,1,EC50:1,460.0,460.0,460.0,6.34,6.34,6.34,,0,,0,1,1,"[{""assay"": ""CHEMBL3377918"", ""type"": ""EC50"", ""relation"": ""="", ""value_nm"": 460.0, ""pactivity"": 6.34, ""doc"": ""CHEMBL3351938"", ""rule"": ""EC50 为标准化浓度型效力指标""}]",0,,,0,,,0,0,0,,0,,1,"[{""assay"": ""CHEMBL3377920"", ""type"": ""Ratio"", ""value"": 0.83, ""units"": null, ""reason"": ""Ratio 为自由文本指标（无官方标准化规则），assay 描述未命中提升门槛，不跨实验汇总""}]",2,2,1,"[""CHEMBL3351938""]",2014,LITERATURE,0,不适用（可定量效力值不足 2 个 assay）,中,仅 1 篇文献支撑；1 条指标未归类（见 unclassified_records）
CHEMBL3358435,,Small molecule,,CCn1nccc1Oc1cc(CCCC(C)(C)O)cnc1NC(=O)NC,ZHXUVGIMXPJNIU-UHFFFAOYSA-N,1,EC50:1,370.0,370.0,370.0,6.43,6.43,6.43,,0,,0,1,1,"[{""assay"": ""CHEMBL3377918"", ""type"": ""EC50"", ""relation"": ""="", ""value_nm"": 370.0, ""pactivity"": 6.43, ""doc"": ""CHEMBL3351938"", ""rule"": ""EC50 为标准化浓度型效力指标""}]",0,,,0,,,0,0,0,,0,,1,"[{""assay"": ""CHEMBL3377920"", ""type"": ""Ratio"", ""value"": 0.75, ""units"": null, ""reason"": ""Ratio 为自由文本指标（无官方标准化规则），assay 描述未命中提升门槛，不跨实验汇总""}]",2,2,1,"[""CHEMBL3351938""]",2014,LITERATURE,0,不适用（可定量效力值不足 2 个 assay）,中,仅 1 篇文献支撑；1 条指标未归类（见 unclassified_records）
CHEMBL3358436,,Small molecule,,CCn1nccc1Oc1cc(CC2CCOCC2)cnc1NC(=O)NC,NLQRZZOZBUYIOK-UHFFFAOYSA-N,1,EC50:1,350.0,350.0,350.0,6.46,6.46,6.46,,0,,0,1,1,"[{""assay"": ""CHEMBL3377918"", ""type"": ""EC50"", ""relation"": ""="", ""value_nm"": 350.0, ""pactivity"": 6.46, ""doc"": ""CHEMBL3351938"", ""rule"": ""EC50 为标准化浓度型效力指标""}]",0,,,0,,,0,0,0,,0,,1,"[{""assay"": ""CHEMBL3377920"", ""type"": ""Ratio"", ""value"": 0.8, ""units"": null, ""reason"": ""Ratio 为自由文本指标（无官方标准化规则），assay 描述未命中提升门槛，不跨实验汇总""}]",2,2,1,"[""CHEMBL3351938""]",2014,LITERATURE,0,不适用（可定量效力值不足 2 个 assay）,中,仅 1 篇文献支撑；1 条指标未归类（见 unclassified_records）
CHEMBL3358437,,Small molecule,,CCn1nccc1Oc1cc(C(O)C2CCOCC2)cnc1NC(=O)NC,PWILAOBHMITSNB-UHFFFAOYSA-N,1,EC50:1,16800.0,16800.0,16800.0,4.78,4.78,4.78,,0,,0,1,1,"[{""assay"": ""CHEMBL3377918"", ""type"": ""EC50"", ""relation"": ""="", ""value_nm"": 16800.0, ""pactivity"": 4.78, ""doc"": ""CHEMBL3351938"", ""rule"": ""EC50 为标准化浓度型效力指标""}]",0,,,0,,,0,0,0,,0,,1,"[{""assay"": ""CHEMBL3377920"", ""type"": ""Ratio"", ""value"": 0.82, ""units"": null, ""reason"": ""Ratio 为自由文本指标（无官方标准化规则），assay 描述未命中提升门槛，不跨实验汇总""}]",2,2,1,"[""CHEMBL3351938""]",2014,LITERATURE,0,不适用（可定量效力值不足 2 个 assay）,中,仅 1 篇文献支撑；1 条指标未归类（见 unclassified_records）
CHEMBL3358438,,Small molecule,,CCn1nccc1Oc1cc(CN2CCOCC2)cnc1NC(=O)NC,FBHHXGVYPKMYLE-UHFFFAOYSA-N,1,EC50:1,7980.0,7980.0,7980.0,5.1,5.1,5.1,,0,,0,1,1,"[{""assay"": ""CHEMBL3377918"", ""type"": ""EC50"", ""relation"": ""="", ""value_nm"": 7980.0, ""pactivity"": 5.1, ""doc"": ""CHEMBL3351938"", ""rule"": ""EC50 为标准化浓度型效力指标""}]",0,,,0,,,0,0,0,,0,,1,"[{""assay"": ""CHEMBL3377920"", ""type"": ""Ratio"", ""value"": 0.78, ""units"": null, ""reason"": ""Ratio 为自由文本指标（无官方标准化规则），assay 描述未命中提升门槛，不跨实验汇总""}]",2,2,1,"[""CHEMBL3351938""]",2014,LITERATURE,0,不适用（可定量效力值不足 2 个 assay）,中,仅 1 篇文献支撑；1 条指标未归类（见 unclassified_records）
CHEMBL3358439,,Small molecule,,CCn1nccc1Oc1cc(C[C@H]2CCO[C@H](COC)C2)cnc1NC(=O)NC,QXNHYYXUTCYDNJ-ZBFHGGJFSA-N,1,EC50:1,490.0,490.0,490.0,6.31,6.31,6.31,,0,,0,1,1,"[{""assay"": ""CHEMBL3377918"", ""type"": ""EC50"", ""relation"": ""="", ""value_nm"": 490.0, ""pactivity"": 6.31, ""doc"": ""CHEMBL3351938"", ""rule"": ""EC50 为标准化浓度型效力指标""}]",0,,,0,,,0,0,0,,0,,1,"[{""assay"": ""CHEMBL3377920"", ""type"": ""Ratio"", ""value"": 0.76, ""units"": null, ""reason"": ""Ratio 为自由文本指标（无官方标准化规则），assay 描述未命中提升门槛，不跨实验汇总""}]",2,2,1,"[""CHEMBL3351938""]",2014,LITERATURE,0,不适用（可定量效力值不足 2 个 assay）,中,仅 1 篇文献支撑；1 条指标未归类（见 unclassified_records）
CHEMBL3358440,,Small molecule,,CCn1nccc1Oc1cc(C[C@@H]2CCO[C@@H](COC)C2)cnc1NC(=O)NC,QXNHYYXUTCYDNJ-GOEBONIOSA-N,1,EC50:1,350.0,350.0,350.0,6.46,6.46,6.46,,0,,0,1,1,"[{""assay"": ""CHEMBL3377918"", ""type"": ""EC50"", ""relation"": ""="", ""value_nm"": 350.0, ""pactivity"": 6.46, ""doc"": ""CHEMBL3351938"", ""rule"": ""EC50 为标准化浓度型效力指标""}]",0,,,0,,,0,0,0,,0,,1,"[{""assay"": ""CHEMBL3377920"", ""type"": ""Ratio"", ""value"": 0.78, ""units"": null, ""reason"": ""Ratio 为自由文本指标（无官方标准化规则），assay 描述未命中提升门槛，不跨实验汇总""}]",2,2,1,"[""CHEMBL3351938""]",2014,LITERATURE,0,不适用（可定量效力值不足 2 个 assay）,中,仅 1 篇文献支撑；1 条指标未归类（见 unclassified_records）
CHEMBL3358441,,Small molecule,,CNC(=O)Nc1ncc(CC2CCOCC2)cc1Oc1ccnn1C(C)C,FBTCWQQXHRRGIV-UHFFFAOYSA-N,1,EC50:1,2760.0,2760.0,2760.0,5.56,5.56,5.56,,0,,0,1,1,"[{""assay"": ""CHEMBL3377918"", ""type"": ""EC50"", ""relation"": ""="", ""value_nm"": 2760.0, ""pactivity"": 5.56, ""doc"": ""CHEMBL3351938"", ""rule"": ""EC50 为标准化浓度型效力指标""}]",0,,,0,,,0,0,0,,0,,1,"[{""assay"": ""CHEMBL3377920"", ""type"": ""Ratio"", ""value"": 0.6, ""units"": null, ""reason"": ""Ratio 为自由文本指标（无官方标准化规则），assay 描述未命中提升门槛，不跨实验汇总""}]",2,2,1,"[""CHEMBL3351938""]",2014,LITERATURE,0,不适用（可定量效力值不足 2 个 assay）,中,仅 1 篇文献支撑；1 条指标未归类（见 unclassified_records）
CHEMBL3358442,,Small molecule,,CCn1nccc1Oc1cc(C[C@H]2CC[C@H](O)CC2)cnc1NC(=O)NC,TVECBCSUBQOPBW-CTYIDZIISA-N,1,EC50:1,68.0,68.0,68.0,7.17,7.17,7.17,,0,,0,1,1,"[{""assay"": ""CHEMBL3377918"", ""type"": ""EC50"", ""relation"": ""="", ""value_nm"": 68.0, ""pactivity"": 7.17, ""doc"": ""CHEMBL3351938"", ""rule"": ""EC50 为标准化浓度型效力指标""}]",0,,,0,,,0,0,0,,0,,1,"[{""assay"": ""CHEMBL3377920"", ""type"": ""Ratio"", ""value"": 0.79, ""units"": null, ""reason"": ""Ratio 为自由文本指标（无官方标准化规则），assay 描述未命中提升门槛，不跨实验汇总""}]",2,2,1,"[""CHEMBL3351938""]",2014,LITERATURE,0,不适用（可定量效力值不足 2 个 assay）,中,仅 1 篇文献支撑；1 条指标未归类（见 unclassified_records）
CHEMBL3358443,,Small molecule,,CCn1nccc1Oc1cc(C[C@H]2CC[C@@H](O)CC2)cnc1NC(=O)NC,TVECBCSUBQOPBW-OTVXOJSOSA-N,1,EC50:1,120.0,120.0,120.0,6.92,6.92,6.92,,0,,0,1,1,"[{""assay"": ""CHEMBL3377918"", ""type"": ""EC50"", ""relation"": ""="", ""value_nm"": 120.0, ""pactivity"": 6.92, ""doc"": ""CHEMBL3351938"", ""rule"": ""EC50 为标准化浓度型效力指标""}]",0,,,0,,,0,0,0,,0,,1,"[{""assay"": ""CHEMBL3377920"", ""type"": ""Ratio"", ""value"": 0.66, ""units"": null, ""reason"": ""Ratio 为自由文本指标（无官方标准化规则），assay 描述未命中提升门槛，不跨实验汇总""}]",2,2,1,"[""CHEMBL3351938""]",2014,LITERATURE,0,不适用（可定量效力值不足 2 个 assay）,中,仅 1 篇文献支撑；1 条指标未归类（见 unclassified_records）
CHEMBL3358444,,Small molecule,,CCn1nccc1Oc1cc(C[C@H]2CC[C@](C)(O)CC2)cnc1NC(=O)NC,PWPGDNXSBLRVKY-OYOVHJISSA-N,1,EC50:1,110.0,110.0,110.0,6.96,6.96,6.96,,0,,0,1,1,"[{""assay"": ""CHEMBL3377918"", ""type"": ""EC50"", ""relation"": ""="", ""value_nm"": 110.0, ""pactivity"": 6.96, ""doc"": ""CHEMBL3351938"", ""rule"": ""EC50 为标准化浓度型效力指标""}]",0,,,0,,,0,0,0,,0,,1,"[{""assay"": ""CHEMBL3377920"", ""type"": ""Ratio"", ""value"": 0.71, ""units"": null, ""reason"": ""Ratio 为自由文本指标（无官方标准化规则），assay 描述未命中提升门槛，不跨实验汇总""}]",2,2,1,"[""CHEMBL3351938""]",2014,LITERATURE,0,不适用（可定量效力值不足 2 个 assay）,中,仅 1 篇文献支撑；1 条指标未归类（见 unclassified_records）
CHEMBL3358445,,Small molecule,,CCn1nccc1Oc1cc(C[C@H]2CC[C@@](C)(O)CC2)cnc1NC(=O)NC,PWPGDNXSBLRVKY-LDTOLXSISA-N,1,EC50:1,97.0,97.0,97.0,7.01,7.01,7.01,,0,,0,1,1,"[{""assay"": ""CHEMBL3377918"", ""type"": ""EC50"", ""relation"": ""="", ""value_nm"": 97.0, ""pactivity"": 7.01, ""doc"": ""CHEMBL3351938"", ""rule"": ""EC50 为标准化浓度型效力指标""}]",0,,,0,,,0,0,0,,0,,1,"[{""assay"": ""CHEMBL3377920"", ""type"": ""Ratio"", ""value"": 0.82, ""units"": null, ""reason"": ""Ratio 为自由文本指标（无官方标准化规则），assay 描述未命中提升门槛，不跨实验汇总""}]",2,2,1,"[""CHEMBL3351938""]",2014,LITERATURE,0,不适用（可定量效力值不足 2 个 assay）,中,仅 1 篇文献支撑；1 条指标未归类（见 unclassified_records）
CHEMBL3358886,,Small molecule,,CCn1nccc1Oc1cc(C[C@H]2C[C@@H](O)C2)cnc1NC(=O)NC,JPIQZOOVYMKWGU-BJHJDKERSA-N,1,EC50:1,530.0,530.0,530.0,6.28,6.28,6.28,,0,,0,1,1,"[{""assay"": ""CHEMBL3377918"", ""type"": ""EC50"", ""relation"": ""="", ""value_nm"": 530.0, ""pactivity"": 6.28, ""doc"": ""CHEMBL3351938"", ""rule"": ""EC50 为标准化浓度型效力指标""}]",0,,,0,,,0,0,0,,0,,1,"[{""assay"": ""CHEMBL3377920"", ""type"": ""Ratio"", ""value"": 0.88, ""units"": null, ""reason"": ""Ratio 为自由文本指标（无官方标准化规则），assay 描述未命中提升门槛，不跨实验汇总""}]",2,2,1,"[""CHEMBL3351938""]",2014,LITERATURE,0,不适用（可定量效力值不足 2 个 assay）,中,仅 1 篇文献支撑；1 条指标未归类（见 unclassified_records）
CHEMBL3358887,,Small molecule,,CCn1nccc1Oc1cc(C[C@H]2C[C@H](O)C2)cnc1NC(=O)NC,JPIQZOOVYMKWGU-AULYBMBSSA-N,1,EC50:1,500.0,500.0,500.0,6.3,6.3,6.3,,0,,0,1,1,"[{""assay"": ""CHEMBL3377918"", ""type"": ""EC50"", ""relation"": ""="", ""value_nm"": 500.0, ""pactivity"": 6.3, ""doc"": ""CHEMBL3351938"", ""rule"": ""EC50 为标准化浓度型效力指标""}]",0,,,0,,,0,0,0,,0,,1,"[{""assay"": ""CHEMBL3377920"", ""type"": ""Ratio"", ""value"": 0.96, ""units"": null, ""reason"": ""Ratio 为自由文本指标（无官方标准化规则），assay 描述未命中提升门槛，不跨实验汇总""}]",2,2,1,"[""CHEMBL3351938""]",2014,LITERATURE,0,不适用（可定量效力值不足 2 个 assay）,中,仅 1 篇文献支撑；1 条指标未归类（见 unclassified_records）
CHEMBL3358888,,Small molecule,,CCn1nccc1Oc1cc(C[C@H]2C[C@@](C)(O)C2)cnc1NC(=O)NC,AZHFAXGDRCIDKF-QGGXVJLZSA-N,1,EC50:1,710.0,710.0,710.0,6.15,6.15,6.15,,0,,0,1,1,"[{""assay"": ""CHEMBL3377918"", ""type"": ""EC50"", ""relation"": ""="", ""value_nm"": 710.0, ""pactivity"": 6.15, ""doc"": ""CHEMBL3351938"", ""rule"": ""EC50 为标准化浓度型效力指标""}]",0,,,0,,,0,0,0,,0,,1,"[{""assay"": ""CHEMBL3377920"", ""type"": ""Ratio"", ""value"": 0.8, ""units"": null, ""reason"": ""Ratio 为自由文本指标（无官方标准化规则），assay 描述未命中提升门槛，不跨实验汇总""}]",2,2,1,"[""CHEMBL3351938""]",2014,LITERATURE,0,不适用（可定量效力值不足 2 个 assay）,中,仅 1 篇文献支撑；1 条指标未归类（见 unclassified_records）
CHEMBL3358889,,Small molecule,,CCn1nccc1Oc1cc(C[C@H]2C[C@](C)(O)C2)cnc1NC(=O)NC,AZHFAXGDRCIDKF-KTXOBNNYSA-N,1,EC50:1,280.0,280.0,280.0,6.55,6.55,6.55,,0,,0,1,1,"[{""assay"": ""CHEMBL3377935"", ""type"": ""EC50"", ""relation"": ""="", ""value_nm"": 280.0, ""pactivity"": 6.55, ""doc"": ""CHEMBL3351938"", ""rule"": ""EC50 为标准化浓度型效力指标""}]",0,,,0,,,0,0,0,,0,,0,,1,1,1,"[""CHEMBL3351938""]",2014,LITERATURE,0,不适用（可定量效力值不足 2 个 assay）,弱,仅 1 篇文献支撑
CHEMBL3577714,,Small molecule,,COCC#Cc1cc(O[C@@H](C)COC)cc(C(=O)Nc2ccn(C)n2)c1,DKVKMRIPGMRAQU-AWEZNQCLSA-N,1,EC50:1,1870.0,1870.0,1870.0,5.73,5.73,5.73,,0,,0,1,1,"[{""assay"": ""CHEMBL3578684"", ""type"": ""EC50"", ""relation"": ""="", ""value_nm"": 1870.0, ""pactivity"": 5.73, ""doc"": ""CHEMBL3576833"", ""rule"": ""EC50 为标准化浓度型效力指标""}]",0,,,0,,,0,0,0,,0,,1,"[{""assay"": ""CHEMBL3578770"", ""type"": ""Activity"", ""value"": 4.04, ""units"": ""mM"", ""reason"": ""Activity 为自由文本指标（无官方标准化规则），assay 描述未命中提升门槛，不跨实验汇总""}]",2,2,1,"[""CHEMBL3576833""]",2015,LITERATURE,0,不适用（可定量效力值不足 2 个 assay）,中,仅 1 篇文献支撑；1 条指标未归类（见 unclassified_records）
CHEMBL3577715,,Small molecule,,COC[C@H](C)Oc1cc(C#CCOC2CCCCO2)cc(C(=O)Nc2ccn(C)n2)c1,HSVMLHFCJZKUGL-LBOXEOMUSA-N,1,EC50:1,6.0,6.0,6.0,8.22,8.22,8.22,,0,,0,1,1,"[{""assay"": ""CHEMBL3578684"", ""type"": ""EC50"", ""relation"": ""="", ""value_nm"": 6.0, ""pactivity"": 8.22, ""doc"": ""CHEMBL3576833"", ""rule"": ""EC50 为标准化浓度型效力指标""}]",0,,,0,,,0,0,0,,0,,1,"[{""assay"": ""CHEMBL3578770"", ""type"": ""Activity"", ""value"": 0.55, ""units"": ""mM"", ""reason"": ""Activity 为自由文本指标（无官方标准化规则），assay 描述未命中提升门槛，不跨实验汇总""}]",2,2,1,"[""CHEMBL3576833""]",2015,LITERATURE,0,不适用（可定量效力值不足 2 个 assay）,中,仅 1 篇文献支撑；1 条指标未归类（见 unclassified_records）
CHEMBL3577716,,Small molecule,,COC[C@H](C)Oc1cc(C#CCN(C)C)cc(C(=O)Nc2ccn(C)n2)c1,YHVDQXATUFQHBG-HNNXBMFYSA-N,1,EC50:1,7700.0,7700.0,7700.0,5.11,5.11,5.11,,0,,0,1,1,"[{""assay"": ""CHEMBL3578684"", ""type"": ""EC50"", ""relation"": ""="", ""value_nm"": 7700.0, ""pactivity"": 5.11, ""doc"": ""CHEMBL3576833"", ""rule"": ""EC50 为标准化浓度型效力指标""}]",0,,,0,,,0,0,0,,0,,1,"[{""assay"": ""CHEMBL3578770"", ""type"": ""Activity"", ""value"": 5.51, ""units"": ""mM"", ""reason"": ""Activity 为自由文本指标（无官方标准化规则），assay 描述未命中提升门槛，不跨实验汇总""}]",2,2,1,"[""CHEMBL3576833""]",2015,LITERATURE,0,不适用（可定量效力值不足 2 个 assay）,中,仅 1 篇文献支撑；1 条指标未归类（见 unclassified_records）
CHEMBL3577717,,Small molecule,,COC[C@H](C)Oc1cc(C#CCNc2ncccn2)cc(C(=O)Nc2ccn(C)n2)c1,YFHUDPHDVNLSSZ-INIZCTEOSA-N,1,EC50:1,301.0,301.0,301.0,6.52,6.52,6.52,,0,,0,1,1,"[{""assay"": ""CHEMBL3578684"", ""type"": ""EC50"", ""relation"": ""="", ""value_nm"": 301.0, ""pactivity"": 6.52, ""doc"": ""CHEMBL3576833"", ""rule"": ""EC50 为标准化浓度型效力指标""}]",0,,,0,,,0,0,0,,0,,1,"[{""assay"": ""CHEMBL3578770"", ""type"": ""Activity"", ""value"": 3.88, ""units"": ""mM"", ""reason"": ""Activity 为自由文本指标（无官方标准化规则），assay 描述未命中提升门槛，不跨实验汇总""}]",2,2,1,"[""CHEMBL3576833""]",2015,LITERATURE,0,不适用（可定量效力值不足 2 个 assay）,中,仅 1 篇文献支撑；1 条指标未归类（见 unclassified_records）
CHEMBL3577718,,Small molecule,,COC[C@H](C)Oc1cc(C#CCSC2CCCC2)cc(C(=O)Nc2ccn(C)n2)c1,DQZJMNQOUVFLJT-KRWDZBQOSA-N,1,EC50:1,25.0,25.0,25.0,7.6,7.6,7.6,,0,,0,1,1,"[{""assay"": ""CHEMBL3578684"", ""type"": ""EC50"", ""relation"": ""="", ""value_nm"": 25.0, ""pactivity"": 7.6, ""doc"": ""CHEMBL3576833"", ""rule"": ""EC50 为标准化浓度型效力指标""}]",0,,,0,,,0,0,0,,0,,1,"[{""assay"": ""CHEMBL3578770"", ""type"": ""Activity"", ""value"": 0.72, ""units"": ""mM"", ""reason"": ""Activity 为自由文本指标（无官方标准化规则），assay 描述未命中提升门槛，不跨实验汇总""}]",2,2,1,"[""CHEMBL3576833""]",2015,LITERATURE,0,不适用（可定量效力值不足 2 个 assay）,中,仅 1 篇文献支撑；1 条指标未归类（见 unclassified_records）
CHEMBL3577719,,Small molecule,,COC[C@H](C)Oc1cc(C#Cc2ccccc2OC)cc(C(=O)Nc2ccn(C)n2)c1,BODWNPGALYAYSL-KRWDZBQOSA-N,1,EC50:1,21.0,21.0,21.0,7.68,7.68,7.68,,0,,0,1,1,"[{""assay"": ""CHEMBL3578684"", ""type"": ""EC50"", ""relation"": ""="", ""value_nm"": 21.0, ""pactivity"": 7.68, ""doc"": ""CHEMBL3576833"", ""rule"": ""EC50 为标准化浓度型效力指标""}]",0,,,0,,,0,0,0,,0,,1,"[{""assay"": ""CHEMBL3578770"", ""type"": ""Activity"", ""value"": 0.73, ""units"": ""mM"", ""reason"": ""Activity 为自由文本指标（无官方标准化规则），assay 描述未命中提升门槛，不跨实验汇总""}]",2,2,1,"[""CHEMBL3576833""]",2015,LITERATURE,0,不适用（可定量效力值不足 2 个 assay）,中,仅 1 篇文献支撑；1 条指标未归类（见 unclassified_records）
CHEMBL3577720,,Small molecule,,COC[C@H](C)Oc1cc(C#Cc2ccc3[nH]ccc3c2)cc(C(=O)Nc2ccn(C)n2)c1,RSIPNPVRFMMPEO-KRWDZBQOSA-N,1,EC50:1,12.0,12.0,12.0,7.92,7.92,7.92,,0,,0,1,1,"[{""assay"": ""CHEMBL3578684"", ""type"": ""EC50"", ""relation"": ""="", ""value_nm"": 12.0, ""pactivity"": 7.92, ""doc"": ""CHEMBL3576833"", ""rule"": ""EC50 为标准化浓度型效力指标""}]",0,,,0,,,0,0,0,,0,,1,"[{""assay"": ""CHEMBL3578770"", ""type"": ""Activity"", ""value"": 0.46, ""units"": ""mM"", ""reason"": ""Activity 为自由文本指标（无官方标准化规则），assay 描述未命中提升门槛，不跨实验汇总""}]",2,2,1,"[""CHEMBL3576833""]",2015,LITERATURE,0,不适用（可定量效力值不足 2 个 assay）,中,仅 1 篇文献支撑；1 条指标未归类（见 unclassified_records）
CHEMBL3577721,,Small molecule,,COC[C@H](C)Oc1cc(C#Cc2ccc3c(c2)OCO3)cc(C(=O)Nc2ccn(C)n2)c1,VYSDEEMKUWOLEP-INIZCTEOSA-N,1,EC50:1,30.0,30.0,30.0,7.52,7.52,7.52,,0,,0,1,1,"[{""assay"": ""CHEMBL3578684"", ""type"": ""EC50"", ""relation"": ""="", ""value_nm"": 30.0, ""pactivity"": 7.52, ""doc"": ""CHEMBL3576833"", ""rule"": ""EC50 为标准化浓度型效力指标""}]",0,,,0,,,0,0,0,,0,,1,"[{""assay"": ""CHEMBL3578770"", ""type"": ""Activity"", ""value"": 2.13, ""units"": ""mM"", ""reason"": ""Activity 为自由文本指标（无官方标准化规则），assay 描述未命中提升门槛，不跨实验汇总""}]",2,2,1,"[""CHEMBL3576833""]",2015,LITERATURE,0,不适用（可定量效力值不足 2 个 assay）,中,仅 1 篇文献支撑；1 条指标未归类（见 unclassified_records）
CHEMBL3577722,,Small molecule,,COC[C@H](C)Oc1cc(C#Cc2ccc(N)cc2)cc(C(=O)Nc2ccn(C)n2)c1,CBHDZTDYNFYFNN-INIZCTEOSA-N,1,EC50:1,34.0,34.0,34.0,7.47,7.47,7.47,,0,,0,1,1,"[{""assay"": ""CHEMBL3578684"", ""type"": ""EC50"", ""relation"": ""="", ""value_nm"": 34.0, ""pactivity"": 7.47, ""doc"": ""CHEMBL3576833"", ""rule"": ""EC50 为标准化浓度型效力指标""}]",0,,,0,,,0,0,0,,0,,1,"[{""assay"": ""CHEMBL3578770"", ""type"": ""Activity"", ""value"": 0.73, ""units"": ""mM"", ""reason"": ""Activity 为自由文本指标（无官方标准化规则），assay 描述未命中提升门槛，不跨实验汇总""}]",2,2,1,"[""CHEMBL3576833""]",2015,LITERATURE,0,不适用（可定量效力值不足 2 个 assay）,中,仅 1 篇文献支撑；1 条指标未归类（见 unclassified_records）
CHEMBL3577723,,Small molecule,,COC[C@H](C)Oc1cc(C#Cc2cccc(N)c2)cc(C(=O)Nc2ccn(C)n2)c1,JJZHLHHSBFBDFN-INIZCTEOSA-N,1,EC50:1,27.0,27.0,27.0,7.57,7.57,7.57,,0,,0,1,1,"[{""assay"": ""CHEMBL3578684"", ""type"": ""EC50"", ""relation"": ""="", ""value_nm"": 27.0, ""pactivity"": 7.57, ""doc"": ""CHEMBL3576833"", ""rule"": ""EC50 为标准化浓度型效力指标""}]",0,,,0,,,0,0,0,,1,"[{""assay"": ""CHEMBL3578772"", ""type"": ""Vmax"", ""value"": 126, ""units"": ""%""}]",1,"[{""assay"": ""CHEMBL3578770"", ""type"": ""Activity"", ""value"": 0.84, ""units"": ""mM"", ""reason"": ""Activity 为自由文本指标（无官方标准化规则），assay 描述未命中提升门槛，不跨实验汇总""}]",3,3,1,"[""CHEMBL3576833""]",2015,LITERATURE,0,不适用（可定量效力值不足 2 个 assay）,中,仅 1 篇文献支撑；1 条指标未归类（见 unclassified_records）
CHEMBL3577724,,Small molecule,,COC[C@H](C)Oc1cc(C#Cc2cccc(O)c2)cc(C(=O)Nc2ccn(C)n2)c1,PJTAOMSSUKRPQE-INIZCTEOSA-N,1,EC50:1,39.0,39.0,39.0,7.41,7.41,7.41,,0,,0,1,1,"[{""assay"": ""CHEMBL3578684"", ""type"": ""EC50"", ""relation"": ""="", ""value_nm"": 39.0, ""pactivity"": 7.41, ""doc"": ""CHEMBL3576833"", ""rule"": ""EC50 为标准化浓度型效力指标""}]",0,,,0,,,0,0,0,,0,,1,"[{""assay"": ""CHEMBL3578770"", ""type"": ""Activity"", ""value"": 1.37, ""units"": ""mM"", ""reason"": ""Activity 为自由文本指标（无官方标准化规则），assay 描述未命中提升门槛，不跨实验汇总""}]",2,2,1,"[""CHEMBL3576833""]",2015,LITERATURE,0,不适用（可定量效力值不足 2 个 assay）,中,仅 1 篇文献支撑；1 条指标未归类（见 unclassified_records）
CHEMBL3577725,,Small molecule,,COC[C@H](C)Oc1cc(C#Cc2cccc(N(C)C)c2)cc(C(=O)Nc2ccn(C)n2)c1,YKFDRMAPCBSONZ-SFHVURJKSA-N,1,EC50:1,37.0,37.0,37.0,7.43,7.43,7.43,,0,,0,1,1,"[{""assay"": ""CHEMBL3578684"", ""type"": ""EC50"", ""relation"": ""="", ""value_nm"": 37.0, ""pactivity"": 7.43, ""doc"": ""CHEMBL3576833"", ""rule"": ""EC50 为标准化浓度型效力指标""}]",0,,,0,,,0,0,0,,0,,1,"[{""assay"": ""CHEMBL3578770"", ""type"": ""Activity"", ""value"": 0.76, ""units"": ""mM"", ""reason"": ""Activity 为自由文本指标（无官方标准化规则），assay 描述未命中提升门槛，不跨实验汇总""}]",2,2,1,"[""CHEMBL3576833""]",2015,LITERATURE,0,不适用（可定量效力值不足 2 个 assay）,中,仅 1 篇文献支撑；1 条指标未归类（见 unclassified_records）
CHEMBL3577726,,Small molecule,,CCN(CC)c1cccc(C#Cc2cc(O[C@@H](C)COC)cc(C(=O)Nc3ccn(C)n3)c2)c1,PJSFOJZUAHBGIV-FQEVSTJZSA-N,1,EC50:1,163.0,163.0,163.0,6.79,6.79,6.79,,0,,0,1,1,"[{""assay"": ""CHEMBL3578684"", ""type"": ""EC50"", ""relation"": ""="", ""value_nm"": 163.0, ""pactivity"": 6.79, ""doc"": ""CHEMBL3576833"", ""rule"": ""EC50 为标准化浓度型效力指标""}]",0,,,0,,,0,0,0,,0,,1,"[{""assay"": ""CHEMBL3578770"", ""type"": ""Activity"", ""value"": 2.01, ""units"": ""mM"", ""reason"": ""Activity 为自由文本指标（无官方标准化规则），assay 描述未命中提升门槛，不跨实验汇总""}]",2,2,1,"[""CHEMBL3576833""]",2015,LITERATURE,0,不适用（可定量效力值不足 2 个 assay）,中,仅 1 篇文献支撑；1 条指标未归类（见 unclassified_records）
CHEMBL3577727,,Small molecule,,COC[C@H](C)Oc1cc(C#Cc2cccc(NCCN(C)C)c2)cc(C(=O)Nc2ccn(C)n2)c1,HYNFNSKOKNVWOK-FQEVSTJZSA-N,1,EC50:1,6.0,6.0,6.0,8.22,8.22,8.22,,0,,0,1,1,"[{""assay"": ""CHEMBL3578684"", ""type"": ""EC50"", ""relation"": ""="", ""value_nm"": 6.0, ""pactivity"": 8.22, ""doc"": ""CHEMBL3576833"", ""rule"": ""EC50 为标准化浓度型效力指标""}]",0,,,0,,,0,0,0,,0,,1,"[{""assay"": ""CHEMBL3578770"", ""type"": ""Activity"", ""value"": 0.17, ""units"": ""mM"", ""reason"": ""Activity 为自由文本指标（无官方标准化规则），assay 描述未命中提升门槛，不跨实验汇总""}]",2,2,1,"[""CHEMBL3576833""]",2015,LITERATURE,0,不适用（可定量效力值不足 2 个 assay）,中,仅 1 篇文献支撑；1 条指标未归类（见 unclassified_records）
CHEMBL3577728,,Small molecule,,COC[C@H](C)Oc1cc(C#Cc2cccc(NCCN3CCCC3)c2)cc(C(=O)Nc2ccn(C)n2)c1,JWQMBZQEEXKZNS-QFIPXVFZSA-N,1,EC50:1,6.0,6.0,6.0,8.22,8.22,8.22,,0,,0,1,1,"[{""assay"": ""CHEMBL3578684"", ""type"": ""EC50"", ""relation"": ""="", ""value_nm"": 6.0, ""pactivity"": 8.22, ""doc"": ""CHEMBL3576833"", ""rule"": ""EC50 为标准化浓度型效力指标""}]",0,,,0,,,0,0,0,,0,,1,"[{""assay"": ""CHEMBL3578770"", ""type"": ""Activity"", ""value"": 0.51, ""units"": ""mM"", ""reason"": ""Activity 为自由文本指标（无官方标准化规则），assay 描述未命中提升门槛，不跨实验汇总""}]",2,2,1,"[""CHEMBL3576833""]",2015,LITERATURE,0,不适用（可定量效力值不足 2 个 assay）,中,仅 1 篇文献支撑；1 条指标未归类（见 unclassified_records）
CHEMBL3577729,,Small molecule,,COC[C@H](C)Oc1cc(C#Cc2cccc(NCCN3CCCCC3)c2)cc(C(=O)Nc2ccn(C)n2)c1,QGCPKNRDVLGORJ-QHCPKHFHSA-N,1,EC50:1,6.0,6.0,6.0,8.22,8.22,8.22,,0,,0,1,1,"[{""assay"": ""CHEMBL3578684"", ""type"": ""EC50"", ""relation"": ""="", ""value_nm"": 6.0, ""pactivity"": 8.22, ""doc"": ""CHEMBL3576833"", ""rule"": ""EC50 为标准化浓度型效力指标""}]",0,,,0,,,0,0,0,,0,,1,"[{""assay"": ""CHEMBL3578770"", ""type"": ""Activity"", ""value"": 0.61, ""units"": ""mM"", ""reason"": ""Activity 为自由文本指标（无官方标准化规则），assay 描述未命中提升门槛，不跨实验汇总""}]",2,2,1,"[""CHEMBL3576833""]",2015,LITERATURE,0,不适用（可定量效力值不足 2 个 assay）,中,仅 1 篇文献支撑；1 条指标未归类（见 unclassified_records）
CHEMBL3577730,,Small molecule,,COC[C@H](C)Oc1cc(C#Cc2cccc(NCCN3CCOCC3)c2)cc(C(=O)Nc2ccn(C)n2)c1,XLHQJZBPWPNFJN-QFIPXVFZSA-N,1,EC50:1,20.0,20.0,20.0,7.7,7.7,7.7,,0,,0,1,1,"[{""assay"": ""CHEMBL3578684"", ""type"": ""EC50"", ""relation"": ""="", ""value_nm"": 20.0, ""pactivity"": 7.7, ""doc"": ""CHEMBL3576833"", ""rule"": ""EC50 为标准化浓度型效力指标""}]",0,,,0,,,0,0,0,,0,,1,"[{""assay"": ""CHEMBL3578770"", ""type"": ""Activity"", ""value"": 0.55, ""units"": ""mM"", ""reason"": ""Activity 为自由文本指标（无官方标准化规则），assay 描述未命中提升门槛，不跨实验汇总""}]",2,2,1,"[""CHEMBL3576833""]",2015,LITERATURE,0,不适用（可定量效力值不足 2 个 assay）,中,仅 1 篇文献支撑；1 条指标未归类（见 unclassified_records）
CHEMBL3577731,,Small molecule,,COCCNc1cccc(C#Cc2cc(O[C@@H](C)COC)cc(C(=O)Nc3ccn(C)n3)c2)c1,CWHZDWWBUMWOKH-IBGZPJMESA-N,1,EC50:1,39.0,39.0,39.0,7.41,7.41,7.41,,0,,0,1,1,"[{""assay"": ""CHEMBL3578684"", ""type"": ""EC50"", ""relation"": ""="", ""value_nm"": 39.0, ""pactivity"": 7.41, ""doc"": ""CHEMBL3576833"", ""rule"": ""EC50 为标准化浓度型效力指标""}]",0,,,0,,,0,0,0,,0,,1,"[{""assay"": ""CHEMBL3578770"", ""type"": ""Activity"", ""value"": 1.23, ""units"": ""mM"", ""reason"": ""Activity 为自由文本指标（无官方标准化规则），assay 描述未命中提升门槛，不跨实验汇总""}]",2,2,1,"[""CHEMBL3576833""]",2015,LITERATURE,0,不适用（可定量效力值不足 2 个 assay）,中,仅 1 篇文献支撑；1 条指标未归类（见 unclassified_records）
CHEMBL3577732,,Small molecule,,COC[C@H](C)Oc1cc(C#Cc2cccc(NCCn3ccnc3C)c2)cc(C(=O)Nc2ccn(C)n2)c1,PHPGEFZFXQKVHC-NRFANRHFSA-N,1,EC50:1,9.0,9.0,9.0,8.05,8.05,8.05,,0,,0,1,1,"[{""assay"": ""CHEMBL3578684"", ""type"": ""EC50"", ""relation"": ""="", ""value_nm"": 9.0, ""pactivity"": 8.05, ""doc"": ""CHEMBL3576833"", ""rule"": ""EC50 为标准化浓度型效力指标""}]",0,,,0,,,0,0,0,,0,,1,"[{""assay"": ""CHEMBL3578770"", ""type"": ""Activity"", ""value"": 0.9, ""units"": ""mM"", ""reason"": ""Activity 为自由文本指标（无官方标准化规则），assay 描述未命中提升门槛，不跨实验汇总""}]",2,2,1,"[""CHEMBL3576833""]",2015,LITERATURE,0,不适用（可定量效力值不足 2 个 assay）,中,仅 1 篇文献支撑；1 条指标未归类（见 unclassified_records）
CHEMBL3577733,,Small molecule,,COC[C@H](C)Oc1cc(C#Cc2cccc(OC(C)C)c2)cc(C(=O)Nc2ccn(C)n2)c1,DNVSMCGZRALRRL-IBGZPJMESA-N,1,EC50:1,53.0,53.0,53.0,7.28,7.28,7.28,,0,,0,1,1,"[{""assay"": ""CHEMBL3578684"", ""type"": ""EC50"", ""relation"": ""="", ""value_nm"": 53.0, ""pactivity"": 7.28, ""doc"": ""CHEMBL3576833"", ""rule"": ""EC50 为标准化浓度型效力指标""}]",0,,,0,,,0,0,0,,0,,1,"[{""assay"": ""CHEMBL3578770"", ""type"": ""Activity"", ""value"": 1.84, ""units"": ""mM"", ""reason"": ""Activity 为自由文本指标（无官方标准化规则），assay 描述未命中提升门槛，不跨实验汇总""}]",2,2,1,"[""CHEMBL3576833""]",2015,LITERATURE,0,不适用（可定量效力值不足 2 个 assay）,中,仅 1 篇文献支撑；1 条指标未归类（见 unclassified_records）
CHEMBL3577734,,Small molecule,,COC[C@H](C)Oc1cc(C#Cc2cccc(OCC#N)c2)cc(C(=O)Nc2ccn(C)n2)c1,PMROETUNRLSDTN-SFHVURJKSA-N,1,EC50:1,46.0,46.0,46.0,7.34,7.34,7.34,,0,,0,1,1,"[{""assay"": ""CHEMBL3578684"", ""type"": ""EC50"", ""relation"": ""="", ""value_nm"": 46.0, ""pactivity"": 7.34, ""doc"": ""CHEMBL3576833"", ""rule"": ""EC50 为标准化浓度型效力指标""}]",0,,,0,,,0,0,0,,0,,1,"[{""assay"": ""CHEMBL3578770"", ""type"": ""Activity"", ""value"": 0.95, ""units"": ""mM"", ""reason"": ""Activity 为自由文本指标（无官方标准化规则），assay 描述未命中提升门槛，不跨实验汇总""}]",2,2,1,"[""CHEMBL3576833""]",2015,LITERATURE,0,不适用（可定量效力值不足 2 个 assay）,中,仅 1 篇文献支撑；1 条指标未归类（见 unclassified_records）
CHEMBL3577735,,Small molecule,,COC[C@H](C)Oc1cc(C#Cc2cccc(OCCN3CCCC3)c2)cc(C(=O)Nc2ccn(C)n2)c1,CIKTYHYVXWGZSY-QFIPXVFZSA-N,1,EC50:1,6.0,6.0,6.0,8.22,8.22,8.22,,0,,0,1,1,"[{""assay"": ""CHEMBL3578684"", ""type"": ""EC50"", ""relation"": ""="", ""value_nm"": 6.0, ""pactivity"": 8.22, ""doc"": ""CHEMBL3576833"", ""rule"": ""EC50 为标准化浓度型效力指标""}]",0,,,0,,,0,0,0,,0,,1,"[{""assay"": ""CHEMBL3578770"", ""type"": ""Activity"", ""value"": 0.73, ""units"": ""mM"", ""reason"": ""Activity 为自由文本指标（无官方标准化规则），assay 描述未命中提升门槛，不跨实验汇总""}]",2,2,1,"[""CHEMBL3576833""]",2015,LITERATURE,0,不适用（可定量效力值不足 2 个 assay）,中,仅 1 篇文献支撑；1 条指标未归类（见 unclassified_records）
CHEMBL3577736,,Small molecule,,COC[C@H](C)Oc1cc(C#Cc2cccc(OCCN3CCCCC3)c2)cc(C(=O)Nc2ccn(C)n2)c1,CNLSRXPEUCFZDV-QHCPKHFHSA-N,1,EC50:1,7.0,7.0,7.0,8.15,8.15,8.15,,0,,0,1,1,"[{""assay"": ""CHEMBL3578684"", ""type"": ""EC50"", ""relation"": ""="", ""value_nm"": 7.0, ""pactivity"": 8.15, ""doc"": ""CHEMBL3576833"", ""rule"": ""EC50 为标准化浓度型效力指标""}]",0,,,0,,,0,0,0,,0,,1,"[{""assay"": ""CHEMBL3578770"", ""type"": ""Activity"", ""value"": 2.25, ""units"": ""mM"", ""reason"": ""Activity 为自由文本指标（无官方标准化规则），assay 描述未命中提升门槛，不跨实验汇总""}]",2,2,1,"[""CHEMBL3576833""]",2015,LITERATURE,0,不适用（可定量效力值不足 2 个 assay）,中,仅 1 篇文献支撑；1 条指标未归类（见 unclassified_records）
CHEMBL3577737,,Small molecule,,COC[C@H](C)Oc1cc(C#Cc2cccc(OCCN3CCOCC3)c2)cc(C(=O)Nc2ccn(C)n2)c1,SCKXJGWFLUCPHL-QFIPXVFZSA-N,1,EC50:1,16.0,16.0,16.0,7.8,7.8,7.8,,0,,0,1,1,"[{""assay"": ""CHEMBL3578684"", ""type"": ""EC50"", ""relation"": ""="", ""value_nm"": 16.0, ""pactivity"": 7.8, ""doc"": ""CHEMBL3576833"", ""rule"": ""EC50 为标准化浓度型效力指标""}]",0,,,0,,,0,0,0,,0,,1,"[{""assay"": ""CHEMBL3578770"", ""type"": ""Activity"", ""value"": 0.35, ""units"": ""mM"", ""reason"": ""Activity 为自由文本指标（无官方标准化规则），assay 描述未命中提升门槛，不跨实验汇总""}]",2,2,1,"[""CHEMBL3576833""]",2015,LITERATURE,0,不适用（可定量效力值不足 2 个 assay）,中,仅 1 篇文献支撑；1 条指标未归类（见 unclassified_records）
CHEMBL3580737,MK-0941 FREE BASE,Small molecule,2,CCS(=O)(=O)c1ccc(Oc2cc(O[C@@H](C)CO)cc(C(=O)Nc3ccn(C)n3)c2)cn1,KJSGTWFWVTYPFZ-AWEZNQCLSA-N,1,EC50:1,9.5,9.5,9.5,8.02,8.02,8.02,,0,,0,1,1,"[{""assay"": ""CHEMBL3583541"", ""type"": ""EC50"", ""relation"": ""="", ""value_nm"": 9.5, ""pactivity"": 8.02, ""doc"": ""CHEMBL3580608"", ""rule"": ""EC50 为标准化浓度型效力指标""}]",0,,,0,,,0,0,0,,0,,0,,1,1,1,"[""CHEMBL3580608""]",2014,LITERATURE,0,不适用（可定量效力值不足 2 个 assay）,弱,仅 1 篇文献支撑
CHEMBL3580738,,Small molecule,,Cc1ccc(NC(=O)c2cc(Oc3ccc(C(=O)N4CCC4)c(F)c3)c3c(c2)OC(C)(CO)C3)nc1,CCFYJFIRLYYRLS-UHFFFAOYSA-N,2,EC50:2,9.4,64.7,120.0,8.03,7.475,6.92,1.11,0,,0,1,1,"[{""assay"": ""CHEMBL3583541"", ""type"": ""EC50"", ""relation"": ""="", ""value_nm"": 9.4, ""pactivity"": 8.03, ""doc"": ""CHEMBL3580608"", ""rule"": ""EC50 为标准化浓度型效力指标""}, {""assay"": ""CHEMBL3583541"", ""type"": ""EC50"", ""relation"": ""="", ""value_nm"": 120.0, ""pactivity"": 6.92, ""doc"": ""CHEMBL3580608"", ""rule"": ""EC50 为标准化浓度型效力指标""}]",0,,,0,,,0,0,0,,0,,0,,2,1,1,"[""CHEMBL3580608""]",2014,LITERATURE,0,不适用（可定量效力值不足 2 个 assay）,弱,仅 1 篇文献支撑
CHEMBL3580739,,Small molecule,,CN(C)C(=O)c1cnc(Oc2cc(C(=O)Nc3ccn(C)n3)cc3c2CC(C)(CO)O3)cn1,IYTLOIOQUUJLCQ-UHFFFAOYSA-N,1,EC50:1,121.0,121.0,121.0,6.92,6.92,6.92,,0,,0,1,1,"[{""assay"": ""CHEMBL3583541"", ""type"": ""EC50"", ""relation"": ""="", ""value_nm"": 121.0, ""pactivity"": 6.92, ""doc"": ""CHEMBL3580608"", ""rule"": ""EC50 为标准化浓度型效力指标""}]",0,,,0,,,0,0,0,,0,,0,,1,1,1,"[""CHEMBL3580608""]",2014,LITERATURE,0,不适用（可定量效力值不足 2 个 assay）,弱,仅 1 篇文献支撑
CHEMBL3580740,,Small molecule,,Cc1cnc(NC(=O)c2cc(Oc3ccc(C(=O)N(C)C)nc3)c3c(c2)OC(C)(CO)C3)cn1,PTZFDHDBIJFBGR-UHFFFAOYSA-N,1,EC50:1,24.0,24.0,24.0,7.62,7.62,7.62,,0,,0,1,1,"[{""assay"": ""CHEMBL3583541"", ""type"": ""EC50"", ""relation"": ""="", ""value_nm"": 24.0, ""pactivity"": 7.62, ""doc"": ""CHEMBL3580608"", ""rule"": ""EC50 为标准化浓度型效力指标""}]",0,,,0,,,0,0,0,,0,,0,,1,1,1,"[""CHEMBL3580608""]",2014,LITERATURE,0,不适用（可定量效力值不足 2 个 assay）,弱,仅 1 篇文献支撑
CHEMBL3580741,,Small molecule,,CCn1cc2c(Oc3cnc(C(=O)N4CCC4)c(F)c3)cc(C(=O)Nc3ccn(C)n3)cc2n1,MNUXXTQWNAZGOT-UHFFFAOYSA-N,1,EC50:1,191.0,191.0,191.0,6.72,6.72,6.72,,0,,0,1,1,"[{""assay"": ""CHEMBL3583541"", ""type"": ""EC50"", ""relation"": ""="", ""value_nm"": 191.0, ""pactivity"": 6.72, ""doc"": ""CHEMBL3580608"", ""rule"": ""EC50 为标准化浓度型效力指标""}]",0,,,0,,,0,0,0,,0,,0,,1,1,1,"[""CHEMBL3580608""]",2014,LITERATURE,0,不适用（可定量效力值不足 2 个 assay）,弱,仅 1 篇文献支撑
CHEMBL3580742,,Small molecule,,CC(C)Oc1cc(Oc2cnc(C(=O)N3CCC3)cn2)cc(C(=O)Nc2cc[nH]n2)c1,DFALYQZOEMVVFG-UHFFFAOYSA-N,1,EC50:1,52.0,52.0,52.0,7.28,7.28,7.28,,0,,0,1,1,"[{""assay"": ""CHEMBL3583541"", ""type"": ""EC50"", ""relation"": ""="", ""value_nm"": 52.0, ""pactivity"": 7.28, ""doc"": ""CHEMBL3580608"", ""rule"": ""EC50 为标准化浓度型效力指标""}]",0,,,0,,,0,0,0,,0,,0,,1,1,1,"[""CHEMBL3580608""]",2014,LITERATURE,0,不适用（可定量效力值不足 2 个 assay）,弱,仅 1 篇文献支撑
CHEMBL359618,,Small molecule,,CS(=O)(=O)c1ccc(C(CC2CCCC2)C(=O)Nc2nccs2)cc1,NEQSWPCDHDQINX-UHFFFAOYSA-N,1,EC50:1,26700.0,26700.0,26700.0,4.57,4.57,4.57,,0,,0,1,1,"[{""assay"": ""CHEMBL3131380"", ""type"": ""EC50"", ""relation"": ""="", ""value_nm"": 26700.0, ""pactivity"": 4.57, ""doc"": ""CHEMBL3124776"", ""rule"": ""EC50 为标准化浓度型效力指标""}]",1,1.4,FC@CHEMBL3131381,1,,,0,1,1,"[{""assay"": ""CHEMBL3131381"", ""type"": ""FC"", ""scale"": ""fold"", ""value"": 1.4, ""units"": null, ""doc"": ""CHEMBL3124776"", ""rule"": ""FC（fold change）为激活倍数""}]",0,,1,"[{""assay"": ""CHEMBL2167270"", ""type"": ""Activity"", ""value"": 0.34, ""units"": ""uM"", ""reason"": ""Activity 为自由文本指标（无官方标准化规则），assay 描述未命中提升门槛，不跨实验汇总""}]",3,3,2,"[""CHEMBL2163188"", ""CHEMBL3124776""]",2012; 2014,LITERATURE,0,不适用（可定量效力值不足 2 个 assay）,强,1 条指标未归类（见 unclassified_records）
CHEMBL371462,,Small molecule,,O=C(O)c1ccc(NC(=O)c2cccc(OCc3ccccc3Cl)c2)nc1,WTQUFLCBZNLWEN-UHFFFAOYSA-N,1,EC50:1,910.0,910.0,910.0,6.04,6.04,6.04,,0,,0,1,1,"[{""assay"": ""CHEMBL840244"", ""type"": ""EC50"", ""relation"": ""="", ""value_nm"": 910.0, ""pactivity"": 6.04, ""doc"": ""CHEMBL1143537"", ""rule"": ""EC50 为标准化浓度型效力指标""}]",0,,,0,,,0,0,0,,0,,0,,1,1,1,"[""CHEMBL1143537""]",2005,LITERATURE,0,不适用（可定量效力值不足 2 个 assay）,弱,仅 1 篇文献支撑
CHEMBL372361,,Small molecule,,CSc1ccc(OCc2ccccc2)c(C(=O)Nc2ccc(C(=O)O)cn2)c1,SGVBMRQPHGWPCB-UHFFFAOYSA-N,1,EC50:1,4220.0,4220.0,4220.0,5.38,5.38,5.38,,0,,0,1,1,"[{""assay"": ""CHEMBL840244"", ""type"": ""EC50"", ""relation"": ""="", ""value_nm"": 4220.0, ""pactivity"": 5.38, ""doc"": ""CHEMBL1143537"", ""rule"": ""EC50 为标准化浓度型效力指标""}]",0,,,0,,,0,0,0,,0,,0,,1,1,1,"[""CHEMBL1143537""]",2005,LITERATURE,0,不适用（可定量效力值不足 2 个 assay）,弱,仅 1 篇文献支撑
CHEMBL372860,,Small molecule,,CC(C)Oc1cc(OCCc2ccccc2)cc(C(=O)Nc2ccc(C(=O)O)cn2)c1,AMAZCNMAZOTCER-UHFFFAOYSA-N,1,EC50:1,130.0,130.0,130.0,6.89,6.89,6.89,,0,,0,1,1,"[{""assay"": ""CHEMBL840244"", ""type"": ""EC50"", ""relation"": ""="", ""value_nm"": 130.0, ""pactivity"": 6.89, ""doc"": ""CHEMBL1143537"", ""rule"": ""EC50 为标准化浓度型效力指标""}]",0,,,0,,,0,0,0,,0,,0,,1,1,1,"[""CHEMBL1143537""]",2005,LITERATURE,0,不适用（可定量效力值不足 2 个 assay）,弱,仅 1 篇文献支撑
CHEMBL372883,,Small molecule,,CSc1ccc(OCc2ccccc2)c(NC(=O)c2ccc(C(=O)O)cn2)c1,UAWITRURSRQJFN-UHFFFAOYSA-N,1,EC50:1,,,,,,,,1,10000.0,0,1,1,"[{""assay"": ""CHEMBL840244"", ""type"": ""EC50"", ""relation"": "">"", ""value_nm"": 10000.0, ""pactivity"": null, ""doc"": ""CHEMBL1143537"", ""rule"": ""EC50 为标准化浓度型效力指标""}]",0,,,0,,,0,0,0,,0,,0,,1,1,1,"[""CHEMBL1143537""]",2005,LITERATURE,0,不适用（可定量效力值不足 2 个 assay）,弱,仅 1 篇文献支撑；1 条效力为删失值（>，最高浓度未达 EC50），未计入汇总；无可定量的效力或效能值
CHEMBL373339,,Small molecule,,CC(C)Oc1cc(OCCc2ccsc2)cc(C(=O)Nc2ccc(C(=O)O)cn2)c1,PTEMBHHJYAKKNK-UHFFFAOYSA-N,2,EC50:2,90.0,1595.0,3100.0,7.05,6.28,5.51,1.54,0,,0,2,2,"[{""assay"": ""CHEMBL3131380"", ""type"": ""EC50"", ""relation"": ""="", ""value_nm"": 3100.0, ""pactivity"": 5.51, ""doc"": ""CHEMBL3124776"", ""rule"": ""EC50 为标准化浓度型效力指标""}, {""assay"": ""CHEMBL840244"", ""type"": ""EC50"", ""relation"": ""="", ""value_nm"": 90.0, ""pactivity"": 7.05, ""doc"": ""CHEMBL1143537"", ""rule"": ""EC50 为标准化浓度型效力指标""}]",1,1.7,FC@CHEMBL3131381,1,,,0,1,1,"[{""assay"": ""CHEMBL3131381"", ""type"": ""FC"", ""scale"": ""fold"", ""value"": 1.7, ""units"": null, ""doc"": ""CHEMBL3124776"", ""rule"": ""FC（fold change）为激活倍数""}]",0,,5,"[{""assay"": ""CHEMBL2412836"", ""type"": ""Activity"", ""value"": null, ""units"": null, ""reason"": ""Activity 为自由文本指标（无官方标准化规则），assay 描述未命中提升门槛，不跨实验汇总""}, {""assay"": ""CHEMBL2412837"", ""type"": ""Activity"", ""value"": null, ""units"": null, ""reason"": ""Activity 为自由文本指标（无官方标准化规则），assay 描述未命中提升门槛，不跨实验汇总""}, {""assay"": ""CHEMBL2412840"", ""type"": ""Activity"", ""value"": null, ""units"": null, ""reason"": ""Activity 为自由文本指标（无官方标准化规则），assay 描述未命中提升门槛，不跨实验汇总""}, {""assay"": ""CHEMBL2412841"", ""type"": ""Activity"", ""value"": null, ""units"": null, ""reason"": ""Activity 为自由文本指标（无官方标准化规则），assay 描述未命中提升门槛，不跨实验汇总""}, {""assay"": ""CHEMBL2412842"", ""type"": ""Activity"", ""value"": null, ""units"": null, ""reason"": ""Activity 为自由文本指标（无官方标准化规则），assay 描述未命中提升门槛，不跨实验汇总""}]",8,8,3,"[""CHEMBL1143537"", ""CHEMBL2406951"", ""CHEMBL3124776""]",2005; 2013; 2014,LITERATURE,0,分歧（pActivity 极差 1.54，超过 10 倍）,中,5 条指标未归类（见 unclassified_records）
CHEMBL373364,,Small molecule,,O=C(O)c1ccc(NC(=O)c2cc(OCc3ccccc3F)cc(OCc3ccccc3F)c2)nc1,CHDHWRIOEXFMNA-UHFFFAOYSA-N,1,EC50:1,90.0,90.0,90.0,7.05,7.05,7.05,,0,,0,1,1,"[{""assay"": ""CHEMBL840244"", ""type"": ""EC50"", ""relation"": ""="", ""value_nm"": 90.0, ""pactivity"": 7.05, ""doc"": ""CHEMBL1143537"", ""rule"": ""EC50 为标准化浓度型效力指标""}]",0,,,0,,,0,0,0,,0,,0,,1,1,1,"[""CHEMBL1143537""]",2005,LITERATURE,0,不适用（可定量效力值不足 2 个 assay）,弱,仅 1 篇文献支撑
CHEMBL3746823,,Small molecule,,O=S(=O)(NC(c1ccccc1)c1cc2ccccc2o1)c1ccc2c(c1)OCCCO2,KMUUQMAWJDDNPP-UHFFFAOYSA-N,1,EC50:1,,,,,,,,1,100000.0,0,1,1,"[{""assay"": ""CHEMBL3751340"", ""type"": ""EC50"", ""relation"": "">"", ""value_nm"": 100000.0, ""pactivity"": null, ""doc"": ""CHEMBL3745641"", ""rule"": ""EC50 为标准化浓度型效力指标""}]",0,,,0,,,0,0,0,,0,,0,,1,1,1,"[""CHEMBL3745641""]",2015,LITERATURE,0,不适用（可定量效力值不足 2 个 assay）,弱,仅 1 篇文献支撑；1 条效力为删失值（>，最高浓度未达 EC50），未计入汇总；无可定量的效力或效能值
CHEMBL3763162,,Small molecule,,C[S+]([O-])c1ccc(C(CC2CCCC2)c2cc3cccnc3[nH]2)cc1Cl,RHDVACHZZPTRQB-UHFFFAOYSA-N,3,EC50:3,1100.0,1150.0,1500.0,5.96,5.94,5.82,0.14,0,,0,1,1,"[{""assay"": ""CHEMBL3768919"", ""type"": ""EC50"", ""relation"": ""="", ""value_nm"": 1150.0, ""pactivity"": 5.94, ""doc"": ""CHEMBL3763030"", ""rule"": ""EC50 为标准化浓度型效力指标""}, {""assay"": ""CHEMBL3768919"", ""type"": ""EC50"", ""relation"": ""="", ""value_nm"": 1100.0, ""pactivity"": 5.96, ""doc"": ""CHEMBL3763030"", ""rule"": ""EC50 为标准化浓度型效力指标""}, {""assay"": ""CHEMBL3768919"", ""type"": ""EC50"", ""relation"": ""="", ""value_nm"": 1500.0, ""pactivity"": 5.82, ""doc"": ""CHEMBL3763030"", ""rule"": ""EC50 为标准化浓度型效力指标""}]",5,,,0,586.4,Emax@CHEMBL3768920,3,1,1,"[{""assay"": ""CHEMBL3768920"", ""type"": ""Emax"", ""scale"": ""percent"", ""value"": 362, ""units"": ""%"", ""doc"": ""CHEMBL3763030"", ""rule"": ""Emax 为激活幅度指标，按该 assay 内值域（max=716.4）判为 percent 尺度""}, {""assay"": ""CHEMBL3768920"", ""type"": ""Emax"", ""scale"": ""percent"", ""value"": 586.4, ""units"": ""%"", ""doc"": ""CHEMBL3763030"", ""rule"": ""Emax 为激活幅度指标，按该 assay 内值域（max=716.4）判为 percent 尺度""}, {""assay"": ""CHEMBL3768920"", ""type"": ""Emax"", ""scale"": ""percent"", ""value"": 272.4, ""units"": ""%"", ""doc"": ""CHEMBL3763030"", ""rule"": ""Emax 为激活幅度指标，按该 assay 内值域（max=716.4）判为 percent 尺度""}, {""assay"": ""CHEMBL3768920"", ""type"": ""Emax"", ""scale"": ""percent"", ""value"": null, ""units"": null, ""doc"": ""CHEMBL3763030"", ""rule"": ""Emax 为激活幅度指标，按该 assay 内值域（max=716.4）判为 percent 尺度""}, {""assay"": ""CHEMBL3768920"", ""type"": ""Emax"", ""scale"": ""percent"", ""value"": null, ""units"": null, ""doc"": ""CHEMBL3763030"", ""rule"": ""Emax 为激活幅度指标，按该 assay 内值域（max=716.4）判为 percent 尺度""}]",0,,2,"[{""assay"": ""CHEMBL3768919"", ""type"": ""EC50"", ""value"": null, ""units"": null, ""reason"": ""EC50 缺少浓度单位（units=None），无法作为效力""}, {""assay"": ""CHEMBL3768919"", ""type"": ""EC50"", ""value"": null, ""units"": null, ""reason"": ""EC50 缺少浓度单位（units=None），无法作为效力""}]",10,2,1,"[""CHEMBL3763030""]",2016,LITERATURE,0,不适用（可定量效力值不足 2 个 assay）,中,仅 1 篇文献支撑；2 条指标未归类（见 unclassified_records）
CHEMBL3763283,,Small molecule,,C[S+]([O-])c1ccc(C(CC2CCCC2)c2[nH]c3ncccc3c2I)cc1Cl,IIOJERBJEUCALT-UHFFFAOYSA-N,1,EC50:1,2930.0,2930.0,2930.0,5.53,5.53,5.53,,0,,0,1,1,"[{""assay"": ""CHEMBL3768919"", ""type"": ""EC50"", ""relation"": ""="", ""value_nm"": 2930.0, ""pactivity"": 5.53, ""doc"": ""CHEMBL3763030"", ""rule"": ""EC50 为标准化浓度型效力指标""}]",1,,,0,218.3,Emax@CHEMBL3768920,1,1,1,"[{""assay"": ""CHEMBL3768920"", ""type"": ""Emax"", ""scale"": ""percent"", ""value"": 218.3, ""units"": ""%"", ""doc"": ""CHEMBL3763030"", ""rule"": ""Emax 为激活幅度指标，按该 assay 内值域（max=716.4）判为 percent 尺度""}]",0,,0,,2,2,1,"[""CHEMBL3763030""]",2016,LITERATURE,0,不适用（可定量效力值不足 2 个 assay）,中,仅 1 篇文献支撑
CHEMBL3763295,,Small molecule,,CS(=O)(=O)c1ccc(C(O)(CC2CCCC2)c2cc3cc(Br)cnc3[nH]2)cc1Cl,OZRQARRLWGIGOJ-UHFFFAOYSA-N,1,EC50:1,535.0,535.0,535.0,6.27,6.27,6.27,,0,,0,1,1,"[{""assay"": ""CHEMBL3768919"", ""type"": ""EC50"", ""relation"": ""="", ""value_nm"": 535.0, ""pactivity"": 6.27, ""doc"": ""CHEMBL3763030"", ""rule"": ""EC50 为标准化浓度型效力指标""}]",1,,,0,96.9,Emax@CHEMBL3768920,1,1,1,"[{""assay"": ""CHEMBL3768920"", ""type"": ""Emax"", ""scale"": ""percent"", ""value"": 96.9, ""units"": ""%"", ""doc"": ""CHEMBL3763030"", ""rule"": ""Emax 为激活幅度指标，按该 assay 内值域（max=716.4）判为 percent 尺度""}]",0,,0,,2,2,1,"[""CHEMBL3763030""]",2016,LITERATURE,0,不适用（可定量效力值不足 2 个 assay）,中,仅 1 篇文献支撑
CHEMBL3763337,,Small molecule,,C[S+]([O-])c1ccc(C(CC2CCCC2)c2[nH]c3ncccc3c2Cl)cc1Cl,DKRAUWFHWZEQMO-UHFFFAOYSA-N,1,EC50:1,1260.0,1260.0,1260.0,5.9,5.9,5.9,,0,,0,1,1,"[{""assay"": ""CHEMBL3768919"", ""type"": ""EC50"", ""relation"": ""="", ""value_nm"": 1260.0, ""pactivity"": 5.9, ""doc"": ""CHEMBL3763030"", ""rule"": ""EC50 为标准化浓度型效力指标""}]",1,,,0,131.7,Emax@CHEMBL3768920,1,1,1,"[{""assay"": ""CHEMBL3768920"", ""type"": ""Emax"", ""scale"": ""percent"", ""value"": 131.7, ""units"": ""%"", ""doc"": ""CHEMBL3763030"", ""rule"": ""Emax 为激活幅度指标，按该 assay 内值域（max=716.4）判为 percent 尺度""}]",0,,0,,2,2,1,"[""CHEMBL3763030""]",2016,LITERATURE,0,不适用（可定量效力值不足 2 个 assay）,中,仅 1 篇文献支撑
CHEMBL3763349,,Small molecule,,COCC(C)Oc1ccc(C(CC2CCCC2)c2cc3cccnc3[nH]2)cc1Cl,ZWOHLWADEZHKEZ-UHFFFAOYSA-N,1,EC50:1,608.0,608.0,608.0,6.22,6.22,6.22,,0,,0,1,1,"[{""assay"": ""CHEMBL3768919"", ""type"": ""EC50"", ""relation"": ""="", ""value_nm"": 608.0, ""pactivity"": 6.22, ""doc"": ""CHEMBL3763030"", ""rule"": ""EC50 为标准化浓度型效力指标""}]",1,,,0,188.4,Emax@CHEMBL3768920,1,1,1,"[{""assay"": ""CHEMBL3768920"", ""type"": ""Emax"", ""scale"": ""percent"", ""value"": 188.4, ""units"": ""%"", ""doc"": ""CHEMBL3763030"", ""rule"": ""Emax 为激活幅度指标，按该 assay 内值域（max=716.4）判为 percent 尺度""}]",0,,0,,2,2,1,"[""CHEMBL3763030""]",2016,LITERATURE,0,不适用（可定量效力值不足 2 个 assay）,中,仅 1 篇文献支撑
CHEMBL3763616,,Small molecule,,NC(=O)c1ccc(C(CC2CCCC2)c2cc3cccnc3[nH]2)cc1Cl,ZLPNCECXKJLMOJ-UHFFFAOYSA-N,1,EC50:1,1410.0,1410.0,1410.0,5.85,5.85,5.85,,0,,0,1,1,"[{""assay"": ""CHEMBL3768919"", ""type"": ""EC50"", ""relation"": ""="", ""value_nm"": 1410.0, ""pactivity"": 5.85, ""doc"": ""CHEMBL3763030"", ""rule"": ""EC50 为标准化浓度型效力指标""}]",1,,,0,569.6,Emax@CHEMBL3768920,1,1,1,"[{""assay"": ""CHEMBL3768920"", ""type"": ""Emax"", ""scale"": ""percent"", ""value"": 569.6, ""units"": ""%"", ""doc"": ""CHEMBL3763030"", ""rule"": ""Emax 为激活幅度指标，按该 assay 内值域（max=716.4）判为 percent 尺度""}]",0,,0,,2,2,1,"[""CHEMBL3763030""]",2016,LITERATURE,0,不适用（可定量效力值不足 2 个 assay）,中,仅 1 篇文献支撑
CHEMBL3763618,,Small molecule,,Oc1ccc(C(CC2CCCC2)c2cc3cccnc3[nH]2)cc1Cl,GQJCXHWNAOFJPH-UHFFFAOYSA-N,0,,,,,,,,,0,,0,0,0,,1,,,0,157.4,Emax@CHEMBL3768920,1,1,1,"[{""assay"": ""CHEMBL3768920"", ""type"": ""Emax"", ""scale"": ""percent"", ""value"": 157.4, ""units"": ""%"", ""doc"": ""CHEMBL3763030"", ""rule"": ""Emax 为激活幅度指标，按该 assay 内值域（max=716.4）判为 percent 尺度""}]",0,,0,,1,1,1,"[""CHEMBL3763030""]",2016,LITERATURE,0,不适用（可定量效力值不足 2 个 assay）,弱,仅 1 篇文献支撑
CHEMBL3763635,,Small molecule,,CC1(C)COP(=O)(c2ccc(C(CC3CCCC3)c3cc4cccnc4[nH]3)cc2Cl)OC1,YIJZLHWGKMICQP-UHFFFAOYSA-N,1,EC50:1,1240.0,1240.0,1240.0,5.91,5.91,5.91,,0,,0,1,1,"[{""assay"": ""CHEMBL3768919"", ""type"": ""EC50"", ""relation"": ""="", ""value_nm"": 1240.0, ""pactivity"": 5.91, ""doc"": ""CHEMBL3763030"", ""rule"": ""EC50 为标准化浓度型效力指标""}]",1,,,0,266.5,Emax@CHEMBL3768920,1,1,1,"[{""assay"": ""CHEMBL3768920"", ""type"": ""Emax"", ""scale"": ""percent"", ""value"": 266.5, ""units"": ""%"", ""doc"": ""CHEMBL3763030"", ""rule"": ""Emax 为激活幅度指标，按该 assay 内值域（max=716.4）判为 percent 尺度""}]",0,,0,,2,2,1,"[""CHEMBL3763030""]",2016,LITERATURE,0,不适用（可定量效力值不足 2 个 assay）,中,仅 1 篇文献支撑
CHEMBL3763700,,Small molecule,,COC(=O)/C=C/c1cnc2[nH]c(C(CC3CCCC3)c3ccc(S(C)(=O)=O)c(Cl)c3)cc2c1,ZGBUVZARNUTINR-JXMROGBWSA-N,1,EC50:1,695.0,695.0,695.0,6.16,6.16,6.16,,0,,0,1,1,"[{""assay"": ""CHEMBL3768919"", ""type"": ""EC50"", ""relation"": ""="", ""value_nm"": 695.0, ""pactivity"": 6.16, ""doc"": ""CHEMBL3763030"", ""rule"": ""EC50 为标准化浓度型效力指标""}]",1,,,0,124.4,Emax@CHEMBL3768920,1,1,1,"[{""assay"": ""CHEMBL3768920"", ""type"": ""Emax"", ""scale"": ""percent"", ""value"": 124.4, ""units"": ""%"", ""doc"": ""CHEMBL3763030"", ""rule"": ""Emax 为激活幅度指标，按该 assay 内值域（max=716.4）判为 percent 尺度""}]",0,,0,,2,2,1,"[""CHEMBL3763030""]",2016,LITERATURE,0,不适用（可定量效力值不足 2 个 assay）,中,仅 1 篇文献支撑
CHEMBL3763775,,Small molecule,,O=C(O)c1ccc(C(CC2CCCC2)c2cc3cccnc3[nH]2)cc1Cl,CGDOTKCBAFTQBQ-UHFFFAOYSA-N,1,EC50:1,2050.0,2050.0,2050.0,5.69,5.69,5.69,,0,,0,1,1,"[{""assay"": ""CHEMBL3768919"", ""type"": ""EC50"", ""relation"": ""="", ""value_nm"": 2050.0, ""pactivity"": 5.69, ""doc"": ""CHEMBL3763030"", ""rule"": ""EC50 为标准化浓度型效力指标""}]",1,,,0,326.8,Emax@CHEMBL3768920,1,1,1,"[{""assay"": ""CHEMBL3768920"", ""type"": ""Emax"", ""scale"": ""percent"", ""value"": 326.8, ""units"": ""%"", ""doc"": ""CHEMBL3763030"", ""rule"": ""Emax 为激活幅度指标，按该 assay 内值域（max=716.4）判为 percent 尺度""}]",0,,0,,2,2,1,"[""CHEMBL3763030""]",2016,LITERATURE,0,不适用（可定量效力值不足 2 个 assay）,中,仅 1 篇文献支撑
CHEMBL3763788,,Small molecule,,CC1(C)COP(=O)(c2ccc(C(CC3CCCC3)c3cc4cccnc4[nH]3)cc2)OC1,KCXYCVCOMIPEMT-UHFFFAOYSA-N,0,,,,,,,,,0,,0,0,0,,1,,,0,,,0,1,1,"[{""assay"": ""CHEMBL3768920"", ""type"": ""Emax"", ""scale"": ""percent"", ""value"": null, ""units"": null, ""doc"": ""CHEMBL3763030"", ""rule"": ""Emax 为激活幅度指标，按该 assay 内值域（max=716.4）判为 percent 尺度""}]",0,,1,"[{""assay"": ""CHEMBL3768919"", ""type"": ""EC50"", ""value"": null, ""units"": null, ""reason"": ""EC50 缺少浓度单位（units=None），无法作为效力""}]",2,2,1,"[""CHEMBL3763030""]",2016,LITERATURE,0,不适用（可定量效力值不足 2 个 assay）,中,仅 1 篇文献支撑；1 条指标未归类（见 unclassified_records）
CHEMBL3763854,,Small molecule,,CC(=O)c1ccc(C(CC2CCCC2)c2cc3cccnc3[nH]2)cc1Cl,UMJURPMKEPWRDL-UHFFFAOYSA-N,1,EC50:1,810.0,810.0,810.0,6.09,6.09,6.09,,0,,0,1,1,"[{""assay"": ""CHEMBL3768919"", ""type"": ""EC50"", ""relation"": ""="", ""value_nm"": 810.0, ""pactivity"": 6.09, ""doc"": ""CHEMBL3763030"", ""rule"": ""EC50 为标准化浓度型效力指标""}]",1,,,0,237.9,Emax@CHEMBL3768920,1,1,1,"[{""assay"": ""CHEMBL3768920"", ""type"": ""Emax"", ""scale"": ""percent"", ""value"": 237.9, ""units"": ""%"", ""doc"": ""CHEMBL3763030"", ""rule"": ""Emax 为激活幅度指标，按该 assay 内值域（max=716.4）判为 percent 尺度""}]",0,,0,,2,2,1,"[""CHEMBL3763030""]",2016,LITERATURE,0,不适用（可定量效力值不足 2 个 assay）,中,仅 1 篇文献支撑
CHEMBL3763855,,Small molecule,,C[S+]([O-])c1ccc(C(OC2CCCCC2)c2cc3cccnc3[nH]2)cc1Cl,MGLPUJRDRZAPKW-UHFFFAOYSA-N,1,EC50:1,3290.0,3290.0,3290.0,5.48,5.48,5.48,,0,,0,1,1,"[{""assay"": ""CHEMBL3768919"", ""type"": ""EC50"", ""relation"": ""="", ""value_nm"": 3290.0, ""pactivity"": 5.48, ""doc"": ""CHEMBL3763030"", ""rule"": ""EC50 为标准化浓度型效力指标""}]",1,,,0,407.4,Emax@CHEMBL3768920,1,1,1,"[{""assay"": ""CHEMBL3768920"", ""type"": ""Emax"", ""scale"": ""percent"", ""value"": 407.4, ""units"": ""%"", ""doc"": ""CHEMBL3763030"", ""rule"": ""Emax 为激活幅度指标，按该 assay 内值域（max=716.4）判为 percent 尺度""}]",0,,0,,2,2,1,"[""CHEMBL3763030""]",2016,LITERATURE,0,不适用（可定量效力值不足 2 个 assay）,中,仅 1 篇文献支撑
CHEMBL3763940,,Small molecule,,Oc1ccc(C(CC2CCCC2)C2CC3CCCN=C3N2)cc1,HJPQDOPJCBTHHH-UHFFFAOYSA-N,0,,,,,,,,,0,,0,0,0,,1,,,0,,,0,1,1,"[{""assay"": ""CHEMBL3768920"", ""type"": ""Emax"", ""scale"": ""percent"", ""value"": null, ""units"": null, ""doc"": ""CHEMBL3763030"", ""rule"": ""Emax 为激活幅度指标，按该 assay 内值域（max=716.4）判为 percent 尺度""}]",0,,1,"[{""assay"": ""CHEMBL3768919"", ""type"": ""EC50"", ""value"": null, ""units"": null, ""reason"": ""EC50 缺少浓度单位（units=None），无法作为效力""}]",2,2,1,"[""CHEMBL3763030""]",2016,LITERATURE,0,不适用（可定量效力值不足 2 个 assay）,中,仅 1 篇文献支撑；1 条指标未归类（见 unclassified_records）
CHEMBL3764029,,Small molecule,,CS(=O)(=O)c1ccc(/C(=C\C2CCCC2)c2cc3cc(Br)cnc3[nH]2)cc1Cl,GTDSCFUKQIPFKO-CAOOACKPSA-N,0,,,,,,,,,0,,0,0,0,,1,,,0,216.9,Emax@CHEMBL3768920,1,1,1,"[{""assay"": ""CHEMBL3768920"", ""type"": ""Emax"", ""scale"": ""percent"", ""value"": 216.9, ""units"": ""%"", ""doc"": ""CHEMBL3763030"", ""rule"": ""Emax 为激活幅度指标，按该 assay 内值域（max=716.4）判为 percent 尺度""}]",0,,0,,1,1,1,"[""CHEMBL3763030""]",2016,LITERATURE,0,不适用（可定量效力值不足 2 个 assay）,弱,仅 1 篇文献支撑
CHEMBL3764079,,Small molecule,,CS(=O)(=O)c1ccc(/C(=C/C2CCCC2)c2cc3cccnc3[nH]2)cc1Cl,NNBNDCTUZWVYRP-BOPFTXTBSA-N,1,EC50:1,12.4,12.4,12.4,7.91,7.91,7.91,,0,,0,1,1,"[{""assay"": ""CHEMBL3768919"", ""type"": ""EC50"", ""relation"": ""="", ""value_nm"": 12.4, ""pactivity"": 7.91, ""doc"": ""CHEMBL3763030"", ""rule"": ""EC50 为标准化浓度型效力指标""}]",1,,,0,274.5,Emax@CHEMBL3768920,1,1,1,"[{""assay"": ""CHEMBL3768920"", ""type"": ""Emax"", ""scale"": ""percent"", ""value"": 274.5, ""units"": ""%"", ""doc"": ""CHEMBL3763030"", ""rule"": ""Emax 为激活幅度指标，按该 assay 内值域（max=716.4）判为 percent 尺度""}]",0,,0,,2,2,1,"[""CHEMBL3763030""]",2016,LITERATURE,0,不适用（可定量效力值不足 2 个 assay）,中,仅 1 篇文献支撑
CHEMBL3764328,,Small molecule,,OCc1ccc(C(CC2CCCC2)c2cc3cccnc3[nH]2)cc1Cl,ZJSWYTAJRQXWKP-UHFFFAOYSA-N,1,EC50:1,638.0,638.0,638.0,6.2,6.2,6.2,,0,,0,1,1,"[{""assay"": ""CHEMBL3768919"", ""type"": ""EC50"", ""relation"": ""="", ""value_nm"": 638.0, ""pactivity"": 6.2, ""doc"": ""CHEMBL3763030"", ""rule"": ""EC50 为标准化浓度型效力指标""}]",1,,,0,307.3,Emax@CHEMBL3768920,1,1,1,"[{""assay"": ""CHEMBL3768920"", ""type"": ""Emax"", ""scale"": ""percent"", ""value"": 307.3, ""units"": ""%"", ""doc"": ""CHEMBL3763030"", ""rule"": ""Emax 为激活幅度指标，按该 assay 内值域（max=716.4）判为 percent 尺度""}]",0,,0,,2,2,1,"[""CHEMBL3763030""]",2016,LITERATURE,0,不适用（可定量效力值不足 2 个 assay）,中,仅 1 篇文献支撑
CHEMBL3764342,,Small molecule,,Brc1ccc(C(CC2CCCC2)c2cc3cccnc3[nH]2)cc1,NDROYKVENXUMAB-UHFFFAOYSA-N,1,EC50:1,783.0,783.0,783.0,6.11,6.11,6.11,,0,,0,1,1,"[{""assay"": ""CHEMBL3768919"", ""type"": ""EC50"", ""relation"": ""="", ""value_nm"": 783.0, ""pactivity"": 6.11, ""doc"": ""CHEMBL3763030"", ""rule"": ""EC50 为标准化浓度型效力指标""}]",1,,,0,94.3,Emax@CHEMBL3768920,1,1,1,"[{""assay"": ""CHEMBL3768920"", ""type"": ""Emax"", ""scale"": ""percent"", ""value"": 94.3, ""units"": ""%"", ""doc"": ""CHEMBL3763030"", ""rule"": ""Emax 为激活幅度指标，按该 assay 内值域（max=716.4）判为 percent 尺度""}]",0,,0,,2,2,1,"[""CHEMBL3763030""]",2016,LITERATURE,0,不适用（可定量效力值不足 2 个 assay）,中,仅 1 篇文献支撑
CHEMBL3764533,,Small molecule,,Clc1cccc(C(CC2CCCC2)c2cc3cccnc3[nH]2)c1,AWPYWCSMAZGZHJ-UHFFFAOYSA-N,0,,,,,,,,,0,,0,0,0,,1,,,0,78.6,Emax@CHEMBL3768920,1,1,1,"[{""assay"": ""CHEMBL3768920"", ""type"": ""Emax"", ""scale"": ""percent"", ""value"": 78.6, ""units"": ""%"", ""doc"": ""CHEMBL3763030"", ""rule"": ""Emax 为激活幅度指标，按该 assay 内值域（max=716.4）判为 percent 尺度""}]",0,,0,,1,1,1,"[""CHEMBL3763030""]",2016,LITERATURE,0,不适用（可定量效力值不足 2 个 assay）,弱,仅 1 篇文献支撑
CHEMBL3764630,,Small molecule,,COC(=O)/C=C/c1cnc2[nH]c(/C(=C/C3CCCC3)c3ccc(S(C)(=O)=O)c(Cl)c3)cc2c1,CROAZWRROYRSMA-KEPXNORLSA-N,1,EC50:1,148.0,148.0,148.0,6.83,6.83,6.83,,0,,0,1,1,"[{""assay"": ""CHEMBL3768919"", ""type"": ""EC50"", ""relation"": ""="", ""value_nm"": 148.0, ""pactivity"": 6.83, ""doc"": ""CHEMBL3763030"", ""rule"": ""EC50 为标准化浓度型效力指标""}]",1,,,0,133.9,Emax@CHEMBL3768920,1,1,1,"[{""assay"": ""CHEMBL3768920"", ""type"": ""Emax"", ""scale"": ""percent"", ""value"": 133.9, ""units"": ""%"", ""doc"": ""CHEMBL3763030"", ""rule"": ""Emax 为激活幅度指标，按该 assay 内值域（max=716.4）判为 percent 尺度""}]",0,,0,,2,2,1,"[""CHEMBL3763030""]",2016,LITERATURE,0,不适用（可定量效力值不足 2 个 assay）,中,仅 1 篇文献支撑
CHEMBL3764631,,Small molecule,,C[S+]([O-])c1ccc(C(NC2CCC2)c2cc3cccnc3[nH]2)cc1Cl,BNOICVBXGBGNOO-UHFFFAOYSA-N,0,,,,,,,,,0,,0,0,0,,1,,,0,,,0,1,1,"[{""assay"": ""CHEMBL3768920"", ""type"": ""Emax"", ""scale"": ""percent"", ""value"": null, ""units"": null, ""doc"": ""CHEMBL3763030"", ""rule"": ""Emax 为激活幅度指标，按该 assay 内值域（max=716.4）判为 percent 尺度""}]",0,,1,"[{""assay"": ""CHEMBL3768919"", ""type"": ""EC50"", ""value"": null, ""units"": null, ""reason"": ""EC50 缺少浓度单位（units=None），无法作为效力""}]",2,2,1,"[""CHEMBL3763030""]",2016,LITERATURE,0,不适用（可定量效力值不足 2 个 assay）,中,仅 1 篇文献支撑；1 条指标未归类（见 unclassified_records）
CHEMBL3764668,,Small molecule,,CS(=O)(=O)c1ccc(C(CC2CCCC2)c2cc3cc(Br)cnc3[nH]2)cc1Cl,LMEULCGFTKAMLF-UHFFFAOYSA-N,1,EC50:1,115.0,115.0,115.0,6.94,6.94,6.94,,0,,0,1,1,"[{""assay"": ""CHEMBL3768919"", ""type"": ""EC50"", ""relation"": ""="", ""value_nm"": 115.0, ""pactivity"": 6.94, ""doc"": ""CHEMBL3763030"", ""rule"": ""EC50 为标准化浓度型效力指标""}]",1,,,0,191.8,Emax@CHEMBL3768920,1,1,1,"[{""assay"": ""CHEMBL3768920"", ""type"": ""Emax"", ""scale"": ""percent"", ""value"": 191.8, ""units"": ""%"", ""doc"": ""CHEMBL3763030"", ""rule"": ""Emax 为激活幅度指标，按该 assay 内值域（max=716.4）判为 percent 尺度""}]",0,,0,,2,2,1,"[""CHEMBL3763030""]",2016,LITERATURE,0,不适用（可定量效力值不足 2 个 assay）,中,仅 1 篇文献支撑
CHEMBL3764711,,Small molecule,,CCOP(=O)(OCC)c1ccc(C(CC2CCCC2)c2cc3cccnc3[nH]2)cc1Cl,SLFBSIWNCQBWFP-UHFFFAOYSA-N,1,EC50:1,688.0,688.0,688.0,6.16,6.16,6.16,,0,,0,1,1,"[{""assay"": ""CHEMBL3768919"", ""type"": ""EC50"", ""relation"": ""="", ""value_nm"": 688.0, ""pactivity"": 6.16, ""doc"": ""CHEMBL3763030"", ""rule"": ""EC50 为标准化浓度型效力指标""}]",1,,,0,330.8,Emax@CHEMBL3768920,1,1,1,"[{""assay"": ""CHEMBL3768920"", ""type"": ""Emax"", ""scale"": ""percent"", ""value"": 330.8, ""units"": ""%"", ""doc"": ""CHEMBL3763030"", ""rule"": ""Emax 为激活幅度指标，按该 assay 内值域（max=716.4）判为 percent 尺度""}]",0,,0,,2,2,1,"[""CHEMBL3763030""]",2016,LITERATURE,0,不适用（可定量效力值不足 2 个 assay）,中,仅 1 篇文献支撑
CHEMBL3764824,,Small molecule,,COC(=O)c1ccc(C(CC2CCCC2)c2cc3cccnc3[nH]2)cc1Cl,SUUWNUCVOZUVCV-UHFFFAOYSA-N,1,EC50:1,173.0,173.0,173.0,6.76,6.76,6.76,,0,,0,1,1,"[{""assay"": ""CHEMBL3768919"", ""type"": ""EC50"", ""relation"": ""="", ""value_nm"": 173.0, ""pactivity"": 6.76, ""doc"": ""CHEMBL3763030"", ""rule"": ""EC50 为标准化浓度型效力指标""}]",1,,,0,142.5,Emax@CHEMBL3768920,1,1,1,"[{""assay"": ""CHEMBL3768920"", ""type"": ""Emax"", ""scale"": ""percent"", ""value"": 142.5, ""units"": ""%"", ""doc"": ""CHEMBL3763030"", ""rule"": ""Emax 为激活幅度指标，按该 assay 内值域（max=716.4）判为 percent 尺度""}]",0,,0,,2,2,1,"[""CHEMBL3763030""]",2016,LITERATURE,0,不适用（可定量效力值不足 2 个 assay）,中,仅 1 篇文献支撑
CHEMBL3764854,,Small molecule,,CS(=O)(=O)c1ccc(C(=O)c2cc3cccnc3[nH]2)cc1,PTYNOUCERAWTQI-UHFFFAOYSA-N,0,,,,,,,,,0,,0,0,0,,1,,,0,,,0,1,1,"[{""assay"": ""CHEMBL3768920"", ""type"": ""Emax"", ""scale"": ""percent"", ""value"": null, ""units"": null, ""doc"": ""CHEMBL3763030"", ""rule"": ""Emax 为激活幅度指标，按该 assay 内值域（max=716.4）判为 percent 尺度""}]",0,,1,"[{""assay"": ""CHEMBL3768919"", ""type"": ""EC50"", ""value"": null, ""units"": null, ""reason"": ""EC50 缺少浓度单位（units=None），无法作为效力""}]",2,2,1,"[""CHEMBL3763030""]",2016,LITERATURE,0,不适用（可定量效力值不足 2 个 assay）,中,仅 1 篇文献支撑；1 条指标未归类（见 unclassified_records）
CHEMBL3764855,,Small molecule,,C[S+]([O-])c1ccc(C(CC2CCCC2)c2[nH]c3ncccc3c2CO)cc1Cl,ZTVXSWAKKVLTMA-UHFFFAOYSA-N,0,,,,,,,,,0,,0,0,0,,1,,,0,,,0,1,1,"[{""assay"": ""CHEMBL3768920"", ""type"": ""Emax"", ""scale"": ""percent"", ""value"": null, ""units"": null, ""doc"": ""CHEMBL3763030"", ""rule"": ""Emax 为激活幅度指标，按该 assay 内值域（max=716.4）判为 percent 尺度""}]",0,,1,"[{""assay"": ""CHEMBL3768919"", ""type"": ""EC50"", ""value"": null, ""units"": null, ""reason"": ""EC50 缺少浓度单位（units=None），无法作为效力""}]",2,2,1,"[""CHEMBL3763030""]",2016,LITERATURE,0,不适用（可定量效力值不足 2 个 assay）,中,仅 1 篇文献支撑；1 条指标未归类（见 unclassified_records）
CHEMBL3764856,,Small molecule,,C[S+]([O-])c1ccc(C(OC2CCCC2)c2cc3cccnc3[nH]2)cc1Cl,ITAKJQKNRYYNIT-UHFFFAOYSA-N,1,EC50:1,1100.0,1100.0,1100.0,5.96,5.96,5.96,,0,,0,1,1,"[{""assay"": ""CHEMBL3768919"", ""type"": ""EC50"", ""relation"": ""="", ""value_nm"": 1100.0, ""pactivity"": 5.96, ""doc"": ""CHEMBL3763030"", ""rule"": ""EC50 为标准化浓度型效力指标""}]",1,,,0,491.9,Emax@CHEMBL3768920,1,1,1,"[{""assay"": ""CHEMBL3768920"", ""type"": ""Emax"", ""scale"": ""percent"", ""value"": 491.9, ""units"": ""%"", ""doc"": ""CHEMBL3763030"", ""rule"": ""Emax 为激活幅度指标，按该 assay 内值域（max=716.4）判为 percent 尺度""}]",0,,0,,2,2,1,"[""CHEMBL3763030""]",2016,LITERATURE,0,不适用（可定量效力值不足 2 个 assay）,中,仅 1 篇文献支撑
CHEMBL3764930,,Small molecule,,COc1ccc(C(CC2CCCC2)c2cc3cccnc3[nH]2)cc1Cl,RTCKQHHNBFDKIY-UHFFFAOYSA-N,1,EC50:1,342.0,342.0,342.0,6.47,6.47,6.47,,0,,0,1,1,"[{""assay"": ""CHEMBL3768919"", ""type"": ""EC50"", ""relation"": ""="", ""value_nm"": 342.0, ""pactivity"": 6.47, ""doc"": ""CHEMBL3763030"", ""rule"": ""EC50 为标准化浓度型效力指标""}]",1,,,0,148.1,Emax@CHEMBL3768920,1,1,1,"[{""assay"": ""CHEMBL3768920"", ""type"": ""Emax"", ""scale"": ""percent"", ""value"": 148.1, ""units"": ""%"", ""doc"": ""CHEMBL3763030"", ""rule"": ""Emax 为激活幅度指标，按该 assay 内值域（max=716.4）判为 percent 尺度""}]",0,,0,,2,2,1,"[""CHEMBL3763030""]",2016,LITERATURE,0,不适用（可定量效力值不足 2 个 assay）,中,仅 1 篇文献支撑
CHEMBL3764962,,Small molecule,,C[S+]([O-])c1ccc(C(O)(CC2CCCC2)c2cc3cc(Br)cnc3[nH]2)cc1Cl,KBPXDKQQKYGZCW-UHFFFAOYSA-N,0,,,,,,,,,0,,0,0,0,,1,,,0,65.2,Emax@CHEMBL3768920,1,1,1,"[{""assay"": ""CHEMBL3768920"", ""type"": ""Emax"", ""scale"": ""percent"", ""value"": 65.2, ""units"": ""%"", ""doc"": ""CHEMBL3763030"", ""rule"": ""Emax 为激活幅度指标，按该 assay 内值域（max=716.4）判为 percent 尺度""}]",0,,0,,1,1,1,"[""CHEMBL3763030""]",2016,LITERATURE,0,不适用（可定量效力值不足 2 个 assay）,弱,仅 1 篇文献支撑
CHEMBL3765090,,Small molecule,,C[S+]([O-])c1ccc(C(CC2CCCC2)c2[nH]c3ncccc3c2Br)cc1Cl,OLCBJRBZHLSPBB-UHFFFAOYSA-N,0,,,,,,,,,0,,0,0,0,,1,,,0,59.5,Emax@CHEMBL3768920,1,1,1,"[{""assay"": ""CHEMBL3768920"", ""type"": ""Emax"", ""scale"": ""percent"", ""value"": 59.5, ""units"": ""%"", ""doc"": ""CHEMBL3763030"", ""rule"": ""Emax 为激活幅度指标，按该 assay 内值域（max=716.4）判为 percent 尺度""}]",0,,0,,1,1,1,"[""CHEMBL3763030""]",2016,LITERATURE,0,不适用（可定量效力值不足 2 个 assay）,弱,仅 1 篇文献支撑
CHEMBL3765196,,Small molecule,,C[S+]([O-])c1ccc(C(CC2CCCC2)c2[nH]c3ncccc3c2C=O)cc1Cl,CHBZCDLDPNYPDM-UHFFFAOYSA-N,0,,,,,,,,,0,,0,0,0,,1,,,0,,,0,1,1,"[{""assay"": ""CHEMBL3768920"", ""type"": ""Emax"", ""scale"": ""percent"", ""value"": null, ""units"": null, ""doc"": ""CHEMBL3763030"", ""rule"": ""Emax 为激活幅度指标，按该 assay 内值域（max=716.4）判为 percent 尺度""}]",0,,1,"[{""assay"": ""CHEMBL3768919"", ""type"": ""EC50"", ""value"": null, ""units"": null, ""reason"": ""EC50 缺少浓度单位（units=None），无法作为效力""}]",2,2,1,"[""CHEMBL3763030""]",2016,LITERATURE,0,不适用（可定量效力值不足 2 个 assay）,中,仅 1 篇文献支撑；1 条指标未归类（见 unclassified_records）
CHEMBL3765270,,Small molecule,,C[S+]([O-])c1ccc(/C(=C/C2CCCC2)c2cc3cccnc3[nH]2)cc1Cl,OZSHJEACEPOWPT-BOPFTXTBSA-N,1,EC50:1,263.0,263.0,263.0,6.58,6.58,6.58,,0,,0,1,1,"[{""assay"": ""CHEMBL3768919"", ""type"": ""EC50"", ""relation"": ""="", ""value_nm"": 263.0, ""pactivity"": 6.58, ""doc"": ""CHEMBL3763030"", ""rule"": ""EC50 为标准化浓度型效力指标""}]",1,,,0,276.3,Emax@CHEMBL3768920,1,1,1,"[{""assay"": ""CHEMBL3768920"", ""type"": ""Emax"", ""scale"": ""percent"", ""value"": 276.3, ""units"": ""%"", ""doc"": ""CHEMBL3763030"", ""rule"": ""Emax 为激活幅度指标，按该 assay 内值域（max=716.4）判为 percent 尺度""}]",0,,0,,2,2,1,"[""CHEMBL3763030""]",2016,LITERATURE,0,不适用（可定量效力值不足 2 个 assay）,中,仅 1 篇文献支撑
CHEMBL3765276,,Small molecule,,CS(=O)(=O)c1ccc(/C(=C/C2CCCC2)c2cc3cc(Br)cnc3[nH]2)cc1Cl,GTDSCFUKQIPFKO-IUXPMGMMSA-N,0,,,,,,,,,0,,0,0,0,,1,,,0,200.4,Emax@CHEMBL3768920,1,1,1,"[{""assay"": ""CHEMBL3768920"", ""type"": ""Emax"", ""scale"": ""percent"", ""value"": 200.4, ""units"": ""%"", ""doc"": ""CHEMBL3763030"", ""rule"": ""Emax 为激活幅度指标，按该 assay 内值域（max=716.4）判为 percent 尺度""}]",0,,0,,1,1,1,"[""CHEMBL3763030""]",2016,LITERATURE,0,不适用（可定量效力值不足 2 个 assay）,弱,仅 1 篇文献支撑
CHEMBL3765308,,Small molecule,,N#Cc1ccc(C(CC2CCCC2)c2cc3cccnc3[nH]2)cc1Cl,IBZGTEGDCVAHSL-UHFFFAOYSA-N,1,EC50:1,756.0,756.0,756.0,6.12,6.12,6.12,,0,,0,1,1,"[{""assay"": ""CHEMBL3768919"", ""type"": ""EC50"", ""relation"": ""="", ""value_nm"": 756.0, ""pactivity"": 6.12, ""doc"": ""CHEMBL3763030"", ""rule"": ""EC50 为标准化浓度型效力指标""}]",1,,,0,186.2,Emax@CHEMBL3768920,1,1,1,"[{""assay"": ""CHEMBL3768920"", ""type"": ""Emax"", ""scale"": ""percent"", ""value"": 186.2, ""units"": ""%"", ""doc"": ""CHEMBL3763030"", ""rule"": ""Emax 为激活幅度指标，按该 assay 内值域（max=716.4）判为 percent 尺度""}]",0,,0,,2,2,1,"[""CHEMBL3763030""]",2016,LITERATURE,0,不适用（可定量效力值不足 2 个 assay）,中,仅 1 篇文献支撑
CHEMBL3765330,,Small molecule,,CS(=O)(=O)c1ccc(C(O)(CC2CCCC2)c2cc3cccnc3[nH]2)cc1Cl,FMSQUGVLINIZDM-UHFFFAOYSA-N,1,EC50:1,1300.0,1300.0,1300.0,5.89,5.89,5.89,,0,,0,1,1,"[{""assay"": ""CHEMBL3768919"", ""type"": ""EC50"", ""relation"": ""="", ""value_nm"": 1300.0, ""pactivity"": 5.89, ""doc"": ""CHEMBL3763030"", ""rule"": ""EC50 为标准化浓度型效力指标""}]",1,,,0,209.2,Emax@CHEMBL3768920,1,1,1,"[{""assay"": ""CHEMBL3768920"", ""type"": ""Emax"", ""scale"": ""percent"", ""value"": 209.2, ""units"": ""%"", ""doc"": ""CHEMBL3763030"", ""rule"": ""Emax 为激活幅度指标，按该 assay 内值域（max=716.4）判为 percent 尺度""}]",0,,0,,2,2,1,"[""CHEMBL3763030""]",2016,LITERATURE,0,不适用（可定量效力值不足 2 个 assay）,中,仅 1 篇文献支撑
CHEMBL3765393,,Small molecule,,CC(C)Oc1ccc(C(CC2CCCC2)c2cc3cccnc3[nH]2)cc1Cl,RROXJSLAUUOWNH-UHFFFAOYSA-N,0,,,,,,,,,0,,0,0,0,,1,,,0,63.4,Emax@CHEMBL3768920,1,1,1,"[{""assay"": ""CHEMBL3768920"", ""type"": ""Emax"", ""scale"": ""percent"", ""value"": 63.4, ""units"": ""%"", ""doc"": ""CHEMBL3763030"", ""rule"": ""Emax 为激活幅度指标，按该 assay 内值域（max=716.4）判为 percent 尺度""}]",0,,0,,1,1,1,"[""CHEMBL3763030""]",2016,LITERATURE,0,不适用（可定量效力值不足 2 个 assay）,弱,仅 1 篇文献支撑
CHEMBL3765430,,Small molecule,,C[S+]([O-])c1ccc(C(NC2CCCC2)c2cc3cccnc3[nH]2)cc1Cl,CUHQSVYNOIRCHU-UHFFFAOYSA-N,1,EC50:1,38300.0,38300.0,38300.0,4.42,4.42,4.42,,0,,0,1,1,"[{""assay"": ""CHEMBL3768919"", ""type"": ""EC50"", ""relation"": ""="", ""value_nm"": 38300.0, ""pactivity"": 4.42, ""doc"": ""CHEMBL3763030"", ""rule"": ""EC50 为标准化浓度型效力指标""}]",1,,,0,439.6,Emax@CHEMBL3768920,1,1,1,"[{""assay"": ""CHEMBL3768920"", ""type"": ""Emax"", ""scale"": ""percent"", ""value"": 439.6, ""units"": ""%"", ""doc"": ""CHEMBL3763030"", ""rule"": ""Emax 为激活幅度指标，按该 assay 内值域（max=716.4）判为 percent 尺度""}]",0,,0,,2,2,1,"[""CHEMBL3763030""]",2016,LITERATURE,0,不适用（可定量效力值不足 2 个 assay）,中,仅 1 篇文献支撑
CHEMBL3765466,,Small molecule,,C[S+]([O-])c1ccc(C(O)(CC2CCCC2)c2cc3cccnc3[nH]2)cc1Cl,YMXCZDZLKQUEJO-UHFFFAOYSA-N,1,EC50:1,1870.0,1870.0,1870.0,5.73,5.73,5.73,,0,,0,1,1,"[{""assay"": ""CHEMBL3768919"", ""type"": ""EC50"", ""relation"": ""="", ""value_nm"": 1870.0, ""pactivity"": 5.73, ""doc"": ""CHEMBL3763030"", ""rule"": ""EC50 为标准化浓度型效力指标""}]",1,,,0,326.7,Emax@CHEMBL3768920,1,1,1,"[{""assay"": ""CHEMBL3768920"", ""type"": ""Emax"", ""scale"": ""percent"", ""value"": 326.7, ""units"": ""%"", ""doc"": ""CHEMBL3763030"", ""rule"": ""Emax 为激活幅度指标，按该 assay 内值域（max=716.4）判为 percent 尺度""}]",0,,0,,2,2,1,"[""CHEMBL3763030""]",2016,LITERATURE,0,不适用（可定量效力值不足 2 个 assay）,中,仅 1 篇文献支撑
CHEMBL3765579,,Small molecule,,C[S+]([O-])c1ccc(Cc2cc3cccnc3[nH]2)cc1Cl,GBXIQFQHGNREGI-UHFFFAOYSA-N,0,,,,,,,,,0,,0,0,0,,1,,,0,,,0,1,1,"[{""assay"": ""CHEMBL3768920"", ""type"": ""Emax"", ""scale"": ""percent"", ""value"": null, ""units"": null, ""doc"": ""CHEMBL3763030"", ""rule"": ""Emax 为激活幅度指标，按该 assay 内值域（max=716.4）判为 percent 尺度""}]",0,,1,"[{""assay"": ""CHEMBL3768919"", ""type"": ""EC50"", ""value"": null, ""units"": null, ""reason"": ""EC50 缺少浓度单位（units=None），无法作为效力""}]",2,2,1,"[""CHEMBL3763030""]",2016,LITERATURE,0,不适用（可定量效力值不足 2 个 assay）,中,仅 1 篇文献支撑；1 条指标未归类（见 unclassified_records）
CHEMBL3765635,,Small molecule,,CS(=O)(=O)c1ccc(C(CC2CCCC2)c2nc3ncccc3[nH]2)cc1Cl,MLDNEBSJFNQGOY-UHFFFAOYSA-N,0,,,,,,,,,0,,0,0,0,,1,,,0,,,0,1,1,"[{""assay"": ""CHEMBL3768920"", ""type"": ""Emax"", ""scale"": ""percent"", ""value"": null, ""units"": null, ""doc"": ""CHEMBL3763030"", ""rule"": ""Emax 为激活幅度指标，按该 assay 内值域（max=716.4）判为 percent 尺度""}]",0,,1,"[{""assay"": ""CHEMBL3768919"", ""type"": ""EC50"", ""value"": null, ""units"": null, ""reason"": ""EC50 缺少浓度单位（units=None），无法作为效力""}]",2,2,1,"[""CHEMBL3763030""]",2016,LITERATURE,0,不适用（可定量效力值不足 2 个 assay）,中,仅 1 篇文献支撑；1 条指标未归类（见 unclassified_records）
CHEMBL3765684,,Small molecule,,C[S+]([O-])c1ccc(C(NC2CCCCC2)c2cc3cccnc3[nH]2)cc1Cl,NCWGRILWBTWFKG-UHFFFAOYSA-N,1,EC50:1,6630.0,6630.0,6630.0,5.18,5.18,5.18,,0,,0,1,1,"[{""assay"": ""CHEMBL3768919"", ""type"": ""EC50"", ""relation"": ""="", ""value_nm"": 6630.0, ""pactivity"": 5.18, ""doc"": ""CHEMBL3763030"", ""rule"": ""EC50 为标准化浓度型效力指标""}]",1,,,0,214.9,Emax@CHEMBL3768920,1,1,1,"[{""assay"": ""CHEMBL3768920"", ""type"": ""Emax"", ""scale"": ""percent"", ""value"": 214.9, ""units"": ""%"", ""doc"": ""CHEMBL3763030"", ""rule"": ""Emax 为激活幅度指标，按该 assay 内值域（max=716.4）判为 percent 尺度""}]",0,,0,,2,2,1,"[""CHEMBL3763030""]",2016,LITERATURE,0,不适用（可定量效力值不足 2 个 assay）,中,仅 1 篇文献支撑
CHEMBL3765780,,Small molecule,,COC(=O)/C=C/c1cnc2[nH]c(/C(=C\C3CCCC3)c3ccc(S(C)(=O)=O)c(Cl)c3)cc2c1,CROAZWRROYRSMA-NMSZSRSNSA-N,1,EC50:1,194.0,194.0,194.0,6.71,6.71,6.71,,0,,0,1,1,"[{""assay"": ""CHEMBL3768919"", ""type"": ""EC50"", ""relation"": ""="", ""value_nm"": 194.0, ""pactivity"": 6.71, ""doc"": ""CHEMBL3763030"", ""rule"": ""EC50 为标准化浓度型效力指标""}]",1,,,0,147.2,Emax@CHEMBL3768920,1,1,1,"[{""assay"": ""CHEMBL3768920"", ""type"": ""Emax"", ""scale"": ""percent"", ""value"": 147.2, ""units"": ""%"", ""doc"": ""CHEMBL3763030"", ""rule"": ""Emax 为激活幅度指标，按该 assay 内值域（max=716.4）判为 percent 尺度""}]",0,,0,,2,2,1,"[""CHEMBL3763030""]",2016,LITERATURE,0,不适用（可定量效力值不足 2 个 assay）,中,仅 1 篇文献支撑
CHEMBL3765816,,Small molecule,,CS(=O)(=O)c1ccc(C(CC2CCCC2)c2cc3cccnc3[nH]2)cc1Cl,IATYBUSZZPRTJB-UHFFFAOYSA-N,3,EC50:3,255.0,549.0,1010.0,6.59,6.26,6.0,0.59,0,,0,1,1,"[{""assay"": ""CHEMBL3768919"", ""type"": ""EC50"", ""relation"": ""="", ""value_nm"": 1010.0, ""pactivity"": 6.0, ""doc"": ""CHEMBL3763030"", ""rule"": ""EC50 为标准化浓度型效力指标""}, {""assay"": ""CHEMBL3768919"", ""type"": ""EC50"", ""relation"": ""="", ""value_nm"": 255.0, ""pactivity"": 6.59, ""doc"": ""CHEMBL3763030"", ""rule"": ""EC50 为标准化浓度型效力指标""}, {""assay"": ""CHEMBL3768919"", ""type"": ""EC50"", ""relation"": ""="", ""value_nm"": 549.0, ""pactivity"": 6.26, ""doc"": ""CHEMBL3763030"", ""rule"": ""EC50 为标准化浓度型效力指标""}]",3,,,0,386.0,Emax@CHEMBL3768920,3,1,1,"[{""assay"": ""CHEMBL3768920"", ""type"": ""Emax"", ""scale"": ""percent"", ""value"": 205.5, ""units"": ""%"", ""doc"": ""CHEMBL3763030"", ""rule"": ""Emax 为激活幅度指标，按该 assay 内值域（max=716.4）判为 percent 尺度""}, {""assay"": ""CHEMBL3768920"", ""type"": ""Emax"", ""scale"": ""percent"", ""value"": 386, ""units"": ""%"", ""doc"": ""CHEMBL3763030"", ""rule"": ""Emax 为激活幅度指标，按该 assay 内值域（max=716.4）判为 percent 尺度""}, {""assay"": ""CHEMBL3768920"", ""type"": ""Emax"", ""scale"": ""percent"", ""value"": 265.7, ""units"": ""%"", ""doc"": ""CHEMBL3763030"", ""rule"": ""Emax 为激活幅度指标，按该 assay 内值域（max=716.4）判为 percent 尺度""}]",0,,0,,6,2,1,"[""CHEMBL3763030""]",2016,LITERATURE,0,不适用（可定量效力值不足 2 个 assay）,中,仅 1 篇文献支撑
CHEMBL379153,,Small molecule,,CC(C)Oc1cc(O[C@@H](C)c2ccccc2)cc(C(=O)Nc2ccc(C(=O)O)cn2)c1,HGGYPMJLRJNOMY-INIZCTEOSA-N,2,EC50:2,110.0,130.0,150.0,6.96,6.89,6.82,0.14,0,,0,2,2,"[{""assay"": ""CHEMBL1781588"", ""type"": ""EC50"", ""relation"": ""="", ""value_nm"": 150.0, ""pactivity"": 6.82, ""doc"": ""CHEMBL1777741"", ""rule"": ""EC50 为标准化浓度型效力指标""}, {""assay"": ""CHEMBL865109"", ""type"": ""EC50"", ""relation"": ""="", ""value_nm"": 110.0, ""pactivity"": 6.96, ""doc"": ""CHEMBL1147698"", ""rule"": ""EC50 为标准化浓度型效力指标""}]",0,,,0,,,0,0,0,,0,,0,,2,2,2,"[""CHEMBL1147698"", ""CHEMBL1777741""]",2006; 2011,LITERATURE,0,一致（pActivity 极差 0.14，3 倍以内）,强,
CHEMBL381434,,Small molecule,,CC(C)COc1cc(OC(C)C)cc(C(=O)Nc2ccc(C(=O)O)cn2)c1,RTMFZNZPHCZAFG-UHFFFAOYSA-N,1,EC50:1,570.0,570.0,570.0,6.24,6.24,6.24,,0,,0,1,1,"[{""assay"": ""CHEMBL840244"", ""type"": ""EC50"", ""relation"": ""="", ""value_nm"": 570.0, ""pactivity"": 6.24, ""doc"": ""CHEMBL1143537"", ""rule"": ""EC50 为标准化浓度型效力指标""}]",0,,,0,,,0,0,0,,0,,0,,1,1,1,"[""CHEMBL1143537""]",2005,LITERATURE,0,不适用（可定量效力值不足 2 个 assay）,弱,仅 1 篇文献支撑
CHEMBL3890502,,Small molecule,,O=C(Nc1ncc(Oc2cccc(CO)c2)s1)C(OC1CCOCC1)c1ccc(S(=O)(=O)C2CC2)cc1,DYFOIIONPREVID-UHFFFAOYSA-N,2,EC50:2,64.0,102.0,140.0,7.19,7.02,6.85,0.34,0,,0,1,1,"[{""assay"": ""CHEMBL3888434"", ""type"": ""EC50"", ""relation"": ""="", ""value_nm"": 140.0, ""pactivity"": 6.85, ""doc"": ""CHEMBL3886709"", ""rule"": ""EC50 为标准化浓度型效力指标""}, {""assay"": ""CHEMBL3888434"", ""type"": ""EC50"", ""relation"": ""="", ""value_nm"": 64.0, ""pactivity"": 7.19, ""doc"": ""CHEMBL3886709"", ""rule"": ""EC50 为标准化浓度型效力指标""}]",0,,,0,,,0,0,0,,0,,0,,2,1,1,"[""CHEMBL3886709""]",2016,BINDINGDB,0,不适用（可定量效力值不足 2 个 assay）,弱,仅 1 篇文献支撑
CHEMBL3890812,,Small molecule,,CCS(=O)(=O)c1ccc(Oc2cc3cc(-c4ccc(CCC(=O)O)cn4)[nH]c3cc2C2CCC(=O)N2C)cc1,ARTGXTATTOYSMA-UHFFFAOYSA-N,1,EC50:1,53.4,53.4,53.4,7.27,7.27,7.27,,0,,0,1,1,"[{""assay"": ""CHEMBL3889107"", ""type"": ""EC50"", ""relation"": ""="", ""value_nm"": 53.4, ""pactivity"": 7.27, ""doc"": ""CHEMBL3886944"", ""rule"": ""EC50 为标准化浓度型效力指标""}]",0,,,0,,,0,0,0,,0,,0,,1,1,1,"[""CHEMBL3886944""]",2016,BINDINGDB,0,不适用（可定量效力值不足 2 个 assay）,弱,仅 1 篇文献支撑
CHEMBL3891616,,Small molecule,,CN1C(=O)CCC1c1cc2[nH]c(-c3ccc(CC(C)(C)C(=O)O)cn3)cc2cc1Oc1ccc(S(C)(=O)=O)nc1,YYXISRAYPWBMSF-UHFFFAOYSA-N,1,EC50:1,108.1,108.1,108.1,6.97,6.97,6.97,,0,,0,1,1,"[{""assay"": ""CHEMBL3889107"", ""type"": ""EC50"", ""relation"": ""="", ""value_nm"": 108.1, ""pactivity"": 6.97, ""doc"": ""CHEMBL3886944"", ""rule"": ""EC50 为标准化浓度型效力指标""}]",0,,,0,,,0,0,0,,0,,0,,1,1,1,"[""CHEMBL3886944""]",2016,BINDINGDB,0,不适用（可定量效力值不足 2 个 assay）,弱,仅 1 篇文献支撑
CHEMBL3893442,,Small molecule,,COC(=O)CCc1ccc(Oc2cc3cc(-c4cnccn4)[nH]c3cc2C2CCC(=O)N2C)cc1,ZXCCXBKGJRIJQM-UHFFFAOYSA-N,1,EC50:1,2.1,2.1,2.1,8.68,8.68,8.68,,0,,0,1,1,"[{""assay"": ""CHEMBL3889107"", ""type"": ""EC50"", ""relation"": ""="", ""value_nm"": 2.1, ""pactivity"": 8.68, ""doc"": ""CHEMBL3886944"", ""rule"": ""EC50 为标准化浓度型效力指标""}]",0,,,0,,,0,0,0,,0,,0,,1,1,1,"[""CHEMBL3886944""]",2016,BINDINGDB,0,不适用（可定量效力值不足 2 个 assay）,弱,仅 1 篇文献支撑
CHEMBL3894527,,Small molecule,,CN1C(=O)CCC1c1cc2[nH]c(-c3ccc(C(F)(F)F)cn3)cc2cc1Oc1ccc(CC(=O)O)cc1,KHAOKYIHKOXNLF-UHFFFAOYSA-N,1,EC50:1,63.9,63.9,63.9,7.19,7.19,7.19,,0,,0,1,1,"[{""assay"": ""CHEMBL3889107"", ""type"": ""EC50"", ""relation"": ""="", ""value_nm"": 63.9, ""pactivity"": 7.19, ""doc"": ""CHEMBL3886944"", ""rule"": ""EC50 为标准化浓度型效力指标""}]",0,,,0,,,0,0,0,,0,,0,,1,1,1,"[""CHEMBL3886944""]",2016,BINDINGDB,0,不适用（可定量效力值不足 2 个 assay）,弱,仅 1 篇文献支撑
CHEMBL3895061,,Small molecule,,COC(=O)CCc1cnc(-c2cc3cc(Oc4ccc(S(C)(=O)=O)cc4)c(C4CCC(=O)N4C)cc3[nH]2)s1,UXTGZYGDERAYFO-UHFFFAOYSA-N,1,EC50:1,8.9,8.9,8.9,8.05,8.05,8.05,,0,,0,1,1,"[{""assay"": ""CHEMBL3889107"", ""type"": ""EC50"", ""relation"": ""="", ""value_nm"": 8.9, ""pactivity"": 8.05, ""doc"": ""CHEMBL3886944"", ""rule"": ""EC50 为标准化浓度型效力指标""}]",0,,,0,,,0,0,0,,0,,0,,1,1,1,"[""CHEMBL3886944""]",2016,BINDINGDB,0,不适用（可定量效力值不足 2 个 assay）,弱,仅 1 篇文献支撑
CHEMBL3896295,,Small molecule,,COC(=O)CCc1ccc(Oc2cc3cc(-c4ccc(C(F)(F)F)cn4)[nH]c3cc2C2CCC(=O)N2C)cc1,QZUDNIFAIJCFRT-UHFFFAOYSA-N,2,EC50:2,11.4,16.6,21.8,7.94,7.8,7.66,0.28,0,,0,1,1,"[{""assay"": ""CHEMBL3889107"", ""type"": ""EC50"", ""relation"": ""="", ""value_nm"": 21.8, ""pactivity"": 7.66, ""doc"": ""CHEMBL3886944"", ""rule"": ""EC50 为标准化浓度型效力指标""}, {""assay"": ""CHEMBL3889107"", ""type"": ""EC50"", ""relation"": ""="", ""value_nm"": 11.4, ""pactivity"": 7.94, ""doc"": ""CHEMBL3886944"", ""rule"": ""EC50 为标准化浓度型效力指标""}]",0,,,0,,,0,0,0,,0,,0,,2,1,1,"[""CHEMBL3886944""]",2016,BINDINGDB,0,不适用（可定量效力值不足 2 个 assay）,弱,仅 1 篇文献支撑
CHEMBL3900493,,Small molecule,,CN1C(=O)CCC1c1cc2[nH]c(-c3ccc(CCC(=O)O)cn3)cc2cc1Sc1ccccn1,KXWZQOHJKSTKBM-UHFFFAOYSA-N,2,EC50:2,234.1,1100.55,1967.0,6.63,6.17,5.71,0.92,0,,0,1,1,"[{""assay"": ""CHEMBL3889107"", ""type"": ""EC50"", ""relation"": ""="", ""value_nm"": 1967.0, ""pactivity"": 5.71, ""doc"": ""CHEMBL3886944"", ""rule"": ""EC50 为标准化浓度型效力指标""}, {""assay"": ""CHEMBL3889107"", ""type"": ""EC50"", ""relation"": ""="", ""value_nm"": 234.1, ""pactivity"": 6.63, ""doc"": ""CHEMBL3886944"", ""rule"": ""EC50 为标准化浓度型效力指标""}]",0,,,0,,,0,0,0,,0,,0,,2,1,1,"[""CHEMBL3886944""]",2016,BINDINGDB,0,不适用（可定量效力值不足 2 个 assay）,弱,仅 1 篇文献支撑
CHEMBL3901777,,Small molecule,,COC(=O)CCc1ccc(-c2cc3cc(Oc4ccc(S(C)(=O)=O)cc4)c(C4CCC(=O)N4C)cc3[nH]2)nc1,NUADJXKTKFXCAI-UHFFFAOYSA-N,2,EC50:2,3.8,14.2,24.6,8.42,8.015,7.61,0.81,0,,0,1,1,"[{""assay"": ""CHEMBL3889107"", ""type"": ""EC50"", ""relation"": ""="", ""value_nm"": 3.8, ""pactivity"": 8.42, ""doc"": ""CHEMBL3886944"", ""rule"": ""EC50 为标准化浓度型效力指标""}, {""assay"": ""CHEMBL3889107"", ""type"": ""EC50"", ""relation"": ""="", ""value_nm"": 24.6, ""pactivity"": 7.61, ""doc"": ""CHEMBL3886944"", ""rule"": ""EC50 为标准化浓度型效力指标""}]",0,,,0,,,0,0,0,,0,,0,,2,1,1,"[""CHEMBL3886944""]",2016,BINDINGDB,0,不适用（可定量效力值不足 2 个 assay）,弱,仅 1 篇文献支撑
CHEMBL3903108,,Small molecule,,O=C(O)c1cc(Oc2cnc(NC(=O)C(OC3CCOCC3)c3ccc(S(=O)(=O)C4CC4)cc3)s2)ccc1Cl,CGZJDKGLZVFVIQ-UHFFFAOYSA-N,1,EC50:1,480.0,480.0,480.0,6.32,6.32,6.32,,0,,0,1,1,"[{""assay"": ""CHEMBL3888434"", ""type"": ""EC50"", ""relation"": ""="", ""value_nm"": 480.0, ""pactivity"": 6.32, ""doc"": ""CHEMBL3886709"", ""rule"": ""EC50 为标准化浓度型效力指标""}]",0,,,0,,,0,0,0,,0,,0,,1,1,1,"[""CHEMBL3886709""]",2016,BINDINGDB,0,不适用（可定量效力值不足 2 个 assay）,弱,仅 1 篇文献支撑
CHEMBL3903467,,Small molecule,,CN1C(=O)CCC1c1cc2[nH]c(-c3ccc(OCC(=O)O)cn3)cc2cc1Oc1ccc(S(C)(=O)=O)nc1,HXKGFDJNFGEIBJ-UHFFFAOYSA-N,1,EC50:1,81.0,81.0,81.0,7.09,7.09,7.09,,0,,0,1,1,"[{""assay"": ""CHEMBL3889107"", ""type"": ""EC50"", ""relation"": ""="", ""value_nm"": 81.0, ""pactivity"": 7.09, ""doc"": ""CHEMBL3886944"", ""rule"": ""EC50 为标准化浓度型效力指标""}]",0,,,0,,,0,0,0,,0,,0,,1,1,1,"[""CHEMBL3886944""]",2016,BINDINGDB,0,不适用（可定量效力值不足 2 个 assay）,弱,仅 1 篇文献支撑
CHEMBL3905981,,Small molecule,,CN1C(=O)CCC1c1cc2[nH]c(-c3ncc(CCC(=O)O)s3)cc2cc1Oc1ccc(S(C)(=O)=O)cc1,FNCFDZBTDVDWNH-UHFFFAOYSA-N,1,EC50:1,66.7,66.7,66.7,7.18,7.18,7.18,,0,,0,1,1,"[{""assay"": ""CHEMBL3889107"", ""type"": ""EC50"", ""relation"": ""="", ""value_nm"": 66.7, ""pactivity"": 7.18, ""doc"": ""CHEMBL3886944"", ""rule"": ""EC50 为标准化浓度型效力指标""}]",0,,,0,,,0,0,0,,0,,0,,1,1,1,"[""CHEMBL3886944""]",2016,BINDINGDB,0,不适用（可定量效力值不足 2 个 assay）,弱,仅 1 篇文献支撑
CHEMBL3907860,,Small molecule,,CN1C(=O)CCC1c1cc2[nH]c(-c3ccccn3)cc2cc1Oc1ccc(CC(=O)O)cc1,KPCXHHRZCBNNKY-UHFFFAOYSA-N,1,EC50:1,23.8,23.8,23.8,7.62,7.62,7.62,,0,,0,1,1,"[{""assay"": ""CHEMBL3889107"", ""type"": ""EC50"", ""relation"": ""="", ""value_nm"": 23.8, ""pactivity"": 7.62, ""doc"": ""CHEMBL3886944"", ""rule"": ""EC50 为标准化浓度型效力指标""}]",0,,,0,,,0,0,0,,0,,0,,1,1,1,"[""CHEMBL3886944""]",2016,BINDINGDB,0,不适用（可定量效力值不足 2 个 assay）,弱,仅 1 篇文献支撑
CHEMBL3908170,,Small molecule,,Cc1cc(Oc2cnc(NC(=O)C(Oc3ccc(F)cc3F)c3ccc(S(=O)(=O)C4CC4)cc3)s2)ccc1C(=O)O,SZQNZELMHGHVQQ-UHFFFAOYSA-N,1,EC50:1,93.0,93.0,93.0,7.03,7.03,7.03,,0,,0,1,1,"[{""assay"": ""CHEMBL3888434"", ""type"": ""EC50"", ""relation"": ""="", ""value_nm"": 93.0, ""pactivity"": 7.03, ""doc"": ""CHEMBL3886709"", ""rule"": ""EC50 为标准化浓度型效力指标""}]",0,,,0,,,0,0,0,,0,,0,,1,1,1,"[""CHEMBL3886709""]",2016,BINDINGDB,0,不适用（可定量效力值不足 2 个 assay）,弱,仅 1 篇文献支撑
CHEMBL3908999,,Small molecule,,CN1C(=O)CCC1c1cc2[nH]c(-c3ccccn3)cc2cc1Oc1ccc(CCC(=O)O)cc1,VJEURJGBLQRRLX-UHFFFAOYSA-N,2,EC50:2,15.1,16.1,17.1,7.82,7.795,7.77,0.05,0,,0,1,1,"[{""assay"": ""CHEMBL3889107"", ""type"": ""EC50"", ""relation"": ""="", ""value_nm"": 17.1, ""pactivity"": 7.77, ""doc"": ""CHEMBL3886944"", ""rule"": ""EC50 为标准化浓度型效力指标""}, {""assay"": ""CHEMBL3889107"", ""type"": ""EC50"", ""relation"": ""="", ""value_nm"": 15.1, ""pactivity"": 7.82, ""doc"": ""CHEMBL3886944"", ""rule"": ""EC50 为标准化浓度型效力指标""}]",0,,,0,,,0,0,0,,0,,0,,2,1,1,"[""CHEMBL3886944""]",2016,BINDINGDB,0,不适用（可定量效力值不足 2 个 assay）,弱,仅 1 篇文献支撑
CHEMBL3909830,,Small molecule,,O=C(O)c1cc(Oc2cnc(NC(=O)C(OC3CCOCC3)c3ccc(S(=O)(=O)C4CC4)cc3)s2)ccc1F,XDQOODGVZHBLOQ-UHFFFAOYSA-N,1,EC50:1,270.0,270.0,270.0,6.57,6.57,6.57,,0,,0,1,1,"[{""assay"": ""CHEMBL3888434"", ""type"": ""EC50"", ""relation"": ""="", ""value_nm"": 270.0, ""pactivity"": 6.57, ""doc"": ""CHEMBL3886709"", ""rule"": ""EC50 为标准化浓度型效力指标""}]",0,,,0,,,0,0,0,,0,,0,,1,1,1,"[""CHEMBL3886709""]",2016,BINDINGDB,0,不适用（可定量效力值不足 2 个 assay）,弱,仅 1 篇文献支撑
CHEMBL3910047,,Small molecule,,O=C(Nc1ncc(C(O)CO)s1)C(Oc1ccc(F)cc1F)c1ccc(S(=O)(=O)C2CC2)cc1,YLJJXSIYNWGIFO-UHFFFAOYSA-N,1,EC50:1,1200.0,1200.0,1200.0,5.92,5.92,5.92,,0,,0,1,1,"[{""assay"": ""CHEMBL3888434"", ""type"": ""EC50"", ""relation"": ""="", ""value_nm"": 1200.0, ""pactivity"": 5.92, ""doc"": ""CHEMBL3886709"", ""rule"": ""EC50 为标准化浓度型效力指标""}]",0,,,0,,,0,0,0,,0,,0,,1,1,1,"[""CHEMBL3886709""]",2016,BINDINGDB,0,不适用（可定量效力值不足 2 个 assay）,弱,仅 1 篇文献支撑
CHEMBL3910810,,Small molecule,,CC(=O)N1CCCC1c1cc2[nH]c(-c3ccc(CCC(=O)O)cn3)cc2cc1Oc1ccc(C(=O)N2CCC2)nc1,WRRVNONPRGMMIN-UHFFFAOYSA-N,1,EC50:1,187.3,187.3,187.3,6.73,6.73,6.73,,0,,0,1,1,"[{""assay"": ""CHEMBL3889107"", ""type"": ""EC50"", ""relation"": ""="", ""value_nm"": 187.3, ""pactivity"": 6.73, ""doc"": ""CHEMBL3886944"", ""rule"": ""EC50 为标准化浓度型效力指标""}]",0,,,0,,,0,0,0,,0,,0,,1,1,1,"[""CHEMBL3886944""]",2016,BINDINGDB,0,不适用（可定量效力值不足 2 个 assay）,弱,仅 1 篇文献支撑
CHEMBL3911909,,Small molecule,,CN1C(=O)CCC1c1cc2[nH]c(-c3ncc(CCC(=O)O)s3)cc2cc1Oc1ccc(S(C)(=O)=O)nc1,WWSAOOIZYXPBPR-UHFFFAOYSA-N,1,EC50:1,68.8,68.8,68.8,7.16,7.16,7.16,,0,,0,1,1,"[{""assay"": ""CHEMBL3889107"", ""type"": ""EC50"", ""relation"": ""="", ""value_nm"": 68.8, ""pactivity"": 7.16, ""doc"": ""CHEMBL3886944"", ""rule"": ""EC50 为标准化浓度型效力指标""}]",0,,,0,,,0,0,0,,0,,0,,1,1,1,"[""CHEMBL3886944""]",2016,BINDINGDB,0,不适用（可定量效力值不足 2 个 assay）,弱,仅 1 篇文献支撑
CHEMBL3915099,,Small molecule,,O=C(O)c1cncc(Oc2cnc(NC(=O)C(OC3CCOCC3)c3ccc(S(=O)(=O)C4CC4)cc3)s2)c1,NNZGPYCIISHBOT-UHFFFAOYSA-N,1,EC50:1,290.0,290.0,290.0,6.54,6.54,6.54,,0,,0,1,1,"[{""assay"": ""CHEMBL3888434"", ""type"": ""EC50"", ""relation"": ""="", ""value_nm"": 290.0, ""pactivity"": 6.54, ""doc"": ""CHEMBL3886709"", ""rule"": ""EC50 为标准化浓度型效力指标""}]",0,,,0,,,0,0,0,,0,,0,,1,1,1,"[""CHEMBL3886709""]",2016,BINDINGDB,0,不适用（可定量效力值不足 2 个 assay）,弱,仅 1 篇文献支撑
CHEMBL3916212,,Small molecule,,CS(=O)(=O)c1ccc(Oc2cc3cc(-c4ccc(CCC(=O)O)cn4)[nH]c3nc2CN2CCCC2=O)cn1,LXDIYUQRDSIZEO-UHFFFAOYSA-N,1,EC50:1,533.1,533.1,533.1,6.27,6.27,6.27,,0,,0,1,1,"[{""assay"": ""CHEMBL3889107"", ""type"": ""EC50"", ""relation"": ""="", ""value_nm"": 533.1, ""pactivity"": 6.27, ""doc"": ""CHEMBL3886944"", ""rule"": ""EC50 为标准化浓度型效力指标""}]",0,,,0,,,0,0,0,,0,,0,,1,1,1,"[""CHEMBL3886944""]",2016,BINDINGDB,0,不适用（可定量效力值不足 2 个 assay）,弱,仅 1 篇文献支撑
CHEMBL3917932,,Small molecule,,CN1C(=O)CCC1c1cc2[nH]c(-c3ccccc3)cc2cc1Oc1ccc(CCC(=O)O)cc1,UCRAOTLBHOKJPK-UHFFFAOYSA-N,1,EC50:1,455.9,455.9,455.9,6.34,6.34,6.34,,0,,0,1,1,"[{""assay"": ""CHEMBL3889107"", ""type"": ""EC50"", ""relation"": ""="", ""value_nm"": 455.9, ""pactivity"": 6.34, ""doc"": ""CHEMBL3886944"", ""rule"": ""EC50 为标准化浓度型效力指标""}]",0,,,0,,,0,0,0,,0,,0,,1,1,1,"[""CHEMBL3886944""]",2016,BINDINGDB,0,不适用（可定量效力值不足 2 个 assay）,弱,仅 1 篇文献支撑
CHEMBL391800,,Small molecule,,COc1ccc(NC(=O)c2cc(Sc3nccn3C)c(F)cc2N)cc1,FMQITWDRHSUYEG-UHFFFAOYSA-N,1,EC50:1,1360.0,1360.0,1360.0,5.87,5.87,5.87,,0,,0,1,1,"[{""assay"": ""CHEMBL1042962"", ""type"": ""EC50"", ""relation"": ""="", ""value_nm"": 1360.0, ""pactivity"": 5.87, ""doc"": ""CHEMBL1152613"", ""rule"": ""EC50 为标准化浓度型效力指标""}]",1,2.01,FC@CHEMBL1042963,1,,,0,1,1,"[{""assay"": ""CHEMBL1042963"", ""type"": ""FC"", ""scale"": ""fold"", ""value"": 2.01, ""units"": null, ""doc"": ""CHEMBL1152613"", ""rule"": ""FC（fold change）为激活倍数""}]",0,,0,,2,2,1,"[""CHEMBL1152613""]",2009,LITERATURE,0,不适用（可定量效力值不足 2 个 assay）,中,仅 1 篇文献支撑
CHEMBL3918883,,Small molecule,,CCS(=O)(=O)c1ccc(Oc2cc3cc(-c4ccc(CCC(=O)OC)cn4)[nH]c3cc2C2CCC(=O)N2C)cc1,JZXCTHUPWKAKBH-UHFFFAOYSA-N,1,EC50:1,1.9,1.9,1.9,8.72,8.72,8.72,,0,,0,1,1,"[{""assay"": ""CHEMBL3889107"", ""type"": ""EC50"", ""relation"": ""="", ""value_nm"": 1.9, ""pactivity"": 8.72, ""doc"": ""CHEMBL3886944"", ""rule"": ""EC50 为标准化浓度型效力指标""}]",0,,,0,,,0,0,0,,0,,0,,1,1,1,"[""CHEMBL3886944""]",2016,BINDINGDB,0,不适用（可定量效力值不足 2 个 assay）,弱,仅 1 篇文献支撑
CHEMBL3924908,,Small molecule,,CC(C)(C)OC(=O)c1ccc(NC(=O)C(Oc2ccc(F)cc2F)c2ccc(S(=O)(=O)N3CCOCC3)cc2)nc1,GYLLZKDXSYRHKE-UHFFFAOYSA-N,1,EC50:1,,,,,,,,1,10000.0,0,1,1,"[{""assay"": ""CHEMBL3888434"", ""type"": ""EC50"", ""relation"": "">"", ""value_nm"": 10000.0, ""pactivity"": null, ""doc"": ""CHEMBL3886709"", ""rule"": ""EC50 为标准化浓度型效力指标""}]",0,,,0,,,0,0,0,,0,,0,,1,1,1,"[""CHEMBL3886709""]",2016,BINDINGDB,0,不适用（可定量效力值不足 2 个 assay）,弱,仅 1 篇文献支撑；1 条效力为删失值（>，最高浓度未达 EC50），未计入汇总；无可定量的效力或效能值
CHEMBL3925207,,Small molecule,,CS(=O)(=O)c1ccc(Oc2cc3cc(-c4ccc(CCC(=O)O)cn4)[nH]c3cc2Oc2ccccc2F)cc1,JQFMEOAUPURXEJ-UHFFFAOYSA-N,1,EC50:1,774.4,774.4,774.4,6.11,6.11,6.11,,0,,0,1,1,"[{""assay"": ""CHEMBL3889107"", ""type"": ""EC50"", ""relation"": ""="", ""value_nm"": 774.4, ""pactivity"": 6.11, ""doc"": ""CHEMBL3886944"", ""rule"": ""EC50 为标准化浓度型效力指标""}]",0,,,0,,,0,0,0,,0,,0,,1,1,1,"[""CHEMBL3886944""]",2016,BINDINGDB,0,不适用（可定量效力值不足 2 个 assay）,弱,仅 1 篇文献支撑
CHEMBL3927802,,Small molecule,,CCS(=O)(=O)c1ccc(Oc2cc3cc(-c4ccc(C(F)(F)F)cn4)[nH]c3cc2C2CCC(=O)N2CC(=O)O)cc1,KKHGVRBDEBHWFR-UHFFFAOYSA-N,1,EC50:1,797.2,797.2,797.2,6.1,6.1,6.1,,0,,0,1,1,"[{""assay"": ""CHEMBL3889107"", ""type"": ""EC50"", ""relation"": ""="", ""value_nm"": 797.2, ""pactivity"": 6.1, ""doc"": ""CHEMBL3886944"", ""rule"": ""EC50 为标准化浓度型效力指标""}]",0,,,0,,,0,0,0,,0,,0,,1,1,1,"[""CHEMBL3886944""]",2016,BINDINGDB,0,不适用（可定量效力值不足 2 个 assay）,弱,仅 1 篇文献支撑
CHEMBL3927808,,Small molecule,,O=C(O)c1cccc(Oc2cnc(NC(=O)C(OC3CCOCC3)c3ccc(S(=O)(=O)C4CCCC4)nc3)s2)c1,HWUFKTWVDBXXQN-UHFFFAOYSA-N,1,EC50:1,130.0,130.0,130.0,6.89,6.89,6.89,,0,,0,1,1,"[{""assay"": ""CHEMBL3888434"", ""type"": ""EC50"", ""relation"": ""="", ""value_nm"": 130.0, ""pactivity"": 6.89, ""doc"": ""CHEMBL3886709"", ""rule"": ""EC50 为标准化浓度型效力指标""}]",0,,,0,,,0,0,0,,0,,0,,1,1,1,"[""CHEMBL3886709""]",2016,BINDINGDB,0,不适用（可定量效力值不足 2 个 assay）,弱,仅 1 篇文献支撑
CHEMBL3932133,,Small molecule,,O=C(NC1CC1)c1ccc(Oc2cnc(NC(=O)C(OC3CCOCC3)c3ccc(S(=O)(=O)C4CC4)cc3)s2)cc1,IEQYVVOMJPQWIO-UHFFFAOYSA-N,1,EC50:1,130.0,130.0,130.0,6.89,6.89,6.89,,0,,0,1,1,"[{""assay"": ""CHEMBL3888434"", ""type"": ""EC50"", ""relation"": ""="", ""value_nm"": 130.0, ""pactivity"": 6.89, ""doc"": ""CHEMBL3886709"", ""rule"": ""EC50 为标准化浓度型效力指标""}]",0,,,0,,,0,0,0,,0,,0,,1,1,1,"[""CHEMBL3886709""]",2016,BINDINGDB,0,不适用（可定量效力值不足 2 个 assay）,弱,仅 1 篇文献支撑
CHEMBL3933809,,Small molecule,,Cc1cc(Oc2cnc(NC(=O)C(O[C@@H]3CCOC3)c3ccc(S(=O)(=O)C4CC4)cc3)s2)ccc1C(=O)O,VKFAKECKYCKINR-FKSKYRLFSA-N,1,EC50:1,380.0,380.0,380.0,6.42,6.42,6.42,,0,,0,1,1,"[{""assay"": ""CHEMBL3888434"", ""type"": ""EC50"", ""relation"": ""="", ""value_nm"": 380.0, ""pactivity"": 6.42, ""doc"": ""CHEMBL3886709"", ""rule"": ""EC50 为标准化浓度型效力指标""}]",0,,,0,,,0,0,0,,0,,0,,1,1,1,"[""CHEMBL3886709""]",2016,BINDINGDB,0,不适用（可定量效力值不足 2 个 assay）,弱,仅 1 篇文献支撑
CHEMBL3933975,,Small molecule,,CCOP(=O)(Cc1cnc(-c2cc3cc(Oc4ccc(S(C)(=O)=O)nc4)c(C4CCC(=O)N4C)cc3[nH]2)s1)OCC,ZEUHQIQPPULALU-UHFFFAOYSA-N,1,EC50:1,23.5,23.5,23.5,7.63,7.63,7.63,,0,,0,1,1,"[{""assay"": ""CHEMBL3889107"", ""type"": ""EC50"", ""relation"": ""="", ""value_nm"": 23.5, ""pactivity"": 7.63, ""doc"": ""CHEMBL3886944"", ""rule"": ""EC50 为标准化浓度型效力指标""}]",0,,,0,,,0,0,0,,0,,0,,1,1,1,"[""CHEMBL3886944""]",2016,BINDINGDB,0,不适用（可定量效力值不足 2 个 assay）,弱,仅 1 篇文献支撑
CHEMBL3937376,,Small molecule,,COc1ccc2nc(NC(=O)C(OC3CCOCC3)c3ccc(S(=O)(=O)N4CCOCC4)cc3)sc2n1,VYZGYEZFQIKYLI-UHFFFAOYSA-N,1,EC50:1,660.0,660.0,660.0,6.18,6.18,6.18,,0,,0,1,1,"[{""assay"": ""CHEMBL3888434"", ""type"": ""EC50"", ""relation"": ""="", ""value_nm"": 660.0, ""pactivity"": 6.18, ""doc"": ""CHEMBL3886709"", ""rule"": ""EC50 为标准化浓度型效力指标""}]",0,,,0,,,0,0,0,,0,,0,,1,1,1,"[""CHEMBL3886709""]",2016,BINDINGDB,0,不适用（可定量效力值不足 2 个 assay）,弱,仅 1 篇文献支撑
CHEMBL3937987,,Small molecule,,O=C(Nc1nc2ccc(C(O)CO)nc2s1)C(OC1CCOCC1)c1ccc(S(=O)(=O)C2CC2)cc1,YWNNAKBVGQMEGK-UHFFFAOYSA-N,1,EC50:1,1500.0,1500.0,1500.0,5.82,5.82,5.82,,0,,0,1,1,"[{""assay"": ""CHEMBL3888434"", ""type"": ""EC50"", ""relation"": ""="", ""value_nm"": 1500.0, ""pactivity"": 5.82, ""doc"": ""CHEMBL3886709"", ""rule"": ""EC50 为标准化浓度型效力指标""}]",0,,,0,,,0,0,0,,0,,0,,1,1,1,"[""CHEMBL3886709""]",2016,BINDINGDB,0,不适用（可定量效力值不足 2 个 assay）,弱,仅 1 篇文献支撑
CHEMBL3938603,,Small molecule,,O=C(Nc1nccs1)C(OC1CCOCC1)c1ccc(S(=O)(=O)C2CC2)cc1,BSRQEAFPJLXYDF-UHFFFAOYSA-N,1,EC50:1,1400.0,1400.0,1400.0,5.85,5.85,5.85,,0,,0,1,1,"[{""assay"": ""CHEMBL3888434"", ""type"": ""EC50"", ""relation"": ""="", ""value_nm"": 1400.0, ""pactivity"": 5.85, ""doc"": ""CHEMBL3886709"", ""rule"": ""EC50 为标准化浓度型效力指标""}]",0,,,0,,,0,0,0,,0,,0,,1,1,1,"[""CHEMBL3886709""]",2016,BINDINGDB,0,不适用（可定量效力值不足 2 个 assay）,弱,仅 1 篇文献支撑
CHEMBL3939712,,Small molecule,,O=C(O)Cc1nc(NC(=O)C(OC2CCOCC2)c2ccc(S(=O)(=O)N3CCCCC3)cc2)sc1Cl,DDJOLZFQFQSJDE-UHFFFAOYSA-N,2,EC50:2,420.0,770.0,1120.0,6.38,6.165,5.95,0.43,0,,0,1,1,"[{""assay"": ""CHEMBL3888434"", ""type"": ""EC50"", ""relation"": ""="", ""value_nm"": 1120.0, ""pactivity"": 5.95, ""doc"": ""CHEMBL3886709"", ""rule"": ""EC50 为标准化浓度型效力指标""}, {""assay"": ""CHEMBL3888434"", ""type"": ""EC50"", ""relation"": ""="", ""value_nm"": 420.0, ""pactivity"": 6.38, ""doc"": ""CHEMBL3886709"", ""rule"": ""EC50 为标准化浓度型效力指标""}]",0,,,0,,,0,0,0,,0,,0,,2,1,1,"[""CHEMBL3886709""]",2016,BINDINGDB,0,不适用（可定量效力值不足 2 个 assay）,弱,仅 1 篇文献支撑
CHEMBL3941597,,Small molecule,,Cc1cc(Oc2cnc(NC(=O)C(OC3CCOCC3)c3ccc(S(=O)(=O)C4CC4)cc3)s2)ccc1C(=O)O,UIORUVQTNVJGSM-UHFFFAOYSA-N,2,EC50:2,87.0,208.5,330.0,7.06,6.77,6.48,0.58,0,,0,1,1,"[{""assay"": ""CHEMBL3888434"", ""type"": ""EC50"", ""relation"": ""="", ""value_nm"": 87.0, ""pactivity"": 7.06, ""doc"": ""CHEMBL3886709"", ""rule"": ""EC50 为标准化浓度型效力指标""}, {""assay"": ""CHEMBL3888434"", ""type"": ""EC50"", ""relation"": ""="", ""value_nm"": 330.0, ""pactivity"": 6.48, ""doc"": ""CHEMBL3886709"", ""rule"": ""EC50 为标准化浓度型效力指标""}]",0,,,0,,,0,0,0,,0,,0,,2,1,1,"[""CHEMBL3886709""]",2016,BINDINGDB,0,不适用（可定量效力值不足 2 个 assay）,弱,仅 1 篇文献支撑
CHEMBL394709,,Small molecule,,Cn1ccnc1Sc1cc(C(=O)Nc2cccc(N)c2)c(N)cc1F,XZUOXUGTBFDKKR-UHFFFAOYSA-N,1,EC50:1,12560.0,12560.0,12560.0,4.9,4.9,4.9,,0,,0,1,1,"[{""assay"": ""CHEMBL1042962"", ""type"": ""EC50"", ""relation"": ""="", ""value_nm"": 12560.0, ""pactivity"": 4.9, ""doc"": ""CHEMBL1152613"", ""rule"": ""EC50 为标准化浓度型效力指标""}]",1,2.09,FC@CHEMBL1042963,1,,,0,1,1,"[{""assay"": ""CHEMBL1042963"", ""type"": ""FC"", ""scale"": ""fold"", ""value"": 2.09, ""units"": null, ""doc"": ""CHEMBL1152613"", ""rule"": ""FC（fold change）为激活倍数""}]",0,,0,,2,2,1,"[""CHEMBL1152613""]",2009,LITERATURE,0,不适用（可定量效力值不足 2 个 assay）,中,仅 1 篇文献支撑
CHEMBL394757,,Small molecule,,Cn1ccnc1Sc1cc(C(=O)Nc2cccc(C#N)c2)c(N)cc1F,KEHSDBPFYMTOPL-UHFFFAOYSA-N,1,EC50:1,2530.0,2530.0,2530.0,5.6,5.6,5.6,,0,,0,1,1,"[{""assay"": ""CHEMBL1042962"", ""type"": ""EC50"", ""relation"": ""="", ""value_nm"": 2530.0, ""pactivity"": 5.6, ""doc"": ""CHEMBL1152613"", ""rule"": ""EC50 为标准化浓度型效力指标""}]",1,1.95,FC@CHEMBL1042963,1,,,0,1,1,"[{""assay"": ""CHEMBL1042963"", ""type"": ""FC"", ""scale"": ""fold"", ""value"": 1.95, ""units"": null, ""doc"": ""CHEMBL1152613"", ""rule"": ""FC（fold change）为激活倍数""}]",0,,0,,2,2,1,"[""CHEMBL1152613""]",2009,LITERATURE,0,不适用（可定量效力值不足 2 个 assay）,中,仅 1 篇文献支撑
CHEMBL3951043,,Small molecule,,O=C(O)c1cc(Oc2cnc(NC(=O)C(OC3CCOCC3)c3ccc(S(=O)(=O)C4CC4)cc3)s2)ccn1,CPUDNQNBTYLALB-UHFFFAOYSA-N,1,EC50:1,570.0,570.0,570.0,6.24,6.24,6.24,,0,,0,1,1,"[{""assay"": ""CHEMBL3888434"", ""type"": ""EC50"", ""relation"": ""="", ""value_nm"": 570.0, ""pactivity"": 6.24, ""doc"": ""CHEMBL3886709"", ""rule"": ""EC50 为标准化浓度型效力指标""}]",0,,,0,,,0,0,0,,0,,0,,1,1,1,"[""CHEMBL3886709""]",2016,BINDINGDB,0,不适用（可定量效力值不足 2 个 assay）,弱,仅 1 篇文献支撑
CHEMBL3952021,,Small molecule,,O=C(O)c1cccc(Oc2cnc(NC(=O)C(OC3CCOCC3)c3ccc(S(=O)(=O)C4CCCC4)cc3)s2)c1,IJBAMLGZRHYSLD-UHFFFAOYSA-N,1,EC50:1,180.0,180.0,180.0,6.75,6.75,6.75,,0,,0,1,1,"[{""assay"": ""CHEMBL3888434"", ""type"": ""EC50"", ""relation"": ""="", ""value_nm"": 180.0, ""pactivity"": 6.75, ""doc"": ""CHEMBL3886709"", ""rule"": ""EC50 为标准化浓度型效力指标""}]",0,,,0,,,0,0,0,,0,,0,,1,1,1,"[""CHEMBL3886709""]",2016,BINDINGDB,0,不适用（可定量效力值不足 2 个 assay）,弱,仅 1 篇文献支撑
CHEMBL3952622,,Small molecule,,O=C(O)C1CCc2nc(NC(=O)C(OC3CCOCC3)c3ccc(S(=O)(=O)C4CC4)cc3)sc2C1,ZQJYEMRBJZEGPK-UHFFFAOYSA-N,1,EC50:1,3700.0,3700.0,3700.0,5.43,5.43,5.43,,0,,0,1,1,"[{""assay"": ""CHEMBL3888434"", ""type"": ""EC50"", ""relation"": ""="", ""value_nm"": 3700.0, ""pactivity"": 5.43, ""doc"": ""CHEMBL3886709"", ""rule"": ""EC50 为标准化浓度型效力指标""}]",0,,,0,,,0,0,0,,0,,0,,1,1,1,"[""CHEMBL3886709""]",2016,BINDINGDB,0,不适用（可定量效力值不足 2 个 assay）,弱,仅 1 篇文献支撑
CHEMBL3953779,,Small molecule,,CC(C)(C(=O)O)c1ccc(Oc2cnc(NC(=O)C(OC3CCOCC3)c3ccc(S(=O)(=O)C4CC4)cc3)s2)cc1,XSWRQJJJPKQFHZ-UHFFFAOYSA-N,1,EC50:1,94.0,94.0,94.0,7.03,7.03,7.03,,0,,0,1,1,"[{""assay"": ""CHEMBL3888434"", ""type"": ""EC50"", ""relation"": ""="", ""value_nm"": 94.0, ""pactivity"": 7.03, ""doc"": ""CHEMBL3886709"", ""rule"": ""EC50 为标准化浓度型效力指标""}]",0,,,0,,,0,0,0,,0,,0,,1,1,1,"[""CHEMBL3886709""]",2016,BINDINGDB,0,不适用（可定量效力值不足 2 个 assay）,弱,仅 1 篇文献支撑
CHEMBL3954336,,Small molecule,,O=C(O)c1cc(-c2ccc(Oc3cnc(NC(=O)C(OC4CCOCC4)c4ccc(S(=O)(=O)C5CC5)cc4)s3)cc2)no1,IWHHPRXEGJCVNG-UHFFFAOYSA-N,1,EC50:1,220.0,220.0,220.0,6.66,6.66,6.66,,0,,0,1,1,"[{""assay"": ""CHEMBL3888434"", ""type"": ""EC50"", ""relation"": ""="", ""value_nm"": 220.0, ""pactivity"": 6.66, ""doc"": ""CHEMBL3886709"", ""rule"": ""EC50 为标准化浓度型效力指标""}]",0,,,0,,,0,0,0,,0,,0,,1,1,1,"[""CHEMBL3886709""]",2016,BINDINGDB,0,不适用（可定量效力值不足 2 个 assay）,弱,仅 1 篇文献支撑
CHEMBL3954932,,Small molecule,,COc1cc(Oc2cnc(NC(=O)C(OC3CCOCC3)c3ccc(S(=O)(=O)C4CC4)cc3)s2)ccc1C(=O)O,XPJLZCPYRYBPQG-UHFFFAOYSA-N,1,EC50:1,270.0,270.0,270.0,6.57,6.57,6.57,,0,,0,1,1,"[{""assay"": ""CHEMBL3888434"", ""type"": ""EC50"", ""relation"": ""="", ""value_nm"": 270.0, ""pactivity"": 6.57, ""doc"": ""CHEMBL3886709"", ""rule"": ""EC50 为标准化浓度型效力指标""}]",0,,,0,,,0,0,0,,0,,0,,1,1,1,"[""CHEMBL3886709""]",2016,BINDINGDB,0,不适用（可定量效力值不足 2 个 assay）,弱,仅 1 篇文献支撑
CHEMBL3955232,,Small molecule,,COC(=O)Cc1csc(-c2cc3cc(Oc4ccc(S(C)(=O)=O)cc4)c(C4CCC(=O)N4C)cc3[nH]2)n1,SVXHHNPIUWQGRF-UHFFFAOYSA-N,1,EC50:1,65.1,65.1,65.1,7.19,7.19,7.19,,0,,0,1,1,"[{""assay"": ""CHEMBL3889107"", ""type"": ""EC50"", ""relation"": ""="", ""value_nm"": 65.1, ""pactivity"": 7.19, ""doc"": ""CHEMBL3886944"", ""rule"": ""EC50 为标准化浓度型效力指标""}]",0,,,0,,,0,0,0,,0,,0,,1,1,1,"[""CHEMBL3886944""]",2016,BINDINGDB,0,不适用（可定量效力值不足 2 个 assay）,弱,仅 1 篇文献支撑
CHEMBL3959646,,Small molecule,,O=C(O)c1ccc(NC(=O)C(Oc2ccc(Cl)cc2)c2ccc(S(=O)(=O)C3CC3)cc2)nc1,VICKYXCTCGJETM-UHFFFAOYSA-N,1,EC50:1,740.0,740.0,740.0,6.13,6.13,6.13,,0,,0,1,1,"[{""assay"": ""CHEMBL3888434"", ""type"": ""EC50"", ""relation"": ""="", ""value_nm"": 740.0, ""pactivity"": 6.13, ""doc"": ""CHEMBL3886709"", ""rule"": ""EC50 为标准化浓度型效力指标""}]",0,,,0,,,0,0,0,,0,,0,,1,1,1,"[""CHEMBL3886709""]",2016,BINDINGDB,0,不适用（可定量效力值不足 2 个 assay）,弱,仅 1 篇文献支撑
CHEMBL3960237,,Small molecule,,Cc1ccc(Oc2cnc(NC(=O)C(O[C@@H]3CCOC3)c3ccc(S(=O)(=O)C4CC4)cc3)s2)cc1C(=O)O,OXOLWOGFZIYWHO-FKSKYRLFSA-N,1,EC50:1,570.0,570.0,570.0,6.24,6.24,6.24,,0,,0,1,1,"[{""assay"": ""CHEMBL3888434"", ""type"": ""EC50"", ""relation"": ""="", ""value_nm"": 570.0, ""pactivity"": 6.24, ""doc"": ""CHEMBL3886709"", ""rule"": ""EC50 为标准化浓度型效力指标""}]",0,,,0,,,0,0,0,,0,,0,,1,1,1,"[""CHEMBL3886709""]",2016,BINDINGDB,0,不适用（可定量效力值不足 2 个 assay）,弱,仅 1 篇文献支撑
CHEMBL3960517,,Small molecule,,CN1C(=O)CCC1c1cc2[nH]c(-c3nc(CC(=O)O)cs3)cc2cc1Oc1ccc(S(C)(=O)=O)cc1,AGPHGILGVULVFC-UHFFFAOYSA-N,1,EC50:1,118.2,118.2,118.2,6.93,6.93,6.93,,0,,0,1,1,"[{""assay"": ""CHEMBL3889107"", ""type"": ""EC50"", ""relation"": ""="", ""value_nm"": 118.2, ""pactivity"": 6.93, ""doc"": ""CHEMBL3886944"", ""rule"": ""EC50 为标准化浓度型效力指标""}]",0,,,0,,,0,0,0,,0,,0,,1,1,1,"[""CHEMBL3886944""]",2016,BINDINGDB,0,不适用（可定量效力值不足 2 个 assay）,弱,仅 1 篇文献支撑
CHEMBL3961283,,Small molecule,,O=C(O)c1ccc(NC(=O)C(Oc2ccc(F)cc2F)c2ccc(S(=O)(=O)C3CC3)cc2)nc1,OAWSTKBFRCONGM-UHFFFAOYSA-N,1,EC50:1,480.0,480.0,480.0,6.32,6.32,6.32,,0,,0,1,1,"[{""assay"": ""CHEMBL3888434"", ""type"": ""EC50"", ""relation"": ""="", ""value_nm"": 480.0, ""pactivity"": 6.32, ""doc"": ""CHEMBL3886709"", ""rule"": ""EC50 为标准化浓度型效力指标""}]",0,,,0,,,0,0,0,,0,,0,,1,1,1,"[""CHEMBL3886709""]",2016,BINDINGDB,0,不适用（可定量效力值不足 2 个 assay）,弱,仅 1 篇文献支撑
CHEMBL3961301,,Small molecule,,CN1CCC(OC(C(=O)Nc2ncc(F)s2)c2ccc(S(=O)(=O)C3CC3)cc2)CC1,JXZNXEIFUBBDLS-UHFFFAOYSA-N,1,EC50:1,,,,,,,,1,10000.0,0,1,1,"[{""assay"": ""CHEMBL3888434"", ""type"": ""EC50"", ""relation"": "">"", ""value_nm"": 10000.0, ""pactivity"": null, ""doc"": ""CHEMBL3886709"", ""rule"": ""EC50 为标准化浓度型效力指标""}]",0,,,0,,,0,0,0,,0,,0,,1,1,1,"[""CHEMBL3886709""]",2016,BINDINGDB,0,不适用（可定量效力值不足 2 个 assay）,弱,仅 1 篇文献支撑；1 条效力为删失值（>，最高浓度未达 EC50），未计入汇总；无可定量的效力或效能值
CHEMBL3965916,,Small molecule,,CN1C(=O)CCC1c1cc2[nH]c(-c3cnccn3)cc2cc1Oc1ccc(CCC(=O)O)cc1,JFTRCCDTVNJVPP-UHFFFAOYSA-N,1,EC50:1,39.1,39.1,39.1,7.41,7.41,7.41,,0,,0,1,1,"[{""assay"": ""CHEMBL3889107"", ""type"": ""EC50"", ""relation"": ""="", ""value_nm"": 39.1, ""pactivity"": 7.41, ""doc"": ""CHEMBL3886944"", ""rule"": ""EC50 为标准化浓度型效力指标""}]",0,,,0,,,0,0,0,,0,,0,,1,1,1,"[""CHEMBL3886944""]",2016,BINDINGDB,0,不适用（可定量效力值不足 2 个 assay）,弱,仅 1 篇文献支撑
CHEMBL3965982,,Small molecule,,O=C(O)c1cnn(-c2cnc(NC(=O)C(OC3CCOCC3)c3ccc(S(=O)(=O)C4CC4)cc3)s2)c1,KSJFKHLJXJYXBO-UHFFFAOYSA-N,1,EC50:1,300.0,300.0,300.0,6.52,6.52,6.52,,0,,0,1,1,"[{""assay"": ""CHEMBL3888434"", ""type"": ""EC50"", ""relation"": ""="", ""value_nm"": 300.0, ""pactivity"": 6.52, ""doc"": ""CHEMBL3886709"", ""rule"": ""EC50 为标准化浓度型效力指标""}]",0,,,0,,,0,0,0,,0,,0,,1,1,1,"[""CHEMBL3886709""]",2016,BINDINGDB,0,不适用（可定量效力值不足 2 个 assay）,弱,仅 1 篇文献支撑
CHEMBL3966487,,Small molecule,,CN1C(=O)CCC1c1cc2[nH]c(-c3ccc(CCC(=O)O)cn3)cc2cc1Oc1ccc(S(C)(=O)=O)cc1,XYJYFORPIPUOLC-UHFFFAOYSA-N,2,EC50:2,51.5,81.4,111.3,7.29,7.12,6.95,0.34,0,,0,1,1,"[{""assay"": ""CHEMBL3889107"", ""type"": ""EC50"", ""relation"": ""="", ""value_nm"": 51.5, ""pactivity"": 7.29, ""doc"": ""CHEMBL3886944"", ""rule"": ""EC50 为标准化浓度型效力指标""}, {""assay"": ""CHEMBL3889107"", ""type"": ""EC50"", ""relation"": ""="", ""value_nm"": 111.3, ""pactivity"": 6.95, ""doc"": ""CHEMBL3886944"", ""rule"": ""EC50 为标准化浓度型效力指标""}]",0,,,0,,,0,0,0,,0,,0,,2,1,1,"[""CHEMBL3886944""]",2016,BINDINGDB,0,不适用（可定量效力值不足 2 个 assay）,弱,仅 1 篇文献支撑
CHEMBL3968166,,Small molecule,,O=C(Nc1ncc(F)s1)C(OC1CCOCC1)c1ccc(S(=O)(=O)N2CCOCC2)cc1,ZIVKNTQDGNBUFX-UHFFFAOYSA-N,1,EC50:1,950.0,950.0,950.0,6.02,6.02,6.02,,0,,0,1,1,"[{""assay"": ""CHEMBL3888434"", ""type"": ""EC50"", ""relation"": ""="", ""value_nm"": 950.0, ""pactivity"": 6.02, ""doc"": ""CHEMBL3886709"", ""rule"": ""EC50 为标准化浓度型效力指标""}]",0,,,0,,,0,0,0,,0,,0,,1,1,1,"[""CHEMBL3886709""]",2016,BINDINGDB,0,不适用（可定量效力值不足 2 个 assay）,弱,仅 1 篇文献支撑
CHEMBL3969091,,Small molecule,,COC(=O)CCc1ccc(Oc2cc3cc(-c4ccccn4)[nH]c3cc2C2CCC(=O)N2C)cc1,JISSSUZJBZNTDE-UHFFFAOYSA-N,1,EC50:1,4.3,4.3,4.3,8.37,8.37,8.37,,0,,0,1,1,"[{""assay"": ""CHEMBL3889107"", ""type"": ""EC50"", ""relation"": ""="", ""value_nm"": 4.3, ""pactivity"": 8.37, ""doc"": ""CHEMBL3886944"", ""rule"": ""EC50 为标准化浓度型效力指标""}]",0,,,0,,,0,0,0,,0,,0,,1,1,1,"[""CHEMBL3886944""]",2016,BINDINGDB,0,不适用（可定量效力值不足 2 个 assay）,弱,仅 1 篇文献支撑
CHEMBL3970863,,Small molecule,,CN1C(=O)CCC1c1cc2[nH]c(-c3ccc(C(F)(F)F)cn3)cc2cc1Oc1ccc(CCC(=O)O)cc1,WPGQTUWWDVWSBZ-UHFFFAOYSA-N,2,EC50:2,36.4,42.2,48.0,7.44,7.38,7.32,0.12,0,,0,1,1,"[{""assay"": ""CHEMBL3889107"", ""type"": ""EC50"", ""relation"": ""="", ""value_nm"": 36.4, ""pactivity"": 7.44, ""doc"": ""CHEMBL3886944"", ""rule"": ""EC50 为标准化浓度型效力指标""}, {""assay"": ""CHEMBL3889107"", ""type"": ""EC50"", ""relation"": ""="", ""value_nm"": 48.0, ""pactivity"": 7.32, ""doc"": ""CHEMBL3886944"", ""rule"": ""EC50 为标准化浓度型效力指标""}]",0,,,0,,,0,0,0,,0,,0,,2,1,1,"[""CHEMBL3886944""]",2016,BINDINGDB,0,不适用（可定量效力值不足 2 个 assay）,弱,仅 1 篇文献支撑
CHEMBL3971117,,Small molecule,,COCc1ccc(Oc2cc3cc(-c4ccc(CCC(=O)O)cn4)[nH]c3cc2C2CCC(=O)N2C)cn1,WYYQNYCKTMDCDD-UHFFFAOYSA-N,1,EC50:1,71.8,71.8,71.8,7.14,7.14,7.14,,0,,0,1,1,"[{""assay"": ""CHEMBL3889107"", ""type"": ""EC50"", ""relation"": ""="", ""value_nm"": 71.8, ""pactivity"": 7.14, ""doc"": ""CHEMBL3886944"", ""rule"": ""EC50 为标准化浓度型效力指标""}]",0,,,0,,,0,0,0,,0,,0,,1,1,1,"[""CHEMBL3886944""]",2016,BINDINGDB,0,不适用（可定量效力值不足 2 个 assay）,弱,仅 1 篇文献支撑
CHEMBL3971192,,Small molecule,,O=C(Nc1ncc(-n2cccn2)s1)C(Oc1ccc(F)cc1F)c1ccc(S(=O)(=O)C2CC2)cc1,LACMPBISTMFOKD-UHFFFAOYSA-N,2,EC50:2,260.0,450.0,640.0,6.58,6.385,6.19,0.39,0,,0,1,1,"[{""assay"": ""CHEMBL3888434"", ""type"": ""EC50"", ""relation"": ""="", ""value_nm"": 260.0, ""pactivity"": 6.58, ""doc"": ""CHEMBL3886709"", ""rule"": ""EC50 为标准化浓度型效力指标""}, {""assay"": ""CHEMBL3888434"", ""type"": ""EC50"", ""relation"": ""="", ""value_nm"": 640.0, ""pactivity"": 6.19, ""doc"": ""CHEMBL3886709"", ""rule"": ""EC50 为标准化浓度型效力指标""}]",0,,,0,,,0,0,0,,0,,0,,2,1,1,"[""CHEMBL3886709""]",2016,BINDINGDB,0,不适用（可定量效力值不足 2 个 assay）,弱,仅 1 篇文献支撑
CHEMBL3971630,,Small molecule,,COC(=O)CCc1ccc(-c2cc3cc(Sc4ccccn4)c(C4CCC(=O)N4C)cc3[nH]2)nc1,GYUSRAUGILHWCA-UHFFFAOYSA-N,3,EC50:3,157.3,281.1,709.6,6.8,6.55,6.15,0.65,0,,0,1,1,"[{""assay"": ""CHEMBL3889107"", ""type"": ""EC50"", ""relation"": ""="", ""value_nm"": 281.1, ""pactivity"": 6.55, ""doc"": ""CHEMBL3886944"", ""rule"": ""EC50 为标准化浓度型效力指标""}, {""assay"": ""CHEMBL3889107"", ""type"": ""EC50"", ""relation"": ""="", ""value_nm"": 157.3, ""pactivity"": 6.8, ""doc"": ""CHEMBL3886944"", ""rule"": ""EC50 为标准化浓度型效力指标""}, {""assay"": ""CHEMBL3889107"", ""type"": ""EC50"", ""relation"": ""="", ""value_nm"": 709.6, ""pactivity"": 6.15, ""doc"": ""CHEMBL3886944"", ""rule"": ""EC50 为标准化浓度型效力指标""}]",0,,,0,,,0,0,0,,0,,0,,3,1,1,"[""CHEMBL3886944""]",2016,BINDINGDB,0,不适用（可定量效力值不足 2 个 assay）,弱,仅 1 篇文献支撑
CHEMBL3971914,,Small molecule,,O=C(O)c1cccc(Oc2cnc(NC(=O)C(O[C@H]3CCOC3)c3ccc(S(=O)(=O)C4CC4)cc3)s2)c1,JHRRHOKUMZTXIF-HXBUSHRASA-N,1,EC50:1,200.0,200.0,200.0,6.7,6.7,6.7,,0,,0,1,1,"[{""assay"": ""CHEMBL3888434"", ""type"": ""EC50"", ""relation"": ""="", ""value_nm"": 200.0, ""pactivity"": 6.7, ""doc"": ""CHEMBL3886709"", ""rule"": ""EC50 为标准化浓度型效力指标""}]",0,,,0,,,0,0,0,,0,,0,,1,1,1,"[""CHEMBL3886709""]",2016,BINDINGDB,0,不适用（可定量效力值不足 2 个 assay）,弱,仅 1 篇文献支撑
CHEMBL3972850,,Small molecule,,CCS(=O)(=O)c1ccc(Oc2cc3cc(-c4ccc(P(C)(=O)O)cn4)[nH]c3cc2C2CCC(=O)N2C)cc1,LYROTOTZJDQGBL-UHFFFAOYSA-N,1,EC50:1,53.6,53.6,53.6,7.27,7.27,7.27,,0,,0,1,1,"[{""assay"": ""CHEMBL3889107"", ""type"": ""EC50"", ""relation"": ""="", ""value_nm"": 53.6, ""pactivity"": 7.27, ""doc"": ""CHEMBL3886944"", ""rule"": ""EC50 为标准化浓度型效力指标""}]",0,,,0,,,0,0,0,,0,,0,,1,1,1,"[""CHEMBL3886944""]",2016,BINDINGDB,0,不适用（可定量效力值不足 2 个 assay）,弱,仅 1 篇文献支撑
CHEMBL3975134,,Small molecule,,O=C(O)c1ccc(Oc2cnc(NC(=O)C(OC3CCOCC3)c3ccc(S(=O)(=O)C4CC4)cc3)s2)cc1Cl,DSXWXPSXXOQMMD-UHFFFAOYSA-N,1,EC50:1,590.0,590.0,590.0,6.23,6.23,6.23,,0,,0,1,1,"[{""assay"": ""CHEMBL3888434"", ""type"": ""EC50"", ""relation"": ""="", ""value_nm"": 590.0, ""pactivity"": 6.23, ""doc"": ""CHEMBL3886709"", ""rule"": ""EC50 为标准化浓度型效力指标""}]",0,,,0,,,0,0,0,,0,,0,,1,1,1,"[""CHEMBL3886709""]",2016,BINDINGDB,0,不适用（可定量效力值不足 2 个 assay）,弱,仅 1 篇文献支撑
CHEMBL3976898,,Small molecule,,CCOC(=O)c1cccc(Oc2cnc(NC(=O)C(OC3CCOCC3)c3ccc(S(=O)(=O)C4CC4)cc3)s2)c1,KEQZCFPPVXWESH-UHFFFAOYSA-N,1,EC50:1,100.0,100.0,100.0,7.0,7.0,7.0,,0,,0,1,1,"[{""assay"": ""CHEMBL3888434"", ""type"": ""EC50"", ""relation"": ""="", ""value_nm"": 100.0, ""pactivity"": 7.0, ""doc"": ""CHEMBL3886709"", ""rule"": ""EC50 为标准化浓度型效力指标""}]",0,,,0,,,0,0,0,,0,,0,,1,1,1,"[""CHEMBL3886709""]",2016,BINDINGDB,0,不适用（可定量效力值不足 2 个 assay）,弱,仅 1 篇文献支撑
CHEMBL3977813,,Small molecule,,COC(=O)CCc1ccc(-c2cc3cc(Oc4ccc(C(=O)N5CCC5)nc4)c(C4CCCN4C(C)=O)cc3[nH]2)nc1,WZPHLGMCGBKLTQ-UHFFFAOYSA-N,1,EC50:1,13.9,13.9,13.9,7.86,7.86,7.86,,0,,0,1,1,"[{""assay"": ""CHEMBL3889107"", ""type"": ""EC50"", ""relation"": ""="", ""value_nm"": 13.9, ""pactivity"": 7.86, ""doc"": ""CHEMBL3886944"", ""rule"": ""EC50 为标准化浓度型效力指标""}]",0,,,0,,,0,0,0,,0,,0,,1,1,1,"[""CHEMBL3886944""]",2016,BINDINGDB,0,不适用（可定量效力值不足 2 个 assay）,弱,仅 1 篇文献支撑
CHEMBL3978176,,Small molecule,,O=C(Nc1ncc(Oc2ccc(CO)cc2)s1)C(OC1CCOCC1)c1ccc(S(=O)(=O)C2CC2)cc1,AYYYOGLTNGCDLF-UHFFFAOYSA-N,1,EC50:1,100.0,100.0,100.0,7.0,7.0,7.0,,0,,0,1,1,"[{""assay"": ""CHEMBL3888434"", ""type"": ""EC50"", ""relation"": ""="", ""value_nm"": 100.0, ""pactivity"": 7.0, ""doc"": ""CHEMBL3886709"", ""rule"": ""EC50 为标准化浓度型效力指标""}]",0,,,0,,,0,0,0,,0,,0,,1,1,1,"[""CHEMBL3886709""]",2016,BINDINGDB,0,不适用（可定量效力值不足 2 个 assay）,弱,仅 1 篇文献支撑
CHEMBL3979297,,Small molecule,,COC(=O)Cc1ccc(Oc2cc3cc(-c4ccccn4)[nH]c3cc2C2CCC(=O)N2C)cc1,QKCSVBTZZNFVST-UHFFFAOYSA-N,1,EC50:1,21.0,21.0,21.0,7.68,7.68,7.68,,0,,0,1,1,"[{""assay"": ""CHEMBL3889107"", ""type"": ""EC50"", ""relation"": ""="", ""value_nm"": 21.0, ""pactivity"": 7.68, ""doc"": ""CHEMBL3886944"", ""rule"": ""EC50 为标准化浓度型效力指标""}]",0,,,0,,,0,0,0,,0,,0,,1,1,1,"[""CHEMBL3886944""]",2016,BINDINGDB,0,不适用（可定量效力值不足 2 个 assay）,弱,仅 1 篇文献支撑
CHEMBL3979353,,Small molecule,,O=C(O)c1cccc(Oc2cnc(NC(=O)C(OC3CCOCC3)c3ccc(S(=O)(=O)C4CC4)cc3)s2)c1,LLUUBGDHWCFYLV-UHFFFAOYSA-N,1,EC50:1,190.0,190.0,190.0,6.72,6.72,6.72,,0,,0,1,1,"[{""assay"": ""CHEMBL3888434"", ""type"": ""EC50"", ""relation"": ""="", ""value_nm"": 190.0, ""pactivity"": 6.72, ""doc"": ""CHEMBL3886709"", ""rule"": ""EC50 为标准化浓度型效力指标""}]",0,,,0,,,0,0,0,,0,,0,,1,1,1,"[""CHEMBL3886709""]",2016,BINDINGDB,0,不适用（可定量效力值不足 2 个 assay）,弱,仅 1 篇文献支撑
CHEMBL3982875,,Small molecule,,CN1C(=O)CCC1c1cc2[nH]c(-c3nc(CC(=O)O)c(Cl)s3)cc2cc1Oc1ccc(S(C)(=O)=O)nc1,AWFVQPALBXMUDB-UHFFFAOYSA-N,1,EC50:1,49.1,49.1,49.1,7.31,7.31,7.31,,0,,0,1,1,"[{""assay"": ""CHEMBL3889107"", ""type"": ""EC50"", ""relation"": ""="", ""value_nm"": 49.1, ""pactivity"": 7.31, ""doc"": ""CHEMBL3886944"", ""rule"": ""EC50 为标准化浓度型效力指标""}]",0,,,0,,,0,0,0,,0,,0,,1,1,1,"[""CHEMBL3886944""]",2016,BINDINGDB,0,不适用（可定量效力值不足 2 个 assay）,弱,仅 1 篇文献支撑
CHEMBL3983552,,Small molecule,,Cc1ccc(Oc2cnc(NC(=O)C(OC3CCOCC3)c3ccc(S(=O)(=O)C4CC4)cc3)s2)cc1C(=O)O,FPGQCZFZEUYEMS-UHFFFAOYSA-N,1,EC50:1,230.0,230.0,230.0,6.64,6.64,6.64,,0,,0,1,1,"[{""assay"": ""CHEMBL3888434"", ""type"": ""EC50"", ""relation"": ""="", ""value_nm"": 230.0, ""pactivity"": 6.64, ""doc"": ""CHEMBL3886709"", ""rule"": ""EC50 为标准化浓度型效力指标""}]",0,,,0,,,0,0,0,,0,,0,,1,1,1,"[""CHEMBL3886709""]",2016,BINDINGDB,0,不适用（可定量效力值不足 2 个 assay）,弱,仅 1 篇文献支撑
CHEMBL3983869,,Small molecule,,CN1C(=O)CCC1c1cc2[nH]c(-c3nc(CC(=O)O)c(Cl)s3)cc2cc1Oc1ccc(S(C)(=O)=O)cc1,MEGWWHSKCPGNAB-UHFFFAOYSA-N,1,EC50:1,47.4,47.4,47.4,7.32,7.32,7.32,,0,,0,1,1,"[{""assay"": ""CHEMBL3889107"", ""type"": ""EC50"", ""relation"": ""="", ""value_nm"": 47.4, ""pactivity"": 7.32, ""doc"": ""CHEMBL3886944"", ""rule"": ""EC50 为标准化浓度型效力指标""}]",0,,,0,,,0,0,0,,0,,0,,1,1,1,"[""CHEMBL3886944""]",2016,BINDINGDB,0,不适用（可定量效力值不足 2 个 assay）,弱,仅 1 篇文献支撑
CHEMBL3985968,,Small molecule,,CN1C(=O)CCC1c1cc2[nH]c(-c3ccc(C(=O)NCCC(=O)O)cn3)cc2cc1Oc1ccc(S(C)(=O)=O)nc1,QOZCKIUIQZJKPF-UHFFFAOYSA-N,1,EC50:1,116.2,116.2,116.2,6.93,6.93,6.93,,0,,0,1,1,"[{""assay"": ""CHEMBL3889107"", ""type"": ""EC50"", ""relation"": ""="", ""value_nm"": 116.2, ""pactivity"": 6.93, ""doc"": ""CHEMBL3886944"", ""rule"": ""EC50 为标准化浓度型效力指标""}]",0,,,0,,,0,0,0,,0,,0,,1,1,1,"[""CHEMBL3886944""]",2016,BINDINGDB,0,不适用（可定量效力值不足 2 个 assay）,弱,仅 1 篇文献支撑
CHEMBL4060445,,Small molecule,,O=C(Nc1ncc(Cl)s1)[C@H](CC1CCOCC1)n1cc(S(=O)(=O)C2CC2)cn1,CFAZNSRHYWJWBC-AWEZNQCLSA-N,1,EC50:1,2000.0,2000.0,2000.0,5.7,5.7,5.7,,0,,0,1,1,"[{""assay"": ""CHEMBL4022283"", ""type"": ""EC50"", ""relation"": ""="", ""value_nm"": 2000.0, ""pactivity"": 5.7, ""doc"": ""CHEMBL4020781"", ""rule"": ""EC50 为标准化浓度型效力指标""}]",1,,,0,35.0,%max@CHEMBL4022294,1,1,1,"[{""assay"": ""CHEMBL4022294"", ""type"": ""%max"", ""scale"": ""percent"", ""value"": 35, ""units"": ""%"", ""doc"": ""CHEMBL4020781"", ""rule"": ""%max 为激活幅度指标，按该 assay 内值域（max=100.0）判为 percent 尺度""}]",0,,0,,2,2,1,"[""CHEMBL4020781""]",2017,LITERATURE,0,不适用（可定量效力值不足 2 个 assay）,中,仅 1 篇文献支撑
CHEMBL4060580,,Small molecule,,Cc1ccc(NC(=O)C(CC2CCOCC2)n2ncc3c(S(=O)(=O)C4CC4)cccc32)nn1,KPRQPTJCLNSJOG-UHFFFAOYSA-N,1,EC50:1,7900.0,7900.0,7900.0,5.1,5.1,5.1,,0,,0,1,1,"[{""assay"": ""CHEMBL4022283"", ""type"": ""EC50"", ""relation"": ""="", ""value_nm"": 7900.0, ""pactivity"": 5.1, ""doc"": ""CHEMBL4020781"", ""rule"": ""EC50 为标准化浓度型效力指标""}]",1,,,0,50.0,%max@CHEMBL4022294,1,1,1,"[{""assay"": ""CHEMBL4022294"", ""type"": ""%max"", ""scale"": ""percent"", ""value"": 50, ""units"": ""%"", ""doc"": ""CHEMBL4020781"", ""rule"": ""%max 为激活幅度指标，按该 assay 内值域（max=100.0）判为 percent 尺度""}]",0,,0,,2,2,1,"[""CHEMBL4020781""]",2017,LITERATURE,0,不适用（可定量效力值不足 2 个 assay）,中,仅 1 篇文献支撑
CHEMBL4062363,,Small molecule,,COc1ccc(Sc2ccc(Sc3nncn3C)nc2C(=O)Nc2ncc(SCC(=O)O)s2)cc1,MJHNYEFAOUYNSZ-UHFFFAOYSA-N,1,EC50:1,51.5,51.5,51.5,7.29,7.29,7.29,,0,,0,1,1,"[{""assay"": ""CHEMBL4014791"", ""type"": ""EC50"", ""relation"": ""="", ""value_nm"": 51.5, ""pactivity"": 7.29, ""doc"": ""CHEMBL4014286"", ""rule"": ""EC50 为标准化浓度型效力指标""}]",1,,,0,154.0,%max@CHEMBL4014792,1,1,1,"[{""assay"": ""CHEMBL4014792"", ""type"": ""%max"", ""scale"": ""percent"", ""value"": 154, ""units"": ""%"", ""doc"": ""CHEMBL4014286"", ""rule"": ""%max 为激活幅度指标，按该 assay 内值域（max=193.0）判为 percent 尺度""}]",0,,0,,2,2,1,"[""CHEMBL4014286""]",2017,LITERATURE,0,不适用（可定量效力值不足 2 个 assay）,中,仅 1 篇文献支撑
CHEMBL4062882,,Small molecule,,O=C(Nc1ncc(F)s1)[C@H](CC1CCOCC1)n1ncc2c(S(=O)(=O)C3CC3)cc(O)cc21,UKFJOAZAZSQUJZ-KRWDZBQOSA-N,1,EC50:1,100.0,100.0,100.0,7.0,7.0,7.0,,0,,0,1,1,"[{""assay"": ""CHEMBL4022283"", ""type"": ""EC50"", ""relation"": ""="", ""value_nm"": 100.0, ""pactivity"": 7.0, ""doc"": ""CHEMBL4020781"", ""rule"": ""EC50 为标准化浓度型效力指标""}]",1,,,0,96.0,%max@CHEMBL4022294,1,1,1,"[{""assay"": ""CHEMBL4022294"", ""type"": ""%max"", ""scale"": ""percent"", ""value"": 96, ""units"": ""%"", ""doc"": ""CHEMBL4020781"", ""rule"": ""%max 为激活幅度指标，按该 assay 内值域（max=100.0）判为 percent 尺度""}]",0,,0,,2,2,1,"[""CHEMBL4020781""]",2017,LITERATURE,0,不适用（可定量效力值不足 2 个 assay）,中,仅 1 篇文献支撑
CHEMBL4063218,,Small molecule,,O=C(Nc1ncc(F)s1)[C@H](CC1CCCC1)n1cc(S(=O)(=O)C2CC2)cn1,YMVDUCJXAHZEJX-AWEZNQCLSA-N,1,EC50:1,630.0,630.0,630.0,6.2,6.2,6.2,,0,,0,1,1,"[{""assay"": ""CHEMBL4022283"", ""type"": ""EC50"", ""relation"": ""="", ""value_nm"": 630.0, ""pactivity"": 6.2, ""doc"": ""CHEMBL4020781"", ""rule"": ""EC50 为标准化浓度型效力指标""}]",1,,,0,73.0,%max@CHEMBL4022294,1,1,1,"[{""assay"": ""CHEMBL4022294"", ""type"": ""%max"", ""scale"": ""percent"", ""value"": 73, ""units"": ""%"", ""doc"": ""CHEMBL4020781"", ""rule"": ""%max 为激活幅度指标，按该 assay 内值域（max=100.0）判为 percent 尺度""}]",0,,0,,2,2,1,"[""CHEMBL4020781""]",2017,LITERATURE,0,不适用（可定量效力值不足 2 个 assay）,中,仅 1 篇文献支撑
CHEMBL4063355,,Small molecule,,O=C(Nc1cnccn1)[C@H](CC1CCOCC1)n1ncc2c(S(=O)(=O)C3CC3)cccc21,GHELKQXDVLJGBS-IBGZPJMESA-N,1,EC50:1,790.0,790.0,790.0,6.1,6.1,6.1,,0,,0,1,1,"[{""assay"": ""CHEMBL4022283"", ""type"": ""EC50"", ""relation"": ""="", ""value_nm"": 790.0, ""pactivity"": 6.1, ""doc"": ""CHEMBL4020781"", ""rule"": ""EC50 为标准化浓度型效力指标""}]",1,,,0,95.0,%max@CHEMBL4022294,1,1,1,"[{""assay"": ""CHEMBL4022294"", ""type"": ""%max"", ""scale"": ""percent"", ""value"": 95, ""units"": ""%"", ""doc"": ""CHEMBL4020781"", ""rule"": ""%max 为激活幅度指标，按该 assay 内值域（max=100.0）判为 percent 尺度""}]",0,,0,,2,2,1,"[""CHEMBL4020781""]",2017,LITERATURE,0,不适用（可定量效力值不足 2 个 assay）,中,仅 1 篇文献支撑
CHEMBL4063950,,Small molecule,,N#Cc1cc(S(=O)(=O)C2CC2)c2cnn(C(CC3CCOCC3)C(=O)Nc3ncc(F)s3)c2c1,XLQHBYCHEWPRHA-UHFFFAOYSA-N,1,EC50:1,100.0,100.0,100.0,7.0,7.0,7.0,,0,,0,1,1,"[{""assay"": ""CHEMBL4022283"", ""type"": ""EC50"", ""relation"": ""="", ""value_nm"": 100.0, ""pactivity"": 7.0, ""doc"": ""CHEMBL4020781"", ""rule"": ""EC50 为标准化浓度型效力指标""}]",1,,,0,74.0,%max@CHEMBL4022294,1,1,1,"[{""assay"": ""CHEMBL4022294"", ""type"": ""%max"", ""scale"": ""percent"", ""value"": 74, ""units"": ""%"", ""doc"": ""CHEMBL4020781"", ""rule"": ""%max 为激活幅度指标，按该 assay 内值域（max=100.0）判为 percent 尺度""}]",0,,0,,2,2,1,"[""CHEMBL4020781""]",2017,LITERATURE,0,不适用（可定量效力值不足 2 个 assay）,中,仅 1 篇文献支撑
CHEMBL4065127,,Small molecule,,O=C(O)Cc1nc(NC(=O)c2nc(Sc3ccccn3)ccc2Sc2ccc(F)cc2)sc1Cl,KOPZKACIIKMKDI-UHFFFAOYSA-N,1,EC50:1,9.6,9.6,9.6,8.02,8.02,8.02,,0,,0,1,1,"[{""assay"": ""CHEMBL4014791"", ""type"": ""EC50"", ""relation"": ""="", ""value_nm"": 9.6, ""pactivity"": 8.02, ""doc"": ""CHEMBL4014286"", ""rule"": ""EC50 为标准化浓度型效力指标""}]",1,,,0,175.0,%max@CHEMBL4014792,1,1,1,"[{""assay"": ""CHEMBL4014792"", ""type"": ""%max"", ""scale"": ""percent"", ""value"": 175, ""units"": ""%"", ""doc"": ""CHEMBL4014286"", ""rule"": ""%max 为激活幅度指标，按该 assay 内值域（max=193.0）判为 percent 尺度""}]",0,,0,,2,2,1,"[""CHEMBL4014286""]",2017,LITERATURE,0,不适用（可定量效力值不足 2 个 assay）,中,仅 1 篇文献支撑
CHEMBL4067028,,Small molecule,,CN1C(=O)CCC1c1cc2[nH]c(-c3ccccn3)cc2cc1Oc1ccc(S(C)(=O)=O)nc1,OOXAVDPIQSUYJW-UHFFFAOYSA-N,4,EC50:4,0.8,3.05,4.2,9.1,8.525,8.38,0.72,0,,0,2,1,"[{""assay"": ""CHEMBL4014754"", ""type"": ""EC50"", ""relation"": ""="", ""value_nm"": 4.2, ""pactivity"": 8.38, ""doc"": ""CHEMBL4014285"", ""rule"": ""EC50 为标准化浓度型效力指标""}, {""assay"": ""CHEMBL4014754"", ""type"": ""EC50"", ""relation"": ""="", ""value_nm"": 3.7, ""pactivity"": 8.43, ""doc"": ""CHEMBL4014285"", ""rule"": ""EC50 为标准化浓度型效力指标""}, {""assay"": ""CHEMBL4014756"", ""type"": ""EC50"", ""relation"": ""="", ""value_nm"": 0.8, ""pactivity"": 9.1, ""doc"": ""CHEMBL4014285"", ""rule"": ""EC50 为标准化浓度型效力指标""}, {""assay"": ""CHEMBL4014756"", ""type"": ""EC50"", ""relation"": ""="", ""value_nm"": 2.4, ""pactivity"": 8.62, ""doc"": ""CHEMBL4014285"", ""rule"": ""EC50 为标准化浓度型效力指标""}]",4,,,0,784.0,%max@CHEMBL4014755,4,2,1,"[{""assay"": ""CHEMBL4014755"", ""type"": ""%max"", ""scale"": ""percent"", ""value"": 628, ""units"": ""%"", ""doc"": ""CHEMBL4014285"", ""rule"": ""%max 为激活幅度指标，按该 assay 内值域（max=784.0）判为 percent 尺度""}, {""assay"": ""CHEMBL4014755"", ""type"": ""%max"", ""scale"": ""percent"", ""value"": 784, ""units"": ""%"", ""doc"": ""CHEMBL4014285"", ""rule"": ""%max 为激活幅度指标，按该 assay 内值域（max=784.0）判为 percent 尺度""}, {""assay"": ""CHEMBL4014757"", ""type"": ""%max"", ""scale"": ""percent"", ""value"": 193, ""units"": ""%"", ""doc"": ""CHEMBL4014285"", ""rule"": ""%max 为激活幅度指标，按该 assay 内值域（max=193.0）判为 percent 尺度""}, {""assay"": ""CHEMBL4014757"", ""type"": ""%max"", ""scale"": ""percent"", ""value"": 158, ""units"": ""%"", ""doc"": ""CHEMBL4014285"", ""rule"": ""%max 为激活幅度指标，按该 assay 内值域（max=193.0）判为 percent 尺度""}]",0,,0,,8,4,1,"[""CHEMBL4014285""]",2017,LITERATURE,0,较一致（pActivity 极差 0.72，10 倍以内）,中,仅 1 篇文献支撑
CHEMBL4067037,,Small molecule,,CCOC(=O)c1ccc(Oc2cc3cc(-c4ccc(C(F)(F)F)cn4)[nH]c3cc2C2CCC(=O)N2C)cc1,KREWZPNDWZMRLX-UHFFFAOYSA-N,2,EC50:2,4.8,7.0,9.2,8.32,8.18,8.04,0.28,0,,0,2,1,"[{""assay"": ""CHEMBL4014754"", ""type"": ""EC50"", ""relation"": ""="", ""value_nm"": 4.8, ""pactivity"": 8.32, ""doc"": ""CHEMBL4014285"", ""rule"": ""EC50 为标准化浓度型效力指标""}, {""assay"": ""CHEMBL4014756"", ""type"": ""EC50"", ""relation"": ""="", ""value_nm"": 9.2, ""pactivity"": 8.04, ""doc"": ""CHEMBL4014285"", ""rule"": ""EC50 为标准化浓度型效力指标""}]",2,,,0,452.0,%max@CHEMBL4014755,2,2,1,"[{""assay"": ""CHEMBL4014755"", ""type"": ""%max"", ""scale"": ""percent"", ""value"": 452, ""units"": ""%"", ""doc"": ""CHEMBL4014285"", ""rule"": ""%max 为激活幅度指标，按该 assay 内值域（max=784.0）判为 percent 尺度""}, {""assay"": ""CHEMBL4014757"", ""type"": ""%max"", ""scale"": ""percent"", ""value"": 123, ""units"": ""%"", ""doc"": ""CHEMBL4014285"", ""rule"": ""%max 为激活幅度指标，按该 assay 内值域（max=193.0）判为 percent 尺度""}]",0,,0,,4,4,1,"[""CHEMBL4014285""]",2017,LITERATURE,0,一致（pActivity 极差 0.28，3 倍以内）,中,仅 1 篇文献支撑
CHEMBL4068048,,Small molecule,,CN1C(=O)CCC1c1cc2[nH]c(-c3ccc(C(C)(C)O)cn3)cc2cc1Oc1ccc(S(C)(=O)=O)nc1,HSCYTJFBHDPMPT-UHFFFAOYSA-N,4,EC50:4,2.1,7.3,31.0,8.68,8.165,7.51,1.17,0,,0,2,1,"[{""assay"": ""CHEMBL4014754"", ""type"": ""EC50"", ""relation"": ""="", ""value_nm"": 31.0, ""pactivity"": 7.51, ""doc"": ""CHEMBL4014285"", ""rule"": ""EC50 为标准化浓度型效力指标""}, {""assay"": ""CHEMBL4014754"", ""type"": ""EC50"", ""relation"": ""="", ""value_nm"": 4.8, ""pactivity"": 8.32, ""doc"": ""CHEMBL4014285"", ""rule"": ""EC50 为标准化浓度型效力指标""}, {""assay"": ""CHEMBL4014756"", ""type"": ""EC50"", ""relation"": ""="", ""value_nm"": 9.8, ""pactivity"": 8.01, ""doc"": ""CHEMBL4014285"", ""rule"": ""EC50 为标准化浓度型效力指标""}, {""assay"": ""CHEMBL4014756"", ""type"": ""EC50"", ""relation"": ""="", ""value_nm"": 2.1, ""pactivity"": 8.68, ""doc"": ""CHEMBL4014285"", ""rule"": ""EC50 为标准化浓度型效力指标""}]",4,,,0,739.0,%max@CHEMBL4014755,4,2,1,"[{""assay"": ""CHEMBL4014755"", ""type"": ""%max"", ""scale"": ""percent"", ""value"": 581, ""units"": ""%"", ""doc"": ""CHEMBL4014285"", ""rule"": ""%max 为激活幅度指标，按该 assay 内值域（max=784.0）判为 percent 尺度""}, {""assay"": ""CHEMBL4014755"", ""type"": ""%max"", ""scale"": ""percent"", ""value"": 739, ""units"": ""%"", ""doc"": ""CHEMBL4014285"", ""rule"": ""%max 为激活幅度指标，按该 assay 内值域（max=784.0）判为 percent 尺度""}, {""assay"": ""CHEMBL4014757"", ""type"": ""%max"", ""scale"": ""percent"", ""value"": 173, ""units"": ""%"", ""doc"": ""CHEMBL4014285"", ""rule"": ""%max 为激活幅度指标，按该 assay 内值域（max=193.0）判为 percent 尺度""}, {""assay"": ""CHEMBL4014757"", ""type"": ""%max"", ""scale"": ""percent"", ""value"": 132, ""units"": ""%"", ""doc"": ""CHEMBL4014285"", ""rule"": ""%max 为激活幅度指标，按该 assay 内值域（max=193.0）判为 percent 尺度""}]",0,,0,,8,4,1,"[""CHEMBL4014285""]",2017,LITERATURE,0,分歧（pActivity 极差 1.17，超过 10 倍）,中,仅 1 篇文献支撑
CHEMBL4069128,,Small molecule,,O=C(Nc1ncc(F)s1)C(CC1CCOCC1)n1cc(S(=O)(=O)c2cccc(Cl)c2)cn1,HJCCYKYZZXYIDW-UHFFFAOYSA-N,1,EC50:1,,,,,,,,1,100000.0,0,1,1,"[{""assay"": ""CHEMBL4022283"", ""type"": ""EC50"", ""relation"": "">"", ""value_nm"": 100000.0, ""pactivity"": null, ""doc"": ""CHEMBL4020781"", ""rule"": ""EC50 为标准化浓度型效力指标""}]",1,,,0,0.0,%max@CHEMBL4022294,1,1,1,"[{""assay"": ""CHEMBL4022294"", ""type"": ""%max"", ""scale"": ""percent"", ""value"": 0, ""units"": ""%"", ""doc"": ""CHEMBL4020781"", ""rule"": ""%max 为激活幅度指标，按该 assay 内值域（max=100.0）判为 percent 尺度""}]",0,,0,,2,2,1,"[""CHEMBL4020781""]",2017,LITERATURE,0,不适用（可定量效力值不足 2 个 assay）,中,仅 1 篇文献支撑；1 条效力为删失值（>，最高浓度未达 EC50），未计入汇总
CHEMBL4070998,,Small molecule,,COc1ccc(Sc2ccc(Sc3ccccn3)nc2C(=O)Nc2ncc(CCC(=O)O)s2)cc1,SZYQPCWDTBUONO-UHFFFAOYSA-N,1,EC50:1,68.5,68.5,68.5,7.16,7.16,7.16,,0,,0,1,1,"[{""assay"": ""CHEMBL4014791"", ""type"": ""EC50"", ""relation"": ""="", ""value_nm"": 68.5, ""pactivity"": 7.16, ""doc"": ""CHEMBL4014286"", ""rule"": ""EC50 为标准化浓度型效力指标""}]",1,,,0,178.0,%max@CHEMBL4014792,1,1,1,"[{""assay"": ""CHEMBL4014792"", ""type"": ""%max"", ""scale"": ""percent"", ""value"": 178, ""units"": ""%"", ""doc"": ""CHEMBL4014286"", ""rule"": ""%max 为激活幅度指标，按该 assay 内值域（max=193.0）判为 percent 尺度""}]",0,,0,,2,2,1,"[""CHEMBL4014286""]",2017,LITERATURE,0,不适用（可定量效力值不足 2 个 assay）,中,仅 1 篇文献支撑
CHEMBL4071846,,Small molecule,,O=C(Nc1ncc(F)s1)[C@H](CC1CCOCC1)n1cc(S(=O)(=O)C2CC2)cn1,CKDRXQFLSZIDBI-AWEZNQCLSA-N,1,EC50:1,4000.0,4000.0,4000.0,5.4,5.4,5.4,,0,,0,1,1,"[{""assay"": ""CHEMBL4022283"", ""type"": ""EC50"", ""relation"": ""="", ""value_nm"": 4000.0, ""pactivity"": 5.4, ""doc"": ""CHEMBL4020781"", ""rule"": ""EC50 为标准化浓度型效力指标""}]",1,,,0,37.0,%max@CHEMBL4022294,1,1,1,"[{""assay"": ""CHEMBL4022294"", ""type"": ""%max"", ""scale"": ""percent"", ""value"": 37, ""units"": ""%"", ""doc"": ""CHEMBL4020781"", ""rule"": ""%max 为激活幅度指标，按该 assay 内值域（max=100.0）判为 percent 尺度""}]",0,,0,,2,2,1,"[""CHEMBL4020781""]",2017,LITERATURE,0,不适用（可定量效力值不足 2 个 assay）,中,仅 1 篇文献支撑
CHEMBL4071981,,Small molecule,,NC(=O)c1cnc(NC(=O)C(CC2CCOCC2)n2ncc3c(S(=O)(=O)C4CC4)cccc32)s1,FRKXNQHZCGIDND-UHFFFAOYSA-N,1,EC50:1,1600.0,1600.0,1600.0,5.8,5.8,5.8,,0,,0,1,1,"[{""assay"": ""CHEMBL4022283"", ""type"": ""EC50"", ""relation"": ""="", ""value_nm"": 1600.0, ""pactivity"": 5.8, ""doc"": ""CHEMBL4020781"", ""rule"": ""EC50 为标准化浓度型效力指标""}]",1,,,0,49.0,%max@CHEMBL4022294,1,1,1,"[{""assay"": ""CHEMBL4022294"", ""type"": ""%max"", ""scale"": ""percent"", ""value"": 49, ""units"": ""%"", ""doc"": ""CHEMBL4020781"", ""rule"": ""%max 为激活幅度指标，按该 assay 内值域（max=100.0）判为 percent 尺度""}]",0,,0,,2,2,1,"[""CHEMBL4020781""]",2017,LITERATURE,0,不适用（可定量效力值不足 2 个 assay）,中,仅 1 篇文献支撑
CHEMBL4072542,,Small molecule,,O=C(Nc1ccn(CCO)n1)C(CC1CCOCC1)n1ncc2c(S(=O)(=O)C3CC3)cccc21,BUFLLVVCHICEFI-UHFFFAOYSA-N,1,EC50:1,3100.0,3100.0,3100.0,5.51,5.51,5.51,,0,,0,1,1,"[{""assay"": ""CHEMBL4022283"", ""type"": ""EC50"", ""relation"": ""="", ""value_nm"": 3100.0, ""pactivity"": 5.51, ""doc"": ""CHEMBL4020781"", ""rule"": ""EC50 为标准化浓度型效力指标""}]",1,,,0,73.0,%max@CHEMBL4022294,1,1,1,"[{""assay"": ""CHEMBL4022294"", ""type"": ""%max"", ""scale"": ""percent"", ""value"": 73, ""units"": ""%"", ""doc"": ""CHEMBL4020781"", ""rule"": ""%max 为激活幅度指标，按该 assay 内值域（max=100.0）判为 percent 尺度""}]",0,,0,,2,2,1,"[""CHEMBL4020781""]",2017,LITERATURE,0,不适用（可定量效力值不足 2 个 assay）,中,仅 1 篇文献支撑
CHEMBL4072997,,Small molecule,,O=C(Nc1ncc(Cl)s1)C(CC1CCOCC1)n1ncc2ccc(S(=O)(=O)C3CC3)cc21,VAMVPDUYFAYBLF-UHFFFAOYSA-N,1,EC50:1,,,,,,,,1,100000.0,0,1,1,"[{""assay"": ""CHEMBL4022283"", ""type"": ""EC50"", ""relation"": "">"", ""value_nm"": 100000.0, ""pactivity"": null, ""doc"": ""CHEMBL4020781"", ""rule"": ""EC50 为标准化浓度型效力指标""}]",1,,,0,0.0,%max@CHEMBL4022294,1,1,1,"[{""assay"": ""CHEMBL4022294"", ""type"": ""%max"", ""scale"": ""percent"", ""value"": 0, ""units"": ""%"", ""doc"": ""CHEMBL4020781"", ""rule"": ""%max 为激活幅度指标，按该 assay 内值域（max=100.0）判为 percent 尺度""}]",0,,0,,2,2,1,"[""CHEMBL4020781""]",2017,LITERATURE,0,不适用（可定量效力值不足 2 个 assay）,中,仅 1 篇文献支撑；1 条效力为删失值（>，最高浓度未达 EC50），未计入汇总
CHEMBL4078915,,Small molecule,,CN1C(=O)CCC1c1cc2[nH]c(-c3cnccn3)cc2cc1Oc1ccc(S(C)(=O)=O)nc1,SWHHKLQQVAMTGD-UHFFFAOYSA-N,4,EC50:4,4.2,11.25,48.0,8.38,8.05,7.32,1.06,0,,0,2,1,"[{""assay"": ""CHEMBL4014754"", ""type"": ""EC50"", ""relation"": ""="", ""value_nm"": 48.0, ""pactivity"": 7.32, ""doc"": ""CHEMBL4014285"", ""rule"": ""EC50 为标准化浓度型效力指标""}, {""assay"": ""CHEMBL4014754"", ""type"": ""EC50"", ""relation"": ""="", ""value_nm"": 4.5, ""pactivity"": 8.35, ""doc"": ""CHEMBL4014285"", ""rule"": ""EC50 为标准化浓度型效力指标""}, {""assay"": ""CHEMBL4014756"", ""type"": ""EC50"", ""relation"": ""="", ""value_nm"": 18.0, ""pactivity"": 7.75, ""doc"": ""CHEMBL4014285"", ""rule"": ""EC50 为标准化浓度型效力指标""}, {""assay"": ""CHEMBL4014756"", ""type"": ""EC50"", ""relation"": ""="", ""value_nm"": 4.2, ""pactivity"": 8.38, ""doc"": ""CHEMBL4014285"", ""rule"": ""EC50 为标准化浓度型效力指标""}]",4,,,0,713.0,%max@CHEMBL4014755,4,2,1,"[{""assay"": ""CHEMBL4014755"", ""type"": ""%max"", ""scale"": ""percent"", ""value"": 577, ""units"": ""%"", ""doc"": ""CHEMBL4014285"", ""rule"": ""%max 为激活幅度指标，按该 assay 内值域（max=784.0）判为 percent 尺度""}, {""assay"": ""CHEMBL4014755"", ""type"": ""%max"", ""scale"": ""percent"", ""value"": 713, ""units"": ""%"", ""doc"": ""CHEMBL4014285"", ""rule"": ""%max 为激活幅度指标，按该 assay 内值域（max=784.0）判为 percent 尺度""}, {""assay"": ""CHEMBL4014757"", ""type"": ""%max"", ""scale"": ""percent"", ""value"": 188, ""units"": ""%"", ""doc"": ""CHEMBL4014285"", ""rule"": ""%max 为激活幅度指标，按该 assay 内值域（max=193.0）判为 percent 尺度""}, {""assay"": ""CHEMBL4014757"", ""type"": ""%max"", ""scale"": ""percent"", ""value"": 155, ""units"": ""%"", ""doc"": ""CHEMBL4014285"", ""rule"": ""%max 为激活幅度指标，按该 assay 内值域（max=193.0）判为 percent 尺度""}]",0,,0,,8,4,1,"[""CHEMBL4014285""]",2017,LITERATURE,0,分歧（pActivity 极差 1.06，超过 10 倍）,中,仅 1 篇文献支撑
CHEMBL4079100,,Small molecule,,Cc1ccc(Sc2ccc(Sc3nnc[nH]3)nc2C(=O)Nc2ncns2)cn1,JADPOZIPXGRFTI-UHFFFAOYSA-N,1,EC50:1,27.7,27.7,27.7,7.56,7.56,7.56,,0,,0,1,1,"[{""assay"": ""CHEMBL4014791"", ""type"": ""EC50"", ""relation"": ""="", ""value_nm"": 27.7, ""pactivity"": 7.56, ""doc"": ""CHEMBL4014286"", ""rule"": ""EC50 为标准化浓度型效力指标""}]",1,,,0,190.0,%max@CHEMBL4014792,1,1,1,"[{""assay"": ""CHEMBL4014792"", ""type"": ""%max"", ""scale"": ""percent"", ""value"": 190, ""units"": ""%"", ""doc"": ""CHEMBL4014286"", ""rule"": ""%max 为激活幅度指标，按该 assay 内值域（max=193.0）判为 percent 尺度""}]",0,,0,,2,2,1,"[""CHEMBL4014286""]",2017,LITERATURE,0,不适用（可定量效力值不足 2 个 assay）,中,仅 1 篇文献支撑
CHEMBL4082347,,Small molecule,,O=C(Nc1ncc(Cl)s1)[C@H](CC1CCOCC1)n1cc(S(=O)(=O)C2CCCC2)cn1,BQSWORVDGGEXBI-INIZCTEOSA-N,1,EC50:1,1000.0,1000.0,1000.0,6.0,6.0,6.0,,0,,0,1,1,"[{""assay"": ""CHEMBL4022283"", ""type"": ""EC50"", ""relation"": ""="", ""value_nm"": 1000.0, ""pactivity"": 6.0, ""doc"": ""CHEMBL4020781"", ""rule"": ""EC50 为标准化浓度型效力指标""}]",1,,,0,32.0,%max@CHEMBL4022294,1,1,1,"[{""assay"": ""CHEMBL4022294"", ""type"": ""%max"", ""scale"": ""percent"", ""value"": 32, ""units"": ""%"", ""doc"": ""CHEMBL4020781"", ""rule"": ""%max 为激活幅度指标，按该 assay 内值域（max=100.0）判为 percent 尺度""}]",0,,0,,2,2,1,"[""CHEMBL4020781""]",2017,LITERATURE,0,不适用（可定量效力值不足 2 个 assay）,中,仅 1 篇文献支撑
CHEMBL4082468,,Small molecule,,Cc1nnc(NC(=O)C(CC2CCOCC2)n2ncc3c(S(=O)(=O)C4CC4)cccc32)s1,JXJFTXLNXYPMPW-UHFFFAOYSA-N,1,EC50:1,5000.0,5000.0,5000.0,5.3,5.3,5.3,,0,,0,1,1,"[{""assay"": ""CHEMBL4022283"", ""type"": ""EC50"", ""relation"": ""="", ""value_nm"": 5000.0, ""pactivity"": 5.3, ""doc"": ""CHEMBL4020781"", ""rule"": ""EC50 为标准化浓度型效力指标""}]",1,,,0,74.0,%max@CHEMBL4022294,1,1,1,"[{""assay"": ""CHEMBL4022294"", ""type"": ""%max"", ""scale"": ""percent"", ""value"": 74, ""units"": ""%"", ""doc"": ""CHEMBL4020781"", ""rule"": ""%max 为激活幅度指标，按该 assay 内值域（max=100.0）判为 percent 尺度""}]",0,,0,,2,2,1,"[""CHEMBL4020781""]",2017,LITERATURE,0,不适用（可定量效力值不足 2 个 assay）,中,仅 1 篇文献支撑
CHEMBL4083023,,Small molecule,,O=C(Nc1ncc(F)s1)[C@H](CC1CCOCC1)n1ncc2c(S(=O)(=O)C3CC3)cncc21,KUFXUEYIWPFSHN-HNNXBMFYSA-N,1,EC50:1,80.0,80.0,80.0,7.1,7.1,7.1,,0,,0,1,1,"[{""assay"": ""CHEMBL4022283"", ""type"": ""EC50"", ""relation"": ""="", ""value_nm"": 80.0, ""pactivity"": 7.1, ""doc"": ""CHEMBL4020781"", ""rule"": ""EC50 为标准化浓度型效力指标""}]",1,,,0,71.0,%max@CHEMBL4022294,1,1,1,"[{""assay"": ""CHEMBL4022294"", ""type"": ""%max"", ""scale"": ""percent"", ""value"": 71, ""units"": ""%"", ""doc"": ""CHEMBL4020781"", ""rule"": ""%max 为激活幅度指标，按该 assay 内值域（max=100.0）判为 percent 尺度""}]",0,,0,,2,2,1,"[""CHEMBL4020781""]",2017,LITERATURE,0,不适用（可定量效力值不足 2 个 assay）,中,仅 1 篇文献支撑
CHEMBL4083339,,Small molecule,,CN1C(=O)CCC1c1cc2[nH]c(-c3ccc(C(F)(F)F)cn3)cc2cc1Oc1ccc(S(C)(=O)=O)nc1,FHILTRSLURDEKR-UHFFFAOYSA-N,4,EC50:4,2.4,31.0,86.0,8.62,7.51,7.07,1.55,0,,1,2,1,"[{""assay"": ""CHEMBL4014754"", ""type"": ""EC50"", ""relation"": ""="", ""value_nm"": 86.0, ""pactivity"": 7.07, ""doc"": ""CHEMBL4014285"", ""rule"": ""EC50 为标准化浓度型效力指标""}, {""assay"": ""CHEMBL4014754"", ""type"": ""EC50"", ""relation"": ""="", ""value_nm"": 2.4, ""pactivity"": 8.62, ""doc"": ""CHEMBL4014285"", ""rule"": ""EC50 为标准化浓度型效力指标""}, {""assay"": ""CHEMBL4014756"", ""type"": ""EC50"", ""relation"": ""="", ""value_nm"": 31.0, ""pactivity"": 7.51, ""doc"": ""CHEMBL4014285"", ""rule"": ""EC50 为标准化浓度型效力指标""}, {""assay"": ""CHEMBL4014756"", ""type"": ""EC50"", ""relation"": ""<"", ""value_nm"": 0.85, ""pactivity"": null, ""doc"": ""CHEMBL4014285"", ""rule"": ""EC50 为标准化浓度型效力指标""}]",4,,,0,764.0,%max@CHEMBL4014755,4,2,1,"[{""assay"": ""CHEMBL4014755"", ""type"": ""%max"", ""scale"": ""percent"", ""value"": 583, ""units"": ""%"", ""doc"": ""CHEMBL4014285"", ""rule"": ""%max 为激活幅度指标，按该 assay 内值域（max=784.0）判为 percent 尺度""}, {""assay"": ""CHEMBL4014755"", ""type"": ""%max"", ""scale"": ""percent"", ""value"": 764, ""units"": ""%"", ""doc"": ""CHEMBL4014285"", ""rule"": ""%max 为激活幅度指标，按该 assay 内值域（max=784.0）判为 percent 尺度""}, {""assay"": ""CHEMBL4014757"", ""type"": ""%max"", ""scale"": ""percent"", ""value"": 174, ""units"": ""%"", ""doc"": ""CHEMBL4014285"", ""rule"": ""%max 为激活幅度指标，按该 assay 内值域（max=193.0）判为 percent 尺度""}, {""assay"": ""CHEMBL4014757"", ""type"": ""%max"", ""scale"": ""percent"", ""value"": 141, ""units"": ""%"", ""doc"": ""CHEMBL4014285"", ""rule"": ""%max 为激活幅度指标，按该 assay 内值域（max=193.0）判为 percent 尺度""}]",0,,0,,8,4,1,"[""CHEMBL4014285""]",2017,LITERATURE,0,分歧（pActivity 极差 1.55，超过 10 倍）,中,仅 1 篇文献支撑
CHEMBL4083428,,Small molecule,,O=C(Nc1ncc(F)s1)[C@H](CC1CCOCC1)n1ncc2c(S(=O)(=O)C3CC3)cccc21,VFUKAAVEACENGY-KRWDZBQOSA-N,1,EC50:1,40.0,40.0,40.0,7.4,7.4,7.4,,0,,0,1,1,"[{""assay"": ""CHEMBL4022283"", ""type"": ""EC50"", ""relation"": ""="", ""value_nm"": 40.0, ""pactivity"": 7.4, ""doc"": ""CHEMBL4020781"", ""rule"": ""EC50 为标准化浓度型效力指标""}]",1,,,0,83.0,%max@CHEMBL4022294,1,1,1,"[{""assay"": ""CHEMBL4022294"", ""type"": ""%max"", ""scale"": ""percent"", ""value"": 83, ""units"": ""%"", ""doc"": ""CHEMBL4020781"", ""rule"": ""%max 为激活幅度指标，按该 assay 内值域（max=100.0）判为 percent 尺度""}]",0,,0,,2,2,1,"[""CHEMBL4020781""]",2017,LITERATURE,0,不适用（可定量效力值不足 2 个 assay）,中,仅 1 篇文献支撑
CHEMBL4084078,,Small molecule,,COc1ccc(Sc2ccc(Sc3ccccn3)nc2C(=O)Nc2ncc(SCC(=O)O)s2)cc1,BSSIABHJAVFXLM-UHFFFAOYSA-N,1,EC50:1,14.0,14.0,14.0,7.85,7.85,7.85,,0,,0,1,1,"[{""assay"": ""CHEMBL4014791"", ""type"": ""EC50"", ""relation"": ""="", ""value_nm"": 14.0, ""pactivity"": 7.85, ""doc"": ""CHEMBL4014286"", ""rule"": ""EC50 为标准化浓度型效力指标""}]",1,,,0,134.0,%max@CHEMBL4014792,1,1,1,"[{""assay"": ""CHEMBL4014792"", ""type"": ""%max"", ""scale"": ""percent"", ""value"": 134, ""units"": ""%"", ""doc"": ""CHEMBL4014286"", ""rule"": ""%max 为激活幅度指标，按该 assay 内值域（max=193.0）判为 percent 尺度""}]",0,,0,,2,2,1,"[""CHEMBL4014286""]",2017,LITERATURE,0,不适用（可定量效力值不足 2 个 assay）,中,仅 1 篇文献支撑
CHEMBL4085525,,Small molecule,,NC(=O)c1cc(S(=O)(=O)C2CC2)c2cnn([C@@H](CC3CCOCC3)C(=O)Nc3ncc(F)s3)c2c1,ZNWXQJQASUSFFX-KRWDZBQOSA-N,1,EC50:1,100.0,100.0,100.0,7.0,7.0,7.0,,0,,0,1,1,"[{""assay"": ""CHEMBL4022283"", ""type"": ""EC50"", ""relation"": ""="", ""value_nm"": 100.0, ""pactivity"": 7.0, ""doc"": ""CHEMBL4020781"", ""rule"": ""EC50 为标准化浓度型效力指标""}]",1,,,0,97.0,%max@CHEMBL4022294,1,1,1,"[{""assay"": ""CHEMBL4022294"", ""type"": ""%max"", ""scale"": ""percent"", ""value"": 97, ""units"": ""%"", ""doc"": ""CHEMBL4020781"", ""rule"": ""%max 为激活幅度指标，按该 assay 内值域（max=100.0）判为 percent 尺度""}]",0,,0,,2,2,1,"[""CHEMBL4020781""]",2017,LITERATURE,0,不适用（可定量效力值不足 2 个 assay）,中,仅 1 篇文献支撑
CHEMBL4086771,,Small molecule,,Cc1cnc(-c2cc3cc(Oc4ccc(S(C)(=O)=O)nc4)c(C4CCC(=O)N4C)cc3[nH]2)s1,FSFGCNSEUFOTBJ-UHFFFAOYSA-N,4,EC50:4,1.0,4.15,5.5,9.0,8.385,8.26,0.74,0,,0,2,1,"[{""assay"": ""CHEMBL4014754"", ""type"": ""EC50"", ""relation"": ""="", ""value_nm"": 5.5, ""pactivity"": 8.26, ""doc"": ""CHEMBL4014285"", ""rule"": ""EC50 为标准化浓度型效力指标""}, {""assay"": ""CHEMBL4014754"", ""type"": ""EC50"", ""relation"": ""="", ""value_nm"": 4.5, ""pactivity"": 8.35, ""doc"": ""CHEMBL4014285"", ""rule"": ""EC50 为标准化浓度型效力指标""}, {""assay"": ""CHEMBL4014756"", ""type"": ""EC50"", ""relation"": ""="", ""value_nm"": 1.0, ""pactivity"": 9.0, ""doc"": ""CHEMBL4014285"", ""rule"": ""EC50 为标准化浓度型效力指标""}, {""assay"": ""CHEMBL4014756"", ""type"": ""EC50"", ""relation"": ""="", ""value_nm"": 3.8, ""pactivity"": 8.42, ""doc"": ""CHEMBL4014285"", ""rule"": ""EC50 为标准化浓度型效力指标""}]",4,,,0,620.0,%max@CHEMBL4014755,4,2,1,"[{""assay"": ""CHEMBL4014755"", ""type"": ""%max"", ""scale"": ""percent"", ""value"": 482, ""units"": ""%"", ""doc"": ""CHEMBL4014285"", ""rule"": ""%max 为激活幅度指标，按该 assay 内值域（max=784.0）判为 percent 尺度""}, {""assay"": ""CHEMBL4014755"", ""type"": ""%max"", ""scale"": ""percent"", ""value"": 620, ""units"": ""%"", ""doc"": ""CHEMBL4014285"", ""rule"": ""%max 为激活幅度指标，按该 assay 内值域（max=784.0）判为 percent 尺度""}, {""assay"": ""CHEMBL4014757"", ""type"": ""%max"", ""scale"": ""percent"", ""value"": 168, ""units"": ""%"", ""doc"": ""CHEMBL4014285"", ""rule"": ""%max 为激活幅度指标，按该 assay 内值域（max=193.0）判为 percent 尺度""}, {""assay"": ""CHEMBL4014757"", ""type"": ""%max"", ""scale"": ""percent"", ""value"": 132, ""units"": ""%"", ""doc"": ""CHEMBL4014285"", ""rule"": ""%max 为激活幅度指标，按该 assay 内值域（max=193.0）判为 percent 尺度""}]",0,,0,,8,4,1,"[""CHEMBL4014285""]",2017,LITERATURE,0,较一致（pActivity 极差 0.74，10 倍以内）,中,仅 1 篇文献支撑
CHEMBL4086782,,Small molecule,,CCS(=O)(=O)c1ccc(Oc2cc3cc(-c4ccc(C(F)(F)F)cn4)[nH]c3cc2C2CCC(=O)N2C)cc1,NJMQGAPDEDUCFJ-UHFFFAOYSA-N,2,EC50:2,1.4,1.7,2.0,8.85,8.775,8.7,0.15,0,,0,2,1,"[{""assay"": ""CHEMBL4014754"", ""type"": ""EC50"", ""relation"": ""="", ""value_nm"": 2.0, ""pactivity"": 8.7, ""doc"": ""CHEMBL4014285"", ""rule"": ""EC50 为标准化浓度型效力指标""}, {""assay"": ""CHEMBL4014756"", ""type"": ""EC50"", ""relation"": ""="", ""value_nm"": 1.4, ""pactivity"": 8.85, ""doc"": ""CHEMBL4014285"", ""rule"": ""EC50 为标准化浓度型效力指标""}]",2,,,0,602.0,%max@CHEMBL4014755,2,2,1,"[{""assay"": ""CHEMBL4014755"", ""type"": ""%max"", ""scale"": ""percent"", ""value"": 602, ""units"": ""%"", ""doc"": ""CHEMBL4014285"", ""rule"": ""%max 为激活幅度指标，按该 assay 内值域（max=784.0）判为 percent 尺度""}, {""assay"": ""CHEMBL4014757"", ""type"": ""%max"", ""scale"": ""percent"", ""value"": 158, ""units"": ""%"", ""doc"": ""CHEMBL4014285"", ""rule"": ""%max 为激活幅度指标，按该 assay 内值域（max=193.0）判为 percent 尺度""}]",0,,0,,4,4,1,"[""CHEMBL4014285""]",2017,LITERATURE,0,一致（pActivity 极差 0.15，3 倍以内）,中,仅 1 篇文献支撑
CHEMBL4090191,,Small molecule,,CC(C)(C)S(=O)(=O)c1cnn(C(CC2CCOCC2)C(=O)Nc2ncc(F)s2)c1,DSXYFRHBEHZZQH-UHFFFAOYSA-N,1,EC50:1,,,,,,,,1,100000.0,0,1,1,"[{""assay"": ""CHEMBL4022283"", ""type"": ""EC50"", ""relation"": "">"", ""value_nm"": 100000.0, ""pactivity"": null, ""doc"": ""CHEMBL4020781"", ""rule"": ""EC50 为标准化浓度型效力指标""}]",1,,,0,0.0,%max@CHEMBL4022294,1,1,1,"[{""assay"": ""CHEMBL4022294"", ""type"": ""%max"", ""scale"": ""percent"", ""value"": 0, ""units"": ""%"", ""doc"": ""CHEMBL4020781"", ""rule"": ""%max 为激活幅度指标，按该 assay 内值域（max=100.0）判为 percent 尺度""}]",0,,0,,2,2,1,"[""CHEMBL4020781""]",2017,LITERATURE,0,不适用（可定量效力值不足 2 个 assay）,中,仅 1 篇文献支撑；1 条效力为删失值（>，最高浓度未达 EC50），未计入汇总
CHEMBL4090814,,Small molecule,,COc1cc(S(=O)(=O)C2CC2)c2cnn([C@@H](CC3CCOCC3)C(=O)Nc3ncc(F)s3)c2c1,DHHJSNCNVAZFJD-SFHVURJKSA-N,1,EC50:1,100.0,100.0,100.0,7.0,7.0,7.0,,0,,0,1,1,"[{""assay"": ""CHEMBL4022283"", ""type"": ""EC50"", ""relation"": ""="", ""value_nm"": 100.0, ""pactivity"": 7.0, ""doc"": ""CHEMBL4020781"", ""rule"": ""EC50 为标准化浓度型效力指标""}]",1,,,0,100.0,%max@CHEMBL4022294,1,1,1,"[{""assay"": ""CHEMBL4022294"", ""type"": ""%max"", ""scale"": ""percent"", ""value"": 100, ""units"": ""%"", ""doc"": ""CHEMBL4020781"", ""rule"": ""%max 为激活幅度指标，按该 assay 内值域（max=100.0）判为 percent 尺度""}]",0,,0,,2,2,1,"[""CHEMBL4020781""]",2017,LITERATURE,0,不适用（可定量效力值不足 2 个 assay）,中,仅 1 篇文献支撑
CHEMBL4091097,,Small molecule,,Cc1cc(S(=O)(=O)C2CC2)cc(=O)n1[C@@H](CC1CCOCC1)C(=O)Nc1ncc(Cl)s1,YBIVAGQMDSTSQA-INIZCTEOSA-N,1,EC50:1,1200.0,1200.0,1200.0,5.92,5.92,5.92,,0,,0,1,1,"[{""assay"": ""CHEMBL4022283"", ""type"": ""EC50"", ""relation"": ""="", ""value_nm"": 1200.0, ""pactivity"": 5.92, ""doc"": ""CHEMBL4020781"", ""rule"": ""EC50 为标准化浓度型效力指标""}]",1,,,0,77.0,%max@CHEMBL4022294,1,1,1,"[{""assay"": ""CHEMBL4022294"", ""type"": ""%max"", ""scale"": ""percent"", ""value"": 77, ""units"": ""%"", ""doc"": ""CHEMBL4020781"", ""rule"": ""%max 为激活幅度指标，按该 assay 内值域（max=100.0）判为 percent 尺度""}]",0,,0,,2,2,1,"[""CHEMBL4020781""]",2017,LITERATURE,0,不适用（可定量效力值不足 2 个 assay）,中,仅 1 篇文献支撑
CHEMBL4091218,,Small molecule,,NC(=O)c1cccnc1NC(=O)C(CC1CCOCC1)n1ncc2c(S(=O)(=O)C3CC3)cccc21,MKQGXUSWHWHSBA-UHFFFAOYSA-N,1,EC50:1,200.0,200.0,200.0,6.7,6.7,6.7,,0,,0,1,1,"[{""assay"": ""CHEMBL4022283"", ""type"": ""EC50"", ""relation"": ""="", ""value_nm"": 200.0, ""pactivity"": 6.7, ""doc"": ""CHEMBL4020781"", ""rule"": ""EC50 为标准化浓度型效力指标""}]",1,,,0,38.0,%max@CHEMBL4022294,1,1,1,"[{""assay"": ""CHEMBL4022294"", ""type"": ""%max"", ""scale"": ""percent"", ""value"": 38, ""units"": ""%"", ""doc"": ""CHEMBL4020781"", ""rule"": ""%max 为激活幅度指标，按该 assay 内值域（max=100.0）判为 percent 尺度""}]",0,,0,,2,2,1,"[""CHEMBL4020781""]",2017,LITERATURE,0,不适用（可定量效力值不足 2 个 assay）,中,仅 1 篇文献支撑
CHEMBL4091838,,Small molecule,,COc1ccc(Sc2ccc(Sc3ccccn3)nc2C(=O)Nc2nc(CC(=O)O)cs2)cc1,XWVLMYWQBFKPTP-UHFFFAOYSA-N,1,EC50:1,49.0,49.0,49.0,7.31,7.31,7.31,,0,,0,1,1,"[{""assay"": ""CHEMBL4014791"", ""type"": ""EC50"", ""relation"": ""="", ""value_nm"": 49.0, ""pactivity"": 7.31, ""doc"": ""CHEMBL4014286"", ""rule"": ""EC50 为标准化浓度型效力指标""}]",1,,,0,193.0,%max@CHEMBL4014792,1,1,1,"[{""assay"": ""CHEMBL4014792"", ""type"": ""%max"", ""scale"": ""percent"", ""value"": 193, ""units"": ""%"", ""doc"": ""CHEMBL4014286"", ""rule"": ""%max 为激活幅度指标，按该 assay 内值域（max=193.0）判为 percent 尺度""}]",0,,0,,2,2,1,"[""CHEMBL4014286""]",2017,LITERATURE,0,不适用（可定量效力值不足 2 个 assay）,中,仅 1 篇文献支撑
CHEMBL4092800,,Small molecule,,COc1ccc(Sc2ccc(Sc3ccccn3)nc2C(=O)Nc2nc(CC(=O)O)c(Cl)s2)cc1,LBGJOPLJDBUTRE-UHFFFAOYSA-N,1,EC50:1,5.7,5.7,5.7,8.24,8.24,8.24,,0,,0,1,1,"[{""assay"": ""CHEMBL4014791"", ""type"": ""EC50"", ""relation"": ""="", ""value_nm"": 5.7, ""pactivity"": 8.24, ""doc"": ""CHEMBL4014286"", ""rule"": ""EC50 为标准化浓度型效力指标""}]",1,,,0,153.0,%max@CHEMBL4014792,1,1,1,"[{""assay"": ""CHEMBL4014792"", ""type"": ""%max"", ""scale"": ""percent"", ""value"": 153, ""units"": ""%"", ""doc"": ""CHEMBL4014286"", ""rule"": ""%max 为激活幅度指标，按该 assay 内值域（max=193.0）判为 percent 尺度""}]",0,,0,,2,2,1,"[""CHEMBL4014286""]",2017,LITERATURE,0,不适用（可定量效力值不足 2 个 assay）,中,仅 1 篇文献支撑
CHEMBL4093271,,Small molecule,,O=C(Nc1ncc(F)s1)[C@H](CC1CCOCC1)n1ncc2c(S(=O)(=O)C3CC3)cc(F)cc21,BTBPVWQJZDELHN-KRWDZBQOSA-N,1,EC50:1,120.0,120.0,120.0,6.92,6.92,6.92,,0,,0,1,1,"[{""assay"": ""CHEMBL4022283"", ""type"": ""EC50"", ""relation"": ""="", ""value_nm"": 120.0, ""pactivity"": 6.92, ""doc"": ""CHEMBL4020781"", ""rule"": ""EC50 为标准化浓度型效力指标""}]",1,,,0,91.0,%max@CHEMBL4022294,1,1,1,"[{""assay"": ""CHEMBL4022294"", ""type"": ""%max"", ""scale"": ""percent"", ""value"": 91, ""units"": ""%"", ""doc"": ""CHEMBL4020781"", ""rule"": ""%max 为激活幅度指标，按该 assay 内值域（max=100.0）判为 percent 尺度""}]",0,,0,,2,2,1,"[""CHEMBL4020781""]",2017,LITERATURE,0,不适用（可定量效力值不足 2 个 assay）,中,仅 1 篇文献支撑
CHEMBL4093697,,Small molecule,,O=C(Nc1ncc(Cl)s1)[C@H](CC1CCOCC1)n1ncc2cc(S(=O)(=O)C3CC3)ccc21,ONNFBMFRNCTCOG-SFHVURJKSA-N,1,EC50:1,500.0,500.0,500.0,6.3,6.3,6.3,,0,,0,1,1,"[{""assay"": ""CHEMBL4022283"", ""type"": ""EC50"", ""relation"": ""="", ""value_nm"": 500.0, ""pactivity"": 6.3, ""doc"": ""CHEMBL4020781"", ""rule"": ""EC50 为标准化浓度型效力指标""}]",1,,,0,26.0,%max@CHEMBL4022294,1,1,1,"[{""assay"": ""CHEMBL4022294"", ""type"": ""%max"", ""scale"": ""percent"", ""value"": 26, ""units"": ""%"", ""doc"": ""CHEMBL4020781"", ""rule"": ""%max 为激活幅度指标，按该 assay 内值域（max=100.0）判为 percent 尺度""}]",0,,0,,2,2,1,"[""CHEMBL4020781""]",2017,LITERATURE,0,不适用（可定量效力值不足 2 个 assay）,中,仅 1 篇文献支撑
CHEMBL4094511,,Small molecule,,CN1C(=O)CCC1c1cc2[nH]c(-c3ccc(C(F)(F)F)cn3)cc2cc1Oc1ccc(C(=O)O)cc1,WHOGBCDXUIDCPY-UHFFFAOYSA-N,2,EC50:2,9.6,16.8,24.0,8.02,7.82,7.62,0.4,0,,0,2,1,"[{""assay"": ""CHEMBL4014754"", ""type"": ""EC50"", ""relation"": ""="", ""value_nm"": 24.0, ""pactivity"": 7.62, ""doc"": ""CHEMBL4014285"", ""rule"": ""EC50 为标准化浓度型效力指标""}, {""assay"": ""CHEMBL4014756"", ""type"": ""EC50"", ""relation"": ""="", ""value_nm"": 9.6, ""pactivity"": 8.02, ""doc"": ""CHEMBL4014285"", ""rule"": ""EC50 为标准化浓度型效力指标""}]",2,,,0,683.0,%max@CHEMBL4014755,2,2,1,"[{""assay"": ""CHEMBL4014755"", ""type"": ""%max"", ""scale"": ""percent"", ""value"": 683, ""units"": ""%"", ""doc"": ""CHEMBL4014285"", ""rule"": ""%max 为激活幅度指标，按该 assay 内值域（max=784.0）判为 percent 尺度""}, {""assay"": ""CHEMBL4014757"", ""type"": ""%max"", ""scale"": ""percent"", ""value"": 179, ""units"": ""%"", ""doc"": ""CHEMBL4014285"", ""rule"": ""%max 为激活幅度指标，按该 assay 内值域（max=193.0）判为 percent 尺度""}]",0,,0,,4,4,1,"[""CHEMBL4014285""]",2017,LITERATURE,0,一致（pActivity 极差 0.4，3 倍以内）,中,仅 1 篇文献支撑
CHEMBL4098841,,Small molecule,,O=C(Nc1ncc(Cl)s1)[C@H](CC1CCCC1)n1cc(S(=O)(=O)C2CC2)cn1,ADXCGAPVQQHAMO-AWEZNQCLSA-N,1,EC50:1,630.0,630.0,630.0,6.2,6.2,6.2,,0,,0,1,1,"[{""assay"": ""CHEMBL4022283"", ""type"": ""EC50"", ""relation"": ""="", ""value_nm"": 630.0, ""pactivity"": 6.2, ""doc"": ""CHEMBL4020781"", ""rule"": ""EC50 为标准化浓度型效力指标""}]",1,,,0,88.0,%max@CHEMBL4022294,1,1,1,"[{""assay"": ""CHEMBL4022294"", ""type"": ""%max"", ""scale"": ""percent"", ""value"": 88, ""units"": ""%"", ""doc"": ""CHEMBL4020781"", ""rule"": ""%max 为激活幅度指标，按该 assay 内值域（max=100.0）判为 percent 尺度""}]",0,,0,,2,2,1,"[""CHEMBL4020781""]",2017,LITERATURE,0,不适用（可定量效力值不足 2 个 assay）,中,仅 1 篇文献支撑
CHEMBL4098957,,Small molecule,,Cn1ccc(NC(=O)C(CC2CCOCC2)n2ncc3c(S(=O)(=O)C4CC4)cccc32)n1,KSQIDLKRSFWITH-UHFFFAOYSA-N,1,EC50:1,1200.0,1200.0,1200.0,5.92,5.92,5.92,,0,,0,1,1,"[{""assay"": ""CHEMBL4022283"", ""type"": ""EC50"", ""relation"": ""="", ""value_nm"": 1200.0, ""pactivity"": 5.92, ""doc"": ""CHEMBL4020781"", ""rule"": ""EC50 为标准化浓度型效力指标""}]",1,,,0,79.0,%max@CHEMBL4022294,1,1,1,"[{""assay"": ""CHEMBL4022294"", ""type"": ""%max"", ""scale"": ""percent"", ""value"": 79, ""units"": ""%"", ""doc"": ""CHEMBL4020781"", ""rule"": ""%max 为激活幅度指标，按该 assay 内值域（max=100.0）判为 percent 尺度""}]",0,,0,,2,2,1,"[""CHEMBL4020781""]",2017,LITERATURE,0,不适用（可定量效力值不足 2 个 assay）,中,仅 1 篇文献支撑
CHEMBL4101006,,Small molecule,,O=C(Nc1ncc(F)s1)[C@H](CC1CCOCC1)n1ncc2c(S(=O)(=O)C3CC3)ccnc21,YKBDFPILEUOTGX-HNNXBMFYSA-N,1,EC50:1,120.0,120.0,120.0,6.92,6.92,6.92,,0,,0,1,1,"[{""assay"": ""CHEMBL4022283"", ""type"": ""EC50"", ""relation"": ""="", ""value_nm"": 120.0, ""pactivity"": 6.92, ""doc"": ""CHEMBL4020781"", ""rule"": ""EC50 为标准化浓度型效力指标""}]",1,,,0,74.0,%max@CHEMBL4022294,1,1,1,"[{""assay"": ""CHEMBL4022294"", ""type"": ""%max"", ""scale"": ""percent"", ""value"": 74, ""units"": ""%"", ""doc"": ""CHEMBL4020781"", ""rule"": ""%max 为激活幅度指标，按该 assay 内值域（max=100.0）判为 percent 尺度""}]",0,,0,,2,2,1,"[""CHEMBL4020781""]",2017,LITERATURE,0,不适用（可定量效力值不足 2 个 assay）,中,仅 1 篇文献支撑
CHEMBL4101417,,Small molecule,,O=C(Nc1ncc(Cl)s1)[C@H](CC1CCOCC1)n1ncc2c(S(=O)(=O)C3CC3)cccc21,AMNCFZVGAPBFJS-KRWDZBQOSA-N,1,EC50:1,31.0,31.0,31.0,7.51,7.51,7.51,,0,,0,1,1,"[{""assay"": ""CHEMBL4022283"", ""type"": ""EC50"", ""relation"": ""="", ""value_nm"": 31.0, ""pactivity"": 7.51, ""doc"": ""CHEMBL4020781"", ""rule"": ""EC50 为标准化浓度型效力指标""}]",1,,,0,65.0,%max@CHEMBL4022294,1,1,1,"[{""assay"": ""CHEMBL4022294"", ""type"": ""%max"", ""scale"": ""percent"", ""value"": 65, ""units"": ""%"", ""doc"": ""CHEMBL4020781"", ""rule"": ""%max 为激活幅度指标，按该 assay 内值域（max=100.0）判为 percent 尺度""}]",0,,1,"[{""assay"": ""CHEMBL4022295"", ""type"": ""Ratio EC50"", ""value"": 40, ""units"": null, ""reason"": ""Ratio EC50 为自由文本指标（无官方标准化规则），assay 描述未命中提升门槛，不跨实验汇总""}]",3,3,1,"[""CHEMBL4020781""]",2017,LITERATURE,0,不适用（可定量效力值不足 2 个 assay）,中,仅 1 篇文献支撑；1 条指标未归类（见 unclassified_records）
CHEMBL4104680,,Small molecule,,COC(=O)c1ccc(-c2cc3cc(Oc4ccc(S(C)(=O)=O)nc4)c(C4CCC(=O)N4C)cc3[nH]2)nc1,WFBRJBQNYOSYST-UHFFFAOYSA-N,2,EC50:2,3.4,5.8,8.2,8.47,8.28,8.09,0.38,0,,0,2,1,"[{""assay"": ""CHEMBL4014754"", ""type"": ""EC50"", ""relation"": ""="", ""value_nm"": 8.2, ""pactivity"": 8.09, ""doc"": ""CHEMBL4014285"", ""rule"": ""EC50 为标准化浓度型效力指标""}, {""assay"": ""CHEMBL4014756"", ""type"": ""EC50"", ""relation"": ""="", ""value_nm"": 3.4, ""pactivity"": 8.47, ""doc"": ""CHEMBL4014285"", ""rule"": ""EC50 为标准化浓度型效力指标""}]",2,,,0,739.0,%max@CHEMBL4014755,2,2,1,"[{""assay"": ""CHEMBL4014755"", ""type"": ""%max"", ""scale"": ""percent"", ""value"": 739, ""units"": ""%"", ""doc"": ""CHEMBL4014285"", ""rule"": ""%max 为激活幅度指标，按该 assay 内值域（max=784.0）判为 percent 尺度""}, {""assay"": ""CHEMBL4014757"", ""type"": ""%max"", ""scale"": ""percent"", ""value"": 184, ""units"": ""%"", ""doc"": ""CHEMBL4014285"", ""rule"": ""%max 为激活幅度指标，按该 assay 内值域（max=193.0）判为 percent 尺度""}]",0,,0,,4,4,1,"[""CHEMBL4014285""]",2017,LITERATURE,0,一致（pActivity 极差 0.38，3 倍以内）,中,仅 1 篇文献支撑
CHEMBL4202493,,Small molecule,,COCC(C)Oc1cc(Oc2ccc(S(=O)(=O)N3CCC3)cc2)cc(C(=O)Nc2nc3c(s2)CN(C(=O)OC(C)(C)C)CC3)c1,DHHPDGYHANNVAU-UHFFFAOYSA-N,1,EC50:1,900.0,900.0,900.0,6.05,6.05,6.05,,0,,0,1,1,"[{""assay"": ""CHEMBL4193347"", ""type"": ""EC50"", ""relation"": ""="", ""value_nm"": 900.0, ""pactivity"": 6.05, ""doc"": ""CHEMBL4190311"", ""rule"": ""EC50 为标准化浓度型效力指标""}]",1,3.26,FC@CHEMBL4193348,1,,,0,1,1,"[{""assay"": ""CHEMBL4193348"", ""type"": ""FC"", ""scale"": ""fold"", ""value"": 3.26, ""units"": null, ""doc"": ""CHEMBL4190311"", ""rule"": ""FC（fold change）为激活倍数""}]",0,,0,,2,2,1,"[""CHEMBL4190311""]",2017,LITERATURE,0,不适用（可定量效力值不足 2 个 assay）,中,仅 1 篇文献支撑
CHEMBL4202919,,Small molecule,,COC[C@H](C)Oc1cc(Oc2cc(F)cc(F)c2)cc(C(=O)Nc2nc3c(s2)CN(C(=O)OC(C)(C)C)CC3)c1,ICGYHTPMQBYUAX-INIZCTEOSA-N,1,EC50:1,200.0,200.0,200.0,6.7,6.7,6.7,,0,,0,1,1,"[{""assay"": ""CHEMBL4193347"", ""type"": ""EC50"", ""relation"": ""="", ""value_nm"": 200.0, ""pactivity"": 6.7, ""doc"": ""CHEMBL4190311"", ""rule"": ""EC50 为标准化浓度型效力指标""}]",1,2.72,FC@CHEMBL4193348,1,,,0,1,1,"[{""assay"": ""CHEMBL4193348"", ""type"": ""FC"", ""scale"": ""fold"", ""value"": 2.72, ""units"": null, ""doc"": ""CHEMBL4190311"", ""rule"": ""FC（fold change）为激活倍数""}]",0,,0,,2,2,1,"[""CHEMBL4190311""]",2017,LITERATURE,0,不适用（可定量效力值不足 2 个 assay）,中,仅 1 篇文献支撑
CHEMBL4203455,,Small molecule,,COC[C@H](C)Oc1cc(Oc2ccc(C(=O)N3CCC3)cc2)cc(C(=O)Nc2nc3c(s2)CN(C(=O)OC(C)(C)C)CC3)c1,BFVLCIHOPGYKNE-FQEVSTJZSA-N,2,EC50:2,50.0,105.0,160.0,7.3,7.05,6.8,0.5,0,,0,2,1,"[{""assay"": ""CHEMBL4193347"", ""type"": ""EC50"", ""relation"": ""="", ""value_nm"": 160.0, ""pactivity"": 6.8, ""doc"": ""CHEMBL4190311"", ""rule"": ""EC50 为标准化浓度型效力指标""}, {""assay"": ""CHEMBL4193353"", ""type"": ""EC50"", ""relation"": ""="", ""value_nm"": 50.0, ""pactivity"": 7.3, ""doc"": ""CHEMBL4190311"", ""rule"": ""EC50 为标准化浓度型效力指标""}]",1,2.84,FC@CHEMBL4193348,1,,,0,1,1,"[{""assay"": ""CHEMBL4193348"", ""type"": ""FC"", ""scale"": ""fold"", ""value"": 2.84, ""units"": null, ""doc"": ""CHEMBL4190311"", ""rule"": ""FC（fold change）为激活倍数""}]",0,,0,,3,3,1,"[""CHEMBL4190311""]",2017,LITERATURE,0,一致（pActivity 极差 0.5，3 倍以内）,中,仅 1 篇文献支撑
CHEMBL4203459,,Small molecule,,CC(C)(C)OC(=O)N1CCc2nc(NC(=O)c3cc(OCC4CCCC4)cc(Oc4ccc(S(C)(=O)=O)cc4)c3)sc2C1,IDABNTWUCAFYEP-UHFFFAOYSA-N,1,EC50:1,,,,,,,,1,10000.0,0,1,1,"[{""assay"": ""CHEMBL4193347"", ""type"": ""EC50"", ""relation"": "">"", ""value_nm"": 10000.0, ""pactivity"": null, ""doc"": ""CHEMBL4190311"", ""rule"": ""EC50 为标准化浓度型效力指标""}]",1,2.11,FC@CHEMBL4193348,1,,,0,1,1,"[{""assay"": ""CHEMBL4193348"", ""type"": ""FC"", ""scale"": ""fold"", ""value"": 2.11, ""units"": null, ""doc"": ""CHEMBL4190311"", ""rule"": ""FC（fold change）为激活倍数""}]",0,,0,,2,2,1,"[""CHEMBL4190311""]",2017,LITERATURE,0,不适用（可定量效力值不足 2 个 assay）,中,仅 1 篇文献支撑；1 条效力为删失值（>，最高浓度未达 EC50），未计入汇总
CHEMBL4203863,,Small molecule,,COCCN1CCc2nc(NC(=O)c3cc(Oc4ccc(C(=O)N5CCC5)cc4)cc(O[C@@H](C)COC)c3)sc2C1,YVRPPWPVVSQENN-FQEVSTJZSA-N,1,EC50:1,210.0,210.0,210.0,6.68,6.68,6.68,,0,,0,1,1,"[{""assay"": ""CHEMBL4193347"", ""type"": ""EC50"", ""relation"": ""="", ""value_nm"": 210.0, ""pactivity"": 6.68, ""doc"": ""CHEMBL4190311"", ""rule"": ""EC50 为标准化浓度型效力指标""}]",1,1.76,FC@CHEMBL4193348,1,,,0,1,1,"[{""assay"": ""CHEMBL4193348"", ""type"": ""FC"", ""scale"": ""fold"", ""value"": 1.76, ""units"": null, ""doc"": ""CHEMBL4190311"", ""rule"": ""FC（fold change）为激活倍数""}]",0,,0,,2,2,1,"[""CHEMBL4190311""]",2017,LITERATURE,0,不适用（可定量效力值不足 2 个 assay）,中,仅 1 篇文献支撑
CHEMBL4204287,,Small molecule,,COCC(C)Oc1cc(Oc2ccccc2S(C)(=O)=O)cc(C(=O)Nc2nc3c(s2)CN(C(=O)OC(C)(C)C)CC3)c1,UIMBHXKUXXJYIF-UHFFFAOYSA-N,1,EC50:1,,,,,,,,1,10000.0,0,1,1,"[{""assay"": ""CHEMBL4193347"", ""type"": ""EC50"", ""relation"": "">"", ""value_nm"": 10000.0, ""pactivity"": null, ""doc"": ""CHEMBL4190311"", ""rule"": ""EC50 为标准化浓度型效力指标""}]",1,1.89,FC@CHEMBL4193348,1,,,0,1,1,"[{""assay"": ""CHEMBL4193348"", ""type"": ""FC"", ""scale"": ""fold"", ""value"": 1.89, ""units"": null, ""doc"": ""CHEMBL4190311"", ""rule"": ""FC（fold change）为激活倍数""}]",0,,0,,2,2,1,"[""CHEMBL4190311""]",2017,LITERATURE,0,不适用（可定量效力值不足 2 个 assay）,中,仅 1 篇文献支撑；1 条效力为删失值（>，最高浓度未达 EC50），未计入汇总
CHEMBL4204346,,Small molecule,,COC[C@H](C)Oc1cc(Oc2ccc(C(=O)N3CCC3)cc2)cc(C(=O)Nc2nc3c(s2)CN(c2cc[nH]c(=O)c2)CC3)c1,MBSIWFNHCVDLSN-FQEVSTJZSA-N,1,EC50:1,300.0,300.0,300.0,6.52,6.52,6.52,,0,,0,1,1,"[{""assay"": ""CHEMBL4193347"", ""type"": ""EC50"", ""relation"": ""="", ""value_nm"": 300.0, ""pactivity"": 6.52, ""doc"": ""CHEMBL4190311"", ""rule"": ""EC50 为标准化浓度型效力指标""}]",1,2.13,FC@CHEMBL4193348,1,,,0,1,1,"[{""assay"": ""CHEMBL4193348"", ""type"": ""FC"", ""scale"": ""fold"", ""value"": 2.13, ""units"": null, ""doc"": ""CHEMBL4190311"", ""rule"": ""FC（fold change）为激活倍数""}]",0,,0,,2,2,1,"[""CHEMBL4190311""]",2017,LITERATURE,0,不适用（可定量效力值不足 2 个 assay）,中,仅 1 篇文献支撑
CHEMBL4204808,,Small molecule,,COCC(C)Oc1cc(Oc2ccc(S(C)(=O)=O)nc2)cc(C(=O)Nc2nc3c(s2)CN(C(=O)OC(C)(C)C)CC3)c1,ZWYOXZJEFZCSHL-UHFFFAOYSA-N,1,EC50:1,200.0,200.0,200.0,6.7,6.7,6.7,,0,,0,1,1,"[{""assay"": ""CHEMBL4193347"", ""type"": ""EC50"", ""relation"": ""="", ""value_nm"": 200.0, ""pactivity"": 6.7, ""doc"": ""CHEMBL4190311"", ""rule"": ""EC50 为标准化浓度型效力指标""}]",1,4.07,FC@CHEMBL4193348,1,,,0,1,1,"[{""assay"": ""CHEMBL4193348"", ""type"": ""FC"", ""scale"": ""fold"", ""value"": 4.07, ""units"": null, ""doc"": ""CHEMBL4190311"", ""rule"": ""FC（fold change）为激活倍数""}]",0,,0,,2,2,1,"[""CHEMBL4190311""]",2017,LITERATURE,0,不适用（可定量效力值不足 2 个 assay）,中,仅 1 篇文献支撑
CHEMBL4204989,,Small molecule,,COCC(C)Oc1cc(Oc2ccc(S(C)(=O)=O)cc2)cc(C(=O)Nc2nc3c(s2)CCC3)c1,ZZVUHZHFBQHPIF-UHFFFAOYSA-N,1,EC50:1,100.0,100.0,100.0,7.0,7.0,7.0,,0,,0,1,1,"[{""assay"": ""CHEMBL4193347"", ""type"": ""EC50"", ""relation"": ""="", ""value_nm"": 100.0, ""pactivity"": 7.0, ""doc"": ""CHEMBL4190311"", ""rule"": ""EC50 为标准化浓度型效力指标""}]",1,4.8,FC@CHEMBL4193348,1,,,0,1,1,"[{""assay"": ""CHEMBL4193348"", ""type"": ""FC"", ""scale"": ""fold"", ""value"": 4.8, ""units"": null, ""doc"": ""CHEMBL4190311"", ""rule"": ""FC（fold change）为激活倍数""}]",0,,0,,2,2,1,"[""CHEMBL4190311""]",2017,LITERATURE,0,不适用（可定量效力值不足 2 个 assay）,中,仅 1 篇文献支撑
CHEMBL4205489,,Small molecule,,COCC(C)Oc1cc(Oc2ccc(S(C)(=O)=O)cc2)cc(C(=O)Nc2nc3c(s2)CCCC3)c1,AAJKLRBVIPIBEW-UHFFFAOYSA-N,2,EC50:2,30.0,460.0,890.0,7.52,6.785,6.05,1.47,0,,0,2,1,"[{""assay"": ""CHEMBL4193347"", ""type"": ""EC50"", ""relation"": ""="", ""value_nm"": 890.0, ""pactivity"": 6.05, ""doc"": ""CHEMBL4190311"", ""rule"": ""EC50 为标准化浓度型效力指标""}, {""assay"": ""CHEMBL4193353"", ""type"": ""EC50"", ""relation"": ""="", ""value_nm"": 30.0, ""pactivity"": 7.52, ""doc"": ""CHEMBL4190311"", ""rule"": ""EC50 为标准化浓度型效力指标""}]",1,3.42,FC@CHEMBL4193348,1,,,0,1,1,"[{""assay"": ""CHEMBL4193348"", ""type"": ""FC"", ""scale"": ""fold"", ""value"": 3.42, ""units"": null, ""doc"": ""CHEMBL4190311"", ""rule"": ""FC（fold change）为激活倍数""}]",0,,0,,3,3,1,"[""CHEMBL4190311""]",2017,LITERATURE,0,分歧（pActivity 极差 1.47，超过 10 倍）,中,仅 1 篇文献支撑
CHEMBL4205786,,Small molecule,,COC[C@H](C)Oc1cc(Oc2ccc(C(=O)N3CCC3)cc2)cc(C(=O)Nc2nc3c(s2)CCN(C(=O)OC(C)(C)C)C3)c1,CFDATENPAYNOGA-FQEVSTJZSA-N,1,EC50:1,460.0,460.0,460.0,6.34,6.34,6.34,,0,,0,1,1,"[{""assay"": ""CHEMBL4193347"", ""type"": ""EC50"", ""relation"": ""="", ""value_nm"": 460.0, ""pactivity"": 6.34, ""doc"": ""CHEMBL4190311"", ""rule"": ""EC50 为标准化浓度型效力指标""}]",1,2.65,FC@CHEMBL4193348,1,,,0,1,1,"[{""assay"": ""CHEMBL4193348"", ""type"": ""FC"", ""scale"": ""fold"", ""value"": 2.65, ""units"": null, ""doc"": ""CHEMBL4190311"", ""rule"": ""FC（fold change）为激活倍数""}]",0,,0,,2,2,1,"[""CHEMBL4190311""]",2017,LITERATURE,0,不适用（可定量效力值不足 2 个 assay）,中,仅 1 篇文献支撑
CHEMBL4205913,,Small molecule,,COCC(C)Oc1cc(Oc2ccc(S(C)(=O)=O)cc2)cc(C(=O)Nc2nc3c(s2)CN(C(=O)OC(C)(C)C)CC3)c1,WKRQYZYBADIGGU-UHFFFAOYSA-N,1,EC50:1,320.0,320.0,320.0,6.5,6.5,6.5,,0,,0,1,1,"[{""assay"": ""CHEMBL4193347"", ""type"": ""EC50"", ""relation"": ""="", ""value_nm"": 320.0, ""pactivity"": 6.5, ""doc"": ""CHEMBL4190311"", ""rule"": ""EC50 为标准化浓度型效力指标""}]",1,2.94,FC@CHEMBL4193348,1,,,0,1,1,"[{""assay"": ""CHEMBL4193348"", ""type"": ""FC"", ""scale"": ""fold"", ""value"": 2.94, ""units"": null, ""doc"": ""CHEMBL4190311"", ""rule"": ""FC（fold change）为激活倍数""}]",0,,0,,2,2,1,"[""CHEMBL4190311""]",2017,LITERATURE,0,不适用（可定量效力值不足 2 个 assay）,中,仅 1 篇文献支撑
CHEMBL4206337,,Small molecule,,CC(C)Oc1cc(Oc2ccc(S(C)(=O)=O)cc2)cc(C(=O)Nc2nc3c(s2)CN(C(=O)OC(C)(C)C)CC3)c1,YFXWYJJSRUABMD-UHFFFAOYSA-N,1,EC50:1,170.0,170.0,170.0,6.77,6.77,6.77,,0,,0,1,1,"[{""assay"": ""CHEMBL4193347"", ""type"": ""EC50"", ""relation"": ""="", ""value_nm"": 170.0, ""pactivity"": 6.77, ""doc"": ""CHEMBL4190311"", ""rule"": ""EC50 为标准化浓度型效力指标""}]",1,3.55,FC@CHEMBL4193348,1,,,0,1,1,"[{""assay"": ""CHEMBL4193348"", ""type"": ""FC"", ""scale"": ""fold"", ""value"": 3.55, ""units"": null, ""doc"": ""CHEMBL4190311"", ""rule"": ""FC（fold change）为激活倍数""}]",0,,0,,2,2,1,"[""CHEMBL4190311""]",2017,LITERATURE,0,不适用（可定量效力值不足 2 个 assay）,中,仅 1 篇文献支撑
CHEMBL4206729,,Small molecule,,CCS(=O)(=O)c1ccc(Oc2cc(OC(C)COC)cc(C(=O)Nc3nc4c(s3)CN(C(=O)OC(C)(C)C)CC4)c2)cc1,NLNRFKHPSDEQHQ-UHFFFAOYSA-N,1,EC50:1,140.0,140.0,140.0,6.85,6.85,6.85,,0,,0,1,1,"[{""assay"": ""CHEMBL4193347"", ""type"": ""EC50"", ""relation"": ""="", ""value_nm"": 140.0, ""pactivity"": 6.85, ""doc"": ""CHEMBL4190311"", ""rule"": ""EC50 为标准化浓度型效力指标""}]",1,2.37,FC@CHEMBL4193348,1,,,0,1,1,"[{""assay"": ""CHEMBL4193348"", ""type"": ""FC"", ""scale"": ""fold"", ""value"": 2.37, ""units"": null, ""doc"": ""CHEMBL4190311"", ""rule"": ""FC（fold change）为激活倍数""}]",0,,0,,2,2,1,"[""CHEMBL4190311""]",2017,LITERATURE,0,不适用（可定量效力值不足 2 个 assay）,中,仅 1 篇文献支撑
CHEMBL4206856,,Small molecule,,COCC(C)Oc1cc(Oc2ccc(C(=O)N(C)C)cc2)cc(C(=O)Nc2nc3c(s2)CN(C(=O)OC(C)(C)C)CC3)c1,HZMRHFDZUYUFOP-UHFFFAOYSA-N,1,EC50:1,90.0,90.0,90.0,7.05,7.05,7.05,,0,,0,1,1,"[{""assay"": ""CHEMBL4193347"", ""type"": ""EC50"", ""relation"": ""="", ""value_nm"": 90.0, ""pactivity"": 7.05, ""doc"": ""CHEMBL4190311"", ""rule"": ""EC50 为标准化浓度型效力指标""}]",1,1.91,FC@CHEMBL4193348,1,,,0,1,1,"[{""assay"": ""CHEMBL4193348"", ""type"": ""FC"", ""scale"": ""fold"", ""value"": 1.91, ""units"": null, ""doc"": ""CHEMBL4190311"", ""rule"": ""FC（fold change）为激活倍数""}]",0,,0,,2,2,1,"[""CHEMBL4190311""]",2017,LITERATURE,0,不适用（可定量效力值不足 2 个 assay）,中,仅 1 篇文献支撑
CHEMBL4207270,,Small molecule,,CCOC(=O)N1CCc2nc(NC(=O)c3cc(Oc4ccc(C(=O)N5CCC5)cc4)cc(O[C@@H](C)COC)c3)sc2C1,VBAKJOSCGIWNTC-IBGZPJMESA-N,1,EC50:1,230.0,230.0,230.0,6.64,6.64,6.64,,0,,0,1,1,"[{""assay"": ""CHEMBL4193347"", ""type"": ""EC50"", ""relation"": ""="", ""value_nm"": 230.0, ""pactivity"": 6.64, ""doc"": ""CHEMBL4190311"", ""rule"": ""EC50 为标准化浓度型效力指标""}]",1,2.22,FC@CHEMBL4193348,1,,,0,1,1,"[{""assay"": ""CHEMBL4193348"", ""type"": ""FC"", ""scale"": ""fold"", ""value"": 2.22, ""units"": null, ""doc"": ""CHEMBL4190311"", ""rule"": ""FC（fold change）为激活倍数""}]",0,,0,,2,2,1,"[""CHEMBL4190311""]",2017,LITERATURE,0,不适用（可定量效力值不足 2 个 assay）,中,仅 1 篇文献支撑
CHEMBL4207312,,Small molecule,,COC[C@H](C)Oc1cc(Oc2ccc(C(=O)N3CCC3)cc2)cc(C(=O)Nc2nc3c(s2)CN(CCO)CC3)c1,LSAALAJERHIXPX-IBGZPJMESA-N,1,EC50:1,4600.0,4600.0,4600.0,5.34,5.34,5.34,,0,,0,1,1,"[{""assay"": ""CHEMBL4193347"", ""type"": ""EC50"", ""relation"": ""="", ""value_nm"": 4600.0, ""pactivity"": 5.34, ""doc"": ""CHEMBL4190311"", ""rule"": ""EC50 为标准化浓度型效力指标""}]",1,1.97,FC@CHEMBL4193348,1,,,0,1,1,"[{""assay"": ""CHEMBL4193348"", ""type"": ""FC"", ""scale"": ""fold"", ""value"": 1.97, ""units"": null, ""doc"": ""CHEMBL4190311"", ""rule"": ""FC（fold change）为激活倍数""}]",0,,0,,2,2,1,"[""CHEMBL4190311""]",2017,LITERATURE,0,不适用（可定量效力值不足 2 个 assay）,中,仅 1 篇文献支撑
CHEMBL4207681,,Small molecule,,COCC(C)Oc1cc(Oc2ccc(S(C)(=O)=O)cc2)cc(C(=O)Nc2nc3c(s2)CN(c2ccccc2)CC3)c1,IITLATQBSNABSG-UHFFFAOYSA-N,1,EC50:1,,,,,,,,1,10000.0,0,1,1,"[{""assay"": ""CHEMBL4193347"", ""type"": ""EC50"", ""relation"": "">"", ""value_nm"": 10000.0, ""pactivity"": null, ""doc"": ""CHEMBL4190311"", ""rule"": ""EC50 为标准化浓度型效力指标""}]",1,2.05,FC@CHEMBL4193348,1,,,0,1,1,"[{""assay"": ""CHEMBL4193348"", ""type"": ""FC"", ""scale"": ""fold"", ""value"": 2.05, ""units"": null, ""doc"": ""CHEMBL4190311"", ""rule"": ""FC（fold change）为激活倍数""}]",0,,0,,2,2,1,"[""CHEMBL4190311""]",2017,LITERATURE,0,不适用（可定量效力值不足 2 个 assay）,中,仅 1 篇文献支撑；1 条效力为删失值（>，最高浓度未达 EC50），未计入汇总
CHEMBL4207808,,Small molecule,,COC[C@H](C)Oc1cc(Oc2ccc(C(=O)N3CCC3)c(F)c2)cc(C(=O)Nc2nc3c(s2)CN(C(=O)OC(C)(C)C)CC3)c1,CSESJNVNLCLDGP-IBGZPJMESA-N,1,EC50:1,330.0,330.0,330.0,6.48,6.48,6.48,,0,,0,1,1,"[{""assay"": ""CHEMBL4193347"", ""type"": ""EC50"", ""relation"": ""="", ""value_nm"": 330.0, ""pactivity"": 6.48, ""doc"": ""CHEMBL4190311"", ""rule"": ""EC50 为标准化浓度型效力指标""}]",1,2.83,FC@CHEMBL4193348,1,,,0,1,1,"[{""assay"": ""CHEMBL4193348"", ""type"": ""FC"", ""scale"": ""fold"", ""value"": 2.83, ""units"": null, ""doc"": ""CHEMBL4190311"", ""rule"": ""FC（fold change）为激活倍数""}]",0,,0,,2,2,1,"[""CHEMBL4190311""]",2017,LITERATURE,0,不适用（可定量效力值不足 2 个 assay）,中,仅 1 篇文献支撑
CHEMBL4208388,,Small molecule,,COCC(C)Oc1cc(Oc2ccc(S(C)(=O)=O)cc2)cc(C(=O)Nc2nc3c(s2)CN(C(C)C)CC3)c1,DTKPJIOLCJHUJY-UHFFFAOYSA-N,1,EC50:1,7080.0,7080.0,7080.0,5.15,5.15,5.15,,0,,0,1,1,"[{""assay"": ""CHEMBL4193347"", ""type"": ""EC50"", ""relation"": ""="", ""value_nm"": 7080.0, ""pactivity"": 5.15, ""doc"": ""CHEMBL4190311"", ""rule"": ""EC50 为标准化浓度型效力指标""}]",1,2.0,FC@CHEMBL4193348,1,,,0,1,1,"[{""assay"": ""CHEMBL4193348"", ""type"": ""FC"", ""scale"": ""fold"", ""value"": 2, ""units"": null, ""doc"": ""CHEMBL4190311"", ""rule"": ""FC（fold change）为激活倍数""}]",0,,0,,2,2,1,"[""CHEMBL4190311""]",2017,LITERATURE,0,不适用（可定量效力值不足 2 个 assay）,中,仅 1 篇文献支撑
CHEMBL4208677,,Small molecule,,COC[C@H](C)Oc1cc(Oc2ccc(C(=O)N3CCC3)cc2)cc(C(=O)Nc2nc3c(s2)CN(c2ncccn2)CC3)c1,ADLPFMQUJGWTHL-FQEVSTJZSA-N,1,EC50:1,170.0,170.0,170.0,6.77,6.77,6.77,,0,,0,1,1,"[{""assay"": ""CHEMBL4193347"", ""type"": ""EC50"", ""relation"": ""="", ""value_nm"": 170.0, ""pactivity"": 6.77, ""doc"": ""CHEMBL4190311"", ""rule"": ""EC50 为标准化浓度型效力指标""}]",1,2.35,FC@CHEMBL4193348,1,,,0,1,1,"[{""assay"": ""CHEMBL4193348"", ""type"": ""FC"", ""scale"": ""fold"", ""value"": 2.35, ""units"": null, ""doc"": ""CHEMBL4190311"", ""rule"": ""FC（fold change）为激活倍数""}]",0,,0,,2,2,1,"[""CHEMBL4190311""]",2017,LITERATURE,0,不适用（可定量效力值不足 2 个 assay）,中,仅 1 篇文献支撑
CHEMBL4209159,,Small molecule,,COCC(C)Oc1cc(Oc2cccc(S(C)(=O)=O)c2)cc(C(=O)Nc2nc3c(s2)CN(C(=O)OC(C)(C)C)CC3)c1,CBKZKRGRLRQDFO-UHFFFAOYSA-N,1,EC50:1,820.0,820.0,820.0,6.09,6.09,6.09,,0,,0,1,1,"[{""assay"": ""CHEMBL4193347"", ""type"": ""EC50"", ""relation"": ""="", ""value_nm"": 820.0, ""pactivity"": 6.09, ""doc"": ""CHEMBL4190311"", ""rule"": ""EC50 为标准化浓度型效力指标""}]",1,2.74,FC@CHEMBL4193348,1,,,0,1,1,"[{""assay"": ""CHEMBL4193348"", ""type"": ""FC"", ""scale"": ""fold"", ""value"": 2.74, ""units"": null, ""doc"": ""CHEMBL4190311"", ""rule"": ""FC（fold change）为激活倍数""}]",0,,0,,2,2,1,"[""CHEMBL4190311""]",2017,LITERATURE,0,不适用（可定量效力值不足 2 个 assay）,中,仅 1 篇文献支撑
CHEMBL4209218,,Small molecule,,COC[C@H](C)Oc1cc(Oc2ccc(C(=O)N3CCC3)cc2)cc(C(=O)Nc2nc3c(s2)CN(c2ccncn2)CC3)c1,DNDQVXMSSKYUTJ-FQEVSTJZSA-N,1,EC50:1,490.0,490.0,490.0,6.31,6.31,6.31,,0,,0,1,1,"[{""assay"": ""CHEMBL4193347"", ""type"": ""EC50"", ""relation"": ""="", ""value_nm"": 490.0, ""pactivity"": 6.31, ""doc"": ""CHEMBL4190311"", ""rule"": ""EC50 为标准化浓度型效力指标""}]",1,2.53,FC@CHEMBL4193348,1,,,0,1,1,"[{""assay"": ""CHEMBL4193348"", ""type"": ""FC"", ""scale"": ""fold"", ""value"": 2.53, ""units"": null, ""doc"": ""CHEMBL4190311"", ""rule"": ""FC（fold change）为激活倍数""}]",0,,0,,2,2,1,"[""CHEMBL4190311""]",2017,LITERATURE,0,不适用（可定量效力值不足 2 个 assay）,中,仅 1 篇文献支撑
CHEMBL4210704,,Small molecule,,CC(C)(C)OC(=O)N1CCc2nc(NC(=O)c3cc(Oc4ccc(S(C)(=O)=O)cc4)cc(OC4CCCCC4)c3)sc2C1,LXYLINODUSBPJE-UHFFFAOYSA-N,1,EC50:1,550.0,550.0,550.0,6.26,6.26,6.26,,0,,0,1,1,"[{""assay"": ""CHEMBL4193347"", ""type"": ""EC50"", ""relation"": ""="", ""value_nm"": 550.0, ""pactivity"": 6.26, ""doc"": ""CHEMBL4190311"", ""rule"": ""EC50 为标准化浓度型效力指标""}]",1,1.71,FC@CHEMBL4193348,1,,,0,1,1,"[{""assay"": ""CHEMBL4193348"", ""type"": ""FC"", ""scale"": ""fold"", ""value"": 1.71, ""units"": null, ""doc"": ""CHEMBL4190311"", ""rule"": ""FC（fold change）为激活倍数""}]",0,,0,,2,2,1,"[""CHEMBL4190311""]",2017,LITERATURE,0,不适用（可定量效力值不足 2 个 assay）,中,仅 1 篇文献支撑
CHEMBL4210790,,Small molecule,,COCC(C)Oc1cc(Oc2ccc(S(C)(=O)=O)cc2)cc(C(=O)Nc2nc3c(s2)CN(C(C)=O)CC3)c1,GBIQHQKYPOHTCD-UHFFFAOYSA-N,1,EC50:1,2220.0,2220.0,2220.0,5.65,5.65,5.65,,0,,0,1,1,"[{""assay"": ""CHEMBL4193347"", ""type"": ""EC50"", ""relation"": ""="", ""value_nm"": 2220.0, ""pactivity"": 5.65, ""doc"": ""CHEMBL4190311"", ""rule"": ""EC50 为标准化浓度型效力指标""}]",1,2.5,FC@CHEMBL4193348,1,,,0,1,1,"[{""assay"": ""CHEMBL4193348"", ""type"": ""FC"", ""scale"": ""fold"", ""value"": 2.5, ""units"": null, ""doc"": ""CHEMBL4190311"", ""rule"": ""FC（fold change）为激活倍数""}]",0,,0,,2,2,1,"[""CHEMBL4190311""]",2017,LITERATURE,0,不适用（可定量效力值不足 2 个 assay）,中,仅 1 篇文献支撑
CHEMBL4211227,,Small molecule,,COCCOc1cc(Oc2ccc(S(C)(=O)=O)cc2)cc(C(=O)Nc2nc3c(s2)CN(C(=O)OC(C)(C)C)CC3)c1,RBZOPZCKYCVTKW-UHFFFAOYSA-N,1,EC50:1,2230.0,2230.0,2230.0,5.65,5.65,5.65,,0,,0,1,1,"[{""assay"": ""CHEMBL4193347"", ""type"": ""EC50"", ""relation"": ""="", ""value_nm"": 2230.0, ""pactivity"": 5.65, ""doc"": ""CHEMBL4190311"", ""rule"": ""EC50 为标准化浓度型效力指标""}]",1,2.3,FC@CHEMBL4193348,1,,,0,1,1,"[{""assay"": ""CHEMBL4193348"", ""type"": ""FC"", ""scale"": ""fold"", ""value"": 2.3, ""units"": null, ""doc"": ""CHEMBL4190311"", ""rule"": ""FC（fold change）为激活倍数""}]",0,,0,,2,2,1,"[""CHEMBL4190311""]",2017,LITERATURE,0,不适用（可定量效力值不足 2 个 assay）,中,仅 1 篇文献支撑
CHEMBL4211616,,Small molecule,,COCC(C)Oc1cc(Oc2ccc(S(=O)(=O)C3CC3)cc2)cc(C(=O)Nc2nc3c(s2)CN(C(=O)OC(C)(C)C)CC3)c1,MOCCHYWUMYIBPT-UHFFFAOYSA-N,1,EC50:1,230.0,230.0,230.0,6.64,6.64,6.64,,0,,0,1,1,"[{""assay"": ""CHEMBL4193347"", ""type"": ""EC50"", ""relation"": ""="", ""value_nm"": 230.0, ""pactivity"": 6.64, ""doc"": ""CHEMBL4190311"", ""rule"": ""EC50 为标准化浓度型效力指标""}]",1,3.12,FC@CHEMBL4193348,1,,,0,1,1,"[{""assay"": ""CHEMBL4193348"", ""type"": ""FC"", ""scale"": ""fold"", ""value"": 3.12, ""units"": null, ""doc"": ""CHEMBL4190311"", ""rule"": ""FC（fold change）为激活倍数""}]",0,,0,,2,2,1,"[""CHEMBL4190311""]",2017,LITERATURE,0,不适用（可定量效力值不足 2 个 assay）,中,仅 1 篇文献支撑
CHEMBL4211625,,Small molecule,,COC[C@H](C)Oc1cc(Oc2ccc(C(=O)N3CCC3)cc2)cc(C(=O)Nc2nc3c(s2)CNCC3)c1,BDAHPYQDZPCXCR-KRWDZBQOSA-N,1,EC50:1,1130.0,1130.0,1130.0,5.95,5.95,5.95,,0,,0,1,1,"[{""assay"": ""CHEMBL4193347"", ""type"": ""EC50"", ""relation"": ""="", ""value_nm"": 1130.0, ""pactivity"": 5.95, ""doc"": ""CHEMBL4190311"", ""rule"": ""EC50 为标准化浓度型效力指标""}]",1,2.2,FC@CHEMBL4193348,1,,,0,1,1,"[{""assay"": ""CHEMBL4193348"", ""type"": ""FC"", ""scale"": ""fold"", ""value"": 2.2, ""units"": null, ""doc"": ""CHEMBL4190311"", ""rule"": ""FC（fold change）为激活倍数""}]",0,,0,,2,2,1,"[""CHEMBL4190311""]",2017,LITERATURE,0,不适用（可定量效力值不足 2 个 assay）,中,仅 1 篇文献支撑
CHEMBL4212033,,Small molecule,,COCC(C)Oc1cc(Oc2ccc(S(C)(=O)=O)cc2)cc(C(=O)Nc2nc3c(s2)CN(c2cccnc2)CC3)c1,UKQXANSIWQGWFI-UHFFFAOYSA-N,1,EC50:1,1090.0,1090.0,1090.0,5.96,5.96,5.96,,0,,0,1,1,"[{""assay"": ""CHEMBL4193347"", ""type"": ""EC50"", ""relation"": ""="", ""value_nm"": 1090.0, ""pactivity"": 5.96, ""doc"": ""CHEMBL4190311"", ""rule"": ""EC50 为标准化浓度型效力指标""}]",1,2.7,FC@CHEMBL4193348,1,,,0,1,1,"[{""assay"": ""CHEMBL4193348"", ""type"": ""FC"", ""scale"": ""fold"", ""value"": 2.7, ""units"": null, ""doc"": ""CHEMBL4190311"", ""rule"": ""FC（fold change）为激活倍数""}]",0,,0,,2,2,1,"[""CHEMBL4190311""]",2017,LITERATURE,0,不适用（可定量效力值不足 2 个 assay）,中,仅 1 篇文献支撑
CHEMBL4212156,,Small molecule,,COC[C@H](C)Oc1cc(Oc2ccc(C(=O)N3CCC3)cc2)cc(C(=O)Nc2nc3c(s2)CN(C(=O)N(C)C)CC3)c1,NGYAQWBCOYBRCN-IBGZPJMESA-N,1,EC50:1,500.0,500.0,500.0,6.3,6.3,6.3,,0,,0,1,1,"[{""assay"": ""CHEMBL4193347"", ""type"": ""EC50"", ""relation"": ""="", ""value_nm"": 500.0, ""pactivity"": 6.3, ""doc"": ""CHEMBL4190311"", ""rule"": ""EC50 为标准化浓度型效力指标""}]",1,2.35,FC@CHEMBL4193348,1,,,0,1,1,"[{""assay"": ""CHEMBL4193348"", ""type"": ""FC"", ""scale"": ""fold"", ""value"": 2.35, ""units"": null, ""doc"": ""CHEMBL4190311"", ""rule"": ""FC（fold change）为激活倍数""}]",0,,0,,2,2,1,"[""CHEMBL4190311""]",2017,LITERATURE,0,不适用（可定量效力值不足 2 个 assay）,中,仅 1 篇文献支撑
CHEMBL4212586,,Small molecule,,COCC(C)Oc1cc(Oc2ccc(S(C)(=O)=O)cc2)cc(C(=O)Nc2nc3c(s2)CN(c2ccccn2)CC3)c1,WPECPNUUNMGYNL-UHFFFAOYSA-N,1,EC50:1,890.0,890.0,890.0,6.05,6.05,6.05,,0,,0,1,1,"[{""assay"": ""CHEMBL4193347"", ""type"": ""EC50"", ""relation"": ""="", ""value_nm"": 890.0, ""pactivity"": 6.05, ""doc"": ""CHEMBL4190311"", ""rule"": ""EC50 为标准化浓度型效力指标""}]",1,2.39,FC@CHEMBL4193348,1,,,0,1,1,"[{""assay"": ""CHEMBL4193348"", ""type"": ""FC"", ""scale"": ""fold"", ""value"": 2.39, ""units"": null, ""doc"": ""CHEMBL4190311"", ""rule"": ""FC（fold change）为激活倍数""}]",0,,0,,2,2,1,"[""CHEMBL4190311""]",2017,LITERATURE,0,不适用（可定量效力值不足 2 个 assay）,中,仅 1 篇文献支撑
CHEMBL4212777,,Small molecule,,COCC(C)Oc1cc(Oc2ccc(S(C)(=O)=O)cc2)cc(C(=O)Nc2nc3c(s2)CN(C)CC3)c1,TZJVCETVJIOGIL-UHFFFAOYSA-N,1,EC50:1,8420.0,8420.0,8420.0,5.08,5.08,5.08,,0,,0,1,1,"[{""assay"": ""CHEMBL4193347"", ""type"": ""EC50"", ""relation"": ""="", ""value_nm"": 8420.0, ""pactivity"": 5.08, ""doc"": ""CHEMBL4190311"", ""rule"": ""EC50 为标准化浓度型效力指标""}]",1,3.14,FC@CHEMBL4193348,1,,,0,1,1,"[{""assay"": ""CHEMBL4193348"", ""type"": ""FC"", ""scale"": ""fold"", ""value"": 3.14, ""units"": null, ""doc"": ""CHEMBL4190311"", ""rule"": ""FC（fold change）为激活倍数""}]",0,,0,,2,2,1,"[""CHEMBL4190311""]",2017,LITERATURE,0,不适用（可定量效力值不足 2 个 assay）,中,仅 1 篇文献支撑
CHEMBL4212948,,Small molecule,,C[C@@H](CO)Oc1cc(Oc2ccc(C(=O)N3CCC3)cc2)cc(C(=O)Nc2nc3c(s2)CN(C(=O)OC(C)(C)C)CC3)c1,QUZSXAKPPNXZKV-IBGZPJMESA-N,1,EC50:1,1300.0,1300.0,1300.0,5.89,5.89,5.89,,0,,0,1,1,"[{""assay"": ""CHEMBL4193347"", ""type"": ""EC50"", ""relation"": ""="", ""value_nm"": 1300.0, ""pactivity"": 5.89, ""doc"": ""CHEMBL4190311"", ""rule"": ""EC50 为标准化浓度型效力指标""}]",1,2.62,FC@CHEMBL4193348,1,,,0,1,1,"[{""assay"": ""CHEMBL4193348"", ""type"": ""FC"", ""scale"": ""fold"", ""value"": 2.62, ""units"": null, ""doc"": ""CHEMBL4190311"", ""rule"": ""FC（fold change）为激活倍数""}]",0,,0,,2,2,1,"[""CHEMBL4190311""]",2017,LITERATURE,0,不适用（可定量效力值不足 2 个 assay）,中,仅 1 篇文献支撑
CHEMBL4213321,,Small molecule,,CCN1CCc2nc(NC(=O)c3cc(Oc4ccc(S(C)(=O)=O)cc4)cc(OC(C)COC)c3)sc2C1,FESHSTQERVCOKK-UHFFFAOYSA-N,1,EC50:1,5420.0,5420.0,5420.0,5.27,5.27,5.27,,0,,0,1,1,"[{""assay"": ""CHEMBL4193347"", ""type"": ""EC50"", ""relation"": ""="", ""value_nm"": 5420.0, ""pactivity"": 5.27, ""doc"": ""CHEMBL4190311"", ""rule"": ""EC50 为标准化浓度型效力指标""}]",1,2.08,FC@CHEMBL4193348,1,,,0,1,1,"[{""assay"": ""CHEMBL4193348"", ""type"": ""FC"", ""scale"": ""fold"", ""value"": 2.08, ""units"": null, ""doc"": ""CHEMBL4190311"", ""rule"": ""FC（fold change）为激活倍数""}]",0,,0,,2,2,1,"[""CHEMBL4190311""]",2017,LITERATURE,0,不适用（可定量效力值不足 2 个 assay）,中,仅 1 篇文献支撑
CHEMBL4213613,,Small molecule,,COC[C@H](C)Oc1cc(Oc2ccc(C(=O)N3CCC3)cc2)cc(C(=O)Nc2nc3c(s2)CN(c2ccccn2)CC3)c1,VLZGQZMNYQBDLX-NRFANRHFSA-N,1,EC50:1,290.0,290.0,290.0,6.54,6.54,6.54,,0,,0,1,1,"[{""assay"": ""CHEMBL4193347"", ""type"": ""EC50"", ""relation"": ""="", ""value_nm"": 290.0, ""pactivity"": 6.54, ""doc"": ""CHEMBL4190311"", ""rule"": ""EC50 为标准化浓度型效力指标""}]",1,1.92,FC@CHEMBL4193348,1,,,0,1,1,"[{""assay"": ""CHEMBL4193348"", ""type"": ""FC"", ""scale"": ""fold"", ""value"": 1.92, ""units"": null, ""doc"": ""CHEMBL4190311"", ""rule"": ""FC（fold change）为激活倍数""}]",0,,0,,2,2,1,"[""CHEMBL4190311""]",2017,LITERATURE,0,不适用（可定量效力值不足 2 个 assay）,中,仅 1 篇文献支撑
CHEMBL4214183,,Small molecule,,COCC(C)Oc1cc(Oc2ccc(C(=O)N3CCC3)cc2)cc(C(=O)Nc2nc3c(s2)CN(C(=O)OC(C)(C)C)CC3)c1,BFVLCIHOPGYKNE-UHFFFAOYSA-N,2,EC50:2,150.0,220.0,290.0,6.82,6.68,6.54,0.28,0,,0,2,1,"[{""assay"": ""CHEMBL4193347"", ""type"": ""EC50"", ""relation"": ""="", ""value_nm"": 290.0, ""pactivity"": 6.54, ""doc"": ""CHEMBL4190311"", ""rule"": ""EC50 为标准化浓度型效力指标""}, {""assay"": ""CHEMBL4193353"", ""type"": ""EC50"", ""relation"": ""="", ""value_nm"": 150.0, ""pactivity"": 6.82, ""doc"": ""CHEMBL4190311"", ""rule"": ""EC50 为标准化浓度型效力指标""}]",1,2.89,FC@CHEMBL4193348,1,,,0,1,1,"[{""assay"": ""CHEMBL4193348"", ""type"": ""FC"", ""scale"": ""fold"", ""value"": 2.89, ""units"": null, ""doc"": ""CHEMBL4190311"", ""rule"": ""FC（fold change）为激活倍数""}]",0,,0,,3,3,1,"[""CHEMBL4190311""]",2017,LITERATURE,0,一致（pActivity 极差 0.28，3 倍以内）,中,仅 1 篇文献支撑
CHEMBL4215125,,Small molecule,,COC[C@@H](C)Oc1cc(Oc2ccc(C(=O)N3CCC3)cc2)cc(C(=O)Nc2nc3c(s2)CN(C(=O)OC(C)(C)C)CC3)c1,BFVLCIHOPGYKNE-HXUWFJFHSA-N,1,EC50:1,2600.0,2600.0,2600.0,5.58,5.58,5.58,,0,,0,1,1,"[{""assay"": ""CHEMBL4193347"", ""type"": ""EC50"", ""relation"": ""="", ""value_nm"": 2600.0, ""pactivity"": 5.58, ""doc"": ""CHEMBL4190311"", ""rule"": ""EC50 为标准化浓度型效力指标""}]",1,2.96,FC@CHEMBL4193348,1,,,0,1,1,"[{""assay"": ""CHEMBL4193348"", ""type"": ""FC"", ""scale"": ""fold"", ""value"": 2.96, ""units"": null, ""doc"": ""CHEMBL4190311"", ""rule"": ""FC（fold change）为激活倍数""}]",0,,0,,2,2,1,"[""CHEMBL4190311""]",2017,LITERATURE,0,不适用（可定量效力值不足 2 个 assay）,中,仅 1 篇文献支撑
CHEMBL4215129,,Small molecule,,CC(C)(C)OC(=O)N1CCc2nc(NC(=O)c3cc(OCc4ccccc4)cc(Oc4ccc(S(C)(=O)=O)cc4)c3)sc2C1,BOMMLSFDEQFDKG-UHFFFAOYSA-N,1,EC50:1,7000.0,7000.0,7000.0,5.16,5.16,5.16,,0,,0,1,1,"[{""assay"": ""CHEMBL4193347"", ""type"": ""EC50"", ""relation"": ""="", ""value_nm"": 7000.0, ""pactivity"": 5.16, ""doc"": ""CHEMBL4190311"", ""rule"": ""EC50 为标准化浓度型效力指标""}]",1,2.3,FC@CHEMBL4193348,1,,,0,1,1,"[{""assay"": ""CHEMBL4193348"", ""type"": ""FC"", ""scale"": ""fold"", ""value"": 2.3, ""units"": null, ""doc"": ""CHEMBL4190311"", ""rule"": ""FC（fold change）为激活倍数""}]",0,,0,,2,2,1,"[""CHEMBL4190311""]",2017,LITERATURE,0,不适用（可定量效力值不足 2 个 assay）,中,仅 1 篇文献支撑
CHEMBL4215660,,Small molecule,,CC(C)(C)OC(=O)N1CCc2nc(NC(=O)c3cc(Oc4ccc(S(C)(=O)=O)cc4)cc(OC4CCCC4)c3)sc2C1,KXBQGFFKQPZDLY-UHFFFAOYSA-N,1,EC50:1,180.0,180.0,180.0,6.75,6.75,6.75,,0,,0,1,1,"[{""assay"": ""CHEMBL4193347"", ""type"": ""EC50"", ""relation"": ""="", ""value_nm"": 180.0, ""pactivity"": 6.75, ""doc"": ""CHEMBL4190311"", ""rule"": ""EC50 为标准化浓度型效力指标""}]",1,3.17,FC@CHEMBL4193348,1,,,0,1,1,"[{""assay"": ""CHEMBL4193348"", ""type"": ""FC"", ""scale"": ""fold"", ""value"": 3.17, ""units"": null, ""doc"": ""CHEMBL4190311"", ""rule"": ""FC（fold change）为激活倍数""}]",0,,0,,2,2,1,"[""CHEMBL4190311""]",2017,LITERATURE,0,不适用（可定量效力值不足 2 个 assay）,中,仅 1 篇文献支撑
CHEMBL4216383,,Small molecule,,COCC(C)Oc1cc(Oc2ccc(C(=O)N3CCC3)nc2)cc(C(=O)Nc2nc3c(s2)CN(C(=O)OC(C)(C)C)CC3)c1,WHWUAOIUWWGYMO-UHFFFAOYSA-N,1,EC50:1,870.0,870.0,870.0,6.06,6.06,6.06,,0,,0,1,1,"[{""assay"": ""CHEMBL4193347"", ""type"": ""EC50"", ""relation"": ""="", ""value_nm"": 870.0, ""pactivity"": 6.06, ""doc"": ""CHEMBL4190311"", ""rule"": ""EC50 为标准化浓度型效力指标""}]",1,2.1,FC@CHEMBL4193348,1,,,0,1,1,"[{""assay"": ""CHEMBL4193348"", ""type"": ""FC"", ""scale"": ""fold"", ""value"": 2.1, ""units"": null, ""doc"": ""CHEMBL4190311"", ""rule"": ""FC（fold change）为激活倍数""}]",0,,0,,2,2,1,"[""CHEMBL4190311""]",2017,LITERATURE,0,不适用（可定量效力值不足 2 个 assay）,中,仅 1 篇文献支撑
CHEMBL4216481,,Small molecule,,COCC(C)Oc1cc(Oc2ccc(S(C)(=O)=O)cc2)cc(C(=O)Nc2nc3c(s2)CN(Cc2ccccc2)CC3)c1,OZRZLGATTCRJPM-UHFFFAOYSA-N,1,EC50:1,,,,,,,,1,10000.0,0,1,1,"[{""assay"": ""CHEMBL4193347"", ""type"": ""EC50"", ""relation"": "">"", ""value_nm"": 10000.0, ""pactivity"": null, ""doc"": ""CHEMBL4190311"", ""rule"": ""EC50 为标准化浓度型效力指标""}]",1,2.1,FC@CHEMBL4193348,1,,,0,1,1,"[{""assay"": ""CHEMBL4193348"", ""type"": ""FC"", ""scale"": ""fold"", ""value"": 2.1, ""units"": null, ""doc"": ""CHEMBL4190311"", ""rule"": ""FC（fold change）为激活倍数""}]",0,,0,,2,2,1,"[""CHEMBL4190311""]",2017,LITERATURE,0,不适用（可定量效力值不足 2 个 assay）,中,仅 1 篇文献支撑；1 条效力为删失值（>，最高浓度未达 EC50），未计入汇总
CHEMBL4216606,,Small molecule,,COC[C@H](C)Oc1cc(Oc2ccc(C(=O)N3CCC3)cc2)cc(C(=O)Nc2nc3c(s2)CN(C(=O)OC)CC3)c1,FZEADHFCJHPVBY-SFHVURJKSA-N,1,EC50:1,690.0,690.0,690.0,6.16,6.16,6.16,,0,,0,1,1,"[{""assay"": ""CHEMBL4193347"", ""type"": ""EC50"", ""relation"": ""="", ""value_nm"": 690.0, ""pactivity"": 6.16, ""doc"": ""CHEMBL4190311"", ""rule"": ""EC50 为标准化浓度型效力指标""}]",1,2.38,FC@CHEMBL4193348,1,,,0,1,1,"[{""assay"": ""CHEMBL4193348"", ""type"": ""FC"", ""scale"": ""fold"", ""value"": 2.38, ""units"": null, ""doc"": ""CHEMBL4190311"", ""rule"": ""FC（fold change）为激活倍数""}]",0,,0,,2,2,1,"[""CHEMBL4190311""]",2017,LITERATURE,0,不适用（可定量效力值不足 2 个 assay）,中,仅 1 篇文献支撑
CHEMBL4217013,,Small molecule,,COCC(C)Oc1cc(Oc2ccc(S(C)(=O)=O)cc2)cc(C(=O)Nc2nc3c(s2)CN(c2ccncc2)CC3)c1,DGZGOICGFKDGPA-UHFFFAOYSA-N,1,EC50:1,210.0,210.0,210.0,6.68,6.68,6.68,,0,,0,1,1,"[{""assay"": ""CHEMBL4193347"", ""type"": ""EC50"", ""relation"": ""="", ""value_nm"": 210.0, ""pactivity"": 6.68, ""doc"": ""CHEMBL4190311"", ""rule"": ""EC50 为标准化浓度型效力指标""}]",1,2.97,FC@CHEMBL4193348,1,,,0,1,1,"[{""assay"": ""CHEMBL4193348"", ""type"": ""FC"", ""scale"": ""fold"", ""value"": 2.97, ""units"": null, ""doc"": ""CHEMBL4190311"", ""rule"": ""FC（fold change）为激活倍数""}]",0,,0,,2,2,1,"[""CHEMBL4190311""]",2017,LITERATURE,0,不适用（可定量效力值不足 2 个 assay）,中,仅 1 篇文献支撑
CHEMBL4217208,,Small molecule,,COCC(C)Oc1cc(Oc2ccc(S(C)(=O)=O)cc2)cc(C(=O)Nc2nc3c(s2)COCC3)c1,PYIJMDNOTHIJHZ-UHFFFAOYSA-N,1,EC50:1,,,,,,,,1,10000.0,0,1,1,"[{""assay"": ""CHEMBL4193347"", ""type"": ""EC50"", ""relation"": "">"", ""value_nm"": 10000.0, ""pactivity"": null, ""doc"": ""CHEMBL4190311"", ""rule"": ""EC50 为标准化浓度型效力指标""}]",1,2.17,FC@CHEMBL4193348,1,,,0,1,1,"[{""assay"": ""CHEMBL4193348"", ""type"": ""FC"", ""scale"": ""fold"", ""value"": 2.17, ""units"": null, ""doc"": ""CHEMBL4190311"", ""rule"": ""FC（fold change）为激活倍数""}]",0,,0,,2,2,1,"[""CHEMBL4190311""]",2017,LITERATURE,0,不适用（可定量效力值不足 2 个 assay）,中,仅 1 篇文献支撑；1 条效力为删失值（>，最高浓度未达 EC50），未计入汇总
CHEMBL4217491,,Small molecule,,COC[C@H](C)Oc1cc(Oc2ccc(C(=O)N3CCC3)cc2)cc(C(=O)Nc2nc3c(s2)N(C(=O)OC(C)(C)C)CCC3)c1,WFTKKRAAHKSEAH-FQEVSTJZSA-N,1,EC50:1,6080.0,6080.0,6080.0,5.22,5.22,5.22,,0,,0,1,1,"[{""assay"": ""CHEMBL4193347"", ""type"": ""EC50"", ""relation"": ""="", ""value_nm"": 6080.0, ""pactivity"": 5.22, ""doc"": ""CHEMBL4190311"", ""rule"": ""EC50 为标准化浓度型效力指标""}]",1,1.8,FC@CHEMBL4193348,1,,,0,1,1,"[{""assay"": ""CHEMBL4193348"", ""type"": ""FC"", ""scale"": ""fold"", ""value"": 1.8, ""units"": null, ""doc"": ""CHEMBL4190311"", ""rule"": ""FC（fold change）为激活倍数""}]",0,,0,,2,2,1,"[""CHEMBL4190311""]",2017,LITERATURE,0,不适用（可定量效力值不足 2 个 assay）,中,仅 1 篇文献支撑
CHEMBL4217728,,Small molecule,,COCC(C)Oc1cc(Oc2ccc(S(C)(=O)=O)cc2)cc(C(=O)Nc2nc3c(s2)C(=O)CCC3)c1,XMEDGLRXBMQOGK-UHFFFAOYSA-N,1,EC50:1,,,,,,,,1,10000.0,0,1,1,"[{""assay"": ""CHEMBL4193347"", ""type"": ""EC50"", ""relation"": "">"", ""value_nm"": 10000.0, ""pactivity"": null, ""doc"": ""CHEMBL4190311"", ""rule"": ""EC50 为标准化浓度型效力指标""}]",1,2.61,FC@CHEMBL4193348,1,,,0,1,1,"[{""assay"": ""CHEMBL4193348"", ""type"": ""FC"", ""scale"": ""fold"", ""value"": 2.61, ""units"": null, ""doc"": ""CHEMBL4190311"", ""rule"": ""FC（fold change）为激活倍数""}]",0,,0,,2,2,1,"[""CHEMBL4190311""]",2017,LITERATURE,0,不适用（可定量效力值不足 2 个 assay）,中,仅 1 篇文献支撑；1 条效力为删失值（>，最高浓度未达 EC50），未计入汇总
CHEMBL4276976,,Small molecule,,Cc1sc(C2CCCN2C(=O)CN(C)C)cc1C(=O)Nc1ncc(Cl)s1,NVNLIFCEZYTQPS-UHFFFAOYSA-N,0,,,,,,,,,0,,0,0,0,,2,6.81,FC@CHEMBL4272644,2,,,0,2,1,"[{""assay"": ""CHEMBL4272644"", ""type"": ""FC"", ""scale"": ""fold"", ""value"": 6.81, ""units"": null, ""doc"": ""CHEMBL4270548"", ""rule"": ""FC（fold change）为激活倍数""}, {""assay"": ""CHEMBL4272645"", ""type"": ""FC"", ""scale"": ""fold"", ""value"": 0.598, ""units"": null, ""doc"": ""CHEMBL4270548"", ""rule"": ""FC（fold change）为激活倍数""}]",0,,0,,2,2,1,"[""CHEMBL4270548""]",2018,LITERATURE,0,不适用（可定量效力值不足 2 个 assay）,中,仅 1 篇文献支撑
CHEMBL4277772,,Small molecule,,Cc1sc(C2CCCN2C(=O)CN(C)CCCC(=O)O)cc1C(=O)Nc1ncc(F)s1.Cl,CHHDSFZYYXXZJW-UHFFFAOYSA-N,0,,,,,,,,,0,,0,0,0,,2,6.86,FC@CHEMBL4272644,2,,,0,2,1,"[{""assay"": ""CHEMBL4272644"", ""type"": ""FC"", ""scale"": ""fold"", ""value"": 6.86, ""units"": null, ""doc"": ""CHEMBL4270548"", ""rule"": ""FC（fold change）为激活倍数""}, {""assay"": ""CHEMBL4272645"", ""type"": ""FC"", ""scale"": ""fold"", ""value"": 0.61, ""units"": null, ""doc"": ""CHEMBL4270548"", ""rule"": ""FC（fold change）为激活倍数""}]",0,,0,,2,2,1,"[""CHEMBL4270548""]",2018,LITERATURE,0,不适用（可定量效力值不足 2 个 assay）,中,仅 1 篇文献支撑
CHEMBL4278040,,Small molecule,,Cc1sc(C2CCCN2C(=O)CNS(C)(=O)=O)cc1C(=O)Nc1ncc(Cl)s1,SLWVURFIEQTNAL-UHFFFAOYSA-N,0,,,,,,,,,0,,0,0,0,,2,6.21,FC@CHEMBL4272644,2,,,0,2,1,"[{""assay"": ""CHEMBL4272644"", ""type"": ""FC"", ""scale"": ""fold"", ""value"": 6.21, ""units"": null, ""doc"": ""CHEMBL4270548"", ""rule"": ""FC（fold change）为激活倍数""}, {""assay"": ""CHEMBL4272645"", ""type"": ""FC"", ""scale"": ""fold"", ""value"": 0.46, ""units"": null, ""doc"": ""CHEMBL4270548"", ""rule"": ""FC（fold change）为激活倍数""}]",0,,0,,2,2,1,"[""CHEMBL4270548""]",2018,LITERATURE,0,不适用（可定量效力值不足 2 个 assay）,中,仅 1 篇文献支撑
CHEMBL4278371,,Small molecule,,Cc1sc(N2CCCC2=O)cc1C(=O)Nc1nc2c(s1)CCC2,FAKNQJYTRBXORL-UHFFFAOYSA-N,0,,,,,,,,,0,,0,0,0,,2,2.41,FC@CHEMBL4272644,2,,,0,2,1,"[{""assay"": ""CHEMBL4272644"", ""type"": ""FC"", ""scale"": ""fold"", ""value"": 2.41, ""units"": null, ""doc"": ""CHEMBL4270548"", ""rule"": ""FC（fold change）为激活倍数""}, {""assay"": ""CHEMBL4272645"", ""type"": ""FC"", ""scale"": ""fold"", ""value"": 0.168, ""units"": null, ""doc"": ""CHEMBL4270548"", ""rule"": ""FC（fold change）为激活倍数""}]",0,,0,,2,2,1,"[""CHEMBL4270548""]",2018,LITERATURE,0,不适用（可定量效力值不足 2 个 assay）,中,仅 1 篇文献支撑
CHEMBL4278823,,Small molecule,,Cc1sc(C2CCCN2C(=O)CN(C)CC(=O)O)cc1C(=O)Nc1ncc(Cl)s1.Cl,CMKPKZLZZGWCAO-UHFFFAOYSA-N,0,,,,,,,,,0,,0,0,0,,2,8.35,FC@CHEMBL4272644,2,,,0,2,1,"[{""assay"": ""CHEMBL4272644"", ""type"": ""FC"", ""scale"": ""fold"", ""value"": 8.35, ""units"": null, ""doc"": ""CHEMBL4270548"", ""rule"": ""FC（fold change）为激活倍数""}, {""assay"": ""CHEMBL4272645"", ""type"": ""FC"", ""scale"": ""fold"", ""value"": 0.718, ""units"": null, ""doc"": ""CHEMBL4270548"", ""rule"": ""FC（fold change）为激活倍数""}]",0,,0,,2,2,1,"[""CHEMBL4270548""]",2018,LITERATURE,0,不适用（可定量效力值不足 2 个 assay）,中,仅 1 篇文献支撑
CHEMBL4280404,,Small molecule,,Cc1sc(C2CCCN2C(=O)CN)cc1C(=O)Nc1nccs1,PMKULEMGWXKBRQ-UHFFFAOYSA-N,0,,,,,,,,,0,,0,0,0,,2,3.67,FC@CHEMBL4272644,2,,,0,2,1,"[{""assay"": ""CHEMBL4272644"", ""type"": ""FC"", ""scale"": ""fold"", ""value"": 3.67, ""units"": null, ""doc"": ""CHEMBL4270548"", ""rule"": ""FC（fold change）为激活倍数""}, {""assay"": ""CHEMBL4272645"", ""type"": ""FC"", ""scale"": ""fold"", ""value"": 0.293, ""units"": null, ""doc"": ""CHEMBL4270548"", ""rule"": ""FC（fold change）为激活倍数""}]",0,,0,,2,2,1,"[""CHEMBL4270548""]",2018,LITERATURE,0,不适用（可定量效力值不足 2 个 assay）,中,仅 1 篇文献支撑
CHEMBL4280706,,Small molecule,,Cc1sc(N2CCCCC2=O)cc1C(=O)Nc1nc2c(s1)CCC2,AGNYTXBOCHMBCJ-UHFFFAOYSA-N,0,,,,,,,,,0,,0,0,0,,2,2.96,FC@CHEMBL4272644,2,,,0,2,1,"[{""assay"": ""CHEMBL4272644"", ""type"": ""FC"", ""scale"": ""fold"", ""value"": 2.96, ""units"": null, ""doc"": ""CHEMBL4270548"", ""rule"": ""FC（fold change）为激活倍数""}, {""assay"": ""CHEMBL4272645"", ""type"": ""FC"", ""scale"": ""fold"", ""value"": 0.235, ""units"": null, ""doc"": ""CHEMBL4270548"", ""rule"": ""FC（fold change）为激活倍数""}]",0,,0,,2,2,1,"[""CHEMBL4270548""]",2018,LITERATURE,0,不适用（可定量效力值不足 2 个 assay）,中,仅 1 篇文献支撑
CHEMBL4281210,,Small molecule,,Cc1sc([C@@H]2CCCN2C(=O)CN(C)CCC(=O)O)cc1C(=O)Nc1ncc(F)s1.Cl,IRZSKENPTFMRSV-ZOWNYOTGSA-N,0,,,,,,,,,0,,0,0,0,,2,7.26,FC@CHEMBL4272644,2,,,0,2,1,"[{""assay"": ""CHEMBL4272644"", ""type"": ""FC"", ""scale"": ""fold"", ""value"": 7.26, ""units"": null, ""doc"": ""CHEMBL4270548"", ""rule"": ""FC（fold change）为激活倍数""}, {""assay"": ""CHEMBL4272645"", ""type"": ""FC"", ""scale"": ""fold"", ""value"": 0.686, ""units"": null, ""doc"": ""CHEMBL4270548"", ""rule"": ""FC（fold change）为激活倍数""}]",0,,0,,2,2,1,"[""CHEMBL4270548""]",2018,LITERATURE,0,不适用（可定量效力值不足 2 个 assay）,中,仅 1 篇文献支撑
CHEMBL4281494,,Small molecule,,Cc1sc([C@@H]2CCCN2C(=O)CN(C)C)cc1C(=O)Nc1ncc(Cl)s1.Cl,STYLZUNKYKLKNJ-YDALLXLXSA-N,0,,,,,,,,,0,,0,0,0,,2,10.4,FC@CHEMBL4272644,2,,,0,2,1,"[{""assay"": ""CHEMBL4272644"", ""type"": ""FC"", ""scale"": ""fold"", ""value"": 10.4, ""units"": null, ""doc"": ""CHEMBL4270548"", ""rule"": ""FC（fold change）为激活倍数""}, {""assay"": ""CHEMBL4272645"", ""type"": ""FC"", ""scale"": ""fold"", ""value"": 0.65, ""units"": null, ""doc"": ""CHEMBL4270548"", ""rule"": ""FC（fold change）为激活倍数""}]",0,,0,,2,2,1,"[""CHEMBL4270548""]",2018,LITERATURE,0,不适用（可定量效力值不足 2 个 assay）,中,仅 1 篇文献支撑
CHEMBL4281831,,Small molecule,,CC(=O)N1CCCC1c1cc(C(=O)Nc2nc3c(s2)CCC3)c(C)s1,AFPBEUKJRABOKQ-UHFFFAOYSA-N,0,,,,,,,,,0,,0,0,0,,2,2.53,FC@CHEMBL4272644,2,,,0,2,1,"[{""assay"": ""CHEMBL4272644"", ""type"": ""FC"", ""scale"": ""fold"", ""value"": 2.53, ""units"": null, ""doc"": ""CHEMBL4270548"", ""rule"": ""FC（fold change）为激活倍数""}, {""assay"": ""CHEMBL4272645"", ""type"": ""FC"", ""scale"": ""fold"", ""value"": 0.187, ""units"": null, ""doc"": ""CHEMBL4270548"", ""rule"": ""FC（fold change）为激活倍数""}]",0,,0,,2,2,1,"[""CHEMBL4270548""]",2018,LITERATURE,0,不适用（可定量效力值不足 2 个 assay）,中,仅 1 篇文献支撑
CHEMBL4282246,,Small molecule,,Cc1sc(-c2ccccc2C(=O)NCCN(C)C)cc1C(=O)Nc1nc2c(s1)CCC2,VEEGQYNCDSSXOM-UHFFFAOYSA-N,0,,,,,,,,,0,,0,0,0,,2,4.31,FC@CHEMBL4272644,2,,,0,2,1,"[{""assay"": ""CHEMBL4272644"", ""type"": ""FC"", ""scale"": ""fold"", ""value"": 4.31, ""units"": null, ""doc"": ""CHEMBL4270548"", ""rule"": ""FC（fold change）为激活倍数""}, {""assay"": ""CHEMBL4272645"", ""type"": ""FC"", ""scale"": ""fold"", ""value"": 0.428, ""units"": null, ""doc"": ""CHEMBL4270548"", ""rule"": ""FC（fold change）为激活倍数""}]",0,,0,,2,2,1,"[""CHEMBL4270548""]",2018,LITERATURE,0,不适用（可定量效力值不足 2 个 assay）,中,仅 1 篇文献支撑
CHEMBL4282295,,Small molecule,,Cc1sc(C2CCCN2C(=O)CN(C)CCC(=O)O)cc1C(=O)Nc1ncc(F)s1.Cl,IRZSKENPTFMRSV-UHFFFAOYSA-N,0,,,,,,,,,0,,0,0,0,,2,4.89,FC@CHEMBL4272644,2,,,0,2,1,"[{""assay"": ""CHEMBL4272644"", ""type"": ""FC"", ""scale"": ""fold"", ""value"": 4.89, ""units"": null, ""doc"": ""CHEMBL4270548"", ""rule"": ""FC（fold change）为激活倍数""}, {""assay"": ""CHEMBL4272645"", ""type"": ""FC"", ""scale"": ""fold"", ""value"": 0.466, ""units"": null, ""doc"": ""CHEMBL4270548"", ""rule"": ""FC（fold change）为激活倍数""}]",0,,0,,2,2,1,"[""CHEMBL4270548""]",2018,LITERATURE,0,不适用（可定量效力值不足 2 个 assay）,中,仅 1 篇文献支撑
CHEMBL4283460,,Small molecule,,CC(=O)NCC(=O)N1CCCC1c1cc(C(=O)Nc2ncc(Cl)s2)c(C)s1,ZBBUYIRTHPEMCF-UHFFFAOYSA-N,0,,,,,,,,,0,,0,0,0,,2,5.32,FC@CHEMBL4272644,2,,,0,2,1,"[{""assay"": ""CHEMBL4272644"", ""type"": ""FC"", ""scale"": ""fold"", ""value"": 5.32, ""units"": null, ""doc"": ""CHEMBL4270548"", ""rule"": ""FC（fold change）为激活倍数""}, {""assay"": ""CHEMBL4272645"", ""type"": ""FC"", ""scale"": ""fold"", ""value"": 0.395, ""units"": null, ""doc"": ""CHEMBL4270548"", ""rule"": ""FC（fold change）为激活倍数""}]",0,,0,,2,2,1,"[""CHEMBL4270548""]",2018,LITERATURE,0,不适用（可定量效力值不足 2 个 assay）,中,仅 1 篇文献支撑
CHEMBL4284922,,Small molecule,,Cc1sc(C2CCCN2C(=O)CN(C)C)cc1C(=O)Nc1nccs1,APJHMHATXWPZPW-UHFFFAOYSA-N,0,,,,,,,,,0,,0,0,0,,2,4.7,FC@CHEMBL4272644,2,,,0,2,1,"[{""assay"": ""CHEMBL4272644"", ""type"": ""FC"", ""scale"": ""fold"", ""value"": 4.7, ""units"": null, ""doc"": ""CHEMBL4270548"", ""rule"": ""FC（fold change）为激活倍数""}, {""assay"": ""CHEMBL4272645"", ""type"": ""FC"", ""scale"": ""fold"", ""value"": 0.38, ""units"": null, ""doc"": ""CHEMBL4270548"", ""rule"": ""FC（fold change）为激活倍数""}]",0,,0,,2,2,1,"[""CHEMBL4270548""]",2018,LITERATURE,0,不适用（可定量效力值不足 2 个 assay）,中,仅 1 篇文献支撑
CHEMBL4285703,,Small molecule,,Cc1sc(C2CCCN2C(=O)CN(C)CCCCC(=O)O)cc1C(=O)Nc1ncc(F)s1.Cl,RGJDSZYGOIMUKP-UHFFFAOYSA-N,0,,,,,,,,,0,,0,0,0,,2,6.95,FC@CHEMBL4272644,2,,,0,2,1,"[{""assay"": ""CHEMBL4272644"", ""type"": ""FC"", ""scale"": ""fold"", ""value"": 6.95, ""units"": null, ""doc"": ""CHEMBL4270548"", ""rule"": ""FC（fold change）为激活倍数""}, {""assay"": ""CHEMBL4272645"", ""type"": ""FC"", ""scale"": ""fold"", ""value"": 0.619, ""units"": null, ""doc"": ""CHEMBL4270548"", ""rule"": ""FC（fold change）为激活倍数""}]",0,,0,,2,2,1,"[""CHEMBL4270548""]",2018,LITERATURE,0,不适用（可定量效力值不足 2 个 assay）,中,仅 1 篇文献支撑
CHEMBL4288306,,Small molecule,,Cc1sc(C2CCCN2C(=O)CCN)cc1C(=O)Nc1nccs1,UMMZOONDVIULII-UHFFFAOYSA-N,0,,,,,,,,,0,,0,0,0,,2,2.86,FC@CHEMBL4272644,2,,,0,2,1,"[{""assay"": ""CHEMBL4272644"", ""type"": ""FC"", ""scale"": ""fold"", ""value"": 2.86, ""units"": null, ""doc"": ""CHEMBL4270548"", ""rule"": ""FC（fold change）为激活倍数""}, {""assay"": ""CHEMBL4272645"", ""type"": ""FC"", ""scale"": ""fold"", ""value"": 0.175, ""units"": null, ""doc"": ""CHEMBL4270548"", ""rule"": ""FC（fold change）为激活倍数""}]",0,,0,,2,2,1,"[""CHEMBL4270548""]",2018,LITERATURE,0,不适用（可定量效力值不足 2 个 assay）,中,仅 1 篇文献支撑
CHEMBL4288616,,Small molecule,,Cc1sc(C2CCCN2C(=O)CCN)cc1C(=O)Nc1nc2c(s1)CCC2,YGUYOSHDWSVVGT-UHFFFAOYSA-N,0,,,,,,,,,0,,0,0,0,,2,3.46,FC@CHEMBL4272644,2,,,0,2,1,"[{""assay"": ""CHEMBL4272644"", ""type"": ""FC"", ""scale"": ""fold"", ""value"": 3.46, ""units"": null, ""doc"": ""CHEMBL4270548"", ""rule"": ""FC（fold change）为激活倍数""}, {""assay"": ""CHEMBL4272645"", ""type"": ""FC"", ""scale"": ""fold"", ""value"": 0.274, ""units"": null, ""doc"": ""CHEMBL4270548"", ""rule"": ""FC（fold change）为激活倍数""}]",0,,0,,2,2,1,"[""CHEMBL4270548""]",2018,LITERATURE,0,不适用（可定量效力值不足 2 个 assay）,中,仅 1 篇文献支撑
CHEMBL4288698,,Small molecule,,Cc1sc(C2CCCN2C(=O)CN(C)S(C)(=O)=O)cc1C(=O)Nc1ncc(Cl)s1,KWPYSSOFQRHABS-UHFFFAOYSA-N,0,,,,,,,,,0,,0,0,0,,2,3.24,FC@CHEMBL4272644,2,,,0,2,1,"[{""assay"": ""CHEMBL4272644"", ""type"": ""FC"", ""scale"": ""fold"", ""value"": 3.24, ""units"": null, ""doc"": ""CHEMBL4270548"", ""rule"": ""FC（fold change）为激活倍数""}, {""assay"": ""CHEMBL4272645"", ""type"": ""FC"", ""scale"": ""fold"", ""value"": 0.168, ""units"": null, ""doc"": ""CHEMBL4270548"", ""rule"": ""FC（fold change）为激活倍数""}]",0,,0,,2,2,1,"[""CHEMBL4270548""]",2018,LITERATURE,0,不适用（可定量效力值不足 2 个 assay）,中,仅 1 篇文献支撑
CHEMBL4289044,,Small molecule,,CC(=O)N1CCCCC1c1cc(C(=O)Nc2nc3c(s2)CCC3)c(C)s1,LEDDWEUZAMKWIO-UHFFFAOYSA-N,0,,,,,,,,,0,,0,0,0,,2,1.13,FC@CHEMBL4272644,2,,,0,2,1,"[{""assay"": ""CHEMBL4272644"", ""type"": ""FC"", ""scale"": ""fold"", ""value"": 1.13, ""units"": null, ""doc"": ""CHEMBL4270548"", ""rule"": ""FC（fold change）为激活倍数""}, {""assay"": ""CHEMBL4272645"", ""type"": ""FC"", ""scale"": ""fold"", ""value"": 0.017, ""units"": null, ""doc"": ""CHEMBL4270548"", ""rule"": ""FC（fold change）为激活倍数""}]",0,,0,,2,2,1,"[""CHEMBL4270548""]",2018,LITERATURE,0,不适用（可定量效力值不足 2 个 assay）,中,仅 1 篇文献支撑
CHEMBL4289091,,Small molecule,,Cc1sc([C@@H]2CCCN2C(=O)[C@H](C)N(C)CC(=O)O)cc1C(=O)Nc1ncc(F)s1.Cl,CVEYBWHTQWYGFD-VVBGOIRUSA-N,0,,,,,,,,,0,,0,0,0,,2,8.8,FC@CHEMBL4272644,2,,,0,2,1,"[{""assay"": ""CHEMBL4272644"", ""type"": ""FC"", ""scale"": ""fold"", ""value"": 8.8, ""units"": null, ""doc"": ""CHEMBL4270548"", ""rule"": ""FC（fold change）为激活倍数""}, {""assay"": ""CHEMBL4272645"", ""type"": ""FC"", ""scale"": ""fold"", ""value"": 0.832, ""units"": null, ""doc"": ""CHEMBL4270548"", ""rule"": ""FC（fold change）为激活倍数""}]",0,,0,,2,2,1,"[""CHEMBL4270548""]",2018,LITERATURE,0,不适用（可定量效力值不足 2 个 assay）,中,仅 1 篇文献支撑
CHEMBL4289499,,Small molecule,,Cc1sc(C2CCCN2C(=O)CNCC(=O)O)cc1C(=O)Nc1ncc(Cl)s1.Cl,KVBYHQKTGJOBRV-UHFFFAOYSA-N,0,,,,,,,,,0,,0,0,0,,2,4.75,FC@CHEMBL4272644,2,,,0,2,1,"[{""assay"": ""CHEMBL4272644"", ""type"": ""FC"", ""scale"": ""fold"", ""value"": 4.75, ""units"": null, ""doc"": ""CHEMBL4270548"", ""rule"": ""FC（fold change）为激活倍数""}, {""assay"": ""CHEMBL4272645"", ""type"": ""FC"", ""scale"": ""fold"", ""value"": 0.438, ""units"": null, ""doc"": ""CHEMBL4270548"", ""rule"": ""FC（fold change）为激活倍数""}]",0,,0,,2,2,1,"[""CHEMBL4270548""]",2018,LITERATURE,0,不适用（可定量效力值不足 2 个 assay）,中,仅 1 篇文献支撑
CHEMBL4290113,,Small molecule,,Cc1sc(-c2ccccc2C(=O)NCCc2nnn[nH]2)cc1C(=O)Nc1nc2c(s1)CCC2,WZMNOMAKIGQCIH-UHFFFAOYSA-N,0,,,,,,,,,0,,0,0,0,,2,0.84,FC@CHEMBL4272644,2,,,0,2,1,"[{""assay"": ""CHEMBL4272644"", ""type"": ""FC"", ""scale"": ""fold"", ""value"": 0.84, ""units"": null, ""doc"": ""CHEMBL4270548"", ""rule"": ""FC（fold change）为激活倍数""}, {""assay"": ""CHEMBL4272645"", ""type"": ""FC"", ""scale"": ""fold"", ""value"": -0.019, ""units"": null, ""doc"": ""CHEMBL4270548"", ""rule"": ""FC（fold change）为激活倍数""}]",0,,0,,2,2,1,"[""CHEMBL4270548""]",2018,LITERATURE,0,不适用（可定量效力值不足 2 个 assay）,中,仅 1 篇文献支撑
CHEMBL4292120,,Small molecule,,Cc1sc([C@H]2CCCN2C(=O)CN(C)C)cc1C(=O)Nc1ncc(Cl)s1.Cl,STYLZUNKYKLKNJ-UTONKHPSSA-N,0,,,,,,,,,0,,0,0,0,,2,4.99,FC@CHEMBL4272644,2,,,0,2,1,"[{""assay"": ""CHEMBL4272644"", ""type"": ""FC"", ""scale"": ""fold"", ""value"": 4.99, ""units"": null, ""doc"": ""CHEMBL4270548"", ""rule"": ""FC（fold change）为激活倍数""}, {""assay"": ""CHEMBL4272645"", ""type"": ""FC"", ""scale"": ""fold"", ""value"": 0.381, ""units"": null, ""doc"": ""CHEMBL4270548"", ""rule"": ""FC（fold change）为激活倍数""}]",0,,0,,2,2,1,"[""CHEMBL4270548""]",2018,LITERATURE,0,不适用（可定量效力值不足 2 个 assay）,中,仅 1 篇文献支撑
CHEMBL4292461,,Small molecule,,Cc1sc(-c2ccccc2C(=O)NCCC(N)=O)cc1C(=O)Nc1nc2c(s1)CCC2,HDGLRTQTWFDEEM-UHFFFAOYSA-N,0,,,,,,,,,0,,0,0,0,,2,2.56,FC@CHEMBL4272644,2,,,0,2,1,"[{""assay"": ""CHEMBL4272644"", ""type"": ""FC"", ""scale"": ""fold"", ""value"": 2.56, ""units"": null, ""doc"": ""CHEMBL4270548"", ""rule"": ""FC（fold change）为激活倍数""}, {""assay"": ""CHEMBL4272645"", ""type"": ""FC"", ""scale"": ""fold"", ""value"": 0.187, ""units"": null, ""doc"": ""CHEMBL4270548"", ""rule"": ""FC（fold change）为激活倍数""}]",0,,0,,2,2,1,"[""CHEMBL4270548""]",2018,LITERATURE,0,不适用（可定量效力值不足 2 个 assay）,中,仅 1 篇文献支撑
CHEMBL4292891,,Small molecule,,Cc1sc(C2CCCN2C(=O)CN(C)CC(=O)O)cc1C(=O)Nc1ncc(F)s1.Cl,RBLKOTJZWPUCKH-UHFFFAOYSA-N,0,,,,,,,,,0,,0,0,0,,2,6.92,FC@CHEMBL4272644,2,,,0,2,1,"[{""assay"": ""CHEMBL4272644"", ""type"": ""FC"", ""scale"": ""fold"", ""value"": 6.92, ""units"": null, ""doc"": ""CHEMBL4270548"", ""rule"": ""FC（fold change）为激活倍数""}, {""assay"": ""CHEMBL4272645"", ""type"": ""FC"", ""scale"": ""fold"", ""value"": 0.71, ""units"": null, ""doc"": ""CHEMBL4270548"", ""rule"": ""FC（fold change）为激活倍数""}]",0,,0,,2,2,1,"[""CHEMBL4270548""]",2018,LITERATURE,0,不适用（可定量效力值不足 2 个 assay）,中,仅 1 篇文献支撑
CHEMBL4293502,,Small molecule,,Cc1sc(-c2ccccc2C(=O)NCCO)cc1C(=O)Nc1nc2c(s1)CCC2,NQLCKYNDTYGWSI-UHFFFAOYSA-N,0,,,,,,,,,0,,0,0,0,,2,3.89,FC@CHEMBL4272644,2,,,0,2,1,"[{""assay"": ""CHEMBL4272644"", ""type"": ""FC"", ""scale"": ""fold"", ""value"": 3.89, ""units"": null, ""doc"": ""CHEMBL4270548"", ""rule"": ""FC（fold change）为激活倍数""}, {""assay"": ""CHEMBL4272645"", ""type"": ""FC"", ""scale"": ""fold"", ""value"": 0.373, ""units"": null, ""doc"": ""CHEMBL4270548"", ""rule"": ""FC（fold change）为激活倍数""}]",0,,0,,2,2,1,"[""CHEMBL4270548""]",2018,LITERATURE,0,不适用（可定量效力值不足 2 个 assay）,中,仅 1 篇文献支撑
CHEMBL4294026,,Small molecule,,CC(=O)N(C)CC(=O)N1CCCC1c1cc(C(=O)Nc2ncc(Cl)s2)c(C)s1,YARWCNDHMIZMNX-UHFFFAOYSA-N,0,,,,,,,,,0,,0,0,0,,2,2.57,FC@CHEMBL4272644,2,,,0,2,1,"[{""assay"": ""CHEMBL4272644"", ""type"": ""FC"", ""scale"": ""fold"", ""value"": 2.57, ""units"": null, ""doc"": ""CHEMBL4270548"", ""rule"": ""FC（fold change）为激活倍数""}, {""assay"": ""CHEMBL4272645"", ""type"": ""FC"", ""scale"": ""fold"", ""value"": 0.118, ""units"": null, ""doc"": ""CHEMBL4270548"", ""rule"": ""FC（fold change）为激活倍数""}]",0,,0,,2,2,1,"[""CHEMBL4270548""]",2018,LITERATURE,0,不适用（可定量效力值不足 2 个 assay）,中,仅 1 篇文献支撑
CHEMBL4294372,,Small molecule,,CCN(CC(=O)O)CC(=O)N1CCC[C@H]1c1cc(C(=O)Nc2ncc(F)s2)c(C)s1.Cl,SWCULYBRUYEKPJ-ZOWNYOTGSA-N,0,,,,,,,,,0,,0,0,0,,2,8.6,FC@CHEMBL4272644,2,,,0,2,1,"[{""assay"": ""CHEMBL4272644"", ""type"": ""FC"", ""scale"": ""fold"", ""value"": 8.6, ""units"": null, ""doc"": ""CHEMBL4270548"", ""rule"": ""FC（fold change）为激活倍数""}, {""assay"": ""CHEMBL4272645"", ""type"": ""FC"", ""scale"": ""fold"", ""value"": 0.87, ""units"": null, ""doc"": ""CHEMBL4270548"", ""rule"": ""FC（fold change）为激活倍数""}]",0,,0,,2,2,1,"[""CHEMBL4270548""]",2018,LITERATURE,0,不适用（可定量效力值不足 2 个 assay）,中,仅 1 篇文献支撑
CHEMBL439344,,Small molecule,,CC(C)Oc1cc(O[C@H](C)Cc2ccccc2)cc(C(=O)Nc2ccc(C(=O)O)cn2)c1,CLRXIUJLHYPICH-QGZVFWFLSA-N,1,EC50:1,90.0,90.0,90.0,7.05,7.05,7.05,,0,,0,1,1,"[{""assay"": ""CHEMBL865109"", ""type"": ""EC50"", ""relation"": ""="", ""value_nm"": 90.0, ""pactivity"": 7.05, ""doc"": ""CHEMBL1147698"", ""rule"": ""EC50 为标准化浓度型效力指标""}]",0,,,0,,,0,0,0,,0,,0,,1,1,1,"[""CHEMBL1147698""]",2006,LITERATURE,0,不适用（可定量效力值不足 2 个 assay）,弱,仅 1 篇文献支撑
CHEMBL4435375,,Unknown,,CNC(=O)Nc1cc(Oc2c(F)cccc2F)c(Br)cn1,ZYQONBSSQQQJCH-UHFFFAOYSA-N,2,EC50:2,190.0,25095.0,50000.0,6.72,5.51,4.3,2.42,0,,0,2,1,"[{""assay"": ""CHEMBL4427549"", ""type"": ""EC50"", ""relation"": ""="", ""value_nm"": 190.0, ""pactivity"": 6.72, ""doc"": ""CHEMBL4425170"", ""rule"": ""EC50 为标准化浓度型效力指标""}, {""assay"": ""CHEMBL4427550"", ""type"": ""EC50"", ""relation"": ""="", ""value_nm"": 50000.0, ""pactivity"": 4.3, ""doc"": ""CHEMBL4425170"", ""rule"": ""EC50 为标准化浓度型效力指标""}]",0,,,0,,,0,0,0,,1,"[{""assay"": ""CHEMBL4427551"", ""type"": ""S0.5"", ""value"": 0.76, ""units"": ""mM""}]",1,"[{""assay"": ""CHEMBL4427552"", ""type"": ""Ratio"", ""value"": 0.92, ""units"": null, ""reason"": ""Ratio 为自由文本指标（无官方标准化规则），assay 描述未命中提升门槛，不跨实验汇总""}]",4,4,1,"[""CHEMBL4425170""]",2016,LITERATURE,0,分歧（pActivity 极差 2.42，超过 10 倍）,中,仅 1 篇文献支撑；1 条指标未归类（见 unclassified_records）
CHEMBL4436222,,Unknown,,CNC(=O)Nc1cc(Oc2ccccc2)ccn1,RJBBFBBZBQOMKF-UHFFFAOYSA-N,1,EC50:1,10800.0,10800.0,10800.0,4.97,4.97,4.97,,0,,0,1,1,"[{""assay"": ""CHEMBL4427549"", ""type"": ""EC50"", ""relation"": ""="", ""value_nm"": 10800.0, ""pactivity"": 4.97, ""doc"": ""CHEMBL4425170"", ""rule"": ""EC50 为标准化浓度型效力指标""}]",0,,,0,,,0,0,0,,1,"[{""assay"": ""CHEMBL4427551"", ""type"": ""S0.5"", ""value"": 0.76, ""units"": ""mM""}]",1,"[{""assay"": ""CHEMBL4427552"", ""type"": ""Ratio"", ""value"": 0.71, ""units"": null, ""reason"": ""Ratio 为自由文本指标（无官方标准化规则），assay 描述未命中提升门槛，不跨实验汇总""}]",3,3,1,"[""CHEMBL4425170""]",2016,LITERATURE,0,不适用（可定量效力值不足 2 个 assay）,中,仅 1 篇文献支撑；1 条指标未归类（见 unclassified_records）
CHEMBL4436344,,Unknown,,CNC(=O)Nc1cc(Oc2c(F)cccc2F)c(-c2ccccc2)cn1,IMTSRCKDFSDLCM-UHFFFAOYSA-N,2,EC50:2,50.0,1210.0,2370.0,7.3,6.46,5.62,1.68,0,,0,2,1,"[{""assay"": ""CHEMBL4427549"", ""type"": ""EC50"", ""relation"": ""="", ""value_nm"": 50.0, ""pactivity"": 7.3, ""doc"": ""CHEMBL4425170"", ""rule"": ""EC50 为标准化浓度型效力指标""}, {""assay"": ""CHEMBL4427550"", ""type"": ""EC50"", ""relation"": ""="", ""value_nm"": 2370.0, ""pactivity"": 5.62, ""doc"": ""CHEMBL4425170"", ""rule"": ""EC50 为标准化浓度型效力指标""}]",0,,,0,,,0,0,0,,1,"[{""assay"": ""CHEMBL4427551"", ""type"": ""S0.5"", ""value"": 0.76, ""units"": ""mM""}]",1,"[{""assay"": ""CHEMBL4427552"", ""type"": ""Ratio"", ""value"": 0.79, ""units"": null, ""reason"": ""Ratio 为自由文本指标（无官方标准化规则），assay 描述未命中提升门槛，不跨实验汇总""}]",4,4,1,"[""CHEMBL4425170""]",2016,LITERATURE,0,分歧（pActivity 极差 1.68，超过 10 倍）,中,仅 1 篇文献支撑；1 条指标未归类（见 unclassified_records）
CHEMBL4436470,,Unknown,,CNC(=O)Nc1cc(Oc2ccncc2)c(-c2ccc(OCCO)nc2)cn1,FRLXHUUJKMRCPL-UHFFFAOYSA-N,1,EC50:1,,,,,,,,1,50000.0,0,1,1,"[{""assay"": ""CHEMBL4427549"", ""type"": ""EC50"", ""relation"": "">"", ""value_nm"": 50000.0, ""pactivity"": null, ""doc"": ""CHEMBL4425170"", ""rule"": ""EC50 为标准化浓度型效力指标""}]",0,,,0,,,0,0,0,,0,,0,,1,1,1,"[""CHEMBL4425170""]",2016,LITERATURE,0,不适用（可定量效力值不足 2 个 assay）,弱,仅 1 篇文献支撑；1 条效力为删失值（>，最高浓度未达 EC50），未计入汇总；无可定量的效力或效能值
CHEMBL4436956,,Unknown,,CNC(=O)Nc1cc(Oc2ccccc2F)ccn1,KCXPSRRPQGRSSN-UHFFFAOYSA-N,1,EC50:1,2130.0,2130.0,2130.0,5.67,5.67,5.67,,0,,0,1,1,"[{""assay"": ""CHEMBL4427549"", ""type"": ""EC50"", ""relation"": ""="", ""value_nm"": 2130.0, ""pactivity"": 5.67, ""doc"": ""CHEMBL4425170"", ""rule"": ""EC50 为标准化浓度型效力指标""}]",0,,,0,,,0,0,0,,1,"[{""assay"": ""CHEMBL4427551"", ""type"": ""S0.5"", ""value"": 0.99, ""units"": ""mM""}]",1,"[{""assay"": ""CHEMBL4427552"", ""type"": ""Ratio"", ""value"": 0.67, ""units"": null, ""reason"": ""Ratio 为自由文本指标（无官方标准化规则），assay 描述未命中提升门槛，不跨实验汇总""}]",3,3,1,"[""CHEMBL4425170""]",2016,LITERATURE,0,不适用（可定量效力值不足 2 个 assay）,中,仅 1 篇文献支撑；1 条指标未归类（见 unclassified_records）
CHEMBL4440209,,Unknown,,CNC(=O)Nc1cc(Oc2cccnc2C)c(-c2ccc(OCCO)nc2)cn1,LDKLCKNGZBNRNG-UHFFFAOYSA-N,2,EC50:2,310.0,520.0,730.0,6.51,6.325,6.14,0.37,0,,0,2,1,"[{""assay"": ""CHEMBL4427549"", ""type"": ""EC50"", ""relation"": ""="", ""value_nm"": 310.0, ""pactivity"": 6.51, ""doc"": ""CHEMBL4425170"", ""rule"": ""EC50 为标准化浓度型效力指标""}, {""assay"": ""CHEMBL4427550"", ""type"": ""EC50"", ""relation"": ""="", ""value_nm"": 730.0, ""pactivity"": 6.14, ""doc"": ""CHEMBL4425170"", ""rule"": ""EC50 为标准化浓度型效力指标""}]",0,,,0,,,0,0,0,,1,"[{""assay"": ""CHEMBL4427551"", ""type"": ""S0.5"", ""value"": 0.75, ""units"": ""mM""}]",1,"[{""assay"": ""CHEMBL4427552"", ""type"": ""Ratio"", ""value"": 0.81, ""units"": null, ""reason"": ""Ratio 为自由文本指标（无官方标准化规则），assay 描述未命中提升门槛，不跨实验汇总""}]",4,4,1,"[""CHEMBL4425170""]",2016,LITERATURE,0,一致（pActivity 极差 0.37，3 倍以内）,中,仅 1 篇文献支撑；1 条指标未归类（见 unclassified_records）
CHEMBL4441772,,Unknown,,CNC(=O)Nc1cc(Oc2cncc(OC)c2)c(C2CCOCC2)cn1,NPKIDQHSXJPGIB-UHFFFAOYSA-N,2,EC50:2,110.0,130.0,150.0,6.96,6.89,6.82,0.14,0,,0,2,1,"[{""assay"": ""CHEMBL4427348"", ""type"": ""EC50"", ""relation"": ""="", ""value_nm"": 110.0, ""pactivity"": 6.96, ""doc"": ""CHEMBL4425164"", ""rule"": ""EC50 为标准化浓度型效力指标""}, {""assay"": ""CHEMBL4427349"", ""type"": ""EC50"", ""relation"": ""="", ""value_nm"": 150.0, ""pactivity"": 6.82, ""doc"": ""CHEMBL4425164"", ""rule"": ""EC50 为标准化浓度型效力指标""}]",1,1.0,Ratio@CHEMBL4427351,1,,,0,1,1,"[{""assay"": ""CHEMBL4427351"", ""type"": ""Ratio"", ""scale"": ""fold"", ""value"": 1, ""units"": null, ""doc"": ""CHEMBL4425164"", ""rule"": ""自由文本指标 Ratio 受限提升为效能(fold)，描述命中：「relative to control」""}]",1,"[{""assay"": ""CHEMBL4427350"", ""type"": ""S0.5"", ""value"": 0.62, ""units"": ""mM""}]",0,,4,4,1,"[""CHEMBL4425164""]",2016,LITERATURE,0,一致（pActivity 极差 0.14，3 倍以内）,中,仅 1 篇文献支撑
CHEMBL4444820,,Unknown,,CNC(=O)Nc1cc(Oc2ccccn2)c(-c2ccc(OCCO)nc2)cn1,UCYCJSFXKNSDPY-UHFFFAOYSA-N,2,EC50:2,6250.0,9725.0,13200.0,5.2,5.04,4.88,0.32,0,,0,2,1,"[{""assay"": ""CHEMBL4427549"", ""type"": ""EC50"", ""relation"": ""="", ""value_nm"": 6250.0, ""pactivity"": 5.2, ""doc"": ""CHEMBL4425170"", ""rule"": ""EC50 为标准化浓度型效力指标""}, {""assay"": ""CHEMBL4427550"", ""type"": ""EC50"", ""relation"": ""="", ""value_nm"": 13200.0, ""pactivity"": 4.88, ""doc"": ""CHEMBL4425170"", ""rule"": ""EC50 为标准化浓度型效力指标""}]",0,,,0,,,0,0,0,,1,"[{""assay"": ""CHEMBL4427551"", ""type"": ""S0.5"", ""value"": 0.86, ""units"": ""mM""}]",1,"[{""assay"": ""CHEMBL4427552"", ""type"": ""Ratio"", ""value"": 0.86, ""units"": null, ""reason"": ""Ratio 为自由文本指标（无官方标准化规则），assay 描述未命中提升门槛，不跨实验汇总""}]",4,4,1,"[""CHEMBL4425170""]",2016,LITERATURE,0,一致（pActivity 极差 0.32，3 倍以内）,中,仅 1 篇文献支撑；1 条指标未归类（见 unclassified_records）
CHEMBL4445370,,Unknown,,CNC(=O)Nc1cc(Oc2c(F)cccc2F)c(-c2ccccn2)cn1,HKXPSXYWUJMHPI-UHFFFAOYSA-N,2,EC50:2,880.0,4840.0,8800.0,6.06,5.56,5.06,1.0,0,,0,2,1,"[{""assay"": ""CHEMBL4427549"", ""type"": ""EC50"", ""relation"": ""="", ""value_nm"": 880.0, ""pactivity"": 6.06, ""doc"": ""CHEMBL4425170"", ""rule"": ""EC50 为标准化浓度型效力指标""}, {""assay"": ""CHEMBL4427550"", ""type"": ""EC50"", ""relation"": ""="", ""value_nm"": 8800.0, ""pactivity"": 5.06, ""doc"": ""CHEMBL4425170"", ""rule"": ""EC50 为标准化浓度型效力指标""}]",0,,,0,,,0,0,0,,1,"[{""assay"": ""CHEMBL4427551"", ""type"": ""S0.5"", ""value"": 2.23, ""units"": ""mM""}]",1,"[{""assay"": ""CHEMBL4427552"", ""type"": ""Ratio"", ""value"": 0.68, ""units"": null, ""reason"": ""Ratio 为自由文本指标（无官方标准化规则），assay 描述未命中提升门槛，不跨实验汇总""}]",4,4,1,"[""CHEMBL4425170""]",2016,LITERATURE,0,较一致（pActivity 极差 1.0，10 倍以内）,中,仅 1 篇文献支撑；1 条指标未归类（见 unclassified_records）
CHEMBL4446305,,Unknown,,CNC(=O)Nc1cc(Oc2cncc(C)c2)c(-c2ccc(OCCO)nc2)cn1,YJSJVQSLHPYCCH-UHFFFAOYSA-N,2,EC50:2,50.0,65.0,80.0,7.3,7.2,7.1,0.2,0,,0,2,1,"[{""assay"": ""CHEMBL4427549"", ""type"": ""EC50"", ""relation"": ""="", ""value_nm"": 50.0, ""pactivity"": 7.3, ""doc"": ""CHEMBL4425170"", ""rule"": ""EC50 为标准化浓度型效力指标""}, {""assay"": ""CHEMBL4427550"", ""type"": ""EC50"", ""relation"": ""="", ""value_nm"": 80.0, ""pactivity"": 7.1, ""doc"": ""CHEMBL4425170"", ""rule"": ""EC50 为标准化浓度型效力指标""}]",0,,,0,,,0,0,0,,1,"[{""assay"": ""CHEMBL4427551"", ""type"": ""S0.5"", ""value"": 0.6, ""units"": ""mM""}]",2,"[{""assay"": ""CHEMBL4427552"", ""type"": ""Ratio"", ""value"": 1, ""units"": null, ""reason"": ""Ratio 为自由文本指标（无官方标准化规则），assay 描述未命中提升门槛，不跨实验汇总""}, {""assay"": ""CHEMBL4427586"", ""type"": ""Ratio EC50"", ""value"": 1.6, ""units"": null, ""reason"": ""Ratio EC50 为自由文本指标（无官方标准化规则），assay 描述未命中提升门槛，不跨实验汇总""}]",5,5,1,"[""CHEMBL4425170""]",2016,LITERATURE,0,一致（pActivity 极差 0.2，3 倍以内）,中,仅 1 篇文献支撑；2 条指标未归类（见 unclassified_records）
CHEMBL4451652,,Unknown,,CNC(=O)Nc1cc(Oc2cncc(OC)c2)c(C2=CCOCC2)cn1,OJNQROPSWJFXHA-UHFFFAOYSA-N,2,EC50:2,66.0,82.0,98.0,7.18,7.095,7.01,0.17,0,,0,2,1,"[{""assay"": ""CHEMBL4427348"", ""type"": ""EC50"", ""relation"": ""="", ""value_nm"": 66.0, ""pactivity"": 7.18, ""doc"": ""CHEMBL4425164"", ""rule"": ""EC50 为标准化浓度型效力指标""}, {""assay"": ""CHEMBL4427349"", ""type"": ""EC50"", ""relation"": ""="", ""value_nm"": 98.0, ""pactivity"": 7.01, ""doc"": ""CHEMBL4425164"", ""rule"": ""EC50 为标准化浓度型效力指标""}]",1,1.0,Ratio@CHEMBL4427351,1,,,0,1,1,"[{""assay"": ""CHEMBL4427351"", ""type"": ""Ratio"", ""scale"": ""fold"", ""value"": 1, ""units"": null, ""doc"": ""CHEMBL4425164"", ""rule"": ""自由文本指标 Ratio 受限提升为效能(fold)，描述命中：「relative to control」""}]",1,"[{""assay"": ""CHEMBL4427350"", ""type"": ""S0.5"", ""value"": 0.82, ""units"": ""mM""}]",0,,4,4,1,"[""CHEMBL4425164""]",2016,LITERATURE,0,一致（pActivity 极差 0.17，3 倍以内）,中,仅 1 篇文献支撑
CHEMBL4453019,,Unknown,,CNC(=O)Nc1cc(Oc2cncc(C)c2)c(CCO)cn1,HQFPTASIEPQWFA-UHFFFAOYSA-N,2,EC50:2,130.0,230.0,330.0,6.89,6.685,6.48,0.41,0,,0,2,1,"[{""assay"": ""CHEMBL4427348"", ""type"": ""EC50"", ""relation"": ""="", ""value_nm"": 130.0, ""pactivity"": 6.89, ""doc"": ""CHEMBL4425164"", ""rule"": ""EC50 为标准化浓度型效力指标""}, {""assay"": ""CHEMBL4427349"", ""type"": ""EC50"", ""relation"": ""="", ""value_nm"": 330.0, ""pactivity"": 6.48, ""doc"": ""CHEMBL4425164"", ""rule"": ""EC50 为标准化浓度型效力指标""}]",1,0.9,Ratio@CHEMBL4427351,1,,,0,1,1,"[{""assay"": ""CHEMBL4427351"", ""type"": ""Ratio"", ""scale"": ""fold"", ""value"": 0.9, ""units"": null, ""doc"": ""CHEMBL4425164"", ""rule"": ""自由文本指标 Ratio 受限提升为效能(fold)，描述命中：「relative to control」""}]",1,"[{""assay"": ""CHEMBL4427350"", ""type"": ""S0.5"", ""value"": 0.6, ""units"": ""mM""}]",1,"[{""assay"": ""CHEMBL4427376"", ""type"": ""Ratio EC50"", ""value"": 1, ""units"": null, ""reason"": ""Ratio EC50 为自由文本指标（无官方标准化规则），assay 描述未命中提升门槛，不跨实验汇总""}]",5,5,1,"[""CHEMBL4425164""]",2016,LITERATURE,0,一致（pActivity 极差 0.41，3 倍以内）,中,仅 1 篇文献支撑；1 条指标未归类（见 unclassified_records）
CHEMBL4453105,,Unknown,,CNC(=O)Nc1cc(Oc2c(F)cccc2F)c(C)cn1,PMXOXZSVWGIOEG-UHFFFAOYSA-N,2,EC50:2,120.0,1810.0,3500.0,6.92,6.19,5.46,1.46,0,,0,2,1,"[{""assay"": ""CHEMBL4427549"", ""type"": ""EC50"", ""relation"": ""="", ""value_nm"": 120.0, ""pactivity"": 6.92, ""doc"": ""CHEMBL4425170"", ""rule"": ""EC50 为标准化浓度型效力指标""}, {""assay"": ""CHEMBL4427550"", ""type"": ""EC50"", ""relation"": ""="", ""value_nm"": 3500.0, ""pactivity"": 5.46, ""doc"": ""CHEMBL4425170"", ""rule"": ""EC50 为标准化浓度型效力指标""}]",0,,,0,,,0,0,0,,1,"[{""assay"": ""CHEMBL4427551"", ""type"": ""S0.5"", ""value"": 0.9, ""units"": ""mM""}]",1,"[{""assay"": ""CHEMBL4427552"", ""type"": ""Ratio"", ""value"": 0.83, ""units"": null, ""reason"": ""Ratio 为自由文本指标（无官方标准化规则），assay 描述未命中提升门槛，不跨实验汇总""}]",4,4,1,"[""CHEMBL4425170""]",2016,LITERATURE,0,分歧（pActivity 极差 1.46，超过 10 倍）,中,仅 1 篇文献支撑；1 条指标未归类（见 unclassified_records）
CHEMBL4454070,,Unknown,,CNC(=O)Nc1cc(Oc2cncc(C)c2)c(-c2ccc(OCC(C)(C)O)nc2)cn1,QUISANLDBDCMPD-UHFFFAOYSA-N,2,EC50:2,60.0,140.0,220.0,7.22,6.94,6.66,0.56,0,,0,2,1,"[{""assay"": ""CHEMBL4427549"", ""type"": ""EC50"", ""relation"": ""="", ""value_nm"": 60.0, ""pactivity"": 7.22, ""doc"": ""CHEMBL4425170"", ""rule"": ""EC50 为标准化浓度型效力指标""}, {""assay"": ""CHEMBL4427550"", ""type"": ""EC50"", ""relation"": ""="", ""value_nm"": 220.0, ""pactivity"": 6.66, ""doc"": ""CHEMBL4425170"", ""rule"": ""EC50 为标准化浓度型效力指标""}]",0,,,0,,,0,0,0,,1,"[{""assay"": ""CHEMBL4427551"", ""type"": ""S0.5"", ""value"": 0.64, ""units"": ""mM""}]",1,"[{""assay"": ""CHEMBL4427552"", ""type"": ""Ratio"", ""value"": 1.01, ""units"": null, ""reason"": ""Ratio 为自由文本指标（无官方标准化规则），assay 描述未命中提升门槛，不跨实验汇总""}]",4,4,1,"[""CHEMBL4425170""]",2016,LITERATURE,0,较一致（pActivity 极差 0.56，10 倍以内）,中,仅 1 篇文献支撑；1 条指标未归类（见 unclassified_records）
CHEMBL4456659,,Unknown,,CNC(=O)Nc1cc(Oc2cncc(OC)c2)c([C@H]2COCC[C@@H]2F)cn1,UEILGMSMKNVYMP-CABCVRRESA-N,2,EC50:2,170.0,175.0,180.0,6.77,6.76,6.75,0.02,0,,0,2,1,"[{""assay"": ""CHEMBL4427348"", ""type"": ""EC50"", ""relation"": ""="", ""value_nm"": 170.0, ""pactivity"": 6.77, ""doc"": ""CHEMBL4425164"", ""rule"": ""EC50 为标准化浓度型效力指标""}, {""assay"": ""CHEMBL4427349"", ""type"": ""EC50"", ""relation"": ""="", ""value_nm"": 180.0, ""pactivity"": 6.75, ""doc"": ""CHEMBL4425164"", ""rule"": ""EC50 为标准化浓度型效力指标""}]",1,1.0,Ratio@CHEMBL4427351,1,,,0,1,1,"[{""assay"": ""CHEMBL4427351"", ""type"": ""Ratio"", ""scale"": ""fold"", ""value"": 1, ""units"": null, ""doc"": ""CHEMBL4425164"", ""rule"": ""自由文本指标 Ratio 受限提升为效能(fold)，描述命中：「relative to control」""}]",1,"[{""assay"": ""CHEMBL4427350"", ""type"": ""S0.5"", ""value"": 0.85, ""units"": ""mM""}]",0,,4,4,1,"[""CHEMBL4425164""]",2016,LITERATURE,0,一致（pActivity 极差 0.02，3 倍以内）,中,仅 1 篇文献支撑
CHEMBL446224,,Small molecule,,Cc1csc(NC(=O)c2cc(Sc3nnc[nH]3)ccc2N)n1,VHPZLMWISYFRDK-UHFFFAOYSA-N,2,EC50:2,540.0,1470.0,2400.0,6.27,5.945,5.62,0.65,0,,0,2,1,"[{""assay"": ""CHEMBL959301"", ""type"": ""EC50"", ""relation"": ""="", ""value_nm"": 2400.0, ""pactivity"": 5.62, ""doc"": ""CHEMBL1152887"", ""rule"": ""EC50 为标准化浓度型效力指标""}, {""assay"": ""CHEMBL959302"", ""type"": ""EC50"", ""relation"": ""="", ""value_nm"": 540.0, ""pactivity"": 6.27, ""doc"": ""CHEMBL1152887"", ""rule"": ""EC50 为标准化浓度型效力指标""}]",2,8.0,FC@CHEMBL959303,2,,,0,2,1,"[{""assay"": ""CHEMBL959303"", ""type"": ""FC"", ""scale"": ""fold"", ""value"": 8, ""units"": null, ""doc"": ""CHEMBL1152887"", ""rule"": ""FC（fold change）为激活倍数""}, {""assay"": ""CHEMBL959304"", ""type"": ""FC"", ""scale"": ""fold"", ""value"": 1.6, ""units"": null, ""doc"": ""CHEMBL1152887"", ""rule"": ""FC（fold change）为激活倍数""}]",0,,0,,4,4,1,"[""CHEMBL1152887""]",2009,LITERATURE,0,较一致（pActivity 极差 0.65，10 倍以内）,中,仅 1 篇文献支撑
CHEMBL4463568,,Unknown,,CC(C)OC(=O)c1ccc(NC(=O)Cc2ccc(/C=C3\SC(=O)NC3=O)cc2[N+](=O)[O-])nc1,MGBAOBUQXJQYRG-PXNMLYILSA-N,0,,,,,,,,,0,,0,0,0,,1,2.9,FC@CHEMBL4349275,1,,,0,1,1,"[{""assay"": ""CHEMBL4349275"", ""type"": ""FC"", ""scale"": ""fold"", ""value"": 2.9, ""units"": null, ""doc"": ""CHEMBL4346714"", ""rule"": ""FC（fold change）为激活倍数""}]",0,,0,,1,1,1,"[""CHEMBL4346714""]",2019,LITERATURE,0,不适用（可定量效力值不足 2 个 assay）,弱,仅 1 篇文献支撑
CHEMBL4467472,,Unknown,,CNC(=O)Nc1cc(Oc2c(F)cccc2F)c(-c2cccnc2)cn1,ORUZHTYYAVTPOC-UHFFFAOYSA-N,2,EC50:2,230.0,2865.0,5500.0,6.64,5.95,5.26,1.38,0,,0,2,1,"[{""assay"": ""CHEMBL4427549"", ""type"": ""EC50"", ""relation"": ""="", ""value_nm"": 230.0, ""pactivity"": 6.64, ""doc"": ""CHEMBL4425170"", ""rule"": ""EC50 为标准化浓度型效力指标""}, {""assay"": ""CHEMBL4427550"", ""type"": ""EC50"", ""relation"": ""="", ""value_nm"": 5500.0, ""pactivity"": 5.26, ""doc"": ""CHEMBL4425170"", ""rule"": ""EC50 为标准化浓度型效力指标""}]",0,,,0,,,0,0,0,,1,"[{""assay"": ""CHEMBL4427551"", ""type"": ""S0.5"", ""value"": 0.6, ""units"": ""mM""}]",1,"[{""assay"": ""CHEMBL4427552"", ""type"": ""Ratio"", ""value"": 0.95, ""units"": null, ""reason"": ""Ratio 为自由文本指标（无官方标准化规则），assay 描述未命中提升门槛，不跨实验汇总""}]",4,4,1,"[""CHEMBL4425170""]",2016,LITERATURE,0,分歧（pActivity 极差 1.38，超过 10 倍）,中,仅 1 篇文献支撑；1 条指标未归类（见 unclassified_records）
CHEMBL4468814,,Unknown,,CNC(=O)Nc1cc(Oc2c(F)cccc2F)ccn1,QUSPGQBMMOFJNY-UHFFFAOYSA-N,1,EC50:1,830.0,830.0,830.0,6.08,6.08,6.08,,0,,0,1,1,"[{""assay"": ""CHEMBL4427549"", ""type"": ""EC50"", ""relation"": ""="", ""value_nm"": 830.0, ""pactivity"": 6.08, ""doc"": ""CHEMBL4425170"", ""rule"": ""EC50 为标准化浓度型效力指标""}]",0,,,0,,,0,0,0,,1,"[{""assay"": ""CHEMBL4427551"", ""type"": ""S0.5"", ""value"": 0.99, ""units"": ""mM""}]",1,"[{""assay"": ""CHEMBL4427552"", ""type"": ""Ratio"", ""value"": 0.53, ""units"": null, ""reason"": ""Ratio 为自由文本指标（无官方标准化规则），assay 描述未命中提升门槛，不跨实验汇总""}]",3,3,1,"[""CHEMBL4425170""]",2016,LITERATURE,0,不适用（可定量效力值不足 2 个 assay）,中,仅 1 篇文献支撑；1 条指标未归类（见 unclassified_records）
CHEMBL4469251,,Unknown,,CNC(=O)Nc1cc(Oc2cncc(C)c2)c([C@H]2C[C@H](O)C2)cn1,WDQHHGIWBRALLU-HAQNSBGRSA-N,2,EC50:2,72.0,91.0,110.0,7.14,7.05,6.96,0.18,0,,0,2,1,"[{""assay"": ""CHEMBL4427348"", ""type"": ""EC50"", ""relation"": ""="", ""value_nm"": 72.0, ""pactivity"": 7.14, ""doc"": ""CHEMBL4425164"", ""rule"": ""EC50 为标准化浓度型效力指标""}, {""assay"": ""CHEMBL4427349"", ""type"": ""EC50"", ""relation"": ""="", ""value_nm"": 110.0, ""pactivity"": 6.96, ""doc"": ""CHEMBL4425164"", ""rule"": ""EC50 为标准化浓度型效力指标""}]",1,0.92,Ratio@CHEMBL4427351,1,,,0,1,1,"[{""assay"": ""CHEMBL4427351"", ""type"": ""Ratio"", ""scale"": ""fold"", ""value"": 0.92, ""units"": null, ""doc"": ""CHEMBL4425164"", ""rule"": ""自由文本指标 Ratio 受限提升为效能(fold)，描述命中：「relative to control」""}]",1,"[{""assay"": ""CHEMBL4427350"", ""type"": ""S0.5"", ""value"": 0.55, ""units"": ""mM""}]",0,,4,4,1,"[""CHEMBL4425164""]",2016,LITERATURE,0,一致（pActivity 极差 0.18，3 倍以内）,中,仅 1 篇文献支撑
CHEMBL446928,,Small molecule,,Nc1ccc(Cl)cc1C(=O)Nc1nccs1,ILDZIVGXUSUVJE-UHFFFAOYSA-N,2,EC50:2,2600.0,6800.0,11000.0,5.58,5.27,4.96,0.62,0,,0,2,1,"[{""assay"": ""CHEMBL959301"", ""type"": ""EC50"", ""relation"": ""="", ""value_nm"": 11000.0, ""pactivity"": 4.96, ""doc"": ""CHEMBL1152887"", ""rule"": ""EC50 为标准化浓度型效力指标""}, {""assay"": ""CHEMBL959302"", ""type"": ""EC50"", ""relation"": ""="", ""value_nm"": 2600.0, ""pactivity"": 5.58, ""doc"": ""CHEMBL1152887"", ""rule"": ""EC50 为标准化浓度型效力指标""}]",2,8.0,FC@CHEMBL959303,2,,,0,2,1,"[{""assay"": ""CHEMBL959303"", ""type"": ""FC"", ""scale"": ""fold"", ""value"": 8, ""units"": null, ""doc"": ""CHEMBL1152887"", ""rule"": ""FC（fold change）为激活倍数""}, {""assay"": ""CHEMBL959304"", ""type"": ""FC"", ""scale"": ""fold"", ""value"": 1.6, ""units"": null, ""doc"": ""CHEMBL1152887"", ""rule"": ""FC（fold change）为激活倍数""}]",0,,0,,4,4,1,"[""CHEMBL1152887""]",2009,LITERATURE,0,较一致（pActivity 极差 0.62，10 倍以内）,中,仅 1 篇文献支撑
CHEMBL4469348,,Unknown,,CNC(=O)Nc1cc(Oc2cncc(OC)c2)c(C2=CCCOC2)cn1,CUVIBBDRTIYKKQ-UHFFFAOYSA-N,2,EC50:2,130.0,265.0,400.0,6.89,6.645,6.4,0.49,0,,0,2,1,"[{""assay"": ""CHEMBL4427348"", ""type"": ""EC50"", ""relation"": ""="", ""value_nm"": 400.0, ""pactivity"": 6.4, ""doc"": ""CHEMBL4425164"", ""rule"": ""EC50 为标准化浓度型效力指标""}, {""assay"": ""CHEMBL4427349"", ""type"": ""EC50"", ""relation"": ""="", ""value_nm"": 130.0, ""pactivity"": 6.89, ""doc"": ""CHEMBL4425164"", ""rule"": ""EC50 为标准化浓度型效力指标""}]",1,0.99,Ratio@CHEMBL4427351,1,,,0,1,1,"[{""assay"": ""CHEMBL4427351"", ""type"": ""Ratio"", ""scale"": ""fold"", ""value"": 0.99, ""units"": null, ""doc"": ""CHEMBL4425164"", ""rule"": ""自由文本指标 Ratio 受限提升为效能(fold)，描述命中：「relative to control」""}]",1,"[{""assay"": ""CHEMBL4427350"", ""type"": ""S0.5"", ""value"": 0.69, ""units"": ""mM""}]",0,,4,4,1,"[""CHEMBL4425164""]",2016,LITERATURE,0,一致（pActivity 极差 0.49，3 倍以内）,中,仅 1 篇文献支撑
CHEMBL4469570,,Unknown,,CNC(=O)Nc1cc(Oc2cncc(OC)c2)c(-c2ccc(OCCO)nc2)cn1,YALDEOHOWDMWAG-UHFFFAOYSA-N,2,EC50:2,47.0,61.0,75.0,7.33,7.225,7.12,0.21,0,,0,2,1,"[{""assay"": ""CHEMBL4427549"", ""type"": ""EC50"", ""relation"": ""="", ""value_nm"": 47.0, ""pactivity"": 7.33, ""doc"": ""CHEMBL4425170"", ""rule"": ""EC50 为标准化浓度型效力指标""}, {""assay"": ""CHEMBL4427550"", ""type"": ""EC50"", ""relation"": ""="", ""value_nm"": 75.0, ""pactivity"": 7.12, ""doc"": ""CHEMBL4425170"", ""rule"": ""EC50 为标准化浓度型效力指标""}]",0,,,0,,,0,0,0,,1,"[{""assay"": ""CHEMBL4427551"", ""type"": ""S0.5"", ""value"": 0.63, ""units"": ""mM""}]",1,"[{""assay"": ""CHEMBL4427552"", ""type"": ""Ratio"", ""value"": 1.06, ""units"": null, ""reason"": ""Ratio 为自由文本指标（无官方标准化规则），assay 描述未命中提升门槛，不跨实验汇总""}]",4,4,1,"[""CHEMBL4425170""]",2016,LITERATURE,0,一致（pActivity 极差 0.21，3 倍以内）,中,仅 1 篇文献支撑；1 条指标未归类（见 unclassified_records）
CHEMBL4470267,,Unknown,,CNC(=O)Nc1cc(Oc2cncc(OC)c2)c([C@@H]2COCC[C@@H]2O)cn1,AWJLMQBGAXWQAK-GJZGRUSLSA-N,2,EC50:2,920.0,930.0,940.0,6.04,6.035,6.03,0.01,0,,0,2,1,"[{""assay"": ""CHEMBL4427348"", ""type"": ""EC50"", ""relation"": ""="", ""value_nm"": 940.0, ""pactivity"": 6.03, ""doc"": ""CHEMBL4425164"", ""rule"": ""EC50 为标准化浓度型效力指标""}, {""assay"": ""CHEMBL4427349"", ""type"": ""EC50"", ""relation"": ""="", ""value_nm"": 920.0, ""pactivity"": 6.04, ""doc"": ""CHEMBL4425164"", ""rule"": ""EC50 为标准化浓度型效力指标""}]",1,0.83,Ratio@CHEMBL4427351,1,,,0,1,1,"[{""assay"": ""CHEMBL4427351"", ""type"": ""Ratio"", ""scale"": ""fold"", ""value"": 0.83, ""units"": null, ""doc"": ""CHEMBL4425164"", ""rule"": ""自由文本指标 Ratio 受限提升为效能(fold)，描述命中：「relative to control」""}]",1,"[{""assay"": ""CHEMBL4427350"", ""type"": ""S0.5"", ""value"": 0.66, ""units"": ""mM""}]",0,,4,4,1,"[""CHEMBL4425164""]",2016,LITERATURE,0,一致（pActivity 极差 0.01，3 倍以内）,中,仅 1 篇文献支撑
CHEMBL4471002,,Unknown,,CNC(=O)Nc1cc(Oc2ccc(C)nc2)c(-c2ccc(OCCO)nc2)cn1,OLNUGXYTYZWEJW-UHFFFAOYSA-N,2,EC50:2,120.0,750.0,1380.0,6.92,6.39,5.86,1.06,0,,0,2,1,"[{""assay"": ""CHEMBL4427549"", ""type"": ""EC50"", ""relation"": ""="", ""value_nm"": 120.0, ""pactivity"": 6.92, ""doc"": ""CHEMBL4425170"", ""rule"": ""EC50 为标准化浓度型效力指标""}, {""assay"": ""CHEMBL4427550"", ""type"": ""EC50"", ""relation"": ""="", ""value_nm"": 1380.0, ""pactivity"": 5.86, ""doc"": ""CHEMBL4425170"", ""rule"": ""EC50 为标准化浓度型效力指标""}]",0,,,0,,,0,0,0,,1,"[{""assay"": ""CHEMBL4427551"", ""type"": ""S0.5"", ""value"": 0.63, ""units"": ""mM""}]",1,"[{""assay"": ""CHEMBL4427552"", ""type"": ""Ratio"", ""value"": 0.95, ""units"": null, ""reason"": ""Ratio 为自由文本指标（无官方标准化规则），assay 描述未命中提升门槛，不跨实验汇总""}]",4,4,1,"[""CHEMBL4425170""]",2016,LITERATURE,0,分歧（pActivity 极差 1.06，超过 10 倍）,中,仅 1 篇文献支撑；1 条指标未归类（见 unclassified_records）
CHEMBL4471994,,Unknown,,CNC(=O)Nc1cc(Oc2cncc(C)c2)c([C@@H]2CC[C@@H](O)C2)cn1,BXIBIRJEIUUHPD-CHWSQXEVSA-N,2,EC50:2,97.0,143.5,190.0,7.01,6.865,6.72,0.29,0,,0,2,1,"[{""assay"": ""CHEMBL4427348"", ""type"": ""EC50"", ""relation"": ""="", ""value_nm"": 97.0, ""pactivity"": 7.01, ""doc"": ""CHEMBL4425164"", ""rule"": ""EC50 为标准化浓度型效力指标""}, {""assay"": ""CHEMBL4427349"", ""type"": ""EC50"", ""relation"": ""="", ""value_nm"": 190.0, ""pactivity"": 6.72, ""doc"": ""CHEMBL4425164"", ""rule"": ""EC50 为标准化浓度型效力指标""}]",1,0.94,Ratio@CHEMBL4427351,1,,,0,1,1,"[{""assay"": ""CHEMBL4427351"", ""type"": ""Ratio"", ""scale"": ""fold"", ""value"": 0.94, ""units"": null, ""doc"": ""CHEMBL4425164"", ""rule"": ""自由文本指标 Ratio 受限提升为效能(fold)，描述命中：「relative to control」""}]",1,"[{""assay"": ""CHEMBL4427350"", ""type"": ""S0.5"", ""value"": 0.47, ""units"": ""mM""}]",0,,4,4,1,"[""CHEMBL4425164""]",2016,LITERATURE,0,一致（pActivity 极差 0.29，3 倍以内）,中,仅 1 篇文献支撑
CHEMBL4483049,,Unknown,,CS(=O)(=O)c1ccc([C@@]2(C(=O)Nc3nccs3)C[C@H]2C2CCCCC2)cc1,GSCWRMDHCYJPDA-PXNSSMCTSA-N,0,,,,,,,,,0,,0,0,0,,0,,,0,,,0,0,0,,0,,1,"[{""assay"": ""CHEMBL4428666"", ""type"": ""Activity"", ""value"": 130, ""units"": ""%"", ""reason"": ""Activity 为自由文本指标（无官方标准化规则），assay 描述未命中提升门槛，不跨实验汇总""}]",1,1,1,"[""CHEMBL4428044""]",2016,LITERATURE,0,不适用（可定量效力值不足 2 个 assay）,弱,仅 1 篇文献支撑；无可定量的效力或效能值；1 条指标未归类（见 unclassified_records）
CHEMBL451084,,Small molecule,,CCSc1ccc(N)c(C(=O)Nc2nc(C)cs2)c1,RJTBVUQMPODIAS-UHFFFAOYSA-N,2,EC50:2,180.0,480.0,780.0,6.75,6.43,6.11,0.64,0,,0,2,1,"[{""assay"": ""CHEMBL959301"", ""type"": ""EC50"", ""relation"": ""="", ""value_nm"": 780.0, ""pactivity"": 6.11, ""doc"": ""CHEMBL1152887"", ""rule"": ""EC50 为标准化浓度型效力指标""}, {""assay"": ""CHEMBL959302"", ""type"": ""EC50"", ""relation"": ""="", ""value_nm"": 180.0, ""pactivity"": 6.75, ""doc"": ""CHEMBL1152887"", ""rule"": ""EC50 为标准化浓度型效力指标""}]",2,8.0,FC@CHEMBL959303,2,,,0,2,1,"[{""assay"": ""CHEMBL959303"", ""type"": ""FC"", ""scale"": ""fold"", ""value"": 8, ""units"": null, ""doc"": ""CHEMBL1152887"", ""rule"": ""FC（fold change）为激活倍数""}, {""assay"": ""CHEMBL959304"", ""type"": ""FC"", ""scale"": ""fold"", ""value"": 1.6, ""units"": null, ""doc"": ""CHEMBL1152887"", ""rule"": ""FC（fold change）为激活倍数""}]",0,,0,,4,4,1,"[""CHEMBL1152887""]",2009,LITERATURE,0,较一致（pActivity 极差 0.64，10 倍以内）,中,仅 1 篇文献支撑
CHEMBL4515481,,Unknown,,CNC(=O)Nc1cc(Oc2cncc(OC)c2)c([C@@H]2CCOC2)cn1,IBPPUZGNCLRQEP-LLVKDONJSA-N,2,EC50:2,110.0,150.0,190.0,6.96,6.84,6.72,0.24,0,,0,2,1,"[{""assay"": ""CHEMBL4427348"", ""type"": ""EC50"", ""relation"": ""="", ""value_nm"": 110.0, ""pactivity"": 6.96, ""doc"": ""CHEMBL4425164"", ""rule"": ""EC50 为标准化浓度型效力指标""}, {""assay"": ""CHEMBL4427349"", ""type"": ""EC50"", ""relation"": ""="", ""value_nm"": 190.0, ""pactivity"": 6.72, ""doc"": ""CHEMBL4425164"", ""rule"": ""EC50 为标准化浓度型效力指标""}]",1,1.1,Ratio@CHEMBL4427351,1,,,0,1,1,"[{""assay"": ""CHEMBL4427351"", ""type"": ""Ratio"", ""scale"": ""fold"", ""value"": 1.1, ""units"": null, ""doc"": ""CHEMBL4425164"", ""rule"": ""自由文本指标 Ratio 受限提升为效能(fold)，描述命中：「relative to control」""}]",1,"[{""assay"": ""CHEMBL4427350"", ""type"": ""S0.5"", ""value"": 0.53, ""units"": ""mM""}]",0,,4,4,1,"[""CHEMBL4425164""]",2016,LITERATURE,0,一致（pActivity 极差 0.24，3 倍以内）,中,仅 1 篇文献支撑
CHEMBL4516141,,Unknown,,CNC(=O)Nc1cc(Oc2cncc(C)c2)c(CCCO)cn1,MFOQNGMSQDNKQC-UHFFFAOYSA-N,2,EC50:2,66.0,83.0,100.0,7.18,7.09,7.0,0.18,0,,0,2,1,"[{""assay"": ""CHEMBL4427348"", ""type"": ""EC50"", ""relation"": ""="", ""value_nm"": 66.0, ""pactivity"": 7.18, ""doc"": ""CHEMBL4425164"", ""rule"": ""EC50 为标准化浓度型效力指标""}, {""assay"": ""CHEMBL4427349"", ""type"": ""EC50"", ""relation"": ""="", ""value_nm"": 100.0, ""pactivity"": 7.0, ""doc"": ""CHEMBL4425164"", ""rule"": ""EC50 为标准化浓度型效力指标""}]",1,0.96,Ratio@CHEMBL4427351,1,,,0,1,1,"[{""assay"": ""CHEMBL4427351"", ""type"": ""Ratio"", ""scale"": ""fold"", ""value"": 0.96, ""units"": null, ""doc"": ""CHEMBL4425164"", ""rule"": ""自由文本指标 Ratio 受限提升为效能(fold)，描述命中：「relative to control」""}]",1,"[{""assay"": ""CHEMBL4427350"", ""type"": ""S0.5"", ""value"": 0.55, ""units"": ""mM""}]",1,"[{""assay"": ""CHEMBL4427376"", ""type"": ""Ratio EC50"", ""value"": 1, ""units"": null, ""reason"": ""Ratio EC50 为自由文本指标（无官方标准化规则），assay 描述未命中提升门槛，不跨实验汇总""}]",5,5,1,"[""CHEMBL4425164""]",2016,LITERATURE,0,一致（pActivity 极差 0.18，3 倍以内）,中,仅 1 篇文献支撑；1 条指标未归类（见 unclassified_records）
CHEMBL4518905,,Unknown,,CNC(=O)Nc1cc(Oc2c(F)cccc2F)c(-c2ccc(OC)nc2)cn1,RWCGJSDTJAVVHZ-UHFFFAOYSA-N,2,EC50:2,36.0,328.0,620.0,7.44,6.825,6.21,1.23,0,,0,2,1,"[{""assay"": ""CHEMBL4427549"", ""type"": ""EC50"", ""relation"": ""="", ""value_nm"": 36.0, ""pactivity"": 7.44, ""doc"": ""CHEMBL4425170"", ""rule"": ""EC50 为标准化浓度型效力指标""}, {""assay"": ""CHEMBL4427550"", ""type"": ""EC50"", ""relation"": ""="", ""value_nm"": 620.0, ""pactivity"": 6.21, ""doc"": ""CHEMBL4425170"", ""rule"": ""EC50 为标准化浓度型效力指标""}]",0,,,0,,,0,0,0,,1,"[{""assay"": ""CHEMBL4427551"", ""type"": ""S0.5"", ""value"": 0.79, ""units"": ""mM""}]",1,"[{""assay"": ""CHEMBL4427552"", ""type"": ""Ratio"", ""value"": 0.91, ""units"": null, ""reason"": ""Ratio 为自由文本指标（无官方标准化规则），assay 描述未命中提升门槛，不跨实验汇总""}]",4,4,1,"[""CHEMBL4425170""]",2016,LITERATURE,0,分歧（pActivity 极差 1.23，超过 10 倍）,中,仅 1 篇文献支撑；1 条指标未归类（见 unclassified_records）
CHEMBL4522622,,Unknown,,CCOCCc1cnc(NC(=O)NC)cc1Oc1cncc(C)c1,KKYXCDNGTUJMIB-UHFFFAOYSA-N,2,EC50:2,98.0,104.0,110.0,7.01,6.985,6.96,0.05,0,,0,2,1,"[{""assay"": ""CHEMBL4427348"", ""type"": ""EC50"", ""relation"": ""="", ""value_nm"": 98.0, ""pactivity"": 7.01, ""doc"": ""CHEMBL4425164"", ""rule"": ""EC50 为标准化浓度型效力指标""}, {""assay"": ""CHEMBL4427349"", ""type"": ""EC50"", ""relation"": ""="", ""value_nm"": 110.0, ""pactivity"": 6.96, ""doc"": ""CHEMBL4425164"", ""rule"": ""EC50 为标准化浓度型效力指标""}]",1,0.84,Ratio@CHEMBL4427351,1,,,0,1,1,"[{""assay"": ""CHEMBL4427351"", ""type"": ""Ratio"", ""scale"": ""fold"", ""value"": 0.84, ""units"": null, ""doc"": ""CHEMBL4425164"", ""rule"": ""自由文本指标 Ratio 受限提升为效能(fold)，描述命中：「relative to control」""}]",1,"[{""assay"": ""CHEMBL4427350"", ""type"": ""S0.5"", ""value"": 0.59, ""units"": ""mM""}]",1,"[{""assay"": ""CHEMBL4427376"", ""type"": ""Ratio EC50"", ""value"": 1, ""units"": null, ""reason"": ""Ratio EC50 为自由文本指标（无官方标准化规则），assay 描述未命中提升门槛，不跨实验汇总""}]",5,5,1,"[""CHEMBL4425164""]",2016,LITERATURE,0,一致（pActivity 极差 0.05，3 倍以内）,中,仅 1 篇文献支撑；1 条指标未归类（见 unclassified_records）
CHEMBL4527697,,Unknown,,CNC(=O)Nc1cc(Oc2cncc(OC)c2)c([C@@H]2CCCN(C)C2)cn1,KGCLYJCUOWKEBI-CYBMUJFWSA-N,2,EC50:2,2300.0,2600.0,2900.0,5.64,5.59,5.54,0.1,0,,0,2,1,"[{""assay"": ""CHEMBL4427348"", ""type"": ""EC50"", ""relation"": ""="", ""value_nm"": 2300.0, ""pactivity"": 5.64, ""doc"": ""CHEMBL4425164"", ""rule"": ""EC50 为标准化浓度型效力指标""}, {""assay"": ""CHEMBL4427349"", ""type"": ""EC50"", ""relation"": ""="", ""value_nm"": 2900.0, ""pactivity"": 5.54, ""doc"": ""CHEMBL4425164"", ""rule"": ""EC50 为标准化浓度型效力指标""}]",1,0.78,Ratio@CHEMBL4427351,1,,,0,1,1,"[{""assay"": ""CHEMBL4427351"", ""type"": ""Ratio"", ""scale"": ""fold"", ""value"": 0.78, ""units"": null, ""doc"": ""CHEMBL4425164"", ""rule"": ""自由文本指标 Ratio 受限提升为效能(fold)，描述命中：「relative to control」""}]",1,"[{""assay"": ""CHEMBL4427350"", ""type"": ""S0.5"", ""value"": 0.73, ""units"": ""mM""}]",0,,4,4,1,"[""CHEMBL4425164""]",2016,LITERATURE,0,一致（pActivity 极差 0.1，3 倍以内）,中,仅 1 篇文献支撑
CHEMBL4528120,,Unknown,,CNC(=O)Nc1cc(Oc2c(F)cccc2F)c(-c2ccc(OCCO)nc2)cn1,MLBLDXFEOCEMSR-UHFFFAOYSA-N,2,EC50:2,88.0,369.0,650.0,7.06,6.625,6.19,0.87,0,,0,2,1,"[{""assay"": ""CHEMBL4427549"", ""type"": ""EC50"", ""relation"": ""="", ""value_nm"": 88.0, ""pactivity"": 7.06, ""doc"": ""CHEMBL4425170"", ""rule"": ""EC50 为标准化浓度型效力指标""}, {""assay"": ""CHEMBL4427550"", ""type"": ""EC50"", ""relation"": ""="", ""value_nm"": 650.0, ""pactivity"": 6.19, ""doc"": ""CHEMBL4425170"", ""rule"": ""EC50 为标准化浓度型效力指标""}]",0,,,0,,,0,0,0,,1,"[{""assay"": ""CHEMBL4427551"", ""type"": ""S0.5"", ""value"": 0.68, ""units"": ""mM""}]",2,"[{""assay"": ""CHEMBL4427552"", ""type"": ""Ratio"", ""value"": 0.93, ""units"": null, ""reason"": ""Ratio 为自由文本指标（无官方标准化规则），assay 描述未命中提升门槛，不跨实验汇总""}, {""assay"": ""CHEMBL4427586"", ""type"": ""Ratio EC50"", ""value"": 7, ""units"": null, ""reason"": ""Ratio EC50 为自由文本指标（无官方标准化规则），assay 描述未命中提升门槛，不跨实验汇总""}]",5,5,1,"[""CHEMBL4425170""]",2016,LITERATURE,0,较一致（pActivity 极差 0.87，10 倍以内）,中,仅 1 篇文献支撑；2 条指标未归类（见 unclassified_records）
CHEMBL4528539,,Unknown,,CCOc1ccc(-c2cnc(NC(=O)NC)cc2Oc2c(F)cccc2F)cn1,VBTGCGZQBDFJSP-UHFFFAOYSA-N,2,EC50:2,14.0,532.0,1050.0,7.85,6.915,5.98,1.87,0,,0,2,1,"[{""assay"": ""CHEMBL4427549"", ""type"": ""EC50"", ""relation"": ""="", ""value_nm"": 14.0, ""pactivity"": 7.85, ""doc"": ""CHEMBL4425170"", ""rule"": ""EC50 为标准化浓度型效力指标""}, {""assay"": ""CHEMBL4427550"", ""type"": ""EC50"", ""relation"": ""="", ""value_nm"": 1050.0, ""pactivity"": 5.98, ""doc"": ""CHEMBL4425170"", ""rule"": ""EC50 为标准化浓度型效力指标""}]",0,,,0,,,0,0,0,,1,"[{""assay"": ""CHEMBL4427551"", ""type"": ""S0.5"", ""value"": 0.77, ""units"": ""mM""}]",1,"[{""assay"": ""CHEMBL4427552"", ""type"": ""Ratio"", ""value"": 0.85, ""units"": null, ""reason"": ""Ratio 为自由文本指标（无官方标准化规则），assay 描述未命中提升门槛，不跨实验汇总""}]",4,4,1,"[""CHEMBL4425170""]",2016,LITERATURE,0,分歧（pActivity 极差 1.87，超过 10 倍）,中,仅 1 篇文献支撑；1 条指标未归类（见 unclassified_records）
CHEMBL4528726,,Unknown,,CCCOc1ccc(OCc2cccc(F)c2)cc1C(=O)Nc1ccc(C(=O)O)cn1,YAYJFMCBJCXZJJ-UHFFFAOYSA-N,0,,,,,,,,,0,,0,0,0,,1,1.7,FC@CHEMBL4349277,1,,,0,1,1,"[{""assay"": ""CHEMBL4349277"", ""type"": ""FC"", ""scale"": ""fold"", ""value"": 1.7, ""units"": null, ""doc"": ""CHEMBL4346714"", ""rule"": ""FC（fold change）为激活倍数""}]",0,,0,,1,1,1,"[""CHEMBL4346714""]",2019,LITERATURE,0,不适用（可定量效力值不足 2 个 assay）,弱,仅 1 篇文献支撑
CHEMBL4529100,,Unknown,,CNC(=O)Nc1cc(Oc2cncc(C)c2)c([C@]2(O)C[C@H](O)C2)cn1,CBICYFNLSSKSLT-QQVUYCAZSA-N,2,EC50:2,6700.0,7100.0,7500.0,5.17,5.145,5.12,0.05,0,,0,2,1,"[{""assay"": ""CHEMBL4427348"", ""type"": ""EC50"", ""relation"": ""="", ""value_nm"": 6700.0, ""pactivity"": 5.17, ""doc"": ""CHEMBL4425164"", ""rule"": ""EC50 为标准化浓度型效力指标""}, {""assay"": ""CHEMBL4427349"", ""type"": ""EC50"", ""relation"": ""="", ""value_nm"": 7500.0, ""pactivity"": 5.12, ""doc"": ""CHEMBL4425164"", ""rule"": ""EC50 为标准化浓度型效力指标""}]",1,0.88,Ratio@CHEMBL4427351,1,,,0,1,1,"[{""assay"": ""CHEMBL4427351"", ""type"": ""Ratio"", ""scale"": ""fold"", ""value"": 0.88, ""units"": null, ""doc"": ""CHEMBL4425164"", ""rule"": ""自由文本指标 Ratio 受限提升为效能(fold)，描述命中：「relative to control」""}]",1,"[{""assay"": ""CHEMBL4427350"", ""type"": ""S0.5"", ""value"": 0.67, ""units"": ""mM""}]",0,,4,4,1,"[""CHEMBL4425164""]",2016,LITERATURE,0,一致（pActivity 极差 0.05，3 倍以内）,中,仅 1 篇文献支撑
CHEMBL4529355,,Unknown,,CNC(=O)Nc1cc(Oc2cncc(C)c2)c(CCCCO)cn1,BKCOKWFNOYAYES-UHFFFAOYSA-N,2,EC50:2,37.0,46.5,56.0,7.43,7.34,7.25,0.18,0,,0,2,1,"[{""assay"": ""CHEMBL4427348"", ""type"": ""EC50"", ""relation"": ""="", ""value_nm"": 37.0, ""pactivity"": 7.43, ""doc"": ""CHEMBL4425164"", ""rule"": ""EC50 为标准化浓度型效力指标""}, {""assay"": ""CHEMBL4427349"", ""type"": ""EC50"", ""relation"": ""="", ""value_nm"": 56.0, ""pactivity"": 7.25, ""doc"": ""CHEMBL4425164"", ""rule"": ""EC50 为标准化浓度型效力指标""}]",1,0.87,Ratio@CHEMBL4427351,1,,,0,1,1,"[{""assay"": ""CHEMBL4427351"", ""type"": ""Ratio"", ""scale"": ""fold"", ""value"": 0.87, ""units"": null, ""doc"": ""CHEMBL4425164"", ""rule"": ""自由文本指标 Ratio 受限提升为效能(fold)，描述命中：「relative to control」""}]",1,"[{""assay"": ""CHEMBL4427350"", ""type"": ""S0.5"", ""value"": 0.54, ""units"": ""mM""}]",1,"[{""assay"": ""CHEMBL4427376"", ""type"": ""Ratio EC50"", ""value"": 1, ""units"": null, ""reason"": ""Ratio EC50 为自由文本指标（无官方标准化规则），assay 描述未命中提升门槛，不跨实验汇总""}]",5,5,1,"[""CHEMBL4425164""]",2016,LITERATURE,0,一致（pActivity 极差 0.18，3 倍以内）,中,仅 1 篇文献支撑；1 条指标未归类（见 unclassified_records）
CHEMBL4529989,,Unknown,,CNC(=O)Nc1cc(Oc2cncc(C)c2)c([C@H]2C[C@@H](CO)C2)cn1,ZFKQRXNFXUUWGJ-BETUJISGSA-N,2,EC50:2,40.0,55.0,70.0,7.4,7.28,7.16,0.24,0,,0,2,1,"[{""assay"": ""CHEMBL4427348"", ""type"": ""EC50"", ""relation"": ""="", ""value_nm"": 40.0, ""pactivity"": 7.4, ""doc"": ""CHEMBL4425164"", ""rule"": ""EC50 为标准化浓度型效力指标""}, {""assay"": ""CHEMBL4427349"", ""type"": ""EC50"", ""relation"": ""="", ""value_nm"": 70.0, ""pactivity"": 7.16, ""doc"": ""CHEMBL4425164"", ""rule"": ""EC50 为标准化浓度型效力指标""}]",1,0.82,Ratio@CHEMBL4427351,1,,,0,1,1,"[{""assay"": ""CHEMBL4427351"", ""type"": ""Ratio"", ""scale"": ""fold"", ""value"": 0.82, ""units"": null, ""doc"": ""CHEMBL4425164"", ""rule"": ""自由文本指标 Ratio 受限提升为效能(fold)，描述命中：「relative to control」""}]",1,"[{""assay"": ""CHEMBL4427350"", ""type"": ""S0.5"", ""value"": 0.57, ""units"": ""mM""}]",0,,4,4,1,"[""CHEMBL4425164""]",2016,LITERATURE,0,一致（pActivity 极差 0.24，3 倍以内）,中,仅 1 篇文献支撑
CHEMBL4531223,,Unknown,,CNC(=O)Nc1cc(Oc2cncc(C)c2)c(-c2ccc(OC[C@H](C)O)nc2)cn1,IUJYIMVTOYKANW-AWEZNQCLSA-N,1,EC50:1,45.0,45.0,45.0,7.35,7.35,7.35,,0,,0,1,1,"[{""assay"": ""CHEMBL4427549"", ""type"": ""EC50"", ""relation"": ""="", ""value_nm"": 45.0, ""pactivity"": 7.35, ""doc"": ""CHEMBL4425170"", ""rule"": ""EC50 为标准化浓度型效力指标""}]",0,,,0,,,0,0,0,,1,"[{""assay"": ""CHEMBL4427551"", ""type"": ""S0.5"", ""value"": 0.47, ""units"": ""mM""}]",1,"[{""assay"": ""CHEMBL4427552"", ""type"": ""Ratio"", ""value"": 0.99, ""units"": null, ""reason"": ""Ratio 为自由文本指标（无官方标准化规则），assay 描述未命中提升门槛，不跨实验汇总""}]",3,3,1,"[""CHEMBL4425170""]",2016,LITERATURE,0,不适用（可定量效力值不足 2 个 assay）,中,仅 1 篇文献支撑；1 条指标未归类（见 unclassified_records）
CHEMBL4533000,,Unknown,,CNC(=O)Nc1cc(Oc2cncc(OC)c2)c([C@@H]2CCCOC2)cn1,APSOPISMEDAYTH-GFCCVEGCSA-N,2,EC50:2,110.0,415.0,720.0,6.96,6.55,6.14,0.82,0,,0,2,1,"[{""assay"": ""CHEMBL4427348"", ""type"": ""EC50"", ""relation"": ""="", ""value_nm"": 720.0, ""pactivity"": 6.14, ""doc"": ""CHEMBL4425164"", ""rule"": ""EC50 为标准化浓度型效力指标""}, {""assay"": ""CHEMBL4427349"", ""type"": ""EC50"", ""relation"": ""="", ""value_nm"": 110.0, ""pactivity"": 6.96, ""doc"": ""CHEMBL4425164"", ""rule"": ""EC50 为标准化浓度型效力指标""}]",1,0.94,Ratio@CHEMBL4427351,1,,,0,1,1,"[{""assay"": ""CHEMBL4427351"", ""type"": ""Ratio"", ""scale"": ""fold"", ""value"": 0.94, ""units"": null, ""doc"": ""CHEMBL4425164"", ""rule"": ""自由文本指标 Ratio 受限提升为效能(fold)，描述命中：「relative to control」""}]",1,"[{""assay"": ""CHEMBL4427350"", ""type"": ""S0.5"", ""value"": 0.62, ""units"": ""mM""}]",0,,4,4,1,"[""CHEMBL4425164""]",2016,LITERATURE,0,较一致（pActivity 极差 0.82，10 倍以内）,中,仅 1 篇文献支撑
CHEMBL4534484,,Unknown,,CC(C)Oc1cc(OC(C)C)cc(C(=O)Nc2ccc(/C=C/C(=O)O)cn2)c1,QPBJKNYFDLQWPJ-SOFGYWHQSA-N,0,,,,,,,,,0,,0,0,0,,0,,,0,,,0,0,0,,0,,1,"[{""assay"": ""CHEMBL4428666"", ""type"": ""Activity"", ""value"": 60, ""units"": ""%"", ""reason"": ""Activity 为自由文本指标（无官方标准化规则），assay 描述未命中提升门槛，不跨实验汇总""}]",1,1,1,"[""CHEMBL4428044""]",2016,LITERATURE,0,不适用（可定量效力值不足 2 个 assay）,弱,仅 1 篇文献支撑；无可定量的效力或效能值；1 条指标未归类（见 unclassified_records）
CHEMBL453735,,Small molecule,,Cn1cnnc1Sc1ccc(N)c(C(=O)Nc2ccccc2)c1,BQSVXOLORKZUOA-UHFFFAOYSA-N,2,EC50:2,,,,,,,,2,10000.0,0,2,1,"[{""assay"": ""CHEMBL959301"", ""type"": ""EC50"", ""relation"": "">"", ""value_nm"": 10000.0, ""pactivity"": null, ""doc"": ""CHEMBL1152887"", ""rule"": ""EC50 为标准化浓度型效力指标""}, {""assay"": ""CHEMBL959302"", ""type"": ""EC50"", ""relation"": "">"", ""value_nm"": 10000.0, ""pactivity"": null, ""doc"": ""CHEMBL1152887"", ""rule"": ""EC50 为标准化浓度型效力指标""}]",2,8.0,FC@CHEMBL959303,2,,,0,2,1,"[{""assay"": ""CHEMBL959303"", ""type"": ""FC"", ""scale"": ""fold"", ""value"": 8, ""units"": null, ""doc"": ""CHEMBL1152887"", ""rule"": ""FC（fold change）为激活倍数""}, {""assay"": ""CHEMBL959304"", ""type"": ""FC"", ""scale"": ""fold"", ""value"": 1.6, ""units"": null, ""doc"": ""CHEMBL1152887"", ""rule"": ""FC（fold change）为激活倍数""}]",0,,0,,4,4,1,"[""CHEMBL1152887""]",2009,LITERATURE,0,不适用（可定量效力值不足 2 个 assay）,中,仅 1 篇文献支撑；2 条效力为删失值（>，最高浓度未达 EC50），未计入汇总
CHEMBL4538137,,Unknown,,CNC(=O)Nc1cc(Oc2cccc(Cl)c2F)ccn1,YYGHVZXMNGALSU-UHFFFAOYSA-N,1,EC50:1,300.0,300.0,300.0,6.52,6.52,6.52,,0,,0,1,1,"[{""assay"": ""CHEMBL4427549"", ""type"": ""EC50"", ""relation"": ""="", ""value_nm"": 300.0, ""pactivity"": 6.52, ""doc"": ""CHEMBL4425170"", ""rule"": ""EC50 为标准化浓度型效力指标""}]",0,,,0,,,0,0,0,,0,,1,"[{""assay"": ""CHEMBL4427552"", ""type"": ""Ratio"", ""value"": 0.62, ""units"": null, ""reason"": ""Ratio 为自由文本指标（无官方标准化规则），assay 描述未命中提升门槛，不跨实验汇总""}]",2,2,1,"[""CHEMBL4425170""]",2016,LITERATURE,0,不适用（可定量效力值不足 2 个 assay）,中,仅 1 篇文献支撑；1 条指标未归类（见 unclassified_records）
CHEMBL4544957,,Unknown,,CNC(=O)Nc1cc(Oc2cncc(C)c2)c([C@H]2C[C@@H](O)C2)cn1,WDQHHGIWBRALLU-TXEJJXNPSA-N,2,EC50:2,110.0,125.0,140.0,6.96,6.905,6.85,0.11,0,,0,2,1,"[{""assay"": ""CHEMBL4427348"", ""type"": ""EC50"", ""relation"": ""="", ""value_nm"": 110.0, ""pactivity"": 6.96, ""doc"": ""CHEMBL4425164"", ""rule"": ""EC50 为标准化浓度型效力指标""}, {""assay"": ""CHEMBL4427349"", ""type"": ""EC50"", ""relation"": ""="", ""value_nm"": 140.0, ""pactivity"": 6.85, ""doc"": ""CHEMBL4425164"", ""rule"": ""EC50 为标准化浓度型效力指标""}]",1,0.97,Ratio@CHEMBL4427351,1,,,0,1,1,"[{""assay"": ""CHEMBL4427351"", ""type"": ""Ratio"", ""scale"": ""fold"", ""value"": 0.97, ""units"": null, ""doc"": ""CHEMBL4425164"", ""rule"": ""自由文本指标 Ratio 受限提升为效能(fold)，描述命中：「relative to control」""}]",1,"[{""assay"": ""CHEMBL4427350"", ""type"": ""S0.5"", ""value"": 0.66, ""units"": ""mM""}]",0,,4,4,1,"[""CHEMBL4425164""]",2016,LITERATURE,0,一致（pActivity 极差 0.11，3 倍以内）,中,仅 1 篇文献支撑
CHEMBL4549950,,Unknown,,CNC(=O)Nc1cc(Oc2cncc(C)c2)c([C@H]2C[C@@H]2CO)cn1,PKWULGGISSUMMT-YPMHNXCESA-N,2,EC50:2,130.0,150.0,170.0,6.89,6.83,6.77,0.12,0,,0,2,1,"[{""assay"": ""CHEMBL4427348"", ""type"": ""EC50"", ""relation"": ""="", ""value_nm"": 130.0, ""pactivity"": 6.89, ""doc"": ""CHEMBL4425164"", ""rule"": ""EC50 为标准化浓度型效力指标""}, {""assay"": ""CHEMBL4427349"", ""type"": ""EC50"", ""relation"": ""="", ""value_nm"": 170.0, ""pactivity"": 6.77, ""doc"": ""CHEMBL4425164"", ""rule"": ""EC50 为标准化浓度型效力指标""}]",1,1.0,Ratio@CHEMBL4427351,1,,,0,1,1,"[{""assay"": ""CHEMBL4427351"", ""type"": ""Ratio"", ""scale"": ""fold"", ""value"": 1, ""units"": null, ""doc"": ""CHEMBL4425164"", ""rule"": ""自由文本指标 Ratio 受限提升为效能(fold)，描述命中：「relative to control」""}]",1,"[{""assay"": ""CHEMBL4427350"", ""type"": ""S0.5"", ""value"": 0.58, ""units"": ""mM""}]",0,,4,4,1,"[""CHEMBL4425164""]",2016,LITERATURE,0,一致（pActivity 极差 0.12，3 倍以内）,中,仅 1 篇文献支撑
CHEMBL4550307,,Unknown,,CCOC(=O)c1ccc(NC(=O)Cc2ccc(/C=C3\SC(=O)NC3=O)cc2[N+](=O)[O-])nc1,KAPZFLMZLJQHIZ-NVNXTCNLSA-N,0,,,,,,,,,0,,0,0,0,,1,2.7,FC@CHEMBL4349275,1,,,0,1,1,"[{""assay"": ""CHEMBL4349275"", ""type"": ""FC"", ""scale"": ""fold"", ""value"": 2.7, ""units"": null, ""doc"": ""CHEMBL4346714"", ""rule"": ""FC（fold change）为激活倍数""}]",0,,0,,1,1,1,"[""CHEMBL4346714""]",2019,LITERATURE,0,不适用（可定量效力值不足 2 个 assay）,弱,仅 1 篇文献支撑
CHEMBL4551474,,Unknown,,CNC(=O)Nc1cc(Oc2c(F)cccc2F)c(-c2ccncc2)cn1,IWVFBQVZWNETRM-UHFFFAOYSA-N,2,EC50:2,45.0,232.5,420.0,7.35,6.865,6.38,0.97,0,,0,2,1,"[{""assay"": ""CHEMBL4427549"", ""type"": ""EC50"", ""relation"": ""="", ""value_nm"": 45.0, ""pactivity"": 7.35, ""doc"": ""CHEMBL4425170"", ""rule"": ""EC50 为标准化浓度型效力指标""}, {""assay"": ""CHEMBL4427550"", ""type"": ""EC50"", ""relation"": ""="", ""value_nm"": 420.0, ""pactivity"": 6.38, ""doc"": ""CHEMBL4425170"", ""rule"": ""EC50 为标准化浓度型效力指标""}]",0,,,0,,,0,0,0,,1,"[{""assay"": ""CHEMBL4427551"", ""type"": ""S0.5"", ""value"": 0.62, ""units"": ""mM""}]",1,"[{""assay"": ""CHEMBL4427552"", ""type"": ""Ratio"", ""value"": 0.88, ""units"": null, ""reason"": ""Ratio 为自由文本指标（无官方标准化规则），assay 描述未命中提升门槛，不跨实验汇总""}]",4,4,1,"[""CHEMBL4425170""]",2016,LITERATURE,0,较一致（pActivity 极差 0.97，10 倍以内）,中,仅 1 篇文献支撑；1 条指标未归类（见 unclassified_records）
CHEMBL4553907,,Unknown,,CNC(=O)Nc1cc(Oc2cncc(OC)c2)c([C@H]2CCCOC2)cn1,APSOPISMEDAYTH-LBPRGKRZSA-N,2,EC50:2,160.0,190.0,220.0,6.8,6.73,6.66,0.14,0,,0,2,1,"[{""assay"": ""CHEMBL4427348"", ""type"": ""EC50"", ""relation"": ""="", ""value_nm"": 160.0, ""pactivity"": 6.8, ""doc"": ""CHEMBL4425164"", ""rule"": ""EC50 为标准化浓度型效力指标""}, {""assay"": ""CHEMBL4427349"", ""type"": ""EC50"", ""relation"": ""="", ""value_nm"": 220.0, ""pactivity"": 6.66, ""doc"": ""CHEMBL4425164"", ""rule"": ""EC50 为标准化浓度型效力指标""}]",1,1.1,Ratio@CHEMBL4427351,1,,,0,1,1,"[{""assay"": ""CHEMBL4427351"", ""type"": ""Ratio"", ""scale"": ""fold"", ""value"": 1.1, ""units"": null, ""doc"": ""CHEMBL4425164"", ""rule"": ""自由文本指标 Ratio 受限提升为效能(fold)，描述命中：「relative to control」""}]",1,"[{""assay"": ""CHEMBL4427350"", ""type"": ""S0.5"", ""value"": 0.65, ""units"": ""mM""}]",0,,4,4,1,"[""CHEMBL4425164""]",2016,LITERATURE,0,一致（pActivity 极差 0.14，3 倍以内）,中,仅 1 篇文献支撑
CHEMBL4554222,,Unknown,,CNC(=O)Nc1cc(Oc2cncc(C)c2)c([C@H]2CCC[C@H](O)C2)cn1,HYCSKZFLJZABFW-KBPBESRZSA-N,2,EC50:2,72.0,84.5,97.0,7.14,7.075,7.01,0.13,0,,0,2,1,"[{""assay"": ""CHEMBL4427348"", ""type"": ""EC50"", ""relation"": ""="", ""value_nm"": 72.0, ""pactivity"": 7.14, ""doc"": ""CHEMBL4425164"", ""rule"": ""EC50 为标准化浓度型效力指标""}, {""assay"": ""CHEMBL4427349"", ""type"": ""EC50"", ""relation"": ""="", ""value_nm"": 97.0, ""pactivity"": 7.01, ""doc"": ""CHEMBL4425164"", ""rule"": ""EC50 为标准化浓度型效力指标""}]",1,1.0,Ratio@CHEMBL4427351,1,,,0,1,1,"[{""assay"": ""CHEMBL4427351"", ""type"": ""Ratio"", ""scale"": ""fold"", ""value"": 1, ""units"": null, ""doc"": ""CHEMBL4425164"", ""rule"": ""自由文本指标 Ratio 受限提升为效能(fold)，描述命中：「relative to control」""}]",1,"[{""assay"": ""CHEMBL4427350"", ""type"": ""S0.5"", ""value"": 0.51, ""units"": ""mM""}]",0,,4,4,1,"[""CHEMBL4425164""]",2016,LITERATURE,0,一致（pActivity 极差 0.13，3 倍以内）,中,仅 1 篇文献支撑
CHEMBL4561645,,Unknown,,CNC(=O)Nc1cc(Oc2c(F)cccc2F)c(C2CC2)cn1,YUYQXJJCKOEZRT-UHFFFAOYSA-N,2,EC50:2,38.0,634.0,1230.0,7.42,6.665,5.91,1.51,0,,0,2,1,"[{""assay"": ""CHEMBL4427549"", ""type"": ""EC50"", ""relation"": ""="", ""value_nm"": 38.0, ""pactivity"": 7.42, ""doc"": ""CHEMBL4425170"", ""rule"": ""EC50 为标准化浓度型效力指标""}, {""assay"": ""CHEMBL4427550"", ""type"": ""EC50"", ""relation"": ""="", ""value_nm"": 1230.0, ""pactivity"": 5.91, ""doc"": ""CHEMBL4425170"", ""rule"": ""EC50 为标准化浓度型效力指标""}]",0,,,0,,,0,0,0,,1,"[{""assay"": ""CHEMBL4427551"", ""type"": ""S0.5"", ""value"": 0.66, ""units"": ""mM""}]",1,"[{""assay"": ""CHEMBL4427552"", ""type"": ""Ratio"", ""value"": 0.99, ""units"": null, ""reason"": ""Ratio 为自由文本指标（无官方标准化规则），assay 描述未命中提升门槛，不跨实验汇总""}]",4,4,1,"[""CHEMBL4425170""]",2016,LITERATURE,0,分歧（pActivity 极差 1.51，超过 10 倍）,中,仅 1 篇文献支撑；1 条指标未归类（见 unclassified_records）
CHEMBL4566968,,Unknown,,CNC(=O)Nc1cc(Oc2cnccc2C)c(-c2ccc(OCCO)nc2)cn1,XJJQINAUBRDFIN-UHFFFAOYSA-N,2,EC50:2,290.0,465.0,640.0,6.54,6.365,6.19,0.35,0,,0,2,1,"[{""assay"": ""CHEMBL4427549"", ""type"": ""EC50"", ""relation"": ""="", ""value_nm"": 290.0, ""pactivity"": 6.54, ""doc"": ""CHEMBL4425170"", ""rule"": ""EC50 为标准化浓度型效力指标""}, {""assay"": ""CHEMBL4427550"", ""type"": ""EC50"", ""relation"": ""="", ""value_nm"": 640.0, ""pactivity"": 6.19, ""doc"": ""CHEMBL4425170"", ""rule"": ""EC50 为标准化浓度型效力指标""}]",0,,,0,,,0,0,0,,1,"[{""assay"": ""CHEMBL4427551"", ""type"": ""S0.5"", ""value"": 0.61, ""units"": ""mM""}]",1,"[{""assay"": ""CHEMBL4427552"", ""type"": ""Ratio"", ""value"": 1, ""units"": null, ""reason"": ""Ratio 为自由文本指标（无官方标准化规则），assay 描述未命中提升门槛，不跨实验汇总""}]",4,4,1,"[""CHEMBL4425170""]",2016,LITERATURE,0,一致（pActivity 极差 0.35，3 倍以内）,中,仅 1 篇文献支撑；1 条指标未归类（见 unclassified_records）
CHEMBL4572115,,Unknown,,CCOc1cncc(Oc2cc(NC(=O)NC)ncc2-c2ccc(OCCO)nc2)c1,UBGFEQNFPUGRSW-UHFFFAOYSA-N,2,EC50:2,660.0,980.0,1300.0,6.18,6.035,5.89,0.29,0,,0,2,1,"[{""assay"": ""CHEMBL4427549"", ""type"": ""EC50"", ""relation"": ""="", ""value_nm"": 660.0, ""pactivity"": 6.18, ""doc"": ""CHEMBL4425170"", ""rule"": ""EC50 为标准化浓度型效力指标""}, {""assay"": ""CHEMBL4427550"", ""type"": ""EC50"", ""relation"": ""="", ""value_nm"": 1300.0, ""pactivity"": 5.89, ""doc"": ""CHEMBL4425170"", ""rule"": ""EC50 为标准化浓度型效力指标""}]",0,,,0,,,0,0,0,,1,"[{""assay"": ""CHEMBL4427551"", ""type"": ""S0.5"", ""value"": 0.82, ""units"": ""mM""}]",1,"[{""assay"": ""CHEMBL4427552"", ""type"": ""Ratio"", ""value"": 0.7, ""units"": null, ""reason"": ""Ratio 为自由文本指标（无官方标准化规则），assay 描述未命中提升门槛，不跨实验汇总""}]",4,4,1,"[""CHEMBL4425170""]",2016,LITERATURE,0,一致（pActivity 极差 0.29，3 倍以内）,中,仅 1 篇文献支撑；1 条指标未归类（见 unclassified_records）
CHEMBL4573996,,Unknown,,CCc1cncc(Oc2cc(NC(=O)NC)ncc2-c2ccc(OCCO)nc2)c1,ZCFUCHBFJQCYAV-UHFFFAOYSA-N,2,EC50:2,40.0,68.0,96.0,7.4,7.21,7.02,0.38,0,,0,2,1,"[{""assay"": ""CHEMBL4427549"", ""type"": ""EC50"", ""relation"": ""="", ""value_nm"": 40.0, ""pactivity"": 7.4, ""doc"": ""CHEMBL4425170"", ""rule"": ""EC50 为标准化浓度型效力指标""}, {""assay"": ""CHEMBL4427550"", ""type"": ""EC50"", ""relation"": ""="", ""value_nm"": 96.0, ""pactivity"": 7.02, ""doc"": ""CHEMBL4425170"", ""rule"": ""EC50 为标准化浓度型效力指标""}]",0,,,0,,,0,0,0,,1,"[{""assay"": ""CHEMBL4427551"", ""type"": ""S0.5"", ""value"": 0.62, ""units"": ""mM""}]",1,"[{""assay"": ""CHEMBL4427552"", ""type"": ""Ratio"", ""value"": 0.97, ""units"": null, ""reason"": ""Ratio 为自由文本指标（无官方标准化规则），assay 描述未命中提升门槛，不跨实验汇总""}]",4,4,1,"[""CHEMBL4425170""]",2016,LITERATURE,0,一致（pActivity 极差 0.38，3 倍以内）,中,仅 1 篇文献支撑；1 条指标未归类（见 unclassified_records）
CHEMBL4574160,,Unknown,,CNC(=O)Nc1cc(Oc2cncc(C)c2)c(C(C)CO)cn1,ONLVFFJIOJFXPY-UHFFFAOYSA-N,2,EC50:2,670.0,745.0,820.0,6.17,6.13,6.09,0.08,0,,0,2,1,"[{""assay"": ""CHEMBL4427348"", ""type"": ""EC50"", ""relation"": ""="", ""value_nm"": 670.0, ""pactivity"": 6.17, ""doc"": ""CHEMBL4425164"", ""rule"": ""EC50 为标准化浓度型效力指标""}, {""assay"": ""CHEMBL4427349"", ""type"": ""EC50"", ""relation"": ""="", ""value_nm"": 820.0, ""pactivity"": 6.09, ""doc"": ""CHEMBL4425164"", ""rule"": ""EC50 为标准化浓度型效力指标""}]",1,0.95,Ratio@CHEMBL4427351,1,,,0,1,1,"[{""assay"": ""CHEMBL4427351"", ""type"": ""Ratio"", ""scale"": ""fold"", ""value"": 0.95, ""units"": null, ""doc"": ""CHEMBL4425164"", ""rule"": ""自由文本指标 Ratio 受限提升为效能(fold)，描述命中：「relative to control」""}]",1,"[{""assay"": ""CHEMBL4427350"", ""type"": ""S0.5"", ""value"": 0.56, ""units"": ""mM""}]",1,"[{""assay"": ""CHEMBL4427376"", ""type"": ""Ratio EC50"", ""value"": 1, ""units"": null, ""reason"": ""Ratio EC50 为自由文本指标（无官方标准化规则），assay 描述未命中提升门槛，不跨实验汇总""}]",5,5,1,"[""CHEMBL4425164""]",2016,LITERATURE,0,一致（pActivity 极差 0.08，3 倍以内）,中,仅 1 篇文献支撑；1 条指标未归类（见 unclassified_records）
CHEMBL4574225,,Unknown,,CNC(=O)Nc1cc(Oc2cccnc2)c(-c2ccc(OCCO)nc2)cn1,HIJVQVFCIXVMMX-UHFFFAOYSA-N,2,EC50:2,500.0,730.0,960.0,6.3,6.16,6.02,0.28,0,,0,2,1,"[{""assay"": ""CHEMBL4427549"", ""type"": ""EC50"", ""relation"": ""="", ""value_nm"": 500.0, ""pactivity"": 6.3, ""doc"": ""CHEMBL4425170"", ""rule"": ""EC50 为标准化浓度型效力指标""}, {""assay"": ""CHEMBL4427550"", ""type"": ""EC50"", ""relation"": ""="", ""value_nm"": 960.0, ""pactivity"": 6.02, ""doc"": ""CHEMBL4425170"", ""rule"": ""EC50 为标准化浓度型效力指标""}]",0,,,0,,,0,0,0,,1,"[{""assay"": ""CHEMBL4427551"", ""type"": ""S0.5"", ""value"": 0.68, ""units"": ""mM""}]",2,"[{""assay"": ""CHEMBL4427552"", ""type"": ""Ratio"", ""value"": 0.93, ""units"": null, ""reason"": ""Ratio 为自由文本指标（无官方标准化规则），assay 描述未命中提升门槛，不跨实验汇总""}, {""assay"": ""CHEMBL4427586"", ""type"": ""Ratio EC50"", ""value"": 2, ""units"": null, ""reason"": ""Ratio EC50 为自由文本指标（无官方标准化规则），assay 描述未命中提升门槛，不跨实验汇总""}]",5,5,1,"[""CHEMBL4425170""]",2016,LITERATURE,0,一致（pActivity 极差 0.28，3 倍以内）,中,仅 1 篇文献支撑；2 条指标未归类（见 unclassified_records）
CHEMBL4574797,,Unknown,,CNC(=O)Nc1cc(Oc2cncc(OC)c2)c([C@H]2COCCC2(F)F)cn1,DETISJLWMDKKPO-CQSZACIVSA-N,2,EC50:2,530.0,760.0,990.0,6.28,6.14,6.0,0.28,0,,0,2,1,"[{""assay"": ""CHEMBL4427348"", ""type"": ""EC50"", ""relation"": ""="", ""value_nm"": 530.0, ""pactivity"": 6.28, ""doc"": ""CHEMBL4425164"", ""rule"": ""EC50 为标准化浓度型效力指标""}, {""assay"": ""CHEMBL4427349"", ""type"": ""EC50"", ""relation"": ""="", ""value_nm"": 990.0, ""pactivity"": 6.0, ""doc"": ""CHEMBL4425164"", ""rule"": ""EC50 为标准化浓度型效力指标""}]",1,0.89,Ratio@CHEMBL4427351,1,,,0,1,1,"[{""assay"": ""CHEMBL4427351"", ""type"": ""Ratio"", ""scale"": ""fold"", ""value"": 0.89, ""units"": null, ""doc"": ""CHEMBL4425164"", ""rule"": ""自由文本指标 Ratio 受限提升为效能(fold)，描述命中：「relative to control」""}]",1,"[{""assay"": ""CHEMBL4427350"", ""type"": ""S0.5"", ""value"": 0.51, ""units"": ""mM""}]",0,,4,4,1,"[""CHEMBL4425164""]",2016,LITERATURE,0,一致（pActivity 极差 0.28，3 倍以内）,中,仅 1 篇文献支撑
CHEMBL4575077,,Unknown,,O=C(Cc1ccc(/C=C2\SC(=O)NC2=O)cc1[N+](=O)[O-])Nc1ccccn1,QQXRZCAJVPYKFE-JYRVWZFOSA-N,0,,,,,,,,,0,,0,0,0,,1,2.9,FC@CHEMBL4349275,1,,,0,1,1,"[{""assay"": ""CHEMBL4349275"", ""type"": ""FC"", ""scale"": ""fold"", ""value"": 2.9, ""units"": null, ""doc"": ""CHEMBL4346714"", ""rule"": ""FC（fold change）为激活倍数""}]",0,,0,,1,1,1,"[""CHEMBL4346714""]",2019,LITERATURE,0,不适用（可定量效力值不足 2 个 assay）,弱,仅 1 篇文献支撑
CHEMBL4581836,,Unknown,,CNC(=O)Nc1cc(Oc2cncc(C)c2)c(-c2ccc(OC[C@@H](C)O)nc2)cn1,IUJYIMVTOYKANW-CQSZACIVSA-N,1,EC50:1,60.0,60.0,60.0,7.22,7.22,7.22,,0,,0,1,1,"[{""assay"": ""CHEMBL4427549"", ""type"": ""EC50"", ""relation"": ""="", ""value_nm"": 60.0, ""pactivity"": 7.22, ""doc"": ""CHEMBL4425170"", ""rule"": ""EC50 为标准化浓度型效力指标""}]",0,,,0,,,0,0,0,,1,"[{""assay"": ""CHEMBL4427551"", ""type"": ""S0.5"", ""value"": 0.5, ""units"": ""mM""}]",1,"[{""assay"": ""CHEMBL4427552"", ""type"": ""Ratio"", ""value"": 0.96, ""units"": null, ""reason"": ""Ratio 为自由文本指标（无官方标准化规则），assay 描述未命中提升门槛，不跨实验汇总""}]",3,3,1,"[""CHEMBL4425170""]",2016,LITERATURE,0,不适用（可定量效力值不足 2 个 assay）,中,仅 1 篇文献支撑；1 条指标未归类（见 unclassified_records）
CHEMBL4590983,,Unknown,,CNC(=O)Nc1cc(Oc2cncc(C)c2)c([C@H]2C[C@](C)(O)C2)cn1,KOVZHJDLYJLAAG-KSMLVUNXSA-N,2,EC50:2,160.0,230.0,300.0,6.8,6.66,6.52,0.28,0,,0,2,1,"[{""assay"": ""CHEMBL4427348"", ""type"": ""EC50"", ""relation"": ""="", ""value_nm"": 160.0, ""pactivity"": 6.8, ""doc"": ""CHEMBL4425164"", ""rule"": ""EC50 为标准化浓度型效力指标""}, {""assay"": ""CHEMBL4427349"", ""type"": ""EC50"", ""relation"": ""="", ""value_nm"": 300.0, ""pactivity"": 6.52, ""doc"": ""CHEMBL4425164"", ""rule"": ""EC50 为标准化浓度型效力指标""}]",1,0.71,Ratio@CHEMBL4427351,1,,,0,1,1,"[{""assay"": ""CHEMBL4427351"", ""type"": ""Ratio"", ""scale"": ""fold"", ""value"": 0.71, ""units"": null, ""doc"": ""CHEMBL4425164"", ""rule"": ""自由文本指标 Ratio 受限提升为效能(fold)，描述命中：「relative to control」""}]",1,"[{""assay"": ""CHEMBL4427350"", ""type"": ""S0.5"", ""value"": 0.7, ""units"": ""mM""}]",0,,4,4,1,"[""CHEMBL4425164""]",2016,LITERATURE,0,一致（pActivity 极差 0.28，3 倍以内）,中,仅 1 篇文献支撑
CHEMBL4592014,,Unknown,,CNC(=O)Nc1cc(Oc2cncc(C)c2)c([C@H]2C[C@@H](C(C)(C)O)C2)cn1,WAXBYAXGGJCVAK-OKILXGFUSA-N,2,EC50:2,51.0,85.5,120.0,7.29,7.105,6.92,0.37,0,,0,2,1,"[{""assay"": ""CHEMBL4427348"", ""type"": ""EC50"", ""relation"": ""="", ""value_nm"": 51.0, ""pactivity"": 7.29, ""doc"": ""CHEMBL4425164"", ""rule"": ""EC50 为标准化浓度型效力指标""}, {""assay"": ""CHEMBL4427349"", ""type"": ""EC50"", ""relation"": ""="", ""value_nm"": 120.0, ""pactivity"": 6.92, ""doc"": ""CHEMBL4425164"", ""rule"": ""EC50 为标准化浓度型效力指标""}]",1,0.54,Ratio@CHEMBL4427351,1,,,0,1,1,"[{""assay"": ""CHEMBL4427351"", ""type"": ""Ratio"", ""scale"": ""fold"", ""value"": 0.54, ""units"": null, ""doc"": ""CHEMBL4425164"", ""rule"": ""自由文本指标 Ratio 受限提升为效能(fold)，描述命中：「relative to control」""}]",1,"[{""assay"": ""CHEMBL4427350"", ""type"": ""S0.5"", ""value"": 0.68, ""units"": ""mM""}]",0,,4,4,1,"[""CHEMBL4425164""]",2016,LITERATURE,0,一致（pActivity 极差 0.37，3 倍以内）,中,仅 1 篇文献支撑
CHEMBL4592224,,Unknown,,CNC(=O)Nc1cc(Oc2cncc(C)c2)c([C@H]2C[C@@H]2C(C)(C)O)cn1,OTYIASMQWWGGNE-HIFRSBDPSA-N,2,EC50:2,83.0,106.5,130.0,7.08,6.985,6.89,0.19,0,,0,2,1,"[{""assay"": ""CHEMBL4427348"", ""type"": ""EC50"", ""relation"": ""="", ""value_nm"": 83.0, ""pactivity"": 7.08, ""doc"": ""CHEMBL4425164"", ""rule"": ""EC50 为标准化浓度型效力指标""}, {""assay"": ""CHEMBL4427349"", ""type"": ""EC50"", ""relation"": ""="", ""value_nm"": 130.0, ""pactivity"": 6.89, ""doc"": ""CHEMBL4425164"", ""rule"": ""EC50 为标准化浓度型效力指标""}]",1,0.87,Ratio@CHEMBL4427351,1,,,0,1,1,"[{""assay"": ""CHEMBL4427351"", ""type"": ""Ratio"", ""scale"": ""fold"", ""value"": 0.87, ""units"": null, ""doc"": ""CHEMBL4425164"", ""rule"": ""自由文本指标 Ratio 受限提升为效能(fold)，描述命中：「relative to control」""}]",1,"[{""assay"": ""CHEMBL4427350"", ""type"": ""S0.5"", ""value"": 0.62, ""units"": ""mM""}]",0,,4,4,1,"[""CHEMBL4425164""]",2016,LITERATURE,0,一致（pActivity 极差 0.19，3 倍以内）,中,仅 1 篇文献支撑
CHEMBL4632835,,Unknown,,Cc1cnc(NC(=O)/C(=N/N2CCCC2)c2ccc(S(=O)(=O)C3CC3)cc2)s1,RXPURHNVRDSZSP-OQKWZONESA-N,1,EC50:1,220.0,220.0,220.0,6.66,6.66,6.66,,0,,0,1,1,"[{""assay"": ""CHEMBL4624346"", ""type"": ""EC50"", ""relation"": ""="", ""value_nm"": 220.0, ""pactivity"": 6.66, ""doc"": ""CHEMBL4622891"", ""rule"": ""EC50 为标准化浓度型效力指标""}]",0,,,0,,,0,0,0,,0,,0,,1,1,1,"[""CHEMBL4622891""]",2020,LITERATURE,0,不适用（可定量效力值不足 2 个 assay）,弱,仅 1 篇文献支撑
CHEMBL4633515,,Unknown,,Cc1csc(Nc2ncc(SCc3ccccc3)cc2Oc2ccccc2)n1,ICFDGIUNTZOZLF-UHFFFAOYSA-N,1,EC50:1,157.0,157.0,157.0,6.8,6.8,6.8,,0,,0,1,1,"[{""assay"": ""CHEMBL4614223"", ""type"": ""EC50"", ""relation"": ""="", ""value_nm"": 157.0, ""pactivity"": 6.8, ""doc"": ""CHEMBL4613229"", ""rule"": ""EC50 为标准化浓度型效力指标""}]",0,,,0,,,0,0,0,,0,,0,,1,1,1,"[""CHEMBL4613229""]",2020,LITERATURE,0,不适用（可定量效力值不足 2 个 assay）,弱,仅 1 篇文献支撑
CHEMBL4635059,,Unknown,,Cc1csc(Nc2ncc(Sc3ccncc3)cc2Oc2ccccc2)n1,ZWPCANBALVUYJI-UHFFFAOYSA-N,1,EC50:1,32.0,32.0,32.0,7.5,7.5,7.5,,0,,0,1,1,"[{""assay"": ""CHEMBL4614223"", ""type"": ""EC50"", ""relation"": ""="", ""value_nm"": 32.0, ""pactivity"": 7.5, ""doc"": ""CHEMBL4613229"", ""rule"": ""EC50 为标准化浓度型效力指标""}]",0,,,0,,,0,0,0,,0,,0,,1,1,1,"[""CHEMBL4613229""]",2020,LITERATURE,0,不适用（可定量效力值不足 2 个 assay）,弱,仅 1 篇文献支撑
CHEMBL4635073,,Unknown,,C[C@H](O)C(=O)N1CCC(c2nsc(Nc3ncc(Sc4ccccn4)cc3Oc3ccccc3)n2)CC1,OGTIVLDRXVBTPJ-KRWDZBQOSA-N,1,EC50:1,37.0,37.0,37.0,7.43,7.43,7.43,,0,,0,1,1,"[{""assay"": ""CHEMBL4614223"", ""type"": ""EC50"", ""relation"": ""="", ""value_nm"": 37.0, ""pactivity"": 7.43, ""doc"": ""CHEMBL4613229"", ""rule"": ""EC50 为标准化浓度型效力指标""}]",0,,,0,,,0,0,0,,0,,0,,1,1,1,"[""CHEMBL4613229""]",2020,LITERATURE,0,不适用（可定量效力值不足 2 个 assay）,弱,仅 1 篇文献支撑
CHEMBL4635087,,Unknown,,Cc1csc(Nc2ncccc2Oc2ccccc2)n1,VSZXWBUCYVJAHD-UHFFFAOYSA-N,1,EC50:1,419.0,419.0,419.0,6.38,6.38,6.38,,0,,0,1,1,"[{""assay"": ""CHEMBL4614223"", ""type"": ""EC50"", ""relation"": ""="", ""value_nm"": 419.0, ""pactivity"": 6.38, ""doc"": ""CHEMBL4613229"", ""rule"": ""EC50 为标准化浓度型效力指标""}]",0,,,0,,,0,0,0,,0,,0,,1,1,1,"[""CHEMBL4613229""]",2020,LITERATURE,0,不适用（可定量效力值不足 2 个 assay）,弱,仅 1 篇文献支撑
CHEMBL4635545,,Unknown,,O=C(O)CCc1csc(Nc2ncc(Sc3ccncc3)cc2Oc2ccccc2)n1,CUZSJRPWTGMVSV-UHFFFAOYSA-N,1,EC50:1,22.0,22.0,22.0,7.66,7.66,7.66,,0,,0,1,1,"[{""assay"": ""CHEMBL4614223"", ""type"": ""EC50"", ""relation"": ""="", ""value_nm"": 22.0, ""pactivity"": 7.66, ""doc"": ""CHEMBL4613229"", ""rule"": ""EC50 为标准化浓度型效力指标""}]",0,,,0,,,0,0,0,,0,,0,,1,1,1,"[""CHEMBL4613229""]",2020,LITERATURE,0,不适用（可定量效力值不足 2 个 assay）,弱,仅 1 篇文献支撑
CHEMBL4636129,,Unknown,,c1ccc(Oc2cc(Sc3ccncc3)cnc2Nc2nc(C3CC3)cs2)cc1,IYEJBIRMKQSGLJ-UHFFFAOYSA-N,1,EC50:1,103.0,103.0,103.0,6.99,6.99,6.99,,0,,0,1,1,"[{""assay"": ""CHEMBL4614223"", ""type"": ""EC50"", ""relation"": ""="", ""value_nm"": 103.0, ""pactivity"": 6.99, ""doc"": ""CHEMBL4613229"", ""rule"": ""EC50 为标准化浓度型效力指标""}]",0,,,0,,,0,0,0,,0,,0,,1,1,1,"[""CHEMBL4613229""]",2020,LITERATURE,0,不适用（可定量效力值不足 2 个 assay）,弱,仅 1 篇文献支撑
CHEMBL4636593,,Unknown,,C[C@@H](O)C(=O)N1CCC(c2nsc(Nc3ncc(Sc4ccccn4)cc3Oc3ccccc3)n2)CC1,OGTIVLDRXVBTPJ-QGZVFWFLSA-N,1,EC50:1,69.0,69.0,69.0,7.16,7.16,7.16,,0,,0,1,1,"[{""assay"": ""CHEMBL4614223"", ""type"": ""EC50"", ""relation"": ""="", ""value_nm"": 69.0, ""pactivity"": 7.16, ""doc"": ""CHEMBL4613229"", ""rule"": ""EC50 为标准化浓度型效力指标""}]",0,,,0,,,0,0,0,,0,,0,,1,1,1,"[""CHEMBL4613229""]",2020,LITERATURE,0,不适用（可定量效力值不足 2 个 assay）,弱,仅 1 篇文献支撑
CHEMBL4636595,,Unknown,,c1ccc(Oc2cc(Sc3ccccn3)cnc2Nc2nc(C3CCCO3)ns2)cc1,QVKFVTKHQVFQKX-UHFFFAOYSA-N,1,EC50:1,116.0,116.0,116.0,6.94,6.94,6.94,,0,,0,1,1,"[{""assay"": ""CHEMBL4614223"", ""type"": ""EC50"", ""relation"": ""="", ""value_nm"": 116.0, ""pactivity"": 6.94, ""doc"": ""CHEMBL4613229"", ""rule"": ""EC50 为标准化浓度型效力指标""}]",0,,,0,,,0,0,0,,0,,0,,1,1,1,"[""CHEMBL4613229""]",2020,LITERATURE,0,不适用（可定量效力值不足 2 个 assay）,弱,仅 1 篇文献支撑
CHEMBL4636860,,Unknown,,Cc1csc(Nc2ncccc2Oc2ccc(C#N)cc2)n1,LFZCYCHXWJGWSY-UHFFFAOYSA-N,1,EC50:1,3521.0,3521.0,3521.0,5.45,5.45,5.45,,0,,0,1,1,"[{""assay"": ""CHEMBL4614223"", ""type"": ""EC50"", ""relation"": ""="", ""value_nm"": 3521.0, ""pactivity"": 5.45, ""doc"": ""CHEMBL4613229"", ""rule"": ""EC50 为标准化浓度型效力指标""}]",0,,,0,,,0,0,0,,0,,0,,1,1,1,"[""CHEMBL4613229""]",2020,LITERATURE,0,不适用（可定量效力值不足 2 个 assay）,弱,仅 1 篇文献支撑
CHEMBL4637653,,Unknown,,Cc1nnc(NC(=O)/C(=N/N2CCCC2)c2ccc(S(=O)(=O)C3CC3)cc2)s1,WIKVHIKBCYBPHW-CJLVFECKSA-N,1,EC50:1,1170.0,1170.0,1170.0,5.93,5.93,5.93,,0,,0,1,1,"[{""assay"": ""CHEMBL4624346"", ""type"": ""EC50"", ""relation"": ""="", ""value_nm"": 1170.0, ""pactivity"": 5.93, ""doc"": ""CHEMBL4622891"", ""rule"": ""EC50 为标准化浓度型效力指标""}]",0,,,0,,,0,0,0,,0,,0,,1,1,1,"[""CHEMBL4622891""]",2020,LITERATURE,0,不适用（可定量效力值不足 2 个 assay）,弱,仅 1 篇文献支撑
CHEMBL4638110,,Unknown,,CC(=O)N1CCC(c2nsc(Nc3ncc(Sc4ccccn4)cc3Oc3ccccc3)n2)CC1,MGSFDMFRYXZHBE-UHFFFAOYSA-N,2,EC50:2,49.0,844.5,1640.0,7.31,6.55,5.79,1.52,0,,0,2,1,"[{""assay"": ""CHEMBL4614223"", ""type"": ""EC50"", ""relation"": ""="", ""value_nm"": 49.0, ""pactivity"": 7.31, ""doc"": ""CHEMBL4613229"", ""rule"": ""EC50 为标准化浓度型效力指标""}, {""assay"": ""CHEMBL4614239"", ""type"": ""EC50"", ""relation"": ""="", ""value_nm"": 1640.0, ""pactivity"": 5.79, ""doc"": ""CHEMBL4613229"", ""rule"": ""EC50 为标准化浓度型效力指标""}]",0,,,0,,,0,0,0,,0,,0,,2,2,1,"[""CHEMBL4613229""]",2020,LITERATURE,0,分歧（pActivity 极差 1.52，超过 10 倍）,中,仅 1 篇文献支撑
CHEMBL4638126,,Unknown,,CC(C)Cc1csc(Nc2ncc(Sc3ccncc3)cc2Oc2ccccc2)n1,CJEHEFWXHHALET-UHFFFAOYSA-N,1,EC50:1,112.0,112.0,112.0,6.95,6.95,6.95,,0,,0,1,1,"[{""assay"": ""CHEMBL4614223"", ""type"": ""EC50"", ""relation"": ""="", ""value_nm"": 112.0, ""pactivity"": 6.95, ""doc"": ""CHEMBL4613229"", ""rule"": ""EC50 为标准化浓度型效力指标""}]",0,,,0,,,0,0,0,,0,,0,,1,1,1,"[""CHEMBL4613229""]",2020,LITERATURE,0,不适用（可定量效力值不足 2 个 assay）,弱,仅 1 篇文献支撑
CHEMBL4638344,,Unknown,,O=C(Nc1ccccn1)/C(=N/N1CCCC1)c1ccc(S(=O)(=O)C2CC2)cc1,FJQYCWXTZFQPME-FCDQGJHFSA-N,1,EC50:1,2400.0,2400.0,2400.0,5.62,5.62,5.62,,0,,0,1,1,"[{""assay"": ""CHEMBL4624346"", ""type"": ""EC50"", ""relation"": ""="", ""value_nm"": 2400.0, ""pactivity"": 5.62, ""doc"": ""CHEMBL4622891"", ""rule"": ""EC50 为标准化浓度型效力指标""}]",0,,,0,,,0,0,0,,0,,0,,1,1,1,"[""CHEMBL4622891""]",2020,LITERATURE,0,不适用（可定量效力值不足 2 个 assay）,弱,仅 1 篇文献支撑
CHEMBL4639192,,Unknown,,Cc1ncccc1Oc1cc(Sc2ccccn2)cnc1Nc1nc(C2CCN(S(C)(=O)=O)CC2)ns1,RXEPTVLJQLRTNX-UHFFFAOYSA-N,2,EC50:2,33.0,358.5,684.0,7.48,6.825,6.17,1.31,0,,0,2,1,"[{""assay"": ""CHEMBL4614223"", ""type"": ""EC50"", ""relation"": ""="", ""value_nm"": 33.0, ""pactivity"": 7.48, ""doc"": ""CHEMBL4613229"", ""rule"": ""EC50 为标准化浓度型效力指标""}, {""assay"": ""CHEMBL4614239"", ""type"": ""EC50"", ""relation"": ""="", ""value_nm"": 684.0, ""pactivity"": 6.17, ""doc"": ""CHEMBL4613229"", ""rule"": ""EC50 为标准化浓度型效力指标""}]",0,,,0,,,0,0,0,,0,,0,,2,2,1,"[""CHEMBL4613229""]",2020,LITERATURE,0,分歧（pActivity 极差 1.31，超过 10 倍）,中,仅 1 篇文献支撑
CHEMBL4639271,,Unknown,,CCc1csc(Nc2ncc(Sc3ccncc3)cc2Oc2ccccc2)n1,GFLDSNIRKKMYNR-UHFFFAOYSA-N,1,EC50:1,20.0,20.0,20.0,7.7,7.7,7.7,,0,,0,1,1,"[{""assay"": ""CHEMBL4614223"", ""type"": ""EC50"", ""relation"": ""="", ""value_nm"": 20.0, ""pactivity"": 7.7, ""doc"": ""CHEMBL4613229"", ""rule"": ""EC50 为标准化浓度型效力指标""}]",0,,,0,,,0,0,0,,0,,0,,1,1,1,"[""CHEMBL4613229""]",2020,LITERATURE,0,不适用（可定量效力值不足 2 个 assay）,弱,仅 1 篇文献支撑
CHEMBL4641678,,Unknown,,O=C(Nc1ncc(Cl)s1)/C(=N/N1CCCC1)c1ccc(S(=O)(=O)C2CC2)cc1,HEICTMHSMKRYPU-CJLVFECKSA-N,1,EC50:1,41.0,41.0,41.0,7.39,7.39,7.39,,0,,0,1,1,"[{""assay"": ""CHEMBL4624346"", ""type"": ""EC50"", ""relation"": ""="", ""value_nm"": 41.0, ""pactivity"": 7.39, ""doc"": ""CHEMBL4622891"", ""rule"": ""EC50 为标准化浓度型效力指标""}]",0,,,0,,,0,0,0,,0,,0,,1,1,1,"[""CHEMBL4622891""]",2020,LITERATURE,0,不适用（可定量效力值不足 2 个 assay）,弱,仅 1 篇文献支撑
CHEMBL4641724,,Unknown,,CS(=O)(=O)c1ccc(/C(=N\N2CCCC2)C(=O)Nc2nccs2)cc1,QRBSYDWCVFAQEM-XMHGGMMESA-N,1,EC50:1,5600.0,5600.0,5600.0,5.25,5.25,5.25,,0,,0,1,1,"[{""assay"": ""CHEMBL4624346"", ""type"": ""EC50"", ""relation"": ""="", ""value_nm"": 5600.0, ""pactivity"": 5.25, ""doc"": ""CHEMBL4622891"", ""rule"": ""EC50 为标准化浓度型效力指标""}]",0,,,0,,,0,0,0,,0,,0,,1,1,1,"[""CHEMBL4622891""]",2020,LITERATURE,0,不适用（可定量效力值不足 2 个 assay）,弱,仅 1 篇文献支撑
CHEMBL4641920,,Unknown,,CS(=O)(=O)N1CCC(c2nsc(Nc3ncc(Sc4ccccn4)cc3Oc3ccccc3)n2)CC1,CTCWRWPQHBJTGS-UHFFFAOYSA-N,2,EC50:2,70.0,1707.5,3345.0,7.16,6.32,5.48,1.68,0,,0,2,1,"[{""assay"": ""CHEMBL4614223"", ""type"": ""EC50"", ""relation"": ""="", ""value_nm"": 70.0, ""pactivity"": 7.16, ""doc"": ""CHEMBL4613229"", ""rule"": ""EC50 为标准化浓度型效力指标""}, {""assay"": ""CHEMBL4614239"", ""type"": ""EC50"", ""relation"": ""="", ""value_nm"": 3345.0, ""pactivity"": 5.48, ""doc"": ""CHEMBL4613229"", ""rule"": ""EC50 为标准化浓度型效力指标""}]",0,,,0,,,0,0,0,,0,,0,,2,2,1,"[""CHEMBL4613229""]",2020,LITERATURE,0,分歧（pActivity 极差 1.68，超过 10 倍）,中,仅 1 篇文献支撑
CHEMBL4642217,,Unknown,,Cc1csc(Nc2ncc(Sc3ccccn3)cc2Oc2ccccc2)n1,NRHBMBYWSZHJSQ-UHFFFAOYSA-N,1,EC50:1,72.0,72.0,72.0,7.14,7.14,7.14,,0,,0,1,1,"[{""assay"": ""CHEMBL4614223"", ""type"": ""EC50"", ""relation"": ""="", ""value_nm"": 72.0, ""pactivity"": 7.14, ""doc"": ""CHEMBL4613229"", ""rule"": ""EC50 为标准化浓度型效力指标""}]",0,,,0,,,0,0,0,,0,,0,,1,1,1,"[""CHEMBL4613229""]",2020,LITERATURE,0,不适用（可定量效力值不足 2 个 assay）,弱,仅 1 篇文献支撑
CHEMBL4642648,,Unknown,,Cc1csc(Nc2ncc(Sc3ccccc3)cc2Oc2ccccc2)n1,ODBIGGBFMSXVMF-UHFFFAOYSA-N,1,EC50:1,98.0,98.0,98.0,7.01,7.01,7.01,,0,,0,1,1,"[{""assay"": ""CHEMBL4614223"", ""type"": ""EC50"", ""relation"": ""="", ""value_nm"": 98.0, ""pactivity"": 7.01, ""doc"": ""CHEMBL4613229"", ""rule"": ""EC50 为标准化浓度型效力指标""}]",0,,,0,,,0,0,0,,0,,0,,1,1,1,"[""CHEMBL4613229""]",2020,LITERATURE,0,不适用（可定量效力值不足 2 个 assay）,弱,仅 1 篇文献支撑
CHEMBL4642717,,Unknown,,CC(C)C(=O)N1CCC(c2nsc(Nc3ncc(Sc4ccccn4)cc3Oc3ccccc3)n2)CC1,IRQKJDXIOXGKIR-UHFFFAOYSA-N,1,EC50:1,29.0,29.0,29.0,7.54,7.54,7.54,,0,,0,1,1,"[{""assay"": ""CHEMBL4614223"", ""type"": ""EC50"", ""relation"": ""="", ""value_nm"": 29.0, ""pactivity"": 7.54, ""doc"": ""CHEMBL4613229"", ""rule"": ""EC50 为标准化浓度型效力指标""}]",0,,,0,,,0,0,0,,0,,0,,1,1,1,"[""CHEMBL4613229""]",2020,LITERATURE,0,不适用（可定量效力值不足 2 个 assay）,弱,仅 1 篇文献支撑
CHEMBL4642812,,Unknown,,Cc1nsc(Nc2ncc(Sc3ccccn3)cc2Oc2ccccc2)n1,BPYMCNLKIVPLRZ-UHFFFAOYSA-N,1,EC50:1,78.0,78.0,78.0,7.11,7.11,7.11,,0,,0,1,1,"[{""assay"": ""CHEMBL4614223"", ""type"": ""EC50"", ""relation"": ""="", ""value_nm"": 78.0, ""pactivity"": 7.11, ""doc"": ""CHEMBL4613229"", ""rule"": ""EC50 为标准化浓度型效力指标""}]",0,,,0,,,0,0,0,,0,,0,,1,1,1,"[""CHEMBL4613229""]",2020,LITERATURE,0,不适用（可定量效力值不足 2 个 assay）,弱,仅 1 篇文献支撑
CHEMBL4643124,,Unknown,,CC(=O)N1CCC(c2nsc(Nc3ncc(Sc4ccccn4)cc3Oc3cnn(C)c3)n2)CC1,SBRGWDJNHINHFM-UHFFFAOYSA-N,2,EC50:2,279.0,1123.0,1967.0,6.55,6.13,5.71,0.84,0,,0,2,1,"[{""assay"": ""CHEMBL4614223"", ""type"": ""EC50"", ""relation"": ""="", ""value_nm"": 279.0, ""pactivity"": 6.55, ""doc"": ""CHEMBL4613229"", ""rule"": ""EC50 为标准化浓度型效力指标""}, {""assay"": ""CHEMBL4614239"", ""type"": ""EC50"", ""relation"": ""="", ""value_nm"": 1967.0, ""pactivity"": 5.71, ""doc"": ""CHEMBL4613229"", ""rule"": ""EC50 为标准化浓度型效力指标""}]",0,,,0,,,0,0,0,,0,,0,,2,2,1,"[""CHEMBL4613229""]",2020,LITERATURE,0,较一致（pActivity 极差 0.84，10 倍以内）,中,仅 1 篇文献支撑
CHEMBL4643142,,Unknown,,CC(C)c1csc(Nc2ncc(Sc3ccncc3)cc2Oc2ccccc2)n1,CPUQJZUHAKVNGU-UHFFFAOYSA-N,1,EC50:1,58.0,58.0,58.0,7.24,7.24,7.24,,0,,0,1,1,"[{""assay"": ""CHEMBL4614223"", ""type"": ""EC50"", ""relation"": ""="", ""value_nm"": 58.0, ""pactivity"": 7.24, ""doc"": ""CHEMBL4613229"", ""rule"": ""EC50 为标准化浓度型效力指标""}]",0,,,0,,,0,0,0,,0,,0,,1,1,1,"[""CHEMBL4613229""]",2020,LITERATURE,0,不适用（可定量效力值不足 2 个 assay）,弱,仅 1 篇文献支撑
CHEMBL4643627,,Unknown,,CC(=O)N1CCC(c2nsc(Nc3ncc(Sc4ccccn4)cc3Oc3cccc4ncccc34)n2)CC1,JNDNJMYZHYPZGD-UHFFFAOYSA-N,2,EC50:2,9.3,256.65,504.0,8.03,7.165,6.3,1.73,0,,0,2,1,"[{""assay"": ""CHEMBL4614223"", ""type"": ""EC50"", ""relation"": ""="", ""value_nm"": 9.3, ""pactivity"": 8.03, ""doc"": ""CHEMBL4613229"", ""rule"": ""EC50 为标准化浓度型效力指标""}, {""assay"": ""CHEMBL4614239"", ""type"": ""EC50"", ""relation"": ""="", ""value_nm"": 504.0, ""pactivity"": 6.3, ""doc"": ""CHEMBL4613229"", ""rule"": ""EC50 为标准化浓度型效力指标""}]",0,,,0,,,0,0,0,,0,,0,,2,2,1,"[""CHEMBL4613229""]",2020,LITERATURE,0,分歧（pActivity 极差 1.73，超过 10 倍）,中,仅 1 篇文献支撑
CHEMBL4643638,,Unknown,,O=C(CO)N1CCC(c2nsc(Nc3ncc(Sc4ccccn4)cc3Oc3ccccc3)n2)CC1,JCSZXBIMTCZGOX-UHFFFAOYSA-N,1,EC50:1,36.0,36.0,36.0,7.44,7.44,7.44,,0,,0,1,1,"[{""assay"": ""CHEMBL4614223"", ""type"": ""EC50"", ""relation"": ""="", ""value_nm"": 36.0, ""pactivity"": 7.44, ""doc"": ""CHEMBL4613229"", ""rule"": ""EC50 为标准化浓度型效力指标""}]",0,,,0,,,0,0,0,,0,,0,,1,1,1,"[""CHEMBL4613229""]",2020,LITERATURE,0,不适用（可定量效力值不足 2 个 assay）,弱,仅 1 篇文献支撑
CHEMBL4644080,,Unknown,,CC(=O)N1CCN(Cc2cnc(NC(=O)/C(=N/N3CCCC3)c3ccc(S(=O)(=O)C4CC4)cc3)s2)CC1,NDSGMBBHSCYMQL-WEMUOSSPSA-N,1,EC50:1,1920.0,1920.0,1920.0,5.72,5.72,5.72,,0,,0,1,1,"[{""assay"": ""CHEMBL4624346"", ""type"": ""EC50"", ""relation"": ""="", ""value_nm"": 1920.0, ""pactivity"": 5.72, ""doc"": ""CHEMBL4622891"", ""rule"": ""EC50 为标准化浓度型效力指标""}]",0,,,0,,,0,0,0,,0,,0,,1,1,1,"[""CHEMBL4622891""]",2020,LITERATURE,0,不适用（可定量效力值不足 2 个 assay）,弱,仅 1 篇文献支撑
CHEMBL4644628,,Unknown,,CC(=O)N1CCC(c2nsc(Nc3ncc(Sc4ccccn4)cc3Oc3cccnc3C)n2)CC1,WITGITFYEMHCEZ-UHFFFAOYSA-N,2,EC50:2,42.0,202.0,362.0,7.38,6.91,6.44,0.94,0,,0,2,1,"[{""assay"": ""CHEMBL4614223"", ""type"": ""EC50"", ""relation"": ""="", ""value_nm"": 42.0, ""pactivity"": 7.38, ""doc"": ""CHEMBL4613229"", ""rule"": ""EC50 为标准化浓度型效力指标""}, {""assay"": ""CHEMBL4614239"", ""type"": ""EC50"", ""relation"": ""="", ""value_nm"": 362.0, ""pactivity"": 6.44, ""doc"": ""CHEMBL4613229"", ""rule"": ""EC50 为标准化浓度型效力指标""}]",0,,,0,,,0,0,0,,0,,0,,2,2,1,"[""CHEMBL4613229""]",2020,LITERATURE,0,较一致（pActivity 极差 0.94，10 倍以内）,中,仅 1 篇文献支撑
CHEMBL4645293,,Unknown,,O=C(Nc1nccs1)/C(=N/N1CCCC1)c1ccc(S(=O)(=O)C2CC2)cc1,IDPHEZLKJAWRMK-LTGZKZEYSA-N,1,EC50:1,420.0,420.0,420.0,6.38,6.38,6.38,,0,,0,1,1,"[{""assay"": ""CHEMBL4624346"", ""type"": ""EC50"", ""relation"": ""="", ""value_nm"": 420.0, ""pactivity"": 6.38, ""doc"": ""CHEMBL4622891"", ""rule"": ""EC50 为标准化浓度型效力指标""}]",0,,,0,,,0,0,0,,0,,0,,1,1,1,"[""CHEMBL4622891""]",2020,LITERATURE,0,不适用（可定量效力值不足 2 个 assay）,弱,仅 1 篇文献支撑
CHEMBL4645486,,Unknown,,Cc1csc(Nc2ncc(Br)cc2Oc2ccccc2)n1,XRFBFVJFPOWVBV-UHFFFAOYSA-N,1,EC50:1,400.0,400.0,400.0,6.4,6.4,6.4,,0,,0,1,1,"[{""assay"": ""CHEMBL4614223"", ""type"": ""EC50"", ""relation"": ""="", ""value_nm"": 400.0, ""pactivity"": 6.4, ""doc"": ""CHEMBL4613229"", ""rule"": ""EC50 为标准化浓度型效力指标""}]",0,,,0,,,0,0,0,,0,,0,,1,1,1,"[""CHEMBL4613229""]",2020,LITERATURE,0,不适用（可定量效力值不足 2 个 assay）,弱,仅 1 篇文献支撑
CHEMBL4645667,,Unknown,,c1ccc(CCc2csc(Nc3ncc(Sc4ccncc4)cc3Oc3ccccc3)n2)cc1,ZVHBWHZMVDWUFE-UHFFFAOYSA-N,1,EC50:1,47.0,47.0,47.0,7.33,7.33,7.33,,0,,0,1,1,"[{""assay"": ""CHEMBL4614223"", ""type"": ""EC50"", ""relation"": ""="", ""value_nm"": 47.0, ""pactivity"": 7.33, ""doc"": ""CHEMBL4613229"", ""rule"": ""EC50 为标准化浓度型效力指标""}]",0,,,0,,,0,0,0,,0,,0,,1,1,1,"[""CHEMBL4613229""]",2020,LITERATURE,0,不适用（可定量效力值不足 2 个 assay）,弱,仅 1 篇文献支撑
CHEMBL4646132,,Unknown,,c1ccc(Oc2cc(Sc3ccncc3)cnc2Nc2nc(C3CCCCC3)cs2)cc1,KYGTXQUNZUZTNQ-UHFFFAOYSA-N,1,EC50:1,92.0,92.0,92.0,7.04,7.04,7.04,,0,,0,1,1,"[{""assay"": ""CHEMBL4614223"", ""type"": ""EC50"", ""relation"": ""="", ""value_nm"": 92.0, ""pactivity"": 7.04, ""doc"": ""CHEMBL4613229"", ""rule"": ""EC50 为标准化浓度型效力指标""}]",0,,,0,,,0,0,0,,0,,0,,1,1,1,"[""CHEMBL4613229""]",2020,LITERATURE,0,不适用（可定量效力值不足 2 个 assay）,弱,仅 1 篇文献支撑
CHEMBL4646396,,Unknown,,CN1CCN(Cc2cnc(NC(=O)/C(=N/N3CCCC3)c3ccc(S(=O)(=O)C4CC4)cc3)s2)CC1,FETSDWZQMXCKMK-HPNDGRJYSA-N,1,EC50:1,700.0,700.0,700.0,6.16,6.16,6.16,,0,,0,1,1,"[{""assay"": ""CHEMBL4624346"", ""type"": ""EC50"", ""relation"": ""="", ""value_nm"": 700.0, ""pactivity"": 6.16, ""doc"": ""CHEMBL4622891"", ""rule"": ""EC50 为标准化浓度型效力指标""}]",0,,,0,,,0,0,0,,0,,0,,1,1,1,"[""CHEMBL4622891""]",2020,LITERATURE,0,不适用（可定量效力值不足 2 个 assay）,弱,仅 1 篇文献支撑
CHEMBL4646748,,Unknown,,CN(C)C(=O)N1CCC(c2nsc(Nc3ncc(Sc4ccccn4)cc3Oc3ccccc3)n2)CC1,NUCTUDYYCJZXFC-UHFFFAOYSA-N,1,EC50:1,21.0,21.0,21.0,7.68,7.68,7.68,,0,,0,1,1,"[{""assay"": ""CHEMBL4614223"", ""type"": ""EC50"", ""relation"": ""="", ""value_nm"": 21.0, ""pactivity"": 7.68, ""doc"": ""CHEMBL4613229"", ""rule"": ""EC50 为标准化浓度型效力指标""}]",0,,,0,,,0,0,0,,0,,0,,1,1,1,"[""CHEMBL4613229""]",2020,LITERATURE,0,不适用（可定量效力值不足 2 个 assay）,弱,仅 1 篇文献支撑
CHEMBL4646802,,Unknown,,c1ccc(Oc2cc(Sc3ccccn3)cnc2Nc2nc(C3CCOC3)ns2)cc1,ZRCNRJXRDSAWJV-UHFFFAOYSA-N,1,EC50:1,21.0,21.0,21.0,7.68,7.68,7.68,,0,,0,1,1,"[{""assay"": ""CHEMBL4614223"", ""type"": ""EC50"", ""relation"": ""="", ""value_nm"": 21.0, ""pactivity"": 7.68, ""doc"": ""CHEMBL4613229"", ""rule"": ""EC50 为标准化浓度型效力指标""}]",0,,,0,,,0,0,0,,0,,0,,1,1,1,"[""CHEMBL4613229""]",2020,LITERATURE,0,不适用（可定量效力值不足 2 个 assay）,弱,仅 1 篇文献支撑
CHEMBL4647058,,Unknown,,CC(=O)N1CCC(c2nsc(Nc3ncc(Sc4ccccn4)cc3Oc3cccnc3)n2)CC1,RMMLINKWFXVLPJ-UHFFFAOYSA-N,2,EC50:2,233.0,1471.5,2710.0,6.63,6.1,5.57,1.06,0,,0,2,1,"[{""assay"": ""CHEMBL4614223"", ""type"": ""EC50"", ""relation"": ""="", ""value_nm"": 233.0, ""pactivity"": 6.63, ""doc"": ""CHEMBL4613229"", ""rule"": ""EC50 为标准化浓度型效力指标""}, {""assay"": ""CHEMBL4614239"", ""type"": ""EC50"", ""relation"": ""="", ""value_nm"": 2710.0, ""pactivity"": 5.57, ""doc"": ""CHEMBL4613229"", ""rule"": ""EC50 为标准化浓度型效力指标""}]",0,,,0,,,0,0,0,,0,,0,,2,2,1,"[""CHEMBL4613229""]",2020,LITERATURE,0,分歧（pActivity 极差 1.06，超过 10 倍）,中,仅 1 篇文献支撑
CHEMBL4648642,,Unknown,,CN(C)CC(=O)N1CCC(c2nsc(Nc3ncc(Sc4ccccn4)cc3Oc3ccccc3)n2)CC1,IRMFOFIIMCDJCM-UHFFFAOYSA-N,1,EC50:1,20.0,20.0,20.0,7.7,7.7,7.7,,0,,0,1,1,"[{""assay"": ""CHEMBL4614223"", ""type"": ""EC50"", ""relation"": ""="", ""value_nm"": 20.0, ""pactivity"": 7.7, ""doc"": ""CHEMBL4613229"", ""rule"": ""EC50 为标准化浓度型效力指标""}]",0,,,0,,,0,0,0,,0,,0,,1,1,1,"[""CHEMBL4613229""]",2020,LITERATURE,0,不适用（可定量效力值不足 2 个 assay）,弱,仅 1 篇文献支撑
CHEMBL4648916,,Unknown,,Cc1csc(Nc2ncccc2Oc2ccccc2C#N)n1,KPJJEXKLZAXHEE-UHFFFAOYSA-N,1,EC50:1,2359.0,2359.0,2359.0,5.63,5.63,5.63,,0,,0,1,1,"[{""assay"": ""CHEMBL4614223"", ""type"": ""EC50"", ""relation"": ""="", ""value_nm"": 2359.0, ""pactivity"": 5.63, ""doc"": ""CHEMBL4613229"", ""rule"": ""EC50 为标准化浓度型效力指标""}]",0,,,0,,,0,0,0,,0,,0,,1,1,1,"[""CHEMBL4613229""]",2020,LITERATURE,0,不适用（可定量效力值不足 2 个 assay）,弱,仅 1 篇文献支撑
CHEMBL4649181,,Unknown,,FC(F)(F)c1csc(Nc2ncc(Sc3ccncc3)cc2Oc2ccccc2)n1,DELIHZQMIGWCMS-UHFFFAOYSA-N,1,EC50:1,213.0,213.0,213.0,6.67,6.67,6.67,,0,,0,1,1,"[{""assay"": ""CHEMBL4614223"", ""type"": ""EC50"", ""relation"": ""="", ""value_nm"": 213.0, ""pactivity"": 6.67, ""doc"": ""CHEMBL4613229"", ""rule"": ""EC50 为标准化浓度型效力指标""}]",0,,,0,,,0,0,0,,0,,0,,1,1,1,"[""CHEMBL4613229""]",2020,LITERATURE,0,不适用（可定量效力值不足 2 个 assay）,弱,仅 1 篇文献支撑
CHEMBL4649482,,Unknown,,O=C(Nc1ncns1)/C(=N/N1CCCC1)c1ccc(S(=O)(=O)C2CC2)cc1,VYGSQXYTLDDDEK-RCCKNPSSSA-N,1,EC50:1,160.0,160.0,160.0,6.8,6.8,6.8,,0,,0,1,1,"[{""assay"": ""CHEMBL4624346"", ""type"": ""EC50"", ""relation"": ""="", ""value_nm"": 160.0, ""pactivity"": 6.8, ""doc"": ""CHEMBL4622891"", ""rule"": ""EC50 为标准化浓度型效力指标""}]",0,,,0,,,0,0,0,,0,,0,,1,1,1,"[""CHEMBL4622891""]",2020,LITERATURE,0,不适用（可定量效力值不足 2 个 assay）,弱,仅 1 篇文献支撑
CHEMBL473760,,Small molecule,,Cc1csc(NC(=O)c2cc(Oc3ccccc3)ccc2N)n1,YOUJKSRBHSZORZ-UHFFFAOYSA-N,4,EC50:4,130.0,415.0,700.0,6.89,6.525,6.16,0.73,0,,0,4,2,"[{""assay"": ""CHEMBL957641"", ""type"": ""EC50"", ""relation"": ""="", ""value_nm"": 700.0, ""pactivity"": 6.16, ""doc"": ""CHEMBL1153380"", ""rule"": ""EC50 为标准化浓度型效力指标""}, {""assay"": ""CHEMBL957643"", ""type"": ""EC50"", ""relation"": ""="", ""value_nm"": 130.0, ""pactivity"": 6.89, ""doc"": ""CHEMBL1153380"", ""rule"": ""EC50 为标准化浓度型效力指标""}, {""assay"": ""CHEMBL959301"", ""type"": ""EC50"", ""relation"": ""="", ""value_nm"": 700.0, ""pactivity"": 6.16, ""doc"": ""CHEMBL1152887"", ""rule"": ""EC50 为标准化浓度型效力指标""}, {""assay"": ""CHEMBL959302"", ""type"": ""EC50"", ""relation"": ""="", ""value_nm"": 130.0, ""pactivity"": 6.89, ""doc"": ""CHEMBL1152887"", ""rule"": ""EC50 为标准化浓度型效力指标""}]",2,8.0,FC@CHEMBL959303,2,,,0,2,1,"[{""assay"": ""CHEMBL959303"", ""type"": ""FC"", ""scale"": ""fold"", ""value"": 8, ""units"": null, ""doc"": ""CHEMBL1152887"", ""rule"": ""FC（fold change）为激活倍数""}, {""assay"": ""CHEMBL959304"", ""type"": ""FC"", ""scale"": ""fold"", ""value"": 1.6, ""units"": null, ""doc"": ""CHEMBL1152887"", ""rule"": ""FC（fold change）为激活倍数""}]",0,,2,"[{""assay"": ""CHEMBL957569"", ""type"": ""Activity"", ""value"": 0.95, ""units"": null, ""reason"": ""Activity 为自由文本指标（无官方标准化规则），assay 描述未命中提升门槛，不跨实验汇总""}, {""assay"": ""CHEMBL957642"", ""type"": ""Activity"", ""value"": 0.91, ""units"": null, ""reason"": ""Activity 为自由文本指标（无官方标准化规则），assay 描述未命中提升门槛，不跨实验汇总""}]",8,8,2,"[""CHEMBL1152887"", ""CHEMBL1153380""]",2009,LITERATURE,2,较一致（pActivity 极差 0.73，10 倍以内）,强,2 条被 ChEMBL 标为 potential_duplicate；2 条指标未归类（见 unclassified_records）
CHEMBL474011,,Small molecule,,Cc1csc(NC(=O)c2cccc(Oc3ccc(F)cc3)c2)n1,MTORIQVJSZRCOO-UHFFFAOYSA-N,2,EC50:2,4200.0,12600.0,21000.0,5.38,5.03,4.68,0.7,0,,0,2,1,"[{""assay"": ""CHEMBL957641"", ""type"": ""EC50"", ""relation"": ""="", ""value_nm"": 21000.0, ""pactivity"": 4.68, ""doc"": ""CHEMBL1153380"", ""rule"": ""EC50 为标准化浓度型效力指标""}, {""assay"": ""CHEMBL957643"", ""type"": ""EC50"", ""relation"": ""="", ""value_nm"": 4200.0, ""pactivity"": 5.38, ""doc"": ""CHEMBL1153380"", ""rule"": ""EC50 为标准化浓度型效力指标""}]",0,,,0,,,0,0,0,,0,,2,"[{""assay"": ""CHEMBL957569"", ""type"": ""Activity"", ""value"": 0.59, ""units"": null, ""reason"": ""Activity 为自由文本指标（无官方标准化规则），assay 描述未命中提升门槛，不跨实验汇总""}, {""assay"": ""CHEMBL957642"", ""type"": ""Activity"", ""value"": 0.53, ""units"": null, ""reason"": ""Activity 为自由文本指标（无官方标准化规则），assay 描述未命中提升门槛，不跨实验汇总""}]",4,4,1,"[""CHEMBL1153380""]",2009,LITERATURE,0,较一致（pActivity 极差 0.7，10 倍以内）,中,仅 1 篇文献支撑；2 条指标未归类（见 unclassified_records）
CHEMBL474012,,Small molecule,,Cc1csc(NC(=O)c2cccc(Oc3ccccc3C)c2)n1,VZYOYZCGXGQRIZ-UHFFFAOYSA-N,2,EC50:2,820.0,2010.0,3200.0,6.09,5.795,5.5,0.59,0,,0,2,1,"[{""assay"": ""CHEMBL957641"", ""type"": ""EC50"", ""relation"": ""="", ""value_nm"": 3200.0, ""pactivity"": 5.5, ""doc"": ""CHEMBL1153380"", ""rule"": ""EC50 为标准化浓度型效力指标""}, {""assay"": ""CHEMBL957643"", ""type"": ""EC50"", ""relation"": ""="", ""value_nm"": 820.0, ""pactivity"": 6.09, ""doc"": ""CHEMBL1153380"", ""rule"": ""EC50 为标准化浓度型效力指标""}]",0,,,0,,,0,0,0,,0,,2,"[{""assay"": ""CHEMBL957569"", ""type"": ""Activity"", ""value"": 0.63, ""units"": null, ""reason"": ""Activity 为自由文本指标（无官方标准化规则），assay 描述未命中提升门槛，不跨实验汇总""}, {""assay"": ""CHEMBL957642"", ""type"": ""Activity"", ""value"": 0.63, ""units"": null, ""reason"": ""Activity 为自由文本指标（无官方标准化规则），assay 描述未命中提升门槛，不跨实验汇总""}]",4,4,1,"[""CHEMBL1153380""]",2009,LITERATURE,0,较一致（pActivity 极差 0.59，10 倍以内）,中,仅 1 篇文献支撑；2 条指标未归类（见 unclassified_records）
CHEMBL474013,,Small molecule,,Cc1ccc(Oc2cccc(C(=O)Nc3nc(C)cs3)c2)cc1,PXEBUBYIZSSBSA-UHFFFAOYSA-N,2,EC50:2,5900.0,6150.0,6400.0,5.23,5.21,5.19,0.04,0,,0,2,1,"[{""assay"": ""CHEMBL957641"", ""type"": ""EC50"", ""relation"": ""="", ""value_nm"": 5900.0, ""pactivity"": 5.23, ""doc"": ""CHEMBL1153380"", ""rule"": ""EC50 为标准化浓度型效力指标""}, {""assay"": ""CHEMBL957643"", ""type"": ""EC50"", ""relation"": ""="", ""value_nm"": 6400.0, ""pactivity"": 5.19, ""doc"": ""CHEMBL1153380"", ""rule"": ""EC50 为标准化浓度型效力指标""}]",0,,,0,,,0,0,0,,0,,2,"[{""assay"": ""CHEMBL957569"", ""type"": ""Activity"", ""value"": 0.56, ""units"": null, ""reason"": ""Activity 为自由文本指标（无官方标准化规则），assay 描述未命中提升门槛，不跨实验汇总""}, {""assay"": ""CHEMBL957642"", ""type"": ""Activity"", ""value"": 0.28, ""units"": null, ""reason"": ""Activity 为自由文本指标（无官方标准化规则），assay 描述未命中提升门槛，不跨实验汇总""}]",4,4,1,"[""CHEMBL1153380""]",2009,LITERATURE,0,一致（pActivity 极差 0.04，3 倍以内）,中,仅 1 篇文献支撑；2 条指标未归类（见 unclassified_records）
CHEMBL474050,,Small molecule,,COc1cc(Oc2ccccc2S(C)(=O)=O)cc(C(=O)Nc2nc(C)cs2)c1,BELWZEMIWDMPBA-UHFFFAOYSA-N,2,EC50:2,1900.0,6450.0,11000.0,5.72,5.34,4.96,0.76,0,,0,2,1,"[{""assay"": ""CHEMBL957641"", ""type"": ""EC50"", ""relation"": ""="", ""value_nm"": 11000.0, ""pactivity"": 4.96, ""doc"": ""CHEMBL1153380"", ""rule"": ""EC50 为标准化浓度型效力指标""}, {""assay"": ""CHEMBL957643"", ""type"": ""EC50"", ""relation"": ""="", ""value_nm"": 1900.0, ""pactivity"": 5.72, ""doc"": ""CHEMBL1153380"", ""rule"": ""EC50 为标准化浓度型效力指标""}]",0,,,0,,,0,0,0,,0,,2,"[{""assay"": ""CHEMBL957569"", ""type"": ""Activity"", ""value"": 0.99, ""units"": null, ""reason"": ""Activity 为自由文本指标（无官方标准化规则），assay 描述未命中提升门槛，不跨实验汇总""}, {""assay"": ""CHEMBL957642"", ""type"": ""Activity"", ""value"": 0.75, ""units"": null, ""reason"": ""Activity 为自由文本指标（无官方标准化规则），assay 描述未命中提升门槛，不跨实验汇总""}]",4,4,1,"[""CHEMBL1153380""]",2009,LITERATURE,0,较一致（pActivity 极差 0.76，10 倍以内）,中,仅 1 篇文献支撑；2 条指标未归类（见 unclassified_records）
CHEMBL474204,,Small molecule,,Cc1csc(NC(=O)c2cc(Oc3ccccc3S(C)(=O)=O)ccc2Oc2ccccc2)n1,XLUOGLRINHCASM-UHFFFAOYSA-N,2,EC50:2,,,,,,,,2,30000.0,0,2,1,"[{""assay"": ""CHEMBL957641"", ""type"": ""EC50"", ""relation"": "">"", ""value_nm"": 30000.0, ""pactivity"": null, ""doc"": ""CHEMBL1153380"", ""rule"": ""EC50 为标准化浓度型效力指标""}, {""assay"": ""CHEMBL957643"", ""type"": ""EC50"", ""relation"": "">"", ""value_nm"": 30000.0, ""pactivity"": null, ""doc"": ""CHEMBL1153380"", ""rule"": ""EC50 为标准化浓度型效力指标""}]",0,,,0,,,0,0,0,,0,,2,"[{""assay"": ""CHEMBL957569"", ""type"": ""Activity"", ""value"": 0.14, ""units"": null, ""reason"": ""Activity 为自由文本指标（无官方标准化规则），assay 描述未命中提升门槛，不跨实验汇总""}, {""assay"": ""CHEMBL957642"", ""type"": ""Activity"", ""value"": 0.06, ""units"": null, ""reason"": ""Activity 为自由文本指标（无官方标准化规则），assay 描述未命中提升门槛，不跨实验汇总""}]",4,4,1,"[""CHEMBL1153380""]",2009,LITERATURE,0,不适用（可定量效力值不足 2 个 assay）,中,仅 1 篇文献支撑；2 条效力为删失值（>，最高浓度未达 EC50），未计入汇总；无可定量的效力或效能值；2 条指标未归类（见 unclassified_records）
CHEMBL474352,,Small molecule,,Cc1csc(NC(=O)c2cc(Oc3ccccc3F)ccc2N)n1,JUHRRQSPYIVMEW-UHFFFAOYSA-N,2,EC50:2,100.0,180.0,260.0,7.0,6.79,6.58,0.42,0,,0,2,1,"[{""assay"": ""CHEMBL959301"", ""type"": ""EC50"", ""relation"": ""="", ""value_nm"": 260.0, ""pactivity"": 6.58, ""doc"": ""CHEMBL1152887"", ""rule"": ""EC50 为标准化浓度型效力指标""}, {""assay"": ""CHEMBL959302"", ""type"": ""EC50"", ""relation"": ""="", ""value_nm"": 100.0, ""pactivity"": 7.0, ""doc"": ""CHEMBL1152887"", ""rule"": ""EC50 为标准化浓度型效力指标""}]",2,8.0,FC@CHEMBL959303,2,,,0,2,1,"[{""assay"": ""CHEMBL959303"", ""type"": ""FC"", ""scale"": ""fold"", ""value"": 8, ""units"": null, ""doc"": ""CHEMBL1152887"", ""rule"": ""FC（fold change）为激活倍数""}, {""assay"": ""CHEMBL959304"", ""type"": ""FC"", ""scale"": ""fold"", ""value"": 1.6, ""units"": null, ""doc"": ""CHEMBL1152887"", ""rule"": ""FC（fold change）为激活倍数""}]",0,,0,,4,4,1,"[""CHEMBL1152887""]",2009,LITERATURE,0,一致（pActivity 极差 0.42，3 倍以内）,中,仅 1 篇文献支撑
CHEMBL474353,,Small molecule,,Cc1csc(NC(=O)c2cc(Oc3cccc(F)c3)ccc2N)n1,ZNNSKSYJFYYUHG-UHFFFAOYSA-N,2,EC50:2,140.0,370.0,600.0,6.85,6.535,6.22,0.63,0,,0,2,1,"[{""assay"": ""CHEMBL959301"", ""type"": ""EC50"", ""relation"": ""="", ""value_nm"": 600.0, ""pactivity"": 6.22, ""doc"": ""CHEMBL1152887"", ""rule"": ""EC50 为标准化浓度型效力指标""}, {""assay"": ""CHEMBL959302"", ""type"": ""EC50"", ""relation"": ""="", ""value_nm"": 140.0, ""pactivity"": 6.85, ""doc"": ""CHEMBL1152887"", ""rule"": ""EC50 为标准化浓度型效力指标""}]",2,8.0,FC@CHEMBL959303,2,,,0,2,1,"[{""assay"": ""CHEMBL959303"", ""type"": ""FC"", ""scale"": ""fold"", ""value"": 8, ""units"": null, ""doc"": ""CHEMBL1152887"", ""rule"": ""FC（fold change）为激活倍数""}, {""assay"": ""CHEMBL959304"", ""type"": ""FC"", ""scale"": ""fold"", ""value"": 1.6, ""units"": null, ""doc"": ""CHEMBL1152887"", ""rule"": ""FC（fold change）为激活倍数""}]",0,,0,,4,4,1,"[""CHEMBL1152887""]",2009,LITERATURE,0,较一致（pActivity 极差 0.63，10 倍以内）,中,仅 1 篇文献支撑
CHEMBL474354,,Small molecule,,Cc1csc(NC(=O)c2cc(Oc3ccc(F)cc3)ccc2N)n1,SUPIDUIYHNMEGY-UHFFFAOYSA-N,2,EC50:2,400.0,1050.0,1700.0,6.4,6.085,5.77,0.63,0,,0,2,1,"[{""assay"": ""CHEMBL959301"", ""type"": ""EC50"", ""relation"": ""="", ""value_nm"": 1700.0, ""pactivity"": 5.77, ""doc"": ""CHEMBL1152887"", ""rule"": ""EC50 为标准化浓度型效力指标""}, {""assay"": ""CHEMBL959302"", ""type"": ""EC50"", ""relation"": ""="", ""value_nm"": 400.0, ""pactivity"": 6.4, ""doc"": ""CHEMBL1152887"", ""rule"": ""EC50 为标准化浓度型效力指标""}]",2,8.0,FC@CHEMBL959303,2,,,0,2,1,"[{""assay"": ""CHEMBL959303"", ""type"": ""FC"", ""scale"": ""fold"", ""value"": 8, ""units"": null, ""doc"": ""CHEMBL1152887"", ""rule"": ""FC（fold change）为激活倍数""}, {""assay"": ""CHEMBL959304"", ""type"": ""FC"", ""scale"": ""fold"", ""value"": 1.6, ""units"": null, ""doc"": ""CHEMBL1152887"", ""rule"": ""FC（fold change）为激活倍数""}]",0,,0,,4,4,1,"[""CHEMBL1152887""]",2009,LITERATURE,0,较一致（pActivity 极差 0.63，10 倍以内）,中,仅 1 篇文献支撑
CHEMBL474549,,Small molecule,,COc1ccccc1Oc1ccc(N)c(C(=O)Nc2nc(C)cs2)c1,SNFSLWVREUYDEZ-UHFFFAOYSA-N,2,EC50:2,120.0,265.0,410.0,6.92,6.655,6.39,0.53,0,,0,2,1,"[{""assay"": ""CHEMBL959301"", ""type"": ""EC50"", ""relation"": ""="", ""value_nm"": 410.0, ""pactivity"": 6.39, ""doc"": ""CHEMBL1152887"", ""rule"": ""EC50 为标准化浓度型效力指标""}, {""assay"": ""CHEMBL959302"", ""type"": ""EC50"", ""relation"": ""="", ""value_nm"": 120.0, ""pactivity"": 6.92, ""doc"": ""CHEMBL1152887"", ""rule"": ""EC50 为标准化浓度型效力指标""}]",2,8.0,FC@CHEMBL959303,2,,,0,2,1,"[{""assay"": ""CHEMBL959303"", ""type"": ""FC"", ""scale"": ""fold"", ""value"": 8, ""units"": null, ""doc"": ""CHEMBL1152887"", ""rule"": ""FC（fold change）为激活倍数""}, {""assay"": ""CHEMBL959304"", ""type"": ""FC"", ""scale"": ""fold"", ""value"": 1.6, ""units"": null, ""doc"": ""CHEMBL1152887"", ""rule"": ""FC（fold change）为激活倍数""}]",0,,0,,4,4,1,"[""CHEMBL1152887""]",2009,LITERATURE,0,较一致（pActivity 极差 0.53，10 倍以内）,中,仅 1 篇文献支撑
CHEMBL474626,,Small molecule,,Cc1csc(NC(=O)c2cccc(Oc3ccccc3)c2)n1,KZKCURLGSBGETL-UHFFFAOYSA-N,2,EC50:2,800.0,9900.0,19000.0,6.1,5.41,4.72,1.38,0,,0,2,1,"[{""assay"": ""CHEMBL957641"", ""type"": ""EC50"", ""relation"": ""="", ""value_nm"": 19000.0, ""pactivity"": 4.72, ""doc"": ""CHEMBL1153380"", ""rule"": ""EC50 为标准化浓度型效力指标""}, {""assay"": ""CHEMBL957643"", ""type"": ""EC50"", ""relation"": ""="", ""value_nm"": 800.0, ""pactivity"": 6.1, ""doc"": ""CHEMBL1153380"", ""rule"": ""EC50 为标准化浓度型效力指标""}]",0,,,0,,,0,0,0,,0,,2,"[{""assay"": ""CHEMBL957569"", ""type"": ""Activity"", ""value"": 0.66, ""units"": null, ""reason"": ""Activity 为自由文本指标（无官方标准化规则），assay 描述未命中提升门槛，不跨实验汇总""}, {""assay"": ""CHEMBL957642"", ""type"": ""Activity"", ""value"": 0.63, ""units"": null, ""reason"": ""Activity 为自由文本指标（无官方标准化规则），assay 描述未命中提升门槛，不跨实验汇总""}]",4,4,1,"[""CHEMBL1153380""]",2009,LITERATURE,0,分歧（pActivity 极差 1.38，超过 10 倍）,中,仅 1 篇文献支撑；2 条指标未归类（见 unclassified_records）
CHEMBL474632,,Small molecule,,Cc1csc(NC(=O)c2cccc(Oc3ccccc3F)c2)n1,ZOKMNKWAIQWAMT-UHFFFAOYSA-N,2,EC50:2,450.0,1425.0,2400.0,6.35,5.985,5.62,0.73,0,,0,2,1,"[{""assay"": ""CHEMBL957641"", ""type"": ""EC50"", ""relation"": ""="", ""value_nm"": 2400.0, ""pactivity"": 5.62, ""doc"": ""CHEMBL1153380"", ""rule"": ""EC50 为标准化浓度型效力指标""}, {""assay"": ""CHEMBL957643"", ""type"": ""EC50"", ""relation"": ""="", ""value_nm"": 450.0, ""pactivity"": 6.35, ""doc"": ""CHEMBL1153380"", ""rule"": ""EC50 为标准化浓度型效力指标""}]",0,,,0,,,0,0,0,,0,,2,"[{""assay"": ""CHEMBL957569"", ""type"": ""Activity"", ""value"": 0.73, ""units"": null, ""reason"": ""Activity 为自由文本指标（无官方标准化规则），assay 描述未命中提升门槛，不跨实验汇总""}, {""assay"": ""CHEMBL957642"", ""type"": ""Activity"", ""value"": 0.76, ""units"": null, ""reason"": ""Activity 为自由文本指标（无官方标准化规则），assay 描述未命中提升门槛，不跨实验汇总""}]",4,4,1,"[""CHEMBL1153380""]",2009,LITERATURE,0,较一致（pActivity 极差 0.73，10 倍以内）,中,仅 1 篇文献支撑；2 条指标未归类（见 unclassified_records）
CHEMBL474677,,Small molecule,,CCOc1ccc(N)c(C(=O)Nc2nc(C)cs2)c1,ZPABBDZEZVRDGV-UHFFFAOYSA-N,2,EC50:2,1700.0,4250.0,6800.0,5.77,5.47,5.17,0.6,0,,0,2,1,"[{""assay"": ""CHEMBL959301"", ""type"": ""EC50"", ""relation"": ""="", ""value_nm"": 6800.0, ""pactivity"": 5.17, ""doc"": ""CHEMBL1152887"", ""rule"": ""EC50 为标准化浓度型效力指标""}, {""assay"": ""CHEMBL959302"", ""type"": ""EC50"", ""relation"": ""="", ""value_nm"": 1700.0, ""pactivity"": 5.77, ""doc"": ""CHEMBL1152887"", ""rule"": ""EC50 为标准化浓度型效力指标""}]",2,8.0,FC@CHEMBL959303,2,,,0,2,1,"[{""assay"": ""CHEMBL959303"", ""type"": ""FC"", ""scale"": ""fold"", ""value"": 8, ""units"": null, ""doc"": ""CHEMBL1152887"", ""rule"": ""FC（fold change）为激活倍数""}, {""assay"": ""CHEMBL959304"", ""type"": ""FC"", ""scale"": ""fold"", ""value"": 1.6, ""units"": null, ""doc"": ""CHEMBL1152887"", ""rule"": ""FC（fold change）为激活倍数""}]",0,,0,,4,4,1,"[""CHEMBL1152887""]",2009,LITERATURE,0,较一致（pActivity 极差 0.6，10 倍以内）,中,仅 1 篇文献支撑
CHEMBL474748,,Small molecule,,Cc1csc(NC(=O)c2cc(Cl)ccc2N)n1,GZPQAGAJKZLLAW-UHFFFAOYSA-N,2,EC50:2,1400.0,3950.0,6500.0,5.85,5.52,5.19,0.66,0,,0,2,1,"[{""assay"": ""CHEMBL959301"", ""type"": ""EC50"", ""relation"": ""="", ""value_nm"": 6500.0, ""pactivity"": 5.19, ""doc"": ""CHEMBL1152887"", ""rule"": ""EC50 为标准化浓度型效力指标""}, {""assay"": ""CHEMBL959302"", ""type"": ""EC50"", ""relation"": ""="", ""value_nm"": 1400.0, ""pactivity"": 5.85, ""doc"": ""CHEMBL1152887"", ""rule"": ""EC50 为标准化浓度型效力指标""}]",2,8.0,FC@CHEMBL959303,2,,,0,2,1,"[{""assay"": ""CHEMBL959303"", ""type"": ""FC"", ""scale"": ""fold"", ""value"": 8, ""units"": null, ""doc"": ""CHEMBL1152887"", ""rule"": ""FC（fold change）为激活倍数""}, {""assay"": ""CHEMBL959304"", ""type"": ""FC"", ""scale"": ""fold"", ""value"": 1.6, ""units"": null, ""doc"": ""CHEMBL1152887"", ""rule"": ""FC（fold change）为激活倍数""}]",0,,0,,4,4,1,"[""CHEMBL1152887""]",2009,LITERATURE,0,较一致（pActivity 极差 0.66，10 倍以内）,中,仅 1 篇文献支撑
CHEMBL474749,,Small molecule,,Nc1ccccc1C(=O)Nc1nccs1,DVXPHPFMFVWGJV-UHFFFAOYSA-N,2,EC50:2,,,,,,,,2,30000.0,0,2,1,"[{""assay"": ""CHEMBL959301"", ""type"": ""EC50"", ""relation"": "">"", ""value_nm"": 30000.0, ""pactivity"": null, ""doc"": ""CHEMBL1152887"", ""rule"": ""EC50 为标准化浓度型效力指标""}, {""assay"": ""CHEMBL959302"", ""type"": ""EC50"", ""relation"": "">"", ""value_nm"": 30000.0, ""pactivity"": null, ""doc"": ""CHEMBL1152887"", ""rule"": ""EC50 为标准化浓度型效力指标""}]",2,8.0,FC@CHEMBL959303,2,,,0,2,1,"[{""assay"": ""CHEMBL959303"", ""type"": ""FC"", ""scale"": ""fold"", ""value"": 8, ""units"": null, ""doc"": ""CHEMBL1152887"", ""rule"": ""FC（fold change）为激活倍数""}, {""assay"": ""CHEMBL959304"", ""type"": ""FC"", ""scale"": ""fold"", ""value"": 1.6, ""units"": null, ""doc"": ""CHEMBL1152887"", ""rule"": ""FC（fold change）为激活倍数""}]",0,,0,,4,4,1,"[""CHEMBL1152887""]",2009,LITERATURE,0,不适用（可定量效力值不足 2 个 assay）,中,仅 1 篇文献支撑；2 条效力为删失值（>，最高浓度未达 EC50），未计入汇总
CHEMBL474750,,Small molecule,,Cc1csc(NC(=O)c2ccc(Cl)cc2N)n1,NAFROMYTKHMKOB-UHFFFAOYSA-N,2,EC50:2,,,,,,,,2,30000.0,0,2,1,"[{""assay"": ""CHEMBL959301"", ""type"": ""EC50"", ""relation"": "">"", ""value_nm"": 30000.0, ""pactivity"": null, ""doc"": ""CHEMBL1152887"", ""rule"": ""EC50 为标准化浓度型效力指标""}, {""assay"": ""CHEMBL959302"", ""type"": ""EC50"", ""relation"": "">"", ""value_nm"": 30000.0, ""pactivity"": null, ""doc"": ""CHEMBL1152887"", ""rule"": ""EC50 为标准化浓度型效力指标""}]",2,8.0,FC@CHEMBL959303,2,,,0,2,1,"[{""assay"": ""CHEMBL959303"", ""type"": ""FC"", ""scale"": ""fold"", ""value"": 8, ""units"": null, ""doc"": ""CHEMBL1152887"", ""rule"": ""FC（fold change）为激活倍数""}, {""assay"": ""CHEMBL959304"", ""type"": ""FC"", ""scale"": ""fold"", ""value"": 1.6, ""units"": null, ""doc"": ""CHEMBL1152887"", ""rule"": ""FC（fold change）为激活倍数""}]",0,,0,,4,4,1,"[""CHEMBL1152887""]",2009,LITERATURE,0,不适用（可定量效力值不足 2 个 assay）,中,仅 1 篇文献支撑；2 条效力为删失值（>，最高浓度未达 EC50），未计入汇总
CHEMBL474858,,Small molecule,,Cc1csc(NC(=O)c2cccc(Oc3ccccc3S(C)(=O)=O)c2)n1,QQYKORBQPJWRJA-UHFFFAOYSA-N,2,EC50:2,1100.0,3300.0,5500.0,5.96,5.61,5.26,0.7,0,,0,2,1,"[{""assay"": ""CHEMBL957641"", ""type"": ""EC50"", ""relation"": ""="", ""value_nm"": 5500.0, ""pactivity"": 5.26, ""doc"": ""CHEMBL1153380"", ""rule"": ""EC50 为标准化浓度型效力指标""}, {""assay"": ""CHEMBL957643"", ""type"": ""EC50"", ""relation"": ""="", ""value_nm"": 1100.0, ""pactivity"": 5.96, ""doc"": ""CHEMBL1153380"", ""rule"": ""EC50 为标准化浓度型效力指标""}]",0,,,0,,,0,0,0,,0,,2,"[{""assay"": ""CHEMBL957569"", ""type"": ""Activity"", ""value"": 1.1, ""units"": null, ""reason"": ""Activity 为自由文本指标（无官方标准化规则），assay 描述未命中提升门槛，不跨实验汇总""}, {""assay"": ""CHEMBL957642"", ""type"": ""Activity"", ""value"": 1, ""units"": null, ""reason"": ""Activity 为自由文本指标（无官方标准化规则），assay 描述未命中提升门槛，不跨实验汇总""}]",4,4,1,"[""CHEMBL1153380""]",2009,LITERATURE,0,较一致（pActivity 极差 0.7，10 倍以内）,中,仅 1 篇文献支撑；2 条指标未归类（见 unclassified_records）
CHEMBL474859,,Small molecule,,Cc1csc(NC(=O)c2cccc(Oc3cccc(S(C)(=O)=O)c3)c2)n1,ZIDIGQGEQKOPFT-UHFFFAOYSA-N,2,EC50:2,1100.0,9550.0,18000.0,5.96,5.355,4.75,1.21,0,,0,2,1,"[{""assay"": ""CHEMBL957641"", ""type"": ""EC50"", ""relation"": ""="", ""value_nm"": 18000.0, ""pactivity"": 4.75, ""doc"": ""CHEMBL1153380"", ""rule"": ""EC50 为标准化浓度型效力指标""}, {""assay"": ""CHEMBL957643"", ""type"": ""EC50"", ""relation"": ""="", ""value_nm"": 1100.0, ""pactivity"": 5.96, ""doc"": ""CHEMBL1153380"", ""rule"": ""EC50 为标准化浓度型效力指标""}]",0,,,0,,,0,0,0,,0,,2,"[{""assay"": ""CHEMBL957569"", ""type"": ""Activity"", ""value"": 0.48, ""units"": null, ""reason"": ""Activity 为自由文本指标（无官方标准化规则），assay 描述未命中提升门槛，不跨实验汇总""}, {""assay"": ""CHEMBL957642"", ""type"": ""Activity"", ""value"": 0.48, ""units"": null, ""reason"": ""Activity 为自由文本指标（无官方标准化规则），assay 描述未命中提升门槛，不跨实验汇总""}]",4,4,1,"[""CHEMBL1153380""]",2009,LITERATURE,0,分歧（pActivity 极差 1.21，超过 10 倍）,中,仅 1 篇文献支撑；2 条指标未归类（见 unclassified_records）
CHEMBL475031,,Small molecule,,Cc1csc(NC(=O)c2cccc(Oc3ccc(S(C)(=O)=O)cc3)c2)n1,QBTFISGRBMZQNT-UHFFFAOYSA-N,2,EC50:2,3400.0,16200.0,29000.0,5.47,5.005,4.54,0.93,0,,0,2,1,"[{""assay"": ""CHEMBL957641"", ""type"": ""EC50"", ""relation"": ""="", ""value_nm"": 29000.0, ""pactivity"": 4.54, ""doc"": ""CHEMBL1153380"", ""rule"": ""EC50 为标准化浓度型效力指标""}, {""assay"": ""CHEMBL957643"", ""type"": ""EC50"", ""relation"": ""="", ""value_nm"": 3400.0, ""pactivity"": 5.47, ""doc"": ""CHEMBL1153380"", ""rule"": ""EC50 为标准化浓度型效力指标""}]",0,,,0,,,0,0,0,,0,,2,"[{""assay"": ""CHEMBL957569"", ""type"": ""Activity"", ""value"": 0.66, ""units"": null, ""reason"": ""Activity 为自由文本指标（无官方标准化规则），assay 描述未命中提升门槛，不跨实验汇总""}, {""assay"": ""CHEMBL957642"", ""type"": ""Activity"", ""value"": 0.6, ""units"": null, ""reason"": ""Activity 为自由文本指标（无官方标准化规则），assay 描述未命中提升门槛，不跨实验汇总""}]",4,4,1,"[""CHEMBL1153380""]",2009,LITERATURE,0,较一致（pActivity 极差 0.93，10 倍以内）,中,仅 1 篇文献支撑；2 条指标未归类（见 unclassified_records）
CHEMBL475032,,Small molecule,,COc1ccccc1Oc1cccc(C(=O)Nc2nc(C)cs2)c1,FCDAAYGNJNWRTB-UHFFFAOYSA-N,2,EC50:2,490.0,1345.0,2200.0,6.31,5.985,5.66,0.65,0,,0,2,1,"[{""assay"": ""CHEMBL957641"", ""type"": ""EC50"", ""relation"": ""="", ""value_nm"": 2200.0, ""pactivity"": 5.66, ""doc"": ""CHEMBL1153380"", ""rule"": ""EC50 为标准化浓度型效力指标""}, {""assay"": ""CHEMBL957643"", ""type"": ""EC50"", ""relation"": ""="", ""value_nm"": 490.0, ""pactivity"": 6.31, ""doc"": ""CHEMBL1153380"", ""rule"": ""EC50 为标准化浓度型效力指标""}]",0,,,0,,,0,0,0,,0,,2,"[{""assay"": ""CHEMBL957569"", ""type"": ""Activity"", ""value"": 0.85, ""units"": null, ""reason"": ""Activity 为自由文本指标（无官方标准化规则），assay 描述未命中提升门槛，不跨实验汇总""}, {""assay"": ""CHEMBL957642"", ""type"": ""Activity"", ""value"": 0.84, ""units"": null, ""reason"": ""Activity 为自由文本指标（无官方标准化规则），assay 描述未命中提升门槛，不跨实验汇总""}]",4,4,1,"[""CHEMBL1153380""]",2009,LITERATURE,0,较一致（pActivity 极差 0.65，10 倍以内）,中,仅 1 篇文献支撑；2 条指标未归类（见 unclassified_records）
CHEMBL475033,,Small molecule,,CCOc1ccccc1Oc1cccc(C(=O)Nc2nc(C)cs2)c1,ZOPBJTWMKISCDT-UHFFFAOYSA-N,2,EC50:2,1900.0,3650.0,5400.0,5.72,5.495,5.27,0.45,0,,0,2,1,"[{""assay"": ""CHEMBL957641"", ""type"": ""EC50"", ""relation"": ""="", ""value_nm"": 5400.0, ""pactivity"": 5.27, ""doc"": ""CHEMBL1153380"", ""rule"": ""EC50 为标准化浓度型效力指标""}, {""assay"": ""CHEMBL957643"", ""type"": ""EC50"", ""relation"": ""="", ""value_nm"": 1900.0, ""pactivity"": 5.72, ""doc"": ""CHEMBL1153380"", ""rule"": ""EC50 为标准化浓度型效力指标""}]",0,,,0,,,0,0,0,,0,,2,"[{""assay"": ""CHEMBL957569"", ""type"": ""Activity"", ""value"": 0.69, ""units"": null, ""reason"": ""Activity 为自由文本指标（无官方标准化规则），assay 描述未命中提升门槛，不跨实验汇总""}, {""assay"": ""CHEMBL957642"", ""type"": ""Activity"", ""value"": 0.53, ""units"": null, ""reason"": ""Activity 为自由文本指标（无官方标准化规则），assay 描述未命中提升门槛，不跨实验汇总""}]",4,4,1,"[""CHEMBL1153380""]",2009,LITERATURE,0,一致（pActivity 极差 0.45，3 倍以内）,中,仅 1 篇文献支撑；2 条指标未归类（见 unclassified_records）
CHEMBL475057,,Small molecule,,Cc1csc(NC(=O)c2cc(Oc3ccccc3S(C)(=O)=O)cc(OC(C)C)c2)n1,HEURRWQIVIAYGR-UHFFFAOYSA-N,2,EC50:2,440.0,1270.0,2100.0,6.36,6.02,5.68,0.68,0,,0,2,1,"[{""assay"": ""CHEMBL957641"", ""type"": ""EC50"", ""relation"": ""="", ""value_nm"": 2100.0, ""pactivity"": 5.68, ""doc"": ""CHEMBL1153380"", ""rule"": ""EC50 为标准化浓度型效力指标""}, {""assay"": ""CHEMBL957643"", ""type"": ""EC50"", ""relation"": ""="", ""value_nm"": 440.0, ""pactivity"": 6.36, ""doc"": ""CHEMBL1153380"", ""rule"": ""EC50 为标准化浓度型效力指标""}]",0,,,0,,,0,0,0,,0,,2,"[{""assay"": ""CHEMBL957569"", ""type"": ""Activity"", ""value"": 0.91, ""units"": null, ""reason"": ""Activity 为自由文本指标（无官方标准化规则），assay 描述未命中提升门槛，不跨实验汇总""}, {""assay"": ""CHEMBL957642"", ""type"": ""Activity"", ""value"": 0.98, ""units"": null, ""reason"": ""Activity 为自由文本指标（无官方标准化规则），assay 描述未命中提升门槛，不跨实验汇总""}]",4,4,1,"[""CHEMBL1153380""]",2009,LITERATURE,0,较一致（pActivity 极差 0.68，10 倍以内）,中,仅 1 篇文献支撑；2 条指标未归类（见 unclassified_records）
CHEMBL475058,,Small molecule,,Cc1csc(NC(=O)c2cc(Oc3ccccc3)cc(Oc3ccccc3S(C)(=O)=O)c2)n1,KIHFPLPVTMXHFP-UHFFFAOYSA-N,2,EC50:2,610.0,855.0,1100.0,6.21,6.085,5.96,0.25,0,,0,2,1,"[{""assay"": ""CHEMBL957641"", ""type"": ""EC50"", ""relation"": ""="", ""value_nm"": 1100.0, ""pactivity"": 5.96, ""doc"": ""CHEMBL1153380"", ""rule"": ""EC50 为标准化浓度型效力指标""}, {""assay"": ""CHEMBL957643"", ""type"": ""EC50"", ""relation"": ""="", ""value_nm"": 610.0, ""pactivity"": 6.21, ""doc"": ""CHEMBL1153380"", ""rule"": ""EC50 为标准化浓度型效力指标""}]",0,,,0,,,0,0,0,,0,,2,"[{""assay"": ""CHEMBL957569"", ""type"": ""Activity"", ""value"": 0.98, ""units"": null, ""reason"": ""Activity 为自由文本指标（无官方标准化规则），assay 描述未命中提升门槛，不跨实验汇总""}, {""assay"": ""CHEMBL957642"", ""type"": ""Activity"", ""value"": 0.81, ""units"": null, ""reason"": ""Activity 为自由文本指标（无官方标准化规则），assay 描述未命中提升门槛，不跨实验汇总""}]",4,4,1,"[""CHEMBL1153380""]",2009,LITERATURE,0,一致（pActivity 极差 0.25，3 倍以内）,中,仅 1 篇文献支撑；2 条指标未归类（见 unclassified_records）
CHEMBL475229,,Small molecule,,CCOc1cc(Oc2ccccc2S(C)(=O)=O)cc(C(=O)Nc2nc(C)cs2)c1,VWPILIORFJIIEF-UHFFFAOYSA-N,2,EC50:2,2100.0,2250.0,2400.0,5.68,5.65,5.62,0.06,0,,0,2,1,"[{""assay"": ""CHEMBL957641"", ""type"": ""EC50"", ""relation"": ""="", ""value_nm"": 2400.0, ""pactivity"": 5.62, ""doc"": ""CHEMBL1153380"", ""rule"": ""EC50 为标准化浓度型效力指标""}, {""assay"": ""CHEMBL957643"", ""type"": ""EC50"", ""relation"": ""="", ""value_nm"": 2100.0, ""pactivity"": 5.68, ""doc"": ""CHEMBL1153380"", ""rule"": ""EC50 为标准化浓度型效力指标""}]",0,,,0,,,0,0,0,,0,,2,"[{""assay"": ""CHEMBL957569"", ""type"": ""Activity"", ""value"": 1.2, ""units"": null, ""reason"": ""Activity 为自由文本指标（无官方标准化规则），assay 描述未命中提升门槛，不跨实验汇总""}, {""assay"": ""CHEMBL957642"", ""type"": ""Activity"", ""value"": 1, ""units"": null, ""reason"": ""Activity 为自由文本指标（无官方标准化规则），assay 描述未命中提升门槛，不跨实验汇总""}]",4,4,1,"[""CHEMBL1153380""]",2009,LITERATURE,0,一致（pActivity 极差 0.06，3 倍以内）,中,仅 1 篇文献支撑；2 条指标未归类（见 unclassified_records）
CHEMBL479753,,Small molecule,,CS(=O)(=O)c1ccc([C@H](CC2CCOCC2)C(=O)Nc2nccs2)cc1,HMJAUNHXYJKDGD-INIZCTEOSA-N,1,EC50:1,,,,,,,,1,10000.0,0,1,1,"[{""assay"": ""CHEMBL990114"", ""type"": ""EC50"", ""relation"": "">"", ""value_nm"": 10000.0, ""pactivity"": null, ""doc"": ""CHEMBL1155108"", ""rule"": ""EC50 为标准化浓度型效力指标""}]",0,,,0,,,0,0,0,,0,,0,,1,1,1,"[""CHEMBL1155108""]",2008,LITERATURE,0,不适用（可定量效力值不足 2 个 assay）,弱,仅 1 篇文献支撑；1 条效力为删失值（>，最高浓度未达 EC50），未计入汇总；无可定量的效力或效能值
CHEMBL479947,,Small molecule,,Cc1cnc(NC(=O)[C@H](CC2CCOCC2)c2ccc(S(=O)(=O)C3CC3)cc2)s1,QRLYKVMXUHPIDV-LJQANCHMSA-N,1,EC50:1,580.0,580.0,580.0,6.24,6.24,6.24,,0,,0,1,1,"[{""assay"": ""CHEMBL990114"", ""type"": ""EC50"", ""relation"": ""="", ""value_nm"": 580.0, ""pactivity"": 6.24, ""doc"": ""CHEMBL1155108"", ""rule"": ""EC50 为标准化浓度型效力指标""}]",1,3.5,FC@CHEMBL990115,1,,,0,1,1,"[{""assay"": ""CHEMBL990115"", ""type"": ""FC"", ""scale"": ""fold"", ""value"": 3.5, ""units"": null, ""doc"": ""CHEMBL1155108"", ""rule"": ""FC（fold change）为激活倍数""}]",0,,1,"[{""assay"": ""CHEMBL990116"", ""type"": ""Activity"", ""value"": 0.34, ""units"": ""uM"", ""reason"": ""Activity 为自由文本指标（无官方标准化规则），assay 描述未命中提升门槛，不跨实验汇总""}]",3,3,1,"[""CHEMBL1155108""]",2008,LITERATURE,0,不适用（可定量效力值不足 2 个 assay）,中,仅 1 篇文献支撑；1 条指标未归类（见 unclassified_records）
CHEMBL479948,,Small molecule,,CS(=O)(=O)c1ccc([C@@H](CC2CCOCC2)C(=O)Nc2ncc(F)s2)cc1,IERGAZGAANLJJZ-OAHLLOKOSA-N,1,EC50:1,1430.0,1430.0,1430.0,5.84,5.84,5.84,,0,,0,1,1,"[{""assay"": ""CHEMBL990114"", ""type"": ""EC50"", ""relation"": ""="", ""value_nm"": 1430.0, ""pactivity"": 5.84, ""doc"": ""CHEMBL1155108"", ""rule"": ""EC50 为标准化浓度型效力指标""}]",1,4.8,FC@CHEMBL990115,1,,,0,1,1,"[{""assay"": ""CHEMBL990115"", ""type"": ""FC"", ""scale"": ""fold"", ""value"": 4.8, ""units"": null, ""doc"": ""CHEMBL1155108"", ""rule"": ""FC（fold change）为激活倍数""}]",0,,1,"[{""assay"": ""CHEMBL990116"", ""type"": ""Activity"", ""value"": 0.46, ""units"": ""uM"", ""reason"": ""Activity 为自由文本指标（无官方标准化规则），assay 描述未命中提升门槛，不跨实验汇总""}]",3,3,1,"[""CHEMBL1155108""]",2008,LITERATURE,0,不适用（可定量效力值不足 2 个 assay）,中,仅 1 篇文献支撑；1 条指标未归类（见 unclassified_records）
CHEMBL479974,,Small molecule,,O=C(Nc1nccs1)/C(=C/c1cccs1)c1ccccc1,BPJACHGKVVOUIW-SDNWHVSQSA-N,1,EC50:1,10770.0,10770.0,10770.0,4.97,4.97,4.97,,0,,0,1,1,"[{""assay"": ""CHEMBL990114"", ""type"": ""EC50"", ""relation"": ""="", ""value_nm"": 10770.0, ""pactivity"": 4.97, ""doc"": ""CHEMBL1155108"", ""rule"": ""EC50 为标准化浓度型效力指标""}]",1,3.7,FC@CHEMBL990115,1,,,0,1,1,"[{""assay"": ""CHEMBL990115"", ""type"": ""FC"", ""scale"": ""fold"", ""value"": 3.7, ""units"": null, ""doc"": ""CHEMBL1155108"", ""rule"": ""FC（fold change）为激活倍数""}]",0,,1,"[{""assay"": ""CHEMBL990116"", ""type"": ""Activity"", ""value"": 6.93, ""units"": ""uM"", ""reason"": ""Activity 为自由文本指标（无官方标准化规则），assay 描述未命中提升门槛，不跨实验汇总""}]",3,3,1,"[""CHEMBL1155108""]",2008,LITERATURE,0,不适用（可定量效力值不足 2 个 assay）,中,仅 1 篇文献支撑；1 条指标未归类（见 unclassified_records）
CHEMBL480180,,Small molecule,,O=C(Nc1cnccn1)/C(=C/c1cccs1)c1ccccc1,VQHRYNOCPAXJQV-RVDMUPIBSA-N,1,EC50:1,26010.0,26010.0,26010.0,4.58,4.58,4.58,,0,,0,1,1,"[{""assay"": ""CHEMBL990114"", ""type"": ""EC50"", ""relation"": ""="", ""value_nm"": 26010.0, ""pactivity"": 4.58, ""doc"": ""CHEMBL1155108"", ""rule"": ""EC50 为标准化浓度型效力指标""}]",1,2.3,FC@CHEMBL990115,1,,,0,1,1,"[{""assay"": ""CHEMBL990115"", ""type"": ""FC"", ""scale"": ""fold"", ""value"": 2.3, ""units"": null, ""doc"": ""CHEMBL1155108"", ""rule"": ""FC（fold change）为激活倍数""}]",0,,1,"[{""assay"": ""CHEMBL990116"", ""type"": ""Activity"", ""value"": 68.44, ""units"": ""uM"", ""reason"": ""Activity 为自由文本指标（无官方标准化规则），assay 描述未命中提升门槛，不跨实验汇总""}]",3,3,1,"[""CHEMBL1155108""]",2008,LITERATURE,0,不适用（可定量效力值不足 2 个 assay）,中,仅 1 篇文献支撑；1 条指标未归类（见 unclassified_records）
CHEMBL480725,,Small molecule,,O=C(Nc1ncc(F)s1)[C@H](CC1CCOCC1)c1ccc(S(=O)(=O)C2CCCC2)cc1,NQXNVQDFPSSMKO-LJQANCHMSA-N,1,EC50:1,70.0,70.0,70.0,7.16,7.16,7.16,,0,,0,1,1,"[{""assay"": ""CHEMBL990114"", ""type"": ""EC50"", ""relation"": ""="", ""value_nm"": 70.0, ""pactivity"": 7.16, ""doc"": ""CHEMBL1155108"", ""rule"": ""EC50 为标准化浓度型效力指标""}]",1,3.4,FC@CHEMBL990115,1,,,0,1,1,"[{""assay"": ""CHEMBL990115"", ""type"": ""FC"", ""scale"": ""fold"", ""value"": 3.4, ""units"": null, ""doc"": ""CHEMBL1155108"", ""rule"": ""FC（fold change）为激活倍数""}]",0,,1,"[{""assay"": ""CHEMBL990116"", ""type"": ""Activity"", ""value"": 0.05, ""units"": ""uM"", ""reason"": ""Activity 为自由文本指标（无官方标准化规则），assay 描述未命中提升门槛，不跨实验汇总""}]",3,3,1,"[""CHEMBL1155108""]",2008,LITERATURE,0,不适用（可定量效力值不足 2 个 assay）,中,仅 1 篇文献支撑；1 条指标未归类（见 unclassified_records）
CHEMBL481166,,Small molecule,,CS(=O)(=O)c1ccc(/C(=C\C2CCOCC2)C(=O)Nc2nccs2)cc1,HPFMVRXIWVGCSW-FOWTUZBSSA-N,1,EC50:1,2300.0,2300.0,2300.0,5.64,5.64,5.64,,0,,0,1,1,"[{""assay"": ""CHEMBL990114"", ""type"": ""EC50"", ""relation"": ""="", ""value_nm"": 2300.0, ""pactivity"": 5.64, ""doc"": ""CHEMBL1155108"", ""rule"": ""EC50 为标准化浓度型效力指标""}]",1,5.6,FC@CHEMBL990115,1,,,0,1,1,"[{""assay"": ""CHEMBL990115"", ""type"": ""FC"", ""scale"": ""fold"", ""value"": 5.6, ""units"": null, ""doc"": ""CHEMBL1155108"", ""rule"": ""FC（fold change）为激活倍数""}]",0,,1,"[{""assay"": ""CHEMBL990116"", ""type"": ""Activity"", ""value"": 0.63, ""units"": ""uM"", ""reason"": ""Activity 为自由文本指标（无官方标准化规则），assay 描述未命中提升门槛，不跨实验汇总""}]",3,3,1,"[""CHEMBL1155108""]",2008,LITERATURE,0,不适用（可定量效力值不足 2 个 assay）,中,仅 1 篇文献支撑；1 条指标未归类（见 unclassified_records）
CHEMBL481167,,Small molecule,,CS(=O)(=O)c1ccc([C@@H](CC2CCOCC2)C(=O)Nc2nccs2)cc1,HMJAUNHXYJKDGD-MRXNPFEDSA-N,1,EC50:1,3470.0,3470.0,3470.0,5.46,5.46,5.46,,0,,0,1,1,"[{""assay"": ""CHEMBL990114"", ""type"": ""EC50"", ""relation"": ""="", ""value_nm"": 3470.0, ""pactivity"": 5.46, ""doc"": ""CHEMBL1155108"", ""rule"": ""EC50 为标准化浓度型效力指标""}]",1,5.2,FC@CHEMBL990115,1,,,0,1,1,"[{""assay"": ""CHEMBL990115"", ""type"": ""FC"", ""scale"": ""fold"", ""value"": 5.2, ""units"": null, ""doc"": ""CHEMBL1155108"", ""rule"": ""FC（fold change）为激活倍数""}]",0,,1,"[{""assay"": ""CHEMBL990116"", ""type"": ""Activity"", ""value"": 1, ""units"": ""uM"", ""reason"": ""Activity 为自由文本指标（无官方标准化规则），assay 描述未命中提升门槛，不跨实验汇总""}]",3,3,1,"[""CHEMBL1155108""]",2008,LITERATURE,0,不适用（可定量效力值不足 2 个 assay）,中,仅 1 篇文献支撑；1 条指标未归类（见 unclassified_records）
CHEMBL483817,,Small molecule,,Cc1csc(NC(=O)c2cc(Oc3ccccc3)cc(Oc3cccc(S(C)(=O)=O)c3)c2)n1,HIIFXHKMMZQKBP-UHFFFAOYSA-N,2,EC50:2,940.0,1020.0,1100.0,6.03,5.995,5.96,0.07,0,,0,2,1,"[{""assay"": ""CHEMBL957641"", ""type"": ""EC50"", ""relation"": ""="", ""value_nm"": 1100.0, ""pactivity"": 5.96, ""doc"": ""CHEMBL1153380"", ""rule"": ""EC50 为标准化浓度型效力指标""}, {""assay"": ""CHEMBL957643"", ""type"": ""EC50"", ""relation"": ""="", ""value_nm"": 940.0, ""pactivity"": 6.03, ""doc"": ""CHEMBL1153380"", ""rule"": ""EC50 为标准化浓度型效力指标""}]",0,,,0,,,0,0,0,,0,,2,"[{""assay"": ""CHEMBL957569"", ""type"": ""Activity"", ""value"": 0.68, ""units"": null, ""reason"": ""Activity 为自由文本指标（无官方标准化规则），assay 描述未命中提升门槛，不跨实验汇总""}, {""assay"": ""CHEMBL957642"", ""type"": ""Activity"", ""value"": 0.6, ""units"": null, ""reason"": ""Activity 为自由文本指标（无官方标准化规则），assay 描述未命中提升门槛，不跨实验汇总""}]",4,4,1,"[""CHEMBL1153380""]",2009,LITERATURE,0,一致（pActivity 极差 0.07，3 倍以内）,中,仅 1 篇文献支撑；2 条指标未归类（见 unclassified_records）
CHEMBL483818,,Small molecule,,Cc1csc(NC(=O)c2cc(Oc3ccccc3)cc(Oc3ccc(S(C)(=O)=O)cc3)c2)n1,KHTKOMCOPPNVRX-UHFFFAOYSA-N,2,EC50:2,350.0,385.0,420.0,6.46,6.42,6.38,0.08,0,,0,2,1,"[{""assay"": ""CHEMBL957641"", ""type"": ""EC50"", ""relation"": ""="", ""value_nm"": 420.0, ""pactivity"": 6.38, ""doc"": ""CHEMBL1153380"", ""rule"": ""EC50 为标准化浓度型效力指标""}, {""assay"": ""CHEMBL957643"", ""type"": ""EC50"", ""relation"": ""="", ""value_nm"": 350.0, ""pactivity"": 6.46, ""doc"": ""CHEMBL1153380"", ""rule"": ""EC50 为标准化浓度型效力指标""}]",0,,,0,,,0,0,0,,0,,2,"[{""assay"": ""CHEMBL957569"", ""type"": ""Activity"", ""value"": 0.83, ""units"": null, ""reason"": ""Activity 为自由文本指标（无官方标准化规则），assay 描述未命中提升门槛，不跨实验汇总""}, {""assay"": ""CHEMBL957642"", ""type"": ""Activity"", ""value"": 0.73, ""units"": null, ""reason"": ""Activity 为自由文本指标（无官方标准化规则），assay 描述未命中提升门槛，不跨实验汇总""}]",4,4,1,"[""CHEMBL1153380""]",2009,LITERATURE,0,一致（pActivity 极差 0.08，3 倍以内）,中,仅 1 篇文献支撑；2 条指标未归类（见 unclassified_records）
CHEMBL484018,,Small molecule,,Cc1csc(NC(=O)c2cc(Oc3cccc(S(C)(=O)=O)c3)cc(OC(C)C)c2)n1,CRYYJJWVCVRMJC-UHFFFAOYSA-N,2,EC50:2,90.0,595.0,1100.0,7.05,6.505,5.96,1.09,0,,0,2,1,"[{""assay"": ""CHEMBL957641"", ""type"": ""EC50"", ""relation"": ""="", ""value_nm"": 1100.0, ""pactivity"": 5.96, ""doc"": ""CHEMBL1153380"", ""rule"": ""EC50 为标准化浓度型效力指标""}, {""assay"": ""CHEMBL957643"", ""type"": ""EC50"", ""relation"": ""="", ""value_nm"": 90.0, ""pactivity"": 7.05, ""doc"": ""CHEMBL1153380"", ""rule"": ""EC50 为标准化浓度型效力指标""}]",0,,,0,,,0,0,0,,0,,2,"[{""assay"": ""CHEMBL957569"", ""type"": ""Activity"", ""value"": 0.79, ""units"": null, ""reason"": ""Activity 为自由文本指标（无官方标准化规则），assay 描述未命中提升门槛，不跨实验汇总""}, {""assay"": ""CHEMBL957642"", ""type"": ""Activity"", ""value"": 0.73, ""units"": null, ""reason"": ""Activity 为自由文本指标（无官方标准化规则），assay 描述未命中提升门槛，不跨实验汇总""}]",4,4,1,"[""CHEMBL1153380""]",2009,LITERATURE,0,分歧（pActivity 极差 1.09，超过 10 倍）,中,仅 1 篇文献支撑；2 条指标未归类（见 unclassified_records）
CHEMBL484019,,Small molecule,,Cc1csc(NC(=O)c2cc(Oc3ccc(S(C)(=O)=O)cc3)cc(OC(C)C)c2)n1,ZNRKDXPBZXBAKF-UHFFFAOYSA-N,4,EC50:4,130.0,230.0,330.0,6.89,6.685,6.48,0.41,0,,0,4,2,"[{""assay"": ""CHEMBL1032034"", ""type"": ""EC50"", ""relation"": ""="", ""value_nm"": 330.0, ""pactivity"": 6.48, ""doc"": ""CHEMBL1151922"", ""rule"": ""EC50 为标准化浓度型效力指标""}, {""assay"": ""CHEMBL1032035"", ""type"": ""EC50"", ""relation"": ""="", ""value_nm"": 130.0, ""pactivity"": 6.89, ""doc"": ""CHEMBL1151922"", ""rule"": ""EC50 为标准化浓度型效力指标""}, {""assay"": ""CHEMBL957641"", ""type"": ""EC50"", ""relation"": ""="", ""value_nm"": 330.0, ""pactivity"": 6.48, ""doc"": ""CHEMBL1153380"", ""rule"": ""EC50 为标准化浓度型效力指标""}, {""assay"": ""CHEMBL957643"", ""type"": ""EC50"", ""relation"": ""="", ""value_nm"": 130.0, ""pactivity"": 6.89, ""doc"": ""CHEMBL1153380"", ""rule"": ""EC50 为标准化浓度型效力指标""}]",0,,,0,,,0,0,0,,0,,2,"[{""assay"": ""CHEMBL957569"", ""type"": ""Activity"", ""value"": 1, ""units"": null, ""reason"": ""Activity 为自由文本指标（无官方标准化规则），assay 描述未命中提升门槛，不跨实验汇总""}, {""assay"": ""CHEMBL957642"", ""type"": ""Activity"", ""value"": 0.99, ""units"": null, ""reason"": ""Activity 为自由文本指标（无官方标准化规则），assay 描述未命中提升门槛，不跨实验汇总""}]",6,6,2,"[""CHEMBL1151922"", ""CHEMBL1153380""]",2009,LITERATURE,2,一致（pActivity 极差 0.41，3 倍以内）,强,2 条被 ChEMBL 标为 potential_duplicate；2 条指标未归类（见 unclassified_records）
CHEMBL489325,,Small molecule,,Cn1cnnc1Sc1ccc(N)c(C(=O)Nc2ccncc2)c1,OGRNYDVHHTWSFN-UHFFFAOYSA-N,2,EC50:2,,,,,,,,2,10000.0,0,2,1,"[{""assay"": ""CHEMBL959301"", ""type"": ""EC50"", ""relation"": "">"", ""value_nm"": 10000.0, ""pactivity"": null, ""doc"": ""CHEMBL1152887"", ""rule"": ""EC50 为标准化浓度型效力指标""}, {""assay"": ""CHEMBL959302"", ""type"": ""EC50"", ""relation"": "">"", ""value_nm"": 10000.0, ""pactivity"": null, ""doc"": ""CHEMBL1152887"", ""rule"": ""EC50 为标准化浓度型效力指标""}]",2,8.0,FC@CHEMBL959303,2,,,0,2,1,"[{""assay"": ""CHEMBL959303"", ""type"": ""FC"", ""scale"": ""fold"", ""value"": 8, ""units"": null, ""doc"": ""CHEMBL1152887"", ""rule"": ""FC（fold change）为激活倍数""}, {""assay"": ""CHEMBL959304"", ""type"": ""FC"", ""scale"": ""fold"", ""value"": 1.6, ""units"": null, ""doc"": ""CHEMBL1152887"", ""rule"": ""FC（fold change）为激活倍数""}]",0,,0,,4,4,1,"[""CHEMBL1152887""]",2009,LITERATURE,0,不适用（可定量效力值不足 2 个 assay）,中,仅 1 篇文献支撑；2 条效力为删失值（>，最高浓度未达 EC50），未计入汇总
CHEMBL489333,,Small molecule,,Cc1csc(NC(=O)c2cc(Sc3ccccc3)ccc2N)n1,PRUWOCJLEGVIOI-UHFFFAOYSA-N,2,EC50:2,200.0,560.0,920.0,6.7,6.37,6.04,0.66,0,,0,2,1,"[{""assay"": ""CHEMBL959301"", ""type"": ""EC50"", ""relation"": ""="", ""value_nm"": 920.0, ""pactivity"": 6.04, ""doc"": ""CHEMBL1152887"", ""rule"": ""EC50 为标准化浓度型效力指标""}, {""assay"": ""CHEMBL959302"", ""type"": ""EC50"", ""relation"": ""="", ""value_nm"": 200.0, ""pactivity"": 6.7, ""doc"": ""CHEMBL1152887"", ""rule"": ""EC50 为标准化浓度型效力指标""}]",2,8.0,FC@CHEMBL959303,2,,,0,2,1,"[{""assay"": ""CHEMBL959303"", ""type"": ""FC"", ""scale"": ""fold"", ""value"": 8, ""units"": null, ""doc"": ""CHEMBL1152887"", ""rule"": ""FC（fold change）为激活倍数""}, {""assay"": ""CHEMBL959304"", ""type"": ""FC"", ""scale"": ""fold"", ""value"": 1.6, ""units"": null, ""doc"": ""CHEMBL1152887"", ""rule"": ""FC（fold change）为激活倍数""}]",0,,0,,4,4,1,"[""CHEMBL1152887""]",2009,LITERATURE,0,较一致（pActivity 极差 0.66，10 倍以内）,中,仅 1 篇文献支撑
CHEMBL489334,,Small molecule,,Cc1csc(NC(=O)c2cc(Sc3ncc[nH]3)ccc2N)n1,WQAJLXRHPKKTDU-UHFFFAOYSA-N,2,EC50:2,380.0,990.0,1600.0,6.42,6.11,5.8,0.62,0,,0,2,1,"[{""assay"": ""CHEMBL959301"", ""type"": ""EC50"", ""relation"": ""="", ""value_nm"": 1600.0, ""pactivity"": 5.8, ""doc"": ""CHEMBL1152887"", ""rule"": ""EC50 为标准化浓度型效力指标""}, {""assay"": ""CHEMBL959302"", ""type"": ""EC50"", ""relation"": ""="", ""value_nm"": 380.0, ""pactivity"": 6.42, ""doc"": ""CHEMBL1152887"", ""rule"": ""EC50 为标准化浓度型效力指标""}]",2,8.0,FC@CHEMBL959303,2,,,0,2,1,"[{""assay"": ""CHEMBL959303"", ""type"": ""FC"", ""scale"": ""fold"", ""value"": 8, ""units"": null, ""doc"": ""CHEMBL1152887"", ""rule"": ""FC（fold change）为激活倍数""}, {""assay"": ""CHEMBL959304"", ""type"": ""FC"", ""scale"": ""fold"", ""value"": 1.6, ""units"": null, ""doc"": ""CHEMBL1152887"", ""rule"": ""FC（fold change）为激活倍数""}]",0,,0,,4,4,1,"[""CHEMBL1152887""]",2009,LITERATURE,0,较一致（pActivity 极差 0.62，10 倍以内）,中,仅 1 篇文献支撑
CHEMBL489335,,Small molecule,,Cc1csc(NC(=O)c2cc(Sc3nccn3C)ccc2N)n1,GIQZMGJQUQFLRK-UHFFFAOYSA-N,2,EC50:2,100.0,165.0,230.0,7.0,6.82,6.64,0.36,0,,0,2,1,"[{""assay"": ""CHEMBL959301"", ""type"": ""EC50"", ""relation"": ""="", ""value_nm"": 230.0, ""pactivity"": 6.64, ""doc"": ""CHEMBL1152887"", ""rule"": ""EC50 为标准化浓度型效力指标""}, {""assay"": ""CHEMBL959302"", ""type"": ""EC50"", ""relation"": ""="", ""value_nm"": 100.0, ""pactivity"": 7.0, ""doc"": ""CHEMBL1152887"", ""rule"": ""EC50 为标准化浓度型效力指标""}]",2,8.0,FC@CHEMBL959303,2,,,0,2,1,"[{""assay"": ""CHEMBL959303"", ""type"": ""FC"", ""scale"": ""fold"", ""value"": 8, ""units"": null, ""doc"": ""CHEMBL1152887"", ""rule"": ""FC（fold change）为激活倍数""}, {""assay"": ""CHEMBL959304"", ""type"": ""FC"", ""scale"": ""fold"", ""value"": 1.6, ""units"": null, ""doc"": ""CHEMBL1152887"", ""rule"": ""FC（fold change）为激活倍数""}]",0,,0,,4,4,1,"[""CHEMBL1152887""]",2009,LITERATURE,0,一致（pActivity 极差 0.36，3 倍以内）,中,仅 1 篇文献支撑
CHEMBL489514,,Small molecule,,Cc1csc(NC(=O)c2cc(Sc3nncn3C)ccc2N)n1,JEBOJMQHVUEKBE-UHFFFAOYSA-N,6,EC50:6,140.0,280.0,420.0,6.85,6.615,6.38,0.47,0,,0,6,3,"[{""assay"": ""CHEMBL1056161"", ""type"": ""EC50"", ""relation"": ""="", ""value_nm"": 420.0, ""pactivity"": 6.38, ""doc"": ""CHEMBL1155212"", ""rule"": ""EC50 为标准化浓度型效力指标""}, {""assay"": ""CHEMBL1056163"", ""type"": ""EC50"", ""relation"": ""="", ""value_nm"": 140.0, ""pactivity"": 6.85, ""doc"": ""CHEMBL1155212"", ""rule"": ""EC50 为标准化浓度型效力指标""}, {""assay"": ""CHEMBL957641"", ""type"": ""EC50"", ""relation"": ""="", ""value_nm"": 420.0, ""pactivity"": 6.38, ""doc"": ""CHEMBL1153380"", ""rule"": ""EC50 为标准化浓度型效力指标""}, {""assay"": ""CHEMBL957643"", ""type"": ""EC50"", ""relation"": ""="", ""value_nm"": 140.0, ""pactivity"": 6.85, ""doc"": ""CHEMBL1153380"", ""rule"": ""EC50 为标准化浓度型效力指标""}, {""assay"": ""CHEMBL959301"", ""type"": ""EC50"", ""relation"": ""="", ""value_nm"": 420.0, ""pactivity"": 6.38, ""doc"": ""CHEMBL1152887"", ""rule"": ""EC50 为标准化浓度型效力指标""}, {""assay"": ""CHEMBL959302"", ""type"": ""EC50"", ""relation"": ""="", ""value_nm"": 140.0, ""pactivity"": 6.85, ""doc"": ""CHEMBL1152887"", ""rule"": ""EC50 为标准化浓度型效力指标""}]",2,8.0,FC@CHEMBL959303,2,,,0,2,1,"[{""assay"": ""CHEMBL959303"", ""type"": ""FC"", ""scale"": ""fold"", ""value"": 8, ""units"": null, ""doc"": ""CHEMBL1152887"", ""rule"": ""FC（fold change）为激活倍数""}, {""assay"": ""CHEMBL959304"", ""type"": ""FC"", ""scale"": ""fold"", ""value"": 1.6, ""units"": null, ""doc"": ""CHEMBL1152887"", ""rule"": ""FC（fold change）为激活倍数""}]",0,,4,"[{""assay"": ""CHEMBL2412836"", ""type"": ""Activity"", ""value"": null, ""units"": null, ""reason"": ""Activity 为自由文本指标（无官方标准化规则），assay 描述未命中提升门槛，不跨实验汇总""}, {""assay"": ""CHEMBL2412837"", ""type"": ""Activity"", ""value"": 10, ""units"": ""%"", ""reason"": ""Activity 为自由文本指标（无官方标准化规则），assay 描述未命中提升门槛，不跨实验汇总""}, {""assay"": ""CHEMBL2412840"", ""type"": ""Activity"", ""value"": null, ""units"": null, ""reason"": ""Activity 为自由文本指标（无官方标准化规则），assay 描述未命中提升门槛，不跨实验汇总""}, {""assay"": ""CHEMBL2412842"", ""type"": ""Activity"", ""value"": null, ""units"": null, ""reason"": ""Activity 为自由文本指标（无官方标准化规则），assay 描述未命中提升门槛，不跨实验汇总""}]",12,12,4,"[""CHEMBL1152887"", ""CHEMBL1153380"", ""CHEMBL1155212"", ""CHEMBL2406951""]",2009; 2013,LITERATURE,4,一致（pActivity 极差 0.47，3 倍以内）,强,4 条被 ChEMBL 标为 potential_duplicate；4 条指标未归类（见 unclassified_records）
CHEMBL489710,,Small molecule,,Cn1cnnc1Sc1ccc(N)c(C(=O)Nc2ncns2)c1,TZNGPMVMDHBLDN-UHFFFAOYSA-N,2,EC50:2,120.0,305.0,490.0,6.92,6.615,6.31,0.61,0,,0,2,1,"[{""assay"": ""CHEMBL959301"", ""type"": ""EC50"", ""relation"": ""="", ""value_nm"": 490.0, ""pactivity"": 6.31, ""doc"": ""CHEMBL1152887"", ""rule"": ""EC50 为标准化浓度型效力指标""}, {""assay"": ""CHEMBL959302"", ""type"": ""EC50"", ""relation"": ""="", ""value_nm"": 120.0, ""pactivity"": 6.92, ""doc"": ""CHEMBL1152887"", ""rule"": ""EC50 为标准化浓度型效力指标""}]",2,8.0,FC@CHEMBL959303,2,,,0,2,1,"[{""assay"": ""CHEMBL959303"", ""type"": ""FC"", ""scale"": ""fold"", ""value"": 8, ""units"": null, ""doc"": ""CHEMBL1152887"", ""rule"": ""FC（fold change）为激活倍数""}, {""assay"": ""CHEMBL959304"", ""type"": ""FC"", ""scale"": ""fold"", ""value"": 1.6, ""units"": null, ""doc"": ""CHEMBL1152887"", ""rule"": ""FC（fold change）为激活倍数""}]",0,,0,,4,4,1,"[""CHEMBL1152887""]",2009,LITERATURE,0,较一致（pActivity 极差 0.61，10 倍以内）,中,仅 1 篇文献支撑
CHEMBL489711,,Small molecule,,Cc1nsc(NC(=O)c2cc(Sc3nncn3C)ccc2N)n1,AZMDKDLMECFFMX-UHFFFAOYSA-N,2,EC50:2,180.0,410.0,640.0,6.75,6.47,6.19,0.56,0,,0,2,1,"[{""assay"": ""CHEMBL959301"", ""type"": ""EC50"", ""relation"": ""="", ""value_nm"": 640.0, ""pactivity"": 6.19, ""doc"": ""CHEMBL1152887"", ""rule"": ""EC50 为标准化浓度型效力指标""}, {""assay"": ""CHEMBL959302"", ""type"": ""EC50"", ""relation"": ""="", ""value_nm"": 180.0, ""pactivity"": 6.75, ""doc"": ""CHEMBL1152887"", ""rule"": ""EC50 为标准化浓度型效力指标""}]",2,8.0,FC@CHEMBL959303,2,,,0,2,1,"[{""assay"": ""CHEMBL959303"", ""type"": ""FC"", ""scale"": ""fold"", ""value"": 8, ""units"": null, ""doc"": ""CHEMBL1152887"", ""rule"": ""FC（fold change）为激活倍数""}, {""assay"": ""CHEMBL959304"", ""type"": ""FC"", ""scale"": ""fold"", ""value"": 1.6, ""units"": null, ""doc"": ""CHEMBL1152887"", ""rule"": ""FC（fold change）为激活倍数""}]",0,,0,,4,4,1,"[""CHEMBL1152887""]",2009,LITERATURE,0,较一致（pActivity 极差 0.56，10 倍以内）,中,仅 1 篇文献支撑
CHEMBL489712,,Small molecule,,Cn1cnnc1Sc1ccc(N)c(C(=O)Nc2cccnc2)c1,OOKTUKMFWVBRRT-UHFFFAOYSA-N,2,EC50:2,,,,,,,,2,10000.0,0,2,1,"[{""assay"": ""CHEMBL959301"", ""type"": ""EC50"", ""relation"": "">"", ""value_nm"": 10000.0, ""pactivity"": null, ""doc"": ""CHEMBL1152887"", ""rule"": ""EC50 为标准化浓度型效力指标""}, {""assay"": ""CHEMBL959302"", ""type"": ""EC50"", ""relation"": "">"", ""value_nm"": 10000.0, ""pactivity"": null, ""doc"": ""CHEMBL1152887"", ""rule"": ""EC50 为标准化浓度型效力指标""}]",2,8.0,FC@CHEMBL959303,2,,,0,2,1,"[{""assay"": ""CHEMBL959303"", ""type"": ""FC"", ""scale"": ""fold"", ""value"": 8, ""units"": null, ""doc"": ""CHEMBL1152887"", ""rule"": ""FC（fold change）为激活倍数""}, {""assay"": ""CHEMBL959304"", ""type"": ""FC"", ""scale"": ""fold"", ""value"": 1.6, ""units"": null, ""doc"": ""CHEMBL1152887"", ""rule"": ""FC（fold change）为激活倍数""}]",0,,0,,4,4,1,"[""CHEMBL1152887""]",2009,LITERATURE,0,不适用（可定量效力值不足 2 个 assay）,中,仅 1 篇文献支撑；2 条效力为删失值（>，最高浓度未达 EC50），未计入汇总
CHEMBL490961,,Small molecule,,CNc1ccc(Sc2nncn2C)cc1C(=O)Nc1nc(C)cs1,XRJAKERBMMBUGR-UHFFFAOYSA-N,2,EC50:2,330.0,715.0,1100.0,6.48,6.22,5.96,0.52,0,,0,2,1,"[{""assay"": ""CHEMBL959301"", ""type"": ""EC50"", ""relation"": ""="", ""value_nm"": 1100.0, ""pactivity"": 5.96, ""doc"": ""CHEMBL1152887"", ""rule"": ""EC50 为标准化浓度型效力指标""}, {""assay"": ""CHEMBL959302"", ""type"": ""EC50"", ""relation"": ""="", ""value_nm"": 330.0, ""pactivity"": 6.48, ""doc"": ""CHEMBL1152887"", ""rule"": ""EC50 为标准化浓度型效力指标""}]",2,8.0,FC@CHEMBL959303,2,,,0,2,1,"[{""assay"": ""CHEMBL959303"", ""type"": ""FC"", ""scale"": ""fold"", ""value"": 8, ""units"": null, ""doc"": ""CHEMBL1152887"", ""rule"": ""FC（fold change）为激活倍数""}, {""assay"": ""CHEMBL959304"", ""type"": ""FC"", ""scale"": ""fold"", ""value"": 1.6, ""units"": null, ""doc"": ""CHEMBL1152887"", ""rule"": ""FC（fold change）为激活倍数""}]",0,,0,,4,4,1,"[""CHEMBL1152887""]",2009,LITERATURE,0,较一致（pActivity 极差 0.52，10 倍以内）,中,仅 1 篇文献支撑
CHEMBL491121,,Small molecule,,Cn1cnnc1Sc1ccc(N)c(C(=O)Nc2nccs2)c1,SGEAXPZPLDIFIY-UHFFFAOYSA-N,4,EC50:4,130.0,245.0,420.0,6.89,6.655,6.38,0.51,0,,0,4,2,"[{""assay"": ""CHEMBL1032034"", ""type"": ""EC50"", ""relation"": ""="", ""value_nm"": 420.0, ""pactivity"": 6.38, ""doc"": ""CHEMBL1151922"", ""rule"": ""EC50 为标准化浓度型效力指标""}, {""assay"": ""CHEMBL1032035"", ""type"": ""EC50"", ""relation"": ""="", ""value_nm"": 140.0, ""pactivity"": 6.85, ""doc"": ""CHEMBL1151922"", ""rule"": ""EC50 为标准化浓度型效力指标""}, {""assay"": ""CHEMBL959301"", ""type"": ""EC50"", ""relation"": ""="", ""value_nm"": 350.0, ""pactivity"": 6.46, ""doc"": ""CHEMBL1152887"", ""rule"": ""EC50 为标准化浓度型效力指标""}, {""assay"": ""CHEMBL959302"", ""type"": ""EC50"", ""relation"": ""="", ""value_nm"": 130.0, ""pactivity"": 6.89, ""doc"": ""CHEMBL1152887"", ""rule"": ""EC50 为标准化浓度型效力指标""}]",2,8.0,FC@CHEMBL959303,2,,,0,2,1,"[{""assay"": ""CHEMBL959303"", ""type"": ""FC"", ""scale"": ""fold"", ""value"": 8, ""units"": null, ""doc"": ""CHEMBL1152887"", ""rule"": ""FC（fold change）为激活倍数""}, {""assay"": ""CHEMBL959304"", ""type"": ""FC"", ""scale"": ""fold"", ""value"": 1.6, ""units"": null, ""doc"": ""CHEMBL1152887"", ""rule"": ""FC（fold change）为激活倍数""}]",0,,0,,6,6,2,"[""CHEMBL1151922"", ""CHEMBL1152887""]",2009,LITERATURE,0,较一致（pActivity 极差 0.51，10 倍以内）,强,
CHEMBL491148,,Small molecule,,Cc1cnc(NC(=O)c2cc(Sc3nncn3C)ccc2N)s1,USUMNIYLFMJINZ-UHFFFAOYSA-N,2,EC50:2,110.0,220.0,330.0,6.96,6.72,6.48,0.48,0,,0,2,1,"[{""assay"": ""CHEMBL959301"", ""type"": ""EC50"", ""relation"": ""="", ""value_nm"": 330.0, ""pactivity"": 6.48, ""doc"": ""CHEMBL1152887"", ""rule"": ""EC50 为标准化浓度型效力指标""}, {""assay"": ""CHEMBL959302"", ""type"": ""EC50"", ""relation"": ""="", ""value_nm"": 110.0, ""pactivity"": 6.96, ""doc"": ""CHEMBL1152887"", ""rule"": ""EC50 为标准化浓度型效力指标""}]",2,8.0,FC@CHEMBL959303,2,,,0,2,1,"[{""assay"": ""CHEMBL959303"", ""type"": ""FC"", ""scale"": ""fold"", ""value"": 8, ""units"": null, ""doc"": ""CHEMBL1152887"", ""rule"": ""FC（fold change）为激活倍数""}, {""assay"": ""CHEMBL959304"", ""type"": ""FC"", ""scale"": ""fold"", ""value"": 1.6, ""units"": null, ""doc"": ""CHEMBL1152887"", ""rule"": ""FC（fold change）为激活倍数""}]",0,,0,,4,4,1,"[""CHEMBL1152887""]",2009,LITERATURE,0,一致（pActivity 极差 0.48，3 倍以内）,中,仅 1 篇文献支撑
CHEMBL491151,,Small molecule,,Cn1cnnc1Sc1ccc(N)c(C(=O)Nc2nc(C(F)(F)F)cs2)c1,OQWQGLOSTISDII-UHFFFAOYSA-N,2,EC50:2,930.0,1815.0,2700.0,6.03,5.8,5.57,0.46,0,,0,2,1,"[{""assay"": ""CHEMBL959301"", ""type"": ""EC50"", ""relation"": ""="", ""value_nm"": 2700.0, ""pactivity"": 5.57, ""doc"": ""CHEMBL1152887"", ""rule"": ""EC50 为标准化浓度型效力指标""}, {""assay"": ""CHEMBL959302"", ""type"": ""EC50"", ""relation"": ""="", ""value_nm"": 930.0, ""pactivity"": 6.03, ""doc"": ""CHEMBL1152887"", ""rule"": ""EC50 为标准化浓度型效力指标""}]",2,8.0,FC@CHEMBL959303,2,,,0,2,1,"[{""assay"": ""CHEMBL959303"", ""type"": ""FC"", ""scale"": ""fold"", ""value"": 8, ""units"": null, ""doc"": ""CHEMBL1152887"", ""rule"": ""FC（fold change）为激活倍数""}, {""assay"": ""CHEMBL959304"", ""type"": ""FC"", ""scale"": ""fold"", ""value"": 1.6, ""units"": null, ""doc"": ""CHEMBL1152887"", ""rule"": ""FC（fold change）为激活倍数""}]",0,,0,,4,4,1,"[""CHEMBL1152887""]",2009,LITERATURE,0,一致（pActivity 极差 0.46，3 倍以内）,中,仅 1 篇文献支撑
CHEMBL491322,,Small molecule,,CCOC(=O)c1csc(NC(=O)c2cc(Sc3nncn3C)ccc2N)n1,HYOOETYSCFRNOM-UHFFFAOYSA-N,2,EC50:2,420.0,760.0,1100.0,6.38,6.17,5.96,0.42,0,,0,2,1,"[{""assay"": ""CHEMBL959301"", ""type"": ""EC50"", ""relation"": ""="", ""value_nm"": 1100.0, ""pactivity"": 5.96, ""doc"": ""CHEMBL1152887"", ""rule"": ""EC50 为标准化浓度型效力指标""}, {""assay"": ""CHEMBL959302"", ""type"": ""EC50"", ""relation"": ""="", ""value_nm"": 420.0, ""pactivity"": 6.38, ""doc"": ""CHEMBL1152887"", ""rule"": ""EC50 为标准化浓度型效力指标""}]",2,8.0,FC@CHEMBL959303,2,,,0,2,1,"[{""assay"": ""CHEMBL959303"", ""type"": ""FC"", ""scale"": ""fold"", ""value"": 8, ""units"": null, ""doc"": ""CHEMBL1152887"", ""rule"": ""FC（fold change）为激活倍数""}, {""assay"": ""CHEMBL959304"", ""type"": ""FC"", ""scale"": ""fold"", ""value"": 1.6, ""units"": null, ""doc"": ""CHEMBL1152887"", ""rule"": ""FC（fold change）为激活倍数""}]",0,,0,,4,4,1,"[""CHEMBL1152887""]",2009,LITERATURE,0,一致（pActivity 极差 0.42，3 倍以内）,中,仅 1 篇文献支撑
CHEMBL491323,,Small molecule,,Cn1cnnc1Sc1ccc(N)c(C(=O)Nc2nc(CO)cs2)c1,LKZJPECMORAGJJ-UHFFFAOYSA-N,2,EC50:2,420.0,1010.0,1600.0,6.38,6.09,5.8,0.58,0,,0,2,1,"[{""assay"": ""CHEMBL959301"", ""type"": ""EC50"", ""relation"": ""="", ""value_nm"": 1600.0, ""pactivity"": 5.8, ""doc"": ""CHEMBL1152887"", ""rule"": ""EC50 为标准化浓度型效力指标""}, {""assay"": ""CHEMBL959302"", ""type"": ""EC50"", ""relation"": ""="", ""value_nm"": 420.0, ""pactivity"": 6.38, ""doc"": ""CHEMBL1152887"", ""rule"": ""EC50 为标准化浓度型效力指标""}]",2,8.0,FC@CHEMBL959303,2,,,0,2,1,"[{""assay"": ""CHEMBL959303"", ""type"": ""FC"", ""scale"": ""fold"", ""value"": 8, ""units"": null, ""doc"": ""CHEMBL1152887"", ""rule"": ""FC（fold change）为激活倍数""}, {""assay"": ""CHEMBL959304"", ""type"": ""FC"", ""scale"": ""fold"", ""value"": 1.6, ""units"": null, ""doc"": ""CHEMBL1152887"", ""rule"": ""FC（fold change）为激活倍数""}]",0,,0,,4,4,1,"[""CHEMBL1152887""]",2009,LITERATURE,0,较一致（pActivity 极差 0.58，10 倍以内）,中,仅 1 篇文献支撑
CHEMBL491325,,Small molecule,,Cc1csc(NC(=O)c2cccc(Sc3nncn3C)c2)n1,COKVVWDZEYYJFF-UHFFFAOYSA-N,4,EC50:4,1500.0,4400.0,7300.0,5.82,5.48,5.14,0.68,0,,0,4,2,"[{""assay"": ""CHEMBL957641"", ""type"": ""EC50"", ""relation"": ""="", ""value_nm"": 7300.0, ""pactivity"": 5.14, ""doc"": ""CHEMBL1153380"", ""rule"": ""EC50 为标准化浓度型效力指标""}, {""assay"": ""CHEMBL957643"", ""type"": ""EC50"", ""relation"": ""="", ""value_nm"": 1500.0, ""pactivity"": 5.82, ""doc"": ""CHEMBL1153380"", ""rule"": ""EC50 为标准化浓度型效力指标""}, {""assay"": ""CHEMBL959301"", ""type"": ""EC50"", ""relation"": ""="", ""value_nm"": 7300.0, ""pactivity"": 5.14, ""doc"": ""CHEMBL1152887"", ""rule"": ""EC50 为标准化浓度型效力指标""}, {""assay"": ""CHEMBL959302"", ""type"": ""EC50"", ""relation"": ""="", ""value_nm"": 1500.0, ""pactivity"": 5.82, ""doc"": ""CHEMBL1152887"", ""rule"": ""EC50 为标准化浓度型效力指标""}]",2,8.0,FC@CHEMBL959303,2,,,0,2,1,"[{""assay"": ""CHEMBL959303"", ""type"": ""FC"", ""scale"": ""fold"", ""value"": 8, ""units"": null, ""doc"": ""CHEMBL1152887"", ""rule"": ""FC（fold change）为激活倍数""}, {""assay"": ""CHEMBL959304"", ""type"": ""FC"", ""scale"": ""fold"", ""value"": 1.6, ""units"": null, ""doc"": ""CHEMBL1152887"", ""rule"": ""FC（fold change）为激活倍数""}]",0,,2,"[{""assay"": ""CHEMBL957569"", ""type"": ""Activity"", ""value"": 0.61, ""units"": null, ""reason"": ""Activity 为自由文本指标（无官方标准化规则），assay 描述未命中提升门槛，不跨实验汇总""}, {""assay"": ""CHEMBL957642"", ""type"": ""Activity"", ""value"": 0.76, ""units"": null, ""reason"": ""Activity 为自由文本指标（无官方标准化规则），assay 描述未命中提升门槛，不跨实验汇总""}]",8,8,2,"[""CHEMBL1152887"", ""CHEMBL1153380""]",2009,LITERATURE,2,较一致（pActivity 极差 0.68，10 倍以内）,强,2 条被 ChEMBL 标为 potential_duplicate；2 条指标未归类（见 unclassified_records）
CHEMBL491329,,Small molecule,,Cc1csc(NC(=O)c2cc(Oc3ccccc3S(C)(=O)=O)ccc2N)n1,MRQNAGCTLKOZNY-UHFFFAOYSA-N,2,EC50:2,130.0,320.0,510.0,6.89,6.59,6.29,0.6,0,,0,2,1,"[{""assay"": ""CHEMBL959301"", ""type"": ""EC50"", ""relation"": ""="", ""value_nm"": 510.0, ""pactivity"": 6.29, ""doc"": ""CHEMBL1152887"", ""rule"": ""EC50 为标准化浓度型效力指标""}, {""assay"": ""CHEMBL959302"", ""type"": ""EC50"", ""relation"": ""="", ""value_nm"": 130.0, ""pactivity"": 6.89, ""doc"": ""CHEMBL1152887"", ""rule"": ""EC50 为标准化浓度型效力指标""}]",2,8.0,FC@CHEMBL959303,2,,,0,2,1,"[{""assay"": ""CHEMBL959303"", ""type"": ""FC"", ""scale"": ""fold"", ""value"": 8, ""units"": null, ""doc"": ""CHEMBL1152887"", ""rule"": ""FC（fold change）为激活倍数""}, {""assay"": ""CHEMBL959304"", ""type"": ""FC"", ""scale"": ""fold"", ""value"": 1.6, ""units"": null, ""doc"": ""CHEMBL1152887"", ""rule"": ""FC（fold change）为激活倍数""}]",0,,0,,4,4,1,"[""CHEMBL1152887""]",2009,LITERATURE,0,较一致（pActivity 极差 0.6，10 倍以内）,中,仅 1 篇文献支撑
CHEMBL491496,,Small molecule,,Cc1csc(NC(=O)c2cc(Sc3nncn3C)ccc2[N+](=O)[O-])n1,ZXVRJZQXERNDBR-UHFFFAOYSA-N,2,EC50:2,,,,,,,,2,10000.0,0,2,1,"[{""assay"": ""CHEMBL959301"", ""type"": ""EC50"", ""relation"": "">"", ""value_nm"": 10000.0, ""pactivity"": null, ""doc"": ""CHEMBL1152887"", ""rule"": ""EC50 为标准化浓度型效力指标""}, {""assay"": ""CHEMBL959302"", ""type"": ""EC50"", ""relation"": "">"", ""value_nm"": 10000.0, ""pactivity"": null, ""doc"": ""CHEMBL1152887"", ""rule"": ""EC50 为标准化浓度型效力指标""}]",2,8.0,FC@CHEMBL959303,2,,,0,2,1,"[{""assay"": ""CHEMBL959303"", ""type"": ""FC"", ""scale"": ""fold"", ""value"": 8, ""units"": null, ""doc"": ""CHEMBL1152887"", ""rule"": ""FC（fold change）为激活倍数""}, {""assay"": ""CHEMBL959304"", ""type"": ""FC"", ""scale"": ""fold"", ""value"": 1.6, ""units"": null, ""doc"": ""CHEMBL1152887"", ""rule"": ""FC（fold change）为激活倍数""}]",0,,0,,4,4,1,"[""CHEMBL1152887""]",2009,LITERATURE,0,不适用（可定量效力值不足 2 个 assay）,中,仅 1 篇文献支撑；2 条效力为删失值（>，最高浓度未达 EC50），未计入汇总
CHEMBL499520,,Small molecule,,O=C(Nc1ncc(F)s1)[C@H](CC1CCOCC1)c1ccc(S(=O)(=O)C2CC2)cc1,DBMFNEZMJWKKPU-QGZVFWFLSA-N,6,EC50:6,37.0,62.0,180.0,7.43,7.21,6.75,0.68,0,,0,6,6,"[{""assay"": ""CHEMBL1167927"", ""type"": ""EC50"", ""relation"": ""="", ""value_nm"": 62.0, ""pactivity"": 7.21, ""doc"": ""CHEMBL1165956"", ""rule"": ""EC50 为标准化浓度型效力指标""}, {""assay"": ""CHEMBL1788085"", ""type"": ""EC50"", ""relation"": ""="", ""value_nm"": 180.0, ""pactivity"": 6.75, ""doc"": ""CHEMBL1782019"", ""rule"": ""EC50 为标准化浓度型效力指标""}, {""assay"": ""CHEMBL3223666"", ""type"": ""EC50"", ""relation"": ""="", ""value_nm"": 37.0, ""pactivity"": 7.43, ""doc"": ""CHEMBL3217627"", ""rule"": ""EC50 为标准化浓度型效力指标""}, {""assay"": ""CHEMBL3225185"", ""type"": ""EC50"", ""relation"": ""="", ""value_nm"": 62.0, ""pactivity"": 7.21, ""doc"": ""CHEMBL3217569"", ""rule"": ""EC50 为标准化浓度型效力指标""}, {""assay"": ""CHEMBL3583541"", ""type"": ""EC50"", ""relation"": ""="", ""value_nm"": 37.0, ""pactivity"": 7.43, ""doc"": ""CHEMBL3580608"", ""rule"": ""EC50 为标准化浓度型效力指标""}, {""assay"": ""CHEMBL990114"", ""type"": ""EC50"", ""relation"": ""="", ""value_nm"": 130.0, ""pactivity"": 6.89, ""doc"": ""CHEMBL1155108"", ""rule"": ""EC50 为标准化浓度型效力指标""}]",4,4.4,FC@CHEMBL990115,3,96.0,Emax@CHEMBL1788086,1,4,4,"[{""assay"": ""CHEMBL1167928"", ""type"": ""FC"", ""scale"": ""fold"", ""value"": 2.59, ""units"": null, ""doc"": ""CHEMBL1165956"", ""rule"": ""FC（fold change）为激活倍数""}, {""assay"": ""CHEMBL1788086"", ""type"": ""Emax"", ""scale"": ""percent"", ""value"": 96, ""units"": ""%"", ""doc"": ""CHEMBL1782019"", ""rule"": ""Emax 为激活幅度指标，按该 assay 内值域（max=148.0）判为 percent 尺度""}, {""assay"": ""CHEMBL3225186"", ""type"": ""max activation"", ""scale"": ""fold"", ""value"": 2.59, ""units"": null, ""doc"": ""CHEMBL3217569"", ""rule"": ""max activation 为激活幅度指标，按该 assay 内值域（max=2.97）判为 fold 尺度""}, {""assay"": ""CHEMBL990115"", ""type"": ""FC"", ""scale"": ""fold"", ""value"": 4.4, ""units"": null, ""doc"": ""CHEMBL1155108"", ""rule"": ""FC（fold change）为激活倍数""}]",0,,1,"[{""assay"": ""CHEMBL990116"", ""type"": ""Activity"", ""value"": 0.05, ""units"": ""uM"", ""reason"": ""Activity 为自由文本指标（无官方标准化规则），assay 描述未命中提升门槛，不跨实验汇总""}]",11,11,6,"[""CHEMBL1155108"", ""CHEMBL1165956"", ""CHEMBL1782019"", ""CHEMBL3217569"", ""CHEMBL3217627"", ""CHEMBL3580608""]",2008; 2009; 2010; 2011; 2014,LITERATURE,2,较一致（pActivity 极差 0.68，10 倍以内）,强,2 条被 ChEMBL 标为 potential_duplicate；1 条指标未归类（见 unclassified_records）
CHEMBL505096,,Small molecule,,Cn1cnnc1Sc1ccc(N)c(C(=O)Nc2ccccn2)c1,TYXKKHYHRXJCGS-UHFFFAOYSA-N,2,EC50:2,230.0,715.0,1200.0,6.64,6.28,5.92,0.72,0,,0,2,1,"[{""assay"": ""CHEMBL959301"", ""type"": ""EC50"", ""relation"": ""="", ""value_nm"": 1200.0, ""pactivity"": 5.92, ""doc"": ""CHEMBL1152887"", ""rule"": ""EC50 为标准化浓度型效力指标""}, {""assay"": ""CHEMBL959302"", ""type"": ""EC50"", ""relation"": ""="", ""value_nm"": 230.0, ""pactivity"": 6.64, ""doc"": ""CHEMBL1152887"", ""rule"": ""EC50 为标准化浓度型效力指标""}]",2,8.0,FC@CHEMBL959303,2,,,0,2,1,"[{""assay"": ""CHEMBL959303"", ""type"": ""FC"", ""scale"": ""fold"", ""value"": 8, ""units"": null, ""doc"": ""CHEMBL1152887"", ""rule"": ""FC（fold change）为激活倍数""}, {""assay"": ""CHEMBL959304"", ""type"": ""FC"", ""scale"": ""fold"", ""value"": 1.6, ""units"": null, ""doc"": ""CHEMBL1152887"", ""rule"": ""FC（fold change）为激活倍数""}]",0,,0,,4,4,1,"[""CHEMBL1152887""]",2009,LITERATURE,0,较一致（pActivity 极差 0.72，10 倍以内）,中,仅 1 篇文献支撑
CHEMBL5071861,,Unknown,,CCOP(=O)(Cn1ccc(NC(=O)c2cc(Oc3ccc(S(C)(=O)=O)cc3)cc(O[C@@H](C)COC)c2)n1)OCC,JHZBGABHBYHHQJ-IBGZPJMESA-N,1,EC50:1,75.0,75.0,75.0,7.12,7.12,7.12,,0,,0,1,1,"[{""assay"": ""CHEMBL5048861"", ""type"": ""EC50"", ""relation"": ""="", ""value_nm"": 75.0, ""pactivity"": 7.12, ""doc"": ""CHEMBL5046279"", ""rule"": ""EC50 为标准化浓度型效力指标""}]",1,,,0,219.0,Emax@CHEMBL5048862,1,1,1,"[{""assay"": ""CHEMBL5048862"", ""type"": ""Emax"", ""scale"": ""percent"", ""value"": 219, ""units"": ""%"", ""doc"": ""CHEMBL5046279"", ""rule"": ""Emax 为激活幅度指标，按该 assay 内值域（max=256.0）判为 percent 尺度""}]",0,,0,,2,2,1,"[""CHEMBL5046279""]",2022,LITERATURE,0,不适用（可定量效力值不足 2 个 assay）,中,仅 1 篇文献支撑
CHEMBL5072442,,Unknown,,CCOP(=O)(Cn1ccc(NC(=O)c2cc(Oc3ccc(S(=O)(=O)N4CCC4)cc3)cc(OC(C)C)c2)n1)OCC,KCYXUDZLRCFLSN-UHFFFAOYSA-N,1,EC50:1,67.0,67.0,67.0,7.17,7.17,7.17,,0,,0,1,1,"[{""assay"": ""CHEMBL5048861"", ""type"": ""EC50"", ""relation"": ""="", ""value_nm"": 67.0, ""pactivity"": 7.17, ""doc"": ""CHEMBL5046279"", ""rule"": ""EC50 为标准化浓度型效力指标""}]",1,,,0,175.0,Emax@CHEMBL5048862,1,1,1,"[{""assay"": ""CHEMBL5048862"", ""type"": ""Emax"", ""scale"": ""percent"", ""value"": 175, ""units"": ""%"", ""doc"": ""CHEMBL5046279"", ""rule"": ""Emax 为激活幅度指标，按该 assay 内值域（max=256.0）判为 percent 尺度""}]",0,,0,,2,2,1,"[""CHEMBL5046279""]",2022,LITERATURE,0,不适用（可定量效力值不足 2 个 assay）,中,仅 1 篇文献支撑
CHEMBL5072532,,Unknown,,CCOP(=O)(Cn1ccc(NC(=O)c2cc(Oc3cnc(C(=O)N4CCC4)cn3)cc(OC(C)C)c2)n1)OCC,OYUDYQMFVRHPIY-UHFFFAOYSA-N,3,EC50:3,29.0,53.0,148.0,7.54,7.28,6.83,0.71,0,,0,3,1,"[{""assay"": ""CHEMBL5048855"", ""type"": ""EC50"", ""relation"": ""="", ""value_nm"": 53.0, ""pactivity"": 7.28, ""doc"": ""CHEMBL5046279"", ""rule"": ""EC50 为标准化浓度型效力指标""}, {""assay"": ""CHEMBL5048861"", ""type"": ""EC50"", ""relation"": ""="", ""value_nm"": 29.0, ""pactivity"": 7.54, ""doc"": ""CHEMBL5046279"", ""rule"": ""EC50 为标准化浓度型效力指标""}, {""assay"": ""CHEMBL5048927"", ""type"": ""EC50"", ""relation"": ""="", ""value_nm"": 148.0, ""pactivity"": 6.83, ""doc"": ""CHEMBL5046279"", ""rule"": ""EC50 为标准化浓度型效力指标""}]",3,,,0,1226.0,Emax@CHEMBL5048928,3,3,1,"[{""assay"": ""CHEMBL5048862"", ""type"": ""Emax"", ""scale"": ""percent"", ""value"": 143, ""units"": ""%"", ""doc"": ""CHEMBL5046279"", ""rule"": ""Emax 为激活幅度指标，按该 assay 内值域（max=256.0）判为 percent 尺度""}, {""assay"": ""CHEMBL5048926"", ""type"": ""Emax"", ""scale"": ""percent"", ""value"": 307, ""units"": ""%"", ""doc"": ""CHEMBL5046279"", ""rule"": ""Emax 为激活幅度指标，按该 assay 内值域（max=452.0）判为 percent 尺度""}, {""assay"": ""CHEMBL5048928"", ""type"": ""Emax"", ""scale"": ""percent"", ""value"": 1226, ""units"": ""%"", ""doc"": ""CHEMBL5046279"", ""rule"": ""Emax 为激活幅度指标，按该 assay 内值域（max=1454.0）判为 percent 尺度""}]",2,"[{""assay"": ""CHEMBL5048931"", ""type"": ""Km"", ""value"": 3600000, ""units"": ""nM""}, {""assay"": ""CHEMBL5048932"", ""type"": ""Kcat"", ""value"": 180, ""units"": ""%""}]",0,,8,8,1,"[""CHEMBL5046279""]",2022,LITERATURE,0,较一致（pActivity 极差 0.71，10 倍以内）,中,仅 1 篇文献支撑
CHEMBL5075882,,Unknown,,CCO[P@](C)(=O)Cn1ccc(NC(=O)c2cc(Oc3ccc(S(C)(=O)=O)cc3)cc(O[C@@H](C)COC)c2)n1,RMIUJLWMACFCDS-WWWOGFAISA-N,1,EC50:1,169.0,169.0,169.0,6.77,6.77,6.77,,0,,0,1,1,"[{""assay"": ""CHEMBL5048861"", ""type"": ""EC50"", ""relation"": ""="", ""value_nm"": 169.0, ""pactivity"": 6.77, ""doc"": ""CHEMBL5046279"", ""rule"": ""EC50 为标准化浓度型效力指标""}]",1,,,0,197.0,Emax@CHEMBL5048862,1,1,1,"[{""assay"": ""CHEMBL5048862"", ""type"": ""Emax"", ""scale"": ""percent"", ""value"": 197, ""units"": ""%"", ""doc"": ""CHEMBL5046279"", ""rule"": ""Emax 为激活幅度指标，按该 assay 内值域（max=256.0）判为 percent 尺度""}]",0,,0,,2,2,1,"[""CHEMBL5046279""]",2022,LITERATURE,0,不适用（可定量效力值不足 2 个 assay）,中,仅 1 篇文献支撑
CHEMBL5076377,,Unknown,,CCOP(=O)(Cn1ccc(NC(=O)c2cc(Oc3ccc(C(=O)N4CCC4)nc3)cc(OC(C)C)c2)n1)OCC,FPFGEPDLUGAUFH-UHFFFAOYSA-N,1,EC50:1,25.0,25.0,25.0,7.6,7.6,7.6,,0,,0,1,1,"[{""assay"": ""CHEMBL5048861"", ""type"": ""EC50"", ""relation"": ""="", ""value_nm"": 25.0, ""pactivity"": 7.6, ""doc"": ""CHEMBL5046279"", ""rule"": ""EC50 为标准化浓度型效力指标""}]",1,,,0,124.0,Emax@CHEMBL5048862,1,1,1,"[{""assay"": ""CHEMBL5048862"", ""type"": ""Emax"", ""scale"": ""percent"", ""value"": 124, ""units"": ""%"", ""doc"": ""CHEMBL5046279"", ""rule"": ""Emax 为激活幅度指标，按该 assay 内值域（max=256.0）判为 percent 尺度""}]",0,,0,,2,2,1,"[""CHEMBL5046279""]",2022,LITERATURE,0,不适用（可定量效力值不足 2 个 assay）,中,仅 1 篇文献支撑
CHEMBL5076695,,Unknown,,CCOP(=O)(Cn1ccc(NC(=O)c2cc(Oc3ccc(S(=O)(=O)CC)cc3)cc(OC(C)C)c2)n1)OCC,ZLEHPGWPTWVVKN-UHFFFAOYSA-N,1,EC50:1,28.0,28.0,28.0,7.55,7.55,7.55,,0,,0,1,1,"[{""assay"": ""CHEMBL5048861"", ""type"": ""EC50"", ""relation"": ""="", ""value_nm"": 28.0, ""pactivity"": 7.55, ""doc"": ""CHEMBL5046279"", ""rule"": ""EC50 为标准化浓度型效力指标""}]",1,,,0,203.0,Emax@CHEMBL5048862,1,1,1,"[{""assay"": ""CHEMBL5048862"", ""type"": ""Emax"", ""scale"": ""percent"", ""value"": 203, ""units"": ""%"", ""doc"": ""CHEMBL5046279"", ""rule"": ""Emax 为激活幅度指标，按该 assay 内值域（max=256.0）判为 percent 尺度""}]",0,,0,,2,2,1,"[""CHEMBL5046279""]",2022,LITERATURE,0,不适用（可定量效力值不足 2 个 assay）,中,仅 1 篇文献支撑
CHEMBL5077438,,Unknown,,CCOP(=O)(Cn1ccc(NC(=O)c2cc(Oc3ccc(C(=O)N4CCC4)nn3)cc(OC(C)C)c2)n1)OCC,CVEWIYHZAJIDCI-UHFFFAOYSA-N,1,EC50:1,1240.0,1240.0,1240.0,5.91,5.91,5.91,,0,,0,1,1,"[{""assay"": ""CHEMBL5048861"", ""type"": ""EC50"", ""relation"": ""="", ""value_nm"": 1240.0, ""pactivity"": 5.91, ""doc"": ""CHEMBL5046279"", ""rule"": ""EC50 为标准化浓度型效力指标""}]",1,,,0,168.0,Emax@CHEMBL5048862,1,1,1,"[{""assay"": ""CHEMBL5048862"", ""type"": ""Emax"", ""scale"": ""percent"", ""value"": 168, ""units"": ""%"", ""doc"": ""CHEMBL5046279"", ""rule"": ""Emax 为激活幅度指标，按该 assay 内值域（max=256.0）判为 percent 尺度""}]",0,,0,,2,2,1,"[""CHEMBL5046279""]",2022,LITERATURE,0,不适用（可定量效力值不足 2 个 assay）,中,仅 1 篇文献支撑
CHEMBL5079866,,Unknown,,CCOP(=O)(Cn1ccc(NC(=O)c2cc(Oc3cnc(C(N)=O)cn3)cc(OC(C)C)c2)n1)OCC,VERWMGZFDDCAOA-UHFFFAOYSA-N,1,EC50:1,656.0,656.0,656.0,6.18,6.18,6.18,,0,,0,1,1,"[{""assay"": ""CHEMBL5048861"", ""type"": ""EC50"", ""relation"": ""="", ""value_nm"": 656.0, ""pactivity"": 6.18, ""doc"": ""CHEMBL5046279"", ""rule"": ""EC50 为标准化浓度型效力指标""}]",1,,,0,230.0,Emax@CHEMBL5048862,1,1,1,"[{""assay"": ""CHEMBL5048862"", ""type"": ""Emax"", ""scale"": ""percent"", ""value"": 230, ""units"": ""%"", ""doc"": ""CHEMBL5046279"", ""rule"": ""Emax 为激活幅度指标，按该 assay 内值域（max=256.0）判为 percent 尺度""}]",0,,0,,2,2,1,"[""CHEMBL5046279""]",2022,LITERATURE,0,不适用（可定量效力值不足 2 个 assay）,中,仅 1 篇文献支撑
CHEMBL5080166,,Unknown,,CCOP(=O)(Cn1ccc(NC(=O)c2cc(Oc3cnc(C(=O)N(C)C)cn3)cc(OC(C)C)c2)n1)OCC,MJSIJWAGQDTNDW-UHFFFAOYSA-N,1,EC50:1,148.0,148.0,148.0,6.83,6.83,6.83,,0,,0,1,1,"[{""assay"": ""CHEMBL5048861"", ""type"": ""EC50"", ""relation"": ""="", ""value_nm"": 148.0, ""pactivity"": 6.83, ""doc"": ""CHEMBL5046279"", ""rule"": ""EC50 为标准化浓度型效力指标""}]",1,,,0,157.0,Emax@CHEMBL5048862,1,1,1,"[{""assay"": ""CHEMBL5048862"", ""type"": ""Emax"", ""scale"": ""percent"", ""value"": 157, ""units"": ""%"", ""doc"": ""CHEMBL5046279"", ""rule"": ""Emax 为激活幅度指标，按该 assay 内值域（max=256.0）判为 percent 尺度""}]",0,,0,,2,2,1,"[""CHEMBL5046279""]",2022,LITERATURE,0,不适用（可定量效力值不足 2 个 assay）,中,仅 1 篇文献支撑
CHEMBL5080889,,Unknown,,COC[C@H](C)Oc1cc(Oc2ccc(S(C)(=O)=O)cc2)cc(C(=O)Nc2ccn(CP(C)(C)=O)n2)c1,TZPGVBYAUDGXTG-KRWDZBQOSA-N,1,EC50:1,679.0,679.0,679.0,6.17,6.17,6.17,,0,,0,1,1,"[{""assay"": ""CHEMBL5048861"", ""type"": ""EC50"", ""relation"": ""="", ""value_nm"": 679.0, ""pactivity"": 6.17, ""doc"": ""CHEMBL5046279"", ""rule"": ""EC50 为标准化浓度型效力指标""}]",1,,,0,178.0,Emax@CHEMBL5048862,1,1,1,"[{""assay"": ""CHEMBL5048862"", ""type"": ""Emax"", ""scale"": ""percent"", ""value"": 178, ""units"": ""%"", ""doc"": ""CHEMBL5046279"", ""rule"": ""Emax 为激活幅度指标，按该 assay 内值域（max=256.0）判为 percent 尺度""}]",0,,0,,2,2,1,"[""CHEMBL5046279""]",2022,LITERATURE,0,不适用（可定量效力值不足 2 个 assay）,中,仅 1 篇文献支撑
CHEMBL5081517,,Unknown,,CCOP(=O)(Cn1ccc(NC(=O)c2cc(Oc3ccc(S(C)(=O)=O)cc3)cc(OC(CF)CF)c2)n1)OCC,SEJMSXUVFZPJEL-UHFFFAOYSA-N,1,EC50:1,76.0,76.0,76.0,7.12,7.12,7.12,,0,,0,1,1,"[{""assay"": ""CHEMBL5048861"", ""type"": ""EC50"", ""relation"": ""="", ""value_nm"": 76.0, ""pactivity"": 7.12, ""doc"": ""CHEMBL5046279"", ""rule"": ""EC50 为标准化浓度型效力指标""}]",1,,,0,187.0,Emax@CHEMBL5048862,1,1,1,"[{""assay"": ""CHEMBL5048862"", ""type"": ""Emax"", ""scale"": ""percent"", ""value"": 187, ""units"": ""%"", ""doc"": ""CHEMBL5046279"", ""rule"": ""Emax 为激活幅度指标，按该 assay 内值域（max=256.0）判为 percent 尺度""}]",0,,0,,2,2,1,"[""CHEMBL5046279""]",2022,LITERATURE,0,不适用（可定量效力值不足 2 个 assay）,中,仅 1 篇文献支撑
CHEMBL5082691,,Unknown,,CCOP(=O)(Cn1ccc(NC(=O)c2cc(Oc3cnc(C(=O)NC)cn3)cc(OC(C)C)c2)n1)OCC,YAIFBYWHWYIIPX-UHFFFAOYSA-N,1,EC50:1,193.0,193.0,193.0,6.71,6.71,6.71,,0,,0,1,1,"[{""assay"": ""CHEMBL5048861"", ""type"": ""EC50"", ""relation"": ""="", ""value_nm"": 193.0, ""pactivity"": 6.71, ""doc"": ""CHEMBL5046279"", ""rule"": ""EC50 为标准化浓度型效力指标""}]",1,,,0,174.0,Emax@CHEMBL5048862,1,1,1,"[{""assay"": ""CHEMBL5048862"", ""type"": ""Emax"", ""scale"": ""percent"", ""value"": 174, ""units"": ""%"", ""doc"": ""CHEMBL5046279"", ""rule"": ""Emax 为激活幅度指标，按该 assay 内值域（max=256.0）判为 percent 尺度""}]",0,,0,,2,2,1,"[""CHEMBL5046279""]",2022,LITERATURE,0,不适用（可定量效力值不足 2 个 assay）,中,仅 1 篇文献支撑
CHEMBL5083369,,Unknown,,CCOP(=O)(Cn1ccc(NC(=O)c2cc(Oc3ccc(S(C)(=O)=O)cc3)cc(O[C@@H](C)CF)c2)n1)OCC,OKNNOPOKYGFEEG-SFHVURJKSA-N,1,EC50:1,87.0,87.0,87.0,7.06,7.06,7.06,,0,,0,1,1,"[{""assay"": ""CHEMBL5048861"", ""type"": ""EC50"", ""relation"": ""="", ""value_nm"": 87.0, ""pactivity"": 7.06, ""doc"": ""CHEMBL5046279"", ""rule"": ""EC50 为标准化浓度型效力指标""}]",1,,,0,224.0,Emax@CHEMBL5048862,1,1,1,"[{""assay"": ""CHEMBL5048862"", ""type"": ""Emax"", ""scale"": ""percent"", ""value"": 224, ""units"": ""%"", ""doc"": ""CHEMBL5046279"", ""rule"": ""Emax 为激活幅度指标，按该 assay 内值域（max=256.0）判为 percent 尺度""}]",0,,0,,2,2,1,"[""CHEMBL5046279""]",2022,LITERATURE,0,不适用（可定量效力值不足 2 个 assay）,中,仅 1 篇文献支撑
CHEMBL5083525,,Unknown,,CCOP(=O)(Cn1ncc(NC(=O)c2cc(Oc3ccc(S(C)(=O)=O)cc3)cc(O[C@@H](C)COC)c2)n1)OCC,MVWDHZCMNWLIMU-SFHVURJKSA-N,1,EC50:1,49.0,49.0,49.0,7.31,7.31,7.31,,0,,0,1,1,"[{""assay"": ""CHEMBL5048861"", ""type"": ""EC50"", ""relation"": ""="", ""value_nm"": 49.0, ""pactivity"": 7.31, ""doc"": ""CHEMBL5046279"", ""rule"": ""EC50 为标准化浓度型效力指标""}]",1,,,0,256.0,Emax@CHEMBL5048862,1,1,1,"[{""assay"": ""CHEMBL5048862"", ""type"": ""Emax"", ""scale"": ""percent"", ""value"": 256, ""units"": ""%"", ""doc"": ""CHEMBL5046279"", ""rule"": ""Emax 为激活幅度指标，按该 assay 内值域（max=256.0）判为 percent 尺度""}]",0,,0,,2,2,1,"[""CHEMBL5046279""]",2022,LITERATURE,0,不适用（可定量效力值不足 2 个 assay）,中,仅 1 篇文献支撑
CHEMBL5084870,,Unknown,,CCOP(=O)(Cn1ccc(NC(=O)c2cc(Oc3ccc(S(C)(=O)=O)nc3)cc(OC(C)C)c2)n1)OCC,WKJQPIXPCLPWGD-UHFFFAOYSA-N,1,EC50:1,24.0,24.0,24.0,7.62,7.62,7.62,,0,,0,1,1,"[{""assay"": ""CHEMBL5048861"", ""type"": ""EC50"", ""relation"": ""="", ""value_nm"": 24.0, ""pactivity"": 7.62, ""doc"": ""CHEMBL5046279"", ""rule"": ""EC50 为标准化浓度型效力指标""}]",1,,,0,242.0,Emax@CHEMBL5048862,1,1,1,"[{""assay"": ""CHEMBL5048862"", ""type"": ""Emax"", ""scale"": ""percent"", ""value"": 242, ""units"": ""%"", ""doc"": ""CHEMBL5046279"", ""rule"": ""Emax 为激活幅度指标，按该 assay 内值域（max=256.0）判为 percent 尺度""}]",0,,0,,2,2,1,"[""CHEMBL5046279""]",2022,LITERATURE,0,不适用（可定量效力值不足 2 个 assay）,中,仅 1 篇文献支撑
CHEMBL5085491,,Unknown,,CCOP(=O)(Cn1ccc(NC(=O)c2cc(Oc3cnc(S(C)(=O)=O)nc3)cc(OC(C)C)c2)n1)OCC,YJUAEIAQXAHGBE-UHFFFAOYSA-N,1,EC50:1,234.0,234.0,234.0,6.63,6.63,6.63,,0,,0,1,1,"[{""assay"": ""CHEMBL5048861"", ""type"": ""EC50"", ""relation"": ""="", ""value_nm"": 234.0, ""pactivity"": 6.63, ""doc"": ""CHEMBL5046279"", ""rule"": ""EC50 为标准化浓度型效力指标""}]",1,,,0,217.0,Emax@CHEMBL5048862,1,1,1,"[{""assay"": ""CHEMBL5048862"", ""type"": ""Emax"", ""scale"": ""percent"", ""value"": 217, ""units"": ""%"", ""doc"": ""CHEMBL5046279"", ""rule"": ""Emax 为激活幅度指标，按该 assay 内值域（max=256.0）判为 percent 尺度""}]",0,,0,,2,2,1,"[""CHEMBL5046279""]",2022,LITERATURE,0,不适用（可定量效力值不足 2 个 assay）,中,仅 1 篇文献支撑
CHEMBL5086686,,Unknown,,CCOP(=O)(Cn1ccc(NC(=O)c2cc(Oc3ccc(S(C)(=O)=O)nn3)cc(OC(C)C)c2)n1)OCC,RQDJEVWUDVGMBQ-UHFFFAOYSA-N,1,EC50:1,530.0,530.0,530.0,6.28,6.28,6.28,,0,,0,1,1,"[{""assay"": ""CHEMBL5048861"", ""type"": ""EC50"", ""relation"": ""="", ""value_nm"": 530.0, ""pactivity"": 6.28, ""doc"": ""CHEMBL5046279"", ""rule"": ""EC50 为标准化浓度型效力指标""}]",1,,,0,252.0,Emax@CHEMBL5048862,1,1,1,"[{""assay"": ""CHEMBL5048862"", ""type"": ""Emax"", ""scale"": ""percent"", ""value"": 252, ""units"": ""%"", ""doc"": ""CHEMBL5046279"", ""rule"": ""Emax 为激活幅度指标，按该 assay 内值域（max=256.0）判为 percent 尺度""}]",0,,0,,2,2,1,"[""CHEMBL5046279""]",2022,LITERATURE,0,不适用（可定量效力值不足 2 个 assay）,中,仅 1 篇文献支撑
CHEMBL5086985,,Unknown,,CCOP(=O)(Cc1cnc(NC(=O)c2cc(Oc3ccc(S(C)(=O)=O)cc3)cc(O[C@@H](C)COC)c2)cn1)OCC,GCFUKFIHYBUEGC-IBGZPJMESA-N,1,EC50:1,164.0,164.0,164.0,6.79,6.79,6.79,,0,,0,1,1,"[{""assay"": ""CHEMBL5048861"", ""type"": ""EC50"", ""relation"": ""="", ""value_nm"": 164.0, ""pactivity"": 6.79, ""doc"": ""CHEMBL5046279"", ""rule"": ""EC50 为标准化浓度型效力指标""}]",1,,,0,188.0,Emax@CHEMBL5048862,1,1,1,"[{""assay"": ""CHEMBL5048862"", ""type"": ""Emax"", ""scale"": ""percent"", ""value"": 188, ""units"": ""%"", ""doc"": ""CHEMBL5046279"", ""rule"": ""Emax 为激活幅度指标，按该 assay 内值域（max=256.0）判为 percent 尺度""}]",0,,0,,2,2,1,"[""CHEMBL5046279""]",2022,LITERATURE,0,不适用（可定量效力值不足 2 个 assay）,中,仅 1 篇文献支撑
CHEMBL5087489,,Unknown,,CCOP(=O)(Cn1ccc(NC(=O)c2cc(Oc3ccc(C(=O)N4CCC4)cn3)cc(OC(C)C)c2)n1)OCC,FBBCVFMVDQWBJP-UHFFFAOYSA-N,1,EC50:1,188.0,188.0,188.0,6.73,6.73,6.73,,0,,0,1,1,"[{""assay"": ""CHEMBL5048861"", ""type"": ""EC50"", ""relation"": ""="", ""value_nm"": 188.0, ""pactivity"": 6.73, ""doc"": ""CHEMBL5046279"", ""rule"": ""EC50 为标准化浓度型效力指标""}]",1,,,0,167.0,Emax@CHEMBL5048862,1,1,1,"[{""assay"": ""CHEMBL5048862"", ""type"": ""Emax"", ""scale"": ""percent"", ""value"": 167, ""units"": ""%"", ""doc"": ""CHEMBL5046279"", ""rule"": ""Emax 为激活幅度指标，按该 assay 内值域（max=256.0）判为 percent 尺度""}]",0,,0,,2,2,1,"[""CHEMBL5046279""]",2022,LITERATURE,0,不适用（可定量效力值不足 2 个 assay）,中,仅 1 篇文献支撑
CHEMBL5088522,,Unknown,,CCOP(=O)(Cn1ccc(NC(=O)c2cc(Oc3cnc(S(C)(=O)=O)cn3)cc(OC(C)C)c2)n1)OCC,ZLIXMJAMKJEBRI-UHFFFAOYSA-N,1,EC50:1,159.0,159.0,159.0,6.8,6.8,6.8,,0,,0,1,1,"[{""assay"": ""CHEMBL5048861"", ""type"": ""EC50"", ""relation"": ""="", ""value_nm"": 159.0, ""pactivity"": 6.8, ""doc"": ""CHEMBL5046279"", ""rule"": ""EC50 为标准化浓度型效力指标""}]",1,,,0,217.0,Emax@CHEMBL5048862,1,1,1,"[{""assay"": ""CHEMBL5048862"", ""type"": ""Emax"", ""scale"": ""percent"", ""value"": 217, ""units"": ""%"", ""doc"": ""CHEMBL5046279"", ""rule"": ""Emax 为激活幅度指标，按该 assay 内值域（max=256.0）判为 percent 尺度""}]",0,,0,,2,2,1,"[""CHEMBL5046279""]",2022,LITERATURE,0,不适用（可定量效力值不足 2 个 assay）,中,仅 1 篇文献支撑
CHEMBL5088988,,Unknown,,CCOP(=O)(Cn1ccc(NC(=O)c2cc(Oc3ccc(S(C)(=O)=O)cc3)cc(O[C@@H](C)CO)c2)n1)OCC,HRWWSLOOYSKNMT-SFHVURJKSA-N,1,EC50:1,79.0,79.0,79.0,7.1,7.1,7.1,,0,,0,1,1,"[{""assay"": ""CHEMBL5048861"", ""type"": ""EC50"", ""relation"": ""="", ""value_nm"": 79.0, ""pactivity"": 7.1, ""doc"": ""CHEMBL5046279"", ""rule"": ""EC50 为标准化浓度型效力指标""}]",1,,,0,215.0,Emax@CHEMBL5048862,1,1,1,"[{""assay"": ""CHEMBL5048862"", ""type"": ""Emax"", ""scale"": ""percent"", ""value"": 215, ""units"": ""%"", ""doc"": ""CHEMBL5046279"", ""rule"": ""Emax 为激活幅度指标，按该 assay 内值域（max=256.0）判为 percent 尺度""}]",0,,0,,2,2,1,"[""CHEMBL5046279""]",2022,LITERATURE,0,不适用（可定量效力值不足 2 个 assay）,中,仅 1 篇文献支撑
CHEMBL5091943,,Unknown,,CCOP(=O)(Cc1csc(NC(=O)c2cc(Oc3ccc(S(C)(=O)=O)cc3)cc(O[C@@H](C)COC)c2)n1)OCC,OQUMCVQSAWPKMT-SFHVURJKSA-N,3,EC50:3,38.0,64.0,185.0,7.42,7.19,6.73,0.69,0,,0,3,1,"[{""assay"": ""CHEMBL5048855"", ""type"": ""EC50"", ""relation"": ""="", ""value_nm"": 64.0, ""pactivity"": 7.19, ""doc"": ""CHEMBL5046279"", ""rule"": ""EC50 为标准化浓度型效力指标""}, {""assay"": ""CHEMBL5048861"", ""type"": ""EC50"", ""relation"": ""="", ""value_nm"": 38.0, ""pactivity"": 7.42, ""doc"": ""CHEMBL5046279"", ""rule"": ""EC50 为标准化浓度型效力指标""}, {""assay"": ""CHEMBL5048927"", ""type"": ""EC50"", ""relation"": ""="", ""value_nm"": 185.0, ""pactivity"": 6.73, ""doc"": ""CHEMBL5046279"", ""rule"": ""EC50 为标准化浓度型效力指标""}]",3,,,0,1454.0,Emax@CHEMBL5048928,3,3,1,"[{""assay"": ""CHEMBL5048862"", ""type"": ""Emax"", ""scale"": ""percent"", ""value"": 204, ""units"": ""%"", ""doc"": ""CHEMBL5046279"", ""rule"": ""Emax 为激活幅度指标，按该 assay 内值域（max=256.0）判为 percent 尺度""}, {""assay"": ""CHEMBL5048926"", ""type"": ""Emax"", ""scale"": ""percent"", ""value"": 452, ""units"": ""%"", ""doc"": ""CHEMBL5046279"", ""rule"": ""Emax 为激活幅度指标，按该 assay 内值域（max=452.0）判为 percent 尺度""}, {""assay"": ""CHEMBL5048928"", ""type"": ""Emax"", ""scale"": ""percent"", ""value"": 1454, ""units"": ""%"", ""doc"": ""CHEMBL5046279"", ""rule"": ""Emax 为激活幅度指标，按该 assay 内值域（max=1454.0）判为 percent 尺度""}]",2,"[{""assay"": ""CHEMBL5048931"", ""type"": ""Km"", ""value"": 2400000, ""units"": ""nM""}, {""assay"": ""CHEMBL5048932"", ""type"": ""Kcat"", ""value"": 250, ""units"": ""%""}]",0,,8,8,1,"[""CHEMBL5046279""]",2022,LITERATURE,0,较一致（pActivity 极差 0.69，10 倍以内）,中,仅 1 篇文献支撑
CHEMBL5092846,,Unknown,,CCOP(=O)(Cn1ccc(NC(=O)c2cc(Oc3ccc(S(=O)(=O)C(C)C)cc3)cc(OC(C)C)c2)n1)OCC,MIJAEWNPMXUIDG-UHFFFAOYSA-N,1,EC50:1,32.0,32.0,32.0,7.5,7.5,7.5,,0,,0,1,1,"[{""assay"": ""CHEMBL5048861"", ""type"": ""EC50"", ""relation"": ""="", ""value_nm"": 32.0, ""pactivity"": 7.5, ""doc"": ""CHEMBL5046279"", ""rule"": ""EC50 为标准化浓度型效力指标""}]",1,,,0,183.0,Emax@CHEMBL5048862,1,1,1,"[{""assay"": ""CHEMBL5048862"", ""type"": ""Emax"", ""scale"": ""percent"", ""value"": 183, ""units"": ""%"", ""doc"": ""CHEMBL5046279"", ""rule"": ""Emax 为激活幅度指标，按该 assay 内值域（max=256.0）判为 percent 尺度""}]",0,,0,,2,2,1,"[""CHEMBL5046279""]",2022,LITERATURE,0,不适用（可定量效力值不足 2 个 assay）,中,仅 1 篇文献支撑
CHEMBL5093208,,Unknown,,CCOP(=O)(Cn1ccc(NC(=O)c2cc(Oc3ccc(S(C)(=O)=O)cc3)cc(O[C@@H](CC)CO)c2)n1)OCC,KTLWJJNFELXUNX-FQEVSTJZSA-N,1,EC50:1,98.0,98.0,98.0,7.01,7.01,7.01,,0,,0,1,1,"[{""assay"": ""CHEMBL5048861"", ""type"": ""EC50"", ""relation"": ""="", ""value_nm"": 98.0, ""pactivity"": 7.01, ""doc"": ""CHEMBL5046279"", ""rule"": ""EC50 为标准化浓度型效力指标""}]",1,,,0,255.0,Emax@CHEMBL5048862,1,1,1,"[{""assay"": ""CHEMBL5048862"", ""type"": ""Emax"", ""scale"": ""percent"", ""value"": 255, ""units"": ""%"", ""doc"": ""CHEMBL5046279"", ""rule"": ""Emax 为激活幅度指标，按该 assay 内值域（max=256.0）判为 percent 尺度""}]",0,,0,,2,2,1,"[""CHEMBL5046279""]",2022,LITERATURE,0,不适用（可定量效力值不足 2 个 assay）,中,仅 1 篇文献支撑
CHEMBL5093978,,Unknown,,CCOP(=O)(Cn1ccc(NC(=O)c2cc(Oc3ccc(S(C)(=O)=O)cc3)cc(OC(C)C)c2)n1)OCC,QWZJRXIVGFARPX-UHFFFAOYSA-N,1,EC50:1,48.0,48.0,48.0,7.32,7.32,7.32,,0,,0,1,1,"[{""assay"": ""CHEMBL5048861"", ""type"": ""EC50"", ""relation"": ""="", ""value_nm"": 48.0, ""pactivity"": 7.32, ""doc"": ""CHEMBL5046279"", ""rule"": ""EC50 为标准化浓度型效力指标""}]",1,,,0,213.0,Emax@CHEMBL5048862,1,1,1,"[{""assay"": ""CHEMBL5048862"", ""type"": ""Emax"", ""scale"": ""percent"", ""value"": 213, ""units"": ""%"", ""doc"": ""CHEMBL5046279"", ""rule"": ""Emax 为激活幅度指标，按该 assay 内值域（max=256.0）判为 percent 尺度""}]",0,,0,,2,2,1,"[""CHEMBL5046279""]",2022,LITERATURE,0,不适用（可定量效力值不足 2 个 assay）,中,仅 1 篇文献支撑
CHEMBL5094606,,Unknown,,CCOP(=O)(Cn1ccc(NC(=O)c2cc(Oc3cnc(C(=O)N4CCC4)nc3)cc(OC(C)C)c2)n1)OCC,AEDJLTFKZRNAKJ-UHFFFAOYSA-N,1,EC50:1,61.0,61.0,61.0,7.21,7.21,7.21,,0,,0,1,1,"[{""assay"": ""CHEMBL5048861"", ""type"": ""EC50"", ""relation"": ""="", ""value_nm"": 61.0, ""pactivity"": 7.21, ""doc"": ""CHEMBL5046279"", ""rule"": ""EC50 为标准化浓度型效力指标""}]",1,,,0,150.0,Emax@CHEMBL5048862,1,1,1,"[{""assay"": ""CHEMBL5048862"", ""type"": ""Emax"", ""scale"": ""percent"", ""value"": 150, ""units"": ""%"", ""doc"": ""CHEMBL5046279"", ""rule"": ""Emax 为激活幅度指标，按该 assay 内值域（max=256.0）判为 percent 尺度""}]",0,,0,,2,2,1,"[""CHEMBL5046279""]",2022,LITERATURE,0,不适用（可定量效力值不足 2 个 assay）,中,仅 1 篇文献支撑
CHEMBL514512,,Small molecule,,Cc1csc(NC(=O)c2cccc(Oc3cccc(F)c3)c2)n1,IAQKCWBVBNPUAB-UHFFFAOYSA-N,2,EC50:2,2200.0,4250.0,6300.0,5.66,5.43,5.2,0.46,0,,0,2,1,"[{""assay"": ""CHEMBL957641"", ""type"": ""EC50"", ""relation"": ""="", ""value_nm"": 6300.0, ""pactivity"": 5.2, ""doc"": ""CHEMBL1153380"", ""rule"": ""EC50 为标准化浓度型效力指标""}, {""assay"": ""CHEMBL957643"", ""type"": ""EC50"", ""relation"": ""="", ""value_nm"": 2200.0, ""pactivity"": 5.66, ""doc"": ""CHEMBL1153380"", ""rule"": ""EC50 为标准化浓度型效力指标""}]",0,,,0,,,0,0,0,,0,,2,"[{""assay"": ""CHEMBL957569"", ""type"": ""Activity"", ""value"": 0.74, ""units"": null, ""reason"": ""Activity 为自由文本指标（无官方标准化规则），assay 描述未命中提升门槛，不跨实验汇总""}, {""assay"": ""CHEMBL957642"", ""type"": ""Activity"", ""value"": 0.55, ""units"": null, ""reason"": ""Activity 为自由文本指标（无官方标准化规则），assay 描述未命中提升门槛，不跨实验汇总""}]",4,4,1,"[""CHEMBL1153380""]",2009,LITERATURE,0,一致（pActivity 极差 0.46，3 倍以内）,中,仅 1 篇文献支撑；2 条指标未归类（见 unclassified_records）
CHEMBL514955,,Small molecule,,Cc1csc(NC(=O)c2cc(Oc3ccccc3S(C)(=O)=O)ccc2OC(C)C)n1,HCJGMYOCYZOFBJ-UHFFFAOYSA-N,2,EC50:2,,,,,,,,2,30000.0,0,2,1,"[{""assay"": ""CHEMBL957641"", ""type"": ""EC50"", ""relation"": "">"", ""value_nm"": 30000.0, ""pactivity"": null, ""doc"": ""CHEMBL1153380"", ""rule"": ""EC50 为标准化浓度型效力指标""}, {""assay"": ""CHEMBL957643"", ""type"": ""EC50"", ""relation"": "">"", ""value_nm"": 30000.0, ""pactivity"": null, ""doc"": ""CHEMBL1153380"", ""rule"": ""EC50 为标准化浓度型效力指标""}]",0,,,0,,,0,0,0,,0,,2,"[{""assay"": ""CHEMBL957569"", ""type"": ""Activity"", ""value"": 0.2, ""units"": null, ""reason"": ""Activity 为自由文本指标（无官方标准化规则），assay 描述未命中提升门槛，不跨实验汇总""}, {""assay"": ""CHEMBL957642"", ""type"": ""Activity"", ""value"": 0.05, ""units"": null, ""reason"": ""Activity 为自由文本指标（无官方标准化规则），assay 描述未命中提升门槛，不跨实验汇总""}]",4,4,1,"[""CHEMBL1153380""]",2009,LITERATURE,0,不适用（可定量效力值不足 2 个 assay）,中,仅 1 篇文献支撑；2 条效力为删失值（>，最高浓度未达 EC50），未计入汇总；无可定量的效力或效能值；2 条指标未归类（见 unclassified_records）
CHEMBL516371,,Small molecule,,Cc1cccc(Oc2cccc(C(=O)Nc3nc(C)cs3)c2)c1,QRMJIHNNIJYYRD-UHFFFAOYSA-N,2,EC50:2,2300.0,5250.0,8200.0,5.64,5.365,5.09,0.55,0,,0,2,1,"[{""assay"": ""CHEMBL957641"", ""type"": ""EC50"", ""relation"": ""="", ""value_nm"": 8200.0, ""pactivity"": 5.09, ""doc"": ""CHEMBL1153380"", ""rule"": ""EC50 为标准化浓度型效力指标""}, {""assay"": ""CHEMBL957643"", ""type"": ""EC50"", ""relation"": ""="", ""value_nm"": 2300.0, ""pactivity"": 5.64, ""doc"": ""CHEMBL1153380"", ""rule"": ""EC50 为标准化浓度型效力指标""}]",0,,,0,,,0,0,0,,0,,2,"[{""assay"": ""CHEMBL957569"", ""type"": ""Activity"", ""value"": 0.69, ""units"": null, ""reason"": ""Activity 为自由文本指标（无官方标准化规则），assay 描述未命中提升门槛，不跨实验汇总""}, {""assay"": ""CHEMBL957642"", ""type"": ""Activity"", ""value"": 0.45, ""units"": null, ""reason"": ""Activity 为自由文本指标（无官方标准化规则），assay 描述未命中提升门槛，不跨实验汇总""}]",4,4,1,"[""CHEMBL1153380""]",2009,LITERATURE,0,较一致（pActivity 极差 0.55，10 倍以内）,中,仅 1 篇文献支撑；2 条指标未归类（见 unclassified_records）
CHEMBL516458,,Small molecule,,CS(=O)(=O)c1ccc(/C(=C\c2cccs2)C(=O)Nc2nccs2)cc1,ZCRHVAOVNFNLDX-RVDMUPIBSA-N,1,EC50:1,560.0,560.0,560.0,6.25,6.25,6.25,,0,,0,1,1,"[{""assay"": ""CHEMBL990114"", ""type"": ""EC50"", ""relation"": ""="", ""value_nm"": 560.0, ""pactivity"": 6.25, ""doc"": ""CHEMBL1155108"", ""rule"": ""EC50 为标准化浓度型效力指标""}]",1,5.4,FC@CHEMBL990115,1,,,0,1,1,"[{""assay"": ""CHEMBL990115"", ""type"": ""FC"", ""scale"": ""fold"", ""value"": 5.4, ""units"": null, ""doc"": ""CHEMBL1155108"", ""rule"": ""FC（fold change）为激活倍数""}]",0,,1,"[{""assay"": ""CHEMBL990116"", ""type"": ""Activity"", ""value"": 0.17, ""units"": ""uM"", ""reason"": ""Activity 为自由文本指标（无官方标准化规则），assay 描述未命中提升门槛，不跨实验汇总""}]",3,3,1,"[""CHEMBL1155108""]",2008,LITERATURE,0,不适用（可定量效力值不足 2 个 assay）,中,仅 1 篇文献支撑；1 条指标未归类（见 unclassified_records）
CHEMBL517534,,Small molecule,,O=C(Nc1nccs1)[C@H](CC1CCOCC1)c1ccc(S(=O)(=O)C2CC2)cc1,DOTNXOZFPLAGNY-GOSISDBHSA-N,2,EC50:2,570.0,570.0,570.0,6.24,6.24,6.24,0.0,0,,0,2,2,"[{""assay"": ""CHEMBL1167927"", ""type"": ""EC50"", ""relation"": ""="", ""value_nm"": 570.0, ""pactivity"": 6.24, ""doc"": ""CHEMBL1165956"", ""rule"": ""EC50 为标准化浓度型效力指标""}, {""assay"": ""CHEMBL990114"", ""type"": ""EC50"", ""relation"": ""="", ""value_nm"": 570.0, ""pactivity"": 6.24, ""doc"": ""CHEMBL1155108"", ""rule"": ""EC50 为标准化浓度型效力指标""}]",1,4.7,FC@CHEMBL990115,1,,,0,1,1,"[{""assay"": ""CHEMBL990115"", ""type"": ""FC"", ""scale"": ""fold"", ""value"": 4.7, ""units"": null, ""doc"": ""CHEMBL1155108"", ""rule"": ""FC（fold change）为激活倍数""}]",0,,1,"[{""assay"": ""CHEMBL990116"", ""type"": ""Activity"", ""value"": 0.19, ""units"": ""uM"", ""reason"": ""Activity 为自由文本指标（无官方标准化规则），assay 描述未命中提升门槛，不跨实验汇总""}]",4,4,2,"[""CHEMBL1155108"", ""CHEMBL1165956""]",2008; 2010,LITERATURE,1,一致（pActivity 极差 0.0，3 倍以内）,强,1 条被 ChEMBL 标为 potential_duplicate；1 条指标未归类（见 unclassified_records）
CHEMBL519273,,Small molecule,,O=C(Nc1ncc(F)s1)[C@H](CC1CCOCC1)c1ccc(S(=O)(=O)C2CCC2)cc1,DWIPGNHOTXSYBW-GOSISDBHSA-N,1,EC50:1,140.0,140.0,140.0,6.85,6.85,6.85,,0,,0,1,1,"[{""assay"": ""CHEMBL990114"", ""type"": ""EC50"", ""relation"": ""="", ""value_nm"": 140.0, ""pactivity"": 6.85, ""doc"": ""CHEMBL1155108"", ""rule"": ""EC50 为标准化浓度型效力指标""}]",1,3.2,FC@CHEMBL990115,1,,,0,1,1,"[{""assay"": ""CHEMBL990115"", ""type"": ""FC"", ""scale"": ""fold"", ""value"": 3.2, ""units"": null, ""doc"": ""CHEMBL1155108"", ""rule"": ""FC（fold change）为激活倍数""}]",0,,1,"[{""assay"": ""CHEMBL990116"", ""type"": ""Activity"", ""value"": 0.12, ""units"": ""uM"", ""reason"": ""Activity 为自由文本指标（无官方标准化规则），assay 描述未命中提升门槛，不跨实验汇总""}]",3,3,1,"[""CHEMBL1155108""]",2008,LITERATURE,0,不适用（可定量效力值不足 2 个 assay）,中,仅 1 篇文献支撑；1 条指标未归类（见 unclassified_records）
CHEMBL519934,,Small molecule,,CS(=O)(=O)c1ccc(C(CC2CCOCC2)C(=O)Nc2nccs2)cc1,HMJAUNHXYJKDGD-UHFFFAOYSA-N,2,EC50:2,1690.0,5310.0,8930.0,5.77,5.41,5.05,0.72,0,,0,2,2,"[{""assay"": ""CHEMBL1167927"", ""type"": ""EC50"", ""relation"": ""="", ""value_nm"": 1690.0, ""pactivity"": 5.77, ""doc"": ""CHEMBL1165956"", ""rule"": ""EC50 为标准化浓度型效力指标""}, {""assay"": ""CHEMBL990114"", ""type"": ""EC50"", ""relation"": ""="", ""value_nm"": 8930.0, ""pactivity"": 5.05, ""doc"": ""CHEMBL1155108"", ""rule"": ""EC50 为标准化浓度型效力指标""}]",2,5.3,FC@CHEMBL990115,2,,,0,2,2,"[{""assay"": ""CHEMBL1167928"", ""type"": ""FC"", ""scale"": ""fold"", ""value"": 2.45, ""units"": null, ""doc"": ""CHEMBL1165956"", ""rule"": ""FC（fold change）为激活倍数""}, {""assay"": ""CHEMBL990115"", ""type"": ""FC"", ""scale"": ""fold"", ""value"": 5.3, ""units"": null, ""doc"": ""CHEMBL1155108"", ""rule"": ""FC（fold change）为激活倍数""}]",0,,1,"[{""assay"": ""CHEMBL990116"", ""type"": ""Activity"", ""value"": 2.74, ""units"": ""uM"", ""reason"": ""Activity 为自由文本指标（无官方标准化规则），assay 描述未命中提升门槛，不跨实验汇总""}]",5,5,2,"[""CHEMBL1155108"", ""CHEMBL1165956""]",2008; 2010,LITERATURE,0,较一致（pActivity 极差 0.72，10 倍以内）,强,1 条指标未归类（见 unclassified_records）
CHEMBL523602,,Small molecule,,Cc1csc(NC(=O)c2cc(Sc3ccccn3)ccc2N)n1,XGWOVHWNRPREDT-UHFFFAOYSA-N,2,EC50:2,220.0,710.0,1200.0,6.66,6.29,5.92,0.74,0,,0,2,1,"[{""assay"": ""CHEMBL959301"", ""type"": ""EC50"", ""relation"": ""="", ""value_nm"": 1200.0, ""pactivity"": 5.92, ""doc"": ""CHEMBL1152887"", ""rule"": ""EC50 为标准化浓度型效力指标""}, {""assay"": ""CHEMBL959302"", ""type"": ""EC50"", ""relation"": ""="", ""value_nm"": 220.0, ""pactivity"": 6.66, ""doc"": ""CHEMBL1152887"", ""rule"": ""EC50 为标准化浓度型效力指标""}]",2,8.0,FC@CHEMBL959303,2,,,0,2,1,"[{""assay"": ""CHEMBL959303"", ""type"": ""FC"", ""scale"": ""fold"", ""value"": 8, ""units"": null, ""doc"": ""CHEMBL1152887"", ""rule"": ""FC（fold change）为激活倍数""}, {""assay"": ""CHEMBL959304"", ""type"": ""FC"", ""scale"": ""fold"", ""value"": 1.6, ""units"": null, ""doc"": ""CHEMBL1152887"", ""rule"": ""FC（fold change）为激活倍数""}]",0,,0,,4,4,1,"[""CHEMBL1152887""]",2009,LITERATURE,0,较一致（pActivity 极差 0.74，10 倍以内）,中,仅 1 篇文献支撑
CHEMBL5266463,,,,O=C(O)c1ccc(Oc2cnc(NC(=O)C(Oc3ccc(F)cc3F)c3ccc(S(=O)(=O)C4CC4)cc3)s2)cc1,XJFUEUNGZVAEIX-UHFFFAOYSA-N,1,EC50:1,190.0,190.0,190.0,6.72,6.72,6.72,,0,,0,1,1,"[{""assay"": ""CHEMBL5261510"", ""type"": ""EC50"", ""relation"": ""="", ""value_nm"": 190.0, ""pactivity"": 6.72, ""doc"": ""CHEMBL5260807"", ""rule"": ""EC50 为标准化浓度型效力指标""}]",0,,,0,,,0,0,0,,0,,0,,1,1,1,"[""CHEMBL5260807""]",2017,LITERATURE,0,不适用（可定量效力值不足 2 个 assay）,弱,仅 1 篇文献支撑
CHEMBL5267943,,,,O=C(O)c1ccc(Oc2cnc(NC(=O)[C@H](Oc3ccc(F)cc3F)c3ccc(S(=O)(=O)C4CC4)cc3)s2)cc1,XJFUEUNGZVAEIX-XMMPIXPASA-N,1,EC50:1,34.0,34.0,34.0,7.47,7.47,7.47,,0,,0,1,1,"[{""assay"": ""CHEMBL5261510"", ""type"": ""EC50"", ""relation"": ""="", ""value_nm"": 34.0, ""pactivity"": 7.47, ""doc"": ""CHEMBL5260807"", ""rule"": ""EC50 为标准化浓度型效力指标""}]",0,,,0,,,0,0,0,,0,,0,,1,1,1,"[""CHEMBL5260807""]",2017,LITERATURE,0,不适用（可定量效力值不足 2 个 assay）,弱,仅 1 篇文献支撑
CHEMBL5274471,,,,O=C(O)c1ccc(Oc2cnc(NC(=O)[C@@H](Oc3ccc(F)cc3F)c3ccc(S(=O)(=O)C4CC4)cc3)s2)cc1,XJFUEUNGZVAEIX-DEOSSOPVSA-N,1,EC50:1,690.0,690.0,690.0,6.16,6.16,6.16,,0,,0,1,1,"[{""assay"": ""CHEMBL5261510"", ""type"": ""EC50"", ""relation"": ""="", ""value_nm"": 690.0, ""pactivity"": 6.16, ""doc"": ""CHEMBL5260807"", ""rule"": ""EC50 为标准化浓度型效力指标""}]",0,,,0,,,0,0,0,,0,,0,,1,1,1,"[""CHEMBL5260807""]",2017,LITERATURE,0,不适用（可定量效力值不足 2 个 assay）,弱,仅 1 篇文献支撑
CHEMBL5275454,,,,CC(Oc1ccc(F)cc1F)(C(=O)Nc1nc(CC(=O)O)c(Cl)s1)c1ccc(S(=O)(=O)N2CCCCC2)cc1,GFBOPUAFDNRAFW-UHFFFAOYSA-N,1,EC50:1,,,,,,,,1,20000.0,0,1,1,"[{""assay"": ""CHEMBL5261510"", ""type"": ""EC50"", ""relation"": "">"", ""value_nm"": 20000.0, ""pactivity"": null, ""doc"": ""CHEMBL5260807"", ""rule"": ""EC50 为标准化浓度型效力指标""}]",0,,,0,,,0,0,0,,0,,1,"[{""assay"": ""CHEMBL5261513"", ""type"": ""Activity"", ""value"": 60, ""units"": ""%"", ""reason"": ""Activity 为自由文本指标（无官方标准化规则），assay 描述未命中提升门槛，不跨实验汇总""}]",2,2,1,"[""CHEMBL5260807""]",2017,LITERATURE,0,不适用（可定量效力值不足 2 个 assay）,中,仅 1 篇文献支撑；1 条效力为删失值（>，最高浓度未达 EC50），未计入汇总；无可定量的效力或效能值；1 条指标未归类（见 unclassified_records）
CHEMBL5275999,,,,O=C(O)c1cccc(Oc2cnc(NC(=O)C(Oc3ccc(F)cc3F)c3ccc(S(=O)(=O)C4CC4)cc3)s2)c1,QBROIZORAJPUHW-UHFFFAOYSA-N,1,EC50:1,2730.0,2730.0,2730.0,5.56,5.56,5.56,,0,,0,1,1,"[{""assay"": ""CHEMBL5261510"", ""type"": ""EC50"", ""relation"": ""="", ""value_nm"": 2730.0, ""pactivity"": 5.56, ""doc"": ""CHEMBL5260807"", ""rule"": ""EC50 为标准化浓度型效力指标""}]",0,,,0,,,0,0,0,,0,,0,,1,1,1,"[""CHEMBL5260807""]",2017,LITERATURE,0,不适用（可定量效力值不足 2 个 assay）,弱,仅 1 篇文献支撑
CHEMBL5276863,,,,O=C(O)c1ccc(Cc2cnc(NC(=O)C(Oc3ccc(F)cc3F)c3ccc(S(=O)(=O)C4CC4)cc3)s2)cc1,AJAHKYGEWAFNQW-UHFFFAOYSA-N,1,EC50:1,450.0,450.0,450.0,6.35,6.35,6.35,,0,,0,1,1,"[{""assay"": ""CHEMBL5261510"", ""type"": ""EC50"", ""relation"": ""="", ""value_nm"": 450.0, ""pactivity"": 6.35, ""doc"": ""CHEMBL5260807"", ""rule"": ""EC50 为标准化浓度型效力指标""}]",0,,,0,,,0,0,0,,0,,0,,1,1,1,"[""CHEMBL5260807""]",2017,LITERATURE,0,不适用（可定量效力值不足 2 个 assay）,弱,仅 1 篇文献支撑
CHEMBL5278201,,,,CC(C)(Oc1ccc(F)cc1F)C(=O)Nc1nc(CC(=O)O)c(Cl)s1,VWISSHKACIMAJY-UHFFFAOYSA-N,1,EC50:1,7000.0,7000.0,7000.0,5.16,5.16,5.16,,0,,0,1,1,"[{""assay"": ""CHEMBL5261510"", ""type"": ""EC50"", ""relation"": ""="", ""value_nm"": 7000.0, ""pactivity"": 5.16, ""doc"": ""CHEMBL5260807"", ""rule"": ""EC50 为标准化浓度型效力指标""}]",0,,,0,,,0,0,0,,0,,0,,1,1,1,"[""CHEMBL5260807""]",2017,LITERATURE,0,不适用（可定量效力值不足 2 个 assay）,弱,仅 1 篇文献支撑
CHEMBL5279712,,,,O=C(O)C1CCN(Cc2cnc(NC(=O)C(Oc3ccc(F)cc3F)c3ccc(S(=O)(=O)C4CC4)cc3)s2)CC1,WOTMDGAHLDBFTB-UHFFFAOYSA-N,1,EC50:1,,,,,,,,1,10000.0,0,1,1,"[{""assay"": ""CHEMBL5261510"", ""type"": ""EC50"", ""relation"": "">"", ""value_nm"": 10000.0, ""pactivity"": null, ""doc"": ""CHEMBL5260807"", ""rule"": ""EC50 为标准化浓度型效力指标""}]",0,,,0,,,0,0,0,,0,,0,,1,1,1,"[""CHEMBL5260807""]",2017,LITERATURE,0,不适用（可定量效力值不足 2 个 assay）,弱,仅 1 篇文献支撑；1 条效力为删失值（>，最高浓度未达 EC50），未计入汇总；无可定量的效力或效能值
CHEMBL5282130,,,,CC(C)(Oc1ccc(F)cc1F)C(=O)Nc1ncc(Oc2ccc(C(=O)O)cc2)s1,IZOHADNJTCNQSA-UHFFFAOYSA-N,1,EC50:1,6200.0,6200.0,6200.0,5.21,5.21,5.21,,0,,0,1,1,"[{""assay"": ""CHEMBL5261510"", ""type"": ""EC50"", ""relation"": ""="", ""value_nm"": 6200.0, ""pactivity"": 5.21, ""doc"": ""CHEMBL5260807"", ""rule"": ""EC50 为标准化浓度型效力指标""}]",0,,,0,,,0,0,0,,0,,0,,1,1,1,"[""CHEMBL5260807""]",2017,LITERATURE,0,不适用（可定量效力值不足 2 个 assay）,弱,仅 1 篇文献支撑
CHEMBL5282187,,,,O=C(O)c1ccc(Oc2cnc(NC(=O)C(Oc3ccc(F)cc3F)c3ccc(S(=O)(=O)C4CCOCC4)cc3)s2)cc1,BADFQILDNJCDLS-UHFFFAOYSA-N,1,EC50:1,310.0,310.0,310.0,6.51,6.51,6.51,,0,,0,1,1,"[{""assay"": ""CHEMBL5261510"", ""type"": ""EC50"", ""relation"": ""="", ""value_nm"": 310.0, ""pactivity"": 6.51, ""doc"": ""CHEMBL5260807"", ""rule"": ""EC50 为标准化浓度型效力指标""}]",0,,,0,,,0,0,0,,0,,0,,1,1,1,"[""CHEMBL5260807""]",2017,LITERATURE,0,不适用（可定量效力值不足 2 个 assay）,弱,仅 1 篇文献支撑
CHEMBL5285032,,,,O=C(O)Cc1nc(NC(=O)C(Oc2ccc(F)cc2F)c2ccc(S(=O)(=O)N3CCCCC3)cc2)sc1Cl,UBIMHAVFPIUOAR-UHFFFAOYSA-N,1,EC50:1,500.0,500.0,500.0,6.3,6.3,6.3,,0,,0,1,1,"[{""assay"": ""CHEMBL5261510"", ""type"": ""EC50"", ""relation"": ""="", ""value_nm"": 500.0, ""pactivity"": 6.3, ""doc"": ""CHEMBL5260807"", ""rule"": ""EC50 为标准化浓度型效力指标""}]",0,,,0,,,0,0,0,,0,,0,,1,1,1,"[""CHEMBL5260807""]",2017,LITERATURE,0,不适用（可定量效力值不足 2 个 assay）,弱,仅 1 篇文献支撑
CHEMBL5287339,,,,O=C(O)c1ccc(Oc2cnc(NC(=O)C(Oc3ccc(F)cc3F)c3ccc(S(=O)(=O)N4CCOCC4)cc3)s2)cc1,ZITXSFAYYFSSIT-UHFFFAOYSA-N,1,EC50:1,330.0,330.0,330.0,6.48,6.48,6.48,,0,,0,1,1,"[{""assay"": ""CHEMBL5261510"", ""type"": ""EC50"", ""relation"": ""="", ""value_nm"": 330.0, ""pactivity"": 6.48, ""doc"": ""CHEMBL5260807"", ""rule"": ""EC50 为标准化浓度型效力指标""}]",0,,,0,,,0,0,0,,0,,0,,1,1,1,"[""CHEMBL5260807""]",2017,LITERATURE,0,不适用（可定量效力值不足 2 个 assay）,弱,仅 1 篇文献支撑
CHEMBL5287945,,,,O=C(O)c1ccc(Oc2cnc(NC(=O)C(Oc3ccc(F)cc3F)c3ccc(S(=O)(=O)N4CCCCC4)cc3)s2)cc1,KKZFQKQUQDYXJJ-UHFFFAOYSA-N,1,EC50:1,280.0,280.0,280.0,6.55,6.55,6.55,,0,,0,1,1,"[{""assay"": ""CHEMBL5261510"", ""type"": ""EC50"", ""relation"": ""="", ""value_nm"": 280.0, ""pactivity"": 6.55, ""doc"": ""CHEMBL5260807"", ""rule"": ""EC50 为标准化浓度型效力指标""}]",0,,,0,,,0,0,0,,0,,0,,1,1,1,"[""CHEMBL5260807""]",2017,LITERATURE,0,不适用（可定量效力值不足 2 个 assay）,弱,仅 1 篇文献支撑
CHEMBL5288114,,,,O=C(O)Cc1ccc(Oc2cnc(NC(=O)C(Oc3ccc(F)cc3F)c3ccc(S(=O)(=O)C4CC4)cc3)s2)cc1,VMWUVJZDDFSOFR-UHFFFAOYSA-N,1,EC50:1,400.0,400.0,400.0,6.4,6.4,6.4,,0,,0,1,1,"[{""assay"": ""CHEMBL5261510"", ""type"": ""EC50"", ""relation"": ""="", ""value_nm"": 400.0, ""pactivity"": 6.4, ""doc"": ""CHEMBL5260807"", ""rule"": ""EC50 为标准化浓度型效力指标""}]",0,,,0,,,0,0,0,,0,,0,,1,1,1,"[""CHEMBL5260807""]",2017,LITERATURE,0,不适用（可定量效力值不足 2 个 assay）,弱,仅 1 篇文献支撑
CHEMBL5288503,,,,O=C(Nc1ncc(CN2CCCC2C(=O)O)s1)C(Oc1ccc(F)cc1F)c1ccc(S(=O)(=O)C2CC2)cc1,OSTXRFOVBAOWHW-UHFFFAOYSA-N,1,EC50:1,,,,,,,,1,10000.0,0,1,1,"[{""assay"": ""CHEMBL5261510"", ""type"": ""EC50"", ""relation"": "">"", ""value_nm"": 10000.0, ""pactivity"": null, ""doc"": ""CHEMBL5260807"", ""rule"": ""EC50 为标准化浓度型效力指标""}]",0,,,0,,,0,0,0,,0,,0,,1,1,1,"[""CHEMBL5260807""]",2017,LITERATURE,0,不适用（可定量效力值不足 2 个 assay）,弱,仅 1 篇文献支撑；1 条效力为删失值（>，最高浓度未达 EC50），未计入汇总；无可定量的效力或效能值
CHEMBL5290142,,,,O=C(O)C#Cc1cnc(NC(=O)C(Oc2ccc(F)cc2F)c2ccc(S(=O)(=O)C3CC3)cc2)s1,VSNYDEMDJGXMRY-UHFFFAOYSA-N,1,EC50:1,2300.0,2300.0,2300.0,5.64,5.64,5.64,,0,,0,1,1,"[{""assay"": ""CHEMBL5261510"", ""type"": ""EC50"", ""relation"": ""="", ""value_nm"": 2300.0, ""pactivity"": 5.64, ""doc"": ""CHEMBL5260807"", ""rule"": ""EC50 为标准化浓度型效力指标""}]",0,,,0,,,0,0,0,,0,,0,,1,1,1,"[""CHEMBL5260807""]",2017,LITERATURE,0,不适用（可定量效力值不足 2 个 assay）,弱,仅 1 篇文献支撑
CHEMBL5290632,,,,O=C(O)c1ccc(Oc2cnc(NC(=O)C(Oc3ccc(F)cc3F)c3ccc(S(=O)(=O)N4CCCC4)cc3)s2)cc1,FEBTXTWYHAOXQW-UHFFFAOYSA-N,1,EC50:1,240.0,240.0,240.0,6.62,6.62,6.62,,0,,0,1,1,"[{""assay"": ""CHEMBL5261510"", ""type"": ""EC50"", ""relation"": ""="", ""value_nm"": 240.0, ""pactivity"": 6.62, ""doc"": ""CHEMBL5260807"", ""rule"": ""EC50 为标准化浓度型效力指标""}]",0,,,0,,,0,0,0,,0,,0,,1,1,1,"[""CHEMBL5260807""]",2017,LITERATURE,0,不适用（可定量效力值不足 2 个 assay）,弱,仅 1 篇文献支撑
CHEMBL549417,,Small molecule,,CS(=O)(=O)c1ccc(Oc2cc(OC3CCOCC3)cc(C(=O)Nc3nccs3)c2)cc1,ZQZPYXYBKICQDC-UHFFFAOYSA-N,2,EC50:2,120.0,290.0,460.0,6.92,6.63,6.34,0.58,0,,0,2,1,"[{""assay"": ""CHEMBL1032034"", ""type"": ""EC50"", ""relation"": ""="", ""value_nm"": 460.0, ""pactivity"": 6.34, ""doc"": ""CHEMBL1151922"", ""rule"": ""EC50 为标准化浓度型效力指标""}, {""assay"": ""CHEMBL1032035"", ""type"": ""EC50"", ""relation"": ""="", ""value_nm"": 120.0, ""pactivity"": 6.92, ""doc"": ""CHEMBL1151922"", ""rule"": ""EC50 为标准化浓度型效力指标""}]",0,,,0,,,0,0,0,,0,,0,,2,2,1,"[""CHEMBL1151922""]",2009,LITERATURE,0,较一致（pActivity 极差 0.58，10 倍以内）,中,仅 1 篇文献支撑
CHEMBL549556,,Small molecule,,CN1CCC(Oc2cc(Oc3ccc(S(C)(=O)=O)cc3)cc(C(=O)Nc3nccs3)c2)C1,GSAPGLJLCRLUBE-UHFFFAOYSA-N,2,EC50:2,7300.0,15650.0,24000.0,5.14,4.88,4.62,0.52,0,,0,2,1,"[{""assay"": ""CHEMBL1032034"", ""type"": ""EC50"", ""relation"": ""="", ""value_nm"": 24000.0, ""pactivity"": 4.62, ""doc"": ""CHEMBL1151922"", ""rule"": ""EC50 为标准化浓度型效力指标""}, {""assay"": ""CHEMBL1032035"", ""type"": ""EC50"", ""relation"": ""="", ""value_nm"": 7300.0, ""pactivity"": 5.14, ""doc"": ""CHEMBL1151922"", ""rule"": ""EC50 为标准化浓度型效力指标""}]",0,,,0,,,0,0,0,,0,,0,,2,2,1,"[""CHEMBL1151922""]",2009,LITERATURE,0,较一致（pActivity 极差 0.52，10 倍以内）,中,仅 1 篇文献支撑
CHEMBL549829,,Small molecule,,CC(C)C(CO)Oc1cc(Oc2ccc(S(C)(=O)=O)cc2)cc(C(=O)Nc2nccs2)c1,SKHIBZUVRGLGIF-UHFFFAOYSA-N,2,EC50:2,200.0,280.0,360.0,6.7,6.57,6.44,0.26,0,,0,2,1,"[{""assay"": ""CHEMBL1032034"", ""type"": ""EC50"", ""relation"": ""="", ""value_nm"": 360.0, ""pactivity"": 6.44, ""doc"": ""CHEMBL1151922"", ""rule"": ""EC50 为标准化浓度型效力指标""}, {""assay"": ""CHEMBL1032035"", ""type"": ""EC50"", ""relation"": ""="", ""value_nm"": 200.0, ""pactivity"": 6.7, ""doc"": ""CHEMBL1151922"", ""rule"": ""EC50 为标准化浓度型效力指标""}]",0,,,0,,,0,0,0,,0,,0,,2,2,1,"[""CHEMBL1151922""]",2009,LITERATURE,0,一致（pActivity 极差 0.26，3 倍以内）,中,仅 1 篇文献支撑
CHEMBL550378,,Small molecule,,CC(Oc1cc(Oc2ccc(S(C)(=O)=O)cc2)cc(C(=O)Nc2nccs2)c1)C(=O)O,QYZLWFWVPHXJLV-UHFFFAOYSA-N,2,EC50:2,7400.0,18700.0,30000.0,5.13,4.825,4.52,0.61,0,,0,2,1,"[{""assay"": ""CHEMBL1032034"", ""type"": ""EC50"", ""relation"": ""="", ""value_nm"": 30000.0, ""pactivity"": 4.52, ""doc"": ""CHEMBL1151922"", ""rule"": ""EC50 为标准化浓度型效力指标""}, {""assay"": ""CHEMBL1032035"", ""type"": ""EC50"", ""relation"": ""="", ""value_nm"": 7400.0, ""pactivity"": 5.13, ""doc"": ""CHEMBL1151922"", ""rule"": ""EC50 为标准化浓度型效力指标""}]",0,,,0,,,0,0,0,,0,,0,,2,2,1,"[""CHEMBL1151922""]",2009,LITERATURE,0,较一致（pActivity 极差 0.61，10 倍以内）,中,仅 1 篇文献支撑
CHEMBL550443,,Small molecule,,CS(=O)(=O)c1ccc(Oc2cc(O[C@@H]3CCOC3)cc(C(=O)Nc3nccs3)c2)cc1,UQHVRVYGEAIGAH-MRXNPFEDSA-N,2,EC50:2,300.0,1050.0,1800.0,6.52,6.135,5.75,0.77,0,,0,2,1,"[{""assay"": ""CHEMBL1032034"", ""type"": ""EC50"", ""relation"": ""="", ""value_nm"": 1800.0, ""pactivity"": 5.75, ""doc"": ""CHEMBL1151922"", ""rule"": ""EC50 为标准化浓度型效力指标""}, {""assay"": ""CHEMBL1032035"", ""type"": ""EC50"", ""relation"": ""="", ""value_nm"": 300.0, ""pactivity"": 6.52, ""doc"": ""CHEMBL1151922"", ""rule"": ""EC50 为标准化浓度型效力指标""}]",0,,,0,,,0,0,0,,0,,0,,2,2,1,"[""CHEMBL1151922""]",2009,LITERATURE,0,较一致（pActivity 极差 0.77，10 倍以内）,中,仅 1 篇文献支撑
CHEMBL550474,,Small molecule,,CCOC(=O)N1CCCC1c1cc2[nH]c(-c3ccccn3)nc2cc1Oc1ccc(F)cc1,AKQRZCAKTSCFIF-UHFFFAOYSA-N,1,EC50:1,5470.0,5470.0,5470.0,5.26,5.26,5.26,,0,,0,1,1,"[{""assay"": ""CHEMBL1058313"", ""type"": ""EC50"", ""relation"": ""="", ""value_nm"": 5470.0, ""pactivity"": 5.26, ""doc"": ""CHEMBL1153645"", ""rule"": ""EC50 为标准化浓度型效力指标""}]",1,,,0,93.0,Emax@CHEMBL1058314,1,1,1,"[{""assay"": ""CHEMBL1058314"", ""type"": ""Emax"", ""scale"": ""percent"", ""value"": 93, ""units"": ""%"", ""doc"": ""CHEMBL1153645"", ""rule"": ""Emax 为激活幅度指标，按该 assay 内值域（max=138.0）判为 percent 尺度""}]",0,,0,,2,2,1,"[""CHEMBL1153645""]",2009,LITERATURE,0,不适用（可定量效力值不足 2 个 assay）,中,仅 1 篇文献支撑
CHEMBL550739,,Small molecule,,CC(=O)N1CCCC1c1cc2[nH]c(-c3ccccn3)nc2cc1Oc1ccccc1F,JNQAFRASIYISAZ-UHFFFAOYSA-N,1,EC50:1,3000.0,3000.0,3000.0,5.52,5.52,5.52,,0,,0,1,1,"[{""assay"": ""CHEMBL1058313"", ""type"": ""EC50"", ""relation"": ""="", ""value_nm"": 3000.0, ""pactivity"": 5.52, ""doc"": ""CHEMBL1153645"", ""rule"": ""EC50 为标准化浓度型效力指标""}]",1,,,0,87.0,Emax@CHEMBL1058314,1,1,1,"[{""assay"": ""CHEMBL1058314"", ""type"": ""Emax"", ""scale"": ""percent"", ""value"": 87, ""units"": ""%"", ""doc"": ""CHEMBL1153645"", ""rule"": ""Emax 为激活幅度指标，按该 assay 内值域（max=138.0）判为 percent 尺度""}]",0,,0,,2,2,1,"[""CHEMBL1153645""]",2009,LITERATURE,0,不适用（可定量效力值不足 2 个 assay）,中,仅 1 篇文献支撑
CHEMBL550877,,Small molecule,,CN1CCCC1c1cc2[nH]c(-c3ccccn3)nc2cc1Oc1ccc(F)cc1,MIPXTJDEJCSPKE-UHFFFAOYSA-N,0,,,,,,,,,0,,0,0,0,,0,,,0,,,0,0,0,,0,,1,"[{""assay"": ""CHEMBL1058318"", ""type"": ""Emax"", ""value"": null, ""units"": null, ""reason"": ""Emax 尺度无法判定（units=None, max=None）""}]",1,1,1,"[""CHEMBL1153645""]",2009,LITERATURE,0,不适用（可定量效力值不足 2 个 assay）,弱,仅 1 篇文献支撑；无可定量的效力或效能值；1 条指标未归类（见 unclassified_records）
CHEMBL550901,,Small molecule,,Cc1cccc(Sc2ccc(Sc3nnc[nH]3)nc2C(=O)Nc2nccs2)c1,MFKQBDAVNUYGAW-UHFFFAOYSA-N,1,EC50:1,100.0,100.0,100.0,7.0,7.0,7.0,,0,,0,1,1,"[{""assay"": ""CHEMBL1035543"", ""type"": ""EC50"", ""relation"": ""="", ""value_nm"": 100.0, ""pactivity"": 7.0, ""doc"": ""CHEMBL1151869"", ""rule"": ""EC50 为标准化浓度型效力指标""}]",0,,,0,,,0,0,0,,0,,0,,1,1,1,"[""CHEMBL1151869""]",2009,LITERATURE,0,不适用（可定量效力值不足 2 个 assay）,弱,仅 1 篇文献支撑
CHEMBL550904,,Small molecule,,CC(C)Oc1cc(Oc2ccc(S(C)(=O)=O)cc2)cc(C(=O)Nc2nccs2)c1,IBDWQXAELRUGCY-UHFFFAOYSA-N,2,EC50:2,60.0,115.0,170.0,7.22,6.995,6.77,0.45,0,,0,2,1,"[{""assay"": ""CHEMBL1032034"", ""type"": ""EC50"", ""relation"": ""="", ""value_nm"": 170.0, ""pactivity"": 6.77, ""doc"": ""CHEMBL1151922"", ""rule"": ""EC50 为标准化浓度型效力指标""}, {""assay"": ""CHEMBL1032035"", ""type"": ""EC50"", ""relation"": ""="", ""value_nm"": 60.0, ""pactivity"": 7.22, ""doc"": ""CHEMBL1151922"", ""rule"": ""EC50 为标准化浓度型效力指标""}]",0,,,0,,,0,0,0,,0,,0,,2,2,1,"[""CHEMBL1151922""]",2009,LITERATURE,0,一致（pActivity 极差 0.45，3 倍以内）,中,仅 1 篇文献支撑
CHEMBL551043,,Small molecule,,Cc1csc(NC(=O)c2nc(Sc3nncn3C)ccc2Sc2ccc(F)cc2)n1,SJTQKYKXCYVFHX-UHFFFAOYSA-N,1,EC50:1,250.0,250.0,250.0,6.6,6.6,6.6,,0,,0,1,1,"[{""assay"": ""CHEMBL1035543"", ""type"": ""EC50"", ""relation"": ""="", ""value_nm"": 250.0, ""pactivity"": 6.6, ""doc"": ""CHEMBL1151869"", ""rule"": ""EC50 为标准化浓度型效力指标""}]",0,,,0,,,0,0,0,,0,,0,,1,1,1,"[""CHEMBL1151869""]",2009,LITERATURE,0,不适用（可定量效力值不足 2 个 assay）,弱,仅 1 篇文献支撑
CHEMBL551144,,Small molecule,,CC(=O)N1CCCC1c1cc2[nH]c(-c3ccccn3)nc2cc1Oc1cccc(C#N)c1,RWWSRAQMABLNAU-UHFFFAOYSA-N,1,EC50:1,1900.0,1900.0,1900.0,5.72,5.72,5.72,,0,,0,1,1,"[{""assay"": ""CHEMBL1058313"", ""type"": ""EC50"", ""relation"": ""="", ""value_nm"": 1900.0, ""pactivity"": 5.72, ""doc"": ""CHEMBL1153645"", ""rule"": ""EC50 为标准化浓度型效力指标""}]",1,,,0,83.0,Emax@CHEMBL1058314,1,1,1,"[{""assay"": ""CHEMBL1058314"", ""type"": ""Emax"", ""scale"": ""percent"", ""value"": 83, ""units"": ""%"", ""doc"": ""CHEMBL1153645"", ""rule"": ""Emax 为激活幅度指标，按该 assay 内值域（max=138.0）判为 percent 尺度""}]",0,,0,,2,2,1,"[""CHEMBL1153645""]",2009,LITERATURE,0,不适用（可定量效力值不足 2 个 assay）,中,仅 1 篇文献支撑
CHEMBL551183,,Small molecule,,CC(CO)Oc1cc(Oc2ccc(S(C)(=O)=O)cc2)cc(C(=O)Nc2nccs2)c1,WXZJALPRVRLDDJ-UHFFFAOYSA-N,2,EC50:2,70.0,110.0,150.0,7.16,6.99,6.82,0.34,0,,0,2,1,"[{""assay"": ""CHEMBL1032034"", ""type"": ""EC50"", ""relation"": ""="", ""value_nm"": 150.0, ""pactivity"": 6.82, ""doc"": ""CHEMBL1151922"", ""rule"": ""EC50 为标准化浓度型效力指标""}, {""assay"": ""CHEMBL1032035"", ""type"": ""EC50"", ""relation"": ""="", ""value_nm"": 70.0, ""pactivity"": 7.16, ""doc"": ""CHEMBL1151922"", ""rule"": ""EC50 为标准化浓度型效力指标""}]",0,,,0,,,0,0,0,,0,,0,,2,2,1,"[""CHEMBL1151922""]",2009,LITERATURE,0,一致（pActivity 极差 0.34，3 倍以内）,中,仅 1 篇文献支撑
CHEMBL551445,,Small molecule,,Cc1csc(NC(=O)c2cc(Sc3nncn3C)ccc2Sc2ccc(F)cc2)n1,WZYQJHUWLLZEDH-UHFFFAOYSA-N,1,EC50:1,970.0,970.0,970.0,6.01,6.01,6.01,,0,,0,1,1,"[{""assay"": ""CHEMBL1035543"", ""type"": ""EC50"", ""relation"": ""="", ""value_nm"": 970.0, ""pactivity"": 6.01, ""doc"": ""CHEMBL1151869"", ""rule"": ""EC50 为标准化浓度型效力指标""}]",0,,,0,,,0,0,0,,0,,0,,1,1,1,"[""CHEMBL1151869""]",2009,LITERATURE,0,不适用（可定量效力值不足 2 个 assay）,弱,仅 1 篇文献支撑
CHEMBL551558,,Small molecule,,O=C(Nc1nccs1)c1nc(Sc2nnc[nH]2)ccc1Sc1ccccc1F,GYLICSQTNIJEAV-UHFFFAOYSA-N,1,EC50:1,57.0,57.0,57.0,7.24,7.24,7.24,,0,,0,1,1,"[{""assay"": ""CHEMBL1035543"", ""type"": ""EC50"", ""relation"": ""="", ""value_nm"": 57.0, ""pactivity"": 7.24, ""doc"": ""CHEMBL1151869"", ""rule"": ""EC50 为标准化浓度型效力指标""}]",0,,,0,,,0,0,0,,0,,0,,1,1,1,"[""CHEMBL1151869""]",2009,LITERATURE,0,不适用（可定量效力值不足 2 个 assay）,弱,仅 1 篇文献支撑
CHEMBL551648,,Small molecule,,O=C(Nc1nccs1)c1nc(Sc2nnc[nH]2)ccc1Sc1ccccc1,URQJILNFIPQTRX-UHFFFAOYSA-N,1,EC50:1,38.0,38.0,38.0,7.42,7.42,7.42,,0,,0,1,1,"[{""assay"": ""CHEMBL1035543"", ""type"": ""EC50"", ""relation"": ""="", ""value_nm"": 38.0, ""pactivity"": 7.42, ""doc"": ""CHEMBL1151869"", ""rule"": ""EC50 为标准化浓度型效力指标""}]",0,,,0,,,0,0,0,,0,,0,,1,1,1,"[""CHEMBL1151869""]",2009,LITERATURE,0,不适用（可定量效力值不足 2 个 assay）,弱,仅 1 篇文献支撑
CHEMBL551849,,Small molecule,,COc1ccc(Sc2ccc(Sc3nnc[nH]3)nc2C(=O)Nc2nccs2)cc1,KRZPKMOKWVFLBI-UHFFFAOYSA-N,1,EC50:1,120.0,120.0,120.0,6.92,6.92,6.92,,0,,0,1,1,"[{""assay"": ""CHEMBL1035543"", ""type"": ""EC50"", ""relation"": ""="", ""value_nm"": 120.0, ""pactivity"": 6.92, ""doc"": ""CHEMBL1151869"", ""rule"": ""EC50 为标准化浓度型效力指标""}]",0,,,0,,,0,0,0,,0,,0,,1,1,1,"[""CHEMBL1151869""]",2009,LITERATURE,0,不适用（可定量效力值不足 2 个 assay）,弱,仅 1 篇文献支撑
CHEMBL551911,,Small molecule,,CS(=O)(=O)c1ccc(Oc2cc(O[C@H]3CCC[C@H]3O)cc(C(=O)Nc3nccs3)c2)cc1,LLIQCVSOVKHPJR-UXHICEINSA-N,4,EC50:4,110.0,190.0,460.0,6.96,6.75,6.34,0.62,0,,0,2,1,"[{""assay"": ""CHEMBL1032034"", ""type"": ""EC50"", ""relation"": ""="", ""value_nm"": 260.0, ""pactivity"": 6.58, ""doc"": ""CHEMBL1151922"", ""rule"": ""EC50 为标准化浓度型效力指标""}, {""assay"": ""CHEMBL1032034"", ""type"": ""EC50"", ""relation"": ""="", ""value_nm"": 460.0, ""pactivity"": 6.34, ""doc"": ""CHEMBL1151922"", ""rule"": ""EC50 为标准化浓度型效力指标""}, {""assay"": ""CHEMBL1032035"", ""type"": ""EC50"", ""relation"": ""="", ""value_nm"": 110.0, ""pactivity"": 6.96, ""doc"": ""CHEMBL1151922"", ""rule"": ""EC50 为标准化浓度型效力指标""}, {""assay"": ""CHEMBL1032035"", ""type"": ""EC50"", ""relation"": ""="", ""value_nm"": 120.0, ""pactivity"": 6.92, ""doc"": ""CHEMBL1151922"", ""rule"": ""EC50 为标准化浓度型效力指标""}]",0,,,0,,,0,0,0,,0,,0,,4,2,1,"[""CHEMBL1151922""]",2009,LITERATURE,0,较一致（pActivity 极差 0.62，10 倍以内）,中,仅 1 篇文献支撑
CHEMBL551974,,Small molecule,,COCC(COC)Oc1cc(Oc2ccc(S(C)(=O)=O)cc2)cc(C(=O)Nc2nccs2)c1,JIPIXXHHVRRHOK-UHFFFAOYSA-N,2,EC50:2,120.0,365.0,610.0,6.92,6.565,6.21,0.71,0,,0,2,1,"[{""assay"": ""CHEMBL1032034"", ""type"": ""EC50"", ""relation"": ""="", ""value_nm"": 610.0, ""pactivity"": 6.21, ""doc"": ""CHEMBL1151922"", ""rule"": ""EC50 为标准化浓度型效力指标""}, {""assay"": ""CHEMBL1032035"", ""type"": ""EC50"", ""relation"": ""="", ""value_nm"": 120.0, ""pactivity"": 6.92, ""doc"": ""CHEMBL1151922"", ""rule"": ""EC50 为标准化浓度型效力指标""}]",0,,,0,,,0,0,0,,0,,0,,2,2,1,"[""CHEMBL1151922""]",2009,LITERATURE,0,较一致（pActivity 极差 0.71，10 倍以内）,中,仅 1 篇文献支撑
CHEMBL551977,,Small molecule,,CC(CCO)Oc1cc(Oc2ccc(S(C)(=O)=O)cc2)cc(C(=O)Nc2nccs2)c1,CIEKVPSDCFZVBR-UHFFFAOYSA-N,2,EC50:2,60.0,105.0,150.0,7.22,7.02,6.82,0.4,0,,0,2,1,"[{""assay"": ""CHEMBL1032034"", ""type"": ""EC50"", ""relation"": ""="", ""value_nm"": 150.0, ""pactivity"": 6.82, ""doc"": ""CHEMBL1151922"", ""rule"": ""EC50 为标准化浓度型效力指标""}, {""assay"": ""CHEMBL1032035"", ""type"": ""EC50"", ""relation"": ""="", ""value_nm"": 60.0, ""pactivity"": 7.22, ""doc"": ""CHEMBL1151922"", ""rule"": ""EC50 为标准化浓度型效力指标""}]",0,,,0,,,0,0,0,,0,,0,,2,2,1,"[""CHEMBL1151922""]",2009,LITERATURE,0,一致（pActivity 极差 0.4，3 倍以内）,中,仅 1 篇文献支撑
CHEMBL552021,,Small molecule,,CC(=O)N1CCCC1c1cc2[nH]c(-c3ccccn3)nc2cc1Oc1ccc(C#N)cc1,GSQYHLXNIMELFG-UHFFFAOYSA-N,1,EC50:1,1900.0,1900.0,1900.0,5.72,5.72,5.72,,0,,0,1,1,"[{""assay"": ""CHEMBL1058313"", ""type"": ""EC50"", ""relation"": ""="", ""value_nm"": 1900.0, ""pactivity"": 5.72, ""doc"": ""CHEMBL1153645"", ""rule"": ""EC50 为标准化浓度型效力指标""}]",1,,,0,110.0,Emax@CHEMBL1058314,1,1,1,"[{""assay"": ""CHEMBL1058314"", ""type"": ""Emax"", ""scale"": ""percent"", ""value"": 110, ""units"": ""%"", ""doc"": ""CHEMBL1153645"", ""rule"": ""Emax 为激活幅度指标，按该 assay 内值域（max=138.0）判为 percent 尺度""}]",0,,0,,2,2,1,"[""CHEMBL1153645""]",2009,LITERATURE,0,不适用（可定量效力值不足 2 个 assay）,中,仅 1 篇文献支撑
CHEMBL552083,,Small molecule,,COc1ccc(Oc2cc3nc(-c4ccccn4)[nH]c3cc2C2CCCN2C(C)=O)cc1,GRQKQQXHGYBBAJ-UHFFFAOYSA-N,1,EC50:1,1700.0,1700.0,1700.0,5.77,5.77,5.77,,0,,0,1,1,"[{""assay"": ""CHEMBL1058313"", ""type"": ""EC50"", ""relation"": ""="", ""value_nm"": 1700.0, ""pactivity"": 5.77, ""doc"": ""CHEMBL1153645"", ""rule"": ""EC50 为标准化浓度型效力指标""}]",1,,,0,109.0,Emax@CHEMBL1058314,1,1,1,"[{""assay"": ""CHEMBL1058314"", ""type"": ""Emax"", ""scale"": ""percent"", ""value"": 109, ""units"": ""%"", ""doc"": ""CHEMBL1153645"", ""rule"": ""Emax 为激活幅度指标，按该 assay 内值域（max=138.0）判为 percent 尺度""}]",0,,0,,2,2,1,"[""CHEMBL1153645""]",2009,LITERATURE,0,不适用（可定量效力值不足 2 个 assay）,中,仅 1 篇文献支撑
CHEMBL552141,,Small molecule,,CCOC(=O)N1CCCC1c1cc2[nH]c(-c3ccccc3)nc2cc1Oc1ccc(F)cc1,GBUHKHMECCYFOX-UHFFFAOYSA-N,0,,,,,,,,,0,,0,0,0,,0,,,0,,,0,0,0,,0,,1,"[{""assay"": ""CHEMBL1058318"", ""type"": ""Emax"", ""value"": null, ""units"": null, ""reason"": ""Emax 尺度无法判定（units=None, max=None）""}]",1,1,1,"[""CHEMBL1153645""]",2009,LITERATURE,0,不适用（可定量效力值不足 2 个 assay）,弱,仅 1 篇文献支撑；无可定量的效力或效能值；1 条指标未归类（见 unclassified_records）
CHEMBL552142,,Small molecule,,CCOC(=O)N1CCCC1c1cc2c(cc1Oc1ccc(F)cc1)nc(-c1cccnc1)n2C,NGKBREIRXFBRAA-UHFFFAOYSA-N,0,,,,,,,,,0,,0,0,0,,0,,,0,,,0,0,0,,0,,1,"[{""assay"": ""CHEMBL1058318"", ""type"": ""Emax"", ""value"": null, ""units"": null, ""reason"": ""Emax 尺度无法判定（units=None, max=None）""}]",1,1,1,"[""CHEMBL1153645""]",2009,LITERATURE,0,不适用（可定量效力值不足 2 个 assay）,弱,仅 1 篇文献支撑；无可定量的效力或效能值；1 条指标未归类（见 unclassified_records）
CHEMBL552311,,Small molecule,,CC(CO)Cc1cc(Oc2ccc(S(C)(=O)=O)cc2)cc(C(=O)Nc2nccs2)c1,DHUKEKJJKQRFSO-UHFFFAOYSA-N,2,EC50:2,250.0,500.0,750.0,6.6,6.36,6.12,0.48,0,,0,2,1,"[{""assay"": ""CHEMBL1032034"", ""type"": ""EC50"", ""relation"": ""="", ""value_nm"": 750.0, ""pactivity"": 6.12, ""doc"": ""CHEMBL1151922"", ""rule"": ""EC50 为标准化浓度型效力指标""}, {""assay"": ""CHEMBL1032035"", ""type"": ""EC50"", ""relation"": ""="", ""value_nm"": 250.0, ""pactivity"": 6.6, ""doc"": ""CHEMBL1151922"", ""rule"": ""EC50 为标准化浓度型效力指标""}]",0,,,0,,,0,0,0,,0,,0,,2,2,1,"[""CHEMBL1151922""]",2009,LITERATURE,0,一致（pActivity 极差 0.48，3 倍以内）,中,仅 1 篇文献支撑
CHEMBL552350,,Small molecule,,CCS(=O)(=O)c1ccc(Oc2cc3nc(-c4ccccn4)[nH]c3cc2[C@H]2CCCN2C(C)=O)cc1,YKLHMCDLIZAOMC-XMMPIXPASA-N,2,EC50:2,360.0,1330.0,2300.0,6.44,6.04,5.64,0.8,0,,0,1,1,"[{""assay"": ""CHEMBL1058313"", ""type"": ""EC50"", ""relation"": ""="", ""value_nm"": 360.0, ""pactivity"": 6.44, ""doc"": ""CHEMBL1153645"", ""rule"": ""EC50 为标准化浓度型效力指标""}, {""assay"": ""CHEMBL1058313"", ""type"": ""EC50"", ""relation"": ""="", ""value_nm"": 2300.0, ""pactivity"": 5.64, ""doc"": ""CHEMBL1153645"", ""rule"": ""EC50 为标准化浓度型效力指标""}]",2,,,0,113.0,Emax@CHEMBL1058314,2,1,1,"[{""assay"": ""CHEMBL1058314"", ""type"": ""Emax"", ""scale"": ""percent"", ""value"": 67, ""units"": ""%"", ""doc"": ""CHEMBL1153645"", ""rule"": ""Emax 为激活幅度指标，按该 assay 内值域（max=138.0）判为 percent 尺度""}, {""assay"": ""CHEMBL1058314"", ""type"": ""Emax"", ""scale"": ""percent"", ""value"": 113, ""units"": ""%"", ""doc"": ""CHEMBL1153645"", ""rule"": ""Emax 为激活幅度指标，按该 assay 内值域（max=138.0）判为 percent 尺度""}]",0,,0,,4,2,1,"[""CHEMBL1153645""]",2009,LITERATURE,0,不适用（可定量效力值不足 2 个 assay）,中,仅 1 篇文献支撑
CHEMBL552455,,Small molecule,,CS(=O)(=O)c1ccc(Oc2cc(OC3CCOC3)cc(C(=O)Nc3nccs3)c2)cc1,UQHVRVYGEAIGAH-UHFFFAOYSA-N,2,EC50:2,110.0,270.0,430.0,6.96,6.665,6.37,0.59,0,,0,2,1,"[{""assay"": ""CHEMBL1032034"", ""type"": ""EC50"", ""relation"": ""="", ""value_nm"": 430.0, ""pactivity"": 6.37, ""doc"": ""CHEMBL1151922"", ""rule"": ""EC50 为标准化浓度型效力指标""}, {""assay"": ""CHEMBL1032035"", ""type"": ""EC50"", ""relation"": ""="", ""value_nm"": 110.0, ""pactivity"": 6.96, ""doc"": ""CHEMBL1151922"", ""rule"": ""EC50 为标准化浓度型效力指标""}]",0,,,0,,,0,0,0,,0,,0,,2,2,1,"[""CHEMBL1151922""]",2009,LITERATURE,0,较一致（pActivity 极差 0.59，10 倍以内）,中,仅 1 篇文献支撑
CHEMBL555131,,Small molecule,,CS(=O)(=O)c1ccc(Oc2cc(O[C@@H]3CCC[C@@H]3O)cc(C(=O)Nc3nccs3)c2)cc1,LLIQCVSOVKHPJR-VQTJNVASSA-N,2,EC50:2,1200.0,2300.0,3400.0,5.92,5.695,5.47,0.45,0,,0,2,1,"[{""assay"": ""CHEMBL1032034"", ""type"": ""EC50"", ""relation"": ""="", ""value_nm"": 3400.0, ""pactivity"": 5.47, ""doc"": ""CHEMBL1151922"", ""rule"": ""EC50 为标准化浓度型效力指标""}, {""assay"": ""CHEMBL1032035"", ""type"": ""EC50"", ""relation"": ""="", ""value_nm"": 1200.0, ""pactivity"": 5.92, ""doc"": ""CHEMBL1151922"", ""rule"": ""EC50 为标准化浓度型效力指标""}]",0,,,0,,,0,0,0,,0,,0,,2,2,1,"[""CHEMBL1151922""]",2009,LITERATURE,0,一致（pActivity 极差 0.45，3 倍以内）,中,仅 1 篇文献支撑
CHEMBL556240,,Small molecule,,CC(=O)N1CCCC1c1cc2[nH]c(-c3ccccn3)nc2cc1Oc1ccc(S(=O)(=O)C(C)C)cc1,GHBDLNUMMWOHOL-UHFFFAOYSA-N,1,EC50:1,1500.0,1500.0,1500.0,5.82,5.82,5.82,,0,,0,1,1,"[{""assay"": ""CHEMBL1058313"", ""type"": ""EC50"", ""relation"": ""="", ""value_nm"": 1500.0, ""pactivity"": 5.82, ""doc"": ""CHEMBL1153645"", ""rule"": ""EC50 为标准化浓度型效力指标""}]",1,,,0,100.0,Emax@CHEMBL1058314,1,1,1,"[{""assay"": ""CHEMBL1058314"", ""type"": ""Emax"", ""scale"": ""percent"", ""value"": 100, ""units"": ""%"", ""doc"": ""CHEMBL1153645"", ""rule"": ""Emax 为激活幅度指标，按该 assay 内值域（max=138.0）判为 percent 尺度""}]",0,,0,,2,2,1,"[""CHEMBL1153645""]",2009,LITERATURE,0,不适用（可定量效力值不足 2 个 assay）,中,仅 1 篇文献支撑
CHEMBL556309,,Small molecule,,CCOC(=O)c1ccc(Oc2cc3nc(-c4ccccn4)[nH]c3cc2C2CCCN2C(C)=O)cc1,YHPPDLAYXNIARC-UHFFFAOYSA-N,1,EC50:1,2700.0,2700.0,2700.0,5.57,5.57,5.57,,0,,0,1,1,"[{""assay"": ""CHEMBL1058313"", ""type"": ""EC50"", ""relation"": ""="", ""value_nm"": 2700.0, ""pactivity"": 5.57, ""doc"": ""CHEMBL1153645"", ""rule"": ""EC50 为标准化浓度型效力指标""}]",1,,,0,100.0,Emax@CHEMBL1058314,1,1,1,"[{""assay"": ""CHEMBL1058314"", ""type"": ""Emax"", ""scale"": ""percent"", ""value"": 100, ""units"": ""%"", ""doc"": ""CHEMBL1153645"", ""rule"": ""Emax 为激活幅度指标，按该 assay 内值域（max=138.0）判为 percent 尺度""}]",0,,0,,2,2,1,"[""CHEMBL1153645""]",2009,LITERATURE,0,不适用（可定量效力值不足 2 个 assay）,中,仅 1 篇文献支撑
CHEMBL557463,,Small molecule,,CCN1CCCC1c1cc2[nH]c(-c3ccccn3)nc2cc1Oc1ccc(F)cc1,WUDYKLLAMWHYMC-UHFFFAOYSA-N,0,,,,,,,,,0,,0,0,0,,0,,,0,,,0,0,0,,0,,1,"[{""assay"": ""CHEMBL1058318"", ""type"": ""Emax"", ""value"": null, ""units"": null, ""reason"": ""Emax 尺度无法判定（units=None, max=None）""}]",1,1,1,"[""CHEMBL1153645""]",2009,LITERATURE,0,不适用（可定量效力值不足 2 个 assay）,弱,仅 1 篇文献支撑；无可定量的效力或效能值；1 条指标未归类（见 unclassified_records）
CHEMBL557533,,Small molecule,,CCOC(=O)N1CCCC1c1cc2[nH]c(-c3cccnc3)nc2cc1Oc1ccc(F)cc1,XAAFFLZWYJXBHA-UHFFFAOYSA-N,0,,,,,,,,,0,,0,0,0,,0,,,0,,,0,0,0,,0,,1,"[{""assay"": ""CHEMBL1058318"", ""type"": ""Emax"", ""value"": null, ""units"": null, ""reason"": ""Emax 尺度无法判定（units=None, max=None）""}]",1,1,1,"[""CHEMBL1153645""]",2009,LITERATURE,0,不适用（可定量效力值不足 2 个 assay）,弱,仅 1 篇文献支撑；无可定量的效力或效能值；1 条指标未归类（见 unclassified_records）
CHEMBL557944,,Small molecule,,Fc1ccc(Oc2cc3nc(-c4ccccn4)[nH]c3cc2C2CCCN2)cc1,ZQQZKKTVLQYQNH-UHFFFAOYSA-N,0,,,,,,,,,0,,0,0,0,,0,,,0,,,0,0,0,,0,,1,"[{""assay"": ""CHEMBL1058318"", ""type"": ""Emax"", ""value"": null, ""units"": null, ""reason"": ""Emax 尺度无法判定（units=None, max=None）""}]",1,1,1,"[""CHEMBL1153645""]",2009,LITERATURE,0,不适用（可定量效力值不足 2 个 assay）,弱,仅 1 篇文献支撑；无可定量的效力或效能值；1 条指标未归类（见 unclassified_records）
CHEMBL558071,,Small molecule,,CCC(=O)N1CCCC1c1cc2[nH]c(-c3ccccn3)nc2cc1Oc1ccc(F)cc1,ULSWPSNKIIZNJX-UHFFFAOYSA-N,1,EC50:1,6100.0,6100.0,6100.0,5.21,5.21,5.21,,0,,0,1,1,"[{""assay"": ""CHEMBL1058313"", ""type"": ""EC50"", ""relation"": ""="", ""value_nm"": 6100.0, ""pactivity"": 5.21, ""doc"": ""CHEMBL1153645"", ""rule"": ""EC50 为标准化浓度型效力指标""}]",1,,,0,76.0,Emax@CHEMBL1058314,1,1,1,"[{""assay"": ""CHEMBL1058314"", ""type"": ""Emax"", ""scale"": ""percent"", ""value"": 76, ""units"": ""%"", ""doc"": ""CHEMBL1153645"", ""rule"": ""Emax 为激活幅度指标，按该 assay 内值域（max=138.0）判为 percent 尺度""}]",0,,0,,2,2,1,"[""CHEMBL1153645""]",2009,LITERATURE,0,不适用（可定量效力值不足 2 个 assay）,中,仅 1 篇文献支撑
CHEMBL558207,,Small molecule,,CC(=O)N1CCCC1c1cc2[nH]c(-c3ccccn3)nc2cc1Oc1ccc(F)cc1,OIZKPYIQKNUEHR-UHFFFAOYSA-N,1,EC50:1,1100.0,1100.0,1100.0,5.96,5.96,5.96,,0,,0,1,1,"[{""assay"": ""CHEMBL1058313"", ""type"": ""EC50"", ""relation"": ""="", ""value_nm"": 1100.0, ""pactivity"": 5.96, ""doc"": ""CHEMBL1153645"", ""rule"": ""EC50 为标准化浓度型效力指标""}]",1,,,0,93.0,Emax@CHEMBL1058314,1,1,1,"[{""assay"": ""CHEMBL1058314"", ""type"": ""Emax"", ""scale"": ""percent"", ""value"": 93, ""units"": ""%"", ""doc"": ""CHEMBL1153645"", ""rule"": ""Emax 为激活幅度指标，按该 assay 内值域（max=138.0）判为 percent 尺度""}]",0,,0,,2,2,1,"[""CHEMBL1153645""]",2009,LITERATURE,0,不适用（可定量效力值不足 2 个 assay）,中,仅 1 篇文献支撑
CHEMBL558266,,Small molecule,,COc1ccccc1Oc1cc2nc(-c3ccccn3)[nH]c2cc1C1CCCN1C(C)=O,REUAKQCKYDAQFA-UHFFFAOYSA-N,1,EC50:1,9600.0,9600.0,9600.0,5.02,5.02,5.02,,0,,0,1,1,"[{""assay"": ""CHEMBL1058313"", ""type"": ""EC50"", ""relation"": ""="", ""value_nm"": 9600.0, ""pactivity"": 5.02, ""doc"": ""CHEMBL1153645"", ""rule"": ""EC50 为标准化浓度型效力指标""}]",1,,,0,103.0,Emax@CHEMBL1058314,1,1,1,"[{""assay"": ""CHEMBL1058314"", ""type"": ""Emax"", ""scale"": ""percent"", ""value"": 103, ""units"": ""%"", ""doc"": ""CHEMBL1153645"", ""rule"": ""Emax 为激活幅度指标，按该 assay 内值域（max=138.0）判为 percent 尺度""}]",0,,0,,2,2,1,"[""CHEMBL1153645""]",2009,LITERATURE,0,不适用（可定量效力值不足 2 个 assay）,中,仅 1 篇文献支撑
CHEMBL558885,,Small molecule,,O=C(Nc1nccs1)c1nc(Sc2nnc[nH]2)ccc1Sc1cccc(F)c1,ZGBJNPCZVCWAHZ-UHFFFAOYSA-N,1,EC50:1,40.0,40.0,40.0,7.4,7.4,7.4,,0,,0,1,1,"[{""assay"": ""CHEMBL1035543"", ""type"": ""EC50"", ""relation"": ""="", ""value_nm"": 40.0, ""pactivity"": 7.4, ""doc"": ""CHEMBL1151869"", ""rule"": ""EC50 为标准化浓度型效力指标""}]",0,,,0,,,0,0,0,,0,,0,,1,1,1,"[""CHEMBL1151869""]",2009,LITERATURE,0,不适用（可定量效力值不足 2 个 assay）,弱,仅 1 篇文献支撑
CHEMBL558930,,Small molecule,,CC(=O)N1CCCC1c1cc2[nH]c(-c3ccccn3)nc2cc1Oc1cccc(-c2ccccc2)c1,QNEFYATVSODJTL-UHFFFAOYSA-N,1,EC50:1,7400.0,7400.0,7400.0,5.13,5.13,5.13,,0,,0,1,1,"[{""assay"": ""CHEMBL1058313"", ""type"": ""EC50"", ""relation"": ""="", ""value_nm"": 7400.0, ""pactivity"": 5.13, ""doc"": ""CHEMBL1153645"", ""rule"": ""EC50 为标准化浓度型效力指标""}]",1,,,0,88.0,Emax@CHEMBL1058314,1,1,1,"[{""assay"": ""CHEMBL1058314"", ""type"": ""Emax"", ""scale"": ""percent"", ""value"": 88, ""units"": ""%"", ""doc"": ""CHEMBL1153645"", ""rule"": ""Emax 为激活幅度指标，按该 assay 内值域（max=138.0）判为 percent 尺度""}]",0,,0,,2,2,1,"[""CHEMBL1153645""]",2009,LITERATURE,0,不适用（可定量效力值不足 2 个 assay）,中,仅 1 篇文献支撑
CHEMBL559057,,Small molecule,,CCS(=O)(=O)c1ccc(Oc2cc3nc(-c4ccccn4)[nH]c3cc2C2CCCN2C(C)=O)cc1,YKLHMCDLIZAOMC-UHFFFAOYSA-N,1,EC50:1,630.0,630.0,630.0,6.2,6.2,6.2,,0,,0,1,1,"[{""assay"": ""CHEMBL1058313"", ""type"": ""EC50"", ""relation"": ""="", ""value_nm"": 630.0, ""pactivity"": 6.2, ""doc"": ""CHEMBL1153645"", ""rule"": ""EC50 为标准化浓度型效力指标""}]",1,,,0,98.0,Emax@CHEMBL1058314,1,1,1,"[{""assay"": ""CHEMBL1058314"", ""type"": ""Emax"", ""scale"": ""percent"", ""value"": 98, ""units"": ""%"", ""doc"": ""CHEMBL1153645"", ""rule"": ""Emax 为激活幅度指标，按该 assay 内值域（max=138.0）判为 percent 尺度""}]",0,,0,,2,2,1,"[""CHEMBL1153645""]",2009,LITERATURE,0,不适用（可定量效力值不足 2 个 assay）,中,仅 1 篇文献支撑
CHEMBL559657,,Small molecule,,CNC(=O)C(C)Oc1cc(Oc2ccc(S(C)(=O)=O)cc2)cc(C(=O)Nc2nccs2)c1,IHKUIHITJQZGIU-UHFFFAOYSA-N,2,EC50:2,,,,,,,,2,30000.0,0,2,1,"[{""assay"": ""CHEMBL1032034"", ""type"": ""EC50"", ""relation"": "">"", ""value_nm"": 30000.0, ""pactivity"": null, ""doc"": ""CHEMBL1151922"", ""rule"": ""EC50 为标准化浓度型效力指标""}, {""assay"": ""CHEMBL1032035"", ""type"": ""EC50"", ""relation"": "">"", ""value_nm"": 30000.0, ""pactivity"": null, ""doc"": ""CHEMBL1151922"", ""rule"": ""EC50 为标准化浓度型效力指标""}]",0,,,0,,,0,0,0,,0,,0,,2,2,1,"[""CHEMBL1151922""]",2009,LITERATURE,0,不适用（可定量效力值不足 2 个 assay）,中,仅 1 篇文献支撑；2 条效力为删失值（>，最高浓度未达 EC50），未计入汇总；无可定量的效力或效能值
CHEMBL559851,,Small molecule,,O=C(Nc1nccs1)c1nc(Sc2nnc[nH]2)ccc1Sc1ccc(C(F)(F)F)cc1,WYLCYSOJGCGVAN-UHFFFAOYSA-N,1,EC50:1,160.0,160.0,160.0,6.8,6.8,6.8,,0,,0,1,1,"[{""assay"": ""CHEMBL1035543"", ""type"": ""EC50"", ""relation"": ""="", ""value_nm"": 160.0, ""pactivity"": 6.8, ""doc"": ""CHEMBL1151869"", ""rule"": ""EC50 为标准化浓度型效力指标""}]",0,,,0,,,0,0,0,,0,,0,,1,1,1,"[""CHEMBL1151869""]",2009,LITERATURE,0,不适用（可定量效力值不足 2 个 assay）,弱,仅 1 篇文献支撑
CHEMBL559915,,Small molecule,,CS(=O)(=O)c1ccc(Oc2cc(OC3CCNC3)cc(C(=O)Nc3nccs3)c2)cc1,PBLRINCEJJKCFP-UHFFFAOYSA-N,2,EC50:2,4200.0,11100.0,18000.0,5.38,5.065,4.75,0.63,0,,0,2,1,"[{""assay"": ""CHEMBL1032034"", ""type"": ""EC50"", ""relation"": ""="", ""value_nm"": 18000.0, ""pactivity"": 4.75, ""doc"": ""CHEMBL1151922"", ""rule"": ""EC50 为标准化浓度型效力指标""}, {""assay"": ""CHEMBL1032035"", ""type"": ""EC50"", ""relation"": ""="", ""value_nm"": 4200.0, ""pactivity"": 5.38, ""doc"": ""CHEMBL1151922"", ""rule"": ""EC50 为标准化浓度型效力指标""}]",0,,,0,,,0,0,0,,0,,0,,2,2,1,"[""CHEMBL1151922""]",2009,LITERATURE,0,较一致（pActivity 极差 0.63，10 倍以内）,中,仅 1 篇文献支撑
CHEMBL559975,,Small molecule,,CS(=O)(=O)c1ccc(Oc2cc(OC3CCCC3)cc(C(=O)Nc3nccs3)c2)cc1,IPUJCEBFTDHXQV-UHFFFAOYSA-N,2,EC50:2,240.0,365.0,490.0,6.62,6.465,6.31,0.31,0,,0,2,1,"[{""assay"": ""CHEMBL1032034"", ""type"": ""EC50"", ""relation"": ""="", ""value_nm"": 490.0, ""pactivity"": 6.31, ""doc"": ""CHEMBL1151922"", ""rule"": ""EC50 为标准化浓度型效力指标""}, {""assay"": ""CHEMBL1032035"", ""type"": ""EC50"", ""relation"": ""="", ""value_nm"": 240.0, ""pactivity"": 6.62, ""doc"": ""CHEMBL1151922"", ""rule"": ""EC50 为标准化浓度型效力指标""}]",0,,,0,,,0,0,0,,0,,0,,2,2,1,"[""CHEMBL1151922""]",2009,LITERATURE,0,一致（pActivity 极差 0.31，3 倍以内）,中,仅 1 篇文献支撑
CHEMBL560146,,Small molecule,,CC(=O)N1CCCC1c1cc2[nH]c(-c3ccccn3)nc2cc1Oc1ccc(S(C)(=O)=O)cc1,LSEWGJQXTKGXRV-UHFFFAOYSA-N,1,EC50:1,1100.0,1100.0,1100.0,5.96,5.96,5.96,,0,,0,1,1,"[{""assay"": ""CHEMBL1058313"", ""type"": ""EC50"", ""relation"": ""="", ""value_nm"": 1100.0, ""pactivity"": 5.96, ""doc"": ""CHEMBL1153645"", ""rule"": ""EC50 为标准化浓度型效力指标""}]",1,,,0,113.0,Emax@CHEMBL1058314,1,1,1,"[{""assay"": ""CHEMBL1058314"", ""type"": ""Emax"", ""scale"": ""percent"", ""value"": 113, ""units"": ""%"", ""doc"": ""CHEMBL1153645"", ""rule"": ""Emax 为激活幅度指标，按该 assay 内值域（max=138.0）判为 percent 尺度""}]",0,,0,,2,2,1,"[""CHEMBL1153645""]",2009,LITERATURE,0,不适用（可定量效力值不足 2 个 assay）,中,仅 1 篇文献支撑
CHEMBL560204,,Small molecule,,CCNC(=O)N1CCCC1c1cc2[nH]c(-c3ccccn3)nc2cc1Oc1ccc(F)cc1,GIMOWYWHWAUYLT-UHFFFAOYSA-N,1,EC50:1,,,,,,,,1,30000.0,0,1,1,"[{""assay"": ""CHEMBL1058313"", ""type"": ""EC50"", ""relation"": "">"", ""value_nm"": 30000.0, ""pactivity"": null, ""doc"": ""CHEMBL1153645"", ""rule"": ""EC50 为标准化浓度型效力指标""}]",1,,,0,64.0,Emax@CHEMBL1058314,1,1,1,"[{""assay"": ""CHEMBL1058314"", ""type"": ""Emax"", ""scale"": ""percent"", ""value"": 64, ""units"": ""%"", ""doc"": ""CHEMBL1153645"", ""rule"": ""Emax 为激活幅度指标，按该 assay 内值域（max=138.0）判为 percent 尺度""}]",0,,0,,2,2,1,"[""CHEMBL1153645""]",2009,LITERATURE,0,不适用（可定量效力值不足 2 个 assay）,中,仅 1 篇文献支撑；1 条效力为删失值（>，最高浓度未达 EC50），未计入汇总
CHEMBL560773,,Small molecule,,CS(=O)(=O)c1ccc(Oc2cc(OC(CO)C(F)(F)F)cc(C(=O)Nc3nccs3)c2)cc1,KCESFTVZCQIMPP-UHFFFAOYSA-N,2,EC50:2,240.0,515.0,790.0,6.62,6.36,6.1,0.52,0,,0,2,1,"[{""assay"": ""CHEMBL1032034"", ""type"": ""EC50"", ""relation"": ""="", ""value_nm"": 790.0, ""pactivity"": 6.1, ""doc"": ""CHEMBL1151922"", ""rule"": ""EC50 为标准化浓度型效力指标""}, {""assay"": ""CHEMBL1032035"", ""type"": ""EC50"", ""relation"": ""="", ""value_nm"": 240.0, ""pactivity"": 6.62, ""doc"": ""CHEMBL1151922"", ""rule"": ""EC50 为标准化浓度型效力指标""}]",0,,,0,,,0,0,0,,0,,0,,2,2,1,"[""CHEMBL1151922""]",2009,LITERATURE,0,较一致（pActivity 极差 0.52，10 倍以内）,中,仅 1 篇文献支撑
CHEMBL560970,,Small molecule,,CC(CN(C)C)Oc1cc(Oc2ccc(S(C)(=O)=O)cc2)cc(C(=O)Nc2nccs2)c1,ZKNHNSUTNUCHID-UHFFFAOYSA-N,2,EC50:2,2600.0,7300.0,12000.0,5.58,5.25,4.92,0.66,0,,0,2,1,"[{""assay"": ""CHEMBL1032034"", ""type"": ""EC50"", ""relation"": ""="", ""value_nm"": 12000.0, ""pactivity"": 4.92, ""doc"": ""CHEMBL1151922"", ""rule"": ""EC50 为标准化浓度型效力指标""}, {""assay"": ""CHEMBL1032035"", ""type"": ""EC50"", ""relation"": ""="", ""value_nm"": 2600.0, ""pactivity"": 5.58, ""doc"": ""CHEMBL1151922"", ""rule"": ""EC50 为标准化浓度型效力指标""}]",0,,,0,,,0,0,0,,0,,0,,2,2,1,"[""CHEMBL1151922""]",2009,LITERATURE,0,较一致（pActivity 极差 0.66，10 倍以内）,中,仅 1 篇文献支撑
CHEMBL561049,,Small molecule,,CC(CN)Oc1cc(Oc2ccc(S(C)(=O)=O)cc2)cc(C(=O)Nc2nccs2)c1,QIUSLJYMNMJMRD-UHFFFAOYSA-N,2,EC50:2,210.0,855.0,1500.0,6.68,6.25,5.82,0.86,0,,0,2,1,"[{""assay"": ""CHEMBL1032034"", ""type"": ""EC50"", ""relation"": ""="", ""value_nm"": 1500.0, ""pactivity"": 5.82, ""doc"": ""CHEMBL1151922"", ""rule"": ""EC50 为标准化浓度型效力指标""}, {""assay"": ""CHEMBL1032035"", ""type"": ""EC50"", ""relation"": ""="", ""value_nm"": 210.0, ""pactivity"": 6.68, ""doc"": ""CHEMBL1151922"", ""rule"": ""EC50 为标准化浓度型效力指标""}]",0,,,0,,,0,0,0,,0,,0,,2,2,1,"[""CHEMBL1151922""]",2009,LITERATURE,0,较一致（pActivity 极差 0.86，10 倍以内）,中,仅 1 篇文献支撑
CHEMBL561172,,Small molecule,,CC(Oc1cc(Oc2ccc(S(C)(=O)=O)cc2)cc(C(=O)Nc2nccs2)c1)C(=O)N(C)C,XNARITSKRZPCLI-UHFFFAOYSA-N,2,EC50:2,,,,,,,,2,30000.0,0,2,1,"[{""assay"": ""CHEMBL1032034"", ""type"": ""EC50"", ""relation"": "">"", ""value_nm"": 30000.0, ""pactivity"": null, ""doc"": ""CHEMBL1151922"", ""rule"": ""EC50 为标准化浓度型效力指标""}, {""assay"": ""CHEMBL1032035"", ""type"": ""EC50"", ""relation"": "">"", ""value_nm"": 30000.0, ""pactivity"": null, ""doc"": ""CHEMBL1151922"", ""rule"": ""EC50 为标准化浓度型效力指标""}]",0,,,0,,,0,0,0,,0,,0,,2,2,1,"[""CHEMBL1151922""]",2009,LITERATURE,0,不适用（可定量效力值不足 2 个 assay）,中,仅 1 篇文献支撑；2 条效力为删失值（>，最高浓度未达 EC50），未计入汇总；无可定量的效力或效能值
CHEMBL561283,,Small molecule,,CC(=O)N1CCCC1c1cc2[nH]c(-c3ccccn3)nc2cc1Oc1cccc(F)c1,JNWABOCNQRJLAV-UHFFFAOYSA-N,1,EC50:1,930.0,930.0,930.0,6.03,6.03,6.03,,0,,0,1,1,"[{""assay"": ""CHEMBL1058313"", ""type"": ""EC50"", ""relation"": ""="", ""value_nm"": 930.0, ""pactivity"": 6.03, ""doc"": ""CHEMBL1153645"", ""rule"": ""EC50 为标准化浓度型效力指标""}]",1,,,0,138.0,Emax@CHEMBL1058314,1,1,1,"[{""assay"": ""CHEMBL1058314"", ""type"": ""Emax"", ""scale"": ""percent"", ""value"": 138, ""units"": ""%"", ""doc"": ""CHEMBL1153645"", ""rule"": ""Emax 为激活幅度指标，按该 assay 内值域（max=138.0）判为 percent 尺度""}]",0,,0,,2,2,1,"[""CHEMBL1153645""]",2009,LITERATURE,0,不适用（可定量效力值不足 2 个 assay）,中,仅 1 篇文献支撑
CHEMBL561404,,Small molecule,,CC(=O)N1CCCC1c1cc2[nH]c(-c3ccccn3)nc2cc1Oc1ccc(C(N)=O)cc1,UWOBFBNASCZBDV-UHFFFAOYSA-N,1,EC50:1,1600.0,1600.0,1600.0,5.8,5.8,5.8,,0,,0,1,1,"[{""assay"": ""CHEMBL1058313"", ""type"": ""EC50"", ""relation"": ""="", ""value_nm"": 1600.0, ""pactivity"": 5.8, ""doc"": ""CHEMBL1153645"", ""rule"": ""EC50 为标准化浓度型效力指标""}]",1,,,0,100.0,Emax@CHEMBL1058314,1,1,1,"[{""assay"": ""CHEMBL1058314"", ""type"": ""Emax"", ""scale"": ""percent"", ""value"": 100, ""units"": ""%"", ""doc"": ""CHEMBL1153645"", ""rule"": ""Emax 为激活幅度指标，按该 assay 内值域（max=138.0）判为 percent 尺度""}]",0,,0,,2,2,1,"[""CHEMBL1153645""]",2009,LITERATURE,0,不适用（可定量效力值不足 2 个 assay）,中,仅 1 篇文献支撑
CHEMBL561608,,Small molecule,,CC(=O)N1CCCC1c1cc2[nH]c(-c3ccccn3)nc2cc1Oc1ccc([N+](=O)[O-])cc1,FIMGJPVIWIHQHN-UHFFFAOYSA-N,1,EC50:1,1900.0,1900.0,1900.0,5.72,5.72,5.72,,0,,0,1,1,"[{""assay"": ""CHEMBL1058313"", ""type"": ""EC50"", ""relation"": ""="", ""value_nm"": 1900.0, ""pactivity"": 5.72, ""doc"": ""CHEMBL1153645"", ""rule"": ""EC50 为标准化浓度型效力指标""}]",1,,,0,100.0,Emax@CHEMBL1058314,1,1,1,"[{""assay"": ""CHEMBL1058314"", ""type"": ""Emax"", ""scale"": ""percent"", ""value"": 100, ""units"": ""%"", ""doc"": ""CHEMBL1153645"", ""rule"": ""Emax 为激活幅度指标，按该 assay 内值域（max=138.0）判为 percent 尺度""}]",0,,0,,2,2,1,"[""CHEMBL1153645""]",2009,LITERATURE,0,不适用（可定量效力值不足 2 个 assay）,中,仅 1 篇文献支撑
CHEMBL561652,,Small molecule,,C[C@@H](CO)Oc1cc(Oc2ccc(S(C)(=O)=O)cc2)cc(C(=O)Nc2nccs2)c1,WXZJALPRVRLDDJ-ZDUSSCGKSA-N,2,EC50:2,50.0,65.0,80.0,7.3,7.2,7.1,0.2,0,,0,2,1,"[{""assay"": ""CHEMBL1032034"", ""type"": ""EC50"", ""relation"": ""="", ""value_nm"": 80.0, ""pactivity"": 7.1, ""doc"": ""CHEMBL1151922"", ""rule"": ""EC50 为标准化浓度型效力指标""}, {""assay"": ""CHEMBL1032035"", ""type"": ""EC50"", ""relation"": ""="", ""value_nm"": 50.0, ""pactivity"": 7.3, ""doc"": ""CHEMBL1151922"", ""rule"": ""EC50 为标准化浓度型效力指标""}]",0,,,0,,,0,0,0,,0,,0,,2,2,1,"[""CHEMBL1151922""]",2009,LITERATURE,0,一致（pActivity 极差 0.2，3 倍以内）,中,仅 1 篇文献支撑
CHEMBL562311,,Small molecule,,COCC(C)Oc1cc(Oc2ccc(S(C)(=O)=O)cc2)cc(C(=O)Nc2nccs2)c1,DCUCWQYSNMLTSW-UHFFFAOYSA-N,2,EC50:2,70.0,130.0,190.0,7.16,6.94,6.72,0.44,0,,0,2,1,"[{""assay"": ""CHEMBL1032034"", ""type"": ""EC50"", ""relation"": ""="", ""value_nm"": 190.0, ""pactivity"": 6.72, ""doc"": ""CHEMBL1151922"", ""rule"": ""EC50 为标准化浓度型效力指标""}, {""assay"": ""CHEMBL1032035"", ""type"": ""EC50"", ""relation"": ""="", ""value_nm"": 70.0, ""pactivity"": 7.16, ""doc"": ""CHEMBL1151922"", ""rule"": ""EC50 为标准化浓度型效力指标""}]",0,,,0,,,0,0,0,,0,,0,,2,2,1,"[""CHEMBL1151922""]",2009,LITERATURE,0,一致（pActivity 极差 0.44，3 倍以内）,中,仅 1 篇文献支撑
CHEMBL562577,,Small molecule,,CS(=O)(=O)c1ccc(Oc2cc(O[C@@H]3CCC[C@H]3O)cc(C(=O)Nc3nccs3)c2)cc1,LLIQCVSOVKHPJR-WOJBJXKFSA-N,2,EC50:2,1600.0,2650.0,3700.0,5.8,5.615,5.43,0.37,0,,0,2,1,"[{""assay"": ""CHEMBL1032034"", ""type"": ""EC50"", ""relation"": ""="", ""value_nm"": 3700.0, ""pactivity"": 5.43, ""doc"": ""CHEMBL1151922"", ""rule"": ""EC50 为标准化浓度型效力指标""}, {""assay"": ""CHEMBL1032035"", ""type"": ""EC50"", ""relation"": ""="", ""value_nm"": 1600.0, ""pactivity"": 5.8, ""doc"": ""CHEMBL1151922"", ""rule"": ""EC50 为标准化浓度型效力指标""}]",0,,,0,,,0,0,0,,0,,0,,2,2,1,"[""CHEMBL1151922""]",2009,LITERATURE,0,一致（pActivity 极差 0.37，3 倍以内）,中,仅 1 篇文献支撑
CHEMBL562878,,Small molecule,,CCC(COC)Oc1cc(Oc2ccc(S(C)(=O)=O)cc2)cc(C(=O)Nc2nccs2)c1,VRBXCGKRKUYYIA-UHFFFAOYSA-N,2,EC50:2,60.0,125.0,190.0,7.22,6.97,6.72,0.5,0,,0,2,1,"[{""assay"": ""CHEMBL1032034"", ""type"": ""EC50"", ""relation"": ""="", ""value_nm"": 190.0, ""pactivity"": 6.72, ""doc"": ""CHEMBL1151922"", ""rule"": ""EC50 为标准化浓度型效力指标""}, {""assay"": ""CHEMBL1032035"", ""type"": ""EC50"", ""relation"": ""="", ""value_nm"": 60.0, ""pactivity"": 7.22, ""doc"": ""CHEMBL1151922"", ""rule"": ""EC50 为标准化浓度型效力指标""}]",0,,,0,,,0,0,0,,0,,0,,2,2,1,"[""CHEMBL1151922""]",2009,LITERATURE,0,一致（pActivity 极差 0.5，3 倍以内）,中,仅 1 篇文献支撑
CHEMBL563133,,Small molecule,,CC(=O)N1CCCC1c1cc2[nH]c(-c3ccccn3)nc2cc1Oc1ccc(-c2ccccc2)cc1,CVXDBXOPGFCWRM-UHFFFAOYSA-N,1,EC50:1,1500.0,1500.0,1500.0,5.82,5.82,5.82,,0,,0,1,1,"[{""assay"": ""CHEMBL1058313"", ""type"": ""EC50"", ""relation"": ""="", ""value_nm"": 1500.0, ""pactivity"": 5.82, ""doc"": ""CHEMBL1153645"", ""rule"": ""EC50 为标准化浓度型效力指标""}]",1,,,0,89.0,Emax@CHEMBL1058314,1,1,1,"[{""assay"": ""CHEMBL1058314"", ""type"": ""Emax"", ""scale"": ""percent"", ""value"": 89, ""units"": ""%"", ""doc"": ""CHEMBL1153645"", ""rule"": ""Emax 为激活幅度指标，按该 assay 内值域（max=138.0）判为 percent 尺度""}]",0,,0,,2,2,1,"[""CHEMBL1153645""]",2009,LITERATURE,0,不适用（可定量效力值不足 2 个 assay）,中,仅 1 篇文献支撑
CHEMBL563231,,Small molecule,,CS(=O)(=O)c1ccc(Oc2cc(OCCO)cc(C(=O)Nc3nccs3)c2)cc1,BBEMQDVKHJMPAU-UHFFFAOYSA-N,2,EC50:2,200.0,490.0,780.0,6.7,6.405,6.11,0.59,0,,0,2,1,"[{""assay"": ""CHEMBL1032034"", ""type"": ""EC50"", ""relation"": ""="", ""value_nm"": 780.0, ""pactivity"": 6.11, ""doc"": ""CHEMBL1151922"", ""rule"": ""EC50 为标准化浓度型效力指标""}, {""assay"": ""CHEMBL1032035"", ""type"": ""EC50"", ""relation"": ""="", ""value_nm"": 200.0, ""pactivity"": 6.7, ""doc"": ""CHEMBL1151922"", ""rule"": ""EC50 为标准化浓度型效力指标""}]",0,,,0,,,0,0,0,,0,,0,,2,2,1,"[""CHEMBL1151922""]",2009,LITERATURE,0,较一致（pActivity 极差 0.59，10 倍以内）,中,仅 1 篇文献支撑
CHEMBL563381,,Small molecule,,C[C@H](CO)Oc1cc(Oc2ccc(S(C)(=O)=O)cc2)cc(C(=O)Nc2nccs2)c1,WXZJALPRVRLDDJ-CYBMUJFWSA-N,2,EC50:2,910.0,1555.0,2200.0,6.04,5.85,5.66,0.38,0,,0,2,1,"[{""assay"": ""CHEMBL1032034"", ""type"": ""EC50"", ""relation"": ""="", ""value_nm"": 2200.0, ""pactivity"": 5.66, ""doc"": ""CHEMBL1151922"", ""rule"": ""EC50 为标准化浓度型效力指标""}, {""assay"": ""CHEMBL1032035"", ""type"": ""EC50"", ""relation"": ""="", ""value_nm"": 910.0, ""pactivity"": 6.04, ""doc"": ""CHEMBL1151922"", ""rule"": ""EC50 为标准化浓度型效力指标""}]",0,,,0,,,0,0,0,,0,,0,,2,2,1,"[""CHEMBL1151922""]",2009,LITERATURE,0,一致（pActivity 极差 0.38，3 倍以内）,中,仅 1 篇文献支撑
CHEMBL563600,,Small molecule,,O=C(c1ccccc1)N1CCCC1c1cc2[nH]c(-c3ccccn3)nc2cc1Oc1ccc(F)cc1,FZXYPRQEWNRMAC-UHFFFAOYSA-N,1,EC50:1,,,,,,,,1,30000.0,0,1,1,"[{""assay"": ""CHEMBL1058313"", ""type"": ""EC50"", ""relation"": "">"", ""value_nm"": 30000.0, ""pactivity"": null, ""doc"": ""CHEMBL1153645"", ""rule"": ""EC50 为标准化浓度型效力指标""}]",1,,,0,44.0,Emax@CHEMBL1058314,1,1,1,"[{""assay"": ""CHEMBL1058314"", ""type"": ""Emax"", ""scale"": ""percent"", ""value"": 44, ""units"": ""%"", ""doc"": ""CHEMBL1153645"", ""rule"": ""Emax 为激活幅度指标，按该 assay 内值域（max=138.0）判为 percent 尺度""}]",0,,0,,2,2,1,"[""CHEMBL1153645""]",2009,LITERATURE,0,不适用（可定量效力值不足 2 个 assay）,中,仅 1 篇文献支撑；1 条效力为删失值（>，最高浓度未达 EC50），未计入汇总
CHEMBL563668,,Small molecule,,CC(=O)N1CCCC1c1cc2[nH]c(-c3ccccn3)nc2cc1Oc1ccccc1C#N,VXZHISUGBYQHNU-UHFFFAOYSA-N,1,EC50:1,,,,,,,,1,30000.0,0,1,1,"[{""assay"": ""CHEMBL1058313"", ""type"": ""EC50"", ""relation"": "">"", ""value_nm"": 30000.0, ""pactivity"": null, ""doc"": ""CHEMBL1153645"", ""rule"": ""EC50 为标准化浓度型效力指标""}]",1,,,0,28.0,Emax@CHEMBL1058314,1,1,1,"[{""assay"": ""CHEMBL1058314"", ""type"": ""Emax"", ""scale"": ""percent"", ""value"": 28, ""units"": ""%"", ""doc"": ""CHEMBL1153645"", ""rule"": ""Emax 为激活幅度指标，按该 assay 内值域（max=138.0）判为 percent 尺度""}]",0,,0,,2,2,1,"[""CHEMBL1153645""]",2009,LITERATURE,0,不适用（可定量效力值不足 2 个 assay）,中,仅 1 篇文献支撑；1 条效力为删失值（>，最高浓度未达 EC50），未计入汇总
CHEMBL563986,,Small molecule,,O=C(Nc1nccs1)c1nc(Sc2nnc[nH]2)ccc1Sc1ccc(F)cc1,ZUVMGEFQHYGEIF-UHFFFAOYSA-N,1,EC50:1,76.0,76.0,76.0,7.12,7.12,7.12,,0,,0,1,1,"[{""assay"": ""CHEMBL1035543"", ""type"": ""EC50"", ""relation"": ""="", ""value_nm"": 76.0, ""pactivity"": 7.12, ""doc"": ""CHEMBL1151869"", ""rule"": ""EC50 为标准化浓度型效力指标""}]",0,,,0,,,0,0,0,,0,,0,,1,1,1,"[""CHEMBL1151869""]",2009,LITERATURE,0,不适用（可定量效力值不足 2 个 assay）,弱,仅 1 篇文献支撑
CHEMBL564110,,Small molecule,,Cn1cnnc1Sc1ccc(Sc2ccc(F)cc2)c(C(=O)Nc2nccs2)n1,YIYCQXYPCZMPSG-UHFFFAOYSA-N,1,EC50:1,120.0,120.0,120.0,6.92,6.92,6.92,,0,,0,1,1,"[{""assay"": ""CHEMBL1035543"", ""type"": ""EC50"", ""relation"": ""="", ""value_nm"": 120.0, ""pactivity"": 6.92, ""doc"": ""CHEMBL1151869"", ""rule"": ""EC50 为标准化浓度型效力指标""}]",0,,,0,,,0,0,0,,0,,0,,1,1,1,"[""CHEMBL1151869""]",2009,LITERATURE,0,不适用（可定量效力值不足 2 个 assay）,弱,仅 1 篇文献支撑
CHEMBL564241,,Small molecule,,COc1cccc(Oc2cc3nc(-c4ccccn4)[nH]c3cc2C2CCCN2C(C)=O)c1,MUZCVTNDUYLZRF-UHFFFAOYSA-N,1,EC50:1,2400.0,2400.0,2400.0,5.62,5.62,5.62,,0,,0,1,1,"[{""assay"": ""CHEMBL1058313"", ""type"": ""EC50"", ""relation"": ""="", ""value_nm"": 2400.0, ""pactivity"": 5.62, ""doc"": ""CHEMBL1153645"", ""rule"": ""EC50 为标准化浓度型效力指标""}]",1,,,0,111.0,Emax@CHEMBL1058314,1,1,1,"[{""assay"": ""CHEMBL1058314"", ""type"": ""Emax"", ""scale"": ""percent"", ""value"": 111, ""units"": ""%"", ""doc"": ""CHEMBL1153645"", ""rule"": ""Emax 为激活幅度指标，按该 assay 内值域（max=138.0）判为 percent 尺度""}]",0,,0,,2,2,1,"[""CHEMBL1153645""]",2009,LITERATURE,0,不适用（可定量效力值不足 2 个 assay）,中,仅 1 篇文献支撑
CHEMBL564270,,Small molecule,,CS(=O)(=O)c1ccc(Oc2cc(O[C@H]3CCOC3)cc(C(=O)Nc3nccs3)c2)cc1,UQHVRVYGEAIGAH-INIZCTEOSA-N,2,EC50:2,50.0,120.0,190.0,7.3,7.01,6.72,0.58,0,,0,2,1,"[{""assay"": ""CHEMBL1032034"", ""type"": ""EC50"", ""relation"": ""="", ""value_nm"": 190.0, ""pactivity"": 6.72, ""doc"": ""CHEMBL1151922"", ""rule"": ""EC50 为标准化浓度型效力指标""}, {""assay"": ""CHEMBL1032035"", ""type"": ""EC50"", ""relation"": ""="", ""value_nm"": 50.0, ""pactivity"": 7.3, ""doc"": ""CHEMBL1151922"", ""rule"": ""EC50 为标准化浓度型效力指标""}]",0,,,0,,,0,0,0,,0,,0,,2,2,1,"[""CHEMBL1151922""]",2009,LITERATURE,0,较一致（pActivity 极差 0.58，10 倍以内）,中,仅 1 篇文献支撑
CHEMBL564282,,Small molecule,,CS(=O)(=O)c1ccc(Oc2cc(O[C@H]3CCC[C@@H]3O)cc(C(=O)Nc3nccs3)c2)cc1,LLIQCVSOVKHPJR-PMACEKPBSA-N,4,EC50:4,90.0,165.0,280.0,7.05,6.785,6.55,0.5,0,,0,2,1,"[{""assay"": ""CHEMBL1032034"", ""type"": ""EC50"", ""relation"": ""="", ""value_nm"": 160.0, ""pactivity"": 6.8, ""doc"": ""CHEMBL1151922"", ""rule"": ""EC50 为标准化浓度型效力指标""}, {""assay"": ""CHEMBL1032034"", ""type"": ""EC50"", ""relation"": ""="", ""value_nm"": 280.0, ""pactivity"": 6.55, ""doc"": ""CHEMBL1151922"", ""rule"": ""EC50 为标准化浓度型效力指标""}, {""assay"": ""CHEMBL1032035"", ""type"": ""EC50"", ""relation"": ""="", ""value_nm"": 90.0, ""pactivity"": 7.05, ""doc"": ""CHEMBL1151922"", ""rule"": ""EC50 为标准化浓度型效力指标""}, {""assay"": ""CHEMBL1032035"", ""type"": ""EC50"", ""relation"": ""="", ""value_nm"": 170.0, ""pactivity"": 6.77, ""doc"": ""CHEMBL1151922"", ""rule"": ""EC50 为标准化浓度型效力指标""}]",0,,,0,,,0,0,0,,0,,0,,4,2,1,"[""CHEMBL1151922""]",2009,LITERATURE,0,一致（pActivity 极差 0.5，3 倍以内）,中,仅 1 篇文献支撑
CHEMBL564383,,Small molecule,,CC(=O)N1CCCC1c1cc2[nH]c(-c3ccccn3)nc2cc1Oc1ccccc1,NZQBWZFZGXAFDY-UHFFFAOYSA-N,1,EC50:1,1100.0,1100.0,1100.0,5.96,5.96,5.96,,0,,0,1,1,"[{""assay"": ""CHEMBL1058313"", ""type"": ""EC50"", ""relation"": ""="", ""value_nm"": 1100.0, ""pactivity"": 5.96, ""doc"": ""CHEMBL1153645"", ""rule"": ""EC50 为标准化浓度型效力指标""}]",1,,,0,110.0,Emax@CHEMBL1058314,1,1,1,"[{""assay"": ""CHEMBL1058314"", ""type"": ""Emax"", ""scale"": ""percent"", ""value"": 110, ""units"": ""%"", ""doc"": ""CHEMBL1153645"", ""rule"": ""Emax 为激活幅度指标，按该 assay 内值域（max=138.0）判为 percent 尺度""}]",0,,0,,2,2,1,"[""CHEMBL1153645""]",2009,LITERATURE,0,不适用（可定量效力值不足 2 个 assay）,中,仅 1 篇文献支撑
CHEMBL564609,,Small molecule,,COc1cccc(Sc2ccc(Sc3nnc[nH]3)nc2C(=O)Nc2nccs2)c1,JYZRFQGUIUNSKZ-UHFFFAOYSA-N,1,EC50:1,160.0,160.0,160.0,6.8,6.8,6.8,,0,,0,1,1,"[{""assay"": ""CHEMBL1035543"", ""type"": ""EC50"", ""relation"": ""="", ""value_nm"": 160.0, ""pactivity"": 6.8, ""doc"": ""CHEMBL1151869"", ""rule"": ""EC50 为标准化浓度型效力指标""}]",0,,,0,,,0,0,0,,0,,0,,1,1,1,"[""CHEMBL1151869""]",2009,LITERATURE,0,不适用（可定量效力值不足 2 个 assay）,弱,仅 1 篇文献支撑
CHEMBL564960,,Small molecule,,CS(=O)(=O)N1CCCC1c1cc2[nH]c(-c3ccccn3)nc2cc1Oc1ccc(F)cc1,NJFKMVKAUCLNDA-UHFFFAOYSA-N,1,EC50:1,19100.0,19100.0,19100.0,4.72,4.72,4.72,,0,,0,1,1,"[{""assay"": ""CHEMBL1058313"", ""type"": ""EC50"", ""relation"": ""="", ""value_nm"": 19100.0, ""pactivity"": 4.72, ""doc"": ""CHEMBL1153645"", ""rule"": ""EC50 为标准化浓度型效力指标""}]",1,,,0,132.0,Emax@CHEMBL1058314,1,1,1,"[{""assay"": ""CHEMBL1058314"", ""type"": ""Emax"", ""scale"": ""percent"", ""value"": 132, ""units"": ""%"", ""doc"": ""CHEMBL1153645"", ""rule"": ""Emax 为激活幅度指标，按该 assay 内值域（max=138.0）判为 percent 尺度""}]",0,,0,,2,2,1,"[""CHEMBL1153645""]",2009,LITERATURE,0,不适用（可定量效力值不足 2 个 assay）,中,仅 1 篇文献支撑
CHEMBL572590,,Small molecule,,CCN(CC)S(=O)(=O)c1ccc(C(CC2CCCC2)C(=O)Nc2nc3ccc(OC)nc3s2)cc1,SLAIZTDQGUFKDC-UHFFFAOYSA-N,1,Activity:1,42.0,42.0,42.0,7.38,7.38,7.38,,0,,0,1,1,"[{""assay"": ""CHEMBL1053631"", ""type"": ""Activity"", ""relation"": ""="", ""value_nm"": 42.0, ""pactivity"": 7.38, ""doc"": ""CHEMBL1155225"", ""rule"": ""自由文本指标 Activity 受限提升为效力，描述命中：「half-maximal activat」""}]",0,,,0,,,0,0,0,,0,,0,,1,1,1,"[""CHEMBL1155225""]",2009,LITERATURE,0,不适用（可定量效力值不足 2 个 assay）,弱,仅 1 篇文献支撑
CHEMBL572840,,Small molecule,,Cc1cccc(C#N)c1Oc1ccc2ncnc(Nc3ccn(C)n3)c2c1,LXXVOFSEARSYCJ-UHFFFAOYSA-N,2,EC50:2,10.0,40.0,70.0,8.0,7.58,7.16,0.84,0,,0,2,1,"[{""assay"": ""CHEMBL1056161"", ""type"": ""EC50"", ""relation"": ""="", ""value_nm"": 70.0, ""pactivity"": 7.16, ""doc"": ""CHEMBL1155212"", ""rule"": ""EC50 为标准化浓度型效力指标""}, {""assay"": ""CHEMBL1056163"", ""type"": ""EC50"", ""relation"": ""="", ""value_nm"": 10.0, ""pactivity"": 8.0, ""doc"": ""CHEMBL1155212"", ""rule"": ""EC50 为标准化浓度型效力指标""}]",2,0.91,Emax@CHEMBL1056162,2,,,0,2,1,"[{""assay"": ""CHEMBL1056162"", ""type"": ""Emax"", ""scale"": ""fold"", ""value"": 0.91, ""units"": null, ""doc"": ""CHEMBL1155212"", ""rule"": ""Emax 为激活幅度指标，按该 assay 内值域（max=1.1）判为 fold 尺度""}, {""assay"": ""CHEMBL1056164"", ""type"": ""Emax"", ""scale"": ""fold"", ""value"": 0.85, ""units"": null, ""doc"": ""CHEMBL1155212"", ""rule"": ""Emax 为激活幅度指标，按该 assay 内值域（max=1.1）判为 fold 尺度""}]",0,,0,,4,4,1,"[""CHEMBL1155212""]",2009,LITERATURE,0,较一致（pActivity 极差 0.84，10 倍以内）,中,仅 1 篇文献支撑
CHEMBL572841,,Small molecule,,Cn1ccc(Nc2ncnc3ccc(Oc4ccccn4)cc23)n1,PBJSTJDOBCOIKM-UHFFFAOYSA-N,2,EC50:2,200.0,1100.0,2000.0,6.7,6.2,5.7,1.0,0,,0,2,1,"[{""assay"": ""CHEMBL1056161"", ""type"": ""EC50"", ""relation"": ""="", ""value_nm"": 2000.0, ""pactivity"": 5.7, ""doc"": ""CHEMBL1155212"", ""rule"": ""EC50 为标准化浓度型效力指标""}, {""assay"": ""CHEMBL1056163"", ""type"": ""EC50"", ""relation"": ""="", ""value_nm"": 200.0, ""pactivity"": 6.7, ""doc"": ""CHEMBL1155212"", ""rule"": ""EC50 为标准化浓度型效力指标""}]",2,0.74,Emax@CHEMBL1056162,2,,,0,2,1,"[{""assay"": ""CHEMBL1056162"", ""type"": ""Emax"", ""scale"": ""fold"", ""value"": 0.74, ""units"": null, ""doc"": ""CHEMBL1155212"", ""rule"": ""Emax 为激活幅度指标，按该 assay 内值域（max=1.1）判为 fold 尺度""}, {""assay"": ""CHEMBL1056164"", ""type"": ""Emax"", ""scale"": ""fold"", ""value"": 0.57, ""units"": null, ""doc"": ""CHEMBL1155212"", ""rule"": ""Emax 为激活幅度指标，按该 assay 内值域（max=1.1）判为 fold 尺度""}]",0,,0,,4,4,1,"[""CHEMBL1155212""]",2009,LITERATURE,0,较一致（pActivity 极差 1.0，10 倍以内）,中,仅 1 篇文献支撑
CHEMBL572842,,Small molecule,,Cn1ccc(Nc2ncnc3ccc(Oc4ncccc4F)cc23)n1,LGYVCLYNNRFEIE-UHFFFAOYSA-N,2,EC50:2,40.0,190.0,340.0,7.4,6.935,6.47,0.93,0,,0,2,1,"[{""assay"": ""CHEMBL1056161"", ""type"": ""EC50"", ""relation"": ""="", ""value_nm"": 340.0, ""pactivity"": 6.47, ""doc"": ""CHEMBL1155212"", ""rule"": ""EC50 为标准化浓度型效力指标""}, {""assay"": ""CHEMBL1056163"", ""type"": ""EC50"", ""relation"": ""="", ""value_nm"": 40.0, ""pactivity"": 7.4, ""doc"": ""CHEMBL1155212"", ""rule"": ""EC50 为标准化浓度型效力指标""}]",2,0.84,Emax@CHEMBL1056162,2,,,0,2,1,"[{""assay"": ""CHEMBL1056162"", ""type"": ""Emax"", ""scale"": ""fold"", ""value"": 0.84, ""units"": null, ""doc"": ""CHEMBL1155212"", ""rule"": ""Emax 为激活幅度指标，按该 assay 内值域（max=1.1）判为 fold 尺度""}, {""assay"": ""CHEMBL1056164"", ""type"": ""Emax"", ""scale"": ""fold"", ""value"": 0.63, ""units"": null, ""doc"": ""CHEMBL1155212"", ""rule"": ""Emax 为激活幅度指标，按该 assay 内值域（max=1.1）判为 fold 尺度""}]",0,,0,,4,4,1,"[""CHEMBL1155212""]",2009,LITERATURE,0,较一致（pActivity 极差 0.93，10 倍以内）,中,仅 1 篇文献支撑
CHEMBL573064,,Small molecule,,Cn1ccc(Nc2ncnc3ccc(Oc4ncccc4Cl)cc23)n1,DPOPBIKSYAJLLK-UHFFFAOYSA-N,2,EC50:2,40.0,125.0,210.0,7.4,7.04,6.68,0.72,0,,0,2,1,"[{""assay"": ""CHEMBL1056161"", ""type"": ""EC50"", ""relation"": ""="", ""value_nm"": 210.0, ""pactivity"": 6.68, ""doc"": ""CHEMBL1155212"", ""rule"": ""EC50 为标准化浓度型效力指标""}, {""assay"": ""CHEMBL1056163"", ""type"": ""EC50"", ""relation"": ""="", ""value_nm"": 40.0, ""pactivity"": 7.4, ""doc"": ""CHEMBL1155212"", ""rule"": ""EC50 为标准化浓度型效力指标""}]",2,0.86,Emax@CHEMBL1056162,2,,,0,2,1,"[{""assay"": ""CHEMBL1056162"", ""type"": ""Emax"", ""scale"": ""fold"", ""value"": 0.86, ""units"": null, ""doc"": ""CHEMBL1155212"", ""rule"": ""Emax 为激活幅度指标，按该 assay 内值域（max=1.1）判为 fold 尺度""}, {""assay"": ""CHEMBL1056164"", ""type"": ""Emax"", ""scale"": ""fold"", ""value"": 0.8, ""units"": null, ""doc"": ""CHEMBL1155212"", ""rule"": ""Emax 为激活幅度指标，按该 assay 内值域（max=1.1）判为 fold 尺度""}]",0,,0,,4,4,1,"[""CHEMBL1155212""]",2009,LITERATURE,0,较一致（pActivity 极差 0.72，10 倍以内）,中,仅 1 篇文献支撑
CHEMBL573065,,Small molecule,,CS(=O)(=O)c1cccc(F)c1Oc1ccc2ncnc(Nc3cccnn3)c2c1,PMEZVUVZIHHTLI-UHFFFAOYSA-N,2,EC50:2,240.0,4470.0,8700.0,6.62,5.84,5.06,1.56,0,,0,2,1,"[{""assay"": ""CHEMBL1056161"", ""type"": ""EC50"", ""relation"": ""="", ""value_nm"": 8700.0, ""pactivity"": 5.06, ""doc"": ""CHEMBL1155212"", ""rule"": ""EC50 为标准化浓度型效力指标""}, {""assay"": ""CHEMBL1056163"", ""type"": ""EC50"", ""relation"": ""="", ""value_nm"": 240.0, ""pactivity"": 6.62, ""doc"": ""CHEMBL1155212"", ""rule"": ""EC50 为标准化浓度型效力指标""}]",2,0.56,Emax@CHEMBL1056162,2,,,0,2,1,"[{""assay"": ""CHEMBL1056162"", ""type"": ""Emax"", ""scale"": ""fold"", ""value"": 0.56, ""units"": null, ""doc"": ""CHEMBL1155212"", ""rule"": ""Emax 为激活幅度指标，按该 assay 内值域（max=1.1）判为 fold 尺度""}, {""assay"": ""CHEMBL1056164"", ""type"": ""Emax"", ""scale"": ""fold"", ""value"": 0.25, ""units"": null, ""doc"": ""CHEMBL1155212"", ""rule"": ""Emax 为激活幅度指标，按该 assay 内值域（max=1.1）判为 fold 尺度""}]",0,,0,,4,4,1,"[""CHEMBL1155212""]",2009,LITERATURE,0,分歧（pActivity 极差 1.56，超过 10 倍）,中,仅 1 篇文献支撑
CHEMBL573071,,Small molecule,,COc1ccc2nc(NC(=O)C(CC3CCCC3)c3ccc(S(=O)(=O)NCc4cccs4)cc3)sc2n1,GVPVGDNTJTUVOY-UHFFFAOYSA-N,1,Activity:1,1453.0,1453.0,1453.0,5.84,5.84,5.84,,0,,0,1,1,"[{""assay"": ""CHEMBL1053631"", ""type"": ""Activity"", ""relation"": ""="", ""value_nm"": 1453.0, ""pactivity"": 5.84, ""doc"": ""CHEMBL1155225"", ""rule"": ""自由文本指标 Activity 受限提升为效力，描述命中：「half-maximal activat」""}]",0,,,0,,,0,0,0,,0,,0,,1,1,1,"[""CHEMBL1155225""]",2009,LITERATURE,0,不适用（可定量效力值不足 2 个 assay）,弱,仅 1 篇文献支撑
CHEMBL573072,,Small molecule,,COc1ccc2nc(NC(=O)C(CC3CCCC3)c3ccc(S(=O)(=O)N(C)CCO)cc3)sc2n1,ZUWZPKWHGCQWQZ-UHFFFAOYSA-N,1,Activity:1,147.0,147.0,147.0,6.83,6.83,6.83,,0,,0,1,1,"[{""assay"": ""CHEMBL1053631"", ""type"": ""Activity"", ""relation"": ""="", ""value_nm"": 147.0, ""pactivity"": 6.83, ""doc"": ""CHEMBL1155225"", ""rule"": ""自由文本指标 Activity 受限提升为效力，描述命中：「half-maximal activat」""}]",0,,,0,,,0,0,0,,0,,0,,1,1,1,"[""CHEMBL1155225""]",2009,LITERATURE,0,不适用（可定量效力值不足 2 个 assay）,弱,仅 1 篇文献支撑
CHEMBL573292,,Small molecule,,CCCN(CCC)S(=O)(=O)c1ccc(C(CC2CCCC2)C(=O)Nc2nc3ccc(OC)nc3s2)cc1,XRSJNMNIDPHJEL-UHFFFAOYSA-N,1,Activity:1,35.0,35.0,35.0,7.46,7.46,7.46,,0,,0,1,1,"[{""assay"": ""CHEMBL1053631"", ""type"": ""Activity"", ""relation"": ""="", ""value_nm"": 35.0, ""pactivity"": 7.46, ""doc"": ""CHEMBL1155225"", ""rule"": ""自由文本指标 Activity 受限提升为效力，描述命中：「half-maximal activat」""}]",0,,,0,,,0,0,0,,0,,0,,1,1,1,"[""CHEMBL1155225""]",2009,LITERATURE,0,不适用（可定量效力值不足 2 个 assay）,弱,仅 1 篇文献支撑
CHEMBL573294,,Small molecule,,COc1ccc2nc(NC(=O)C(CC3CCCC3)c3ccc(S(N)(=O)=O)cc3)sc2n1,MBGKLTPGMKMMBY-UHFFFAOYSA-N,1,Activity:1,897.0,897.0,897.0,6.05,6.05,6.05,,0,,0,1,1,"[{""assay"": ""CHEMBL1053631"", ""type"": ""Activity"", ""relation"": ""="", ""value_nm"": 897.0, ""pactivity"": 6.05, ""doc"": ""CHEMBL1155225"", ""rule"": ""自由文本指标 Activity 受限提升为效力，描述命中：「half-maximal activat」""}]",0,,,0,,,0,0,0,,0,,0,,1,1,1,"[""CHEMBL1155225""]",2009,LITERATURE,0,不适用（可定量效力值不足 2 个 assay）,弱,仅 1 篇文献支撑
CHEMBL573520,,Small molecule,,COc1ccc2nc(NC(=O)C(CC3CCCC3)c3ccc(S(=O)(=O)Nc4ccccc4)cc3)sc2n1,JBPRBDOCDYFVCJ-UHFFFAOYSA-N,1,Activity:1,583.0,583.0,583.0,6.23,6.23,6.23,,0,,0,1,1,"[{""assay"": ""CHEMBL1053631"", ""type"": ""Activity"", ""relation"": ""="", ""value_nm"": 583.0, ""pactivity"": 6.23, ""doc"": ""CHEMBL1155225"", ""rule"": ""自由文本指标 Activity 受限提升为效力，描述命中：「half-maximal activat」""}]",0,,,0,,,0,0,0,,0,,0,,1,1,1,"[""CHEMBL1155225""]",2009,LITERATURE,0,不适用（可定量效力值不足 2 个 assay）,弱,仅 1 篇文献支撑
CHEMBL573749,,Small molecule,,Cc1csc(Nc2ncnc3ccc(Oc4ccccc4S(C)(=O)=O)cc23)n1,NTFJFTGZRKWDEO-UHFFFAOYSA-N,2,EC50:2,80.0,155.0,230.0,7.1,6.87,6.64,0.46,0,,0,2,1,"[{""assay"": ""CHEMBL1056161"", ""type"": ""EC50"", ""relation"": ""="", ""value_nm"": 230.0, ""pactivity"": 6.64, ""doc"": ""CHEMBL1155212"", ""rule"": ""EC50 为标准化浓度型效力指标""}, {""assay"": ""CHEMBL1056163"", ""type"": ""EC50"", ""relation"": ""="", ""value_nm"": 80.0, ""pactivity"": 7.1, ""doc"": ""CHEMBL1155212"", ""rule"": ""EC50 为标准化浓度型效力指标""}]",2,0.8,Emax@CHEMBL1056162,2,,,0,2,1,"[{""assay"": ""CHEMBL1056162"", ""type"": ""Emax"", ""scale"": ""fold"", ""value"": 0.8, ""units"": null, ""doc"": ""CHEMBL1155212"", ""rule"": ""Emax 为激活幅度指标，按该 assay 内值域（max=1.1）判为 fold 尺度""}, {""assay"": ""CHEMBL1056164"", ""type"": ""Emax"", ""scale"": ""fold"", ""value"": 0.73, ""units"": null, ""doc"": ""CHEMBL1155212"", ""rule"": ""Emax 为激活幅度指标，按该 assay 内值域（max=1.1）判为 fold 尺度""}]",0,,0,,4,4,1,"[""CHEMBL1155212""]",2009,LITERATURE,0,一致（pActivity 极差 0.46，3 倍以内）,中,仅 1 篇文献支撑
CHEMBL573750,,Small molecule,,Cc1csc(Nc2ncnc3ccc(Oc4ccccc4F)cc23)n1,ATZHFQAWHIAMEM-UHFFFAOYSA-N,2,EC50:2,50.0,100.0,150.0,7.3,7.06,6.82,0.48,0,,0,2,1,"[{""assay"": ""CHEMBL1056161"", ""type"": ""EC50"", ""relation"": ""="", ""value_nm"": 150.0, ""pactivity"": 6.82, ""doc"": ""CHEMBL1155212"", ""rule"": ""EC50 为标准化浓度型效力指标""}, {""assay"": ""CHEMBL1056163"", ""type"": ""EC50"", ""relation"": ""="", ""value_nm"": 50.0, ""pactivity"": 7.3, ""doc"": ""CHEMBL1155212"", ""rule"": ""EC50 为标准化浓度型效力指标""}]",2,0.61,Emax@CHEMBL1056162,2,,,0,2,1,"[{""assay"": ""CHEMBL1056162"", ""type"": ""Emax"", ""scale"": ""fold"", ""value"": 0.61, ""units"": null, ""doc"": ""CHEMBL1155212"", ""rule"": ""Emax 为激活幅度指标，按该 assay 内值域（max=1.1）判为 fold 尺度""}, {""assay"": ""CHEMBL1056164"", ""type"": ""Emax"", ""scale"": ""fold"", ""value"": 0.56, ""units"": null, ""doc"": ""CHEMBL1155212"", ""rule"": ""Emax 为激活幅度指标，按该 assay 内值域（max=1.1）判为 fold 尺度""}]",0,,0,,4,4,1,"[""CHEMBL1155212""]",2009,LITERATURE,0,一致（pActivity 极差 0.48，3 倍以内）,中,仅 1 篇文献支撑
CHEMBL573751,,Small molecule,,Cc1csc(Nc2ncnc3ccc(Oc4ccc(F)cc4)cc23)n1,GXRVZYKFJKLQIF-UHFFFAOYSA-N,2,EC50:2,100.0,565.0,1030.0,7.0,6.495,5.99,1.01,0,,0,2,1,"[{""assay"": ""CHEMBL1056161"", ""type"": ""EC50"", ""relation"": ""="", ""value_nm"": 1030.0, ""pactivity"": 5.99, ""doc"": ""CHEMBL1155212"", ""rule"": ""EC50 为标准化浓度型效力指标""}, {""assay"": ""CHEMBL1056163"", ""type"": ""EC50"", ""relation"": ""="", ""value_nm"": 100.0, ""pactivity"": 7.0, ""doc"": ""CHEMBL1155212"", ""rule"": ""EC50 为标准化浓度型效力指标""}]",2,0.48,Emax@CHEMBL1056162,2,,,0,2,1,"[{""assay"": ""CHEMBL1056162"", ""type"": ""Emax"", ""scale"": ""fold"", ""value"": 0.48, ""units"": null, ""doc"": ""CHEMBL1155212"", ""rule"": ""Emax 为激活幅度指标，按该 assay 内值域（max=1.1）判为 fold 尺度""}, {""assay"": ""CHEMBL1056164"", ""type"": ""Emax"", ""scale"": ""fold"", ""value"": 0.46, ""units"": null, ""doc"": ""CHEMBL1155212"", ""rule"": ""Emax 为激活幅度指标，按该 assay 内值域（max=1.1）判为 fold 尺度""}]",0,,0,,4,4,1,"[""CHEMBL1155212""]",2009,LITERATURE,0,分歧（pActivity 极差 1.01，超过 10 倍）,中,仅 1 篇文献支撑
CHEMBL573963,,Small molecule,,Cc1cccc(S(C)(=O)=O)c1Oc1ccc2ncnc(Nc3ccn(C)n3)c2c1,VEWHRCPJODSYHU-UHFFFAOYSA-N,2,EC50:2,110.0,280.0,450.0,6.96,6.655,6.35,0.61,0,,0,2,1,"[{""assay"": ""CHEMBL1056161"", ""type"": ""EC50"", ""relation"": ""="", ""value_nm"": 450.0, ""pactivity"": 6.35, ""doc"": ""CHEMBL1155212"", ""rule"": ""EC50 为标准化浓度型效力指标""}, {""assay"": ""CHEMBL1056163"", ""type"": ""EC50"", ""relation"": ""="", ""value_nm"": 110.0, ""pactivity"": 6.96, ""doc"": ""CHEMBL1155212"", ""rule"": ""EC50 为标准化浓度型效力指标""}]",2,1.1,Emax@CHEMBL1056162,2,,,0,2,1,"[{""assay"": ""CHEMBL1056162"", ""type"": ""Emax"", ""scale"": ""fold"", ""value"": 1.1, ""units"": null, ""doc"": ""CHEMBL1155212"", ""rule"": ""Emax 为激活幅度指标，按该 assay 内值域（max=1.1）判为 fold 尺度""}, {""assay"": ""CHEMBL1056164"", ""type"": ""Emax"", ""scale"": ""fold"", ""value"": 1.1, ""units"": null, ""doc"": ""CHEMBL1155212"", ""rule"": ""Emax 为激活幅度指标，按该 assay 内值域（max=1.1）判为 fold 尺度""}]",0,,0,,4,4,1,"[""CHEMBL1155212""]",2009,LITERATURE,0,较一致（pActivity 极差 0.61，10 倍以内）,中,仅 1 篇文献支撑
CHEMBL573964,,Small molecule,,Cc1ccc(Oc2ccc3ncnc(Nc4ccn(C)n4)c3c2)c(S(C)(=O)=O)c1,UXSQYXDWUHUHEM-UHFFFAOYSA-N,2,EC50:2,570.0,2835.0,5100.0,6.24,5.765,5.29,0.95,0,,0,2,1,"[{""assay"": ""CHEMBL1056161"", ""type"": ""EC50"", ""relation"": ""="", ""value_nm"": 5100.0, ""pactivity"": 5.29, ""doc"": ""CHEMBL1155212"", ""rule"": ""EC50 为标准化浓度型效力指标""}, {""assay"": ""CHEMBL1056163"", ""type"": ""EC50"", ""relation"": ""="", ""value_nm"": 570.0, ""pactivity"": 6.24, ""doc"": ""CHEMBL1155212"", ""rule"": ""EC50 为标准化浓度型效力指标""}]",2,0.78,Emax@CHEMBL1056162,2,,,0,2,1,"[{""assay"": ""CHEMBL1056162"", ""type"": ""Emax"", ""scale"": ""fold"", ""value"": 0.78, ""units"": null, ""doc"": ""CHEMBL1155212"", ""rule"": ""Emax 为激活幅度指标，按该 assay 内值域（max=1.1）判为 fold 尺度""}, {""assay"": ""CHEMBL1056164"", ""type"": ""Emax"", ""scale"": ""fold"", ""value"": 0.68, ""units"": null, ""doc"": ""CHEMBL1155212"", ""rule"": ""Emax 为激活幅度指标，按该 assay 内值域（max=1.1）判为 fold 尺度""}]",0,,0,,4,4,1,"[""CHEMBL1155212""]",2009,LITERATURE,0,较一致（pActivity 极差 0.95，10 倍以内）,中,仅 1 篇文献支撑
CHEMBL573983,,Small molecule,,COc1ccc2nc(NC(=O)C(CC3CCCC3)c3ccc(S(=O)(=O)N4CCN(C)CC4)cc3)sc2n1,GMGMDWSPSKXMJH-UHFFFAOYSA-N,2,Activity:2,39.0,5500019.5,11000000.0,7.41,4.685,1.96,5.45,0,,0,2,1,"[{""assay"": ""CHEMBL1053631"", ""type"": ""Activity"", ""relation"": ""="", ""value_nm"": 39.0, ""pactivity"": 7.41, ""doc"": ""CHEMBL1155225"", ""rule"": ""自由文本指标 Activity 受限提升为效力，描述命中：「half-maximal activat」""}, {""assay"": ""CHEMBL1054394"", ""type"": ""Activity"", ""relation"": ""="", ""value_nm"": 11000000.0, ""pactivity"": 1.96, ""doc"": ""CHEMBL1155225"", ""rule"": ""自由文本指标 Activity 受限提升为效力，描述命中：「half-maximal activat」""}]",0,,,0,,,0,0,0,,0,,0,,2,2,1,"[""CHEMBL1155225""]",2009,LITERATURE,0,分歧（pActivity 极差 5.45，超过 10 倍）,中,仅 1 篇文献支撑
CHEMBL574131,,Small molecule,,COCCNS(=O)(=O)c1ccc(C(CC2CCCC2)C(=O)Nc2nc3ccc(OC)nc3s2)cc1,PMCDFNOKUMRKOJ-UHFFFAOYSA-N,1,Activity:1,61.0,61.0,61.0,7.21,7.21,7.21,,0,,0,1,1,"[{""assay"": ""CHEMBL1053631"", ""type"": ""Activity"", ""relation"": ""="", ""value_nm"": 61.0, ""pactivity"": 7.21, ""doc"": ""CHEMBL1155225"", ""rule"": ""自由文本指标 Activity 受限提升为效力，描述命中：「half-maximal activat」""}]",0,,,0,,,0,0,0,,0,,0,,1,1,1,"[""CHEMBL1155225""]",2009,LITERATURE,0,不适用（可定量效力值不足 2 个 assay）,弱,仅 1 篇文献支撑
CHEMBL574351,,Small molecule,,O=C(Nc1nc2cccnc2s1)c1ccccc1,YBHRSXBMLOWBLL-UHFFFAOYSA-N,1,Activity:1,489.0,489.0,489.0,6.31,6.31,6.31,,0,,0,1,1,"[{""assay"": ""CHEMBL1053631"", ""type"": ""Activity"", ""relation"": ""="", ""value_nm"": 489.0, ""pactivity"": 6.31, ""doc"": ""CHEMBL1155225"", ""rule"": ""自由文本指标 Activity 受限提升为效力，描述命中：「half-maximal activat」""}]",0,,,0,,,0,0,0,,0,,0,,1,1,1,"[""CHEMBL1155225""]",2009,LITERATURE,0,不适用（可定量效力值不足 2 个 assay）,弱,仅 1 篇文献支撑
CHEMBL574402,,Small molecule,,COc1ccc2nc(NC(=O)C(CC3CCCC3)c3ccc(S(=O)(=O)NCc4ccccn4)cc3)sc2n1,HYBQTOBYBOCQLZ-UHFFFAOYSA-N,1,Activity:1,180.0,180.0,180.0,6.74,6.74,6.74,,0,,0,1,1,"[{""assay"": ""CHEMBL1053631"", ""type"": ""Activity"", ""relation"": ""="", ""value_nm"": 180.0, ""pactivity"": 6.74, ""doc"": ""CHEMBL1155225"", ""rule"": ""自由文本指标 Activity 受限提升为效力，描述命中：「half-maximal activat」""}]",0,,,0,,,0,0,0,,0,,0,,1,1,1,"[""CHEMBL1155225""]",2009,LITERATURE,0,不适用（可定量效力值不足 2 个 assay）,弱,仅 1 篇文献支撑
CHEMBL574879,,Small molecule,,Cn1ccc(Nc2ncnc3ccc(Oc4cnccn4)cc23)n1,VDNZMIFVFXYAMK-UHFFFAOYSA-N,2,EC50:2,800.0,3450.0,6100.0,6.1,5.655,5.21,0.89,0,,0,2,1,"[{""assay"": ""CHEMBL1056161"", ""type"": ""EC50"", ""relation"": ""="", ""value_nm"": 6100.0, ""pactivity"": 5.21, ""doc"": ""CHEMBL1155212"", ""rule"": ""EC50 为标准化浓度型效力指标""}, {""assay"": ""CHEMBL1056163"", ""type"": ""EC50"", ""relation"": ""="", ""value_nm"": 800.0, ""pactivity"": 6.1, ""doc"": ""CHEMBL1155212"", ""rule"": ""EC50 为标准化浓度型效力指标""}]",2,0.71,Emax@CHEMBL1056162,2,,,0,2,1,"[{""assay"": ""CHEMBL1056162"", ""type"": ""Emax"", ""scale"": ""fold"", ""value"": 0.71, ""units"": null, ""doc"": ""CHEMBL1155212"", ""rule"": ""Emax 为激活幅度指标，按该 assay 内值域（max=1.1）判为 fold 尺度""}, {""assay"": ""CHEMBL1056164"", ""type"": ""Emax"", ""scale"": ""fold"", ""value"": 0.53, ""units"": null, ""doc"": ""CHEMBL1155212"", ""rule"": ""Emax 为激活幅度指标，按该 assay 内值域（max=1.1）判为 fold 尺度""}]",0,,0,,4,4,1,"[""CHEMBL1155212""]",2009,LITERATURE,0,较一致（pActivity 极差 0.89，10 倍以内）,中,仅 1 篇文献支撑
CHEMBL574880,,Small molecule,,Cn1ccc(Nc2ncnc3ccc(Oc4ccncn4)cc23)n1,SKHAEWHXUGHODE-UHFFFAOYSA-N,2,EC50:2,2700.0,8350.0,14000.0,5.57,5.21,4.85,0.72,0,,0,2,1,"[{""assay"": ""CHEMBL1056161"", ""type"": ""EC50"", ""relation"": ""="", ""value_nm"": 14000.0, ""pactivity"": 4.85, ""doc"": ""CHEMBL1155212"", ""rule"": ""EC50 为标准化浓度型效力指标""}, {""assay"": ""CHEMBL1056163"", ""type"": ""EC50"", ""relation"": ""="", ""value_nm"": 2700.0, ""pactivity"": 5.57, ""doc"": ""CHEMBL1155212"", ""rule"": ""EC50 为标准化浓度型效力指标""}]",2,0.81,Emax@CHEMBL1056164,2,,,0,2,1,"[{""assay"": ""CHEMBL1056162"", ""type"": ""Emax"", ""scale"": ""fold"", ""value"": 0.77, ""units"": null, ""doc"": ""CHEMBL1155212"", ""rule"": ""Emax 为激活幅度指标，按该 assay 内值域（max=1.1）判为 fold 尺度""}, {""assay"": ""CHEMBL1056164"", ""type"": ""Emax"", ""scale"": ""fold"", ""value"": 0.81, ""units"": null, ""doc"": ""CHEMBL1155212"", ""rule"": ""Emax 为激活幅度指标，按该 assay 内值域（max=1.1）判为 fold 尺度""}]",0,,0,,4,4,1,"[""CHEMBL1155212""]",2009,LITERATURE,0,较一致（pActivity 极差 0.72，10 倍以内）,中,仅 1 篇文献支撑
CHEMBL574881,,Small molecule,,COc1ccc2nc(NC(=O)C(CC3CCCC3)c3ccc(S(=O)(=O)NCc4ccncc4)cc3)sc2n1,XINJOXSXDSZPPN-UHFFFAOYSA-N,1,Activity:1,207.0,207.0,207.0,6.68,6.68,6.68,,0,,0,1,1,"[{""assay"": ""CHEMBL1053631"", ""type"": ""Activity"", ""relation"": ""="", ""value_nm"": 207.0, ""pactivity"": 6.68, ""doc"": ""CHEMBL1155225"", ""rule"": ""自由文本指标 Activity 受限提升为效力，描述命中：「half-maximal activat」""}]",0,,,0,,,0,0,0,,0,,0,,1,1,1,"[""CHEMBL1155225""]",2009,LITERATURE,0,不适用（可定量效力值不足 2 个 assay）,弱,仅 1 篇文献支撑
CHEMBL574884,,Small molecule,,Cn1ccc(Nc2ncnc3ccc(Oc4c(Cl)cccc4S(C)(=O)=O)cc23)n1,XEUMEVOKFRYTTM-UHFFFAOYSA-N,2,EC50:2,80.0,200.0,320.0,7.1,6.8,6.5,0.6,0,,0,2,1,"[{""assay"": ""CHEMBL1056161"", ""type"": ""EC50"", ""relation"": ""="", ""value_nm"": 320.0, ""pactivity"": 6.5, ""doc"": ""CHEMBL1155212"", ""rule"": ""EC50 为标准化浓度型效力指标""}, {""assay"": ""CHEMBL1056163"", ""type"": ""EC50"", ""relation"": ""="", ""value_nm"": 80.0, ""pactivity"": 7.1, ""doc"": ""CHEMBL1155212"", ""rule"": ""EC50 为标准化浓度型效力指标""}]",2,0.92,Emax@CHEMBL1056162,2,,,0,2,1,"[{""assay"": ""CHEMBL1056162"", ""type"": ""Emax"", ""scale"": ""fold"", ""value"": 0.92, ""units"": null, ""doc"": ""CHEMBL1155212"", ""rule"": ""Emax 为激活幅度指标，按该 assay 内值域（max=1.1）判为 fold 尺度""}, {""assay"": ""CHEMBL1056164"", ""type"": ""Emax"", ""scale"": ""fold"", ""value"": 0.9, ""units"": null, ""doc"": ""CHEMBL1155212"", ""rule"": ""Emax 为激活幅度指标，按该 assay 内值域（max=1.1）判为 fold 尺度""}]",0,,0,,4,4,1,"[""CHEMBL1155212""]",2009,LITERATURE,0,较一致（pActivity 极差 0.6，10 倍以内）,中,仅 1 篇文献支撑
CHEMBL575055,,Small molecule,,COc1ccc2nc(NC(=O)C(CC3CCCC3)c3ccc(S(=O)(=O)N(C)Cc4ccco4)cc3)sc2n1,HYJRDIDWEFMXIE-UHFFFAOYSA-N,1,Activity:1,109.0,109.0,109.0,6.96,6.96,6.96,,0,,0,1,1,"[{""assay"": ""CHEMBL1053631"", ""type"": ""Activity"", ""relation"": ""="", ""value_nm"": 109.0, ""pactivity"": 6.96, ""doc"": ""CHEMBL1155225"", ""rule"": ""自由文本指标 Activity 受限提升为效力，描述命中：「half-maximal activat」""}]",0,,,0,,,0,0,0,,0,,0,,1,1,1,"[""CHEMBL1155225""]",2009,LITERATURE,0,不适用（可定量效力值不足 2 个 assay）,弱,仅 1 篇文献支撑
CHEMBL575057,,Small molecule,,COc1ccc2nc(NC(=O)C(CC3CCCC3)c3ccc(S(=O)(=O)NCCC(=O)O)cc3)sc2n1,ZVHJDDHGLAAUHM-UHFFFAOYSA-N,1,Activity:1,2810.0,2810.0,2810.0,5.55,5.55,5.55,,0,,0,1,1,"[{""assay"": ""CHEMBL1053631"", ""type"": ""Activity"", ""relation"": ""="", ""value_nm"": 2810.0, ""pactivity"": 5.55, ""doc"": ""CHEMBL1155225"", ""rule"": ""自由文本指标 Activity 受限提升为效力，描述命中：「half-maximal activat」""}]",0,,,0,,,0,0,0,,0,,0,,1,1,1,"[""CHEMBL1155225""]",2009,LITERATURE,0,不适用（可定量效力值不足 2 个 assay）,弱,仅 1 篇文献支撑
CHEMBL575067,,Small molecule,,Cn1ccc(Nc2ncnc3ccc(Oc4ccccc4S(C)(=O)=O)cc23)n1,HNSNAZPWBJZUIR-UHFFFAOYSA-N,2,EC50:2,80.0,305.0,530.0,7.1,6.69,6.28,0.82,0,,0,2,1,"[{""assay"": ""CHEMBL1056161"", ""type"": ""EC50"", ""relation"": ""="", ""value_nm"": 530.0, ""pactivity"": 6.28, ""doc"": ""CHEMBL1155212"", ""rule"": ""EC50 为标准化浓度型效力指标""}, {""assay"": ""CHEMBL1056163"", ""type"": ""EC50"", ""relation"": ""="", ""value_nm"": 80.0, ""pactivity"": 7.1, ""doc"": ""CHEMBL1155212"", ""rule"": ""EC50 为标准化浓度型效力指标""}]",2,0.76,Emax@CHEMBL1056162,2,,,0,2,1,"[{""assay"": ""CHEMBL1056162"", ""type"": ""Emax"", ""scale"": ""fold"", ""value"": 0.76, ""units"": null, ""doc"": ""CHEMBL1155212"", ""rule"": ""Emax 为激活幅度指标，按该 assay 内值域（max=1.1）判为 fold 尺度""}, {""assay"": ""CHEMBL1056164"", ""type"": ""Emax"", ""scale"": ""fold"", ""value"": 0.76, ""units"": null, ""doc"": ""CHEMBL1155212"", ""rule"": ""Emax 为激活幅度指标，按该 assay 内值域（max=1.1）判为 fold 尺度""}]",0,,0,,4,4,1,"[""CHEMBL1155212""]",2009,LITERATURE,0,较一致（pActivity 极差 0.82，10 倍以内）,中,仅 1 篇文献支撑
CHEMBL575069,,Small molecule,,CCCCN(CCCC)S(=O)(=O)c1ccc(C(CC2CCCC2)C(=O)Nc2nc3ccc(OC)nc3s2)cc1,XYZNQKSZWPWKJH-UHFFFAOYSA-N,1,Activity:1,181.0,181.0,181.0,6.74,6.74,6.74,,0,,0,1,1,"[{""assay"": ""CHEMBL1053631"", ""type"": ""Activity"", ""relation"": ""="", ""value_nm"": 181.0, ""pactivity"": 6.74, ""doc"": ""CHEMBL1155225"", ""rule"": ""自由文本指标 Activity 受限提升为效力，描述命中：「half-maximal activat」""}]",0,,,0,,,0,0,0,,0,,0,,1,1,1,"[""CHEMBL1155225""]",2009,LITERATURE,0,不适用（可定量效力值不足 2 个 assay）,弱,仅 1 篇文献支撑
CHEMBL575087,,Small molecule,,Cn1ccc(Nc2ncnc3ccc(Oc4c(F)cccc4F)cc23)n1,IASPBPPPOAHMMS-UHFFFAOYSA-N,2,EC50:2,30.0,60.0,90.0,7.52,7.285,7.05,0.47,0,,0,2,1,"[{""assay"": ""CHEMBL1056161"", ""type"": ""EC50"", ""relation"": ""="", ""value_nm"": 90.0, ""pactivity"": 7.05, ""doc"": ""CHEMBL1155212"", ""rule"": ""EC50 为标准化浓度型效力指标""}, {""assay"": ""CHEMBL1056163"", ""type"": ""EC50"", ""relation"": ""="", ""value_nm"": 30.0, ""pactivity"": 7.52, ""doc"": ""CHEMBL1155212"", ""rule"": ""EC50 为标准化浓度型效力指标""}]",2,0.96,Emax@CHEMBL1056162,2,,,0,2,1,"[{""assay"": ""CHEMBL1056162"", ""type"": ""Emax"", ""scale"": ""fold"", ""value"": 0.96, ""units"": null, ""doc"": ""CHEMBL1155212"", ""rule"": ""Emax 为激活幅度指标，按该 assay 内值域（max=1.1）判为 fold 尺度""}, {""assay"": ""CHEMBL1056164"", ""type"": ""Emax"", ""scale"": ""fold"", ""value"": 0.84, ""units"": null, ""doc"": ""CHEMBL1155212"", ""rule"": ""Emax 为激活幅度指标，按该 assay 内值域（max=1.1）判为 fold 尺度""}]",0,,0,,4,4,1,"[""CHEMBL1155212""]",2009,LITERATURE,0,一致（pActivity 极差 0.47，3 倍以内）,中,仅 1 篇文献支撑
CHEMBL575088,,Small molecule,,CS(=O)(=O)c1cccc(F)c1Oc1ccc2ncnc(Nc3cc[nH]n3)c2c1,RXGYMTMITMREME-UHFFFAOYSA-N,2,EC50:2,40.0,80.0,120.0,7.4,7.16,6.92,0.48,0,,0,2,1,"[{""assay"": ""CHEMBL1056161"", ""type"": ""EC50"", ""relation"": ""="", ""value_nm"": 120.0, ""pactivity"": 6.92, ""doc"": ""CHEMBL1155212"", ""rule"": ""EC50 为标准化浓度型效力指标""}, {""assay"": ""CHEMBL1056163"", ""type"": ""EC50"", ""relation"": ""="", ""value_nm"": 40.0, ""pactivity"": 7.4, ""doc"": ""CHEMBL1155212"", ""rule"": ""EC50 为标准化浓度型效力指标""}]",2,0.76,Emax@CHEMBL1056162,2,,,0,2,1,"[{""assay"": ""CHEMBL1056162"", ""type"": ""Emax"", ""scale"": ""fold"", ""value"": 0.76, ""units"": null, ""doc"": ""CHEMBL1155212"", ""rule"": ""Emax 为激活幅度指标，按该 assay 内值域（max=1.1）判为 fold 尺度""}, {""assay"": ""CHEMBL1056164"", ""type"": ""Emax"", ""scale"": ""fold"", ""value"": 0.62, ""units"": null, ""doc"": ""CHEMBL1155212"", ""rule"": ""Emax 为激活幅度指标，按该 assay 内值域（max=1.1）判为 fold 尺度""}]",0,,0,,4,4,1,"[""CHEMBL1155212""]",2009,LITERATURE,0,一致（pActivity 极差 0.48，3 倍以内）,中,仅 1 篇文献支撑
CHEMBL575091,,Small molecule,,COc1ccc2nc(NC(=O)C(CC3CCCC3)c3ccc(S(=O)(=O)N(C)Cc4ccccc4)cc3)sc2n1,WMAFUOVYGLDQIV-UHFFFAOYSA-N,1,Activity:1,263.0,263.0,263.0,6.58,6.58,6.58,,0,,0,1,1,"[{""assay"": ""CHEMBL1053631"", ""type"": ""Activity"", ""relation"": ""="", ""value_nm"": 263.0, ""pactivity"": 6.58, ""doc"": ""CHEMBL1155225"", ""rule"": ""自由文本指标 Activity 受限提升为效力，描述命中：「half-maximal activat」""}]",0,,,0,,,0,0,0,,0,,0,,1,1,1,"[""CHEMBL1155225""]",2009,LITERATURE,0,不适用（可定量效力值不足 2 个 assay）,弱,仅 1 篇文献支撑
CHEMBL575096,,Small molecule,,COc1ccc2nc(NC(=O)C(CC3CCCC3)c3ccc(S(=O)(=O)N(C)Cc4nccn4C)cc3)sc2n1,BACSXTCCSDYWQS-UHFFFAOYSA-N,1,Activity:1,66.0,66.0,66.0,7.18,7.18,7.18,,0,,0,1,1,"[{""assay"": ""CHEMBL1053631"", ""type"": ""Activity"", ""relation"": ""="", ""value_nm"": 66.0, ""pactivity"": 7.18, ""doc"": ""CHEMBL1155225"", ""rule"": ""自由文本指标 Activity 受限提升为效力，描述命中：「half-maximal activat」""}]",0,,,0,,,0,0,0,,0,,0,,1,1,1,"[""CHEMBL1155225""]",2009,LITERATURE,0,不适用（可定量效力值不足 2 个 assay）,弱,仅 1 篇文献支撑
CHEMBL575278,,Small molecule,,Cn1ccc(Nc2ncnc3ccc(Oc4ncccc4CO)cc23)n1,UVCGNRRZRNVRSI-UHFFFAOYSA-N,2,EC50:2,150.0,825.0,1500.0,6.82,6.32,5.82,1.0,0,,0,2,1,"[{""assay"": ""CHEMBL1056161"", ""type"": ""EC50"", ""relation"": ""="", ""value_nm"": 1500.0, ""pactivity"": 5.82, ""doc"": ""CHEMBL1155212"", ""rule"": ""EC50 为标准化浓度型效力指标""}, {""assay"": ""CHEMBL1056163"", ""type"": ""EC50"", ""relation"": ""="", ""value_nm"": 150.0, ""pactivity"": 6.82, ""doc"": ""CHEMBL1155212"", ""rule"": ""EC50 为标准化浓度型效力指标""}]",2,0.81,Emax@CHEMBL1056162,2,,,0,2,1,"[{""assay"": ""CHEMBL1056162"", ""type"": ""Emax"", ""scale"": ""fold"", ""value"": 0.81, ""units"": null, ""doc"": ""CHEMBL1155212"", ""rule"": ""Emax 为激活幅度指标，按该 assay 内值域（max=1.1）判为 fold 尺度""}, {""assay"": ""CHEMBL1056164"", ""type"": ""Emax"", ""scale"": ""fold"", ""value"": 0.74, ""units"": null, ""doc"": ""CHEMBL1155212"", ""rule"": ""Emax 为激活幅度指标，按该 assay 内值域（max=1.1）判为 fold 尺度""}]",0,,0,,4,4,1,"[""CHEMBL1155212""]",2009,LITERATURE,0,较一致（pActivity 极差 1.0，10 倍以内）,中,仅 1 篇文献支撑
CHEMBL575298,,Small molecule,,Cn1ccc(Nc2ncnc3ccc(Oc4c(F)cccc4S(C)(=O)=O)cc23)n1,ISEKBEAABDINBR-UHFFFAOYSA-N,2,EC50:2,40.0,90.0,140.0,7.4,7.125,6.85,0.55,0,,0,2,1,"[{""assay"": ""CHEMBL1056161"", ""type"": ""EC50"", ""relation"": ""="", ""value_nm"": 140.0, ""pactivity"": 6.85, ""doc"": ""CHEMBL1155212"", ""rule"": ""EC50 为标准化浓度型效力指标""}, {""assay"": ""CHEMBL1056163"", ""type"": ""EC50"", ""relation"": ""="", ""value_nm"": 40.0, ""pactivity"": 7.4, ""doc"": ""CHEMBL1155212"", ""rule"": ""EC50 为标准化浓度型效力指标""}]",2,0.88,Emax@CHEMBL1056162,2,,,0,2,1,"[{""assay"": ""CHEMBL1056162"", ""type"": ""Emax"", ""scale"": ""fold"", ""value"": 0.88, ""units"": null, ""doc"": ""CHEMBL1155212"", ""rule"": ""Emax 为激活幅度指标，按该 assay 内值域（max=1.1）判为 fold 尺度""}, {""assay"": ""CHEMBL1056164"", ""type"": ""Emax"", ""scale"": ""fold"", ""value"": 0.88, ""units"": null, ""doc"": ""CHEMBL1155212"", ""rule"": ""Emax 为激活幅度指标，按该 assay 内值域（max=1.1）判为 fold 尺度""}]",0,,0,,4,4,1,"[""CHEMBL1155212""]",2009,LITERATURE,0,较一致（pActivity 极差 0.55，10 倍以内）,中,仅 1 篇文献支撑
CHEMBL575302,,Small molecule,,COc1ccc2nc(NC(=O)C(CC3CCCC3)c3ccc(S(=O)(=O)N(C)C)cc3)sc2n1,PQQWGZZSLXLGEQ-UHFFFAOYSA-N,1,Activity:1,295.0,295.0,295.0,6.53,6.53,6.53,,0,,0,1,1,"[{""assay"": ""CHEMBL1053631"", ""type"": ""Activity"", ""relation"": ""="", ""value_nm"": 295.0, ""pactivity"": 6.53, ""doc"": ""CHEMBL1155225"", ""rule"": ""自由文本指标 Activity 受限提升为效力，描述命中：「half-maximal activat」""}]",0,,,0,,,0,0,0,,0,,0,,1,1,1,"[""CHEMBL1155225""]",2009,LITERATURE,0,不适用（可定量效力值不足 2 个 assay）,弱,仅 1 篇文献支撑
CHEMBL575303,,Small molecule,,COc1ccc2nc(NC(=O)C(CC3CCCC3)c3ccc(S(=O)(=O)NC4CC4)cc3)sc2n1,BFVMMROZEZLKNK-UHFFFAOYSA-N,1,Activity:1,266.0,266.0,266.0,6.58,6.58,6.58,,0,,0,1,1,"[{""assay"": ""CHEMBL1053631"", ""type"": ""Activity"", ""relation"": ""="", ""value_nm"": 266.0, ""pactivity"": 6.58, ""doc"": ""CHEMBL1155225"", ""rule"": ""自由文本指标 Activity 受限提升为效力，描述命中：「half-maximal activat」""}]",0,,,0,,,0,0,0,,0,,0,,1,1,1,"[""CHEMBL1155225""]",2009,LITERATURE,0,不适用（可定量效力值不足 2 个 assay）,弱,仅 1 篇文献支撑
CHEMBL575305,,Small molecule,,COc1ccc2nc(NC(=O)C(CC3CCCC3)c3ccc(S(=O)(=O)NCC(=O)O)cc3)sc2n1,YKLGWSWDUMWHGE-UHFFFAOYSA-N,1,Activity:1,1860.0,1860.0,1860.0,5.73,5.73,5.73,,0,,0,1,1,"[{""assay"": ""CHEMBL1053631"", ""type"": ""Activity"", ""relation"": ""="", ""value_nm"": 1860.0, ""pactivity"": 5.73, ""doc"": ""CHEMBL1155225"", ""rule"": ""自由文本指标 Activity 受限提升为效力，描述命中：「half-maximal activat」""}]",0,,,0,,,0,0,0,,0,,0,,1,1,1,"[""CHEMBL1155225""]",2009,LITERATURE,0,不适用（可定量效力值不足 2 个 assay）,弱,仅 1 篇文献支撑
CHEMBL575495,,Small molecule,,COc1ccc2nc(NC(=O)C(CC3CCCC3)c3ccc(S(=O)(=O)NCc4ccco4)cc3)sc2n1,VYCOWOUFZJFBOD-UHFFFAOYSA-N,1,Activity:1,892.0,892.0,892.0,6.05,6.05,6.05,,0,,0,1,1,"[{""assay"": ""CHEMBL1053631"", ""type"": ""Activity"", ""relation"": ""="", ""value_nm"": 892.0, ""pactivity"": 6.05, ""doc"": ""CHEMBL1155225"", ""rule"": ""自由文本指标 Activity 受限提升为效力，描述命中：「half-maximal activat」""}]",0,,,0,,,0,0,0,,0,,0,,1,1,1,"[""CHEMBL1155225""]",2009,LITERATURE,0,不适用（可定量效力值不足 2 个 assay）,弱,仅 1 篇文献支撑
CHEMBL575529,,Small molecule,,COc1ccc2nc(NC(=O)C(CC3CCCC3)c3ccc(S(=O)(=O)NC4CCCCC4)cc3)sc2n1,COHVEEIHPAJPAS-UHFFFAOYSA-N,1,Activity:1,302.0,302.0,302.0,6.52,6.52,6.52,,0,,0,1,1,"[{""assay"": ""CHEMBL1053631"", ""type"": ""Activity"", ""relation"": ""="", ""value_nm"": 302.0, ""pactivity"": 6.52, ""doc"": ""CHEMBL1155225"", ""rule"": ""自由文本指标 Activity 受限提升为效力，描述命中：「half-maximal activat」""}]",0,,,0,,,0,0,0,,0,,0,,1,1,1,"[""CHEMBL1155225""]",2009,LITERATURE,0,不适用（可定量效力值不足 2 个 assay）,弱,仅 1 篇文献支撑
CHEMBL575705,,Small molecule,,Cn1cnnc1Sc1ccc2ncnc(Nc3nccs3)c2c1,NSAWKSYKZABCHW-UHFFFAOYSA-N,2,EC50:2,210.0,1155.0,2100.0,6.68,6.18,5.68,1.0,0,,0,2,1,"[{""assay"": ""CHEMBL1056161"", ""type"": ""EC50"", ""relation"": ""="", ""value_nm"": 2100.0, ""pactivity"": 5.68, ""doc"": ""CHEMBL1155212"", ""rule"": ""EC50 为标准化浓度型效力指标""}, {""assay"": ""CHEMBL1056163"", ""type"": ""EC50"", ""relation"": ""="", ""value_nm"": 210.0, ""pactivity"": 6.68, ""doc"": ""CHEMBL1155212"", ""rule"": ""EC50 为标准化浓度型效力指标""}]",2,0.69,Emax@CHEMBL1056162,2,,,0,2,1,"[{""assay"": ""CHEMBL1056162"", ""type"": ""Emax"", ""scale"": ""fold"", ""value"": 0.69, ""units"": null, ""doc"": ""CHEMBL1155212"", ""rule"": ""Emax 为激活幅度指标，按该 assay 内值域（max=1.1）判为 fold 尺度""}, {""assay"": ""CHEMBL1056164"", ""type"": ""Emax"", ""scale"": ""fold"", ""value"": 0.47, ""units"": null, ""doc"": ""CHEMBL1155212"", ""rule"": ""Emax 为激活幅度指标，按该 assay 内值域（max=1.1）判为 fold 尺度""}]",0,,0,,4,4,1,"[""CHEMBL1155212""]",2009,LITERATURE,0,较一致（pActivity 极差 1.0，10 倍以内）,中,仅 1 篇文献支撑
CHEMBL575725,,Small molecule,,COc1ccc2nc(NC(=O)C(CC3CCCC3)c3ccc(S(=O)(=O)Nc4cccnc4)cc3)sc2n1,DHBRPNVHJRZIDB-UHFFFAOYSA-N,1,Activity:1,323.0,323.0,323.0,6.49,6.49,6.49,,0,,0,1,1,"[{""assay"": ""CHEMBL1053631"", ""type"": ""Activity"", ""relation"": ""="", ""value_nm"": 323.0, ""pactivity"": 6.49, ""doc"": ""CHEMBL1155225"", ""rule"": ""自由文本指标 Activity 受限提升为效力，描述命中：「half-maximal activat」""}]",0,,,0,,,0,0,0,,0,,0,,1,1,1,"[""CHEMBL1155225""]",2009,LITERATURE,0,不适用（可定量效力值不足 2 个 assay）,弱,仅 1 篇文献支撑
CHEMBL575726,,Small molecule,,COc1ccc2nc(NC(=O)[C@H](CC3CCCC3)c3ccc(S(=O)(=O)N4CCN(C)CC4)cc3)sc2n1,GMGMDWSPSKXMJH-OAQYLSRUSA-N,2,Activity:1; EC50:1,23.0,72.5,122.0,7.64,7.275,6.91,0.73,0,,0,2,2,"[{""assay"": ""CHEMBL1053631"", ""type"": ""Activity"", ""relation"": ""="", ""value_nm"": 23.0, ""pactivity"": 7.64, ""doc"": ""CHEMBL1155225"", ""rule"": ""自由文本指标 Activity 受限提升为效力，描述命中：「half-maximal activat」""}, {""assay"": ""CHEMBL3223666"", ""type"": ""EC50"", ""relation"": ""="", ""value_nm"": 122.0, ""pactivity"": 6.91, ""doc"": ""CHEMBL3217627"", ""rule"": ""EC50 为标准化浓度型效力指标""}]",0,,,0,,,0,0,0,,0,,0,,2,2,2,"[""CHEMBL1155225"", ""CHEMBL3217627""]",2009; 2011,LITERATURE,0,较一致（pActivity 极差 0.73，10 倍以内）,强,
CHEMBL575736,,Small molecule,,COc1ccc2nc(NC(=O)C(CC3CCCC3)c3ccc(S(=O)(=O)NC4CCOCC4)cc3)sc2n1,LPTWSMUFAICRJY-UHFFFAOYSA-N,1,Activity:1,305.0,305.0,305.0,6.52,6.52,6.52,,0,,0,1,1,"[{""assay"": ""CHEMBL1053631"", ""type"": ""Activity"", ""relation"": ""="", ""value_nm"": 305.0, ""pactivity"": 6.52, ""doc"": ""CHEMBL1155225"", ""rule"": ""自由文本指标 Activity 受限提升为效力，描述命中：「half-maximal activat」""}]",0,,,0,,,0,0,0,,0,,0,,1,1,1,"[""CHEMBL1155225""]",2009,LITERATURE,0,不适用（可定量效力值不足 2 个 assay）,弱,仅 1 篇文献支撑
CHEMBL575903,,Small molecule,,Cc1csc(Nc2ncnc3ccc(Sc4nncn4C)cc23)n1,DPRXXHHICPMXGX-UHFFFAOYSA-N,2,EC50:2,920.0,1510.0,2100.0,6.04,5.86,5.68,0.36,0,,0,2,1,"[{""assay"": ""CHEMBL1056161"", ""type"": ""EC50"", ""relation"": ""="", ""value_nm"": 2100.0, ""pactivity"": 5.68, ""doc"": ""CHEMBL1155212"", ""rule"": ""EC50 为标准化浓度型效力指标""}, {""assay"": ""CHEMBL1056163"", ""type"": ""EC50"", ""relation"": ""="", ""value_nm"": 920.0, ""pactivity"": 6.04, ""doc"": ""CHEMBL1155212"", ""rule"": ""EC50 为标准化浓度型效力指标""}]",2,0.7,Emax@CHEMBL1056164,2,,,0,2,1,"[{""assay"": ""CHEMBL1056162"", ""type"": ""Emax"", ""scale"": ""fold"", ""value"": 0.67, ""units"": null, ""doc"": ""CHEMBL1155212"", ""rule"": ""Emax 为激活幅度指标，按该 assay 内值域（max=1.1）判为 fold 尺度""}, {""assay"": ""CHEMBL1056164"", ""type"": ""Emax"", ""scale"": ""fold"", ""value"": 0.7, ""units"": null, ""doc"": ""CHEMBL1155212"", ""rule"": ""Emax 为激活幅度指标，按该 assay 内值域（max=1.1）判为 fold 尺度""}]",0,,0,,4,4,1,"[""CHEMBL1155212""]",2009,LITERATURE,0,一致（pActivity 极差 0.36，3 倍以内）,中,仅 1 篇文献支撑
CHEMBL575904,,Small molecule,,Cc1nsc(Nc2ncnc3ccc(Oc4c(F)cccc4S(C)(=O)=O)cc23)n1,KLYQDJNGFRQPRS-UHFFFAOYSA-N,2,EC50:2,40.0,75.0,110.0,7.4,7.18,6.96,0.44,0,,0,2,1,"[{""assay"": ""CHEMBL1056161"", ""type"": ""EC50"", ""relation"": ""="", ""value_nm"": 110.0, ""pactivity"": 6.96, ""doc"": ""CHEMBL1155212"", ""rule"": ""EC50 为标准化浓度型效力指标""}, {""assay"": ""CHEMBL1056163"", ""type"": ""EC50"", ""relation"": ""="", ""value_nm"": 40.0, ""pactivity"": 7.4, ""doc"": ""CHEMBL1155212"", ""rule"": ""EC50 为标准化浓度型效力指标""}]",2,1.1,Emax@CHEMBL1056164,2,,,0,2,1,"[{""assay"": ""CHEMBL1056162"", ""type"": ""Emax"", ""scale"": ""fold"", ""value"": 1, ""units"": null, ""doc"": ""CHEMBL1155212"", ""rule"": ""Emax 为激活幅度指标，按该 assay 内值域（max=1.1）判为 fold 尺度""}, {""assay"": ""CHEMBL1056164"", ""type"": ""Emax"", ""scale"": ""fold"", ""value"": 1.1, ""units"": null, ""doc"": ""CHEMBL1155212"", ""rule"": ""Emax 为激活幅度指标，按该 assay 内值域（max=1.1）判为 fold 尺度""}]",0,,0,,4,4,1,"[""CHEMBL1155212""]",2009,LITERATURE,0,一致（pActivity 极差 0.44，3 倍以内）,中,仅 1 篇文献支撑
CHEMBL575905,,Small molecule,,CS(=O)(=O)c1cccc(F)c1Oc1ccc2ncnc(Nc3ccccn3)c2c1,GBCXGXUCWUJGOS-UHFFFAOYSA-N,2,EC50:2,180.0,16590.0,33000.0,6.75,5.615,4.48,2.27,0,,0,2,1,"[{""assay"": ""CHEMBL1056161"", ""type"": ""EC50"", ""relation"": ""="", ""value_nm"": 180.0, ""pactivity"": 6.75, ""doc"": ""CHEMBL1155212"", ""rule"": ""EC50 为标准化浓度型效力指标""}, {""assay"": ""CHEMBL1056163"", ""type"": ""EC50"", ""relation"": ""="", ""value_nm"": 33000.0, ""pactivity"": 4.48, ""doc"": ""CHEMBL1155212"", ""rule"": ""EC50 为标准化浓度型效力指标""}]",2,0.6,Emax@CHEMBL1056162,2,,,0,2,1,"[{""assay"": ""CHEMBL1056162"", ""type"": ""Emax"", ""scale"": ""fold"", ""value"": 0.6, ""units"": null, ""doc"": ""CHEMBL1155212"", ""rule"": ""Emax 为激活幅度指标，按该 assay 内值域（max=1.1）判为 fold 尺度""}, {""assay"": ""CHEMBL1056164"", ""type"": ""Emax"", ""scale"": ""fold"", ""value"": 0.34, ""units"": null, ""doc"": ""CHEMBL1155212"", ""rule"": ""Emax 为激活幅度指标，按该 assay 内值域（max=1.1）判为 fold 尺度""}]",0,,0,,4,4,1,"[""CHEMBL1155212""]",2009,LITERATURE,0,分歧（pActivity 极差 2.27，超过 10 倍）,中,仅 1 篇文献支撑
CHEMBL575918,,Small molecule,,Cc1cnc(Nc2ncnc3ccc(Oc4c(F)cccc4S(C)(=O)=O)cc23)cn1,ZUYWFBJBQWODEQ-UHFFFAOYSA-N,2,EC50:2,40.0,175.0,310.0,7.4,6.955,6.51,0.89,0,,0,2,1,"[{""assay"": ""CHEMBL1056161"", ""type"": ""EC50"", ""relation"": ""="", ""value_nm"": 310.0, ""pactivity"": 6.51, ""doc"": ""CHEMBL1155212"", ""rule"": ""EC50 为标准化浓度型效力指标""}, {""assay"": ""CHEMBL1056163"", ""type"": ""EC50"", ""relation"": ""="", ""value_nm"": 40.0, ""pactivity"": 7.4, ""doc"": ""CHEMBL1155212"", ""rule"": ""EC50 为标准化浓度型效力指标""}]",2,0.75,Emax@CHEMBL1056162,2,,,0,2,1,"[{""assay"": ""CHEMBL1056162"", ""type"": ""Emax"", ""scale"": ""fold"", ""value"": 0.75, ""units"": null, ""doc"": ""CHEMBL1155212"", ""rule"": ""Emax 为激活幅度指标，按该 assay 内值域（max=1.1）判为 fold 尺度""}, {""assay"": ""CHEMBL1056164"", ""type"": ""Emax"", ""scale"": ""fold"", ""value"": 0.54, ""units"": null, ""doc"": ""CHEMBL1155212"", ""rule"": ""Emax 为激活幅度指标，按该 assay 内值域（max=1.1）判为 fold 尺度""}]",0,,0,,4,4,1,"[""CHEMBL1155212""]",2009,LITERATURE,0,较一致（pActivity 极差 0.89，10 倍以内）,中,仅 1 篇文献支撑
CHEMBL576361,,Small molecule,,COc1ccc2nc(NC(=O)C(CC3CCCC3)c3ccc(S(=O)(=O)NCc4ccccc4)cc3)sc2n1,QFFDCWUPOSBJMS-UHFFFAOYSA-N,1,Activity:1,726.0,726.0,726.0,6.14,6.14,6.14,,0,,0,1,1,"[{""assay"": ""CHEMBL1053631"", ""type"": ""Activity"", ""relation"": ""="", ""value_nm"": 726.0, ""pactivity"": 6.14, ""doc"": ""CHEMBL1155225"", ""rule"": ""自由文本指标 Activity 受限提升为效力，描述命中：「half-maximal activat」""}]",0,,,0,,,0,0,0,,0,,0,,1,1,1,"[""CHEMBL1155225""]",2009,LITERATURE,0,不适用（可定量效力值不足 2 个 assay）,弱,仅 1 篇文献支撑
CHEMBL576925,,Small molecule,,COc1ccc2nc(NC(=O)C(CC3CCCC3)c3ccc(S(=O)(=O)N4CCCCC4)cc3)sc2n1,XWLNYSJXDZSNAN-UHFFFAOYSA-N,1,Activity:1,66.0,66.0,66.0,7.18,7.18,7.18,,0,,0,1,1,"[{""assay"": ""CHEMBL1053631"", ""type"": ""Activity"", ""relation"": ""="", ""value_nm"": 66.0, ""pactivity"": 7.18, ""doc"": ""CHEMBL1155225"", ""rule"": ""自由文本指标 Activity 受限提升为效力，描述命中：「half-maximal activat」""}]",0,,,0,,,0,0,0,,0,,0,,1,1,1,"[""CHEMBL1155225""]",2009,LITERATURE,0,不适用（可定量效力值不足 2 个 assay）,弱,仅 1 篇文献支撑
CHEMBL576936,,Small molecule,,CS(=O)(=O)c1cccc(F)c1Oc1ccc2ncnc(Nc3cnccn3)c2c1,IUEBYYLPBPERIC-UHFFFAOYSA-N,2,EC50:2,70.0,320.0,570.0,7.16,6.7,6.24,0.92,0,,0,2,1,"[{""assay"": ""CHEMBL1056161"", ""type"": ""EC50"", ""relation"": ""="", ""value_nm"": 570.0, ""pactivity"": 6.24, ""doc"": ""CHEMBL1155212"", ""rule"": ""EC50 为标准化浓度型效力指标""}, {""assay"": ""CHEMBL1056163"", ""type"": ""EC50"", ""relation"": ""="", ""value_nm"": 70.0, ""pactivity"": 7.16, ""doc"": ""CHEMBL1155212"", ""rule"": ""EC50 为标准化浓度型效力指标""}]",2,0.87,Emax@CHEMBL1056162,2,,,0,2,1,"[{""assay"": ""CHEMBL1056162"", ""type"": ""Emax"", ""scale"": ""fold"", ""value"": 0.87, ""units"": null, ""doc"": ""CHEMBL1155212"", ""rule"": ""Emax 为激活幅度指标，按该 assay 内值域（max=1.1）判为 fold 尺度""}, {""assay"": ""CHEMBL1056164"", ""type"": ""Emax"", ""scale"": ""fold"", ""value"": 0.86, ""units"": null, ""doc"": ""CHEMBL1155212"", ""rule"": ""Emax 为激活幅度指标，按该 assay 内值域（max=1.1）判为 fold 尺度""}]",0,,0,,4,4,1,"[""CHEMBL1155212""]",2009,LITERATURE,0,较一致（pActivity 极差 0.92，10 倍以内）,中,仅 1 篇文献支撑
CHEMBL577190,,Small molecule,,COc1ccc2nc(NC(=O)C(CC3CCCC3)c3ccc(S(=O)(=O)NCCN(C)C)cc3)sc2n1,SNNHMOIYFKPOKT-UHFFFAOYSA-N,1,Activity:1,117.0,117.0,117.0,6.93,6.93,6.93,,0,,0,1,1,"[{""assay"": ""CHEMBL1053631"", ""type"": ""Activity"", ""relation"": ""="", ""value_nm"": 117.0, ""pactivity"": 6.93, ""doc"": ""CHEMBL1155225"", ""rule"": ""自由文本指标 Activity 受限提升为效力，描述命中：「half-maximal activat」""}]",0,,,0,,,0,0,0,,0,,0,,1,1,1,"[""CHEMBL1155225""]",2009,LITERATURE,0,不适用（可定量效力值不足 2 个 assay）,弱,仅 1 篇文献支撑
CHEMBL577191,,Small molecule,,COc1ccc2nc(NC(=O)C(CC3CCCC3)c3ccc(S(=O)(=O)N(C(C)C)C(C)C)cc3)sc2n1,FDTXHXNLSXQYKA-UHFFFAOYSA-N,1,Activity:1,73.0,73.0,73.0,7.14,7.14,7.14,,0,,0,1,1,"[{""assay"": ""CHEMBL1053631"", ""type"": ""Activity"", ""relation"": ""="", ""value_nm"": 73.0, ""pactivity"": 7.14, ""doc"": ""CHEMBL1155225"", ""rule"": ""自由文本指标 Activity 受限提升为效力，描述命中：「half-maximal activat」""}]",0,,,0,,,0,0,0,,0,,0,,1,1,1,"[""CHEMBL1155225""]",2009,LITERATURE,0,不适用（可定量效力值不足 2 个 assay）,弱,仅 1 篇文献支撑
CHEMBL577592,,Small molecule,,CN(C)C(=O)c1cccnc1Oc1ccc2ncnc(Nc3ccn(C)n3)c2c1,MFZMDRCHHCCOMV-UHFFFAOYSA-N,2,EC50:2,4000.0,7500.0,11000.0,5.4,5.18,4.96,0.44,0,,0,2,1,"[{""assay"": ""CHEMBL1056161"", ""type"": ""EC50"", ""relation"": ""="", ""value_nm"": 11000.0, ""pactivity"": 4.96, ""doc"": ""CHEMBL1155212"", ""rule"": ""EC50 为标准化浓度型效力指标""}, {""assay"": ""CHEMBL1056163"", ""type"": ""EC50"", ""relation"": ""="", ""value_nm"": 4000.0, ""pactivity"": 5.4, ""doc"": ""CHEMBL1155212"", ""rule"": ""EC50 为标准化浓度型效力指标""}]",2,0.54,Emax@CHEMBL1056164,2,,,0,2,1,"[{""assay"": ""CHEMBL1056162"", ""type"": ""Emax"", ""scale"": ""fold"", ""value"": 0.36, ""units"": null, ""doc"": ""CHEMBL1155212"", ""rule"": ""Emax 为激活幅度指标，按该 assay 内值域（max=1.1）判为 fold 尺度""}, {""assay"": ""CHEMBL1056164"", ""type"": ""Emax"", ""scale"": ""fold"", ""value"": 0.54, ""units"": null, ""doc"": ""CHEMBL1155212"", ""rule"": ""Emax 为激活幅度指标，按该 assay 内值域（max=1.1）判为 fold 尺度""}]",0,,0,,4,4,1,"[""CHEMBL1155212""]",2009,LITERATURE,0,一致（pActivity 极差 0.44，3 倍以内）,中,仅 1 篇文献支撑
CHEMBL577785,,Small molecule,,COc1ccc2nc(NC(=O)C(CC3CCCC3)c3ccc(S(=O)(=O)NCc4cccnc4)cc3)sc2n1,VPAHKACDRIEKRM-UHFFFAOYSA-N,1,Activity:1,377.0,377.0,377.0,6.42,6.42,6.42,,0,,0,1,1,"[{""assay"": ""CHEMBL1053631"", ""type"": ""Activity"", ""relation"": ""="", ""value_nm"": 377.0, ""pactivity"": 6.42, ""doc"": ""CHEMBL1155225"", ""rule"": ""自由文本指标 Activity 受限提升为效力，描述命中：「half-maximal activat」""}]",0,,,0,,,0,0,0,,0,,0,,1,1,1,"[""CHEMBL1155225""]",2009,LITERATURE,0,不适用（可定量效力值不足 2 个 assay）,弱,仅 1 篇文献支撑
CHEMBL577805,,Small molecule,,COc1ccc2nc(NC(=O)C(CC3CCCC3)c3ccc(S(=O)(=O)N4CCOCC4)cc3)sc2n1,JYKYTQJQKUTHGE-UHFFFAOYSA-N,1,Activity:1,153.0,153.0,153.0,6.82,6.82,6.82,,0,,0,1,1,"[{""assay"": ""CHEMBL1053631"", ""type"": ""Activity"", ""relation"": ""="", ""value_nm"": 153.0, ""pactivity"": 6.82, ""doc"": ""CHEMBL1155225"", ""rule"": ""自由文本指标 Activity 受限提升为效力，描述命中：「half-maximal activat」""}]",0,,,0,,,0,0,0,,0,,0,,1,1,1,"[""CHEMBL1155225""]",2009,LITERATURE,0,不适用（可定量效力值不足 2 个 assay）,弱,仅 1 篇文献支撑
CHEMBL578022,,Small molecule,,CS(=O)(=O)c1cccc(F)c1Oc1ccc2ncnc(Nc3cnc(Cl)cn3)c2c1,IFNNKNURSXXLRT-UHFFFAOYSA-N,2,EC50:2,950.0,3525.0,6100.0,6.02,5.615,5.21,0.81,0,,0,2,1,"[{""assay"": ""CHEMBL1056161"", ""type"": ""EC50"", ""relation"": ""="", ""value_nm"": 6100.0, ""pactivity"": 5.21, ""doc"": ""CHEMBL1155212"", ""rule"": ""EC50 为标准化浓度型效力指标""}, {""assay"": ""CHEMBL1056163"", ""type"": ""EC50"", ""relation"": ""="", ""value_nm"": 950.0, ""pactivity"": 6.02, ""doc"": ""CHEMBL1155212"", ""rule"": ""EC50 为标准化浓度型效力指标""}]",2,0.87,Emax@CHEMBL1056164,2,,,0,2,1,"[{""assay"": ""CHEMBL1056162"", ""type"": ""Emax"", ""scale"": ""fold"", ""value"": 0.85, ""units"": null, ""doc"": ""CHEMBL1155212"", ""rule"": ""Emax 为激活幅度指标，按该 assay 内值域（max=1.1）判为 fold 尺度""}, {""assay"": ""CHEMBL1056164"", ""type"": ""Emax"", ""scale"": ""fold"", ""value"": 0.87, ""units"": null, ""doc"": ""CHEMBL1155212"", ""rule"": ""Emax 为激活幅度指标，按该 assay 内值域（max=1.1）判为 fold 尺度""}]",0,,0,,4,4,1,"[""CHEMBL1155212""]",2009,LITERATURE,0,较一致（pActivity 极差 0.81，10 倍以内）,中,仅 1 篇文献支撑
CHEMBL578638,,Small molecule,,CCn1ccc(Nc2ncnc3ccc(Oc4c(F)cccc4S(C)(=O)=O)cc23)n1,CKHWLHPHVXMPHI-UHFFFAOYSA-N,2,EC50:2,30.0,110.0,190.0,7.52,7.12,6.72,0.8,0,,0,2,1,"[{""assay"": ""CHEMBL1056161"", ""type"": ""EC50"", ""relation"": ""="", ""value_nm"": 190.0, ""pactivity"": 6.72, ""doc"": ""CHEMBL1155212"", ""rule"": ""EC50 为标准化浓度型效力指标""}, {""assay"": ""CHEMBL1056163"", ""type"": ""EC50"", ""relation"": ""="", ""value_nm"": 30.0, ""pactivity"": 7.52, ""doc"": ""CHEMBL1155212"", ""rule"": ""EC50 为标准化浓度型效力指标""}]",2,0.85,Emax@CHEMBL1056162,2,,,0,2,1,"[{""assay"": ""CHEMBL1056162"", ""type"": ""Emax"", ""scale"": ""fold"", ""value"": 0.85, ""units"": null, ""doc"": ""CHEMBL1155212"", ""rule"": ""Emax 为激活幅度指标，按该 assay 内值域（max=1.1）判为 fold 尺度""}, {""assay"": ""CHEMBL1056164"", ""type"": ""Emax"", ""scale"": ""fold"", ""value"": 0.75, ""units"": null, ""doc"": ""CHEMBL1155212"", ""rule"": ""Emax 为激活幅度指标，按该 assay 内值域（max=1.1）判为 fold 尺度""}]",0,,0,,4,4,1,"[""CHEMBL1155212""]",2009,LITERATURE,0,较一致（pActivity 极差 0.8，10 倍以内）,中,仅 1 篇文献支撑
CHEMBL584378,,Small molecule,,Cn1ccc(Nc2ncnc3ccc(Oc4ncccc4Br)cc23)n1,MEUYOPBFTQWYFU-UHFFFAOYSA-N,2,EC50:2,20.0,65.0,110.0,7.7,7.33,6.96,0.74,0,,0,2,1,"[{""assay"": ""CHEMBL1056161"", ""type"": ""EC50"", ""relation"": ""="", ""value_nm"": 110.0, ""pactivity"": 6.96, ""doc"": ""CHEMBL1155212"", ""rule"": ""EC50 为标准化浓度型效力指标""}, {""assay"": ""CHEMBL1056163"", ""type"": ""EC50"", ""relation"": ""="", ""value_nm"": 20.0, ""pactivity"": 7.7, ""doc"": ""CHEMBL1155212"", ""rule"": ""EC50 为标准化浓度型效力指标""}]",2,0.86,Emax@CHEMBL1056162,2,,,0,2,1,"[{""assay"": ""CHEMBL1056162"", ""type"": ""Emax"", ""scale"": ""fold"", ""value"": 0.86, ""units"": null, ""doc"": ""CHEMBL1155212"", ""rule"": ""Emax 为激活幅度指标，按该 assay 内值域（max=1.1）判为 fold 尺度""}, {""assay"": ""CHEMBL1056164"", ""type"": ""Emax"", ""scale"": ""fold"", ""value"": 0.8, ""units"": null, ""doc"": ""CHEMBL1155212"", ""rule"": ""Emax 为激活幅度指标，按该 assay 内值域（max=1.1）判为 fold 尺度""}]",0,,0,,4,4,1,"[""CHEMBL1155212""]",2009,LITERATURE,0,较一致（pActivity 极差 0.74，10 倍以内）,中,仅 1 篇文献支撑
CHEMBL584807,,Small molecule,,Cn1ccc(Nc2ncnc3ccc(Oc4ccc(F)cc4F)cc23)n1,REXDHEBHLNGIGV-UHFFFAOYSA-N,2,EC50:2,60.0,180.0,300.0,7.22,6.87,6.52,0.7,0,,0,2,1,"[{""assay"": ""CHEMBL1056161"", ""type"": ""EC50"", ""relation"": ""="", ""value_nm"": 300.0, ""pactivity"": 6.52, ""doc"": ""CHEMBL1155212"", ""rule"": ""EC50 为标准化浓度型效力指标""}, {""assay"": ""CHEMBL1056163"", ""type"": ""EC50"", ""relation"": ""="", ""value_nm"": 60.0, ""pactivity"": 7.22, ""doc"": ""CHEMBL1155212"", ""rule"": ""EC50 为标准化浓度型效力指标""}]",2,0.93,Emax@CHEMBL1056162,2,,,0,2,1,"[{""assay"": ""CHEMBL1056162"", ""type"": ""Emax"", ""scale"": ""fold"", ""value"": 0.93, ""units"": null, ""doc"": ""CHEMBL1155212"", ""rule"": ""Emax 为激活幅度指标，按该 assay 内值域（max=1.1）判为 fold 尺度""}, {""assay"": ""CHEMBL1056164"", ""type"": ""Emax"", ""scale"": ""fold"", ""value"": 0.4, ""units"": null, ""doc"": ""CHEMBL1155212"", ""rule"": ""Emax 为激活幅度指标，按该 assay 内值域（max=1.1）判为 fold 尺度""}]",0,,0,,4,4,1,"[""CHEMBL1155212""]",2009,LITERATURE,0,较一致（pActivity 极差 0.7，10 倍以内）,中,仅 1 篇文献支撑
CHEMBL592914,,Small molecule,,Nc1cccc(NC(=O)c2cc(Sc3ccccn3)c(F)cc2N)c1,HWRSFSUILBZZTM-UHFFFAOYSA-N,0,,,,,,,,,0,,0,0,0,,1,1.12,FC@CHEMBL1042963,1,,,0,1,1,"[{""assay"": ""CHEMBL1042963"", ""type"": ""FC"", ""scale"": ""fold"", ""value"": 1.12, ""units"": null, ""doc"": ""CHEMBL1152613"", ""rule"": ""FC（fold change）为激活倍数""}]",0,,0,,1,1,1,"[""CHEMBL1152613""]",2009,LITERATURE,0,不适用（可定量效力值不足 2 个 assay）,弱,仅 1 篇文献支撑
CHEMBL593002,,Small molecule,,CCS(=O)(=O)c1ccc(Oc2cc3nc(-c4ccccn4)[nH]c3cc2CN2CCNC2=O)cc1,RECUUWFFODZMMM-UHFFFAOYSA-N,2,EC50:2,,,,,,,,2,5000.0,0,2,1,"[{""assay"": ""CHEMBL1038417"", ""type"": ""EC50"", ""relation"": "">"", ""value_nm"": 5000.0, ""pactivity"": null, ""doc"": ""CHEMBL1152594"", ""rule"": ""EC50 为标准化浓度型效力指标""}, {""assay"": ""CHEMBL1065927"", ""type"": ""EC50"", ""relation"": "">"", ""value_nm"": 5000.0, ""pactivity"": null, ""doc"": ""CHEMBL1152594"", ""rule"": ""EC50 为标准化浓度型效力指标""}]",0,,,0,,,0,0,0,,0,,0,,2,2,1,"[""CHEMBL1152594""]",2009,LITERATURE,0,不适用（可定量效力值不足 2 个 assay）,中,仅 1 篇文献支撑；2 条效力为删失值（>，最高浓度未达 EC50），未计入汇总；无可定量的效力或效能值
CHEMBL593151,,Small molecule,,Cc1cc(C)nc(Sc2cc(C(=O)Nc3cccc(N)c3)c(N)cc2F)n1,RGNCUFIRDIKOLE-UHFFFAOYSA-N,0,,,,,,,,,0,,0,0,0,,1,1.09,FC@CHEMBL1042963,1,,,0,1,1,"[{""assay"": ""CHEMBL1042963"", ""type"": ""FC"", ""scale"": ""fold"", ""value"": 1.09, ""units"": null, ""doc"": ""CHEMBL1152613"", ""rule"": ""FC（fold change）为激活倍数""}]",0,,0,,1,1,1,"[""CHEMBL1152613""]",2009,LITERATURE,0,不适用（可定量效力值不足 2 个 assay）,弱,仅 1 篇文献支撑
CHEMBL593183,,Small molecule,,Nc1cc(F)c(Sc2nccs2)cc1C(=O)Nc1cccc(F)c1,OALJKOSDGYTPHR-UHFFFAOYSA-N,0,,,,,,,,,0,,0,0,0,,1,1.25,FC@CHEMBL1042963,1,,,0,1,1,"[{""assay"": ""CHEMBL1042963"", ""type"": ""FC"", ""scale"": ""fold"", ""value"": 1.25, ""units"": null, ""doc"": ""CHEMBL1152613"", ""rule"": ""FC（fold change）为激活倍数""}]",0,,0,,1,1,1,"[""CHEMBL1152613""]",2009,LITERATURE,0,不适用（可定量效力值不足 2 个 assay）,弱,仅 1 篇文献支撑
CHEMBL593212,,Small molecule,,N#Cc1cccc(NC(=O)c2cc(Sc3nccs3)c(F)cc2N)c1,GOESVORNUJNWLR-UHFFFAOYSA-N,0,,,,,,,,,0,,0,0,0,,1,1.2,FC@CHEMBL1042963,1,,,0,1,1,"[{""assay"": ""CHEMBL1042963"", ""type"": ""FC"", ""scale"": ""fold"", ""value"": 1.2, ""units"": null, ""doc"": ""CHEMBL1152613"", ""rule"": ""FC（fold change）为激活倍数""}]",0,,0,,1,1,1,"[""CHEMBL1152613""]",2009,LITERATURE,0,不适用（可定量效力值不足 2 个 assay）,弱,仅 1 篇文献支撑
CHEMBL594382,,Small molecule,,CCS(=O)(=O)c1ccc(Oc2cc3nc(-c4ccccn4)[nH]c3cc2Cn2ccnc2)cc1,PGZFLIGICKGSIH-UHFFFAOYSA-N,2,EC50:2,120.0,275.0,430.0,6.92,6.645,6.37,0.55,0,,0,2,1,"[{""assay"": ""CHEMBL1038417"", ""type"": ""EC50"", ""relation"": ""="", ""value_nm"": 120.0, ""pactivity"": 6.92, ""doc"": ""CHEMBL1152594"", ""rule"": ""EC50 为标准化浓度型效力指标""}, {""assay"": ""CHEMBL1065927"", ""type"": ""EC50"", ""relation"": ""="", ""value_nm"": 430.0, ""pactivity"": 6.37, ""doc"": ""CHEMBL1152594"", ""rule"": ""EC50 为标准化浓度型效力指标""}]",2,1.03,Emax@CHEMBL1038416,2,,,0,2,1,"[{""assay"": ""CHEMBL1038416"", ""type"": ""Emax"", ""scale"": ""fold"", ""value"": 1.03, ""units"": ""%"", ""doc"": ""CHEMBL1152594"", ""rule"": ""Emax 为激活幅度指标，按该 assay 内值域（max=1.1）判为 fold 尺度；⚠ 原始单位标注为 % 但数值是倍数，以数值为准""}, {""assay"": ""CHEMBL1038418"", ""type"": ""Emax"", ""scale"": ""fold"", ""value"": 0.99, ""units"": ""%"", ""doc"": ""CHEMBL1152594"", ""rule"": ""Emax 为激活幅度指标，按该 assay 内值域（max=1.13）判为 fold 尺度；⚠ 原始单位标注为 % 但数值是倍数，以数值为准""}]",0,,0,,4,4,1,"[""CHEMBL1152594""]",2009,LITERATURE,0,较一致（pActivity 极差 0.55，10 倍以内）,中,仅 1 篇文献支撑
CHEMBL594566,,Small molecule,,COc1ccc(NC(=O)c2cccc(C(=O)Nc3ccc(OC)cc3)c2)cc1,JJPDIDRSMFNPRZ-UHFFFAOYSA-N,0,,,,,,,,,0,,0,0,0,,1,0.89,FC@CHEMBL1042963,1,,,0,1,1,"[{""assay"": ""CHEMBL1042963"", ""type"": ""FC"", ""scale"": ""fold"", ""value"": 0.89, ""units"": null, ""doc"": ""CHEMBL1152613"", ""rule"": ""FC（fold change）为激活倍数""}]",0,,0,,1,1,1,"[""CHEMBL1152613""]",2009,LITERATURE,0,不适用（可定量效力值不足 2 个 assay）,弱,仅 1 篇文献支撑
CHEMBL594633,,Small molecule,,CCS(=O)(=O)c1ccc(Oc2cc3nc(-c4ccccn4)[nH]c3cc2CN2CCN(C)C2=O)cc1,XBEFXEPSOIGYMK-UHFFFAOYSA-N,2,EC50:2,80.0,200.0,320.0,7.1,6.8,6.5,0.6,0,,0,2,1,"[{""assay"": ""CHEMBL1038417"", ""type"": ""EC50"", ""relation"": ""="", ""value_nm"": 80.0, ""pactivity"": 7.1, ""doc"": ""CHEMBL1152594"", ""rule"": ""EC50 为标准化浓度型效力指标""}, {""assay"": ""CHEMBL1065927"", ""type"": ""EC50"", ""relation"": ""="", ""value_nm"": 320.0, ""pactivity"": 6.5, ""doc"": ""CHEMBL1152594"", ""rule"": ""EC50 为标准化浓度型效力指标""}]",2,0.96,Emax@CHEMBL1038416,2,,,0,2,1,"[{""assay"": ""CHEMBL1038416"", ""type"": ""Emax"", ""scale"": ""fold"", ""value"": 0.96, ""units"": ""%"", ""doc"": ""CHEMBL1152594"", ""rule"": ""Emax 为激活幅度指标，按该 assay 内值域（max=1.1）判为 fold 尺度；⚠ 原始单位标注为 % 但数值是倍数，以数值为准""}, {""assay"": ""CHEMBL1038418"", ""type"": ""Emax"", ""scale"": ""fold"", ""value"": 0.69, ""units"": ""%"", ""doc"": ""CHEMBL1152594"", ""rule"": ""Emax 为激活幅度指标，按该 assay 内值域（max=1.13）判为 fold 尺度；⚠ 原始单位标注为 % 但数值是倍数，以数值为准""}]",0,,0,,4,4,1,"[""CHEMBL1152594""]",2009,LITERATURE,0,较一致（pActivity 极差 0.6，10 倍以内）,中,仅 1 篇文献支撑
CHEMBL594634,,Small molecule,,CCS(=O)(=O)c1ccc(Oc2cc3nc(-c4ccccn4)[nH]c3cc2CN2CCOCC2=O)cc1,XNKAUSLNTJUONY-UHFFFAOYSA-N,2,EC50:2,100.0,190.0,280.0,7.0,6.775,6.55,0.45,0,,0,2,1,"[{""assay"": ""CHEMBL1038417"", ""type"": ""EC50"", ""relation"": ""="", ""value_nm"": 100.0, ""pactivity"": 7.0, ""doc"": ""CHEMBL1152594"", ""rule"": ""EC50 为标准化浓度型效力指标""}, {""assay"": ""CHEMBL1065927"", ""type"": ""EC50"", ""relation"": ""="", ""value_nm"": 280.0, ""pactivity"": 6.55, ""doc"": ""CHEMBL1152594"", ""rule"": ""EC50 为标准化浓度型效力指标""}]",2,0.88,Emax@CHEMBL1038416,2,,,0,2,1,"[{""assay"": ""CHEMBL1038416"", ""type"": ""Emax"", ""scale"": ""fold"", ""value"": 0.88, ""units"": ""%"", ""doc"": ""CHEMBL1152594"", ""rule"": ""Emax 为激活幅度指标，按该 assay 内值域（max=1.1）判为 fold 尺度；⚠ 原始单位标注为 % 但数值是倍数，以数值为准""}, {""assay"": ""CHEMBL1038418"", ""type"": ""Emax"", ""scale"": ""fold"", ""value"": 0.85, ""units"": ""%"", ""doc"": ""CHEMBL1152594"", ""rule"": ""Emax 为激活幅度指标，按该 assay 内值域（max=1.13）判为 fold 尺度；⚠ 原始单位标注为 % 但数值是倍数，以数值为准""}]",0,,0,,4,4,1,"[""CHEMBL1152594""]",2009,LITERATURE,0,一致（pActivity 极差 0.45，3 倍以内）,中,仅 1 篇文献支撑
CHEMBL595122,,Small molecule,,CCS(=O)(=O)c1ccc(Oc2cc3nc(-c4ccccn4)[nH]c3cc2CN2C(=O)CCC2=O)cc1,KFQGCVGSHWAFGW-UHFFFAOYSA-N,2,EC50:2,40.0,100.0,160.0,7.4,7.1,6.8,0.6,0,,0,2,1,"[{""assay"": ""CHEMBL1038417"", ""type"": ""EC50"", ""relation"": ""="", ""value_nm"": 40.0, ""pactivity"": 7.4, ""doc"": ""CHEMBL1152594"", ""rule"": ""EC50 为标准化浓度型效力指标""}, {""assay"": ""CHEMBL1065927"", ""type"": ""EC50"", ""relation"": ""="", ""value_nm"": 160.0, ""pactivity"": 6.8, ""doc"": ""CHEMBL1152594"", ""rule"": ""EC50 为标准化浓度型效力指标""}]",2,1.09,Emax@CHEMBL1038418,2,,,0,2,1,"[{""assay"": ""CHEMBL1038416"", ""type"": ""Emax"", ""scale"": ""fold"", ""value"": 1, ""units"": ""%"", ""doc"": ""CHEMBL1152594"", ""rule"": ""Emax 为激活幅度指标，按该 assay 内值域（max=1.1）判为 fold 尺度；⚠ 原始单位标注为 % 但数值是倍数，以数值为准""}, {""assay"": ""CHEMBL1038418"", ""type"": ""Emax"", ""scale"": ""fold"", ""value"": 1.09, ""units"": ""%"", ""doc"": ""CHEMBL1152594"", ""rule"": ""Emax 为激活幅度指标，按该 assay 内值域（max=1.13）判为 fold 尺度；⚠ 原始单位标注为 % 但数值是倍数，以数值为准""}]",0,,0,,4,4,1,"[""CHEMBL1152594""]",2009,LITERATURE,0,较一致（pActivity 极差 0.6，10 倍以内）,中,仅 1 篇文献支撑
CHEMBL595273,,Small molecule,,COc1cccc(NC(=O)c2cccc(C(=O)Nc3cccc(OC)c3)c2)c1,KSLPIXQLWACJBY-UHFFFAOYSA-N,0,,,,,,,,,0,,0,0,0,,1,0.81,FC@CHEMBL1042963,1,,,0,1,1,"[{""assay"": ""CHEMBL1042963"", ""type"": ""FC"", ""scale"": ""fold"", ""value"": 0.81, ""units"": null, ""doc"": ""CHEMBL1152613"", ""rule"": ""FC（fold change）为激活倍数""}]",0,,0,,1,1,1,"[""CHEMBL1152613""]",2009,LITERATURE,0,不适用（可定量效力值不足 2 个 assay）,弱,仅 1 篇文献支撑
CHEMBL595296,,Small molecule,,Nc1cccc(NC(=O)c2cc(Sc3nccs3)c(F)cc2N)c1,ZPARWIDTZKAAJE-UHFFFAOYSA-N,0,,,,,,,,,0,,0,0,0,,1,1.21,FC@CHEMBL1042963,1,,,0,1,1,"[{""assay"": ""CHEMBL1042963"", ""type"": ""FC"", ""scale"": ""fold"", ""value"": 1.21, ""units"": null, ""doc"": ""CHEMBL1152613"", ""rule"": ""FC（fold change）为激活倍数""}]",0,,0,,1,1,1,"[""CHEMBL1152613""]",2009,LITERATURE,0,不适用（可定量效力值不足 2 个 assay）,弱,仅 1 篇文献支撑
CHEMBL595297,,Small molecule,,N#Cc1cccc(NC(=O)c2cc(Sc3nncs3)c(F)cc2N)c1,IRBIWYIYRJRFAC-UHFFFAOYSA-N,0,,,,,,,,,0,,0,0,0,,1,1.2,FC@CHEMBL1042963,1,,,0,1,1,"[{""assay"": ""CHEMBL1042963"", ""type"": ""FC"", ""scale"": ""fold"", ""value"": 1.2, ""units"": null, ""doc"": ""CHEMBL1152613"", ""rule"": ""FC（fold change）为激活倍数""}]",0,,0,,1,1,1,"[""CHEMBL1152613""]",2009,LITERATURE,0,不适用（可定量效力值不足 2 个 assay）,弱,仅 1 篇文献支撑
CHEMBL595353,,Small molecule,,CCS(=O)(=O)c1ccc(Oc2cc3nc(-c4ccccn4)[nH]c3cc2Cc2nnnn2C)cc1,QMPWZGRVHHAAIP-UHFFFAOYSA-N,2,EC50:2,70.0,240.0,410.0,7.16,6.775,6.39,0.77,0,,0,2,1,"[{""assay"": ""CHEMBL1038417"", ""type"": ""EC50"", ""relation"": ""="", ""value_nm"": 70.0, ""pactivity"": 7.16, ""doc"": ""CHEMBL1152594"", ""rule"": ""EC50 为标准化浓度型效力指标""}, {""assay"": ""CHEMBL1065927"", ""type"": ""EC50"", ""relation"": ""="", ""value_nm"": 410.0, ""pactivity"": 6.39, ""doc"": ""CHEMBL1152594"", ""rule"": ""EC50 为标准化浓度型效力指标""}]",2,1.1,Emax@CHEMBL1038416,2,,,0,2,1,"[{""assay"": ""CHEMBL1038416"", ""type"": ""Emax"", ""scale"": ""fold"", ""value"": 1.1, ""units"": ""%"", ""doc"": ""CHEMBL1152594"", ""rule"": ""Emax 为激活幅度指标，按该 assay 内值域（max=1.1）判为 fold 尺度；⚠ 原始单位标注为 % 但数值是倍数，以数值为准""}, {""assay"": ""CHEMBL1038418"", ""type"": ""Emax"", ""scale"": ""fold"", ""value"": 1.07, ""units"": ""%"", ""doc"": ""CHEMBL1152594"", ""rule"": ""Emax 为激活幅度指标，按该 assay 内值域（max=1.13）判为 fold 尺度；⚠ 原始单位标注为 % 但数值是倍数，以数值为准""}]",0,,0,,4,4,1,"[""CHEMBL1152594""]",2009,LITERATURE,0,较一致（pActivity 极差 0.77，10 倍以内）,中,仅 1 篇文献支撑
CHEMBL595362,,Small molecule,,CCS(=O)(=O)c1ccc(Oc2cc3nc(-c4ccccn4)[nH]c3cc2CN2CCOC2=O)cc1,KZSSMVSIXNWYIC-UHFFFAOYSA-N,2,EC50:2,60.0,155.0,250.0,7.22,6.91,6.6,0.62,0,,0,2,1,"[{""assay"": ""CHEMBL1038417"", ""type"": ""EC50"", ""relation"": ""="", ""value_nm"": 60.0, ""pactivity"": 7.22, ""doc"": ""CHEMBL1152594"", ""rule"": ""EC50 为标准化浓度型效力指标""}, {""assay"": ""CHEMBL1065927"", ""type"": ""EC50"", ""relation"": ""="", ""value_nm"": 250.0, ""pactivity"": 6.6, ""doc"": ""CHEMBL1152594"", ""rule"": ""EC50 为标准化浓度型效力指标""}]",2,1.03,Emax@CHEMBL1038418,2,,,0,2,1,"[{""assay"": ""CHEMBL1038416"", ""type"": ""Emax"", ""scale"": ""fold"", ""value"": 1, ""units"": ""%"", ""doc"": ""CHEMBL1152594"", ""rule"": ""Emax 为激活幅度指标，按该 assay 内值域（max=1.1）判为 fold 尺度；⚠ 原始单位标注为 % 但数值是倍数，以数值为准""}, {""assay"": ""CHEMBL1038418"", ""type"": ""Emax"", ""scale"": ""fold"", ""value"": 1.03, ""units"": ""%"", ""doc"": ""CHEMBL1152594"", ""rule"": ""Emax 为激活幅度指标，按该 assay 内值域（max=1.13）判为 fold 尺度；⚠ 原始单位标注为 % 但数值是倍数，以数值为准""}]",0,,0,,4,4,1,"[""CHEMBL1152594""]",2009,LITERATURE,0,较一致（pActivity 极差 0.62，10 倍以内）,中,仅 1 篇文献支撑
CHEMBL595498,,Small molecule,,Nc1cc(F)c(Sc2nncs2)cc1C(=O)Nc1cccc(C(F)(F)F)c1,IISYFRWMOBWLGT-UHFFFAOYSA-N,0,,,,,,,,,0,,0,0,0,,1,1.14,FC@CHEMBL1042963,1,,,0,1,1,"[{""assay"": ""CHEMBL1042963"", ""type"": ""FC"", ""scale"": ""fold"", ""value"": 1.14, ""units"": null, ""doc"": ""CHEMBL1152613"", ""rule"": ""FC（fold change）为激活倍数""}]",0,,0,,1,1,1,"[""CHEMBL1152613""]",2009,LITERATURE,0,不适用（可定量效力值不足 2 个 assay）,弱,仅 1 篇文献支撑
CHEMBL595519,,Small molecule,,COc1ccc(NC(=O)c2cc(Sc3nccn3C)c(F)cc2N)cc1OC,JDJOBLZBWCAIQN-UHFFFAOYSA-N,0,,,,,,,,,0,,0,0,0,,1,1.32,FC@CHEMBL1042963,1,,,0,1,1,"[{""assay"": ""CHEMBL1042963"", ""type"": ""FC"", ""scale"": ""fold"", ""value"": 1.32, ""units"": null, ""doc"": ""CHEMBL1152613"", ""rule"": ""FC（fold change）为激活倍数""}]",0,,0,,1,1,1,"[""CHEMBL1152613""]",2009,LITERATURE,0,不适用（可定量效力值不足 2 个 assay）,弱,仅 1 篇文献支撑
CHEMBL595524,,Small molecule,,Cc1csc(Sc2cc(C(=O)Nc3cccc(C(F)(F)F)c3)c(N)cc2F)n1,USQFJNMFKWYQHU-UHFFFAOYSA-N,0,,,,,,,,,0,,0,0,0,,1,0.89,FC@CHEMBL1042963,1,,,0,1,1,"[{""assay"": ""CHEMBL1042963"", ""type"": ""FC"", ""scale"": ""fold"", ""value"": 0.89, ""units"": null, ""doc"": ""CHEMBL1152613"", ""rule"": ""FC（fold change）为激活倍数""}]",0,,0,,1,1,1,"[""CHEMBL1152613""]",2009,LITERATURE,0,不适用（可定量效力值不足 2 个 assay）,弱,仅 1 篇文献支撑
CHEMBL595525,,Small molecule,,Nc1cc(F)c(Sc2nncs2)cc1C(=O)Nc1cccc(F)c1,FVKVMVBCHSSQQC-UHFFFAOYSA-N,0,,,,,,,,,0,,0,0,0,,1,1.36,FC@CHEMBL1042963,1,,,0,1,1,"[{""assay"": ""CHEMBL1042963"", ""type"": ""FC"", ""scale"": ""fold"", ""value"": 1.36, ""units"": null, ""doc"": ""CHEMBL1152613"", ""rule"": ""FC（fold change）为激活倍数""}]",0,,0,,1,1,1,"[""CHEMBL1152613""]",2009,LITERATURE,0,不适用（可定量效力值不足 2 个 assay）,弱,仅 1 篇文献支撑
CHEMBL595722,,Small molecule,,N#Cc1cccc(NC(=O)CN2CCN(c3ccccc3F)CC2)c1,NDZKUGVKYIIEDU-UHFFFAOYSA-N,0,,,,,,,,,0,,0,0,0,,1,0.96,FC@CHEMBL1042963,1,,,0,1,1,"[{""assay"": ""CHEMBL1042963"", ""type"": ""FC"", ""scale"": ""fold"", ""value"": 0.96, ""units"": null, ""doc"": ""CHEMBL1152613"", ""rule"": ""FC（fold change）为激活倍数""}]",0,,0,,1,1,1,"[""CHEMBL1152613""]",2009,LITERATURE,0,不适用（可定量效力值不足 2 个 assay）,弱,仅 1 篇文献支撑
CHEMBL595954,,Small molecule,,Nc1cc(F)c(Sc2nc3ccccc3o2)cc1C(=O)Nc1cccc(F)c1,RRTMFPIQILAZSW-UHFFFAOYSA-N,0,,,,,,,,,0,,0,0,0,,1,0.83,FC@CHEMBL1042963,1,,,0,1,1,"[{""assay"": ""CHEMBL1042963"", ""type"": ""FC"", ""scale"": ""fold"", ""value"": 0.83, ""units"": null, ""doc"": ""CHEMBL1152613"", ""rule"": ""FC（fold change）为激活倍数""}]",0,,0,,1,1,1,"[""CHEMBL1152613""]",2009,LITERATURE,0,不适用（可定量效力值不足 2 个 assay）,弱,仅 1 篇文献支撑
CHEMBL595970,,Small molecule,,Cc1cc(C)nc(Sc2cc(C(=O)Nc3cccc(C#N)c3)c(N)cc2F)n1,OCXIRHZYCXZHBH-UHFFFAOYSA-N,0,,,,,,,,,0,,0,0,0,,1,1.01,FC@CHEMBL1042963,1,,,0,1,1,"[{""assay"": ""CHEMBL1042963"", ""type"": ""FC"", ""scale"": ""fold"", ""value"": 1.01, ""units"": null, ""doc"": ""CHEMBL1152613"", ""rule"": ""FC（fold change）为激活倍数""}]",0,,0,,1,1,1,"[""CHEMBL1152613""]",2009,LITERATURE,0,不适用（可定量效力值不足 2 个 assay）,弱,仅 1 篇文献支撑
CHEMBL596020,,Small molecule,,CCS(=O)(=O)c1ccc(Oc2cc3nc(-c4ccccn4)[nH]c3cc2CN2CCCS2(=O)=O)cc1,KZADIHLFNCWLAC-UHFFFAOYSA-N,2,EC50:2,90.0,275.0,460.0,7.05,6.695,6.34,0.71,0,,0,2,1,"[{""assay"": ""CHEMBL1038417"", ""type"": ""EC50"", ""relation"": ""="", ""value_nm"": 90.0, ""pactivity"": 7.05, ""doc"": ""CHEMBL1152594"", ""rule"": ""EC50 为标准化浓度型效力指标""}, {""assay"": ""CHEMBL1065927"", ""type"": ""EC50"", ""relation"": ""="", ""value_nm"": 460.0, ""pactivity"": 6.34, ""doc"": ""CHEMBL1152594"", ""rule"": ""EC50 为标准化浓度型效力指标""}]",2,0.8,Emax@CHEMBL1038416,2,,,0,2,1,"[{""assay"": ""CHEMBL1038416"", ""type"": ""Emax"", ""scale"": ""fold"", ""value"": 0.8, ""units"": ""%"", ""doc"": ""CHEMBL1152594"", ""rule"": ""Emax 为激活幅度指标，按该 assay 内值域（max=1.1）判为 fold 尺度；⚠ 原始单位标注为 % 但数值是倍数，以数值为准""}, {""assay"": ""CHEMBL1038418"", ""type"": ""Emax"", ""scale"": ""fold"", ""value"": 0.63, ""units"": ""%"", ""doc"": ""CHEMBL1152594"", ""rule"": ""Emax 为激活幅度指标，按该 assay 内值域（max=1.13）判为 fold 尺度；⚠ 原始单位标注为 % 但数值是倍数，以数值为准""}]",0,,0,,4,4,1,"[""CHEMBL1152594""]",2009,LITERATURE,0,较一致（pActivity 极差 0.71，10 倍以内）,中,仅 1 篇文献支撑
CHEMBL596026,,Small molecule,,CCS(=O)(=O)c1ccc(Oc2cc3nc(-c4ccccn4)[nH]c3cc2CN2C(=O)COC2=O)cc1,HRYYRMWFRRSPFD-UHFFFAOYSA-N,2,EC50:2,20.0,55.0,90.0,7.7,7.375,7.05,0.65,0,,0,2,1,"[{""assay"": ""CHEMBL1038417"", ""type"": ""EC50"", ""relation"": ""="", ""value_nm"": 20.0, ""pactivity"": 7.7, ""doc"": ""CHEMBL1152594"", ""rule"": ""EC50 为标准化浓度型效力指标""}, {""assay"": ""CHEMBL1065927"", ""type"": ""EC50"", ""relation"": ""="", ""value_nm"": 90.0, ""pactivity"": 7.05, ""doc"": ""CHEMBL1152594"", ""rule"": ""EC50 为标准化浓度型效力指标""}]",2,1.08,Emax@CHEMBL1038416,2,,,0,2,1,"[{""assay"": ""CHEMBL1038416"", ""type"": ""Emax"", ""scale"": ""fold"", ""value"": 1.08, ""units"": ""%"", ""doc"": ""CHEMBL1152594"", ""rule"": ""Emax 为激活幅度指标，按该 assay 内值域（max=1.1）判为 fold 尺度；⚠ 原始单位标注为 % 但数值是倍数，以数值为准""}, {""assay"": ""CHEMBL1038418"", ""type"": ""Emax"", ""scale"": ""fold"", ""value"": 1.02, ""units"": ""%"", ""doc"": ""CHEMBL1152594"", ""rule"": ""Emax 为激活幅度指标，按该 assay 内值域（max=1.13）判为 fold 尺度；⚠ 原始单位标注为 % 但数值是倍数，以数值为准""}]",0,,0,,4,4,1,"[""CHEMBL1152594""]",2009,LITERATURE,0,较一致（pActivity 极差 0.65，10 倍以内）,中,仅 1 篇文献支撑
CHEMBL596032,,Small molecule,,CCS(=O)(=O)c1ccc(Oc2cc3nc(-c4ccccn4)[nH]c3cc2CN2C(=O)CN(C)C2=O)cc1,XJPUFMSGFDSNKS-UHFFFAOYSA-N,2,EC50:2,60.0,120.0,180.0,7.22,6.985,6.75,0.47,0,,0,2,1,"[{""assay"": ""CHEMBL1038417"", ""type"": ""EC50"", ""relation"": ""="", ""value_nm"": 60.0, ""pactivity"": 7.22, ""doc"": ""CHEMBL1152594"", ""rule"": ""EC50 为标准化浓度型效力指标""}, {""assay"": ""CHEMBL1065927"", ""type"": ""EC50"", ""relation"": ""="", ""value_nm"": 180.0, ""pactivity"": 6.75, ""doc"": ""CHEMBL1152594"", ""rule"": ""EC50 为标准化浓度型效力指标""}]",2,0.9,Emax@CHEMBL1038416,2,,,0,2,1,"[{""assay"": ""CHEMBL1038416"", ""type"": ""Emax"", ""scale"": ""fold"", ""value"": 0.9, ""units"": ""%"", ""doc"": ""CHEMBL1152594"", ""rule"": ""Emax 为激活幅度指标，按该 assay 内值域（max=1.1）判为 fold 尺度；⚠ 原始单位标注为 % 但数值是倍数，以数值为准""}, {""assay"": ""CHEMBL1038418"", ""type"": ""Emax"", ""scale"": ""fold"", ""value"": 0.74, ""units"": ""%"", ""doc"": ""CHEMBL1152594"", ""rule"": ""Emax 为激活幅度指标，按该 assay 内值域（max=1.13）判为 fold 尺度；⚠ 原始单位标注为 % 但数值是倍数，以数值为准""}]",0,,0,,4,4,1,"[""CHEMBL1152594""]",2009,LITERATURE,0,一致（pActivity 极差 0.47，3 倍以内）,中,仅 1 篇文献支撑
CHEMBL596180,,Small molecule,,Cn1ccnc1Sc1cc(C(=O)Nc2cccc(CN)c2)c(N)cc1F,DCAUACBDISSENL-UHFFFAOYSA-N,0,,,,,,,,,0,,0,0,0,,1,1.01,FC@CHEMBL1042963,1,,,0,1,1,"[{""assay"": ""CHEMBL1042963"", ""type"": ""FC"", ""scale"": ""fold"", ""value"": 1.01, ""units"": null, ""doc"": ""CHEMBL1152613"", ""rule"": ""FC（fold change）为激活倍数""}]",0,,0,,1,1,1,"[""CHEMBL1152613""]",2009,LITERATURE,0,不适用（可定量效力值不足 2 个 assay）,弱,仅 1 篇文献支撑
CHEMBL596181,,Small molecule,,COc1ccccc1NC(=O)c1cccc(C(=O)Nc2ccccc2OC)c1,SNISGTQJRALKBP-UHFFFAOYSA-N,0,,,,,,,,,0,,0,0,0,,1,1.02,FC@CHEMBL1042963,1,,,0,1,1,"[{""assay"": ""CHEMBL1042963"", ""type"": ""FC"", ""scale"": ""fold"", ""value"": 1.02, ""units"": null, ""doc"": ""CHEMBL1152613"", ""rule"": ""FC（fold change）为激活倍数""}]",0,,0,,1,1,1,"[""CHEMBL1152613""]",2009,LITERATURE,0,不适用（可定量效力值不足 2 个 assay）,弱,仅 1 篇文献支撑
CHEMBL596404,,Small molecule,,Cc1csc(Sc2cc(C(=O)Nc3cccc(N)c3)c(N)cc2F)n1,ACFYHPCMPGGQEQ-UHFFFAOYSA-N,0,,,,,,,,,0,,0,0,0,,1,1.1,FC@CHEMBL1042963,1,,,0,1,1,"[{""assay"": ""CHEMBL1042963"", ""type"": ""FC"", ""scale"": ""fold"", ""value"": 1.1, ""units"": null, ""doc"": ""CHEMBL1152613"", ""rule"": ""FC（fold change）为激活倍数""}]",0,,0,,1,1,1,"[""CHEMBL1152613""]",2009,LITERATURE,0,不适用（可定量效力值不足 2 个 assay）,弱,仅 1 篇文献支撑
CHEMBL596449,,Small molecule,,Nc1cccc(NC(=O)CN2CCN(c3ccccc3F)CC2)c1,XHWIRINYKKUBHL-UHFFFAOYSA-N,0,,,,,,,,,0,,0,0,0,,1,1.08,FC@CHEMBL1042963,1,,,0,1,1,"[{""assay"": ""CHEMBL1042963"", ""type"": ""FC"", ""scale"": ""fold"", ""value"": 1.08, ""units"": null, ""doc"": ""CHEMBL1152613"", ""rule"": ""FC（fold change）为激活倍数""}]",0,,0,,1,1,1,"[""CHEMBL1152613""]",2009,LITERATURE,0,不适用（可定量效力值不足 2 个 assay）,弱,仅 1 篇文献支撑
CHEMBL596480,,Small molecule,,CCS(=O)(=O)c1ccc(Oc2cc3nc(-c4ccccn4)[nH]c3cc2CN(C)C(C)=O)cc1,IHHUJYRBHNKJIO-UHFFFAOYSA-N,2,EC50:2,70.0,185.0,300.0,7.16,6.84,6.52,0.64,0,,0,2,1,"[{""assay"": ""CHEMBL1038417"", ""type"": ""EC50"", ""relation"": ""="", ""value_nm"": 70.0, ""pactivity"": 7.16, ""doc"": ""CHEMBL1152594"", ""rule"": ""EC50 为标准化浓度型效力指标""}, {""assay"": ""CHEMBL1065927"", ""type"": ""EC50"", ""relation"": ""="", ""value_nm"": 300.0, ""pactivity"": 6.52, ""doc"": ""CHEMBL1152594"", ""rule"": ""EC50 为标准化浓度型效力指标""}]",2,1.13,Emax@CHEMBL1038418,2,,,0,2,1,"[{""assay"": ""CHEMBL1038416"", ""type"": ""Emax"", ""scale"": ""fold"", ""value"": 1.02, ""units"": ""%"", ""doc"": ""CHEMBL1152594"", ""rule"": ""Emax 为激活幅度指标，按该 assay 内值域（max=1.1）判为 fold 尺度；⚠ 原始单位标注为 % 但数值是倍数，以数值为准""}, {""assay"": ""CHEMBL1038418"", ""type"": ""Emax"", ""scale"": ""fold"", ""value"": 1.13, ""units"": ""%"", ""doc"": ""CHEMBL1152594"", ""rule"": ""Emax 为激活幅度指标，按该 assay 内值域（max=1.13）判为 fold 尺度；⚠ 原始单位标注为 % 但数值是倍数，以数值为准""}]",0,,0,,4,4,1,"[""CHEMBL1152594""]",2009,LITERATURE,0,较一致（pActivity 极差 0.64，10 倍以内）,中,仅 1 篇文献支撑
CHEMBL603214,,Small molecule,,Nc1cc(F)c(Sc2nccs2)cc1C(=O)Nc1cccc(C(F)(F)F)c1,UOIVGVJLRGHARL-UHFFFAOYSA-N,0,,,,,,,,,0,,0,0,0,,1,1.15,FC@CHEMBL1042963,1,,,0,1,1,"[{""assay"": ""CHEMBL1042963"", ""type"": ""FC"", ""scale"": ""fold"", ""value"": 1.15, ""units"": null, ""doc"": ""CHEMBL1152613"", ""rule"": ""FC（fold change）为激活倍数""}]",0,,0,,1,1,1,"[""CHEMBL1152613""]",2009,LITERATURE,0,不适用（可定量效力值不足 2 个 assay）,弱,仅 1 篇文献支撑
CHEMBL604065,,Small molecule,,CCS(=O)(=O)c1ccc(Oc2cc3nc(-c4ccccn4)[nH]c3cc2CN2CCCC2=O)cc1,AOPNJTOVUCKWEL-UHFFFAOYSA-N,2,EC50:2,60.0,205.0,350.0,7.22,6.84,6.46,0.76,0,,0,2,1,"[{""assay"": ""CHEMBL1038417"", ""type"": ""EC50"", ""relation"": ""="", ""value_nm"": 60.0, ""pactivity"": 7.22, ""doc"": ""CHEMBL1152594"", ""rule"": ""EC50 为标准化浓度型效力指标""}, {""assay"": ""CHEMBL1065927"", ""type"": ""EC50"", ""relation"": ""="", ""value_nm"": 350.0, ""pactivity"": 6.46, ""doc"": ""CHEMBL1152594"", ""rule"": ""EC50 为标准化浓度型效力指标""}]",2,1.07,Emax@CHEMBL1038416,2,,,0,2,1,"[{""assay"": ""CHEMBL1038416"", ""type"": ""Emax"", ""scale"": ""fold"", ""value"": 1.07, ""units"": ""%"", ""doc"": ""CHEMBL1152594"", ""rule"": ""Emax 为激活幅度指标，按该 assay 内值域（max=1.1）判为 fold 尺度；⚠ 原始单位标注为 % 但数值是倍数，以数值为准""}, {""assay"": ""CHEMBL1038418"", ""type"": ""Emax"", ""scale"": ""fold"", ""value"": 1, ""units"": ""%"", ""doc"": ""CHEMBL1152594"", ""rule"": ""Emax 为激活幅度指标，按该 assay 内值域（max=1.13）判为 fold 尺度；⚠ 原始单位标注为 % 但数值是倍数，以数值为准""}]",0,,0,,4,4,1,"[""CHEMBL1152594""]",2009,LITERATURE,0,较一致（pActivity 极差 0.76，10 倍以内）,中,仅 1 篇文献支撑
CHEMBL606041,,Small molecule,,CCN(Cc1cc2[nH]c(-c3ccccn3)nc2cc1Oc1ccc(S(=O)(=O)CC)cc1)C(C)=O,KTHKNAAVLHKTSD-UHFFFAOYSA-N,2,EC50:2,110.0,305.0,500.0,6.96,6.63,6.3,0.66,0,,0,2,1,"[{""assay"": ""CHEMBL1038417"", ""type"": ""EC50"", ""relation"": ""="", ""value_nm"": 110.0, ""pactivity"": 6.96, ""doc"": ""CHEMBL1152594"", ""rule"": ""EC50 为标准化浓度型效力指标""}, {""assay"": ""CHEMBL1065927"", ""type"": ""EC50"", ""relation"": ""="", ""value_nm"": 500.0, ""pactivity"": 6.3, ""doc"": ""CHEMBL1152594"", ""rule"": ""EC50 为标准化浓度型效力指标""}]",2,1.04,Emax@CHEMBL1038416,2,,,0,2,1,"[{""assay"": ""CHEMBL1038416"", ""type"": ""Emax"", ""scale"": ""fold"", ""value"": 1.04, ""units"": ""%"", ""doc"": ""CHEMBL1152594"", ""rule"": ""Emax 为激活幅度指标，按该 assay 内值域（max=1.1）判为 fold 尺度；⚠ 原始单位标注为 % 但数值是倍数，以数值为准""}, {""assay"": ""CHEMBL1038418"", ""type"": ""Emax"", ""scale"": ""fold"", ""value"": 0.95, ""units"": ""%"", ""doc"": ""CHEMBL1152594"", ""rule"": ""Emax 为激活幅度指标，按该 assay 内值域（max=1.13）判为 fold 尺度；⚠ 原始单位标注为 % 但数值是倍数，以数值为准""}]",0,,0,,4,4,1,"[""CHEMBL1152594""]",2009,LITERATURE,0,较一致（pActivity 极差 0.66，10 倍以内）,中,仅 1 篇文献支撑
CHEMBL606156,,Small molecule,,CCS(=O)(=O)c1ccc(Oc2cc3nc(-c4ccccn4)[nH]c3cc2CNC(C)=O)cc1,UNMQYYDCURQBFP-UHFFFAOYSA-N,2,EC50:2,220.0,815.0,1410.0,6.66,6.255,5.85,0.81,0,,0,2,1,"[{""assay"": ""CHEMBL1038417"", ""type"": ""EC50"", ""relation"": ""="", ""value_nm"": 220.0, ""pactivity"": 6.66, ""doc"": ""CHEMBL1152594"", ""rule"": ""EC50 为标准化浓度型效力指标""}, {""assay"": ""CHEMBL1065927"", ""type"": ""EC50"", ""relation"": ""="", ""value_nm"": 1410.0, ""pactivity"": 5.85, ""doc"": ""CHEMBL1152594"", ""rule"": ""EC50 为标准化浓度型效力指标""}]",2,0.98,Emax@CHEMBL1038416,2,,,0,2,1,"[{""assay"": ""CHEMBL1038416"", ""type"": ""Emax"", ""scale"": ""fold"", ""value"": 0.98, ""units"": ""%"", ""doc"": ""CHEMBL1152594"", ""rule"": ""Emax 为激活幅度指标，按该 assay 内值域（max=1.1）判为 fold 尺度；⚠ 原始单位标注为 % 但数值是倍数，以数值为准""}, {""assay"": ""CHEMBL1038418"", ""type"": ""Emax"", ""scale"": ""fold"", ""value"": 0.94, ""units"": ""%"", ""doc"": ""CHEMBL1152594"", ""rule"": ""Emax 为激活幅度指标，按该 assay 内值域（max=1.13）判为 fold 尺度；⚠ 原始单位标注为 % 但数值是倍数，以数值为准""}]",0,,0,,4,4,1,"[""CHEMBL1152594""]",2009,LITERATURE,0,较一致（pActivity 极差 0.81，10 倍以内）,中,仅 1 篇文献支撑
CHEMBL606370,,Small molecule,,CCS(=O)(=O)c1ccc(Oc2cc3nc(-c4ccccn4)[nH]c3cc2CCC(=O)N(C)C)cc1,ODKWGBYTXDKXFO-UHFFFAOYSA-N,2,EC50:2,120.0,370.0,620.0,6.92,6.565,6.21,0.71,0,,0,2,1,"[{""assay"": ""CHEMBL1038417"", ""type"": ""EC50"", ""relation"": ""="", ""value_nm"": 120.0, ""pactivity"": 6.92, ""doc"": ""CHEMBL1152594"", ""rule"": ""EC50 为标准化浓度型效力指标""}, {""assay"": ""CHEMBL1065927"", ""type"": ""EC50"", ""relation"": ""="", ""value_nm"": 620.0, ""pactivity"": 6.21, ""doc"": ""CHEMBL1152594"", ""rule"": ""EC50 为标准化浓度型效力指标""}]",2,1.0,Emax@CHEMBL1038416,2,,,0,2,1,"[{""assay"": ""CHEMBL1038416"", ""type"": ""Emax"", ""scale"": ""fold"", ""value"": 1, ""units"": ""%"", ""doc"": ""CHEMBL1152594"", ""rule"": ""Emax 为激活幅度指标，按该 assay 内值域（max=1.1）判为 fold 尺度；⚠ 原始单位标注为 % 但数值是倍数，以数值为准""}, {""assay"": ""CHEMBL1038418"", ""type"": ""Emax"", ""scale"": ""fold"", ""value"": 0.98, ""units"": ""%"", ""doc"": ""CHEMBL1152594"", ""rule"": ""Emax 为激活幅度指标，按该 assay 内值域（max=1.13）判为 fold 尺度；⚠ 原始单位标注为 % 但数值是倍数，以数值为准""}]",0,,0,,4,4,1,"[""CHEMBL1152594""]",2009,LITERATURE,0,较一致（pActivity 极差 0.71，10 倍以内）,中,仅 1 篇文献支撑
CHEMBL606374,,Small molecule,,CCS(=O)(=O)c1ccc(Oc2cc3nc(-c4ccccn4)[nH]c3cc2CN2CCCC2)cc1,LZHSKPVMSXCTTB-UHFFFAOYSA-N,2,EC50:2,,,,,,,,2,5000.0,0,2,1,"[{""assay"": ""CHEMBL1038417"", ""type"": ""EC50"", ""relation"": "">"", ""value_nm"": 5000.0, ""pactivity"": null, ""doc"": ""CHEMBL1152594"", ""rule"": ""EC50 为标准化浓度型效力指标""}, {""assay"": ""CHEMBL1065927"", ""type"": ""EC50"", ""relation"": "">"", ""value_nm"": 5000.0, ""pactivity"": null, ""doc"": ""CHEMBL1152594"", ""rule"": ""EC50 为标准化浓度型效力指标""}]",0,,,0,,,0,0,0,,0,,0,,2,2,1,"[""CHEMBL1152594""]",2009,LITERATURE,0,不适用（可定量效力值不足 2 个 assay）,中,仅 1 篇文献支撑；2 条效力为删失值（>，最高浓度未达 EC50），未计入汇总；无可定量的效力或效能值
CHEMBL607545,,Small molecule,,Nc1cc(F)c(Sc2ccccn2)cc1C(=O)Nc1cccc(F)c1,RNALGCCOARIWOM-UHFFFAOYSA-N,0,,,,,,,,,0,,0,0,0,,1,1.1,FC@CHEMBL1042963,1,,,0,1,1,"[{""assay"": ""CHEMBL1042963"", ""type"": ""FC"", ""scale"": ""fold"", ""value"": 1.1, ""units"": null, ""doc"": ""CHEMBL1152613"", ""rule"": ""FC（fold change）为激活倍数""}]",0,,0,,1,1,1,"[""CHEMBL1152613""]",2009,LITERATURE,0,不适用（可定量效力值不足 2 个 assay）,弱,仅 1 篇文献支撑
CHEMBL608393,,Small molecule,,Cn1ccnc1Sc1cc(C(=O)Nc2nccs2)c(N)cc1F,YUCYMQBDBXVNCE-UHFFFAOYSA-N,2,EC50:2,67.11,73.555,80.0,7.17,7.135,7.1,0.07,0,,0,2,2,"[{""assay"": ""CHEMBL1042962"", ""type"": ""EC50"", ""relation"": ""="", ""value_nm"": 67.11, ""pactivity"": 7.17, ""doc"": ""CHEMBL1152613"", ""rule"": ""EC50 为标准化浓度型效力指标""}, {""assay"": ""CHEMBL3583541"", ""type"": ""EC50"", ""relation"": ""="", ""value_nm"": 80.0, ""pactivity"": 7.1, ""doc"": ""CHEMBL3580608"", ""rule"": ""EC50 为标准化浓度型效力指标""}]",1,3.97,FC@CHEMBL1042963,1,,,0,1,1,"[{""assay"": ""CHEMBL1042963"", ""type"": ""FC"", ""scale"": ""fold"", ""value"": 3.97, ""units"": null, ""doc"": ""CHEMBL1152613"", ""rule"": ""FC（fold change）为激活倍数""}]",0,,1,"[{""assay"": ""CHEMBL4428666"", ""type"": ""Activity"", ""value"": 170, ""units"": ""%"", ""reason"": ""Activity 为自由文本指标（无官方标准化规则），assay 描述未命中提升门槛，不跨实验汇总""}]",4,4,3,"[""CHEMBL1152613"", ""CHEMBL3580608"", ""CHEMBL4428044""]",2009; 2014; 2016,LITERATURE,0,一致（pActivity 极差 0.07，3 倍以内）,强,1 条指标未归类（见 unclassified_records）
CHEMBL609292,,Small molecule,,Cc1csc(Sc2cc(C(=O)Nc3cccc(C#N)c3)c(N)cc2F)n1,OAPPQZGLCLDLDY-UHFFFAOYSA-N,0,,,,,,,,,0,,0,0,0,,1,0.99,FC@CHEMBL1042963,1,,,0,1,1,"[{""assay"": ""CHEMBL1042963"", ""type"": ""FC"", ""scale"": ""fold"", ""value"": 0.99, ""units"": null, ""doc"": ""CHEMBL1152613"", ""rule"": ""FC（fold change）为激活倍数""}]",0,,0,,1,1,1,"[""CHEMBL1152613""]",2009,LITERATURE,0,不适用（可定量效力值不足 2 个 assay）,弱,仅 1 篇文献支撑
CHEMBL611059,,Small molecule,,Nc1cccc(NC(=O)c2cc(Sc3nncs3)c(F)cc2N)c1,LLUKTNJXQSOHED-UHFFFAOYSA-N,0,,,,,,,,,0,,0,0,0,,1,1.22,FC@CHEMBL1042963,1,,,0,1,1,"[{""assay"": ""CHEMBL1042963"", ""type"": ""FC"", ""scale"": ""fold"", ""value"": 1.22, ""units"": null, ""doc"": ""CHEMBL1152613"", ""rule"": ""FC（fold change）为激活倍数""}]",0,,0,,1,1,1,"[""CHEMBL1152613""]",2009,LITERATURE,0,不适用（可定量效力值不足 2 个 assay）,弱,仅 1 篇文献支撑
CHEMBL611214,,Small molecule,,COc1ccc(NC(=O)CN2CCN(c3ccc(F)cc3F)CC2)cc1OC,KSKFCSUNSBSRNS-UHFFFAOYSA-N,0,,,,,,,,,0,,0,0,0,,1,1.01,FC@CHEMBL1042963,1,,,0,1,1,"[{""assay"": ""CHEMBL1042963"", ""type"": ""FC"", ""scale"": ""fold"", ""value"": 1.01, ""units"": null, ""doc"": ""CHEMBL1152613"", ""rule"": ""FC（fold change）为激活倍数""}]",0,,0,,1,1,1,"[""CHEMBL1152613""]",2009,LITERATURE,0,不适用（可定量效力值不足 2 个 assay）,弱,仅 1 篇文献支撑
CHEMBL611354,,Small molecule,,Cn1ccnc1Sc1cc(NC(=O)c2cccc(N)c2)c(N)cc1F,QSTXXGGNWWTITD-UHFFFAOYSA-N,0,,,,,,,,,0,,0,0,0,,1,1.16,FC@CHEMBL1042963,1,,,0,1,1,"[{""assay"": ""CHEMBL1042963"", ""type"": ""FC"", ""scale"": ""fold"", ""value"": 1.16, ""units"": null, ""doc"": ""CHEMBL1152613"", ""rule"": ""FC（fold change）为激活倍数""}]",0,,0,,1,1,1,"[""CHEMBL1152613""]",2009,LITERATURE,0,不适用（可定量效力值不足 2 个 assay）,弱,仅 1 篇文献支撑
CHEMBL611646,,Small molecule,,O=C(CN1CCN(c2ccccc2F)CC1)Nc1cccc(F)c1,ZIDQBSOXRCGTOJ-UHFFFAOYSA-N,0,,,,,,,,,0,,0,0,0,,1,1.01,FC@CHEMBL1042963,1,,,0,1,1,"[{""assay"": ""CHEMBL1042963"", ""type"": ""FC"", ""scale"": ""fold"", ""value"": 1.01, ""units"": null, ""doc"": ""CHEMBL1152613"", ""rule"": ""FC（fold change）为激活倍数""}]",0,,0,,1,1,1,"[""CHEMBL1152613""]",2009,LITERATURE,0,不适用（可定量效力值不足 2 个 assay）,弱,仅 1 篇文献支撑
