tid,target_chembl_id,target_pref_name,target_type,assay_id,assay_chembl_id,assay_description,assay_type,assay_type_desc,assay_test_type,assay_category_chembl,bao_format,bao_label,assay_organism,assay_tax_id,assay_strain,assay_tissue,assay_cell_type,assay_subcellular_fraction,variant_id,variant_mutation,variant_accession,variant_isoform,confidence_score,confidence_desc,relationship_type,relationship_desc,src_id,src_short_name,src_assay_id,doc_chembl_id,doc_year,doc_journal,pubmed_id,doi,doc_title,assay_parameters,n_assay_parameters,assay_classifications,n_assay_classifications,n_activities,n_activities_with_pchembl,n_distinct_compounds,standard_types,activity_comments,n_activity_comments,assay_category,classification_confidence,classification_reason,review_required,classification_method,llm_category,llm_confidence,llm_evidence,llm_reasoning,llm_evidence_verified,llm_error,final_category,final_confidence,final_method,final_review_required
20095,CHEMBL3820,Hexokinase-4,SINGLE PROTEIN,304127,CHEMBL840244,Potency in Glucokinase activation assay,B,Binding,,,BAO_0000357,single protein format,Homo sapiens,9606,,,,,,,,,9,Direct single protein target assigned,D,Direct protein target assigned,1,LITERATURE,,CHEMBL1143537,2005,Bioorg Med Chem Lett,15808477,10.1016/j.bmcl.2005.01.087,"Discovery, synthesis and biological evaluation of novel glucokinase activators.",,0,,0,23,16,23,EC50:23,,0,GCK 激活,high,描述命中激活类措辞：「Potency in Glucokinase activation assay」；standard_type 与描述一致（EC50:23→激活）,FALSE,rule,,,,,,,GCK 激活,high,rule,FALSE
20095,CHEMBL3820,Hexokinase-4,SINGLE PROTEIN,354582,CHEMBL865109,Activation of glucokinase,F,Functional,,,BAO_0000019,assay format,Homo sapiens,9606,,,,,,,,,9,Direct single protein target assigned,D,Direct protein target assigned,1,LITERATURE,,CHEMBL1147698,2006,Bioorg Med Chem Lett,16503142,10.1016/j.bmcl.2006.02.022,"Design of a potent, soluble glucokinase activator with excellent in vivo efficacy.",,0,,0,6,6,6,EC50:6,,0,GCK 激活,high,描述命中激活类措辞：「Activation of glucokinase」；standard_type 与描述一致（EC50:6→激活）,FALSE,rule,,,,,,,GCK 激活,high,rule,FALSE
20095,CHEMBL3820,Hexokinase-4,SINGLE PROTEIN,488153,CHEMBL990114,Activation of GST fused human liver glucokinase assessed as generation of NADPH by G6PDH coupled assay,B,Binding,,,BAO_0000019,assay format,Homo sapiens,9606,,,,,,,,,9,Direct single protein target assigned,D,Direct protein target assigned,1,LITERATURE,,CHEMBL1155108,2008,J Med Chem,18588279,10.1021/jm8003202,"SAR, pharmacokinetics, safety, and efficacy of glucokinase activating 2-(4-sulfonylphenyl)-N-thiazol-2-ylacetamides: discovery of PSN-GK1.",,0,,0,13,12,13,EC50:13,,0,GCK 激活,high,描述命中激活类措辞：「Activation of GST fused human liver glucokinase assessed as generation…」；standard_type 与描述一致（EC50:13→激活）,FALSE,rule,,,,,,,GCK 激活,high,rule,FALSE
20095,CHEMBL3820,Hexokinase-4,SINGLE PROTEIN,488154,CHEMBL990115,Activation of GST fused human liver glucokinase assessed as generation of NADPH by G6PDH coupled assay relative to control,B,Binding,,,BAO_0000019,assay format,Homo sapiens,9606,,,,,,,,,9,Direct single protein target assigned,D,Direct protein target assigned,1,LITERATURE,,CHEMBL1155108,2008,J Med Chem,18588279,10.1021/jm8003202,"SAR, pharmacokinetics, safety, and efficacy of glucokinase activating 2-(4-sulfonylphenyl)-N-thiazol-2-ylacetamides: discovery of PSN-GK1.",,0,,0,12,0,12,FC:12,,0,GCK 激活,high,描述命中激活类措辞：「Activation of GST fused human liver glucokinase assessed as generation…」；standard_type 与描述一致（FC:12→激活）,FALSE,rule,,,,,,,GCK 激活,high,rule,FALSE
20095,CHEMBL3820,Hexokinase-4,SINGLE PROTEIN,488155,CHEMBL990116,Activation of GST fused human liver glucokinase assessed as concentration required to double glucokinase activity by G6PDH coupled assay,B,Binding,,,BAO_0000019,assay format,Homo sapiens,9606,,,,,,,,,9,Direct single protein target assigned,D,Direct protein target assigned,1,LITERATURE,,CHEMBL1155108,2008,J Med Chem,18588279,10.1021/jm8003202,"SAR, pharmacokinetics, safety, and efficacy of glucokinase activating 2-(4-sulfonylphenyl)-N-thiazol-2-ylacetamides: discovery of PSN-GK1.",,0,,0,12,0,12,Activity:12,,0,GCK 激活,high,描述命中激活类措辞：「Activation of GST fused human liver glucokinase assessed as concentrat…」,FALSE,rule,,,,,,,GCK 激活,high,rule,FALSE
20095,CHEMBL3820,Hexokinase-4,SINGLE PROTEIN,565878,CHEMBL959301,Activation of human glucokinase by glucose-6-phosphate dehydrogenase coupled continuous spectrophotometric assay in presence of 2.5 mM glucose,B,Binding,,,BAO_0000357,single protein format,Homo sapiens,9606,,,,,,,,,9,Direct single protein target assigned,D,Direct protein target assigned,1,LITERATURE,,CHEMBL1152887,2009,Bioorg Med Chem Lett,19188063,10.1016/j.bmcl.2009.01.053,Identification of novel and potent 2-amino benzamide derivatives as allosteric glucokinase activators.,,0,,0,33,27,33,EC50:33,,0,GCK 激活,high,描述命中激活类措辞：「Activation of human glucokinase by glucose-6-phosphate dehydrogenase c…」；standard_type 与描述一致（EC50:33→激活）,FALSE,rule,,,,,,,GCK 激活,high,rule,FALSE
20095,CHEMBL3820,Hexokinase-4,SINGLE PROTEIN,565879,CHEMBL959302,Activation of human glucokinase by glucose-6-phosphate dehydrogenase coupled continuous spectrophotometric assay in presence of 10 mM glucose,B,Binding,,,BAO_0000357,single protein format,Homo sapiens,9606,,,,,,,,,9,Direct single protein target assigned,D,Direct protein target assigned,1,LITERATURE,,CHEMBL1152887,2009,Bioorg Med Chem Lett,19188063,10.1016/j.bmcl.2009.01.053,Identification of novel and potent 2-amino benzamide derivatives as allosteric glucokinase activators.,,0,,0,33,27,33,EC50:33,,0,GCK 激活,high,描述命中激活类措辞：「Activation of human glucokinase by glucose-6-phosphate dehydrogenase c…」；standard_type 与描述一致（EC50:33→激活）,FALSE,rule,,,,,,,GCK 激活,high,rule,FALSE
20095,CHEMBL3820,Hexokinase-4,SINGLE PROTEIN,565880,CHEMBL959303,Activation of human glucokinase assessed as maximal response by glucose-6-phosphate dehydrogenase coupled continuous spectrophotometric assay in presence of 2.5 mM glucose relative to control,B,Binding,,,BAO_0000357,single protein format,Homo sapiens,9606,,,,,,,,,9,Direct single protein target assigned,D,Direct protein target assigned,1,LITERATURE,,CHEMBL1152887,2009,Bioorg Med Chem Lett,19188063,10.1016/j.bmcl.2009.01.053,Identification of novel and potent 2-amino benzamide derivatives as allosteric glucokinase activators.,,0,,0,33,0,33,FC:33,,0,GCK 激活,high,描述命中激活类措辞：「Activation of human glucokinase assessed as maximal response by glucos…」；standard_type 与描述一致（FC:33→激活）,FALSE,rule,,,,,,,GCK 激活,high,rule,FALSE
20095,CHEMBL3820,Hexokinase-4,SINGLE PROTEIN,565881,CHEMBL959304,Activation of human glucokinase assessed as maximal response by glucose-6-phosphate dehydrogenase coupled continuous spectrophotometric assay in presence of 10 mM glucose relative to control,B,Binding,,,BAO_0000357,single protein format,Homo sapiens,9606,,,,,,,,,9,Direct single protein target assigned,D,Direct protein target assigned,1,LITERATURE,,CHEMBL1152887,2009,Bioorg Med Chem Lett,19188063,10.1016/j.bmcl.2009.01.053,Identification of novel and potent 2-amino benzamide derivatives as allosteric glucokinase activators.,,0,,0,33,0,33,FC:33,,0,GCK 激活,high,描述命中激活类措辞：「Activation of human glucokinase assessed as maximal response by glucos…」；standard_type 与描述一致（FC:33→激活）,FALSE,rule,,,,,,,GCK 激活,high,rule,FALSE
20095,CHEMBL3820,Hexokinase-4,SINGLE PROTEIN,566832,CHEMBL957641,Activation of flag-tagged human recombinant liver glucokinase expressed in Escherichia coli by glucose-6-phosphate dehydrogenase coupled continuous spectrophotometric assay in presence of 2.5 mM glucose,B,Binding,,,BAO_0000019,assay format,Homo sapiens,9606,,,,,,,,,9,Direct single protein target assigned,D,Direct protein target assigned,1,LITERATURE,,CHEMBL1153380,2009,Bioorg Med Chem,19282189,10.1016/j.bmc.2009.02.038,Discovery of potent and orally active 3-alkoxy-5-phenoxy-N-thiazolyl benzamides as novel allosteric glucokinase activators.,,0,,0,25,23,25,EC50:25,,0,GCK 激活,high,描述命中激活类措辞：「Activation of flag-tagged human recombinant liver glucokinase expresse…」；standard_type 与描述一致（EC50:25→激活）,FALSE,rule,,,,,,,GCK 激活,high,rule,FALSE
20095,CHEMBL3820,Hexokinase-4,SINGLE PROTEIN,566833,CHEMBL957642,"Activation of flag-tagged human recombinant liver glucokinase expressed in Escherichia coli assessed as maximal activating response by glucose-6-phosphate dehydrogenase coupled continuous spectrophotometric assay relative to 2-amino-5-(4-methyl-4H-1,2,4-triazol-3-ylthio)-N-(4-methylthiazol-2-yl)benzamide in presence of 2.5 mM glucose",B,Binding,,,BAO_0000019,assay format,Homo sapiens,9606,,,,,,,,,9,Direct single protein target assigned,D,Direct protein target assigned,1,LITERATURE,,CHEMBL1153380,2009,Bioorg Med Chem,19282189,10.1016/j.bmc.2009.02.038,Discovery of potent and orally active 3-alkoxy-5-phenoxy-N-thiazolyl benzamides as novel allosteric glucokinase activators.,,0,,0,24,0,24,Activity:24,,0,GCK 激活,high,描述命中激活类措辞：「Activation of flag-tagged human recombinant liver glucokinase expresse…」,FALSE,rule,,,,,,,GCK 激活,high,rule,FALSE
20095,CHEMBL3820,Hexokinase-4,SINGLE PROTEIN,566834,CHEMBL957643,Activation of flag-tagged human recombinant liver glucokinase expressed in Escherichia coli by glucose-6-phosphate dehydrogenase coupled continuous spectrophotometric assay in presence of 10 mM glucose,B,Binding,,,BAO_0000019,assay format,Homo sapiens,9606,,,,,,,,,9,Direct single protein target assigned,D,Direct protein target assigned,1,LITERATURE,,CHEMBL1153380,2009,Bioorg Med Chem,19282189,10.1016/j.bmc.2009.02.038,Discovery of potent and orally active 3-alkoxy-5-phenoxy-N-thiazolyl benzamides as novel allosteric glucokinase activators.,,0,,0,25,23,25,EC50:25,,0,GCK 激活,high,描述命中激活类措辞：「Activation of flag-tagged human recombinant liver glucokinase expresse…」；standard_type 与描述一致（EC50:25→激活）,FALSE,rule,,,,,,,GCK 激活,high,rule,FALSE
20095,CHEMBL3820,Hexokinase-4,SINGLE PROTEIN,566835,CHEMBL957569,"Activation of flag-tagged human recombinant liver glucokinase expressed in Escherichia coli assessed as maximal activating response by glucose-6-phosphate dehydrogenase coupled continuous spectrophotometric assay relative to 2-amino-5-(4-methyl-4H-1,2,4-triazol-3-ylthio)-N-(4-methylthiazol-2-yl)benzamide in presence of 10 mM glucose",B,Binding,,,BAO_0000019,assay format,Homo sapiens,9606,,,,,,,,,9,Direct single protein target assigned,D,Direct protein target assigned,1,LITERATURE,,CHEMBL1153380,2009,Bioorg Med Chem,19282189,10.1016/j.bmc.2009.02.038,Discovery of potent and orally active 3-alkoxy-5-phenoxy-N-thiazolyl benzamides as novel allosteric glucokinase activators.,,0,,0,24,0,24,Activity:24,,0,GCK 激活,high,描述命中激活类措辞：「Activation of flag-tagged human recombinant liver glucokinase expresse…」,FALSE,rule,,,,,,,GCK 激活,high,rule,FALSE
20095,CHEMBL3820,Hexokinase-4,SINGLE PROTEIN,575546,CHEMBL1035543,Activation of glucokinase,B,Binding,,,BAO_0000357,single protein format,,,,,,,,,,,8,Homologous single protein target assigned,H,Homologous protein target assigned,1,LITERATURE,,CHEMBL1151869,2009,Bioorg Med Chem Lett,19362831,10.1016/j.bmcl.2009.03.137,"Discovery of novel 3,6-disubstituted 2-pyridinecarboxamide derivatives as GK activators.",,0,,0,11,11,11,EC50:11,,0,GCK 激活,high,描述命中激活类措辞：「Activation of glucokinase」；standard_type 与描述一致（EC50:11→激活）,FALSE,rule,,,,,,,GCK 激活,high,rule,FALSE
20095,CHEMBL3820,Hexokinase-4,SINGLE PROTEIN,576767,CHEMBL1032034,Activation of flag-tagged human recombinant liver glucokinase expressed in Escherichia coli by glucose-6-phosphate dehydrogenase coupled continuous spectrophotometric assay in presence of 2.5 mM glucose,B,Binding,,,BAO_0000019,assay format,Homo sapiens,9606,,,,,,,,,9,Direct single protein target assigned,D,Direct protein target assigned,1,LITERATURE,,CHEMBL1151922,2009,Bioorg Med Chem,19427223,10.1016/j.bmc.2009.04.040,"Structure-activity relationships of 3,5-disubstituted benzamides as glucokinase activators with potent in vivo efficacy.",,0,,0,34,32,32,EC50:34,,0,GCK 激活,high,描述命中激活类措辞：「Activation of flag-tagged human recombinant liver glucokinase expresse…」；standard_type 与描述一致（EC50:34→激活）,FALSE,rule,,,,,,,GCK 激活,high,rule,FALSE
20095,CHEMBL3820,Hexokinase-4,SINGLE PROTEIN,576768,CHEMBL1032035,Activation of flag-tagged human recombinant liver glucokinase expressed in Escherichia coli by glucose-6-phosphate dehydrogenase coupled continuous spectrophotometric assay in presence of 10 mM glucose,B,Binding,,,BAO_0000019,assay format,Homo sapiens,9606,,,,,,,,,9,Direct single protein target assigned,D,Direct protein target assigned,1,LITERATURE,,CHEMBL1151922,2009,Bioorg Med Chem,19427223,10.1016/j.bmc.2009.04.040,"Structure-activity relationships of 3,5-disubstituted benzamides as glucokinase activators with potent in vivo efficacy.",,0,,0,34,32,32,EC50:34,,0,GCK 激活,high,描述命中激活类措辞：「Activation of flag-tagged human recombinant liver glucokinase expresse…」；standard_type 与描述一致（EC50:34→激活）,FALSE,rule,,,,,,,GCK 激活,high,rule,FALSE
20095,CHEMBL3820,Hexokinase-4,SINGLE PROTEIN,584072,CHEMBL1058313,Activation of flag-tagged recombinant human liver glucokinase expressed in Escherichia coli assessed as glucose-6-phosphate dehydrogenase by spectrophotometry,B,Binding,,,BAO_0000019,assay format,Homo sapiens,9606,,,,,,,,,9,Direct single protein target assigned,D,Direct protein target assigned,1,LITERATURE,,CHEMBL1153645,2009,Bioorg Med Chem Lett,19540111,10.1016/j.bmcl.2009.05.038,Discovery of novel 2-(pyridine-2-yl)-1H-benzimidazole derivatives as potent glucokinase activators.,,0,,0,25,22,24,EC50:25,,0,GCK 激活,high,描述命中激活类措辞：「Activation of flag-tagged recombinant human liver glucokinase expresse…」；standard_type 与描述一致（EC50:25→激活）,FALSE,rule,,,,,,,GCK 激活,high,rule,FALSE
20095,CHEMBL3820,Hexokinase-4,SINGLE PROTEIN,584073,CHEMBL1058314,"Activation of flag-tagged recombinant human liver glucokinase expressed in Escherichia coli assessed as glucose-6-phosphate dehydrogenase activity by spectrophotometry relative to 2-amino-5-(4-methyl-4H-1,2,4-triazol-3-ylthio)-N-(4-methylthiazol-2-yl)benzamide",B,Binding,,,BAO_0000019,assay format,Homo sapiens,9606,,,,,,,,,9,Direct single protein target assigned,D,Direct protein target assigned,1,LITERATURE,,CHEMBL1153645,2009,Bioorg Med Chem Lett,19540111,10.1016/j.bmcl.2009.05.038,Discovery of novel 2-(pyridine-2-yl)-1H-benzimidazole derivatives as potent glucokinase activators.,,0,,0,25,0,24,Emax:25,,0,GCK 激活,high,描述命中激活类措辞：「Activation of flag-tagged recombinant human liver glucokinase expresse…」；standard_type 与描述一致（Emax:25→激活）,FALSE,rule,,,,,,,GCK 激活,high,rule,FALSE
20095,CHEMBL3820,Hexokinase-4,SINGLE PROTEIN,584077,CHEMBL1058318,"Activation of flag-tagged recombinant human liver glucokinase expressed in Escherichia coli assessed as glucose-6-phosphate dehydrogenase activity at 30 uM spectrophotometry relative to 2-amino-5-(4-methyl-4H-1,2,4-triazol-3-ylthio)-N-(4-methylthiazol-2-yl)benzamide",B,Binding,,,BAO_0000019,assay format,Homo sapiens,9606,,,,,,,,,9,Direct single protein target assigned,D,Direct protein target assigned,1,LITERATURE,,CHEMBL1153645,2009,Bioorg Med Chem Lett,19540111,10.1016/j.bmcl.2009.05.038,Discovery of novel 2-(pyridine-2-yl)-1H-benzimidazole derivatives as potent glucokinase activators.,,0,,0,6,0,6,Emax:6,,0,GCK 激活,high,描述命中激活类措辞：「Activation of flag-tagged recombinant human liver glucokinase expresse…」；standard_type 与描述一致（Emax:6→激活）,FALSE,rule,,,,,,,GCK 激活,high,rule,FALSE
20095,CHEMBL3820,Hexokinase-4,SINGLE PROTEIN,588966,CHEMBL1056161,Activation of N-terminal His-tagged human recombinant liver glucokinase expressed in Escherichia coli BL21 (DE3) by glucose-6-phosphate dehydrogenase coupled continuous spectrophotometric assay in presence of 2.5 mM glucose,B,Binding,,,BAO_0000019,assay format,Homo sapiens,9606,,,,,,,,,9,Direct single protein target assigned,D,Direct protein target assigned,1,LITERATURE,,CHEMBL1155212,2009,Bioorg Med Chem Lett,19726182,10.1016/j.bmcl.2009.08.064,Discovery and structure-activity relationships of a novel class of quinazoline glucokinase activators.,,0,,0,30,30,30,EC50:30,,0,GCK 激活,high,描述命中激活类措辞：「Activation of N-terminal His-tagged human recombinant liver glucokinas…」；standard_type 与描述一致（EC50:30→激活）,FALSE,rule,,,,,,,GCK 激活,high,rule,FALSE
20095,CHEMBL3820,Hexokinase-4,SINGLE PROTEIN,588967,CHEMBL1056162,"Activation of N-terminal His-tagged human recombinant liver glucokinase expressed in Escherichia coli BL21 (DE3) by glucose-6-phosphate dehydrogenase coupled continuous spectrophotometric assay in presence of 2.5 mM glucose relative to 2-amino-5-(4-methyl-4H-1,2,4-triazol-3-ylthio)-N-(4-methylthiazol-2-yl)benzamide",B,Binding,,,BAO_0000019,assay format,Homo sapiens,9606,,,,,,,,,9,Direct single protein target assigned,D,Direct protein target assigned,1,LITERATURE,,CHEMBL1155212,2009,Bioorg Med Chem Lett,19726182,10.1016/j.bmcl.2009.08.064,Discovery and structure-activity relationships of a novel class of quinazoline glucokinase activators.,,0,,0,29,0,29,Emax:29,,0,GCK 激活,high,描述命中激活类措辞：「Activation of N-terminal His-tagged human recombinant liver glucokinas…」；standard_type 与描述一致（Emax:29→激活）,FALSE,rule,,,,,,,GCK 激活,high,rule,FALSE
20095,CHEMBL3820,Hexokinase-4,SINGLE PROTEIN,588968,CHEMBL1056163,Activation of N-terminal His-tagged human recombinant liver glucokinase expressed in Escherichia coli BL21 (DE3) by glucose-6-phosphate dehydrogenase coupled continuous spectrophotometric assay in presence of 10 mM glucose,B,Binding,,,BAO_0000019,assay format,Homo sapiens,9606,,,,,,,,,9,Direct single protein target assigned,D,Direct protein target assigned,1,LITERATURE,,CHEMBL1155212,2009,Bioorg Med Chem Lett,19726182,10.1016/j.bmcl.2009.08.064,Discovery and structure-activity relationships of a novel class of quinazoline glucokinase activators.,,0,,0,30,30,30,EC50:30,,0,GCK 激活,high,描述命中激活类措辞：「Activation of N-terminal His-tagged human recombinant liver glucokinas…」；standard_type 与描述一致（EC50:30→激活）,FALSE,rule,,,,,,,GCK 激活,high,rule,FALSE
20095,CHEMBL3820,Hexokinase-4,SINGLE PROTEIN,588969,CHEMBL1056164,"Activation of N-terminal His-tagged human recombinant liver glucokinase expressed in Escherichia coli BL21 (DE3) by glucose-6-phosphate dehydrogenase coupled continuous spectrophotometric assay in presence of 10 mM glucose relative to 2-amino-5-(4-methyl-4H-1,2,4-triazol-3-ylthio)-N-(4-methylthiazol-2-yl)benzamide",B,Binding,,,BAO_0000019,assay format,Homo sapiens,9606,,,,,,,,,9,Direct single protein target assigned,D,Direct protein target assigned,1,LITERATURE,,CHEMBL1155212,2009,Bioorg Med Chem Lett,19726182,10.1016/j.bmcl.2009.08.064,Discovery and structure-activity relationships of a novel class of quinazoline glucokinase activators.,,0,,0,29,0,29,Emax:29,,0,GCK 激活,high,描述命中激活类措辞：「Activation of N-terminal His-tagged human recombinant liver glucokinas…」；standard_type 与描述一致（Emax:29→激活）,FALSE,rule,,,,,,,GCK 激活,high,rule,FALSE
20095,CHEMBL3820,Hexokinase-4,SINGLE PROTEIN,589483,CHEMBL1053631,Activation of His-tagged human recombinant liver glucokinase expressed in Escherichia coli BL21 (DE3) assessed as drug level required for half-maximal activation,B,Binding,,,BAO_0000221,tissue-based format,Homo sapiens,9606,,Liver,,,,,,,9,Direct single protein target assigned,D,Direct protein target assigned,1,LITERATURE,,CHEMBL1155225,2009,J Med Chem,19746978,10.1021/jm900839k,Investigation of functionally liver selective glucokinase activators for the treatment of type 2 diabetes.,,0,,0,31,0,31,Activity:31,,0,GCK 激活,high,描述命中激活类措辞：「Activation of His-tagged human recombinant liver glucokinase expressed…」,FALSE,rule,,,,,,,GCK 激活,high,rule,FALSE
20095,CHEMBL3820,Hexokinase-4,SINGLE PROTEIN,589513,CHEMBL1054393,Activity at human recombinant liver glucokinase expressed in Escherichia coli BL21 (DE3),B,Binding,,,BAO_0000019,assay format,Homo sapiens,9606,,,,,,,,,9,Direct single protein target assigned,D,Direct protein target assigned,1,LITERATURE,,CHEMBL1155225,2009,J Med Chem,19746978,10.1021/jm900839k,Investigation of functionally liver selective glucokinase activators for the treatment of type 2 diabetes.,,0,,0,1,0,1,Vmax:1,,0,无法判断,low,描述无方向措辞，standard_type 也全为方向中性（Vmax:1）,TRUE,rule,无法判断,low,Activity at human recombinant liver glucokinase expressed in Escherichia coli BL21 (DE3),描述仅提及活性测定且实测指标为 Vmax，未指明化合物对 GCK 的作用方向（激活或抑制），无法明确分类。,TRUE,,无法判断,low,manual_review_required,TRUE
20095,CHEMBL3820,Hexokinase-4,SINGLE PROTEIN,589514,CHEMBL1054394,Activation of His-tagged human recombinant liver glucokinase expressed in Escherichia coli BL21 (DE3) assessed as drug level required for half-maximal activation for sigmoid activation curve,B,Binding,,,BAO_0000221,tissue-based format,Homo sapiens,9606,,Liver,,,,,,,9,Direct single protein target assigned,D,Direct protein target assigned,1,LITERATURE,,CHEMBL1155225,2009,J Med Chem,19746978,10.1021/jm900839k,Investigation of functionally liver selective glucokinase activators for the treatment of type 2 diabetes.,,0,,0,1,0,1,Activity:1,,0,GCK 激活,high,描述命中激活类措辞：「Activation of His-tagged human recombinant liver glucokinase expressed…」,FALSE,rule,,,,,,,GCK 激活,high,rule,FALSE
20095,CHEMBL3820,Hexokinase-4,SINGLE PROTEIN,602872,CHEMBL1065927,Activation of human liver glucokinase expressed in CHO cells at 2.5 mM glucose concentration by glucose-6-phosphate coupled continuous spectrophotometric assay,B,Binding,,,BAO_0000219,cell-based format,Homo sapiens,9606,,,CHO,,,,,,9,Direct single protein target assigned,D,Direct protein target assigned,1,LITERATURE,,CHEMBL1152594,2009,Bioorg Med Chem,19736020,10.1016/j.bmc.2009.05.037,The design and optimization of a series of 2-(pyridin-2-yl)-1H-benzimidazole compounds as allosteric glucokinase activators.,,0,,0,16,14,16,EC50:16,,0,GCK 激活,high,描述命中激活类措辞：「Activation of human liver glucokinase expressed in CHO cells at 2.5 mM…」；standard_type 与描述一致（EC50:16→激活）,FALSE,rule,,,,,,,GCK 激活,high,rule,FALSE
20095,CHEMBL3820,Hexokinase-4,SINGLE PROTEIN,602873,CHEMBL1038416,"Activation of human liver glucokinase expressed in CHO cells at 2.5 mM glucose concentration by glucose-6-phosphate coupled continuous spectrophotometric assay relative to 2-amino-N-(4-methyl-1,3-thiazol-2-yl)-5-[(4-methyl-4H-1,2,4-triazol-3-yl)sulfanyl]benzamide",B,Binding,,,BAO_0000219,cell-based format,Homo sapiens,9606,,,CHO,,,,,,9,Direct single protein target assigned,D,Direct protein target assigned,1,LITERATURE,,CHEMBL1152594,2009,Bioorg Med Chem,19736020,10.1016/j.bmc.2009.05.037,The design and optimization of a series of 2-(pyridin-2-yl)-1H-benzimidazole compounds as allosteric glucokinase activators.,,0,,0,14,0,14,Emax:14,,0,GCK 激活,high,描述命中激活类措辞：「Activation of human liver glucokinase expressed in CHO cells at 2.5 mM…」；standard_type 与描述一致（Emax:14→激活）,FALSE,rule,,,,,,,GCK 激活,high,rule,FALSE
20095,CHEMBL3820,Hexokinase-4,SINGLE PROTEIN,602874,CHEMBL1038417,Activation of human liver glucokinase expressed in CHO cells at 10 mM glucose concentration by glucose-6-phosphate coupled continuous spectrophotometric assay,B,Binding,,,BAO_0000219,cell-based format,Homo sapiens,9606,,,CHO,,,,,,9,Direct single protein target assigned,D,Direct protein target assigned,1,LITERATURE,,CHEMBL1152594,2009,Bioorg Med Chem,19736020,10.1016/j.bmc.2009.05.037,The design and optimization of a series of 2-(pyridin-2-yl)-1H-benzimidazole compounds as allosteric glucokinase activators.,,0,,0,16,14,16,EC50:16,,0,GCK 激活,high,描述命中激活类措辞：「Activation of human liver glucokinase expressed in CHO cells at 10 mM…」；standard_type 与描述一致（EC50:16→激活）,FALSE,rule,,,,,,,GCK 激活,high,rule,FALSE
20095,CHEMBL3820,Hexokinase-4,SINGLE PROTEIN,602875,CHEMBL1038418,"Activation of human liver glucokinase expressed in CHO cells at 10 mM glucose concentration by glucose-6-phosphate coupled continuous spectrophotometric assay relative to 2-amino-N-(4-methyl-1,3-thiazol-2-yl)-5-[(4-methyl-4H-1,2,4-triazol-3-yl)sulfanyl]benzamide",B,Binding,,,BAO_0000219,cell-based format,Homo sapiens,9606,,,CHO,,,,,,9,Direct single protein target assigned,D,Direct protein target assigned,1,LITERATURE,,CHEMBL1152594,2009,Bioorg Med Chem,19736020,10.1016/j.bmc.2009.05.037,The design and optimization of a series of 2-(pyridin-2-yl)-1H-benzimidazole compounds as allosteric glucokinase activators.,,0,,0,14,0,14,Emax:14,,0,GCK 激活,high,描述命中激活类措辞：「Activation of human liver glucokinase expressed in CHO cells at 10 mM…」；standard_type 与描述一致（Emax:14→激活）,FALSE,rule,,,,,,,GCK 激活,high,rule,FALSE
20095,CHEMBL3820,Hexokinase-4,SINGLE PROTEIN,603822,CHEMBL1042962,Activation of human glucokinase expressed in Escherichia coli BL21(DE3) by G6PDH-coupled spectrometry,B,Binding,,,BAO_0000019,assay format,Homo sapiens,9606,,,,,,,,,9,Direct single protein target assigned,D,Direct protein target assigned,1,LITERATURE,,CHEMBL1152613,2009,Bioorg Med Chem,19758809,10.1016/j.bmc.2009.08.045,Benzamide derivatives as dual-action hypoglycemic agents that inhibit glycogen phosphorylase and activate glucokinase.,,0,,0,6,6,6,EC50:6,,0,GCK 激活,high,描述命中激活类措辞：「Activation of human glucokinase expressed in Escherichia coli BL21(DE3…」；standard_type 与描述一致（EC50:6→激活）,FALSE,rule,,,,,,,GCK 激活,high,rule,FALSE
20095,CHEMBL3820,Hexokinase-4,SINGLE PROTEIN,603823,CHEMBL1042963,Activation of human glucokinase expressed in Escherichia coli BL21(DE3) at 10 uM by G6PDH-coupled spectrometry relative to untreated control,B,Binding,,,BAO_0000019,assay format,Homo sapiens,9606,,,,,,,,,9,Direct single protein target assigned,D,Direct protein target assigned,1,LITERATURE,,CHEMBL1152613,2009,Bioorg Med Chem,19758809,10.1016/j.bmc.2009.08.045,Benzamide derivatives as dual-action hypoglycemic agents that inhibit glycogen phosphorylase and activate glucokinase.,,0,,0,34,0,34,FC:34,,0,GCK 激活,high,描述命中激活类措辞：「Activation of human glucokinase expressed in Escherichia coli BL21(DE3…」；standard_type 与描述一致（FC:34→激活）,FALSE,rule,,,,,,,GCK 激活,high,rule,FALSE
20095,CHEMBL3820,Hexokinase-4,SINGLE PROTEIN,639395,CHEMBL1167927,Activation of human glucokinase expressed in Escherichia coli BL21(DE3) coexpressing G6PDH by spectrometry,B,Binding,,,BAO_0000019,assay format,Homo sapiens,9606,,,,,,,,,9,Direct single protein target assigned,D,Direct protein target assigned,1,LITERATURE,,CHEMBL1165956,2010,Bioorg Med Chem,20472448,10.1016/j.bmc.2010.04.038,"Design, synthesis, and pharmacological evaluation of N-(4-mono and 4,5-disubstituted thiazol-2-yl)-2-aryl-3-(tetrahydro-2H-pyran-4-yl)propanamides as glucokinase activators.",,0,,0,29,24,29,EC50:29,,0,GCK 激活,high,描述命中激活类措辞：「Activation of human glucokinase expressed in Escherichia coli BL21(DE3…」；standard_type 与描述一致（EC50:29→激活）,FALSE,rule,,,,,,,GCK 激活,high,rule,FALSE
20095,CHEMBL3820,Hexokinase-4,SINGLE PROTEIN,639396,CHEMBL1167928,Activation of human glucokinase expressed in Escherichia coli BL21(DE3) coexpressing G6PDH by spectrometry relative to control,B,Binding,,,BAO_0000019,assay format,Homo sapiens,9606,,,,,,,,,9,Direct single protein target assigned,D,Direct protein target assigned,1,LITERATURE,,CHEMBL1165956,2010,Bioorg Med Chem,20472448,10.1016/j.bmc.2010.04.038,"Design, synthesis, and pharmacological evaluation of N-(4-mono and 4,5-disubstituted thiazol-2-yl)-2-aryl-3-(tetrahydro-2H-pyran-4-yl)propanamides as glucokinase activators.",,0,,0,27,0,27,FC:27,,0,GCK 激活,high,描述命中激活类措辞：「Activation of human glucokinase expressed in Escherichia coli BL21(DE3…」；standard_type 与描述一致（FC:27→激活）,FALSE,rule,,,,,,,GCK 激活,high,rule,FALSE
20095,CHEMBL3820,Hexokinase-4,SINGLE PROTEIN,664739,CHEMBL1260806,Activation of glucokinase assessed as concentration required to 50% increase in enzyme activity,B,Binding,,,BAO_0000357,single protein format,,,,,,,,,,,8,Homologous single protein target assigned,H,Homologous protein target assigned,1,LITERATURE,,CHEMBL1255563,2010,Bioorg Med Chem Lett,20805029,10.1016/j.bmcl.2010.08.029,"2,3-Disubstituted acrylamides as potent glucokinase activators.",,0,,0,31,0,31,Activity:31,,0,GCK 激活,high,描述命中激活类措辞：「Activation of glucokinase assessed as concentration required to 50% in…」,FALSE,rule,,,,,,,GCK 激活,high,rule,FALSE
20095,CHEMBL3820,Hexokinase-4,SINGLE PROTEIN,748047,CHEMBL1781588,Activation of His-tagged recombinant glucokinase expressed in Escherichia coli using [14C]-glucose substrate by spectrophotometrically,B,Binding,,,BAO_0000019,assay format,,,,,,,,,,,8,Homologous single protein target assigned,H,Homologous protein target assigned,1,LITERATURE,378118,CHEMBL1777741,2011,Bioorg Med Chem Lett,21515051,10.1016/j.bmcl.2011.03.093,"Design of a potent, soluble glucokinase activator with increased pharmacokinetic half-life.",,0,,0,23,21,23,EC50:23,,0,GCK 激活,high,描述命中激活类措辞：「Activation of His-tagged recombinant glucokinase expressed in Escheric…」；standard_type 与描述一致（EC50:23→激活）,FALSE,rule,,,,,,,GCK 激活,high,rule,FALSE
20095,CHEMBL3820,Hexokinase-4,SINGLE PROTEIN,750244,CHEMBL1788085,Activation of human recombinant glucokinase using 6.5 mM glucose by spectrophotometry,B,Binding,,,BAO_0000357,single protein format,Homo sapiens,9606,,,,,,,,,9,Direct single protein target assigned,D,Direct protein target assigned,1,LITERATURE,381261,CHEMBL1782019,2009,Bioorg Med Chem Lett,19435665,10.1016/j.bmcl.2009.04.107,Pyridones as glucokinase activators: identification of a unique metabolic liability of the 4-sulfonyl-2-pyridone heterocycle.,,0,,0,33,33,33,EC50:33,,0,GCK 激活,high,描述命中激活类措辞：「Activation of human recombinant glucokinase using 6.5 mM glucose by sp…」；standard_type 与描述一致（EC50:33→激活）,FALSE,rule,,,,,,,GCK 激活,high,rule,FALSE
20095,CHEMBL3820,Hexokinase-4,SINGLE PROTEIN,750245,CHEMBL1788086,Activation of human recombinant glucokinase using 6.5 mM glucose by spectrophotometry relative to control,B,Binding,,,BAO_0000357,single protein format,Homo sapiens,9606,,,,,,,,,9,Direct single protein target assigned,D,Direct protein target assigned,1,LITERATURE,381262,CHEMBL1782019,2009,Bioorg Med Chem Lett,19435665,10.1016/j.bmcl.2009.04.107,Pyridones as glucokinase activators: identification of a unique metabolic liability of the 4-sulfonyl-2-pyridone heterocycle.,,0,,0,33,0,33,Emax:33,,0,GCK 激活,high,描述命中激活类措辞：「Activation of human recombinant glucokinase using 6.5 mM glucose by sp…」；standard_type 与描述一致（Emax:33→激活）,FALSE,rule,,,,,,,GCK 激活,high,rule,FALSE
20095,CHEMBL3820,Hexokinase-4,SINGLE PROTEIN,767478,CHEMBL1825590,Activation of human recombinant glucokinase expressed in Escherichia coli coexpressing G6PDH at 10 uM using 5 mM glucose measured as ratio of enzyme activation in treated to untreated control by G6PDH coupled continuous spectrophotometric assay,B,Binding,,,BAO_0000019,assay format,Homo sapiens,9606,,,,,,,,,9,Direct single protein target assigned,D,Direct protein target assigned,1,LITERATURE,398814,CHEMBL1821720,2011,Bioorg Med Chem Lett,21813277,10.1016/j.bmcl.2011.06.128,Discovery and hit-to-lead optimization of novel allosteric glucokinase activators.,,0,,0,70,0,70,Ratio:70,,0,GCK 激活,high,描述命中激活类措辞：「Activation of human recombinant glucokinase expressed in Escherichia c…」,FALSE,rule,,,,,,,GCK 激活,high,rule,FALSE
20095,CHEMBL3820,Hexokinase-4,SINGLE PROTEIN,767479,CHEMBL1825591,Activation of human recombinant glucokinase expressed in Escherichia coli coexpressing G6PDH at 10 uM using 5 mM glucose measured as ratio of enzyme activation in compound treated to Ro-28-1675 by G6PDH coupled continuous spectrophotometric assay,B,Binding,,,BAO_0000019,assay format,Homo sapiens,9606,,,,,,,,,9,Direct single protein target assigned,D,Direct protein target assigned,1,LITERATURE,398815,CHEMBL1821720,2011,Bioorg Med Chem Lett,21813277,10.1016/j.bmcl.2011.06.128,Discovery and hit-to-lead optimization of novel allosteric glucokinase activators.,,0,,0,70,0,70,Ratio:70,,0,GCK 激活,high,描述命中激活类措辞：「Activation of human recombinant glucokinase expressed in Escherichia c…」,FALSE,rule,,,,,,,GCK 激活,high,rule,FALSE
20095,CHEMBL3820,Hexokinase-4,SINGLE PROTEIN,767480,CHEMBL1825592,Activation of human recombinant glucokinase expressed in Escherichia coli coexpressing G6PDH at 10 uM using 20 mM glucose measured as ratio of enzyme activation in treated to untreated control by G6PDH coupled continuous spectrophotometric assay,B,Binding,,,BAO_0000019,assay format,Homo sapiens,9606,,,,,,,,,9,Direct single protein target assigned,D,Direct protein target assigned,1,LITERATURE,398816,CHEMBL1821720,2011,Bioorg Med Chem Lett,21813277,10.1016/j.bmcl.2011.06.128,Discovery and hit-to-lead optimization of novel allosteric glucokinase activators.,,0,,0,70,0,70,Ratio:70,,0,GCK 激活,high,描述命中激活类措辞：「Activation of human recombinant glucokinase expressed in Escherichia c…」,FALSE,rule,,,,,,,GCK 激活,high,rule,FALSE
20095,CHEMBL3820,Hexokinase-4,SINGLE PROTEIN,767481,CHEMBL1825593,Activation of human recombinant glucokinase expressed in Escherichia coli coexpressing G6PDH at 10 uM using 5 mM glucose measured as ratio of enzyme activation in compound treated to Ro-28-1675 by G6PDH coupled continuous spectrophotometric assay,B,Binding,,,BAO_0000019,assay format,Homo sapiens,9606,,,,,,,,,9,Direct single protein target assigned,D,Direct protein target assigned,1,LITERATURE,398817,CHEMBL1821720,2011,Bioorg Med Chem Lett,21813277,10.1016/j.bmcl.2011.06.128,Discovery and hit-to-lead optimization of novel allosteric glucokinase activators.,,0,,0,70,0,70,Ratio:70,,0,GCK 激活,high,描述命中激活类措辞：「Activation of human recombinant glucokinase expressed in Escherichia c…」,FALSE,rule,,,,,,,GCK 激活,high,rule,FALSE
20095,CHEMBL3820,Hexokinase-4,SINGLE PROTEIN,767482,CHEMBL1825594,Activation of human recombinant glucokinase expressed in Escherichia coli coexpressing G6PDH at 10 uM using 5 mM glucose by G6PDH coupled continuous spectrophotometric assay relative to Ro-28-1675,B,Binding,,,BAO_0000019,assay format,Homo sapiens,9606,,,,,,,,,9,Direct single protein target assigned,D,Direct protein target assigned,1,LITERATURE,398831,CHEMBL1821720,2011,Bioorg Med Chem Lett,21813277,10.1016/j.bmcl.2011.06.128,Discovery and hit-to-lead optimization of novel allosteric glucokinase activators.,,0,,0,5,0,5,Activity:5,,0,GCK 激活,high,描述命中激活类措辞：「Activation of human recombinant glucokinase expressed in Escherichia c…」,FALSE,rule,,,,,,,GCK 激活,high,rule,FALSE
20095,CHEMBL3820,Hexokinase-4,SINGLE PROTEIN,767483,CHEMBL1825595,Activation of human recombinant glucokinase expressed in Escherichia coli coexpressing G6PDH at 10 uM using 20 mM glucose by G6PDH coupled continuous spectrophotometric assay relative to Ro-28-1675,B,Binding,,,BAO_0000019,assay format,Homo sapiens,9606,,,,,,,,,9,Direct single protein target assigned,D,Direct protein target assigned,1,LITERATURE,398832,CHEMBL1821720,2011,Bioorg Med Chem Lett,21813277,10.1016/j.bmcl.2011.06.128,Discovery and hit-to-lead optimization of novel allosteric glucokinase activators.,,0,,0,5,0,5,Activity:5,,0,GCK 激活,high,描述命中激活类措辞：「Activation of human recombinant glucokinase expressed in Escherichia c…」,FALSE,rule,,,,,,,GCK 激活,high,rule,FALSE
20095,CHEMBL3820,Hexokinase-4,SINGLE PROTEIN,798687,CHEMBL1942767,Inhibition of human GCK in HL-60 cells lysate assessed as reduction of labeling of acyl-phosphate ATP probe at 100 nM,B,Binding,,,BAO_0000219,cell-based format,Homo sapiens,9606,,,HL-60,,,,,,9,Direct single protein target assigned,D,Direct protein target assigned,1,LITERATURE,427905,CHEMBL1938230,2012,Bioorg Med Chem Lett,22202172,10.1016/j.bmcl.2011.12.006,6-Position optimization of tricyclic 4-quinolone-based inhibitors of glycogen synthase kinase-3β: discovery of nitrile derivatives with picomolar potency.,,0,,0,4,0,4,Inhibition:4,,0,GCK 抑制,high,描述命中抑制类措辞：「Inhibition of human GCK in HL-60 cells lysate assessed as reduction of…」；检测到细胞/体内语境：「…bition of human GCK in HL-60 cells lysate assessed as reduction of labelin…」；standard_type 与描述一致（Inhibition:4→抑制）,FALSE,rule,,,,,,,GCK 抑制,high,rule,FALSE
20095,CHEMBL3820,Hexokinase-4,SINGLE PROTEIN,815664,CHEMBL2025594,Activation of human recombinant glucokinase expressed in Escherichia coli BL21(DE3) coexpressing G6PDH assessed as glucose 6-phosphate formation by spectrometric analysis,B,Binding,,,BAO_0000019,assay format,Homo sapiens,9606,,,,,,,,,9,Direct single protein target assigned,D,Direct protein target assigned,1,LITERATURE,444941,CHEMBL2021866,2012,Bioorg Med Chem,22459213,10.1016/j.bmc.2012.03.008,"Design, synthesis, and pharmacological evaluation of benzamide derivatives as glucokinase activators.",,0,,0,29,28,29,EC50:29,,0,GCK 激活,high,描述命中激活类措辞：「Activation of human recombinant glucokinase expressed in Escherichia c…」；standard_type 与描述一致（EC50:29→激活）,FALSE,rule,,,,,,,GCK 激活,high,rule,FALSE
20095,CHEMBL3820,Hexokinase-4,SINGLE PROTEIN,815665,CHEMBL2025595,Activation of human recombinant glucokinase expressed in Escherichia coli BL21(DE3) coexpressing G6PDH assessed as glucose 6-phosphate formation by spectrometric analysis relative to control,B,Binding,,,BAO_0000019,assay format,Homo sapiens,9606,,,,,,,,,9,Direct single protein target assigned,D,Direct protein target assigned,1,LITERATURE,444942,CHEMBL2021866,2012,Bioorg Med Chem,22459213,10.1016/j.bmc.2012.03.008,"Design, synthesis, and pharmacological evaluation of benzamide derivatives as glucokinase activators.",,0,,0,27,0,27,FC:27,,0,GCK 激活,high,描述命中激活类措辞：「Activation of human recombinant glucokinase expressed in Escherichia c…」；standard_type 与描述一致（FC:27→激活）,FALSE,rule,,,,,,,GCK 激活,high,rule,FALSE
20095,CHEMBL3820,Hexokinase-4,SINGLE PROTEIN,815666,CHEMBL2025596,Ratio of EC50 for GK50 to compound for activation of human recombinant glucokinase expressed in Escherichia coli BL21(DE3) coexpressing G6PDH assessed as glucose 6-phosphate formation by spectrometric analysis,B,Binding,,,BAO_0000019,assay format,Homo sapiens,9606,,,,,,,,,9,Direct single protein target assigned,D,Direct protein target assigned,1,LITERATURE,444943,CHEMBL2021866,2012,Bioorg Med Chem,22459213,10.1016/j.bmc.2012.03.008,"Design, synthesis, and pharmacological evaluation of benzamide derivatives as glucokinase activators.",,0,,0,1,0,1,Ratio EC50:1,,0,GCK 激活,high,描述命中激活类措辞：「…EC50 for GK50 to compound for activation of human recombinant glucokinase expressed in Escherichia c…」；standard_type 与描述一致（Ratio EC50:1→激活）,FALSE,rule,,,,,,,GCK 激活,high,rule,FALSE
20095,CHEMBL3820,Hexokinase-4,SINGLE PROTEIN,858378,CHEMBL2168593,Activation of human recombinant glucokinase using 6.5 mM glucose by spectrophotometric analysis,B,Binding,,,BAO_0000357,single protein format,Homo sapiens,9606,,,,,,,,,9,Direct single protein target assigned,D,Direct protein target assigned,1,LITERATURE,445247,CHEMBL2163316,2012,J Med Chem,22196621,10.1021/jm2014887,Discovery of (S)-6-(3-cyclopentyl-2-(4-(trifluoromethyl)-1H-imidazol-1-yl)propanamido)nicotinic acid as a hepatoselective glucokinase activator clinical candidate for treating type 2 diabetes mellitus.,,0,,0,13,9,13,EC50:13,,0,GCK 激活,high,描述命中激活类措辞：「Activation of human recombinant glucokinase using 6.5 mM glucose by sp…」；standard_type 与描述一致（EC50:13→激活）,FALSE,rule,,,,,,,GCK 激活,high,rule,FALSE
20095,CHEMBL3820,Hexokinase-4,SINGLE PROTEIN,858746,CHEMBL2167261,Activation of human recombinant glucokinase,B,Binding,,,BAO_0000357,single protein format,Homo sapiens,9606,,,,,,,,,9,Direct single protein target assigned,D,Direct protein target assigned,1,LITERATURE,480328,CHEMBL2163188,2012,J Med Chem,22809456,10.1021/jm3008689,Discovery of piragliatin--first glucokinase activator studied in type 2 diabetic patients.,,0,,0,1,0,1,Activity:1,"[{""comment"": ""Dose-dependent effect"", ""n"": 1}]",1,GCK 激活,high,描述命中激活类措辞：「Activation of human recombinant glucokinase」,FALSE,rule,,,,,,,GCK 激活,high,rule,FALSE
20095,CHEMBL3820,Hexokinase-4,SINGLE PROTEIN,858755,CHEMBL2167270,Activation of human recombinant glucokinase assessed as concentration required for 1.5 fold increase in enzymatic activity,B,Binding,,,BAO_0000357,single protein format,Homo sapiens,9606,,,,,,,,,9,Direct single protein target assigned,D,Direct protein target assigned,1,LITERATURE,480227,CHEMBL2163188,2012,J Med Chem,22809456,10.1021/jm3008689,Discovery of piragliatin--first glucokinase activator studied in type 2 diabetic patients.,,0,,0,32,0,32,Activity:32,,0,GCK 激活,high,描述命中激活类措辞：「Activation of human recombinant glucokinase assessed as concentration…」,FALSE,rule,,,,,,,GCK 激活,high,rule,FALSE
20095,CHEMBL3820,Hexokinase-4,SINGLE PROTEIN,858949,CHEMBL2168355,Activity at human recombinant glucokinase assessed as increase in Vmax at 1 uM,B,Binding,,,BAO_0000357,single protein format,Homo sapiens,9606,,,,,,,,,9,Direct single protein target assigned,D,Direct protein target assigned,1,LITERATURE,480854,CHEMBL2163188,2012,J Med Chem,22809456,10.1021/jm3008689,Discovery of piragliatin--first glucokinase activator studied in type 2 diabetic patients.,,0,,0,1,0,1,Activity:1,,0,无法判断,low,描述无方向措辞，standard_type 也全为方向中性（Activity:1）,TRUE,rule,GCK 激活,high,increase in Vmax,Vmax最大反应速率的增加直接反映化合物增强酶活性，属于GCK激活。,TRUE,,GCK 激活,high,llm,FALSE
20095,CHEMBL3820,Hexokinase-4,SINGLE PROTEIN,858951,CHEMBL2168357,Activity at human recombinant glucokinase assessed as decrease in Km at 1 uM,B,Binding,,,BAO_0000357,single protein format,Homo sapiens,9606,,,,,,,,,9,Direct single protein target assigned,D,Direct protein target assigned,1,LITERATURE,480855,CHEMBL2163188,2012,J Med Chem,22809456,10.1021/jm3008689,Discovery of piragliatin--first glucokinase activator studied in type 2 diabetic patients.,,0,,0,1,0,1,Activity:1,,0,无法判断,low,描述无方向措辞，standard_type 也全为方向中性（Activity:1）,TRUE,rule,无法判断,low,Activity at human recombinant glucokinase assessed as decrease in Km at 1 uM,描述仅提及降低 Km，未指明该变化对应激活还是抑制，方向不明确。,TRUE,,无法判断,low,manual_review_required,TRUE
20095,CHEMBL3820,Hexokinase-4,SINGLE PROTEIN,885336,CHEMBL2215199,Activation of human glucokinase,B,Binding,,,BAO_0000357,single protein format,Homo sapiens,9606,,,,,,,,,9,Direct single protein target assigned,D,Direct protein target assigned,1,LITERATURE,494945,CHEMBL2202962,2012,Bioorg Med Chem Lett,23149230,10.1016/j.bmcl.2012.10.090,The discovery of a novel series of glucokinase activators based on a pyrazolopyrimidine scaffold.,,0,,0,19,15,19,EC50:19,,0,GCK 激活,high,描述命中激活类措辞：「Activation of human glucokinase」；standard_type 与描述一致（EC50:19→激活）,FALSE,rule,,,,,,,GCK 激活,high,rule,FALSE
20095,CHEMBL3820,Hexokinase-4,SINGLE PROTEIN,885385,CHEMBL2215687,Ratio of recombinant human glucokinase Km at maximum activator concentration to recombinant human glucokinase Km in absence of activator,B,Binding,,,BAO_0000357,single protein format,Homo sapiens,9606,,,,,,,,,9,Direct single protein target assigned,D,Direct protein target assigned,1,LITERATURE,494985,CHEMBL2203262,2012,Bioorg Med Chem Lett,23089526,10.1016/j.bmcl.2012.09.082,The design and synthesis of indazole and pyrazolopyridine based glucokinase activators for the treatment of type 2 diabetes mellitus.,,0,,0,19,0,19,Ratio:19,,0,GCK 激活,high,描述命中激活类措辞：「…man glucokinase Km at maximum activator concentration to recombinant human glucokinase Km in absenc…」,FALSE,rule,,,,,,,GCK 激活,high,rule,FALSE
20095,CHEMBL3820,Hexokinase-4,SINGLE PROTEIN,885386,CHEMBL2216127,Ratio of recombinant human glucokinase velocity at maximum activator concentration to recombinant human glucokinase velocity in absence of activator,B,Binding,,,BAO_0000357,single protein format,Homo sapiens,9606,,,,,,,,,9,Direct single protein target assigned,D,Direct protein target assigned,1,LITERATURE,494986,CHEMBL2203262,2012,Bioorg Med Chem Lett,23089526,10.1016/j.bmcl.2012.09.082,The design and synthesis of indazole and pyrazolopyridine based glucokinase activators for the treatment of type 2 diabetes mellitus.,,0,,0,19,0,19,Ratio:19,,0,GCK 激活,high,描述命中激活类措辞：「…ucokinase velocity at maximum activator concentration to recombinant human glucokinase velocity in…」,FALSE,rule,,,,,,,GCK 激活,high,rule,FALSE
20095,CHEMBL3820,Hexokinase-4,SINGLE PROTEIN,885387,CHEMBL2216128,Activation of recombinant human glucokinase assessed measuring rate of glucose 6-phosphate formation using G6PDH/NADP coupling,B,Binding,,,BAO_0000357,single protein format,Homo sapiens,9606,,,,,,,,,9,Direct single protein target assigned,D,Direct protein target assigned,1,LITERATURE,494984,CHEMBL2203262,2012,Bioorg Med Chem Lett,23089526,10.1016/j.bmcl.2012.09.082,The design and synthesis of indazole and pyrazolopyridine based glucokinase activators for the treatment of type 2 diabetes mellitus.,,0,,0,19,19,19,EC50:19,,0,GCK 激活,high,描述命中激活类措辞：「Activation of recombinant human glucokinase assessed measuring rate of…」；standard_type 与描述一致（EC50:19→激活）,FALSE,rule,,,,,,,GCK 激活,high,rule,FALSE
20095,CHEMBL3820,Hexokinase-4,SINGLE PROTEIN,935336,CHEMBL2318453,Induction of human hepatic glucokinase activity at 5 mM glucose concentration,B,Binding,,,BAO_0000357,single protein format,Homo sapiens,9606,,,,,,,,,9,Direct single protein target assigned,D,Direct protein target assigned,1,LITERATURE,524157,CHEMBL2311350,2013,Bioorg Med Chem Lett,23218712,10.1016/j.bmcl.2012.11.018,Discovery of a novel phenylethyl benzamide glucokinase activator for the treatment of type 2 diabetes mellitus.,,0,,0,1,1,1,EC50:1,,0,GCK 激活,high,描述命中激活类措辞：「Induction of human hepatic glucokinase activity at 5 mM glucose concentration」；standard_type 与描述一致（EC50:1→激活）,FALSE,rule,,,,,,,GCK 激活,high,rule,FALSE
20095,CHEMBL3820,Hexokinase-4,SINGLE PROTEIN,935337,CHEMBL2318648,Induction of human pancreatic glucokinase activity assessed as maximal reaction rate at 5 mM glucose concentration,B,Binding,,,BAO_0000357,single protein format,Homo sapiens,9606,,,,,,,,,9,Direct single protein target assigned,D,Direct protein target assigned,1,LITERATURE,524152,CHEMBL2311350,2013,Bioorg Med Chem Lett,23218712,10.1016/j.bmcl.2012.11.018,Discovery of a novel phenylethyl benzamide glucokinase activator for the treatment of type 2 diabetes mellitus.,,0,,0,1,0,1,Vmax:1,,0,GCK 激活,high,描述命中激活类措辞：「Induction of human pancreatic glucokinase activity assessed as maximal reaction rate at 5 mM glucose concentra…」,FALSE,rule,,,,,,,GCK 激活,high,rule,FALSE
20095,CHEMBL3820,Hexokinase-4,SINGLE PROTEIN,935338,CHEMBL2318649,Induction of human pancreatic glucokinase activity at 5 mM glucose concentration,B,Binding,,,BAO_0000357,single protein format,Homo sapiens,9606,,,,,,,,,9,Direct single protein target assigned,D,Direct protein target assigned,1,LITERATURE,524150,CHEMBL2311350,2013,Bioorg Med Chem Lett,23218712,10.1016/j.bmcl.2012.11.018,Discovery of a novel phenylethyl benzamide glucokinase activator for the treatment of type 2 diabetes mellitus.,,0,,0,28,28,28,EC50:28,,0,GCK 激活,high,描述命中激活类措辞：「Induction of human pancreatic glucokinase activity at 5 mM glucose concentration」；standard_type 与描述一致（EC50:28→激活）,FALSE,rule,,,,,,,GCK 激活,high,rule,FALSE
20095,CHEMBL3820,Hexokinase-4,SINGLE PROTEIN,935339,CHEMBL2318650,Induction of human pancreatic glucokinase activity assessed as half maximal saturation concentration of glucose at 5 mM glucose concentration,B,Binding,,,BAO_0000357,single protein format,Homo sapiens,9606,,,,,,,,,9,Direct single protein target assigned,D,Direct protein target assigned,1,LITERATURE,524151,CHEMBL2311350,2013,Bioorg Med Chem Lett,23218712,10.1016/j.bmcl.2012.11.018,Discovery of a novel phenylethyl benzamide glucokinase activator for the treatment of type 2 diabetes mellitus.,,0,,0,1,0,1,Activity:1,,0,GCK 激活,high,描述命中激活类措辞：「Induction of human pancreatic glucokinase activity assessed as half maximal saturation concentration of glucos…」,FALSE,rule,,,,,,,GCK 激活,high,rule,FALSE
20095,CHEMBL3820,Hexokinase-4,SINGLE PROTEIN,946895,CHEMBL2346006,Activation of human recombinant glucokinase using glucose as substrate,B,Binding,,,BAO_0000357,single protein format,Homo sapiens,9606,,,,,,,,,9,Direct single protein target assigned,D,Direct protein target assigned,1,LITERATURE,557281,CHEMBL2331552,2013,ACS Med Chem Lett,24900686,10.1021/ml400027y,"Identification of RO4597014, a Glucokinase Activator Studied in the Clinic for the Treatment of Type 2 Diabetes.",,0,,0,1,0,1,Activity:1,"[{""comment"": ""Dose-dependent effect"", ""n"": 1}]",1,GCK 激活,high,描述命中激活类措辞：「Activation of human recombinant glucokinase using glucose as substrate」,FALSE,rule,,,,,,,GCK 激活,high,rule,FALSE
20095,CHEMBL3820,Hexokinase-4,SINGLE PROTEIN,946899,CHEMBL2346010,Activation of glucokinase (unknown origin) using glucose as substrate assessed as stimulation concentration required to achieve 150% activity relative to control,B,Binding,,,BAO_0000357,single protein format,Homo sapiens,9606,,,,,,,,,9,Direct single protein target assigned,D,Direct protein target assigned,1,LITERATURE,557268,CHEMBL2331552,2013,ACS Med Chem Lett,24900686,10.1021/ml400027y,"Identification of RO4597014, a Glucokinase Activator Studied in the Clinic for the Treatment of Type 2 Diabetes.",,0,,0,21,0,21,Activity:21,,0,GCK 激活,high,描述命中激活类措辞：「Activation of glucokinase (unknown origin) using glucose as substrate…」,FALSE,rule,,,,,,,GCK 激活,high,rule,FALSE
20095,CHEMBL3820,Hexokinase-4,SINGLE PROTEIN,951810,CHEMBL2353000,Activation of glucokinase (unknown origin) relative to control,B,Binding,,,BAO_0000357,single protein format,Homo sapiens,9606,,,,,,,,,9,Direct single protein target assigned,D,Direct protein target assigned,1,LITERATURE,565106,CHEMBL2346600,2013,Bioorg Med Chem Lett,23434031,10.1016/j.bmcl.2013.01.093,"Design, synthesis and SAR of novel glucokinase activators.",,0,,0,48,0,48,%max:48,,0,GCK 激活,high,描述命中激活类措辞：「Activation of glucokinase (unknown origin) relative to control」；standard_type 与描述一致（%max:48→激活）,FALSE,rule,,,,,,,GCK 激活,high,rule,FALSE
20095,CHEMBL3820,Hexokinase-4,SINGLE PROTEIN,951811,CHEMBL2353001,Activation of glucokinase (unknown origin),B,Binding,,,BAO_0000357,single protein format,Homo sapiens,9606,,,,,,,,,9,Direct single protein target assigned,D,Direct protein target assigned,1,LITERATURE,565105,CHEMBL2346600,2013,Bioorg Med Chem Lett,23434031,10.1016/j.bmcl.2013.01.093,"Design, synthesis and SAR of novel glucokinase activators.",,0,,0,51,48,51,EC50:51,,0,GCK 激活,high,描述命中激活类措辞：「Activation of glucokinase (unknown origin)」；standard_type 与描述一致（EC50:51→激活）,FALSE,rule,,,,,,,GCK 激活,high,rule,FALSE
20095,CHEMBL3820,Hexokinase-4,SINGLE PROTEIN,972466,CHEMBL2412836,Allosteric activation of recombinant wild-type human pancreatic glucokinase expressed in Escherichia coli K-12 assessed as increase in glucose Vmax by enzyme-kinetic study in presence of 200 mM glucose,B,Binding,,,BAO_0000019,assay format,Homo sapiens,9606,,,,,,,,,9,Direct single protein target assigned,D,Direct protein target assigned,1,LITERATURE,585065,CHEMBL2406951,2013,ACS Med Chem Lett,24294411,10.1021/ml400061x,Small-Molecule Allosteric Activation of Human Glucokinase in the Absence of Glucose.,,0,,0,3,0,3,Activity:3,,0,GCK 激活,high,描述命中激活类措辞：「Allosteric activation of recombinant wild-type human pancreatic glucokinase expre…」,FALSE,rule,,,,,,,GCK 激活,high,rule,FALSE
20095,CHEMBL3820,Hexokinase-4,SINGLE PROTEIN,972467,CHEMBL2412837,Allosteric activation of recombinant wild-type human pancreatic glucokinase expressed in Escherichia coli K-12 assessed as increase in glucose kcat by enzyme-kinetic study in presence of 200 mM glucose,B,Binding,,,BAO_0000019,assay format,Homo sapiens,9606,,,,,,,,,9,Direct single protein target assigned,D,Direct protein target assigned,1,LITERATURE,585064,CHEMBL2406951,2013,ACS Med Chem Lett,24294411,10.1021/ml400061x,Small-Molecule Allosteric Activation of Human Glucokinase in the Absence of Glucose.,,0,,0,3,0,3,Activity:3,,0,GCK 激活,high,描述命中激活类措辞：「Allosteric activation of recombinant wild-type human pancreatic glucokinase expre…」,FALSE,rule,,,,,,,GCK 激活,high,rule,FALSE
20095,CHEMBL3820,Hexokinase-4,SINGLE PROTEIN,972468,CHEMBL2412838,Binding affinity to recombinant wild-type human pancreatic glucokinase expressed in Escherichia coli K-12 at 11 uM by isothermal titration calorimetry in presence of 200 mM glucose,B,Binding,,,BAO_0000019,assay format,Homo sapiens,9606,,,,,,,,,9,Direct single protein target assigned,D,Direct protein target assigned,1,LITERATURE,585063,CHEMBL2406951,2013,ACS Med Chem Lett,24294411,10.1021/ml400061x,Small-Molecule Allosteric Activation of Human Glucokinase in the Absence of Glucose.,,0,,0,1,1,1,Kd:1,,0,GCK 结合,high,描述命中结合类措辞：「Binding affinity to recombinant wild-type human pancreatic glucokinase expre…」；standard_type 与描述一致（Kd:1→结合）,FALSE,rule,,,,,,,GCK 结合,high,rule,FALSE
20095,CHEMBL3820,Hexokinase-4,SINGLE PROTEIN,972469,CHEMBL2412839,Binding affinity to recombinant wild-type human pancreatic glucokinase expressed in Escherichia coli K-12 at 100 uM by isothermal titration calorimetry in presence of 200 mM glucose,B,Binding,,,BAO_0000019,assay format,Homo sapiens,9606,,,,,,,,,9,Direct single protein target assigned,D,Direct protein target assigned,1,LITERATURE,585062,CHEMBL2406951,2013,ACS Med Chem Lett,24294411,10.1021/ml400061x,Small-Molecule Allosteric Activation of Human Glucokinase in the Absence of Glucose.,,0,,0,1,1,1,Kd:1,,0,GCK 结合,high,描述命中结合类措辞：「Binding affinity to recombinant wild-type human pancreatic glucokinase expre…」；standard_type 与描述一致（Kd:1→结合）,FALSE,rule,,,,,,,GCK 结合,high,rule,FALSE
20095,CHEMBL3820,Hexokinase-4,SINGLE PROTEIN,972470,CHEMBL2412840,Allosteric activation of recombinant wild-type human pancreatic glucokinase expressed in Escherichia coli K-12 assessed as reduction in transition time at 20 uM by spectrophotometry in absence of glucose,B,Binding,,,BAO_0000019,assay format,Homo sapiens,9606,,,,,,,,,9,Direct single protein target assigned,D,Direct protein target assigned,1,LITERATURE,584997,CHEMBL2406951,2013,ACS Med Chem Lett,24294411,10.1021/ml400061x,Small-Molecule Allosteric Activation of Human Glucokinase in the Absence of Glucose.,,0,,0,3,0,3,Activity:3,,0,GCK 激活,high,描述命中激活类措辞：「Allosteric activation of recombinant wild-type human pancreatic glucokinase expre…」,FALSE,rule,,,,,,,GCK 激活,high,rule,FALSE
20095,CHEMBL3820,Hexokinase-4,SINGLE PROTEIN,972471,CHEMBL2412841,Allosteric activation of recombinant wild-type human pancreatic glucokinase expressed in Escherichia coli K-12 assessed as reduction in lag of transient-state enzyme progress curve by spectrophotometry in absence of glucose,B,Binding,,,BAO_0000019,assay format,Homo sapiens,9606,,,,,,,,,9,Direct single protein target assigned,D,Direct protein target assigned,1,LITERATURE,584996,CHEMBL2406951,2013,ACS Med Chem Lett,24294411,10.1021/ml400061x,Small-Molecule Allosteric Activation of Human Glucokinase in the Absence of Glucose.,,0,,0,1,0,1,Activity:1,,0,GCK 激活,high,描述命中激活类措辞：「Allosteric activation of recombinant wild-type human pancreatic glucokinase expre…」,FALSE,rule,,,,,,,GCK 激活,high,rule,FALSE
20095,CHEMBL3820,Hexokinase-4,SINGLE PROTEIN,972472,CHEMBL2412842,Allosteric activation of recombinant wild-type human pancreatic glucokinase expressed in Escherichia coli K-12 assessed as reduction in lag of transient-state enzyme progress curve at 25 to 100 uM by spectrophotometry in absence of glucose,B,Binding,,,BAO_0000019,assay format,Homo sapiens,9606,,,,,,,,,9,Direct single protein target assigned,D,Direct protein target assigned,1,LITERATURE,584998,CHEMBL2406951,2013,ACS Med Chem Lett,24294411,10.1021/ml400061x,Small-Molecule Allosteric Activation of Human Glucokinase in the Absence of Glucose.,,0,,0,3,0,3,Activity:3,,0,GCK 激活,high,描述命中激活类措辞：「Allosteric activation of recombinant wild-type human pancreatic glucokinase expre…」,FALSE,rule,,,,,,,GCK 激活,high,rule,FALSE
20095,CHEMBL3820,Hexokinase-4,SINGLE PROTEIN,972473,CHEMBL2412843,Binding affinity to recombinant wild-type human pancreatic glucokinase expressed in Escherichia coli K-12 by isothermal titration calorimetry in presence of 200 mM glucose,B,Binding,,,BAO_0000019,assay format,Homo sapiens,9606,,,,,,,,,9,Direct single protein target assigned,D,Direct protein target assigned,1,LITERATURE,584995,CHEMBL2406951,2013,ACS Med Chem Lett,24294411,10.1021/ml400061x,Small-Molecule Allosteric Activation of Human Glucokinase in the Absence of Glucose.,,0,,0,1,1,1,Kd:1,,0,GCK 结合,high,描述命中结合类措辞：「Binding affinity to recombinant wild-type human pancreatic glucokinase expre…」；standard_type 与描述一致（Kd:1→结合）,FALSE,rule,,,,,,,GCK 结合,high,rule,FALSE
20095,CHEMBL3820,Hexokinase-4,SINGLE PROTEIN,974047,CHEMBL2410525,Activation of human recombinant glucokinase assessed as ratio of the enzyme velocity at maximum compound concentration to the enzyme Km in the absence of compound,B,Binding,,,BAO_0000357,single protein format,Homo sapiens,9606,,,,,,,,,9,Direct single protein target assigned,D,Direct protein target assigned,1,LITERATURE,585629,CHEMBL2407069,2013,Bioorg Med Chem Lett,23831135,10.1016/j.bmcl.2013.06.036,Pyrimidone-based series of glucokinase activators with alternative donor-acceptor motif.,,0,,0,28,0,28,Ratio:28,,0,GCK 激活,high,描述命中激活类措辞：「Activation of human recombinant glucokinase assessed as ratio of the e…」,FALSE,rule,,,,,,,GCK 激活,high,rule,FALSE
20095,CHEMBL3820,Hexokinase-4,SINGLE PROTEIN,974048,CHEMBL2410526,Activation of human recombinant glucokinase assessed as ratio of the glucokinase Km at maximum compound concentration to the enzyme Km in the absence of compound,B,Binding,,,BAO_0000357,single protein format,Homo sapiens,9606,,,,,,,,,9,Direct single protein target assigned,D,Direct protein target assigned,1,LITERATURE,585627,CHEMBL2407069,2013,Bioorg Med Chem Lett,23831135,10.1016/j.bmcl.2013.06.036,Pyrimidone-based series of glucokinase activators with alternative donor-acceptor motif.,,0,,0,28,0,28,Ratio:28,,0,GCK 激活,high,描述命中激活类措辞：「Activation of human recombinant glucokinase assessed as ratio of the g…」,FALSE,rule,,,,,,,GCK 激活,high,rule,FALSE
20095,CHEMBL3820,Hexokinase-4,SINGLE PROTEIN,974049,CHEMBL2410527,Activation of human recombinant glucokinase by matrix assay in presence of glucose,B,Binding,,,BAO_0000357,single protein format,Homo sapiens,9606,,,,,,,,,9,Direct single protein target assigned,D,Direct protein target assigned,1,LITERATURE,585622,CHEMBL2407069,2013,Bioorg Med Chem Lett,23831135,10.1016/j.bmcl.2013.06.036,Pyrimidone-based series of glucokinase activators with alternative donor-acceptor motif.,,0,,0,29,28,29,EC50:29,,0,GCK 激活,high,描述命中激活类措辞：「Activation of human recombinant glucokinase by matrix assay in presenc…」；standard_type 与描述一致（EC50:29→激活）,FALSE,rule,,,,,,,GCK 激活,high,rule,FALSE
20095,CHEMBL3820,Hexokinase-4,SINGLE PROTEIN,984797,CHEMBL2432299,Activation of human glucokinase assessed as glucose concentration at enzyme's half-maximal phosphorylation rate at 50 uM,B,Binding,,,BAO_0000357,single protein format,Homo sapiens,9606,,,,,,,,,9,Direct single protein target assigned,D,Direct protein target assigned,1,LITERATURE,597173,CHEMBL2429745,2013,J Med Chem,24015910,10.1021/jm401116k,Identification of a new class of glucokinase activators through structure-based design.,,0,,0,18,0,18,Activity:18,,0,GCK 激活,high,描述命中激活类措辞：「Activation of human glucokinase assessed as glucose concentration at e…」,FALSE,rule,,,,,,,GCK 激活,high,rule,FALSE
20095,CHEMBL3820,Hexokinase-4,SINGLE PROTEIN,984798,CHEMBL2432300,Activity of human glucokinase at 50 uM,B,Binding,,,BAO_0000357,single protein format,Homo sapiens,9606,,,,,,,,,9,Direct single protein target assigned,D,Direct protein target assigned,1,LITERATURE,597172,CHEMBL2429745,2013,J Med Chem,24015910,10.1021/jm401116k,Identification of a new class of glucokinase activators through structure-based design.,,0,,0,18,0,18,Vmax:18,,0,无法判断,low,描述无方向措辞，standard_type 也全为方向中性（Vmax:18）,TRUE,rule,无法判断,low,Activity of human glucokinase at 50 uM,描述仅提及在50 uM某种条件下的人葡萄糖激酶活性，未说明该条件是指化合物还是底物，也未提及测量的是激活、抑制或结合，因此无法归类。,TRUE,,无法判断,low,manual_review_required,TRUE
20095,CHEMBL3820,Hexokinase-4,SINGLE PROTEIN,984799,CHEMBL2432301,Allosteric activation of human glucokinase using glucose as substrate measured every 10 secs for 5 mins,B,Binding,,,BAO_0000357,single protein format,Homo sapiens,9606,,,,,,,,,9,Direct single protein target assigned,D,Direct protein target assigned,1,LITERATURE,597165,CHEMBL2429745,2013,J Med Chem,24015910,10.1021/jm401116k,Identification of a new class of glucokinase activators through structure-based design.,,0,,0,18,18,18,EC50:18,,0,GCK 激活,high,描述命中激活类措辞：「Allosteric activation of human glucokinase using glucose as substrate measured ev…」；standard_type 与描述一致（EC50:18→激活）,FALSE,rule,,,,,,,GCK 激活,high,rule,FALSE
20095,CHEMBL3820,Hexokinase-4,SINGLE PROTEIN,1279812,CHEMBL3095513,Activation of recombinant human glucokinase assessed as increase in enzyme Vmax for glucose by G6PDH/NADP coupled assay relative to control,B,Binding,,,BAO_0000357,single protein format,Homo sapiens,9606,,,,,,,,,9,Direct single protein target assigned,D,Direct protein target assigned,1,LITERATURE,610213,CHEMBL3091348,2013,Bioorg Med Chem Lett,24239482,10.1016/j.bmcl.2013.10.057,Discovery of an intravenous hepatoselective glucokinase activator for the treatment of inpatient hyperglycemia.,,0,,0,5,0,5,FC:5,,0,GCK 激活,high,描述命中激活类措辞：「Activation of recombinant human glucokinase assessed as increase in en…」；standard_type 与描述一致（FC:5→激活）,FALSE,rule,,,,,,,GCK 激活,high,rule,FALSE
20095,CHEMBL3820,Hexokinase-4,SINGLE PROTEIN,1279813,CHEMBL3095514,Activation of recombinant human glucokinase assessed as decrease in enzyme Km for glucose by G6PDH/NADP coupled assay relative to control,B,Binding,,,BAO_0000357,single protein format,Homo sapiens,9606,,,,,,,,,9,Direct single protein target assigned,D,Direct protein target assigned,1,LITERATURE,610212,CHEMBL3091348,2013,Bioorg Med Chem Lett,24239482,10.1016/j.bmcl.2013.10.057,Discovery of an intravenous hepatoselective glucokinase activator for the treatment of inpatient hyperglycemia.,,0,,0,5,0,5,FC:5,,0,GCK 激活,high,描述命中激活类措辞：「Activation of recombinant human glucokinase assessed as decrease in en…」；standard_type 与描述一致（FC:5→激活）,FALSE,rule,,,,,,,GCK 激活,high,rule,FALSE
20095,CHEMBL3820,Hexokinase-4,SINGLE PROTEIN,1279814,CHEMBL3095515,Activation of recombinant human glucokinase by G6PDH/NADP coupled assay,B,Binding,,,BAO_0000357,single protein format,Homo sapiens,9606,,,,,,,,,9,Direct single protein target assigned,D,Direct protein target assigned,1,LITERATURE,610211,CHEMBL3091348,2013,Bioorg Med Chem Lett,24239482,10.1016/j.bmcl.2013.10.057,Discovery of an intravenous hepatoselective glucokinase activator for the treatment of inpatient hyperglycemia.,,0,,0,6,5,6,EC50:6,,0,GCK 激活,high,描述命中激活类措辞：「Activation of recombinant human glucokinase by G6PDH/NADP coupled assa…」；standard_type 与描述一致（EC50:6→激活）,FALSE,rule,,,,,,,GCK 激活,high,rule,FALSE
20095,CHEMBL3820,Hexokinase-4,SINGLE PROTEIN,1291044,CHEMBL3119606,Binding affinity to biotinylated GK (unknown origin) by SPR analysis,B,Binding,,,BAO_0000357,single protein format,Homo sapiens,9606,,,,,,,,,9,Direct single protein target assigned,D,Direct protein target assigned,1,LITERATURE,620361,CHEMBL3112561,2014,J Med Chem,24405213,10.1021/jm4016747,Small molecule disruptors of the glucokinase-glucokinase regulatory protein interaction: 2. Leveraging structure-based drug design to identify analogues with improved pharmacokinetic profiles.,,0,,0,1,0,1,Activity:1,,0,GCK 结合,high,描述命中结合类措辞：「Binding affinity to biotinylated GK (unknown origin) by SPR analysis」,FALSE,rule,,,,,,,GCK 结合,high,rule,FALSE
20095,CHEMBL3820,Hexokinase-4,SINGLE PROTEIN,1291251,CHEMBL3117036,Inhibition of fluorescein-labeled human GK interaction with biotin-labeled human GKRP incubated for 20 mins prior to addition of fluorescein-labeled GK measured after 2 to 4 hrs by Alpha Screen assay,B,Binding,,,BAO_0000357,single protein format,Homo sapiens,9606,,,,,,,,,9,Direct single protein target assigned,D,Direct protein target assigned,1,LITERATURE,620308,CHEMBL3112561,2014,J Med Chem,24405213,10.1021/jm4016747,Small molecule disruptors of the glucokinase-glucokinase regulatory protein interaction: 2. Leveraging structure-based drug design to identify analogues with improved pharmacokinetic profiles.,,0,,0,30,30,30,IC50:30,,0,GCK 抑制,medium,描述命中抑制类措辞：「Inhibition of fluorescein-labeled human GK interaction with biotin-lab…」；描述提及 GKRP 但未构成明确的相互作用表述，需人工确认；standard_type 与描述一致（IC50:30→抑制）,TRUE,rule,GCK–GKRP 相互作用,high,Inhibition of fluorescein-labeled human GK interaction with biotin-labeled human GKRP,实验直接测量荧光标记GK与生物素标记GKRP之间的相互作用被化合物抑制的情况，属于GCK–GKRP相互作用检测。,TRUE,,GCK–GKRP 相互作用,high,llm,FALSE
20095,CHEMBL3820,Hexokinase-4,SINGLE PROTEIN,1296096,CHEMBL3131525,Activation of human glucokinase,B,Binding,,,BAO_0000357,single protein format,Homo sapiens,9606,,,,,,,,,9,Direct single protein target assigned,D,Direct protein target assigned,1,LITERATURE,629078,CHEMBL3124752,2014,J Med Chem,24405172,10.1021/jm4016735,Small molecule disruptors of the glucokinase-glucokinase regulatory protein interaction: 1. Discovery of a novel tool compound for in vivo proof-of-concept.,,0,,0,2,0,2,EC50:2,,0,GCK 激活,high,描述命中激活类措辞：「Activation of human glucokinase」；standard_type 与描述一致（EC50:2→激活）,FALSE,rule,,,,,,,GCK 激活,high,rule,FALSE
20095,CHEMBL3820,Hexokinase-4,SINGLE PROTEIN,1297748,CHEMBL3131380,Activation of glucokinase (unknown origin) using glucose as substrate,B,Binding,,,BAO_0000357,single protein format,Homo sapiens,9606,,,,,,,,,9,Direct single protein target assigned,D,Direct protein target assigned,1,LITERATURE,630182,CHEMBL3124776,2014,Eur J Med Chem,24583379,10.1016/j.ejmech.2014.02.024,Discovery of novel urea derivatives as dual-target hypoglycemic agents that activate glucokinase and PPARγ.,,0,,0,2,2,2,EC50:2,,0,GCK 激活,high,描述命中激活类措辞：「Activation of glucokinase (unknown origin) using glucose as substrate」；standard_type 与描述一致（EC50:2→激活）,FALSE,rule,,,,,,,GCK 激活,high,rule,FALSE
20095,CHEMBL3820,Hexokinase-4,SINGLE PROTEIN,1297749,CHEMBL3131381,Activation of glucokinase (unknown origin) using glucose as substrate at 10 uM relative to control,B,Binding,,,BAO_0000357,single protein format,Homo sapiens,9606,,,,,,,,,9,Direct single protein target assigned,D,Direct protein target assigned,1,LITERATURE,630177,CHEMBL3124776,2014,Eur J Med Chem,24583379,10.1016/j.ejmech.2014.02.024,Discovery of novel urea derivatives as dual-target hypoglycemic agents that activate glucokinase and PPARγ.,,0,,0,44,0,44,FC:44,,0,GCK 激活,high,描述命中激活类措辞：「Activation of glucokinase (unknown origin) using glucose as substrate…」；standard_type 与描述一致（FC:44→激活）,FALSE,rule,,,,,,,GCK 激活,high,rule,FALSE
20095,CHEMBL3820,Hexokinase-4,SINGLE PROTEIN,1327807,CHEMBL3223666,Activation of recombinant human glucokinase assessed as formation of glucose-6-phosphate by G6PDH/NADP coupled assay,B,Binding,,,BAO_0000357,single protein format,Homo sapiens,9606,,,,,,,,,9,Direct single protein target assigned,D,Direct protein target assigned,1,LITERATURE,638447,CHEMBL3217627,2011,Medchemcomm,,10.1039/C1MD00116G,"Designing glucokinase activators with reduced hypoglycemia risk: discovery of N,N-dimethyl-5-(2-methyl-6-((5-methylpyrazin-2-yl)-carbamoyl)benzofuran-4-yloxy)pyrimidine-2-carboxamide as a clinical candidate for the treatment of type 2 diabetes mellitus",,0,,0,32,27,32,EC50:32,,0,GCK 激活,high,描述命中激活类措辞：「Activation of recombinant human glucokinase assessed as formation of g…」；standard_type 与描述一致（EC50:32→激活）,FALSE,rule,,,,,,,GCK 激活,high,rule,FALSE
20095,CHEMBL3820,Hexokinase-4,SINGLE PROTEIN,1328161,CHEMBL3226993,Activity at glucokinase (unknown origin),B,Binding,,,BAO_0000357,single protein format,Homo sapiens,9606,,,,,,,,,9,Direct single protein target assigned,D,Direct protein target assigned,1,LITERATURE,635039,CHEMBL3217683,2013,Medchemcomm,,10.1039/C3MD20367K,Matched triplicate design sets in the optimisation of glucokinase activators  maximising medicinal chemistry information content,,0,,0,27,27,27,EC50:27,,0,GCK 激活,medium,描述无方向措辞，依据实测 standard_type 推断（EC50:27→激活）,TRUE,rule,无法判断,high,Activity at glucokinase (unknown origin),实验描述过于简略，仅提及对葡萄糖激酶的活性，未指明激活或抑制，且assay_type标记为B但实测standard_type均为EC50，存在不一致，无法可靠判断测量内容。,TRUE,,GCK 激活,low,manual_review_required,TRUE
20095,CHEMBL3820,Hexokinase-4,SINGLE PROTEIN,1328163,CHEMBL3226995,Activation of glucokinase (unknown origin),B,Binding,,,BAO_0000357,single protein format,Homo sapiens,9606,,,,,,,,,9,Direct single protein target assigned,D,Direct protein target assigned,1,LITERATURE,635297,CHEMBL3217445,2013,Medchemcomm,,10.1039/C3MD20368A,Optimising pharmacokinetics of glucokinase activators with matched triplicate design sets  the discovery of AZD3651 and AZD9485,,0,,0,38,37,36,EC50:38,,0,GCK 激活,high,描述命中激活类措辞：「Activation of glucokinase (unknown origin)」；standard_type 与描述一致（EC50:38→激活）,FALSE,rule,,,,,,,GCK 激活,high,rule,FALSE
20095,CHEMBL3820,Hexokinase-4,SINGLE PROTEIN,1328429,CHEMBL3223676,Inhibition of recombinant human pancreatic glucokinase by G-6-P dehydrogenase assay,B,Binding,,,BAO_0000357,single protein format,Homo sapiens,9606,,,,,,,,,9,Direct single protein target assigned,D,Direct protein target assigned,1,LITERATURE,636181,CHEMBL3217639,2012,Medchemcomm,,10.1039/C2MD20077E,Property based optimisation of glucokinase activators  discovery of the phase IIb clinical candidate AZD1656,,0,,0,17,17,17,EC50:17,,0,GCK 抑制,low,描述命中抑制类措辞：「Inhibition of recombinant human pancreatic glucokinase by G-6-P dehydr…」；⚠ 描述判定为「GCK 抑制」，但实测 standard_type 指向其他方向（EC50:17→激活）,TRUE,rule,GCK 抑制,high,Inhibition of recombinant human pancreatic glucokinase by G-6-P dehydrogenase assay,实验描述直接使用“Inhibition of ... glucokinase”，明确指向抑制活性检测。尽管实测参数为EC50，但抑制实验中也常使用EC50表示半数有效抑制浓度，描述措辞是可靠依据。,TRUE,,GCK 抑制,high,llm,FALSE
20095,CHEMBL3820,Hexokinase-4,SINGLE PROTEIN,1329169,CHEMBL3225185,Activation of recombinant human His6-tagged glucokinase by G6PDH-coupled spectrophotometry,B,Binding,,,BAO_0000357,single protein format,Homo sapiens,9606,,,,,,,,,9,Direct single protein target assigned,D,Direct protein target assigned,1,LITERATURE,637679,CHEMBL3217569,2011,Medchemcomm,,10.1039/C1MD00002K,N-(5-substituted thiazol-2-yl)-2-aryl-3-(tetrahydro-2H-pyran-4-yl) propanamides as glucokinase activators,,0,,0,23,20,23,EC50:23,,0,GCK 激活,high,描述命中激活类措辞：「Activation of recombinant human His6-tagged glucokinase by G6PDH-coupl…」；standard_type 与描述一致（EC50:23→激活）,FALSE,rule,,,,,,,GCK 激活,high,rule,FALSE
20095,CHEMBL3820,Hexokinase-4,SINGLE PROTEIN,1329170,CHEMBL3225186,Activation of recombinant human His6-tagged glucokinase by G6PDH-coupled spectrophotometry relative to control,B,Binding,,,BAO_0000357,single protein format,Homo sapiens,9606,,,,,,,,,9,Direct single protein target assigned,D,Direct protein target assigned,1,LITERATURE,637685,CHEMBL3217569,2011,Medchemcomm,,10.1039/C1MD00002K,N-(5-substituted thiazol-2-yl)-2-aryl-3-(tetrahydro-2H-pyran-4-yl) propanamides as glucokinase activators,,0,,0,22,0,22,max activation:22,,0,GCK 激活,high,描述命中激活类措辞：「Activation of recombinant human His6-tagged glucokinase by G6PDH-coupl…」,FALSE,rule,,,,,,,GCK 激活,high,rule,FALSE
20095,CHEMBL3820,Hexokinase-4,SINGLE PROTEIN,1332025,CHEMBL3224178,Activation of glucokinase (unknown origin),B,Binding,,,BAO_0000357,single protein format,Homo sapiens,9606,,,,,,,,,9,Direct single protein target assigned,D,Direct protein target assigned,1,LITERATURE,638482,CHEMBL3217479,2011,Medchemcomm,,10.1039/C1MD00090J,Overcoming retinoic acid receptor- based testicular toxicity in the optimisation of glucokinase activators,,0,,0,5,5,5,EC50:5,,0,GCK 激活,high,描述命中激活类措辞：「Activation of glucokinase (unknown origin)」；standard_type 与描述一致（EC50:5→激活）,FALSE,rule,,,,,,,GCK 激活,high,rule,FALSE
20095,CHEMBL3820,Hexokinase-4,SINGLE PROTEIN,1332037,CHEMBL3224190,Activation of glucokinase (unknown origin),B,Binding,,,BAO_0000357,single protein format,Homo sapiens,9606,,,,,,,,,9,Direct single protein target assigned,D,Direct protein target assigned,1,LITERATURE,638147,CHEMBL3217434,2011,Medchemcomm,,10.1039/C1MD00092F,Matrix-based multiparameter optimisation of glucokinase activators: the discovery of AZD1092,,0,,0,5,5,5,EC50:5,,0,GCK 激活,high,描述命中激活类措辞：「Activation of glucokinase (unknown origin)」；standard_type 与描述一致（EC50:5→激活）,FALSE,rule,,,,,,,GCK 激活,high,rule,FALSE
20095,CHEMBL3820,Hexokinase-4,SINGLE PROTEIN,1334951,CHEMBL3239304,Activity of recombinant human pancreatic glucokinase assessed as glucose half-maximal saturation concentration,B,Binding,,,BAO_0000357,single protein format,Homo sapiens,9606,,,,,,,,,9,Direct single protein target assigned,D,Direct protein target assigned,1,LITERATURE,641866,CHEMBL3232870,2014,Bioorg Med Chem,24588963,10.1016/j.bmc.2014.02.009,Discovery of 3-(4-methanesulfonylphenoxy)-N-[1-(2-methoxy-ethoxymethyl)-1H-pyrazol-3-yl]-5-(3-methylpyridin-2-yl)-benzamide as a novel glucokinase activator (GKA) for the treatment of type 2 diabetes mellitus.,,0,,0,18,0,18,S50:18,,0,GCK 激活,medium,描述无方向措辞，依据实测 standard_type 推断（S50:18→激活）,TRUE,rule,无法判断,low,Activity of recombinant human pancreatic glucokinase assessed as glucose half-maximal saturation concentration,描述仅提及测量葡萄糖半最大饱和浓度，未提及化合物处理或作用方向，无法确定实验目的。,TRUE,,GCK 激活,low,manual_review_required,TRUE
20095,CHEMBL3820,Hexokinase-4,SINGLE PROTEIN,1334952,CHEMBL3239305,Activity of recombinant human pancreatic glucokinase assessed as glucose half-maximal activity,B,Binding,,,BAO_0000357,single protein format,Homo sapiens,9606,,,,,,,,,9,Direct single protein target assigned,D,Direct protein target assigned,1,LITERATURE,660434,CHEMBL3232870,2014,Bioorg Med Chem,24588963,10.1016/j.bmc.2014.02.009,Discovery of 3-(4-methanesulfonylphenoxy)-N-[1-(2-methoxy-ethoxymethyl)-1H-pyrazol-3-yl]-5-(3-methylpyridin-2-yl)-benzamide as a novel glucokinase activator (GKA) for the treatment of type 2 diabetes mellitus.,,0,,0,1,0,1,Vmax:1,,0,无法判断,low,描述无方向措辞，standard_type 也全为方向中性（Vmax:1）,TRUE,rule,无法判断,high,Activity of recombinant human pancreatic glucokinase assessed as glucose half-maximal activity,实验描述仅评估了重组人胰腺葡萄糖激酶对底物葡萄糖的活性（半最大活性浓度），未涉及任何测试化合物或调控方向，因此无法归类到给定类别中。,TRUE,,无法判断,low,manual_review_required,TRUE
20095,CHEMBL3820,Hexokinase-4,SINGLE PROTEIN,1339208,CHEMBL3243402,Activation of recombinant human pancreatic glucokinase using 10 mM glucose by spectrophotometry,B,Binding,,,BAO_0000357,single protein format,Homo sapiens,9606,,,,,,,,,9,Direct single protein target assigned,D,Direct protein target assigned,1,LITERATURE,640982,CHEMBL3232870,2014,Bioorg Med Chem,24588963,10.1016/j.bmc.2014.02.009,Discovery of 3-(4-methanesulfonylphenoxy)-N-[1-(2-methoxy-ethoxymethyl)-1H-pyrazol-3-yl]-5-(3-methylpyridin-2-yl)-benzamide as a novel glucokinase activator (GKA) for the treatment of type 2 diabetes mellitus.,,0,,0,20,15,20,EC50:20,,0,GCK 激活,high,描述命中激活类措辞：「Activation of recombinant human pancreatic glucokinase using 10 mM glu…」；standard_type 与描述一致（EC50:20→激活）,FALSE,rule,,,,,,,GCK 激活,high,rule,FALSE
20095,CHEMBL3820,Hexokinase-4,SINGLE PROTEIN,1436697,CHEMBL3384773,Activation of purified human glucokinase isoform 3 (13 to 466 aa) using 5 mM glucose by spectrophotometry in presence of NAD+ and glucose 6-phosphate dehydrogenase,B,Binding,,,BAO_0000357,single protein format,Homo sapiens,9606,,,,,,,,,9,Direct single protein target assigned,D,Direct protein target assigned,1,LITERATURE,711268,CHEMBL3352420,2014,J Med Chem,25203462,10.1021/jm501204z,Discovery of 2-pyridylureas as glucokinase activators.,,0,,0,26,23,26,EC50:26,,0,GCK 激活,high,描述命中激活类措辞：「Activation of purified human glucokinase isoform 3 (13 to 466 aa) usin…」；standard_type 与描述一致（EC50:26→激活）,FALSE,rule,,,,,,,GCK 激活,high,rule,FALSE
20095,CHEMBL3820,Hexokinase-4,SINGLE PROTEIN,1436698,CHEMBL3384774,Activation of purified human glucokinase isoform 3 (13 to 466 aa) using 5 mM glucose by spectrophotometry in presence of NAD+ and glucose 6-phosphate dehydrogenase in presence of 4% HSA,B,Binding,,,BAO_0000357,single protein format,Homo sapiens,9606,,,,,,,,,9,Direct single protein target assigned,D,Direct protein target assigned,1,LITERATURE,711269,CHEMBL3352420,2014,J Med Chem,25203462,10.1021/jm501204z,Discovery of 2-pyridylureas as glucokinase activators.,,0,,0,26,23,26,EC50:26,,0,GCK 激活,high,描述命中激活类措辞：「Activation of purified human glucokinase isoform 3 (13 to 466 aa) usin…」；standard_type 与描述一致（EC50:26→激活）,FALSE,rule,,,,,,,GCK 激活,high,rule,FALSE
20095,CHEMBL3820,Hexokinase-4,SINGLE PROTEIN,1436699,CHEMBL3384775,Activation of purified human glucokinase isoform 3 (13 to 466 aa) assessed as Vmax by spectrophotometry in presence of varying concentration of glucose relative to control,B,Binding,,,BAO_0000357,single protein format,Homo sapiens,9606,,,,,,,,,9,Direct single protein target assigned,D,Direct protein target assigned,1,LITERATURE,711274,CHEMBL3352420,2014,J Med Chem,25203462,10.1021/jm501204z,Discovery of 2-pyridylureas as glucokinase activators.,,0,,0,26,0,26,Vmax:26,,0,GCK 激活,high,描述命中激活类措辞：「Activation of purified human glucokinase isoform 3 (13 to 466 aa) asse…」,FALSE,rule,,,,,,,GCK 激活,high,rule,FALSE
20095,CHEMBL3820,Hexokinase-4,SINGLE PROTEIN,1445934,CHEMBL3377918,Activation of human recombinant Glucokinase measured over 5 mins by G6-PD coupled assay in presence of 5 mM glucose,B,Binding,,,BAO_0000357,single protein format,Homo sapiens,9606,,,,,,,,,9,Direct single protein target assigned,D,Direct protein target assigned,1,LITERATURE,719037,CHEMBL3351938,2014,ACS Med Chem Lett,25516785,10.1021/ml500341w,C5-Alkyl-2-methylurea-Substituted Pyridines as a New Class of Glucokinase Activators.,,0,,0,25,25,25,EC50:25,,0,GCK 激活,high,描述命中激活类措辞：「Activation of human recombinant Glucokinase measured over 5 mins by G6…」；standard_type 与描述一致（EC50:25→激活）,FALSE,rule,,,,,,,GCK 激活,high,rule,FALSE
20095,CHEMBL3820,Hexokinase-4,SINGLE PROTEIN,1445935,CHEMBL3377919,Activity of human recombinant Glucokinase measured over 5 mins by spectrophotometry,B,Binding,,,BAO_0000357,single protein format,Homo sapiens,9606,,,,,,,,,9,Direct single protein target assigned,D,Direct protein target assigned,1,LITERATURE,719039,CHEMBL3351938,2014,ACS Med Chem Lett,25516785,10.1021/ml500341w,C5-Alkyl-2-methylurea-Substituted Pyridines as a New Class of Glucokinase Activators.,,0,,0,24,0,24,Km:24,,0,无法判断,low,描述无方向措辞，standard_type 也全为方向中性（Km:24）,TRUE,rule,无法判断,high,Activity of human recombinant Glucokinase measured over 5 mins by spectrophotometry,描述仅提及重组GCK活性测量，未提及任何化合物处理，standard_type为Km，属于酶学动力学参数，无法判断是否评估化合物对GCK的激活或抑制等效应,TRUE,,无法判断,low,manual_review_required,TRUE
20095,CHEMBL3820,Hexokinase-4,SINGLE PROTEIN,1445936,CHEMBL3377920,Activity of activated human recombinant Glucokinase assessed as maximum glucose phosphorylation measured over 5 mins by spectrophotometry relative to unactivated enzyme,B,Binding,,,BAO_0000357,single protein format,Homo sapiens,9606,,,,,,,,,9,Direct single protein target assigned,D,Direct protein target assigned,1,LITERATURE,719041,CHEMBL3351938,2014,ACS Med Chem Lett,25516785,10.1021/ml500341w,C5-Alkyl-2-methylurea-Substituted Pyridines as a New Class of Glucokinase Activators.,,0,,0,24,0,24,Ratio:24,,0,GCK 激活,high,描述命中激活类措辞：「Activity of activated human recombinant Glucokinase assessed as maximum glucose p…」,FALSE,rule,,,,,,,GCK 激活,high,rule,FALSE
20095,CHEMBL3820,Hexokinase-4,SINGLE PROTEIN,1445951,CHEMBL3377935,Activation of human recombinant Glucokinase measured over 5 mins by G6-PD coupled assay in presence of 5 mM glucose and 4% HSA,B,Binding,,,BAO_0000357,single protein format,Homo sapiens,9606,,,,,,,,,9,Direct single protein target assigned,D,Direct protein target assigned,1,LITERATURE,719064,CHEMBL3351938,2014,ACS Med Chem Lett,25516785,10.1021/ml500341w,C5-Alkyl-2-methylurea-Substituted Pyridines as a New Class of Glucokinase Activators.,,0,,0,1,1,1,EC50:1,,0,GCK 激活,high,描述命中激活类措辞：「Activation of human recombinant Glucokinase measured over 5 mins by G6…」；standard_type 与描述一致（EC50:1→激活）,FALSE,rule,,,,,,,GCK 激活,high,rule,FALSE
20095,CHEMBL3820,Hexokinase-4,SINGLE PROTEIN,1455572,CHEMBL3364949,Inhibition of fluorescein-labeled human GK interaction with biotin-labeled human GKRP compound incubated for 20 mins prior to addition of fluorescein-labeled GK measured after 2 to 4 hrs by AlphaScreen assay,B,Binding,,,BAO_0000357,single protein format,Homo sapiens,9606,,,,,,,,,9,Direct single protein target assigned,D,Direct protein target assigned,1,LITERATURE,698177,CHEMBL3352455,2014,J Med Chem,25001129,10.1021/jm5001979,Small molecule disruptors of the glucokinase-glucokinase regulatory protein interaction: 4. Exploration of a novel binding pocket.,,0,,0,45,45,45,IC50:45,,0,GCK 抑制,medium,描述命中抑制类措辞：「Inhibition of fluorescein-labeled human GK interaction with biotin-lab…」；描述提及 GKRP 但未构成明确的相互作用表述，需人工确认；standard_type 与描述一致（IC50:45→抑制）,TRUE,rule,GCK–GKRP 相互作用,high,Inhibition of fluorescein-labeled human GK interaction with biotin-labeled human GKRP,实验描述明确指出测量的是GCK与GKRP之间相互作用的抑制，属于蛋白-蛋白相互作用实验，而非GCK酶活性直接测定。,TRUE,,GCK–GKRP 相互作用,high,llm,FALSE
20095,CHEMBL3820,Hexokinase-4,SINGLE PROTEIN,1456483,CHEMBL3369166,Ratio of EC50 for GK translocation from nucleus to cytoplasm of mouse hepatocytes to IC50 for inhibition of fluorescein-labeled human GK interaction with biotin-labeled human GKRP,B,Binding,,,BAO_0000219,cell-based format,Homo sapiens,9606,,,Hepatocyte,,,,,,9,Direct single protein target assigned,D,Direct protein target assigned,1,LITERATURE,698194,CHEMBL3352455,2014,J Med Chem,25001129,10.1021/jm5001979,Small molecule disruptors of the glucokinase-glucokinase regulatory protein interaction: 4. Exploration of a novel binding pocket.,,0,,0,2,0,2,Ratio:2,,0,GCK 抑制,medium,描述命中抑制类措辞：「…mouse hepatocytes to IC50 for inhibition of fluorescein-labeled human GK interaction with biotin-lab…」；描述提及 GKRP 但未构成明确的相互作用表述，需人工确认；检测到细胞/体内语境：「…atio of EC50 for GK translocation from nucleus to cytoplasm of mouse hepa…」；同时含方向措辞与表型读数「…atio of EC50 for GK translocation from nucleus to cytoplasm of mouse hepa…」，属复合实验，需人工确认归类,TRUE,rule,无法判断,low,Ratio of EC50 for GK translocation from nucleus to cytoplasm of mouse hepatocytes to IC50 for inhibition of fluorescein-labeled human GK interaction with biotin-labeled human GKRP,实验同时涉及细胞表型（GK转位的EC50）和GCK–GKRP相互作用抑制（IC50），最终读取值为二者比值，无法归为单一类别。,TRUE,,GCK 抑制,low,manual_review_required,TRUE
20095,CHEMBL3820,Hexokinase-4,SINGLE PROTEIN,1495696,CHEMBL3578684,Activation of recombinant human pancreatic glucokinase using 10 mM glucose as substrate by G6PDH coupled assay,B,Binding,,,BAO_0000357,single protein format,Homo sapiens,9606,,,,,,,,,9,Direct single protein target assigned,D,Direct protein target assigned,1,LITERATURE,745316,CHEMBL3576833,2015,ACS Med Chem Lett,25815149,10.1021/ml5004712,Design and Synthesis of Acetylenyl Benzamide Derivatives as Novel Glucokinase Activators for the Treatment of T2DM.,,0,,0,24,24,24,EC50:24,,0,GCK 激活,high,描述命中激活类措辞：「Activation of recombinant human pancreatic glucokinase using 10 mM glu…」；standard_type 与描述一致（EC50:24→激活）,FALSE,rule,,,,,,,GCK 激活,high,rule,FALSE
20095,CHEMBL3820,Hexokinase-4,SINGLE PROTEIN,1495697,CHEMBL3578770,Activation of recombinant human pancreatic glucokinase using 10 mM glucose as substrate assessed as enzyme half maximal saturation concentration at 1 uM by G6PDH coupled assay,B,Binding,,,BAO_0000357,single protein format,Homo sapiens,9606,,,,,,,,,9,Direct single protein target assigned,D,Direct protein target assigned,1,LITERATURE,745317,CHEMBL3576833,2015,ACS Med Chem Lett,25815149,10.1021/ml5004712,Design and Synthesis of Acetylenyl Benzamide Derivatives as Novel Glucokinase Activators for the Treatment of T2DM.,,0,,0,24,0,24,Activity:24,,0,GCK 激活,high,描述命中激活类措辞：「Activation of recombinant human pancreatic glucokinase using 10 mM glu…」,FALSE,rule,,,,,,,GCK 激活,high,rule,FALSE
20095,CHEMBL3820,Hexokinase-4,SINGLE PROTEIN,1495699,CHEMBL3578772,Activation of recombinant human pancreatic glucokinase using 10 mM glucose as substrate assessed as enzyme Vmax by G6PDH coupled assay,B,Binding,,,BAO_0000357,single protein format,Homo sapiens,9606,,,,,,,,,9,Direct single protein target assigned,D,Direct protein target assigned,1,LITERATURE,745349,CHEMBL3576833,2015,ACS Med Chem Lett,25815149,10.1021/ml5004712,Design and Synthesis of Acetylenyl Benzamide Derivatives as Novel Glucokinase Activators for the Treatment of T2DM.,,0,,0,1,0,1,Vmax:1,,0,GCK 激活,high,描述命中激活类措辞：「Activation of recombinant human pancreatic glucokinase using 10 mM glu…」,FALSE,rule,,,,,,,GCK 激活,high,rule,FALSE
20095,CHEMBL3820,Hexokinase-4,SINGLE PROTEIN,1498069,CHEMBL3582523,Binding affinity to biotinylated human recombinant glucokinase expressed in Escherichia coli assessed as dissociation half life by SPR method,B,Binding,,,BAO_0000019,assay format,Homo sapiens,9606,,,,,,,,,9,Direct single protein target assigned,D,Direct protein target assigned,1,LITERATURE,748747,CHEMBL3580608,2014,Medchemcomm,,10.1039/C4MD00027G,Optimizing glucokinase activator binding kinetics to lower in vivo hypoglycemia risk,,0,,0,17,0,16,T1/2:17,,0,GCK 结合,high,描述命中结合类措辞：「Binding affinity to biotinylated human recombinant glucokinase expressed in…」,FALSE,rule,,,,,,,GCK 结合,high,rule,FALSE
20095,CHEMBL3820,Hexokinase-4,SINGLE PROTEIN,1498214,CHEMBL3583538,Binding affinity to biotinylated human recombinant glucokinase expressed in Escherichia coli assessed as on rate constant for activator-enzyme binding kinetics by SPR method,B,Binding,,,BAO_0000019,assay format,Homo sapiens,9606,,,,,,,,,9,Direct single protein target assigned,D,Direct protein target assigned,1,LITERATURE,748749,CHEMBL3580608,2014,Medchemcomm,,10.1039/C4MD00027G,Optimizing glucokinase activator binding kinetics to lower in vivo hypoglycemia risk,,0,,0,17,0,16,K:17,,0,GCK 结合,high,描述命中结合类措辞：「Binding affinity to biotinylated human recombinant glucokinase expressed in…」,FALSE,rule,,,,,,,GCK 结合,high,rule,FALSE
20095,CHEMBL3820,Hexokinase-4,SINGLE PROTEIN,1498215,CHEMBL3583539,Binding affinity to biotinylated human recombinant glucokinase expressed in Escherichia coli assessed as off rate constant for activator-enzyme binding kinetics by SPR method,B,Binding,,,BAO_0000019,assay format,Homo sapiens,9606,,,,,,,,,9,Direct single protein target assigned,D,Direct protein target assigned,1,LITERATURE,748750,CHEMBL3580608,2014,Medchemcomm,,10.1039/C4MD00027G,Optimizing glucokinase activator binding kinetics to lower in vivo hypoglycemia risk,,0,,0,17,0,16,K:17,,0,GCK 结合,high,描述命中结合类措辞：「Binding affinity to biotinylated human recombinant glucokinase expressed in…」,FALSE,rule,,,,,,,GCK 结合,high,rule,FALSE
20095,CHEMBL3820,Hexokinase-4,SINGLE PROTEIN,1498216,CHEMBL3583540,Binding affinity to biotinylated human recombinant glucokinase expressed in Escherichia coli assessed as dissociation rate constant by SPR method,B,Binding,,,BAO_0000019,assay format,Homo sapiens,9606,,,,,,,,,9,Direct single protein target assigned,D,Direct protein target assigned,1,LITERATURE,748751,CHEMBL3580608,2014,Medchemcomm,,10.1039/C4MD00027G,Optimizing glucokinase activator binding kinetics to lower in vivo hypoglycemia risk,,0,,0,17,17,16,Kd:17,,0,GCK 结合,high,描述命中结合类措辞：「Binding affinity to biotinylated human recombinant glucokinase expressed in…」；standard_type 与描述一致（Kd:17→结合）,FALSE,rule,,,,,,,GCK 结合,high,rule,FALSE
20095,CHEMBL3820,Hexokinase-4,SINGLE PROTEIN,1498217,CHEMBL3583541,Activation of recombinant human glucokinase assessed as formation of glucose-6-phosphate by G6PDH/NADP coupled assay,B,Binding,,,BAO_0000357,single protein format,Homo sapiens,9606,,,,,,,,,9,Direct single protein target assigned,D,Direct protein target assigned,1,LITERATURE,748754,CHEMBL3580608,2014,Medchemcomm,,10.1039/C4MD00027G,Optimizing glucokinase activator binding kinetics to lower in vivo hypoglycemia risk,,0,,0,17,17,16,EC50:17,,0,GCK 激活,high,描述命中激活类措辞：「Activation of recombinant human glucokinase assessed as formation of g…」；standard_type 与描述一致（EC50:17→激活）,FALSE,rule,,,,,,,GCK 激活,high,rule,FALSE
20095,CHEMBL3820,Hexokinase-4,SINGLE PROTEIN,1524579,CHEMBL3630507,Inhibition of GCK (unknown origin) at 10 uM after 120 mins P33 radiolabeled kinase activity assay,B,Binding,,,BAO_0000357,single protein format,Homo sapiens,9606,,,,,,,,,9,Direct single protein target assigned,D,Direct protein target assigned,1,LITERATURE,776103,CHEMBL3627608,2015,Bioorg Med Chem,26455654,10.1016/j.bmc.2015.09.038,Crystal structures of human RIP2 kinase catalytic domain complexed with ATP-competitive inhibitors: Foundations for understanding inhibitor selectivity.,,0,,0,3,0,3,Inhibition:3,,0,GCK 抑制,high,描述命中抑制类措辞：「Inhibition of GCK (unknown origin) at 10 uM after 120 mins P33 radiola…」；standard_type 与描述一致（Inhibition:3→抑制）,FALSE,rule,,,,,,,GCK 抑制,high,rule,FALSE
20095,CHEMBL3820,Hexokinase-4,SINGLE PROTEIN,1544611,CHEMBL3750455,Inhibition of GCK (unknown origin) at 1 uM,B,Binding,,,BAO_0000357,single protein format,Homo sapiens,9606,,,,,,,,,9,Direct single protein target assigned,D,Direct protein target assigned,1,LITERATURE,793567,CHEMBL3745631,2016,Bioorg Med Chem Lett,26675441,10.1016/j.bmcl.2015.11.076,Discovery of highly potent and selective Bruton's tyrosine kinase inhibitors: Pyridazinone analogs with improved metabolic stability.,,0,,0,1,0,1,Inhibition:1,,0,GCK 抑制,high,描述命中抑制类措辞：「Inhibition of GCK (unknown origin) at 1 uM」；standard_type 与描述一致（Inhibition:1→抑制）,FALSE,rule,,,,,,,GCK 抑制,high,rule,FALSE
20095,CHEMBL3820,Hexokinase-4,SINGLE PROTEIN,1545321,CHEMBL3751340,Effect on human glucokinase activity after 60 mins by luciferase-based luminescence assay in absence of human GKRP,B,Binding,,,BAO_0000357,single protein format,Homo sapiens,9606,,,,,,,,,9,Direct single protein target assigned,D,Direct protein target assigned,1,LITERATURE,790584,CHEMBL3745641,2015,J Med Chem,26551034,10.1021/acs.jmedchem.5b01367,Discovery and Structure-Guided Optimization of Diarylmethanesulfonamide Disrupters of Glucokinase-Glucokinase Regulatory Protein (GK-GKRP) Binding: Strategic Use of a N → S (nN → σ*S-X) Interaction for Conformational Constraint.,,0,,0,1,0,1,EC50:1,,0,GCK 激活,medium,描述无方向措辞，依据实测 standard_type 推断（EC50:1→激活）；描述出现 GKRP，但属于「absence/presence of GKRP」实验条件表述，并非在测 GK–GKRP 相互作用，需人工确认,TRUE,rule,GCK 激活,high,Effect on human glucokinase activity after 60 mins by luciferase-based luminescence assay in absence of human GKRP,实验明确测量对 GCK 酶活性的影响，standard_type 仅含 EC50，表明化合物增强酶活，且条件不含 GKRP，排除相互作用检测。,TRUE,,GCK 激活,high,llm,FALSE
20095,CHEMBL3820,Hexokinase-4,SINGLE PROTEIN,1545322,CHEMBL3751341,Binding affinity to human glucokinase by surface plasmon resonance analysis,B,Binding,,,BAO_0000357,single protein format,Homo sapiens,9606,,,,,,,,,9,Direct single protein target assigned,D,Direct protein target assigned,1,LITERATURE,790585,CHEMBL3745641,2015,J Med Chem,26551034,10.1021/acs.jmedchem.5b01367,Discovery and Structure-Guided Optimization of Diarylmethanesulfonamide Disrupters of Glucokinase-Glucokinase Regulatory Protein (GK-GKRP) Binding: Strategic Use of a N → S (nN → σ*S-X) Interaction for Conformational Constraint.,,0,,0,2,0,2,Kd:2,,0,GCK 结合,high,描述命中结合类措辞：「Binding affinity to human glucokinase by surface plasmon resonance analysis」；standard_type 与描述一致（Kd:2→结合）,FALSE,rule,,,,,,,GCK 结合,high,rule,FALSE
20095,CHEMBL3820,Hexokinase-4,SINGLE PROTEIN,1554117,CHEMBL3768919,Activation of recombinant human glucokinase assessed as NADPH formation using glucose as substrate incubated for 30 mins in presence of NADP+ and glucose 6-phosphate dehydrogenase,B,Binding,,,BAO_0000357,single protein format,Homo sapiens,9606,,,,,,,,,9,Direct single protein target assigned,D,Direct protein target assigned,1,LITERATURE,803945,CHEMBL3763030,2016,J Med Chem,26685731,10.1021/acs.jmedchem.5b01594,Structure-Activity Relationship of Azaindole-Based Glucokinase Activators.,,0,,0,43,33,37,EC50:43,"[{""comment"": ""Not Determined"", ""n"": 5}]",1,GCK 激活,high,描述命中激活类措辞：「Activation of recombinant human glucokinase assessed as NADPH formatio…」；standard_type 与描述一致（EC50:43→激活）,FALSE,rule,,,,,,,GCK 激活,high,rule,FALSE
20095,CHEMBL3820,Hexokinase-4,SINGLE PROTEIN,1554118,CHEMBL3768920,Activation of recombinant human glucokinase assessed as NADPH formation using glucose as substrate incubated for 30 mins in presence of NADP+ and glucose 6-phosphate dehydrogenase relative to control,B,Binding,,,BAO_0000357,single protein format,Homo sapiens,9606,,,,,,,,,9,Direct single protein target assigned,D,Direct protein target assigned,1,LITERATURE,803946,CHEMBL3763030,2016,J Med Chem,26685731,10.1021/acs.jmedchem.5b01594,Structure-Activity Relationship of Azaindole-Based Glucokinase Activators.,,0,,0,50,0,44,Emax:50,"[{""comment"": ""Not Determined"", ""n"": 5}]",1,GCK 激活,high,描述命中激活类措辞：「Activation of recombinant human glucokinase assessed as NADPH formatio…」；standard_type 与描述一致（Emax:50→激活）,FALSE,rule,,,,,,,GCK 激活,high,rule,FALSE
20095,CHEMBL3820,Hexokinase-4,SINGLE PROTEIN,1577565,CHEMBL3807041,Inhibition of HK4 (unknown origin),B,Binding,,,BAO_0000357,single protein format,Homo sapiens,9606,,,,,,,,,9,Direct single protein target assigned,D,Direct protein target assigned,1,LITERATURE,830408,CHEMBL3804808,2016,ACS Med Chem Lett,26985301,10.1021/acsmedchemlett.5b00214,"Discovery of a Novel 2,6-Disubstituted Glucosamine Series of Potent and Selective Hexokinase 2 Inhibitors.",,0,,0,1,1,1,IC50:1,,0,GCK 抑制,high,描述命中抑制类措辞：「Inhibition of HK4 (unknown origin)」；standard_type 与描述一致（IC50:1→抑制）,FALSE,rule,,,,,,,GCK 抑制,high,rule,FALSE
20095,CHEMBL3820,Hexokinase-4,SINGLE PROTEIN,1590721,CHEMBL3829755,Inhibition of human GCK (2 to 812 residues) assessed as remaining enzyme activity at 50 uM after 30 mins by 33P-ATP filter-binding assay,B,Binding,,,BAO_0000357,single protein format,Homo sapiens,9606,,,,,,,,,9,Direct single protein target assigned,D,Direct protein target assigned,1,LITERATURE,842842,CHEMBL3826966,2016,Bioorg Med Chem Lett,27363938,10.1016/j.bmcl.2016.06.046,"A chromatography-free isolation of rohitukine from leaves of Dysoxylum binectariferum: Evaluation for in vitro cytotoxicity, Cdk inhibition and physicochemical properties.",,0,,0,1,0,1,Activity:1,,0,GCK 抑制,high,描述命中抑制类措辞：「Inhibition of human GCK (2 to 812 residues) assessed as remaining enzy…」,FALSE,rule,,,,,,,GCK 抑制,high,rule,FALSE
20095,CHEMBL3820,Hexokinase-4,SINGLE PROTEIN,1641711,CHEMBL3888434,"Coupled Enzymatic Assay: The assay is carried out according to the protocol outlined in Hariharan et al (1997), Diabetes 46: 11-16. Briefly, the test compounds are incubated in a reaction mix containing 25 mM HEPES (pH 7.2), 10 mM MgCl2, 100 mM KCl, 5 mM ATP, 2 mM DTT, 0.5 mM NAD, 1 U/mL Leuconostoc mesenteroides G6PD, 0.3 U/mL of purified human recombinant GK, and different concentrations of glucose. Enzymatic activity is calculated from the initial reaction velocity, measured from the change in NADH absorbance as a function of time.",B,Binding,,,BAO_0000357,single protein format,Homo sapiens,,,,,,,,,,8,Homologous single protein target assigned,H,Homologous protein target assigned,37,BINDINGDB,8001_1_pol_4164,CHEMBL3886709,2016,,,,"Acetamide derivatives as glucokinase activators, their process and medicinal applications",,0,,0,38,36,34,EC50:38,"[{""comment"": ""401490"", ""n"": 1}, {""comment"": ""401489"", ""n"": 1}, {""comment"": ""401488"", ""n"": 1}, {""comment"": ""401487"", ""n"": 1}, {""comment"": ""401486"", ""n"": 1}, {""comment"": ""401485"", ""n"": 1}, {""comment"": ""401484"", ""n"": 1}, {""comment"": ""401483"", ""n"": 1}, {""comment"": ""401482"", ""n"": 1}, {""comment"": ""401481"", ""n"": 1}, {""comment"": ""401480"", ""n"": 1}, {""comment"": ""401479"", ""n"": 1}, {""comment"": ""401478"", ""n"": 1}, {""comment"": ""401477"", ""n"": 1}, {""comment"": ""401476"", ""n"": 1}, {""comment"": ""401475"", ""n"": 1}, {""comment"": ""401474"", ""n"": 1}, {""comment"": ""401473"", ""n"": 1}, {""comment"": ""401472"", ""n"": 1}, {""comment"": ""401471"", ""n"": 1}, {""comment"": ""401470"", ""n"": 1}, {""comment"": ""401469"", ""n"": 1}, {""comment"": ""401468"", ""n"": 1}, {""comment"": ""401467"", ""n"": 1}, {""comment"": ""401466"", ""n"": 1}, {""comment"": ""401465"", ""n"": 1}, {""comment"": ""401464"", ""n"": 1}, {""comment"": ""401463"", ""n"": 1}, {""comment"": ""401462"", ""n"": 1}, {""comment"": ""401461"", ""n"": 1}, {""comment"": ""401460"", ""n"": 1}, {""comment"": ""401459"", ""n"": 1}, {""comment"": ""401458"", ""n"": 1}, {""comment"": ""401457"", ""n"": 1}, {""comment"": ""401456"", ""n"": 1}, {""comment"": ""401455"", ""n"": 1}, {""comment"": ""401454"", ""n"": 1}, {""comment"": ""401453"", ""n"": 1}]",38,GCK 激活,medium,描述无方向措辞，依据实测 standard_type 推断（EC50:38→激活）,TRUE,rule,GCK 激活,medium,"Enzymatic activity is calculated from the initial reaction velocity, measured from the change in NADH absorbance as a function of time.",该实验测定重组人GCK的酶活性，标准化类型为EC50，表明测量的是化合物增强酶活性的能力，因此归类为GCK激活。,TRUE,,GCK 激活,medium,llm,TRUE
20095,CHEMBL3820,Hexokinase-4,SINGLE PROTEIN,1642384,CHEMBL3889107,"Glucokinase-Activating Assay: To test the exemplified compounds, the following assay was employed. Recombinant human liver glucokinase was expressed as a FLAG fusion protein in E. coli, and purified on ANTIFLAG M2 AFFINITY GEL (Sigma). The assay was carried out at 30° C. in a 96-well plate. In the plate was distributed 69 ul each of assay buffer (25 mM Hepes Buffer: pH=7.2, 2 mM MgCl2, 1 mM ATP, 0.5 mM TNAD, 1 mM dithiothreitol), to which was added 1 ul of a DMSO solution of the compound or DMSO as control. Then, 20 ul of pre-ice-cooled enzyme mixture (FLAG-GK, 20 U/ml G6PDH) was distributed thereto, to which was added 10 ul of 25 mM glucose as substrate to initiate the reaction (final glucose concentration=2.5 mM). After starting the reaction, the absorbance at 405 nm was measured every 30 seconds for 10 minutes to evaluate the compound based on the initial increase for 5 minutes. FLAG-GK was added so that the increase of absorbance after 5 minutes fell between 0.05 to 0.1 in the presence of 1% DMSO. The OD values of the respective compounds were measured in the respective concentrations, wherein the OD value of DMSO as control is regarded as 100%. From the OD values at the respective concentrations, Emax (%, 2.5 mM Glu) and EC50 (nM, 2.5 mM Glu) were calculated and used as indicators of the GK activation capability of the compounds. According to the above assay, the GK activation capability of the exemplified compounds of the present invention was determined. The following table shows the results. Where different enantiomers of the same compound were tested, two numbers are provided. Where 3 numbers are provided, for example, Ex. #30, data for the racemic form is also shown.",B,Binding,,,BAO_0000019,assay format,Homo sapiens,,,,,,,,,,8,Homologous single protein target assigned,H,Homologous protein target assigned,37,BINDINGDB,8443_1_pol_4164,CHEMBL3886944,2016,,,,"Glucokinase activator compounds, compositions containing such compounds, and methods of treatment",,0,,0,42,42,34,EC50:42,"[{""comment"": ""434738"", ""n"": 1}, {""comment"": ""434737"", ""n"": 1}, {""comment"": ""434736"", ""n"": 1}, {""comment"": ""434735"", ""n"": 1}, {""comment"": ""434734"", ""n"": 1}, {""comment"": ""434733"", ""n"": 1}, {""comment"": ""434732"", ""n"": 1}, {""comment"": ""434731"", ""n"": 1}, {""comment"": ""434730"", ""n"": 1}, {""comment"": ""434729"", ""n"": 1}, {""comment"": ""434728"", ""n"": 1}, {""comment"": ""434727"", ""n"": 1}, {""comment"": ""434726"", ""n"": 1}, {""comment"": ""434725"", ""n"": 1}, {""comment"": ""434724"", ""n"": 1}, {""comment"": ""434723"", ""n"": 1}, {""comment"": ""434722"", ""n"": 1}, {""comment"": ""434721"", ""n"": 1}, {""comment"": ""434720"", ""n"": 1}, {""comment"": ""434719"", ""n"": 1}, {""comment"": ""434718"", ""n"": 1}, {""comment"": ""434717"", ""n"": 1}, {""comment"": ""434716"", ""n"": 1}, {""comment"": ""434715"", ""n"": 1}, {""comment"": ""434714"", ""n"": 1}, {""comment"": ""434713"", ""n"": 1}, {""comment"": ""434712"", ""n"": 1}, {""comment"": ""434711"", ""n"": 1}, {""comment"": ""434710"", ""n"": 1}, {""comment"": ""434709"", ""n"": 1}, {""comment"": ""434708"", ""n"": 1}, {""comment"": ""434707"", ""n"": 1}, {""comment"": ""434706"", ""n"": 1}, {""comment"": ""434705"", ""n"": 1}, {""comment"": ""434704"", ""n"": 1}, {""comment"": ""434703"", ""n"": 1}, {""comment"": ""434702"", ""n"": 1}, {""comment"": ""434701"", ""n"": 1}, {""comment"": ""434700"", ""n"": 1}, {""comment"": ""434699"", ""n"": 1}, {""comment"": ""434698"", ""n"": 1}, {""comment"": ""434697"", ""n"": 1}]",42,GCK 激活,high,"描述命中激活类措辞：「Glucokinase-Activating Assay: To test the exemplified compounds, the following ass…」；standard_type 与描述一致（EC50:42→激活）",FALSE,rule,,,,,,,GCK 激活,high,rule,FALSE
20095,CHEMBL3820,Hexokinase-4,SINGLE PROTEIN,1664958,CHEMBL4014754,Activation of recombinant human glucokinase assessed as conversion of D-glucose to D-glucose-6-phosphate in presence of 2.5 mM glucose by G6PDH coupled spectrophotometric assay,B,Binding,,,BAO_0000357,single protein format,Homo sapiens,9606,,,,,,,,,9,Direct single protein target assigned,D,Direct protein target assigned,1,LITERATURE,,CHEMBL4014285,2017,Bioorg Med Chem Lett,28284804,10.1016/j.bmcl.2016.10.085,"Novel, highly potent systemic glucokinase activators for the treatment of Type 2 Diabetes Mellitus.",,0,,0,14,14,9,EC50:14,,0,GCK 激活,high,描述命中激活类措辞：「Activation of recombinant human glucokinase assessed as conversion of…」；standard_type 与描述一致（EC50:14→激活）,FALSE,rule,,,,,,,GCK 激活,high,rule,FALSE
20095,CHEMBL3820,Hexokinase-4,SINGLE PROTEIN,1664959,CHEMBL4014755,Activation of recombinant human glucokinase assessed as conversion of D-glucose to D-glucose-6-phosphate in presence of 2.5 mM glucose by G6PDH coupled spectrophotometric assay relative to control,B,Binding,,,BAO_0000357,single protein format,Homo sapiens,9606,,,,,,,,,9,Direct single protein target assigned,D,Direct protein target assigned,1,LITERATURE,,CHEMBL4014285,2017,Bioorg Med Chem Lett,28284804,10.1016/j.bmcl.2016.10.085,"Novel, highly potent systemic glucokinase activators for the treatment of Type 2 Diabetes Mellitus.",,0,,0,14,0,9,%max:14,,0,GCK 激活,high,描述命中激活类措辞：「Activation of recombinant human glucokinase assessed as conversion of…」；standard_type 与描述一致（%max:14→激活）,FALSE,rule,,,,,,,GCK 激活,high,rule,FALSE
20095,CHEMBL3820,Hexokinase-4,SINGLE PROTEIN,1664960,CHEMBL4014756,Activation of recombinant human glucokinase assessed as conversion of D-glucose to D-glucose-6-phosphate in presence of 10 mM glucose by G6PDH coupled spectrophotometric assay,B,Binding,,,BAO_0000357,single protein format,Homo sapiens,9606,,,,,,,,,9,Direct single protein target assigned,D,Direct protein target assigned,1,LITERATURE,,CHEMBL4014285,2017,Bioorg Med Chem Lett,28284804,10.1016/j.bmcl.2016.10.085,"Novel, highly potent systemic glucokinase activators for the treatment of Type 2 Diabetes Mellitus.",,0,,0,14,13,9,EC50:14,,0,GCK 激活,high,描述命中激活类措辞：「Activation of recombinant human glucokinase assessed as conversion of…」；standard_type 与描述一致（EC50:14→激活）,FALSE,rule,,,,,,,GCK 激活,high,rule,FALSE
20095,CHEMBL3820,Hexokinase-4,SINGLE PROTEIN,1664961,CHEMBL4014757,Activation of recombinant human glucokinase assessed as conversion of D-glucose to D-glucose-6-phosphate in presence of 10 mM glucose by G6PDH coupled spectrophotometric assay relative to control,B,Binding,,,BAO_0000357,single protein format,Homo sapiens,9606,,,,,,,,,9,Direct single protein target assigned,D,Direct protein target assigned,1,LITERATURE,,CHEMBL4014285,2017,Bioorg Med Chem Lett,28284804,10.1016/j.bmcl.2016.10.085,"Novel, highly potent systemic glucokinase activators for the treatment of Type 2 Diabetes Mellitus.",,0,,0,14,0,9,%max:14,,0,GCK 激活,high,描述命中激活类措辞：「Activation of recombinant human glucokinase assessed as conversion of…」；standard_type 与描述一致（%max:14→激活）,FALSE,rule,,,,,,,GCK 激活,high,rule,FALSE
20095,CHEMBL3820,Hexokinase-4,SINGLE PROTEIN,1664995,CHEMBL4014791,Activation of recombinant human glucokinase assessed as conversion of D-glucose to D-glucose-6-phosphate in presence of 10 mM glucose by G6PDH coupled spectrophotometric assay,B,Binding,,,BAO_0000357,single protein format,Homo sapiens,9606,,,,,,,,,9,Direct single protein target assigned,D,Direct protein target assigned,1,LITERATURE,,CHEMBL4014286,2017,Bioorg Med Chem Lett,28284809,10.1016/j.bmcl.2016.10.088,Discovery of orally active hepatoselective glucokinase activators for treatment of Type II Diabetes Mellitus.,,0,,0,7,7,7,EC50:7,,0,GCK 激活,high,描述命中激活类措辞：「Activation of recombinant human glucokinase assessed as conversion of…」；standard_type 与描述一致（EC50:7→激活）,FALSE,rule,,,,,,,GCK 激活,high,rule,FALSE
20095,CHEMBL3820,Hexokinase-4,SINGLE PROTEIN,1664996,CHEMBL4014792,Activation of recombinant human glucokinase assessed as conversion of D-glucose to D-glucose-6-phosphate in presence of 10 mM glucose by G6PDH coupled spectrophotometric assay relative to control,B,Binding,,,BAO_0000357,single protein format,Homo sapiens,9606,,,,,,,,,9,Direct single protein target assigned,D,Direct protein target assigned,1,LITERATURE,,CHEMBL4014286,2017,Bioorg Med Chem Lett,28284809,10.1016/j.bmcl.2016.10.088,Discovery of orally active hepatoselective glucokinase activators for treatment of Type II Diabetes Mellitus.,,0,,0,7,0,7,%max:7,,0,GCK 激活,high,描述命中激活类措辞：「Activation of recombinant human glucokinase assessed as conversion of…」；standard_type 与描述一致（%max:7→激活）,FALSE,rule,,,,,,,GCK 激活,high,rule,FALSE
20095,CHEMBL3820,Hexokinase-4,SINGLE PROTEIN,1672254,CHEMBL4022283,Activation of full length human C-terminal FLAG-tagged glucokinase (12 to 465 residues) expressed in Escherichia coli DH10b using glucose as substrate after 60 mins in presence of ATP by kinase-glo luminescence assay,B,Binding,,,BAO_0000019,assay format,Homo sapiens,9606,,,,,,,,,9,Direct single protein target assigned,D,Direct protein target assigned,1,LITERATURE,,CHEMBL4020781,2017,Bioorg Med Chem Lett,28512030,10.1016/j.bmcl.2017.04.041,"Discovery of potent and orally active 1,4-disubstituted indazoles as novel allosteric glucokinase activators.",,0,,0,26,23,26,EC50:26,,0,GCK 激活,high,描述命中激活类措辞：「Activation of full length human C-terminal FLAG-tagged glucokinase (12…」；standard_type 与描述一致（EC50:26→激活）,FALSE,rule,,,,,,,GCK 激活,high,rule,FALSE
20095,CHEMBL3820,Hexokinase-4,SINGLE PROTEIN,1672265,CHEMBL4022294,Activation of full length human C-terminal FLAG-tagged glucokinase (12 to 465 residues) expressed in Escherichia coli DH10b using glucose as substrate after 60 mins in presence of ATP by kinase-glo luminescence assay relative to control,B,Binding,,,BAO_0000019,assay format,Homo sapiens,9606,,,,,,,,,9,Direct single protein target assigned,D,Direct protein target assigned,1,LITERATURE,,CHEMBL4020781,2017,Bioorg Med Chem Lett,28512030,10.1016/j.bmcl.2017.04.041,"Discovery of potent and orally active 1,4-disubstituted indazoles as novel allosteric glucokinase activators.",,0,,0,26,0,26,%max:26,,0,GCK 激活,high,描述命中激活类措辞：「Activation of full length human C-terminal FLAG-tagged glucokinase (12…」；standard_type 与描述一致（%max:26→激活）,FALSE,rule,,,,,,,GCK 激活,high,rule,FALSE
20095,CHEMBL3820,Hexokinase-4,SINGLE PROTEIN,1672266,CHEMBL4022295,"Potency index, ratio of (S)-N-(5-chlorothiazol-2-yl)-2-(4-(cyclopropylsulfonyl)-6-methyl-2-oxopyridin-1(2H)-yl)-3-(tetrahydro-2H-pyran-4-yl)propanamide EC50 to compound EC50 for full length human C-terminal FLAG-tagged glucokinase (12 to 465 residues)",B,Binding,,,BAO_0000357,single protein format,Homo sapiens,9606,,,,,,,,,9,Direct single protein target assigned,D,Direct protein target assigned,1,LITERATURE,,CHEMBL4020781,2017,Bioorg Med Chem Lett,28512030,10.1016/j.bmcl.2017.04.041,"Discovery of potent and orally active 1,4-disubstituted indazoles as novel allosteric glucokinase activators.",,0,,0,1,0,1,Ratio EC50:1,,0,GCK 激活,medium,描述无方向措辞，依据实测 standard_type 推断（Ratio EC50:1→激活）,TRUE,rule,无法判断,low,"Potency index, ratio of (S)-N-(5-chlorothiazol-2-yl)-2-(4-(cyclopropylsulfonyl)-6-methyl-2-oxopyridin-1(2H)-yl)-3-(tetrahydro-2H-pyran-4-yl)propanamide EC50 to compound EC50 for full length human C-terminal FLAG-tagged glucokinase (12 to 465 residues)",描述仅提及EC50比值，未说明功能方向（激活或抑制），且assay_type标注为Binding但与EC50不符，信息不足以归类至具体测量类别。,TRUE,,GCK 激活,low,manual_review_required,TRUE
20095,CHEMBL3820,Hexokinase-4,SINGLE PROTEIN,1683849,CHEMBL4034328,Inhibition of GCK Lysine 1 labelling site (unknown origin) at 10 uM,B,Binding,,,BAO_0000357,single protein format,Homo sapiens,9606,,,,,,,,,9,Direct single protein target assigned,D,Direct protein target assigned,1,LITERATURE,,CHEMBL4033637,2017,Bioorg Med Chem Lett,28408219,10.1016/j.bmcl.2017.03.037,Developing DYRK inhibitors derived from the meridianins as a means of increasing levels of NFAT in the nucleus.,,0,,0,1,0,1,Inhibition:1,,0,GCK 抑制,high,描述命中抑制类措辞：「Inhibition of GCK Lysine 1 labelling site (unknown origin) at 10 uM」；standard_type 与描述一致（Inhibition:1→抑制）,FALSE,rule,,,,,,,GCK 抑制,high,rule,FALSE
20095,CHEMBL3820,Hexokinase-4,SINGLE PROTEIN,1683850,CHEMBL4034329,Inhibition of GCK Lysine 2 labelling site (unknown origin) at 10 uM,B,Binding,,,BAO_0000357,single protein format,Homo sapiens,9606,,,,,,,,,9,Direct single protein target assigned,D,Direct protein target assigned,1,LITERATURE,,CHEMBL4033637,2017,Bioorg Med Chem Lett,28408219,10.1016/j.bmcl.2017.03.037,Developing DYRK inhibitors derived from the meridianins as a means of increasing levels of NFAT in the nucleus.,,0,,0,1,0,1,Inhibition:1,,0,GCK 抑制,high,描述命中抑制类措辞：「Inhibition of GCK Lysine 2 labelling site (unknown origin) at 10 uM」；standard_type 与描述一致（Inhibition:1→抑制）,FALSE,rule,,,,,,,GCK 抑制,high,rule,FALSE
20095,CHEMBL3820,Hexokinase-4,SINGLE PROTEIN,1694794,CHEMBL4045684,Inhibition of GCK conserved Lys1 (DTVTSELAAVKIVK) in human PBMC at 1 uM,B,Binding,,,BAO_0000357,single protein format,Homo sapiens,9606,,,,,,,,,9,Direct single protein target assigned,D,Direct protein target assigned,1,LITERATURE,,CHEMBL4043168,2017,Bioorg Med Chem Lett,28802631,10.1016/j.bmcl.2017.07.072,The design and SAR of a novel series of 2-aminopyridine based LRRK2 inhibitors.,,0,,0,1,0,1,Inhibition:1,,0,GCK 抑制,high,描述命中抑制类措辞：「Inhibition of GCK conserved Lys1 (DTVTSELAAVKIVK) in human PBMC at 1 u…」；standard_type 与描述一致（Inhibition:1→抑制）,FALSE,rule,,,,,,,GCK 抑制,high,rule,FALSE
20095,CHEMBL3820,Hexokinase-4,SINGLE PROTEIN,1694795,CHEMBL4045685,Inhibition of GCK conserved Lys2 (DIKGANLLLTLQGDVK) in human PBMC at 1 uM,B,Binding,,,BAO_0000357,single protein format,Homo sapiens,9606,,,,,,,,,9,Direct single protein target assigned,D,Direct protein target assigned,1,LITERATURE,,CHEMBL4043168,2017,Bioorg Med Chem Lett,28802631,10.1016/j.bmcl.2017.07.072,The design and SAR of a novel series of 2-aminopyridine based LRRK2 inhibitors.,,0,,0,1,0,1,Inhibition:1,,0,GCK 抑制,high,描述命中抑制类措辞：「Inhibition of GCK conserved Lys2 (DIKGANLLLTLQGDVK) in human PBMC at 1…」；standard_type 与描述一致（Inhibition:1→抑制）,FALSE,rule,,,,,,,GCK 抑制,high,rule,FALSE
20095,CHEMBL3820,Hexokinase-4,SINGLE PROTEIN,1695036,CHEMBL4045926,Inhibition of GCK conserved Lys1 (DTVTSELAAVKIVK) in human PBMC at 0.1 uM,B,Binding,,,BAO_0000357,single protein format,Homo sapiens,9606,,,,,,,,,9,Direct single protein target assigned,D,Direct protein target assigned,1,LITERATURE,,CHEMBL4043168,2017,Bioorg Med Chem Lett,28802631,10.1016/j.bmcl.2017.07.072,The design and SAR of a novel series of 2-aminopyridine based LRRK2 inhibitors.,,0,,0,1,0,1,Inhibition:1,,0,GCK 抑制,high,描述命中抑制类措辞：「Inhibition of GCK conserved Lys1 (DTVTSELAAVKIVK) in human PBMC at 0.1…」；standard_type 与描述一致（Inhibition:1→抑制）,FALSE,rule,,,,,,,GCK 抑制,high,rule,FALSE
20095,CHEMBL3820,Hexokinase-4,SINGLE PROTEIN,1695037,CHEMBL4045927,Inhibition of GCK conserved Lys2 (DIKGANLLLTLQGDVK) in human PBMC at 0.1 uM,B,Binding,,,BAO_0000357,single protein format,Homo sapiens,9606,,,,,,,,,9,Direct single protein target assigned,D,Direct protein target assigned,1,LITERATURE,,CHEMBL4043168,2017,Bioorg Med Chem Lett,28802631,10.1016/j.bmcl.2017.07.072,The design and SAR of a novel series of 2-aminopyridine based LRRK2 inhibitors.,,0,,0,1,0,1,Inhibition:1,,0,GCK 抑制,high,描述命中抑制类措辞：「Inhibition of GCK conserved Lys2 (DIKGANLLLTLQGDVK) in human PBMC at 0…」；standard_type 与描述一致（Inhibition:1→抑制）,FALSE,rule,,,,,,,GCK 抑制,high,rule,FALSE
20095,CHEMBL3820,Hexokinase-4,SINGLE PROTEIN,1699314,CHEMBL4050296,Inhibition of human GCK assessed as residual activity at 1 uM in presence of 33P-ATP by filter-binding assay relative to control,B,Binding,,,BAO_0000357,single protein format,Homo sapiens,9606,,,,,,,,,9,Direct single protein target assigned,D,Direct protein target assigned,1,LITERATURE,,CHEMBL4049403,2017,Bioorg Med Chem,28274673,10.1016/j.bmc.2017.02.055,"Oligo-aspartic acid conjugates with benzo[c][2,6]naphthyridine-8-carboxylic acid scaffold as picomolar inhibitors of CK2.",,0,,0,1,0,1,Activity:1,,0,GCK 抑制,high,描述命中抑制类措辞：「Inhibition of human GCK assessed as residual activity at 1 uM in prese…」,FALSE,rule,,,,,,,GCK 抑制,high,rule,FALSE
20095,CHEMBL3820,Hexokinase-4,SINGLE PROTEIN,1706065,CHEMBL4057298,Inhibition of GCK (unknown origin) at 0.45 uM relative to control,B,Binding,,,BAO_0000357,single protein format,Homo sapiens,9606,,,,,,,,,9,Direct single protein target assigned,D,Direct protein target assigned,1,LITERATURE,,CHEMBL4052759,2017,Bioorg Med Chem Lett,28705644,10.1016/j.bmcl.2017.07.004,Discovery of DS79182026: A potent orally active hepcidin production inhibitor.,,0,,0,1,0,1,Inhibition:1,,0,GCK 抑制,high,描述命中抑制类措辞：「Inhibition of GCK (unknown origin) at 0.45 uM relative to control」；standard_type 与描述一致（Inhibition:1→抑制）,FALSE,rule,,,,,,,GCK 抑制,high,rule,FALSE
20095,CHEMBL3820,Hexokinase-4,SINGLE PROTEIN,1706261,CHEMBL4057494,Inhibition of GCK (unknown origin) at 0.49 uM relative to control,B,Binding,,,BAO_0000357,single protein format,Homo sapiens,9606,,,,,,,,,9,Direct single protein target assigned,D,Direct protein target assigned,1,LITERATURE,,CHEMBL4052759,2017,Bioorg Med Chem Lett,28705644,10.1016/j.bmcl.2017.07.004,Discovery of DS79182026: A potent orally active hepcidin production inhibitor.,,0,,0,1,0,1,Inhibition:1,,0,GCK 抑制,high,描述命中抑制类措辞：「Inhibition of GCK (unknown origin) at 0.49 uM relative to control」；standard_type 与描述一致（Inhibition:1→抑制）,FALSE,rule,,,,,,,GCK 抑制,high,rule,FALSE
20095,CHEMBL3820,Hexokinase-4,SINGLE PROTEIN,1708303,CHEMBL4118352,Inhibition of GCK in human SKCO1 cells at 1 uM after 4 hrs using biotin labeled DIKGANLLLTLQGDVK probe by mass-spectrometric analysis relative to control,B,Binding,,,BAO_0000219,cell-based format,Homo sapiens,9606,,,,,,,,,9,Direct single protein target assigned,D,Direct protein target assigned,1,LITERATURE,,CHEMBL4118021,2017,Bioorg Med Chem,28038940,10.1016/j.bmc.2016.11.034,Studies of TAK1-centered polypharmacology with novel covalent TAK1 inhibitors.,,0,,0,3,0,3,Inhibition:3,,0,GCK 抑制,high,描述命中抑制类措辞：「Inhibition of GCK in human SKCO1 cells at 1 uM after 4 hrs using bioti…」；standard_type 与描述一致（Inhibition:3→抑制）,FALSE,rule,,,,,,,GCK 抑制,high,rule,FALSE
20095,CHEMBL3820,Hexokinase-4,SINGLE PROTEIN,1710292,CHEMBL4120341,Inhibition of GCK (unknown origin) at 0.45 uM relative to control,B,Binding,,,BAO_0000357,single protein format,Homo sapiens,9606,,,,,,,,,9,Direct single protein target assigned,D,Direct protein target assigned,1,LITERATURE,,CHEMBL4118098,2017,Bioorg Med Chem Lett,29079471,10.1016/j.bmcl.2017.10.031,"Discovery of DS28120313 as a potent orally active hepcidin production inhibitor: Design and optimization of novel 4,6-disubstituted indazole derivatives.",,0,,0,1,0,1,Inhibition:1,,0,GCK 抑制,high,描述命中抑制类措辞：「Inhibition of GCK (unknown origin) at 0.45 uM relative to control」；standard_type 与描述一致（Inhibition:1→抑制）,FALSE,rule,,,,,,,GCK 抑制,high,rule,FALSE
20095,CHEMBL3820,Hexokinase-4,SINGLE PROTEIN,1710519,CHEMBL4120568,Inhibition of GCK (unknown origin) at 0.19 uM relative to control,B,Binding,,,BAO_0000357,single protein format,Homo sapiens,9606,,,,,,,,,9,Direct single protein target assigned,D,Direct protein target assigned,1,LITERATURE,,CHEMBL4118098,2017,Bioorg Med Chem Lett,29079471,10.1016/j.bmcl.2017.10.031,"Discovery of DS28120313 as a potent orally active hepcidin production inhibitor: Design and optimization of novel 4,6-disubstituted indazole derivatives.",,0,,0,1,0,1,Inhibition:1,,0,GCK 抑制,high,描述命中抑制类措辞：「Inhibition of GCK (unknown origin) at 0.19 uM relative to control」；standard_type 与描述一致（Inhibition:1→抑制）,FALSE,rule,,,,,,,GCK 抑制,high,rule,FALSE
20095,CHEMBL3820,Hexokinase-4,SINGLE PROTEIN,1710743,CHEMBL4120792,Inhibition of GCK (unknown origin) at 0.164 uM relative to control,B,Binding,,,BAO_0000357,single protein format,Homo sapiens,9606,,,,,,,,,9,Direct single protein target assigned,D,Direct protein target assigned,1,LITERATURE,,CHEMBL4118098,2017,Bioorg Med Chem Lett,29079471,10.1016/j.bmcl.2017.10.031,"Discovery of DS28120313 as a potent orally active hepcidin production inhibitor: Design and optimization of novel 4,6-disubstituted indazole derivatives.",,0,,0,1,0,1,Inhibition:1,,0,GCK 抑制,high,描述命中抑制类措辞：「Inhibition of GCK (unknown origin) at 0.164 uM relative to control」；standard_type 与描述一致（Inhibition:1→抑制）,FALSE,rule,,,,,,,GCK 抑制,high,rule,FALSE
20095,CHEMBL3820,Hexokinase-4,SINGLE PROTEIN,1758339,CHEMBL4193347,Activation of recombinant human liver glucokinase 2 assessed as reduction in NADH production in presence of 5 mM glucose by G6PDH coupled assay,B,Binding,,,BAO_0000019,assay format,Homo sapiens,9606,,,,,,,,,9,Direct single protein target assigned,D,Direct protein target assigned,1,LITERATURE,,CHEMBL4190311,2017,Eur J Med Chem,28800453,10.1016/j.ejmech.2017.07.051,"Discovery of cycloalkyl-fused N-thiazol-2-yl-benzamides as tissue non-specific glucokinase activators: Design, synthesis, and biological evaluation.",,0,,0,47,41,47,EC50:47,,0,GCK 激活,high,描述命中激活类措辞：「Activation of recombinant human liver glucokinase 2 assessed as reduct…」；standard_type 与描述一致（EC50:47→激活）,FALSE,rule,,,,,,,GCK 激活,high,rule,FALSE
20095,CHEMBL3820,Hexokinase-4,SINGLE PROTEIN,1758340,CHEMBL4193348,Activation of recombinant human liver glucokinase 2 assessed as reduction in NADH production in presence of 5 mM glucose by G6PDH coupled assay relative to control,B,Binding,,,BAO_0000019,assay format,Homo sapiens,9606,,,,,,,,,9,Direct single protein target assigned,D,Direct protein target assigned,1,LITERATURE,,CHEMBL4190311,2017,Eur J Med Chem,28800453,10.1016/j.ejmech.2017.07.051,"Discovery of cycloalkyl-fused N-thiazol-2-yl-benzamides as tissue non-specific glucokinase activators: Design, synthesis, and biological evaluation.",,0,,0,47,0,47,FC:47,,0,GCK 激活,high,描述命中激活类措辞：「Activation of recombinant human liver glucokinase 2 assessed as reduct…」；standard_type 与描述一致（FC:47→激活）,FALSE,rule,,,,,,,GCK 激活,high,rule,FALSE
20095,CHEMBL3820,Hexokinase-4,SINGLE PROTEIN,1758345,CHEMBL4193353,Activation of recombinant human liver glucokinase 2 assessed as assessed as reduction in Km for glucose in presence of 5 mM glucose by G6PDH coupled assay,B,Binding,,,BAO_0000019,assay format,Homo sapiens,9606,,,,,,,,,9,Direct single protein target assigned,D,Direct protein target assigned,1,LITERATURE,,CHEMBL4190311,2017,Eur J Med Chem,28800453,10.1016/j.ejmech.2017.07.051,"Discovery of cycloalkyl-fused N-thiazol-2-yl-benzamides as tissue non-specific glucokinase activators: Design, synthesis, and biological evaluation.",,0,,0,4,4,4,EC50:4,,0,GCK 激活,high,描述命中激活类措辞：「Activation of recombinant human liver glucokinase 2 assessed as assess…」；standard_type 与描述一致（EC50:4→激活）,FALSE,rule,,,,,,,GCK 激活,high,rule,FALSE
20095,CHEMBL3820,Hexokinase-4,SINGLE PROTEIN,1800352,CHEMBL4272644,Activation of human glucokinase assessed as conversion of D-glucose to D-glucose-6-phosphate at 10 uM preincubated for 10 mins followed by 5 mM glucose addition measured for 5 mins at 30 secs time interval by G6PDH/NADP coupled assay relative to control,B,Binding,,,BAO_0000357,single protein format,Homo sapiens,9606,,,,,,,,,9,Direct single protein target assigned,D,Direct protein target assigned,1,LITERATURE,,CHEMBL4270548,2018,Eur J Med Chem,30006171,10.1016/j.ejmech.2018.06.060,Discovery of a potent glucokinase activator with a favorable liver and pancreas distribution pattern for the treatment of type 2 diabetes mellitus.,,0,,0,29,0,29,FC:29,,0,GCK 激活,high,描述命中激活类措辞：「Activation of human glucokinase assessed as conversion of D-glucose to…」；standard_type 与描述一致（FC:29→激活）,FALSE,rule,,,,,,,GCK 激活,high,rule,FALSE
20095,CHEMBL3820,Hexokinase-4,SINGLE PROTEIN,1800353,CHEMBL4272645,Activation of human glucokinase assessed as conversion of D-glucose to D-glucose-6-phosphate at 10 uM preincubated for 10 mins followed by 5 mM glucose addition measured for 5 mins at 30 secs time interval by G6PDH/NADP coupled assay relative to RO0281675,B,Binding,,,BAO_0000357,single protein format,Homo sapiens,9606,,,,,,,,,9,Direct single protein target assigned,D,Direct protein target assigned,1,LITERATURE,,CHEMBL4270548,2018,Eur J Med Chem,30006171,10.1016/j.ejmech.2018.06.060,Discovery of a potent glucokinase activator with a favorable liver and pancreas distribution pattern for the treatment of type 2 diabetes mellitus.,,0,,0,29,0,29,FC:29,,0,GCK 激活,high,描述命中激活类措辞：「Activation of human glucokinase assessed as conversion of D-glucose to…」；standard_type 与描述一致（FC:29→激活）,FALSE,rule,,,,,,,GCK 激活,high,rule,FALSE
20095,CHEMBL3820,Hexokinase-4,SINGLE PROTEIN,1827828,CHEMBL4327702,Inhibition of human GCK assessed as residual activity at 1 uM using MBP as substrate by [gamma-33P]-ATP assay relative to control,B,Binding,,,BAO_0000357,single protein format,Homo sapiens,9606,,,,,,,,,9,Direct single protein target assigned,D,Direct protein target assigned,1,LITERATURE,,CHEMBL4325871,2019,Eur J Med Chem,30384048,10.1016/j.ejmech.2018.10.052,"ASR352, A potent anticancer agent: Synthesis, preliminary SAR, and biological activities against colorectal cancer bulk, 5-fluorouracil/oxaliplatin resistant and stem cells.",,0,,0,2,0,2,Activity:2,,0,GCK 抑制,high,描述命中抑制类措辞：「Inhibition of human GCK assessed as residual activity at 1 uM using MB…」,FALSE,rule,,,,,,,GCK 抑制,high,rule,FALSE
20095,CHEMBL3820,Hexokinase-4,SINGLE PROTEIN,1828192,CHEMBL4328066,Inhibition of human GCK assessed as residual activity at 100 uM using MBP as substrate by [gamma-33P]-ATP assay relative to control,B,Binding,,,BAO_0000357,single protein format,Homo sapiens,9606,,,,,,,,,9,Direct single protein target assigned,D,Direct protein target assigned,1,LITERATURE,,CHEMBL4325871,2019,Eur J Med Chem,30384048,10.1016/j.ejmech.2018.10.052,"ASR352, A potent anticancer agent: Synthesis, preliminary SAR, and biological activities against colorectal cancer bulk, 5-fluorouracil/oxaliplatin resistant and stem cells.",,0,,0,1,0,1,Activity:1,,0,GCK 抑制,high,描述命中抑制类措辞：「Inhibition of human GCK assessed as residual activity at 100 uM using…」,FALSE,rule,,,,,,,GCK 抑制,high,rule,FALSE
20095,CHEMBL3820,Hexokinase-4,SINGLE PROTEIN,1828556,CHEMBL4328430,Inhibition of human GCK using MBP as substrate by [gamma-33P]-ATP assay,B,Binding,,,BAO_0000357,single protein format,Homo sapiens,9606,,,,,,,,,9,Direct single protein target assigned,D,Direct protein target assigned,1,LITERATURE,,CHEMBL4325871,2019,Eur J Med Chem,30384048,10.1016/j.ejmech.2018.10.052,"ASR352, A potent anticancer agent: Synthesis, preliminary SAR, and biological activities against colorectal cancer bulk, 5-fluorouracil/oxaliplatin resistant and stem cells.",,0,,0,1,1,1,IC50:1,,0,GCK 抑制,high,描述命中抑制类措辞：「Inhibition of human GCK using MBP as substrate by [gamma-33P]-ATP assa…」；standard_type 与描述一致（IC50:1→抑制）,FALSE,rule,,,,,,,GCK 抑制,high,rule,FALSE
20095,CHEMBL3820,Hexokinase-4,SINGLE PROTEIN,1832268,CHEMBL4332276,Inhibition of recombinant human N-terminal GST-fused glucokinase expressed in Escherichia coli using glucose-6-phosphatedehydrogenase as substrate by spectrophotometric assay,B,Binding,,,BAO_0000019,assay format,Homo sapiens,9606,,,,,,,,,9,Direct single protein target assigned,D,Direct protein target assigned,1,LITERATURE,,CHEMBL4330107,2019,Bioorg Med Chem,30600148,10.1016/j.bmc.2018.12.029,Synthesis and biological evaluation of 3-aryl-4-indolyl-maleimides as potent mutant isocitrate dehydrogenase-1 inhibitors.,,0,,0,7,0,7,IC50:7,,0,GCK 抑制,high,描述命中抑制类措辞：「Inhibition of recombinant human N-terminal GST-fused glucokinase expre…」；standard_type 与描述一致（IC50:7→抑制）,FALSE,rule,,,,,,,GCK 抑制,high,rule,FALSE
20095,CHEMBL3820,Hexokinase-4,SINGLE PROTEIN,1848734,CHEMBL4349275,Activation of glucokinase (unknown origin) at 10 uM relative to control,B,Binding,,,BAO_0000357,single protein format,Homo sapiens,9606,,,,,,,,,9,Direct single protein target assigned,D,Direct protein target assigned,1,LITERATURE,,CHEMBL4346714,2019,Eur J Med Chem,31009912,10.1016/j.ejmech.2019.04.030,Multitarget PPARγ agonists as innovative modulators of the metabolic syndrome.,,0,,0,3,0,3,FC:3,,0,GCK 激活,high,描述命中激活类措辞：「Activation of glucokinase (unknown origin) at 10 uM relative to contro…」；standard_type 与描述一致（FC:3→激活）,FALSE,rule,,,,,,,GCK 激活,high,rule,FALSE
20095,CHEMBL3820,Hexokinase-4,SINGLE PROTEIN,1848736,CHEMBL4349277,Activation of recombinant human glucokinase assessed as conversion of D-glucose to D-glucose-6-phosphate dehydrate at 10 uM by G6PDH/NADP coupled assay relative to control,B,Binding,,,BAO_0000357,single protein format,Homo sapiens,9606,,,,,,,,,9,Direct single protein target assigned,D,Direct protein target assigned,1,LITERATURE,,CHEMBL4346714,2019,Eur J Med Chem,31009912,10.1016/j.ejmech.2019.04.030,Multitarget PPARγ agonists as innovative modulators of the metabolic syndrome.,,0,,0,1,0,1,FC:1,,0,GCK 激活,high,描述命中激活类措辞：「Activation of recombinant human glucokinase assessed as conversion of…」；standard_type 与描述一致（FC:1→激活）,FALSE,rule,,,,,,,GCK 激活,high,rule,FALSE
20095,CHEMBL3820,Hexokinase-4,SINGLE PROTEIN,1851759,CHEMBL4352383,Inhibition of human GCK at 10 uM using MBP as substrate in presence of [gamma-33P]-ATP,B,Binding,,,BAO_0000357,single protein format,Homo sapiens,9606,,,,,,,,,9,Direct single protein target assigned,D,Direct protein target assigned,1,LITERATURE,,CHEMBL4350963,2019,J Med Chem,31013427,10.1021/acs.jmedchem.9b00318,"Discovery and Lead-Optimization of 4,5-Dihydropyrazoles as Mono-Kinase Selective, Orally Bioavailable and Efficacious Inhibitors of Receptor Interacting Protein 1 (RIP1) Kinase.",,0,,0,1,0,1,Inhibition:1,,0,GCK 抑制,high,描述命中抑制类措辞：「Inhibition of human GCK at 10 uM using MBP as substrate in presence of…」；standard_type 与描述一致（Inhibition:1→抑制）,FALSE,rule,,,,,,,GCK 抑制,high,rule,FALSE
20095,CHEMBL3820,Hexokinase-4,SINGLE PROTEIN,1877944,CHEMBL4379338,Inhibition of recombinant human GCK (1 to 473 residues) using myelin basic protein as substrate after 40 mins in presence of [gamma-33ATP] by radiometric scintillation counting analysis,B,Binding,,,BAO_0000357,single protein format,Homo sapiens,9606,,,,,,,,,9,Direct single protein target assigned,D,Direct protein target assigned,1,LITERATURE,,CHEMBL4376834,2019,J Med Chem,31693351,10.1021/acs.jmedchem.9b01143,"Discovery of 4H-Chromen-4-one Derivatives as a New Class of Selective Rho Kinase (ROCK) Inhibitors, which Showed Potent Activity in ex Vivo Diabetic Retinopathy Models.",,0,,0,1,0,1,IC50:1,,0,GCK 抑制,high,描述命中抑制类措辞：「Inhibition of recombinant human GCK (1 to 473 residues) using myelin b…」；standard_type 与描述一致（IC50:1→抑制）,FALSE,rule,,,,,,,GCK 抑制,high,rule,FALSE
20095,CHEMBL3820,Hexokinase-4,SINGLE PROTEIN,1924392,CHEMBL4427348,Activation of human recombinant glucokinase using 5 mM glucose as substrate in presence of NAD+ by glucose 6-phosphate dehydrogenase coupled assay,B,Binding,,,BAO_0000357,single protein format,Homo sapiens,9606,,,,,,,,,9,Direct single protein target assigned,D,Direct protein target assigned,1,LITERATURE,,CHEMBL4425164,2016,ACS Med Chem Lett,27437074,10.1021/acsmedchemlett.6b00145,5-Alkyl-2-urea-Substituted Pyridines: Identification of Efficacious Glucokinase Activators with Improved Properties.,,0,,0,25,25,25,EC50:25,,0,GCK 激活,high,描述命中激活类措辞：「Activation of human recombinant glucokinase using 5 mM glucose as subs…」；standard_type 与描述一致（EC50:25→激活）,FALSE,rule,,,,,,,GCK 激活,high,rule,FALSE
20095,CHEMBL3820,Hexokinase-4,SINGLE PROTEIN,1924393,CHEMBL4427349,Activation of human recombinant glucokinase using 5 mM glucose as substrate in presence of NAD+ and 4% HSA by glucose 6-phosphate dehydrogenase coupled assay,B,Binding,,,BAO_0000357,single protein format,Homo sapiens,9606,,,,,,,,,9,Direct single protein target assigned,D,Direct protein target assigned,1,LITERATURE,,CHEMBL4425164,2016,ACS Med Chem Lett,27437074,10.1021/acsmedchemlett.6b00145,5-Alkyl-2-urea-Substituted Pyridines: Identification of Efficacious Glucokinase Activators with Improved Properties.,,0,,0,25,25,25,EC50:25,,0,GCK 激活,high,描述命中激活类措辞：「Activation of human recombinant glucokinase using 5 mM glucose as subs…」；standard_type 与描述一致（EC50:25→激活）,FALSE,rule,,,,,,,GCK 激活,high,rule,FALSE
20095,CHEMBL3820,Hexokinase-4,SINGLE PROTEIN,1924394,CHEMBL4427350,Activation of human recombinant glucokinase assessed as enzyme affinity for glucose using 5 mM glucose as substrate in presence of NAD+ by by glucose 6-phosphate dehydrogenase coupled assay,B,Binding,,,BAO_0000357,single protein format,Homo sapiens,9606,,,,,,,,,9,Direct single protein target assigned,D,Direct protein target assigned,1,LITERATURE,,CHEMBL4425164,2016,ACS Med Chem Lett,27437074,10.1021/acsmedchemlett.6b00145,5-Alkyl-2-urea-Substituted Pyridines: Identification of Efficacious Glucokinase Activators with Improved Properties.,,0,,0,25,0,25,S0.5:25,,0,GCK 激活,high,描述命中激活类措辞：「Activation of human recombinant glucokinase assessed as enzyme affinit…」；standard_type 与描述一致（S0.5:25→激活）,FALSE,rule,,,,,,,GCK 激活,high,rule,FALSE
20095,CHEMBL3820,Hexokinase-4,SINGLE PROTEIN,1924395,CHEMBL4427351,Activation of human recombinant glucokinase assessed as Vmax ratio using 0.16 to 80 mM of glucose as substrate in presence of NAD+ by glucose 6-phosphate dehydrogenase coupled assay relative to control,B,Binding,,,BAO_0000357,single protein format,Homo sapiens,9606,,,,,,,,,9,Direct single protein target assigned,D,Direct protein target assigned,1,LITERATURE,,CHEMBL4425164,2016,ACS Med Chem Lett,27437074,10.1021/acsmedchemlett.6b00145,5-Alkyl-2-urea-Substituted Pyridines: Identification of Efficacious Glucokinase Activators with Improved Properties.,,0,,0,25,0,25,Ratio:25,,0,GCK 激活,high,描述命中激活类措辞：「Activation of human recombinant glucokinase assessed as Vmax ratio usi…」,FALSE,rule,,,,,,,GCK 激活,high,rule,FALSE
20095,CHEMBL3820,Hexokinase-4,SINGLE PROTEIN,1924420,CHEMBL4427376,Ratio of EC50 for activation of human recombinant glucokinase in presence of 4% HSA to EC50 for activation of human recombinant glucokinase in absence of 4% HSA,B,Binding,,,BAO_0000357,single protein format,Homo sapiens,9606,,,,,,,,,9,Direct single protein target assigned,D,Direct protein target assigned,1,LITERATURE,,CHEMBL4425164,2016,ACS Med Chem Lett,27437074,10.1021/acsmedchemlett.6b00145,5-Alkyl-2-urea-Substituted Pyridines: Identification of Efficacious Glucokinase Activators with Improved Properties.,,0,,0,5,0,5,Ratio EC50:5,,0,GCK 激活,high,描述命中激活类措辞：「Ratio of EC50 for activation of human recombinant glucokinase in presence of 4% HSA to E…」；standard_type 与描述一致（Ratio EC50:5→激活）,FALSE,rule,,,,,,,GCK 激活,high,rule,FALSE
20095,CHEMBL3820,Hexokinase-4,SINGLE PROTEIN,1924593,CHEMBL4427549,Activation of human recombinant glucokinase using 5 mM glucose monitored over 5 mins in presence of NAD+ by glucose 6-phosphate dehydrogenase coupled assay,B,Binding,,,BAO_0000357,single protein format,Homo sapiens,9606,,,,,,,,,9,Direct single protein target assigned,D,Direct protein target assigned,1,LITERATURE,,CHEMBL4425170,2016,ACS Med Chem Lett,27437083,10.1021/acsmedchemlett.6b00140,Novel Series of Potent Glucokinase Activators Leading to the Discovery of AM-2394.,,0,,0,27,26,27,EC50:27,,0,GCK 激活,high,描述命中激活类措辞：「Activation of human recombinant glucokinase using 5 mM glucose monitor…」；standard_type 与描述一致（EC50:27→激活）,FALSE,rule,,,,,,,GCK 激活,high,rule,FALSE
20095,CHEMBL3820,Hexokinase-4,SINGLE PROTEIN,1924594,CHEMBL4427550,Activation of human recombinant glucokinase using 5 mM glucose monitored over 5 mins in presence of NAD+ and glucose 6-phosphate 4% human serum albumin by glucose 6-phosphate dehydrogenase coupled assay,B,Binding,,,BAO_0000357,single protein format,Homo sapiens,9606,,,,,,,,,9,Direct single protein target assigned,D,Direct protein target assigned,1,LITERATURE,,CHEMBL4425170,2016,ACS Med Chem Lett,27437083,10.1021/acsmedchemlett.6b00140,Novel Series of Potent Glucokinase Activators Leading to the Discovery of AM-2394.,,0,,0,20,20,20,EC50:20,,0,GCK 激活,high,描述命中激活类措辞：「Activation of human recombinant glucokinase using 5 mM glucose monitor…」；standard_type 与描述一致（EC50:20→激活）,FALSE,rule,,,,,,,GCK 激活,high,rule,FALSE
20095,CHEMBL3820,Hexokinase-4,SINGLE PROTEIN,1924595,CHEMBL4427551,Activation of human recombinant glucokinase assessed as substrate affinity monitored over 5 mins in presence of varying concentration of glucose and NAD+ by glucose 6-phosphate dehydrogenase coupled assay,B,Binding,,,BAO_0000357,single protein format,Homo sapiens,9606,,,,,,,,,9,Direct single protein target assigned,D,Direct protein target assigned,1,LITERATURE,,CHEMBL4425170,2016,ACS Med Chem Lett,27437083,10.1021/acsmedchemlett.6b00140,Novel Series of Potent Glucokinase Activators Leading to the Discovery of AM-2394.,,0,,0,25,0,25,S0.5:25,,0,GCK 激活,high,描述命中激活类措辞：「Activation of human recombinant glucokinase assessed as substrate affi…」；standard_type 与描述一致（S0.5:25→激活）,FALSE,rule,,,,,,,GCK 激活,high,rule,FALSE
20095,CHEMBL3820,Hexokinase-4,SINGLE PROTEIN,1924596,CHEMBL4427552,Activation of human recombinant glucokinase assessed as substrate Vmax ratio monitored over 5 mins in presence of varying concentration of glucose and NAD+ by glucose 6-phosphate dehydrogenase coupled assay,B,Binding,,,BAO_0000357,single protein format,Homo sapiens,9606,,,,,,,,,9,Direct single protein target assigned,D,Direct protein target assigned,1,LITERATURE,,CHEMBL4425170,2016,ACS Med Chem Lett,27437083,10.1021/acsmedchemlett.6b00140,Novel Series of Potent Glucokinase Activators Leading to the Discovery of AM-2394.,,0,,0,26,0,26,Ratio:26,,0,GCK 激活,high,描述命中激活类措辞：「Activation of human recombinant glucokinase assessed as substrate Vmax…」,FALSE,rule,,,,,,,GCK 激活,high,rule,FALSE
20095,CHEMBL3820,Hexokinase-4,SINGLE PROTEIN,1924630,CHEMBL4427586,Ratio of EC50 for activation of human recombinant glucokinase in presence of 4% human serum albumin to EC50 for activation of human recombinant glucokinase in absence of 4% human serum,B,Binding,,,BAO_0000357,single protein format,Homo sapiens,9606,,,,,,,,,9,Direct single protein target assigned,D,Direct protein target assigned,1,LITERATURE,,CHEMBL4425170,2016,ACS Med Chem Lett,27437083,10.1021/acsmedchemlett.6b00140,Novel Series of Potent Glucokinase Activators Leading to the Discovery of AM-2394.,,0,,0,3,0,3,Ratio EC50:3,,0,GCK 激活,high,描述命中激活类措辞：「Ratio of EC50 for activation of human recombinant glucokinase in presence of 4% human se…」；standard_type 与描述一致（Ratio EC50:3→激活）,FALSE,rule,,,,,,,GCK 激活,high,rule,FALSE
20095,CHEMBL3820,Hexokinase-4,SINGLE PROTEIN,1925588,CHEMBL4428660,Displacement of TAFMT from human pancreatic N-terminal His6-tagged glucokinase isoform 1 expressed in Escherichia coli BL21(DE3) by stopped-flow fluorometric method,B,Binding,,,BAO_0000019,assay format,Homo sapiens,9606,,,,,,,,,9,Direct single protein target assigned,D,Direct protein target assigned,1,LITERATURE,,CHEMBL4428044,2016,J Med Chem,27391254,10.1021/acs.jmedchem.6b00632,Molecular Dynamics Simulations and Kinetic Measurements to Estimate and Predict Protein-Ligand Residence Times.,,0,,0,6,6,6,Kd:6,,0,GCK 结合,high,描述命中结合类措辞：「Displacement of TAFMT from human pancreatic N-terminal His6-tagged glucokin…」；standard_type 与描述一致（Kd:6→结合）,FALSE,rule,,,,,,,GCK 结合,high,rule,FALSE
20095,CHEMBL3820,Hexokinase-4,SINGLE PROTEIN,1925589,CHEMBL4428661,Binding affinity to human pancreatic N-terminal His6-tagged glucokinase isoform 1 expressed in Escherichia coli BL21(DE3) by stopped-flow fluorometric method,B,Binding,,,BAO_0000019,assay format,Homo sapiens,9606,,,,,,,,,9,Direct single protein target assigned,D,Direct protein target assigned,1,LITERATURE,,CHEMBL4428044,2016,J Med Chem,27391254,10.1021/acs.jmedchem.6b00632,Molecular Dynamics Simulations and Kinetic Measurements to Estimate and Predict Protein-Ligand Residence Times.,,0,,0,1,1,1,Kd:1,,0,GCK 结合,high,描述命中结合类措辞：「Binding affinity to human pancreatic N-terminal His6-tagged glucokinase isof…」；standard_type 与描述一致（Kd:1→结合）,FALSE,rule,,,,,,,GCK 结合,high,rule,FALSE
20095,CHEMBL3820,Hexokinase-4,SINGLE PROTEIN,1925590,CHEMBL4428662,Binding affinity to human pancreatic N-terminal His6-tagged glucokinase isoform 1 expressed in Escherichia coli BL21(DE3) assessed as association rate constant by stopped-flow fluorometric method,B,Binding,,,BAO_0000019,assay format,Homo sapiens,9606,,,,,,,,,9,Direct single protein target assigned,D,Direct protein target assigned,1,LITERATURE,,CHEMBL4428044,2016,J Med Chem,27391254,10.1021/acs.jmedchem.6b00632,Molecular Dynamics Simulations and Kinetic Measurements to Estimate and Predict Protein-Ligand Residence Times.,,0,,0,1,0,1,K:1,,0,GCK 结合,high,描述命中结合类措辞：「Binding affinity to human pancreatic N-terminal His6-tagged glucokinase isof…」,FALSE,rule,,,,,,,GCK 结合,high,rule,FALSE
20095,CHEMBL3820,Hexokinase-4,SINGLE PROTEIN,1925591,CHEMBL4428663,Binding affinity to human pancreatic N-terminal His6-tagged glucokinase isoform 1 expressed in Escherichia coli BL21(DE3) assessed as dissociation rate constant by stopped-flow fluorometric method,B,Binding,,,BAO_0000019,assay format,Homo sapiens,9606,,,,,,,,,9,Direct single protein target assigned,D,Direct protein target assigned,1,LITERATURE,,CHEMBL4428044,2016,J Med Chem,27391254,10.1021/acs.jmedchem.6b00632,Molecular Dynamics Simulations and Kinetic Measurements to Estimate and Predict Protein-Ligand Residence Times.,,0,,0,1,0,1,K:1,,0,GCK 结合,high,描述命中结合类措辞：「Binding affinity to human pancreatic N-terminal His6-tagged glucokinase isof…」,FALSE,rule,,,,,,,GCK 结合,high,rule,FALSE
20095,CHEMBL3820,Hexokinase-4,SINGLE PROTEIN,1925592,CHEMBL4428664,Binding affinity to human pancreatic N-terminal His6-tagged glucokinase isoform 1 expressed in Escherichia coli BL21(DE3) assessed as residence time in presence of glucose by stopped-flow fluorometric method,B,Binding,,,BAO_0000019,assay format,Homo sapiens,9606,,,,,,,,,9,Direct single protein target assigned,D,Direct protein target assigned,1,LITERATURE,,CHEMBL4428044,2016,J Med Chem,27391254,10.1021/acs.jmedchem.6b00632,Molecular Dynamics Simulations and Kinetic Measurements to Estimate and Predict Protein-Ligand Residence Times.,,0,,0,1,0,1,TIME:1,,0,GCK 结合,high,描述命中结合类措辞：「Binding affinity to human pancreatic N-terminal His6-tagged glucokinase isof…」,FALSE,rule,,,,,,,GCK 结合,high,rule,FALSE
20095,CHEMBL3820,Hexokinase-4,SINGLE PROTEIN,1925593,CHEMBL4428665,Displacement of TAFMT from human pancreatic N-terminal His6-tagged glucokinase isoform 1 expressed in Escherichia coli BL21(DE3) assessed as compound association rate constant by stopped-flow fluorometric method,B,Binding,,,BAO_0000019,assay format,Homo sapiens,9606,,,,,,,,,9,Direct single protein target assigned,D,Direct protein target assigned,1,LITERATURE,,CHEMBL4428044,2016,J Med Chem,27391254,10.1021/acs.jmedchem.6b00632,Molecular Dynamics Simulations and Kinetic Measurements to Estimate and Predict Protein-Ligand Residence Times.,,0,,0,6,0,6,K:6,,0,GCK 结合,high,描述命中结合类措辞：「Displacement of TAFMT from human pancreatic N-terminal His6-tagged glucokin…」,FALSE,rule,,,,,,,GCK 结合,high,rule,FALSE
20095,CHEMBL3820,Hexokinase-4,SINGLE PROTEIN,1925594,CHEMBL4428666,Activation of human pancreatic N-terminal His6-tagged glucokinase isoform 1 expressed in Escherichia coli BL21(DE3) assessed as conversion of glucose to glucose-6-phosphate by G6PDH/NADP-coupled enzyme assay,B,Binding,,,BAO_0000019,assay format,Homo sapiens,9606,,,,,,,,,9,Direct single protein target assigned,D,Direct protein target assigned,1,LITERATURE,,CHEMBL4428044,2016,J Med Chem,27391254,10.1021/acs.jmedchem.6b00632,Molecular Dynamics Simulations and Kinetic Measurements to Estimate and Predict Protein-Ligand Residence Times.,,0,,0,5,0,5,Activity:5,,0,GCK 激活,high,描述命中激活类措辞：「Activation of human pancreatic N-terminal His6-tagged glucokinase isof…」,FALSE,rule,,,,,,,GCK 激活,high,rule,FALSE
20095,CHEMBL3820,Hexokinase-4,SINGLE PROTEIN,1925595,CHEMBL4428667,Displacement of TAFMT from human pancreatic N-terminal His6-tagged glucokinase isoform 1 expressed in Escherichia coli BL21(DE3) assessed as compound dissociation rate constant by stopped-flow fluorometric method,B,Binding,,,BAO_0000019,assay format,Homo sapiens,9606,,,,,,,,,9,Direct single protein target assigned,D,Direct protein target assigned,1,LITERATURE,,CHEMBL4428044,2016,J Med Chem,27391254,10.1021/acs.jmedchem.6b00632,Molecular Dynamics Simulations and Kinetic Measurements to Estimate and Predict Protein-Ligand Residence Times.,,0,,0,6,0,6,K:6,,0,GCK 结合,high,描述命中结合类措辞：「Displacement of TAFMT from human pancreatic N-terminal His6-tagged glucokin…」,FALSE,rule,,,,,,,GCK 结合,high,rule,FALSE
20095,CHEMBL3820,Hexokinase-4,SINGLE PROTEIN,1925596,CHEMBL4428668,Displacement of TAFMT from human pancreatic N-terminal His6-tagged glucokinase isoform 1 expressed in Escherichia coli BL21(DE3) assessed as compound residence time by stopped-flow fluorometric method,B,Binding,,,BAO_0000019,assay format,Homo sapiens,9606,,,,,,,,,9,Direct single protein target assigned,D,Direct protein target assigned,1,LITERATURE,,CHEMBL4428044,2016,J Med Chem,27391254,10.1021/acs.jmedchem.6b00632,Molecular Dynamics Simulations and Kinetic Measurements to Estimate and Predict Protein-Ligand Residence Times.,,0,,0,6,0,6,TIME:6,,0,GCK 结合,high,描述命中结合类措辞：「Displacement of TAFMT from human pancreatic N-terminal His6-tagged glucokin…」,FALSE,rule,,,,,,,GCK 结合,high,rule,FALSE
20095,CHEMBL3820,Hexokinase-4,SINGLE PROTEIN,1980961,CHEMBL4614223,Activation of glucokinase (unknown origin),B,Binding,,,BAO_0000357,single protein format,Homo sapiens,9606,,,,,,,,,9,Direct single protein target assigned,D,Direct protein target assigned,1,LITERATURE,,CHEMBL4613229,2020,Bioorg Med Chem,31818630,10.1016/j.bmc.2019.115232,Discovery and preclinical development of AR453588 as an anti-diabetic glucokinase activator.,,0,,0,34,34,34,EC50:34,,0,GCK 激活,high,描述命中激活类措辞：「Activation of glucokinase (unknown origin)」；standard_type 与描述一致（EC50:34→激活）,FALSE,rule,,,,,,,GCK 激活,high,rule,FALSE
20095,CHEMBL3820,Hexokinase-4,SINGLE PROTEIN,1980977,CHEMBL4614239,Activation of glucokinase (unknown origin) in presence of 4% human serum albumin,B,Binding,,,BAO_0000357,single protein format,Homo sapiens,9606,,,,,,,,,9,Direct single protein target assigned,D,Direct protein target assigned,1,LITERATURE,,CHEMBL4613229,2020,Bioorg Med Chem,31818630,10.1016/j.bmc.2019.115232,Discovery and preclinical development of AR453588 as an anti-diabetic glucokinase activator.,,0,,0,7,7,7,EC50:7,,0,GCK 激活,high,描述命中激活类措辞：「Activation of glucokinase (unknown origin) in presence of 4% human ser…」；standard_type 与描述一致（EC50:7→激活）,FALSE,rule,,,,,,,GCK 激活,high,rule,FALSE
20095,CHEMBL3820,Hexokinase-4,SINGLE PROTEIN,1990611,CHEMBL4624346,Activation of human glucokinase,B,Binding,,,BAO_0000357,single protein format,Homo sapiens,9606,,,,,,,,,9,Direct single protein target assigned,D,Direct protein target assigned,1,LITERATURE,,CHEMBL4622891,2020,Bioorg Med Chem Lett,32527453,10.1016/j.bmcl.2020.127249,"Design, synthesis, and pharmacological evaluation of 2-(4-sulfonylphenyl)-2-[(E)-pyrrolidin-1-ylimino]-N-thiazoleacetamides as glucokinase activators.",,0,,0,9,9,9,EC50:9,,0,GCK 激活,high,描述命中激活类措辞：「Activation of human glucokinase」；standard_type 与描述一致（EC50:9→激活）,FALSE,rule,,,,,,,GCK 激活,high,rule,FALSE
20095,CHEMBL3820,Hexokinase-4,SINGLE PROTEIN,2020258,CHEMBL4674071,Inhibition of human GCK using MBP as substrate by [gamma-33P]-ATP assay,B,Binding,,,BAO_0000357,single protein format,Homo sapiens,9606,,,,,,,,,9,Direct single protein target assigned,D,Direct protein target assigned,1,LITERATURE,,CHEMBL4673210,2018,Bioorg Med Chem Lett,29636220,10.1016/j.bmcl.2018.03.032,Investigating small molecules to inhibit germinal center kinase-like kinase (GLK/MAP4K3) upstream of PKCθ phosphorylation: Potential therapy to modulate T cell dependent immunity.,,0,,0,1,1,1,IC50:1,,0,GCK 抑制,high,描述命中抑制类措辞：「Inhibition of human GCK using MBP as substrate by [gamma-33P]-ATP assa…」；standard_type 与描述一致（IC50:1→抑制）,FALSE,rule,,,,,,,GCK 抑制,high,rule,FALSE
20095,CHEMBL3820,Hexokinase-4,SINGLE PROTEIN,2020299,CHEMBL4674112,Inhibition of human GCK using MBP as substrate at 0.5 uM by [gamma-33P]-ATP assay relative to control,B,Binding,,,BAO_0000357,single protein format,Homo sapiens,9606,,,,,,,,,9,Direct single protein target assigned,D,Direct protein target assigned,1,LITERATURE,,CHEMBL4673210,2018,Bioorg Med Chem Lett,29636220,10.1016/j.bmcl.2018.03.032,Investigating small molecules to inhibit germinal center kinase-like kinase (GLK/MAP4K3) upstream of PKCθ phosphorylation: Potential therapy to modulate T cell dependent immunity.,,0,,0,1,0,1,Inhibition:1,,0,GCK 抑制,high,描述命中抑制类措辞：「Inhibition of human GCK using MBP as substrate at 0.5 uM by [gamma-33P…」；standard_type 与描述一致（Inhibition:1→抑制）,FALSE,rule,,,,,,,GCK 抑制,high,rule,FALSE
20095,CHEMBL3820,Hexokinase-4,SINGLE PROTEIN,2020559,CHEMBL4674372,Inhibition of human GCK using MBP as substrate assessed as residual activity at 1 uM by [gamma-33P]-ATP assay relative to control,B,Binding,,,BAO_0000357,single protein format,Homo sapiens,9606,,,,,,,,,9,Direct single protein target assigned,D,Direct protein target assigned,1,LITERATURE,,CHEMBL4673210,2018,Bioorg Med Chem Lett,29636220,10.1016/j.bmcl.2018.03.032,Investigating small molecules to inhibit germinal center kinase-like kinase (GLK/MAP4K3) upstream of PKCθ phosphorylation: Potential therapy to modulate T cell dependent immunity.,,0,,0,2,0,2,Activity:2,,0,GCK 抑制,high,描述命中抑制类措辞：「Inhibition of human GCK using MBP as substrate assessed as residual ac…」,FALSE,rule,,,,,,,GCK 抑制,high,rule,FALSE
20095,CHEMBL3820,Hexokinase-4,SINGLE PROTEIN,2027813,CHEMBL4681971,Inhibition of GCK human PBMC lysates at 1 uM by ActivX screen assay relative to control,B,Binding,,,BAO_0000220,subcellular format,Homo sapiens,9606,,,PBMC,Lysates,,,,,9,Direct single protein target assigned,D,Direct protein target assigned,1,LITERATURE,,CHEMBL4680107,2018,J Med Chem,29570292,10.1021/acs.jmedchem.8b00152,2-Aminopyridine-Based Mitogen-Activated Protein Kinase Kinase Kinase Kinase 4 (MAP4K4) Inhibitors: Assessment of Mechanism-Based Safety.,,0,,0,1,0,1,Inhibition:1,,0,GCK 抑制,high,描述命中抑制类措辞：「Inhibition of GCK human PBMC lysates at 1 uM by ActivX screen assay re…」；standard_type 与描述一致（Inhibition:1→抑制）,FALSE,rule,,,,,,,GCK 抑制,high,rule,FALSE
20095,CHEMBL3820,Hexokinase-4,SINGLE PROTEIN,2065467,CHEMBL4720720,Inhibition of human GCK using MBP as substrate by [gamma-33P]-ATP assay,B,Binding,,,BAO_0000357,single protein format,Homo sapiens,9606,,,,,,,,,9,Direct single protein target assigned,D,Direct protein target assigned,1,LITERATURE,,CHEMBL4715818,2018,Bioorg Med Chem,29523467,10.1016/j.bmc.2018.02.022,Novel quinazoline derivatives bearing various 6-benzamide moieties as highly selective and potent EGFR inhibitors.,,0,,0,1,1,1,IC50:1,,0,GCK 抑制,high,描述命中抑制类措辞：「Inhibition of human GCK using MBP as substrate by [gamma-33P]-ATP assa…」；standard_type 与描述一致（IC50:1→抑制）,FALSE,rule,,,,,,,GCK 抑制,high,rule,FALSE
20095,CHEMBL3820,Hexokinase-4,SINGLE PROTEIN,2065819,CHEMBL4721072,Inhibition of human GCK assessed as residual activity using MBP as substrate at 1 uM by [gamma-33P]-ATP assay relative to control,B,Binding,,,BAO_0000357,single protein format,Homo sapiens,9606,,,,,,,,,9,Direct single protein target assigned,D,Direct protein target assigned,1,LITERATURE,,CHEMBL4715818,2018,Bioorg Med Chem,29523467,10.1016/j.bmc.2018.02.022,Novel quinazoline derivatives bearing various 6-benzamide moieties as highly selective and potent EGFR inhibitors.,,0,,0,1,0,1,Activity:1,,0,GCK 抑制,high,描述命中抑制类措辞：「Inhibition of human GCK assessed as residual activity using MBP as sub…」,FALSE,rule,,,,,,,GCK 抑制,high,rule,FALSE
20095,CHEMBL3820,Hexokinase-4,SINGLE PROTEIN,2096099,CHEMBL4804384,Inhibition of GCK in human NCI-H929 cells by mass spectroscopic analysis,B,Binding,,,BAO_0000219,cell-based format,Homo sapiens,9606,,,NCI-H929,,,,,,9,Direct single protein target assigned,D,Direct protein target assigned,38,PATENT,,CHEMBL4804281,2020,,,,STK4 inhibitors for treatment of hematologic malignancies,,0,,0,6,0,6,% inhibition:6,"[{""comment"": ""Data is reported as I50 but values are consistent with % inhibition, changed for ChEMBL32 at suggestion of BZ"", ""n"": 6}]",1,GCK 抑制,high,描述命中抑制类措辞：「Inhibition of GCK in human NCI-H929 cells by mass spectroscopic analys…」；standard_type 与描述一致（% inhibition:6→抑制）,FALSE,rule,,,,,,,GCK 抑制,high,rule,FALSE
20095,CHEMBL3820,Hexokinase-4,SINGLE PROTEIN,2096281,CHEMBL4804566,Inhibition of GCK in human NCI-H929 cells at 10 uM by mass spectroscopic analysis relative to control,B,Binding,,,BAO_0000219,cell-based format,Homo sapiens,9606,,,NCI-H929,,,,,,9,Direct single protein target assigned,D,Direct protein target assigned,38,PATENT,,CHEMBL4804281,2020,,,,STK4 inhibitors for treatment of hematologic malignancies,,0,,0,5,0,5,Inhibition:5,,0,GCK 抑制,high,描述命中抑制类措辞：「Inhibition of GCK in human NCI-H929 cells at 10 uM by mass spectroscop…」；standard_type 与描述一致（Inhibition:5→抑制）,FALSE,rule,,,,,,,GCK 抑制,high,rule,FALSE
20095,CHEMBL3820,Hexokinase-4,SINGLE PROTEIN,2105282,CHEMBL4813785,Inhibition of human hexokinase-4 at 20 uM relative to control,A,ADME,,,BAO_0000357,single protein format,Homo sapiens,9606,,,,,,,,,9,Direct single protein target assigned,D,Direct protein target assigned,1,LITERATURE,,CHEMBL4811314,2021,Bioorg Med Chem Lett,34174398,10.1016/j.bmcl.2021.128227,"Synthesis, biochemical, and biological evaluation of C2 linkage derivatives of amino sugars, inhibitors of glucokinase from Trypanosoma cruzi.",,0,,0,19,0,19,Inhibition:19,,0,GCK 抑制,high,描述命中抑制类措辞：「Inhibition of human hexokinase-4 at 20 uM relative to control」；standard_type 与描述一致（Inhibition:19→抑制）,FALSE,rule,,,,,,,GCK 抑制,high,rule,FALSE
20095,CHEMBL3820,Hexokinase-4,SINGLE PROTEIN,2137085,CHEMBL4880638,GCK (h) Millipore kinase activity assay,B,Binding,In vitro,,BAO_0000357,single protein format,Homo sapiens,9606,,,,,,,,,9,Direct single protein target assigned,D,Direct protein target assigned,54,DONATED_PROBES,,CHEMBL4507263,2021,,,10.6019/CHEMBL4507263,Data for DCP probe BAY-474,,0,,0,1,0,1,Inhibition:1,"[{""comment"": ""Not Active"", ""n"": 1}]",1,GCK 抑制,medium,描述无方向措辞，依据实测 standard_type 推断（Inhibition:1→抑制）,TRUE,rule,GCK 抑制,medium,GCK (h) Millipore kinase activity assay,实验描述为激酶活性测定，结合实测标准类型为抑制，表明实际测量的是化合物对GCK活性的抑制能力。描述本身未提及方向，故置信度为中。,TRUE,,GCK 抑制,medium,llm,TRUE
20095,CHEMBL3820,Hexokinase-4,SINGLE PROTEIN,2137507,CHEMBL4881060,GCK(h) Eurofins Kinase panel,B,Binding,In vitro,,BAO_0000357,single protein format,Homo sapiens,9606,,,,,,,,,9,Direct single protein target assigned,D,Direct protein target assigned,54,DONATED_PROBES,,CHEMBL4507268,2021,,,10.6019/CHEMBL4507268,Data for DCP probe BAY-885,,0,,0,1,0,1,% residual kinase activity:1,"[{""comment"": ""Not Active"", ""n"": 1}]",1,无法判断,low,描述无方向措辞，standard_type 也全为方向中性（% residual kinase activity:1）,TRUE,rule,无法判断,low,GCK(h) Eurofins Kinase panel,实验描述仅提及激酶panel，未指明是激活、抑制或结合；实测指标为残留激酶活性百分比，但无方向性说明，无法确定具体测定类别。,TRUE,,无法判断,low,manual_review_required,TRUE
20095,CHEMBL3820,Hexokinase-4,SINGLE PROTEIN,2140766,CHEMBL4884319,GCK(h) Eurofins kinase panel,B,Binding,In vitro,,BAO_0000357,single protein format,Homo sapiens,9606,,,,,,,,,9,Direct single protein target assigned,D,Direct protein target assigned,54,DONATED_PROBES,,CHEMBL4507319,2021,,,10.6019/CHEMBL4507319,Data for DCP probe BAY-3827,,0,,0,1,0,1,% residual kinase activity:1,"[{""comment"": ""Not Active"", ""n"": 1}]",1,无法判断,low,描述无方向措辞，standard_type 也全为方向中性（% residual kinase activity:1）,TRUE,rule,无法判断,medium,GCK(h) Eurofins kinase panel,描述仅提及激酶panel，standard_type为残余活性但未标明是激活还是抑制筛选，activity_comment也未提供方向信息，无法确定究竟测量激活或抑制。,TRUE,,无法判断,low,manual_review_required,TRUE
20095,CHEMBL3820,Hexokinase-4,SINGLE PROTEIN,2141203,CHEMBL4884756,GCK(M4K2LGY1) Takeda global kinase panel,B,Binding,In vitro,,BAO_0000357,single protein format,Homo sapiens,9606,,,,,,,,,9,Direct single protein target assigned,D,Direct protein target assigned,54,DONATED_PROBES,,CHEMBL4507327,2021,,,10.6019/CHEMBL4507327,Data for DCP probe TP-030-1,,0,,0,1,1,1,IC50:1,,0,GCK 抑制,medium,描述无方向措辞，依据实测 standard_type 推断（IC50:1→抑制）,TRUE,rule,GCK 结合,medium,GCK(M4K2LGY1) Takeda global kinase panel,实验类型为 Binding，且 standard_type 为 IC50，通常表示竞争结合测定，因此判断为 GCK 结合。,TRUE,,GCK 结合,medium,llm,TRUE
20095,CHEMBL3820,Hexokinase-4,SINGLE PROTEIN,2141494,CHEMBL4885047,GCK(M4K2LGY1) Takeda global kinase panel,B,Binding,In vitro,,BAO_0000357,single protein format,Homo sapiens,9606,,,,,,,,,9,Direct single protein target assigned,D,Direct protein target assigned,54,DONATED_PROBES,,CHEMBL4507326,2021,,,10.6019/CHEMBL4507326,Data for DCP probe TP-030-2,,0,,0,1,1,1,IC50:1,,0,GCK 抑制,medium,描述无方向措辞，依据实测 standard_type 推断（IC50:1→抑制）,TRUE,rule,GCK 结合,medium,GCK(M4K2LGY1) Takeda global kinase panel,实验类型为 Binding，且 standard_type 为 IC50，通常表示竞争结合测定，因此判断为 GCK 结合。,TRUE,,GCK 结合,medium,llm,TRUE
20095,CHEMBL3820,Hexokinase-4,SINGLE PROTEIN,2141784,CHEMBL4885337,GCK(M4K2LGY1) Takeda global kinase panel,B,Binding,In vitro,,BAO_0000357,single protein format,Homo sapiens,9606,,,,,,,,,9,Direct single protein target assigned,D,Direct protein target assigned,54,DONATED_PROBES,,CHEMBL4507327,2021,,,10.6019/CHEMBL4507327,Data for DCP probe TP-030-1,,0,,0,1,1,1,IC50:1,,0,GCK 抑制,medium,描述无方向措辞，依据实测 standard_type 推断（IC50:1→抑制）,TRUE,rule,GCK 结合,medium,GCK(M4K2LGY1) Takeda global kinase panel,实验类型为 Binding，且 standard_type 为 IC50，通常表示竞争结合测定，因此判断为 GCK 结合。,TRUE,,GCK 结合,medium,llm,TRUE
20095,CHEMBL3820,Hexokinase-4,SINGLE PROTEIN,2144325,CHEMBL4887878,GCK(h) Millipore kinase panel,B,Binding,In vitro,,BAO_0000357,single protein format,Homo sapiens,9606,,,,,,,,,9,Direct single protein target assigned,D,Direct protein target assigned,54,DONATED_PROBES,,CHEMBL4800729,2021,,,10.6019/CHEMBL4800729,Data for DCP probe BAY-091,,0,,0,1,0,1,Inhibition:1,"[{""comment"": ""Not Active"", ""n"": 1}]",1,GCK 抑制,medium,描述无方向措辞，依据实测 standard_type 推断（Inhibition:1→抑制）,TRUE,rule,GCK 抑制,medium,GCK(h) Millipore kinase panel,实验描述为激酶筛选面板，实测standard_type为Inhibition，表明测量化合物对GCK酶活性的抑制能力。,TRUE,,GCK 抑制,medium,llm,TRUE
20095,CHEMBL3820,Hexokinase-4,SINGLE PROTEIN,2154239,CHEMBL5038899,Inhibition of human recombinant GCK assessed as reduction in substrate phosphorylation at 50 to 500 nM using ATP and Ulight-CKKSRGDYMTMQIG (IRS-1) incubated for 60 min by LANCE detection method,B,Binding,,,BAO_0000357,single protein format,Homo sapiens,9606,,,,,,,,,9,Direct single protein target assigned,D,Direct protein target assigned,1,LITERATURE,,CHEMBL5038570,2022,J Med Chem,33586434,10.1021/acs.jmedchem.0c02111,"Discovery of Novel Pyrrolo[2,3-<i>d</i>]pyrimidine-based Derivatives as Potent JAK/HDAC Dual Inhibitors for the Treatment of Refractory Solid Tumors.",,0,,0,1,0,1,Inhibition:1,,0,GCK 抑制,high,描述命中抑制类措辞：「Inhibition of human recombinant GCK assessed as reduction in substrate…」；standard_type 与描述一致（Inhibition:1→抑制）,FALSE,rule,,,,,,,GCK 抑制,high,rule,FALSE
20095,CHEMBL3820,Hexokinase-4,SINGLE PROTEIN,2163994,CHEMBL5048855,Activation of recombinant human full length liver glucokinase expressed in Escherichia coli incubated for 10 mins in presence of 5 mM glucose by plate reader analysis,B,Binding,,,BAO_0000221,tissue-based format,Homo sapiens,9606,,Liver,,,,,,,9,Direct single protein target assigned,D,Direct protein target assigned,1,LITERATURE,,CHEMBL5046279,2022,J Med Chem,35179904,10.1021/acs.jmedchem.1c02110,Discovery of a Partial Glucokinase Activator Clinical Candidate: Diethyl ((3-(3-((5-(Azetidine-1-carbonyl)pyrazin-2-yl)oxy)-5-isopropoxybenzamido)-1<i>H</i>-pyrazol-1-yl)methyl)phosphonate (BMS-820132).,,0,,0,2,2,2,EC50:2,,0,GCK 激活,high,描述命中激活类措辞：「Activation of recombinant human full length liver glucokinase expresse…」；standard_type 与描述一致（EC50:2→激活）,FALSE,rule,,,,,,,GCK 激活,high,rule,FALSE
20095,CHEMBL3820,Hexokinase-4,SINGLE PROTEIN,2164000,CHEMBL5048861,Activation of recombinant full length human liver glucokinase expressed in Escherichia coli incubated for 10 mins by plate reader analysis,B,Binding,,,BAO_0000221,tissue-based format,Homo sapiens,9606,,Liver,,,,,,,9,Direct single protein target assigned,D,Direct protein target assigned,1,LITERATURE,,CHEMBL5046279,2022,J Med Chem,35179904,10.1021/acs.jmedchem.1c02110,Discovery of a Partial Glucokinase Activator Clinical Candidate: Diethyl ((3-(3-((5-(Azetidine-1-carbonyl)pyrazin-2-yl)oxy)-5-isopropoxybenzamido)-1<i>H</i>-pyrazol-1-yl)methyl)phosphonate (BMS-820132).,,0,,0,26,26,26,EC50:26,,0,GCK 激活,high,描述命中激活类措辞：「Activation of recombinant full length human liver glucokinase expresse…」；standard_type 与描述一致（EC50:26→激活）,FALSE,rule,,,,,,,GCK 激活,high,rule,FALSE
20095,CHEMBL3820,Hexokinase-4,SINGLE PROTEIN,2164001,CHEMBL5048862,Activation of recombinant full length human liver glucokinase expressed in Escherichia coli assessed as maximal activation incubated for 10 mins by plate reader analysis relative to control,B,Binding,,,BAO_0000221,tissue-based format,Homo sapiens,9606,,Liver,,,,,,,9,Direct single protein target assigned,D,Direct protein target assigned,1,LITERATURE,,CHEMBL5046279,2022,J Med Chem,35179904,10.1021/acs.jmedchem.1c02110,Discovery of a Partial Glucokinase Activator Clinical Candidate: Diethyl ((3-(3-((5-(Azetidine-1-carbonyl)pyrazin-2-yl)oxy)-5-isopropoxybenzamido)-1<i>H</i>-pyrazol-1-yl)methyl)phosphonate (BMS-820132).,,0,,0,26,0,26,Emax:26,,0,GCK 激活,high,描述命中激活类措辞：「Activation of recombinant full length human liver glucokinase expresse…」；standard_type 与描述一致（Emax:26→激活）,FALSE,rule,,,,,,,GCK 激活,high,rule,FALSE
20095,CHEMBL3820,Hexokinase-4,SINGLE PROTEIN,2164064,CHEMBL5048925,Displacement of fluorescent labeled derivative from recombinant human hepatic glucokinase incubated for 30 mins in presence of 12 mM glucose by fluorescent polarization assay,B,Binding,,,BAO_0000357,single protein format,Homo sapiens,9606,,,,,,,,,9,Direct single protein target assigned,D,Direct protein target assigned,1,LITERATURE,,CHEMBL5046279,2022,J Med Chem,35179904,10.1021/acs.jmedchem.1c02110,Discovery of a Partial Glucokinase Activator Clinical Candidate: Diethyl ((3-(3-((5-(Azetidine-1-carbonyl)pyrazin-2-yl)oxy)-5-isopropoxybenzamido)-1<i>H</i>-pyrazol-1-yl)methyl)phosphonate (BMS-820132).,,0,,0,2,2,2,IC50:2,,0,GCK 结合,low,描述命中结合类措辞：「Displacement of fluorescent labeled derivative from recombinant human hepat…」；⚠ 描述判定为「GCK 结合」，但实测 standard_type 指向其他方向（IC50:2→抑制）,TRUE,rule,GCK 结合,high,Displacement of fluorescent labeled derivative from recombinant human hepatic glucokinase,描述为基于荧光偏振的竞争结合实验，直接测量化合物从重组GK蛋白上置换荧光标记探针的能力，属于GCK结合测定。,TRUE,,GCK 结合,high,llm,FALSE
20095,CHEMBL3820,Hexokinase-4,SINGLE PROTEIN,2164065,CHEMBL5048926,Activation of recombinant human full length liver glucokinase expressed in Escherichia coli assessed as maximal activation incubated for 10 mins in presence of 5 mM glucose by plate reader analysis relative to control,B,Binding,,,BAO_0000221,tissue-based format,Homo sapiens,9606,,Liver,,,,,,,9,Direct single protein target assigned,D,Direct protein target assigned,1,LITERATURE,,CHEMBL5046279,2022,J Med Chem,35179904,10.1021/acs.jmedchem.1c02110,Discovery of a Partial Glucokinase Activator Clinical Candidate: Diethyl ((3-(3-((5-(Azetidine-1-carbonyl)pyrazin-2-yl)oxy)-5-isopropoxybenzamido)-1<i>H</i>-pyrazol-1-yl)methyl)phosphonate (BMS-820132).,,0,,0,2,0,2,Emax:2,,0,GCK 激活,high,描述命中激活类措辞：「Activation of recombinant human full length liver glucokinase expresse…」；standard_type 与描述一致（Emax:2→激活）,FALSE,rule,,,,,,,GCK 激活,high,rule,FALSE
20095,CHEMBL3820,Hexokinase-4,SINGLE PROTEIN,2164066,CHEMBL5048927,Activation of recombinant human full length liver glucokinase expressed in Escherichia coli incubated for 10 mins in presence of 2 mM glucose by plate reader analysis,B,Binding,,,BAO_0000221,tissue-based format,Homo sapiens,9606,,Liver,,,,,,,9,Direct single protein target assigned,D,Direct protein target assigned,1,LITERATURE,,CHEMBL5046279,2022,J Med Chem,35179904,10.1021/acs.jmedchem.1c02110,Discovery of a Partial Glucokinase Activator Clinical Candidate: Diethyl ((3-(3-((5-(Azetidine-1-carbonyl)pyrazin-2-yl)oxy)-5-isopropoxybenzamido)-1<i>H</i>-pyrazol-1-yl)methyl)phosphonate (BMS-820132).,,0,,0,2,2,2,EC50:2,,0,GCK 激活,high,描述命中激活类措辞：「Activation of recombinant human full length liver glucokinase expresse…」；standard_type 与描述一致（EC50:2→激活）,FALSE,rule,,,,,,,GCK 激活,high,rule,FALSE
20095,CHEMBL3820,Hexokinase-4,SINGLE PROTEIN,2164067,CHEMBL5048928,Activation of recombinant human full length liver glucokinase expressed in Escherichia coli assessed as maximal activation incubated for 10 mins in presence of 2 mM glucose by plate reader analysis relative to control,B,Binding,,,BAO_0000221,tissue-based format,Homo sapiens,9606,,Liver,,,,,,,9,Direct single protein target assigned,D,Direct protein target assigned,1,LITERATURE,,CHEMBL5046279,2022,J Med Chem,35179904,10.1021/acs.jmedchem.1c02110,Discovery of a Partial Glucokinase Activator Clinical Candidate: Diethyl ((3-(3-((5-(Azetidine-1-carbonyl)pyrazin-2-yl)oxy)-5-isopropoxybenzamido)-1<i>H</i>-pyrazol-1-yl)methyl)phosphonate (BMS-820132).,,0,,0,2,0,2,Emax:2,,0,GCK 激活,high,描述命中激活类措辞：「Activation of recombinant human full length liver glucokinase expresse…」；standard_type 与描述一致（Emax:2→激活）,FALSE,rule,,,,,,,GCK 激活,high,rule,FALSE
20095,CHEMBL3820,Hexokinase-4,SINGLE PROTEIN,2164070,CHEMBL5048931,Activation of human glucokinase assessed as decrease in glucose Km,B,Binding,,,BAO_0000357,single protein format,Homo sapiens,9606,,,,,,,,,9,Direct single protein target assigned,D,Direct protein target assigned,1,LITERATURE,,CHEMBL5046279,2022,J Med Chem,35179904,10.1021/acs.jmedchem.1c02110,Discovery of a Partial Glucokinase Activator Clinical Candidate: Diethyl ((3-(3-((5-(Azetidine-1-carbonyl)pyrazin-2-yl)oxy)-5-isopropoxybenzamido)-1<i>H</i>-pyrazol-1-yl)methyl)phosphonate (BMS-820132).,,0,,0,2,0,2,Km:2,,0,GCK 激活,high,描述命中激活类措辞：「Activation of human glucokinase assessed as decrease in glucose Km」,FALSE,rule,,,,,,,GCK 激活,high,rule,FALSE
20095,CHEMBL3820,Hexokinase-4,SINGLE PROTEIN,2164071,CHEMBL5048932,Activation of human glucokinase assessed as increase rate of glucose turnover,B,Binding,,,BAO_0000357,single protein format,Homo sapiens,9606,,,,,,,,,9,Direct single protein target assigned,D,Direct protein target assigned,1,LITERATURE,,CHEMBL5046279,2022,J Med Chem,35179904,10.1021/acs.jmedchem.1c02110,Discovery of a Partial Glucokinase Activator Clinical Candidate: Diethyl ((3-(3-((5-(Azetidine-1-carbonyl)pyrazin-2-yl)oxy)-5-isopropoxybenzamido)-1<i>H</i>-pyrazol-1-yl)methyl)phosphonate (BMS-820132).,,0,,0,2,0,2,Kcat:2,,0,GCK 激活,high,描述命中激活类措辞：「Activation of human glucokinase assessed as increase rate of glucose t…」,FALSE,rule,,,,,,,GCK 激活,high,rule,FALSE
20095,CHEMBL3820,Hexokinase-4,SINGLE PROTEIN,2173065,CHEMBL5058199,Inhibition of GCK (unknown origin) at 1 uM,B,Binding,,,BAO_0000357,single protein format,Homo sapiens,9606,,,,,,,,,9,Direct single protein target assigned,D,Direct protein target assigned,1,LITERATURE,,CHEMBL5055685,2021,J Med Chem,34854662,10.1021/acs.jmedchem.1c01305,Discovery of the First Potent IDO1/IDO2 Dual Inhibitors: A Promising Strategy for Cancer Immunotherapy.,,0,,0,1,0,1,Inhibition:1,,0,GCK 抑制,high,描述命中抑制类措辞：「Inhibition of GCK (unknown origin) at 1 uM」；standard_type 与描述一致（Inhibition:1→抑制）,FALSE,rule,,,,,,,GCK 抑制,high,rule,FALSE
20095,CHEMBL3820,Hexokinase-4,SINGLE PROTEIN,2173888,CHEMBL5059136,GCK(h) Kinase panel,B,Binding,In vitro,,BAO_0000357,single protein format,Homo sapiens,9606,,,,,,,,,9,Direct single protein target assigned,D,Direct protein target assigned,54,DONATED_PROBES,,CHEMBL5058645,2022,,,10.6019/CHEMBL5058645,Data for DCP probe JNJ-6204,,0,,0,1,0,1,Inhibition:1,"[{""comment"": ""Not Active"", ""n"": 1}]",1,GCK 抑制,medium,描述无方向措辞，依据实测 standard_type 推断（Inhibition:1→抑制）,TRUE,rule,GCK 抑制,medium,GCK(h) Kinase panel,实验描述为激酶面板筛选，暗示酶活性检测；实测standard_type仅Inhibition，指向化合物对GCK活性的抑制。assay_type标记为Binding存疑，但整体信息支持抑制功能测定。,TRUE,,GCK 抑制,medium,llm,TRUE
20095,CHEMBL3820,Hexokinase-4,SINGLE PROTEIN,2242763,CHEMBL5156973,Inhibition of human recombinant GCK (1 to 473 residues) using myelin basic protein as substrate in presence of ATP incubated for 40 mins by radiometric based scintillation method,B,Binding,,,BAO_0000357,single protein format,Homo sapiens,9606,,,,,,,,,9,Direct single protein target assigned,D,Direct protein target assigned,1,LITERATURE,,CHEMBL5154685,2022,J Med Chem,34985886,10.1021/acs.jmedchem.1c00672,"Discovery of 3,4-Dihydrobenzo[<i>f</i>][1,4]oxazepin-5(2<i>H</i>)-one Derivatives as a New Class of Selective TNIK Inhibitors and Evaluation of Their Anti-Colorectal Cancer Effects.",,0,,0,1,1,1,IC50:1,,0,GCK 抑制,high,描述命中抑制类措辞：「Inhibition of human recombinant GCK (1 to 473 residues) using myelin b…」；standard_type 与描述一致（IC50:1→抑制）,FALSE,rule,,,,,,,GCK 抑制,high,rule,FALSE
20095,CHEMBL3820,Hexokinase-4,SINGLE PROTEIN,2300468,CHEMBL5261324,Agonist activity at glucokinase (unknown origin) assessed as fold increase at 10 uM by luciferase reporter gene assay,B,Binding,,,BAO_0000357,single protein format,Homo sapiens,9606,,,,,,,,,9,Direct single protein target assigned,D,Direct protein target assigned,1,LITERATURE,,CHEMBL5260805,2017,Eur J Med Chem,28231521,10.1016/j.ejmech.2017.02.031,"Therapeutic journey of 2,4-thiazolidinediones as a versatile scaffold: An insight into structure activity relationship.",,0,,0,1,0,1,FC:1,,0,GCK 激活,medium,描述无方向措辞，依据实测 standard_type 推断（FC:1→激活）,TRUE,rule,细胞或表型效应,medium,by luciferase reporter gene assay,该实验使用荧光素酶报告基因检测，读数反映的是细胞水平的响应，而非直接测量GCK酶活性，因此属于细胞或表型效应。,TRUE,,细胞或表型效应,medium,llm,TRUE
20095,CHEMBL3820,Hexokinase-4,SINGLE PROTEIN,2300654,CHEMBL5261510,Activation of recombinant human glucokinase assessed as increase in maximal activation by measuring accumulation of NADH in presence of S0.5 of glucose and NAD by plate reader analysis,B,Binding,,,BAO_0000357,single protein format,Homo sapiens,9606,,,,,,,,,9,Direct single protein target assigned,D,Direct protein target assigned,1,LITERATURE,,CHEMBL5260807,2017,Eur J Med Chem,28390958,10.1016/j.ejmech.2017.03.042,Discovery of liver-directed glucokinase activator having anti-hyperglycemic effect without hypoglycemia.,,0,,0,17,14,17,EC50:17,,0,GCK 激活,high,描述命中激活类措辞：「Activation of recombinant human glucokinase assessed as increase in ma…」；standard_type 与描述一致（EC50:17→激活）,FALSE,rule,,,,,,,GCK 激活,high,rule,FALSE
20095,CHEMBL3820,Hexokinase-4,SINGLE PROTEIN,2300657,CHEMBL5261513,Activation of recombinant human glucokinase assessed as increase in maximal activation by measuring accumulation of NADH at 60 uM in presence of S0.5 of glucose and NAD by plate reader analysis,B,Binding,,,BAO_0000357,single protein format,Homo sapiens,9606,,,,,,,,,9,Direct single protein target assigned,D,Direct protein target assigned,1,LITERATURE,,CHEMBL5260807,2017,Eur J Med Chem,28390958,10.1016/j.ejmech.2017.03.042,Discovery of liver-directed glucokinase activator having anti-hyperglycemic effect without hypoglycemia.,,0,,0,1,0,1,Activity:1,,0,GCK 激活,high,描述命中激活类措辞：「Activation of recombinant human glucokinase assessed as increase in ma…」,FALSE,rule,,,,,,,GCK 激活,high,rule,FALSE
20095,CHEMBL3820,Hexokinase-4,SINGLE PROTEIN,2403307,CHEMBL5464035,Inhibition of GCK at 10.0 µM in the Eurofins Kinase panel,B,Binding,In vitro,,BAO_0000357,single protein format,Homo sapiens,9606,,,,,,,,,9,Direct single protein target assigned,D,Direct protein target assigned,54,DONATED_PROBES,,CHEMBL5463725,2023,,,10.6019/CHEMBL5463725,Data for DCP probe BAY-277,,0,,0,1,0,1,Inhibition:1,,0,GCK 抑制,high,描述命中抑制类措辞：「Inhibition of GCK at 10.0 µM in the Eurofins Kinase panel」；standard_type 与描述一致（Inhibition:1→抑制）,FALSE,rule,,,,,,,GCK 抑制,high,rule,FALSE
20095,CHEMBL3820,Hexokinase-4,SINGLE PROTEIN,2403558,CHEMBL5464286,% Activity remaining of GCK in the Dundee kinase panel at 1.0 µM,B,Binding,In vitro,,BAO_0000357,single protein format,Homo sapiens,9606,,,,,,,,,9,Direct single protein target assigned,D,Direct protein target assigned,54,DONATED_PROBES,,CHEMBL5463727,2023,,,10.6019/CHEMBL5463727,Data for DCP probe SGK3-PROTAC1,,0,,0,2,0,2,% Activity remaining:2,"[{""comment"": ""Not Active"", ""n"": 2}]",1,无法判断,low,描述无方向措辞，standard_type 也全为方向中性（% Activity remaining:2）,TRUE,rule,无法判断,low,% Activity remaining of GCK in the Dundee kinase panel at 1.0 µM,实验描述仅提供剩余活性百分比，未指明化合物是增强还是降低酶活性，因此无法判断是激活或抑制。,TRUE,,无法判断,low,manual_review_required,TRUE
20095,CHEMBL3820,Hexokinase-4,SINGLE PROTEIN,2403806,CHEMBL5464534,Inhibition of GCK (h) at 10.0 µM in the Eurofins Kinase panel,B,Binding,In vitro,,BAO_0000357,single protein format,Homo sapiens,9606,,,,,,,,,9,Direct single protein target assigned,D,Direct protein target assigned,54,DONATED_PROBES,,CHEMBL5463729,2023,,,10.6019/CHEMBL5463729,Data for DCP probe BAY 1753011,,0,,0,1,0,1,Inhibition:1,,0,GCK 抑制,high,描述命中抑制类措辞：「Inhibition of GCK (h) at 10.0 µM in the Eurofins Kinase panel」；standard_type 与描述一致（Inhibition:1→抑制）,FALSE,rule,,,,,,,GCK 抑制,high,rule,FALSE
20095,CHEMBL3820,Hexokinase-4,SINGLE PROTEIN,2404184,CHEMBL5464912,Inhibition of GCK (h) at 10.0 µM in the Eurofins Kinase panel,B,Binding,In vitro,,BAO_0000357,single protein format,Homo sapiens,9606,,,,,,,,,9,Direct single protein target assigned,D,Direct protein target assigned,54,DONATED_PROBES,,CHEMBL5463729,2023,,,10.6019/CHEMBL5463729,Data for DCP probe BAY 1753011,,0,,0,1,0,1,Inhibition:1,,0,GCK 抑制,high,描述命中抑制类措辞：「Inhibition of GCK (h) at 10.0 µM in the Eurofins Kinase panel」；standard_type 与描述一致（Inhibition:1→抑制）,FALSE,rule,,,,,,,GCK 抑制,high,rule,FALSE
20095,CHEMBL3820,Hexokinase-4,SINGLE PROTEIN,2520863,CHEMBL5657730,Inhibition of human GCK assessed as remaining activity at 10 uM in presence of ATP by radiometric kinase assay relative to control,B,Binding,,,BAO_0000357,single protein format,Homo sapiens,9606,,,,,,,,,9,Direct single protein target assigned,D,Direct protein target assigned,72,LIT_CHEM_PROBES,,CHEMBL5653622,2016,Oncotarget,26295308,10.18632/oncotarget.4919,The clinical development candidate CCT245737 is an orally active CHK1 inhibitor with preclinical activity in RAS mutant NSCLC and Eµ-MYC driven B-cell lymphoma.,"[{""type"": ""EFO_ID"", ""text_value"": ""EFO:1001938"", ""standard_type"": ""EFO_ID"", ""standard_text_value"": ""EFO:1001938""}, {""type"": ""EFO_TERM"", ""text_value"": ""b-cell non-hodgkins lymphoma"", ""standard_type"": ""EFO_TERM"", ""standard_text_value"": ""b-cell non-hodgkins lymphoma""}]",2,,0,1,0,1,Activity:1,,0,GCK 抑制,high,描述命中抑制类措辞：「Inhibition of human GCK assessed as remaining activity at 10 uM in pre…」,FALSE,rule,,,,,,,GCK 抑制,high,rule,FALSE
20095,CHEMBL3820,Hexokinase-4,SINGLE PROTEIN,2542275,CHEMBL5679451,Inhibition of N-terminal GST- tagged recombinant human GCK (1 to 473 residues) expressed in baculovirus infected Sf21 cells at 0.3 uM by filter binding assay relative to control,B,Binding,,,BAO_0000219,cell-based format,Homo sapiens,9606,,,Sf21,,,,,,9,Direct single protein target assigned,D,Direct protein target assigned,72,LIT_CHEM_PROBES,,CHEMBL5678798,2009,Clin Cancer Res,19383820,10.1158/1078-0432.ccr-08-2530,"Antitumor activity of GSK1904529A, a small-molecule inhibitor of the insulin-like growth factor-I receptor tyrosine kinase.","[{""type"": ""EFO_ID"", ""text_value"": ""MONDO:0004992"", ""standard_type"": ""EFO_ID"", ""standard_text_value"": ""MONDO:0004992""}, {""type"": ""EFO_TERM"", ""text_value"": ""cancer"", ""standard_type"": ""EFO_TERM"", ""standard_text_value"": ""cancer""}]",2,,0,1,0,1,Inhibition:1,,0,GCK 抑制,high,描述命中抑制类措辞：「Inhibition of N-terminal GST- tagged recombinant human GCK (1 to 473 r…」；standard_type 与描述一致（Inhibition:1→抑制）,FALSE,rule,,,,,,,GCK 抑制,high,rule,FALSE
20095,CHEMBL3820,Hexokinase-4,SINGLE PROTEIN,2542508,CHEMBL5679684,Inhibition of N-terminal GST- tagged recombinant human GCK (1 to 473 residues) expressed in baculovirus infected Sf21 cells at 3 uM by filter binding assay relative to control,B,Binding,,,BAO_0000219,cell-based format,Homo sapiens,9606,,,Sf21,,,,,,9,Direct single protein target assigned,D,Direct protein target assigned,72,LIT_CHEM_PROBES,,CHEMBL5678798,2009,Clin Cancer Res,19383820,10.1158/1078-0432.ccr-08-2530,"Antitumor activity of GSK1904529A, a small-molecule inhibitor of the insulin-like growth factor-I receptor tyrosine kinase.","[{""type"": ""EFO_ID"", ""text_value"": ""MONDO:0004992"", ""standard_type"": ""EFO_ID"", ""standard_text_value"": ""MONDO:0004992""}, {""type"": ""EFO_TERM"", ""text_value"": ""cancer"", ""standard_type"": ""EFO_TERM"", ""standard_text_value"": ""cancer""}]",2,,0,1,0,1,Inhibition:1,,0,GCK 抑制,high,描述命中抑制类措辞：「Inhibition of N-terminal GST- tagged recombinant human GCK (1 to 473 r…」；standard_type 与描述一致（Inhibition:1→抑制）,FALSE,rule,,,,,,,GCK 抑制,high,rule,FALSE
20095,CHEMBL3820,Hexokinase-4,SINGLE PROTEIN,2544622,CHEMBL5681798,Inhibition of N-terminal GST- tagged recombinant human GCK (1 to 473 residues) expressed in baculovirus infected Sf21 cells assessed as residual activity at 0.1 uM relative to control,B,Binding,,,BAO_0000219,cell-based format,Homo sapiens,9606,,,Sf21,,,,,,9,Direct single protein target assigned,D,Direct protein target assigned,72,LIT_CHEM_PROBES,,CHEMBL5678806,2012,Mol Cancer Ther,22319201,10.1158/1535-7163.mct-11-0765,"NMS-P937, an orally available, specific small-molecule polo-like kinase 1 inhibitor with antitumor activity in solid and hematologic malignancies.","[{""type"": ""EFO_ID"", ""text_value"": ""EFO:0002618"", ""standard_type"": ""EFO_ID"", ""standard_text_value"": ""EFO:0002618""}, {""type"": ""EFO_TERM"", ""text_value"": ""pancreatic carcinoma"", ""standard_type"": ""EFO_TERM"", ""standard_text_value"": ""pancreatic carcinoma""}, {""type"": ""EFO_ID"", ""text_value"": ""EFO:0005952"", ""standard_type"": ""EFO_ID"", ""standard_text_value"": ""EFO:0005952""}, {""type"": ""EFO_TERM"", ""text_value"": ""non-hodgkins lymphoma"", ""standard_type"": ""EFO_TERM"", ""standard_text_value"": ""non-hodgkins lymphoma""}, {""type"": ""EFO_ID"", ""text_value"": ""EFO:1001950"", ""standard_type"": ""EFO_ID"", ""standard_text_value"": ""EFO:1001950""}, {""type"": ""EFO_TERM"", ""text_value"": ""colon carcinoma"", ""standard_type"": ""EFO_TERM"", ""standard_text_value"": ""colon carcinoma""}, {""type"": ""EFO_ID"", ""text_value"": ""EFO:0001663"", ""standard_type"": ""EFO_ID"", ""standard_text_value"": ""EFO:0001663""}, {""type"": ""EFO_TERM"", ""text_value"": ""prostate carcinoma"", ""standard_type"": ""EFO_TERM"", ""standard_text_value"": ""prostate carcinoma""}, {""type"": ""EFO_ID"", ""text_value"": ""MONDO:0008170"", ""standard_type"": ""EFO_ID"", ""standard_text_value"": ""MONDO:0008170""}, {""type"": ""EFO_TERM"", ""text_value"": ""ovarian cancer"", ""standard_type"": ""EFO_TERM"", ""standard_text_value"": ""ovarian cancer""}, {""type"": ""EFO_ID"", ""text_value"": ""EFO:0005950"", ""standard_type"": ""EFO_ID"", ""standard_text_value"": ""EFO:0005950""}, {""type"": ""EFO_TERM"", ""text_value"": ""head and neck neoplasia"", ""standard_type"": ""EFO_TERM"", ""standard_text_value"": ""head and neck neoplasia""}, {""type"": ""EFO_ID"", ""text_value"": ""EFO:1000595"", ""standard_type"": ""EFO_ID"", ""standard_text_value"": ""EFO:1000595""}, {""type"": ""EFO_TERM"", ""text_value"": ""thyroid gland undifferentiated (anaplastic) carcinoma"", ""standard_type"": ""EFO_TERM"", ""standard_text_value"": ""thyroid gland undifferentiated (anaplastic) carcinoma""}]",14,,0,1,0,1,Activity:1,,0,GCK 抑制,high,描述命中抑制类措辞：「Inhibition of N-terminal GST- tagged recombinant human GCK (1 to 473 r…」,FALSE,rule,,,,,,,GCK 抑制,high,rule,FALSE
20095,CHEMBL3820,Hexokinase-4,SINGLE PROTEIN,2544882,CHEMBL5682058,Inhibition of N-terminal GST- tagged recombinant human GCK (1 to 473 residues) expressed in baculovirus infected Sf21 cells assessed as residual activity at 1 uM relative to control,B,Binding,,,BAO_0000219,cell-based format,Homo sapiens,9606,,,Sf21,,,,,,9,Direct single protein target assigned,D,Direct protein target assigned,72,LIT_CHEM_PROBES,,CHEMBL5678806,2012,Mol Cancer Ther,22319201,10.1158/1535-7163.mct-11-0765,"NMS-P937, an orally available, specific small-molecule polo-like kinase 1 inhibitor with antitumor activity in solid and hematologic malignancies.","[{""type"": ""EFO_ID"", ""text_value"": ""EFO:0002618"", ""standard_type"": ""EFO_ID"", ""standard_text_value"": ""EFO:0002618""}, {""type"": ""EFO_TERM"", ""text_value"": ""pancreatic carcinoma"", ""standard_type"": ""EFO_TERM"", ""standard_text_value"": ""pancreatic carcinoma""}, {""type"": ""EFO_ID"", ""text_value"": ""EFO:0005952"", ""standard_type"": ""EFO_ID"", ""standard_text_value"": ""EFO:0005952""}, {""type"": ""EFO_TERM"", ""text_value"": ""non-hodgkins lymphoma"", ""standard_type"": ""EFO_TERM"", ""standard_text_value"": ""non-hodgkins lymphoma""}, {""type"": ""EFO_ID"", ""text_value"": ""EFO:1001950"", ""standard_type"": ""EFO_ID"", ""standard_text_value"": ""EFO:1001950""}, {""type"": ""EFO_TERM"", ""text_value"": ""colon carcinoma"", ""standard_type"": ""EFO_TERM"", ""standard_text_value"": ""colon carcinoma""}, {""type"": ""EFO_ID"", ""text_value"": ""EFO:0001663"", ""standard_type"": ""EFO_ID"", ""standard_text_value"": ""EFO:0001663""}, {""type"": ""EFO_TERM"", ""text_value"": ""prostate carcinoma"", ""standard_type"": ""EFO_TERM"", ""standard_text_value"": ""prostate carcinoma""}, {""type"": ""EFO_ID"", ""text_value"": ""MONDO:0008170"", ""standard_type"": ""EFO_ID"", ""standard_text_value"": ""MONDO:0008170""}, {""type"": ""EFO_TERM"", ""text_value"": ""ovarian cancer"", ""standard_type"": ""EFO_TERM"", ""standard_text_value"": ""ovarian cancer""}, {""type"": ""EFO_ID"", ""text_value"": ""EFO:0005950"", ""standard_type"": ""EFO_ID"", ""standard_text_value"": ""EFO:0005950""}, {""type"": ""EFO_TERM"", ""text_value"": ""head and neck neoplasia"", ""standard_type"": ""EFO_TERM"", ""standard_text_value"": ""head and neck neoplasia""}, {""type"": ""EFO_ID"", ""text_value"": ""EFO:1000595"", ""standard_type"": ""EFO_ID"", ""standard_text_value"": ""EFO:1000595""}, {""type"": ""EFO_TERM"", ""text_value"": ""thyroid gland undifferentiated (anaplastic) carcinoma"", ""standard_type"": ""EFO_TERM"", ""standard_text_value"": ""thyroid gland undifferentiated (anaplastic) carcinoma""}]",14,,0,1,0,1,Activity:1,,0,GCK 抑制,high,描述命中抑制类措辞：「Inhibition of N-terminal GST- tagged recombinant human GCK (1 to 473 r…」,FALSE,rule,,,,,,,GCK 抑制,high,rule,FALSE
20095,CHEMBL3820,Hexokinase-4,SINGLE PROTEIN,2586464,CHEMBL5724151,activity of GCK(h) at 1.0 µM in the Eurofins Kinase panel,B,Binding,In vitro,,BAO_0000357,single protein format,Homo sapiens,9606,,,,,,,,,9,Direct single protein target assigned,D,Direct protein target assigned,54,DONATED_PROBES,,CHEMBL5723584,2023,,,10.6019/CHEMBL5723584,Data for DCP probe C3TD879,,0,,0,1,0,1,activity:1,,0,无法判断,low,描述无方向措辞，standard_type 也全为方向中性（activity:1）,TRUE,rule,无法判断,low,activity of GCK(h) at 1.0 µM in the Eurofins Kinase panel,描述仅提及“activity”，未指明是激活还是抑制，也无法判断是功能检测还是结合实验，信息不足。,TRUE,,无法判断,low,manual_review_required,TRUE
20095,CHEMBL3820,Hexokinase-4,SINGLE PROTEIN,2590725,CHEMBL5733424,"Inhibition Assay: The in vitro activity of the compounds described herein in inhibiting TAK1, HCK, and other kinases were obtained using an Invitrogen Select Screening assay as known in the art.",B,Binding,,,BAO_0000357,single protein format,Homo sapiens,9606,,,,,,,,,9,Direct single protein target assigned,D,Direct protein target assigned,37,BINDINGDB,2664_1_pol_4164,CHEMBL5726816,2018,,,,Methods to treat lymphoplasmacytic lymphoma,,0,,0,9,1,3,IC50:3; k_off:3; kon:3,"[{""comment"": ""749565"", ""n"": 3}, {""comment"": ""749562"", ""n"": 3}, {""comment"": ""749555"", ""n"": 3}]",3,GCK 抑制,medium,描述命中抑制类措辞：「Inhibition Assay: The in vitro activity of the compounds described her…」；standard_type 同时指向多个方向（IC50:3→抑制、k_off:3→结合、kon:3→结合），已按描述判定,TRUE,rule,无法判断,high,"Inhibition Assay: The in vitro activity of the compounds described herein in inhibiting TAK1, HCK, and other kinases were obtained using an Invitrogen Select Screening assay as known in the art.",实验描述明确测量的是TAK1、HCK等激酶的抑制活性，未提及葡萄糖激酶（GCK），无法判断该实验是否实际测量了GCK的抑制或其他效应。,TRUE,,GCK 抑制,low,manual_review_required,TRUE
20095,CHEMBL3820,Hexokinase-4,SINGLE PROTEIN,2592424,CHEMBL5735123,"In Vitro Activity Assay: The in vitro activity of the compounds described herein in inhibiting TAK1, HCK and other kinases were obtained using an Invitrogen Select Screening assay as known in the art.",B,Binding,,,BAO_0000357,single protein format,Homo sapiens,9606,,,,,,,,,9,Direct single protein target assigned,D,Direct protein target assigned,37,BINDINGDB,9084_1_pol_4164,CHEMBL5727673,2020,,,,Methods to treat lymphoplasmacytic lymphoma,,0,,0,9,3,3,IC50:3; k_off:3; kon:3,"[{""comment"": ""896307"", ""n"": 3}, {""comment"": ""896304"", ""n"": 3}, {""comment"": ""896300"", ""n"": 3}]",3,GCK 抑制,medium,"描述命中抑制类措辞：「…compounds described herein in inhibiting TAK1, HCK and other kinases were obtained using an Invitrog…」；standard_type 同时指向多个方向（IC50:3→抑制、k_off:3→结合、kon:3→结合），已按描述判定",TRUE,rule,GCK 抑制,medium,"the in vitro activity of the compounds described herein in inhibiting TAK1, HCK and other kinases",实验描述明确提及测定化合物对TAK1、HCK及其他激酶的抑制活性，结合靶点为GCK，推断为GCK抑制实验。但未直接提及GCK，故置信度中等。,TRUE,,GCK 抑制,medium,llm,TRUE
20095,CHEMBL3820,Hexokinase-4,SINGLE PROTEIN,2676554,CHEMBL6194772,Effect of GCK(h) at compound concentration of 1.0 uM using the Cerep Kinase panel,B,Binding,,,BAO_0000357,single protein format,Homo sapiens,9606,,,,,,,,,9,Direct single protein target assigned,D,Direct protein target assigned,54,DONATED_PROBES,,CHEMBL6193878,2025,,,10.6019/CHEMBL6193878,Data for DCP probe JNJ-78911118,,0,,0,2,0,1,Effect:2,,0,无法判断,low,描述无方向措辞，standard_type 也全为方向中性（Effect:2）,TRUE,rule,无法判断,low,Effect of GCK(h) at compound concentration of 1.0 uM using the Cerep Kinase panel,描述仅提及“Effect”，未指明方向（激活或抑制），且standard_type为“Effect”，缺乏足够信息判断实际测量的类别。,TRUE,,无法判断,low,manual_review_required,TRUE
117123,CHEMBL3885579,Glucokinase/Glucokinase regulatory protein,PROTEIN-PROTEIN INTERACTION,1496938,CHEMBL3579280,Inhibition of human biotin-labeled GKRP and fluorescein-labeled human GK interaction preincubated for 20 mins prior to fluorescein-labeled human GK addition measured after 2 to 4 hrs by AlphaScreen assay,B,Binding,,,BAO_0000224,protein format,Homo sapiens,9606,,,,,,,,,5,Multiple direct protein targets may be assigned,D,Direct protein target assigned,1,LITERATURE,746228,CHEMBL3576811,2015,J Med Chem,25914941,10.1021/jm5018175,"Small Molecule Disruptors of the Glucokinase-Glucokinase Regulatory Protein Interaction: 5. A Novel Aryl Sulfone Series, Optimization Through Conformational Analysis.",,0,,0,40,37,40,IC50:40,,0,GCK–GKRP 相互作用,high,靶点为 PPI 靶点 CHEMBL3885579（GCK/GKRP），直接判定,FALSE,rule,,,,,,,GCK–GKRP 相互作用,high,rule,FALSE
