mol_id,set,source_id,compound_name,std_smiles,std_ok,inchikey,submitted_as,batch,is_batch_anchor,not_submitted_reason
GKA_0001,gka_candidate,CHEMBL3219124,AZD-1656,COC[C@H](C)Oc1cc(Oc2cnc(C(=O)N3CCC3)cn2)cc(C(=O)Nc2cnc(C)cn2)c1,True,FJEJHJINOKKDCW-INIZCTEOSA-N,GKA_0001,3.0,False,
GKA_0002,gka_candidate,CHEMBL2165620,PF-04991532,O=C(O)c1ccc(NC(=O)[C@H](CC2CCCC2)n2cnc(C(F)(F)F)c2)nc1,True,GKMLFBRLRVQVJO-ZDUSSCGKSA-N,GKA_0002,4.0,False,
GKA_0003,gka_candidate,CHEMBL2165615,NERIGLIATIN,Cc1cnc(NC(=O)c2cc(Oc3cnc(C(=O)N(C)C)nc3)c3cc(C)oc3c2)cn1,True,MASKQITXHVYVFL-UHFFFAOYSA-N,GKA_0003,5.0,False,
GKA_0004,gka_candidate,CHEMBL1783734,PIRAGLIATIN,CS(=O)(=O)c1ccc([C@@H](C[C@H]2CCC(=O)C2)C(=O)Nc2cnccn2)cc1Cl,True,XEANIURBPHCHMG-SWLSCSKDSA-N,GKA_0004,6.0,False,
GKA_0005,gka_candidate,CHEMBL4086782,,CCS(=O)(=O)c1ccc(Oc2cc3cc(-c4ccc(C(F)(F)F)cn4)[nH]c3cc2C2CCC(=O)N2C)cc1,True,NJMQGAPDEDUCFJ-UHFFFAOYSA-N,GKA_0005,7.0,False,
GKA_0006,gka_candidate,CHEMBL4067028,,CN1C(=O)CCC1c1cc2[nH]c(-c3ccccn3)cc2cc1Oc1ccc(S(C)(=O)=O)nc1,True,OOXAVDPIQSUYJW-UHFFFAOYSA-N,GKA_0006,8.0,False,
GKA_0007,gka_candidate,CHEMBL4086771,,Cc1cnc(-c2cc3cc(Oc4ccc(S(C)(=O)=O)nc4)c(C4CCC(=O)N4C)cc3[nH]2)s1,True,FSFGCNSEUFOTBJ-UHFFFAOYSA-N,GKA_0007,9.0,False,
GKA_0008,gka_candidate,CHEMBL4092800,,COc1ccc(Sc2ccc(Sc3ccccn3)nc2C(=O)Nc2nc(CC(=O)O)c(Cl)s2)cc1,True,LBGJOPLJDBUTRE-UHFFFAOYSA-N,GKA_0008,10.0,False,
GKA_0009,gka_candidate,CHEMBL4078915,,CN1C(=O)CCC1c1cc2[nH]c(-c3cnccn3)cc2cc1Oc1ccc(S(C)(=O)=O)nc1,True,SWHHKLQQVAMTGD-UHFFFAOYSA-N,GKA_0009,11.0,False,
GKA_0010,gka_candidate,CHEMBL3764079,,CS(=O)(=O)c1ccc(/C(=C/C2CCCC2)c2cc3cccnc3[nH]2)cc1Cl,True,NNBNDCTUZWVYRP-BOPFTXTBSA-N,GKA_0010,12.0,False,
GKA_0011,gka_candidate,CHEMBL5076377,,CCOP(=O)(Cn1ccc(NC(=O)c2cc(Oc3ccc(C(=O)N4CCC4)nc3)cc(OC(C)C)c2)n1)OCC,True,FPFGEPDLUGAUFH-UHFFFAOYSA-N,GKA_0011,13.0,False,
GKA_0012,gka_candidate,CHEMBL1165653,,CC(C)c1csc(NC(=O)[C@H](CC2CCOCC2)c2ccc(S(=O)(=O)C3CC3)cc2)n1,True,BPQYAGOLJHAJOW-HXUWFJFHSA-N,GKA_0012,14.0,False,
GKA_0013,gka_candidate,CHEMBL572840,,Cc1cccc(C#N)c1Oc1ccc2ncnc(Nc3ccn(C)n3)c2c1,True,LXXVOFSEARSYCJ-UHFFFAOYSA-N,GKA_0013,15.0,False,
GKA_0014,gka_candidate,CHEMBL4079100,,Cc1ccc(Sc2ccc(Sc3nnc[nH]3)nc2C(=O)Nc2ncns2)cn1,True,JADPOZIPXGRFTI-UHFFFAOYSA-N,GKA_0014,16.0,False,
GKA_0015,gka_candidate,CHEMBL2022798,,CC(C)=CCOc1cc(Oc2ccc(S(=O)(=O)C3CC3)cc2)cc(C(=O)Nc2nccs2)c1,True,DXVPBLVBEAAZRB-UHFFFAOYSA-N,GKA_0015,1.0,False,
GKA_0016,gka_candidate,CHEMBL5076695,,CCOP(=O)(Cn1ccc(NC(=O)c2cc(Oc3ccc(S(=O)(=O)CC)cc3)cc(OC(C)C)c2)n1)OCC,True,ZLEHPGWPTWVVKN-UHFFFAOYSA-N,GKA_0016,2.0,False,
GKA_0017,gka_candidate,CHEMBL4101417,,O=C(Nc1ncc(Cl)s1)[C@H](CC1CCOCC1)n1ncc2c(S(=O)(=O)C3CC3)cccc21,True,AMNCFZVGAPBFJS-KRWDZBQOSA-N,GKA_0017,3.0,False,
GKA_0018,gka_candidate,CHEMBL596026,,CCS(=O)(=O)c1ccc(Oc2cc3nc(-c4ccccn4)[nH]c3cc2CN2C(=O)COC2=O)cc1,True,HRYYRMWFRRSPFD-UHFFFAOYSA-N,GKA_0018,4.0,False,
GKA_0019,gka_candidate,CHEMBL2023054,,CC(C)=CCOc1cc(Oc2ccc(S(=O)(=O)N3CC[C@H](F)C3)cc2)cc(C(=O)Nc2ncc(F)s2)c1,True,UCEWQSGJSJZKKB-SFHVURJKSA-N,GKA_0019,5.0,False,
GKA_0020,gka_candidate,CHEMBL2023432,,CC(C)=CCOc1cc(Oc2ccc(S(=O)(=O)N3C[C@@H](C)O[C@@H](C)C3)cc2)cc(C(=O)Nc2cc(C)n(C)n2)c1,True,BDKQYGBLMIUIPE-SZPZYZBQSA-N,GKA_0020,6.0,False,
GKA_0021,gka_candidate,CHEMBL584378,,Cn1ccc(Nc2ncnc3ccc(Oc4ncccc4Br)cc23)n1,True,MEUYOPBFTQWYFU-UHFFFAOYSA-N,GKA_0021,7.0,False,
GKA_0022,gka_candidate,CHEMBL2022800,,CC(C)=CCOc1cc(Oc2ccc(S(=O)(=O)N3CCOCC3)cc2)cc(C(=O)Nc2nccs2)c1,True,FTAUVKBULYPEQD-UHFFFAOYSA-N,GKA_0022,8.0,False,
GKA_0023,gka_candidate,CHEMBL5083525,,CCOP(=O)(Cn1ncc(NC(=O)c2cc(Oc3ccc(S(C)(=O)=O)cc3)cc(O[C@@H](C)COC)c2)n1)OCC,True,MVWDHZCMNWLIMU-SFHVURJKSA-N,GKA_0023,9.0,False,
GKA_0024,gka_candidate,CHEMBL1165284,,O=C(Nc1nc2c(s1)CCCC2)C(CC1CCOCC1)c1ccc(S(=O)(=O)C2CC2)cc1,True,ZNVQMTZHVCRFNC-UHFFFAOYSA-N,GKA_0024,10.0,False,
GKA_0025,gka_candidate,CHEMBL5094606,,CCOP(=O)(Cn1ccc(NC(=O)c2cc(Oc3cnc(C(=O)N4CCC4)nc3)cc(OC(C)C)c2)n1)OCC,True,AEDJLTFKZRNAKJ-UHFFFAOYSA-N,GKA_0025,11.0,False,
GKA_0026,gka_candidate,CHEMBL2023436,,CC(C)=CCOc1cc(Oc2ccc(S(=O)(=O)N3CC[C@H](F)C3)cc2)cc(C(=O)Nc2cc(C)n(C)n2)c1,True,KIEQDRSOYHECPG-NRFANRHFSA-N,GKA_0026,12.0,False,
GKA_0027,gka_candidate,CHEMBL2346882,,O=C(Nc1nccs1)[C@H](CC1CCCCC1)N1CCN(S(=O)(=O)C2CCCC2)CC1=O,True,XDIWPYYDLRTNOH-SFHVURJKSA-N,GKA_0027,13.0,False,
GKA_0028,gka_candidate,CHEMBL2023056,,COC1CCN(S(=O)(=O)c2ccc(Oc3cc(OCC=C(C)C)cc(C(=O)Nc4ncc(F)s4)c3)cc2)CC1,True,KESKXWPXUFDYPI-UHFFFAOYSA-N,GKA_0028,14.0,False,
GKA_0029,gka_candidate,CHEMBL575904,,Cc1nsc(Nc2ncnc3ccc(Oc4c(F)cccc4S(C)(=O)=O)cc23)n1,True,KLYQDJNGFRQPRS-UHFFFAOYSA-N,GKA_0029,15.0,False,
GKA_0030,gka_candidate,CHEMBL5072442,,CCOP(=O)(Cn1ccc(NC(=O)c2cc(Oc3ccc(S(=O)(=O)N4CCC4)cc3)cc(OC(C)C)c2)n1)OCC,True,KCYXUDZLRCFLSN-UHFFFAOYSA-N,GKA_0030,16.0,False,
GKA_0031,gka_candidate,CHEMBL480725,,O=C(Nc1ncc(F)s1)[C@H](CC1CCOCC1)c1ccc(S(=O)(=O)C2CCCC2)cc1,True,NQXNVQDFPSSMKO-LJQANCHMSA-N,GKA_0031,1.0,False,
GKA_0032,gka_candidate,CHEMBL608393,,Cn1ccnc1Sc1cc(C(=O)Nc2nccs2)c(N)cc1F,True,YUCYMQBDBXVNCE-UHFFFAOYSA-N,GKA_0032,2.0,False,
GKA_0033,gka_candidate,CHEMBL2023052,,CC(C)=CCOc1cc(Oc2ccc(S(=O)(=O)N3CC4CCC(C3)O4)cc2)cc(C(=O)Nc2ncc(F)s2)c1,True,WLNRSXUPQQKTNY-UHFFFAOYSA-N,GKA_0033,3.0,False,
GKA_0034,gka_candidate,CHEMBL1164790,,O=C(Nc1nc2c(s1)CCC2)C(CC1CCOCC1)c1ccc(S(=O)(=O)C2CC2)cc1,True,MKIYWNHKYDNDGI-UHFFFAOYSA-N,GKA_0034,4.0,False,
GKA_0035,gka_candidate,CHEMBL2346761,,Cc1cc(S(=O)(=O)C2CCCC2)cc(=O)n1[C@@H](CC1CCCCC1)C(=O)Nc1nccs1,True,WADVHYJTRIDKDF-FQEVSTJZSA-N,GKA_0035,5.0,False,
GKA_0036,gka_candidate,CHEMBL2346891,,CNC(=O)c1ccc2c(=O)n([C@@H](CC3CCCCC3)C(=O)Nc3ncc(Cl)s3)cnc2c1,True,HIFGYYPUHYLFJC-KRWDZBQOSA-N,GKA_0036,6.0,False,
GKA_0037,gka_candidate,CHEMBL4083023,,O=C(Nc1ncc(F)s1)[C@H](CC1CCOCC1)n1ncc2c(S(=O)(=O)C3CC3)cncc21,True,KUFXUEYIWPFSHN-HNNXBMFYSA-N,GKA_0037,7.0,False,
GKA_0038,gka_candidate,CHEMBL595122,,CCS(=O)(=O)c1ccc(Oc2cc3nc(-c4ccccn4)[nH]c3cc2CN2C(=O)CCC2=O)cc1,True,KFQGCVGSHWAFGW-UHFFFAOYSA-N,GKA_0038,8.0,False,
GKA_0039,gka_candidate,CHEMBL573750,,Cc1csc(Nc2ncnc3ccc(Oc4ccccc4F)cc23)n1,True,ATZHFQAWHIAMEM-UHFFFAOYSA-N,GKA_0039,9.0,False,
GKA_0040,gka_candidate,CHEMBL4203455,,COC[C@H](C)Oc1cc(Oc2ccc(C(=O)N3CCC3)cc2)cc(C(=O)Nc2nc3c(s2)CN(C(=O)OC(C)(C)C)CC3)c1,True,BFVLCIHOPGYKNE-FQEVSTJZSA-N,GKA_0040,10.0,False,
GKA_0041,gka_candidate,CHEMBL4206856,,COCC(C)Oc1cc(Oc2ccc(C(=O)N(C)C)cc2)cc(C(=O)Nc2nc3c(s2)CN(C(=O)OC(C)(C)C)CC3)c1,True,HZMRHFDZUYUFOP-UHFFFAOYSA-N,GKA_0041,11.0,False,
GKA_0042,gka_candidate,CHEMBL2023060,,CC(C)=CCOc1cc(Oc2ccc(S(=O)(=O)C3CC3)cc2)cc(C(=O)Nc2cc(C)n(C)n2)c1,True,MPTPCIISFSPKKK-UHFFFAOYSA-N,GKA_0042,12.0,False,
GKA_0043,gka_candidate,CHEMBL4204989,,COCC(C)Oc1cc(Oc2ccc(S(C)(=O)=O)cc2)cc(C(=O)Nc2nc3c(s2)CCC3)c1,True,ZZVUHZHFBQHPIF-UHFFFAOYSA-N,GKA_0043,13.0,False,
GKA_0044,gka_candidate,CHEMBL3893442,,COC(=O)CCc1ccc(Oc2cc3cc(-c4cnccn4)[nH]c3cc2C2CCC(=O)N2C)cc1,True,ZXCCXBKGJRIJQM-UHFFFAOYSA-N,GKA_0044,14.0,False,
GKA_0045,gka_candidate,CHEMBL1258092,,CS(=O)(=O)c1ccc(/C(=C\C2CCCCC2)C(=O)Nc2ncc(Br)s2)cc1C(F)(F)F,True,DAFVQCLKJHTEOW-NTEUORMPSA-N,GKA_0045,15.0,False,
GKA_0046,gka_candidate,CHEMBL1258321,,CS(=O)(=O)c1ccc(/C(=C\C2CCCCCC2)C(=O)Nc2ncc(Br)s2)cc1,True,FDQAFURIAOKAFS-SFQUDFHCSA-N,GKA_0046,16.0,False,
GKA_0047,gka_candidate,CHEMBL3235148,,CCNC(=O)Cc1csc(NC(=O)c2cc(Oc3ccc(S(C)(=O)=O)cc3)cc(-c3ncccc3C)c2)n1,True,KMEHSPQCYHMNSS-UHFFFAOYSA-N,GKA_0047,1.0,False,
GKA_0048,gka_candidate,CHEMBL3577715,,COC[C@H](C)Oc1cc(C#CCOC2CCCCO2)cc(C(=O)Nc2ccn(C)n2)c1,True,HSVMLHFCJZKUGL-LBOXEOMUSA-N,GKA_0048,2.0,False,
GKA_0049,gka_candidate,CHEMBL3577727,,COC[C@H](C)Oc1cc(C#Cc2cccc(NCCN(C)C)c2)cc(C(=O)Nc2ccn(C)n2)c1,True,HYNFNSKOKNVWOK-FQEVSTJZSA-N,GKA_0049,3.0,False,
GKA_0050,gka_candidate,CHEMBL3577728,,COC[C@H](C)Oc1cc(C#Cc2cccc(NCCN3CCCC3)c2)cc(C(=O)Nc2ccn(C)n2)c1,True,JWQMBZQEEXKZNS-QFIPXVFZSA-N,GKA_0050,4.0,False,
GKA_0051,gka_candidate,CHEMBL3577729,,COC[C@H](C)Oc1cc(C#Cc2cccc(NCCN3CCCCC3)c2)cc(C(=O)Nc2ccn(C)n2)c1,True,QGCPKNRDVLGORJ-QHCPKHFHSA-N,GKA_0051,5.0,False,
GKA_0052,gka_candidate,CHEMBL3577735,,COC[C@H](C)Oc1cc(C#Cc2cccc(OCCN3CCCC3)c2)cc(C(=O)Nc2ccn(C)n2)c1,True,CIKTYHYVXWGZSY-QFIPXVFZSA-N,GKA_0052,6.0,False,
GKA_0053,gka_candidate,CHEMBL3577736,,COC[C@H](C)Oc1cc(C#Cc2cccc(OCCN3CCCCC3)c2)cc(C(=O)Nc2ccn(C)n2)c1,True,CNLSRXPEUCFZDV-QHCPKHFHSA-N,GKA_0053,7.0,False,
GKA_0054,gka_candidate,CHEMBL1257390,,CS(=O)(=O)c1ccc(/C(=C\C2CCCC2)C(=O)Nc2ncc(Br)s2)cc1,True,JOISSXZRHSAVRM-XNTDXEJSSA-N,GKA_0054,8.0,False,
GKA_0055,gka_candidate,CHEMBL3577732,,COC[C@H](C)Oc1cc(C#Cc2cccc(NCCn3ccnc3C)c2)cc(C(=O)Nc2ccn(C)n2)c1,True,PHPGEFZFXQKVHC-NRFANRHFSA-N,GKA_0055,9.0,False,
GKA_0056,gka_candidate,CHEMBL3895061,,COC(=O)CCc1cnc(-c2cc3cc(Oc4ccc(S(C)(=O)=O)cc4)c(C4CCC(=O)N4C)cc3[nH]2)s1,True,UXTGZYGDERAYFO-UHFFFAOYSA-N,GKA_0056,10.0,False,
GKA_0057,gka_candidate,CHEMBL3580737,MK-0941 FREE BASE,CCS(=O)(=O)c1ccc(Oc2cc(O[C@@H](C)CO)cc(C(=O)Nc3ccn(C)n3)c2)cn1,True,KJSGTWFWVTYPFZ-AWEZNQCLSA-N,GKA_0057,11.0,False,
GKA_0058,gka_candidate,CHEMBL1258435,,Cc1nnnn1-c1ccc(/C(=C\C2CCCCCC2)C(=O)Nc2ncc(Br)s2)cc1Cl,True,HLIOSGRVEWBZSF-MHWRWJLKSA-N,GKA_0058,12.0,False,
GKA_0059,gka_candidate,CHEMBL3577720,,COC[C@H](C)Oc1cc(C#Cc2ccc3[nH]ccc3c2)cc(C(=O)Nc2ccn(C)n2)c1,True,RSIPNPVRFMMPEO-KRWDZBQOSA-N,GKA_0059,13.0,False,
GKA_0060,gka_candidate,CHEMBL3977813,,COC(=O)CCc1ccc(-c2cc3cc(Oc4ccc(C(=O)N5CCC5)nc4)c(C4CCCN4C(C)=O)cc3[nH]2)nc1,True,WZPHLGMCGBKLTQ-UHFFFAOYSA-N,GKA_0060,14.0,False,
GKA_0061,gka_candidate,CHEMBL3358432,,CCc1ncccc1Oc1cc(CC2CCCCC2)cnc1NC(=O)NC,True,LDRZWXMZIPLJON-UHFFFAOYSA-N,GKA_0061,15.0,False,
GKA_0062,gka_candidate,CHEMBL3577737,,COC[C@H](C)Oc1cc(C#Cc2cccc(OCCN3CCOCC3)c2)cc(C(=O)Nc2ccn(C)n2)c1,True,SCKXJGWFLUCPHL-QFIPXVFZSA-N,GKA_0062,16.0,False,
GKA_0063,gka_candidate,CHEMBL205816,,CC(C)Oc1cc(O[C@@H](C)Cc2ccccc2)cc(C(=O)Nc2ccc(C(=O)O)cn2)c1,True,CLRXIUJLHYPICH-KRWDZBQOSA-N,GKA_0063,1.0,False,
GKA_0064,gka_candidate,CHEMBL3577730,,COC[C@H](C)Oc1cc(C#Cc2cccc(NCCN3CCOCC3)c2)cc(C(=O)Nc2ccn(C)n2)c1,True,XLHQJZBPWPNFJN-QFIPXVFZSA-N,GKA_0064,2.0,False,
GKA_0065,gka_candidate,CHEMBL4639271,,CCc1csc(Nc2ncc(Sc3ccncc3)cc2Oc2ccccc2)n1,True,GFLDSNIRKKMYNR-UHFFFAOYSA-N,GKA_0065,3.0,False,
GKA_0066,gka_candidate,CHEMBL4648642,,CN(C)CC(=O)N1CCC(c2nsc(Nc3ncc(Sc4ccccn4)cc3Oc3ccccc3)n2)CC1,True,IRMFOFIIMCDJCM-UHFFFAOYSA-N,GKA_0066,4.0,False,
GKA_0067,gka_candidate,CHEMBL4646802,,c1ccc(Oc2cc(Sc3ccccn3)cnc2Nc2nc(C3CCOC3)ns2)cc1,True,ZRCNRJXRDSAWJV-UHFFFAOYSA-N,GKA_0067,5.0,False,
GKA_0068,gka_candidate,CHEMBL3217925,,C[C@@H](CO)Oc1cc(Oc2ccc(C(=O)N3CCC3)cc2)cc(C(=O)Nc2ccn(C)n2)c1,True,KNTJSHYACOBPAA-INIZCTEOSA-N,GKA_0068,6.0,False,
GKA_0069,gka_candidate,CHEMBL3580740,,Cc1cnc(NC(=O)c2cc(Oc3ccc(C(=O)N(C)C)nc3)c3c(c2)OC(C)(CO)C3)cn1,True,PTZFDHDBIJFBGR-UHFFFAOYSA-N,GKA_0069,7.0,False,
GKA_0070,gka_candidate,CHEMBL1258205,,Cc1nnnn1-c1ccc(/C(=C\C2CCCCC2)C(=O)Nc2nccs2)cc1Cl,True,LKVCBZIKYUSOKK-LFIBNONCSA-N,GKA_0070,8.0,False,
GKA_0071,gka_candidate,CHEMBL3577718,,COC[C@H](C)Oc1cc(C#CCSC2CCCC2)cc(C(=O)Nc2ccn(C)n2)c1,True,DQZJMNQOUVFLJT-KRWDZBQOSA-N,GKA_0071,9.0,False,
GKA_0072,gka_candidate,CHEMBL3218477,,Cn1ccc(NC(=O)c2cc(Oc3ccc(C(=O)N4CCC4)c(F)c3)c3c(c2)OC(C)(C)C3)n1,True,MDMLUBFZTGYEGP-UHFFFAOYSA-N,GKA_0072,10.0,False,
GKA_0073,gka_candidate,CHEMBL1778357,,COC[C@H](C)Oc1cc(O[C@@H](C)Cc2ccc(Cl)o2)cc(C(=O)Nc2ccc(C(=O)O)cn2)c1,True,FACGWLUZFFYALO-GJZGRUSLSA-N,GKA_0073,11.0,False,
GKA_0074,gka_candidate,CHEMBL3577721,,COC[C@H](C)Oc1cc(C#Cc2ccc3c(c2)OCO3)cc(C(=O)Nc2ccn(C)n2)c1,True,VYSDEEMKUWOLEP-INIZCTEOSA-N,GKA_0074,12.0,False,
GKA_0075,gka_candidate,CHEMBL3580738,,Cc1ccc(NC(=O)c2cc(Oc3ccc(C(=O)N4CCC4)c(F)c3)c3c(c2)OC(C)(CO)C3)nc1,True,CCFYJFIRLYYRLS-UHFFFAOYSA-N,GKA_0075,13.0,False,
GKA_0076,gka_candidate,CHEMBL5267943,,O=C(O)c1ccc(Oc2cnc(NC(=O)[C@H](Oc3ccc(F)cc3F)c3ccc(S(=O)(=O)C4CC4)cc3)s2)cc1,True,XJFUEUNGZVAEIX-XMMPIXPASA-N,GKA_0076,14.0,False,
GKA_0077,gka_candidate,CHEMBL573292,,CCCN(CCC)S(=O)(=O)c1ccc(C(CC2CCCC2)C(=O)Nc2nc3ccc(OC)nc3s2)cc1,True,XRSJNMNIDPHJEL-UHFFFAOYSA-N,GKA_0077,15.0,False,
GKA_0078,gka_candidate,CHEMBL1257977,,CS(=O)(=O)c1ccc(/C(=C\C2CCCCC2)C(=O)Nc2cc(Br)ccn2)cc1C(F)(F)F,True,MYPNOUBWEHPWPY-GZTJUZNOSA-N,GKA_0078,16.0,False,
GKA_0079,gka_candidate,CHEMBL1258768,,CS(=O)(=O)c1ccc(/C(=C\CC2CCCC2)C(=O)Nc2nccs2)cc1C(F)(F)F,True,MWTBIDPRXILOJG-OVCLIPMQSA-N,GKA_0079,1.0,False,
GKA_0080,gka_candidate,CHEMBL551648,,O=C(Nc1nccs1)c1nc(Sc2nnc[nH]2)ccc1Sc1ccccc1,True,URQJILNFIPQTRX-UHFFFAOYSA-N,GKA_0080,2.0,False,
GKA_0081,gka_candidate,CHEMBL1257865,,Cc1nnnn1-c1ccc(/C(=C\C2CCCC2)C(=O)Nc2nccs2)cc1Cl,True,VLMUMBDJCAPBLI-XNTDXEJSSA-N,GKA_0081,3.0,False,
GKA_0082,gka_candidate,CHEMBL1778366,,COC[C@H](C)Oc1cc(Oc2cccc(OC)c2)cc(C(=O)Nc2ccc(C(=O)O)cn2)c1,True,NHKYIRPUHQGSKF-HNNXBMFYSA-N,GKA_0082,4.0,False,
GKA_0083,gka_candidate,CHEMBL4641678,,O=C(Nc1ncc(Cl)s1)/C(=N/N1CCCC1)c1ccc(S(=O)(=O)C2CC2)cc1,True,HEICTMHSMKRYPU-CJLVFECKSA-N,GKA_0083,5.0,False,
GKA_0084,gka_candidate,CHEMBL4531223,,CNC(=O)Nc1cc(Oc2cncc(C)c2)c(-c2ccc(OC[C@H](C)O)nc2)cn1,True,IUJYIMVTOYKANW-AWEZNQCLSA-N,GKA_0084,6.0,False,
GKA_0085,gka_candidate,CHEMBL4529355,,CNC(=O)Nc1cc(Oc2cncc(C)c2)c(CCCCO)cn1,True,BKCOKWFNOYAYES-UHFFFAOYSA-N,GKA_0085,7.0,False,
GKA_0086,gka_candidate,CHEMBL4645667,,c1ccc(CCc2csc(Nc3ncc(Sc4ccncc4)cc3Oc3ccccc3)n2)cc1,True,ZVHBWHZMVDWUFE-UHFFFAOYSA-N,GKA_0086,8.0,False,
GKA_0087,gka_candidate,CHEMBL3221523,,O=C(Nc1ccc(F)cn1)[C@H](CN1CC(O)C1)Oc1ncnc2c1cnn2-c1c(Cl)cccc1Cl,True,RWBHYJMVXPDSIT-KRWDZBQOSA-N,GKA_0087,9.0,False,
GKA_0088,gka_candidate,CHEMBL1204008,,COc1ccc2nc(NC(=O)C(CC3CCCC3)c3ccc(S(=O)(=O)N4CCNCC4)cc3)sc2n1,True,IJUYJLCLPMJKHJ-UHFFFAOYSA-N,GKA_0088,10.0,False,
GKA_0089,gka_candidate,CHEMBL2206790,,COCC[C@H](Oc1ncnc2c1cnn2-c1ccccc1Cl)C(=O)Nc1ccc(C)cn1,True,QOSFZTVPVNEQRB-SFHVURJKSA-N,GKA_0089,11.0,False,
GKA_0090,gka_candidate,CHEMBL3580742,,CC(C)Oc1cc(Oc2cnc(C(=O)N3CCC3)cn2)cc(C(=O)Nc2cc[nH]n2)c1,True,DFALYQZOEMVVFG-UHFFFAOYSA-N,GKA_0090,12.0,False,
GKA_0091,gka_candidate,CHEMBL4529989,,CNC(=O)Nc1cc(Oc2cncc(C)c2)c([C@H]2C[C@@H](CO)C2)cn1,True,ZFKQRXNFXUUWGJ-BETUJISGSA-N,GKA_0091,13.0,False,
GKA_0092,gka_candidate,CHEMBL2315021,,COC[C@H](C)Oc1cc(/C=C/c2ccccc2F)cc(C(=O)Nc2ccc(C(=O)O)cn2)c1,True,DKBIWWFYGFTPSF-WAVCKPEOSA-N,GKA_0092,14.0,False,
GKA_0093,gka_candidate,CHEMBL1783740,,Cc1ccc(NC(=O)[C@H](CC2CCCC2)n2ccc(S(=O)(=O)C3CCC3)cc2=O)nc1,True,VKOUHRQWSXWTAY-FQEVSTJZSA-N,GKA_0093,15.0,False,
GKA_0094,gka_candidate,CHEMBL3217922,,COC[C@H](C)Oc1cc(Oc2ccc(S(C)(=O)=O)cc2)cc(C(=O)Nc2nccs2)c1,True,DCUCWQYSNMLTSW-AWEZNQCLSA-N,GKA_0094,16.0,False,
GKA_0095,gka_candidate,CHEMBL3218488,,Cc1cnc(NC(=O)c2cc(Oc3cnc(C(=O)N4CCCC4)cn3)c3cc(C)oc3c2)cn1,True,XBOGGYMIXVFRFU-UHFFFAOYSA-N,GKA_0095,1.0,False,
GKA_0096,gka_candidate,CHEMBL575096,,COc1ccc2nc(NC(=O)C(CC3CCCC3)c3ccc(S(=O)(=O)N(C)Cc4nccn4C)cc3)sc2n1,True,BACSXTCCSDYWQS-UHFFFAOYSA-N,GKA_0096,2.0,False,
GKA_0097,gka_candidate,CHEMBL576925,,COc1ccc2nc(NC(=O)C(CC3CCCC3)c3ccc(S(=O)(=O)N4CCCCC4)cc3)sc2n1,True,XWLNYSJXDZSNAN-UHFFFAOYSA-N,GKA_0097,3.0,False,
GKA_0098,gka_candidate,CHEMBL3358442,,CCn1nccc1Oc1cc(C[C@H]2CC[C@H](O)CC2)cnc1NC(=O)NC,True,TVECBCSUBQOPBW-CTYIDZIISA-N,GKA_0098,4.0,False,
GKA_0099,gka_candidate,CHEMBL4643627,,CC(=O)N1CCC(c2nsc(Nc3ncc(Sc4ccccn4)cc3Oc3cccc4ncccc34)n2)CC1,True,JNDNJMYZHYPZGD-UHFFFAOYSA-N,GKA_0099,5.0,False,
GKA_0100,gka_candidate,CHEMBL1783745,,Cc1ccc(NC(=O)[C@H](CC2CCCC2)n2ccc(S(=O)(=O)C(C)C)c(Cl)c2=O)nc1,True,MCKJIGKTGMEANK-KRWDZBQOSA-N,GKA_0100,6.0,False,
GKA_0101,gka_candidate,CHEMBL2408112,,CCc1cnc(-c2cc(Oc3ccc(S(C)(=O)=O)cc3)cc(OC(C)C)c2)[nH]c1=O,True,NAUIDAPUPIGNQX-UHFFFAOYSA-N,GKA_0101,7.0,False,
GKA_0102,gka_candidate,CHEMBL1257153,,CS(=O)(=O)c1ccc(/C(=C\C2CCCCCCC2)C(=O)Nc2nccs2)cc1,True,FAGVPXDHYNJFCC-XDJHFCHBSA-N,GKA_0102,8.0,False,
GKA_0103,gka_candidate,CHEMBL4642217,,Cc1csc(Nc2ncc(Sc3ccccn3)cc2Oc2ccccc2)n1,True,NRHBMBYWSZHJSQ-UHFFFAOYSA-N,GKA_0103,9.0,False,
GKA_0104,gka_candidate,CHEMBL2311574,,COC[C@H](C)Oc1cc(CCc2c(F)cccc2F)cc(C(=O)Nc2ccc(C(=O)O)cn2)c1,True,GQAYYDKEDCYYMN-HNNXBMFYSA-N,GKA_0104,10.0,False,
GKA_0105,gka_candidate,CHEMBL2430860,,Cc1csc(Nc2ncc(SCc3ccccn3)cc2OCc2ccccc2)n1,True,TXLNHUDZSIYHSY-UHFFFAOYSA-N,GKA_0105,11.0,False,
GKA_0106,gka_candidate,CHEMBL3221532,,Cc1cnc(NC(=O)[C@H](CO[C@H](C)CO)Oc2ncnc3c2cnn3-c2c(Cl)cccc2C#N)cn1,True,KZZAQWDCTIJMOX-KDOFPFPSSA-N,GKA_0106,12.0,False,
GKA_0107,gka_candidate,CHEMBL4642812,,Cc1nsc(Nc2ncc(Sc3ccccn3)cc2Oc2ccccc2)n1,True,BPYMCNLKIVPLRZ-UHFFFAOYSA-N,GKA_0107,13.0,False,
GKA_0108,gka_candidate,CHEMBL2314797,,COC[C@H](C)Oc1cc(/C=C/c2ccccc2F)cc(C(=O)Nc2ccn(C)n2)c1,True,JFPCJEPDGAUUEW-FDMDGMSGSA-N,GKA_0108,14.0,False,
GKA_0109,gka_candidate,CHEMBL3221491,,Cc1cnc(NC(=O)[C@H](COC2CCC2)Oc2ncnc3c2cnn3-c2ccccc2Cl)cn1,True,NFFMTZVQQOWXMC-IBGZPJMESA-N,GKA_0109,15.0,False,
GKA_0110,gka_candidate,CHEMBL4451652,,CNC(=O)Nc1cc(Oc2cncc(OC)c2)c(C2=CCOCC2)cn1,True,OJNQROPSWJFXHA-UHFFFAOYSA-N,GKA_0110,16.0,False,
GKA_0111,gka_candidate,CHEMBL4554222,,CNC(=O)Nc1cc(Oc2cncc(C)c2)c([C@H]2CCC[C@H](O)C2)cn1,True,HYCSKZFLJZABFW-KBPBESRZSA-N,GKA_0111,1.0,False,
GKA_0112,gka_candidate,CHEMBL3218487,,Cc1cnc(NC(=O)c2cc(Oc3cnc(C(=O)N4CCC4)cn3)c3cc(C)oc3c2)cn1,True,KKWQRPLWHQDIIZ-UHFFFAOYSA-N,GKA_0112,2.0,False,
GKA_0113,gka_candidate,CHEMBL3218478,,COCc1ccc(Oc2cc3[nH]c(-c4ccccn4)nc3cc2[C@H]2CCCN2C(C)=O)cn1,True,KNZIMOVBOPUPJI-HSZRJFAPSA-N,GKA_0113,3.0,False,
GKA_0114,gka_candidate,CHEMBL1778358,,COC[C@H](C)Oc1cc(O[C@@H](C)CC2CCCC2)cc(C(=O)Nc2ccc(C(=O)O)cn2)c1,True,XYTCRVIXTVTNCT-IRXDYDNUSA-N,GKA_0114,4.0,False,
GKA_0115,gka_candidate,CHEMBL373364,,O=C(O)c1ccc(NC(=O)c2cc(OCc3ccccc3F)cc(OCc3ccccc3F)c2)nc1,True,CHDHWRIOEXFMNA-UHFFFAOYSA-N,GKA_0115,5.0,False,
GKA_0116,gka_candidate,CHEMBL3218482,,Cc1cnc(NC(=O)c2cc(Oc3ccc(C(=O)N(C)C)cc3)c3cc(C)oc3c2)cn1,True,NYIISPFIDBWYIS-UHFFFAOYSA-N,GKA_0116,6.0,False,
GKA_0117,gka_candidate,CHEMBL4646132,,c1ccc(Oc2cc(Sc3ccncc3)cnc2Nc2nc(C3CCCCC3)cs2)cc1,True,KYGTXQUNZUZTNQ-UHFFFAOYSA-N,GKA_0117,7.0,False,
GKA_0118,gka_candidate,CHEMBL3953779,,CC(C)(C(=O)O)c1ccc(Oc2cnc(NC(=O)C(OC3CCOCC3)c3ccc(S(=O)(=O)C4CC4)cc3)s2)cc1,True,XSWRQJJJPKQFHZ-UHFFFAOYSA-N,GKA_0118,8.0,False,
GKA_0119,gka_candidate,CHEMBL1257500,,CS(=O)(=O)c1ccc(/C(=C\C2CCCC2)C(=O)Nc2ccccn2)cc1Cl,True,OYDGJORZWPQIQE-FOWTUZBSSA-N,GKA_0119,9.0,False,
GKA_0120,gka_candidate,CHEMBL3221531,,Cc1cnc(NC(=O)[C@H](CN2CC(O)C2)Oc2ncnc3c2cnn3-c2c(Cl)cccc2Cl)cn1,True,CWLOTRFEEPFEKP-KRWDZBQOSA-N,GKA_0120,10.0,False,
GKA_0121,gka_candidate,CHEMBL4642648,,Cc1csc(Nc2ncc(Sc3ccccc3)cc2Oc2ccccc2)n1,True,ODBIGGBFMSXVMF-UHFFFAOYSA-N,GKA_0121,11.0,False,
GKA_0122,gka_candidate,CHEMBL564270,,CS(=O)(=O)c1ccc(Oc2cc(O[C@H]3CCOC3)cc(C(=O)Nc3nccs3)c2)cc1,True,UQHVRVYGEAIGAH-INIZCTEOSA-N,GKA_0122,12.0,False,
GKA_0123,gka_candidate,CHEMBL1778363,,CC(C)Oc1cc(OC2Cc3ccccc3C2)cc(C(=O)Nc2ccc(C(=O)O)cn2)c1,True,CLKAPSFVJWYURR-UHFFFAOYSA-N,GKA_0123,13.0,False,
GKA_0124,gka_candidate,CHEMBL191239,,CC(C)Oc1cc(OCc2ccccc2F)cc(C(=O)Nc2ccc(C(=O)O)cn2)c1,True,MTZXGGLPHHVXRY-UHFFFAOYSA-N,GKA_0124,14.0,False,
GKA_0125,gka_candidate,CHEMBL3235147,,Cc1cccnc1-c1cc(Oc2ccc(S(C)(=O)=O)cc2)cc(C(=O)Nc2nc(CC(=O)NC3CC3)cs2)c1,True,KUENHNVZSJNAHR-UHFFFAOYSA-N,GKA_0125,15.0,False,
GKA_0126,gka_candidate,CHEMBL4636129,,c1ccc(Oc2cc(Sc3ccncc3)cnc2Nc2nc(C3CC3)cs2)cc1,True,IYEJBIRMKQSGLJ-UHFFFAOYSA-N,GKA_0126,16.0,False,
GKA_0127,gka_candidate,CHEMBL4592224,,CNC(=O)Nc1cc(Oc2cncc(C)c2)c([C@H]2C[C@@H]2C(C)(C)O)cn1,True,OTYIASMQWWGGNE-HIFRSBDPSA-N,GKA_0127,1.0,False,
GKA_0128,gka_candidate,CHEMBL596032,,CCS(=O)(=O)c1ccc(Oc2cc3nc(-c4ccccn4)[nH]c3cc2CN2C(=O)CN(C)C2=O)cc1,True,XJPUFMSGFDSNKS-UHFFFAOYSA-N,GKA_0128,2.0,False,
GKA_0129,gka_candidate,CHEMBL1783739,,Cc1ccc(NC(=O)[C@H](CC2CCCC2)n2ccc(S(=O)(=O)C3CC3)cc2=O)nc1,True,MVULCJLELFVNQE-IBGZPJMESA-N,GKA_0129,3.0,False,
GKA_0130,gka_candidate,CHEMBL3217923,,COC[C@H](C)Oc1cc(Oc2ccc(S(C)(=O)=O)cc2)cc(C(=O)Nc2nc(C)ns2)c1,True,NXWJQVBBXSGVOG-ZDUSSCGKSA-N,GKA_0130,4.0,False,
GKA_0131,gka_candidate,CHEMBL3358428,,CCc1ncccc1Oc1cc(CCCCOC)cnc1NC(=O)NC,True,LSXSKCCBGGKZIS-UHFFFAOYSA-N,GKA_0131,5.0,False,
GKA_0132,gka_candidate,CHEMBL575055,,COc1ccc2nc(NC(=O)C(CC3CCCC3)c3ccc(S(=O)(=O)N(C)Cc4ccco4)cc3)sc2n1,True,HYJRDIDWEFMXIE-UHFFFAOYSA-N,GKA_0132,6.0,False,
GKA_0133,gka_candidate,CHEMBL575918,,Cc1cnc(Nc2ncnc3ccc(Oc4c(F)cccc4S(C)(=O)=O)cc23)cn1,True,ZUYWFBJBQWODEQ-UHFFFAOYSA-N,GKA_0133,7.0,False,
GKA_0134,gka_candidate,CHEMBL3091582,,O=C(O)c1ccc(NC(=O)[C@H](CC2CCCCC2)n2cnc(S(=O)(=O)C3CC3)c2)nc1,True,AXBWQGYXJNMOEI-KRWDZBQOSA-N,GKA_0134,8.0,False,
GKA_0135,gka_candidate,CHEMBL3764668,,CS(=O)(=O)c1ccc(C(CC2CCCC2)c2cc3cc(Br)cnc3[nH]2)cc1Cl,True,LMEULCGFTKAMLF-UHFFFAOYSA-N,GKA_0135,9.0,False,
GKA_0136,gka_candidate,CHEMBL4636595,,c1ccc(Oc2cc(Sc3ccccn3)cnc2Nc2nc(C3CCCO3)ns2)cc1,True,QVKFVTKHQVFQKX-UHFFFAOYSA-N,GKA_0136,10.0,False,
GKA_0137,gka_candidate,CHEMBL2204663,,CCn1cc2c(Oc3cnc(C(=O)N4CCC4)c(F)c3)cc(C(=O)Nc3cnc(C)cn3)cc2n1,True,VRBFJTUHFBTQRQ-UHFFFAOYSA-N,GKA_0137,11.0,False,
GKA_0138,gka_candidate,CHEMBL2023059,,CC(C)=CCOc1cc(Oc2ccc(S(=O)(=O)C3CC3)cc2)cc(C(=O)NC2=NC(=O)CS2)c1,True,MXICWTQJUFSFHD-UHFFFAOYSA-N,GKA_0138,12.0,False,
GKA_0139,gka_candidate,CHEMBL2346898,,O=C(NC1CC1)c1ccc2c(=O)n(C(CC3CCCCC3)C(=O)Nc3ncc(Cl)s3)cnc2c1,True,RRGQZTBCWCTGHA-UHFFFAOYSA-N,GKA_0139,13.0,False,
GKA_0140,gka_candidate,CHEMBL2430862,,CC(C)c1csc(Nc2ncc(SCCn3ccnc3)cc2OCc2ccccc2)n1,True,SNXVAXLZSJDZMV-UHFFFAOYSA-N,GKA_0140,14.0,False,
GKA_0141,gka_candidate,CHEMBL3580739,,CN(C)C(=O)c1cnc(Oc2cc(C(=O)Nc3ccn(C)n3)cc3c2CC(C)(CO)O3)cn1,True,IYTLOIOQUUJLCQ-UHFFFAOYSA-N,GKA_0141,15.0,False,
GKA_0142,gka_candidate,CHEMBL4101006,,O=C(Nc1ncc(F)s1)[C@H](CC1CCOCC1)n1ncc2c(S(=O)(=O)C3CC3)ccnc21,True,YKBDFPILEUOTGX-HNNXBMFYSA-N,GKA_0142,16.0,False,
GKA_0143,gka_candidate,CHEMBL4528539,,CCOc1ccc(-c2cnc(NC(=O)NC)cc2Oc2c(F)cccc2F)cn1,True,VBTGCGZQBDFJSP-UHFFFAOYSA-N,GKA_0143,1.0,False,
GKA_0144,gka_candidate,CHEMBL4644628,,CC(=O)N1CCC(c2nsc(Nc3ncc(Sc4ccccn4)cc3Oc3cccnc3C)n2)CC1,True,WITGITFYEMHCEZ-UHFFFAOYSA-N,GKA_0144,2.0,False,
GKA_0145,gka_candidate,CHEMBL595362,,CCS(=O)(=O)c1ccc(Oc2cc3nc(-c4ccccn4)[nH]c3cc2CN2CCOC2=O)cc1,True,KZSSMVSIXNWYIC-UHFFFAOYSA-N,GKA_0145,3.0,False,
GKA_0146,gka_candidate,CHEMBL2206785,,CCCCC(Oc1ncnc2c1cnn2-c1ccccc1Cl)C(=O)Nc1nc(C)cs1,True,XLXVHERKNSKEAY-UHFFFAOYSA-N,GKA_0146,4.0,False,
GKA_0147,gka_candidate,CHEMBL3218497,,COc1cnc(NC(=O)c2cc(Oc3cnc(C(=O)N(C)C)cn3)c3cc(C)oc3c2)cn1,True,JOUZBDDVEPPQRK-UHFFFAOYSA-N,GKA_0147,5.0,False,
GKA_0148,gka_candidate,CHEMBL3927808,,O=C(O)c1cccc(Oc2cnc(NC(=O)C(OC3CCOCC3)c3ccc(S(=O)(=O)C4CCCC4)nc3)s2)c1,True,HWUFKTWVDBXXQN-UHFFFAOYSA-N,GKA_0148,6.0,False,
GKA_0149,gka_candidate,CHEMBL3932133,,O=C(NC1CC1)c1ccc(Oc2cnc(NC(=O)C(OC3CCOCC3)c3ccc(S(=O)(=O)C4CC4)cc3)s2)cc1,True,IEQYVVOMJPQWIO-UHFFFAOYSA-N,GKA_0149,7.0,False,
GKA_0150,gka_candidate,CHEMBL4441772,,CNC(=O)Nc1cc(Oc2cncc(OC)c2)c(C2CCOCC2)cn1,True,NPKIDQHSXJPGIB-UHFFFAOYSA-N,GKA_0150,8.0,False,
GKA_0151,gka_candidate,CHEMBL2314804,,COC[C@H](C)Oc1cc(/C=C/c2cccc(C)n2)cc(C(=O)Nc2ccn(C)n2)c1,True,IUNHPCZTJOPKRL-IJDCCNJMSA-N,GKA_0151,9.0,False,
GKA_0152,gka_candidate,CHEMBL2314808,,COC[C@H](C)Oc1cc(CCc2c(F)cccc2F)cc(C(=O)Nc2ccn(C)n2)c1,True,KMSVOHJWASFHPW-HNNXBMFYSA-N,GKA_0152,10.0,False,
GKA_0153,gka_candidate,CHEMBL4471994,,CNC(=O)Nc1cc(Oc2cncc(C)c2)c([C@@H]2CC[C@@H](O)C2)cn1,True,BXIBIRJEIUUHPD-CHWSQXEVSA-N,GKA_0153,11.0,False,
GKA_0154,gka_candidate,CHEMBL4551474,,CNC(=O)Nc1cc(Oc2c(F)cccc2F)c(-c2ccncc2)cn1,True,IWVFBQVZWNETRM-UHFFFAOYSA-N,GKA_0154,12.0,False,
GKA_0155,gka_candidate,CHEMBL3091580,,O=C(O)c1ccc(NC(=O)[C@H](CC2CCCC2)n2cnc(S(=O)(=O)C3CC3)c2)nc1,True,NSASUTPYNBBWSU-INIZCTEOSA-N,GKA_0155,13.0,False,
GKA_0156,gka_candidate,CHEMBL3338060,,CCc1ncccc1Oc1cc(Sc2ccccn2)cnc1NC(=O)NC,True,PIGWQTQWPKNWHF-UHFFFAOYSA-N,GKA_0156,14.0,False,
GKA_0157,gka_candidate,CHEMBL519273,,O=C(Nc1ncc(F)s1)[C@H](CC1CCOCC1)c1ccc(S(=O)(=O)C2CCC2)cc1,True,DWIPGNHOTXSYBW-GOSISDBHSA-N,GKA_0157,15.0,False,
GKA_0158,gka_candidate,CHEMBL2023434,,CC(C)=CCOc1cc(Oc2ccc(S(=O)(=O)N3CC4CCC(C3)O4)cc2)cc(C(=O)Nc2cc(C)n(C)n2)c1,True,DWWDHOWABXTSTF-UHFFFAOYSA-N,GKA_0158,16.0,False,
GKA_0159,gka_candidate,CHEMBL4515481,,CNC(=O)Nc1cc(Oc2cncc(OC)c2)c([C@@H]2CCOC2)cn1,True,IBPPUZGNCLRQEP-LLVKDONJSA-N,GKA_0159,1.0,False,
GKA_0160,gka_candidate,CHEMBL596480,,CCS(=O)(=O)c1ccc(Oc2cc3nc(-c4ccccn4)[nH]c3cc2CN(C)C(C)=O)cc1,True,IHHUJYRBHNKJIO-UHFFFAOYSA-N,GKA_0160,2.0,False,
GKA_0161,gka_candidate,CHEMBL604065,,CCS(=O)(=O)c1ccc(Oc2cc3nc(-c4ccccn4)[nH]c3cc2CN2CCCC2=O)cc1,True,AOPNJTOVUCKWEL-UHFFFAOYSA-N,GKA_0161,3.0,False,
GKA_0162,gka_candidate,CHEMBL3338157,,CNC(=O)Nc1ncc(SC2CCN(C(C)=O)CC2)cc1Oc1cccnc1C,True,ZFQFBPPMMBJIKT-UHFFFAOYSA-N,GKA_0162,4.0,False,
GKA_0163,gka_candidate,CHEMBL5080166,,CCOP(=O)(Cn1ccc(NC(=O)c2cc(Oc3cnc(C(=O)N(C)C)cn3)cc(OC(C)C)c2)n1)OCC,True,MJSIJWAGQDTNDW-UHFFFAOYSA-N,GKA_0163,5.0,False,
GKA_0164,gka_candidate,CHEMBL577805,,COc1ccc2nc(NC(=O)C(CC3CCCC3)c3ccc(S(=O)(=O)N4CCOCC4)cc3)sc2n1,True,JYKYTQJQKUTHGE-UHFFFAOYSA-N,GKA_0164,6.0,False,
GKA_0165,gka_candidate,CHEMBL1783748,,Cc1ccc(NC(=O)[C@H](CC2CCC(F)(F)CC2)n2ccc(S(=O)(=O)C(C)C)cc2=O)nc1,True,CKPHRGNLPYRZKJ-IBGZPJMESA-N,GKA_0165,7.0,False,
GKA_0166,gka_candidate,CHEMBL2346751,,Cc1cc(S(=O)(=O)C2CC2)cc(=O)n1[C@@H](CC1CCCC1)C(=O)Nc1ncc(Cl)s1,True,IAVMXMUGKVSJRB-INIZCTEOSA-N,GKA_0166,8.0,False,
GKA_0167,gka_candidate,CHEMBL2346754,,Cc1cc(S(=O)(=O)C2CCCC2)cc(=O)n1[C@@H](CC1CCCCO1)C(=O)Nc1ncc(Cl)s1,True,UPWMIUMOXNRYCT-PKHIMPSTSA-N,GKA_0167,9.0,False,
GKA_0168,gka_candidate,CHEMBL2346877,,O=C(Nc1nccs1)[C@H](CC1CCCCC1)N1CCN(S(=O)(=O)c2ccco2)CC1=O,True,OQAZAMYMPJOLLO-INIZCTEOSA-N,GKA_0168,10.0,False,
GKA_0169,gka_candidate,CHEMBL3221481,,COCC[C@H](Oc1ncnc2c1cnn2-c1ncccc1Cl)C(=O)Nc1ccc(C)cn1,True,JDYZPAXARZYKOO-INIZCTEOSA-N,GKA_0169,11.0,False,
GKA_0170,gka_candidate,CHEMBL3221490,,Cc1ccc(NC(=O)[C@H](COC2CCC2)Oc2ncnc3c2cnn3-c2ncccc2Cl)nc1,True,RSQOTBOFZKBONM-SFHVURJKSA-N,GKA_0170,12.0,False,
GKA_0171,gka_candidate,CHEMBL3221492,,Cc1cnc(NC(=O)[C@H](COC2CCC2)Oc2ncnc3c2cnn3-c2ncccc2Cl)cn1,True,RQXZZPXLCKFPCI-KRWDZBQOSA-N,GKA_0171,13.0,False,
GKA_0172,gka_candidate,CHEMBL4633515,,Cc1csc(Nc2ncc(SCc3ccccc3)cc2Oc2ccccc2)n1,True,ICFDGIUNTZOZLF-UHFFFAOYSA-N,GKA_0172,14.0,False,
GKA_0173,gka_candidate,CHEMBL4649482,,O=C(Nc1ncns1)/C(=N/N1CCCC1)c1ccc(S(=O)(=O)C2CC2)cc1,True,VYGSQXYTLDDDEK-RCCKNPSSSA-N,GKA_0173,15.0,False,
GKA_0174,gka_candidate,CHEMBL594633,,CCS(=O)(=O)c1ccc(Oc2cc3nc(-c4ccccn4)[nH]c3cc2CN2CCN(C)C2=O)cc1,True,XBEFXEPSOIGYMK-UHFFFAOYSA-N,GKA_0174,16.0,False,
GKA_0175,gka_candidate,CHEMBL5086985,,CCOP(=O)(Cc1cnc(NC(=O)c2cc(Oc3ccc(S(C)(=O)=O)cc3)cc(O[C@@H](C)COC)c2)cn1)OCC,True,GCFUKFIHYBUEGC-IBGZPJMESA-N,GKA_0175,1.0,False,
GKA_0176,gka_candidate,CHEMBL4205489,,COCC(C)Oc1cc(Oc2ccc(S(C)(=O)=O)cc2)cc(C(=O)Nc2nc3c(s2)CCCC3)c1,True,AAJKLRBVIPIBEW-UHFFFAOYSA-N,GKA_0176,2.0,False,
GKA_0177,gka_candidate,CHEMBL564282,,CS(=O)(=O)c1ccc(Oc2cc(O[C@H]3CCC[C@@H]3O)cc(C(=O)Nc3nccs3)c2)cc1,True,LLIQCVSOVKHPJR-PMACEKPBSA-N,GKA_0177,3.0,False,
GKA_0178,gka_candidate,CHEMBL2023061,,CC(C)=CCOc1cc(Oc2ccc(S(=O)(=O)C3CC3)cc2)cc(C(=O)Nc2cnc(C)cn2)c1,True,HCOXEGAMJSNLLP-UHFFFAOYSA-N,GKA_0178,4.0,False,
GKA_0179,gka_candidate,CHEMBL594634,,CCS(=O)(=O)c1ccc(Oc2cc3nc(-c4ccccn4)[nH]c3cc2CN2CCOCC2=O)cc1,True,XNKAUSLNTJUONY-UHFFFAOYSA-N,GKA_0179,5.0,False,
GKA_0180,gka_candidate,CHEMBL595353,,CCS(=O)(=O)c1ccc(Oc2cc3nc(-c4ccccn4)[nH]c3cc2Cc2nnnn2C)cc1,True,QMPWZGRVHHAAIP-UHFFFAOYSA-N,GKA_0180,6.0,False,
GKA_0181,gka_candidate,CHEMBL2408127,,Cc1cnc(-c2cc(Oc3cnc(C(=O)N(C)C)nc3)cc(OC(C)C)c2)[nH]c1=O,True,RCESBHOQGDBZSX-UHFFFAOYSA-N,GKA_0181,7.0,False,
GKA_0182,gka_candidate,CHEMBL3218723,,CNC(=O)Cn1cc(-c2cnc(NC(=O)C(CC3CCOCC3)c3ccc(S(=O)(=O)C4CC4)cc3)s2)nn1,True,HSKQYGJEADNIOR-UHFFFAOYSA-N,GKA_0182,8.0,False,
GKA_0183,gka_candidate,CHEMBL4208677,,COC[C@H](C)Oc1cc(Oc2ccc(C(=O)N3CCC3)cc2)cc(C(=O)Nc2nc3c(s2)CN(c2ncccn2)CC3)c1,True,ADLPFMQUJGWTHL-FQEVSTJZSA-N,GKA_0183,9.0,False,
GKA_0184,gka_candidate,CHEMBL4456659,,CNC(=O)Nc1cc(Oc2cncc(OC)c2)c([C@H]2COCC[C@@H]2F)cn1,True,UEILGMSMKNVYMP-CABCVRRESA-N,GKA_0184,10.0,False,
GKA_0185,gka_candidate,CHEMBL3952021,,O=C(O)c1cccc(Oc2cnc(NC(=O)C(OC3CCOCC3)c3ccc(S(=O)(=O)C4CCCC4)cc3)s2)c1,True,IJBAMLGZRHYSLD-UHFFFAOYSA-N,GKA_0185,11.0,False,
GKA_0186,gka_candidate,CHEMBL4215660,,CC(C)(C)OC(=O)N1CCc2nc(NC(=O)c3cc(Oc4ccc(S(C)(=O)=O)cc4)cc(OC4CCCC4)c3)sc2C1,True,KXBQGFFKQPZDLY-UHFFFAOYSA-N,GKA_0186,12.0,False,
GKA_0187,gka_candidate,CHEMBL574402,,COc1ccc2nc(NC(=O)C(CC3CCCC3)c3ccc(S(=O)(=O)NCc4ccccn4)cc3)sc2n1,True,HYBQTOBYBOCQLZ-UHFFFAOYSA-N,GKA_0187,13.0,False,
GKA_0188,gka_candidate,CHEMBL5087489,,CCOP(=O)(Cn1ccc(NC(=O)c2cc(Oc3ccc(C(=O)N4CCC4)cn3)cc(OC(C)C)c2)n1)OCC,True,FBBCVFMVDQWBJP-UHFFFAOYSA-N,GKA_0188,14.0,False,
GKA_0189,gka_candidate,CHEMBL3580741,,CCn1cc2c(Oc3cnc(C(=O)N4CCC4)c(F)c3)cc(C(=O)Nc3ccn(C)n3)cc2n1,True,MNUXXTQWNAZGOT-UHFFFAOYSA-N,GKA_0189,15.0,False,
GKA_0190,gka_candidate,CHEMBL491148,,Cc1cnc(NC(=O)c2cc(Sc3nncn3C)ccc2N)s1,True,USUMNIYLFMJINZ-UHFFFAOYSA-N,GKA_0190,16.0,False,
GKA_0191,gka_candidate,CHEMBL2346667,,Cc1cccc(S(=O)(=O)N2CCN([C@@H](CC3CCCCC3)C(=O)Nc3nccs3)C(=O)C2)c1,True,IQEWSGVCADHSJJ-FQEVSTJZSA-N,GKA_0191,1.0,False,
GKA_0192,gka_candidate,CHEMBL2346758,,Cc1cc(S(=O)(=O)C2CCCC2)cc(=O)n1C(CC1CCCC1)C(=O)Nc1nccs1,True,UGPQQXXZGVSIOI-UHFFFAOYSA-N,GKA_0192,2.0,False,
GKA_0193,gka_candidate,CHEMBL2408128,,COC[C@H](C)Oc1cc(Oc2cnc(C(=O)N(C)C)cn2)cc(-c2nccc(=O)[nH]2)c1,True,UQFUOGIWCIAKAA-ZDUSSCGKSA-N,GKA_0193,3.0,False,
GKA_0194,gka_candidate,CHEMBL3091581,,O=C(O)c1ccc(NC(=O)[C@H](CC2CCCC2)n2cnc(S(=O)(=O)C3CCC3)c2)nc1,True,DTZWAELYQGJRJI-KRWDZBQOSA-N,GKA_0194,4.0,False,
GKA_0195,gka_candidate,CHEMBL3971914,,O=C(O)c1cccc(Oc2cnc(NC(=O)C(O[C@H]3CCOC3)c3ccc(S(=O)(=O)C4CC4)cc3)s2)c1,True,JHRRHOKUMZTXIF-HXBUSHRASA-N,GKA_0195,5.0,False,
GKA_0196,gka_candidate,CHEMBL4091218,,NC(=O)c1cccnc1NC(=O)C(CC1CCOCC1)n1ncc2c(S(=O)(=O)C3CC3)cccc21,True,MKQGXUSWHWHSBA-UHFFFAOYSA-N,GKA_0196,6.0,False,
GKA_0197,gka_candidate,CHEMBL4204808,,COCC(C)Oc1cc(Oc2ccc(S(C)(=O)=O)nc2)cc(C(=O)Nc2nc3c(s2)CN(C(=O)OC(C)(C)C)CC3)c1,True,ZWYOXZJEFZCSHL-UHFFFAOYSA-N,GKA_0197,7.0,False,
GKA_0198,gka_candidate,CHEMBL596020,,CCS(=O)(=O)c1ccc(Oc2cc3nc(-c4ccccn4)[nH]c3cc2CN2CCCS2(=O)=O)cc1,True,KZADIHLFNCWLAC-UHFFFAOYSA-N,GKA_0198,8.0,False,
GKA_0199,gka_candidate,CHEMBL2430857,,Cc1csc(Nc2ncc(Sc3ccccc3)cc2OCc2ccccc2)n1,True,XVJWONNYLHHEQI-UHFFFAOYSA-N,GKA_0199,9.0,False,
GKA_0200,gka_candidate,CHEMBL4217013,,COCC(C)Oc1cc(Oc2ccc(S(C)(=O)=O)cc2)cc(C(=O)Nc2nc3c(s2)CN(c2ccncc2)CC3)c1,True,DGZGOICGFKDGPA-UHFFFAOYSA-N,GKA_0200,10.0,False,
GKA_0201,gka_candidate,CHEMBL574881,,COc1ccc2nc(NC(=O)C(CC3CCCC3)c3ccc(S(=O)(=O)NCc4ccncc4)cc3)sc2n1,True,XINJOXSXDSZPPN-UHFFFAOYSA-N,GKA_0201,11.0,False,
GKA_0202,gka_candidate,CHEMBL3235150,,Cc1cccnc1-c1cc(Oc2ccc(S(C)(=O)=O)cc2)cc(C(=O)Nc2nc(CN3CCOCC3)cs2)c1,True,UUCGNUHYQJOYNN-UHFFFAOYSA-N,GKA_0202,12.0,False,
GKA_0203,gka_candidate,CHEMBL4561645,,CNC(=O)Nc1cc(Oc2c(F)cccc2F)c(C2CC2)cn1,True,YUYQXJJCKOEZRT-UHFFFAOYSA-N,GKA_0203,13.0,False,
GKA_0204,gka_candidate,CHEMBL3954336,,O=C(O)c1cc(-c2ccc(Oc3cnc(NC(=O)C(OC4CCOCC4)c4ccc(S(=O)(=O)C5CC5)cc4)s3)cc2)no1,True,IWHHPRXEGJCVNG-UHFFFAOYSA-N,GKA_0204,14.0,False,
GKA_0205,gka_candidate,CHEMBL4469348,,CNC(=O)Nc1cc(Oc2cncc(OC)c2)c(C2=CCCOC2)cn1,True,CUVIBBDRTIYKKQ-UHFFFAOYSA-N,GKA_0205,15.0,False,
GKA_0206,gka_candidate,CHEMBL594382,,CCS(=O)(=O)c1ccc(Oc2cc3nc(-c4ccccn4)[nH]c3cc2Cn2ccnc2)cc1,True,PGZFLIGICKGSIH-UHFFFAOYSA-N,GKA_0206,16.0,False,
GKA_0207,gka_candidate,CHEMBL2204662,,CCn1cc2c(Oc3cnc(C(=O)N(C)C)c(F)c3)cc(C(=O)Nc3cnc(C)cn3)cc2n1,True,YUOWWGGXVKBXNS-UHFFFAOYSA-N,GKA_0207,1.0,False,
GKA_0208,gka_candidate,CHEMBL2408118,,CC(C)Oc1cc(Oc2cnc(C(=O)N(C)C)c(F)c2)cc(-c2nccc(=O)[nH]2)c1,True,XXRSPMIUQRJYFO-UHFFFAOYSA-N,GKA_0208,2.0,False,
GKA_0209,gka_candidate,CHEMBL2430858,,Cc1csc(Nc2ncc(Sc3ccccn3)cc2OCc2ccccc2)n1,True,LNDXOEJPYHCIAV-UHFFFAOYSA-N,GKA_0209,3.0,False,
GKA_0210,gka_candidate,CHEMBL3091583,,O=C(O)c1ccc(NC(=O)[C@H](CC2CCCCC2)n2cnc(S(=O)(=O)C3CCC3)c2)nc1,True,HFXDKQDCOWWEDC-SFHVURJKSA-N,GKA_0210,4.0,False,
GKA_0211,gka_candidate,CHEMBL4211616,,COCC(C)Oc1cc(Oc2ccc(S(=O)(=O)C3CC3)cc2)cc(C(=O)Nc2nc3c(s2)CN(C(=O)OC(C)(C)C)CC3)c1,True,MOCCHYWUMYIBPT-UHFFFAOYSA-N,GKA_0211,5.0,False,
GKA_0212,gka_candidate,CHEMBL2430859,,Cc1csc(Nc2ncc(SCc3ccccc3)cc2OCc2ccccc2)n1,True,QFFBLBBPLLDRTA-UHFFFAOYSA-N,GKA_0212,6.0,False,
GKA_0213,gka_candidate,CHEMBL5085491,,CCOP(=O)(Cn1ccc(NC(=O)c2cc(Oc3cnc(S(C)(=O)=O)nc3)cc(OC(C)C)c2)n1)OCC,True,YJUAEIAQXAHGBE-UHFFFAOYSA-N,GKA_0213,7.0,False,
GKA_0214,gka_candidate,CHEMBL549417,,CS(=O)(=O)c1ccc(Oc2cc(OC3CCOCC3)cc(C(=O)Nc3nccs3)c2)cc1,True,ZQZPYXYBKICQDC-UHFFFAOYSA-N,GKA_0214,8.0,False,
GKA_0215,gka_candidate,CHEMBL2430853,,CC(C)c1csc(Nc2ncc(Br)cc2OCc2ccccc2)n1,True,NZMWQGDXPMBLLS-UHFFFAOYSA-N,GKA_0215,9.0,False,
GKA_0216,gka_candidate,CHEMBL5290632,,O=C(O)c1ccc(Oc2cnc(NC(=O)C(Oc3ccc(F)cc3F)c3ccc(S(=O)(=O)N4CCCC4)cc3)s2)cc1,True,FEBTXTWYHAOXQW-UHFFFAOYSA-N,GKA_0216,10.0,False,
GKA_0217,gka_candidate,CHEMBL489710,,Cn1cnnc1Sc1ccc(N)c(C(=O)Nc2ncns2)c1,True,TZNGPMVMDHBLDN-UHFFFAOYSA-N,GKA_0217,11.0,False,
GKA_0218,gka_candidate,CHEMBL2346883,,O=C(Nc1nccs1)C(CC1CCCCC1)N1CCN(S(=O)(=O)C2CC2)CC1=O,True,UVQDJQMAEVSBJS-UHFFFAOYSA-N,GKA_0218,12.0,False,
GKA_0219,gka_candidate,CHEMBL1783760,,Cn1ccc(NC(=O)[C@H](CC2CCCC2)n2ccc(S(=O)(=O)C3CCC3)cc2=O)n1,True,UWSICVKBJUIDIU-SFHVURJKSA-N,GKA_0219,13.0,False,
GKA_0220,gka_candidate,CHEMBL3218489,,Cc1cnc(NC(=O)c2cc(Oc3cnc(C(=O)N4CCCCC4)cn3)c3cc(C)oc3c2)cn1,True,QKNHXFWGHFJTSR-UHFFFAOYSA-N,GKA_0220,14.0,False,
GKA_0221,gka_candidate,CHEMBL575091,,COc1ccc2nc(NC(=O)C(CC3CCCC3)c3ccc(S(=O)(=O)N(C)Cc4ccccc4)cc3)sc2n1,True,WMAFUOVYGLDQIV-UHFFFAOYSA-N,GKA_0221,15.0,False,
GKA_0222,gka_candidate,CHEMBL575303,,COc1ccc2nc(NC(=O)C(CC3CCCC3)c3ccc(S(=O)(=O)NC4CC4)cc3)sc2n1,True,BFVMMROZEZLKNK-UHFFFAOYSA-N,GKA_0222,16.0,False,
GKA_0223,gka_candidate,CHEMBL2165626,,O=C(Nc1ccc(-c2nnn[nH]2)cn1)[C@H](CC1CCCC1)n1cnc(C(F)(F)F)c1,True,NZPVBFBSYBVMPK-ZDUSSCGKSA-N,GKA_0223,1.0,False,
GKA_0224,gka_candidate,CHEMBL3338155,,CNC(=O)Nc1ncc(SC2CCOCC2)cc1Oc1cccnc1C,True,JALZBSKFWWSHNK-UHFFFAOYSA-N,GKA_0224,2.0,False,
GKA_0225,gka_candidate,CHEMBL3358889,,CCn1nccc1Oc1cc(C[C@H]2C[C@](C)(O)C2)cnc1NC(=O)NC,True,AZHFAXGDRCIDKF-KTXOBNNYSA-N,GKA_0225,3.0,False,
GKA_0226,gka_candidate,CHEMBL3971630,,COC(=O)CCc1ccc(-c2cc3cc(Sc4ccccn4)c(C4CCC(=O)N4C)cc3[nH]2)nc1,True,GYUSRAUGILHWCA-UHFFFAOYSA-N,GKA_0226,4.0,False,
GKA_0227,gka_candidate,CHEMBL5287945,,O=C(O)c1ccc(Oc2cnc(NC(=O)C(Oc3ccc(F)cc3F)c3ccc(S(=O)(=O)N4CCCCC4)cc3)s2)cc1,True,KKZFQKQUQDYXJJ-UHFFFAOYSA-N,GKA_0227,5.0,False,
GKA_0228,gka_candidate,CHEMBL3218730,,O=C(Nc1ncc(-c2cn(CCOCc3ccccc3)nn2)s1)C(CC1CCOCC1)c1ccc(S(=O)(=O)C2CC2)cc1,True,BUOAGZLXFILYMK-UHFFFAOYSA-N,GKA_0228,6.0,False,
GKA_0229,gka_candidate,CHEMBL3358433,,CCc1ncccc1Oc1cc(CC2CCOCC2)cnc1NC(=O)NC,True,QTWXFBQCCJRZJD-UHFFFAOYSA-N,GKA_0229,7.0,False,
GKA_0230,gka_candidate,CHEMBL3915099,,O=C(O)c1cncc(Oc2cnc(NC(=O)C(OC3CCOCC3)c3ccc(S(=O)(=O)C4CC4)cc3)s2)c1,True,NNZGPYCIISHBOT-UHFFFAOYSA-N,GKA_0230,8.0,False,
GKA_0231,gka_candidate,CHEMBL4213613,,COC[C@H](C)Oc1cc(Oc2ccc(C(=O)N3CCC3)cc2)cc(C(=O)Nc2nc3c(s2)CN(c2ccccn2)CC3)c1,True,VLZGQZMNYQBDLX-NRFANRHFSA-N,GKA_0231,9.0,False,
GKA_0232,gka_candidate,CHEMBL3577717,,COC[C@H](C)Oc1cc(C#CCNc2ncccn2)cc(C(=O)Nc2ccn(C)n2)c1,True,YFHUDPHDVNLSSZ-INIZCTEOSA-N,GKA_0232,10.0,False,
GKA_0233,gka_candidate,CHEMBL3965982,,O=C(O)c1cnn(-c2cnc(NC(=O)C(OC3CCOCC3)c3ccc(S(=O)(=O)C4CC4)cc3)s2)c1,True,KSJFKHLJXJYXBO-UHFFFAOYSA-N,GKA_0233,11.0,False,
GKA_0234,gka_candidate,CHEMBL4204346,,COC[C@H](C)Oc1cc(Oc2ccc(C(=O)N3CCC3)cc2)cc(C(=O)Nc2nc3c(s2)CN(c2cc[nH]c(=O)c2)CC3)c1,True,MBSIWFNHCVDLSN-FQEVSTJZSA-N,GKA_0234,12.0,False,
GKA_0235,gka_candidate,CHEMBL4538137,,CNC(=O)Nc1cc(Oc2cccc(Cl)c2F)ccn1,True,YYGHVZXMNGALSU-UHFFFAOYSA-N,GKA_0235,13.0,False,
GKA_0236,gka_candidate,CHEMBL575529,,COc1ccc2nc(NC(=O)C(CC3CCCC3)c3ccc(S(=O)(=O)NC4CCCCC4)cc3)sc2n1,True,COHVEEIHPAJPAS-UHFFFAOYSA-N,GKA_0236,14.0,False,
GKA_0237,gka_candidate,CHEMBL575736,,COc1ccc2nc(NC(=O)C(CC3CCCC3)c3ccc(S(=O)(=O)NC4CCOCC4)cc3)sc2n1,True,LPTWSMUFAICRJY-UHFFFAOYSA-N,GKA_0237,15.0,False,
GKA_0238,gka_candidate,CHEMBL1165042,,CC(C)c1csc(NC(=O)C(CC2CCOCC2)c2ccc(S(C)(=O)=O)cc2)n1,True,NSHNTEGAQYQHAG-UHFFFAOYSA-N,GKA_0238,16.0,False,
GKA_0239,gka_candidate,CHEMBL2204659,,CCCn1cc2c(Oc3ccc(S(C)(=O)=O)cc3)cc(C(=O)Nc3cnc(C)cn3)cc2n1,True,SRIGNYPFWLBBRM-UHFFFAOYSA-N,GKA_0239,1.0,False,
GKA_0240,gka_candidate,CHEMBL2346892,,O=C(Nc1ncc(F)s1)[C@H](CC1CCCCC1)n1cnc2cc(S(=O)(=O)C3CCCC3)ccc2c1=O,True,RKMPMLRDRQAFMM-NRFANRHFSA-N,GKA_0240,2.0,False,
GKA_0241,gka_candidate,CHEMBL5282187,,O=C(O)c1ccc(Oc2cnc(NC(=O)C(Oc3ccc(F)cc3F)c3ccc(S(=O)(=O)C4CCOCC4)cc3)s2)cc1,True,BADFQILDNJCDLS-UHFFFAOYSA-N,GKA_0241,3.0,False,
GKA_0242,gka_candidate,CHEMBL3221515,,O=C(Nc1ccc(Cl)cn1)[C@H](CN1CC(O)C1)Oc1ncnc2c1cnn2-c1ncccc1Cl,True,JQOAKFQCBDRCMF-INIZCTEOSA-N,GKA_0242,4.0,False,
GKA_0243,gka_candidate,CHEMBL3235164,,COCCOCn1ccc(NC(=O)c2cc(Oc3ccc(S(C)(=O)=O)cc3)cc(-c3ncccc3C)c2)n1,True,YREXUDMRKQYWKW-UHFFFAOYSA-N,GKA_0243,5.0,False,
GKA_0244,gka_candidate,CHEMBL575725,,COc1ccc2nc(NC(=O)C(CC3CCCC3)c3ccc(S(=O)(=O)Nc4cccnc4)cc3)sc2n1,True,DHBRPNVHJRZIDB-UHFFFAOYSA-N,GKA_0244,6.0,False,
GKA_0245,gka_candidate,CHEMBL3218500,,Cc1cc2c(Oc3cnc(C(=O)N(C)C)cn3)cc(C(=O)Nc3ccn(C)n3)cc2o1,True,JHNHALDHPAWSFV-UHFFFAOYSA-N,GKA_0245,7.0,False,
GKA_0246,gka_candidate,CHEMBL5287339,,O=C(O)c1ccc(Oc2cnc(NC(=O)C(Oc3ccc(F)cc3F)c3ccc(S(=O)(=O)N4CCOCC4)cc3)s2)cc1,True,ZITXSFAYYFSSIT-UHFFFAOYSA-N,GKA_0246,8.0,False,
GKA_0247,gka_candidate,CHEMBL3358436,,CCn1nccc1Oc1cc(CC2CCOCC2)cnc1NC(=O)NC,True,NLQRZZOZBUYIOK-UHFFFAOYSA-N,GKA_0247,9.0,False,
GKA_0248,gka_candidate,CHEMBL4436344,,CNC(=O)Nc1cc(Oc2c(F)cccc2F)c(-c2ccccc2)cn1,True,IMTSRCKDFSDLCM-UHFFFAOYSA-N,GKA_0248,10.0,False,
GKA_0249,gka_candidate,CHEMBL3338077,,CNC(=O)Nc1ncc(SCC2CCOCC2)cc1Oc1cccnc1C,True,KBCSVELGNOMACO-UHFFFAOYSA-N,GKA_0249,11.0,False,
GKA_0250,gka_candidate,CHEMBL3358435,,CCn1nccc1Oc1cc(CCCC(C)(C)O)cnc1NC(=O)NC,True,ZHXUVGIMXPJNIU-UHFFFAOYSA-N,GKA_0250,12.0,False,
GKA_0251,gka_candidate,CHEMBL451084,,CCSc1ccc(N)c(C(=O)Nc2nc(C)cs2)c1,True,RJTBVUQMPODIAS-UHFFFAOYSA-N,GKA_0251,13.0,False,
GKA_0252,gka_candidate,CHEMBL483818,,Cc1csc(NC(=O)c2cc(Oc3ccccc3)cc(Oc3ccc(S(C)(=O)=O)cc3)c2)n1,True,KHTKOMCOPPNVRX-UHFFFAOYSA-N,GKA_0252,14.0,False,
GKA_0253,gka_candidate,CHEMBL577785,,COc1ccc2nc(NC(=O)C(CC3CCCC3)c3ccc(S(=O)(=O)NCc4cccnc4)cc3)sc2n1,True,VPAHKACDRIEKRM-UHFFFAOYSA-N,GKA_0253,15.0,False,
GKA_0254,gka_candidate,CHEMBL3338071,,CCn1nccc1Oc1cc(Sc2ccccn2)cnc1NC(=O)NC,True,BMKXMPKGWHESCK-UHFFFAOYSA-N,GKA_0254,16.0,False,
GKA_0255,gka_candidate,CHEMBL2346875,,O=C(Nc1nccs1)[C@H](CC1CCCCC1)N1CCN(S(=O)(=O)Cc2ccccc2)CC1=O,True,MGCRJJGSGXAKLX-FQEVSTJZSA-N,GKA_0255,1.0,False,
GKA_0256,gka_candidate,CHEMBL4645486,,Cc1csc(Nc2ncc(Br)cc2Oc2ccccc2)n1,True,XRFBFVJFPOWVBV-UHFFFAOYSA-N,GKA_0256,2.0,False,
GKA_0257,gka_candidate,CHEMBL1096435,Ro-281675,CS(=O)(=O)c1ccc([C@@H](CC2CCCC2)C(=O)Nc2nccs2)cc1,True,NEQSWPCDHDQINX-MRXNPFEDSA-N,GKA_0257,3.0,False,
GKA_0258,gka_candidate,CHEMBL3971192,,O=C(Nc1ncc(-n2cccn2)s1)C(Oc1ccc(F)cc1F)c1ccc(S(=O)(=O)C2CC2)cc1,True,LACMPBISTMFOKD-UHFFFAOYSA-N,GKA_0258,4.0,False,
GKA_0259,gka_candidate,CHEMBL194137,,CC(C)Oc1cc(OCCCc2ccccc2)cc(C(=O)Nc2ccc(C(=O)O)cn2)c1,True,FMNFIZNNIOITMG-UHFFFAOYSA-N,GKA_0259,5.0,False,
GKA_0260,gka_candidate,CHEMBL489333,,Cc1csc(NC(=O)c2cc(Sc3ccccc3)ccc2N)n1,True,PRUWOCJLEGVIOI-UHFFFAOYSA-N,GKA_0260,6.0,False,
GKA_0261,gka_candidate,CHEMBL2408122,,CN(C)C(=O)c1ncc(Oc2cc(OC3CCCC3)cc(-c3nccc(=O)[nH]3)c2)cn1,True,QEQRHQKEROBPEX-UHFFFAOYSA-N,GKA_0261,7.0,False,
GKA_0262,gka_candidate,CHEMBL3235163,,Cc1cccnc1-c1cc(Oc2ccc(S(C)(=O)=O)cc2)cc(C(=O)Nc2ccn(CCN3CCOCC3)n2)c1,True,WNGYACZPFZNWQL-UHFFFAOYSA-N,GKA_0262,8.0,False,
GKA_0263,gka_candidate,CHEMBL1258886,,CC(C)/C=C(/C(=O)Nc1nccs1)c1ccc(S(C)(=O)=O)cc1,True,UVUKJGDYSUGMBE-GXDHUFHOSA-N,GKA_0263,9.0,False,
GKA_0264,gka_candidate,CHEMBL5276863,,O=C(O)c1ccc(Cc2cnc(NC(=O)C(Oc3ccc(F)cc3F)c3ccc(S(=O)(=O)C4CC4)cc3)s2)cc1,True,AJAHKYGEWAFNQW-UHFFFAOYSA-N,GKA_0264,10.0,False,
GKA_0265,gka_candidate,CHEMBL3338074,,CNC(=O)Nc1ncc(SCc2ccccc2)cc1Oc1cccnc1C,True,IMMMYNDGTLNAJM-UHFFFAOYSA-N,GKA_0265,11.0,False,
GKA_0266,gka_candidate,CHEMBL2023438,,COC1CCN(S(=O)(=O)c2ccc(Oc3cc(OCC=C(C)C)cc(C(=O)Nc4cc(C)n(C)n4)c3)cc2)CC1,True,SSKMAFJLOGCTSG-UHFFFAOYSA-N,GKA_0266,12.0,False,
GKA_0267,gka_candidate,CHEMBL3917932,,CN1C(=O)CCC1c1cc2[nH]c(-c3ccccc3)cc2cc1Oc1ccc(CCC(=O)O)cc1,True,UCRAOTLBHOKJPK-UHFFFAOYSA-N,GKA_0267,13.0,False,
GKA_0268,gka_candidate,CHEMBL4205786,,COC[C@H](C)Oc1cc(Oc2ccc(C(=O)N3CCC3)cc2)cc(C(=O)Nc2nc3c(s2)CCN(C(=O)OC(C)(C)C)C3)c1,True,CFDATENPAYNOGA-FQEVSTJZSA-N,GKA_0268,14.0,False,
GKA_0269,gka_candidate,CHEMBL3218483,,Cc1cnc(NC(=O)c2cc(Oc3ccc(C(=O)N(C)C)nc3)c3cc(C)oc3c2)cn1,True,UKSKWOWMAMXREK-UHFFFAOYSA-N,GKA_0269,15.0,False,
GKA_0270,gka_candidate,CHEMBL3218495,,Cc1ccc(NC(=O)c2cc(Oc3cnc(C(=O)N(C)C)cn3)c3cc(C)oc3c2)nc1,True,JYDZDGNPSCSHEV-UHFFFAOYSA-N,GKA_0270,16.0,False,
GKA_0271,gka_candidate,CHEMBL3961283,,O=C(O)c1ccc(NC(=O)C(Oc2ccc(F)cc2F)c2ccc(S(=O)(=O)C3CC3)cc2)nc1,True,OAWSTKBFRCONGM-UHFFFAOYSA-N,GKA_0271,1.0,False,
GKA_0272,gka_candidate,CHEMBL4209218,,COC[C@H](C)Oc1cc(Oc2ccc(C(=O)N3CCC3)cc2)cc(C(=O)Nc2nc3c(s2)CN(c2ccncn2)CC3)c1,True,DNDQVXMSSKYUTJ-FQEVSTJZSA-N,GKA_0272,2.0,False,
GKA_0273,gka_candidate,CHEMBL574351,,O=C(Nc1nc2cccnc2s1)c1ccccc1,True,YBHRSXBMLOWBLL-UHFFFAOYSA-N,GKA_0273,3.0,False,
GKA_0274,gka_candidate,CHEMBL2206777,,Cc1ccc(NC(=O)CSc2ncnc3c2cnn3-c2ccccc2Cl)nc1,True,KUUBJJKFLBLXLY-UHFFFAOYSA-N,GKA_0274,4.0,False,
GKA_0275,gka_candidate,CHEMBL4093697,,O=C(Nc1ncc(Cl)s1)[C@H](CC1CCOCC1)n1ncc2cc(S(=O)(=O)C3CC3)ccc21,True,ONNFBMFRNCTCOG-SFHVURJKSA-N,GKA_0275,5.0,False,
GKA_0276,gka_candidate,CHEMBL5285032,,O=C(O)Cc1nc(NC(=O)C(Oc2ccc(F)cc2F)c2ccc(S(=O)(=O)N3CCCCC3)cc2)sc1Cl,True,UBIMHAVFPIUOAR-UHFFFAOYSA-N,GKA_0276,6.0,False,
GKA_0277,gka_candidate,CHEMBL1783727,,Cc1ccc(NC(=O)[C@H](CC(C)C)n2ccc(S(=O)(=O)C(C)C)cc2=O)nc1,True,OLGWAOITYSCNSL-KRWDZBQOSA-N,GKA_0277,7.0,False,
GKA_0278,gka_candidate,CHEMBL2204651,,Cc1cnc(NC(=O)c2cc(Oc3ccc(S(=O)(=O)C4CC4)cc3)c3cn(C)nc3c2)cn1,True,QGKMGOARLIHMTI-UHFFFAOYSA-N,GKA_0278,8.0,False,
GKA_0279,gka_candidate,CHEMBL3338069,,CCc1ncccc1Oc1cc(Sc2ccccn2)cnc1NC(=O)NCc1ccc(O)cc1,True,YWEGCCSCIIUVEE-UHFFFAOYSA-N,GKA_0279,9.0,False,
GKA_0280,gka_candidate,CHEMBL523602,,Cc1csc(NC(=O)c2cc(Sc3ccccn3)ccc2N)n1,True,XGWOVHWNRPREDT-UHFFFAOYSA-N,GKA_0280,10.0,False,
GKA_0281,gka_candidate,CHEMBL373339,,CC(C)Oc1cc(OCCc2ccsc2)cc(C(=O)Nc2ccc(C(=O)O)cn2)c1,True,PTEMBHHJYAKKNK-UHFFFAOYSA-N,GKA_0281,11.0,False,
GKA_0282,gka_candidate,CHEMBL505096,,Cn1cnnc1Sc1ccc(N)c(C(=O)Nc2ccccn2)c1,True,TYXKKHYHRXJCGS-UHFFFAOYSA-N,GKA_0282,12.0,False,
GKA_0283,gka_candidate,CHEMBL5086686,,CCOP(=O)(Cn1ccc(NC(=O)c2cc(Oc3ccc(S(C)(=O)=O)nn3)cc(OC(C)C)c2)n1)OCC,True,RQDJEVWUDVGMBQ-UHFFFAOYSA-N,GKA_0283,13.0,False,
GKA_0284,gka_candidate,CHEMBL3916212,,CS(=O)(=O)c1ccc(Oc2cc3cc(-c4ccc(CCC(=O)O)cn4)[nH]c3nc2CN2CCCC2=O)cn1,True,LXDIYUQRDSIZEO-UHFFFAOYSA-N,GKA_0284,14.0,False,
GKA_0285,gka_candidate,CHEMBL4210704,,CC(C)(C)OC(=O)N1CCc2nc(NC(=O)c3cc(Oc4ccc(S(C)(=O)=O)cc4)cc(OC4CCCCC4)c3)sc2C1,True,LXYLINODUSBPJE-UHFFFAOYSA-N,GKA_0285,15.0,False,
GKA_0286,gka_candidate,CHEMBL516458,,CS(=O)(=O)c1ccc(/C(=C\c2cccs2)C(=O)Nc2nccs2)cc1,True,ZCRHVAOVNFNLDX-RVDMUPIBSA-N,GKA_0286,16.0,False,
GKA_0287,gka_candidate,CHEMBL381434,,CC(C)COc1cc(OC(C)C)cc(C(=O)Nc2ccc(C(=O)O)cn2)c1,True,RTMFZNZPHCZAFG-UHFFFAOYSA-N,GKA_0287,1.0,False,
GKA_0288,gka_candidate,CHEMBL3951043,,O=C(O)c1cc(Oc2cnc(NC(=O)C(OC3CCOCC3)c3ccc(S(=O)(=O)C4CC4)cc3)s2)ccn1,True,CPUDNQNBTYLALB-UHFFFAOYSA-N,GKA_0288,2.0,False,
GKA_0289,gka_candidate,CHEMBL1783755,,O=C(Nc1cnccn1)[C@H](CC1CCCC1)n1ccc(S(=O)(=O)C2CCC2)cc1=O,True,UHDZSSMOLOUCNL-SFHVURJKSA-N,GKA_0289,3.0,False,
GKA_0290,gka_candidate,CHEMBL573520,,COc1ccc2nc(NC(=O)C(CC3CCCC3)c3ccc(S(=O)(=O)Nc4ccccc4)cc3)sc2n1,True,JBPRBDOCDYFVCJ-UHFFFAOYSA-N,GKA_0290,4.0,False,
GKA_0291,gka_candidate,CHEMBL2204647,,Cc1cnc(NC(=O)c2cc(Oc3cnc(C(=O)N(C)C)cn3)c3cc(C)nn3c2)cn1,True,LRTRWENAVMGWOI-UHFFFAOYSA-N,GKA_0291,5.0,False,
GKA_0292,gka_candidate,CHEMBL2206780,,CCCCC(Sc1ncnc2c1cnn2-c1ccccc1Cl)C(=O)Nc1nc(C)cs1,True,XWBDBQOIAAFJDG-UHFFFAOYSA-N,GKA_0292,6.0,False,
GKA_0293,gka_candidate,CHEMBL2346895,,CS(=O)(=O)c1ccc2c(=O)n(C(CC3CCCCC3)C(=O)Nc3ncc(Cl)s3)c(=O)[nH]c2c1,True,KCUYNWOBILFRDZ-UHFFFAOYSA-N,GKA_0293,7.0,False,
GKA_0294,gka_candidate,CHEMBL4063218,,O=C(Nc1ncc(F)s1)[C@H](CC1CCCC1)n1cc(S(=O)(=O)C2CC2)cn1,True,YMVDUCJXAHZEJX-AWEZNQCLSA-N,GKA_0294,8.0,False,
GKA_0295,gka_candidate,CHEMBL559057,,CCS(=O)(=O)c1ccc(Oc2cc3nc(-c4ccccn4)[nH]c3cc2C2CCCN2C(C)=O)cc1,True,YKLHMCDLIZAOMC-UHFFFAOYSA-N,GKA_0295,9.0,False,
GKA_0296,gka_candidate,CHEMBL194499,,CC(C)Oc1cc(OCC2CCCC2)cc(C(=O)Nc2ccc(C(=O)O)cn2)c1,True,USRNBFWZDFSKIX-UHFFFAOYSA-N,GKA_0296,10.0,False,
GKA_0297,gka_candidate,CHEMBL3218729,,O=C(Nc1ncc(-c2cn(CC(=O)N3CCOCC3)nn2)s1)C(CC1CCOCC1)c1ccc(S(=O)(=O)C2CC2)cc1,True,OFFQHYDKVGOINK-UHFFFAOYSA-N,GKA_0297,11.0,False,
GKA_0298,gka_candidate,CHEMBL3937376,,COc1ccc2nc(NC(=O)C(OC3CCOCC3)c3ccc(S(=O)(=O)N4CCOCC4)cc3)sc2n1,True,VYZGYEZFQIKYLI-UHFFFAOYSA-N,GKA_0298,12.0,False,
GKA_0299,gka_candidate,CHEMBL575705,,Cn1cnnc1Sc1ccc2ncnc(Nc3nccs3)c2c1,True,NSAWKSYKZABCHW-UHFFFAOYSA-N,GKA_0299,13.0,False,
GKA_0300,gka_candidate,CHEMBL1783746,,Cc1ccc(NC(=O)[C@H](CC2CCC2)n2ccc(S(=O)(=O)C(C)C)cc2=O)nc1,True,VXGBSWYLBGFQHU-SFHVURJKSA-N,GKA_0300,14.0,False,
GKA_0301,gka_candidate,CHEMBL3939712,,O=C(O)Cc1nc(NC(=O)C(OC2CCOCC2)c2ccc(S(=O)(=O)N3CCCCC3)cc2)sc1Cl,True,DDJOLZFQFQSJDE-UHFFFAOYSA-N,GKA_0301,15.0,False,
GKA_0302,gka_candidate,CHEMBL1783756,,Cc1cnc(NC(=O)[C@H](CC2CCCC2)n2cc(Cl)c(S(=O)(=O)C(C)C)cc2=O)cn1,True,AFBMFXXDOHDSTI-KRWDZBQOSA-N,GKA_0302,16.0,False,
GKA_0303,gka_candidate,CHEMBL3235151,,Cc1cccnc1-c1cc(Oc2ccc(S(C)(=O)=O)cc2)cc(C(=O)Nc2nc(CN3CCN(C)CC3)cs2)c1,True,QNNFXXIUYCESNQ-UHFFFAOYSA-N,GKA_0303,1.0,False,
GKA_0304,gka_candidate,CHEMBL4646396,,CN1CCN(Cc2cnc(NC(=O)/C(=N/N3CCCC3)c3ccc(S(=O)(=O)C4CC4)cc3)s2)CC1,True,FETSDWZQMXCKMK-HPNDGRJYSA-N,GKA_0304,2.0,False,
GKA_0305,gka_candidate,CHEMBL1164323,,CS(=O)(=O)c1ccc(C(CC2CCOCC2)C(=O)Nc2nc(-c3ccccc3)cs2)cc1,True,BJJGHIOXERFROQ-UHFFFAOYSA-N,GKA_0305,3.0,False,
GKA_0306,gka_candidate,CHEMBL1783757,,CC(C)S(=O)(=O)c1ccn([C@@H](CC2CCCC2)C(=O)Nc2cc[nH]n2)c(=O)c1,True,SENHFEPIASSRFF-INIZCTEOSA-N,GKA_0306,4.0,False,
GKA_0307,gka_candidate,CHEMBL2408133,,CC(C)Oc1cc(Oc2ccc(S(C)(=O)=O)cc2)cc(-c2cccc(=O)[nH]2)c1,True,OQYYUJDLDQVJBY-UHFFFAOYSA-N,GKA_0307,5.0,False,
GKA_0308,gka_candidate,CHEMBL4643124,,CC(=O)N1CCC(c2nsc(Nc3ncc(Sc4ccccn4)cc3Oc3cnn(C)c3)n2)CC1,True,SBRGWDJNHINHFM-UHFFFAOYSA-N,GKA_0308,6.0,False,
GKA_0309,gka_candidate,CHEMBL3925207,,CS(=O)(=O)c1ccc(Oc2cc3cc(-c4ccc(CCC(=O)O)cn4)[nH]c3cc2Oc2ccccc2F)cc1,True,JQFMEOAUPURXEJ-UHFFFAOYSA-N,GKA_0309,7.0,False,
GKA_0310,gka_candidate,CHEMBL2346760,,Cc1cc(S(=O)(=O)C2CCCC2)cc(=O)n1C(CC(C)C)C(=O)Nc1nccs1,True,QTOXAGVEUWUAJL-UHFFFAOYSA-N,GKA_0310,8.0,False,
GKA_0311,gka_candidate,CHEMBL2346881,,O=C(Nc1ncc(Cl)s1)[C@H](CC1CCCCO1)N1CCN(S(=O)(=O)C2CC2)CC1=O,True,VAGYZRQXTRCDFY-PYMCNQPYSA-N,GKA_0311,9.0,False,
GKA_0312,gka_candidate,CHEMBL3218728,,CN1CCN(C(=O)Cn2cc(-c3cnc(NC(=O)C(CC4CCOCC4)c4ccc(S(=O)(=O)C5CC5)cc4)s3)nn2)CC1,True,CFTZGWZDRYJKAS-UHFFFAOYSA-N,GKA_0312,10.0,False,
GKA_0313,gka_candidate,CHEMBL4063355,,O=C(Nc1cnccn1)[C@H](CC1CCOCC1)n1ncc2c(S(=O)(=O)C3CC3)cccc21,True,GHELKQXDVLJGBS-IBGZPJMESA-N,GKA_0313,11.0,False,
GKA_0314,gka_candidate,CHEMBL4216383,,COCC(C)Oc1cc(Oc2ccc(C(=O)N3CCC3)nc2)cc(C(=O)Nc2nc3c(s2)CN(C(=O)OC(C)(C)C)CC3)c1,True,WHWUAOIUWWGYMO-UHFFFAOYSA-N,GKA_0314,12.0,False,
GKA_0315,gka_candidate,CHEMBL3338072,,CNC(=O)Nc1ncc(Sc2ccccn2)cc1Oc1c(C)n[nH]c1C,True,YEYGPCHTBLMDJF-UHFFFAOYSA-N,GKA_0315,13.0,False,
GKA_0316,gka_candidate,CHEMBL4202493,,COCC(C)Oc1cc(Oc2ccc(S(=O)(=O)N3CCC3)cc2)cc(C(=O)Nc2nc3c(s2)CN(C(=O)OC(C)(C)C)CC3)c1,True,DHHPDGYHANNVAU-UHFFFAOYSA-N,GKA_0316,14.0,False,
GKA_0317,gka_candidate,CHEMBL4212586,,COCC(C)Oc1cc(Oc2ccc(S(C)(=O)=O)cc2)cc(C(=O)Nc2nc3c(s2)CN(c2ccccn2)CC3)c1,True,WPECPNUUNMGYNL-UHFFFAOYSA-N,GKA_0317,15.0,False,
GKA_0318,gka_candidate,CHEMBL1257864,,CNC(=O)NC(=O)/C(=C/C1CCCC1)c1ccc(-n2nnnc2C)c(F)c1,True,KKSIHNCDBOMQRF-NTEUORMPSA-N,GKA_0318,16.0,False,
GKA_0319,gka_candidate,CHEMBL2204657,,Cc1cnc(NC(=O)c2cc(Oc3cnc(C(=O)N(C)C)nc3)c3cn(C)nc3c2)cn1,True,WSAQOXUHJXNXTA-UHFFFAOYSA-N,GKA_0319,1.0,False,
GKA_0320,gka_candidate,CHEMBL3968166,,O=C(Nc1ncc(F)s1)C(OC1CCOCC1)c1ccc(S(=O)(=O)N2CCOCC2)cc1,True,ZIVKNTQDGNBUFX-UHFFFAOYSA-N,GKA_0320,2.0,False,
GKA_0321,gka_candidate,CHEMBL551445,,Cc1csc(NC(=O)c2cc(Sc3nncn3C)ccc2Sc2ccc(F)cc2)n1,True,WZYQJHUWLLZEDH-UHFFFAOYSA-N,GKA_0321,3.0,False,
GKA_0322,gka_candidate,CHEMBL2204646,,Cc1cnc(NC(=O)c2cc(Oc3cnc(C(=O)N(C)C)cn3)c3cn(C)nc3c2)cn1,True,CXVAKQOAJSWZLY-UHFFFAOYSA-N,GKA_0322,4.0,False,
GKA_0323,gka_candidate,CHEMBL2346764,,CC(C)S(=O)(=O)N1CCN([C@@H](CC2CCCCC2)C(=O)Nc2nccs2)C(=O)C1,True,VTENDFKKAQZWNF-INIZCTEOSA-N,GKA_0323,5.0,False,
GKA_0324,gka_candidate,CHEMBL4082347,,O=C(Nc1ncc(Cl)s1)[C@H](CC1CCOCC1)n1cc(S(=O)(=O)C2CCCC2)cn1,True,BQSWORVDGGEXBI-INIZCTEOSA-N,GKA_0324,6.0,False,
GKA_0325,gka_candidate,CHEMBL3918883,,CCS(=O)(=O)c1ccc(Oc2cc3cc(-c4ccc(CCC(=O)OC)cn4)[nH]c3cc2C2CCC(=O)N2C)cc1,True,JZXCTHUPWKAKBH-UHFFFAOYSA-N,GKA_0325,7.0,False,
GKA_0326,gka_candidate,CHEMBL3969091,,COC(=O)CCc1ccc(Oc2cc3cc(-c4ccccn4)[nH]c3cc2C2CCC(=O)N2C)cc1,True,JISSSUZJBZNTDE-UHFFFAOYSA-N,GKA_0326,8.0,False,
GKA_0327,gka_candidate,CHEMBL4104680,,COC(=O)c1ccc(-c2cc3cc(Oc4ccc(S(C)(=O)=O)nc4)c(C4CCC(=O)N4C)cc3[nH]2)nc1,True,WFBRJBQNYOSYST-UHFFFAOYSA-N,GKA_0327,9.0,False,
GKA_0328,gka_candidate,CHEMBL4067037,,CCOC(=O)c1ccc(Oc2cc3cc(-c4ccc(C(F)(F)F)cn4)[nH]c3cc2C2CCC(=O)N2C)cc1,True,KREWZPNDWZMRLX-UHFFFAOYSA-N,GKA_0328,10.0,False,
GKA_0329,gka_candidate,CHEMBL4068048,,CN1C(=O)CCC1c1cc2[nH]c(-c3ccc(C(C)(C)O)cn3)cc2cc1Oc1ccc(S(C)(=O)=O)nc1,True,HSCYTJFBHDPMPT-UHFFFAOYSA-N,GKA_0329,11.0,False,
GKA_0330,gka_candidate,CHEMBL3235155,,COCC(C)NCc1csc(NC(=O)c2cc(Oc3ccc(S(C)(=O)=O)cc3)cc(-c3ncccc3C)c2)n1,True,GXPZFRYBPOFRID-UHFFFAOYSA-N,GKA_0330,12.0,False,
GKA_0331,gka_candidate,CHEMBL4065127,,O=C(O)Cc1nc(NC(=O)c2nc(Sc3ccccn3)ccc2Sc2ccc(F)cc2)sc1Cl,True,KOPZKACIIKMKDI-UHFFFAOYSA-N,GKA_0331,13.0,False,
GKA_0332,gka_candidate,CHEMBL3901777,,COC(=O)CCc1ccc(-c2cc3cc(Oc4ccc(S(C)(=O)=O)cc4)c(C4CCC(=O)N4C)cc3[nH]2)nc1,True,NUADJXKTKFXCAI-UHFFFAOYSA-N,GKA_0332,14.0,False,
GKA_0333,gka_candidate,CHEMBL1257976,,CS(=O)(=O)c1ccc(/C(=C\C2CCCCC2)C(=O)Nc2nccs2)cc1C(F)(F)F,True,YSLZNYGGLOZLPM-RVDMUPIBSA-N,GKA_0333,15.0,False,
GKA_0334,gka_candidate,CHEMBL1258322,,CS(=O)(=O)c1ccc(/C(=C\C2CCCCCC2)C(=O)Nc2ncc(Br)s2)cc1C(F)(F)F,True,XOWGQNFXTWHUGV-XNTDXEJSSA-N,GKA_0334,16.0,False,
GKA_0335,gka_candidate,CHEMBL1257270,,CS(=O)(=O)c1ccc(/C(=C\C2CCCC2)C(=O)Nc2ncc(Cl)s2)cc1,True,GAHXSOLFWSJFQA-XNTDXEJSSA-N,GKA_0335,1.0,False,
GKA_0336,gka_candidate,CHEMBL1258093,,CS(=O)(=O)c1ccc(/C(=C\C2CCCCC2)C(=O)Nc2nccs2)cc1[N+](=O)[O-],True,FICFIIMMJODLNW-RVDMUPIBSA-N,GKA_0336,2.0,False,
GKA_0337,gka_candidate,CHEMBL4084078,,COc1ccc(Sc2ccc(Sc3ccccn3)nc2C(=O)Nc2ncc(SCC(=O)O)s2)cc1,True,BSSIABHJAVFXLM-UHFFFAOYSA-N,GKA_0337,3.0,False,
GKA_0338,gka_candidate,CHEMBL4094511,,CN1C(=O)CCC1c1cc2[nH]c(-c3ccc(C(F)(F)F)cn3)cc2cc1Oc1ccc(C(=O)O)cc1,True,WHOGBCDXUIDCPY-UHFFFAOYSA-N,GKA_0338,4.0,False,
GKA_0339,gka_candidate,CHEMBL3896295,,COC(=O)CCc1ccc(Oc2cc3cc(-c4ccc(C(F)(F)F)cn4)[nH]c3cc2C2CCC(=O)N2C)cc1,True,QZUDNIFAIJCFRT-UHFFFAOYSA-N,GKA_0339,5.0,False,
GKA_0340,gka_candidate,CHEMBL3908999,,CN1C(=O)CCC1c1cc2[nH]c(-c3ccccn3)cc2cc1Oc1ccc(CCC(=O)O)cc1,True,VJEURJGBLQRRLX-UHFFFAOYSA-N,GKA_0340,6.0,False,
GKA_0341,gka_candidate,CHEMBL1257152,,CS(=O)(=O)c1ccc(/C(=C\C2CCCCCC2)C(=O)Nc2nccs2)cc1,True,BVPVGKONEFCGEO-NBVRZTHBSA-N,GKA_0341,7.0,False,
GKA_0342,gka_candidate,CHEMBL3577719,,COC[C@H](C)Oc1cc(C#Cc2ccccc2OC)cc(C(=O)Nc2ccn(C)n2)c1,True,BODWNPGALYAYSL-KRWDZBQOSA-N,GKA_0342,8.0,False,
GKA_0343,gka_candidate,CHEMBL3979297,,COC(=O)Cc1ccc(Oc2cc3cc(-c4ccccn4)[nH]c3cc2C2CCC(=O)N2C)cc1,True,QKCSVBTZZNFVST-UHFFFAOYSA-N,GKA_0343,9.0,False,
GKA_0344,gka_candidate,CHEMBL4646748,,CN(C)C(=O)N1CCC(c2nsc(Nc3ncc(Sc4ccccn4)cc3Oc3ccccc3)n2)CC1,True,NUCTUDYYCJZXFC-UHFFFAOYSA-N,GKA_0344,10.0,False,
GKA_0345,gka_candidate,CHEMBL4635545,,O=C(O)CCc1csc(Nc2ncc(Sc3ccncc3)cc2Oc2ccccc2)n1,True,CUZSJRPWTGMVSV-UHFFFAOYSA-N,GKA_0345,11.0,False,
GKA_0346,gka_candidate,CHEMBL3933975,,CCOP(=O)(Cc1cnc(-c2cc3cc(Oc4ccc(S(C)(=O)=O)nc4)c(C4CCC(=O)N4C)cc3[nH]2)s1)OCC,True,ZEUHQIQPPULALU-UHFFFAOYSA-N,GKA_0346,12.0,False,
GKA_0347,gka_candidate,CHEMBL3907860,,CN1C(=O)CCC1c1cc2[nH]c(-c3ccccn3)cc2cc1Oc1ccc(CC(=O)O)cc1,True,KPCXHHRZCBNNKY-UHFFFAOYSA-N,GKA_0347,13.0,False,
GKA_0348,gka_candidate,CHEMBL5084870,,CCOP(=O)(Cn1ccc(NC(=O)c2cc(Oc3ccc(S(C)(=O)=O)nc3)cc(OC(C)C)c2)n1)OCC,True,WKJQPIXPCLPWGD-UHFFFAOYSA-N,GKA_0348,14.0,False,
GKA_0349,gka_candidate,CHEMBL3577723,,COC[C@H](C)Oc1cc(C#Cc2cccc(N)c2)cc(C(=O)Nc2ccn(C)n2)c1,True,JJZHLHHSBFBDFN-INIZCTEOSA-N,GKA_0349,15.0,False,
GKA_0350,gka_candidate,CHEMBL1258888,,CS(=O)(=O)c1ccc(/C(=C\C2CCCCC2)C(=O)Nc2nccs2)cc1,True,SANUEZHQGWAUCN-GHRIWEEISA-N,GKA_0350,16.0,False,
GKA_0351,gka_candidate,CHEMBL4642717,,CC(C)C(=O)N1CCC(c2nsc(Nc3ncc(Sc4ccccn4)cc3Oc3ccccc3)n2)CC1,True,IRQKJDXIOXGKIR-UHFFFAOYSA-N,GKA_0351,1.0,False,
GKA_0352,gka_candidate,CHEMBL1778362,,COC[C@H](C)Oc1cc(OCC(F)(F)c2ccccc2)cc(C(=O)Nc2ccc(C(=O)O)cn2)c1,True,PPIYZEGVMJHCLQ-INIZCTEOSA-N,GKA_0352,2.0,False,
GKA_0353,gka_candidate,CHEMBL4083339,,CN1C(=O)CCC1c1cc2[nH]c(-c3ccc(C(F)(F)F)cn3)cc2cc1Oc1ccc(S(C)(=O)=O)nc1,True,FHILTRSLURDEKR-UHFFFAOYSA-N,GKA_0353,3.0,False,
GKA_0354,gka_candidate,CHEMBL4635059,,Cc1csc(Nc2ncc(Sc3ccncc3)cc2Oc2ccccc2)n1,True,ZWPCANBALVUYJI-UHFFFAOYSA-N,GKA_0354,4.0,False,
GKA_0355,gka_candidate,CHEMBL5092846,,CCOP(=O)(Cn1ccc(NC(=O)c2cc(Oc3ccc(S(=O)(=O)C(C)C)cc3)cc(OC(C)C)c2)n1)OCC,True,MIJAEWNPMXUIDG-UHFFFAOYSA-N,GKA_0355,5.0,False,
GKA_0356,gka_candidate,CHEMBL1257622,,CS(=O)(=O)c1ccc(/C(=C\C2CCCC2)C(=O)Nc2nccs2)cc1Br,True,RRNQUGCUBMNGCT-GXDHUFHOSA-N,GKA_0356,6.0,False,
GKA_0357,gka_candidate,CHEMBL3235156,,COC(CNCc1csc(NC(=O)c2cc(Oc3ccc(S(C)(=O)=O)cc3)cc(-c3ncccc3C)c2)n1)OC,True,QEHMFFGQNSDFFI-UHFFFAOYSA-N,GKA_0357,7.0,False,
GKA_0358,gka_candidate,CHEMBL3577722,,COC[C@H](C)Oc1cc(C#Cc2ccc(N)cc2)cc(C(=O)Nc2ccn(C)n2)c1,True,CBHDZTDYNFYFNN-INIZCTEOSA-N,GKA_0358,8.0,False,
GKA_0359,gka_candidate,CHEMBL4643638,,O=C(CO)N1CCC(c2nsc(Nc3ncc(Sc4ccccn4)cc3Oc3ccccc3)n2)CC1,True,JCSZXBIMTCZGOX-UHFFFAOYSA-N,GKA_0359,9.0,False,
GKA_0360,gka_candidate,CHEMBL205627,,COC[C@H](C)Oc1cc(O[C@@H](C)Cc2ccccc2)cc(C(=O)Nc2ccc(C(=O)O)cn2)c1,True,OCBMECSFDVUYQN-ROUUACIJSA-N,GKA_0360,10.0,False,
GKA_0361,gka_candidate,CHEMBL3577725,,COC[C@H](C)Oc1cc(C#Cc2cccc(N(C)C)c2)cc(C(=O)Nc2ccn(C)n2)c1,True,YKFDRMAPCBSONZ-SFHVURJKSA-N,GKA_0361,11.0,False,
GKA_0362,gka_candidate,CHEMBL4635073,,C[C@H](O)C(=O)N1CCC(c2nsc(Nc3ncc(Sc4ccccn4)cc3Oc3ccccc3)n2)CC1,True,OGTIVLDRXVBTPJ-KRWDZBQOSA-N,GKA_0362,12.0,False,
GKA_0363,gka_candidate,CHEMBL3577724,,COC[C@H](C)Oc1cc(C#Cc2cccc(O)c2)cc(C(=O)Nc2ccn(C)n2)c1,True,PJTAOMSSUKRPQE-INIZCTEOSA-N,GKA_0363,13.0,False,
GKA_0364,gka_candidate,CHEMBL3577731,,COCCNc1cccc(C#Cc2cc(O[C@@H](C)COC)cc(C(=O)Nc3ccn(C)n3)c2)c1,True,CWHZDWWBUMWOKH-IBGZPJMESA-N,GKA_0364,14.0,False,
GKA_0365,gka_candidate,CHEMBL3965916,,CN1C(=O)CCC1c1cc2[nH]c(-c3cnccn3)cc2cc1Oc1ccc(CCC(=O)O)cc1,True,JFTRCCDTVNJVPP-UHFFFAOYSA-N,GKA_0365,15.0,False,
GKA_0366,gka_candidate,CHEMBL1778354,,COC[C@H](C)Oc1cc(O[C@@H](C)Cc2ccc(F)cc2)cc(C(=O)Nc2ccc(C(=O)O)cn2)c1,True,YCMZIWKNBMLCBK-IRXDYDNUSA-N,GKA_0366,16.0,False,
GKA_0367,gka_candidate,CHEMBL3217924,,C[C@@H](CO)Oc1cc(Oc2ccc(C(=O)N(C)C)cc2)cc(C(=O)Nc2ccn(C)n2)c1,True,XOAHBZSSFWLDFT-HNNXBMFYSA-N,GKA_0367,1.0,False,
GKA_0368,gka_candidate,CHEMBL4083428,,O=C(Nc1ncc(F)s1)[C@H](CC1CCOCC1)n1ncc2c(S(=O)(=O)C3CC3)cccc21,True,VFUKAAVEACENGY-KRWDZBQOSA-N,GKA_0368,2.0,False,
GKA_0369,gka_candidate,CHEMBL558885,,O=C(Nc1nccs1)c1nc(Sc2nnc[nH]2)ccc1Sc1cccc(F)c1,True,ZGBJNPCZVCWAHZ-UHFFFAOYSA-N,GKA_0369,3.0,False,
GKA_0370,gka_candidate,CHEMBL3970863,,CN1C(=O)CCC1c1cc2[nH]c(-c3ccc(C(F)(F)F)cn3)cc2cc1Oc1ccc(CCC(=O)O)cc1,True,WPGQTUWWDVWSBZ-UHFFFAOYSA-N,GKA_0370,4.0,False,
GKA_0371,gka_candidate,CHEMBL572590,,CCN(CC)S(=O)(=O)c1ccc(C(CC2CCCC2)C(=O)Nc2nc3ccc(OC)nc3s2)cc1,True,SLAIZTDQGUFKDC-UHFFFAOYSA-N,GKA_0371,5.0,False,
GKA_0372,gka_candidate,CHEMBL1257621,,CS(=O)(=O)c1ccc(/C(=C\C2CCCC2)C(=O)Nc2nccs2)cc1Cl,True,LQQZQDWVRVMLMR-GXDHUFHOSA-N,GKA_0372,6.0,False,
GKA_0373,gka_candidate,CHEMBL3577734,,COC[C@H](C)Oc1cc(C#Cc2cccc(OCC#N)c2)cc(C(=O)Nc2ccn(C)n2)c1,True,PMROETUNRLSDTN-SFHVURJKSA-N,GKA_0373,7.0,False,
GKA_0374,gka_candidate,CHEMBL2022799,,CC(C)=CCOc1cc(Oc2ccc(S(=O)(=O)C3CC3)cc2)cc(C(=O)Nc2ncc(F)s2)c1,True,AIMSCTYIXVWYHH-UHFFFAOYSA-N,GKA_0374,8.0,False,
GKA_0375,gka_candidate,CHEMBL3983869,,CN1C(=O)CCC1c1cc2[nH]c(-c3nc(CC(=O)O)c(Cl)s3)cc2cc1Oc1ccc(S(C)(=O)=O)cc1,True,MEGWWHSKCPGNAB-UHFFFAOYSA-N,GKA_0375,9.0,False,
GKA_0376,gka_candidate,CHEMBL5093978,,CCOP(=O)(Cn1ccc(NC(=O)c2cc(Oc3ccc(S(C)(=O)=O)cc3)cc(OC(C)C)c2)n1)OCC,True,QWZJRXIVGFARPX-UHFFFAOYSA-N,GKA_0376,10.0,False,
GKA_0377,gka_candidate,CHEMBL1257391,,Cc1cnc(NC(=O)/C(=C/C2CCCC2)c2ccc(S(C)(=O)=O)cc2)s1,True,BKPACVDMVCTNRZ-GZTJUZNOSA-N,GKA_0377,11.0,False,
GKA_0378,gka_candidate,CHEMBL3982875,,CN1C(=O)CCC1c1cc2[nH]c(-c3nc(CC(=O)O)c(Cl)s3)cc2cc1Oc1ccc(S(C)(=O)=O)nc1,True,AWFVQPALBXMUDB-UHFFFAOYSA-N,GKA_0378,12.0,False,
GKA_0379,gka_candidate,CHEMBL4091838,,COc1ccc(Sc2ccc(Sc3ccccn3)nc2C(=O)Nc2nc(CC(=O)O)cs2)cc1,True,XWVLMYWQBFKPTP-UHFFFAOYSA-N,GKA_0379,13.0,False,
GKA_0380,gka_candidate,CHEMBL1778356,,COC[C@H](C)Oc1cc(O[C@@H](C)Cc2cc(F)cc(F)c2)cc(C(=O)Nc2ccc(C(=O)O)cn2)c1,True,HWRHBCYTRFVQSX-HOTGVXAUSA-N,GKA_0380,14.0,False,
GKA_0381,gka_candidate,CHEMBL3217758,,COC[C@H](C)Oc1cc(Oc2ccc(C(=O)N(C)C)cc2)cc(C(=O)Nc2cc[nH]n2)c1,True,KVGFQVIQIPUWBE-HNNXBMFYSA-N,GKA_0381,15.0,False,
GKA_0382,gka_candidate,CHEMBL3221529,,O=C(Nc1ccc(F)cn1)[C@H](CN1CC(O)C1)Oc1ncnc2c1cnn2-c1c(F)cccc1Cl,True,BMGADORKBYLQMZ-KRWDZBQOSA-N,GKA_0382,16.0,False,
GKA_0383,gka_candidate,CHEMBL4062363,,COc1ccc(Sc2ccc(Sc3nncn3C)nc2C(=O)Nc2ncc(SCC(=O)O)s2)cc1,True,MJHNYEFAOUYNSZ-UHFFFAOYSA-N,GKA_0383,1.0,False,
GKA_0384,gka_candidate,CHEMBL575087,,Cn1ccc(Nc2ncnc3ccc(Oc4c(F)cccc4F)cc23)n1,True,IASPBPPPOAHMMS-UHFFFAOYSA-N,GKA_0384,2.0,False,
GKA_0385,gka_candidate,CHEMBL1257269,,CS(=O)(=O)c1ccc(/C(=C\CC2CCCC2)C(=O)Nc2nccs2)cc1,True,COSUEEHOZUFBOZ-GZTJUZNOSA-N,GKA_0385,3.0,False,
GKA_0386,gka_candidate,CHEMBL2022801,,CC(C)=CCOc1cc(Oc2ccc(S(=O)(=O)N3CCOCC3)cc2)cc(C(=O)Nc2ncc(F)s2)c1,True,PIBYTEJAZPZECT-UHFFFAOYSA-N,GKA_0386,4.0,False,
GKA_0387,gka_candidate,CHEMBL2023053,,CC(C)=CCOc1cc(Oc2ccc(S(=O)(=O)N3CC[C@H](F)C3)cc2)cc(C(=O)Nc2nccs2)c1,True,KIBCHNCQTPWSGC-IBGZPJMESA-N,GKA_0387,5.0,False,
GKA_0388,gka_candidate,CHEMBL3577733,,COC[C@H](C)Oc1cc(C#Cc2cccc(OC(C)C)c2)cc(C(=O)Nc2ccn(C)n2)c1,True,DNVSMCGZRALRRL-IBGZPJMESA-N,GKA_0388,6.0,False,
GKA_0389,gka_candidate,CHEMBL5072532,,CCOP(=O)(Cn1ccc(NC(=O)c2cc(Oc3cnc(C(=O)N4CCC4)cn3)cc(OC(C)C)c2)n1)OCC,True,OYUDYQMFVRHPIY-UHFFFAOYSA-N,GKA_0389,7.0,False,
GKA_0390,gka_candidate,CHEMBL575726,,COc1ccc2nc(NC(=O)[C@H](CC3CCCC3)c3ccc(S(=O)(=O)N4CCN(C)CC4)cc3)sc2n1,True,GMGMDWSPSKXMJH-OAQYLSRUSA-N,GKA_0390,8.0,False,
GKA_0391,gka_candidate,CHEMBL3890812,,CCS(=O)(=O)c1ccc(Oc2cc3cc(-c4ccc(CCC(=O)O)cn4)[nH]c3cc2C2CCC(=O)N2C)cc1,True,ARTGXTATTOYSMA-UHFFFAOYSA-N,GKA_0391,9.0,False,
GKA_0392,gka_candidate,CHEMBL3972850,,CCS(=O)(=O)c1ccc(Oc2cc3cc(-c4ccc(P(C)(=O)O)cn4)[nH]c3cc2C2CCC(=O)N2C)cc1,True,LYROTOTZJDQGBL-UHFFFAOYSA-N,GKA_0392,10.0,False,
GKA_0393,gka_candidate,CHEMBL4643142,,CC(C)c1csc(Nc2ncc(Sc3ccncc3)cc2Oc2ccccc2)n1,True,CPUQJZUHAKVNGU-UHFFFAOYSA-N,GKA_0393,11.0,False,
GKA_0394,gka_candidate,CHEMBL551558,,O=C(Nc1nccs1)c1nc(Sc2nnc[nH]2)ccc1Sc1ccccc1F,True,GYLICSQTNIJEAV-UHFFFAOYSA-N,GKA_0394,12.0,False,
GKA_0395,gka_candidate,CHEMBL4469570,,CNC(=O)Nc1cc(Oc2cncc(OC)c2)c(-c2ccc(OCCO)nc2)cn1,True,YALDEOHOWDMWAG-UHFFFAOYSA-N,GKA_0395,13.0,False,
GKA_0396,gka_candidate,CHEMBL1258887,,CS(=O)(=O)c1ccc(/C(=C\C2CCCC2)C(=O)Nc2nccs2)cc1,True,BCHXPOUTSCJBCH-FOWTUZBSSA-N,GKA_0396,14.0,False,
GKA_0397,gka_candidate,CHEMBL1778367,,COC[C@H](C)Oc1cc(Oc2ccc(OC)cc2)cc(C(=O)Nc2ccc(C(=O)O)cn2)c1,True,ZMYYUFQYPUGZNJ-HNNXBMFYSA-N,GKA_0397,15.0,False,
GKA_0398,gka_candidate,CHEMBL1778372,,COC[C@H](C)Oc1cc(Oc2ccc(S(C)(=O)=O)cc2)cc(C(=O)Nc2ccc(C(=O)O)cn2)c1,True,RRKOUBJQZMTEAU-HNNXBMFYSA-N,GKA_0398,16.0,False,
GKA_0399,gka_candidate,CHEMBL4581836,,CNC(=O)Nc1cc(Oc2cncc(C)c2)c(-c2ccc(OC[C@@H](C)O)nc2)cn1,True,IUJYIMVTOYKANW-CQSZACIVSA-N,GKA_0399,1.0,False,
GKA_0400,gka_candidate,CHEMBL4573996,,CCc1cncc(Oc2cc(NC(=O)NC)ncc2-c2ccc(OCCO)nc2)c1,True,ZCFUCHBFJQCYAV-UHFFFAOYSA-N,GKA_0400,2.0,False,
GKA_0401,gka_candidate,CHEMBL499520,,O=C(Nc1ncc(F)s1)[C@H](CC1CCOCC1)c1ccc(S(=O)(=O)C2CC2)cc1,True,DBMFNEZMJWKKPU-QGZVFWFLSA-N,GKA_0401,3.0,False,
GKA_0402,gka_candidate,CHEMBL574131,,COCCNS(=O)(=O)c1ccc(C(CC2CCCC2)C(=O)Nc2nc3ccc(OC)nc3s2)cc1,True,PMCDFNOKUMRKOJ-UHFFFAOYSA-N,GKA_0402,4.0,False,
GKA_0403,gka_candidate,CHEMBL2022802,,CC(C)=CCOc1cc(Oc2ccc(S(=O)(=O)N3C[C@@H](C)O[C@@H](C)C3)cc2)cc(C(=O)Nc2nccs2)c1,True,SXULOFMDIKNXLM-BGYRXZFFSA-N,GKA_0403,5.0,False,
GKA_0404,gka_candidate,CHEMBL2206791,,COCC[C@H](Oc1ncnc2c1cnn2-c1ccccc1C(F)(F)F)C(=O)Nc1ccc(C)cn1,True,AMHDUOXZVAFCJB-SFHVURJKSA-N,GKA_0404,6.0,False,
GKA_0405,gka_candidate,CHEMBL3221517,,O=C(Nc1ccc(Cl)cn1)[C@H](CN1CC(O)C1)Oc1ncnc2c1cnn2-c1ccccc1Cl,True,BGHITEUBRBJBOP-SFHVURJKSA-N,GKA_0405,7.0,False,
GKA_0406,gka_candidate,CHEMBL4446305,,CNC(=O)Nc1cc(Oc2cncc(C)c2)c(-c2ccc(OCCO)nc2)cn1,True,YJSJVQSLHPYCCH-UHFFFAOYSA-N,GKA_0406,8.0,False,
GKA_0407,gka_candidate,CHEMBL561652,,C[C@@H](CO)Oc1cc(Oc2ccc(S(C)(=O)=O)cc2)cc(C(=O)Nc2nccs2)c1,True,WXZJALPRVRLDDJ-ZDUSSCGKSA-N,GKA_0407,9.0,False,
GKA_0408,gka_candidate,CHEMBL3894527,,CN1C(=O)CCC1c1cc2[nH]c(-c3ccc(C(F)(F)F)cn3)cc2cc1Oc1ccc(CC(=O)O)cc1,True,KHAOKYIHKOXNLF-UHFFFAOYSA-N,GKA_0408,10.0,False,
GKA_0409,gka_candidate,CHEMBL3955232,,COC(=O)Cc1csc(-c2cc3cc(Oc4ccc(S(C)(=O)=O)cc4)c(C4CCC(=O)N4C)cc3[nH]2)n1,True,SVXHHNPIUWQGRF-UHFFFAOYSA-N,GKA_0409,11.0,False,
GKA_0410,gka_candidate,CHEMBL5091943,,CCOP(=O)(Cc1csc(NC(=O)c2cc(Oc3ccc(S(C)(=O)=O)cc3)cc(O[C@@H](C)COC)c2)n1)OCC,True,OQUMCVQSAWPKMT-SFHVURJKSA-N,GKA_0410,12.0,False,
GKA_0411,gka_candidate,CHEMBL2023050,,CC(C)=CCOc1cc(Oc2ccc(S(=O)(=O)N3C[C@@H](C)O[C@@H](C)C3)cc2)cc(C(=O)Nc2ncc(F)s2)c1,True,DXNXJXNGSQGOER-KDURUIRLSA-N,GKA_0411,13.0,False,
GKA_0412,gka_candidate,CHEMBL3905981,,CN1C(=O)CCC1c1cc2[nH]c(-c3ncc(CCC(=O)O)s3)cc2cc1Oc1ccc(S(C)(=O)=O)cc1,True,FNCFDZBTDVDWNH-UHFFFAOYSA-N,GKA_0412,14.0,False,
GKA_0413,gka_candidate,CHEMBL1778355,,COC[C@H](C)Oc1cc(O[C@@H](C)Cc2ccccc2OC)cc(C(=O)Nc2ccc(C(=O)O)cn2)c1,True,DODZTVCFOJPFBJ-ROUUACIJSA-N,GKA_0413,15.0,False,
GKA_0414,gka_candidate,CHEMBL1778361,,COC[C@H](C)Oc1cc(OC[C@H](C)c2ccccc2)cc(C(=O)Nc2ccc(C(=O)O)cn2)c1,True,LLYXTCIGDZEJAK-ROUUACIJSA-N,GKA_0414,16.0,False,
GKA_0415,gka_candidate,CHEMBL3217921,,COC[C@H](C)Oc1cc(Oc2cc(F)cc(F)c2)cc(C(=O)Nc2nccs2)c1,True,PTAGXTKZJWWADL-LBPRGKRZSA-N,GKA_0415,1.0,False,
GKA_0416,gka_candidate,CHEMBL3911909,,CN1C(=O)CCC1c1cc2[nH]c(-c3ncc(CCC(=O)O)s3)cc2cc1Oc1ccc(S(C)(=O)=O)nc1,True,WWSAOOIZYXPBPR-UHFFFAOYSA-N,GKA_0416,2.0,False,
GKA_0417,gka_candidate,CHEMBL4070998,,COc1ccc(Sc2ccc(Sc3ccccn3)nc2C(=O)Nc2ncc(CCC(=O)O)s2)cc1,True,SZYQPCWDTBUONO-UHFFFAOYSA-N,GKA_0417,3.0,False,
GKA_0418,gka_candidate,CHEMBL4636593,,C[C@@H](O)C(=O)N1CCC(c2nsc(Nc3ncc(Sc4ccccn4)cc3Oc3ccccc3)n2)CC1,True,OGTIVLDRXVBTPJ-QGZVFWFLSA-N,GKA_0418,4.0,False,
GKA_0419,gka_candidate,CHEMBL575088,,CS(=O)(=O)c1cccc(F)c1Oc1ccc2ncnc(Nc3cc[nH]n3)c2c1,True,RXGYMTMITMREME-UHFFFAOYSA-N,GKA_0419,5.0,False,
GKA_0420,gka_candidate,CHEMBL3971117,,COCc1ccc(Oc2cc3cc(-c4ccc(CCC(=O)O)cn4)[nH]c3cc2C2CCC(=O)N2C)cn1,True,WYYQNYCKTMDCDD-UHFFFAOYSA-N,GKA_0420,6.0,False,
GKA_0421,gka_candidate,CHEMBL577191,,COc1ccc2nc(NC(=O)C(CC3CCCC3)c3ccc(S(=O)(=O)N(C(C)C)C(C)C)cc3)sc2n1,True,FDTXHXNLSXQYKA-UHFFFAOYSA-N,GKA_0421,7.0,False,
GKA_0422,gka_candidate,CHEMBL575298,,Cn1ccc(Nc2ncnc3ccc(Oc4c(F)cccc4S(C)(=O)=O)cc23)n1,True,ISEKBEAABDINBR-UHFFFAOYSA-N,GKA_0422,8.0,False,
GKA_0423,gka_candidate,CHEMBL3966487,,CN1C(=O)CCC1c1cc2[nH]c(-c3ccc(CCC(=O)O)cn3)cc2cc1Oc1ccc(S(C)(=O)=O)cc1,True,XYJYFORPIPUOLC-UHFFFAOYSA-N,GKA_0423,9.0,False,
GKA_0424,gka_candidate,CHEMBL5071861,,CCOP(=O)(Cn1ccc(NC(=O)c2cc(Oc3ccc(S(C)(=O)=O)cc3)cc(O[C@@H](C)COC)c2)n1)OCC,True,JHZBGABHBYHHQJ-IBGZPJMESA-N,GKA_0424,10.0,False,
GKA_0425,gka_candidate,CHEMBL5081517,,CCOP(=O)(Cn1ccc(NC(=O)c2cc(Oc3ccc(S(C)(=O)=O)cc3)cc(OC(CF)CF)c2)n1)OCC,True,SEJMSXUVFZPJEL-UHFFFAOYSA-N,GKA_0425,11.0,False,
GKA_0426,gka_candidate,CHEMBL563986,,O=C(Nc1nccs1)c1nc(Sc2nnc[nH]2)ccc1Sc1ccc(F)cc1,True,ZUVMGEFQHYGEIF-UHFFFAOYSA-N,GKA_0426,12.0,False,
GKA_0427,gka_candidate,CHEMBL578638,,CCn1ccc(Nc2ncnc3ccc(Oc4c(F)cccc4S(C)(=O)=O)cc23)n1,True,CKHWLHPHVXMPHI-UHFFFAOYSA-N,GKA_0427,13.0,False,
GKA_0428,gka_candidate,CHEMBL3221520,,O=C(Nc1ccc(F)cn1)[C@H](CN1CC(O)C1)Oc1ncnc2c1cnn2-c1ccccc1Cl,True,QAUDYLIIXRWNOA-SFHVURJKSA-N,GKA_0428,14.0,False,
GKA_0429,gka_candidate,CHEMBL4592014,,CNC(=O)Nc1cc(Oc2cncc(C)c2)c([C@H]2C[C@@H](C(C)(C)O)C2)cn1,True,WAXBYAXGGJCVAK-OKILXGFUSA-N,GKA_0429,15.0,False,
GKA_0430,gka_candidate,CHEMBL3221528,,O=C(Nc1ccccn1)[C@H](CN1CC(O)C1)Oc1ncnc2c1cnn2-c1c(F)cccc1Cl,True,RAHYDCLHDREWBV-KRWDZBQOSA-N,GKA_0430,16.0,False,
GKA_0431,gka_candidate,CHEMBL5088988,,CCOP(=O)(Cn1ccc(NC(=O)c2cc(Oc3ccc(S(C)(=O)=O)cc3)cc(O[C@@H](C)CO)c2)n1)OCC,True,HRWWSLOOYSKNMT-SFHVURJKSA-N,GKA_0431,1.0,False,
GKA_0432,gka_candidate,CHEMBL3903467,,CN1C(=O)CCC1c1cc2[nH]c(-c3ccc(OCC(=O)O)cn3)cc2cc1Oc1ccc(S(C)(=O)=O)nc1,True,HXKGFDJNFGEIBJ-UHFFFAOYSA-N,GKA_0432,2.0,False,
GKA_0433,gka_candidate,CHEMBL4516141,,CNC(=O)Nc1cc(Oc2cncc(C)c2)c(CCCO)cn1,True,MFOQNGMSQDNKQC-UHFFFAOYSA-N,GKA_0433,3.0,False,
GKA_0434,gka_candidate,CHEMBL2023437,,CC(C)=CCOc1cc(Oc2ccc(S(=O)(=O)N3CC[C@H](F)C3)cc2)cc(C(=O)Nc2ccn(C)n2)c1,True,FCCBNXQRQJFVDM-FQEVSTJZSA-N,GKA_0434,4.0,False,
GKA_0435,gka_candidate,CHEMBL2315027,,COC[C@H](C)Oc1cc(/C=C/c2ccccc2OC)cc(C(=O)Nc2ccc(C(=O)O)cn2)c1,True,NSJMSUDOIJRJAU-IJDCCNJMSA-N,GKA_0435,5.0,False,
GKA_0436,gka_candidate,CHEMBL5083369,,CCOP(=O)(Cn1ccc(NC(=O)c2cc(Oc3ccc(S(C)(=O)=O)cc3)cc(O[C@@H](C)CF)c2)n1)OCC,True,OKNNOPOKYGFEEG-SFHVURJKSA-N,GKA_0436,6.0,False,
GKA_0437,gka_candidate,CHEMBL2021545,,CC[C@@H](COC)Oc1cc(Oc2ccc(S(=O)(=O)OC)cc2)cc(C(=O)Nc2nccs2)c1,True,FDKFFOPQLBQTMX-INIZCTEOSA-N,GKA_0437,7.0,False,
GKA_0438,gka_candidate,CHEMBL1164184,,O=C(Nc1ncc(F)s1)C(CC1CCOCC1)c1ccc(S(=O)(=O)C2CC2)cc1,True,DBMFNEZMJWKKPU-UHFFFAOYSA-N,GKA_0438,8.0,False,
GKA_0439,gka_candidate,CHEMBL1778373,,COC[C@H](C)Oc1cc(Oc2cc(F)cc(F)c2)cc(C(=O)Nc2ccc(C(=O)O)cn2)c1,True,ONHAZCJPHPIFHW-ZDUSSCGKSA-N,GKA_0439,9.0,False,
GKA_0440,gka_candidate,CHEMBL2315025,,COC[C@H](C)Oc1cc(/C=C/c2c(F)cccc2F)cc(C(=O)Nc2ccc(C(=O)O)cn2)c1,True,OICTWINHANJRFJ-VFADXPBXSA-N,GKA_0440,10.0,False,
GKA_0441,gka_candidate,CHEMBL2408129,,Cc1cnc(-c2cc(Oc3ccc(S(=O)(=O)N(C)C)cc3)cc(O[C@@H](C)CO)c2)[nH]c1=O,True,LMMPRCSJTPBGGP-HNNXBMFYSA-N,GKA_0441,11.0,False,
GKA_0442,gka_candidate,CHEMBL439344,,CC(C)Oc1cc(O[C@H](C)Cc2ccccc2)cc(C(=O)Nc2ccc(C(=O)O)cn2)c1,True,CLRXIUJLHYPICH-QGZVFWFLSA-N,GKA_0442,12.0,False,
GKA_0443,gka_candidate,CHEMBL4469251,,CNC(=O)Nc1cc(Oc2cncc(C)c2)c([C@H]2C[C@H](O)C2)cn1,True,WDQHHGIWBRALLU-HAQNSBGRSA-N,GKA_0443,13.0,False,
GKA_0444,gka_candidate,CHEMBL1258206,,O=C(Nc1nccs1)/C(=C/C1CCCCC1)c1ccc(-n2nnnc2C(F)(F)F)c(Cl)c1,True,QIMSMHHSGVQCCP-GXDHUFHOSA-N,GKA_0444,14.0,False,
GKA_0445,gka_candidate,CHEMBL2023055,,COC1CCN(S(=O)(=O)c2ccc(Oc3cc(OCC=C(C)C)cc(C(=O)Nc4nccs4)c3)cc2)CC1,True,RSQVANLBVQMPIA-UHFFFAOYSA-N,GKA_0445,15.0,False,
GKA_0446,gka_candidate,CHEMBL573064,,Cn1ccc(Nc2ncnc3ccc(Oc4ncccc4Cl)cc23)n1,True,DPOPBIKSYAJLLK-UHFFFAOYSA-N,GKA_0446,16.0,False,
GKA_0447,gka_candidate,CHEMBL3908170,,Cc1cc(Oc2cnc(NC(=O)C(Oc3ccc(F)cc3F)c3ccc(S(=O)(=O)C4CC4)cc3)s2)ccc1C(=O)O,True,SZQNZELMHGHVQQ-UHFFFAOYSA-N,GKA_0447,1.0,False,
GKA_0448,gka_candidate,CHEMBL2023063,,CC(C)=CCOc1cc(Oc2ccc(S(=O)(=O)N3CCOCC3)cc2)cc(C(=O)Nc2cc(C)n(C)n2)c1,True,DGCABLZAVGULFA-UHFFFAOYSA-N,GKA_0448,2.0,False,
GKA_0449,gka_candidate,CHEMBL2315023,,COC[C@H](C)Oc1cc(/C=C/c2ccc(F)cc2F)cc(C(=O)Nc2ccc(C(=O)O)cn2)c1,True,HKCJXSWTKIPQLN-BWPKMQGJSA-N,GKA_0449,3.0,False,
GKA_0450,gka_candidate,CHEMBL3235145,,Cc1cccnc1-c1cc(Oc2ccc(S(C)(=O)=O)cc2)cc(C(=O)Nc2nccs2)c1,True,NUKLCFPZRXALBO-UHFFFAOYSA-N,GKA_0450,4.0,False,
GKA_0451,gka_candidate,CHEMBL3890502,,O=C(Nc1ncc(Oc2cccc(CO)c2)s1)C(OC1CCOCC1)c1ccc(S(=O)(=O)C2CC2)cc1,True,DYFOIIONPREVID-UHFFFAOYSA-N,GKA_0451,5.0,False,
GKA_0452,gka_candidate,CHEMBL551977,,CC(CCO)Oc1cc(Oc2ccc(S(C)(=O)=O)cc2)cc(C(=O)Nc2nccs2)c1,True,CIEKVPSDCFZVBR-UHFFFAOYSA-N,GKA_0452,6.0,False,
GKA_0453,gka_candidate,CHEMBL1255593,,CS(=O)(=O)c1ccc(/C(=C\C2CCCC2)C(=O)Nc2ncc(C#N)s2)cc1,True,XOWPGRJGSIKPQR-LICLKQGHSA-N,GKA_0453,7.0,False,
GKA_0454,gka_candidate,CHEMBL3358445,,CCn1nccc1Oc1cc(C[C@H]2CC[C@@](C)(O)CC2)cnc1NC(=O)NC,True,PWPGDNXSBLRVKY-LDTOLXSISA-N,GKA_0454,8.0,False,
GKA_0455,gka_candidate,CHEMBL5093208,,CCOP(=O)(Cn1ccc(NC(=O)c2cc(Oc3ccc(S(C)(=O)=O)cc3)cc(O[C@@H](CC)CO)c2)n1)OCC,True,KTLWJJNFELXUNX-FQEVSTJZSA-N,GKA_0455,9.0,False,
GKA_0456,gka_candidate,CHEMBL1778369,,COC[C@H](C)Oc1cc(Oc2ccc(Cl)cc2)cc(C(=O)Nc2ccc(C(=O)O)cn2)c1,True,QQLRSGYTKYKGIH-AWEZNQCLSA-N,GKA_0456,10.0,False,
GKA_0457,gka_candidate,CHEMBL2023051,,CC(C)=CCOc1cc(Oc2ccc(S(=O)(=O)N3CC4CCC(C3)O4)cc2)cc(C(=O)Nc2nccs2)c1,True,ACCXEVDGIPNJDN-UHFFFAOYSA-N,GKA_0457,11.0,False,
GKA_0458,gka_candidate,CHEMBL2206786,,COCCC(Oc1ncnc2c1cnn2-c1ccccc1Cl)C(=O)Nc1ccc(C)cn1,True,QOSFZTVPVNEQRB-UHFFFAOYSA-N,GKA_0458,12.0,False,
GKA_0459,gka_candidate,CHEMBL2206788,,COCCC(Oc1ncnc2c1cnn2-c1ccccc1C(F)(F)F)C(=O)Nc1ccc(C)cn1,True,AMHDUOXZVAFCJB-UHFFFAOYSA-N,GKA_0459,13.0,False,
GKA_0460,gka_candidate,CHEMBL3976898,,CCOC(=O)c1cccc(Oc2cnc(NC(=O)C(OC3CCOCC3)c3ccc(S(=O)(=O)C4CC4)cc3)s2)c1,True,KEQZCFPPVXWESH-UHFFFAOYSA-N,GKA_0460,14.0,False,
GKA_0461,gka_candidate,CHEMBL3978176,,O=C(Nc1ncc(Oc2ccc(CO)cc2)s1)C(OC1CCOCC1)c1ccc(S(=O)(=O)C2CC2)cc1,True,AYYYOGLTNGCDLF-UHFFFAOYSA-N,GKA_0461,15.0,False,
GKA_0462,gka_candidate,CHEMBL4062882,,O=C(Nc1ncc(F)s1)[C@H](CC1CCOCC1)n1ncc2c(S(=O)(=O)C3CC3)cc(O)cc21,True,UKFJOAZAZSQUJZ-KRWDZBQOSA-N,GKA_0462,16.0,False,
GKA_0463,gka_candidate,CHEMBL4063950,,N#Cc1cc(S(=O)(=O)C2CC2)c2cnn(C(CC3CCOCC3)C(=O)Nc3ncc(F)s3)c2c1,True,XLQHBYCHEWPRHA-UHFFFAOYSA-N,GKA_0463,1.0,False,
GKA_0464,gka_candidate,CHEMBL4085525,,NC(=O)c1cc(S(=O)(=O)C2CC2)c2cnn([C@@H](CC3CCOCC3)C(=O)Nc3ncc(F)s3)c2c1,True,ZNWXQJQASUSFFX-KRWDZBQOSA-N,GKA_0464,2.0,False,
GKA_0465,gka_candidate,CHEMBL4090814,,COc1cc(S(=O)(=O)C2CC2)c2cnn([C@@H](CC3CCOCC3)C(=O)Nc3ncc(F)s3)c2c1,True,DHHJSNCNVAZFJD-SFHVURJKSA-N,GKA_0465,3.0,False,
GKA_0466,gka_candidate,CHEMBL550901,,Cc1cccc(Sc2ccc(Sc3nnc[nH]3)nc2C(=O)Nc2nccs2)c1,True,MFKQBDAVNUYGAW-UHFFFAOYSA-N,GKA_0466,4.0,False,
GKA_0467,gka_candidate,CHEMBL550904,,CC(C)Oc1cc(Oc2ccc(S(C)(=O)=O)cc2)cc(C(=O)Nc2nccs2)c1,True,IBDWQXAELRUGCY-UHFFFAOYSA-N,GKA_0467,5.0,False,
GKA_0468,gka_candidate,CHEMBL1257743,,Cc1nnnn1-c1ccc(/C(=C\C2CCCC2)C(=O)Nc2nccs2)cc1F,True,YJDPXMKSUFTHMS-XNTDXEJSSA-N,GKA_0468,6.0,False,
GKA_0469,gka_candidate,CHEMBL551183,,CC(CO)Oc1cc(Oc2ccc(S(C)(=O)=O)cc2)cc(C(=O)Nc2nccs2)c1,True,WXZJALPRVRLDDJ-UHFFFAOYSA-N,GKA_0469,7.0,False,
GKA_0470,gka_candidate,CHEMBL4522622,,CCOCCc1cnc(NC(=O)NC)cc1Oc1cncc(C)c1,True,KKYXCDNGTUJMIB-UHFFFAOYSA-N,GKA_0470,8.0,False,
GKA_0471,gka_candidate,CHEMBL3235158,,C#CCNCc1csc(NC(=O)c2cc(Oc3ccc(S(C)(=O)=O)cc3)cc(-c3ncccc3C)c2)n1,True,AMDDBPFZRBYGQL-UHFFFAOYSA-N,GKA_0471,9.0,False,
GKA_0472,gka_candidate,CHEMBL3891616,,CN1C(=O)CCC1c1cc2[nH]c(-c3ccc(CC(C)(C)C(=O)O)cn3)cc2cc1Oc1ccc(S(C)(=O)=O)nc1,True,YYXISRAYPWBMSF-UHFFFAOYSA-N,GKA_0472,10.0,False,
GKA_0473,gka_candidate,CHEMBL562878,,CCC(COC)Oc1cc(Oc2ccc(S(C)(=O)=O)cc2)cc(C(=O)Nc2nccs2)c1,True,VRBXCGKRKUYYIA-UHFFFAOYSA-N,GKA_0473,11.0,False,
GKA_0474,gka_candidate,CHEMBL1778368,,COC[C@H](C)Oc1cc(Oc2cccc(Cl)c2)cc(C(=O)Nc2ccc(C(=O)O)cn2)c1,True,CFDAWJAORVZEEH-AWEZNQCLSA-N,GKA_0474,12.0,False,
GKA_0475,gka_candidate,CHEMBL2314799,,COC[C@H](C)Oc1cc(/C=C/c2ccc(F)cc2F)cc(C(=O)Nc2ccn(C)n2)c1,True,FBMJSQROMCFBKR-RGDDUWESSA-N,GKA_0475,13.0,False,
GKA_0476,gka_candidate,CHEMBL2408130,,CNS(=O)(=O)c1ccc(Oc2cc(O[C@@H](C)CO)cc(-c3ncc(C)c(=O)[nH]3)c2)cc1,True,WTKNQQYYUGWBOX-AWEZNQCLSA-N,GKA_0476,14.0,False,
GKA_0477,gka_candidate,CHEMBL2408132,,Cc1ccc(NC(=O)c2cc(Oc3ccc(S(C)(=O)=O)cc3)cc(OC(C)C)c2)nc1,True,BUICPXPKYZQWMX-UHFFFAOYSA-N,GKA_0477,15.0,False,
GKA_0478,gka_candidate,CHEMBL3358431,,CCc1ncccc1Oc1cc(CCCC(C)(C)O)cnc1NC(=O)NC,True,UKIPUFLXFPRFNY-UHFFFAOYSA-N,GKA_0478,16.0,False,
GKA_0479,gka_candidate,CHEMBL3358444,,CCn1nccc1Oc1cc(C[C@H]2CC[C@](C)(O)CC2)cnc1NC(=O)NC,True,PWPGDNXSBLRVKY-OYOVHJISSA-N,GKA_0479,1.0,False,
GKA_0480,gka_candidate,CHEMBL4638126,,CC(C)Cc1csc(Nc2ncc(Sc3ccncc3)cc2Oc2ccccc2)n1,True,CJEHEFWXHHALET-UHFFFAOYSA-N,GKA_0480,2.0,False,
GKA_0481,gka_candidate,CHEMBL2165619,,Cc1ccc(NC(=O)[C@H](CC2CCCC2)n2cnc(C(F)(F)F)c2)nc1,True,VLFQGVRGNGPZNM-AWEZNQCLSA-N,GKA_0481,3.0,False,
GKA_0482,gka_candidate,CHEMBL2314803,,COC[C@H](C)Oc1cc(/C=C/c2ccccc2OC)cc(C(=O)Nc2ccn(C)n2)c1,True,REUAMPRHSZJGRY-FVNWOWOISA-N,GKA_0482,4.0,False,
GKA_0483,gka_candidate,CHEMBL4454070,,CNC(=O)Nc1cc(Oc2cncc(C)c2)c(-c2ccc(OCC(C)(C)O)nc2)cn1,True,QUISANLDBDCMPD-UHFFFAOYSA-N,GKA_0483,5.0,False,
GKA_0484,gka_candidate,CHEMBL562311,,COCC(C)Oc1cc(Oc2ccc(S(C)(=O)=O)cc2)cc(C(=O)Nc2nccs2)c1,True,DCUCWQYSNMLTSW-UHFFFAOYSA-N,GKA_0484,6.0,False,
GKA_0485,gka_candidate,CHEMBL572842,,Cn1ccc(Nc2ncnc3ccc(Oc4ncccc4F)cc23)n1,True,LGYVCLYNNRFEIE-UHFFFAOYSA-N,GKA_0485,7.0,False,
GKA_0486,gka_candidate,CHEMBL3960517,,CN1C(=O)CCC1c1cc2[nH]c(-c3nc(CC(=O)O)cs3)cc2cc1Oc1ccc(S(C)(=O)=O)cc1,True,AGPHGILGVULVFC-UHFFFAOYSA-N,GKA_0486,8.0,False,
GKA_0487,gka_candidate,CHEMBL3985968,,CN1C(=O)CCC1c1cc2[nH]c(-c3ccc(C(=O)NCCC(=O)O)cn3)cc2cc1Oc1ccc(S(C)(=O)=O)nc1,True,QOZCKIUIQZJKPF-UHFFFAOYSA-N,GKA_0487,9.0,False,
GKA_0488,gka_candidate,CHEMBL577190,,COc1ccc2nc(NC(=O)C(CC3CCCC3)c3ccc(S(=O)(=O)NCCN(C)C)cc3)sc2n1,True,SNNHMOIYFKPOKT-UHFFFAOYSA-N,GKA_0488,10.0,False,
GKA_0489,gka_candidate,CHEMBL1165817,,O=C(Nc1nc2c(s1)CCCC2)[C@H](CC1CCOCC1)c1ccc(S(=O)(=O)C2CC2)cc1,True,ZNVQMTZHVCRFNC-HXUWFJFHSA-N,GKA_0489,11.0,False,
GKA_0490,gka_candidate,CHEMBL2314798,,COC[C@H](C)Oc1cc(/C=C/c2ccc(F)cc2)cc(C(=O)Nc2ccn(C)n2)c1,True,PCJDRDWQCZXOQF-APHBUQMISA-N,GKA_0490,12.0,False,
GKA_0491,gka_candidate,CHEMBL2315022,,COC[C@H](C)Oc1cc(/C=C/c2ccc(F)cc2)cc(C(=O)Nc2ccc(C(=O)O)cn2)c1,True,LDAPMZARMAXHRF-CWDCEQMOSA-N,GKA_0491,13.0,False,
GKA_0492,gka_candidate,CHEMBL3358425,,CCc1ncccc1Oc1cc(CC(C)C)cnc1NC(=O)NC,True,BALRZLCXFDPYFL-UHFFFAOYSA-N,GKA_0492,14.0,False,
GKA_0493,gka_candidate,CHEMBL3358443,,CCn1nccc1Oc1cc(C[C@H]2CC[C@@H](O)CC2)cnc1NC(=O)NC,True,TVECBCSUBQOPBW-OTVXOJSOSA-N,GKA_0493,15.0,False,
GKA_0494,gka_candidate,CHEMBL4093271,,O=C(Nc1ncc(F)s1)[C@H](CC1CCOCC1)n1ncc2c(S(=O)(=O)C3CC3)cc(F)cc21,True,BTBPVWQJZDELHN-KRWDZBQOSA-N,GKA_0494,16.0,False,
GKA_0495,gka_candidate,CHEMBL551849,,COc1ccc(Sc2ccc(Sc3nnc[nH]3)nc2C(=O)Nc2nccs2)cc1,True,KRZPKMOKWVFLBI-UHFFFAOYSA-N,GKA_0495,1.0,False,
GKA_0496,gka_candidate,CHEMBL564110,,Cn1cnnc1Sc1ccc(Sc2ccc(F)cc2)c(C(=O)Nc2nccs2)n1,True,YIYCQXYPCZMPSG-UHFFFAOYSA-N,GKA_0496,2.0,False,
GKA_0497,gka_candidate,CHEMBL4544957,,CNC(=O)Nc1cc(Oc2cncc(C)c2)c([C@H]2C[C@@H](O)C2)cn1,True,WDQHHGIWBRALLU-TXEJJXNPSA-N,GKA_0497,3.0,False,
GKA_0498,gka_candidate,CHEMBL2206792,,COCC[C@H](Oc1ncnc2c1cnn2-c1ccccc1OC)C(=O)Nc1ccc(C)cn1,True,GFGJRYIVRRQONC-IBGZPJMESA-N,GKA_0498,4.0,False,
GKA_0499,gka_candidate,CHEMBL3221488,,Cc1ccc(NC(=O)[C@H](COC(C)C)Oc2ncnc3c2cnn3-c2ccccc2Cl)nc1,True,CICZOZOHLKSIHE-IBGZPJMESA-N,GKA_0499,5.0,False,
GKA_0500,gka_candidate,CHEMBL3221494,,CC(C)OC[C@H](Oc1ncnc2c1cnn2-c1ccccc1Cl)C(=O)Nc1ccc(Cl)cn1,True,TULDQRGKIWKKNV-SFHVURJKSA-N,GKA_0500,6.0,False,
GKA_0501,gka_candidate,CHEMBL3221500,,CC(C)OC[C@H](Oc1ncnc2c1cnn2-c1ccccc1Cl)C(=O)Nc1ccccn1,True,LIBZEAOXJBJGPH-SFHVURJKSA-N,GKA_0501,7.0,False,
GKA_0502,gka_candidate,CHEMBL3221524,,O=C(Nc1ccc(F)cn1)[C@H](COCCO)Oc1ncnc2c1cnn2-c1c(Cl)cccc1Cl,True,ZFRMTOKAIQWRKF-INIZCTEOSA-N,GKA_0502,8.0,False,
GKA_0503,gka_candidate,CHEMBL372860,,CC(C)Oc1cc(OCCc2ccccc2)cc(C(=O)Nc2ccc(C(=O)O)cn2)c1,True,AMAZCNMAZOTCER-UHFFFAOYSA-N,GKA_0503,9.0,False,
GKA_0504,gka_candidate,CHEMBL379153,,CC(C)Oc1cc(O[C@@H](C)c2ccccc2)cc(C(=O)Nc2ccc(C(=O)O)cn2)c1,True,HGGYPMJLRJNOMY-INIZCTEOSA-N,GKA_0504,10.0,False,
GKA_0505,gka_candidate,CHEMBL2314810,,COC[C@H](C)Oc1cc(CCc2ccccc2OC)cc(C(=O)Nc2ccn(C)n2)c1,True,KCQVFMHTFOAUGB-KRWDZBQOSA-N,GKA_0505,11.0,False,
GKA_0506,gka_candidate,CHEMBL2315024,,COC[C@H](C)Oc1cc(/C=C/c2cc(F)ccc2F)cc(C(=O)Nc2ccc(C(=O)O)cn2)c1,True,ZVVOOSOBUJDSFZ-BWPKMQGJSA-N,GKA_0506,12.0,False,
GKA_0507,gka_candidate,CHEMBL573749,,Cc1csc(Nc2ncnc3ccc(Oc4ccccc4S(C)(=O)=O)cc23)n1,True,NTFJFTGZRKWDEO-UHFFFAOYSA-N,GKA_0507,13.0,False,
GKA_0508,gka_candidate,CHEMBL584807,,Cn1ccc(Nc2ncnc3ccc(Oc4ccc(F)cc4F)cc23)n1,True,REXDHEBHLNGIGV-UHFFFAOYSA-N,GKA_0508,14.0,False,
GKA_0509,gka_candidate,CHEMBL1783753,,CS(=O)(=O)c1cc(=O)n([C@@H](CC2CCCC2)C(=O)Nc2ccc(Cl)cn2)cc1Cl,True,GRSOLMTXMGKLRL-HNNXBMFYSA-N,GKA_0509,15.0,False,
GKA_0510,gka_candidate,CHEMBL4206729,,CCS(=O)(=O)c1ccc(Oc2cc(OC(C)COC)cc(C(=O)Nc3nc4c(s3)CN(C(=O)OC(C)(C)C)CC4)c2)cc1,True,NLNRFKHPSDEQHQ-UHFFFAOYSA-N,GKA_0510,16.0,False,
GKA_0511,gka_candidate,CHEMBL3764630,,COC(=O)/C=C/c1cnc2[nH]c(/C(=C/C3CCCC3)c3ccc(S(C)(=O)=O)c(Cl)c3)cc2c1,True,CROAZWRROYRSMA-KEPXNORLSA-N,GKA_0511,1.0,False,
GKA_0512,gka_candidate,CHEMBL4549950,,CNC(=O)Nc1cc(Oc2cncc(C)c2)c([C@H]2C[C@@H]2CO)cn1,True,PKWULGGISSUMMT-YPMHNXCESA-N,GKA_0512,2.0,False,
GKA_0513,gka_candidate,CHEMBL573072,,COc1ccc2nc(NC(=O)C(CC3CCCC3)c3ccc(S(=O)(=O)N(C)CCO)cc3)sc2n1,True,ZUWZPKWHGCQWQZ-UHFFFAOYSA-N,GKA_0513,3.0,False,
GKA_0514,gka_candidate,CHEMBL4518905,,CNC(=O)Nc1cc(Oc2c(F)cccc2F)c(-c2ccc(OC)nc2)cn1,True,RWCGJSDTJAVVHZ-UHFFFAOYSA-N,GKA_0514,4.0,False,
GKA_0515,gka_candidate,CHEMBL4639192,,Cc1ncccc1Oc1cc(Sc2ccccn2)cnc1Nc1nc(C2CCN(S(C)(=O)=O)CC2)ns1,True,RXEPTVLJQLRTNX-UHFFFAOYSA-N,GKA_0515,5.0,False,
GKA_0516,gka_candidate,CHEMBL2408131,,CCS(=O)(=O)c1ccc(Oc2cc(O[C@@H](C)CO)cc(-c3nccc(=O)[nH]3)c2)cc1,True,MBDMOOWXMYBAHP-AWEZNQCLSA-N,GKA_0516,6.0,False,
GKA_0517,gka_candidate,CHEMBL3218485,,CCN(C)C(=O)c1cnc(Oc2cc(C(=O)Nc3cnc(C)cn3)cc3oc(C)cc23)cn1,True,FWJZEJHVAJFEPN-UHFFFAOYSA-N,GKA_0517,7.0,False,
GKA_0518,gka_candidate,CHEMBL489335,,Cc1csc(NC(=O)c2cc(Sc3nccn3C)ccc2N)n1,True,GIQZMGJQUQFLRK-UHFFFAOYSA-N,GKA_0518,8.0,False,
GKA_0519,gka_candidate,CHEMBL1164578,,CC(C)c1csc(NC(=O)C(CC2CCOCC2)c2ccc(S(=O)(=O)C3CC3)cc2)n1,True,BPQYAGOLJHAJOW-UHFFFAOYSA-N,GKA_0519,9.0,False,
GKA_0520,gka_candidate,CHEMBL1165587,,C=C(C)c1csc(NC(=O)C(CC2CCOCC2)c2ccc(S(=O)(=O)C3CC3)cc2)n1,True,WQXBIOGCALFENS-UHFFFAOYSA-N,GKA_0520,10.0,False,
GKA_0521,gka_candidate,CHEMBL1778365,,COC[C@H](C)Oc1cc(Oc2ccccc2)cc(C(=O)Nc2ccc(C(=O)O)cn2)c1,True,OAHXKGMOXATJDV-HNNXBMFYSA-N,GKA_0521,11.0,False,
GKA_0522,gka_candidate,CHEMBL1783744,,Cc1ccc(NC(=O)[C@H](CC2CCCC2)n2cc(C)c(S(=O)(=O)C(C)C)cc2=O)nc1,True,KGYRTIPUVFJHMZ-IBGZPJMESA-N,GKA_0522,12.0,False,
GKA_0523,gka_candidate,CHEMBL3221489,,Cc1ccc(NC(=O)[C@H](COC(C)C)Oc2ncnc3c2cnn3-c2ncccc2Cl)nc1,True,AAGISEXHOPCAHZ-KRWDZBQOSA-N,GKA_0523,13.0,False,
GKA_0524,gka_candidate,CHEMBL5088522,,CCOP(=O)(Cn1ccc(NC(=O)c2cc(Oc3cnc(S(C)(=O)=O)cn3)cc(OC(C)C)c2)n1)OCC,True,ZLIXMJAMKJEBRI-UHFFFAOYSA-N,GKA_0524,14.0,False,
GKA_0525,gka_candidate,CHEMBL559851,,O=C(Nc1nccs1)c1nc(Sc2nnc[nH]2)ccc1Sc1ccc(C(F)(F)F)cc1,True,WYLCYSOJGCGVAN-UHFFFAOYSA-N,GKA_0525,15.0,False,
GKA_0526,gka_candidate,CHEMBL564609,,COc1cccc(Sc2ccc(Sc3nnc[nH]3)nc2C(=O)Nc2nccs2)c1,True,JYZRFQGUIUNSKZ-UHFFFAOYSA-N,GKA_0526,16.0,False,
GKA_0527,gka_candidate,CHEMBL574884,,Cn1ccc(Nc2ncnc3ccc(Oc4c(Cl)cccc4S(C)(=O)=O)cc23)n1,True,XEUMEVOKFRYTTM-UHFFFAOYSA-N,GKA_0527,1.0,False,
GKA_0528,gka_candidate,CHEMBL2314801,,COC[C@H](C)Oc1cc(/C=C/c2c(F)cccc2F)cc(C(=O)Nc2ccn(C)n2)c1,True,CCIMAQZZSYLARL-KIUWMYQTSA-N,GKA_0528,2.0,False,
GKA_0529,gka_candidate,CHEMBL3577726,,CCN(CC)c1cccc(C#Cc2cc(O[C@@H](C)COC)cc(C(=O)Nc3ccn(C)n3)c2)c1,True,PJSFOJZUAHBGIV-FQEVSTJZSA-N,GKA_0529,3.0,False,
GKA_0530,gka_candidate,CHEMBL474352,,Cc1csc(NC(=O)c2cc(Oc3ccccc3F)ccc2N)n1,True,JUHRRQSPYIVMEW-UHFFFAOYSA-N,GKA_0530,4.0,False,
GKA_0531,gka_candidate,CHEMBL2314812,,COC[C@H](C)Oc1cc(/C=C/c2cccc([N+](=O)[O-])c2)cc(C(=O)Nc2ccc(C(=O)O)cn2)c1,True,HRKXIEJISKNHQW-MOEXGYKKSA-N,GKA_0531,5.0,False,
GKA_0532,gka_candidate,CHEMBL3218498,,Cc1cc2c(Oc3cnc(C(=O)N(C)C)cn3)cc(C(=O)Nc3cnc(C(F)(F)F)cn3)cc2o1,True,ZBXYIBCGDKWBEE-UHFFFAOYSA-N,GKA_0532,6.0,False,
GKA_0533,gka_candidate,CHEMBL195431,,CC(C)Oc1cc(OCCC2CCCC2)cc(C(=O)Nc2ccc(C(=O)O)cn2)c1,True,PWIDVOKRZIMBGB-UHFFFAOYSA-N,GKA_0533,7.0,False,
GKA_0534,gka_candidate,CHEMBL3941597,,Cc1cc(Oc2cnc(NC(=O)C(OC3CCOCC3)c3ccc(S(=O)(=O)C4CC4)cc3)s2)ccc1C(=O)O,True,UIORUVQTNVJGSM-UHFFFAOYSA-N,GKA_0534,8.0,False,
GKA_0535,gka_candidate,CHEMBL4206337,,CC(C)Oc1cc(Oc2ccc(S(C)(=O)=O)cc2)cc(C(=O)Nc2nc3c(s2)CN(C(=O)OC(C)(C)C)CC3)c1,True,YFXWYJJSRUABMD-UHFFFAOYSA-N,GKA_0535,9.0,False,
GKA_0536,gka_candidate,CHEMBL5075882,,CCO[P@](C)(=O)Cn1ccc(NC(=O)c2cc(Oc3ccc(S(C)(=O)=O)cc3)cc(O[C@@H](C)COC)c2)n1,True,RMIUJLWMACFCDS-WWWOGFAISA-N,GKA_0536,10.0,False,
GKA_0537,gka_candidate,CHEMBL3764824,,COC(=O)c1ccc(C(CC2CCCC2)c2cc3cccnc3[nH]2)cc1Cl,True,SUUWNUCVOZUVCV-UHFFFAOYSA-N,GKA_0537,11.0,False,
GKA_0538,gka_candidate,CHEMBL1778370,,COC[C@H](C)Oc1cc(Oc2cccc(F)c2)cc(C(=O)Nc2ccc(C(=O)O)cn2)c1,True,IHKHATFYPMKUPF-AWEZNQCLSA-N,GKA_0538,12.0,False,
GKA_0539,gka_candidate,CHEMBL3218731,,O=C(Nc1ncc(-c2cn(CCO)nn2)s1)C(CC1CCOCC1)c1ccc(S(=O)(=O)C2CC2)cc1,True,CGDJOWCIDUPLCY-UHFFFAOYSA-N,GKA_0539,13.0,False,
GKA_0540,gka_candidate,CHEMBL551911,,CS(=O)(=O)c1ccc(Oc2cc(O[C@H]3CCC[C@H]3O)cc(C(=O)Nc3nccs3)c2)cc1,True,LLIQCVSOVKHPJR-UXHICEINSA-N,GKA_0540,14.0,False,
GKA_0541,gka_candidate,CHEMBL2314807,,COC[C@H](C)Oc1cc(CCc2ccc(F)cc2F)cc(C(=O)Nc2ccn(C)n2)c1,True,UJMGLCKQJJRDLB-HNNXBMFYSA-N,GKA_0541,15.0,False,
GKA_0542,gka_candidate,CHEMBL575069,,CCCCN(CCCC)S(=O)(=O)c1ccc(C(CC2CCCC2)C(=O)Nc2nc3ccc(OC)nc3s2)cc1,True,XYZNQKSZWPWKJH-UHFFFAOYSA-N,GKA_0542,16.0,False,
GKA_0543,gka_candidate,CHEMBL3910810,,CC(=O)N1CCCC1c1cc2[nH]c(-c3ccc(CCC(=O)O)cn3)cc2cc1Oc1ccc(C(=O)N2CCC2)nc1,True,WRRVNONPRGMMIN-UHFFFAOYSA-N,GKA_0543,1.0,False,
GKA_0544,gka_candidate,CHEMBL4553907,,CNC(=O)Nc1cc(Oc2cncc(OC)c2)c([C@H]2CCCOC2)cn1,True,APSOPISMEDAYTH-LBPRGKRZSA-N,GKA_0544,2.0,False,
GKA_0545,gka_candidate,CHEMBL3979353,,O=C(O)c1cccc(Oc2cnc(NC(=O)C(OC3CCOCC3)c3ccc(S(=O)(=O)C4CC4)cc3)s2)c1,True,LLUUBGDHWCFYLV-UHFFFAOYSA-N,GKA_0545,3.0,False,
GKA_0546,gka_candidate,CHEMBL5266463,,O=C(O)c1ccc(Oc2cnc(NC(=O)C(Oc3ccc(F)cc3F)c3ccc(S(=O)(=O)C4CC4)cc3)s2)cc1,True,XJFUEUNGZVAEIX-UHFFFAOYSA-N,GKA_0546,4.0,False,
GKA_0547,gka_candidate,CHEMBL3765780,,COC(=O)/C=C/c1cnc2[nH]c(/C(=C\C3CCCC3)c3ccc(S(C)(=O)=O)c(Cl)c3)cc2c1,True,CROAZWRROYRSMA-NMSZSRSNSA-N,GKA_0547,5.0,False,
GKA_0548,gka_candidate,CHEMBL5082691,,CCOP(=O)(Cn1ccc(NC(=O)c2cc(Oc3cnc(C(=O)NC)cn3)cc(OC(C)C)c2)n1)OCC,True,YAIFBYWHWYIIPX-UHFFFAOYSA-N,GKA_0548,6.0,False,
GKA_0549,gka_candidate,CHEMBL2206789,,COCCC(Oc1ncnc2c1cnn2-c1ccccc1OC)C(=O)Nc1ccc(C)cn1,True,GFGJRYIVRRQONC-UHFFFAOYSA-N,GKA_0549,7.0,False,
GKA_0550,gka_candidate,CHEMBL2314800,,COC[C@H](C)Oc1cc(/C=C/c2cc(F)ccc2F)cc(C(=O)Nc2ccn(C)n2)c1,True,JJUGPMRPXAHHGU-RGDDUWESSA-N,GKA_0550,8.0,False,
GKA_0551,gka_candidate,CHEMBL2346879,,O=C(Nc1nccs1)[C@H](CC1CCCCC1)N1CCN(S(=O)(=O)c2cc(F)cc(F)c2)CC1=O,True,YZZLWFPWUQABMG-IBGZPJMESA-N,GKA_0551,9.0,False,
GKA_0552,gka_candidate,CHEMBL2408110,,Cc1cnc(-c2cc(Oc3ccc(S(C)(=O)=O)cc3)cc(OC(C)C)c2)[nH]c1=O,True,XZVWLQOEWVMFTF-UHFFFAOYSA-N,GKA_0552,10.0,False,
GKA_0553,gka_candidate,CHEMBL3221497,,CC(C)OC[C@H](Oc1ncnc2c1cnn2-c1ccccc1Cl)C(=O)Nc1ccc(F)cn1,True,MDOWVDCIVGXLBF-SFHVURJKSA-N,GKA_0553,11.0,False,
GKA_0554,gka_candidate,CHEMBL3221505,,Cc1ccc(NC(=O)[C@H](CCO)Oc2ncnc3c2cnn3-c2ncccc2Cl)nc1,True,XCIJOAQPQWKKLY-HNNXBMFYSA-N,GKA_0554,12.0,False,
GKA_0555,gka_candidate,CHEMBL3221508,,O=C(Nc1ccc(Cl)cn1)[C@H](COCCO)Oc1ncnc2c1cnn2-c1ccccc1Cl,True,KTWRHJPPIZQGRW-KRWDZBQOSA-N,GKA_0555,13.0,False,
GKA_0556,gka_candidate,CHEMBL3221518,,O=C(Nc1ccccn1)[C@H](CN1CC(O)C1)Oc1ncnc2c1cnn2-c1ccccc1Cl,True,QMEKMUKFQBLUHU-SFHVURJKSA-N,GKA_0556,14.0,False,
GKA_0557,gka_candidate,CHEMBL3221519,,N#Cc1ccc(NC(=O)[C@H](CN2CC(O)C2)Oc2ncnc3c2cnn3-c2ccccc2Cl)nc1,True,FASYULODQUSDTP-IBGZPJMESA-N,GKA_0557,15.0,False,
GKA_0558,gka_candidate,CHEMBL3221526,,N#Cc1cccc(Cl)c1-n1ncc2c(O[C@@H](CN3CC(O)C3)C(=O)Nc3ccc(F)cn3)ncnc21,True,PUKKREPUSDNYNL-SFHVURJKSA-N,GKA_0558,16.0,False,
GKA_0559,gka_candidate,CHEMBL3221530,,O=C(Nc1ccc(F)cn1)[C@H](COCCO)Oc1ncnc2c1cnn2-c1c(F)cccc1Cl,True,LZYXXAWRBSUKEJ-INIZCTEOSA-N,GKA_0559,1.0,False,
GKA_0560,gka_candidate,CHEMBL4202919,,COC[C@H](C)Oc1cc(Oc2cc(F)cc(F)c2)cc(C(=O)Nc2nc3c(s2)CN(C(=O)OC(C)(C)C)CC3)c1,True,ICGYHTPMQBYUAX-INIZCTEOSA-N,GKA_0560,2.0,False,
GKA_0561,gka_candidate,CHEMBL576936,,CS(=O)(=O)c1cccc(F)c1Oc1ccc2ncnc(Nc3cnccn3)c2c1,True,IUEBYYLPBPERIC-UHFFFAOYSA-N,GKA_0561,3.0,False,
GKA_0562,gka_candidate,CHEMBL1783735,,Cc1csc(NC(=O)c2cc(Sc3nccn3C)c(F)cc2N)n1,True,QRAPPCRWBSQAAM-UHFFFAOYSA-N,GKA_0562,4.0,False,
GKA_0563,gka_candidate,CHEMBL575067,,Cn1ccc(Nc2ncnc3ccc(Oc4ccccc4S(C)(=O)=O)cc23)n1,True,HNSNAZPWBJZUIR-UHFFFAOYSA-N,GKA_0563,5.0,False,
GKA_0564,gka_candidate,CHEMBL4453019,,CNC(=O)Nc1cc(Oc2cncc(C)c2)c(CCO)cn1,True,HQFPTASIEPQWFA-UHFFFAOYSA-N,GKA_0564,6.0,False,
GKA_0565,gka_candidate,CHEMBL484019,,Cc1csc(NC(=O)c2cc(Oc3ccc(S(C)(=O)=O)cc3)cc(OC(C)C)c2)n1,True,ZNRKDXPBZXBAKF-UHFFFAOYSA-N,GKA_0565,7.0,False,
GKA_0566,gka_candidate,CHEMBL1778364,,CC(C)Oc1cc(Oc2ccccc2)cc(C(=O)Nc2ccc(C(=O)O)cn2)c1,True,MIIWULADOLVWHB-UHFFFAOYSA-N,GKA_0566,8.0,False,
GKA_0567,gka_candidate,CHEMBL3218727,,CCN(CC)C(=O)Cn1cc(-c2cnc(NC(=O)C(CC3CCOCC3)c3ccc(S(=O)(=O)C4CC4)cc3)s2)nn1,True,CFKLCIKCCQVLAI-UHFFFAOYSA-N,GKA_0567,9.0,False,
GKA_0568,gka_candidate,CHEMBL4203863,,COCCN1CCc2nc(NC(=O)c3cc(Oc4ccc(C(=O)N5CCC5)cc4)cc(O[C@@H](C)COC)c3)sc2C1,True,YVRPPWPVVSQENN-FQEVSTJZSA-N,GKA_0568,10.0,False,
GKA_0569,gka_candidate,CHEMBL4214183,,COCC(C)Oc1cc(Oc2ccc(C(=O)N3CCC3)cc2)cc(C(=O)Nc2nc3c(s2)CN(C(=O)OC(C)(C)C)CC3)c1,True,BFVLCIHOPGYKNE-UHFFFAOYSA-N,GKA_0569,11.0,False,
GKA_0570,gka_candidate,CHEMBL1257742,,O=C(Nc1nccs1)/C(=C/C1CCCC1)c1ccc(Cl)c(Cl)c1,True,LPANTTLHGJJATA-UKTHLTGXSA-N,GKA_0570,12.0,False,
GKA_0571,gka_candidate,CHEMBL2165616,,Cc1cnc(NC(=O)c2cc(Oc3cnc(C(=O)N(C)C)cn3)c3cc(C)oc3c2)cn1,True,DWVPDUMIGCPRPB-UHFFFAOYSA-N,GKA_0571,13.0,False,
GKA_0572,gka_candidate,CHEMBL2314806,,COC[C@H](C)Oc1cc(CCc2ccc(F)cc2)cc(C(=O)Nc2ccn(C)n2)c1,True,DPICTJISJBPYGJ-INIZCTEOSA-N,GKA_0572,14.0,False,
GKA_0573,gka_candidate,CHEMBL4649181,,FC(F)(F)c1csc(Nc2ncc(Sc3ccncc3)cc2Oc2ccccc2)n1,True,DELIHZQMIGWCMS-UHFFFAOYSA-N,GKA_0573,15.0,False,
GKA_0574,gka_candidate,CHEMBL552455,,CS(=O)(=O)c1ccc(Oc2cc(OC3CCOC3)cc(C(=O)Nc3nccs3)c2)cc1,True,UQHVRVYGEAIGAH-UHFFFAOYSA-N,GKA_0574,16.0,False,
GKA_0575,gka_candidate,CHEMBL2314805,,COC[C@H](C)Oc1cc(CCc2ccccc2F)cc(C(=O)Nc2ccn(C)n2)c1,True,AJKXOMWNNCXGFY-INIZCTEOSA-N,GKA_0575,1.0,False,
GKA_0576,gka_candidate,CHEMBL3218732,,O=C(Nc1ncc(-c2cn(CCO)nn2)s1)[C@H](CC1CCOCC1)c1ccc(S(=O)(=O)C2CC2)cc1,True,CGDJOWCIDUPLCY-HXUWFJFHSA-N,GKA_0576,2.0,False,
GKA_0577,gka_candidate,CHEMBL3338158,,CNC(=O)Nc1ncc(SC2CCN(S(C)(=O)=O)CC2)cc1Oc1cccnc1C,True,QEBDWFSFDGBWIT-UHFFFAOYSA-N,GKA_0577,3.0,False,
GKA_0578,gka_candidate,CHEMBL4590983,,CNC(=O)Nc1cc(Oc2cncc(C)c2)c([C@H]2C[C@](C)(O)C2)cn1,True,KOVZHJDLYJLAAG-KSMLVUNXSA-N,GKA_0578,4.0,False,
GKA_0579,gka_candidate,CHEMBL4632835,,Cc1cnc(NC(=O)/C(=N/N2CCCC2)c2ccc(S(=O)(=O)C3CC3)cc2)s1,True,RXPURHNVRDSZSP-OQKWZONESA-N,GKA_0579,5.0,False,
GKA_0580,gka_candidate,CHEMBL474549,,COc1ccccc1Oc1ccc(N)c(C(=O)Nc2nc(C)cs2)c1,True,SNFSLWVREUYDEZ-UHFFFAOYSA-N,GKA_0580,6.0,False,
GKA_0581,gka_candidate,CHEMBL491121,,Cn1cnnc1Sc1ccc(N)c(C(=O)Nc2nccs2)c1,True,SGEAXPZPLDIFIY-UHFFFAOYSA-N,GKA_0581,7.0,False,
GKA_0582,gka_candidate,CHEMBL573963,,Cc1cccc(S(C)(=O)=O)c1Oc1ccc2ncnc(Nc3ccn(C)n3)c2c1,True,VEWHRCPJODSYHU-UHFFFAOYSA-N,GKA_0582,8.0,False,
GKA_0583,gka_candidate,CHEMBL1783738,,Cc1ccc(NC(=O)[C@H](CC2CCCC2)n2ccc(S(=O)(=O)C(C)C)cc2=O)nc1,True,XUWRROPUMUCUIS-IBGZPJMESA-N,GKA_0583,9.0,False,
GKA_0584,gka_candidate,CHEMBL2408121,,CCC(CC)Oc1cc(Oc2cnc(C(=O)N(C)C)nc2)cc(-c2nccc(=O)[nH]2)c1,True,RVMHIOILQHBZBP-UHFFFAOYSA-N,GKA_0584,10.0,False,
GKA_0585,gka_candidate,CHEMBL3983552,,Cc1ccc(Oc2cnc(NC(=O)C(OC3CCOCC3)c3ccc(S(=O)(=O)C4CC4)cc3)s2)cc1C(=O)O,True,FPGQCZFZEUYEMS-UHFFFAOYSA-N,GKA_0585,11.0,False,
GKA_0586,gka_candidate,CHEMBL4207270,,CCOC(=O)N1CCc2nc(NC(=O)c3cc(Oc4ccc(C(=O)N5CCC5)cc4)cc(O[C@@H](C)COC)c3)sc2C1,True,VBAKJOSCGIWNTC-IBGZPJMESA-N,GKA_0586,12.0,False,
GKA_0587,gka_candidate,CHEMBL606041,,CCN(Cc1cc2[nH]c(-c3ccccn3)nc2cc1Oc1ccc(S(=O)(=O)CC)cc1)C(C)=O,True,KTHKNAAVLHKTSD-UHFFFAOYSA-N,GKA_0587,13.0,False,
GKA_0588,gka_candidate,CHEMBL3338076,,CNC(=O)Nc1ncc(SCCCOC)cc1Oc1cccnc1C,True,DEEDZFNFVOWYCU-UHFFFAOYSA-N,GKA_0588,14.0,False,
GKA_0589,gka_candidate,CHEMBL4528120,,CNC(=O)Nc1cc(Oc2c(F)cccc2F)c(-c2ccc(OCCO)nc2)cn1,True,MLBLDXFEOCEMSR-UHFFFAOYSA-N,GKA_0589,15.0,False,
GKA_0590,gka_candidate,CHEMBL1783747,,Cc1ccc(NC(=O)[C@H](CC2CCCCC2)n2ccc(S(=O)(=O)C(C)C)cc2=O)nc1,True,CMVJPDGJFABMKS-FQEVSTJZSA-N,GKA_0590,16.0,False,
GKA_0591,gka_candidate,CHEMBL2023435,,CC(C)=CCOc1cc(Oc2ccc(S(=O)(=O)N3CC4CCC(C3)O4)cc2)cc(C(=O)Nc2ccn(C)n2)c1,True,MOGIBPAWZYJFHG-UHFFFAOYSA-N,GKA_0591,1.0,False,
GKA_0592,gka_candidate,CHEMBL2314795,,COC[C@H](C)Oc1cc(/C=C/c2cccc([N+](=O)[O-])c2)cc(C(=O)Nc2ccn(C)n2)c1,True,FFEVPPCSFASWEH-WAVCKPEOSA-N,GKA_0592,2.0,False,
GKA_0593,gka_candidate,CHEMBL3235146,,Cc1cccnc1-c1cc(Oc2ccc(S(C)(=O)=O)cc2)cc(C(=O)Nc2ncc(F)s2)c1,True,YKAPCJRKYCEQAQ-UHFFFAOYSA-N,GKA_0593,3.0,False,
GKA_0594,gka_candidate,CHEMBL489514,,Cc1csc(NC(=O)c2cc(Sc3nncn3C)ccc2N)n1,True,JEBOJMQHVUEKBE-UHFFFAOYSA-N,GKA_0594,4.0,False,
GKA_0595,gka_candidate,CHEMBL2346876,,Cc1ccc(S(=O)(=O)N2CCN([C@@H](CC3CCCCC3)C(=O)Nc3nccs3)C(=O)C2)c(F)c1,True,MJTSDOZZWDUAHG-IBGZPJMESA-N,GKA_0595,5.0,False,
GKA_0596,gka_candidate,CHEMBL3221485,,CCOC[C@H](Oc1ncnc2c1cnn2-c1ncccc1Cl)C(=O)Nc1ccc(C)cn1,True,WTGDOBVQFDJVDE-INIZCTEOSA-N,GKA_0596,6.0,False,
GKA_0597,gka_candidate,CHEMBL3221522,,N#Cc1ccc(NC(=O)[C@H](CN2CC(O)C2)Oc2ncnc3c2cnn3-c2c(Cl)cccc2Cl)nc1,True,KWDNLKOOOJDQNA-SFHVURJKSA-N,GKA_0597,7.0,False,
GKA_0598,gka_candidate,CHEMBL551043,,Cc1csc(NC(=O)c2nc(Sc3nncn3C)ccc2Sc2ccc(F)cc2)n1,True,SJTQKYKXCYVFHX-UHFFFAOYSA-N,GKA_0598,8.0,False,
GKA_0599,gka_candidate,CHEMBL3218499,,CCc1cnc(NC(=O)c2cc(Oc3cnc(C(=O)N(C)C)cn3)c3cc(C)oc3c2)cn1,True,DLXNOYHYKYLEBW-UHFFFAOYSA-N,GKA_0599,9.0,False,
GKA_0600,gka_candidate,CHEMBL491329,,Cc1csc(NC(=O)c2cc(Oc3ccccc3S(C)(=O)=O)ccc2N)n1,True,MRQNAGCTLKOZNY-UHFFFAOYSA-N,GKA_0600,10.0,False,
GKA_0601,gka_candidate,CHEMBL1783743,,Cc1ccc(NC(=O)[C@H](CC2CCCC2)n2cc(Cl)c(S(=O)(=O)C(C)C)cc2=O)nc1,True,HUZSPMYJQXMODY-SFHVURJKSA-N,GKA_0601,11.0,False,
GKA_0602,gka_candidate,CHEMBL2023433,,CC(C)=CCOc1cc(Oc2ccc(S(=O)(=O)N3C[C@@H](C)O[C@@H](C)C3)cc2)cc(C(=O)Nc2ccn(C)n2)c1,True,VIMXYGAGYOVMFS-OYRHEFFESA-N,GKA_0602,12.0,False,
GKA_0603,gka_candidate,CHEMBL3765270,,C[S+]([O-])c1ccc(/C(=C/C2CCCC2)c2cc3cccnc3[nH]2)cc1Cl,True,OZSHJEACEPOWPT-BOPFTXTBSA-N,GKA_0603,13.0,False,
GKA_0604,gka_candidate,CHEMBL3338156,,CNC(=O)Nc1ncc(SC2CCN(C(=O)OC(C)(C)C)CC2)cc1Oc1cccnc1C,True,GWPGRDSUKXWFFI-UHFFFAOYSA-N,GKA_0604,14.0,False,
GKA_0605,gka_candidate,CHEMBL3909830,,O=C(O)c1cc(Oc2cnc(NC(=O)C(OC3CCOCC3)c3ccc(S(=O)(=O)C4CC4)cc3)s2)ccc1F,True,XDQOODGVZHBLOQ-UHFFFAOYSA-N,GKA_0605,15.0,False,
GKA_0606,gka_candidate,CHEMBL3954932,,COc1cc(Oc2cnc(NC(=O)C(OC3CCOCC3)c3ccc(S(=O)(=O)C4CC4)cc3)s2)ccc1C(=O)O,True,XPJLZCPYRYBPQG-UHFFFAOYSA-N,GKA_0606,16.0,False,
GKA_0607,gka_candidate,CHEMBL549829,,CC(C)C(CO)Oc1cc(Oc2ccc(S(C)(=O)=O)cc2)cc(C(=O)Nc2nccs2)c1,True,SKHIBZUVRGLGIF-UHFFFAOYSA-N,GKA_0607,1.0,False,
GKA_0608,gka_candidate,CHEMBL551974,,COCC(COC)Oc1cc(Oc2ccc(S(C)(=O)=O)cc2)cc(C(=O)Nc2nccs2)c1,True,JIPIXXHHVRRHOK-UHFFFAOYSA-N,GKA_0608,2.0,False,
GKA_0609,gka_candidate,CHEMBL606370,,CCS(=O)(=O)c1ccc(Oc2cc3nc(-c4ccccn4)[nH]c3cc2CCC(=O)N(C)C)cc1,True,ODKWGBYTXDKXFO-UHFFFAOYSA-N,GKA_0609,3.0,False,
GKA_0610,gka_candidate,CHEMBL2314794,,COC[C@H](C)Oc1cc(/C=C/c2ccccc2[N+](=O)[O-])cc(C(=O)Nc2ccn(C)n2)c1,True,KXQZMOPANWQHEO-FDMDGMSGSA-N,GKA_0610,4.0,False,
GKA_0611,gka_candidate,CHEMBL2315020,,COC[C@H](C)Oc1cc(/C=C/c2ccc([N+](=O)[O-])cc2)cc(C(=O)Nc2ccc(C(=O)O)cn2)c1,True,PMAKGILJUWZQRZ-CWDCEQMOSA-N,GKA_0611,5.0,False,
GKA_0612,gka_candidate,CHEMBL4533000,,CNC(=O)Nc1cc(Oc2cncc(OC)c2)c([C@@H]2CCCOC2)cn1,True,APSOPISMEDAYTH-GFCCVEGCSA-N,GKA_0612,6.0,False,
GKA_0613,gka_candidate,CHEMBL4638110,,CC(=O)N1CCC(c2nsc(Nc3ncc(Sc4ccccn4)cc3Oc3ccccc3)n2)CC1,True,MGSFDMFRYXZHBE-UHFFFAOYSA-N,GKA_0613,7.0,False,
GKA_0614,gka_candidate,CHEMBL195128,,CC(C)Oc1cc(OCc2ccccc2)cc(C(=O)Nc2ccc(C(=O)O)cn2)c1,True,VVNPWPROCJEJMN-UHFFFAOYSA-N,GKA_0614,8.0,False,
GKA_0615,gka_candidate,CHEMBL474353,,Cc1csc(NC(=O)c2cc(Oc3cccc(F)c3)ccc2N)n1,True,ZNNSKSYJFYYUHG-UHFFFAOYSA-N,GKA_0615,9.0,False,
GKA_0616,gka_candidate,CHEMBL2023064,,CC(C)=CCOc1cc(Oc2ccc(S(=O)(=O)N3CCOCC3)cc2)cc(C(=O)Nc2ccn(C)n2)c1,True,HWWUXSYCHUCGPO-UHFFFAOYSA-N,GKA_0616,10.0,False,
GKA_0617,gka_candidate,CHEMBL2314811,,COC[C@H](C)Oc1cc(/C=C/c2ccccc2[N+](=O)[O-])cc(C(=O)Nc2ccc(C(=O)O)cn2)c1,True,RWJUEDPQWTWLPI-WAVCKPEOSA-N,GKA_0617,11.0,False,
GKA_0618,gka_candidate,CHEMBL575302,,COc1ccc2nc(NC(=O)C(CC3CCCC3)c3ccc(S(=O)(=O)N(C)C)cc3)sc2n1,True,PQQWGZZSLXLGEQ-UHFFFAOYSA-N,GKA_0618,12.0,False,
GKA_0619,gka_candidate,CHEMBL473760,,Cc1csc(NC(=O)c2cc(Oc3ccccc3)ccc2N)n1,True,YOUJKSRBHSZORZ-UHFFFAOYSA-N,GKA_0619,13.0,False,
GKA_0620,gka_candidate,CHEMBL3218726,,CN(C)C(=O)Cn1cc(-c2cnc(NC(=O)C(CC3CCOCC3)c3ccc(S(=O)(=O)C4CC4)cc3)s2)nn1,True,QRXACDCVUOYEJO-UHFFFAOYSA-N,GKA_0620,14.0,False,
GKA_0621,gka_candidate,CHEMBL2346878,,O=C(Nc1nccs1)[C@H](CC1CCCCC1)N1CCN(S(=O)(=O)c2cccc(Cl)c2)CC1=O,True,VJZMICBNLZRWKH-IBGZPJMESA-N,GKA_0621,15.0,False,
GKA_0622,gka_candidate,CHEMBL484018,,Cc1csc(NC(=O)c2cc(Oc3cccc(S(C)(=O)=O)c3)cc(OC(C)C)c2)n1,True,CRYYJJWVCVRMJC-UHFFFAOYSA-N,GKA_0622,16.0,False,
GKA_0623,gka_candidate,CHEMBL1164519,,CC(C)c1nc(NC(=O)C(CC2CCOCC2)c2ccc(S(=O)(=O)C3CC3)cc2)sc1Br,True,PQTMWNFGWWQCSK-UHFFFAOYSA-N,GKA_0623,1.0,False,
GKA_0624,gka_candidate,CHEMBL2206787,,COCCC(Oc1ncnc2c1cnn2-c1ccccc1C)C(=O)Nc1ccc(C)cn1,True,LYWQXVOFIHTNBN-UHFFFAOYSA-N,GKA_0624,2.0,False,
GKA_0625,gka_candidate,CHEMBL3217794,,Cc1cnc(NC(=O)[C@H](COC(C)C)Oc2ncnc3c2cnn3-c2ccccc2Cl)cn1,True,YJMNDMNADRUIMG-SFHVURJKSA-N,GKA_0625,3.0,False,
GKA_0626,gka_candidate,CHEMBL3221482,,COC[C@H](Oc1ncnc2c1cnn2-c1ccccc1Cl)C(=O)Nc1ccc(C)cn1,True,JOUKVMFZBZNCCO-KRWDZBQOSA-N,GKA_0626,4.0,False,
GKA_0627,gka_candidate,CHEMBL3221495,,CCOC[C@H](Oc1ncnc2c1cnn2-c1ncccc1Cl)C(=O)Nc1ccc(Cl)cn1,True,GRHVGTKJYJHQLN-HNNXBMFYSA-N,GKA_0627,5.0,False,
GKA_0628,gka_candidate,CHEMBL3221503,,CC(C)OC[C@H](Oc1ncnc2c1cnn2-c1ccccc1Cl)C(=O)Nc1ccc(C#N)cn1,True,IHVCXYJVLKGINF-IBGZPJMESA-N,GKA_0628,6.0,False,
GKA_0629,gka_candidate,CHEMBL3221516,,O=C(Nc1ccc(F)cn1)[C@H](CN1CC(O)C1)Oc1ncnc2c1cnn2-c1ncccc1Cl,True,WMXLDHOWZJLXOB-INIZCTEOSA-N,GKA_0629,7.0,False,
GKA_0630,gka_candidate,CHEMBL4205913,,COCC(C)Oc1cc(Oc2ccc(S(C)(=O)=O)cc2)cc(C(=O)Nc2nc3c(s2)CN(C(=O)OC(C)(C)C)CC3)c1,True,WKRQYZYBADIGGU-UHFFFAOYSA-N,GKA_0630,8.0,False,
GKA_0631,gka_candidate,CHEMBL573751,,Cc1csc(Nc2ncnc3ccc(Oc4ccc(F)cc4)cc23)n1,True,GXRVZYKFJKLQIF-UHFFFAOYSA-N,GKA_0631,9.0,False,
GKA_0632,gka_candidate,CHEMBL2430861,,Cc1csc(Nc2ncc(SCCn3ccnc3)cc2OCc2ccccc2)n1,True,RMTMTQSEPUFOTD-UHFFFAOYSA-N,GKA_0632,10.0,False,
GKA_0633,gka_candidate,CHEMBL1164577,,CC(C)c1csc(NC(=O)[C@H](CC2CCOCC2)c2ccc(S(C)(=O)=O)cc2)n1,True,NSHNTEGAQYQHAG-GOSISDBHSA-N,GKA_0633,11.0,False,
GKA_0634,gka_candidate,CHEMBL1783752,,CC(C)S(=O)(=O)c1ccn([C@@H](CC2CCCC2)C(=O)Nc2ccc(C(F)(F)F)cn2)c(=O)c1,True,HCUPYDBBLCRYPK-SFHVURJKSA-N,GKA_0634,12.0,False,
GKA_0635,gka_candidate,CHEMBL3218722,,CCOC(=O)Cn1cc(-c2cnc(NC(=O)C(CC3CCOCC3)c3ccc(S(=O)(=O)C4CC4)cc3)s2)nn1,True,JMCSBIXETQDXJH-UHFFFAOYSA-N,GKA_0635,13.0,False,
GKA_0636,gka_candidate,CHEMBL4207808,,COC[C@H](C)Oc1cc(Oc2ccc(C(=O)N3CCC3)c(F)c2)cc(C(=O)Nc2nc3c(s2)CN(C(=O)OC(C)(C)C)CC3)c1,True,CSESJNVNLCLDGP-IBGZPJMESA-N,GKA_0636,14.0,False,
GKA_0637,gka_candidate,CHEMBL3338059,,CCNC(=O)Nc1ncc(Sc2ccccn2)cc1Oc1cccnc1CC,True,JRYJOYINDXAPDH-UHFFFAOYSA-N,GKA_0637,15.0,False,
GKA_0638,gka_candidate,CHEMBL2204656,,Cc1cnc(NC(=O)c2cc(Oc3cnc(C(=O)N4CCC4)c(F)c3)c3cn(C)nc3c2)cn1,True,UPZVKDRGBJLNEM-UHFFFAOYSA-N,GKA_0638,16.0,False,
GKA_0639,gka_candidate,CHEMBL3764930,,COc1ccc(C(CC2CCCC2)c2cc3cccnc3[nH]2)cc1Cl,True,RTCKQHHNBFDKIY-UHFFFAOYSA-N,GKA_0639,1.0,False,
GKA_0640,gka_candidate,CHEMBL489711,,Cc1nsc(NC(=O)c2cc(Sc3nncn3C)ccc2N)n1,True,AZMDKDLMECFFMX-UHFFFAOYSA-N,GKA_0640,2.0,False,
GKA_0641,gka_candidate,CHEMBL559975,,CS(=O)(=O)c1ccc(Oc2cc(OC3CCCC3)cc(C(=O)Nc3nccs3)c2)cc1,True,IPUJCEBFTDHXQV-UHFFFAOYSA-N,GKA_0641,3.0,False,
GKA_0642,gka_candidate,CHEMBL3218720,,CCOC(=O)CCn1cc(-c2cnc(NC(=O)C(CC3CCOCC3)c3ccc(S(=O)(=O)C4CC4)cc3)s2)nn1,True,LNAURVYLZBFRGI-UHFFFAOYSA-N,GKA_0642,4.0,False,
GKA_0643,gka_candidate,CHEMBL3358430,,CCc1ncccc1Oc1cc(CCCCO)cnc1NC(=O)NC,True,MNHUBGMIJUGXJF-UHFFFAOYSA-N,GKA_0643,5.0,False,
GKA_0644,gka_candidate,CHEMBL3358440,,CCn1nccc1Oc1cc(C[C@@H]2CCO[C@@H](COC)C2)cnc1NC(=O)NC,True,QXNHYYXUTCYDNJ-GOEBONIOSA-N,GKA_0644,6.0,False,
GKA_0645,gka_candidate,CHEMBL1164315,,CC(C)Cc1csc(NC(=O)C(CC2CCOCC2)c2ccc(S(C)(=O)=O)cc2)n1,True,IIGHLCWXWNSZSO-UHFFFAOYSA-N,GKA_0645,7.0,False,
GKA_0646,gka_candidate,CHEMBL2430854,,CC(C)Cc1csc(Nc2ncc(Br)cc2OCc2ccccc2)n1,True,AZHQCRYKKFEFTI-UHFFFAOYSA-N,GKA_0646,8.0,False,
GKA_0647,gka_candidate,CHEMBL3933809,,Cc1cc(Oc2cnc(NC(=O)C(O[C@@H]3CCOC3)c3ccc(S(=O)(=O)C4CC4)cc3)s2)ccc1C(=O)O,True,VKFAKECKYCKINR-FKSKYRLFSA-N,GKA_0647,9.0,False,
GKA_0648,gka_candidate,CHEMBL3218490,,Cc1cc2c(Oc3cnc(C(=O)N4CC(C)C4)cn3)cc(C(=O)Nc3cnccn3)cc2o1,True,JTTWNMVIYAGYCK-UHFFFAOYSA-N,GKA_0648,10.0,False,
GKA_0649,gka_candidate,CHEMBL3218496,,Cc1cc2c(Oc3cnc(C(=O)N(C)C)cn3)cc(C(=O)Nc3cnccn3)cc2o1,True,DKTFXJGJQGFKCW-UHFFFAOYSA-N,GKA_0649,11.0,False,
GKA_0650,gka_candidate,CHEMBL2204655,,Cc1cnc(NC(=O)c2cc(Oc3cnc(C(=O)N(C)C)c(F)c3)c3cn(C)nc3c2)cn1,True,ZGSFQZZAENVCIS-UHFFFAOYSA-N,GKA_0650,12.0,False,
GKA_0651,gka_candidate,CHEMBL563231,,CS(=O)(=O)c1ccc(Oc2cc(OCCO)cc(C(=O)Nc3nccs3)c2)cc1,True,BBEMQDVKHJMPAU-UHFFFAOYSA-N,GKA_0651,13.0,False,
GKA_0652,gka_candidate,CHEMBL1778371,,COC[C@H](C)Oc1cc(Oc2cccc(N(C)C)c2)cc(C(=O)Nc2ccc(C(=O)O)cn2)c1,True,HJUNGMOWPIALNY-INIZCTEOSA-N,GKA_0652,14.0,False,
GKA_0653,gka_candidate,CHEMBL194102,,O=C(O)c1ccc(NC(=O)c2cc(OCc3ccccc3)cc(OCc3ccccc3)c2)nc1,True,GDIONXWSZRJUGV-UHFFFAOYSA-N,GKA_0653,15.0,False,
GKA_0654,gka_candidate,CHEMBL2346888,,O=C(Nc1ncc(Cl)s1)[C@H](CC1CCCCC1)n1cnc2cc(S(=O)(=O)C3CCCC3)ccc2c1=O,True,WGLFNEOQPYULNY-NRFANRHFSA-N,GKA_0654,16.0,False,
GKA_0655,gka_candidate,CHEMBL3221493,,CC(C)OC[C@H](Oc1ncnc2c1cnn2-c1ncccc1Cl)C(=O)Nc1ccc(Cl)cn1,True,IGMKPDHBVPGYNL-INIZCTEOSA-N,GKA_0655,1.0,False,
GKA_0656,gka_candidate,CHEMBL3221512,,C[C@H](CO)OC[C@H](Oc1ncnc2c1cnn2-c1ncccc1Cl)C(=O)Nc1ccc(Cl)cn1,True,YIFBLFLYDFILGQ-WBMJQRKESA-N,GKA_0656,2.0,False,
GKA_0657,gka_candidate,CHEMBL5288114,,O=C(O)Cc1ccc(Oc2cnc(NC(=O)C(Oc3ccc(F)cc3F)c3ccc(S(=O)(=O)C4CC4)cc3)s2)cc1,True,VMWUVJZDDFSOFR-UHFFFAOYSA-N,GKA_0657,3.0,False,
GKA_0658,gka_candidate,CHEMBL4471002,,CNC(=O)Nc1cc(Oc2ccc(C)nc2)c(-c2ccc(OCCO)nc2)cn1,True,OLNUGXYTYZWEJW-UHFFFAOYSA-N,GKA_0658,4.0,False,
GKA_0659,gka_candidate,CHEMBL4635087,,Cc1csc(Nc2ncccc2Oc2ccccc2)n1,True,VSZXWBUCYVJAHD-UHFFFAOYSA-N,GKA_0659,5.0,False,
GKA_0660,gka_candidate,CHEMBL4645293,,O=C(Nc1nccs1)/C(=N/N1CCCC1)c1ccc(S(=O)(=O)C2CC2)cc1,True,IDPHEZLKJAWRMK-LTGZKZEYSA-N,GKA_0660,6.0,False,
GKA_0661,gka_candidate,CHEMBL4566968,,CNC(=O)Nc1cc(Oc2cnccc2C)c(-c2ccc(OCCO)nc2)cn1,True,XJJQINAUBRDFIN-UHFFFAOYSA-N,GKA_0661,7.0,False,
GKA_0662,gka_candidate,CHEMBL1783742,,Cc1ccc(NC(=O)[C@H](CC2CCCC2)n2cc(C)c(S(C)(=O)=O)cc2=O)nc1,True,DRFVPMZKAXNPMO-KRWDZBQOSA-N,GKA_0662,8.0,False,
GKA_0663,gka_candidate,CHEMBL2204652,,Cc1cnc(NC(=O)c2cc(Oc3ccc(S(=O)(=O)N(C)C)cc3)c3cn(C)nc3c2)cn1,True,SGUBSBUVTZJSEK-UHFFFAOYSA-N,GKA_0663,9.0,False,
GKA_0664,gka_candidate,CHEMBL3358427,,CCc1ncccc1Oc1cc(CCCOC)cnc1NC(=O)NC,True,RBKTXKCXSZTHRB-UHFFFAOYSA-N,GKA_0664,10.0,False,
GKA_0665,gka_candidate,CHEMBL552311,,CC(CO)Cc1cc(Oc2ccc(S(C)(=O)=O)cc2)cc(C(=O)Nc2nccs2)c1,True,DHUKEKJJKQRFSO-UHFFFAOYSA-N,GKA_0665,11.0,False,
GKA_0666,gka_candidate,CHEMBL560773,,CS(=O)(=O)c1ccc(Oc2cc(OC(CO)C(F)(F)F)cc(C(=O)Nc3nccs3)c2)cc1,True,KCESFTVZCQIMPP-UHFFFAOYSA-N,GKA_0666,12.0,False,
GKA_0667,gka_candidate,CHEMBL3218719,,CCOC(=O)CCCn1cc(-c2cnc(NC(=O)C(CC3CCOCC3)c3ccc(S(=O)(=O)C4CC4)cc3)s2)nn1,True,JGDYMYUBVOQLSG-UHFFFAOYSA-N,GKA_0667,13.0,False,
GKA_0668,gka_candidate,CHEMBL2165627,,O=C(O)C(=O)Nc1ccc(NC(=O)[C@H](CC2CCCC2)n2cnc(C(F)(F)F)c2)nc1,True,UIPQUPAUXQPGNS-ZDUSSCGKSA-N,GKA_0668,14.0,False,
GKA_0669,gka_candidate,CHEMBL3358434,,CCn1nccc1Oc1cc(CCCCOC)cnc1NC(=O)NC,True,FWITYVKBJMMBMI-UHFFFAOYSA-N,GKA_0669,15.0,False,
GKA_0670,gka_candidate,CHEMBL3235157,,Cc1cccnc1-c1cc(Oc2ccc(S(C)(=O)=O)cc2)cc(C(=O)Nc2nc(CNC(C)C)cs2)c1,True,QSZQGDHXEWWXQQ-UHFFFAOYSA-N,GKA_0670,16.0,False,
GKA_0671,gka_candidate,CHEMBL4440209,,CNC(=O)Nc1cc(Oc2cccnc2C)c(-c2ccc(OCCO)nc2)cn1,True,LDKLCKNGZBNRNG-UHFFFAOYSA-N,GKA_0671,1.0,False,
GKA_0672,gka_candidate,CHEMBL1783741,,Cc1ccc(NC(=O)[C@H](CC2CCCC2)n2cc(Cl)c(S(C)(=O)=O)cc2=O)nc1,True,VTOVFAJFDHFMSW-INIZCTEOSA-N,GKA_0672,2.0,False,
GKA_0673,gka_candidate,CHEMBL3903108,,O=C(O)c1cc(Oc2cnc(NC(=O)C(OC3CCOCC3)c3ccc(S(=O)(=O)C4CC4)cc3)s2)ccc1Cl,True,CGZJDKGLZVFVIQ-UHFFFAOYSA-N,GKA_0673,3.0,False,
GKA_0674,gka_candidate,CHEMBL4641920,,CS(=O)(=O)N1CCC(c2nsc(Nc3ncc(Sc4ccccn4)cc3Oc3ccccc3)n2)CC1,True,CTCWRWPQHBJTGS-UHFFFAOYSA-N,GKA_0674,4.0,False,
GKA_0675,gka_candidate,CHEMBL575278,,Cn1ccc(Nc2ncnc3ccc(Oc4ncccc4CO)cc23)n1,True,UVCGNRRZRNVRSI-UHFFFAOYSA-N,GKA_0675,5.0,False,
GKA_0676,gka_candidate,CHEMBL2023439,,COC1CCN(S(=O)(=O)c2ccc(Oc3cc(OCC=C(C)C)cc(C(=O)Nc4ccn(C)n4)c3)cc2)CC1,True,HKVWZJIDORPBSW-UHFFFAOYSA-N,GKA_0676,6.0,False,
GKA_0677,gka_candidate,CHEMBL3358439,,CCn1nccc1Oc1cc(C[C@H]2CCO[C@H](COC)C2)cnc1NC(=O)NC,True,QXNHYYXUTCYDNJ-ZBFHGGJFSA-N,GKA_0677,7.0,False,
GKA_0678,gka_candidate,CHEMBL1783737,,CCS(=O)(=O)c1ccn([C@@H](CC2CCCC2)C(=O)Nc2ccc(C)cn2)c(=O)c1,True,FUBDZUFNVMAUNX-SFHVURJKSA-N,GKA_0678,8.0,False,
GKA_0679,gka_candidate,CHEMBL2346755,,Cc1cc(S(=O)(=O)C2CCCC2)cc(=O)n1[C@@H](CC1CCCCO1)C(=O)Nc1ncc(F)s1,True,PANUZABGCYBSRN-PKHIMPSTSA-N,GKA_0679,9.0,False,
GKA_0680,gka_candidate,CHEMBL2346897,,CS(=O)(=O)c1ccc2c(=O)n([C@@H](CC3CCCCC3)C(=O)Nc3nccs3)cnc2c1,True,MOLZLBZIBIWKJC-SFHVURJKSA-N,GKA_0680,10.0,False,
GKA_0681,gka_candidate,CHEMBL2408120,,CC(C)Oc1cc(Oc2cnc(C(=O)N(C)C)cn2)cc(-c2nccc(=O)[nH]2)c1,True,LGQSPYOERTUZSV-UHFFFAOYSA-N,GKA_0681,11.0,False,
GKA_0682,gka_candidate,CHEMBL3221486,,CCOC[C@H](Oc1ncnc2c1cnn2-c1ccccc1Cl)C(=O)Nc1cnc(C)cn1,True,XQXCNHGZFDXEAL-KRWDZBQOSA-N,GKA_0682,12.0,False,
GKA_0683,gka_candidate,CHEMBL3221496,,CC(C)OC[C@H](Oc1ncnc2c1cnn2-c1ncccc1Cl)C(=O)Nc1ccc(F)cn1,True,IOQAVAVYSMVXIJ-INIZCTEOSA-N,GKA_0683,13.0,False,
GKA_0684,gka_candidate,CHEMBL3221499,,CC(C)OC[C@H](Oc1ncnc2c1cnn2-c1ncccc1Cl)C(=O)Nc1ccccn1,True,WZBXEGOCOAPVFH-INIZCTEOSA-N,GKA_0684,14.0,False,
GKA_0685,gka_candidate,CHEMBL3221501,,CCOC[C@H](Oc1ncnc2c1cnn2-c1ncccc1Cl)C(=O)Nc1ccccn1,True,PLXPDSFGIBWPIR-HNNXBMFYSA-N,GKA_0685,15.0,False,
GKA_0686,gka_candidate,CHEMBL3221506,,O=C(Nc1ccc(Cl)cn1)[C@H](COCCO)Oc1ncnc2c1cnn2-c1ncccc1Cl,True,JGFLXCJCQKHWLZ-HNNXBMFYSA-N,GKA_0686,16.0,False,
GKA_0687,gka_candidate,CHEMBL3221525,,N#Cc1ccc(NC(=O)[C@H](CN2CC(O)C2)Oc2ncnc3c2cnn3-c2c(Cl)cccc2C#N)nc1,True,QNXBTJMKZJMAEU-IBGZPJMESA-N,GKA_0687,1.0,False,
GKA_0688,gka_candidate,CHEMBL3221527,,N#Cc1cccc(Cl)c1-n1ncc2c(O[C@@H](COCCO)C(=O)Nc3ccc(F)cn3)ncnc21,True,BUIXNKGCYRBMEG-KRWDZBQOSA-N,GKA_0688,2.0,False,
GKA_0689,gka_candidate,CHEMBL3358887,,CCn1nccc1Oc1cc(C[C@H]2C[C@H](O)C2)cnc1NC(=O)NC,True,JPIQZOOVYMKWGU-AULYBMBSSA-N,GKA_0689,3.0,False,
GKA_0690,gka_candidate,CHEMBL4212156,,COC[C@H](C)Oc1cc(Oc2ccc(C(=O)N3CCC3)cc2)cc(C(=O)Nc2nc3c(s2)CN(C(=O)N(C)C)CC3)c1,True,NGYAQWBCOYBRCN-IBGZPJMESA-N,GKA_0690,4.0,False,
GKA_0691,gka_candidate,CHEMBL3218714,,COC(=O)CCNC(=O)c1cnc(NC(=O)C(CC2CCOCC2)c2ccc(S(=O)(=O)C3CC3)cc2)s1,True,QFYRVNOJLXNCNA-UHFFFAOYSA-N,GKA_0691,5.0,False,
GKA_0692,gka_candidate,CHEMBL3358886,,CCn1nccc1Oc1cc(C[C@H]2C[C@@H](O)C2)cnc1NC(=O)NC,True,JPIQZOOVYMKWGU-BJHJDKERSA-N,GKA_0692,6.0,False,
GKA_0693,gka_candidate,CHEMBL3763295,,CS(=O)(=O)c1ccc(C(O)(CC2CCCC2)c2cc3cc(Br)cnc3[nH]2)cc1Cl,True,OZRQARRLWGIGOJ-UHFFFAOYSA-N,GKA_0693,7.0,False,
GKA_0694,gka_candidate,CHEMBL3765816,,CS(=O)(=O)c1ccc(C(CC2CCCC2)c2cc3cccnc3[nH]2)cc1Cl,True,IATYBUSZZPRTJB-UHFFFAOYSA-N,GKA_0694,8.0,False,
GKA_0695,gka_candidate,CHEMBL606156,,CCS(=O)(=O)c1ccc(Oc2cc3nc(-c4ccccn4)[nH]c3cc2CNC(C)=O)cc1,True,UNMQYYDCURQBFP-UHFFFAOYSA-N,GKA_0695,9.0,False,
GKA_0696,gka_candidate,CHEMBL1783736,,Cc1ccc(NC(=O)[C@H](CC2CCCC2)n2ccc(S(C)(=O)=O)cc2=O)nc1,True,MXWLHPNPPVYETR-KRWDZBQOSA-N,GKA_0696,10.0,False,
GKA_0697,gka_candidate,CHEMBL2165623,,O=C(O)Cc1ccc(NC(=O)[C@H](CC2CCCC2)n2cnc(C(F)(F)F)c2)nc1,True,KDYJKFBLCLYERB-AWEZNQCLSA-N,GKA_0697,11.0,False,
GKA_0698,gka_candidate,CHEMBL2430852,,CCc1csc(Nc2ncc(Br)cc2OCc2ccccc2)n1,True,ANSZFRWADMQBIE-UHFFFAOYSA-N,GKA_0698,12.0,False,
GKA_0699,gka_candidate,CHEMBL561049,,CC(CN)Oc1cc(Oc2ccc(S(C)(=O)=O)cc2)cc(C(=O)Nc2nccs2)c1,True,QIUSLJYMNMJMRD-UHFFFAOYSA-N,GKA_0699,13.0,False,
GKA_0700,gka_candidate,CHEMBL3960237,,Cc1ccc(Oc2cnc(NC(=O)C(O[C@@H]3CCOC3)c3ccc(S(=O)(=O)C4CC4)cc3)s2)cc1C(=O)O,True,OXOLWOGFZIYWHO-FKSKYRLFSA-N,GKA_0700,14.0,False,
GKA_0701,gka_candidate,CHEMBL479947,,Cc1cnc(NC(=O)[C@H](CC2CCOCC2)c2ccc(S(=O)(=O)C3CC3)cc2)s1,True,QRLYKVMXUHPIDV-LJQANCHMSA-N,GKA_0701,15.0,False,
GKA_0702,gka_candidate,CHEMBL517534,,O=C(Nc1nccs1)[C@H](CC1CCOCC1)c1ccc(S(=O)(=O)C2CC2)cc1,True,DOTNXOZFPLAGNY-GOSISDBHSA-N,GKA_0702,16.0,False,
GKA_0703,gka_candidate,CHEMBL2408113,,CC(C)Oc1cc(Oc2ccc(S(C)(=O)=O)cc2)cc(-c2ncc(C(C)C)c(=O)[nH]2)c1,True,IIRZQDPTTCHBRH-UHFFFAOYSA-N,GKA_0703,1.0,False,
GKA_0704,gka_candidate,CHEMBL3358426,,CCOCCc1cnc(NC(=O)NC)c(Oc2cccnc2CC)c1,True,AKSDQOQLGVSUMM-UHFFFAOYSA-N,GKA_0704,2.0,False,
GKA_0705,gka_candidate,CHEMBL3975134,,O=C(O)c1ccc(Oc2cnc(NC(=O)C(OC3CCOCC3)c3ccc(S(=O)(=O)C4CC4)cc3)s2)cc1Cl,True,DSXWXPSXXOQMMD-UHFFFAOYSA-N,GKA_0705,3.0,False,
GKA_0706,gka_candidate,CHEMBL1783751,,CC(C)S(=O)(=O)c1ccn([C@@H](CC2CCCC2)C(=O)Nc2ccccn2)c(=O)c1,True,KJRHORYIQZIXHO-SFHVURJKSA-N,GKA_0706,4.0,False,
GKA_0707,gka_candidate,CHEMBL3763349,,COCC(C)Oc1ccc(C(CC2CCCC2)c2cc3cccnc3[nH]2)cc1Cl,True,ZWOHLWADEZHKEZ-UHFFFAOYSA-N,GKA_0707,5.0,False,
GKA_0708,gka_candidate,CHEMBL490961,,CNc1ccc(Sc2nncn2C)cc1C(=O)Nc1nc(C)cs1,True,XRJAKERBMMBUGR-UHFFFAOYSA-N,GKA_0708,6.0,False,
GKA_0709,gka_candidate,CHEMBL210838,,COC[C@H](C)Oc1cc(OC(C)C)cc(C(=O)Nc2ccc(C(=O)O)cn2)c1,True,MQDXDORISMQWFB-ZDUSSCGKSA-N,GKA_0709,7.0,False,
GKA_0710,gka_candidate,CHEMBL3338075,,CNC(=O)Nc1ncc(SCCCO)cc1Oc1cccnc1C,True,MHTIQEWJQGVICA-UHFFFAOYSA-N,GKA_0710,8.0,False,
GKA_0711,gka_candidate,CHEMBL2346756,,Cc1cc(S(=O)(=O)C2CC2)cc(=O)n1[C@@H](CC1CCCC1)C(=O)Nc1ncc(F)s1,True,DJZFCGOPZXVUQY-INIZCTEOSA-N,GKA_0711,9.0,False,
GKA_0712,gka_candidate,CHEMBL2346887,,CCS(=O)(=O)c1ccc2c(=O)n([C@@H](CC3CCCCC3)C(=O)Nc3ncc(F)s3)cnc2c1,True,OQCSYLTZRATPKD-SFHVURJKSA-N,GKA_0712,10.0,False,
GKA_0713,gka_candidate,CHEMBL3221498,,CCOC[C@H](Oc1ncnc2c1cnn2-c1ncccc1Cl)C(=O)Nc1ccc(F)cn1,True,XTOABDHZNVUVHW-HNNXBMFYSA-N,GKA_0713,11.0,False,
GKA_0714,gka_candidate,CHEMBL3221502,,CC(C)OC[C@H](Oc1ncnc2c1cnn2-c1ncccc1Cl)C(=O)Nc1ccc(C#N)cn1,True,LEDZWTIBSFACGV-KRWDZBQOSA-N,GKA_0714,12.0,False,
GKA_0715,gka_candidate,CHEMBL3221504,,CCOC[C@H](Oc1ncnc2c1cnn2-c1ncccc1Cl)C(=O)Nc1ccc(C#N)cn1,True,WDALPHNIWVTHIG-INIZCTEOSA-N,GKA_0715,13.0,False,
GKA_0716,gka_candidate,CHEMBL3221514,,C[C@H](CO)OC[C@H](Oc1ncnc2c1cnn2-c1ncccc1Cl)C(=O)Nc1ccc(C#N)cn1,True,LGJVHBLAFORGRB-DYVFJYSZSA-N,GKA_0716,14.0,False,
GKA_0717,gka_candidate,CHEMBL3221521,,O=C(Nc1ccc(F)cn1)[C@H](COCCO)Oc1ncnc2c1cnn2-c1ccccc1Cl,True,VPDZTPHDUAHHPV-KRWDZBQOSA-N,GKA_0717,15.0,False,
GKA_0718,gka_candidate,CHEMBL3764328,,OCc1ccc(C(CC2CCCC2)c2cc3cccnc3[nH]2)cc1Cl,True,ZJSWYTAJRQXWKP-UHFFFAOYSA-N,GKA_0718,16.0,False,
GKA_0719,gka_candidate,CHEMBL4098841,,O=C(Nc1ncc(Cl)s1)[C@H](CC1CCCC1)n1cc(S(=O)(=O)C2CC2)cn1,True,ADXCGAPVQQHAMO-AWEZNQCLSA-N,GKA_0719,1.0,False,
GKA_0720,gka_candidate,CHEMBL572841,,Cn1ccc(Nc2ncnc3ccc(Oc4ccccn4)cc23)n1,True,PBJSTJDOBCOIKM-UHFFFAOYSA-N,GKA_0720,2.0,False,
GKA_0721,gka_candidate,CHEMBL4453105,,CNC(=O)Nc1cc(Oc2c(F)cccc2F)c(C)cn1,True,PMXOXZSVWGIOEG-UHFFFAOYSA-N,GKA_0721,3.0,False,
GKA_0722,gka_candidate,CHEMBL2021551,,CC[C@H](COC)Oc1cc(Oc2ccc(S(=O)(=O)OC)cc2)cc(C(=O)Nc2nccs2)c1,True,FDKFFOPQLBQTMX-MRXNPFEDSA-N,GKA_0722,4.0,False,
GKA_0723,gka_candidate,CHEMBL5079866,,CCOP(=O)(Cn1ccc(NC(=O)c2cc(Oc3cnc(C(N)=O)cn3)cc(OC(C)C)c2)n1)OCC,True,VERWMGZFDDCAOA-UHFFFAOYSA-N,GKA_0723,5.0,False,
GKA_0724,gka_candidate,CHEMBL3900493,,CN1C(=O)CCC1c1cc2[nH]c(-c3ccc(CCC(=O)O)cn3)cc2cc1Sc1ccccn1,True,KXWZQOHJKSTKBM-UHFFFAOYSA-N,GKA_0724,6.0,False,
GKA_0725,gka_candidate,CHEMBL491322,,CCOC(=O)c1csc(NC(=O)c2cc(Sc3nncn3C)ccc2N)n1,True,HYOOETYSCFRNOM-UHFFFAOYSA-N,GKA_0725,7.0,False,
GKA_0726,gka_candidate,CHEMBL5080889,,COC[C@H](C)Oc1cc(Oc2ccc(S(C)(=O)=O)cc2)cc(C(=O)Nc2ccn(CP(C)(C)=O)n2)c1,True,TZPGVBYAUDGXTG-KRWDZBQOSA-N,GKA_0726,8.0,False,
GKA_0727,gka_candidate,CHEMBL2430851,,Cc1csc(Nc2ncc(Br)cc2OCc2ccccc2)n1,True,BVQJWGILQNRURY-UHFFFAOYSA-N,GKA_0727,9.0,False,
GKA_0728,gka_candidate,CHEMBL3763700,,COC(=O)/C=C/c1cnc2[nH]c(C(CC3CCCC3)c3ccc(S(C)(=O)=O)c(Cl)c3)cc2c1,True,ZGBUVZARNUTINR-JXMROGBWSA-N,GKA_0728,10.0,False,
GKA_0729,gka_candidate,CHEMBL3764711,,CCOP(=O)(OCC)c1ccc(C(CC2CCCC2)c2cc3cccnc3[nH]2)cc1Cl,True,SLFBSIWNCQBWFP-UHFFFAOYSA-N,GKA_0729,11.0,False,
GKA_0730,gka_candidate,CHEMBL4216606,,COC[C@H](C)Oc1cc(Oc2ccc(C(=O)N3CCC3)cc2)cc(C(=O)Nc2nc3c(s2)CN(C(=O)OC)CC3)c1,True,FZEADHFCJHPVBY-SFHVURJKSA-N,GKA_0730,12.0,False,
GKA_0731,gka_candidate,CHEMBL4574225,,CNC(=O)Nc1cc(Oc2cccnc2)c(-c2ccc(OCCO)nc2)cn1,True,HIJVQVFCIXVMMX-UHFFFAOYSA-N,GKA_0731,13.0,False,
GKA_0732,gka_candidate,CHEMBL5274471,,O=C(O)c1ccc(Oc2cnc(NC(=O)[C@@H](Oc3ccc(F)cc3F)c3ccc(S(=O)(=O)C4CC4)cc3)s2)cc1,True,XJFUEUNGZVAEIX-DEOSSOPVSA-N,GKA_0732,14.0,False,
GKA_0733,gka_candidate,CHEMBL3338070,,CNC(=O)Nc1ncc(Sc2ccccn2)cc1Oc1cccnc1C,True,ULIBCQGTCHBHOL-UHFFFAOYSA-N,GKA_0733,15.0,False,
GKA_0734,gka_candidate,CHEMBL2204648,,Cc1cnc(NC(=O)c2cc(Oc3ccc(C(=O)N(C)C)cc3)c3cn(C)nc3c2)cn1,True,VFNOJEBCZRXYMG-UHFFFAOYSA-N,GKA_0734,16.0,False,
GKA_0735,gka_candidate,CHEMBL3218491,,Cc1cc2c(Oc3cnc(C(=O)N4CC(C)(C)C4)cn3)cc(C(=O)Nc3cnccn3)cc2o1,True,OLOBSABWYJVWAO-UHFFFAOYSA-N,GKA_0735,1.0,False,
GKA_0736,gka_candidate,CHEMBL3358888,,CCn1nccc1Oc1cc(C[C@H]2C[C@@](C)(O)C2)cnc1NC(=O)NC,True,AZHFAXGDRCIDKF-QGGXVJLZSA-N,GKA_0736,2.0,False,
GKA_0737,gka_candidate,CHEMBL4574797,,CNC(=O)Nc1cc(Oc2cncc(OC)c2)c([C@H]2COCCC2(F)F)cn1,True,DETISJLWMDKKPO-CQSZACIVSA-N,GKA_0737,3.0,False,
GKA_0738,gka_candidate,CHEMBL576361,,COc1ccc2nc(NC(=O)C(CC3CCCC3)c3ccc(S(=O)(=O)NCc4ccccc4)cc3)sc2n1,True,QFFDCWUPOSBJMS-UHFFFAOYSA-N,GKA_0738,4.0,False,
GKA_0739,gka_candidate,CHEMBL550443,,CS(=O)(=O)c1ccc(Oc2cc(O[C@@H]3CCOC3)cc(C(=O)Nc3nccs3)c2)cc1,True,UQHVRVYGEAIGAH-MRXNPFEDSA-N,GKA_0739,5.0,False,
GKA_0740,gka_candidate,CHEMBL3959646,,O=C(O)c1ccc(NC(=O)C(Oc2ccc(Cl)cc2)c2ccc(S(=O)(=O)C3CC3)cc2)nc1,True,VICKYXCTCGJETM-UHFFFAOYSA-N,GKA_0740,6.0,False,
GKA_0741,gka_candidate,CHEMBL4574160,,CNC(=O)Nc1cc(Oc2cncc(C)c2)c(C(C)CO)cn1,True,ONLVFFJIOJFXPY-UHFFFAOYSA-N,GKA_0741,7.0,False,
GKA_0742,gka_candidate,CHEMBL3765308,,N#Cc1ccc(C(CC2CCCC2)c2cc3cccnc3[nH]2)cc1Cl,True,IBZGTEGDCVAHSL-UHFFFAOYSA-N,GKA_0742,8.0,False,
GKA_0743,gka_candidate,CHEMBL2204658,,CCn1cc2c(Oc3ccc(S(C)(=O)=O)cc3)cc(C(=O)Nc3cnc(C)cn3)cc2n1,True,VSJORLZCLQYWOQ-UHFFFAOYSA-N,GKA_0743,9.0,False,
GKA_0744,gka_candidate,CHEMBL2315026,,COC[C@H](C)Oc1cc(/C=C/c2cc(F)cc(F)c2F)cc(C(=O)Nc2ccc(C(=O)O)cn2)c1,True,NYWRKNHIUKEIJU-XGACYXMMSA-N,GKA_0744,10.0,False,
GKA_0745,gka_candidate,CHEMBL489334,,Cc1csc(NC(=O)c2cc(Sc3ncc[nH]3)ccc2N)n1,True,WQAJLXRHPKKTDU-UHFFFAOYSA-N,GKA_0745,11.0,False,
GKA_0746,gka_candidate,CHEMBL2206781,,COCCC(Sc1ncnc2c1cnn2-c1ccccc1Cl)C(=O)Nc1nc(C)cs1,True,IMPYIOYTNMCHNW-UHFFFAOYSA-N,GKA_0746,12.0,False,
GKA_0747,gka_candidate,CHEMBL2430856,,Cc1csc(Nc2ncc(Cl)cc2OCc2ccccc2)n1,True,ZDMGJDILJHSXTQ-UHFFFAOYSA-N,GKA_0747,13.0,False,
GKA_0748,gka_candidate,CHEMBL3221513,,C[C@H](CO)OC[C@H](Oc1ncnc2c1cnn2-c1ncccc1Cl)C(=O)Nc1ccc(F)cn1,True,UYUKOVWUXCJYGS-WBMJQRKESA-N,GKA_0748,14.0,False,
GKA_0749,gka_candidate,CHEMBL3927802,,CCS(=O)(=O)c1ccc(Oc2cc3cc(-c4ccc(C(F)(F)F)cn4)[nH]c3cc2C2CCC(=O)N2CC(=O)O)cc1,True,KKHGVRBDEBHWFR-UHFFFAOYSA-N,GKA_0749,15.0,False,
GKA_0750,gka_candidate,CHEMBL4647058,,CC(=O)N1CCC(c2nsc(Nc3ncc(Sc4ccccn4)cc3Oc3cccnc3)n2)CC1,True,RMMLINKWFXVLPJ-UHFFFAOYSA-N,GKA_0750,16.0,False,
GKA_0751,gka_candidate,CHEMBL3235160,,Cc1cccnc1-c1cc(Oc2ccc(S(C)(=O)=O)cc2)cc(C(=O)Nc2ccn(C)n2)c1,True,BLJWZLWQWDOSMG-UHFFFAOYSA-N,GKA_0751,1.0,False,
GKA_0752,gka_candidate,CHEMBL3352877,,CCn1nc(COC)cc1Oc1cc(CC2CCOCC2)cnc1NC(=O)NC,True,KFKCBULZNJTIAH-UHFFFAOYSA-N,GKA_0752,2.0,False,
GKA_0753,gka_candidate,CHEMBL3763854,,CC(=O)c1ccc(C(CC2CCCC2)c2cc3cccnc3[nH]2)cc1Cl,True,UMJURPMKEPWRDL-UHFFFAOYSA-N,GKA_0753,3.0,False,
GKA_0754,gka_candidate,CHEMBL4209159,,COCC(C)Oc1cc(Oc2cccc(S(C)(=O)=O)c2)cc(C(=O)Nc2nc3c(s2)CN(C(=O)OC(C)(C)C)CC3)c1,True,CBKZKRGRLRQDFO-UHFFFAOYSA-N,GKA_0754,4.0,False,
GKA_0755,gka_candidate,CHEMBL491323,,Cn1cnnc1Sc1ccc(N)c(C(=O)Nc2nc(CO)cs2)c1,True,LKZJPECMORAGJJ-UHFFFAOYSA-N,GKA_0755,5.0,False,
GKA_0756,gka_candidate,CHEMBL474354,,Cc1csc(NC(=O)c2cc(Oc3ccc(F)cc3)ccc2N)n1,True,SUPIDUIYHNMEGY-UHFFFAOYSA-N,GKA_0756,6.0,False,
GKA_0757,gka_candidate,CHEMBL475058,,Cc1csc(NC(=O)c2cc(Oc3ccccc3)cc(Oc3ccccc3S(C)(=O)=O)c2)n1,True,KIHFPLPVTMXHFP-UHFFFAOYSA-N,GKA_0757,7.0,False,
GKA_0758,gka_candidate,CHEMBL2408109,,CC(C)Oc1cc(Oc2ccc(S(C)(=O)=O)cc2)cc(-c2nccc(=O)[nH]2)c1,True,LEIBEWCOPLRTJN-UHFFFAOYSA-N,GKA_0758,8.0,False,
GKA_0759,gka_candidate,CHEMBL4468814,,CNC(=O)Nc1cc(Oc2c(F)cccc2F)ccn1,True,QUSPGQBMMOFJNY-UHFFFAOYSA-N,GKA_0759,9.0,False,
GKA_0760,gka_candidate,CHEMBL2314796,,COC[C@H](C)Oc1cc(/C=C/c2ccc([N+](=O)[O-])cc2)cc(C(=O)Nc2ccn(C)n2)c1,True,FLTYOOHTOGXMOU-APHBUQMISA-N,GKA_0760,10.0,False,
GKA_0761,gka_candidate,CHEMBL2314802,,COC[C@H](C)Oc1cc(/C=C/c2cc(F)cc(F)c2F)cc(C(=O)Nc2ccn(C)n2)c1,True,KCZDZHSVMLJCGN-NNTXTVRGSA-N,GKA_0761,11.0,False,
GKA_0762,gka_candidate,CHEMBL2314809,,COC[C@H](C)Oc1cc(CCc2cc(F)cc(F)c2F)cc(C(=O)Nc2ccn(C)n2)c1,True,KMYQYKGQDBBGMY-AWEZNQCLSA-N,GKA_0762,12.0,False,
GKA_0763,gka_candidate,CHEMBL2408119,,CC(C)Oc1cc(Oc2cnc(C(=O)N(C)C)nc2)cc(-c2nccc(=O)[nH]2)c1,True,ZDHXWYBRGMUZBA-UHFFFAOYSA-N,GKA_0763,13.0,False,
GKA_0764,gka_candidate,CHEMBL2204653,,CNS(=O)(=O)c1ccc(Oc2cc(C(=O)Nc3cnc(C)cn3)cc3nn(C)cc23)cc1,True,BKZRZYGNNBKORP-UHFFFAOYSA-N,GKA_0764,14.0,False,
GKA_0765,gka_candidate,CHEMBL3218480,,Cc1cnc(NC(=O)c2cc(Oc3ccc(S(C)(=O)=O)cc3)c3cc(C)oc3c2)cn1,True,XABGQMMZVDSFFZ-UHFFFAOYSA-N,GKA_0765,15.0,False,
GKA_0766,gka_candidate,CHEMBL3338068,,CCc1ncccc1Oc1cc(Sc2ccccn2)cnc1NC(=O)NCc1cccc(O)c1,True,RLVIXVHIIIXZMP-UHFFFAOYSA-N,GKA_0766,16.0,False,
GKA_0767,gka_candidate,CHEMBL573294,,COc1ccc2nc(NC(=O)C(CC3CCCC3)c3ccc(S(N)(=O)=O)cc3)sc2n1,True,MBGKLTPGMKMMBY-UHFFFAOYSA-N,GKA_0767,1.0,False,
GKA_0768,gka_candidate,CHEMBL575495,,COc1ccc2nc(NC(=O)C(CC3CCCC3)c3ccc(S(=O)(=O)NCc4ccco4)cc3)sc2n1,True,VYCOWOUFZJFBOD-UHFFFAOYSA-N,GKA_0768,2.0,False,
GKA_0769,gka_candidate,CHEMBL1783758,,CC(C)S(=O)(=O)c1ccn([C@@H](CC2CCCC2)C(=O)Nc2ccn(C)n2)c(=O)c1,True,FXUQPTPELRIKJU-KRWDZBQOSA-N,GKA_0769,3.0,False,
GKA_0770,gka_candidate,CHEMBL371462,,O=C(O)c1ccc(NC(=O)c2cccc(OCc3ccccc3Cl)c2)nc1,True,WTQUFLCBZNLWEN-UHFFFAOYSA-N,GKA_0770,4.0,False,
GKA_0771,gka_candidate,CHEMBL552350,,CCS(=O)(=O)c1ccc(Oc2cc3nc(-c4ccccn4)[nH]c3cc2[C@H]2CCCN2C(C)=O)cc1,True,YKLHMCDLIZAOMC-XMMPIXPASA-N,GKA_0771,5.0,False,
GKA_0772,gka_candidate,CHEMBL4470267,,CNC(=O)Nc1cc(Oc2cncc(OC)c2)c([C@@H]2COCC[C@@H]2O)cn1,True,AWJLMQBGAXWQAK-GJZGRUSLSA-N,GKA_0772,6.0,False,
GKA_0773,gka_candidate,CHEMBL4572115,,CCOc1cncc(Oc2cc(NC(=O)NC)ncc2-c2ccc(OCCO)nc2)c1,True,UBGFEQNFPUGRSW-UHFFFAOYSA-N,GKA_0773,7.0,False,
GKA_0774,gka_candidate,CHEMBL2408114,,COc1cnc(-c2cc(Oc3ccc(S(C)(=O)=O)cc3)cc(OC(C)C)c2)[nH]c1=O,True,RJQDHSHCSRWNGF-UHFFFAOYSA-N,GKA_0774,8.0,False,
GKA_0775,gka_candidate,CHEMBL561283,,CC(=O)N1CCCC1c1cc2[nH]c(-c3ccccn3)nc2cc1Oc1cccc(F)c1,True,JNWABOCNQRJLAV-UHFFFAOYSA-N,GKA_0775,9.0,False,
GKA_0776,gka_candidate,CHEMBL208197,,CC(C)Oc1cc(O[C@H](C)c2ccccc2)cc(C(=O)Nc2ccc(C(=O)O)cn2)c1,True,HGGYPMJLRJNOMY-MRXNPFEDSA-N,GKA_0776,10.0,False,
GKA_0777,gka_candidate,CHEMBL475057,,Cc1csc(NC(=O)c2cc(Oc3ccccc3S(C)(=O)=O)cc(OC(C)C)c2)n1,True,HEURRWQIVIAYGR-UHFFFAOYSA-N,GKA_0777,11.0,False,
GKA_0778,gka_candidate,CHEMBL2204650,,CCS(=O)(=O)c1ccc(Oc2cc(C(=O)Nc3cnc(C)cn3)cc3nn(C)cc23)cc1,True,XDESBYJMYYMFGZ-UHFFFAOYSA-N,GKA_0778,12.0,False,
GKA_0779,gka_candidate,CHEMBL1164268,,CCc1csc(NC(=O)C(CC2CCOCC2)c2ccc(S(C)(=O)=O)cc2)n1,True,ZTFCBYGXEPFXMG-UHFFFAOYSA-N,GKA_0779,13.0,False,
GKA_0780,gka_candidate,CHEMBL2346757,,Cc1cc(S(=O)(=O)C2CCCC2)cc(=O)n1C(CC1CCCCO1)C(=O)Nc1nccs1,True,HCVHVRCQVFIMNC-UHFFFAOYSA-N,GKA_0780,14.0,False,
GKA_0781,gka_candidate,CHEMBL2346900,,CS(=O)(=O)c1ccc2c(=O)n([C@@H](CC3CCCCC3)C(=O)Nc3nccs3)c(=O)[nH]c2c1,True,QVHADGBSQNHMJB-KRWDZBQOSA-N,GKA_0781,15.0,False,
GKA_0782,gka_candidate,CHEMBL2408124,,COC[C@H](C)Oc1cc(Oc2cnc(C(=O)N(C)C)nc2)cc(-c2nccc(=O)[nH]2)c1,True,HBIFNWXYLNVLIK-ZDUSSCGKSA-N,GKA_0782,16.0,False,
GKA_0783,gka_candidate,CHEMBL4297302,MK-0941,CCS(=O)(=O)c1ccc(Oc2cc(O[C@@H](C)CO)cc(C(=O)Nc3ccn(C)n3)c2)cn1,True,KJSGTWFWVTYPFZ-AWEZNQCLSA-N,GKA_0057,11.0,False,与 submitted_as 结构相同，结果按结构回填
GKA_0784,gka_candidate,CHEMBL4297399,LY-2608204,O=C(Nc1ncc(SCCN2CCCC2)s1)[C@]1(c2ccc(S(=O)(=O)C3CC3)cc2)C[C@H]1C1CCCCC1,True,QIIVJLHCZUTGSD-CUBQBAPOSA-N,GKA_0784,1.0,False,
GKA_0785,gka_candidate,CHEMBL4297508,DORZAGLIATIN,CC(C)C[C@@H](C(=O)Nc1ccn(C[C@@H](O)CO)n1)N1CC(Oc2ccccc2Cl)=CC1=O,True,HMUMWSORCUWQJO-QAPCUYQASA-N,GKA_0785,2.0,False,
GKA_0786,gka_candidate,CHEMBL5095182,GLOBALAGLIATIN HYDROCHLORIDE,O=C(Nc1ncc(SCCN2CCCC2)s1)[C@]1(c2ccc(S(=O)(=O)C3CC3)cc2)C[C@H]1C1CCCCC1,True,QIIVJLHCZUTGSD-CUBQBAPOSA-N,GKA_0784,1.0,False,与 submitted_as 结构相同，结果按结构回填
GKA_0787,gka_candidate,CHEMBL5095262,CADISEGLIATIN,CCCO[C@H]1CC[C@H](N(C(=O)Nc2ncc(SCC(=O)O)s2)C2CCCCC2)CC1,True,HPGJSAAUJGAMLV-QAQDUYKDSA-N,GKA_0787,3.0,False,
B3D_0001,bbb_control_b3db,BBBCTRL_001,moxalactam,COC1(NC(=O)C(C(=O)O)c2ccc(O)cc2)C(=O)N2C(C(=O)O)=C(CSc3nnnn3C)COC21,True,JWCSIUVGFCSJCK-UHFFFAOYSA-N,B3D_0001,0.0,True,
B3D_0002,bbb_control_b3db,BBBCTRL_002,schembl614298,CN1CC[C@]23c4c5ccc(OC6O[C@H](C(=O)O)[C@@H](O)[C@H](O)[C@H]6O)c4O[C@H]2[C@@H](O)C=C[C@H]3[C@H]1C5,True,WAEXKFONHRHFBZ-QMGRMYLDSA-N,B3D_0002,0.0,True,
B3D_0003,bbb_control_b3db,BBBCTRL_003,morphine-6-glucuronide,CN1CC[C@]23c4c5ccc(O)c4O[C@H]2[C@@H](OC2O[C@H](C(=O)O)[C@@H](O)[C@H](O)[C@H]2O)C=C[C@H]3[C@H]1C5,True,GNJCUHZOSOYIEC-FJUCOFCUSA-N,B3D_0003,1.0,False,
B3D_0004,bbb_control_b3db,BBBCTRL_004,"2-[4-(5-bromo-3-methylpyridin-2-yl)butylamino]-5-[(6-methylpyridin-3-yl)methyl]-1,3-diazinan-4-one",Cc1ccc(CC2CNC(NCCCCc3ncc(Br)cc3C)NC2=O)cn1,True,HODUKEZHHKVLBN-UHFFFAOYSA-N,B3D_0004,2.0,False,
B3D_0005,bbb_control_b3db,BBBCTRL_005,sucrose,OC[C@H]1O[C@@](CO)(O[C@H]2O[C@H](CO)[C@@H](O)[C@H](O)[C@H]2O)[C@@H](O)[C@@H]1O,True,CZMRCDWAGMRECN-UGDNZRGBSA-N,B3D_0005,3.0,False,
B3D_0006,bbb_control_b3db,BBBCTRL_006,schembl18285121,C=CCc1cccc(/C=N\NC(=O)CN2CCN(Cc3ccc(S(N)(=O)=O)cc3)CC2)c1O,True,YVADNIWEULZYRQ-MYYYXRDXSA-N,B3D_0006,4.0,False,
B3D_0007,bbb_control_b3db,BBBCTRL_007,y22,O=C(O)c1nc2ccc(C(F)(F)F)cc2nc1NCc1ccc(C(F)(F)F)cc1,True,FEJSMMIZTOMLEL-UHFFFAOYSA-N,B3D_0007,5.0,False,
B3D_0008,bbb_control_b3db,BBBCTRL_008,l4,CC(=O)NC1C(O)OC(COS(=O)(=O)O)C(OC2OC(COS(=O)(=O)O)C(O)C(O)C2O)C1O,True,UJOAXSJVYJPWAV-UHFFFAOYSA-N,B3D_0008,6.0,False,
B3D_0009,bbb_control_b3db,BBBCTRL_009,guanidinothiazol analogue 17 ac1lbibi -- pubmed,NC(N)=Nc1nc(-c2ccc(O)c(O)c2)cs1,True,PQHOEQGYFYWQLL-UHFFFAOYSA-N,B3D_0009,7.0,False,
B3D_0010,bbb_control_b3db,BBBCTRL_010,chembl151192,CCNc1cccnc1N1CCN(C(=O)c2cc3cc(NS(C)(=O)=O)ccc3[nH]2)CC1,True,VLRUPVDWIXYKGR-UHFFFAOYSA-N,B3D_0010,8.0,False,
B3D_0011,bbb_control_b3db,BBBCTRL_011,rifampicin,CO[C@H]1/C=C/O[C@@]2(C)Oc3c(C)c(O)c4c(O)c(c(/C=N/N5CCN(C)CC5)c(O)c4c3C2=O)NC(=O)C/C(C)=C\C=C\[C@@H](C)C(O)[C@@H](C)[C@H](O)[C@H](C)[C@H](OC(C)=O)[C@@H]1C,True,GLOJQGHACZHVEO-ZOCMDWSUSA-N,B3D_0011,9.0,False,
B3D_0012,bbb_control_b3db,BBBCTRL_012,"mdl 63,246",CN[C@H]1C(=O)N[C@@H]2Cc3ccc(cc3)Oc3cc4cc(c3O[C@@H]3O[C@H](CO)[C@@H](O)[C@H](O)[C@H]3NC(=O)CCCCCCCCC(C)C)Oc3ccc(cc3Cl)[C@@H](O)[C@@H]3NC(=O)[C@H](NC(=O)[C@@H]4NC(=O)[C@@H](NC2=O)c2cc(cc(O)c2Cl)Oc2cc1ccc2O)c1ccc(O)c(c1)-c1c(O[C@H]2O[C@H](CO)[C@@H](O)[C@H](O)[C@@H]2O)cc(O)cc1[C@@H](C(=O)NCCCN(C)C)NC3=O,True,YBHCRKSNNGPNKG-QEQRGNDBSA-N,,,False,人工排除（见 Step3_02_Manual_Exclusions.csv）
B3D_0013,bbb_control_b3db,BBBCTRL_013,cimetidine,CN=C(NC#N)NCCSCC1=NC=NC1C,True,IUQXOIVDUJHVIF-UHFFFAOYSA-N,B3D_0013,10.0,False,
B3D_0014,bbb_control_b3db,BBBCTRL_014,vardenafil,CCCc1nc(C)c2c(=O)[nH]c(-c3cc(S(=O)(=O)N4CCN(CC)CC4)ccc3OCC)nn12,True,SECKRCOLJRRGGV-UHFFFAOYSA-N,B3D_0014,11.0,False,
B3D_0015,bbb_control_b3db,BBBCTRL_015,sbb079053,NCc1c[n+]2ccccc2[nH]1,True,GBRIYMLJYQLICB-UHFFFAOYSA-O,B3D_0015,12.0,False,
B3D_0016,bbb_control_b3db,BBBCTRL_016,"1,3-dimethyl-2-(2-methylphenylimino)imidazolidine",Cc1ccccc1N=C1N(C)CCN1C,True,GECQYIJUASLOFZ-UHFFFAOYSA-N,B3D_0016,13.0,False,
B3D_0017,bbb_control_b3db,BBBCTRL_017,dcka,O=C(O)c1cc(=O)c2c(Cl)cc(Cl)cc2[nH]1,True,BGKFPRIGXAVYNX-UHFFFAOYSA-N,B3D_0017,14.0,False,
B3D_0018,bbb_control_b3db,BBBCTRL_018,sildenafil,CCCc1nn(C)c2c(=O)[nH]c(-c3cc(S(=O)(=O)N4CCN(C)CC4)ccc3OCC)nc12,True,BNRNXUUZRGQAQC-UHFFFAOYSA-N,B3D_0018,15.0,False,
B3D_0019,bbb_control_b3db,BBBCTRL_019,"n-(2,4-dimethylphenyl)-1,3-dimethylimidazolidin-2-imine",Cc1ccc(N=C2N(C)CCN2C)c(C)c1,True,WAWZQNKLTPPAKU-UHFFFAOYSA-N,B3D_0019,16.0,False,
B3D_0020,bbb_control_b3db,BBBCTRL_020,17 zm0241385,Nc1nc(NCCc2ccc(O)cc2)nc2nc(-c3ccco3)nn12,True,PWTBZOIUWZOPFT-UHFFFAOYSA-N,B3D_0020,1.0,False,
B3D_0021,bbb_control_b3db,BBBCTRL_021,l-dideoxyinosine,O=c1[nH]cnc2c1ncn2[C@@H]1CC[C@H](CO)O1,True,BXZVVICBKDXVGW-RQJHMYQMSA-N,B3D_0021,2.0,False,
B3D_0022,bbb_control_b3db,BBBCTRL_022,y12,CC(=O)Oc1ccc(/C=C/C(=O)NCCc2ccccc2)cc1OC(C)=O,True,GARHCDOTUULBOQ-PKNBQFBNSA-N,B3D_0022,3.0,False,
B3D_0023,bbb_control_b3db,BBBCTRL_023,acrivastine,Cc1ccc(/C(=C\CN2CCCC2)c2cccc(/C=C/C(=O)O)n2)cc1,True,PWACSDKDOHSSQD-IUTFFREVSA-N,B3D_0023,4.0,False,
B3D_0024,bbb_control_b3db,BBBCTRL_024,compound 35,CN(C)Cc1ccc(CSCCNC2N=CC=C2[N+](=O)[O-])o1,True,XLYBIDWGRCVKEW-UHFFFAOYSA-N,B3D_0024,5.0,False,
B3D_0025,bbb_control_b3db,BBBCTRL_025,sulphasalazine,O=C(O)c1cc(N=Nc2ccc(S(=O)(=O)Nc3ccccn3)cc2)ccc1O,True,NCEXYHBECQHGNR-UHFFFAOYSA-N,B3D_0025,0.0,True,
B3D_0026,bbb_control_b3db,BBBCTRL_026,clioquinol,Oc1c(I)cc(Cl)c2cccnc12,True,QCDFBFJGMNKBDO-UHFFFAOYSA-N,B3D_0026,0.0,True,
B3D_0027,bbb_control_b3db,BBBCTRL_027,bbcpd11 (cimetidine analog) (y-g13),CCNC(=NCCSCc1ncccc1Br)NC#N,True,QSVQYESUCVTVDQ-UHFFFAOYSA-N,B3D_0027,6.0,False,
B3D_0028,bbb_control_b3db,BBBCTRL_028,"uk-240,455",CS(=O)(=O)N(CCO)c1c(Cl)c(Cl)cc2[nH]c(=O)c(=O)[nH]c12,True,BGJHUMNCODFLCH-UHFFFAOYSA-N,B3D_0028,7.0,False,
B3D_0029,bbb_control_b3db,BBBCTRL_029,"l-701,324",O=c1[nH]c2cc(Cl)ccc2c(O)c1-c1cccc(Oc2ccccc2)c1,True,FLVRDMUHUXVRET-UHFFFAOYSA-N,B3D_0029,8.0,False,
B3D_0030,bbb_control_b3db,BBBCTRL_030,33419-42-0,COc1cc(C2c3cc4c(cc3C(OC3OC5COC(C)OC5C(O)C3O)C3COC(=O)C23)OCO4)cc(OC)c1O,True,VJJPUSNTGOMMGY-UHFFFAOYSA-N,B3D_0030,9.0,False,
B3D_0031,bbb_control_b3db,BBBCTRL_031,icotidine,COc1cccnc1CCCCNc1ncc(Cc2ccc(C)nc2)c(=O)[nH]1,True,GJCSPRIRQYWXRW-UHFFFAOYSA-N,B3D_0031,10.0,False,
B3D_0032,bbb_control_b3db,BBBCTRL_032,ro 64-0802,CCC(CC)O[C@@H]1C=C(C(=O)O)C[C@H](N)[C@@H]1NCOC,True,BDMYFOQWUPLTBP-XQQFMLRXSA-N,B3D_0032,11.0,False,
B3D_0033,bbb_control_b3db,BBBCTRL_033,temelastine,Cc1ccc(Cc2cnc(NCCCCc3ncc(Br)cc3C)[nH]c2=O)cn1,True,OGEAASSLWZDQBM-UHFFFAOYSA-N,B3D_0033,12.0,False,
B3D_0034,bbb_control_b3db,BBBCTRL_034,"disodium;(6r,7s)-7-[[4-(2-amino-1-carboxylato-2-oxoethylidene)-1,3-dithietane-2-carbonyl]amino]-7-methoxy-3-[(1-methyltetrazol-5-yl)sulfanylmethyl]-8-oxo-5-thia-1-azabicyclo[4.2.0]oct-2-ene-2-carboxylate",COC1(NC(=O)C2SC(=C(C(N)=O)C(=O)O)S2)C(=O)N2C(C(=O)O)=C(CSc3nnnn3C)CSC21,True,SRZNHPXWXCNNDU-UHFFFAOYSA-N,B3D_0034,13.0,False,
B3D_0035,bbb_control_b3db,BBBCTRL_035,cefotetan,CO[C@@]1(NC(=O)C2SC(=C(C(N)=O)C(=O)O)S2)C(=O)N2C(C(=O)O)=C(CSc3nnnn3C)CS[C@@H]21,True,SRZNHPXWXCNNDU-RHBCBLIFSA-N,B3D_0035,14.0,False,
B3D_0036,bbb_control_b3db,BBBCTRL_036,1848-75-5,c1ccc(NC2=NCCN2)cc1,True,JCOPITWIWLFFPC-UHFFFAOYSA-N,B3D_0036,15.0,False,
B3D_0037,bbb_control_b3db,BBBCTRL_037,m2l-663581,CN1Cc2c(-c3noc(C(C)(O)CO)n3)ncn2-c2cccc(Cl)c2C1=O,True,NHGAJMORWUZRDS-UHFFFAOYSA-N,B3D_0037,16.0,False,
B3D_0038,bbb_control_b3db,BBBCTRL_038,ritonavir,CC(C)c1nc(CN(C)C(=O)N[C@@H](C)C(=O)C[C@@H](Cc2ccccc2)C[C@H](O)[C@H](Cc2ccccc2)NC(=O)OCc2cncs2)cs1,True,PYELINRBJHJZDQ-LMWIOMQRSA-N,B3D_0038,1.0,False,
B3D_0039,bbb_control_b3db,BBBCTRL_039,bis-hydroxylated-l-663581,CN1Cc2c(-c3noc(C(C)(CO)CO)n3)ncn2-c2cccc(Cl)c2C1=O,True,OBUWKSYNYYMZNZ-UHFFFAOYSA-N,B3D_0039,2.0,False,
B3D_0040,bbb_control_b3db,BBBCTRL_040,raloxifene,O=C(c1ccc(OCCN2CCCCC2)cc1)c1c(-c2ccc(O)cc2)sc2cc(O)ccc12,True,GZUITABIAKMVPG-UHFFFAOYSA-N,B3D_0040,3.0,False,
B3D_0041,bbb_control_b3db,BBBCTRL_041,telmesteine,CCOC(=O)N1CSCC1C(=O)O,True,XBJWOGLKABXFJE-UHFFFAOYSA-N,B3D_0041,4.0,False,
B3D_0042,bbb_control_b3db,BBBCTRL_042,chlorambucil,O=C(O)CCCc1ccc(N(CCCl)CCCl)cc1,True,JCKYGMPEJWAADB-UHFFFAOYSA-N,B3D_0042,5.0,False,
B3D_0043,bbb_control_b3db,BBBCTRL_043,quercetin,O=C1c2c(O)cc(O)cc2CC(c2ccc(O)c(O)c2)C1O,True,ZKXUJOASIOXXRV-UHFFFAOYSA-N,B3D_0043,6.0,False,
B3D_0044,bbb_control_b3db,BBBCTRL_044,flurbiprofen,CC(C(=O)O)c1ccc(-c2ccccc2)c(F)c1,True,SYTBZMRGLBWNTM-UHFFFAOYSA-N,B3D_0044,7.0,False,
B3D_0045,bbb_control_b3db,BBBCTRL_045,mannitol (d-mannitol),OCC(O)C(O)C(O)C(O)CO,True,FBPFZTCFMRRESA-UHFFFAOYSA-N,B3D_0045,8.0,False,
B3D_0046,bbb_control_b3db,BBBCTRL_046,compound 34,CC(=O)Nc1cccc(-c2csc(N=C(N)N)n2)c1,True,BVPYPYSWYGKYAG-UHFFFAOYSA-N,B3D_0046,9.0,False,
B3D_0047,bbb_control_b3db,BBBCTRL_047,cube-2,CC(C)CC(=O)c1ccc(OCCCCO)cc1O,True,SWPPRGFQGVZSIN-UHFFFAOYSA-N,B3D_0047,10.0,False,
B3D_0048,bbb_control_b3db,BBBCTRL_048,cube-6,CC(C)CC(=O)c1ccc(OCCCCOc2ccc(CCC(=O)O)c(O)c2)cc1O,True,XVGHTMZUJMMFAT-UHFFFAOYSA-N,B3D_0048,11.0,False,
B3D_0049,bbb_control_b3db,BBBCTRL_049,cube-10,CC(C)CC(=O)c1ccc(OCCCCOc2ccc3ccc(=O)oc3c2)cc1O,True,CLQSJCIFSYYOLF-UHFFFAOYSA-N,B3D_0049,12.0,False,
B3D_0050,bbb_control_b3db,BBBCTRL_050,amethopterin,CN(Cc1cnc2nc(N)nc(N)c2n1)c1ccc(C(=O)NC(CCC(=O)O)C(=O)O)cc1,True,FBOZXECLQNJBKD-UHFFFAOYSA-N,B3D_0050,13.0,False,
B3D_0051,bbb_control_b3db,BBBCTRL_051,imatinib,Cc1ccc(NC(=O)c2ccc(CN3CCN(C)CC3)cc2)cc1Nc1nccc(-c2cccnc2)n1,True,KTUFNOKKBVMGRW-UHFFFAOYSA-N,B3D_0051,14.0,False,
B3D_0052,bbb_control_b3db,BBBCTRL_052,.alpha.-d-ddc,Nc1ccn([C@@H]2CC[C@@H](CO)O2)c(=O)n1,True,WREGKURFCTUGRC-XPUUQOCRSA-N,B3D_0052,15.0,False,
B3D_0053,bbb_control_b3db,BBBCTRL_053,4-hydroxyalprazolam,Cc1nnc2n1-c1ccc(Cl)cc1C(c1ccccc1)=NC2O,True,CEYGCFLPQFNPST-UHFFFAOYSA-N,B3D_0053,16.0,False,
B3D_0054,bbb_control_b3db,BBBCTRL_054,atenolol,CC(C)NC(O)COc1ccc(CC(N)=O)cc1,True,ASKBPIDMAJTIHH-UHFFFAOYSA-N,B3D_0054,1.0,False,
B3D_0055,bbb_control_b3db,BBBCTRL_055,biosone,CC1(C(=O)O)CCC2(C)CCC3(C)C(=CC(=O)C4C5(C)CCC(O)C(C)(C)C5CCC43C)C2C1,True,MPDGHEJMBKOTSU-UHFFFAOYSA-N,B3D_0055,2.0,False,
B3D_0056,bbb_control_b3db,BBBCTRL_056,151581-23-6,CCCn1c(=O)c2[nH]c(C3CCC(=O)C3)nc2n(CCC)c1=O,True,RUHGOZFOVBMWOO-UHFFFAOYSA-N,B3D_0056,3.0,False,
B3D_0057,bbb_control_b3db,BBBCTRL_057,apaxifylline,CCCn1c(=O)c2[nH]c([C@H]3CCC(=O)C3)nc2n(CCC)c1=O,True,RUHGOZFOVBMWOO-JTQLQIEISA-N,B3D_0057,4.0,False,
B3D_0058,bbb_control_b3db,BBBCTRL_058,chembl12325,COC(=O)Nc1nc2ccc(C(=O)N3CCN(c4ccccn4)CC3)cc2[nH]1,True,SINZZLKFRXIFDJ-UHFFFAOYSA-N,B3D_0058,5.0,False,
B3D_0059,bbb_control_b3db,BBBCTRL_059,sb 239063,COc1nccc(-c2c(-c3ccc(F)cc3)ncn2C2CCC(O)CC2)n1,True,ZQUSFAUAYSEREK-UHFFFAOYSA-N,B3D_0059,6.0,False,
B3D_0060,bbb_control_b3db,BBBCTRL_060,,CCOc1ccc(C(=O)c2cccc3ccccc23)c2ccccc12,True,PJDJPGOOOVJKMF-UHFFFAOYSA-N,B3D_0060,7.0,False,
B3D_0061,bbb_control_b3db,BBBCTRL_061,tz-17,Cc1ccccc1NC1=NCCN1,True,WLQWOUULTDRZTQ-UHFFFAOYSA-N,B3D_0061,8.0,False,
B3D_0062,bbb_control_b3db,BBBCTRL_062,atorvastatin,CC(C)c1c(C(=O)Nc2ccccc2)c(-c2ccccc2)c(-c2ccc(F)cc2)n1CC[C@@H](O)C[C@@H](O)CC(=O)O,True,XUKUURHRXDUEBC-KAYWLYCHSA-N,B3D_0062,9.0,False,
B3D_0063,bbb_control_b3db,BBBCTRL_063,benzoylecgonine,CN1[C@H]2CC[C@H]1[C@@H](CC(=O)O)[C@@H](OC(=O)c1ccccc1)C2,True,CFEAIVJTMABOIJ-XGUBFFRZSA-N,B3D_0063,10.0,False,
B3D_0064,bbb_control_b3db,BBBCTRL_064,"monohydroxy l-663,581 metabolite",CN1Cc2c(-c3noc(C(C)(C)O)n3)ncn2-c2cccc(Cl)c2C1=O,True,XHMYQXZLVLGNKX-UHFFFAOYSA-N,B3D_0064,11.0,False,
B3D_0065,bbb_control_b3db,BBBCTRL_065,sk&f 93319,CN(C)Cc1ccc(CSCCNc2nc(=O)c(Cc3ccc4ccccc4c3)c[nH]2)o1,True,UWWCRSMIORHGLM-UHFFFAOYSA-N,B3D_0065,12.0,False,
B3D_0066,bbb_control_b3db,BBBCTRL_066,sb-271406,COc1ccc(NS(=O)(=O)c2sc3ccc(Cl)cc3c2C)cc1N1CCNCC1,True,LOCQRDBFWSXQQI-UHFFFAOYSA-N,B3D_0066,13.0,False,
B3D_0067,bbb_control_b3db,BBBCTRL_067,skf 93319,COc1cccnc1CCCCNc1ncc(Cc2cccc(C)n2)c(=O)[nH]1,True,JHHMCTKQHPNCEX-UHFFFAOYSA-N,B3D_0067,14.0,False,
B3D_0068,bbb_control_b3db,BBBCTRL_068,4794-83-6,Cc1ccc(NC2=NCCN2)c(C)c1,True,QBXJXHODGDNKDJ-UHFFFAOYSA-N,B3D_0068,15.0,False,
B3D_0069,bbb_control_b3db,BBBCTRL_069,schembl1704876,Cc1nc(Nc2ncc(C(=O)Nc3c(Cl)cccc3Cl)s2)cc(N2CCN(CCO)CC2)n1,True,AQYKQVZJARJBMR-UHFFFAOYSA-N,B3D_0069,16.0,False,
B3D_0070,bbb_control_b3db,BBBCTRL_070,diclazuril,N#CC(c1ccc(Cl)cc1)c1c(Cl)cc(-n2ncc(=O)[nH]c2=O)cc1Cl,True,ZSZFUDFOPOMEET-UHFFFAOYSA-N,B3D_0070,1.0,False,
B3D_0071,bbb_control_b3db,BBBCTRL_071,compound-9,NCC1(Cc2noc(=O)[nH]2)CCCCC1,True,MOEZPHHJIZLEKX-UHFFFAOYSA-N,B3D_0071,2.0,False,
B3D_0072,bbb_control_b3db,BBBCTRL_072,diclofenac,O=C(O)Cc1ccccc1Nc1c(Cl)cccc1Cl,True,DCOPUUMXTXDBNB-UHFFFAOYSA-N,B3D_0072,3.0,False,
B3D_0073,bbb_control_b3db,BBBCTRL_073,didanosine,O=c1[nH]cnc2c1ncn2[C@H]1CC[C@@H](CO)O1,True,BXZVVICBKDXVGW-NKWVEPMBSA-N,B3D_0073,4.0,False,
B3D_0074,bbb_control_b3db,BBBCTRL_074,schembl13579049,COc1ccc2c(c1)C(CC(=O)O)C(C)N2C(=O)c1ccc(Cl)cc1,True,LCUUTQDVRHCQTB-UHFFFAOYSA-N,B3D_0074,5.0,False,
B3D_0075,bbb_control_b3db,BBBCTRL_075,zinc27644005,COc1ccc2c(c1)[C@@H](CC(=O)O)[C@H](C)N2C(=O)c1ccc(Cl)cc1,True,LCUUTQDVRHCQTB-NHYWBVRUSA-N,B3D_0075,6.0,False,
B3D_0076,bbb_control_b3db,BBBCTRL_076,p-phenylbenzoic acid,O=C(O)c1ccc(-c2ccccc2)cc1,True,NNJMFJSKMRYHSR-UHFFFAOYSA-N,B3D_0076,7.0,False,
B3D_0077,bbb_control_b3db,BBBCTRL_077,ls-190695,CN/C(=C\[N+](=O)[O-])NCCSCc1ccc(CN(C)C)o1,True,VMXUWOKSQNHOCA-UKTHLTGXSA-N,B3D_0077,8.0,False,
B3D_0078,bbb_control_b3db,BBBCTRL_078,ranitidine,CN/C(=N\C[N+](=O)[O-])NCCSCc1coc(CN(C)C)c1,True,SPSZZJPXYUXGMJ-UHFFFAOYSA-N,B3D_0078,9.0,False,
B3D_0079,bbb_control_b3db,BBBCTRL_079,ranitidine base,CNC(=C[N+](=O)[O-])NCCSCc1ccc(CN(C)C)o1,True,VMXUWOKSQNHOCA-UHFFFAOYSA-N,B3D_0079,10.0,False,
B3D_0080,bbb_control_b3db,BBBCTRL_080,digoxin,C[C@H]1O[C@@H](O[C@H]2[C@@H](O)C[C@H](O[C@H]3[C@@H](O)C[C@H](O[C@H]4CC[C@@]5(C)[C@H](CC[C@@H]6[C@@H]5C[C@@H](O)[C@]5(C)C(C7=CC(=O)OC7)CC[C@]65O)C4)O[C@@H]3C)O[C@@H]2C)C[C@H](O)[C@@H]1O,True,LTMHDMANZUZIPE-YUICGFAKSA-N,B3D_0080,11.0,False,
B3D_0081,bbb_control_b3db,BBBCTRL_081,compound 5,CO[C@H]1CN(CC2Cc3ccc(NC(=O)C(C)C)cc3C2)CCC1n1c(C)nc2cc(C)ccc21,True,LZBZURMZSQMQEB-HXFCYZAXSA-N,B3D_0081,12.0,False,
B3D_0082,bbb_control_b3db,BBBCTRL_082,ftc; emtricitabine,Nc1nc(=O)n([C@@H]2CS[C@H](CO)O2)cc1F,True,XQSPYNMVSIKCOC-NTSWFWBYSA-N,B3D_0082,13.0,False,
B3D_0083,bbb_control_b3db,BBBCTRL_083,bufotenine,CN(C)CCc1c[nH]c2ccc(O)cc12,True,VTTONGPRPXSUTJ-UHFFFAOYSA-N,B3D_0083,14.0,False,
B3D_0084,bbb_control_b3db,BBBCTRL_084,y-g12 (bbcpd10),CN(C)c1cc(-c2n[nH]c(N)n2)ccn1,True,LJSSPQRYKZTFBZ-UHFFFAOYSA-N,B3D_0084,15.0,False,
B3D_0085,bbb_control_b3db,BBBCTRL_085,72801-60-6,NC(N)=Nc1nc(-c2cccc(N)c2)cs1,True,QDNHJPYZKZDMNJ-UHFFFAOYSA-N,B3D_0085,16.0,False,
B3D_0086,bbb_control_b3db,BBBCTRL_086,chembl1950329,CCOc1ccc(Cc2nc3cc(N(C)S(=O)(=O)c4cccs4)ccc3n2CC2CCCCC2)nc1,True,YIEVWZCZMDYKQH-UHFFFAOYSA-N,B3D_0086,1.0,False,
B3D_0087,bbb_control_b3db,BBBCTRL_087,az599,CCS(=O)(=O)n1c2c(c3cc(C(=O)N4CCC(C)CC4)ccc31)CN(C1CCOCC1)CC2,True,UCMNIYFDRVBMFV-UHFFFAOYSA-N,B3D_0087,2.0,False,
B3D_0088,bbb_control_b3db,BBBCTRL_088,miltefosine,CCCCCCCCCCCCCCCCOP(=O)([O-])OCC[N+](C)(C)C,True,PQLXHQMOHUQAKB-UHFFFAOYSA-N,B3D_0088,3.0,False,
B3D_0089,bbb_control_b3db,BBBCTRL_089,bbcpd17,CN(C)Cc1ccc(SCCNc2[nH]ccc2[N+](=O)[O-])o1,True,OTGBLKZZZHLTFF-UHFFFAOYSA-N,B3D_0089,4.0,False,
B3D_0090,bbb_control_b3db,BBBCTRL_090,sulpiride,CCN1CCCC1CNC(=O)c1cc(S(N)(=O)=O)ccc1OC,True,BGRJTUBHPOOWDU-UHFFFAOYSA-N,B3D_0090,5.0,False,
B3D_0091,bbb_control_b3db,BBBCTRL_091,bromocriptine,CC(C)CC1C(=O)N2CCCC2C2(O)OC(NC(=O)C3C=C4c5cccc6[nH]c(Br)c(c56)CC4N(C)C3)(C(C)C)C(=O)N12,True,OZVBMTJYIDMWIL-UHFFFAOYSA-N,B3D_0091,6.0,False,
B3D_0092,bbb_control_b3db,BBBCTRL_092,bromocriptine,CC(C)C[C@H]1C(=O)N2CCC[C@H]2[C@]2(O)O[C@](NC(=O)[C@@H]3C=C4c5cccc6[nH]c(Br)c(c56)C[C@H]4N(C)C3)(C(C)C)C(=O)N12,True,OZVBMTJYIDMWIL-AYFBDAFISA-N,B3D_0092,7.0,False,
B3D_0093,bbb_control_b3db,BBBCTRL_093,ergotamine,CN1CC(C(=O)NC2(C)OC3(O)C4CCCN4C(=O)C(Cc4ccccc4)N3C2=O)CC2C3=CC=CC4NC=CC(=C34)CC21,True,XTQJOPSMZPNESC-UHFFFAOYSA-N,B3D_0093,8.0,False,
B3D_0094,bbb_control_b3db,BBBCTRL_094,lupitidine (y-g5; skf93479),Cc1ccc(Cc2cnc(NCCSCc3ccc(CN(C)C)o3)[nH]c2=O)cn1,True,IKEHSFKMCULMKJ-UHFFFAOYSA-N,B3D_0094,9.0,False,
B3D_0095,bbb_control_b3db,BBBCTRL_095,phenylbutazone,CCCCC1C(=O)N(c2ccccc2)N(c2ccccc2)C1=O,True,VYMDGNCVAMGZFE-UHFFFAOYSA-N,B3D_0095,10.0,False,
B3D_0096,bbb_control_b3db,BBBCTRL_096,gefitinib,COc1cc2ncnc(Nc3ccc(F)c(Cl)c3)c2cc1OCCCN1CCOCC1,True,XGALLCVXEZPNRQ-UHFFFAOYSA-N,B3D_0096,11.0,False,
B3D_0097,bbb_control_b3db,BBBCTRL_097,11-cis retinoic acid,CC(C=CC1=C(C)CCCC1(C)C)=CC=CC(C)=CC(=O)O,True,SHGAZHPCJJPHSC-UHFFFAOYSA-N,B3D_0097,12.0,False,
B3D_0098,bbb_control_b3db,BBBCTRL_098,stavudine,Cc1cn(C2C=CC(CO)O2)c(=O)[nH]c1=O,True,XNKLLVCARDGLGL-UHFFFAOYSA-N,B3D_0098,13.0,False,
B3D_0099,bbb_control_b3db,BBBCTRL_099,phenothiazine,CN(C)CCCN1c2ccccc2[S+]([O-])c2ccccc21,True,KSHDHDWHIWBNHA-UHFFFAOYSA-N,B3D_0099,14.0,False,
B3D_0100,bbb_control_b3db,BBBCTRL_100,chembl385336,CCc1ccc(-n2cnc3c(sc4nccc(N(C)C)c43)c2=O)cc1,True,VCUKKMIXURRDKL-UHFFFAOYSA-N,B3D_0100,15.0,False,
B3D_0101,bbb_control_b3db,BBBCTRL_101,temozolomide,Cn1nnc2c(C(N)=O)ncn2c1=O,True,BPEGJWRSRHCHSN-UHFFFAOYSA-N,B3D_0101,16.0,False,
B3D_0102,bbb_control_b3db,BBBCTRL_102,chembl148058,NC(=O)c1ccc(S(=O)(=O)C2CCN(CCc3ccc(F)cc3F)CC2)cc1,True,BYFGXTUYWNOQIF-UHFFFAOYSA-N,B3D_0102,1.0,False,
B3D_0103,bbb_control_b3db,BBBCTRL_103,skb30 (npropylacetamide33npiperidinylmethylphenoxy),CC(=O)NCCCOc1cccc(CN2CCCCC2)c1,True,FAXLXLJWHQJMPK-UHFFFAOYSA-N,B3D_0103,2.0,False,
B3D_0104,bbb_control_b3db,BBBCTRL_104,chembl239975,O=C(c1ccc(F)cc1)N1CCN(c2ccc(OCCCN3CCCCC3)cc2)C(=O)C1,True,GXILWBIQFGWJQN-UHFFFAOYSA-N,B3D_0104,3.0,False,
B3D_0105,bbb_control_b3db,BBBCTRL_105,flesinoxan,O=C(NCCN1CCN(c2cccc3c2OCC(CO)O3)CC1)c1ccc(F)cc1,True,NYSDRDDQELAVKP-UHFFFAOYSA-N,B3D_0105,4.0,False,
B3D_0106,bbb_control_b3db,BBBCTRL_106,flesinoxan,O=C(NCCN1CCN(c2cccc3c2OC[C@H](CO)O3)CC1)c1ccc(F)cc1,True,NYSDRDDQELAVKP-SFHVURJKSA-N,B3D_0106,5.0,False,
B3D_0107,bbb_control_b3db,BBBCTRL_107,,CCCN(CCC)CCc1cc(O)c2c(c1)CC(=O)N2,True,FQDZXGPOHMPKKA-UHFFFAOYSA-N,B3D_0107,6.0,False,
B3D_0108,bbb_control_b3db,BBBCTRL_108,fleroxacin,CN1CCN(c2c(F)cc3c(=O)c(C(=O)O)cn(CCF)c3c2F)CC1,True,XBJBPGROQZJDOJ-UHFFFAOYSA-N,B3D_0108,7.0,False,
B3D_0109,bbb_control_b3db,BBBCTRL_109,cycloleucine,NC1(C(=O)O)CCCC1,True,NILQLFBWTXNUOE-UHFFFAOYSA-N,B3D_0109,8.0,False,
B3D_0110,bbb_control_b3db,BBBCTRL_110,dibudipine,CC1=C(C(=O)OC(C)(C)C)C(c2cccc([N+](=O)[O-])c2)C(C(=O)OC(C)(C)C)=C(C)N1,True,WLWXEUYUQXEKTI-UHFFFAOYSA-N,B3D_0110,9.0,False,
B3D_0111,bbb_control_b3db,BBBCTRL_111,topotecan,CC[C@@]1(O)C(=O)OCc2c1cc1n(c2=O)Cc2cc3c(CN(C)C)c(O)ccc3nc2-1,True,UCFGDBYHRUNTLO-QHCPKHFHSA-N,B3D_0111,10.0,False,
B3D_0112,bbb_control_b3db,BBBCTRL_112,topotecan,CC[S@@]1(O)C(=O)OCc2c1cc1n(c2=O)Cc2cc3cc(CN(C)C)c(O)cc3nc2-1,True,BIHPCFKKWGRUSS-UHFFFAOYSA-N,B3D_0112,11.0,False,
B3D_0113,bbb_control_b3db,BBBCTRL_113,pfizer compound 14,COc1cc2c(cc1CNC1CCCNC1c1ccccc1)N(S(C)(=O)=O)C(C)C2,True,YZFSCLLJPJPXBQ-UHFFFAOYSA-N,B3D_0113,12.0,False,
B3D_0114,bbb_control_b3db,BBBCTRL_114,mgs0028,N[C@@]1(C(=O)O)CC(=O)[C@@H]2[C@H]1[C@@]2(F)C(=O)O,True,KFAGJPNFERWZJA-JKBXLQNXSA-N,B3D_0114,13.0,False,
B3D_0115,bbb_control_b3db,BBBCTRL_115,chembl1190347,O=C(c1ccc(Cl)cc1)N1CCN(c2ccc(OC3CCN(C4CCC4)CC3)cc2)C(=O)C1,True,WILIBJHNOGVKBM-UHFFFAOYSA-N,B3D_0115,14.0,False,
B3D_0116,bbb_control_b3db,BBBCTRL_116,compound 6h,COc1cc(Nc2nn3c(NC(CO)C(C)C)cc(C4CC4)nc3c2C(N)=O)cc(OC)c1,True,RKZGRKFZKLGNHH-UHFFFAOYSA-N,B3D_0116,15.0,False,
B3D_0117,bbb_control_b3db,BBBCTRL_117,sb 649915,Cc1ccc2c(OCCN3CCC(Cc4ccc5c(c4)NC(=O)CO5)CC3)cccc2n1,True,PJSUYRBCBFPCQW-UHFFFAOYSA-N,B3D_0117,16.0,False,
B3D_0118,bbb_control_b3db,BBBCTRL_118,alpha-(4-pyridyl-1-oxide)-n-tert-butylnitrone,CC(C)(C)[N+](=O)C=C1C=CN([O-])C=C1,True,RNRMWTCECDHNQU-UHFFFAOYSA-N,B3D_0118,1.0,False,
B3D_0119,bbb_control_b3db,BBBCTRL_119,nolpitantium,CC(C)Oc1cccc(CC(=O)N2CCC[C@](CC[N+]34CCC(c5ccccc5)(CC3)CC4)(c3ccc(Cl)c(Cl)c3)C2)c1,True,RPDFDSQFBCJTDY-GAQXSTBRSA-N,B3D_0119,2.0,False,
B3D_0120,bbb_control_b3db,BBBCTRL_120,escitalopram,CN(C)CCC[C@@]1(c2ccc(F)cc2)OCc2cc(C#N)ccc21,True,WSEQXVZVJXJVFP-FQEVSTJZSA-N,B3D_0120,3.0,False,
B3D_0121,bbb_control_b3db,BBBCTRL_121,pfizer compound 18,COc1ccc(N(c2nc(C)c(C)s2)S(C)(=O)=O)cc1CNC1CCCNC1c1ccccc1,True,XVUGPUBFELWEAK-UHFFFAOYSA-N,B3D_0121,4.0,False,
B3D_0122,bbb_control_b3db,BBBCTRL_122,liv-20a,O=C(OCc1ccccc1)N1CCC(CNc2ncccn2)CC1,True,RBKBGIONDAWNLO-UHFFFAOYSA-N,B3D_0122,5.0,False,
B3D_0123,bbb_control_b3db,BBBCTRL_123,mesoridazine,CC(=O)C1CSc2ccccc2N1CCC1CCCCN1C,True,FQDTWONCAFJIDM-UHFFFAOYSA-N,B3D_0123,6.0,False,
B3D_0124,bbb_control_b3db,BBBCTRL_124,schembl11119364,CC1c2ccccc2N(C(N)=O)c2ccccc2C1C,True,LHOPRWMVPXVFBR-UHFFFAOYSA-N,B3D_0124,7.0,False,
B3D_0125,bbb_control_b3db,BBBCTRL_125,"carbamazepine, 9,10-epoxide",NC(=O)C1c2ccccc2C2OC2c2ccccc21,True,NMQDLHGETBRRJD-UHFFFAOYSA-N,B3D_0125,8.0,False,
B3D_0126,bbb_control_b3db,BBBCTRL_126,cbz-epo,NC(=O)N1c2ccccc2C2CC2c2ccccc21,True,XXUUSHCGVZBAOU-UHFFFAOYSA-N,B3D_0126,9.0,False,
B3D_0127,bbb_control_b3db,BBBCTRL_127,risperidone,Cc1nc2n(c(=O)c1CCN1CCC(c3coc4cc(F)ccc34)CC1)CCCC2,True,CCCBULVFQMYIJZ-UHFFFAOYSA-N,B3D_0127,10.0,False,
B3D_0128,bbb_control_b3db,BBBCTRL_128,schembl8639797,CC(=O)Cn1nc(-c2c(-c3ccccc3)nn3ccccc23)ccc1=O,True,QATXIDMQXCGKIY-UHFFFAOYSA-N,B3D_0128,11.0,False,
B3D_0129,bbb_control_b3db,BBBCTRL_129,b-096,NC(=O)N1c2ccccc2C2OC2c2ccccc21,True,ZRWWEEVEIOGMMT-UHFFFAOYSA-N,B3D_0129,12.0,False,
B3D_0130,bbb_control_b3db,BBBCTRL_130,16a-fluoroestradiol,CC12CCC3c4ccc(O)cc4CCC3C1CC(F)C2O,True,KDLLNMRYZGUVMA-UHFFFAOYSA-N,B3D_0130,13.0,False,
B3D_0131,bbb_control_b3db,BBBCTRL_131,cyclobarbital,CCC1(C2=CCCCC2)C(=O)NC(=O)NC1=O,True,WTYGAUXICFETTC-UHFFFAOYSA-N,B3D_0131,14.0,False,
B3D_0132,bbb_control_b3db,BBBCTRL_132,fg-8205,CC(C)c1nc(-c2ncn3c2CN(C)C(=O)c2c(Cl)cccc2-3)no1,True,SEWXZWMBVGJJPG-UHFFFAOYSA-N,B3D_0132,15.0,False,
B3D_0133,bbb_control_b3db,BBBCTRL_133,16alpha-fluoroestradiol,C[C@]12CC[C@@H]3c4ccc(O)cc4CC[C@H]3[C@@H]1C[C@H](F)[C@@H]2O,True,KDLLNMRYZGUVMA-ZMSHIADSSA-N,B3D_0133,16.0,False,
B3D_0134,bbb_control_b3db,BBBCTRL_134,dpdpe,CC1(C)SSC(C)(C)[C@@H](NC(=O)C(N)Cc2ccc(O)cc2)C(=O)NCC(=O)NC(Cc2ccccc2)C(=O)N[C@@H]1C(=O)O,True,MCMMCRYPQBNCPH-BRLSKQCNSA-N,B3D_0134,1.0,False,
B3D_0135,bbb_control_b3db,BBBCTRL_135,dpdpe,CC1(C)SSC(C)(C)[C@@H](NC(=O)[C@@H](N)Cc2ccc(O)cc2)C(=O)NCC(=O)N[C@@H](Cc2ccccc2)C(=O)N[C@H]1C(=O)O,True,MCMMCRYPQBNCPH-WMIMKTLMSA-N,B3D_0135,2.0,False,
B3D_0136,bbb_control_b3db,BBBCTRL_136,theobromine,CC1C=Nc2c1c(=O)[nH]c(=O)n2C,True,NAPWTTYURSOZMU-UHFFFAOYSA-N,B3D_0136,3.0,False,
B3D_0137,bbb_control_b3db,BBBCTRL_137,78755-81-4,CCOC(=O)c1ncn2c1CN(C)C(=O)c1cc(F)ccc1-2,True,OFBIFZUFASYYRE-UHFFFAOYSA-N,B3D_0137,4.0,False,
B3D_0138,bbb_control_b3db,BBBCTRL_138,"theobromine (3,7-dimethylxanthine)",Cn1cnc2c1c(=O)[nH]c(=O)n2C,True,YAPQBXQYLJRXSA-UHFFFAOYSA-N,B3D_0138,5.0,False,
B3D_0139,bbb_control_b3db,BBBCTRL_139,ns 1738,O=C(Nc1cc(Cl)ccc1O)Nc1cc(C(F)(F)F)ccc1Cl,True,OUDXRNQPVSMGDW-UHFFFAOYSA-N,B3D_0139,6.0,False,
B3D_0140,bbb_control_b3db,BBBCTRL_140,camptothecin,CC[C@@]1(O)C(=O)OCc2c1cc1n(c2=O)Cc2cc3ccccc3nc2-1,True,VSJKWCGYPAHWDS-FQEVSTJZSA-N,B3D_0140,7.0,False,
B3D_0141,bbb_control_b3db,BBBCTRL_141,camptothecin,CC[S@@]1(O)C(=O)OCc2c1cc1n(c2=O)Cc2cc3ccccc3nc2-1,True,MISKOWJZICPRSK-UHFFFAOYSA-N,B3D_0141,8.0,False,
B3D_0142,bbb_control_b3db,BBBCTRL_142,112598-49-9,CN(C)Cc1ccnc(-c2cccc(Nc3[nH]ccc3[N+](=O)[O-])c2)c1,True,PYCFDUKKBNGLNC-UHFFFAOYSA-N,B3D_0142,9.0,False,
B3D_0143,bbb_control_b3db,BBBCTRL_143,chembl358151,CN(C)Cc1ccc(-c2cccc(Nc3[nH]ccc3[N+](=O)[O-])c2)o1,True,FCVQVRVNPCWHDM-UHFFFAOYSA-N,B3D_0143,10.0,False,
B3D_0144,bbb_control_b3db,BBBCTRL_144,bbcpd18 (ranitidine analog),CN(C)c1ccc(-c2cccc(Nc3[nH]ccc3[N+](=O)[O-])c2)o1,True,PNVBERWMIFHQIB-UHFFFAOYSA-N,B3D_0144,11.0,False,
B3D_0145,bbb_control_b3db,BBBCTRL_145,alaptide,C[C@@H]1NC(=O)C2(CCCC2)NC1=O,True,LTRSPDHUDXWHRY-LURJTMIESA-N,B3D_0145,12.0,False,
B3D_0146,bbb_control_b3db,BBBCTRL_146,i-1,CN1CN(c2ccccc2)C2(CCN(CCCC(=O)c3csc(I)c3)CC2)C1=O,True,VLWVQANQRIZPGR-UHFFFAOYSA-N,B3D_0146,13.0,False,
B3D_0147,bbb_control_b3db,BBBCTRL_147,loperamide,CN(C)C(=O)C(CCCN1CCC(O)(c2ccc(Cl)cc2)CC1)(c1ccccc1)c1ccccc1,True,DZXOIEFWGGYJAE-UHFFFAOYSA-N,B3D_0147,14.0,False,
B3D_0148,bbb_control_b3db,BBBCTRL_148,99632-94-7,CN1Cc2c(C(=O)OC(C)(C)C)ncn2-c2ccsc2C1=O,True,ZIGMMUKDYCABPW-UHFFFAOYSA-N,B3D_0148,15.0,False,
B3D_0149,bbb_control_b3db,BBBCTRL_149,chembl478224,CNC(=O)c1c(NCC2CCC3(CCC3)CC2)nc(C#N)nc1OC1CC(C)(C)NC(C)(C)C1,True,FDHGENAHJDLTJT-UHFFFAOYSA-N,B3D_0149,16.0,False,
B3D_0150,bbb_control_b3db,BBBCTRL_150,bbcpd21,O=C(NCCCOc1cccc(CN2CCCCC2)c1)c1ccccc1,True,IKQPZPCUEJJIRL-UHFFFAOYSA-N,B3D_0150,1.0,False,
B3D_0151,bbb_control_b3db,BBBCTRL_151,1-(3-fluoropropyl)-2-nitroimidazole (fpn),O=[N+]([O-])c1nccn1CCCF,True,IZLMHZNPHNYQDM-UHFFFAOYSA-N,B3D_0151,2.0,False,
B3D_0152,bbb_control_b3db,BBBCTRL_152,222722-65-8,CC(C)(O)Cn1nc(-c2c(-c3ccccc3)nn3ccccc23)ccc1=O,True,DAFCHQXXMZCOOE-UHFFFAOYSA-N,B3D_0152,3.0,False,
B3D_0153,bbb_control_b3db,BBBCTRL_153,schembl5488979,CCCN(CC1CC1)c1nc(C)nc2c1CCN2c1ccc(Cl)cc1Cl,True,IAUVMKVMXOOFMS-UHFFFAOYSA-N,B3D_0153,4.0,False,
B3D_0154,bbb_control_b3db,BBBCTRL_154,ticalopride,COc1cc(N)c(Cl)cc1C(=O)NC1CCNCC1OC,True,OMLDMGPCWMBPAN-UHFFFAOYSA-N,B3D_0154,5.0,False,
B3D_0155,bbb_control_b3db,BBBCTRL_155,pfizer compound 16,COc1ccc(N2CCCC2=O)cc1CNC1CCCNC1c1ccccc1,True,RSULMLYEIFKILJ-UHFFFAOYSA-N,B3D_0155,6.0,False,
B3D_0156,bbb_control_b3db,BBBCTRL_156,cortisol,C[C@]12CCC(=O)C=C1CC[C@H]1[C@@H]2[C@@H](O)C[C@@]2(C)[C@H]1CC[C@]2(O)C(=O)CO,True,JYGXADMDTFJGBT-IRZSNYKVSA-N,B3D_0156,7.0,False,
B3D_0157,bbb_control_b3db,BBBCTRL_157,schembl4036207,Cc1cccc(Cl)c1Nc1nc2ccc(N3CCNC(C)C3)nc2n2cncc12,True,PUNYTBZWCMNSRO-UHFFFAOYSA-N,B3D_0157,8.0,False,
B3D_0158,bbb_control_b3db,BBBCTRL_158,abacavir,Nc1nc(NC2CC2)c2ncn([C@H]3C=C[C@H](CO)C3)c2n1,True,MCGSCOLBFJQGHM-WPRPVWTQSA-N,B3D_0158,9.0,False,
B3D_0159,bbb_control_b3db,BBBCTRL_159,fluconazole,OC(Cn1cncn1)(Cn1cncn1)c1ccc(F)cc1F,True,RFHAOTPXVQNOHP-UHFFFAOYSA-N,B3D_0159,10.0,False,
B3D_0160,bbb_control_b3db,BBBCTRL_160,quinidine,C=C[C@H]1CN2CCC1C[C@@H]2[C@@H](O)c1ccnc2ccc(OC)cc12,True,LOUPRKONTZGTKE-NBGVHYBESA-N,B3D_0160,11.0,False,
B3D_0161,bbb_control_b3db,BBBCTRL_161,tz-3,Fc1cccc(F)c1N=C1NCCN1,True,IUWWOCDHDVOZOJ-UHFFFAOYSA-N,B3D_0161,12.0,False,
B3D_0162,bbb_control_b3db,BBBCTRL_162,indole-based mchr1 antagonist(7a),O=C(Cc1ccc(OCc2ccccc2)cc1)Nc1ccc2cnn(CCN3CCCC3)c2c1,True,OMZPZOSWJGZBRV-UHFFFAOYSA-N,B3D_0162,13.0,False,
B3D_0163,bbb_control_b3db,BBBCTRL_163,liv-21,O=C(OCc1ccccc1)N1CCC(CNc2ccncn2)CC1,True,YCMQHZLCRNKFNN-UHFFFAOYSA-N,B3D_0163,14.0,False,
B3D_0164,bbb_control_b3db,BBBCTRL_164,thioperamide,S=C(NC1CCCCC1)N1CCC(c2cnc[nH]2)CC1,True,QKDDJDBFONZGBW-UHFFFAOYSA-N,B3D_0164,15.0,False,
B3D_0165,bbb_control_b3db,BBBCTRL_165,prednisolone,C[C@]12C=CC(=O)C=C1CC[C@@H]1[C@@H]2C(O)C[C@@]2(C)[C@H]1CC[C@]2(O)C(=O)CO,True,OIGNJSKKLXVSLS-KZUKIWJVSA-N,B3D_0165,16.0,False,
B3D_0166,bbb_control_b3db,BBBCTRL_166,201038-74-6,CC1CCN(CC[C@H]2CCCN2S(=O)(=O)c2cccc(O)c2)CC1,True,HWKROQUZSKPIKQ-MRXNPFEDSA-N,B3D_0166,1.0,False,
B3D_0167,bbb_control_b3db,BBBCTRL_167,2-oxo-4-[3-(trifluoromethoxy)anilino]-6-methyl-3-cyclohexene-1-carboxylic acid methyl ester,COC(=O)C1C(=O)C=C(Nc2cccc(OC(F)(F)F)c2)CC1C,True,ZLEQCGLRXGQXNI-UHFFFAOYSA-N,B3D_0167,2.0,False,
B3D_0168,bbb_control_b3db,BBBCTRL_168,pralidoxime,C[n+]1ccccc1/C=N/O,True,JBKPUQTUERUYQE-UHFFFAOYSA-O,B3D_0168,3.0,False,
B3D_0169,bbb_control_b3db,BBBCTRL_169,1-(8-fluorooctyl)-2-nitroimidazole (fon),O=[N+]([O-])c1nccn1CCCCCCCCF,True,KXCXQGSWBPDUKN-UHFFFAOYSA-N,B3D_0169,4.0,False,
B3D_0170,bbb_control_b3db,BBBCTRL_170,pefloxacin,CCn1cc(C(=O)O)c(=O)c2cc(F)c(N3CCN(C)CC3)cc21,True,FHFYDNQZQSQIAI-UHFFFAOYSA-N,B3D_0170,5.0,False,
B3D_0171,bbb_control_b3db,BBBCTRL_171,vorozole,Cn1nnc2ccc(C(c3ccc(Cl)cc3)n3cncn3)cc21,True,XLMPPFTZALNBFS-UHFFFAOYSA-N,B3D_0171,6.0,False,
B3D_0172,bbb_control_b3db,BBBCTRL_172,epinastine,NC1=NCC2c3ccccc3Cc3ccccc3N12,True,WHWZLSFABNNENI-UHFFFAOYSA-N,B3D_0172,7.0,False,
B3D_0173,bbb_control_b3db,BBBCTRL_173,daidzein ok,O=c1c(-c2ccc(O)cc2)coc2cc(O)ccc12,True,ZQSIJRDFPHDXIC-UHFFFAOYSA-N,B3D_0173,8.0,False,
B3D_0174,bbb_control_b3db,BBBCTRL_174,sr-4688,CC(=O)/C=C/c1cccs1,True,CIMALVIHZVKKPE-SNAWJCMRSA-N,B3D_0174,9.0,False,
B3D_0175,bbb_control_b3db,BBBCTRL_175,u 88703,CC(C)Nc1cccnc1N1CCNCC1,True,COALJHRGWIXLFP-UHFFFAOYSA-N,B3D_0175,10.0,False,
B3D_0176,bbb_control_b3db,BBBCTRL_176,fluoroethylflumazenil f-18,CCOC(=O)c1ncn2c1CN(CC[18F])C(=O)c1cc(F)ccc1-2,True,NRBIGDVWCXXFLI-SJPDSGJFSA-N,B3D_0176,11.0,False,
B3D_0177,bbb_control_b3db,BBBCTRL_177,mchr antagonist 8,O=c1cc(NC2CCN(Cc3ccc4c(c3)CCO4)CC2)c2cc(Cl)ccc2o1,True,HXHZJLLLLXIFNR-UHFFFAOYSA-N,B3D_0177,12.0,False,
B3D_0178,bbb_control_b3db,BBBCTRL_178,chembl1950330,C=CCn1c2c(c3cc(C(=O)N4CCC(C)CC4)ccc31)CN(CC1CC1)CC2,True,ATFPKCCWKBNASV-UHFFFAOYSA-N,B3D_0178,13.0,False,
B3D_0179,bbb_control_b3db,BBBCTRL_179,bisphenol a,CC(C)(c1ccc(O)cc1)c1ccc(O)cc1,True,IISBACLAFKSPIT-UHFFFAOYSA-N,B3D_0179,14.0,False,
B3D_0180,bbb_control_b3db,BBBCTRL_180,chebi: 337303,O=[N+]([O-])c1c(Cc2ccccc2)c[nH]c1NCCSCc1ccccn1,True,JRFXCOPGCQLSLL-UHFFFAOYSA-N,B3D_0180,15.0,False,
B3D_0181,bbb_control_b3db,BBBCTRL_181,151-83-7,C=CCC1(C(C)C#CCC)C(=O)NC(=O)N(C)C1=O,True,NZXKDOXHBHYTKP-UHFFFAOYSA-N,B3D_0181,16.0,False,
B3D_0182,bbb_control_b3db,BBBCTRL_182,progesterone,CC(=O)[C@H]1CC[C@H]2[C@@H]3CCC4=CC(=O)CC[C@]4(C)[C@H]3CC[C@]12C,True,RJKFOVLPORLFTN-LEKSSAKUSA-N,B3D_0182,1.0,False,
B3D_0183,bbb_control_b3db,BBBCTRL_183,ffmz,CC(F)OC(=O)c1ncn2c1CN(C)C(=O)c1cc(F)ccc1-2,True,VBDHBHIFSRQXKE-UHFFFAOYSA-N,B3D_0183,2.0,False,
B3D_0184,bbb_control_b3db,BBBCTRL_184,kcl-440,CN(C)Cc1ccc(-c2c[nH]c(=O)c3cccc(O)c23)cc1,True,NCBXZVLOVKDCMW-UHFFFAOYSA-N,B3D_0184,3.0,False,
B3D_0185,bbb_control_b3db,BBBCTRL_185,prucalopride,COCCCN1CCC(NC(=O)c2cc(Cl)c(N)c3c2OCC3)CC1,True,ZPMNHBXQOOVQJL-UHFFFAOYSA-N,B3D_0185,4.0,False,
B3D_0186,bbb_control_b3db,BBBCTRL_186,"rofecoxib, vioxx",CS(=O)(=O)c1ccc(C2=C(c3ccccc3)C(=O)OC2)cc1,True,RZJQGNCSTQAWON-UHFFFAOYSA-N,B3D_0186,5.0,False,
B3D_0187,bbb_control_b3db,BBBCTRL_187,iodoantipyrine,Cc1c(I)c(=O)n(-c2ccccc2)n1C,True,ZZOBLCHCPLOXCE-UHFFFAOYSA-N,B3D_0187,6.0,False,
B3D_0188,bbb_control_b3db,BBBCTRL_188,"2,3,5,6-tetramethylpyrazine",Cc1nc(C)c(C)nc1C,True,FINHMKGKINIASC-UHFFFAOYSA-N,B3D_0188,7.0,False,
B3D_0189,bbb_control_b3db,BBBCTRL_189,sb 656104a,O=S(=O)(c1ccc2cc[nH]c2c1)N1CCCC1CCN1CCC(Oc2ccc(Cl)cc2)CC1,True,QEGMGDYIJDZJCI-UHFFFAOYSA-N,B3D_0189,8.0,False,
B3D_0190,bbb_control_b3db,BBBCTRL_190,59468-90-5,OCc1ncc2n1-c1ccc(Cl)cc1C(c1ccccc1F)=NC2,True,QHSMEGADRFZVNE-UHFFFAOYSA-N,B3D_0190,9.0,False,
B3D_0191,bbb_control_b3db,BBBCTRL_191,84379-13-5,CC(C)(C)OC(=O)c1ncn2c1C1CCCN1C(=O)c1c(Br)cccc1-2,True,LWUDDYHYYNNIQI-UHFFFAOYSA-N,B3D_0191,10.0,False,
B3D_0192,bbb_control_b3db,BBBCTRL_192,bretazenil,CC(C)(C)OC(=O)c1ncn2c1[C@@H]1CCCN1C(=O)c1c(Br)cccc1-2,True,LWUDDYHYYNNIQI-ZDUSSCGKSA-N,B3D_0192,11.0,False,
B3D_0193,bbb_control_b3db,BBBCTRL_193,bretazenil,CC(C)(C)OC(=O)c1ncn2c1C1CCCN1C(=O)c1cc(Br)ccc1-2,True,GTRFGCMGMHCDPF-UHFFFAOYSA-N,B3D_0193,12.0,False,
B3D_0194,bbb_control_b3db,BBBCTRL_194,1-hydroxymidazolam,CC1(O)NC=C2CN=C(c3ccccc3F)c3cc(Cl)ccc3N21,True,QNEXFUNLYNHCHP-UHFFFAOYSA-N,B3D_0194,13.0,False,
B3D_0195,bbb_control_b3db,BBBCTRL_195,primidone,CCC1(c2ccccc2)C(=O)NCNC1=O,True,DQMZLTXERSFNPB-UHFFFAOYSA-N,B3D_0195,14.0,False,
B3D_0196,bbb_control_b3db,BBBCTRL_196,vinblastine,CC[C@]1(O)C[C@@H]2CN(CCc3c([nH]c4ccccc34)[C@@](C(=O)OC)(c3cc4c(cc3OC)N(C)[C@H]3[C@@](O)(C(=O)OC)[C@H](OC(C)=O)[C@]5(CC)C=CCN6CC[C@]43[C@@H]65)C2)C1,True,JXLYSJRDGCGARV-CFWMRBGOSA-N,B3D_0196,15.0,False,
B3D_0197,bbb_control_b3db,BBBCTRL_197,tetrahydropalmatine,COc1cc2c(cc1OC)[C@@H]1Cc3ccc(OC)c(OC)c3CN1CC2,True,AEQDJSLRWYMAQI-KRWDZBQOSA-N,B3D_0197,16.0,False,
B3D_0198,bbb_control_b3db,BBBCTRL_198,l-hyoscyamine,CN1C2CCC1CC(OC(=O)C(CO)c1ccccc1)C2,True,RKUNBYITZUJHSG-UHFFFAOYSA-N,B3D_0198,1.0,False,
B3D_0199,bbb_control_b3db,BBBCTRL_199,atropine,CN1[C@@H]2CC[C@H]1CC(OC(=O)C(CO)c1ccccc1)C2,True,RKUNBYITZUJHSG-PJPHBNEVSA-N,B3D_0199,2.0,False,
B3D_0200,bbb_control_b3db,BBBCTRL_200,56924-65-3,Cc1c([18F])c(=O)n(-c2ccccc2)n1C,True,SIXSVSSADWMMMM-DWSYCVKZSA-N,B3D_0200,3.0,False,
B3D_0201,bbb_control_b3db,BBBCTRL_201,bromocytisine,O=c1c(Br)ccc2n1CC1CNCC2C1,True,DWDCLEHDNICBMI-UHFFFAOYSA-N,B3D_0201,4.0,False,
B3D_0202,bbb_control_b3db,BBBCTRL_202,3-bromocytisine,O=c1cccc2n1CC1CNC(Br)C2C1,True,MCIAZDGRZFAFLS-UHFFFAOYSA-N,B3D_0202,5.0,False,
B3D_0203,bbb_control_b3db,BBBCTRL_203,3-bromocytisine,O=c1cccc2n1C[C@H]1CNC(Br)[C@@H]2C1,True,MCIAZDGRZFAFLS-KQUALDNSSA-N,B3D_0203,6.0,False,
B3D_0204,bbb_control_b3db,BBBCTRL_204,compound-4h,CCNCc1ccc(C(=O)Nc2cc(C)n(Cc3cc(Cl)ccc3OCC(C)C)n2)cc1,True,VOXFFQMJGOMJED-UHFFFAOYSA-N,B3D_0204,7.0,False,
B3D_0205,bbb_control_b3db,BBBCTRL_205,compound-10,CO[C@@H]1CN(CC2Cc3ccc(C#N)cc3C2)CCC1n1c(C(C)(C)O)nc2cc(C)ccc21,True,DDPFMTCKLODLQM-NSBKXYHSSA-N,B3D_0205,8.0,False,
B3D_0206,bbb_control_b3db,BBBCTRL_206,chembl534947,Cc1cccc(C)c1Nc1ncc(-c2cccc(OCCN3CCCC3)c2)n2cncc12,True,OMBAXNRFGPUFNZ-UHFFFAOYSA-N,B3D_0206,9.0,False,
B3D_0207,bbb_control_b3db,BBBCTRL_207,thalidomide,O=C1CCC(N2C(=O)c3ccccc3C2=O)C(=O)N1,True,UEJJHQNACJXSKW-UHFFFAOYSA-N,B3D_0207,10.0,False,
B3D_0208,bbb_control_b3db,BBBCTRL_208,ici 17148,Cc1cnc(N=C(N)N)s1,True,OXXOAGGAIBIIMB-UHFFFAOYSA-N,B3D_0208,11.0,False,
B3D_0209,bbb_control_b3db,BBBCTRL_209,"b-038, ici17148",Cc1csc(N=C(N)N)n1,True,KMNUGKCCBPMHJL-UHFFFAOYSA-N,B3D_0209,12.0,False,
B3D_0210,bbb_control_b3db,BBBCTRL_210,zaltidine,Cc1ncc(-c2csc(N=C(N)N)n2)[nH]1,True,GIMNAEMRNXUAQP-UHFFFAOYSA-N,B3D_0210,13.0,False,
B3D_0211,bbb_control_b3db,BBBCTRL_211,sesamol,Oc1ccc2c(c1)OCO2,True,LUSZGTFNYDARNI-UHFFFAOYSA-N,B3D_0211,14.0,False,
B3D_0212,bbb_control_b3db,BBBCTRL_212,pentylenetetrazole (metrazole),C1CCc2nnnn2CC1,True,CWRVKFFCRWGWCS-UHFFFAOYSA-N,B3D_0212,15.0,False,
B3D_0213,bbb_control_b3db,BBBCTRL_213,zinc13282290,Cc1ncc2n1-c1ccc(Cl)cc1C(c1ccccc1F)=N[C@@H]2O,True,ZYISITHKPKHPKG-GOSISDBHSA-N,B3D_0213,16.0,False,
B3D_0214,bbb_control_b3db,BBBCTRL_214,compound-5d,O=c1[nH]c(CCCN2CCC(c3ccccc3)CC2)nc2c(Cl)cccc12,True,ZUWRJCHNQXZPKT-UHFFFAOYSA-N,B3D_0214,1.0,False,
B3D_0215,bbb_control_b3db,BBBCTRL_215,chembl218017,O=C(OCc1ccccc1)N1CCC(CNc2ccccn2)CC1,True,BKWXCVZIALOBBS-UHFFFAOYSA-N,B3D_0215,2.0,False,
B3D_0216,bbb_control_b3db,BBBCTRL_216,bbcpd22 (ranitidine analog) skb34 (propanol33npiperidinylmethylp henoxy),OCCCOc1cccc(CN2CCCCC2)c1,True,JACPUZOKPSTMTK-UHFFFAOYSA-N,B3D_0216,3.0,False,
B3D_0217,bbb_control_b3db,BBBCTRL_217,414910-27-3,CC(=O)N1CCN(C2CCN(C(=O)N(C)C(C)c3cc(C(F)(F)F)cc(C(F)(F)F)c3)C(c3ccc(F)cc3C)C2)CC1,True,XGGTZCKQRWXCHW-UHFFFAOYSA-N,B3D_0217,4.0,False,
B3D_0218,bbb_control_b3db,BBBCTRL_218,simvastatin,CCC(C)(C)C(=O)O[C@H]1C[C@@H](C)C=C2C=C[C@H](C)[C@H](CC[C@@H]3C[C@@H](O)CC(=O)O3)[C@H]21,True,RYMZZMVNJRMUDD-HGQWONQESA-N,B3D_0218,5.0,False,
B3D_0219,bbb_control_b3db,BBBCTRL_219,atevirdine,CCNc1cccnc1N1CCN(C(=O)c2cc3cc(OC)ccc3[nH]2)CC1,True,UCPOMLWZWRTIAA-UHFFFAOYSA-N,B3D_0219,6.0,False,
B3D_0220,bbb_control_b3db,BBBCTRL_220,"misonidazole,fluoro",O=[N+]([O-])c1nccn1CC(O)COCF,True,FUYIMIBLWNYUIU-UHFFFAOYSA-N,B3D_0220,7.0,False,
B3D_0221,bbb_control_b3db,BBBCTRL_221,alniditan dihydrochloride,c1ccc2c(c1)CCC(CNCCCNC1=NCCCN1)O2,True,QVSXOXCYXPQXMF-UHFFFAOYSA-N,B3D_0221,8.0,False,
B3D_0222,bbb_control_b3db,BBBCTRL_222,alprazolam,Cc1nnc2n1-c1ccc(Cl)cc1C(c1ccccc1)=NC2,True,VREFGVBLTWBCJP-UHFFFAOYSA-N,B3D_0222,9.0,False,
B3D_0223,bbb_control_b3db,BBBCTRL_223,198968-25-1,C=CCC(N)c1ccccc1-c1noc2ccccc12,True,AYDSLXXUAYWCBG-UHFFFAOYSA-N,B3D_0223,10.0,False,
B3D_0224,bbb_control_b3db,BBBCTRL_224,testosterone,CC12CCC(=O)C=C1CCC1C2CCC2(C)C(O)CCC12,True,MUMGGOZAMZWBJJ-UHFFFAOYSA-N,B3D_0224,11.0,False,
B3D_0225,bbb_control_b3db,BBBCTRL_225,dronabinol,CCCCCc1cc(O)c2c(c1)OC(C)(C)[C@@H]1CCC(C)=C[C@@H]21,True,CYQFCXCEBYINGO-IAGOWNOFSA-N,B3D_0225,12.0,False,
B3D_0226,bbb_control_b3db,BBBCTRL_226,dl-morphan,CN1CCC23CCCCC2C1Cc1ccc(O)cc13,True,JAQUASYNZVUNQP-UHFFFAOYSA-N,B3D_0226,13.0,False,
B3D_0227,bbb_control_b3db,BBBCTRL_227,levorphanol,CN1CC[C@]23CCCC[C@H]2[C@H]1Cc1ccc(O)cc13,True,JAQUASYNZVUNQP-USXIJHARSA-N,B3D_0227,14.0,False,
B3D_0228,bbb_control_b3db,BBBCTRL_228,dm5,COC(=O)[C@@H]1C(=O)C=C(Nc2ccc(Cl)cc2)C[C@@H]1C,True,XFETUZOSYZRHMX-XPTSAGLGSA-N,B3D_0228,15.0,False,
B3D_0229,bbb_control_b3db,BBBCTRL_229,aminophenazone,Cc1c(N(C)C)c(=O)n(-c2ccccc2)n1C,True,RMMXTBMQSGEXHJ-UHFFFAOYSA-N,B3D_0229,16.0,False,
B3D_0230,bbb_control_b3db,BBBCTRL_230,129618-40-2,Cc1ccnc2c1NC(=O)c1cccnc1N2C1CC1,True,NQDJXKOVJZTUJA-UHFFFAOYSA-N,B3D_0230,1.0,False,
B3D_0231,bbb_control_b3db,BBBCTRL_231,citenamide,NC(=O)C1c2ccccc2C=Cc2ccccc21,True,HXQAPLNYYFQSFU-UHFFFAOYSA-N,B3D_0231,2.0,False,
B3D_0232,bbb_control_b3db,BBBCTRL_232,oxirane,C1CO1,True,IAYPIBMASNFSPL-UHFFFAOYSA-N,B3D_0232,3.0,False,
B3D_0233,bbb_control_b3db,BBBCTRL_233,"5-ethyl-5-isopentyl-5,6-dihydropyrimidine-2,4(1h,3h)-dione",CCC1(CCC(C)C)CNC(=O)NC1=O,True,LRUZJNSWNKQMEP-UHFFFAOYSA-N,B3D_0233,4.0,False,
B3D_0234,bbb_control_b3db,BBBCTRL_234,compound 32,CN1CCC(n2nc(-c3c(-c4ccccc4)nn4ccccc34)ccc2=O)CC1,True,YHDRUTMZCJZJAL-UHFFFAOYSA-N,B3D_0234,5.0,False,
B3D_0235,bbb_control_b3db,BBBCTRL_235,paraxanthine,CN1C(=O)NC2=NCN(C)C2C1=O,True,VNCKVOLNMCWOMF-UHFFFAOYSA-N,B3D_0235,6.0,False,
B3D_0236,bbb_control_b3db,BBBCTRL_236,paraxanthine,CN1C(=O)NC2N=CN(C)C2C1=O,True,PHWKWPXRPNGSRD-UHFFFAOYSA-N,B3D_0236,7.0,False,
B3D_0237,bbb_control_b3db,BBBCTRL_237,p-bromospiperone,O=C(CCCN1CCC2(CC1)C(=O)NCN2c1ccc(Br)cc1)c1ccc(F)cc1,True,ALHZOZGEQMHCRV-UHFFFAOYSA-N,B3D_0237,8.0,False,
B3D_0238,bbb_control_b3db,BBBCTRL_238,irie-16a,CNC(=O)c1c(NCC2CCC3(CCC3)CC2)nc(C#N)nc1OCC1CCN(C(C)C)CC1,True,QAGVIYYHBWIDBH-UHFFFAOYSA-N,B3D_0238,9.0,False,
B3D_0239,bbb_control_b3db,BBBCTRL_239,"1,3a,8-trimethyl-1,2,3,3a,8,8a-hexahydropyrrolo[2,3-b]indol-5-yl methylcarbamate",CNC(=O)Oc1ccc2c(c1)C1(C)CCN(C)C1N2C,True,PIJVFDBKTWXHHD-UHFFFAOYSA-N,B3D_0239,10.0,False,
B3D_0240,bbb_control_b3db,BBBCTRL_240,cube-8,CCOc1cc(OCCCCOc2ccc(C(=O)CC(C)C)c(O)c2)ccc1CCC(=O)O,True,HVSFEJHKLPAYFC-UHFFFAOYSA-N,B3D_0240,11.0,False,
B3D_0241,bbb_control_b3db,BBBCTRL_241,nimodipine,COCCOC(=O)C1=C(C)NC(C)=C(C(=O)OC(C)C)C1c1cccc([N+](=O)[O-])c1,True,UIAGMCDKSXEBJQ-UHFFFAOYSA-N,B3D_0241,12.0,False,
B3D_0242,bbb_control_b3db,BBBCTRL_242,mppf,COc1ccccc1N1CCN(CCN(C(=O)c2ccc(F)cc2)c2ccccn2)CC1,True,YJZYDPRMWYWYCG-UHFFFAOYSA-N,B3D_0242,13.0,False,
B3D_0243,bbb_control_b3db,BBBCTRL_243,1622-62-4,CN1C(=O)CN=C(c2ccccc2F)c2cc([N+](=O)[O-])ccc21,True,PPTYJKAXVCCBDU-UHFFFAOYSA-N,B3D_0243,14.0,False,
B3D_0244,bbb_control_b3db,BBBCTRL_244,paraxanthine,Cn1c(=O)[nH]c2ncn(C)c2c1=O,True,QUNWUDVFRNGTCO-UHFFFAOYSA-N,B3D_0244,15.0,False,
B3D_0245,bbb_control_b3db,BBBCTRL_245,eserine,CNC(=O)Oc1ccc2c(c1)[C@]1(C)CCN(C)[C@@H]1N2C,True,PIJVFDBKTWXHHD-HIFRSBDPSA-N,B3D_0245,16.0,False,
B3D_0246,bbb_control_b3db,BBBCTRL_246,terbinafine,CN(C/C=C/C#CC(C)(C)C)Cc1cccc2ccccc12,True,DOMXUEMWDBAQBQ-WEVVVXLNSA-N,B3D_0246,1.0,False,
B3D_0247,bbb_control_b3db,BBBCTRL_247,quinidine (quinine),C=CC1CC2CCC1CC2C(O)c1ccnc2ccc(OC)cc12,True,OAMMLDQTXRLECW-UHFFFAOYSA-N,B3D_0247,2.0,False,
B3D_0248,bbb_control_b3db,BBBCTRL_248,schembl15974503,CN1CC(C)(C2=CCCCC2)C(=O)NC1=O,True,FNKSLANLRBBNGS-UHFFFAOYSA-N,B3D_0248,3.0,False,
B3D_0249,bbb_control_b3db,BBBCTRL_249,naproxen,COc1ccc2cc([C@H](C)C(=O)O)ccc2c1,True,CMWTZPSULFXXJA-VIFPVBQESA-N,B3D_0249,4.0,False,
B3D_0250,bbb_control_b3db,BBBCTRL_250,zolantidine; 41,c1cc(CN2CCCCC2)cc(OCCCNc2nc3ccccc3s2)c1,True,KUBONGDXTUOOLM-UHFFFAOYSA-N,B3D_0250,5.0,False,
B3D_0251,bbb_control_b3db,BBBCTRL_251,pfizer compound 20,COc1ccc(-n2nc(C)cc2C)cc1CNC1CCCNC1c1ccccc1,True,WDJYRYLRDONKNL-UHFFFAOYSA-N,B3D_0251,6.0,False,
B3D_0252,bbb_control_b3db,BBBCTRL_252,dehydroevodiamine,C[n+]1c2n(c(=O)c3ccccc31)CCC1c3ccccc3NC21,True,KFASAPQSLORVRQ-UHFFFAOYSA-N,B3D_0252,7.0,False,
B3D_0253,bbb_control_b3db,BBBCTRL_253,chembl246597,Cc1ccc2c(OCCN3CCC(Cc4ccc5c(c4)N(C)C(=O)CO5)CC3)cccc2n1,True,WZBKUESQVZMMIH-UHFFFAOYSA-N,B3D_0253,8.0,False,
B3D_0254,bbb_control_b3db,BBBCTRL_254,184886-95-1,Clc1cccc(Cl)c1NC1N=CCN1,True,RWPSRMKULJIPPG-UHFFFAOYSA-N,B3D_0254,9.0,False,
B3D_0255,bbb_control_b3db,BBBCTRL_255,"2-(5,6-dichloroindazol-1-yl)ethanamine",NCCn1ncc2cc(Cl)c(Cl)cc21,True,QLRYUDMLENPYFS-UHFFFAOYSA-N,B3D_0255,10.0,False,
B3D_0256,bbb_control_b3db,BBBCTRL_256,chembl219060,O=C(OCc1ccccc1)N1CCC(CNc2ccncc2)CC1,True,OOIJMSVOEKAGEL-UHFFFAOYSA-N,B3D_0256,11.0,False,
B3D_0257,bbb_control_b3db,BBBCTRL_257,mchr antagonist 2',O=c1cc(NC2CCN(C/C=C/c3ccccc3)CC2)c2cc(Cl)ccc2o1,True,HMDKIXQRZGNMNZ-QPJJXVBHSA-N,B3D_0257,12.0,False,
B3D_0258,bbb_control_b3db,BBBCTRL_258,compound-10b,CNCc1ccc(NC(=O)c2cc(C)n(Cc3cc(Cl)ccc3OCc3ccccc3)n2)cc1,True,ZJOSQPMXIGOIML-UHFFFAOYSA-N,B3D_0258,13.0,False,
B3D_0259,bbb_control_b3db,BBBCTRL_259,org13011,O=C1CCCN1CCCCN1CCN(c2cc(C(F)(F)F)ccn2)CC1,True,YKJJCYZZWWSBEW-UHFFFAOYSA-N,B3D_0259,14.0,False,
B3D_0260,bbb_control_b3db,BBBCTRL_260,minozac free base,Cc1cc(-c2ccccc2)nnc1N1CCN(c2ncccn2)CC1,True,ASVQCPUSQNFHHU-UHFFFAOYSA-N,B3D_0260,15.0,False,
B3D_0261,bbb_control_b3db,BBBCTRL_261,gw406381,CCOc1ccc(-c2nn3ncccc3c2-c2ccc(S(C)(=O)=O)cc2)cc1,True,NXMZBNYLCVTRGB-UHFFFAOYSA-N,B3D_0261,16.0,False,
B3D_0262,bbb_control_b3db,BBBCTRL_262,repinotan,O=C1c2ccccc2S(=O)(=O)N1CCCCN[C@H]1CCc2ccccc2O1,True,JNMJAUGCHSOMPF-LJQANCHMSA-N,B3D_0262,1.0,False,
B3D_0263,bbb_control_b3db,BBBCTRL_263,sulforidazine,CN1CCCCC1CCN1c2ccccc2Sc2ccc(S(C)(=O)=O)cc21,True,FLGCRGJDQJIJAW-UHFFFAOYSA-N,B3D_0263,2.0,False,
B3D_0264,bbb_control_b3db,BBBCTRL_264,chembl190860,CN(C)Cc1ccccc1Sc1ccc(F)cc1N,True,ODXYYPIOITXURW-UHFFFAOYSA-N,B3D_0264,3.0,False,
B3D_0265,bbb_control_b3db,BBBCTRL_265,schembl10031243,COc1ccc2c3c1OC1CC(O)C=C(CN(C)C2)C31,True,DUORFEVRBJRYIB-UHFFFAOYSA-N,B3D_0265,4.0,False,
B3D_0266,bbb_control_b3db,BBBCTRL_266,"ptk-787, vatalanib",Clc1ccc(Nc2nnc(Cc3ccncc3)c3ccccc23)cc1,True,YCOYDOIWSSHVCK-UHFFFAOYSA-N,B3D_0266,5.0,False,
B3D_0267,bbb_control_b3db,BBBCTRL_267,talsupram,CNCCCC1(c2ccccc2)SC(C)(C)c2ccccc21,True,FKHYYOUFMJBLAF-UHFFFAOYSA-N,B3D_0267,6.0,False,
B3D_0268,bbb_control_b3db,BBBCTRL_268,dextromethorphan,COc1ccc2c(c1)[C@@]13CCCC[C@@H]1[C@@H](C2)N(C)CC3,True,MKXZASYAUGDDCJ-KBAYOESNSA-N,B3D_0268,7.0,False,
B3D_0269,bbb_control_b3db,BBBCTRL_269,"b-066, skb-42",c1cc(CN2CCCCC2)cc(OCCCNc2nc3ccccc3o2)c1,True,VIASCVHAGATDQI-UHFFFAOYSA-N,B3D_0269,8.0,False,
B3D_0270,bbb_control_b3db,BBBCTRL_270,scopolamine,CN1C2CC(OC(=O)C(CO)c3ccccc3)CC1C1OC12,True,STECJAGHUSJQJN-UHFFFAOYSA-N,B3D_0270,9.0,False,
B3D_0271,bbb_control_b3db,BBBCTRL_271,scopolamide (scopolamine),CN1C2CC(OC(=O)[C@@H](CO)c3ccccc3)CC1C1OC12,True,STECJAGHUSJQJN-PLZWVXDASA-N,B3D_0271,10.0,False,
B3D_0272,bbb_control_b3db,BBBCTRL_272,compound 14b,Cc1cccc(C)c1Nc1ncc(-c2ccc(OCCN3CCCC3)cc2)n2cncc12,True,DKCHQSQIPABWFR-UHFFFAOYSA-N,B3D_0272,11.0,False,
B3D_0273,bbb_control_b3db,BBBCTRL_273,pyrene,c1cc2ccc3cccc4ccc(c1)c2c34,True,BBEAQIROQSPTKN-UHFFFAOYSA-N,B3D_0273,12.0,False,
B3D_0274,bbb_control_b3db,BBBCTRL_274,5-octyl-5-ethyl barbituric acid,CCCCCCCCC1(CC)C(=O)NC(=O)NC1=O,True,NTYYDJWPKCQQIB-UHFFFAOYSA-N,B3D_0274,13.0,False,
B3D_0275,bbb_control_b3db,BBBCTRL_275,"gr 205171, vofopitant",COc1ccc(-n2nnnc2C(F)(F)F)cc1CNC1CCCNC1c1ccccc1,True,XILNRORTJVDYRH-UHFFFAOYSA-N,B3D_0275,14.0,False,
B3D_0276,bbb_control_b3db,BBBCTRL_276,chembl368590,CCCN(CCC)CCc1ccc2c(c1)CC(=O)N2,True,RTQSAMVMLWUMFP-UHFFFAOYSA-N,B3D_0276,15.0,False,
B3D_0277,bbb_control_b3db,BBBCTRL_277,spiperone,O=C(CCCN1CCC2(CC1)C(=O)NCN2c1ccccc1)c1ccc(F)cc1,True,DKGZKTPJOSAWFA-UHFFFAOYSA-N,B3D_0277,16.0,False,
B3D_0278,bbb_control_b3db,BBBCTRL_278,"(+)-4-propyl- 3,4,4a,5,6,10b-hexahydro- 2h-naphtho[1,2-b][1,4]oxazin-9-ol",CCCN1CCOC2c3cc(O)ccc3CCC21,True,JCSREICEMHWFAY-UHFFFAOYSA-N,B3D_0278,1.0,False,
B3D_0279,bbb_control_b3db,BBBCTRL_279,nsc 350386,CCOC(=O)Cc1cc2c(c(N)n1)N=C(c1ccccc1)C(C)N2,True,CBKCWWFPPXCBCJ-UHFFFAOYSA-N,B3D_0279,2.0,False,
B3D_0280,bbb_control_b3db,BBBCTRL_280,r82913,CC(C)=CCN1Cc2cc(Cl)cc3[nH]c(=S)n(c23)CC1C,True,RCSLUNOLLUVOOG-UHFFFAOYSA-N,B3D_0280,3.0,False,
B3D_0281,bbb_control_b3db,BBBCTRL_281,ondansetron,CC1=C(CC2CCc3c(c4ccccc4n3C)C2=O)CC=N1,True,JUECVQRZXPJLJJ-UHFFFAOYSA-N,B3D_0281,4.0,False,
B3D_0282,bbb_control_b3db,BBBCTRL_282,loreclezole,Cl/C(=C\n1cncn1)c1ccc(Cl)cc1Cl,True,XGLHZTBDUXXHOM-WMZJFQQLSA-N,B3D_0282,5.0,False,
B3D_0283,bbb_control_b3db,BBBCTRL_283,364079-69-6,CC(C)(C)c1nc(N2CCN(CCCSc3nccc(=O)[nH]3)CC2)cc(C(F)(F)F)n1,True,KXVAICSRMHXLJN-UHFFFAOYSA-N,B3D_0283,6.0,False,
B3D_0284,bbb_control_b3db,BBBCTRL_284,sb-222200,CCC(NC(=O)c1c(C)c(-c2ccccc2)nc2ccccc12)c1ccccc1,True,MQNYRKWJSMQECI-UHFFFAOYSA-N,B3D_0284,7.0,False,
B3D_0285,bbb_control_b3db,BBBCTRL_285,66104-22-1,CCCN1CC(CSC)CC2c3cccc4[nH]cc(c34)CC21,True,YEHCICAEULNIGD-UHFFFAOYSA-N,B3D_0285,8.0,False,
B3D_0286,bbb_control_b3db,BBBCTRL_286,pergolide,CCCN1C[C@H](CSC)C[C@@H]2c3cccc4[nH]cc(c34)C[C@H]21,True,YEHCICAEULNIGD-MZMPZRCHSA-N,B3D_0286,9.0,False,
B3D_0287,bbb_control_b3db,BBBCTRL_287,sb222200,CC[C@H](NC(=O)c1c(C)c(-c2ccccc2)nc2ccccc12)c1ccccc1,True,MQNYRKWJSMQECI-QFIPXVFZSA-N,B3D_0287,10.0,False,
B3D_0288,bbb_control_b3db,BBBCTRL_288,minaprine,Cc1cc(-c2ccccc2)nnc1NCCN1CCOCC1,True,LDMWSLGGVTVJPG-UHFFFAOYSA-N,B3D_0288,11.0,False,
B3D_0289,bbb_control_b3db,BBBCTRL_289,chembl481689,Cc1cc(NC(=O)c2ccc(CN3CCCC3)cc2)nn1Cc1cc(Cl)ccc1OCC(C)C,True,LPKANFYWMADVBY-UHFFFAOYSA-N,B3D_0289,12.0,False,
B3D_0290,bbb_control_b3db,BBBCTRL_290,fr260010,Cc1cn(-c2cccc(Nc3ncnc4c3CCc3ccccc3-4)c2)cn1,True,LFKNMCJSJZOQJF-UHFFFAOYSA-N,B3D_0290,13.0,False,
B3D_0291,bbb_control_b3db,BBBCTRL_291,riluzole,Nc1nc2ccc(OC(F)(F)F)cc2s1,True,FTALBRSUTCGOEG-UHFFFAOYSA-N,B3D_0291,14.0,False,
B3D_0292,bbb_control_b3db,BBBCTRL_292,ar-1d9859,CCCCN1CC2Cc3cc(OC)c(OC)cc3C2C1,True,IILZNIQIFFBVOO-UHFFFAOYSA-N,B3D_0292,15.0,False,
B3D_0293,bbb_control_b3db,BBBCTRL_293,357-70-0,COc1ccc2c3c1OC1CC(O)C=CC31CCN(C)C2,True,ASUTZQLVASHGKV-UHFFFAOYSA-N,B3D_0293,16.0,False,
B3D_0294,bbb_control_b3db,BBBCTRL_294,galanthamine,COc1ccc2c3c1O[C@H]1C[C@@H](O)C=C[C@@]31CCN(C)C2,True,ASUTZQLVASHGKV-JDFRZJQESA-N,B3D_0294,1.0,False,
B3D_0295,bbb_control_b3db,BBBCTRL_295,163257-88-3,Cc1nc2cc(CNC3CCCNC3c3ccccc3)c(OC(C)C)cc2s1,True,PIWQPOFYNLTCOJ-UHFFFAOYSA-N,B3D_0295,2.0,False,
B3D_0296,bbb_control_b3db,BBBCTRL_296,494-97-3,c1cncc(C2CCCN2)c1,True,MYKUKUCHPMASKF-UHFFFAOYSA-N,B3D_0296,3.0,False,
B3D_0297,bbb_control_b3db,BBBCTRL_297,hydrocodone,COc1ccc2c3c1O[C@H]1C(=O)CC[C@H]4[C@@H](C2)N(C)CC[C@]314,True,LLPOLZWFYMWNKH-CMKMFDCUSA-N,B3D_0297,4.0,False,
B3D_0298,bbb_control_b3db,BBBCTRL_298,antihistamine-1,Cc1cnn(C2CCN(c3nc4ccccc4n3Cc3ccc(F)cc3)CC2)c1,True,YGQQBKYVKLZEMA-UHFFFAOYSA-N,B3D_0298,5.0,False,
B3D_0299,bbb_control_b3db,BBBCTRL_299,4-oh-tiq,OC1CNCc2ccccc21,True,HTHIHJJKFYXSOQ-UHFFFAOYSA-N,B3D_0299,6.0,False,
B3D_0300,bbb_control_b3db,BBBCTRL_300,494-97-3,c1cncc([C@@H]2CCCN2)c1,True,MYKUKUCHPMASKF-VIFPVBQESA-N,B3D_0300,7.0,False,
B3D_0301,bbb_control_b3db,BBBCTRL_301,5-hexyl-5-ethyl barbituric acid,CCCCCCC1(CC)C(=O)NC(=O)NC1=O,True,PSTVHRSUNBSVIJ-UHFFFAOYSA-N,B3D_0301,8.0,False,
B3D_0302,bbb_control_b3db,BBBCTRL_302,nsc 269416,CCOC(=O)Nc1cc2c(c(N)n1)N=C(CN(C)c1ccc(OC)cc1)CN2,True,JXRPMBFHIKMFHG-UHFFFAOYSA-N,B3D_0302,9.0,False,
B3D_0303,bbb_control_b3db,BBBCTRL_303,161499-49-6,COc1ccc(-c2nccs2)cc1CNC1CCCNC1c1ccccc1,True,IEOZIHFWECPTLH-UHFFFAOYSA-N,B3D_0303,10.0,False,
B3D_0304,bbb_control_b3db,BBBCTRL_304,chembl1935441,Cc1ccc(Cn2c([C@H]3CNCCO3)nc3ccccc32)cc1,True,IGUBZXXWVQQSPY-GOSISDBHSA-N,B3D_0304,11.0,False,
B3D_0305,bbb_control_b3db,BBBCTRL_305,compound-4fi,Cc1nc2c(c(-n3ccc(C(F)(F)F)n3)n1)CCN2c1ccc(Cl)cc1Cl,True,WLEYKQDUDWHGCU-UHFFFAOYSA-N,B3D_0305,12.0,False,
B3D_0306,bbb_control_b3db,BBBCTRL_306,compound-s16d,O=c1[nH]c(C2=CC(N3CCC(c4ccccc4)CC3)CC2)nc2c(Cl)cccc12,True,WGBZFQJXRNSUNB-UHFFFAOYSA-N,B3D_0306,13.0,False,
B3D_0307,bbb_control_b3db,BBBCTRL_307,chembl515025,CNC(=O)c1c(NCC2CCC3(CCC3)CC2)nc(C#N)nc1OCC1CCN(C)CC1,True,YGPSKVNTXPFUTN-UHFFFAOYSA-N,B3D_0307,14.0,False,
B3D_0308,bbb_control_b3db,BBBCTRL_308,135095-42-0,COc1ccccc1CNC1C2CCN(CC2)C1C(c1ccccc1)c1ccccc1,True,FLNYLINBEZROPL-UHFFFAOYSA-N,B3D_0308,15.0,False,
B3D_0309,bbb_control_b3db,BBBCTRL_309,tz-11,Clc1ccc(Cl)c(N=C2NCCN2)c1,True,BYALCVXDQPAMHM-UHFFFAOYSA-N,B3D_0309,16.0,False,
B3D_0310,bbb_control_b3db,BBBCTRL_310,141060-39-1,O=c1ccc(-c2c(-c3ccccc3)nn3ccccc23)nn1CCN1CCCCC1,True,PSDPQRITXCPIJU-UHFFFAOYSA-N,B3D_0310,1.0,False,
B3D_0311,bbb_control_b3db,BBBCTRL_311,betaxolol,CC(C)NCC(O)COc1ccc(CCOCC2CC2)cc1,True,NWIUTZDMDHAVTP-UHFFFAOYSA-N,B3D_0311,2.0,False,
B3D_0312,bbb_control_b3db,BBBCTRL_312,l015600,COc1cc2c(c(CNC3CCCNC3c3ccccc3)c1)OCC2,True,ZZYXQLUAWYPDEQ-UHFFFAOYSA-N,B3D_0312,3.0,False,
B3D_0313,bbb_control_b3db,BBBCTRL_313,128915-56-0,Clc1ccc2c(c1)C1CNCC1c1ccccc1O2,True,DQUCRGAOGUQHJQ-UHFFFAOYSA-N,B3D_0313,4.0,False,
B3D_0314,bbb_control_b3db,BBBCTRL_314,chembl1935437,Fc1ccc(Cn2c([C@@H]3CCCNC3)nc3ccccc32)cc1,True,VIEHHRQCEMIKCL-OAHLLOKOSA-N,B3D_0314,5.0,False,
B3D_0315,bbb_control_b3db,BBBCTRL_315,tibolone,C#CC1(O)CCC2C3C(C)CC4=C(CCC(=O)C4)C3CCC21,True,QHLHRQSOSLOKIQ-UHFFFAOYSA-N,B3D_0315,6.0,False,
B3D_0316,bbb_control_b3db,BBBCTRL_316,tibolone,C#CC1(O)CCC2C3C(C)CC4=C(CCC(=O)C4)C3CCC21C,True,WZDGZWOAQTVYBX-UHFFFAOYSA-N,B3D_0316,7.0,False,
B3D_0317,bbb_control_b3db,BBBCTRL_317,tibolone,C#C[C@]1(O)CC[C@H]2[C@@H]3[C@H](C)CC4=C(CCC(=O)C4)[C@H]3CC[C@@]21C,True,WZDGZWOAQTVYBX-XOINTXKNSA-N,B3D_0317,8.0,False,
B3D_0318,bbb_control_b3db,BBBCTRL_318,sparfloxacin,C[C@@H]1CN(c2c(F)c(N)c3c(=O)c(C(=O)O)cn(C4CC4)c3c2F)C[C@H](C)N1,True,DZZWHBIBMUVIIW-DTORHVGOSA-N,B3D_0318,9.0,False,
B3D_0319,bbb_control_b3db,BBBCTRL_319,tz-21,Clc1cc(Br)cc(Cl)c1NC1=NCCN1,True,YPERJPMYZVVLIP-UHFFFAOYSA-N,B3D_0319,10.0,False,
B3D_0320,bbb_control_b3db,BBBCTRL_320,148372-04-7,COc1ccc(C=C2CCCN=C2c2cccnc2)c(OC)c1,True,RPYWXZCFYPVCNQ-UHFFFAOYSA-N,B3D_0320,11.0,False,
B3D_0321,bbb_control_b3db,BBBCTRL_321,869802-58-4,CN(C)c1ccnc2sc3c(=O)n(N4CCCCCC4)cnc3c12,True,GYWGXEGOXODOQU-UHFFFAOYSA-N,B3D_0321,12.0,False,
B3D_0322,bbb_control_b3db,BBBCTRL_322,chembl1095819,CN1CCC[C@@H](c2nc3ccccc3n2Cc2ccc(F)cc2)C1,True,AXIFLPLKZRNVDP-MRXNPFEDSA-N,B3D_0322,13.0,False,
B3D_0323,bbb_control_b3db,BBBCTRL_323,ica-27243,O=C(Nc1ccc(Cl)nc1)c1ccc(F)c(F)c1,True,GDGUOCFTHNGPBK-UHFFFAOYSA-N,B3D_0323,14.0,False,
B3D_0324,bbb_control_b3db,BBBCTRL_324,chebi: 338961,c1cc(CN2CCCCC2)cc(OCCCNc2nccs2)c1,True,KHOCPPWRDKJTNB-UHFFFAOYSA-N,B3D_0324,15.0,False,
B3D_0325,bbb_control_b3db,BBBCTRL_325,propoxyphene,CCC(=O)OC(Cc1ccccc1)(c1ccccc1)[C@H](C)CN(C)C,True,XLMALTXPSGQGBX-ZZWBGTBQSA-N,B3D_0325,16.0,False,
B3D_0326,bbb_control_b3db,BBBCTRL_326,n-methylspiperone,CN1CN(c2ccccc2)C2(CCN(CCCC(=O)c3ccc(F)cc3)CC2)C1=O,True,QHJLPOSPWKZACG-UHFFFAOYSA-N,B3D_0326,1.0,False,
B3D_0327,bbb_control_b3db,BBBCTRL_327,147116-67-4,COc1ccc(C(C)(C)C)cc1CNC1C2CCN(CC2)C1C(c1ccccc1)c1ccccc1,True,OMPCVMLFFSQFIX-UHFFFAOYSA-N,B3D_0327,2.0,False,
B3D_0328,bbb_control_b3db,BBBCTRL_328,21571-08-4,Clc1cc(Cl)c(NC2=NCCN2)c(Cl)c1,True,REGMPMOUDUTRSJ-UHFFFAOYSA-N,B3D_0328,3.0,False,
B3D_0329,bbb_control_b3db,BBBCTRL_329,pk 11195,CCC(C)N(C)C(=O)c1cc2ccccc2c(-c2ccccc2Cl)n1,True,RAVIZVQZGXBOQO-UHFFFAOYSA-N,B3D_0329,4.0,False,
B3D_0330,bbb_control_b3db,BBBCTRL_330,pfizer compound 17,COc1cc2sc(C)nc2cc1CNC1CCCNC1c1ccccc1,True,ISJTXWDYEFSQTF-UHFFFAOYSA-N,B3D_0330,5.0,False,
B3D_0331,bbb_control_b3db,BBBCTRL_331,pfizer compound 1,COc1ccc(C(C)C)cc1CNC1C2CCN(CC2)C1C(c1ccccc1)c1ccccc1,True,XPNMCDYOYIKVGB-UHFFFAOYSA-N,B3D_0331,6.0,False,
B3D_0332,bbb_control_b3db,BBBCTRL_332,chembl506480,CCN(CC)Cc1ccc2c(c1)CCC(N1CCN(CCc3ccc(F)cc3)CC1=O)C2,True,XWZAXTGZXFCRFU-UHFFFAOYSA-N,B3D_0332,7.0,False,
B3D_0333,bbb_control_b3db,BBBCTRL_333,chembl193400,O=S(=O)(c1cccc(Cl)c1)n1ccc2c(N3CCNCC3)c(Cl)ccc21,True,IAOGIUYLCUOQQA-UHFFFAOYSA-N,B3D_0333,8.0,False,
B3D_0334,bbb_control_b3db,BBBCTRL_334,"9h-pyrido[3,4-b]indole",c1ccc2c(c1)[nH]c1cnccc12,True,AIFRHYZBTHREPW-UHFFFAOYSA-N,B3D_0334,9.0,False,
B3D_0335,bbb_control_b3db,BBBCTRL_335,pyrimethamine,CCc1nc(N)nc(N)c1-c1ccc(Cl)cc1,True,WKSAUQYGYAYLPV-UHFFFAOYSA-N,B3D_0335,10.0,False,
B3D_0336,bbb_control_b3db,BBBCTRL_336,pfizer compound 19,COc1cc2oc(C)nc2cc1CNC1CCCNC1c1ccccc1,True,SXAIABXANQDJFT-UHFFFAOYSA-N,B3D_0336,11.0,False,
B3D_0337,bbb_control_b3db,BBBCTRL_337,mirtazapine,CN1CCN2c3ncccc3Cc3ccccc3C2C1,True,RONZAEMNMFQXRA-UHFFFAOYSA-N,B3D_0337,12.0,False,
B3D_0338,bbb_control_b3db,BBBCTRL_338,mepyramine (pyrilamine),COc1ccc(CN(CCN(C)C)c2ccccn2)cc1,True,YECBIJXISLIIDS-UHFFFAOYSA-N,B3D_0338,13.0,False,
B3D_0339,bbb_control_b3db,BBBCTRL_339,chembl351067,O=C1CN=C(c2ccccc2)c2c(Cl)cccc2N1,True,GZLROLJNGZSEDS-UHFFFAOYSA-N,B3D_0339,14.0,False,
B3D_0340,bbb_control_b3db,BBBCTRL_340,org-32104,Cc1cccc2c1Oc1ccccc1C1(O)CCNCC21,True,BKXBVNZUQILPOP-UHFFFAOYSA-N,B3D_0340,15.0,False,
B3D_0341,bbb_control_b3db,BBBCTRL_341,schembl12537969,Fc1ccc([C@@H]2CCNCC2COc2ccc3c(c2)OCO3)cc1,True,AHOUBRCZNHFOSL-JRZJBTRGSA-N,B3D_0341,16.0,False,
B3D_0342,bbb_control_b3db,BBBCTRL_342,1977-15-7,CNCCCN1c2ccccc2CCc2cc(O)ccc21,True,NVJBOLMRGMDGLD-UHFFFAOYSA-N,B3D_0342,1.0,False,
B3D_0343,bbb_control_b3db,BBBCTRL_343,afe,CN(C)c1ccccc1Sc1ccc(CCF)cc1N,True,CQBGCZLGSWZJNE-UHFFFAOYSA-N,B3D_0343,2.0,False,
B3D_0344,bbb_control_b3db,BBBCTRL_344,dihydrocodeine,COc1ccc2c3c1O[C@H]1[C@@H](O)CC[C@H]4[C@@H](C2)N(C)CC[C@@]341,True,RBOXVHNMENFORY-DNJOTXNNSA-N,B3D_0344,3.0,False,
B3D_0345,bbb_control_b3db,BBBCTRL_345,sb-277011a,N#Cc1ccc2c(c1)CCN(CCC1CCC(NC(=O)c3ccnc4ccccc34)CC1)C2,True,OLWRVVHPJFLNPW-UHFFFAOYSA-N,B3D_0345,4.0,False,
B3D_0346,bbb_control_b3db,BBBCTRL_346,nsc 15312,c1ccc2c(c1)CCNC2,True,UWYZHKAOTLEWKK-UHFFFAOYSA-N,B3D_0346,5.0,False,
B3D_0347,bbb_control_b3db,BBBCTRL_347,chembl371222,COc1ccc2[nH]nc(NC3CCN(Cc4ccc5c(c4)OCO5)CC3)c2c1,True,DMPZBWPVTPYXNU-UHFFFAOYSA-N,B3D_0347,6.0,False,
B3D_0348,bbb_control_b3db,BBBCTRL_348,chembl382773,Cc1ccn(CCCCN2CCN(c3cc(C(F)(F)F)nc(C(C)(C)C)n3)CC2)c(=O)c1,True,RLMADYPUXGWZSL-UHFFFAOYSA-N,B3D_0348,7.0,False,
B3D_0349,bbb_control_b3db,BBBCTRL_349,triazolam,Cc1nnc2n1C1CCC(Cl)CC1C(c1ccccc1Cl)=NC2,True,YCSYSAJQYSMYNJ-UHFFFAOYSA-N,B3D_0349,8.0,False,
B3D_0350,bbb_control_b3db,BBBCTRL_350,nebivolol,OC(CNCC(O)C1CCc2cc(F)ccc2O1)C1CCc2cc(F)ccc2O1,True,KOHIRBRYDXPAMZ-UHFFFAOYSA-N,B3D_0350,9.0,False,
B3D_0351,bbb_control_b3db,BBBCTRL_351,tz-19,Brc1cc(Br)c(NC2=NCCN2)c(Br)c1,True,VLIOPSQKHBKZCF-UHFFFAOYSA-N,B3D_0351,10.0,False,
B3D_0352,bbb_control_b3db,BBBCTRL_352,(s)-flurocarazolol,CC(CF)NC[C@H](O)COc1cccc2[nH]c3ccccc3c12,True,QHLGXPUIUKSADT-ABLWVSNPSA-N,B3D_0352,11.0,False,
B3D_0353,bbb_control_b3db,BBBCTRL_353,604-75-1,O=C1Nc2ccc(Cl)cc2C(c2ccccc2)=NC1O,True,ADIMAYPTOBDMTL-UHFFFAOYSA-N,B3D_0353,12.0,False,
B3D_0354,bbb_control_b3db,BBBCTRL_354,desmonomethylpromazine,CNCCCN1c2ccccc2Sc2ccccc21,True,WOCOVPRTRIBGFZ-UHFFFAOYSA-N,B3D_0354,13.0,False,
B3D_0355,bbb_control_b3db,BBBCTRL_355,cocaine,COC(=O)C1C(OC(=O)c2ccccc2)CC2CCC1N2C,True,ZPUCINDJVBIVPJ-UHFFFAOYSA-N,B3D_0355,14.0,False,
B3D_0356,bbb_control_b3db,BBBCTRL_356,5-hydroxytryptamine (5-ht) receptor ligand 1b,CC1NC(=NCC(F)F)Nc2cccc(Cl)c21,True,JDPGHZDOBUGUDU-UHFFFAOYSA-N,B3D_0356,15.0,False,
B3D_0357,bbb_control_b3db,BBBCTRL_357,bremazocine,CCC12CCN(CC3(O)CC3)C(Cc3ccc(O)cc31)C2(C)C,True,ZDXGFIXMPOUDFF-UHFFFAOYSA-N,B3D_0357,16.0,False,
B3D_0358,bbb_control_b3db,BBBCTRL_358,77-lh-28-1,CCCCC1CCN(CCCN2C(=O)CCc3ccccc32)CC1,True,PHMGZAICAOYEAF-UHFFFAOYSA-N,B3D_0358,1.0,False,
B3D_0359,bbb_control_b3db,BBBCTRL_359,benzoylmethylecgonine,COC(=O)[C@@H]1C2CCC(C[C@@H]1OC(=O)c1ccccc1)N2C,True,ZPUCINDJVBIVPJ-PFSRBDOWSA-N,B3D_0359,2.0,False,
B3D_0360,bbb_control_b3db,BBBCTRL_360,amoxapine,Clc1ccc2c(c1)C(N1CCNCC1)=Nc1ccccc1O2,True,QWGDMFLQWFTERH-UHFFFAOYSA-N,B3D_0360,3.0,False,
B3D_0361,bbb_control_b3db,BBBCTRL_361,1-(2-pyrimidinyl)-piperazine,c1cnc(N2CCNCC2)nc1,True,MRBFGEHILMYPTF-UHFFFAOYSA-N,B3D_0361,4.0,False,
B3D_0362,bbb_control_b3db,BBBCTRL_362,oxazepam,CC1=NC(O)C(=O)Nc2ccc(Cl)cc21,True,PZBFJEASHDIGQS-UHFFFAOYSA-N,B3D_0362,5.0,False,
B3D_0363,bbb_control_b3db,BBBCTRL_363,rolipram,COc1ccc(C2CNC(=O)C2)cc1OC1CCCC1,True,HJORMJIFDVBMOB-UHFFFAOYSA-N,B3D_0363,6.0,False,
B3D_0364,bbb_control_b3db,BBBCTRL_364,pfizer compound 24,COc1cc2sc(C3CC3)nc2cc1CNC1CCCNC1c1ccccc1,True,JDRGRKWIVKDYHL-UHFFFAOYSA-N,B3D_0364,7.0,False,
B3D_0365,bbb_control_b3db,BBBCTRL_365,venlafaxine,COc1ccc(C(CN(C)C)C2(O)CCCCC2)cc1,True,PNVNVHUZROJLTJ-UHFFFAOYSA-N,B3D_0365,8.0,False,
B3D_0366,bbb_control_b3db,BBBCTRL_366,mefloquine,OC(c1cc(C(F)(F)F)nc2c(C(F)(F)F)cccc12)C1CCCCN1,True,XEEQGYMUWCZPDN-UHFFFAOYSA-N,B3D_0366,9.0,False,
B3D_0367,bbb_control_b3db,BBBCTRL_367,"4-iodo-n,n'-isopropyl-m- xylenediamine",CCC(C)Nc1ccc(I)c(NC(C)CC)c1,True,HFCGPUOPDRSSQT-UHFFFAOYSA-N,B3D_0367,10.0,False,
B3D_0368,bbb_control_b3db,BBBCTRL_368,doxylamine,CN(C)CCOC(C)(c1ccccc1)c1ccccn1,True,HCFDWZZGGLSKEP-UHFFFAOYSA-N,B3D_0368,11.0,False,
B3D_0369,bbb_control_b3db,BBBCTRL_369,doxylamine,CN(C)CCO[C@@](C)(c1ccccc1)c1ccccn1,True,HCFDWZZGGLSKEP-KRWDZBQOSA-N,B3D_0369,12.0,False,
B3D_0370,bbb_control_b3db,BBBCTRL_370,fauc-113,Clc1ccc(N2CCN(Cc3cnn4ccccc34)CC2)cc1,True,XVPRVMIFXXOEFR-UHFFFAOYSA-N,B3D_0370,13.0,False,
B3D_0371,bbb_control_b3db,BBBCTRL_371,etoprine,CCc1nc(N)nc(N)c1-c1ccc(Cl)c(Cl)c1,True,PXLPCZJACKUXGP-UHFFFAOYSA-N,B3D_0371,14.0,False,
B3D_0372,bbb_control_b3db,BBBCTRL_372,chembl142149,c1ccc(NCCCOc2cccc(CN3CCCCC3)c2)nc1,True,YLLDMFNSWIGNPW-UHFFFAOYSA-N,B3D_0372,15.0,False,
B3D_0373,bbb_control_b3db,BBBCTRL_373,"1,2,3,4-tetrahydroquinoline",c1ccc2c(c1)CCCN2,True,LBUJPTNKIBCYBY-UHFFFAOYSA-N,B3D_0373,16.0,False,
B3D_0374,bbb_control_b3db,BBBCTRL_374,irie-13b,CNC(=O)c1c(NCC2CCC3(CCC3)CC2)nc(C#N)nc1OCCO,True,YQABUUDNACVDEO-UHFFFAOYSA-N,B3D_0374,1.0,False,
B3D_0375,bbb_control_b3db,BBBCTRL_375,quetiapine,OCCOCCN1CCN(C2=Nc3ccccc3Sc3ccccc32)CC1,True,URKOMYMAXPYINW-UHFFFAOYSA-N,B3D_0375,2.0,False,
B3D_0376,bbb_control_b3db,BBBCTRL_376,bms-184111,COc1cccc(CC2CCN(C3CCC(OC)(c4ccc5c(c4)OCO5)CC3)CC2)c1,True,TUKCCCSKEZKCLR-UHFFFAOYSA-N,B3D_0376,3.0,False,
B3D_0377,bbb_control_b3db,BBBCTRL_377,climazolam,Cc1ncc2n1-c1ccc(Cl)cc1C(c1ccccc1Cl)=NC2,True,CHCISLOJADQUNQ-UHFFFAOYSA-N,B3D_0377,4.0,False,
B3D_0378,bbb_control_b3db,BBBCTRL_378,northioridazine,CSc1ccc2c(c1)N(CCC1CCCNC1)c1ccccc1S2,True,SXOYTTUKVFYFPB-UHFFFAOYSA-N,B3D_0378,5.0,False,
B3D_0379,bbb_control_b3db,BBBCTRL_379,9b,Fc1ccc(Cn2c([C@H]3CNCCO3)nc3ccccc32)cc1,True,XFQZALCRWJDNNK-QGZVFWFLSA-N,B3D_0379,6.0,False,
B3D_0380,bbb_control_b3db,BBBCTRL_380,olanzapine,Cc1cc2c(s1)=Nc1ccccc1NC=2N1CCN(C)CC1,True,WXPNDRBBWZMPQG-UHFFFAOYSA-N,B3D_0380,7.0,False,
B3D_0381,bbb_control_b3db,BBBCTRL_381,sabeluzole,CN(c1nc2ccccc2s1)C1CCN(CC(O)COc2ccc(F)cc2)CC1,True,IGMKTIJBFUMVIN-UHFFFAOYSA-N,B3D_0381,8.0,False,
B3D_0382,bbb_control_b3db,BBBCTRL_382,515141-51-2,COc1cc(-n2cnc3cc(-c4ccc(Cl)cc4)sc3c2=O)ccc1OCCN1CCCC1,True,MWULMTACIBZPGN-UHFFFAOYSA-N,B3D_0382,9.0,False,
B3D_0383,bbb_control_b3db,BBBCTRL_383,northioridazine,CSc1ccc2c(c1)N(CCC1CCCCN1)c1ccccc1S2,True,UFDCSHQNNVQXAS-UHFFFAOYSA-N,B3D_0383,10.0,False,
B3D_0384,bbb_control_b3db,BBBCTRL_384,loxapine,CN1CCN(C2=Nc3ccccc3Oc3ccc(Cl)cc32)CC1,True,XJGVXQDUIWGIRW-UHFFFAOYSA-N,B3D_0384,11.0,False,
B3D_0385,bbb_control_b3db,BBBCTRL_385,mchr antagonist 23c,CCc1ccc(-c2ccc(C(=O)N(C)C3CCN(C(=O)N4CCC(N5CCCCC5)C4)C3)cc2)cc1,True,CIPAOWLQTIPSII-UHFFFAOYSA-N,B3D_0385,12.0,False,
B3D_0386,bbb_control_b3db,BBBCTRL_386,metoprine,Cc1nc(N)nc(N)c1-c1ccc(Cl)c(Cl)c1,True,VQJHOPSWBGJHQS-UHFFFAOYSA-N,B3D_0386,13.0,False,
B3D_0387,bbb_control_b3db,BBBCTRL_387,( + )-4-fluorotranylcypromine,N[C@H]1C[C@@H]1c1ccc(F)cc1,True,GTYFDGYGRFJTKJ-BDAKNGLRSA-N,B3D_0387,14.0,False,
B3D_0388,bbb_control_b3db,BBBCTRL_388,org4428,Cc1cccc2c1Oc1ccccc1C1(O)CCN(C)CC21,True,RPMDQAYGQBREBS-UHFFFAOYSA-N,B3D_0388,15.0,False,
B3D_0389,bbb_control_b3db,BBBCTRL_389,butaperazine,CCCC(=O)c1ccc2c(c1)N(CCCN1CCN(C)CC1)c1ccccc1S2,True,DVLBYTMYSMAKHP-UHFFFAOYSA-N,B3D_0389,16.0,False,
B3D_0390,bbb_control_b3db,BBBCTRL_390,melperone,CC1CCN(CCCC(=O)c2ccc(F)cc2)CC1,True,DKMFBWQBDIGMHM-UHFFFAOYSA-N,B3D_0390,1.0,False,
B3D_0391,bbb_control_b3db,BBBCTRL_391,mchr antagonist 19,Clc1ccc2[nH]nc(NC3CCN(Cc4ccc5c(c4)OCO5)CC3)c2c1,True,QJWWTNKROISUSJ-UHFFFAOYSA-N,B3D_0391,2.0,False,
B3D_0392,bbb_control_b3db,BBBCTRL_392,meperidine,CCOC(=O)C1(c2ccccc2)CCN(C)CC1,True,XADCESSVHJOZHK-UHFFFAOYSA-N,B3D_0392,3.0,False,
B3D_0393,bbb_control_b3db,BBBCTRL_393,biperiden,OC(CCN1CCCCC1)(c1ccccc1)C1CC2C=CC1C2,True,YSXKPIUOCJLQIE-UHFFFAOYSA-N,B3D_0393,4.0,False,
B3D_0394,bbb_control_b3db,BBBCTRL_394,pfizer compound 21,COc1cc2sc(C(C)(C)C)nc2cc1CNC1CCCNC1c1ccccc1,True,MWPSBQJNIFMXHL-UHFFFAOYSA-N,B3D_0394,5.0,False,
B3D_0395,bbb_control_b3db,BBBCTRL_395,145742-22-9,FC(F)Oc1ccc(OC(F)(F)F)cc1CNC1CCCNC1c1ccccc1,True,SZJWAICDHPWWKL-UHFFFAOYSA-N,B3D_0395,6.0,False,
B3D_0396,bbb_control_b3db,BBBCTRL_396,chembl1935446,Fc1ccc(Cn2c([C@H]3CNCCS3)nc3ccccc32)cc1,True,SWFSQSZMVIJILA-QGZVFWFLSA-N,B3D_0396,7.0,False,
B3D_0397,bbb_control_b3db,BBBCTRL_397,methylcyclopentane,CC1CCCC1,True,GDOPTJXRTPNYNR-UHFFFAOYSA-N,B3D_0397,8.0,False,
B3D_0398,bbb_control_b3db,BBBCTRL_398,am-36,CC(C)(C)c1cc(CN2CCN(CC(O)c3ccc(Cl)cc3)CC2)cc(C(C)(C)C)c1O,True,ZGSFWANJADAZQC-UHFFFAOYSA-N,B3D_0398,9.0,False,
B3D_0399,bbb_control_b3db,BBBCTRL_399,(e)-tamoxifen,CC/C(=C(/c1ccccc1)c1ccc(OCCN(C)C)cc1)c1ccccc1,True,NKANXQFJJICGDU-OCEACIFDSA-N,B3D_0399,10.0,False,
B3D_0400,bbb_control_b3db,BBBCTRL_400,"2-[4-(1,2-diphenylbut-1-enyl)phenoxy]-n,n-dimethylethanamine",CCC(=C(c1ccccc1)c1ccc(OCCN(C)C)cc1)c1ccccc1,True,NKANXQFJJICGDU-UHFFFAOYSA-N,B3D_0400,11.0,False,
B3D_0401,bbb_control_b3db,BBBCTRL_401,pfizer compound 8,COc1ccc(C(C)C)cc1CNC1CCCNC1c1ccccc1,True,ZXKCJYJNJMQSIK-UHFFFAOYSA-N,B3D_0401,12.0,False,
B3D_0402,bbb_control_b3db,BBBCTRL_402,amphetamine,CC(N)Cc1ccccc1,True,KWTSXDURSIMDCE-UHFFFAOYSA-N,B3D_0402,13.0,False,
B3D_0403,bbb_control_b3db,BBBCTRL_403,methylcyclohexane,CC1CCCCC1,True,UAEPNZWRGJTJPN-UHFFFAOYSA-N,B3D_0403,14.0,False,
B3D_0404,bbb_control_b3db,BBBCTRL_404,2095-17-2,NCCCN1c2ccccc2Sc2ccc(Cl)cc21,True,ZTQZBABFEUDZFE-UHFFFAOYSA-N,B3D_0404,15.0,False,
B3D_0405,bbb_control_b3db,BBBCTRL_405,pfizer compound 6,COc1ccc(C(C)(C)C)cc1CNC1CCCNC1c1ccccc1,True,JPQLYXMJKNOOIS-UHFFFAOYSA-N,B3D_0405,16.0,False,
B3D_0406,bbb_control_b3db,BBBCTRL_406,"4-iodo-alpha,alpha'- dipiperidino-m-xylene",Ic1ccc(CN2CCCCC2)cc1CN1CCCCC1,True,OXQSHUAYKOAHPF-UHFFFAOYSA-N,B3D_0406,1.0,False,
B3D_0407,bbb_control_b3db,BBBCTRL_407,trimipramine,CC(CN(C)C)CN1c2ccccc2CCc2ccccc21,True,ZSCDBOWYZJWBIY-UHFFFAOYSA-N,B3D_0407,2.0,False,
B3D_0408,bbb_control_b3db,BBBCTRL_408,24219-97-4,CN1CCN2c3ccccc3Cc3ccccc3C2C1,True,UEQUQVLFIPOEMF-UHFFFAOYSA-N,B3D_0408,3.0,False,
B3D_0409,bbb_control_b3db,BBBCTRL_409,2-methylpentane (isohexane),CCCC(C)C,True,AFABGHUZZDYHJO-UHFFFAOYSA-N,B3D_0409,4.0,False,
B3D_0410,bbb_control_b3db,BBBCTRL_410,tertbutylchlorambucil,CC(C)(C)OC(=O)CCCc1ccc(N(CCCl)CCCl)cc1,True,SZXDOYFHSIIZCF-UHFFFAOYSA-N,B3D_0410,5.0,False,
B3D_0411,bbb_control_b3db,BBBCTRL_411,"2,2-dimethylbutane",CCC(C)(C)C,True,HNRMPXKDFBEGFZ-UHFFFAOYSA-N,B3D_0411,6.0,False,
B3D_0412,bbb_control_b3db,BBBCTRL_412,3-methylpentane,CCC(C)CC,True,PFEOZHBOMNWTJB-UHFFFAOYSA-N,B3D_0412,7.0,False,
B3D_0413,bbb_control_b3db,BBBCTRL_413,doxepin,CN(C)CC/C=C1\c2ccccc2COc2ccccc21,True,ODQWQRRAPPTVAG-GZTJUZNOSA-N,B3D_0413,8.0,False,
B3D_0414,bbb_control_b3db,BBBCTRL_414,doxepin,CN(C)CCC=C1c2ccccc2COc2ccccc21,True,ODQWQRRAPPTVAG-UHFFFAOYSA-N,B3D_0414,9.0,False,
B3D_0415,bbb_control_b3db,BBBCTRL_415,acmc-20dhn6,CN1CCC2(C)c3cc(OC(=O)Nc4ccccc4)ccc3N(C)C12,True,PBHFNBQPZCRWQP-UHFFFAOYSA-N,B3D_0415,10.0,False,
B3D_0416,bbb_control_b3db,BBBCTRL_416,compound 26,N#Cc1ccc(S(=O)(=O)C2CCN(CCc3ccc(F)cc3F)CC2)cc1,True,DQDFRZYUWQHTEY-UHFFFAOYSA-N,B3D_0416,11.0,False,
B3D_0417,bbb_control_b3db,BBBCTRL_417,1-hexyl-4-(4- iodophenyl)piperazine,CCCCCCN1CCN(c2ccc(I)cc2)CC1,True,AZVJMYITYIJLDD-UHFFFAOYSA-N,B3D_0417,12.0,False,
B3D_0418,bbb_control_b3db,BBBCTRL_418,tripropylphosphine,CC1CCC(C)C(C)C1,True,VCJPCEVERINRSG-UHFFFAOYSA-N,B3D_0418,13.0,False,
B3D_0419,bbb_control_b3db,BBBCTRL_419,org-5222,CN1CC2c3ccccc3Oc3ccc(Cl)cc3C2C1,True,VSWBSWWIRNCQIJ-UHFFFAOYSA-N,B3D_0419,14.0,False,
B3D_0420,bbb_control_b3db,BBBCTRL_420,"b-102, asenapine, org5222",CN1CCC2(O)c3ccccc3Oc3ccc(Cl)cc3C2C1,True,BXTXGKJWTQEQHL-UHFFFAOYSA-N,B3D_0420,15.0,False,
B3D_0421,bbb_control_b3db,BBBCTRL_421,nortriptyline,CNCCC=C1c2ccccc2CCc2ccccc21,True,PHVGLTMQBUFIQQ-UHFFFAOYSA-N,B3D_0421,16.0,False,
B3D_0422,bbb_control_b3db,BBBCTRL_422,bms-204352,COc1ccc(Cl)cc1[C@]1(F)C(=O)Nc2cc(C(F)(F)F)ccc21,True,ULYONBAOIMCNEH-HNNXBMFYSA-N,B3D_0422,1.0,False,
B3D_0423,bbb_control_b3db,BBBCTRL_423,cyclobenzaprine,CN(C)CCC=C1c2ccccc2C=Cc2ccccc21,True,JURKNVYFZMSNLP-UHFFFAOYSA-N,B3D_0423,2.0,False,
B3D_0424,bbb_control_b3db,BBBCTRL_424,"1,2-dimethylcyclohexane",CC1CCCCC1C,True,KVZJLSYJROEPSQ-UHFFFAOYSA-N,B3D_0424,3.0,False,
B3D_0425,bbb_control_b3db,BBBCTRL_425,inaperisone,CCc1ccc(C(=O)C(C)CN2CCCC2)cc1,True,VNFAARJCGSAROU-UHFFFAOYSA-N,B3D_0425,4.0,False,
B3D_0426,bbb_control_b3db,BBBCTRL_426,astemizole,COc1ccc(CCN2CCC(Nc3nc4ccccc4n3Cc3ccc(F)cc3)CC2)cc1,True,GXDALQBWZGODGZ-UHFFFAOYSA-N,B3D_0426,5.0,False,
B3D_0427,bbb_control_b3db,BBBCTRL_427,77086-21-6,CC12NC(Cc3ccccc31)c1ccccc12,True,LBOJYSIDWZQNJS-UHFFFAOYSA-N,B3D_0427,6.0,False,
B3D_0428,bbb_control_b3db,BBBCTRL_428,i-4 (44cyanophenoxymethylpiperidineniodoallyl),N#Cc1ccc(OCC2CCN(C/C=C/I)CC2)cc1,True,QJRRQEZUOGOHQN-UNXLUWIOSA-N,B3D_0428,7.0,False,
B3D_0429,bbb_control_b3db,BBBCTRL_429,i-4 (44cyanophenoxymethylpiperidineniodoallyl),N#Cc1ccc(OCC2CCN(CC=CI)CC2)cc1,True,QJRRQEZUOGOHQN-UHFFFAOYSA-N,B3D_0429,8.0,False,
B3D_0430,bbb_control_b3db,BBBCTRL_430,zanapezil,O=C(CCC1CCN(Cc2ccccc2)CC1)c1ccc2c(c1)NCCCC2,True,PMBLXLOXUGVTGB-UHFFFAOYSA-N,B3D_0430,9.0,False,
B3D_0431,bbb_control_b3db,BBBCTRL_431,9-c17,CCc1cccc(N=C(C)Nc2cccc(CC)c2)c1,True,KFFBDUUIJZXEMY-UHFFFAOYSA-N,B3D_0431,10.0,False,
B3D_0432,bbb_control_b3db,BBBCTRL_432,pfizer compound 23,COc1cc2sc(-c3ccccc3)nc2cc1CNC1CCCNC1c1ccccc1,True,DNQVBZDJQYZSDX-UHFFFAOYSA-N,B3D_0432,11.0,False,
B3D_0433,bbb_control_b3db,BBBCTRL_433,haloperidol,O=C(CCCN1CCC(O)(c2ccc(Cl)cc2)CC1)c1ccc(F)cc1,True,LNEPOXFFQSENCJ-UHFFFAOYSA-N,B3D_0433,12.0,False,
B3D_0434,bbb_control_b3db,BBBCTRL_434,maprotiline,CNCCCC12CCC(c3ccccc31)c1ccccc12,True,QSLMDECMDJKHMQ-UHFFFAOYSA-N,B3D_0434,13.0,False,
B3D_0435,bbb_control_b3db,BBBCTRL_435,1-isobutyl-4-(4-iodophenyl)piperazine,CC(C)CN1CCN(c2ccc(I)cc2)CC1,True,CVARSWBYYDGHPT-UHFFFAOYSA-N,B3D_0435,14.0,False,
B3D_0436,bbb_control_b3db,BBBCTRL_436,1-isobutyl-4-(4-iodophenyl)piperazine,CCC(C)N1CCN(c2ccc(I)cc2)CC1,True,NTNHYNXHZGEEOM-UHFFFAOYSA-N,B3D_0436,15.0,False,
B3D_0437,bbb_control_b3db,BBBCTRL_437,bromperidol,O=C(CCCN1CCC(O)(c2ccc(Br)cc2)CC1)c1ccc(F)cc1,True,RKLNONIVDFXQRX-UHFFFAOYSA-N,B3D_0437,16.0,False,
B3D_0438,bbb_control_b3db,BBBCTRL_438,bromperidol,O=C(CCN1CCC(O)(c2ccc(Br)cc2)CC1)c1ccc(F)cc1,True,WBOHJBUFDCLXSE-UHFFFAOYSA-N,B3D_0438,1.0,False,
B3D_0439,bbb_control_b3db,BBBCTRL_439,117-89-5,CN1CCN(CCCN2c3ccccc3Sc3ccc(C(F)(F)F)cc32)CC1,True,ZEWQUBUPAILYHI-UHFFFAOYSA-N,B3D_0439,2.0,False,
B3D_0440,bbb_control_b3db,BBBCTRL_440,chembl4248308,CC1CCN(CCCN2c3ccccc3Sc3ccc(C(F)(F)F)cc32)CC1,True,PZVNDRDMKCGUFD-UHFFFAOYSA-N,B3D_0440,3.0,False,
B3D_0441,bbb_control_b3db,BBBCTRL_441,trifluopromazine,CN(C)CCCN1c2ccccc2Sc2ccc(C(F)(F)F)cc21,True,XSCGXQMFQXDFCW-UHFFFAOYSA-N,B3D_0441,0.0,True,
B3D_0442,bbb_control_b3db,BBBCTRL_442,trifluroperazine,CN1CCN(CCCN2c3ccccc3Sc3cccc(C(F)(F)F)c32)CC1,True,MGVHKJVFDBNLAZ-UHFFFAOYSA-N,B3D_0442,4.0,False,
B3D_0443,bbb_control_b3db,BBBCTRL_443,fluphenazine,OCCN1CCN(CCCN2c3ccccc3Sc3ccc(C(F)(F)F)cc32)CC1,True,PLDUPXSUYLZYBN-UHFFFAOYSA-N,B3D_0443,0.0,True,
B3D_0444,bbb_control_b3db,BBBCTRL_444,79559-97-0,CNC1CCC(c2ccc(Cl)c(Cl)c2)c2ccccc21,True,VGKDLMBJGBXTGI-UHFFFAOYSA-N,B3D_0444,0.0,True,
B3D_0445,bbb_control_b3db,BBBCTRL_445,chebi: 568657,FC(F)(F)c1ccc(N2CCNCC2)nc1Cl,True,QZYYPQAYSFBKPW-UHFFFAOYSA-N,B3D_0445,0.0,True,
FRI_0001,bbb_control_friden,CHEMBL894,BUPROPION,CC(NC(C)(C)C)C(=O)c1cccc(Cl)c1,True,SNPPWIUOZRMYNY-UHFFFAOYSA-N,FRI_0001,0.0,True,
FRI_0002,bbb_control_friden,CHEMBL441,THIOPENTAL,CCCC(C)C1(CC)C(=O)NC(=S)NC1=O,True,IUJDSEJGGMCXSG-UHFFFAOYSA-N,FRI_0002,5.0,False,
FRI_0003,bbb_control_friden,CHEMBL1237044,TRAMADOL,COc1cccc(C2(O)CCCCC2CN(C)C)c1,True,TVYLLZQTGLZFBW-UHFFFAOYSA-N,FRI_0003,6.0,False,
FRI_0004,bbb_control_friden,CHEMBL249467,PHENYLETHYLMALONAMIDE,CCC(C(N)=O)(C(N)=O)c1ccccc1,True,JFZHPFOXAAIUMB-UHFFFAOYSA-N,FRI_0004,7.0,False,
FRI_0005,bbb_control_friden,CHEMBL12,DIAZEPAM,CN1C(=O)CN=C(c2ccccc2)c2cc(Cl)ccc21,True,AAOVKJBEBIDNHE-UHFFFAOYSA-N,FRI_0005,0.0,True,
FRI_0006,bbb_control_friden,CHEMBL657,DIPHENHYDRAMINE,CN(C)CCOC(c1ccccc1)c1ccccc1,True,ZZVUWRFHKOJYTH-UHFFFAOYSA-N,FRI_0006,8.0,False,
FRI_0007,bbb_control_friden,CHEMBL656,OXYCODONE,COc1ccc2c3c1O[C@H]1C(=O)CC[C@@]4(O)[C@@H](C2)N(C)CC[C@]314,True,BRUQQQPBMZOVGD-XFKAJCMBSA-N,FRI_0007,9.0,False,
FRI_0008,bbb_control_friden,CHEMBL485,CODEINE,COc1ccc2c3c1O[C@H]1[C@@H](O)C=C[C@H]4[C@@H](C2)N(C)CC[C@@]341,True,OROGSEYTTFOCAN-DNJOTXNNSA-N,FRI_0008,0.0,True,
FRI_0009,bbb_control_friden,CHEMBL741,LAMOTRIGINE,Nc1nnc(-c2cccc(Cl)c2Cl)c(N)n1,True,PYZRQGJRPPTADH-UHFFFAOYSA-N,FRI_0009,10.0,False,
FRI_0010,bbb_control_friden,CHEMBL963,OXYMORPHONE,CN1CC[C@]23c4c5ccc(O)c4O[C@H]2C(=O)CC[C@@]3(O)[C@H]1C5,True,UQCNKQCJZOAFTQ-ISWURRPUSA-N,FRI_0010,11.0,False,
FRI_0011,bbb_control_friden,CHEMBL95,TACRINE,Nc1c2c(nc3ccccc13)CCCC2,True,YLJREFDVOIBQDA-UHFFFAOYSA-N,FRI_0011,12.0,False,
FRI_0012,bbb_control_friden,CHEMBL629,AMITRIPTYLINE,CN(C)CCC=C1c2ccccc2CCc2ccccc21,True,KRMDCWKBEZIMAB-UHFFFAOYSA-N,FRI_0012,0.0,True,
FRI_0013,bbb_control_friden,CHEMBL13,METOPROLOL,COCCc1ccc(OCC(O)CNC(C)C)cc1,True,IUBSYMUCCVWXPE-UHFFFAOYSA-N,FRI_0013,13.0,False,
FRI_0014,bbb_control_friden,CHEMBL27,PROPRANOLOL,CC(C)NCC(O)COc1cccc2ccccc12,True,AQHHHDLHHXJYJD-UHFFFAOYSA-N,FRI_0014,14.0,False,
FRI_0015,bbb_control_friden,CHEMBL500,PINDOLOL,CC(C)NCC(O)COc1cccc2[nH]ccc12,True,JZQKKSLKJUAGIC-UHFFFAOYSA-N,FRI_0015,15.0,False,
FRI_0016,bbb_control_friden,CHEMBL479,THIORIDAZINE,CSc1ccc2c(c1)N(CCC1CCCCN1C)c1ccccc1S2,True,KLBQZWRITKRQQV-UHFFFAOYSA-N,FRI_0016,0.0,True,
FRI_0017,bbb_control_friden,CHEMBL266195,ALPRENOLOL,C=CCc1ccccc1OCC(O)CNC(C)C,True,PAZJSJFMUHDSTF-UHFFFAOYSA-N,FRI_0017,16.0,False,
FRI_0018,bbb_control_friden,CHEMBL220492,TOPIRAMATE,CC1(C)O[C@@H]2[C@@H](CO[C@@]3(COS(N)(=O)=O)OC(C)(C)O[C@@H]23)O1,True,KJADKKWYZYXHBB-XBWDGYHZSA-N,FRI_0018,1.0,False,
FRI_0019,bbb_control_friden,CHEMBL546,OXPRENOLOL,C=CCOc1ccccc1OCC(O)CNC(C)C,True,CEMAWMOMDPGJMB-UHFFFAOYSA-N,FRI_0019,0.0,True,
FRI_0020,bbb_control_friden,CHEMBL424,SALICYLIC ACID,O=C(O)c1ccccc1O,True,YGSDEFSMJLZEOE-UHFFFAOYSA-N,FRI_0020,2.0,False,
FRI_0021,bbb_control_friden,CHEMBL70,MORPHINE,CN1CC[C@]23c4c5ccc(O)c4O[C@H]2[C@@H](O)C=C[C@H]3[C@H]1C5,True,BQJCRHHNABKAKU-KBQPJGBKSA-N,FRI_0021,3.0,False,
FRI_0022,bbb_control_friden,CHEMBL940,GABAPENTIN,NCC1(CC(=O)O)CCCCC1,True,UGJMXCAKCUNAIE-UHFFFAOYSA-N,FRI_0022,4.0,False,
FRI_0023,bbb_control_friden,CHEMBL5315124,LEVOFLOXACIN,C[C@H]1COc2c(N3CCN(C)CC3)c(F)cc3c(=O)c(C(=O)O)cn1c23,True,GSDSWSVVBLHKDQ-JTQLQIEISA-N,FRI_0023,0.0,True,
FRI_0024,bbb_control_friden,CHEMBL6,INDOMETHACIN,COc1ccc2c(c1)c(CC(=O)O)c(C)n2C(=O)c1ccc(Cl)cc1,True,CGIGDMFJXJATDK-UHFFFAOYSA-N,FRI_0024,5.0,False,
FRI_0025,bbb_control_friden,CHEMBL129,ZIDOVUDINE,Cc1cn([C@H]2C[C@H](N=[N+]=[N-])[C@@H](CO)O2)c(=O)[nH]c1=O,True,HBOMLICNUCNMMY-XLPZGREQSA-N,FRI_0025,6.0,False,
FRI_0026,bbb_control_friden,CHEMBL114,SAQUINAVIR,CC(C)(C)NC(=O)[C@@H]1C[C@@H]2CCCC[C@@H]2CN1C[C@@H](O)[C@H](Cc1ccccc1)NC(=O)[C@H](CC(N)=O)NC(=O)c1ccc2ccccc2n1,True,QWAXKHKRTORLEM-UGJKXSETSA-N,FRI_0026,0.0,True,
FRI_0027,bbb_control_friden,CHEMBL6966,VERAPAMIL,COc1ccc(CCN(C)CCCC(C#N)(c2ccc(OC)c(OC)c2)C(C)C)cc1OC,True,SGTNSNPWRIOYBX-UHFFFAOYSA-N,FRI_0027,7.0,False,
FRI_0028,bbb_control_friden,CHEMBL593,DELAVIRDINE,CC(C)Nc1cccnc1N1CCN(C(=O)c2cc3cc(NS(C)(=O)=O)ccc3[nH]2)CC1,True,WHBIGIKBNXZKFE-UHFFFAOYSA-N,FRI_0028,8.0,False,
FRI_0029,bbb_control_friden,CHEMBL521606,NADOLOL,CC(C)(C)NCC(O)COc1cccc2c1CC(O)C(O)C2,True,VWPOSFSPZNDTMJ-UHFFFAOYSA-N,FRI_0029,9.0,False,
FRI_0030,bbb_control_friden,CHEMBL374478,RIFAMPIN,CO[C@H]1/C=C/O[C@@]2(C)Oc3c(C)c(O)c4c(O)c(c(/C=N/N5CCN(C)CC5)c(O)c4c3C2=O)NC(=O)/C(C)=C\C=C\[C@H](C)[C@H](O)[C@@H](C)[C@@H](O)[C@@H](C)[C@H](OC(C)=O)[C@@H]1C,True,JQXXHWHPUNPDRT-WLSIYKJHSA-N,FRI_0030,0.0,True,
FRI_0031,bbb_control_friden,CHEMBL9,NORFLOXACIN,CCn1cc(C(=O)O)c(=O)c2cc(F)c(N3CCNCC3)cc21,True,OGJPXUAPXNRGGI-UHFFFAOYSA-N,FRI_0031,10.0,False,
FRI_0032,bbb_control_friden,CHEMBL24,ATENOLOL,CC(C)NCC(O)COc1ccc(CC(N)=O)cc1,True,METKIMKYRPQLGS-UHFFFAOYSA-N,FRI_0032,11.0,False,
FRI_0033,bbb_control_friden,CHEMBL701,BACLOFEN,NCC(CC(=O)O)c1ccc(Cl)cc1,True,KPYSYYIEGFHWSV-UHFFFAOYSA-N,FRI_0033,12.0,False,
FRI_0034,bbb_control_friden,CHEMBL584,NELFINAVIR,Cc1c(O)cccc1C(=O)N[C@@H](CSc1ccccc1)[C@H](O)CN1C[C@H]2CCCC[C@H]2C[C@H]1C(=O)NC(C)(C)C,True,QAGYKUNXZHXKMR-HKWSIXNMSA-N,FRI_0034,13.0,False,
FRI_0035,bbb_control_friden,CHEMBL74632,MOXALACTAM,CO[C@@]1(NC(=O)C(C(=O)O)c2ccc(O)cc2)C(=O)N2C(C(=O)O)=C(CSc3nnnn3C)CO[C@@H]21,True,JWCSIUVGFCSJCK-CAVRMKNVSA-N,FRI_0035,0.0,True,
FRI_0036,bbb_control_friden,CHEMBL1329,MORPHINE 3-GLUCURONIDE,CN1CC[C@]23c4c5ccc(O[C@@H]6O[C@H](C(=O)O)[C@@H](O)[C@H](O)[C@H]6O)c4O[C@H]2[C@@H](O)C=C[C@H]3[C@H]1C5,True,WAEXKFONHRHFBZ-ZXDZBKESSA-N,FRI_0036,0.0,True,
FRI_0037,bbb_control_friden,CHEMBL572,NITROFURANTOIN,O=C1CN(/N=C/c2ccc([N+](=O)[O-])o2)C(=O)N1,True,NXFQHRVNIOXGAQ-YCRREMRBSA-N,FRI_0037,14.0,False,
FRI_0038,bbb_control_friden,CHEMBL1330,MORPHINE GLUCURONIDE,CN1CC[C@]23c4c5ccc(O)c4O[C@H]2[C@@H](O[C@@H]2O[C@H](C(=O)O)[C@@H](O)[C@H](O)[C@H]2O)C=C[C@H]3[C@H]1C5,True,GNJCUHZOSOYIEC-GAROZEBRSA-N,FRI_0038,15.0,False,
FRI_0039,bbb_control_friden,CHEMBL428647,PACLITAXEL,CC(=O)O[C@H]1C(=O)[C@@]2(C)[C@H]([C@H](OC(=O)c3ccccc3)[C@]3(O)C[C@H](OC(=O)[C@H](O)[C@@H](NC(=O)c4ccccc4)c4ccccc4)C(C)=C1C3(C)C)[C@]1(OC(C)=O)CO[C@@H]1C[C@@H]2O,True,RCINICONZNJXQF-MZXODVADSA-N,FRI_0039,16.0,False,
FRI_0040,bbb_control_friden,CHEMBL841,LOPERAMIDE,CN(C)C(=O)C(CCN1CCC(O)(c2ccc(Cl)cc2)CC1)(c1ccccc1)c1ccccc1,True,RDOIQAHITMMDAJ-UHFFFAOYSA-N,FRI_0040,1.0,False,
FRI_0041,bbb_control_friden,CHEMBL34259,METHOTREXATE,CN(Cc1cnc2nc(N)nc(N)c2n1)c1ccc(C(=O)N[C@@H](CCC(=O)O)C(=O)O)cc1,True,FBOZXECLQNJBKD-ZDUSSCGKSA-N,FRI_0041,0.0,True,
FRI_0042,bbb_control_friden,CHEMBL1730,CEFOTAXIME,CO/N=C(\C(=O)N[C@@H]1C(=O)N2C(C(=O)O)=C(COC(C)=O)CS[C@H]12)c1csc(N)n1,True,GPRBEKHLDVQUJE-QSWIMTSFSA-N,FRI_0042,2.0,False,
