batch,line_no,mol_id,std_smiles,inchikey,set,is_batch_anchor
1,1,GKA_0015,CC(C)=CCOc1cc(Oc2ccc(S(=O)(=O)C3CC3)cc2)cc(C(=O)Nc2nccs2)c1,DXVPBLVBEAAZRB-UHFFFAOYSA-N,gka_candidate,False
1,2,GKA_0031,O=C(Nc1ncc(F)s1)[C@H](CC1CCOCC1)c1ccc(S(=O)(=O)C2CCCC2)cc1,NQXNVQDFPSSMKO-LJQANCHMSA-N,gka_candidate,False
1,3,GKA_0047,CCNC(=O)Cc1csc(NC(=O)c2cc(Oc3ccc(S(C)(=O)=O)cc3)cc(-c3ncccc3C)c2)n1,KMEHSPQCYHMNSS-UHFFFAOYSA-N,gka_candidate,False
1,4,GKA_0063,CC(C)Oc1cc(O[C@@H](C)Cc2ccccc2)cc(C(=O)Nc2ccc(C(=O)O)cn2)c1,CLRXIUJLHYPICH-KRWDZBQOSA-N,gka_candidate,False
1,5,GKA_0079,CS(=O)(=O)c1ccc(/C(=C\CC2CCCC2)C(=O)Nc2nccs2)cc1C(F)(F)F,MWTBIDPRXILOJG-OVCLIPMQSA-N,gka_candidate,False
1,6,GKA_0095,Cc1cnc(NC(=O)c2cc(Oc3cnc(C(=O)N4CCCC4)cn3)c3cc(C)oc3c2)cn1,XBOGGYMIXVFRFU-UHFFFAOYSA-N,gka_candidate,False
1,7,GKA_0111,CNC(=O)Nc1cc(Oc2cncc(C)c2)c([C@H]2CCC[C@H](O)C2)cn1,HYCSKZFLJZABFW-KBPBESRZSA-N,gka_candidate,False
1,8,GKA_0127,CNC(=O)Nc1cc(Oc2cncc(C)c2)c([C@H]2C[C@@H]2C(C)(C)O)cn1,OTYIASMQWWGGNE-HIFRSBDPSA-N,gka_candidate,False
1,9,GKA_0143,CCOc1ccc(-c2cnc(NC(=O)NC)cc2Oc2c(F)cccc2F)cn1,VBTGCGZQBDFJSP-UHFFFAOYSA-N,gka_candidate,False
1,10,GKA_0159,CNC(=O)Nc1cc(Oc2cncc(OC)c2)c([C@@H]2CCOC2)cn1,IBPPUZGNCLRQEP-LLVKDONJSA-N,gka_candidate,False
1,11,GKA_0175,CCOP(=O)(Cc1cnc(NC(=O)c2cc(Oc3ccc(S(C)(=O)=O)cc3)cc(O[C@@H](C)COC)c2)cn1)OCC,GCFUKFIHYBUEGC-IBGZPJMESA-N,gka_candidate,False
1,12,GKA_0191,Cc1cccc(S(=O)(=O)N2CCN([C@@H](CC3CCCCC3)C(=O)Nc3nccs3)C(=O)C2)c1,IQEWSGVCADHSJJ-FQEVSTJZSA-N,gka_candidate,False
1,13,GKA_0207,CCn1cc2c(Oc3cnc(C(=O)N(C)C)c(F)c3)cc(C(=O)Nc3cnc(C)cn3)cc2n1,YUOWWGGXVKBXNS-UHFFFAOYSA-N,gka_candidate,False
1,14,GKA_0223,O=C(Nc1ccc(-c2nnn[nH]2)cn1)[C@H](CC1CCCC1)n1cnc(C(F)(F)F)c1,NZPVBFBSYBVMPK-ZDUSSCGKSA-N,gka_candidate,False
1,15,GKA_0239,CCCn1cc2c(Oc3ccc(S(C)(=O)=O)cc3)cc(C(=O)Nc3cnc(C)cn3)cc2n1,SRIGNYPFWLBBRM-UHFFFAOYSA-N,gka_candidate,False
1,16,GKA_0255,O=C(Nc1nccs1)[C@H](CC1CCCCC1)N1CCN(S(=O)(=O)Cc2ccccc2)CC1=O,MGCRJJGSGXAKLX-FQEVSTJZSA-N,gka_candidate,False
1,17,GKA_0271,O=C(O)c1ccc(NC(=O)C(Oc2ccc(F)cc2F)c2ccc(S(=O)(=O)C3CC3)cc2)nc1,OAWSTKBFRCONGM-UHFFFAOYSA-N,gka_candidate,False
1,18,GKA_0287,CC(C)COc1cc(OC(C)C)cc(C(=O)Nc2ccc(C(=O)O)cn2)c1,RTMFZNZPHCZAFG-UHFFFAOYSA-N,gka_candidate,False
1,19,GKA_0303,Cc1cccnc1-c1cc(Oc2ccc(S(C)(=O)=O)cc2)cc(C(=O)Nc2nc(CN3CCN(C)CC3)cs2)c1,QNNFXXIUYCESNQ-UHFFFAOYSA-N,gka_candidate,False
1,20,GKA_0319,Cc1cnc(NC(=O)c2cc(Oc3cnc(C(=O)N(C)C)nc3)c3cn(C)nc3c2)cn1,WSAQOXUHJXNXTA-UHFFFAOYSA-N,gka_candidate,False
1,21,GKA_0335,CS(=O)(=O)c1ccc(/C(=C\C2CCCC2)C(=O)Nc2ncc(Cl)s2)cc1,GAHXSOLFWSJFQA-XNTDXEJSSA-N,gka_candidate,False
1,22,GKA_0351,CC(C)C(=O)N1CCC(c2nsc(Nc3ncc(Sc4ccccn4)cc3Oc3ccccc3)n2)CC1,IRQKJDXIOXGKIR-UHFFFAOYSA-N,gka_candidate,False
1,23,GKA_0367,C[C@@H](CO)Oc1cc(Oc2ccc(C(=O)N(C)C)cc2)cc(C(=O)Nc2ccn(C)n2)c1,XOAHBZSSFWLDFT-HNNXBMFYSA-N,gka_candidate,False
1,24,GKA_0383,COc1ccc(Sc2ccc(Sc3nncn3C)nc2C(=O)Nc2ncc(SCC(=O)O)s2)cc1,MJHNYEFAOUYNSZ-UHFFFAOYSA-N,gka_candidate,False
1,25,GKA_0399,CNC(=O)Nc1cc(Oc2cncc(C)c2)c(-c2ccc(OC[C@@H](C)O)nc2)cn1,IUJYIMVTOYKANW-CQSZACIVSA-N,gka_candidate,False
1,26,GKA_0415,COC[C@H](C)Oc1cc(Oc2cc(F)cc(F)c2)cc(C(=O)Nc2nccs2)c1,PTAGXTKZJWWADL-LBPRGKRZSA-N,gka_candidate,False
1,27,GKA_0431,CCOP(=O)(Cn1ccc(NC(=O)c2cc(Oc3ccc(S(C)(=O)=O)cc3)cc(O[C@@H](C)CO)c2)n1)OCC,HRWWSLOOYSKNMT-SFHVURJKSA-N,gka_candidate,False
1,28,GKA_0447,Cc1cc(Oc2cnc(NC(=O)C(Oc3ccc(F)cc3F)c3ccc(S(=O)(=O)C4CC4)cc3)s2)ccc1C(=O)O,SZQNZELMHGHVQQ-UHFFFAOYSA-N,gka_candidate,False
1,29,GKA_0463,N#Cc1cc(S(=O)(=O)C2CC2)c2cnn(C(CC3CCOCC3)C(=O)Nc3ncc(F)s3)c2c1,XLQHBYCHEWPRHA-UHFFFAOYSA-N,gka_candidate,False
1,30,GKA_0479,CCn1nccc1Oc1cc(C[C@H]2CC[C@](C)(O)CC2)cnc1NC(=O)NC,PWPGDNXSBLRVKY-OYOVHJISSA-N,gka_candidate,False
1,31,GKA_0495,COc1ccc(Sc2ccc(Sc3nnc[nH]3)nc2C(=O)Nc2nccs2)cc1,KRZPKMOKWVFLBI-UHFFFAOYSA-N,gka_candidate,False
1,32,GKA_0511,COC(=O)/C=C/c1cnc2[nH]c(/C(=C/C3CCCC3)c3ccc(S(C)(=O)=O)c(Cl)c3)cc2c1,CROAZWRROYRSMA-KEPXNORLSA-N,gka_candidate,False
1,33,GKA_0527,Cn1ccc(Nc2ncnc3ccc(Oc4c(Cl)cccc4S(C)(=O)=O)cc23)n1,XEUMEVOKFRYTTM-UHFFFAOYSA-N,gka_candidate,False
1,34,GKA_0543,CC(=O)N1CCCC1c1cc2[nH]c(-c3ccc(CCC(=O)O)cn3)cc2cc1Oc1ccc(C(=O)N2CCC2)nc1,WRRVNONPRGMMIN-UHFFFAOYSA-N,gka_candidate,False
1,35,GKA_0559,O=C(Nc1ccc(F)cn1)[C@H](COCCO)Oc1ncnc2c1cnn2-c1c(F)cccc1Cl,LZYXXAWRBSUKEJ-INIZCTEOSA-N,gka_candidate,False
1,36,GKA_0575,COC[C@H](C)Oc1cc(CCc2ccccc2F)cc(C(=O)Nc2ccn(C)n2)c1,AJKXOMWNNCXGFY-INIZCTEOSA-N,gka_candidate,False
1,37,GKA_0591,CC(C)=CCOc1cc(Oc2ccc(S(=O)(=O)N3CC4CCC(C3)O4)cc2)cc(C(=O)Nc2ccn(C)n2)c1,MOGIBPAWZYJFHG-UHFFFAOYSA-N,gka_candidate,False
1,38,GKA_0607,CC(C)C(CO)Oc1cc(Oc2ccc(S(C)(=O)=O)cc2)cc(C(=O)Nc2nccs2)c1,SKHIBZUVRGLGIF-UHFFFAOYSA-N,gka_candidate,False
1,39,GKA_0623,CC(C)c1nc(NC(=O)C(CC2CCOCC2)c2ccc(S(=O)(=O)C3CC3)cc2)sc1Br,PQTMWNFGWWQCSK-UHFFFAOYSA-N,gka_candidate,False
1,40,GKA_0639,COc1ccc(C(CC2CCCC2)c2cc3cccnc3[nH]2)cc1Cl,RTCKQHHNBFDKIY-UHFFFAOYSA-N,gka_candidate,False
1,41,GKA_0655,CC(C)OC[C@H](Oc1ncnc2c1cnn2-c1ncccc1Cl)C(=O)Nc1ccc(Cl)cn1,IGMKPDHBVPGYNL-INIZCTEOSA-N,gka_candidate,False
1,42,GKA_0671,CNC(=O)Nc1cc(Oc2cccnc2C)c(-c2ccc(OCCO)nc2)cn1,LDKLCKNGZBNRNG-UHFFFAOYSA-N,gka_candidate,False
1,43,GKA_0687,N#Cc1ccc(NC(=O)[C@H](CN2CC(O)C2)Oc2ncnc3c2cnn3-c2c(Cl)cccc2C#N)nc1,QNXBTJMKZJMAEU-IBGZPJMESA-N,gka_candidate,False
1,44,GKA_0703,CC(C)Oc1cc(Oc2ccc(S(C)(=O)=O)cc2)cc(-c2ncc(C(C)C)c(=O)[nH]2)c1,IIRZQDPTTCHBRH-UHFFFAOYSA-N,gka_candidate,False
1,45,GKA_0719,O=C(Nc1ncc(Cl)s1)[C@H](CC1CCCC1)n1cc(S(=O)(=O)C2CC2)cn1,ADXCGAPVQQHAMO-AWEZNQCLSA-N,gka_candidate,False
1,46,GKA_0735,Cc1cc2c(Oc3cnc(C(=O)N4CC(C)(C)C4)cn3)cc(C(=O)Nc3cnccn3)cc2o1,OLOBSABWYJVWAO-UHFFFAOYSA-N,gka_candidate,False
1,47,GKA_0751,Cc1cccnc1-c1cc(Oc2ccc(S(C)(=O)=O)cc2)cc(C(=O)Nc2ccn(C)n2)c1,BLJWZLWQWDOSMG-UHFFFAOYSA-N,gka_candidate,False
1,48,GKA_0767,COc1ccc2nc(NC(=O)C(CC3CCCC3)c3ccc(S(N)(=O)=O)cc3)sc2n1,MBGKLTPGMKMMBY-UHFFFAOYSA-N,gka_candidate,False
1,49,GKA_0784,O=C(Nc1ncc(SCCN2CCCC2)s1)[C@]1(c2ccc(S(=O)(=O)C3CC3)cc2)C[C@H]1C1CCCCC1,QIIVJLHCZUTGSD-CUBQBAPOSA-N,gka_candidate,False
1,50,B3D_0003,CN1CC[C@]23c4c5ccc(O)c4O[C@H]2[C@@H](OC2O[C@H](C(=O)O)[C@@H](O)[C@H](O)[C@H]2O)C=C[C@H]3[C@H]1C5,GNJCUHZOSOYIEC-FJUCOFCUSA-N,bbb_control_b3db,False
1,51,B3D_0020,Nc1nc(NCCc2ccc(O)cc2)nc2nc(-c3ccco3)nn12,PWTBZOIUWZOPFT-UHFFFAOYSA-N,bbb_control_b3db,False
1,52,B3D_0038,CC(C)c1nc(CN(C)C(=O)N[C@@H](C)C(=O)C[C@@H](Cc2ccccc2)C[C@H](O)[C@H](Cc2ccccc2)NC(=O)OCc2cncs2)cs1,PYELINRBJHJZDQ-LMWIOMQRSA-N,bbb_control_b3db,False
1,53,B3D_0054,CC(C)NC(O)COc1ccc(CC(N)=O)cc1,ASKBPIDMAJTIHH-UHFFFAOYSA-N,bbb_control_b3db,False
1,54,B3D_0070,N#CC(c1ccc(Cl)cc1)c1c(Cl)cc(-n2ncc(=O)[nH]c2=O)cc1Cl,ZSZFUDFOPOMEET-UHFFFAOYSA-N,bbb_control_b3db,False
1,55,B3D_0086,CCOc1ccc(Cc2nc3cc(N(C)S(=O)(=O)c4cccs4)ccc3n2CC2CCCCC2)nc1,YIEVWZCZMDYKQH-UHFFFAOYSA-N,bbb_control_b3db,False
1,56,B3D_0102,NC(=O)c1ccc(S(=O)(=O)C2CCN(CCc3ccc(F)cc3F)CC2)cc1,BYFGXTUYWNOQIF-UHFFFAOYSA-N,bbb_control_b3db,False
1,57,B3D_0118,CC(C)(C)[N+](=O)C=C1C=CN([O-])C=C1,RNRMWTCECDHNQU-UHFFFAOYSA-N,bbb_control_b3db,False
1,58,B3D_0134,CC1(C)SSC(C)(C)[C@@H](NC(=O)C(N)Cc2ccc(O)cc2)C(=O)NCC(=O)NC(Cc2ccccc2)C(=O)N[C@@H]1C(=O)O,MCMMCRYPQBNCPH-BRLSKQCNSA-N,bbb_control_b3db,False
1,59,B3D_0150,O=C(NCCCOc1cccc(CN2CCCCC2)c1)c1ccccc1,IKQPZPCUEJJIRL-UHFFFAOYSA-N,bbb_control_b3db,False
1,60,B3D_0166,CC1CCN(CC[C@H]2CCCN2S(=O)(=O)c2cccc(O)c2)CC1,HWKROQUZSKPIKQ-MRXNPFEDSA-N,bbb_control_b3db,False
1,61,B3D_0182,CC(=O)[C@H]1CC[C@H]2[C@@H]3CCC4=CC(=O)CC[C@]4(C)[C@H]3CC[C@]12C,RJKFOVLPORLFTN-LEKSSAKUSA-N,bbb_control_b3db,False
1,62,B3D_0198,CN1C2CCC1CC(OC(=O)C(CO)c1ccccc1)C2,RKUNBYITZUJHSG-UHFFFAOYSA-N,bbb_control_b3db,False
1,63,B3D_0214,O=c1[nH]c(CCCN2CCC(c3ccccc3)CC2)nc2c(Cl)cccc12,ZUWRJCHNQXZPKT-UHFFFAOYSA-N,bbb_control_b3db,False
1,64,B3D_0230,Cc1ccnc2c1NC(=O)c1cccnc1N2C1CC1,NQDJXKOVJZTUJA-UHFFFAOYSA-N,bbb_control_b3db,False
1,65,B3D_0246,CN(C/C=C/C#CC(C)(C)C)Cc1cccc2ccccc12,DOMXUEMWDBAQBQ-WEVVVXLNSA-N,bbb_control_b3db,False
1,66,B3D_0262,O=C1c2ccccc2S(=O)(=O)N1CCCCN[C@H]1CCc2ccccc2O1,JNMJAUGCHSOMPF-LJQANCHMSA-N,bbb_control_b3db,False
1,67,B3D_0278,CCCN1CCOC2c3cc(O)ccc3CCC21,JCSREICEMHWFAY-UHFFFAOYSA-N,bbb_control_b3db,False
1,68,B3D_0294,COc1ccc2c3c1O[C@H]1C[C@@H](O)C=C[C@@]31CCN(C)C2,ASUTZQLVASHGKV-JDFRZJQESA-N,bbb_control_b3db,False
1,69,B3D_0310,O=c1ccc(-c2c(-c3ccccc3)nn3ccccc23)nn1CCN1CCCCC1,PSDPQRITXCPIJU-UHFFFAOYSA-N,bbb_control_b3db,False
1,70,B3D_0326,CN1CN(c2ccccc2)C2(CCN(CCCC(=O)c3ccc(F)cc3)CC2)C1=O,QHJLPOSPWKZACG-UHFFFAOYSA-N,bbb_control_b3db,False
1,71,B3D_0342,CNCCCN1c2ccccc2CCc2cc(O)ccc21,NVJBOLMRGMDGLD-UHFFFAOYSA-N,bbb_control_b3db,False
1,72,B3D_0358,CCCCC1CCN(CCCN2C(=O)CCc3ccccc32)CC1,PHMGZAICAOYEAF-UHFFFAOYSA-N,bbb_control_b3db,False
1,73,B3D_0374,CNC(=O)c1c(NCC2CCC3(CCC3)CC2)nc(C#N)nc1OCCO,YQABUUDNACVDEO-UHFFFAOYSA-N,bbb_control_b3db,False
1,74,B3D_0390,CC1CCN(CCCC(=O)c2ccc(F)cc2)CC1,DKMFBWQBDIGMHM-UHFFFAOYSA-N,bbb_control_b3db,False
1,75,B3D_0406,Ic1ccc(CN2CCCCC2)cc1CN1CCCCC1,OXQSHUAYKOAHPF-UHFFFAOYSA-N,bbb_control_b3db,False
1,76,B3D_0422,COc1ccc(Cl)cc1[C@]1(F)C(=O)Nc2cc(C(F)(F)F)ccc21,ULYONBAOIMCNEH-HNNXBMFYSA-N,bbb_control_b3db,False
1,77,B3D_0438,O=C(CCN1CCC(O)(c2ccc(Br)cc2)CC1)c1ccc(F)cc1,WBOHJBUFDCLXSE-UHFFFAOYSA-N,bbb_control_b3db,False
1,78,FRI_0018,CC1(C)O[C@@H]2[C@@H](CO[C@@]3(COS(N)(=O)=O)OC(C)(C)O[C@@H]23)O1,KJADKKWYZYXHBB-XBWDGYHZSA-N,bbb_control_friden,False
1,79,FRI_0040,CN(C)C(=O)C(CCN1CCC(O)(c2ccc(Cl)cc2)CC1)(c1ccccc1)c1ccccc1,RDOIQAHITMMDAJ-UHFFFAOYSA-N,bbb_control_friden,False
1,80,B3D_0001,COC1(NC(=O)C(C(=O)O)c2ccc(O)cc2)C(=O)N2C(C(=O)O)=C(CSc3nnnn3C)COC21,JWCSIUVGFCSJCK-UHFFFAOYSA-N,bbb_control_b3db,True
1,81,B3D_0002,CN1CC[C@]23c4c5ccc(OC6O[C@H](C(=O)O)[C@@H](O)[C@H](O)[C@H]6O)c4O[C@H]2[C@@H](O)C=C[C@H]3[C@H]1C5,WAEXKFONHRHFBZ-QMGRMYLDSA-N,bbb_control_b3db,True
1,82,B3D_0025,O=C(O)c1cc(N=Nc2ccc(S(=O)(=O)Nc3ccccn3)cc2)ccc1O,NCEXYHBECQHGNR-UHFFFAOYSA-N,bbb_control_b3db,True
1,83,B3D_0026,Oc1c(I)cc(Cl)c2cccnc12,QCDFBFJGMNKBDO-UHFFFAOYSA-N,bbb_control_b3db,True
1,84,B3D_0441,CN(C)CCCN1c2ccccc2Sc2ccc(C(F)(F)F)cc21,XSCGXQMFQXDFCW-UHFFFAOYSA-N,bbb_control_b3db,True
1,85,B3D_0443,OCCN1CCN(CCCN2c3ccccc3Sc3ccc(C(F)(F)F)cc32)CC1,PLDUPXSUYLZYBN-UHFFFAOYSA-N,bbb_control_b3db,True
1,86,B3D_0444,CNC1CCC(c2ccc(Cl)c(Cl)c2)c2ccccc21,VGKDLMBJGBXTGI-UHFFFAOYSA-N,bbb_control_b3db,True
1,87,B3D_0445,FC(F)(F)c1ccc(N2CCNCC2)nc1Cl,QZYYPQAYSFBKPW-UHFFFAOYSA-N,bbb_control_b3db,True
1,88,FRI_0001,CC(NC(C)(C)C)C(=O)c1cccc(Cl)c1,SNPPWIUOZRMYNY-UHFFFAOYSA-N,bbb_control_friden,True
1,89,FRI_0005,CN1C(=O)CN=C(c2ccccc2)c2cc(Cl)ccc21,AAOVKJBEBIDNHE-UHFFFAOYSA-N,bbb_control_friden,True
1,90,FRI_0008,COc1ccc2c3c1O[C@H]1[C@@H](O)C=C[C@H]4[C@@H](C2)N(C)CC[C@@]341,OROGSEYTTFOCAN-DNJOTXNNSA-N,bbb_control_friden,True
1,91,FRI_0012,CN(C)CCC=C1c2ccccc2CCc2ccccc21,KRMDCWKBEZIMAB-UHFFFAOYSA-N,bbb_control_friden,True
1,92,FRI_0016,CSc1ccc2c(c1)N(CCC1CCCCN1C)c1ccccc1S2,KLBQZWRITKRQQV-UHFFFAOYSA-N,bbb_control_friden,True
1,93,FRI_0019,C=CCOc1ccccc1OCC(O)CNC(C)C,CEMAWMOMDPGJMB-UHFFFAOYSA-N,bbb_control_friden,True
1,94,FRI_0023,C[C@H]1COc2c(N3CCN(C)CC3)c(F)cc3c(=O)c(C(=O)O)cn1c23,GSDSWSVVBLHKDQ-JTQLQIEISA-N,bbb_control_friden,True
1,95,FRI_0026,CC(C)(C)NC(=O)[C@@H]1C[C@@H]2CCCC[C@@H]2CN1C[C@@H](O)[C@H](Cc1ccccc1)NC(=O)[C@H](CC(N)=O)NC(=O)c1ccc2ccccc2n1,QWAXKHKRTORLEM-UGJKXSETSA-N,bbb_control_friden,True
1,96,FRI_0030,CO[C@H]1/C=C/O[C@@]2(C)Oc3c(C)c(O)c4c(O)c(c(/C=N/N5CCN(C)CC5)c(O)c4c3C2=O)NC(=O)/C(C)=C\C=C\[C@H](C)[C@H](O)[C@@H](C)[C@@H](O)[C@@H](C)[C@H](OC(C)=O)[C@@H]1C,JQXXHWHPUNPDRT-WLSIYKJHSA-N,bbb_control_friden,True
1,97,FRI_0035,CO[C@@]1(NC(=O)C(C(=O)O)c2ccc(O)cc2)C(=O)N2C(C(=O)O)=C(CSc3nnnn3C)CO[C@@H]21,JWCSIUVGFCSJCK-CAVRMKNVSA-N,bbb_control_friden,True
1,98,FRI_0036,CN1CC[C@]23c4c5ccc(O[C@@H]6O[C@H](C(=O)O)[C@@H](O)[C@H](O)[C@H]6O)c4O[C@H]2[C@@H](O)C=C[C@H]3[C@H]1C5,WAEXKFONHRHFBZ-ZXDZBKESSA-N,bbb_control_friden,True
1,99,FRI_0041,CN(Cc1cnc2nc(N)nc(N)c2n1)c1ccc(C(=O)N[C@@H](CCC(=O)O)C(=O)O)cc1,FBOZXECLQNJBKD-ZDUSSCGKSA-N,bbb_control_friden,True
2,1,GKA_0016,CCOP(=O)(Cn1ccc(NC(=O)c2cc(Oc3ccc(S(=O)(=O)CC)cc3)cc(OC(C)C)c2)n1)OCC,ZLEHPGWPTWVVKN-UHFFFAOYSA-N,gka_candidate,False
2,2,GKA_0032,Cn1ccnc1Sc1cc(C(=O)Nc2nccs2)c(N)cc1F,YUCYMQBDBXVNCE-UHFFFAOYSA-N,gka_candidate,False
2,3,GKA_0048,COC[C@H](C)Oc1cc(C#CCOC2CCCCO2)cc(C(=O)Nc2ccn(C)n2)c1,HSVMLHFCJZKUGL-LBOXEOMUSA-N,gka_candidate,False
2,4,GKA_0064,COC[C@H](C)Oc1cc(C#Cc2cccc(NCCN3CCOCC3)c2)cc(C(=O)Nc2ccn(C)n2)c1,XLHQJZBPWPNFJN-QFIPXVFZSA-N,gka_candidate,False
2,5,GKA_0080,O=C(Nc1nccs1)c1nc(Sc2nnc[nH]2)ccc1Sc1ccccc1,URQJILNFIPQTRX-UHFFFAOYSA-N,gka_candidate,False
2,6,GKA_0096,COc1ccc2nc(NC(=O)C(CC3CCCC3)c3ccc(S(=O)(=O)N(C)Cc4nccn4C)cc3)sc2n1,BACSXTCCSDYWQS-UHFFFAOYSA-N,gka_candidate,False
2,7,GKA_0112,Cc1cnc(NC(=O)c2cc(Oc3cnc(C(=O)N4CCC4)cn3)c3cc(C)oc3c2)cn1,KKWQRPLWHQDIIZ-UHFFFAOYSA-N,gka_candidate,False
2,8,GKA_0128,CCS(=O)(=O)c1ccc(Oc2cc3nc(-c4ccccn4)[nH]c3cc2CN2C(=O)CN(C)C2=O)cc1,XJPUFMSGFDSNKS-UHFFFAOYSA-N,gka_candidate,False
2,9,GKA_0144,CC(=O)N1CCC(c2nsc(Nc3ncc(Sc4ccccn4)cc3Oc3cccnc3C)n2)CC1,WITGITFYEMHCEZ-UHFFFAOYSA-N,gka_candidate,False
2,10,GKA_0160,CCS(=O)(=O)c1ccc(Oc2cc3nc(-c4ccccn4)[nH]c3cc2CN(C)C(C)=O)cc1,IHHUJYRBHNKJIO-UHFFFAOYSA-N,gka_candidate,False
2,11,GKA_0176,COCC(C)Oc1cc(Oc2ccc(S(C)(=O)=O)cc2)cc(C(=O)Nc2nc3c(s2)CCCC3)c1,AAJKLRBVIPIBEW-UHFFFAOYSA-N,gka_candidate,False
2,12,GKA_0192,Cc1cc(S(=O)(=O)C2CCCC2)cc(=O)n1C(CC1CCCC1)C(=O)Nc1nccs1,UGPQQXXZGVSIOI-UHFFFAOYSA-N,gka_candidate,False
2,13,GKA_0208,CC(C)Oc1cc(Oc2cnc(C(=O)N(C)C)c(F)c2)cc(-c2nccc(=O)[nH]2)c1,XXRSPMIUQRJYFO-UHFFFAOYSA-N,gka_candidate,False
2,14,GKA_0224,CNC(=O)Nc1ncc(SC2CCOCC2)cc1Oc1cccnc1C,JALZBSKFWWSHNK-UHFFFAOYSA-N,gka_candidate,False
2,15,GKA_0240,O=C(Nc1ncc(F)s1)[C@H](CC1CCCCC1)n1cnc2cc(S(=O)(=O)C3CCCC3)ccc2c1=O,RKMPMLRDRQAFMM-NRFANRHFSA-N,gka_candidate,False
2,16,GKA_0256,Cc1csc(Nc2ncc(Br)cc2Oc2ccccc2)n1,XRFBFVJFPOWVBV-UHFFFAOYSA-N,gka_candidate,False
2,17,GKA_0272,COC[C@H](C)Oc1cc(Oc2ccc(C(=O)N3CCC3)cc2)cc(C(=O)Nc2nc3c(s2)CN(c2ccncn2)CC3)c1,DNDQVXMSSKYUTJ-FQEVSTJZSA-N,gka_candidate,False
2,18,GKA_0288,O=C(O)c1cc(Oc2cnc(NC(=O)C(OC3CCOCC3)c3ccc(S(=O)(=O)C4CC4)cc3)s2)ccn1,CPUDNQNBTYLALB-UHFFFAOYSA-N,gka_candidate,False
2,19,GKA_0304,CN1CCN(Cc2cnc(NC(=O)/C(=N/N3CCCC3)c3ccc(S(=O)(=O)C4CC4)cc3)s2)CC1,FETSDWZQMXCKMK-HPNDGRJYSA-N,gka_candidate,False
2,20,GKA_0320,O=C(Nc1ncc(F)s1)C(OC1CCOCC1)c1ccc(S(=O)(=O)N2CCOCC2)cc1,ZIVKNTQDGNBUFX-UHFFFAOYSA-N,gka_candidate,False
2,21,GKA_0336,CS(=O)(=O)c1ccc(/C(=C\C2CCCCC2)C(=O)Nc2nccs2)cc1[N+](=O)[O-],FICFIIMMJODLNW-RVDMUPIBSA-N,gka_candidate,False
2,22,GKA_0352,COC[C@H](C)Oc1cc(OCC(F)(F)c2ccccc2)cc(C(=O)Nc2ccc(C(=O)O)cn2)c1,PPIYZEGVMJHCLQ-INIZCTEOSA-N,gka_candidate,False
2,23,GKA_0368,O=C(Nc1ncc(F)s1)[C@H](CC1CCOCC1)n1ncc2c(S(=O)(=O)C3CC3)cccc21,VFUKAAVEACENGY-KRWDZBQOSA-N,gka_candidate,False
2,24,GKA_0384,Cn1ccc(Nc2ncnc3ccc(Oc4c(F)cccc4F)cc23)n1,IASPBPPPOAHMMS-UHFFFAOYSA-N,gka_candidate,False
2,25,GKA_0400,CCc1cncc(Oc2cc(NC(=O)NC)ncc2-c2ccc(OCCO)nc2)c1,ZCFUCHBFJQCYAV-UHFFFAOYSA-N,gka_candidate,False
2,26,GKA_0416,CN1C(=O)CCC1c1cc2[nH]c(-c3ncc(CCC(=O)O)s3)cc2cc1Oc1ccc(S(C)(=O)=O)nc1,WWSAOOIZYXPBPR-UHFFFAOYSA-N,gka_candidate,False
2,27,GKA_0432,CN1C(=O)CCC1c1cc2[nH]c(-c3ccc(OCC(=O)O)cn3)cc2cc1Oc1ccc(S(C)(=O)=O)nc1,HXKGFDJNFGEIBJ-UHFFFAOYSA-N,gka_candidate,False
2,28,GKA_0448,CC(C)=CCOc1cc(Oc2ccc(S(=O)(=O)N3CCOCC3)cc2)cc(C(=O)Nc2cc(C)n(C)n2)c1,DGCABLZAVGULFA-UHFFFAOYSA-N,gka_candidate,False
2,29,GKA_0464,NC(=O)c1cc(S(=O)(=O)C2CC2)c2cnn([C@@H](CC3CCOCC3)C(=O)Nc3ncc(F)s3)c2c1,ZNWXQJQASUSFFX-KRWDZBQOSA-N,gka_candidate,False
2,30,GKA_0480,CC(C)Cc1csc(Nc2ncc(Sc3ccncc3)cc2Oc2ccccc2)n1,CJEHEFWXHHALET-UHFFFAOYSA-N,gka_candidate,False
2,31,GKA_0496,Cn1cnnc1Sc1ccc(Sc2ccc(F)cc2)c(C(=O)Nc2nccs2)n1,YIYCQXYPCZMPSG-UHFFFAOYSA-N,gka_candidate,False
2,32,GKA_0512,CNC(=O)Nc1cc(Oc2cncc(C)c2)c([C@H]2C[C@@H]2CO)cn1,PKWULGGISSUMMT-YPMHNXCESA-N,gka_candidate,False
2,33,GKA_0528,COC[C@H](C)Oc1cc(/C=C/c2c(F)cccc2F)cc(C(=O)Nc2ccn(C)n2)c1,CCIMAQZZSYLARL-KIUWMYQTSA-N,gka_candidate,False
2,34,GKA_0544,CNC(=O)Nc1cc(Oc2cncc(OC)c2)c([C@H]2CCCOC2)cn1,APSOPISMEDAYTH-LBPRGKRZSA-N,gka_candidate,False
2,35,GKA_0560,COC[C@H](C)Oc1cc(Oc2cc(F)cc(F)c2)cc(C(=O)Nc2nc3c(s2)CN(C(=O)OC(C)(C)C)CC3)c1,ICGYHTPMQBYUAX-INIZCTEOSA-N,gka_candidate,False
2,36,GKA_0576,O=C(Nc1ncc(-c2cn(CCO)nn2)s1)[C@H](CC1CCOCC1)c1ccc(S(=O)(=O)C2CC2)cc1,CGDJOWCIDUPLCY-HXUWFJFHSA-N,gka_candidate,False
2,37,GKA_0592,COC[C@H](C)Oc1cc(/C=C/c2cccc([N+](=O)[O-])c2)cc(C(=O)Nc2ccn(C)n2)c1,FFEVPPCSFASWEH-WAVCKPEOSA-N,gka_candidate,False
2,38,GKA_0608,COCC(COC)Oc1cc(Oc2ccc(S(C)(=O)=O)cc2)cc(C(=O)Nc2nccs2)c1,JIPIXXHHVRRHOK-UHFFFAOYSA-N,gka_candidate,False
2,39,GKA_0624,COCCC(Oc1ncnc2c1cnn2-c1ccccc1C)C(=O)Nc1ccc(C)cn1,LYWQXVOFIHTNBN-UHFFFAOYSA-N,gka_candidate,False
2,40,GKA_0640,Cc1nsc(NC(=O)c2cc(Sc3nncn3C)ccc2N)n1,AZMDKDLMECFFMX-UHFFFAOYSA-N,gka_candidate,False
2,41,GKA_0656,C[C@H](CO)OC[C@H](Oc1ncnc2c1cnn2-c1ncccc1Cl)C(=O)Nc1ccc(Cl)cn1,YIFBLFLYDFILGQ-WBMJQRKESA-N,gka_candidate,False
2,42,GKA_0672,Cc1ccc(NC(=O)[C@H](CC2CCCC2)n2cc(Cl)c(S(C)(=O)=O)cc2=O)nc1,VTOVFAJFDHFMSW-INIZCTEOSA-N,gka_candidate,False
2,43,GKA_0688,N#Cc1cccc(Cl)c1-n1ncc2c(O[C@@H](COCCO)C(=O)Nc3ccc(F)cn3)ncnc21,BUIXNKGCYRBMEG-KRWDZBQOSA-N,gka_candidate,False
2,44,GKA_0704,CCOCCc1cnc(NC(=O)NC)c(Oc2cccnc2CC)c1,AKSDQOQLGVSUMM-UHFFFAOYSA-N,gka_candidate,False
2,45,GKA_0720,Cn1ccc(Nc2ncnc3ccc(Oc4ccccn4)cc23)n1,PBJSTJDOBCOIKM-UHFFFAOYSA-N,gka_candidate,False
2,46,GKA_0736,CCn1nccc1Oc1cc(C[C@H]2C[C@@](C)(O)C2)cnc1NC(=O)NC,AZHFAXGDRCIDKF-QGGXVJLZSA-N,gka_candidate,False
2,47,GKA_0752,CCn1nc(COC)cc1Oc1cc(CC2CCOCC2)cnc1NC(=O)NC,KFKCBULZNJTIAH-UHFFFAOYSA-N,gka_candidate,False
2,48,GKA_0768,COc1ccc2nc(NC(=O)C(CC3CCCC3)c3ccc(S(=O)(=O)NCc4ccco4)cc3)sc2n1,VYCOWOUFZJFBOD-UHFFFAOYSA-N,gka_candidate,False
2,49,GKA_0785,CC(C)C[C@@H](C(=O)Nc1ccn(C[C@@H](O)CO)n1)N1CC(Oc2ccccc2Cl)=CC1=O,HMUMWSORCUWQJO-QAPCUYQASA-N,gka_candidate,False
2,50,B3D_0004,Cc1ccc(CC2CNC(NCCCCc3ncc(Br)cc3C)NC2=O)cn1,HODUKEZHHKVLBN-UHFFFAOYSA-N,bbb_control_b3db,False
2,51,B3D_0021,O=c1[nH]cnc2c1ncn2[C@@H]1CC[C@H](CO)O1,BXZVVICBKDXVGW-RQJHMYQMSA-N,bbb_control_b3db,False
2,52,B3D_0039,CN1Cc2c(-c3noc(C(C)(CO)CO)n3)ncn2-c2cccc(Cl)c2C1=O,OBUWKSYNYYMZNZ-UHFFFAOYSA-N,bbb_control_b3db,False
2,53,B3D_0055,CC1(C(=O)O)CCC2(C)CCC3(C)C(=CC(=O)C4C5(C)CCC(O)C(C)(C)C5CCC43C)C2C1,MPDGHEJMBKOTSU-UHFFFAOYSA-N,bbb_control_b3db,False
2,54,B3D_0071,NCC1(Cc2noc(=O)[nH]2)CCCCC1,MOEZPHHJIZLEKX-UHFFFAOYSA-N,bbb_control_b3db,False
2,55,B3D_0087,CCS(=O)(=O)n1c2c(c3cc(C(=O)N4CCC(C)CC4)ccc31)CN(C1CCOCC1)CC2,UCMNIYFDRVBMFV-UHFFFAOYSA-N,bbb_control_b3db,False
2,56,B3D_0103,CC(=O)NCCCOc1cccc(CN2CCCCC2)c1,FAXLXLJWHQJMPK-UHFFFAOYSA-N,bbb_control_b3db,False
2,57,B3D_0119,CC(C)Oc1cccc(CC(=O)N2CCC[C@](CC[N+]34CCC(c5ccccc5)(CC3)CC4)(c3ccc(Cl)c(Cl)c3)C2)c1,RPDFDSQFBCJTDY-GAQXSTBRSA-N,bbb_control_b3db,False
2,58,B3D_0135,CC1(C)SSC(C)(C)[C@@H](NC(=O)[C@@H](N)Cc2ccc(O)cc2)C(=O)NCC(=O)N[C@@H](Cc2ccccc2)C(=O)N[C@H]1C(=O)O,MCMMCRYPQBNCPH-WMIMKTLMSA-N,bbb_control_b3db,False
2,59,B3D_0151,O=[N+]([O-])c1nccn1CCCF,IZLMHZNPHNYQDM-UHFFFAOYSA-N,bbb_control_b3db,False
2,60,B3D_0167,COC(=O)C1C(=O)C=C(Nc2cccc(OC(F)(F)F)c2)CC1C,ZLEQCGLRXGQXNI-UHFFFAOYSA-N,bbb_control_b3db,False
2,61,B3D_0183,CC(F)OC(=O)c1ncn2c1CN(C)C(=O)c1cc(F)ccc1-2,VBDHBHIFSRQXKE-UHFFFAOYSA-N,bbb_control_b3db,False
2,62,B3D_0199,CN1[C@@H]2CC[C@H]1CC(OC(=O)C(CO)c1ccccc1)C2,RKUNBYITZUJHSG-PJPHBNEVSA-N,bbb_control_b3db,False
2,63,B3D_0215,O=C(OCc1ccccc1)N1CCC(CNc2ccccn2)CC1,BKWXCVZIALOBBS-UHFFFAOYSA-N,bbb_control_b3db,False
2,64,B3D_0231,NC(=O)C1c2ccccc2C=Cc2ccccc21,HXQAPLNYYFQSFU-UHFFFAOYSA-N,bbb_control_b3db,False
2,65,B3D_0247,C=CC1CC2CCC1CC2C(O)c1ccnc2ccc(OC)cc12,OAMMLDQTXRLECW-UHFFFAOYSA-N,bbb_control_b3db,False
2,66,B3D_0263,CN1CCCCC1CCN1c2ccccc2Sc2ccc(S(C)(=O)=O)cc21,FLGCRGJDQJIJAW-UHFFFAOYSA-N,bbb_control_b3db,False
2,67,B3D_0279,CCOC(=O)Cc1cc2c(c(N)n1)N=C(c1ccccc1)C(C)N2,CBKCWWFPPXCBCJ-UHFFFAOYSA-N,bbb_control_b3db,False
2,68,B3D_0295,Cc1nc2cc(CNC3CCCNC3c3ccccc3)c(OC(C)C)cc2s1,PIWQPOFYNLTCOJ-UHFFFAOYSA-N,bbb_control_b3db,False
2,69,B3D_0311,CC(C)NCC(O)COc1ccc(CCOCC2CC2)cc1,NWIUTZDMDHAVTP-UHFFFAOYSA-N,bbb_control_b3db,False
2,70,B3D_0327,COc1ccc(C(C)(C)C)cc1CNC1C2CCN(CC2)C1C(c1ccccc1)c1ccccc1,OMPCVMLFFSQFIX-UHFFFAOYSA-N,bbb_control_b3db,False
2,71,B3D_0343,CN(C)c1ccccc1Sc1ccc(CCF)cc1N,CQBGCZLGSWZJNE-UHFFFAOYSA-N,bbb_control_b3db,False
2,72,B3D_0359,COC(=O)[C@@H]1C2CCC(C[C@@H]1OC(=O)c1ccccc1)N2C,ZPUCINDJVBIVPJ-PFSRBDOWSA-N,bbb_control_b3db,False
2,73,B3D_0375,OCCOCCN1CCN(C2=Nc3ccccc3Sc3ccccc32)CC1,URKOMYMAXPYINW-UHFFFAOYSA-N,bbb_control_b3db,False
2,74,B3D_0391,Clc1ccc2[nH]nc(NC3CCN(Cc4ccc5c(c4)OCO5)CC3)c2c1,QJWWTNKROISUSJ-UHFFFAOYSA-N,bbb_control_b3db,False
2,75,B3D_0407,CC(CN(C)C)CN1c2ccccc2CCc2ccccc21,ZSCDBOWYZJWBIY-UHFFFAOYSA-N,bbb_control_b3db,False
2,76,B3D_0423,CN(C)CCC=C1c2ccccc2C=Cc2ccccc21,JURKNVYFZMSNLP-UHFFFAOYSA-N,bbb_control_b3db,False
2,77,B3D_0439,CN1CCN(CCCN2c3ccccc3Sc3ccc(C(F)(F)F)cc32)CC1,ZEWQUBUPAILYHI-UHFFFAOYSA-N,bbb_control_b3db,False
2,78,FRI_0020,O=C(O)c1ccccc1O,YGSDEFSMJLZEOE-UHFFFAOYSA-N,bbb_control_friden,False
2,79,FRI_0042,CO/N=C(\C(=O)N[C@@H]1C(=O)N2C(C(=O)O)=C(COC(C)=O)CS[C@H]12)c1csc(N)n1,GPRBEKHLDVQUJE-QSWIMTSFSA-N,bbb_control_friden,False
2,80,B3D_0001,COC1(NC(=O)C(C(=O)O)c2ccc(O)cc2)C(=O)N2C(C(=O)O)=C(CSc3nnnn3C)COC21,JWCSIUVGFCSJCK-UHFFFAOYSA-N,bbb_control_b3db,True
2,81,B3D_0002,CN1CC[C@]23c4c5ccc(OC6O[C@H](C(=O)O)[C@@H](O)[C@H](O)[C@H]6O)c4O[C@H]2[C@@H](O)C=C[C@H]3[C@H]1C5,WAEXKFONHRHFBZ-QMGRMYLDSA-N,bbb_control_b3db,True
2,82,B3D_0025,O=C(O)c1cc(N=Nc2ccc(S(=O)(=O)Nc3ccccn3)cc2)ccc1O,NCEXYHBECQHGNR-UHFFFAOYSA-N,bbb_control_b3db,True
2,83,B3D_0026,Oc1c(I)cc(Cl)c2cccnc12,QCDFBFJGMNKBDO-UHFFFAOYSA-N,bbb_control_b3db,True
2,84,B3D_0441,CN(C)CCCN1c2ccccc2Sc2ccc(C(F)(F)F)cc21,XSCGXQMFQXDFCW-UHFFFAOYSA-N,bbb_control_b3db,True
2,85,B3D_0443,OCCN1CCN(CCCN2c3ccccc3Sc3ccc(C(F)(F)F)cc32)CC1,PLDUPXSUYLZYBN-UHFFFAOYSA-N,bbb_control_b3db,True
2,86,B3D_0444,CNC1CCC(c2ccc(Cl)c(Cl)c2)c2ccccc21,VGKDLMBJGBXTGI-UHFFFAOYSA-N,bbb_control_b3db,True
2,87,B3D_0445,FC(F)(F)c1ccc(N2CCNCC2)nc1Cl,QZYYPQAYSFBKPW-UHFFFAOYSA-N,bbb_control_b3db,True
2,88,FRI_0001,CC(NC(C)(C)C)C(=O)c1cccc(Cl)c1,SNPPWIUOZRMYNY-UHFFFAOYSA-N,bbb_control_friden,True
2,89,FRI_0005,CN1C(=O)CN=C(c2ccccc2)c2cc(Cl)ccc21,AAOVKJBEBIDNHE-UHFFFAOYSA-N,bbb_control_friden,True
2,90,FRI_0008,COc1ccc2c3c1O[C@H]1[C@@H](O)C=C[C@H]4[C@@H](C2)N(C)CC[C@@]341,OROGSEYTTFOCAN-DNJOTXNNSA-N,bbb_control_friden,True
2,91,FRI_0012,CN(C)CCC=C1c2ccccc2CCc2ccccc21,KRMDCWKBEZIMAB-UHFFFAOYSA-N,bbb_control_friden,True
2,92,FRI_0016,CSc1ccc2c(c1)N(CCC1CCCCN1C)c1ccccc1S2,KLBQZWRITKRQQV-UHFFFAOYSA-N,bbb_control_friden,True
2,93,FRI_0019,C=CCOc1ccccc1OCC(O)CNC(C)C,CEMAWMOMDPGJMB-UHFFFAOYSA-N,bbb_control_friden,True
2,94,FRI_0023,C[C@H]1COc2c(N3CCN(C)CC3)c(F)cc3c(=O)c(C(=O)O)cn1c23,GSDSWSVVBLHKDQ-JTQLQIEISA-N,bbb_control_friden,True
2,95,FRI_0026,CC(C)(C)NC(=O)[C@@H]1C[C@@H]2CCCC[C@@H]2CN1C[C@@H](O)[C@H](Cc1ccccc1)NC(=O)[C@H](CC(N)=O)NC(=O)c1ccc2ccccc2n1,QWAXKHKRTORLEM-UGJKXSETSA-N,bbb_control_friden,True
2,96,FRI_0030,CO[C@H]1/C=C/O[C@@]2(C)Oc3c(C)c(O)c4c(O)c(c(/C=N/N5CCN(C)CC5)c(O)c4c3C2=O)NC(=O)/C(C)=C\C=C\[C@H](C)[C@H](O)[C@@H](C)[C@@H](O)[C@@H](C)[C@H](OC(C)=O)[C@@H]1C,JQXXHWHPUNPDRT-WLSIYKJHSA-N,bbb_control_friden,True
2,97,FRI_0035,CO[C@@]1(NC(=O)C(C(=O)O)c2ccc(O)cc2)C(=O)N2C(C(=O)O)=C(CSc3nnnn3C)CO[C@@H]21,JWCSIUVGFCSJCK-CAVRMKNVSA-N,bbb_control_friden,True
2,98,FRI_0036,CN1CC[C@]23c4c5ccc(O[C@@H]6O[C@H](C(=O)O)[C@@H](O)[C@H](O)[C@H]6O)c4O[C@H]2[C@@H](O)C=C[C@H]3[C@H]1C5,WAEXKFONHRHFBZ-ZXDZBKESSA-N,bbb_control_friden,True
2,99,FRI_0041,CN(Cc1cnc2nc(N)nc(N)c2n1)c1ccc(C(=O)N[C@@H](CCC(=O)O)C(=O)O)cc1,FBOZXECLQNJBKD-ZDUSSCGKSA-N,bbb_control_friden,True
3,1,GKA_0001,COC[C@H](C)Oc1cc(Oc2cnc(C(=O)N3CCC3)cn2)cc(C(=O)Nc2cnc(C)cn2)c1,FJEJHJINOKKDCW-INIZCTEOSA-N,gka_candidate,False
3,2,GKA_0017,O=C(Nc1ncc(Cl)s1)[C@H](CC1CCOCC1)n1ncc2c(S(=O)(=O)C3CC3)cccc21,AMNCFZVGAPBFJS-KRWDZBQOSA-N,gka_candidate,False
3,3,GKA_0033,CC(C)=CCOc1cc(Oc2ccc(S(=O)(=O)N3CC4CCC(C3)O4)cc2)cc(C(=O)Nc2ncc(F)s2)c1,WLNRSXUPQQKTNY-UHFFFAOYSA-N,gka_candidate,False
3,4,GKA_0049,COC[C@H](C)Oc1cc(C#Cc2cccc(NCCN(C)C)c2)cc(C(=O)Nc2ccn(C)n2)c1,HYNFNSKOKNVWOK-FQEVSTJZSA-N,gka_candidate,False
3,5,GKA_0065,CCc1csc(Nc2ncc(Sc3ccncc3)cc2Oc2ccccc2)n1,GFLDSNIRKKMYNR-UHFFFAOYSA-N,gka_candidate,False
3,6,GKA_0081,Cc1nnnn1-c1ccc(/C(=C\C2CCCC2)C(=O)Nc2nccs2)cc1Cl,VLMUMBDJCAPBLI-XNTDXEJSSA-N,gka_candidate,False
3,7,GKA_0097,COc1ccc2nc(NC(=O)C(CC3CCCC3)c3ccc(S(=O)(=O)N4CCCCC4)cc3)sc2n1,XWLNYSJXDZSNAN-UHFFFAOYSA-N,gka_candidate,False
3,8,GKA_0113,COCc1ccc(Oc2cc3[nH]c(-c4ccccn4)nc3cc2[C@H]2CCCN2C(C)=O)cn1,KNZIMOVBOPUPJI-HSZRJFAPSA-N,gka_candidate,False
3,9,GKA_0129,Cc1ccc(NC(=O)[C@H](CC2CCCC2)n2ccc(S(=O)(=O)C3CC3)cc2=O)nc1,MVULCJLELFVNQE-IBGZPJMESA-N,gka_candidate,False
3,10,GKA_0145,CCS(=O)(=O)c1ccc(Oc2cc3nc(-c4ccccn4)[nH]c3cc2CN2CCOC2=O)cc1,KZSSMVSIXNWYIC-UHFFFAOYSA-N,gka_candidate,False
3,11,GKA_0161,CCS(=O)(=O)c1ccc(Oc2cc3nc(-c4ccccn4)[nH]c3cc2CN2CCCC2=O)cc1,AOPNJTOVUCKWEL-UHFFFAOYSA-N,gka_candidate,False
3,12,GKA_0177,CS(=O)(=O)c1ccc(Oc2cc(O[C@H]3CCC[C@@H]3O)cc(C(=O)Nc3nccs3)c2)cc1,LLIQCVSOVKHPJR-PMACEKPBSA-N,gka_candidate,False
3,13,GKA_0193,COC[C@H](C)Oc1cc(Oc2cnc(C(=O)N(C)C)cn2)cc(-c2nccc(=O)[nH]2)c1,UQFUOGIWCIAKAA-ZDUSSCGKSA-N,gka_candidate,False
3,14,GKA_0209,Cc1csc(Nc2ncc(Sc3ccccn3)cc2OCc2ccccc2)n1,LNDXOEJPYHCIAV-UHFFFAOYSA-N,gka_candidate,False
3,15,GKA_0225,CCn1nccc1Oc1cc(C[C@H]2C[C@](C)(O)C2)cnc1NC(=O)NC,AZHFAXGDRCIDKF-KTXOBNNYSA-N,gka_candidate,False
3,16,GKA_0241,O=C(O)c1ccc(Oc2cnc(NC(=O)C(Oc3ccc(F)cc3F)c3ccc(S(=O)(=O)C4CCOCC4)cc3)s2)cc1,BADFQILDNJCDLS-UHFFFAOYSA-N,gka_candidate,False
3,17,GKA_0257,CS(=O)(=O)c1ccc([C@@H](CC2CCCC2)C(=O)Nc2nccs2)cc1,NEQSWPCDHDQINX-MRXNPFEDSA-N,gka_candidate,False
3,18,GKA_0273,O=C(Nc1nc2cccnc2s1)c1ccccc1,YBHRSXBMLOWBLL-UHFFFAOYSA-N,gka_candidate,False
3,19,GKA_0289,O=C(Nc1cnccn1)[C@H](CC1CCCC1)n1ccc(S(=O)(=O)C2CCC2)cc1=O,UHDZSSMOLOUCNL-SFHVURJKSA-N,gka_candidate,False
3,20,GKA_0305,CS(=O)(=O)c1ccc(C(CC2CCOCC2)C(=O)Nc2nc(-c3ccccc3)cs2)cc1,BJJGHIOXERFROQ-UHFFFAOYSA-N,gka_candidate,False
3,21,GKA_0321,Cc1csc(NC(=O)c2cc(Sc3nncn3C)ccc2Sc2ccc(F)cc2)n1,WZYQJHUWLLZEDH-UHFFFAOYSA-N,gka_candidate,False
3,22,GKA_0337,COc1ccc(Sc2ccc(Sc3ccccn3)nc2C(=O)Nc2ncc(SCC(=O)O)s2)cc1,BSSIABHJAVFXLM-UHFFFAOYSA-N,gka_candidate,False
3,23,GKA_0353,CN1C(=O)CCC1c1cc2[nH]c(-c3ccc(C(F)(F)F)cn3)cc2cc1Oc1ccc(S(C)(=O)=O)nc1,FHILTRSLURDEKR-UHFFFAOYSA-N,gka_candidate,False
3,24,GKA_0369,O=C(Nc1nccs1)c1nc(Sc2nnc[nH]2)ccc1Sc1cccc(F)c1,ZGBJNPCZVCWAHZ-UHFFFAOYSA-N,gka_candidate,False
3,25,GKA_0385,CS(=O)(=O)c1ccc(/C(=C\CC2CCCC2)C(=O)Nc2nccs2)cc1,COSUEEHOZUFBOZ-GZTJUZNOSA-N,gka_candidate,False
3,26,GKA_0401,O=C(Nc1ncc(F)s1)[C@H](CC1CCOCC1)c1ccc(S(=O)(=O)C2CC2)cc1,DBMFNEZMJWKKPU-QGZVFWFLSA-N,gka_candidate,False
3,27,GKA_0417,COc1ccc(Sc2ccc(Sc3ccccn3)nc2C(=O)Nc2ncc(CCC(=O)O)s2)cc1,SZYQPCWDTBUONO-UHFFFAOYSA-N,gka_candidate,False
3,28,GKA_0433,CNC(=O)Nc1cc(Oc2cncc(C)c2)c(CCCO)cn1,MFOQNGMSQDNKQC-UHFFFAOYSA-N,gka_candidate,False
3,29,GKA_0449,COC[C@H](C)Oc1cc(/C=C/c2ccc(F)cc2F)cc(C(=O)Nc2ccc(C(=O)O)cn2)c1,HKCJXSWTKIPQLN-BWPKMQGJSA-N,gka_candidate,False
3,30,GKA_0465,COc1cc(S(=O)(=O)C2CC2)c2cnn([C@@H](CC3CCOCC3)C(=O)Nc3ncc(F)s3)c2c1,DHHJSNCNVAZFJD-SFHVURJKSA-N,gka_candidate,False
3,31,GKA_0481,Cc1ccc(NC(=O)[C@H](CC2CCCC2)n2cnc(C(F)(F)F)c2)nc1,VLFQGVRGNGPZNM-AWEZNQCLSA-N,gka_candidate,False
3,32,GKA_0497,CNC(=O)Nc1cc(Oc2cncc(C)c2)c([C@H]2C[C@@H](O)C2)cn1,WDQHHGIWBRALLU-TXEJJXNPSA-N,gka_candidate,False
3,33,GKA_0513,COc1ccc2nc(NC(=O)C(CC3CCCC3)c3ccc(S(=O)(=O)N(C)CCO)cc3)sc2n1,ZUWZPKWHGCQWQZ-UHFFFAOYSA-N,gka_candidate,False
3,34,GKA_0529,CCN(CC)c1cccc(C#Cc2cc(O[C@@H](C)COC)cc(C(=O)Nc3ccn(C)n3)c2)c1,PJSFOJZUAHBGIV-FQEVSTJZSA-N,gka_candidate,False
3,35,GKA_0545,O=C(O)c1cccc(Oc2cnc(NC(=O)C(OC3CCOCC3)c3ccc(S(=O)(=O)C4CC4)cc3)s2)c1,LLUUBGDHWCFYLV-UHFFFAOYSA-N,gka_candidate,False
3,36,GKA_0561,CS(=O)(=O)c1cccc(F)c1Oc1ccc2ncnc(Nc3cnccn3)c2c1,IUEBYYLPBPERIC-UHFFFAOYSA-N,gka_candidate,False
3,37,GKA_0577,CNC(=O)Nc1ncc(SC2CCN(S(C)(=O)=O)CC2)cc1Oc1cccnc1C,QEBDWFSFDGBWIT-UHFFFAOYSA-N,gka_candidate,False
3,38,GKA_0593,Cc1cccnc1-c1cc(Oc2ccc(S(C)(=O)=O)cc2)cc(C(=O)Nc2ncc(F)s2)c1,YKAPCJRKYCEQAQ-UHFFFAOYSA-N,gka_candidate,False
3,39,GKA_0609,CCS(=O)(=O)c1ccc(Oc2cc3nc(-c4ccccn4)[nH]c3cc2CCC(=O)N(C)C)cc1,ODKWGBYTXDKXFO-UHFFFAOYSA-N,gka_candidate,False
3,40,GKA_0625,Cc1cnc(NC(=O)[C@H](COC(C)C)Oc2ncnc3c2cnn3-c2ccccc2Cl)cn1,YJMNDMNADRUIMG-SFHVURJKSA-N,gka_candidate,False
3,41,GKA_0641,CS(=O)(=O)c1ccc(Oc2cc(OC3CCCC3)cc(C(=O)Nc3nccs3)c2)cc1,IPUJCEBFTDHXQV-UHFFFAOYSA-N,gka_candidate,False
3,42,GKA_0657,O=C(O)Cc1ccc(Oc2cnc(NC(=O)C(Oc3ccc(F)cc3F)c3ccc(S(=O)(=O)C4CC4)cc3)s2)cc1,VMWUVJZDDFSOFR-UHFFFAOYSA-N,gka_candidate,False
3,43,GKA_0673,O=C(O)c1cc(Oc2cnc(NC(=O)C(OC3CCOCC3)c3ccc(S(=O)(=O)C4CC4)cc3)s2)ccc1Cl,CGZJDKGLZVFVIQ-UHFFFAOYSA-N,gka_candidate,False
3,44,GKA_0689,CCn1nccc1Oc1cc(C[C@H]2C[C@H](O)C2)cnc1NC(=O)NC,JPIQZOOVYMKWGU-AULYBMBSSA-N,gka_candidate,False
3,45,GKA_0705,O=C(O)c1ccc(Oc2cnc(NC(=O)C(OC3CCOCC3)c3ccc(S(=O)(=O)C4CC4)cc3)s2)cc1Cl,DSXWXPSXXOQMMD-UHFFFAOYSA-N,gka_candidate,False
3,46,GKA_0721,CNC(=O)Nc1cc(Oc2c(F)cccc2F)c(C)cn1,PMXOXZSVWGIOEG-UHFFFAOYSA-N,gka_candidate,False
3,47,GKA_0737,CNC(=O)Nc1cc(Oc2cncc(OC)c2)c([C@H]2COCCC2(F)F)cn1,DETISJLWMDKKPO-CQSZACIVSA-N,gka_candidate,False
3,48,GKA_0753,CC(=O)c1ccc(C(CC2CCCC2)c2cc3cccnc3[nH]2)cc1Cl,UMJURPMKEPWRDL-UHFFFAOYSA-N,gka_candidate,False
3,49,GKA_0769,CC(C)S(=O)(=O)c1ccn([C@@H](CC2CCCC2)C(=O)Nc2ccn(C)n2)c(=O)c1,FXUQPTPELRIKJU-KRWDZBQOSA-N,gka_candidate,False
3,50,GKA_0787,CCCO[C@H]1CC[C@H](N(C(=O)Nc2ncc(SCC(=O)O)s2)C2CCCCC2)CC1,HPGJSAAUJGAMLV-QAQDUYKDSA-N,gka_candidate,False
3,51,B3D_0005,OC[C@H]1O[C@@](CO)(O[C@H]2O[C@H](CO)[C@@H](O)[C@H](O)[C@H]2O)[C@@H](O)[C@@H]1O,CZMRCDWAGMRECN-UGDNZRGBSA-N,bbb_control_b3db,False
3,52,B3D_0022,CC(=O)Oc1ccc(/C=C/C(=O)NCCc2ccccc2)cc1OC(C)=O,GARHCDOTUULBOQ-PKNBQFBNSA-N,bbb_control_b3db,False
3,53,B3D_0040,O=C(c1ccc(OCCN2CCCCC2)cc1)c1c(-c2ccc(O)cc2)sc2cc(O)ccc12,GZUITABIAKMVPG-UHFFFAOYSA-N,bbb_control_b3db,False
3,54,B3D_0056,CCCn1c(=O)c2[nH]c(C3CCC(=O)C3)nc2n(CCC)c1=O,RUHGOZFOVBMWOO-UHFFFAOYSA-N,bbb_control_b3db,False
3,55,B3D_0072,O=C(O)Cc1ccccc1Nc1c(Cl)cccc1Cl,DCOPUUMXTXDBNB-UHFFFAOYSA-N,bbb_control_b3db,False
3,56,B3D_0088,CCCCCCCCCCCCCCCCOP(=O)([O-])OCC[N+](C)(C)C,PQLXHQMOHUQAKB-UHFFFAOYSA-N,bbb_control_b3db,False
3,57,B3D_0104,O=C(c1ccc(F)cc1)N1CCN(c2ccc(OCCCN3CCCCC3)cc2)C(=O)C1,GXILWBIQFGWJQN-UHFFFAOYSA-N,bbb_control_b3db,False
3,58,B3D_0120,CN(C)CCC[C@@]1(c2ccc(F)cc2)OCc2cc(C#N)ccc21,WSEQXVZVJXJVFP-FQEVSTJZSA-N,bbb_control_b3db,False
3,59,B3D_0136,CC1C=Nc2c1c(=O)[nH]c(=O)n2C,NAPWTTYURSOZMU-UHFFFAOYSA-N,bbb_control_b3db,False
3,60,B3D_0152,CC(C)(O)Cn1nc(-c2c(-c3ccccc3)nn3ccccc23)ccc1=O,DAFCHQXXMZCOOE-UHFFFAOYSA-N,bbb_control_b3db,False
3,61,B3D_0168,C[n+]1ccccc1/C=N/O,JBKPUQTUERUYQE-UHFFFAOYSA-O,bbb_control_b3db,False
3,62,B3D_0184,CN(C)Cc1ccc(-c2c[nH]c(=O)c3cccc(O)c23)cc1,NCBXZVLOVKDCMW-UHFFFAOYSA-N,bbb_control_b3db,False
3,63,B3D_0200,Cc1c([18F])c(=O)n(-c2ccccc2)n1C,SIXSVSSADWMMMM-DWSYCVKZSA-N,bbb_control_b3db,False
3,64,B3D_0216,OCCCOc1cccc(CN2CCCCC2)c1,JACPUZOKPSTMTK-UHFFFAOYSA-N,bbb_control_b3db,False
3,65,B3D_0232,C1CO1,IAYPIBMASNFSPL-UHFFFAOYSA-N,bbb_control_b3db,False
3,66,B3D_0248,CN1CC(C)(C2=CCCCC2)C(=O)NC1=O,FNKSLANLRBBNGS-UHFFFAOYSA-N,bbb_control_b3db,False
3,67,B3D_0264,CN(C)Cc1ccccc1Sc1ccc(F)cc1N,ODXYYPIOITXURW-UHFFFAOYSA-N,bbb_control_b3db,False
3,68,B3D_0280,CC(C)=CCN1Cc2cc(Cl)cc3[nH]c(=S)n(c23)CC1C,RCSLUNOLLUVOOG-UHFFFAOYSA-N,bbb_control_b3db,False
3,69,B3D_0296,c1cncc(C2CCCN2)c1,MYKUKUCHPMASKF-UHFFFAOYSA-N,bbb_control_b3db,False
3,70,B3D_0312,COc1cc2c(c(CNC3CCCNC3c3ccccc3)c1)OCC2,ZZYXQLUAWYPDEQ-UHFFFAOYSA-N,bbb_control_b3db,False
3,71,B3D_0328,Clc1cc(Cl)c(NC2=NCCN2)c(Cl)c1,REGMPMOUDUTRSJ-UHFFFAOYSA-N,bbb_control_b3db,False
3,72,B3D_0344,COc1ccc2c3c1O[C@H]1[C@@H](O)CC[C@H]4[C@@H](C2)N(C)CC[C@@]341,RBOXVHNMENFORY-DNJOTXNNSA-N,bbb_control_b3db,False
3,73,B3D_0360,Clc1ccc2c(c1)C(N1CCNCC1)=Nc1ccccc1O2,QWGDMFLQWFTERH-UHFFFAOYSA-N,bbb_control_b3db,False
3,74,B3D_0376,COc1cccc(CC2CCN(C3CCC(OC)(c4ccc5c(c4)OCO5)CC3)CC2)c1,TUKCCCSKEZKCLR-UHFFFAOYSA-N,bbb_control_b3db,False
3,75,B3D_0392,CCOC(=O)C1(c2ccccc2)CCN(C)CC1,XADCESSVHJOZHK-UHFFFAOYSA-N,bbb_control_b3db,False
3,76,B3D_0408,CN1CCN2c3ccccc3Cc3ccccc3C2C1,UEQUQVLFIPOEMF-UHFFFAOYSA-N,bbb_control_b3db,False
3,77,B3D_0424,CC1CCCCC1C,KVZJLSYJROEPSQ-UHFFFAOYSA-N,bbb_control_b3db,False
3,78,B3D_0440,CC1CCN(CCCN2c3ccccc3Sc3ccc(C(F)(F)F)cc32)CC1,PZVNDRDMKCGUFD-UHFFFAOYSA-N,bbb_control_b3db,False
3,79,FRI_0021,CN1CC[C@]23c4c5ccc(O)c4O[C@H]2[C@@H](O)C=C[C@H]3[C@H]1C5,BQJCRHHNABKAKU-KBQPJGBKSA-N,bbb_control_friden,False
3,80,B3D_0001,COC1(NC(=O)C(C(=O)O)c2ccc(O)cc2)C(=O)N2C(C(=O)O)=C(CSc3nnnn3C)COC21,JWCSIUVGFCSJCK-UHFFFAOYSA-N,bbb_control_b3db,True
3,81,B3D_0002,CN1CC[C@]23c4c5ccc(OC6O[C@H](C(=O)O)[C@@H](O)[C@H](O)[C@H]6O)c4O[C@H]2[C@@H](O)C=C[C@H]3[C@H]1C5,WAEXKFONHRHFBZ-QMGRMYLDSA-N,bbb_control_b3db,True
3,82,B3D_0025,O=C(O)c1cc(N=Nc2ccc(S(=O)(=O)Nc3ccccn3)cc2)ccc1O,NCEXYHBECQHGNR-UHFFFAOYSA-N,bbb_control_b3db,True
3,83,B3D_0026,Oc1c(I)cc(Cl)c2cccnc12,QCDFBFJGMNKBDO-UHFFFAOYSA-N,bbb_control_b3db,True
3,84,B3D_0441,CN(C)CCCN1c2ccccc2Sc2ccc(C(F)(F)F)cc21,XSCGXQMFQXDFCW-UHFFFAOYSA-N,bbb_control_b3db,True
3,85,B3D_0443,OCCN1CCN(CCCN2c3ccccc3Sc3ccc(C(F)(F)F)cc32)CC1,PLDUPXSUYLZYBN-UHFFFAOYSA-N,bbb_control_b3db,True
3,86,B3D_0444,CNC1CCC(c2ccc(Cl)c(Cl)c2)c2ccccc21,VGKDLMBJGBXTGI-UHFFFAOYSA-N,bbb_control_b3db,True
3,87,B3D_0445,FC(F)(F)c1ccc(N2CCNCC2)nc1Cl,QZYYPQAYSFBKPW-UHFFFAOYSA-N,bbb_control_b3db,True
3,88,FRI_0001,CC(NC(C)(C)C)C(=O)c1cccc(Cl)c1,SNPPWIUOZRMYNY-UHFFFAOYSA-N,bbb_control_friden,True
3,89,FRI_0005,CN1C(=O)CN=C(c2ccccc2)c2cc(Cl)ccc21,AAOVKJBEBIDNHE-UHFFFAOYSA-N,bbb_control_friden,True
3,90,FRI_0008,COc1ccc2c3c1O[C@H]1[C@@H](O)C=C[C@H]4[C@@H](C2)N(C)CC[C@@]341,OROGSEYTTFOCAN-DNJOTXNNSA-N,bbb_control_friden,True
3,91,FRI_0012,CN(C)CCC=C1c2ccccc2CCc2ccccc21,KRMDCWKBEZIMAB-UHFFFAOYSA-N,bbb_control_friden,True
3,92,FRI_0016,CSc1ccc2c(c1)N(CCC1CCCCN1C)c1ccccc1S2,KLBQZWRITKRQQV-UHFFFAOYSA-N,bbb_control_friden,True
3,93,FRI_0019,C=CCOc1ccccc1OCC(O)CNC(C)C,CEMAWMOMDPGJMB-UHFFFAOYSA-N,bbb_control_friden,True
3,94,FRI_0023,C[C@H]1COc2c(N3CCN(C)CC3)c(F)cc3c(=O)c(C(=O)O)cn1c23,GSDSWSVVBLHKDQ-JTQLQIEISA-N,bbb_control_friden,True
3,95,FRI_0026,CC(C)(C)NC(=O)[C@@H]1C[C@@H]2CCCC[C@@H]2CN1C[C@@H](O)[C@H](Cc1ccccc1)NC(=O)[C@H](CC(N)=O)NC(=O)c1ccc2ccccc2n1,QWAXKHKRTORLEM-UGJKXSETSA-N,bbb_control_friden,True
3,96,FRI_0030,CO[C@H]1/C=C/O[C@@]2(C)Oc3c(C)c(O)c4c(O)c(c(/C=N/N5CCN(C)CC5)c(O)c4c3C2=O)NC(=O)/C(C)=C\C=C\[C@H](C)[C@H](O)[C@@H](C)[C@@H](O)[C@@H](C)[C@H](OC(C)=O)[C@@H]1C,JQXXHWHPUNPDRT-WLSIYKJHSA-N,bbb_control_friden,True
3,97,FRI_0035,CO[C@@]1(NC(=O)C(C(=O)O)c2ccc(O)cc2)C(=O)N2C(C(=O)O)=C(CSc3nnnn3C)CO[C@@H]21,JWCSIUVGFCSJCK-CAVRMKNVSA-N,bbb_control_friden,True
3,98,FRI_0036,CN1CC[C@]23c4c5ccc(O[C@@H]6O[C@H](C(=O)O)[C@@H](O)[C@H](O)[C@H]6O)c4O[C@H]2[C@@H](O)C=C[C@H]3[C@H]1C5,WAEXKFONHRHFBZ-ZXDZBKESSA-N,bbb_control_friden,True
3,99,FRI_0041,CN(Cc1cnc2nc(N)nc(N)c2n1)c1ccc(C(=O)N[C@@H](CCC(=O)O)C(=O)O)cc1,FBOZXECLQNJBKD-ZDUSSCGKSA-N,bbb_control_friden,True
4,1,GKA_0002,O=C(O)c1ccc(NC(=O)[C@H](CC2CCCC2)n2cnc(C(F)(F)F)c2)nc1,GKMLFBRLRVQVJO-ZDUSSCGKSA-N,gka_candidate,False
4,2,GKA_0018,CCS(=O)(=O)c1ccc(Oc2cc3nc(-c4ccccn4)[nH]c3cc2CN2C(=O)COC2=O)cc1,HRYYRMWFRRSPFD-UHFFFAOYSA-N,gka_candidate,False
4,3,GKA_0034,O=C(Nc1nc2c(s1)CCC2)C(CC1CCOCC1)c1ccc(S(=O)(=O)C2CC2)cc1,MKIYWNHKYDNDGI-UHFFFAOYSA-N,gka_candidate,False
4,4,GKA_0050,COC[C@H](C)Oc1cc(C#Cc2cccc(NCCN3CCCC3)c2)cc(C(=O)Nc2ccn(C)n2)c1,JWQMBZQEEXKZNS-QFIPXVFZSA-N,gka_candidate,False
4,5,GKA_0066,CN(C)CC(=O)N1CCC(c2nsc(Nc3ncc(Sc4ccccn4)cc3Oc3ccccc3)n2)CC1,IRMFOFIIMCDJCM-UHFFFAOYSA-N,gka_candidate,False
4,6,GKA_0082,COC[C@H](C)Oc1cc(Oc2cccc(OC)c2)cc(C(=O)Nc2ccc(C(=O)O)cn2)c1,NHKYIRPUHQGSKF-HNNXBMFYSA-N,gka_candidate,False
4,7,GKA_0098,CCn1nccc1Oc1cc(C[C@H]2CC[C@H](O)CC2)cnc1NC(=O)NC,TVECBCSUBQOPBW-CTYIDZIISA-N,gka_candidate,False
4,8,GKA_0114,COC[C@H](C)Oc1cc(O[C@@H](C)CC2CCCC2)cc(C(=O)Nc2ccc(C(=O)O)cn2)c1,XYTCRVIXTVTNCT-IRXDYDNUSA-N,gka_candidate,False
4,9,GKA_0130,COC[C@H](C)Oc1cc(Oc2ccc(S(C)(=O)=O)cc2)cc(C(=O)Nc2nc(C)ns2)c1,NXWJQVBBXSGVOG-ZDUSSCGKSA-N,gka_candidate,False
4,10,GKA_0146,CCCCC(Oc1ncnc2c1cnn2-c1ccccc1Cl)C(=O)Nc1nc(C)cs1,XLXVHERKNSKEAY-UHFFFAOYSA-N,gka_candidate,False
4,11,GKA_0162,CNC(=O)Nc1ncc(SC2CCN(C(C)=O)CC2)cc1Oc1cccnc1C,ZFQFBPPMMBJIKT-UHFFFAOYSA-N,gka_candidate,False
4,12,GKA_0178,CC(C)=CCOc1cc(Oc2ccc(S(=O)(=O)C3CC3)cc2)cc(C(=O)Nc2cnc(C)cn2)c1,HCOXEGAMJSNLLP-UHFFFAOYSA-N,gka_candidate,False
4,13,GKA_0194,O=C(O)c1ccc(NC(=O)[C@H](CC2CCCC2)n2cnc(S(=O)(=O)C3CCC3)c2)nc1,DTZWAELYQGJRJI-KRWDZBQOSA-N,gka_candidate,False
4,14,GKA_0210,O=C(O)c1ccc(NC(=O)[C@H](CC2CCCCC2)n2cnc(S(=O)(=O)C3CCC3)c2)nc1,HFXDKQDCOWWEDC-SFHVURJKSA-N,gka_candidate,False
4,15,GKA_0226,COC(=O)CCc1ccc(-c2cc3cc(Sc4ccccn4)c(C4CCC(=O)N4C)cc3[nH]2)nc1,GYUSRAUGILHWCA-UHFFFAOYSA-N,gka_candidate,False
4,16,GKA_0242,O=C(Nc1ccc(Cl)cn1)[C@H](CN1CC(O)C1)Oc1ncnc2c1cnn2-c1ncccc1Cl,JQOAKFQCBDRCMF-INIZCTEOSA-N,gka_candidate,False
4,17,GKA_0258,O=C(Nc1ncc(-n2cccn2)s1)C(Oc1ccc(F)cc1F)c1ccc(S(=O)(=O)C2CC2)cc1,LACMPBISTMFOKD-UHFFFAOYSA-N,gka_candidate,False
4,18,GKA_0274,Cc1ccc(NC(=O)CSc2ncnc3c2cnn3-c2ccccc2Cl)nc1,KUUBJJKFLBLXLY-UHFFFAOYSA-N,gka_candidate,False
4,19,GKA_0290,COc1ccc2nc(NC(=O)C(CC3CCCC3)c3ccc(S(=O)(=O)Nc4ccccc4)cc3)sc2n1,JBPRBDOCDYFVCJ-UHFFFAOYSA-N,gka_candidate,False
4,20,GKA_0306,CC(C)S(=O)(=O)c1ccn([C@@H](CC2CCCC2)C(=O)Nc2cc[nH]n2)c(=O)c1,SENHFEPIASSRFF-INIZCTEOSA-N,gka_candidate,False
4,21,GKA_0322,Cc1cnc(NC(=O)c2cc(Oc3cnc(C(=O)N(C)C)cn3)c3cn(C)nc3c2)cn1,CXVAKQOAJSWZLY-UHFFFAOYSA-N,gka_candidate,False
4,22,GKA_0338,CN1C(=O)CCC1c1cc2[nH]c(-c3ccc(C(F)(F)F)cn3)cc2cc1Oc1ccc(C(=O)O)cc1,WHOGBCDXUIDCPY-UHFFFAOYSA-N,gka_candidate,False
4,23,GKA_0354,Cc1csc(Nc2ncc(Sc3ccncc3)cc2Oc2ccccc2)n1,ZWPCANBALVUYJI-UHFFFAOYSA-N,gka_candidate,False
4,24,GKA_0370,CN1C(=O)CCC1c1cc2[nH]c(-c3ccc(C(F)(F)F)cn3)cc2cc1Oc1ccc(CCC(=O)O)cc1,WPGQTUWWDVWSBZ-UHFFFAOYSA-N,gka_candidate,False
4,25,GKA_0386,CC(C)=CCOc1cc(Oc2ccc(S(=O)(=O)N3CCOCC3)cc2)cc(C(=O)Nc2ncc(F)s2)c1,PIBYTEJAZPZECT-UHFFFAOYSA-N,gka_candidate,False
4,26,GKA_0402,COCCNS(=O)(=O)c1ccc(C(CC2CCCC2)C(=O)Nc2nc3ccc(OC)nc3s2)cc1,PMCDFNOKUMRKOJ-UHFFFAOYSA-N,gka_candidate,False
4,27,GKA_0418,C[C@@H](O)C(=O)N1CCC(c2nsc(Nc3ncc(Sc4ccccn4)cc3Oc3ccccc3)n2)CC1,OGTIVLDRXVBTPJ-QGZVFWFLSA-N,gka_candidate,False
4,28,GKA_0434,CC(C)=CCOc1cc(Oc2ccc(S(=O)(=O)N3CC[C@H](F)C3)cc2)cc(C(=O)Nc2ccn(C)n2)c1,FCCBNXQRQJFVDM-FQEVSTJZSA-N,gka_candidate,False
4,29,GKA_0450,Cc1cccnc1-c1cc(Oc2ccc(S(C)(=O)=O)cc2)cc(C(=O)Nc2nccs2)c1,NUKLCFPZRXALBO-UHFFFAOYSA-N,gka_candidate,False
4,30,GKA_0466,Cc1cccc(Sc2ccc(Sc3nnc[nH]3)nc2C(=O)Nc2nccs2)c1,MFKQBDAVNUYGAW-UHFFFAOYSA-N,gka_candidate,False
4,31,GKA_0482,COC[C@H](C)Oc1cc(/C=C/c2ccccc2OC)cc(C(=O)Nc2ccn(C)n2)c1,REUAMPRHSZJGRY-FVNWOWOISA-N,gka_candidate,False
4,32,GKA_0498,COCC[C@H](Oc1ncnc2c1cnn2-c1ccccc1OC)C(=O)Nc1ccc(C)cn1,GFGJRYIVRRQONC-IBGZPJMESA-N,gka_candidate,False
4,33,GKA_0514,CNC(=O)Nc1cc(Oc2c(F)cccc2F)c(-c2ccc(OC)nc2)cn1,RWCGJSDTJAVVHZ-UHFFFAOYSA-N,gka_candidate,False
4,34,GKA_0530,Cc1csc(NC(=O)c2cc(Oc3ccccc3F)ccc2N)n1,JUHRRQSPYIVMEW-UHFFFAOYSA-N,gka_candidate,False
4,35,GKA_0546,O=C(O)c1ccc(Oc2cnc(NC(=O)C(Oc3ccc(F)cc3F)c3ccc(S(=O)(=O)C4CC4)cc3)s2)cc1,XJFUEUNGZVAEIX-UHFFFAOYSA-N,gka_candidate,False
4,36,GKA_0562,Cc1csc(NC(=O)c2cc(Sc3nccn3C)c(F)cc2N)n1,QRAPPCRWBSQAAM-UHFFFAOYSA-N,gka_candidate,False
4,37,GKA_0578,CNC(=O)Nc1cc(Oc2cncc(C)c2)c([C@H]2C[C@](C)(O)C2)cn1,KOVZHJDLYJLAAG-KSMLVUNXSA-N,gka_candidate,False
4,38,GKA_0594,Cc1csc(NC(=O)c2cc(Sc3nncn3C)ccc2N)n1,JEBOJMQHVUEKBE-UHFFFAOYSA-N,gka_candidate,False
4,39,GKA_0610,COC[C@H](C)Oc1cc(/C=C/c2ccccc2[N+](=O)[O-])cc(C(=O)Nc2ccn(C)n2)c1,KXQZMOPANWQHEO-FDMDGMSGSA-N,gka_candidate,False
4,40,GKA_0626,COC[C@H](Oc1ncnc2c1cnn2-c1ccccc1Cl)C(=O)Nc1ccc(C)cn1,JOUKVMFZBZNCCO-KRWDZBQOSA-N,gka_candidate,False
4,41,GKA_0642,CCOC(=O)CCn1cc(-c2cnc(NC(=O)C(CC3CCOCC3)c3ccc(S(=O)(=O)C4CC4)cc3)s2)nn1,LNAURVYLZBFRGI-UHFFFAOYSA-N,gka_candidate,False
4,42,GKA_0658,CNC(=O)Nc1cc(Oc2ccc(C)nc2)c(-c2ccc(OCCO)nc2)cn1,OLNUGXYTYZWEJW-UHFFFAOYSA-N,gka_candidate,False
4,43,GKA_0674,CS(=O)(=O)N1CCC(c2nsc(Nc3ncc(Sc4ccccn4)cc3Oc3ccccc3)n2)CC1,CTCWRWPQHBJTGS-UHFFFAOYSA-N,gka_candidate,False
4,44,GKA_0690,COC[C@H](C)Oc1cc(Oc2ccc(C(=O)N3CCC3)cc2)cc(C(=O)Nc2nc3c(s2)CN(C(=O)N(C)C)CC3)c1,NGYAQWBCOYBRCN-IBGZPJMESA-N,gka_candidate,False
4,45,GKA_0706,CC(C)S(=O)(=O)c1ccn([C@@H](CC2CCCC2)C(=O)Nc2ccccn2)c(=O)c1,KJRHORYIQZIXHO-SFHVURJKSA-N,gka_candidate,False
4,46,GKA_0722,CC[C@H](COC)Oc1cc(Oc2ccc(S(=O)(=O)OC)cc2)cc(C(=O)Nc2nccs2)c1,FDKFFOPQLBQTMX-MRXNPFEDSA-N,gka_candidate,False
4,47,GKA_0738,COc1ccc2nc(NC(=O)C(CC3CCCC3)c3ccc(S(=O)(=O)NCc4ccccc4)cc3)sc2n1,QFFDCWUPOSBJMS-UHFFFAOYSA-N,gka_candidate,False
4,48,GKA_0754,COCC(C)Oc1cc(Oc2cccc(S(C)(=O)=O)c2)cc(C(=O)Nc2nc3c(s2)CN(C(=O)OC(C)(C)C)CC3)c1,CBKZKRGRLRQDFO-UHFFFAOYSA-N,gka_candidate,False
4,49,GKA_0770,O=C(O)c1ccc(NC(=O)c2cccc(OCc3ccccc3Cl)c2)nc1,WTQUFLCBZNLWEN-UHFFFAOYSA-N,gka_candidate,False
4,50,B3D_0006,C=CCc1cccc(/C=N\NC(=O)CN2CCN(Cc3ccc(S(N)(=O)=O)cc3)CC2)c1O,YVADNIWEULZYRQ-MYYYXRDXSA-N,bbb_control_b3db,False
4,51,B3D_0023,Cc1ccc(/C(=C\CN2CCCC2)c2cccc(/C=C/C(=O)O)n2)cc1,PWACSDKDOHSSQD-IUTFFREVSA-N,bbb_control_b3db,False
4,52,B3D_0041,CCOC(=O)N1CSCC1C(=O)O,XBJWOGLKABXFJE-UHFFFAOYSA-N,bbb_control_b3db,False
4,53,B3D_0057,CCCn1c(=O)c2[nH]c([C@H]3CCC(=O)C3)nc2n(CCC)c1=O,RUHGOZFOVBMWOO-JTQLQIEISA-N,bbb_control_b3db,False
4,54,B3D_0073,O=c1[nH]cnc2c1ncn2[C@H]1CC[C@@H](CO)O1,BXZVVICBKDXVGW-NKWVEPMBSA-N,bbb_control_b3db,False
4,55,B3D_0089,CN(C)Cc1ccc(SCCNc2[nH]ccc2[N+](=O)[O-])o1,OTGBLKZZZHLTFF-UHFFFAOYSA-N,bbb_control_b3db,False
4,56,B3D_0105,O=C(NCCN1CCN(c2cccc3c2OCC(CO)O3)CC1)c1ccc(F)cc1,NYSDRDDQELAVKP-UHFFFAOYSA-N,bbb_control_b3db,False
4,57,B3D_0121,COc1ccc(N(c2nc(C)c(C)s2)S(C)(=O)=O)cc1CNC1CCCNC1c1ccccc1,XVUGPUBFELWEAK-UHFFFAOYSA-N,bbb_control_b3db,False
4,58,B3D_0137,CCOC(=O)c1ncn2c1CN(C)C(=O)c1cc(F)ccc1-2,OFBIFZUFASYYRE-UHFFFAOYSA-N,bbb_control_b3db,False
4,59,B3D_0153,CCCN(CC1CC1)c1nc(C)nc2c1CCN2c1ccc(Cl)cc1Cl,IAUVMKVMXOOFMS-UHFFFAOYSA-N,bbb_control_b3db,False
4,60,B3D_0169,O=[N+]([O-])c1nccn1CCCCCCCCF,KXCXQGSWBPDUKN-UHFFFAOYSA-N,bbb_control_b3db,False
4,61,B3D_0185,COCCCN1CCC(NC(=O)c2cc(Cl)c(N)c3c2OCC3)CC1,ZPMNHBXQOOVQJL-UHFFFAOYSA-N,bbb_control_b3db,False
4,62,B3D_0201,O=c1c(Br)ccc2n1CC1CNCC2C1,DWDCLEHDNICBMI-UHFFFAOYSA-N,bbb_control_b3db,False
4,63,B3D_0217,CC(=O)N1CCN(C2CCN(C(=O)N(C)C(C)c3cc(C(F)(F)F)cc(C(F)(F)F)c3)C(c3ccc(F)cc3C)C2)CC1,XGGTZCKQRWXCHW-UHFFFAOYSA-N,bbb_control_b3db,False
4,64,B3D_0233,CCC1(CCC(C)C)CNC(=O)NC1=O,LRUZJNSWNKQMEP-UHFFFAOYSA-N,bbb_control_b3db,False
4,65,B3D_0249,COc1ccc2cc([C@H](C)C(=O)O)ccc2c1,CMWTZPSULFXXJA-VIFPVBQESA-N,bbb_control_b3db,False
4,66,B3D_0265,COc1ccc2c3c1OC1CC(O)C=C(CN(C)C2)C31,DUORFEVRBJRYIB-UHFFFAOYSA-N,bbb_control_b3db,False
4,67,B3D_0281,CC1=C(CC2CCc3c(c4ccccc4n3C)C2=O)CC=N1,JUECVQRZXPJLJJ-UHFFFAOYSA-N,bbb_control_b3db,False
4,68,B3D_0297,COc1ccc2c3c1O[C@H]1C(=O)CC[C@H]4[C@@H](C2)N(C)CC[C@]314,LLPOLZWFYMWNKH-CMKMFDCUSA-N,bbb_control_b3db,False
4,69,B3D_0313,Clc1ccc2c(c1)C1CNCC1c1ccccc1O2,DQUCRGAOGUQHJQ-UHFFFAOYSA-N,bbb_control_b3db,False
4,70,B3D_0329,CCC(C)N(C)C(=O)c1cc2ccccc2c(-c2ccccc2Cl)n1,RAVIZVQZGXBOQO-UHFFFAOYSA-N,bbb_control_b3db,False
4,71,B3D_0345,N#Cc1ccc2c(c1)CCN(CCC1CCC(NC(=O)c3ccnc4ccccc34)CC1)C2,OLWRVVHPJFLNPW-UHFFFAOYSA-N,bbb_control_b3db,False
4,72,B3D_0361,c1cnc(N2CCNCC2)nc1,MRBFGEHILMYPTF-UHFFFAOYSA-N,bbb_control_b3db,False
4,73,B3D_0377,Cc1ncc2n1-c1ccc(Cl)cc1C(c1ccccc1Cl)=NC2,CHCISLOJADQUNQ-UHFFFAOYSA-N,bbb_control_b3db,False
4,74,B3D_0393,OC(CCN1CCCCC1)(c1ccccc1)C1CC2C=CC1C2,YSXKPIUOCJLQIE-UHFFFAOYSA-N,bbb_control_b3db,False
4,75,B3D_0409,CCCC(C)C,AFABGHUZZDYHJO-UHFFFAOYSA-N,bbb_control_b3db,False
4,76,B3D_0425,CCc1ccc(C(=O)C(C)CN2CCCC2)cc1,VNFAARJCGSAROU-UHFFFAOYSA-N,bbb_control_b3db,False
4,77,B3D_0442,CN1CCN(CCCN2c3ccccc3Sc3cccc(C(F)(F)F)c32)CC1,MGVHKJVFDBNLAZ-UHFFFAOYSA-N,bbb_control_b3db,False
4,78,FRI_0022,NCC1(CC(=O)O)CCCCC1,UGJMXCAKCUNAIE-UHFFFAOYSA-N,bbb_control_friden,False
4,79,B3D_0001,COC1(NC(=O)C(C(=O)O)c2ccc(O)cc2)C(=O)N2C(C(=O)O)=C(CSc3nnnn3C)COC21,JWCSIUVGFCSJCK-UHFFFAOYSA-N,bbb_control_b3db,True
4,80,B3D_0002,CN1CC[C@]23c4c5ccc(OC6O[C@H](C(=O)O)[C@@H](O)[C@H](O)[C@H]6O)c4O[C@H]2[C@@H](O)C=C[C@H]3[C@H]1C5,WAEXKFONHRHFBZ-QMGRMYLDSA-N,bbb_control_b3db,True
4,81,B3D_0025,O=C(O)c1cc(N=Nc2ccc(S(=O)(=O)Nc3ccccn3)cc2)ccc1O,NCEXYHBECQHGNR-UHFFFAOYSA-N,bbb_control_b3db,True
4,82,B3D_0026,Oc1c(I)cc(Cl)c2cccnc12,QCDFBFJGMNKBDO-UHFFFAOYSA-N,bbb_control_b3db,True
4,83,B3D_0441,CN(C)CCCN1c2ccccc2Sc2ccc(C(F)(F)F)cc21,XSCGXQMFQXDFCW-UHFFFAOYSA-N,bbb_control_b3db,True
4,84,B3D_0443,OCCN1CCN(CCCN2c3ccccc3Sc3ccc(C(F)(F)F)cc32)CC1,PLDUPXSUYLZYBN-UHFFFAOYSA-N,bbb_control_b3db,True
4,85,B3D_0444,CNC1CCC(c2ccc(Cl)c(Cl)c2)c2ccccc21,VGKDLMBJGBXTGI-UHFFFAOYSA-N,bbb_control_b3db,True
4,86,B3D_0445,FC(F)(F)c1ccc(N2CCNCC2)nc1Cl,QZYYPQAYSFBKPW-UHFFFAOYSA-N,bbb_control_b3db,True
4,87,FRI_0001,CC(NC(C)(C)C)C(=O)c1cccc(Cl)c1,SNPPWIUOZRMYNY-UHFFFAOYSA-N,bbb_control_friden,True
4,88,FRI_0005,CN1C(=O)CN=C(c2ccccc2)c2cc(Cl)ccc21,AAOVKJBEBIDNHE-UHFFFAOYSA-N,bbb_control_friden,True
4,89,FRI_0008,COc1ccc2c3c1O[C@H]1[C@@H](O)C=C[C@H]4[C@@H](C2)N(C)CC[C@@]341,OROGSEYTTFOCAN-DNJOTXNNSA-N,bbb_control_friden,True
4,90,FRI_0012,CN(C)CCC=C1c2ccccc2CCc2ccccc21,KRMDCWKBEZIMAB-UHFFFAOYSA-N,bbb_control_friden,True
4,91,FRI_0016,CSc1ccc2c(c1)N(CCC1CCCCN1C)c1ccccc1S2,KLBQZWRITKRQQV-UHFFFAOYSA-N,bbb_control_friden,True
4,92,FRI_0019,C=CCOc1ccccc1OCC(O)CNC(C)C,CEMAWMOMDPGJMB-UHFFFAOYSA-N,bbb_control_friden,True
4,93,FRI_0023,C[C@H]1COc2c(N3CCN(C)CC3)c(F)cc3c(=O)c(C(=O)O)cn1c23,GSDSWSVVBLHKDQ-JTQLQIEISA-N,bbb_control_friden,True
4,94,FRI_0026,CC(C)(C)NC(=O)[C@@H]1C[C@@H]2CCCC[C@@H]2CN1C[C@@H](O)[C@H](Cc1ccccc1)NC(=O)[C@H](CC(N)=O)NC(=O)c1ccc2ccccc2n1,QWAXKHKRTORLEM-UGJKXSETSA-N,bbb_control_friden,True
4,95,FRI_0030,CO[C@H]1/C=C/O[C@@]2(C)Oc3c(C)c(O)c4c(O)c(c(/C=N/N5CCN(C)CC5)c(O)c4c3C2=O)NC(=O)/C(C)=C\C=C\[C@H](C)[C@H](O)[C@@H](C)[C@@H](O)[C@@H](C)[C@H](OC(C)=O)[C@@H]1C,JQXXHWHPUNPDRT-WLSIYKJHSA-N,bbb_control_friden,True
4,96,FRI_0035,CO[C@@]1(NC(=O)C(C(=O)O)c2ccc(O)cc2)C(=O)N2C(C(=O)O)=C(CSc3nnnn3C)CO[C@@H]21,JWCSIUVGFCSJCK-CAVRMKNVSA-N,bbb_control_friden,True
4,97,FRI_0036,CN1CC[C@]23c4c5ccc(O[C@@H]6O[C@H](C(=O)O)[C@@H](O)[C@H](O)[C@H]6O)c4O[C@H]2[C@@H](O)C=C[C@H]3[C@H]1C5,WAEXKFONHRHFBZ-ZXDZBKESSA-N,bbb_control_friden,True
4,98,FRI_0041,CN(Cc1cnc2nc(N)nc(N)c2n1)c1ccc(C(=O)N[C@@H](CCC(=O)O)C(=O)O)cc1,FBOZXECLQNJBKD-ZDUSSCGKSA-N,bbb_control_friden,True
5,1,GKA_0003,Cc1cnc(NC(=O)c2cc(Oc3cnc(C(=O)N(C)C)nc3)c3cc(C)oc3c2)cn1,MASKQITXHVYVFL-UHFFFAOYSA-N,gka_candidate,False
5,2,GKA_0019,CC(C)=CCOc1cc(Oc2ccc(S(=O)(=O)N3CC[C@H](F)C3)cc2)cc(C(=O)Nc2ncc(F)s2)c1,UCEWQSGJSJZKKB-SFHVURJKSA-N,gka_candidate,False
5,3,GKA_0035,Cc1cc(S(=O)(=O)C2CCCC2)cc(=O)n1[C@@H](CC1CCCCC1)C(=O)Nc1nccs1,WADVHYJTRIDKDF-FQEVSTJZSA-N,gka_candidate,False
5,4,GKA_0051,COC[C@H](C)Oc1cc(C#Cc2cccc(NCCN3CCCCC3)c2)cc(C(=O)Nc2ccn(C)n2)c1,QGCPKNRDVLGORJ-QHCPKHFHSA-N,gka_candidate,False
5,5,GKA_0067,c1ccc(Oc2cc(Sc3ccccn3)cnc2Nc2nc(C3CCOC3)ns2)cc1,ZRCNRJXRDSAWJV-UHFFFAOYSA-N,gka_candidate,False
5,6,GKA_0083,O=C(Nc1ncc(Cl)s1)/C(=N/N1CCCC1)c1ccc(S(=O)(=O)C2CC2)cc1,HEICTMHSMKRYPU-CJLVFECKSA-N,gka_candidate,False
5,7,GKA_0099,CC(=O)N1CCC(c2nsc(Nc3ncc(Sc4ccccn4)cc3Oc3cccc4ncccc34)n2)CC1,JNDNJMYZHYPZGD-UHFFFAOYSA-N,gka_candidate,False
5,8,GKA_0115,O=C(O)c1ccc(NC(=O)c2cc(OCc3ccccc3F)cc(OCc3ccccc3F)c2)nc1,CHDHWRIOEXFMNA-UHFFFAOYSA-N,gka_candidate,False
5,9,GKA_0131,CCc1ncccc1Oc1cc(CCCCOC)cnc1NC(=O)NC,LSXSKCCBGGKZIS-UHFFFAOYSA-N,gka_candidate,False
5,10,GKA_0147,COc1cnc(NC(=O)c2cc(Oc3cnc(C(=O)N(C)C)cn3)c3cc(C)oc3c2)cn1,JOUZBDDVEPPQRK-UHFFFAOYSA-N,gka_candidate,False
5,11,GKA_0163,CCOP(=O)(Cn1ccc(NC(=O)c2cc(Oc3cnc(C(=O)N(C)C)cn3)cc(OC(C)C)c2)n1)OCC,MJSIJWAGQDTNDW-UHFFFAOYSA-N,gka_candidate,False
5,12,GKA_0179,CCS(=O)(=O)c1ccc(Oc2cc3nc(-c4ccccn4)[nH]c3cc2CN2CCOCC2=O)cc1,XNKAUSLNTJUONY-UHFFFAOYSA-N,gka_candidate,False
5,13,GKA_0195,O=C(O)c1cccc(Oc2cnc(NC(=O)C(O[C@H]3CCOC3)c3ccc(S(=O)(=O)C4CC4)cc3)s2)c1,JHRRHOKUMZTXIF-HXBUSHRASA-N,gka_candidate,False
5,14,GKA_0211,COCC(C)Oc1cc(Oc2ccc(S(=O)(=O)C3CC3)cc2)cc(C(=O)Nc2nc3c(s2)CN(C(=O)OC(C)(C)C)CC3)c1,MOCCHYWUMYIBPT-UHFFFAOYSA-N,gka_candidate,False
5,15,GKA_0227,O=C(O)c1ccc(Oc2cnc(NC(=O)C(Oc3ccc(F)cc3F)c3ccc(S(=O)(=O)N4CCCCC4)cc3)s2)cc1,KKZFQKQUQDYXJJ-UHFFFAOYSA-N,gka_candidate,False
5,16,GKA_0243,COCCOCn1ccc(NC(=O)c2cc(Oc3ccc(S(C)(=O)=O)cc3)cc(-c3ncccc3C)c2)n1,YREXUDMRKQYWKW-UHFFFAOYSA-N,gka_candidate,False
5,17,GKA_0259,CC(C)Oc1cc(OCCCc2ccccc2)cc(C(=O)Nc2ccc(C(=O)O)cn2)c1,FMNFIZNNIOITMG-UHFFFAOYSA-N,gka_candidate,False
5,18,GKA_0275,O=C(Nc1ncc(Cl)s1)[C@H](CC1CCOCC1)n1ncc2cc(S(=O)(=O)C3CC3)ccc21,ONNFBMFRNCTCOG-SFHVURJKSA-N,gka_candidate,False
5,19,GKA_0291,Cc1cnc(NC(=O)c2cc(Oc3cnc(C(=O)N(C)C)cn3)c3cc(C)nn3c2)cn1,LRTRWENAVMGWOI-UHFFFAOYSA-N,gka_candidate,False
5,20,GKA_0307,CC(C)Oc1cc(Oc2ccc(S(C)(=O)=O)cc2)cc(-c2cccc(=O)[nH]2)c1,OQYYUJDLDQVJBY-UHFFFAOYSA-N,gka_candidate,False
5,21,GKA_0323,CC(C)S(=O)(=O)N1CCN([C@@H](CC2CCCCC2)C(=O)Nc2nccs2)C(=O)C1,VTENDFKKAQZWNF-INIZCTEOSA-N,gka_candidate,False
5,22,GKA_0339,COC(=O)CCc1ccc(Oc2cc3cc(-c4ccc(C(F)(F)F)cn4)[nH]c3cc2C2CCC(=O)N2C)cc1,QZUDNIFAIJCFRT-UHFFFAOYSA-N,gka_candidate,False
5,23,GKA_0355,CCOP(=O)(Cn1ccc(NC(=O)c2cc(Oc3ccc(S(=O)(=O)C(C)C)cc3)cc(OC(C)C)c2)n1)OCC,MIJAEWNPMXUIDG-UHFFFAOYSA-N,gka_candidate,False
5,24,GKA_0371,CCN(CC)S(=O)(=O)c1ccc(C(CC2CCCC2)C(=O)Nc2nc3ccc(OC)nc3s2)cc1,SLAIZTDQGUFKDC-UHFFFAOYSA-N,gka_candidate,False
5,25,GKA_0387,CC(C)=CCOc1cc(Oc2ccc(S(=O)(=O)N3CC[C@H](F)C3)cc2)cc(C(=O)Nc2nccs2)c1,KIBCHNCQTPWSGC-IBGZPJMESA-N,gka_candidate,False
5,26,GKA_0403,CC(C)=CCOc1cc(Oc2ccc(S(=O)(=O)N3C[C@@H](C)O[C@@H](C)C3)cc2)cc(C(=O)Nc2nccs2)c1,SXULOFMDIKNXLM-BGYRXZFFSA-N,gka_candidate,False
5,27,GKA_0419,CS(=O)(=O)c1cccc(F)c1Oc1ccc2ncnc(Nc3cc[nH]n3)c2c1,RXGYMTMITMREME-UHFFFAOYSA-N,gka_candidate,False
5,28,GKA_0435,COC[C@H](C)Oc1cc(/C=C/c2ccccc2OC)cc(C(=O)Nc2ccc(C(=O)O)cn2)c1,NSJMSUDOIJRJAU-IJDCCNJMSA-N,gka_candidate,False
5,29,GKA_0451,O=C(Nc1ncc(Oc2cccc(CO)c2)s1)C(OC1CCOCC1)c1ccc(S(=O)(=O)C2CC2)cc1,DYFOIIONPREVID-UHFFFAOYSA-N,gka_candidate,False
5,30,GKA_0467,CC(C)Oc1cc(Oc2ccc(S(C)(=O)=O)cc2)cc(C(=O)Nc2nccs2)c1,IBDWQXAELRUGCY-UHFFFAOYSA-N,gka_candidate,False
5,31,GKA_0483,CNC(=O)Nc1cc(Oc2cncc(C)c2)c(-c2ccc(OCC(C)(C)O)nc2)cn1,QUISANLDBDCMPD-UHFFFAOYSA-N,gka_candidate,False
5,32,GKA_0499,Cc1ccc(NC(=O)[C@H](COC(C)C)Oc2ncnc3c2cnn3-c2ccccc2Cl)nc1,CICZOZOHLKSIHE-IBGZPJMESA-N,gka_candidate,False
5,33,GKA_0515,Cc1ncccc1Oc1cc(Sc2ccccn2)cnc1Nc1nc(C2CCN(S(C)(=O)=O)CC2)ns1,RXEPTVLJQLRTNX-UHFFFAOYSA-N,gka_candidate,False
5,34,GKA_0531,COC[C@H](C)Oc1cc(/C=C/c2cccc([N+](=O)[O-])c2)cc(C(=O)Nc2ccc(C(=O)O)cn2)c1,HRKXIEJISKNHQW-MOEXGYKKSA-N,gka_candidate,False
5,35,GKA_0547,COC(=O)/C=C/c1cnc2[nH]c(/C(=C\C3CCCC3)c3ccc(S(C)(=O)=O)c(Cl)c3)cc2c1,CROAZWRROYRSMA-NMSZSRSNSA-N,gka_candidate,False
5,36,GKA_0563,Cn1ccc(Nc2ncnc3ccc(Oc4ccccc4S(C)(=O)=O)cc23)n1,HNSNAZPWBJZUIR-UHFFFAOYSA-N,gka_candidate,False
5,37,GKA_0579,Cc1cnc(NC(=O)/C(=N/N2CCCC2)c2ccc(S(=O)(=O)C3CC3)cc2)s1,RXPURHNVRDSZSP-OQKWZONESA-N,gka_candidate,False
5,38,GKA_0595,Cc1ccc(S(=O)(=O)N2CCN([C@@H](CC3CCCCC3)C(=O)Nc3nccs3)C(=O)C2)c(F)c1,MJTSDOZZWDUAHG-IBGZPJMESA-N,gka_candidate,False
5,39,GKA_0611,COC[C@H](C)Oc1cc(/C=C/c2ccc([N+](=O)[O-])cc2)cc(C(=O)Nc2ccc(C(=O)O)cn2)c1,PMAKGILJUWZQRZ-CWDCEQMOSA-N,gka_candidate,False
5,40,GKA_0627,CCOC[C@H](Oc1ncnc2c1cnn2-c1ncccc1Cl)C(=O)Nc1ccc(Cl)cn1,GRHVGTKJYJHQLN-HNNXBMFYSA-N,gka_candidate,False
5,41,GKA_0643,CCc1ncccc1Oc1cc(CCCCO)cnc1NC(=O)NC,MNHUBGMIJUGXJF-UHFFFAOYSA-N,gka_candidate,False
5,42,GKA_0659,Cc1csc(Nc2ncccc2Oc2ccccc2)n1,VSZXWBUCYVJAHD-UHFFFAOYSA-N,gka_candidate,False
5,43,GKA_0675,Cn1ccc(Nc2ncnc3ccc(Oc4ncccc4CO)cc23)n1,UVCGNRRZRNVRSI-UHFFFAOYSA-N,gka_candidate,False
5,44,GKA_0691,COC(=O)CCNC(=O)c1cnc(NC(=O)C(CC2CCOCC2)c2ccc(S(=O)(=O)C3CC3)cc2)s1,QFYRVNOJLXNCNA-UHFFFAOYSA-N,gka_candidate,False
5,45,GKA_0707,COCC(C)Oc1ccc(C(CC2CCCC2)c2cc3cccnc3[nH]2)cc1Cl,ZWOHLWADEZHKEZ-UHFFFAOYSA-N,gka_candidate,False
5,46,GKA_0723,CCOP(=O)(Cn1ccc(NC(=O)c2cc(Oc3cnc(C(N)=O)cn3)cc(OC(C)C)c2)n1)OCC,VERWMGZFDDCAOA-UHFFFAOYSA-N,gka_candidate,False
5,47,GKA_0739,CS(=O)(=O)c1ccc(Oc2cc(O[C@@H]3CCOC3)cc(C(=O)Nc3nccs3)c2)cc1,UQHVRVYGEAIGAH-MRXNPFEDSA-N,gka_candidate,False
5,48,GKA_0755,Cn1cnnc1Sc1ccc(N)c(C(=O)Nc2nc(CO)cs2)c1,LKZJPECMORAGJJ-UHFFFAOYSA-N,gka_candidate,False
5,49,GKA_0771,CCS(=O)(=O)c1ccc(Oc2cc3nc(-c4ccccn4)[nH]c3cc2[C@H]2CCCN2C(C)=O)cc1,YKLHMCDLIZAOMC-XMMPIXPASA-N,gka_candidate,False
5,50,B3D_0007,O=C(O)c1nc2ccc(C(F)(F)F)cc2nc1NCc1ccc(C(F)(F)F)cc1,FEJSMMIZTOMLEL-UHFFFAOYSA-N,bbb_control_b3db,False
5,51,B3D_0024,CN(C)Cc1ccc(CSCCNC2N=CC=C2[N+](=O)[O-])o1,XLYBIDWGRCVKEW-UHFFFAOYSA-N,bbb_control_b3db,False
5,52,B3D_0042,O=C(O)CCCc1ccc(N(CCCl)CCCl)cc1,JCKYGMPEJWAADB-UHFFFAOYSA-N,bbb_control_b3db,False
5,53,B3D_0058,COC(=O)Nc1nc2ccc(C(=O)N3CCN(c4ccccn4)CC3)cc2[nH]1,SINZZLKFRXIFDJ-UHFFFAOYSA-N,bbb_control_b3db,False
5,54,B3D_0074,COc1ccc2c(c1)C(CC(=O)O)C(C)N2C(=O)c1ccc(Cl)cc1,LCUUTQDVRHCQTB-UHFFFAOYSA-N,bbb_control_b3db,False
5,55,B3D_0090,CCN1CCCC1CNC(=O)c1cc(S(N)(=O)=O)ccc1OC,BGRJTUBHPOOWDU-UHFFFAOYSA-N,bbb_control_b3db,False
5,56,B3D_0106,O=C(NCCN1CCN(c2cccc3c2OC[C@H](CO)O3)CC1)c1ccc(F)cc1,NYSDRDDQELAVKP-SFHVURJKSA-N,bbb_control_b3db,False
5,57,B3D_0122,O=C(OCc1ccccc1)N1CCC(CNc2ncccn2)CC1,RBKBGIONDAWNLO-UHFFFAOYSA-N,bbb_control_b3db,False
5,58,B3D_0138,Cn1cnc2c1c(=O)[nH]c(=O)n2C,YAPQBXQYLJRXSA-UHFFFAOYSA-N,bbb_control_b3db,False
5,59,B3D_0154,COc1cc(N)c(Cl)cc1C(=O)NC1CCNCC1OC,OMLDMGPCWMBPAN-UHFFFAOYSA-N,bbb_control_b3db,False
5,60,B3D_0170,CCn1cc(C(=O)O)c(=O)c2cc(F)c(N3CCN(C)CC3)cc21,FHFYDNQZQSQIAI-UHFFFAOYSA-N,bbb_control_b3db,False
5,61,B3D_0186,CS(=O)(=O)c1ccc(C2=C(c3ccccc3)C(=O)OC2)cc1,RZJQGNCSTQAWON-UHFFFAOYSA-N,bbb_control_b3db,False
5,62,B3D_0202,O=c1cccc2n1CC1CNC(Br)C2C1,MCIAZDGRZFAFLS-UHFFFAOYSA-N,bbb_control_b3db,False
5,63,B3D_0218,CCC(C)(C)C(=O)O[C@H]1C[C@@H](C)C=C2C=C[C@H](C)[C@H](CC[C@@H]3C[C@@H](O)CC(=O)O3)[C@H]21,RYMZZMVNJRMUDD-HGQWONQESA-N,bbb_control_b3db,False
5,64,B3D_0234,CN1CCC(n2nc(-c3c(-c4ccccc4)nn4ccccc34)ccc2=O)CC1,YHDRUTMZCJZJAL-UHFFFAOYSA-N,bbb_control_b3db,False
5,65,B3D_0250,c1cc(CN2CCCCC2)cc(OCCCNc2nc3ccccc3s2)c1,KUBONGDXTUOOLM-UHFFFAOYSA-N,bbb_control_b3db,False
5,66,B3D_0266,Clc1ccc(Nc2nnc(Cc3ccncc3)c3ccccc23)cc1,YCOYDOIWSSHVCK-UHFFFAOYSA-N,bbb_control_b3db,False
5,67,B3D_0282,Cl/C(=C\n1cncn1)c1ccc(Cl)cc1Cl,XGLHZTBDUXXHOM-WMZJFQQLSA-N,bbb_control_b3db,False
5,68,B3D_0298,Cc1cnn(C2CCN(c3nc4ccccc4n3Cc3ccc(F)cc3)CC2)c1,YGQQBKYVKLZEMA-UHFFFAOYSA-N,bbb_control_b3db,False
5,69,B3D_0314,Fc1ccc(Cn2c([C@@H]3CCCNC3)nc3ccccc32)cc1,VIEHHRQCEMIKCL-OAHLLOKOSA-N,bbb_control_b3db,False
5,70,B3D_0330,COc1cc2sc(C)nc2cc1CNC1CCCNC1c1ccccc1,ISJTXWDYEFSQTF-UHFFFAOYSA-N,bbb_control_b3db,False
5,71,B3D_0346,c1ccc2c(c1)CCNC2,UWYZHKAOTLEWKK-UHFFFAOYSA-N,bbb_control_b3db,False
5,72,B3D_0362,CC1=NC(O)C(=O)Nc2ccc(Cl)cc21,PZBFJEASHDIGQS-UHFFFAOYSA-N,bbb_control_b3db,False
5,73,B3D_0378,CSc1ccc2c(c1)N(CCC1CCCNC1)c1ccccc1S2,SXOYTTUKVFYFPB-UHFFFAOYSA-N,bbb_control_b3db,False
5,74,B3D_0394,COc1cc2sc(C(C)(C)C)nc2cc1CNC1CCCNC1c1ccccc1,MWPSBQJNIFMXHL-UHFFFAOYSA-N,bbb_control_b3db,False
5,75,B3D_0410,CC(C)(C)OC(=O)CCCc1ccc(N(CCCl)CCCl)cc1,SZXDOYFHSIIZCF-UHFFFAOYSA-N,bbb_control_b3db,False
5,76,B3D_0426,COc1ccc(CCN2CCC(Nc3nc4ccccc4n3Cc3ccc(F)cc3)CC2)cc1,GXDALQBWZGODGZ-UHFFFAOYSA-N,bbb_control_b3db,False
5,77,FRI_0002,CCCC(C)C1(CC)C(=O)NC(=S)NC1=O,IUJDSEJGGMCXSG-UHFFFAOYSA-N,bbb_control_friden,False
5,78,FRI_0024,COc1ccc2c(c1)c(CC(=O)O)c(C)n2C(=O)c1ccc(Cl)cc1,CGIGDMFJXJATDK-UHFFFAOYSA-N,bbb_control_friden,False
5,79,B3D_0001,COC1(NC(=O)C(C(=O)O)c2ccc(O)cc2)C(=O)N2C(C(=O)O)=C(CSc3nnnn3C)COC21,JWCSIUVGFCSJCK-UHFFFAOYSA-N,bbb_control_b3db,True
5,80,B3D_0002,CN1CC[C@]23c4c5ccc(OC6O[C@H](C(=O)O)[C@@H](O)[C@H](O)[C@H]6O)c4O[C@H]2[C@@H](O)C=C[C@H]3[C@H]1C5,WAEXKFONHRHFBZ-QMGRMYLDSA-N,bbb_control_b3db,True
5,81,B3D_0025,O=C(O)c1cc(N=Nc2ccc(S(=O)(=O)Nc3ccccn3)cc2)ccc1O,NCEXYHBECQHGNR-UHFFFAOYSA-N,bbb_control_b3db,True
5,82,B3D_0026,Oc1c(I)cc(Cl)c2cccnc12,QCDFBFJGMNKBDO-UHFFFAOYSA-N,bbb_control_b3db,True
5,83,B3D_0441,CN(C)CCCN1c2ccccc2Sc2ccc(C(F)(F)F)cc21,XSCGXQMFQXDFCW-UHFFFAOYSA-N,bbb_control_b3db,True
5,84,B3D_0443,OCCN1CCN(CCCN2c3ccccc3Sc3ccc(C(F)(F)F)cc32)CC1,PLDUPXSUYLZYBN-UHFFFAOYSA-N,bbb_control_b3db,True
5,85,B3D_0444,CNC1CCC(c2ccc(Cl)c(Cl)c2)c2ccccc21,VGKDLMBJGBXTGI-UHFFFAOYSA-N,bbb_control_b3db,True
5,86,B3D_0445,FC(F)(F)c1ccc(N2CCNCC2)nc1Cl,QZYYPQAYSFBKPW-UHFFFAOYSA-N,bbb_control_b3db,True
5,87,FRI_0001,CC(NC(C)(C)C)C(=O)c1cccc(Cl)c1,SNPPWIUOZRMYNY-UHFFFAOYSA-N,bbb_control_friden,True
5,88,FRI_0005,CN1C(=O)CN=C(c2ccccc2)c2cc(Cl)ccc21,AAOVKJBEBIDNHE-UHFFFAOYSA-N,bbb_control_friden,True
5,89,FRI_0008,COc1ccc2c3c1O[C@H]1[C@@H](O)C=C[C@H]4[C@@H](C2)N(C)CC[C@@]341,OROGSEYTTFOCAN-DNJOTXNNSA-N,bbb_control_friden,True
5,90,FRI_0012,CN(C)CCC=C1c2ccccc2CCc2ccccc21,KRMDCWKBEZIMAB-UHFFFAOYSA-N,bbb_control_friden,True
5,91,FRI_0016,CSc1ccc2c(c1)N(CCC1CCCCN1C)c1ccccc1S2,KLBQZWRITKRQQV-UHFFFAOYSA-N,bbb_control_friden,True
5,92,FRI_0019,C=CCOc1ccccc1OCC(O)CNC(C)C,CEMAWMOMDPGJMB-UHFFFAOYSA-N,bbb_control_friden,True
5,93,FRI_0023,C[C@H]1COc2c(N3CCN(C)CC3)c(F)cc3c(=O)c(C(=O)O)cn1c23,GSDSWSVVBLHKDQ-JTQLQIEISA-N,bbb_control_friden,True
5,94,FRI_0026,CC(C)(C)NC(=O)[C@@H]1C[C@@H]2CCCC[C@@H]2CN1C[C@@H](O)[C@H](Cc1ccccc1)NC(=O)[C@H](CC(N)=O)NC(=O)c1ccc2ccccc2n1,QWAXKHKRTORLEM-UGJKXSETSA-N,bbb_control_friden,True
5,95,FRI_0030,CO[C@H]1/C=C/O[C@@]2(C)Oc3c(C)c(O)c4c(O)c(c(/C=N/N5CCN(C)CC5)c(O)c4c3C2=O)NC(=O)/C(C)=C\C=C\[C@H](C)[C@H](O)[C@@H](C)[C@@H](O)[C@@H](C)[C@H](OC(C)=O)[C@@H]1C,JQXXHWHPUNPDRT-WLSIYKJHSA-N,bbb_control_friden,True
5,96,FRI_0035,CO[C@@]1(NC(=O)C(C(=O)O)c2ccc(O)cc2)C(=O)N2C(C(=O)O)=C(CSc3nnnn3C)CO[C@@H]21,JWCSIUVGFCSJCK-CAVRMKNVSA-N,bbb_control_friden,True
5,97,FRI_0036,CN1CC[C@]23c4c5ccc(O[C@@H]6O[C@H](C(=O)O)[C@@H](O)[C@H](O)[C@H]6O)c4O[C@H]2[C@@H](O)C=C[C@H]3[C@H]1C5,WAEXKFONHRHFBZ-ZXDZBKESSA-N,bbb_control_friden,True
5,98,FRI_0041,CN(Cc1cnc2nc(N)nc(N)c2n1)c1ccc(C(=O)N[C@@H](CCC(=O)O)C(=O)O)cc1,FBOZXECLQNJBKD-ZDUSSCGKSA-N,bbb_control_friden,True
6,1,GKA_0004,CS(=O)(=O)c1ccc([C@@H](C[C@H]2CCC(=O)C2)C(=O)Nc2cnccn2)cc1Cl,XEANIURBPHCHMG-SWLSCSKDSA-N,gka_candidate,False
6,2,GKA_0020,CC(C)=CCOc1cc(Oc2ccc(S(=O)(=O)N3C[C@@H](C)O[C@@H](C)C3)cc2)cc(C(=O)Nc2cc(C)n(C)n2)c1,BDKQYGBLMIUIPE-SZPZYZBQSA-N,gka_candidate,False
6,3,GKA_0036,CNC(=O)c1ccc2c(=O)n([C@@H](CC3CCCCC3)C(=O)Nc3ncc(Cl)s3)cnc2c1,HIFGYYPUHYLFJC-KRWDZBQOSA-N,gka_candidate,False
6,4,GKA_0052,COC[C@H](C)Oc1cc(C#Cc2cccc(OCCN3CCCC3)c2)cc(C(=O)Nc2ccn(C)n2)c1,CIKTYHYVXWGZSY-QFIPXVFZSA-N,gka_candidate,False
6,5,GKA_0068,C[C@@H](CO)Oc1cc(Oc2ccc(C(=O)N3CCC3)cc2)cc(C(=O)Nc2ccn(C)n2)c1,KNTJSHYACOBPAA-INIZCTEOSA-N,gka_candidate,False
6,6,GKA_0084,CNC(=O)Nc1cc(Oc2cncc(C)c2)c(-c2ccc(OC[C@H](C)O)nc2)cn1,IUJYIMVTOYKANW-AWEZNQCLSA-N,gka_candidate,False
6,7,GKA_0100,Cc1ccc(NC(=O)[C@H](CC2CCCC2)n2ccc(S(=O)(=O)C(C)C)c(Cl)c2=O)nc1,MCKJIGKTGMEANK-KRWDZBQOSA-N,gka_candidate,False
6,8,GKA_0116,Cc1cnc(NC(=O)c2cc(Oc3ccc(C(=O)N(C)C)cc3)c3cc(C)oc3c2)cn1,NYIISPFIDBWYIS-UHFFFAOYSA-N,gka_candidate,False
6,9,GKA_0132,COc1ccc2nc(NC(=O)C(CC3CCCC3)c3ccc(S(=O)(=O)N(C)Cc4ccco4)cc3)sc2n1,HYJRDIDWEFMXIE-UHFFFAOYSA-N,gka_candidate,False
6,10,GKA_0148,O=C(O)c1cccc(Oc2cnc(NC(=O)C(OC3CCOCC3)c3ccc(S(=O)(=O)C4CCCC4)nc3)s2)c1,HWUFKTWVDBXXQN-UHFFFAOYSA-N,gka_candidate,False
6,11,GKA_0164,COc1ccc2nc(NC(=O)C(CC3CCCC3)c3ccc(S(=O)(=O)N4CCOCC4)cc3)sc2n1,JYKYTQJQKUTHGE-UHFFFAOYSA-N,gka_candidate,False
6,12,GKA_0180,CCS(=O)(=O)c1ccc(Oc2cc3nc(-c4ccccn4)[nH]c3cc2Cc2nnnn2C)cc1,QMPWZGRVHHAAIP-UHFFFAOYSA-N,gka_candidate,False
6,13,GKA_0196,NC(=O)c1cccnc1NC(=O)C(CC1CCOCC1)n1ncc2c(S(=O)(=O)C3CC3)cccc21,MKQGXUSWHWHSBA-UHFFFAOYSA-N,gka_candidate,False
6,14,GKA_0212,Cc1csc(Nc2ncc(SCc3ccccc3)cc2OCc2ccccc2)n1,QFFBLBBPLLDRTA-UHFFFAOYSA-N,gka_candidate,False
6,15,GKA_0228,O=C(Nc1ncc(-c2cn(CCOCc3ccccc3)nn2)s1)C(CC1CCOCC1)c1ccc(S(=O)(=O)C2CC2)cc1,BUOAGZLXFILYMK-UHFFFAOYSA-N,gka_candidate,False
6,16,GKA_0244,COc1ccc2nc(NC(=O)C(CC3CCCC3)c3ccc(S(=O)(=O)Nc4cccnc4)cc3)sc2n1,DHBRPNVHJRZIDB-UHFFFAOYSA-N,gka_candidate,False
6,17,GKA_0260,Cc1csc(NC(=O)c2cc(Sc3ccccc3)ccc2N)n1,PRUWOCJLEGVIOI-UHFFFAOYSA-N,gka_candidate,False
6,18,GKA_0276,O=C(O)Cc1nc(NC(=O)C(Oc2ccc(F)cc2F)c2ccc(S(=O)(=O)N3CCCCC3)cc2)sc1Cl,UBIMHAVFPIUOAR-UHFFFAOYSA-N,gka_candidate,False
6,19,GKA_0292,CCCCC(Sc1ncnc2c1cnn2-c1ccccc1Cl)C(=O)Nc1nc(C)cs1,XWBDBQOIAAFJDG-UHFFFAOYSA-N,gka_candidate,False
6,20,GKA_0308,CC(=O)N1CCC(c2nsc(Nc3ncc(Sc4ccccn4)cc3Oc3cnn(C)c3)n2)CC1,SBRGWDJNHINHFM-UHFFFAOYSA-N,gka_candidate,False
6,21,GKA_0324,O=C(Nc1ncc(Cl)s1)[C@H](CC1CCOCC1)n1cc(S(=O)(=O)C2CCCC2)cn1,BQSWORVDGGEXBI-INIZCTEOSA-N,gka_candidate,False
6,22,GKA_0340,CN1C(=O)CCC1c1cc2[nH]c(-c3ccccn3)cc2cc1Oc1ccc(CCC(=O)O)cc1,VJEURJGBLQRRLX-UHFFFAOYSA-N,gka_candidate,False
6,23,GKA_0356,CS(=O)(=O)c1ccc(/C(=C\C2CCCC2)C(=O)Nc2nccs2)cc1Br,RRNQUGCUBMNGCT-GXDHUFHOSA-N,gka_candidate,False
6,24,GKA_0372,CS(=O)(=O)c1ccc(/C(=C\C2CCCC2)C(=O)Nc2nccs2)cc1Cl,LQQZQDWVRVMLMR-GXDHUFHOSA-N,gka_candidate,False
6,25,GKA_0388,COC[C@H](C)Oc1cc(C#Cc2cccc(OC(C)C)c2)cc(C(=O)Nc2ccn(C)n2)c1,DNVSMCGZRALRRL-IBGZPJMESA-N,gka_candidate,False
6,26,GKA_0404,COCC[C@H](Oc1ncnc2c1cnn2-c1ccccc1C(F)(F)F)C(=O)Nc1ccc(C)cn1,AMHDUOXZVAFCJB-SFHVURJKSA-N,gka_candidate,False
6,27,GKA_0420,COCc1ccc(Oc2cc3cc(-c4ccc(CCC(=O)O)cn4)[nH]c3cc2C2CCC(=O)N2C)cn1,WYYQNYCKTMDCDD-UHFFFAOYSA-N,gka_candidate,False
6,28,GKA_0436,CCOP(=O)(Cn1ccc(NC(=O)c2cc(Oc3ccc(S(C)(=O)=O)cc3)cc(O[C@@H](C)CF)c2)n1)OCC,OKNNOPOKYGFEEG-SFHVURJKSA-N,gka_candidate,False
6,29,GKA_0452,CC(CCO)Oc1cc(Oc2ccc(S(C)(=O)=O)cc2)cc(C(=O)Nc2nccs2)c1,CIEKVPSDCFZVBR-UHFFFAOYSA-N,gka_candidate,False
6,30,GKA_0468,Cc1nnnn1-c1ccc(/C(=C\C2CCCC2)C(=O)Nc2nccs2)cc1F,YJDPXMKSUFTHMS-XNTDXEJSSA-N,gka_candidate,False
6,31,GKA_0484,COCC(C)Oc1cc(Oc2ccc(S(C)(=O)=O)cc2)cc(C(=O)Nc2nccs2)c1,DCUCWQYSNMLTSW-UHFFFAOYSA-N,gka_candidate,False
6,32,GKA_0500,CC(C)OC[C@H](Oc1ncnc2c1cnn2-c1ccccc1Cl)C(=O)Nc1ccc(Cl)cn1,TULDQRGKIWKKNV-SFHVURJKSA-N,gka_candidate,False
6,33,GKA_0516,CCS(=O)(=O)c1ccc(Oc2cc(O[C@@H](C)CO)cc(-c3nccc(=O)[nH]3)c2)cc1,MBDMOOWXMYBAHP-AWEZNQCLSA-N,gka_candidate,False
6,34,GKA_0532,Cc1cc2c(Oc3cnc(C(=O)N(C)C)cn3)cc(C(=O)Nc3cnc(C(F)(F)F)cn3)cc2o1,ZBXYIBCGDKWBEE-UHFFFAOYSA-N,gka_candidate,False
6,35,GKA_0548,CCOP(=O)(Cn1ccc(NC(=O)c2cc(Oc3cnc(C(=O)NC)cn3)cc(OC(C)C)c2)n1)OCC,YAIFBYWHWYIIPX-UHFFFAOYSA-N,gka_candidate,False
6,36,GKA_0564,CNC(=O)Nc1cc(Oc2cncc(C)c2)c(CCO)cn1,HQFPTASIEPQWFA-UHFFFAOYSA-N,gka_candidate,False
6,37,GKA_0580,COc1ccccc1Oc1ccc(N)c(C(=O)Nc2nc(C)cs2)c1,SNFSLWVREUYDEZ-UHFFFAOYSA-N,gka_candidate,False
6,38,GKA_0596,CCOC[C@H](Oc1ncnc2c1cnn2-c1ncccc1Cl)C(=O)Nc1ccc(C)cn1,WTGDOBVQFDJVDE-INIZCTEOSA-N,gka_candidate,False
6,39,GKA_0612,CNC(=O)Nc1cc(Oc2cncc(OC)c2)c([C@@H]2CCCOC2)cn1,APSOPISMEDAYTH-GFCCVEGCSA-N,gka_candidate,False
6,40,GKA_0628,CC(C)OC[C@H](Oc1ncnc2c1cnn2-c1ccccc1Cl)C(=O)Nc1ccc(C#N)cn1,IHVCXYJVLKGINF-IBGZPJMESA-N,gka_candidate,False
6,41,GKA_0644,CCn1nccc1Oc1cc(C[C@@H]2CCO[C@@H](COC)C2)cnc1NC(=O)NC,QXNHYYXUTCYDNJ-GOEBONIOSA-N,gka_candidate,False
6,42,GKA_0660,O=C(Nc1nccs1)/C(=N/N1CCCC1)c1ccc(S(=O)(=O)C2CC2)cc1,IDPHEZLKJAWRMK-LTGZKZEYSA-N,gka_candidate,False
6,43,GKA_0676,COC1CCN(S(=O)(=O)c2ccc(Oc3cc(OCC=C(C)C)cc(C(=O)Nc4ccn(C)n4)c3)cc2)CC1,HKVWZJIDORPBSW-UHFFFAOYSA-N,gka_candidate,False
6,44,GKA_0692,CCn1nccc1Oc1cc(C[C@H]2C[C@@H](O)C2)cnc1NC(=O)NC,JPIQZOOVYMKWGU-BJHJDKERSA-N,gka_candidate,False
6,45,GKA_0708,CNc1ccc(Sc2nncn2C)cc1C(=O)Nc1nc(C)cs1,XRJAKERBMMBUGR-UHFFFAOYSA-N,gka_candidate,False
6,46,GKA_0724,CN1C(=O)CCC1c1cc2[nH]c(-c3ccc(CCC(=O)O)cn3)cc2cc1Sc1ccccn1,KXWZQOHJKSTKBM-UHFFFAOYSA-N,gka_candidate,False
6,47,GKA_0740,O=C(O)c1ccc(NC(=O)C(Oc2ccc(Cl)cc2)c2ccc(S(=O)(=O)C3CC3)cc2)nc1,VICKYXCTCGJETM-UHFFFAOYSA-N,gka_candidate,False
6,48,GKA_0756,Cc1csc(NC(=O)c2cc(Oc3ccc(F)cc3)ccc2N)n1,SUPIDUIYHNMEGY-UHFFFAOYSA-N,gka_candidate,False
6,49,GKA_0772,CNC(=O)Nc1cc(Oc2cncc(OC)c2)c([C@@H]2COCC[C@@H]2O)cn1,AWJLMQBGAXWQAK-GJZGRUSLSA-N,gka_candidate,False
6,50,B3D_0008,CC(=O)NC1C(O)OC(COS(=O)(=O)O)C(OC2OC(COS(=O)(=O)O)C(O)C(O)C2O)C1O,UJOAXSJVYJPWAV-UHFFFAOYSA-N,bbb_control_b3db,False
6,51,B3D_0027,CCNC(=NCCSCc1ncccc1Br)NC#N,QSVQYESUCVTVDQ-UHFFFAOYSA-N,bbb_control_b3db,False
6,52,B3D_0043,O=C1c2c(O)cc(O)cc2CC(c2ccc(O)c(O)c2)C1O,ZKXUJOASIOXXRV-UHFFFAOYSA-N,bbb_control_b3db,False
6,53,B3D_0059,COc1nccc(-c2c(-c3ccc(F)cc3)ncn2C2CCC(O)CC2)n1,ZQUSFAUAYSEREK-UHFFFAOYSA-N,bbb_control_b3db,False
6,54,B3D_0075,COc1ccc2c(c1)[C@@H](CC(=O)O)[C@H](C)N2C(=O)c1ccc(Cl)cc1,LCUUTQDVRHCQTB-NHYWBVRUSA-N,bbb_control_b3db,False
6,55,B3D_0091,CC(C)CC1C(=O)N2CCCC2C2(O)OC(NC(=O)C3C=C4c5cccc6[nH]c(Br)c(c56)CC4N(C)C3)(C(C)C)C(=O)N12,OZVBMTJYIDMWIL-UHFFFAOYSA-N,bbb_control_b3db,False
6,56,B3D_0107,CCCN(CCC)CCc1cc(O)c2c(c1)CC(=O)N2,FQDZXGPOHMPKKA-UHFFFAOYSA-N,bbb_control_b3db,False
6,57,B3D_0123,CC(=O)C1CSc2ccccc2N1CCC1CCCCN1C,FQDTWONCAFJIDM-UHFFFAOYSA-N,bbb_control_b3db,False
6,58,B3D_0139,O=C(Nc1cc(Cl)ccc1O)Nc1cc(C(F)(F)F)ccc1Cl,OUDXRNQPVSMGDW-UHFFFAOYSA-N,bbb_control_b3db,False
6,59,B3D_0155,COc1ccc(N2CCCC2=O)cc1CNC1CCCNC1c1ccccc1,RSULMLYEIFKILJ-UHFFFAOYSA-N,bbb_control_b3db,False
6,60,B3D_0171,Cn1nnc2ccc(C(c3ccc(Cl)cc3)n3cncn3)cc21,XLMPPFTZALNBFS-UHFFFAOYSA-N,bbb_control_b3db,False
6,61,B3D_0187,Cc1c(I)c(=O)n(-c2ccccc2)n1C,ZZOBLCHCPLOXCE-UHFFFAOYSA-N,bbb_control_b3db,False
6,62,B3D_0203,O=c1cccc2n1C[C@H]1CNC(Br)[C@@H]2C1,MCIAZDGRZFAFLS-KQUALDNSSA-N,bbb_control_b3db,False
6,63,B3D_0219,CCNc1cccnc1N1CCN(C(=O)c2cc3cc(OC)ccc3[nH]2)CC1,UCPOMLWZWRTIAA-UHFFFAOYSA-N,bbb_control_b3db,False
6,64,B3D_0235,CN1C(=O)NC2=NCN(C)C2C1=O,VNCKVOLNMCWOMF-UHFFFAOYSA-N,bbb_control_b3db,False
6,65,B3D_0251,COc1ccc(-n2nc(C)cc2C)cc1CNC1CCCNC1c1ccccc1,WDJYRYLRDONKNL-UHFFFAOYSA-N,bbb_control_b3db,False
6,66,B3D_0267,CNCCCC1(c2ccccc2)SC(C)(C)c2ccccc21,FKHYYOUFMJBLAF-UHFFFAOYSA-N,bbb_control_b3db,False
6,67,B3D_0283,CC(C)(C)c1nc(N2CCN(CCCSc3nccc(=O)[nH]3)CC2)cc(C(F)(F)F)n1,KXVAICSRMHXLJN-UHFFFAOYSA-N,bbb_control_b3db,False
6,68,B3D_0299,OC1CNCc2ccccc21,HTHIHJJKFYXSOQ-UHFFFAOYSA-N,bbb_control_b3db,False
6,69,B3D_0315,C#CC1(O)CCC2C3C(C)CC4=C(CCC(=O)C4)C3CCC21,QHLHRQSOSLOKIQ-UHFFFAOYSA-N,bbb_control_b3db,False
6,70,B3D_0331,COc1ccc(C(C)C)cc1CNC1C2CCN(CC2)C1C(c1ccccc1)c1ccccc1,XPNMCDYOYIKVGB-UHFFFAOYSA-N,bbb_control_b3db,False
6,71,B3D_0347,COc1ccc2[nH]nc(NC3CCN(Cc4ccc5c(c4)OCO5)CC3)c2c1,DMPZBWPVTPYXNU-UHFFFAOYSA-N,bbb_control_b3db,False
6,72,B3D_0363,COc1ccc(C2CNC(=O)C2)cc1OC1CCCC1,HJORMJIFDVBMOB-UHFFFAOYSA-N,bbb_control_b3db,False
6,73,B3D_0379,Fc1ccc(Cn2c([C@H]3CNCCO3)nc3ccccc32)cc1,XFQZALCRWJDNNK-QGZVFWFLSA-N,bbb_control_b3db,False
6,74,B3D_0395,FC(F)Oc1ccc(OC(F)(F)F)cc1CNC1CCCNC1c1ccccc1,SZJWAICDHPWWKL-UHFFFAOYSA-N,bbb_control_b3db,False
6,75,B3D_0411,CCC(C)(C)C,HNRMPXKDFBEGFZ-UHFFFAOYSA-N,bbb_control_b3db,False
6,76,B3D_0427,CC12NC(Cc3ccccc31)c1ccccc12,LBOJYSIDWZQNJS-UHFFFAOYSA-N,bbb_control_b3db,False
6,77,FRI_0003,COc1cccc(C2(O)CCCCC2CN(C)C)c1,TVYLLZQTGLZFBW-UHFFFAOYSA-N,bbb_control_friden,False
6,78,FRI_0025,Cc1cn([C@H]2C[C@H](N=[N+]=[N-])[C@@H](CO)O2)c(=O)[nH]c1=O,HBOMLICNUCNMMY-XLPZGREQSA-N,bbb_control_friden,False
6,79,B3D_0001,COC1(NC(=O)C(C(=O)O)c2ccc(O)cc2)C(=O)N2C(C(=O)O)=C(CSc3nnnn3C)COC21,JWCSIUVGFCSJCK-UHFFFAOYSA-N,bbb_control_b3db,True
6,80,B3D_0002,CN1CC[C@]23c4c5ccc(OC6O[C@H](C(=O)O)[C@@H](O)[C@H](O)[C@H]6O)c4O[C@H]2[C@@H](O)C=C[C@H]3[C@H]1C5,WAEXKFONHRHFBZ-QMGRMYLDSA-N,bbb_control_b3db,True
6,81,B3D_0025,O=C(O)c1cc(N=Nc2ccc(S(=O)(=O)Nc3ccccn3)cc2)ccc1O,NCEXYHBECQHGNR-UHFFFAOYSA-N,bbb_control_b3db,True
6,82,B3D_0026,Oc1c(I)cc(Cl)c2cccnc12,QCDFBFJGMNKBDO-UHFFFAOYSA-N,bbb_control_b3db,True
6,83,B3D_0441,CN(C)CCCN1c2ccccc2Sc2ccc(C(F)(F)F)cc21,XSCGXQMFQXDFCW-UHFFFAOYSA-N,bbb_control_b3db,True
6,84,B3D_0443,OCCN1CCN(CCCN2c3ccccc3Sc3ccc(C(F)(F)F)cc32)CC1,PLDUPXSUYLZYBN-UHFFFAOYSA-N,bbb_control_b3db,True
6,85,B3D_0444,CNC1CCC(c2ccc(Cl)c(Cl)c2)c2ccccc21,VGKDLMBJGBXTGI-UHFFFAOYSA-N,bbb_control_b3db,True
6,86,B3D_0445,FC(F)(F)c1ccc(N2CCNCC2)nc1Cl,QZYYPQAYSFBKPW-UHFFFAOYSA-N,bbb_control_b3db,True
6,87,FRI_0001,CC(NC(C)(C)C)C(=O)c1cccc(Cl)c1,SNPPWIUOZRMYNY-UHFFFAOYSA-N,bbb_control_friden,True
6,88,FRI_0005,CN1C(=O)CN=C(c2ccccc2)c2cc(Cl)ccc21,AAOVKJBEBIDNHE-UHFFFAOYSA-N,bbb_control_friden,True
6,89,FRI_0008,COc1ccc2c3c1O[C@H]1[C@@H](O)C=C[C@H]4[C@@H](C2)N(C)CC[C@@]341,OROGSEYTTFOCAN-DNJOTXNNSA-N,bbb_control_friden,True
6,90,FRI_0012,CN(C)CCC=C1c2ccccc2CCc2ccccc21,KRMDCWKBEZIMAB-UHFFFAOYSA-N,bbb_control_friden,True
6,91,FRI_0016,CSc1ccc2c(c1)N(CCC1CCCCN1C)c1ccccc1S2,KLBQZWRITKRQQV-UHFFFAOYSA-N,bbb_control_friden,True
6,92,FRI_0019,C=CCOc1ccccc1OCC(O)CNC(C)C,CEMAWMOMDPGJMB-UHFFFAOYSA-N,bbb_control_friden,True
6,93,FRI_0023,C[C@H]1COc2c(N3CCN(C)CC3)c(F)cc3c(=O)c(C(=O)O)cn1c23,GSDSWSVVBLHKDQ-JTQLQIEISA-N,bbb_control_friden,True
6,94,FRI_0026,CC(C)(C)NC(=O)[C@@H]1C[C@@H]2CCCC[C@@H]2CN1C[C@@H](O)[C@H](Cc1ccccc1)NC(=O)[C@H](CC(N)=O)NC(=O)c1ccc2ccccc2n1,QWAXKHKRTORLEM-UGJKXSETSA-N,bbb_control_friden,True
6,95,FRI_0030,CO[C@H]1/C=C/O[C@@]2(C)Oc3c(C)c(O)c4c(O)c(c(/C=N/N5CCN(C)CC5)c(O)c4c3C2=O)NC(=O)/C(C)=C\C=C\[C@H](C)[C@H](O)[C@@H](C)[C@@H](O)[C@@H](C)[C@H](OC(C)=O)[C@@H]1C,JQXXHWHPUNPDRT-WLSIYKJHSA-N,bbb_control_friden,True
6,96,FRI_0035,CO[C@@]1(NC(=O)C(C(=O)O)c2ccc(O)cc2)C(=O)N2C(C(=O)O)=C(CSc3nnnn3C)CO[C@@H]21,JWCSIUVGFCSJCK-CAVRMKNVSA-N,bbb_control_friden,True
6,97,FRI_0036,CN1CC[C@]23c4c5ccc(O[C@@H]6O[C@H](C(=O)O)[C@@H](O)[C@H](O)[C@H]6O)c4O[C@H]2[C@@H](O)C=C[C@H]3[C@H]1C5,WAEXKFONHRHFBZ-ZXDZBKESSA-N,bbb_control_friden,True
6,98,FRI_0041,CN(Cc1cnc2nc(N)nc(N)c2n1)c1ccc(C(=O)N[C@@H](CCC(=O)O)C(=O)O)cc1,FBOZXECLQNJBKD-ZDUSSCGKSA-N,bbb_control_friden,True
7,1,GKA_0005,CCS(=O)(=O)c1ccc(Oc2cc3cc(-c4ccc(C(F)(F)F)cn4)[nH]c3cc2C2CCC(=O)N2C)cc1,NJMQGAPDEDUCFJ-UHFFFAOYSA-N,gka_candidate,False
7,2,GKA_0021,Cn1ccc(Nc2ncnc3ccc(Oc4ncccc4Br)cc23)n1,MEUYOPBFTQWYFU-UHFFFAOYSA-N,gka_candidate,False
7,3,GKA_0037,O=C(Nc1ncc(F)s1)[C@H](CC1CCOCC1)n1ncc2c(S(=O)(=O)C3CC3)cncc21,KUFXUEYIWPFSHN-HNNXBMFYSA-N,gka_candidate,False
7,4,GKA_0053,COC[C@H](C)Oc1cc(C#Cc2cccc(OCCN3CCCCC3)c2)cc(C(=O)Nc2ccn(C)n2)c1,CNLSRXPEUCFZDV-QHCPKHFHSA-N,gka_candidate,False
7,5,GKA_0069,Cc1cnc(NC(=O)c2cc(Oc3ccc(C(=O)N(C)C)nc3)c3c(c2)OC(C)(CO)C3)cn1,PTZFDHDBIJFBGR-UHFFFAOYSA-N,gka_candidate,False
7,6,GKA_0085,CNC(=O)Nc1cc(Oc2cncc(C)c2)c(CCCCO)cn1,BKCOKWFNOYAYES-UHFFFAOYSA-N,gka_candidate,False
7,7,GKA_0101,CCc1cnc(-c2cc(Oc3ccc(S(C)(=O)=O)cc3)cc(OC(C)C)c2)[nH]c1=O,NAUIDAPUPIGNQX-UHFFFAOYSA-N,gka_candidate,False
7,8,GKA_0117,c1ccc(Oc2cc(Sc3ccncc3)cnc2Nc2nc(C3CCCCC3)cs2)cc1,KYGTXQUNZUZTNQ-UHFFFAOYSA-N,gka_candidate,False
7,9,GKA_0133,Cc1cnc(Nc2ncnc3ccc(Oc4c(F)cccc4S(C)(=O)=O)cc23)cn1,ZUYWFBJBQWODEQ-UHFFFAOYSA-N,gka_candidate,False
7,10,GKA_0149,O=C(NC1CC1)c1ccc(Oc2cnc(NC(=O)C(OC3CCOCC3)c3ccc(S(=O)(=O)C4CC4)cc3)s2)cc1,IEQYVVOMJPQWIO-UHFFFAOYSA-N,gka_candidate,False
7,11,GKA_0165,Cc1ccc(NC(=O)[C@H](CC2CCC(F)(F)CC2)n2ccc(S(=O)(=O)C(C)C)cc2=O)nc1,CKPHRGNLPYRZKJ-IBGZPJMESA-N,gka_candidate,False
7,12,GKA_0181,Cc1cnc(-c2cc(Oc3cnc(C(=O)N(C)C)nc3)cc(OC(C)C)c2)[nH]c1=O,RCESBHOQGDBZSX-UHFFFAOYSA-N,gka_candidate,False
7,13,GKA_0197,COCC(C)Oc1cc(Oc2ccc(S(C)(=O)=O)nc2)cc(C(=O)Nc2nc3c(s2)CN(C(=O)OC(C)(C)C)CC3)c1,ZWYOXZJEFZCSHL-UHFFFAOYSA-N,gka_candidate,False
7,14,GKA_0213,CCOP(=O)(Cn1ccc(NC(=O)c2cc(Oc3cnc(S(C)(=O)=O)nc3)cc(OC(C)C)c2)n1)OCC,YJUAEIAQXAHGBE-UHFFFAOYSA-N,gka_candidate,False
7,15,GKA_0229,CCc1ncccc1Oc1cc(CC2CCOCC2)cnc1NC(=O)NC,QTWXFBQCCJRZJD-UHFFFAOYSA-N,gka_candidate,False
7,16,GKA_0245,Cc1cc2c(Oc3cnc(C(=O)N(C)C)cn3)cc(C(=O)Nc3ccn(C)n3)cc2o1,JHNHALDHPAWSFV-UHFFFAOYSA-N,gka_candidate,False
7,17,GKA_0261,CN(C)C(=O)c1ncc(Oc2cc(OC3CCCC3)cc(-c3nccc(=O)[nH]3)c2)cn1,QEQRHQKEROBPEX-UHFFFAOYSA-N,gka_candidate,False
7,18,GKA_0277,Cc1ccc(NC(=O)[C@H](CC(C)C)n2ccc(S(=O)(=O)C(C)C)cc2=O)nc1,OLGWAOITYSCNSL-KRWDZBQOSA-N,gka_candidate,False
7,19,GKA_0293,CS(=O)(=O)c1ccc2c(=O)n(C(CC3CCCCC3)C(=O)Nc3ncc(Cl)s3)c(=O)[nH]c2c1,KCUYNWOBILFRDZ-UHFFFAOYSA-N,gka_candidate,False
7,20,GKA_0309,CS(=O)(=O)c1ccc(Oc2cc3cc(-c4ccc(CCC(=O)O)cn4)[nH]c3cc2Oc2ccccc2F)cc1,JQFMEOAUPURXEJ-UHFFFAOYSA-N,gka_candidate,False
7,21,GKA_0325,CCS(=O)(=O)c1ccc(Oc2cc3cc(-c4ccc(CCC(=O)OC)cn4)[nH]c3cc2C2CCC(=O)N2C)cc1,JZXCTHUPWKAKBH-UHFFFAOYSA-N,gka_candidate,False
7,22,GKA_0341,CS(=O)(=O)c1ccc(/C(=C\C2CCCCCC2)C(=O)Nc2nccs2)cc1,BVPVGKONEFCGEO-NBVRZTHBSA-N,gka_candidate,False
7,23,GKA_0357,COC(CNCc1csc(NC(=O)c2cc(Oc3ccc(S(C)(=O)=O)cc3)cc(-c3ncccc3C)c2)n1)OC,QEHMFFGQNSDFFI-UHFFFAOYSA-N,gka_candidate,False
7,24,GKA_0373,COC[C@H](C)Oc1cc(C#Cc2cccc(OCC#N)c2)cc(C(=O)Nc2ccn(C)n2)c1,PMROETUNRLSDTN-SFHVURJKSA-N,gka_candidate,False
7,25,GKA_0389,CCOP(=O)(Cn1ccc(NC(=O)c2cc(Oc3cnc(C(=O)N4CCC4)cn3)cc(OC(C)C)c2)n1)OCC,OYUDYQMFVRHPIY-UHFFFAOYSA-N,gka_candidate,False
7,26,GKA_0405,O=C(Nc1ccc(Cl)cn1)[C@H](CN1CC(O)C1)Oc1ncnc2c1cnn2-c1ccccc1Cl,BGHITEUBRBJBOP-SFHVURJKSA-N,gka_candidate,False
7,27,GKA_0421,COc1ccc2nc(NC(=O)C(CC3CCCC3)c3ccc(S(=O)(=O)N(C(C)C)C(C)C)cc3)sc2n1,FDTXHXNLSXQYKA-UHFFFAOYSA-N,gka_candidate,False
7,28,GKA_0437,CC[C@@H](COC)Oc1cc(Oc2ccc(S(=O)(=O)OC)cc2)cc(C(=O)Nc2nccs2)c1,FDKFFOPQLBQTMX-INIZCTEOSA-N,gka_candidate,False
7,29,GKA_0453,CS(=O)(=O)c1ccc(/C(=C\C2CCCC2)C(=O)Nc2ncc(C#N)s2)cc1,XOWPGRJGSIKPQR-LICLKQGHSA-N,gka_candidate,False
7,30,GKA_0469,CC(CO)Oc1cc(Oc2ccc(S(C)(=O)=O)cc2)cc(C(=O)Nc2nccs2)c1,WXZJALPRVRLDDJ-UHFFFAOYSA-N,gka_candidate,False
7,31,GKA_0485,Cn1ccc(Nc2ncnc3ccc(Oc4ncccc4F)cc23)n1,LGYVCLYNNRFEIE-UHFFFAOYSA-N,gka_candidate,False
7,32,GKA_0501,CC(C)OC[C@H](Oc1ncnc2c1cnn2-c1ccccc1Cl)C(=O)Nc1ccccn1,LIBZEAOXJBJGPH-SFHVURJKSA-N,gka_candidate,False
7,33,GKA_0517,CCN(C)C(=O)c1cnc(Oc2cc(C(=O)Nc3cnc(C)cn3)cc3oc(C)cc23)cn1,FWJZEJHVAJFEPN-UHFFFAOYSA-N,gka_candidate,False
7,34,GKA_0533,CC(C)Oc1cc(OCCC2CCCC2)cc(C(=O)Nc2ccc(C(=O)O)cn2)c1,PWIDVOKRZIMBGB-UHFFFAOYSA-N,gka_candidate,False
7,35,GKA_0549,COCCC(Oc1ncnc2c1cnn2-c1ccccc1OC)C(=O)Nc1ccc(C)cn1,GFGJRYIVRRQONC-UHFFFAOYSA-N,gka_candidate,False
7,36,GKA_0565,Cc1csc(NC(=O)c2cc(Oc3ccc(S(C)(=O)=O)cc3)cc(OC(C)C)c2)n1,ZNRKDXPBZXBAKF-UHFFFAOYSA-N,gka_candidate,False
7,37,GKA_0581,Cn1cnnc1Sc1ccc(N)c(C(=O)Nc2nccs2)c1,SGEAXPZPLDIFIY-UHFFFAOYSA-N,gka_candidate,False
7,38,GKA_0597,N#Cc1ccc(NC(=O)[C@H](CN2CC(O)C2)Oc2ncnc3c2cnn3-c2c(Cl)cccc2Cl)nc1,KWDNLKOOOJDQNA-SFHVURJKSA-N,gka_candidate,False
7,39,GKA_0613,CC(=O)N1CCC(c2nsc(Nc3ncc(Sc4ccccn4)cc3Oc3ccccc3)n2)CC1,MGSFDMFRYXZHBE-UHFFFAOYSA-N,gka_candidate,False
7,40,GKA_0629,O=C(Nc1ccc(F)cn1)[C@H](CN1CC(O)C1)Oc1ncnc2c1cnn2-c1ncccc1Cl,WMXLDHOWZJLXOB-INIZCTEOSA-N,gka_candidate,False
7,41,GKA_0645,CC(C)Cc1csc(NC(=O)C(CC2CCOCC2)c2ccc(S(C)(=O)=O)cc2)n1,IIGHLCWXWNSZSO-UHFFFAOYSA-N,gka_candidate,False
7,42,GKA_0661,CNC(=O)Nc1cc(Oc2cnccc2C)c(-c2ccc(OCCO)nc2)cn1,XJJQINAUBRDFIN-UHFFFAOYSA-N,gka_candidate,False
7,43,GKA_0677,CCn1nccc1Oc1cc(C[C@H]2CCO[C@H](COC)C2)cnc1NC(=O)NC,QXNHYYXUTCYDNJ-ZBFHGGJFSA-N,gka_candidate,False
7,44,GKA_0693,CS(=O)(=O)c1ccc(C(O)(CC2CCCC2)c2cc3cc(Br)cnc3[nH]2)cc1Cl,OZRQARRLWGIGOJ-UHFFFAOYSA-N,gka_candidate,False
7,45,GKA_0709,COC[C@H](C)Oc1cc(OC(C)C)cc(C(=O)Nc2ccc(C(=O)O)cn2)c1,MQDXDORISMQWFB-ZDUSSCGKSA-N,gka_candidate,False
7,46,GKA_0725,CCOC(=O)c1csc(NC(=O)c2cc(Sc3nncn3C)ccc2N)n1,HYOOETYSCFRNOM-UHFFFAOYSA-N,gka_candidate,False
7,47,GKA_0741,CNC(=O)Nc1cc(Oc2cncc(C)c2)c(C(C)CO)cn1,ONLVFFJIOJFXPY-UHFFFAOYSA-N,gka_candidate,False
7,48,GKA_0757,Cc1csc(NC(=O)c2cc(Oc3ccccc3)cc(Oc3ccccc3S(C)(=O)=O)c2)n1,KIHFPLPVTMXHFP-UHFFFAOYSA-N,gka_candidate,False
7,49,GKA_0773,CCOc1cncc(Oc2cc(NC(=O)NC)ncc2-c2ccc(OCCO)nc2)c1,UBGFEQNFPUGRSW-UHFFFAOYSA-N,gka_candidate,False
7,50,B3D_0009,NC(N)=Nc1nc(-c2ccc(O)c(O)c2)cs1,PQHOEQGYFYWQLL-UHFFFAOYSA-N,bbb_control_b3db,False
7,51,B3D_0028,CS(=O)(=O)N(CCO)c1c(Cl)c(Cl)cc2[nH]c(=O)c(=O)[nH]c12,BGJHUMNCODFLCH-UHFFFAOYSA-N,bbb_control_b3db,False
7,52,B3D_0044,CC(C(=O)O)c1ccc(-c2ccccc2)c(F)c1,SYTBZMRGLBWNTM-UHFFFAOYSA-N,bbb_control_b3db,False
7,53,B3D_0060,CCOc1ccc(C(=O)c2cccc3ccccc23)c2ccccc12,PJDJPGOOOVJKMF-UHFFFAOYSA-N,bbb_control_b3db,False
7,54,B3D_0076,O=C(O)c1ccc(-c2ccccc2)cc1,NNJMFJSKMRYHSR-UHFFFAOYSA-N,bbb_control_b3db,False
7,55,B3D_0092,CC(C)C[C@H]1C(=O)N2CCC[C@H]2[C@]2(O)O[C@](NC(=O)[C@@H]3C=C4c5cccc6[nH]c(Br)c(c56)C[C@H]4N(C)C3)(C(C)C)C(=O)N12,OZVBMTJYIDMWIL-AYFBDAFISA-N,bbb_control_b3db,False
7,56,B3D_0108,CN1CCN(c2c(F)cc3c(=O)c(C(=O)O)cn(CCF)c3c2F)CC1,XBJBPGROQZJDOJ-UHFFFAOYSA-N,bbb_control_b3db,False
7,57,B3D_0124,CC1c2ccccc2N(C(N)=O)c2ccccc2C1C,LHOPRWMVPXVFBR-UHFFFAOYSA-N,bbb_control_b3db,False
7,58,B3D_0140,CC[C@@]1(O)C(=O)OCc2c1cc1n(c2=O)Cc2cc3ccccc3nc2-1,VSJKWCGYPAHWDS-FQEVSTJZSA-N,bbb_control_b3db,False
7,59,B3D_0156,C[C@]12CCC(=O)C=C1CC[C@H]1[C@@H]2[C@@H](O)C[C@@]2(C)[C@H]1CC[C@]2(O)C(=O)CO,JYGXADMDTFJGBT-IRZSNYKVSA-N,bbb_control_b3db,False
7,60,B3D_0172,NC1=NCC2c3ccccc3Cc3ccccc3N12,WHWZLSFABNNENI-UHFFFAOYSA-N,bbb_control_b3db,False
7,61,B3D_0188,Cc1nc(C)c(C)nc1C,FINHMKGKINIASC-UHFFFAOYSA-N,bbb_control_b3db,False
7,62,B3D_0204,CCNCc1ccc(C(=O)Nc2cc(C)n(Cc3cc(Cl)ccc3OCC(C)C)n2)cc1,VOXFFQMJGOMJED-UHFFFAOYSA-N,bbb_control_b3db,False
7,63,B3D_0220,O=[N+]([O-])c1nccn1CC(O)COCF,FUYIMIBLWNYUIU-UHFFFAOYSA-N,bbb_control_b3db,False
7,64,B3D_0236,CN1C(=O)NC2N=CN(C)C2C1=O,PHWKWPXRPNGSRD-UHFFFAOYSA-N,bbb_control_b3db,False
7,65,B3D_0252,C[n+]1c2n(c(=O)c3ccccc31)CCC1c3ccccc3NC21,KFASAPQSLORVRQ-UHFFFAOYSA-N,bbb_control_b3db,False
7,66,B3D_0268,COc1ccc2c(c1)[C@@]13CCCC[C@@H]1[C@@H](C2)N(C)CC3,MKXZASYAUGDDCJ-KBAYOESNSA-N,bbb_control_b3db,False
7,67,B3D_0284,CCC(NC(=O)c1c(C)c(-c2ccccc2)nc2ccccc12)c1ccccc1,MQNYRKWJSMQECI-UHFFFAOYSA-N,bbb_control_b3db,False
7,68,B3D_0300,c1cncc([C@@H]2CCCN2)c1,MYKUKUCHPMASKF-VIFPVBQESA-N,bbb_control_b3db,False
7,69,B3D_0316,C#CC1(O)CCC2C3C(C)CC4=C(CCC(=O)C4)C3CCC21C,WZDGZWOAQTVYBX-UHFFFAOYSA-N,bbb_control_b3db,False
7,70,B3D_0332,CCN(CC)Cc1ccc2c(c1)CCC(N1CCN(CCc3ccc(F)cc3)CC1=O)C2,XWZAXTGZXFCRFU-UHFFFAOYSA-N,bbb_control_b3db,False
7,71,B3D_0348,Cc1ccn(CCCCN2CCN(c3cc(C(F)(F)F)nc(C(C)(C)C)n3)CC2)c(=O)c1,RLMADYPUXGWZSL-UHFFFAOYSA-N,bbb_control_b3db,False
7,72,B3D_0364,COc1cc2sc(C3CC3)nc2cc1CNC1CCCNC1c1ccccc1,JDRGRKWIVKDYHL-UHFFFAOYSA-N,bbb_control_b3db,False
7,73,B3D_0380,Cc1cc2c(s1)=Nc1ccccc1NC=2N1CCN(C)CC1,WXPNDRBBWZMPQG-UHFFFAOYSA-N,bbb_control_b3db,False
7,74,B3D_0396,Fc1ccc(Cn2c([C@H]3CNCCS3)nc3ccccc32)cc1,SWFSQSZMVIJILA-QGZVFWFLSA-N,bbb_control_b3db,False
7,75,B3D_0412,CCC(C)CC,PFEOZHBOMNWTJB-UHFFFAOYSA-N,bbb_control_b3db,False
7,76,B3D_0428,N#Cc1ccc(OCC2CCN(C/C=C/I)CC2)cc1,QJRRQEZUOGOHQN-UNXLUWIOSA-N,bbb_control_b3db,False
7,77,FRI_0004,CCC(C(N)=O)(C(N)=O)c1ccccc1,JFZHPFOXAAIUMB-UHFFFAOYSA-N,bbb_control_friden,False
7,78,FRI_0027,COc1ccc(CCN(C)CCCC(C#N)(c2ccc(OC)c(OC)c2)C(C)C)cc1OC,SGTNSNPWRIOYBX-UHFFFAOYSA-N,bbb_control_friden,False
7,79,B3D_0001,COC1(NC(=O)C(C(=O)O)c2ccc(O)cc2)C(=O)N2C(C(=O)O)=C(CSc3nnnn3C)COC21,JWCSIUVGFCSJCK-UHFFFAOYSA-N,bbb_control_b3db,True
7,80,B3D_0002,CN1CC[C@]23c4c5ccc(OC6O[C@H](C(=O)O)[C@@H](O)[C@H](O)[C@H]6O)c4O[C@H]2[C@@H](O)C=C[C@H]3[C@H]1C5,WAEXKFONHRHFBZ-QMGRMYLDSA-N,bbb_control_b3db,True
7,81,B3D_0025,O=C(O)c1cc(N=Nc2ccc(S(=O)(=O)Nc3ccccn3)cc2)ccc1O,NCEXYHBECQHGNR-UHFFFAOYSA-N,bbb_control_b3db,True
7,82,B3D_0026,Oc1c(I)cc(Cl)c2cccnc12,QCDFBFJGMNKBDO-UHFFFAOYSA-N,bbb_control_b3db,True
7,83,B3D_0441,CN(C)CCCN1c2ccccc2Sc2ccc(C(F)(F)F)cc21,XSCGXQMFQXDFCW-UHFFFAOYSA-N,bbb_control_b3db,True
7,84,B3D_0443,OCCN1CCN(CCCN2c3ccccc3Sc3ccc(C(F)(F)F)cc32)CC1,PLDUPXSUYLZYBN-UHFFFAOYSA-N,bbb_control_b3db,True
7,85,B3D_0444,CNC1CCC(c2ccc(Cl)c(Cl)c2)c2ccccc21,VGKDLMBJGBXTGI-UHFFFAOYSA-N,bbb_control_b3db,True
7,86,B3D_0445,FC(F)(F)c1ccc(N2CCNCC2)nc1Cl,QZYYPQAYSFBKPW-UHFFFAOYSA-N,bbb_control_b3db,True
7,87,FRI_0001,CC(NC(C)(C)C)C(=O)c1cccc(Cl)c1,SNPPWIUOZRMYNY-UHFFFAOYSA-N,bbb_control_friden,True
7,88,FRI_0005,CN1C(=O)CN=C(c2ccccc2)c2cc(Cl)ccc21,AAOVKJBEBIDNHE-UHFFFAOYSA-N,bbb_control_friden,True
7,89,FRI_0008,COc1ccc2c3c1O[C@H]1[C@@H](O)C=C[C@H]4[C@@H](C2)N(C)CC[C@@]341,OROGSEYTTFOCAN-DNJOTXNNSA-N,bbb_control_friden,True
7,90,FRI_0012,CN(C)CCC=C1c2ccccc2CCc2ccccc21,KRMDCWKBEZIMAB-UHFFFAOYSA-N,bbb_control_friden,True
7,91,FRI_0016,CSc1ccc2c(c1)N(CCC1CCCCN1C)c1ccccc1S2,KLBQZWRITKRQQV-UHFFFAOYSA-N,bbb_control_friden,True
7,92,FRI_0019,C=CCOc1ccccc1OCC(O)CNC(C)C,CEMAWMOMDPGJMB-UHFFFAOYSA-N,bbb_control_friden,True
7,93,FRI_0023,C[C@H]1COc2c(N3CCN(C)CC3)c(F)cc3c(=O)c(C(=O)O)cn1c23,GSDSWSVVBLHKDQ-JTQLQIEISA-N,bbb_control_friden,True
7,94,FRI_0026,CC(C)(C)NC(=O)[C@@H]1C[C@@H]2CCCC[C@@H]2CN1C[C@@H](O)[C@H](Cc1ccccc1)NC(=O)[C@H](CC(N)=O)NC(=O)c1ccc2ccccc2n1,QWAXKHKRTORLEM-UGJKXSETSA-N,bbb_control_friden,True
7,95,FRI_0030,CO[C@H]1/C=C/O[C@@]2(C)Oc3c(C)c(O)c4c(O)c(c(/C=N/N5CCN(C)CC5)c(O)c4c3C2=O)NC(=O)/C(C)=C\C=C\[C@H](C)[C@H](O)[C@@H](C)[C@@H](O)[C@@H](C)[C@H](OC(C)=O)[C@@H]1C,JQXXHWHPUNPDRT-WLSIYKJHSA-N,bbb_control_friden,True
7,96,FRI_0035,CO[C@@]1(NC(=O)C(C(=O)O)c2ccc(O)cc2)C(=O)N2C(C(=O)O)=C(CSc3nnnn3C)CO[C@@H]21,JWCSIUVGFCSJCK-CAVRMKNVSA-N,bbb_control_friden,True
7,97,FRI_0036,CN1CC[C@]23c4c5ccc(O[C@@H]6O[C@H](C(=O)O)[C@@H](O)[C@H](O)[C@H]6O)c4O[C@H]2[C@@H](O)C=C[C@H]3[C@H]1C5,WAEXKFONHRHFBZ-ZXDZBKESSA-N,bbb_control_friden,True
7,98,FRI_0041,CN(Cc1cnc2nc(N)nc(N)c2n1)c1ccc(C(=O)N[C@@H](CCC(=O)O)C(=O)O)cc1,FBOZXECLQNJBKD-ZDUSSCGKSA-N,bbb_control_friden,True
8,1,GKA_0006,CN1C(=O)CCC1c1cc2[nH]c(-c3ccccn3)cc2cc1Oc1ccc(S(C)(=O)=O)nc1,OOXAVDPIQSUYJW-UHFFFAOYSA-N,gka_candidate,False
8,2,GKA_0022,CC(C)=CCOc1cc(Oc2ccc(S(=O)(=O)N3CCOCC3)cc2)cc(C(=O)Nc2nccs2)c1,FTAUVKBULYPEQD-UHFFFAOYSA-N,gka_candidate,False
8,3,GKA_0038,CCS(=O)(=O)c1ccc(Oc2cc3nc(-c4ccccn4)[nH]c3cc2CN2C(=O)CCC2=O)cc1,KFQGCVGSHWAFGW-UHFFFAOYSA-N,gka_candidate,False
8,4,GKA_0054,CS(=O)(=O)c1ccc(/C(=C\C2CCCC2)C(=O)Nc2ncc(Br)s2)cc1,JOISSXZRHSAVRM-XNTDXEJSSA-N,gka_candidate,False
8,5,GKA_0070,Cc1nnnn1-c1ccc(/C(=C\C2CCCCC2)C(=O)Nc2nccs2)cc1Cl,LKVCBZIKYUSOKK-LFIBNONCSA-N,gka_candidate,False
8,6,GKA_0086,c1ccc(CCc2csc(Nc3ncc(Sc4ccncc4)cc3Oc3ccccc3)n2)cc1,ZVHBWHZMVDWUFE-UHFFFAOYSA-N,gka_candidate,False
8,7,GKA_0102,CS(=O)(=O)c1ccc(/C(=C\C2CCCCCCC2)C(=O)Nc2nccs2)cc1,FAGVPXDHYNJFCC-XDJHFCHBSA-N,gka_candidate,False
8,8,GKA_0118,CC(C)(C(=O)O)c1ccc(Oc2cnc(NC(=O)C(OC3CCOCC3)c3ccc(S(=O)(=O)C4CC4)cc3)s2)cc1,XSWRQJJJPKQFHZ-UHFFFAOYSA-N,gka_candidate,False
8,9,GKA_0134,O=C(O)c1ccc(NC(=O)[C@H](CC2CCCCC2)n2cnc(S(=O)(=O)C3CC3)c2)nc1,AXBWQGYXJNMOEI-KRWDZBQOSA-N,gka_candidate,False
8,10,GKA_0150,CNC(=O)Nc1cc(Oc2cncc(OC)c2)c(C2CCOCC2)cn1,NPKIDQHSXJPGIB-UHFFFAOYSA-N,gka_candidate,False
8,11,GKA_0166,Cc1cc(S(=O)(=O)C2CC2)cc(=O)n1[C@@H](CC1CCCC1)C(=O)Nc1ncc(Cl)s1,IAVMXMUGKVSJRB-INIZCTEOSA-N,gka_candidate,False
8,12,GKA_0182,CNC(=O)Cn1cc(-c2cnc(NC(=O)C(CC3CCOCC3)c3ccc(S(=O)(=O)C4CC4)cc3)s2)nn1,HSKQYGJEADNIOR-UHFFFAOYSA-N,gka_candidate,False
8,13,GKA_0198,CCS(=O)(=O)c1ccc(Oc2cc3nc(-c4ccccn4)[nH]c3cc2CN2CCCS2(=O)=O)cc1,KZADIHLFNCWLAC-UHFFFAOYSA-N,gka_candidate,False
8,14,GKA_0214,CS(=O)(=O)c1ccc(Oc2cc(OC3CCOCC3)cc(C(=O)Nc3nccs3)c2)cc1,ZQZPYXYBKICQDC-UHFFFAOYSA-N,gka_candidate,False
8,15,GKA_0230,O=C(O)c1cncc(Oc2cnc(NC(=O)C(OC3CCOCC3)c3ccc(S(=O)(=O)C4CC4)cc3)s2)c1,NNZGPYCIISHBOT-UHFFFAOYSA-N,gka_candidate,False
8,16,GKA_0246,O=C(O)c1ccc(Oc2cnc(NC(=O)C(Oc3ccc(F)cc3F)c3ccc(S(=O)(=O)N4CCOCC4)cc3)s2)cc1,ZITXSFAYYFSSIT-UHFFFAOYSA-N,gka_candidate,False
8,17,GKA_0262,Cc1cccnc1-c1cc(Oc2ccc(S(C)(=O)=O)cc2)cc(C(=O)Nc2ccn(CCN3CCOCC3)n2)c1,WNGYACZPFZNWQL-UHFFFAOYSA-N,gka_candidate,False
8,18,GKA_0278,Cc1cnc(NC(=O)c2cc(Oc3ccc(S(=O)(=O)C4CC4)cc3)c3cn(C)nc3c2)cn1,QGKMGOARLIHMTI-UHFFFAOYSA-N,gka_candidate,False
8,19,GKA_0294,O=C(Nc1ncc(F)s1)[C@H](CC1CCCC1)n1cc(S(=O)(=O)C2CC2)cn1,YMVDUCJXAHZEJX-AWEZNQCLSA-N,gka_candidate,False
8,20,GKA_0310,Cc1cc(S(=O)(=O)C2CCCC2)cc(=O)n1C(CC(C)C)C(=O)Nc1nccs1,QTOXAGVEUWUAJL-UHFFFAOYSA-N,gka_candidate,False
8,21,GKA_0326,COC(=O)CCc1ccc(Oc2cc3cc(-c4ccccn4)[nH]c3cc2C2CCC(=O)N2C)cc1,JISSSUZJBZNTDE-UHFFFAOYSA-N,gka_candidate,False
8,22,GKA_0342,COC[C@H](C)Oc1cc(C#Cc2ccccc2OC)cc(C(=O)Nc2ccn(C)n2)c1,BODWNPGALYAYSL-KRWDZBQOSA-N,gka_candidate,False
8,23,GKA_0358,COC[C@H](C)Oc1cc(C#Cc2ccc(N)cc2)cc(C(=O)Nc2ccn(C)n2)c1,CBHDZTDYNFYFNN-INIZCTEOSA-N,gka_candidate,False
8,24,GKA_0374,CC(C)=CCOc1cc(Oc2ccc(S(=O)(=O)C3CC3)cc2)cc(C(=O)Nc2ncc(F)s2)c1,AIMSCTYIXVWYHH-UHFFFAOYSA-N,gka_candidate,False
8,25,GKA_0390,COc1ccc2nc(NC(=O)[C@H](CC3CCCC3)c3ccc(S(=O)(=O)N4CCN(C)CC4)cc3)sc2n1,GMGMDWSPSKXMJH-OAQYLSRUSA-N,gka_candidate,False
8,26,GKA_0406,CNC(=O)Nc1cc(Oc2cncc(C)c2)c(-c2ccc(OCCO)nc2)cn1,YJSJVQSLHPYCCH-UHFFFAOYSA-N,gka_candidate,False
8,27,GKA_0422,Cn1ccc(Nc2ncnc3ccc(Oc4c(F)cccc4S(C)(=O)=O)cc23)n1,ISEKBEAABDINBR-UHFFFAOYSA-N,gka_candidate,False
8,28,GKA_0438,O=C(Nc1ncc(F)s1)C(CC1CCOCC1)c1ccc(S(=O)(=O)C2CC2)cc1,DBMFNEZMJWKKPU-UHFFFAOYSA-N,gka_candidate,False
8,29,GKA_0454,CCn1nccc1Oc1cc(C[C@H]2CC[C@@](C)(O)CC2)cnc1NC(=O)NC,PWPGDNXSBLRVKY-LDTOLXSISA-N,gka_candidate,False
8,30,GKA_0470,CCOCCc1cnc(NC(=O)NC)cc1Oc1cncc(C)c1,KKYXCDNGTUJMIB-UHFFFAOYSA-N,gka_candidate,False
8,31,GKA_0486,CN1C(=O)CCC1c1cc2[nH]c(-c3nc(CC(=O)O)cs3)cc2cc1Oc1ccc(S(C)(=O)=O)cc1,AGPHGILGVULVFC-UHFFFAOYSA-N,gka_candidate,False
8,32,GKA_0502,O=C(Nc1ccc(F)cn1)[C@H](COCCO)Oc1ncnc2c1cnn2-c1c(Cl)cccc1Cl,ZFRMTOKAIQWRKF-INIZCTEOSA-N,gka_candidate,False
8,33,GKA_0518,Cc1csc(NC(=O)c2cc(Sc3nccn3C)ccc2N)n1,GIQZMGJQUQFLRK-UHFFFAOYSA-N,gka_candidate,False
8,34,GKA_0534,Cc1cc(Oc2cnc(NC(=O)C(OC3CCOCC3)c3ccc(S(=O)(=O)C4CC4)cc3)s2)ccc1C(=O)O,UIORUVQTNVJGSM-UHFFFAOYSA-N,gka_candidate,False
8,35,GKA_0550,COC[C@H](C)Oc1cc(/C=C/c2cc(F)ccc2F)cc(C(=O)Nc2ccn(C)n2)c1,JJUGPMRPXAHHGU-RGDDUWESSA-N,gka_candidate,False
8,36,GKA_0566,CC(C)Oc1cc(Oc2ccccc2)cc(C(=O)Nc2ccc(C(=O)O)cn2)c1,MIIWULADOLVWHB-UHFFFAOYSA-N,gka_candidate,False
8,37,GKA_0582,Cc1cccc(S(C)(=O)=O)c1Oc1ccc2ncnc(Nc3ccn(C)n3)c2c1,VEWHRCPJODSYHU-UHFFFAOYSA-N,gka_candidate,False
8,38,GKA_0598,Cc1csc(NC(=O)c2nc(Sc3nncn3C)ccc2Sc2ccc(F)cc2)n1,SJTQKYKXCYVFHX-UHFFFAOYSA-N,gka_candidate,False
8,39,GKA_0614,CC(C)Oc1cc(OCc2ccccc2)cc(C(=O)Nc2ccc(C(=O)O)cn2)c1,VVNPWPROCJEJMN-UHFFFAOYSA-N,gka_candidate,False
8,40,GKA_0630,COCC(C)Oc1cc(Oc2ccc(S(C)(=O)=O)cc2)cc(C(=O)Nc2nc3c(s2)CN(C(=O)OC(C)(C)C)CC3)c1,WKRQYZYBADIGGU-UHFFFAOYSA-N,gka_candidate,False
8,41,GKA_0646,CC(C)Cc1csc(Nc2ncc(Br)cc2OCc2ccccc2)n1,AZHQCRYKKFEFTI-UHFFFAOYSA-N,gka_candidate,False
8,42,GKA_0662,Cc1ccc(NC(=O)[C@H](CC2CCCC2)n2cc(C)c(S(C)(=O)=O)cc2=O)nc1,DRFVPMZKAXNPMO-KRWDZBQOSA-N,gka_candidate,False
8,43,GKA_0678,CCS(=O)(=O)c1ccn([C@@H](CC2CCCC2)C(=O)Nc2ccc(C)cn2)c(=O)c1,FUBDZUFNVMAUNX-SFHVURJKSA-N,gka_candidate,False
8,44,GKA_0694,CS(=O)(=O)c1ccc(C(CC2CCCC2)c2cc3cccnc3[nH]2)cc1Cl,IATYBUSZZPRTJB-UHFFFAOYSA-N,gka_candidate,False
8,45,GKA_0710,CNC(=O)Nc1ncc(SCCCO)cc1Oc1cccnc1C,MHTIQEWJQGVICA-UHFFFAOYSA-N,gka_candidate,False
8,46,GKA_0726,COC[C@H](C)Oc1cc(Oc2ccc(S(C)(=O)=O)cc2)cc(C(=O)Nc2ccn(CP(C)(C)=O)n2)c1,TZPGVBYAUDGXTG-KRWDZBQOSA-N,gka_candidate,False
8,47,GKA_0742,N#Cc1ccc(C(CC2CCCC2)c2cc3cccnc3[nH]2)cc1Cl,IBZGTEGDCVAHSL-UHFFFAOYSA-N,gka_candidate,False
8,48,GKA_0758,CC(C)Oc1cc(Oc2ccc(S(C)(=O)=O)cc2)cc(-c2nccc(=O)[nH]2)c1,LEIBEWCOPLRTJN-UHFFFAOYSA-N,gka_candidate,False
8,49,GKA_0774,COc1cnc(-c2cc(Oc3ccc(S(C)(=O)=O)cc3)cc(OC(C)C)c2)[nH]c1=O,RJQDHSHCSRWNGF-UHFFFAOYSA-N,gka_candidate,False
8,50,B3D_0010,CCNc1cccnc1N1CCN(C(=O)c2cc3cc(NS(C)(=O)=O)ccc3[nH]2)CC1,VLRUPVDWIXYKGR-UHFFFAOYSA-N,bbb_control_b3db,False
8,51,B3D_0029,O=c1[nH]c2cc(Cl)ccc2c(O)c1-c1cccc(Oc2ccccc2)c1,FLVRDMUHUXVRET-UHFFFAOYSA-N,bbb_control_b3db,False
8,52,B3D_0045,OCC(O)C(O)C(O)C(O)CO,FBPFZTCFMRRESA-UHFFFAOYSA-N,bbb_control_b3db,False
8,53,B3D_0061,Cc1ccccc1NC1=NCCN1,WLQWOUULTDRZTQ-UHFFFAOYSA-N,bbb_control_b3db,False
8,54,B3D_0077,CN/C(=C\[N+](=O)[O-])NCCSCc1ccc(CN(C)C)o1,VMXUWOKSQNHOCA-UKTHLTGXSA-N,bbb_control_b3db,False
8,55,B3D_0093,CN1CC(C(=O)NC2(C)OC3(O)C4CCCN4C(=O)C(Cc4ccccc4)N3C2=O)CC2C3=CC=CC4NC=CC(=C34)CC21,XTQJOPSMZPNESC-UHFFFAOYSA-N,bbb_control_b3db,False
8,56,B3D_0109,NC1(C(=O)O)CCCC1,NILQLFBWTXNUOE-UHFFFAOYSA-N,bbb_control_b3db,False
8,57,B3D_0125,NC(=O)C1c2ccccc2C2OC2c2ccccc21,NMQDLHGETBRRJD-UHFFFAOYSA-N,bbb_control_b3db,False
8,58,B3D_0141,CC[S@@]1(O)C(=O)OCc2c1cc1n(c2=O)Cc2cc3ccccc3nc2-1,MISKOWJZICPRSK-UHFFFAOYSA-N,bbb_control_b3db,False
8,59,B3D_0157,Cc1cccc(Cl)c1Nc1nc2ccc(N3CCNC(C)C3)nc2n2cncc12,PUNYTBZWCMNSRO-UHFFFAOYSA-N,bbb_control_b3db,False
8,60,B3D_0173,O=c1c(-c2ccc(O)cc2)coc2cc(O)ccc12,ZQSIJRDFPHDXIC-UHFFFAOYSA-N,bbb_control_b3db,False
8,61,B3D_0189,O=S(=O)(c1ccc2cc[nH]c2c1)N1CCCC1CCN1CCC(Oc2ccc(Cl)cc2)CC1,QEGMGDYIJDZJCI-UHFFFAOYSA-N,bbb_control_b3db,False
8,62,B3D_0205,CO[C@@H]1CN(CC2Cc3ccc(C#N)cc3C2)CCC1n1c(C(C)(C)O)nc2cc(C)ccc21,DDPFMTCKLODLQM-NSBKXYHSSA-N,bbb_control_b3db,False
8,63,B3D_0221,c1ccc2c(c1)CCC(CNCCCNC1=NCCCN1)O2,QVSXOXCYXPQXMF-UHFFFAOYSA-N,bbb_control_b3db,False
8,64,B3D_0237,O=C(CCCN1CCC2(CC1)C(=O)NCN2c1ccc(Br)cc1)c1ccc(F)cc1,ALHZOZGEQMHCRV-UHFFFAOYSA-N,bbb_control_b3db,False
8,65,B3D_0253,Cc1ccc2c(OCCN3CCC(Cc4ccc5c(c4)N(C)C(=O)CO5)CC3)cccc2n1,WZBKUESQVZMMIH-UHFFFAOYSA-N,bbb_control_b3db,False
8,66,B3D_0269,c1cc(CN2CCCCC2)cc(OCCCNc2nc3ccccc3o2)c1,VIASCVHAGATDQI-UHFFFAOYSA-N,bbb_control_b3db,False
8,67,B3D_0285,CCCN1CC(CSC)CC2c3cccc4[nH]cc(c34)CC21,YEHCICAEULNIGD-UHFFFAOYSA-N,bbb_control_b3db,False
8,68,B3D_0301,CCCCCCC1(CC)C(=O)NC(=O)NC1=O,PSTVHRSUNBSVIJ-UHFFFAOYSA-N,bbb_control_b3db,False
8,69,B3D_0317,C#C[C@]1(O)CC[C@H]2[C@@H]3[C@H](C)CC4=C(CCC(=O)C4)[C@H]3CC[C@@]21C,WZDGZWOAQTVYBX-XOINTXKNSA-N,bbb_control_b3db,False
8,70,B3D_0333,O=S(=O)(c1cccc(Cl)c1)n1ccc2c(N3CCNCC3)c(Cl)ccc21,IAOGIUYLCUOQQA-UHFFFAOYSA-N,bbb_control_b3db,False
8,71,B3D_0349,Cc1nnc2n1C1CCC(Cl)CC1C(c1ccccc1Cl)=NC2,YCSYSAJQYSMYNJ-UHFFFAOYSA-N,bbb_control_b3db,False
8,72,B3D_0365,COc1ccc(C(CN(C)C)C2(O)CCCCC2)cc1,PNVNVHUZROJLTJ-UHFFFAOYSA-N,bbb_control_b3db,False
8,73,B3D_0381,CN(c1nc2ccccc2s1)C1CCN(CC(O)COc2ccc(F)cc2)CC1,IGMKTIJBFUMVIN-UHFFFAOYSA-N,bbb_control_b3db,False
8,74,B3D_0397,CC1CCCC1,GDOPTJXRTPNYNR-UHFFFAOYSA-N,bbb_control_b3db,False
8,75,B3D_0413,CN(C)CC/C=C1\c2ccccc2COc2ccccc21,ODQWQRRAPPTVAG-GZTJUZNOSA-N,bbb_control_b3db,False
8,76,B3D_0429,N#Cc1ccc(OCC2CCN(CC=CI)CC2)cc1,QJRRQEZUOGOHQN-UHFFFAOYSA-N,bbb_control_b3db,False
8,77,FRI_0006,CN(C)CCOC(c1ccccc1)c1ccccc1,ZZVUWRFHKOJYTH-UHFFFAOYSA-N,bbb_control_friden,False
8,78,FRI_0028,CC(C)Nc1cccnc1N1CCN(C(=O)c2cc3cc(NS(C)(=O)=O)ccc3[nH]2)CC1,WHBIGIKBNXZKFE-UHFFFAOYSA-N,bbb_control_friden,False
8,79,B3D_0001,COC1(NC(=O)C(C(=O)O)c2ccc(O)cc2)C(=O)N2C(C(=O)O)=C(CSc3nnnn3C)COC21,JWCSIUVGFCSJCK-UHFFFAOYSA-N,bbb_control_b3db,True
8,80,B3D_0002,CN1CC[C@]23c4c5ccc(OC6O[C@H](C(=O)O)[C@@H](O)[C@H](O)[C@H]6O)c4O[C@H]2[C@@H](O)C=C[C@H]3[C@H]1C5,WAEXKFONHRHFBZ-QMGRMYLDSA-N,bbb_control_b3db,True
8,81,B3D_0025,O=C(O)c1cc(N=Nc2ccc(S(=O)(=O)Nc3ccccn3)cc2)ccc1O,NCEXYHBECQHGNR-UHFFFAOYSA-N,bbb_control_b3db,True
8,82,B3D_0026,Oc1c(I)cc(Cl)c2cccnc12,QCDFBFJGMNKBDO-UHFFFAOYSA-N,bbb_control_b3db,True
8,83,B3D_0441,CN(C)CCCN1c2ccccc2Sc2ccc(C(F)(F)F)cc21,XSCGXQMFQXDFCW-UHFFFAOYSA-N,bbb_control_b3db,True
8,84,B3D_0443,OCCN1CCN(CCCN2c3ccccc3Sc3ccc(C(F)(F)F)cc32)CC1,PLDUPXSUYLZYBN-UHFFFAOYSA-N,bbb_control_b3db,True
8,85,B3D_0444,CNC1CCC(c2ccc(Cl)c(Cl)c2)c2ccccc21,VGKDLMBJGBXTGI-UHFFFAOYSA-N,bbb_control_b3db,True
8,86,B3D_0445,FC(F)(F)c1ccc(N2CCNCC2)nc1Cl,QZYYPQAYSFBKPW-UHFFFAOYSA-N,bbb_control_b3db,True
8,87,FRI_0001,CC(NC(C)(C)C)C(=O)c1cccc(Cl)c1,SNPPWIUOZRMYNY-UHFFFAOYSA-N,bbb_control_friden,True
8,88,FRI_0005,CN1C(=O)CN=C(c2ccccc2)c2cc(Cl)ccc21,AAOVKJBEBIDNHE-UHFFFAOYSA-N,bbb_control_friden,True
8,89,FRI_0008,COc1ccc2c3c1O[C@H]1[C@@H](O)C=C[C@H]4[C@@H](C2)N(C)CC[C@@]341,OROGSEYTTFOCAN-DNJOTXNNSA-N,bbb_control_friden,True
8,90,FRI_0012,CN(C)CCC=C1c2ccccc2CCc2ccccc21,KRMDCWKBEZIMAB-UHFFFAOYSA-N,bbb_control_friden,True
8,91,FRI_0016,CSc1ccc2c(c1)N(CCC1CCCCN1C)c1ccccc1S2,KLBQZWRITKRQQV-UHFFFAOYSA-N,bbb_control_friden,True
8,92,FRI_0019,C=CCOc1ccccc1OCC(O)CNC(C)C,CEMAWMOMDPGJMB-UHFFFAOYSA-N,bbb_control_friden,True
8,93,FRI_0023,C[C@H]1COc2c(N3CCN(C)CC3)c(F)cc3c(=O)c(C(=O)O)cn1c23,GSDSWSVVBLHKDQ-JTQLQIEISA-N,bbb_control_friden,True
8,94,FRI_0026,CC(C)(C)NC(=O)[C@@H]1C[C@@H]2CCCC[C@@H]2CN1C[C@@H](O)[C@H](Cc1ccccc1)NC(=O)[C@H](CC(N)=O)NC(=O)c1ccc2ccccc2n1,QWAXKHKRTORLEM-UGJKXSETSA-N,bbb_control_friden,True
8,95,FRI_0030,CO[C@H]1/C=C/O[C@@]2(C)Oc3c(C)c(O)c4c(O)c(c(/C=N/N5CCN(C)CC5)c(O)c4c3C2=O)NC(=O)/C(C)=C\C=C\[C@H](C)[C@H](O)[C@@H](C)[C@@H](O)[C@@H](C)[C@H](OC(C)=O)[C@@H]1C,JQXXHWHPUNPDRT-WLSIYKJHSA-N,bbb_control_friden,True
8,96,FRI_0035,CO[C@@]1(NC(=O)C(C(=O)O)c2ccc(O)cc2)C(=O)N2C(C(=O)O)=C(CSc3nnnn3C)CO[C@@H]21,JWCSIUVGFCSJCK-CAVRMKNVSA-N,bbb_control_friden,True
8,97,FRI_0036,CN1CC[C@]23c4c5ccc(O[C@@H]6O[C@H](C(=O)O)[C@@H](O)[C@H](O)[C@H]6O)c4O[C@H]2[C@@H](O)C=C[C@H]3[C@H]1C5,WAEXKFONHRHFBZ-ZXDZBKESSA-N,bbb_control_friden,True
8,98,FRI_0041,CN(Cc1cnc2nc(N)nc(N)c2n1)c1ccc(C(=O)N[C@@H](CCC(=O)O)C(=O)O)cc1,FBOZXECLQNJBKD-ZDUSSCGKSA-N,bbb_control_friden,True
9,1,GKA_0007,Cc1cnc(-c2cc3cc(Oc4ccc(S(C)(=O)=O)nc4)c(C4CCC(=O)N4C)cc3[nH]2)s1,FSFGCNSEUFOTBJ-UHFFFAOYSA-N,gka_candidate,False
9,2,GKA_0023,CCOP(=O)(Cn1ncc(NC(=O)c2cc(Oc3ccc(S(C)(=O)=O)cc3)cc(O[C@@H](C)COC)c2)n1)OCC,MVWDHZCMNWLIMU-SFHVURJKSA-N,gka_candidate,False
9,3,GKA_0039,Cc1csc(Nc2ncnc3ccc(Oc4ccccc4F)cc23)n1,ATZHFQAWHIAMEM-UHFFFAOYSA-N,gka_candidate,False
9,4,GKA_0055,COC[C@H](C)Oc1cc(C#Cc2cccc(NCCn3ccnc3C)c2)cc(C(=O)Nc2ccn(C)n2)c1,PHPGEFZFXQKVHC-NRFANRHFSA-N,gka_candidate,False
9,5,GKA_0071,COC[C@H](C)Oc1cc(C#CCSC2CCCC2)cc(C(=O)Nc2ccn(C)n2)c1,DQZJMNQOUVFLJT-KRWDZBQOSA-N,gka_candidate,False
9,6,GKA_0087,O=C(Nc1ccc(F)cn1)[C@H](CN1CC(O)C1)Oc1ncnc2c1cnn2-c1c(Cl)cccc1Cl,RWBHYJMVXPDSIT-KRWDZBQOSA-N,gka_candidate,False
9,7,GKA_0103,Cc1csc(Nc2ncc(Sc3ccccn3)cc2Oc2ccccc2)n1,NRHBMBYWSZHJSQ-UHFFFAOYSA-N,gka_candidate,False
9,8,GKA_0119,CS(=O)(=O)c1ccc(/C(=C\C2CCCC2)C(=O)Nc2ccccn2)cc1Cl,OYDGJORZWPQIQE-FOWTUZBSSA-N,gka_candidate,False
9,9,GKA_0135,CS(=O)(=O)c1ccc(C(CC2CCCC2)c2cc3cc(Br)cnc3[nH]2)cc1Cl,LMEULCGFTKAMLF-UHFFFAOYSA-N,gka_candidate,False
9,10,GKA_0151,COC[C@H](C)Oc1cc(/C=C/c2cccc(C)n2)cc(C(=O)Nc2ccn(C)n2)c1,IUNHPCZTJOPKRL-IJDCCNJMSA-N,gka_candidate,False
9,11,GKA_0167,Cc1cc(S(=O)(=O)C2CCCC2)cc(=O)n1[C@@H](CC1CCCCO1)C(=O)Nc1ncc(Cl)s1,UPWMIUMOXNRYCT-PKHIMPSTSA-N,gka_candidate,False
9,12,GKA_0183,COC[C@H](C)Oc1cc(Oc2ccc(C(=O)N3CCC3)cc2)cc(C(=O)Nc2nc3c(s2)CN(c2ncccn2)CC3)c1,ADLPFMQUJGWTHL-FQEVSTJZSA-N,gka_candidate,False
9,13,GKA_0199,Cc1csc(Nc2ncc(Sc3ccccc3)cc2OCc2ccccc2)n1,XVJWONNYLHHEQI-UHFFFAOYSA-N,gka_candidate,False
9,14,GKA_0215,CC(C)c1csc(Nc2ncc(Br)cc2OCc2ccccc2)n1,NZMWQGDXPMBLLS-UHFFFAOYSA-N,gka_candidate,False
9,15,GKA_0231,COC[C@H](C)Oc1cc(Oc2ccc(C(=O)N3CCC3)cc2)cc(C(=O)Nc2nc3c(s2)CN(c2ccccn2)CC3)c1,VLZGQZMNYQBDLX-NRFANRHFSA-N,gka_candidate,False
9,16,GKA_0247,CCn1nccc1Oc1cc(CC2CCOCC2)cnc1NC(=O)NC,NLQRZZOZBUYIOK-UHFFFAOYSA-N,gka_candidate,False
9,17,GKA_0263,CC(C)/C=C(/C(=O)Nc1nccs1)c1ccc(S(C)(=O)=O)cc1,UVUKJGDYSUGMBE-GXDHUFHOSA-N,gka_candidate,False
9,18,GKA_0279,CCc1ncccc1Oc1cc(Sc2ccccn2)cnc1NC(=O)NCc1ccc(O)cc1,YWEGCCSCIIUVEE-UHFFFAOYSA-N,gka_candidate,False
9,19,GKA_0295,CCS(=O)(=O)c1ccc(Oc2cc3nc(-c4ccccn4)[nH]c3cc2C2CCCN2C(C)=O)cc1,YKLHMCDLIZAOMC-UHFFFAOYSA-N,gka_candidate,False
9,20,GKA_0311,O=C(Nc1ncc(Cl)s1)[C@H](CC1CCCCO1)N1CCN(S(=O)(=O)C2CC2)CC1=O,VAGYZRQXTRCDFY-PYMCNQPYSA-N,gka_candidate,False
9,21,GKA_0327,COC(=O)c1ccc(-c2cc3cc(Oc4ccc(S(C)(=O)=O)nc4)c(C4CCC(=O)N4C)cc3[nH]2)nc1,WFBRJBQNYOSYST-UHFFFAOYSA-N,gka_candidate,False
9,22,GKA_0343,COC(=O)Cc1ccc(Oc2cc3cc(-c4ccccn4)[nH]c3cc2C2CCC(=O)N2C)cc1,QKCSVBTZZNFVST-UHFFFAOYSA-N,gka_candidate,False
9,23,GKA_0359,O=C(CO)N1CCC(c2nsc(Nc3ncc(Sc4ccccn4)cc3Oc3ccccc3)n2)CC1,JCSZXBIMTCZGOX-UHFFFAOYSA-N,gka_candidate,False
9,24,GKA_0375,CN1C(=O)CCC1c1cc2[nH]c(-c3nc(CC(=O)O)c(Cl)s3)cc2cc1Oc1ccc(S(C)(=O)=O)cc1,MEGWWHSKCPGNAB-UHFFFAOYSA-N,gka_candidate,False
9,25,GKA_0391,CCS(=O)(=O)c1ccc(Oc2cc3cc(-c4ccc(CCC(=O)O)cn4)[nH]c3cc2C2CCC(=O)N2C)cc1,ARTGXTATTOYSMA-UHFFFAOYSA-N,gka_candidate,False
9,26,GKA_0407,C[C@@H](CO)Oc1cc(Oc2ccc(S(C)(=O)=O)cc2)cc(C(=O)Nc2nccs2)c1,WXZJALPRVRLDDJ-ZDUSSCGKSA-N,gka_candidate,False
9,27,GKA_0423,CN1C(=O)CCC1c1cc2[nH]c(-c3ccc(CCC(=O)O)cn3)cc2cc1Oc1ccc(S(C)(=O)=O)cc1,XYJYFORPIPUOLC-UHFFFAOYSA-N,gka_candidate,False
9,28,GKA_0439,COC[C@H](C)Oc1cc(Oc2cc(F)cc(F)c2)cc(C(=O)Nc2ccc(C(=O)O)cn2)c1,ONHAZCJPHPIFHW-ZDUSSCGKSA-N,gka_candidate,False
9,29,GKA_0455,CCOP(=O)(Cn1ccc(NC(=O)c2cc(Oc3ccc(S(C)(=O)=O)cc3)cc(O[C@@H](CC)CO)c2)n1)OCC,KTLWJJNFELXUNX-FQEVSTJZSA-N,gka_candidate,False
9,30,GKA_0471,C#CCNCc1csc(NC(=O)c2cc(Oc3ccc(S(C)(=O)=O)cc3)cc(-c3ncccc3C)c2)n1,AMDDBPFZRBYGQL-UHFFFAOYSA-N,gka_candidate,False
9,31,GKA_0487,CN1C(=O)CCC1c1cc2[nH]c(-c3ccc(C(=O)NCCC(=O)O)cn3)cc2cc1Oc1ccc(S(C)(=O)=O)nc1,QOZCKIUIQZJKPF-UHFFFAOYSA-N,gka_candidate,False
9,32,GKA_0503,CC(C)Oc1cc(OCCc2ccccc2)cc(C(=O)Nc2ccc(C(=O)O)cn2)c1,AMAZCNMAZOTCER-UHFFFAOYSA-N,gka_candidate,False
9,33,GKA_0519,CC(C)c1csc(NC(=O)C(CC2CCOCC2)c2ccc(S(=O)(=O)C3CC3)cc2)n1,BPQYAGOLJHAJOW-UHFFFAOYSA-N,gka_candidate,False
9,34,GKA_0535,CC(C)Oc1cc(Oc2ccc(S(C)(=O)=O)cc2)cc(C(=O)Nc2nc3c(s2)CN(C(=O)OC(C)(C)C)CC3)c1,YFXWYJJSRUABMD-UHFFFAOYSA-N,gka_candidate,False
9,35,GKA_0551,O=C(Nc1nccs1)[C@H](CC1CCCCC1)N1CCN(S(=O)(=O)c2cc(F)cc(F)c2)CC1=O,YZZLWFPWUQABMG-IBGZPJMESA-N,gka_candidate,False
9,36,GKA_0567,CCN(CC)C(=O)Cn1cc(-c2cnc(NC(=O)C(CC3CCOCC3)c3ccc(S(=O)(=O)C4CC4)cc3)s2)nn1,CFKLCIKCCQVLAI-UHFFFAOYSA-N,gka_candidate,False
9,37,GKA_0583,Cc1ccc(NC(=O)[C@H](CC2CCCC2)n2ccc(S(=O)(=O)C(C)C)cc2=O)nc1,XUWRROPUMUCUIS-IBGZPJMESA-N,gka_candidate,False
9,38,GKA_0599,CCc1cnc(NC(=O)c2cc(Oc3cnc(C(=O)N(C)C)cn3)c3cc(C)oc3c2)cn1,DLXNOYHYKYLEBW-UHFFFAOYSA-N,gka_candidate,False
9,39,GKA_0615,Cc1csc(NC(=O)c2cc(Oc3cccc(F)c3)ccc2N)n1,ZNNSKSYJFYYUHG-UHFFFAOYSA-N,gka_candidate,False
9,40,GKA_0631,Cc1csc(Nc2ncnc3ccc(Oc4ccc(F)cc4)cc23)n1,GXRVZYKFJKLQIF-UHFFFAOYSA-N,gka_candidate,False
9,41,GKA_0647,Cc1cc(Oc2cnc(NC(=O)C(O[C@@H]3CCOC3)c3ccc(S(=O)(=O)C4CC4)cc3)s2)ccc1C(=O)O,VKFAKECKYCKINR-FKSKYRLFSA-N,gka_candidate,False
9,42,GKA_0663,Cc1cnc(NC(=O)c2cc(Oc3ccc(S(=O)(=O)N(C)C)cc3)c3cn(C)nc3c2)cn1,SGUBSBUVTZJSEK-UHFFFAOYSA-N,gka_candidate,False
9,43,GKA_0679,Cc1cc(S(=O)(=O)C2CCCC2)cc(=O)n1[C@@H](CC1CCCCO1)C(=O)Nc1ncc(F)s1,PANUZABGCYBSRN-PKHIMPSTSA-N,gka_candidate,False
9,44,GKA_0695,CCS(=O)(=O)c1ccc(Oc2cc3nc(-c4ccccn4)[nH]c3cc2CNC(C)=O)cc1,UNMQYYDCURQBFP-UHFFFAOYSA-N,gka_candidate,False
9,45,GKA_0711,Cc1cc(S(=O)(=O)C2CC2)cc(=O)n1[C@@H](CC1CCCC1)C(=O)Nc1ncc(F)s1,DJZFCGOPZXVUQY-INIZCTEOSA-N,gka_candidate,False
9,46,GKA_0727,Cc1csc(Nc2ncc(Br)cc2OCc2ccccc2)n1,BVQJWGILQNRURY-UHFFFAOYSA-N,gka_candidate,False
9,47,GKA_0743,CCn1cc2c(Oc3ccc(S(C)(=O)=O)cc3)cc(C(=O)Nc3cnc(C)cn3)cc2n1,VSJORLZCLQYWOQ-UHFFFAOYSA-N,gka_candidate,False
9,48,GKA_0759,CNC(=O)Nc1cc(Oc2c(F)cccc2F)ccn1,QUSPGQBMMOFJNY-UHFFFAOYSA-N,gka_candidate,False
9,49,GKA_0775,CC(=O)N1CCCC1c1cc2[nH]c(-c3ccccn3)nc2cc1Oc1cccc(F)c1,JNWABOCNQRJLAV-UHFFFAOYSA-N,gka_candidate,False
9,50,B3D_0011,CO[C@H]1/C=C/O[C@@]2(C)Oc3c(C)c(O)c4c(O)c(c(/C=N/N5CCN(C)CC5)c(O)c4c3C2=O)NC(=O)C/C(C)=C\C=C\[C@@H](C)C(O)[C@@H](C)[C@H](O)[C@H](C)[C@H](OC(C)=O)[C@@H]1C,GLOJQGHACZHVEO-ZOCMDWSUSA-N,bbb_control_b3db,False
9,51,B3D_0030,COc1cc(C2c3cc4c(cc3C(OC3OC5COC(C)OC5C(O)C3O)C3COC(=O)C23)OCO4)cc(OC)c1O,VJJPUSNTGOMMGY-UHFFFAOYSA-N,bbb_control_b3db,False
9,52,B3D_0046,CC(=O)Nc1cccc(-c2csc(N=C(N)N)n2)c1,BVPYPYSWYGKYAG-UHFFFAOYSA-N,bbb_control_b3db,False
9,53,B3D_0062,CC(C)c1c(C(=O)Nc2ccccc2)c(-c2ccccc2)c(-c2ccc(F)cc2)n1CC[C@@H](O)C[C@@H](O)CC(=O)O,XUKUURHRXDUEBC-KAYWLYCHSA-N,bbb_control_b3db,False
9,54,B3D_0078,CN/C(=N\C[N+](=O)[O-])NCCSCc1coc(CN(C)C)c1,SPSZZJPXYUXGMJ-UHFFFAOYSA-N,bbb_control_b3db,False
9,55,B3D_0094,Cc1ccc(Cc2cnc(NCCSCc3ccc(CN(C)C)o3)[nH]c2=O)cn1,IKEHSFKMCULMKJ-UHFFFAOYSA-N,bbb_control_b3db,False
9,56,B3D_0110,CC1=C(C(=O)OC(C)(C)C)C(c2cccc([N+](=O)[O-])c2)C(C(=O)OC(C)(C)C)=C(C)N1,WLWXEUYUQXEKTI-UHFFFAOYSA-N,bbb_control_b3db,False
9,57,B3D_0126,NC(=O)N1c2ccccc2C2CC2c2ccccc21,XXUUSHCGVZBAOU-UHFFFAOYSA-N,bbb_control_b3db,False
9,58,B3D_0142,CN(C)Cc1ccnc(-c2cccc(Nc3[nH]ccc3[N+](=O)[O-])c2)c1,PYCFDUKKBNGLNC-UHFFFAOYSA-N,bbb_control_b3db,False
9,59,B3D_0158,Nc1nc(NC2CC2)c2ncn([C@H]3C=C[C@H](CO)C3)c2n1,MCGSCOLBFJQGHM-WPRPVWTQSA-N,bbb_control_b3db,False
9,60,B3D_0174,CC(=O)/C=C/c1cccs1,CIMALVIHZVKKPE-SNAWJCMRSA-N,bbb_control_b3db,False
9,61,B3D_0190,OCc1ncc2n1-c1ccc(Cl)cc1C(c1ccccc1F)=NC2,QHSMEGADRFZVNE-UHFFFAOYSA-N,bbb_control_b3db,False
9,62,B3D_0206,Cc1cccc(C)c1Nc1ncc(-c2cccc(OCCN3CCCC3)c2)n2cncc12,OMBAXNRFGPUFNZ-UHFFFAOYSA-N,bbb_control_b3db,False
9,63,B3D_0222,Cc1nnc2n1-c1ccc(Cl)cc1C(c1ccccc1)=NC2,VREFGVBLTWBCJP-UHFFFAOYSA-N,bbb_control_b3db,False
9,64,B3D_0238,CNC(=O)c1c(NCC2CCC3(CCC3)CC2)nc(C#N)nc1OCC1CCN(C(C)C)CC1,QAGVIYYHBWIDBH-UHFFFAOYSA-N,bbb_control_b3db,False
9,65,B3D_0254,Clc1cccc(Cl)c1NC1N=CCN1,RWPSRMKULJIPPG-UHFFFAOYSA-N,bbb_control_b3db,False
9,66,B3D_0270,CN1C2CC(OC(=O)C(CO)c3ccccc3)CC1C1OC12,STECJAGHUSJQJN-UHFFFAOYSA-N,bbb_control_b3db,False
9,67,B3D_0286,CCCN1C[C@H](CSC)C[C@@H]2c3cccc4[nH]cc(c34)C[C@H]21,YEHCICAEULNIGD-MZMPZRCHSA-N,bbb_control_b3db,False
9,68,B3D_0302,CCOC(=O)Nc1cc2c(c(N)n1)N=C(CN(C)c1ccc(OC)cc1)CN2,JXRPMBFHIKMFHG-UHFFFAOYSA-N,bbb_control_b3db,False
9,69,B3D_0318,C[C@@H]1CN(c2c(F)c(N)c3c(=O)c(C(=O)O)cn(C4CC4)c3c2F)C[C@H](C)N1,DZZWHBIBMUVIIW-DTORHVGOSA-N,bbb_control_b3db,False
9,70,B3D_0334,c1ccc2c(c1)[nH]c1cnccc12,AIFRHYZBTHREPW-UHFFFAOYSA-N,bbb_control_b3db,False
9,71,B3D_0350,OC(CNCC(O)C1CCc2cc(F)ccc2O1)C1CCc2cc(F)ccc2O1,KOHIRBRYDXPAMZ-UHFFFAOYSA-N,bbb_control_b3db,False
9,72,B3D_0366,OC(c1cc(C(F)(F)F)nc2c(C(F)(F)F)cccc12)C1CCCCN1,XEEQGYMUWCZPDN-UHFFFAOYSA-N,bbb_control_b3db,False
9,73,B3D_0382,COc1cc(-n2cnc3cc(-c4ccc(Cl)cc4)sc3c2=O)ccc1OCCN1CCCC1,MWULMTACIBZPGN-UHFFFAOYSA-N,bbb_control_b3db,False
9,74,B3D_0398,CC(C)(C)c1cc(CN2CCN(CC(O)c3ccc(Cl)cc3)CC2)cc(C(C)(C)C)c1O,ZGSFWANJADAZQC-UHFFFAOYSA-N,bbb_control_b3db,False
9,75,B3D_0414,CN(C)CCC=C1c2ccccc2COc2ccccc21,ODQWQRRAPPTVAG-UHFFFAOYSA-N,bbb_control_b3db,False
9,76,B3D_0430,O=C(CCC1CCN(Cc2ccccc2)CC1)c1ccc2c(c1)NCCCC2,PMBLXLOXUGVTGB-UHFFFAOYSA-N,bbb_control_b3db,False
9,77,FRI_0007,COc1ccc2c3c1O[C@H]1C(=O)CC[C@@]4(O)[C@@H](C2)N(C)CC[C@]314,BRUQQQPBMZOVGD-XFKAJCMBSA-N,bbb_control_friden,False
9,78,FRI_0029,CC(C)(C)NCC(O)COc1cccc2c1CC(O)C(O)C2,VWPOSFSPZNDTMJ-UHFFFAOYSA-N,bbb_control_friden,False
9,79,B3D_0001,COC1(NC(=O)C(C(=O)O)c2ccc(O)cc2)C(=O)N2C(C(=O)O)=C(CSc3nnnn3C)COC21,JWCSIUVGFCSJCK-UHFFFAOYSA-N,bbb_control_b3db,True
9,80,B3D_0002,CN1CC[C@]23c4c5ccc(OC6O[C@H](C(=O)O)[C@@H](O)[C@H](O)[C@H]6O)c4O[C@H]2[C@@H](O)C=C[C@H]3[C@H]1C5,WAEXKFONHRHFBZ-QMGRMYLDSA-N,bbb_control_b3db,True
9,81,B3D_0025,O=C(O)c1cc(N=Nc2ccc(S(=O)(=O)Nc3ccccn3)cc2)ccc1O,NCEXYHBECQHGNR-UHFFFAOYSA-N,bbb_control_b3db,True
9,82,B3D_0026,Oc1c(I)cc(Cl)c2cccnc12,QCDFBFJGMNKBDO-UHFFFAOYSA-N,bbb_control_b3db,True
9,83,B3D_0441,CN(C)CCCN1c2ccccc2Sc2ccc(C(F)(F)F)cc21,XSCGXQMFQXDFCW-UHFFFAOYSA-N,bbb_control_b3db,True
9,84,B3D_0443,OCCN1CCN(CCCN2c3ccccc3Sc3ccc(C(F)(F)F)cc32)CC1,PLDUPXSUYLZYBN-UHFFFAOYSA-N,bbb_control_b3db,True
9,85,B3D_0444,CNC1CCC(c2ccc(Cl)c(Cl)c2)c2ccccc21,VGKDLMBJGBXTGI-UHFFFAOYSA-N,bbb_control_b3db,True
9,86,B3D_0445,FC(F)(F)c1ccc(N2CCNCC2)nc1Cl,QZYYPQAYSFBKPW-UHFFFAOYSA-N,bbb_control_b3db,True
9,87,FRI_0001,CC(NC(C)(C)C)C(=O)c1cccc(Cl)c1,SNPPWIUOZRMYNY-UHFFFAOYSA-N,bbb_control_friden,True
9,88,FRI_0005,CN1C(=O)CN=C(c2ccccc2)c2cc(Cl)ccc21,AAOVKJBEBIDNHE-UHFFFAOYSA-N,bbb_control_friden,True
9,89,FRI_0008,COc1ccc2c3c1O[C@H]1[C@@H](O)C=C[C@H]4[C@@H](C2)N(C)CC[C@@]341,OROGSEYTTFOCAN-DNJOTXNNSA-N,bbb_control_friden,True
9,90,FRI_0012,CN(C)CCC=C1c2ccccc2CCc2ccccc21,KRMDCWKBEZIMAB-UHFFFAOYSA-N,bbb_control_friden,True
9,91,FRI_0016,CSc1ccc2c(c1)N(CCC1CCCCN1C)c1ccccc1S2,KLBQZWRITKRQQV-UHFFFAOYSA-N,bbb_control_friden,True
9,92,FRI_0019,C=CCOc1ccccc1OCC(O)CNC(C)C,CEMAWMOMDPGJMB-UHFFFAOYSA-N,bbb_control_friden,True
9,93,FRI_0023,C[C@H]1COc2c(N3CCN(C)CC3)c(F)cc3c(=O)c(C(=O)O)cn1c23,GSDSWSVVBLHKDQ-JTQLQIEISA-N,bbb_control_friden,True
9,94,FRI_0026,CC(C)(C)NC(=O)[C@@H]1C[C@@H]2CCCC[C@@H]2CN1C[C@@H](O)[C@H](Cc1ccccc1)NC(=O)[C@H](CC(N)=O)NC(=O)c1ccc2ccccc2n1,QWAXKHKRTORLEM-UGJKXSETSA-N,bbb_control_friden,True
9,95,FRI_0030,CO[C@H]1/C=C/O[C@@]2(C)Oc3c(C)c(O)c4c(O)c(c(/C=N/N5CCN(C)CC5)c(O)c4c3C2=O)NC(=O)/C(C)=C\C=C\[C@H](C)[C@H](O)[C@@H](C)[C@@H](O)[C@@H](C)[C@H](OC(C)=O)[C@@H]1C,JQXXHWHPUNPDRT-WLSIYKJHSA-N,bbb_control_friden,True
9,96,FRI_0035,CO[C@@]1(NC(=O)C(C(=O)O)c2ccc(O)cc2)C(=O)N2C(C(=O)O)=C(CSc3nnnn3C)CO[C@@H]21,JWCSIUVGFCSJCK-CAVRMKNVSA-N,bbb_control_friden,True
9,97,FRI_0036,CN1CC[C@]23c4c5ccc(O[C@@H]6O[C@H](C(=O)O)[C@@H](O)[C@H](O)[C@H]6O)c4O[C@H]2[C@@H](O)C=C[C@H]3[C@H]1C5,WAEXKFONHRHFBZ-ZXDZBKESSA-N,bbb_control_friden,True
9,98,FRI_0041,CN(Cc1cnc2nc(N)nc(N)c2n1)c1ccc(C(=O)N[C@@H](CCC(=O)O)C(=O)O)cc1,FBOZXECLQNJBKD-ZDUSSCGKSA-N,bbb_control_friden,True
10,1,GKA_0008,COc1ccc(Sc2ccc(Sc3ccccn3)nc2C(=O)Nc2nc(CC(=O)O)c(Cl)s2)cc1,LBGJOPLJDBUTRE-UHFFFAOYSA-N,gka_candidate,False
10,2,GKA_0024,O=C(Nc1nc2c(s1)CCCC2)C(CC1CCOCC1)c1ccc(S(=O)(=O)C2CC2)cc1,ZNVQMTZHVCRFNC-UHFFFAOYSA-N,gka_candidate,False
10,3,GKA_0040,COC[C@H](C)Oc1cc(Oc2ccc(C(=O)N3CCC3)cc2)cc(C(=O)Nc2nc3c(s2)CN(C(=O)OC(C)(C)C)CC3)c1,BFVLCIHOPGYKNE-FQEVSTJZSA-N,gka_candidate,False
10,4,GKA_0056,COC(=O)CCc1cnc(-c2cc3cc(Oc4ccc(S(C)(=O)=O)cc4)c(C4CCC(=O)N4C)cc3[nH]2)s1,UXTGZYGDERAYFO-UHFFFAOYSA-N,gka_candidate,False
10,5,GKA_0072,Cn1ccc(NC(=O)c2cc(Oc3ccc(C(=O)N4CCC4)c(F)c3)c3c(c2)OC(C)(C)C3)n1,MDMLUBFZTGYEGP-UHFFFAOYSA-N,gka_candidate,False
10,6,GKA_0088,COc1ccc2nc(NC(=O)C(CC3CCCC3)c3ccc(S(=O)(=O)N4CCNCC4)cc3)sc2n1,IJUYJLCLPMJKHJ-UHFFFAOYSA-N,gka_candidate,False
10,7,GKA_0104,COC[C@H](C)Oc1cc(CCc2c(F)cccc2F)cc(C(=O)Nc2ccc(C(=O)O)cn2)c1,GQAYYDKEDCYYMN-HNNXBMFYSA-N,gka_candidate,False
10,8,GKA_0120,Cc1cnc(NC(=O)[C@H](CN2CC(O)C2)Oc2ncnc3c2cnn3-c2c(Cl)cccc2Cl)cn1,CWLOTRFEEPFEKP-KRWDZBQOSA-N,gka_candidate,False
10,9,GKA_0136,c1ccc(Oc2cc(Sc3ccccn3)cnc2Nc2nc(C3CCCO3)ns2)cc1,QVKFVTKHQVFQKX-UHFFFAOYSA-N,gka_candidate,False
10,10,GKA_0152,COC[C@H](C)Oc1cc(CCc2c(F)cccc2F)cc(C(=O)Nc2ccn(C)n2)c1,KMSVOHJWASFHPW-HNNXBMFYSA-N,gka_candidate,False
10,11,GKA_0168,O=C(Nc1nccs1)[C@H](CC1CCCCC1)N1CCN(S(=O)(=O)c2ccco2)CC1=O,OQAZAMYMPJOLLO-INIZCTEOSA-N,gka_candidate,False
10,12,GKA_0184,CNC(=O)Nc1cc(Oc2cncc(OC)c2)c([C@H]2COCC[C@@H]2F)cn1,UEILGMSMKNVYMP-CABCVRRESA-N,gka_candidate,False
10,13,GKA_0200,COCC(C)Oc1cc(Oc2ccc(S(C)(=O)=O)cc2)cc(C(=O)Nc2nc3c(s2)CN(c2ccncc2)CC3)c1,DGZGOICGFKDGPA-UHFFFAOYSA-N,gka_candidate,False
10,14,GKA_0216,O=C(O)c1ccc(Oc2cnc(NC(=O)C(Oc3ccc(F)cc3F)c3ccc(S(=O)(=O)N4CCCC4)cc3)s2)cc1,FEBTXTWYHAOXQW-UHFFFAOYSA-N,gka_candidate,False
10,15,GKA_0232,COC[C@H](C)Oc1cc(C#CCNc2ncccn2)cc(C(=O)Nc2ccn(C)n2)c1,YFHUDPHDVNLSSZ-INIZCTEOSA-N,gka_candidate,False
10,16,GKA_0248,CNC(=O)Nc1cc(Oc2c(F)cccc2F)c(-c2ccccc2)cn1,IMTSRCKDFSDLCM-UHFFFAOYSA-N,gka_candidate,False
10,17,GKA_0264,O=C(O)c1ccc(Cc2cnc(NC(=O)C(Oc3ccc(F)cc3F)c3ccc(S(=O)(=O)C4CC4)cc3)s2)cc1,AJAHKYGEWAFNQW-UHFFFAOYSA-N,gka_candidate,False
10,18,GKA_0280,Cc1csc(NC(=O)c2cc(Sc3ccccn3)ccc2N)n1,XGWOVHWNRPREDT-UHFFFAOYSA-N,gka_candidate,False
10,19,GKA_0296,CC(C)Oc1cc(OCC2CCCC2)cc(C(=O)Nc2ccc(C(=O)O)cn2)c1,USRNBFWZDFSKIX-UHFFFAOYSA-N,gka_candidate,False
10,20,GKA_0312,CN1CCN(C(=O)Cn2cc(-c3cnc(NC(=O)C(CC4CCOCC4)c4ccc(S(=O)(=O)C5CC5)cc4)s3)nn2)CC1,CFTZGWZDRYJKAS-UHFFFAOYSA-N,gka_candidate,False
10,21,GKA_0328,CCOC(=O)c1ccc(Oc2cc3cc(-c4ccc(C(F)(F)F)cn4)[nH]c3cc2C2CCC(=O)N2C)cc1,KREWZPNDWZMRLX-UHFFFAOYSA-N,gka_candidate,False
10,22,GKA_0344,CN(C)C(=O)N1CCC(c2nsc(Nc3ncc(Sc4ccccn4)cc3Oc3ccccc3)n2)CC1,NUCTUDYYCJZXFC-UHFFFAOYSA-N,gka_candidate,False
10,23,GKA_0360,COC[C@H](C)Oc1cc(O[C@@H](C)Cc2ccccc2)cc(C(=O)Nc2ccc(C(=O)O)cn2)c1,OCBMECSFDVUYQN-ROUUACIJSA-N,gka_candidate,False
10,24,GKA_0376,CCOP(=O)(Cn1ccc(NC(=O)c2cc(Oc3ccc(S(C)(=O)=O)cc3)cc(OC(C)C)c2)n1)OCC,QWZJRXIVGFARPX-UHFFFAOYSA-N,gka_candidate,False
10,25,GKA_0392,CCS(=O)(=O)c1ccc(Oc2cc3cc(-c4ccc(P(C)(=O)O)cn4)[nH]c3cc2C2CCC(=O)N2C)cc1,LYROTOTZJDQGBL-UHFFFAOYSA-N,gka_candidate,False
10,26,GKA_0408,CN1C(=O)CCC1c1cc2[nH]c(-c3ccc(C(F)(F)F)cn3)cc2cc1Oc1ccc(CC(=O)O)cc1,KHAOKYIHKOXNLF-UHFFFAOYSA-N,gka_candidate,False
10,27,GKA_0424,CCOP(=O)(Cn1ccc(NC(=O)c2cc(Oc3ccc(S(C)(=O)=O)cc3)cc(O[C@@H](C)COC)c2)n1)OCC,JHZBGABHBYHHQJ-IBGZPJMESA-N,gka_candidate,False
10,28,GKA_0440,COC[C@H](C)Oc1cc(/C=C/c2c(F)cccc2F)cc(C(=O)Nc2ccc(C(=O)O)cn2)c1,OICTWINHANJRFJ-VFADXPBXSA-N,gka_candidate,False
10,29,GKA_0456,COC[C@H](C)Oc1cc(Oc2ccc(Cl)cc2)cc(C(=O)Nc2ccc(C(=O)O)cn2)c1,QQLRSGYTKYKGIH-AWEZNQCLSA-N,gka_candidate,False
10,30,GKA_0472,CN1C(=O)CCC1c1cc2[nH]c(-c3ccc(CC(C)(C)C(=O)O)cn3)cc2cc1Oc1ccc(S(C)(=O)=O)nc1,YYXISRAYPWBMSF-UHFFFAOYSA-N,gka_candidate,False
10,31,GKA_0488,COc1ccc2nc(NC(=O)C(CC3CCCC3)c3ccc(S(=O)(=O)NCCN(C)C)cc3)sc2n1,SNNHMOIYFKPOKT-UHFFFAOYSA-N,gka_candidate,False
10,32,GKA_0504,CC(C)Oc1cc(O[C@@H](C)c2ccccc2)cc(C(=O)Nc2ccc(C(=O)O)cn2)c1,HGGYPMJLRJNOMY-INIZCTEOSA-N,gka_candidate,False
10,33,GKA_0520,C=C(C)c1csc(NC(=O)C(CC2CCOCC2)c2ccc(S(=O)(=O)C3CC3)cc2)n1,WQXBIOGCALFENS-UHFFFAOYSA-N,gka_candidate,False
10,34,GKA_0536,CCO[P@](C)(=O)Cn1ccc(NC(=O)c2cc(Oc3ccc(S(C)(=O)=O)cc3)cc(O[C@@H](C)COC)c2)n1,RMIUJLWMACFCDS-WWWOGFAISA-N,gka_candidate,False
10,35,GKA_0552,Cc1cnc(-c2cc(Oc3ccc(S(C)(=O)=O)cc3)cc(OC(C)C)c2)[nH]c1=O,XZVWLQOEWVMFTF-UHFFFAOYSA-N,gka_candidate,False
10,36,GKA_0568,COCCN1CCc2nc(NC(=O)c3cc(Oc4ccc(C(=O)N5CCC5)cc4)cc(O[C@@H](C)COC)c3)sc2C1,YVRPPWPVVSQENN-FQEVSTJZSA-N,gka_candidate,False
10,37,GKA_0584,CCC(CC)Oc1cc(Oc2cnc(C(=O)N(C)C)nc2)cc(-c2nccc(=O)[nH]2)c1,RVMHIOILQHBZBP-UHFFFAOYSA-N,gka_candidate,False
10,38,GKA_0600,Cc1csc(NC(=O)c2cc(Oc3ccccc3S(C)(=O)=O)ccc2N)n1,MRQNAGCTLKOZNY-UHFFFAOYSA-N,gka_candidate,False
10,39,GKA_0616,CC(C)=CCOc1cc(Oc2ccc(S(=O)(=O)N3CCOCC3)cc2)cc(C(=O)Nc2ccn(C)n2)c1,HWWUXSYCHUCGPO-UHFFFAOYSA-N,gka_candidate,False
10,40,GKA_0632,Cc1csc(Nc2ncc(SCCn3ccnc3)cc2OCc2ccccc2)n1,RMTMTQSEPUFOTD-UHFFFAOYSA-N,gka_candidate,False
10,41,GKA_0648,Cc1cc2c(Oc3cnc(C(=O)N4CC(C)C4)cn3)cc(C(=O)Nc3cnccn3)cc2o1,JTTWNMVIYAGYCK-UHFFFAOYSA-N,gka_candidate,False
10,42,GKA_0664,CCc1ncccc1Oc1cc(CCCOC)cnc1NC(=O)NC,RBKTXKCXSZTHRB-UHFFFAOYSA-N,gka_candidate,False
10,43,GKA_0680,CS(=O)(=O)c1ccc2c(=O)n([C@@H](CC3CCCCC3)C(=O)Nc3nccs3)cnc2c1,MOLZLBZIBIWKJC-SFHVURJKSA-N,gka_candidate,False
10,44,GKA_0696,Cc1ccc(NC(=O)[C@H](CC2CCCC2)n2ccc(S(C)(=O)=O)cc2=O)nc1,MXWLHPNPPVYETR-KRWDZBQOSA-N,gka_candidate,False
10,45,GKA_0712,CCS(=O)(=O)c1ccc2c(=O)n([C@@H](CC3CCCCC3)C(=O)Nc3ncc(F)s3)cnc2c1,OQCSYLTZRATPKD-SFHVURJKSA-N,gka_candidate,False
10,46,GKA_0728,COC(=O)/C=C/c1cnc2[nH]c(C(CC3CCCC3)c3ccc(S(C)(=O)=O)c(Cl)c3)cc2c1,ZGBUVZARNUTINR-JXMROGBWSA-N,gka_candidate,False
10,47,GKA_0744,COC[C@H](C)Oc1cc(/C=C/c2cc(F)cc(F)c2F)cc(C(=O)Nc2ccc(C(=O)O)cn2)c1,NYWRKNHIUKEIJU-XGACYXMMSA-N,gka_candidate,False
10,48,GKA_0760,COC[C@H](C)Oc1cc(/C=C/c2ccc([N+](=O)[O-])cc2)cc(C(=O)Nc2ccn(C)n2)c1,FLTYOOHTOGXMOU-APHBUQMISA-N,gka_candidate,False
10,49,GKA_0776,CC(C)Oc1cc(O[C@H](C)c2ccccc2)cc(C(=O)Nc2ccc(C(=O)O)cn2)c1,HGGYPMJLRJNOMY-MRXNPFEDSA-N,gka_candidate,False
10,50,B3D_0013,CN=C(NC#N)NCCSCC1=NC=NC1C,IUQXOIVDUJHVIF-UHFFFAOYSA-N,bbb_control_b3db,False
10,51,B3D_0031,COc1cccnc1CCCCNc1ncc(Cc2ccc(C)nc2)c(=O)[nH]1,GJCSPRIRQYWXRW-UHFFFAOYSA-N,bbb_control_b3db,False
10,52,B3D_0047,CC(C)CC(=O)c1ccc(OCCCCO)cc1O,SWPPRGFQGVZSIN-UHFFFAOYSA-N,bbb_control_b3db,False
10,53,B3D_0063,CN1[C@H]2CC[C@H]1[C@@H](CC(=O)O)[C@@H](OC(=O)c1ccccc1)C2,CFEAIVJTMABOIJ-XGUBFFRZSA-N,bbb_control_b3db,False
10,54,B3D_0079,CNC(=C[N+](=O)[O-])NCCSCc1ccc(CN(C)C)o1,VMXUWOKSQNHOCA-UHFFFAOYSA-N,bbb_control_b3db,False
10,55,B3D_0095,CCCCC1C(=O)N(c2ccccc2)N(c2ccccc2)C1=O,VYMDGNCVAMGZFE-UHFFFAOYSA-N,bbb_control_b3db,False
10,56,B3D_0111,CC[C@@]1(O)C(=O)OCc2c1cc1n(c2=O)Cc2cc3c(CN(C)C)c(O)ccc3nc2-1,UCFGDBYHRUNTLO-QHCPKHFHSA-N,bbb_control_b3db,False
10,57,B3D_0127,Cc1nc2n(c(=O)c1CCN1CCC(c3coc4cc(F)ccc34)CC1)CCCC2,CCCBULVFQMYIJZ-UHFFFAOYSA-N,bbb_control_b3db,False
10,58,B3D_0143,CN(C)Cc1ccc(-c2cccc(Nc3[nH]ccc3[N+](=O)[O-])c2)o1,FCVQVRVNPCWHDM-UHFFFAOYSA-N,bbb_control_b3db,False
10,59,B3D_0159,OC(Cn1cncn1)(Cn1cncn1)c1ccc(F)cc1F,RFHAOTPXVQNOHP-UHFFFAOYSA-N,bbb_control_b3db,False
10,60,B3D_0175,CC(C)Nc1cccnc1N1CCNCC1,COALJHRGWIXLFP-UHFFFAOYSA-N,bbb_control_b3db,False
10,61,B3D_0191,CC(C)(C)OC(=O)c1ncn2c1C1CCCN1C(=O)c1c(Br)cccc1-2,LWUDDYHYYNNIQI-UHFFFAOYSA-N,bbb_control_b3db,False
10,62,B3D_0207,O=C1CCC(N2C(=O)c3ccccc3C2=O)C(=O)N1,UEJJHQNACJXSKW-UHFFFAOYSA-N,bbb_control_b3db,False
10,63,B3D_0223,C=CCC(N)c1ccccc1-c1noc2ccccc12,AYDSLXXUAYWCBG-UHFFFAOYSA-N,bbb_control_b3db,False
10,64,B3D_0239,CNC(=O)Oc1ccc2c(c1)C1(C)CCN(C)C1N2C,PIJVFDBKTWXHHD-UHFFFAOYSA-N,bbb_control_b3db,False
10,65,B3D_0255,NCCn1ncc2cc(Cl)c(Cl)cc21,QLRYUDMLENPYFS-UHFFFAOYSA-N,bbb_control_b3db,False
10,66,B3D_0271,CN1C2CC(OC(=O)[C@@H](CO)c3ccccc3)CC1C1OC12,STECJAGHUSJQJN-PLZWVXDASA-N,bbb_control_b3db,False
10,67,B3D_0287,CC[C@H](NC(=O)c1c(C)c(-c2ccccc2)nc2ccccc12)c1ccccc1,MQNYRKWJSMQECI-QFIPXVFZSA-N,bbb_control_b3db,False
10,68,B3D_0303,COc1ccc(-c2nccs2)cc1CNC1CCCNC1c1ccccc1,IEOZIHFWECPTLH-UHFFFAOYSA-N,bbb_control_b3db,False
10,69,B3D_0319,Clc1cc(Br)cc(Cl)c1NC1=NCCN1,YPERJPMYZVVLIP-UHFFFAOYSA-N,bbb_control_b3db,False
10,70,B3D_0335,CCc1nc(N)nc(N)c1-c1ccc(Cl)cc1,WKSAUQYGYAYLPV-UHFFFAOYSA-N,bbb_control_b3db,False
10,71,B3D_0351,Brc1cc(Br)c(NC2=NCCN2)c(Br)c1,VLIOPSQKHBKZCF-UHFFFAOYSA-N,bbb_control_b3db,False
10,72,B3D_0367,CCC(C)Nc1ccc(I)c(NC(C)CC)c1,HFCGPUOPDRSSQT-UHFFFAOYSA-N,bbb_control_b3db,False
10,73,B3D_0383,CSc1ccc2c(c1)N(CCC1CCCCN1)c1ccccc1S2,UFDCSHQNNVQXAS-UHFFFAOYSA-N,bbb_control_b3db,False
10,74,B3D_0399,CC/C(=C(/c1ccccc1)c1ccc(OCCN(C)C)cc1)c1ccccc1,NKANXQFJJICGDU-OCEACIFDSA-N,bbb_control_b3db,False
10,75,B3D_0415,CN1CCC2(C)c3cc(OC(=O)Nc4ccccc4)ccc3N(C)C12,PBHFNBQPZCRWQP-UHFFFAOYSA-N,bbb_control_b3db,False
10,76,B3D_0431,CCc1cccc(N=C(C)Nc2cccc(CC)c2)c1,KFFBDUUIJZXEMY-UHFFFAOYSA-N,bbb_control_b3db,False
10,77,FRI_0009,Nc1nnc(-c2cccc(Cl)c2Cl)c(N)n1,PYZRQGJRPPTADH-UHFFFAOYSA-N,bbb_control_friden,False
10,78,FRI_0031,CCn1cc(C(=O)O)c(=O)c2cc(F)c(N3CCNCC3)cc21,OGJPXUAPXNRGGI-UHFFFAOYSA-N,bbb_control_friden,False
10,79,B3D_0001,COC1(NC(=O)C(C(=O)O)c2ccc(O)cc2)C(=O)N2C(C(=O)O)=C(CSc3nnnn3C)COC21,JWCSIUVGFCSJCK-UHFFFAOYSA-N,bbb_control_b3db,True
10,80,B3D_0002,CN1CC[C@]23c4c5ccc(OC6O[C@H](C(=O)O)[C@@H](O)[C@H](O)[C@H]6O)c4O[C@H]2[C@@H](O)C=C[C@H]3[C@H]1C5,WAEXKFONHRHFBZ-QMGRMYLDSA-N,bbb_control_b3db,True
10,81,B3D_0025,O=C(O)c1cc(N=Nc2ccc(S(=O)(=O)Nc3ccccn3)cc2)ccc1O,NCEXYHBECQHGNR-UHFFFAOYSA-N,bbb_control_b3db,True
10,82,B3D_0026,Oc1c(I)cc(Cl)c2cccnc12,QCDFBFJGMNKBDO-UHFFFAOYSA-N,bbb_control_b3db,True
10,83,B3D_0441,CN(C)CCCN1c2ccccc2Sc2ccc(C(F)(F)F)cc21,XSCGXQMFQXDFCW-UHFFFAOYSA-N,bbb_control_b3db,True
10,84,B3D_0443,OCCN1CCN(CCCN2c3ccccc3Sc3ccc(C(F)(F)F)cc32)CC1,PLDUPXSUYLZYBN-UHFFFAOYSA-N,bbb_control_b3db,True
10,85,B3D_0444,CNC1CCC(c2ccc(Cl)c(Cl)c2)c2ccccc21,VGKDLMBJGBXTGI-UHFFFAOYSA-N,bbb_control_b3db,True
10,86,B3D_0445,FC(F)(F)c1ccc(N2CCNCC2)nc1Cl,QZYYPQAYSFBKPW-UHFFFAOYSA-N,bbb_control_b3db,True
10,87,FRI_0001,CC(NC(C)(C)C)C(=O)c1cccc(Cl)c1,SNPPWIUOZRMYNY-UHFFFAOYSA-N,bbb_control_friden,True
10,88,FRI_0005,CN1C(=O)CN=C(c2ccccc2)c2cc(Cl)ccc21,AAOVKJBEBIDNHE-UHFFFAOYSA-N,bbb_control_friden,True
10,89,FRI_0008,COc1ccc2c3c1O[C@H]1[C@@H](O)C=C[C@H]4[C@@H](C2)N(C)CC[C@@]341,OROGSEYTTFOCAN-DNJOTXNNSA-N,bbb_control_friden,True
10,90,FRI_0012,CN(C)CCC=C1c2ccccc2CCc2ccccc21,KRMDCWKBEZIMAB-UHFFFAOYSA-N,bbb_control_friden,True
10,91,FRI_0016,CSc1ccc2c(c1)N(CCC1CCCCN1C)c1ccccc1S2,KLBQZWRITKRQQV-UHFFFAOYSA-N,bbb_control_friden,True
10,92,FRI_0019,C=CCOc1ccccc1OCC(O)CNC(C)C,CEMAWMOMDPGJMB-UHFFFAOYSA-N,bbb_control_friden,True
10,93,FRI_0023,C[C@H]1COc2c(N3CCN(C)CC3)c(F)cc3c(=O)c(C(=O)O)cn1c23,GSDSWSVVBLHKDQ-JTQLQIEISA-N,bbb_control_friden,True
10,94,FRI_0026,CC(C)(C)NC(=O)[C@@H]1C[C@@H]2CCCC[C@@H]2CN1C[C@@H](O)[C@H](Cc1ccccc1)NC(=O)[C@H](CC(N)=O)NC(=O)c1ccc2ccccc2n1,QWAXKHKRTORLEM-UGJKXSETSA-N,bbb_control_friden,True
10,95,FRI_0030,CO[C@H]1/C=C/O[C@@]2(C)Oc3c(C)c(O)c4c(O)c(c(/C=N/N5CCN(C)CC5)c(O)c4c3C2=O)NC(=O)/C(C)=C\C=C\[C@H](C)[C@H](O)[C@@H](C)[C@@H](O)[C@@H](C)[C@H](OC(C)=O)[C@@H]1C,JQXXHWHPUNPDRT-WLSIYKJHSA-N,bbb_control_friden,True
10,96,FRI_0035,CO[C@@]1(NC(=O)C(C(=O)O)c2ccc(O)cc2)C(=O)N2C(C(=O)O)=C(CSc3nnnn3C)CO[C@@H]21,JWCSIUVGFCSJCK-CAVRMKNVSA-N,bbb_control_friden,True
10,97,FRI_0036,CN1CC[C@]23c4c5ccc(O[C@@H]6O[C@H](C(=O)O)[C@@H](O)[C@H](O)[C@H]6O)c4O[C@H]2[C@@H](O)C=C[C@H]3[C@H]1C5,WAEXKFONHRHFBZ-ZXDZBKESSA-N,bbb_control_friden,True
10,98,FRI_0041,CN(Cc1cnc2nc(N)nc(N)c2n1)c1ccc(C(=O)N[C@@H](CCC(=O)O)C(=O)O)cc1,FBOZXECLQNJBKD-ZDUSSCGKSA-N,bbb_control_friden,True
11,1,GKA_0009,CN1C(=O)CCC1c1cc2[nH]c(-c3cnccn3)cc2cc1Oc1ccc(S(C)(=O)=O)nc1,SWHHKLQQVAMTGD-UHFFFAOYSA-N,gka_candidate,False
11,2,GKA_0025,CCOP(=O)(Cn1ccc(NC(=O)c2cc(Oc3cnc(C(=O)N4CCC4)nc3)cc(OC(C)C)c2)n1)OCC,AEDJLTFKZRNAKJ-UHFFFAOYSA-N,gka_candidate,False
11,3,GKA_0041,COCC(C)Oc1cc(Oc2ccc(C(=O)N(C)C)cc2)cc(C(=O)Nc2nc3c(s2)CN(C(=O)OC(C)(C)C)CC3)c1,HZMRHFDZUYUFOP-UHFFFAOYSA-N,gka_candidate,False
11,4,GKA_0057,CCS(=O)(=O)c1ccc(Oc2cc(O[C@@H](C)CO)cc(C(=O)Nc3ccn(C)n3)c2)cn1,KJSGTWFWVTYPFZ-AWEZNQCLSA-N,gka_candidate,False
11,5,GKA_0073,COC[C@H](C)Oc1cc(O[C@@H](C)Cc2ccc(Cl)o2)cc(C(=O)Nc2ccc(C(=O)O)cn2)c1,FACGWLUZFFYALO-GJZGRUSLSA-N,gka_candidate,False
11,6,GKA_0089,COCC[C@H](Oc1ncnc2c1cnn2-c1ccccc1Cl)C(=O)Nc1ccc(C)cn1,QOSFZTVPVNEQRB-SFHVURJKSA-N,gka_candidate,False
11,7,GKA_0105,Cc1csc(Nc2ncc(SCc3ccccn3)cc2OCc2ccccc2)n1,TXLNHUDZSIYHSY-UHFFFAOYSA-N,gka_candidate,False
11,8,GKA_0121,Cc1csc(Nc2ncc(Sc3ccccc3)cc2Oc2ccccc2)n1,ODBIGGBFMSXVMF-UHFFFAOYSA-N,gka_candidate,False
11,9,GKA_0137,CCn1cc2c(Oc3cnc(C(=O)N4CCC4)c(F)c3)cc(C(=O)Nc3cnc(C)cn3)cc2n1,VRBFJTUHFBTQRQ-UHFFFAOYSA-N,gka_candidate,False
11,10,GKA_0153,CNC(=O)Nc1cc(Oc2cncc(C)c2)c([C@@H]2CC[C@@H](O)C2)cn1,BXIBIRJEIUUHPD-CHWSQXEVSA-N,gka_candidate,False
11,11,GKA_0169,COCC[C@H](Oc1ncnc2c1cnn2-c1ncccc1Cl)C(=O)Nc1ccc(C)cn1,JDYZPAXARZYKOO-INIZCTEOSA-N,gka_candidate,False
11,12,GKA_0185,O=C(O)c1cccc(Oc2cnc(NC(=O)C(OC3CCOCC3)c3ccc(S(=O)(=O)C4CCCC4)cc3)s2)c1,IJBAMLGZRHYSLD-UHFFFAOYSA-N,gka_candidate,False
11,13,GKA_0201,COc1ccc2nc(NC(=O)C(CC3CCCC3)c3ccc(S(=O)(=O)NCc4ccncc4)cc3)sc2n1,XINJOXSXDSZPPN-UHFFFAOYSA-N,gka_candidate,False
11,14,GKA_0217,Cn1cnnc1Sc1ccc(N)c(C(=O)Nc2ncns2)c1,TZNGPMVMDHBLDN-UHFFFAOYSA-N,gka_candidate,False
11,15,GKA_0233,O=C(O)c1cnn(-c2cnc(NC(=O)C(OC3CCOCC3)c3ccc(S(=O)(=O)C4CC4)cc3)s2)c1,KSJFKHLJXJYXBO-UHFFFAOYSA-N,gka_candidate,False
11,16,GKA_0249,CNC(=O)Nc1ncc(SCC2CCOCC2)cc1Oc1cccnc1C,KBCSVELGNOMACO-UHFFFAOYSA-N,gka_candidate,False
11,17,GKA_0265,CNC(=O)Nc1ncc(SCc2ccccc2)cc1Oc1cccnc1C,IMMMYNDGTLNAJM-UHFFFAOYSA-N,gka_candidate,False
11,18,GKA_0281,CC(C)Oc1cc(OCCc2ccsc2)cc(C(=O)Nc2ccc(C(=O)O)cn2)c1,PTEMBHHJYAKKNK-UHFFFAOYSA-N,gka_candidate,False
11,19,GKA_0297,O=C(Nc1ncc(-c2cn(CC(=O)N3CCOCC3)nn2)s1)C(CC1CCOCC1)c1ccc(S(=O)(=O)C2CC2)cc1,OFFQHYDKVGOINK-UHFFFAOYSA-N,gka_candidate,False
11,20,GKA_0313,O=C(Nc1cnccn1)[C@H](CC1CCOCC1)n1ncc2c(S(=O)(=O)C3CC3)cccc21,GHELKQXDVLJGBS-IBGZPJMESA-N,gka_candidate,False
11,21,GKA_0329,CN1C(=O)CCC1c1cc2[nH]c(-c3ccc(C(C)(C)O)cn3)cc2cc1Oc1ccc(S(C)(=O)=O)nc1,HSCYTJFBHDPMPT-UHFFFAOYSA-N,gka_candidate,False
11,22,GKA_0345,O=C(O)CCc1csc(Nc2ncc(Sc3ccncc3)cc2Oc2ccccc2)n1,CUZSJRPWTGMVSV-UHFFFAOYSA-N,gka_candidate,False
11,23,GKA_0361,COC[C@H](C)Oc1cc(C#Cc2cccc(N(C)C)c2)cc(C(=O)Nc2ccn(C)n2)c1,YKFDRMAPCBSONZ-SFHVURJKSA-N,gka_candidate,False
11,24,GKA_0377,Cc1cnc(NC(=O)/C(=C/C2CCCC2)c2ccc(S(C)(=O)=O)cc2)s1,BKPACVDMVCTNRZ-GZTJUZNOSA-N,gka_candidate,False
11,25,GKA_0393,CC(C)c1csc(Nc2ncc(Sc3ccncc3)cc2Oc2ccccc2)n1,CPUQJZUHAKVNGU-UHFFFAOYSA-N,gka_candidate,False
11,26,GKA_0409,COC(=O)Cc1csc(-c2cc3cc(Oc4ccc(S(C)(=O)=O)cc4)c(C4CCC(=O)N4C)cc3[nH]2)n1,SVXHHNPIUWQGRF-UHFFFAOYSA-N,gka_candidate,False
11,27,GKA_0425,CCOP(=O)(Cn1ccc(NC(=O)c2cc(Oc3ccc(S(C)(=O)=O)cc3)cc(OC(CF)CF)c2)n1)OCC,SEJMSXUVFZPJEL-UHFFFAOYSA-N,gka_candidate,False
11,28,GKA_0441,Cc1cnc(-c2cc(Oc3ccc(S(=O)(=O)N(C)C)cc3)cc(O[C@@H](C)CO)c2)[nH]c1=O,LMMPRCSJTPBGGP-HNNXBMFYSA-N,gka_candidate,False
11,29,GKA_0457,CC(C)=CCOc1cc(Oc2ccc(S(=O)(=O)N3CC4CCC(C3)O4)cc2)cc(C(=O)Nc2nccs2)c1,ACCXEVDGIPNJDN-UHFFFAOYSA-N,gka_candidate,False
11,30,GKA_0473,CCC(COC)Oc1cc(Oc2ccc(S(C)(=O)=O)cc2)cc(C(=O)Nc2nccs2)c1,VRBXCGKRKUYYIA-UHFFFAOYSA-N,gka_candidate,False
11,31,GKA_0489,O=C(Nc1nc2c(s1)CCCC2)[C@H](CC1CCOCC1)c1ccc(S(=O)(=O)C2CC2)cc1,ZNVQMTZHVCRFNC-HXUWFJFHSA-N,gka_candidate,False
11,32,GKA_0505,COC[C@H](C)Oc1cc(CCc2ccccc2OC)cc(C(=O)Nc2ccn(C)n2)c1,KCQVFMHTFOAUGB-KRWDZBQOSA-N,gka_candidate,False
11,33,GKA_0521,COC[C@H](C)Oc1cc(Oc2ccccc2)cc(C(=O)Nc2ccc(C(=O)O)cn2)c1,OAHXKGMOXATJDV-HNNXBMFYSA-N,gka_candidate,False
11,34,GKA_0537,COC(=O)c1ccc(C(CC2CCCC2)c2cc3cccnc3[nH]2)cc1Cl,SUUWNUCVOZUVCV-UHFFFAOYSA-N,gka_candidate,False
11,35,GKA_0553,CC(C)OC[C@H](Oc1ncnc2c1cnn2-c1ccccc1Cl)C(=O)Nc1ccc(F)cn1,MDOWVDCIVGXLBF-SFHVURJKSA-N,gka_candidate,False
11,36,GKA_0569,COCC(C)Oc1cc(Oc2ccc(C(=O)N3CCC3)cc2)cc(C(=O)Nc2nc3c(s2)CN(C(=O)OC(C)(C)C)CC3)c1,BFVLCIHOPGYKNE-UHFFFAOYSA-N,gka_candidate,False
11,37,GKA_0585,Cc1ccc(Oc2cnc(NC(=O)C(OC3CCOCC3)c3ccc(S(=O)(=O)C4CC4)cc3)s2)cc1C(=O)O,FPGQCZFZEUYEMS-UHFFFAOYSA-N,gka_candidate,False
11,38,GKA_0601,Cc1ccc(NC(=O)[C@H](CC2CCCC2)n2cc(Cl)c(S(=O)(=O)C(C)C)cc2=O)nc1,HUZSPMYJQXMODY-SFHVURJKSA-N,gka_candidate,False
11,39,GKA_0617,COC[C@H](C)Oc1cc(/C=C/c2ccccc2[N+](=O)[O-])cc(C(=O)Nc2ccc(C(=O)O)cn2)c1,RWJUEDPQWTWLPI-WAVCKPEOSA-N,gka_candidate,False
11,40,GKA_0633,CC(C)c1csc(NC(=O)[C@H](CC2CCOCC2)c2ccc(S(C)(=O)=O)cc2)n1,NSHNTEGAQYQHAG-GOSISDBHSA-N,gka_candidate,False
11,41,GKA_0649,Cc1cc2c(Oc3cnc(C(=O)N(C)C)cn3)cc(C(=O)Nc3cnccn3)cc2o1,DKTFXJGJQGFKCW-UHFFFAOYSA-N,gka_candidate,False
11,42,GKA_0665,CC(CO)Cc1cc(Oc2ccc(S(C)(=O)=O)cc2)cc(C(=O)Nc2nccs2)c1,DHUKEKJJKQRFSO-UHFFFAOYSA-N,gka_candidate,False
11,43,GKA_0681,CC(C)Oc1cc(Oc2cnc(C(=O)N(C)C)cn2)cc(-c2nccc(=O)[nH]2)c1,LGQSPYOERTUZSV-UHFFFAOYSA-N,gka_candidate,False
11,44,GKA_0697,O=C(O)Cc1ccc(NC(=O)[C@H](CC2CCCC2)n2cnc(C(F)(F)F)c2)nc1,KDYJKFBLCLYERB-AWEZNQCLSA-N,gka_candidate,False
11,45,GKA_0713,CCOC[C@H](Oc1ncnc2c1cnn2-c1ncccc1Cl)C(=O)Nc1ccc(F)cn1,XTOABDHZNVUVHW-HNNXBMFYSA-N,gka_candidate,False
11,46,GKA_0729,CCOP(=O)(OCC)c1ccc(C(CC2CCCC2)c2cc3cccnc3[nH]2)cc1Cl,SLFBSIWNCQBWFP-UHFFFAOYSA-N,gka_candidate,False
11,47,GKA_0745,Cc1csc(NC(=O)c2cc(Sc3ncc[nH]3)ccc2N)n1,WQAJLXRHPKKTDU-UHFFFAOYSA-N,gka_candidate,False
11,48,GKA_0761,COC[C@H](C)Oc1cc(/C=C/c2cc(F)cc(F)c2F)cc(C(=O)Nc2ccn(C)n2)c1,KCZDZHSVMLJCGN-NNTXTVRGSA-N,gka_candidate,False
11,49,GKA_0777,Cc1csc(NC(=O)c2cc(Oc3ccccc3S(C)(=O)=O)cc(OC(C)C)c2)n1,HEURRWQIVIAYGR-UHFFFAOYSA-N,gka_candidate,False
11,50,B3D_0014,CCCc1nc(C)c2c(=O)[nH]c(-c3cc(S(=O)(=O)N4CCN(CC)CC4)ccc3OCC)nn12,SECKRCOLJRRGGV-UHFFFAOYSA-N,bbb_control_b3db,False
11,51,B3D_0032,CCC(CC)O[C@@H]1C=C(C(=O)O)C[C@H](N)[C@@H]1NCOC,BDMYFOQWUPLTBP-XQQFMLRXSA-N,bbb_control_b3db,False
11,52,B3D_0048,CC(C)CC(=O)c1ccc(OCCCCOc2ccc(CCC(=O)O)c(O)c2)cc1O,XVGHTMZUJMMFAT-UHFFFAOYSA-N,bbb_control_b3db,False
11,53,B3D_0064,CN1Cc2c(-c3noc(C(C)(C)O)n3)ncn2-c2cccc(Cl)c2C1=O,XHMYQXZLVLGNKX-UHFFFAOYSA-N,bbb_control_b3db,False
11,54,B3D_0080,C[C@H]1O[C@@H](O[C@H]2[C@@H](O)C[C@H](O[C@H]3[C@@H](O)C[C@H](O[C@H]4CC[C@@]5(C)[C@H](CC[C@@H]6[C@@H]5C[C@@H](O)[C@]5(C)C(C7=CC(=O)OC7)CC[C@]65O)C4)O[C@@H]3C)O[C@@H]2C)C[C@H](O)[C@@H]1O,LTMHDMANZUZIPE-YUICGFAKSA-N,bbb_control_b3db,False
11,55,B3D_0096,COc1cc2ncnc(Nc3ccc(F)c(Cl)c3)c2cc1OCCCN1CCOCC1,XGALLCVXEZPNRQ-UHFFFAOYSA-N,bbb_control_b3db,False
11,56,B3D_0112,CC[S@@]1(O)C(=O)OCc2c1cc1n(c2=O)Cc2cc3cc(CN(C)C)c(O)cc3nc2-1,BIHPCFKKWGRUSS-UHFFFAOYSA-N,bbb_control_b3db,False
11,57,B3D_0128,CC(=O)Cn1nc(-c2c(-c3ccccc3)nn3ccccc23)ccc1=O,QATXIDMQXCGKIY-UHFFFAOYSA-N,bbb_control_b3db,False
11,58,B3D_0144,CN(C)c1ccc(-c2cccc(Nc3[nH]ccc3[N+](=O)[O-])c2)o1,PNVBERWMIFHQIB-UHFFFAOYSA-N,bbb_control_b3db,False
11,59,B3D_0160,C=C[C@H]1CN2CCC1C[C@@H]2[C@@H](O)c1ccnc2ccc(OC)cc12,LOUPRKONTZGTKE-NBGVHYBESA-N,bbb_control_b3db,False
11,60,B3D_0176,CCOC(=O)c1ncn2c1CN(CC[18F])C(=O)c1cc(F)ccc1-2,NRBIGDVWCXXFLI-SJPDSGJFSA-N,bbb_control_b3db,False
11,61,B3D_0192,CC(C)(C)OC(=O)c1ncn2c1[C@@H]1CCCN1C(=O)c1c(Br)cccc1-2,LWUDDYHYYNNIQI-ZDUSSCGKSA-N,bbb_control_b3db,False
11,62,B3D_0208,Cc1cnc(N=C(N)N)s1,OXXOAGGAIBIIMB-UHFFFAOYSA-N,bbb_control_b3db,False
11,63,B3D_0224,CC12CCC(=O)C=C1CCC1C2CCC2(C)C(O)CCC12,MUMGGOZAMZWBJJ-UHFFFAOYSA-N,bbb_control_b3db,False
11,64,B3D_0240,CCOc1cc(OCCCCOc2ccc(C(=O)CC(C)C)c(O)c2)ccc1CCC(=O)O,HVSFEJHKLPAYFC-UHFFFAOYSA-N,bbb_control_b3db,False
11,65,B3D_0256,O=C(OCc1ccccc1)N1CCC(CNc2ccncc2)CC1,OOIJMSVOEKAGEL-UHFFFAOYSA-N,bbb_control_b3db,False
11,66,B3D_0272,Cc1cccc(C)c1Nc1ncc(-c2ccc(OCCN3CCCC3)cc2)n2cncc12,DKCHQSQIPABWFR-UHFFFAOYSA-N,bbb_control_b3db,False
11,67,B3D_0288,Cc1cc(-c2ccccc2)nnc1NCCN1CCOCC1,LDMWSLGGVTVJPG-UHFFFAOYSA-N,bbb_control_b3db,False
11,68,B3D_0304,Cc1ccc(Cn2c([C@H]3CNCCO3)nc3ccccc32)cc1,IGUBZXXWVQQSPY-GOSISDBHSA-N,bbb_control_b3db,False
11,69,B3D_0320,COc1ccc(C=C2CCCN=C2c2cccnc2)c(OC)c1,RPYWXZCFYPVCNQ-UHFFFAOYSA-N,bbb_control_b3db,False
11,70,B3D_0336,COc1cc2oc(C)nc2cc1CNC1CCCNC1c1ccccc1,SXAIABXANQDJFT-UHFFFAOYSA-N,bbb_control_b3db,False
11,71,B3D_0352,CC(CF)NC[C@H](O)COc1cccc2[nH]c3ccccc3c12,QHLGXPUIUKSADT-ABLWVSNPSA-N,bbb_control_b3db,False
11,72,B3D_0368,CN(C)CCOC(C)(c1ccccc1)c1ccccn1,HCFDWZZGGLSKEP-UHFFFAOYSA-N,bbb_control_b3db,False
11,73,B3D_0384,CN1CCN(C2=Nc3ccccc3Oc3ccc(Cl)cc32)CC1,XJGVXQDUIWGIRW-UHFFFAOYSA-N,bbb_control_b3db,False
11,74,B3D_0400,CCC(=C(c1ccccc1)c1ccc(OCCN(C)C)cc1)c1ccccc1,NKANXQFJJICGDU-UHFFFAOYSA-N,bbb_control_b3db,False
11,75,B3D_0416,N#Cc1ccc(S(=O)(=O)C2CCN(CCc3ccc(F)cc3F)CC2)cc1,DQDFRZYUWQHTEY-UHFFFAOYSA-N,bbb_control_b3db,False
11,76,B3D_0432,COc1cc2sc(-c3ccccc3)nc2cc1CNC1CCCNC1c1ccccc1,DNQVBZDJQYZSDX-UHFFFAOYSA-N,bbb_control_b3db,False
11,77,FRI_0010,CN1CC[C@]23c4c5ccc(O)c4O[C@H]2C(=O)CC[C@@]3(O)[C@H]1C5,UQCNKQCJZOAFTQ-ISWURRPUSA-N,bbb_control_friden,False
11,78,FRI_0032,CC(C)NCC(O)COc1ccc(CC(N)=O)cc1,METKIMKYRPQLGS-UHFFFAOYSA-N,bbb_control_friden,False
11,79,B3D_0001,COC1(NC(=O)C(C(=O)O)c2ccc(O)cc2)C(=O)N2C(C(=O)O)=C(CSc3nnnn3C)COC21,JWCSIUVGFCSJCK-UHFFFAOYSA-N,bbb_control_b3db,True
11,80,B3D_0002,CN1CC[C@]23c4c5ccc(OC6O[C@H](C(=O)O)[C@@H](O)[C@H](O)[C@H]6O)c4O[C@H]2[C@@H](O)C=C[C@H]3[C@H]1C5,WAEXKFONHRHFBZ-QMGRMYLDSA-N,bbb_control_b3db,True
11,81,B3D_0025,O=C(O)c1cc(N=Nc2ccc(S(=O)(=O)Nc3ccccn3)cc2)ccc1O,NCEXYHBECQHGNR-UHFFFAOYSA-N,bbb_control_b3db,True
11,82,B3D_0026,Oc1c(I)cc(Cl)c2cccnc12,QCDFBFJGMNKBDO-UHFFFAOYSA-N,bbb_control_b3db,True
11,83,B3D_0441,CN(C)CCCN1c2ccccc2Sc2ccc(C(F)(F)F)cc21,XSCGXQMFQXDFCW-UHFFFAOYSA-N,bbb_control_b3db,True
11,84,B3D_0443,OCCN1CCN(CCCN2c3ccccc3Sc3ccc(C(F)(F)F)cc32)CC1,PLDUPXSUYLZYBN-UHFFFAOYSA-N,bbb_control_b3db,True
11,85,B3D_0444,CNC1CCC(c2ccc(Cl)c(Cl)c2)c2ccccc21,VGKDLMBJGBXTGI-UHFFFAOYSA-N,bbb_control_b3db,True
11,86,B3D_0445,FC(F)(F)c1ccc(N2CCNCC2)nc1Cl,QZYYPQAYSFBKPW-UHFFFAOYSA-N,bbb_control_b3db,True
11,87,FRI_0001,CC(NC(C)(C)C)C(=O)c1cccc(Cl)c1,SNPPWIUOZRMYNY-UHFFFAOYSA-N,bbb_control_friden,True
11,88,FRI_0005,CN1C(=O)CN=C(c2ccccc2)c2cc(Cl)ccc21,AAOVKJBEBIDNHE-UHFFFAOYSA-N,bbb_control_friden,True
11,89,FRI_0008,COc1ccc2c3c1O[C@H]1[C@@H](O)C=C[C@H]4[C@@H](C2)N(C)CC[C@@]341,OROGSEYTTFOCAN-DNJOTXNNSA-N,bbb_control_friden,True
11,90,FRI_0012,CN(C)CCC=C1c2ccccc2CCc2ccccc21,KRMDCWKBEZIMAB-UHFFFAOYSA-N,bbb_control_friden,True
11,91,FRI_0016,CSc1ccc2c(c1)N(CCC1CCCCN1C)c1ccccc1S2,KLBQZWRITKRQQV-UHFFFAOYSA-N,bbb_control_friden,True
11,92,FRI_0019,C=CCOc1ccccc1OCC(O)CNC(C)C,CEMAWMOMDPGJMB-UHFFFAOYSA-N,bbb_control_friden,True
11,93,FRI_0023,C[C@H]1COc2c(N3CCN(C)CC3)c(F)cc3c(=O)c(C(=O)O)cn1c23,GSDSWSVVBLHKDQ-JTQLQIEISA-N,bbb_control_friden,True
11,94,FRI_0026,CC(C)(C)NC(=O)[C@@H]1C[C@@H]2CCCC[C@@H]2CN1C[C@@H](O)[C@H](Cc1ccccc1)NC(=O)[C@H](CC(N)=O)NC(=O)c1ccc2ccccc2n1,QWAXKHKRTORLEM-UGJKXSETSA-N,bbb_control_friden,True
11,95,FRI_0030,CO[C@H]1/C=C/O[C@@]2(C)Oc3c(C)c(O)c4c(O)c(c(/C=N/N5CCN(C)CC5)c(O)c4c3C2=O)NC(=O)/C(C)=C\C=C\[C@H](C)[C@H](O)[C@@H](C)[C@@H](O)[C@@H](C)[C@H](OC(C)=O)[C@@H]1C,JQXXHWHPUNPDRT-WLSIYKJHSA-N,bbb_control_friden,True
11,96,FRI_0035,CO[C@@]1(NC(=O)C(C(=O)O)c2ccc(O)cc2)C(=O)N2C(C(=O)O)=C(CSc3nnnn3C)CO[C@@H]21,JWCSIUVGFCSJCK-CAVRMKNVSA-N,bbb_control_friden,True
11,97,FRI_0036,CN1CC[C@]23c4c5ccc(O[C@@H]6O[C@H](C(=O)O)[C@@H](O)[C@H](O)[C@H]6O)c4O[C@H]2[C@@H](O)C=C[C@H]3[C@H]1C5,WAEXKFONHRHFBZ-ZXDZBKESSA-N,bbb_control_friden,True
11,98,FRI_0041,CN(Cc1cnc2nc(N)nc(N)c2n1)c1ccc(C(=O)N[C@@H](CCC(=O)O)C(=O)O)cc1,FBOZXECLQNJBKD-ZDUSSCGKSA-N,bbb_control_friden,True
12,1,GKA_0010,CS(=O)(=O)c1ccc(/C(=C/C2CCCC2)c2cc3cccnc3[nH]2)cc1Cl,NNBNDCTUZWVYRP-BOPFTXTBSA-N,gka_candidate,False
12,2,GKA_0026,CC(C)=CCOc1cc(Oc2ccc(S(=O)(=O)N3CC[C@H](F)C3)cc2)cc(C(=O)Nc2cc(C)n(C)n2)c1,KIEQDRSOYHECPG-NRFANRHFSA-N,gka_candidate,False
12,3,GKA_0042,CC(C)=CCOc1cc(Oc2ccc(S(=O)(=O)C3CC3)cc2)cc(C(=O)Nc2cc(C)n(C)n2)c1,MPTPCIISFSPKKK-UHFFFAOYSA-N,gka_candidate,False
12,4,GKA_0058,Cc1nnnn1-c1ccc(/C(=C\C2CCCCCC2)C(=O)Nc2ncc(Br)s2)cc1Cl,HLIOSGRVEWBZSF-MHWRWJLKSA-N,gka_candidate,False
12,5,GKA_0074,COC[C@H](C)Oc1cc(C#Cc2ccc3c(c2)OCO3)cc(C(=O)Nc2ccn(C)n2)c1,VYSDEEMKUWOLEP-INIZCTEOSA-N,gka_candidate,False
12,6,GKA_0090,CC(C)Oc1cc(Oc2cnc(C(=O)N3CCC3)cn2)cc(C(=O)Nc2cc[nH]n2)c1,DFALYQZOEMVVFG-UHFFFAOYSA-N,gka_candidate,False
12,7,GKA_0106,Cc1cnc(NC(=O)[C@H](CO[C@H](C)CO)Oc2ncnc3c2cnn3-c2c(Cl)cccc2C#N)cn1,KZZAQWDCTIJMOX-KDOFPFPSSA-N,gka_candidate,False
12,8,GKA_0122,CS(=O)(=O)c1ccc(Oc2cc(O[C@H]3CCOC3)cc(C(=O)Nc3nccs3)c2)cc1,UQHVRVYGEAIGAH-INIZCTEOSA-N,gka_candidate,False
12,9,GKA_0138,CC(C)=CCOc1cc(Oc2ccc(S(=O)(=O)C3CC3)cc2)cc(C(=O)NC2=NC(=O)CS2)c1,MXICWTQJUFSFHD-UHFFFAOYSA-N,gka_candidate,False
12,10,GKA_0154,CNC(=O)Nc1cc(Oc2c(F)cccc2F)c(-c2ccncc2)cn1,IWVFBQVZWNETRM-UHFFFAOYSA-N,gka_candidate,False
12,11,GKA_0170,Cc1ccc(NC(=O)[C@H](COC2CCC2)Oc2ncnc3c2cnn3-c2ncccc2Cl)nc1,RSQOTBOFZKBONM-SFHVURJKSA-N,gka_candidate,False
12,12,GKA_0186,CC(C)(C)OC(=O)N1CCc2nc(NC(=O)c3cc(Oc4ccc(S(C)(=O)=O)cc4)cc(OC4CCCC4)c3)sc2C1,KXBQGFFKQPZDLY-UHFFFAOYSA-N,gka_candidate,False
12,13,GKA_0202,Cc1cccnc1-c1cc(Oc2ccc(S(C)(=O)=O)cc2)cc(C(=O)Nc2nc(CN3CCOCC3)cs2)c1,UUCGNUHYQJOYNN-UHFFFAOYSA-N,gka_candidate,False
12,14,GKA_0218,O=C(Nc1nccs1)C(CC1CCCCC1)N1CCN(S(=O)(=O)C2CC2)CC1=O,UVQDJQMAEVSBJS-UHFFFAOYSA-N,gka_candidate,False
12,15,GKA_0234,COC[C@H](C)Oc1cc(Oc2ccc(C(=O)N3CCC3)cc2)cc(C(=O)Nc2nc3c(s2)CN(c2cc[nH]c(=O)c2)CC3)c1,MBSIWFNHCVDLSN-FQEVSTJZSA-N,gka_candidate,False
12,16,GKA_0250,CCn1nccc1Oc1cc(CCCC(C)(C)O)cnc1NC(=O)NC,ZHXUVGIMXPJNIU-UHFFFAOYSA-N,gka_candidate,False
12,17,GKA_0266,COC1CCN(S(=O)(=O)c2ccc(Oc3cc(OCC=C(C)C)cc(C(=O)Nc4cc(C)n(C)n4)c3)cc2)CC1,SSKMAFJLOGCTSG-UHFFFAOYSA-N,gka_candidate,False
12,18,GKA_0282,Cn1cnnc1Sc1ccc(N)c(C(=O)Nc2ccccn2)c1,TYXKKHYHRXJCGS-UHFFFAOYSA-N,gka_candidate,False
12,19,GKA_0298,COc1ccc2nc(NC(=O)C(OC3CCOCC3)c3ccc(S(=O)(=O)N4CCOCC4)cc3)sc2n1,VYZGYEZFQIKYLI-UHFFFAOYSA-N,gka_candidate,False
12,20,GKA_0314,COCC(C)Oc1cc(Oc2ccc(C(=O)N3CCC3)nc2)cc(C(=O)Nc2nc3c(s2)CN(C(=O)OC(C)(C)C)CC3)c1,WHWUAOIUWWGYMO-UHFFFAOYSA-N,gka_candidate,False
12,21,GKA_0330,COCC(C)NCc1csc(NC(=O)c2cc(Oc3ccc(S(C)(=O)=O)cc3)cc(-c3ncccc3C)c2)n1,GXPZFRYBPOFRID-UHFFFAOYSA-N,gka_candidate,False
12,22,GKA_0346,CCOP(=O)(Cc1cnc(-c2cc3cc(Oc4ccc(S(C)(=O)=O)nc4)c(C4CCC(=O)N4C)cc3[nH]2)s1)OCC,ZEUHQIQPPULALU-UHFFFAOYSA-N,gka_candidate,False
12,23,GKA_0362,C[C@H](O)C(=O)N1CCC(c2nsc(Nc3ncc(Sc4ccccn4)cc3Oc3ccccc3)n2)CC1,OGTIVLDRXVBTPJ-KRWDZBQOSA-N,gka_candidate,False
12,24,GKA_0378,CN1C(=O)CCC1c1cc2[nH]c(-c3nc(CC(=O)O)c(Cl)s3)cc2cc1Oc1ccc(S(C)(=O)=O)nc1,AWFVQPALBXMUDB-UHFFFAOYSA-N,gka_candidate,False
12,25,GKA_0394,O=C(Nc1nccs1)c1nc(Sc2nnc[nH]2)ccc1Sc1ccccc1F,GYLICSQTNIJEAV-UHFFFAOYSA-N,gka_candidate,False
12,26,GKA_0410,CCOP(=O)(Cc1csc(NC(=O)c2cc(Oc3ccc(S(C)(=O)=O)cc3)cc(O[C@@H](C)COC)c2)n1)OCC,OQUMCVQSAWPKMT-SFHVURJKSA-N,gka_candidate,False
12,27,GKA_0426,O=C(Nc1nccs1)c1nc(Sc2nnc[nH]2)ccc1Sc1ccc(F)cc1,ZUVMGEFQHYGEIF-UHFFFAOYSA-N,gka_candidate,False
12,28,GKA_0442,CC(C)Oc1cc(O[C@H](C)Cc2ccccc2)cc(C(=O)Nc2ccc(C(=O)O)cn2)c1,CLRXIUJLHYPICH-QGZVFWFLSA-N,gka_candidate,False
12,29,GKA_0458,COCCC(Oc1ncnc2c1cnn2-c1ccccc1Cl)C(=O)Nc1ccc(C)cn1,QOSFZTVPVNEQRB-UHFFFAOYSA-N,gka_candidate,False
12,30,GKA_0474,COC[C@H](C)Oc1cc(Oc2cccc(Cl)c2)cc(C(=O)Nc2ccc(C(=O)O)cn2)c1,CFDAWJAORVZEEH-AWEZNQCLSA-N,gka_candidate,False
12,31,GKA_0490,COC[C@H](C)Oc1cc(/C=C/c2ccc(F)cc2)cc(C(=O)Nc2ccn(C)n2)c1,PCJDRDWQCZXOQF-APHBUQMISA-N,gka_candidate,False
12,32,GKA_0506,COC[C@H](C)Oc1cc(/C=C/c2cc(F)ccc2F)cc(C(=O)Nc2ccc(C(=O)O)cn2)c1,ZVVOOSOBUJDSFZ-BWPKMQGJSA-N,gka_candidate,False
12,33,GKA_0522,Cc1ccc(NC(=O)[C@H](CC2CCCC2)n2cc(C)c(S(=O)(=O)C(C)C)cc2=O)nc1,KGYRTIPUVFJHMZ-IBGZPJMESA-N,gka_candidate,False
12,34,GKA_0538,COC[C@H](C)Oc1cc(Oc2cccc(F)c2)cc(C(=O)Nc2ccc(C(=O)O)cn2)c1,IHKHATFYPMKUPF-AWEZNQCLSA-N,gka_candidate,False
12,35,GKA_0554,Cc1ccc(NC(=O)[C@H](CCO)Oc2ncnc3c2cnn3-c2ncccc2Cl)nc1,XCIJOAQPQWKKLY-HNNXBMFYSA-N,gka_candidate,False
12,36,GKA_0570,O=C(Nc1nccs1)/C(=C/C1CCCC1)c1ccc(Cl)c(Cl)c1,LPANTTLHGJJATA-UKTHLTGXSA-N,gka_candidate,False
12,37,GKA_0586,CCOC(=O)N1CCc2nc(NC(=O)c3cc(Oc4ccc(C(=O)N5CCC5)cc4)cc(O[C@@H](C)COC)c3)sc2C1,VBAKJOSCGIWNTC-IBGZPJMESA-N,gka_candidate,False
12,38,GKA_0602,CC(C)=CCOc1cc(Oc2ccc(S(=O)(=O)N3C[C@@H](C)O[C@@H](C)C3)cc2)cc(C(=O)Nc2ccn(C)n2)c1,VIMXYGAGYOVMFS-OYRHEFFESA-N,gka_candidate,False
12,39,GKA_0618,COc1ccc2nc(NC(=O)C(CC3CCCC3)c3ccc(S(=O)(=O)N(C)C)cc3)sc2n1,PQQWGZZSLXLGEQ-UHFFFAOYSA-N,gka_candidate,False
12,40,GKA_0634,CC(C)S(=O)(=O)c1ccn([C@@H](CC2CCCC2)C(=O)Nc2ccc(C(F)(F)F)cn2)c(=O)c1,HCUPYDBBLCRYPK-SFHVURJKSA-N,gka_candidate,False
12,41,GKA_0650,Cc1cnc(NC(=O)c2cc(Oc3cnc(C(=O)N(C)C)c(F)c3)c3cn(C)nc3c2)cn1,ZGSFQZZAENVCIS-UHFFFAOYSA-N,gka_candidate,False
12,42,GKA_0666,CS(=O)(=O)c1ccc(Oc2cc(OC(CO)C(F)(F)F)cc(C(=O)Nc3nccs3)c2)cc1,KCESFTVZCQIMPP-UHFFFAOYSA-N,gka_candidate,False
12,43,GKA_0682,CCOC[C@H](Oc1ncnc2c1cnn2-c1ccccc1Cl)C(=O)Nc1cnc(C)cn1,XQXCNHGZFDXEAL-KRWDZBQOSA-N,gka_candidate,False
12,44,GKA_0698,CCc1csc(Nc2ncc(Br)cc2OCc2ccccc2)n1,ANSZFRWADMQBIE-UHFFFAOYSA-N,gka_candidate,False
12,45,GKA_0714,CC(C)OC[C@H](Oc1ncnc2c1cnn2-c1ncccc1Cl)C(=O)Nc1ccc(C#N)cn1,LEDZWTIBSFACGV-KRWDZBQOSA-N,gka_candidate,False
12,46,GKA_0730,COC[C@H](C)Oc1cc(Oc2ccc(C(=O)N3CCC3)cc2)cc(C(=O)Nc2nc3c(s2)CN(C(=O)OC)CC3)c1,FZEADHFCJHPVBY-SFHVURJKSA-N,gka_candidate,False
12,47,GKA_0746,COCCC(Sc1ncnc2c1cnn2-c1ccccc1Cl)C(=O)Nc1nc(C)cs1,IMPYIOYTNMCHNW-UHFFFAOYSA-N,gka_candidate,False
12,48,GKA_0762,COC[C@H](C)Oc1cc(CCc2cc(F)cc(F)c2F)cc(C(=O)Nc2ccn(C)n2)c1,KMYQYKGQDBBGMY-AWEZNQCLSA-N,gka_candidate,False
12,49,GKA_0778,CCS(=O)(=O)c1ccc(Oc2cc(C(=O)Nc3cnc(C)cn3)cc3nn(C)cc23)cc1,XDESBYJMYYMFGZ-UHFFFAOYSA-N,gka_candidate,False
12,50,B3D_0015,NCc1c[n+]2ccccc2[nH]1,GBRIYMLJYQLICB-UHFFFAOYSA-O,bbb_control_b3db,False
12,51,B3D_0033,Cc1ccc(Cc2cnc(NCCCCc3ncc(Br)cc3C)[nH]c2=O)cn1,OGEAASSLWZDQBM-UHFFFAOYSA-N,bbb_control_b3db,False
12,52,B3D_0049,CC(C)CC(=O)c1ccc(OCCCCOc2ccc3ccc(=O)oc3c2)cc1O,CLQSJCIFSYYOLF-UHFFFAOYSA-N,bbb_control_b3db,False
12,53,B3D_0065,CN(C)Cc1ccc(CSCCNc2nc(=O)c(Cc3ccc4ccccc4c3)c[nH]2)o1,UWWCRSMIORHGLM-UHFFFAOYSA-N,bbb_control_b3db,False
12,54,B3D_0081,CO[C@H]1CN(CC2Cc3ccc(NC(=O)C(C)C)cc3C2)CCC1n1c(C)nc2cc(C)ccc21,LZBZURMZSQMQEB-HXFCYZAXSA-N,bbb_control_b3db,False
12,55,B3D_0097,CC(C=CC1=C(C)CCCC1(C)C)=CC=CC(C)=CC(=O)O,SHGAZHPCJJPHSC-UHFFFAOYSA-N,bbb_control_b3db,False
12,56,B3D_0113,COc1cc2c(cc1CNC1CCCNC1c1ccccc1)N(S(C)(=O)=O)C(C)C2,YZFSCLLJPJPXBQ-UHFFFAOYSA-N,bbb_control_b3db,False
12,57,B3D_0129,NC(=O)N1c2ccccc2C2OC2c2ccccc21,ZRWWEEVEIOGMMT-UHFFFAOYSA-N,bbb_control_b3db,False
12,58,B3D_0145,C[C@@H]1NC(=O)C2(CCCC2)NC1=O,LTRSPDHUDXWHRY-LURJTMIESA-N,bbb_control_b3db,False
12,59,B3D_0161,Fc1cccc(F)c1N=C1NCCN1,IUWWOCDHDVOZOJ-UHFFFAOYSA-N,bbb_control_b3db,False
12,60,B3D_0177,O=c1cc(NC2CCN(Cc3ccc4c(c3)CCO4)CC2)c2cc(Cl)ccc2o1,HXHZJLLLLXIFNR-UHFFFAOYSA-N,bbb_control_b3db,False
12,61,B3D_0193,CC(C)(C)OC(=O)c1ncn2c1C1CCCN1C(=O)c1cc(Br)ccc1-2,GTRFGCMGMHCDPF-UHFFFAOYSA-N,bbb_control_b3db,False
12,62,B3D_0209,Cc1csc(N=C(N)N)n1,KMNUGKCCBPMHJL-UHFFFAOYSA-N,bbb_control_b3db,False
12,63,B3D_0225,CCCCCc1cc(O)c2c(c1)OC(C)(C)[C@@H]1CCC(C)=C[C@@H]21,CYQFCXCEBYINGO-IAGOWNOFSA-N,bbb_control_b3db,False
12,64,B3D_0241,COCCOC(=O)C1=C(C)NC(C)=C(C(=O)OC(C)C)C1c1cccc([N+](=O)[O-])c1,UIAGMCDKSXEBJQ-UHFFFAOYSA-N,bbb_control_b3db,False
12,65,B3D_0257,O=c1cc(NC2CCN(C/C=C/c3ccccc3)CC2)c2cc(Cl)ccc2o1,HMDKIXQRZGNMNZ-QPJJXVBHSA-N,bbb_control_b3db,False
12,66,B3D_0273,c1cc2ccc3cccc4ccc(c1)c2c34,BBEAQIROQSPTKN-UHFFFAOYSA-N,bbb_control_b3db,False
12,67,B3D_0289,Cc1cc(NC(=O)c2ccc(CN3CCCC3)cc2)nn1Cc1cc(Cl)ccc1OCC(C)C,LPKANFYWMADVBY-UHFFFAOYSA-N,bbb_control_b3db,False
12,68,B3D_0305,Cc1nc2c(c(-n3ccc(C(F)(F)F)n3)n1)CCN2c1ccc(Cl)cc1Cl,WLEYKQDUDWHGCU-UHFFFAOYSA-N,bbb_control_b3db,False
12,69,B3D_0321,CN(C)c1ccnc2sc3c(=O)n(N4CCCCCC4)cnc3c12,GYWGXEGOXODOQU-UHFFFAOYSA-N,bbb_control_b3db,False
12,70,B3D_0337,CN1CCN2c3ncccc3Cc3ccccc3C2C1,RONZAEMNMFQXRA-UHFFFAOYSA-N,bbb_control_b3db,False
12,71,B3D_0353,O=C1Nc2ccc(Cl)cc2C(c2ccccc2)=NC1O,ADIMAYPTOBDMTL-UHFFFAOYSA-N,bbb_control_b3db,False
12,72,B3D_0369,CN(C)CCO[C@@](C)(c1ccccc1)c1ccccn1,HCFDWZZGGLSKEP-KRWDZBQOSA-N,bbb_control_b3db,False
12,73,B3D_0385,CCc1ccc(-c2ccc(C(=O)N(C)C3CCN(C(=O)N4CCC(N5CCCCC5)C4)C3)cc2)cc1,CIPAOWLQTIPSII-UHFFFAOYSA-N,bbb_control_b3db,False
12,74,B3D_0401,COc1ccc(C(C)C)cc1CNC1CCCNC1c1ccccc1,ZXKCJYJNJMQSIK-UHFFFAOYSA-N,bbb_control_b3db,False
12,75,B3D_0417,CCCCCCN1CCN(c2ccc(I)cc2)CC1,AZVJMYITYIJLDD-UHFFFAOYSA-N,bbb_control_b3db,False
12,76,B3D_0433,O=C(CCCN1CCC(O)(c2ccc(Cl)cc2)CC1)c1ccc(F)cc1,LNEPOXFFQSENCJ-UHFFFAOYSA-N,bbb_control_b3db,False
12,77,FRI_0011,Nc1c2c(nc3ccccc13)CCCC2,YLJREFDVOIBQDA-UHFFFAOYSA-N,bbb_control_friden,False
12,78,FRI_0033,NCC(CC(=O)O)c1ccc(Cl)cc1,KPYSYYIEGFHWSV-UHFFFAOYSA-N,bbb_control_friden,False
12,79,B3D_0001,COC1(NC(=O)C(C(=O)O)c2ccc(O)cc2)C(=O)N2C(C(=O)O)=C(CSc3nnnn3C)COC21,JWCSIUVGFCSJCK-UHFFFAOYSA-N,bbb_control_b3db,True
12,80,B3D_0002,CN1CC[C@]23c4c5ccc(OC6O[C@H](C(=O)O)[C@@H](O)[C@H](O)[C@H]6O)c4O[C@H]2[C@@H](O)C=C[C@H]3[C@H]1C5,WAEXKFONHRHFBZ-QMGRMYLDSA-N,bbb_control_b3db,True
12,81,B3D_0025,O=C(O)c1cc(N=Nc2ccc(S(=O)(=O)Nc3ccccn3)cc2)ccc1O,NCEXYHBECQHGNR-UHFFFAOYSA-N,bbb_control_b3db,True
12,82,B3D_0026,Oc1c(I)cc(Cl)c2cccnc12,QCDFBFJGMNKBDO-UHFFFAOYSA-N,bbb_control_b3db,True
12,83,B3D_0441,CN(C)CCCN1c2ccccc2Sc2ccc(C(F)(F)F)cc21,XSCGXQMFQXDFCW-UHFFFAOYSA-N,bbb_control_b3db,True
12,84,B3D_0443,OCCN1CCN(CCCN2c3ccccc3Sc3ccc(C(F)(F)F)cc32)CC1,PLDUPXSUYLZYBN-UHFFFAOYSA-N,bbb_control_b3db,True
12,85,B3D_0444,CNC1CCC(c2ccc(Cl)c(Cl)c2)c2ccccc21,VGKDLMBJGBXTGI-UHFFFAOYSA-N,bbb_control_b3db,True
12,86,B3D_0445,FC(F)(F)c1ccc(N2CCNCC2)nc1Cl,QZYYPQAYSFBKPW-UHFFFAOYSA-N,bbb_control_b3db,True
12,87,FRI_0001,CC(NC(C)(C)C)C(=O)c1cccc(Cl)c1,SNPPWIUOZRMYNY-UHFFFAOYSA-N,bbb_control_friden,True
12,88,FRI_0005,CN1C(=O)CN=C(c2ccccc2)c2cc(Cl)ccc21,AAOVKJBEBIDNHE-UHFFFAOYSA-N,bbb_control_friden,True
12,89,FRI_0008,COc1ccc2c3c1O[C@H]1[C@@H](O)C=C[C@H]4[C@@H](C2)N(C)CC[C@@]341,OROGSEYTTFOCAN-DNJOTXNNSA-N,bbb_control_friden,True
12,90,FRI_0012,CN(C)CCC=C1c2ccccc2CCc2ccccc21,KRMDCWKBEZIMAB-UHFFFAOYSA-N,bbb_control_friden,True
12,91,FRI_0016,CSc1ccc2c(c1)N(CCC1CCCCN1C)c1ccccc1S2,KLBQZWRITKRQQV-UHFFFAOYSA-N,bbb_control_friden,True
12,92,FRI_0019,C=CCOc1ccccc1OCC(O)CNC(C)C,CEMAWMOMDPGJMB-UHFFFAOYSA-N,bbb_control_friden,True
12,93,FRI_0023,C[C@H]1COc2c(N3CCN(C)CC3)c(F)cc3c(=O)c(C(=O)O)cn1c23,GSDSWSVVBLHKDQ-JTQLQIEISA-N,bbb_control_friden,True
12,94,FRI_0026,CC(C)(C)NC(=O)[C@@H]1C[C@@H]2CCCC[C@@H]2CN1C[C@@H](O)[C@H](Cc1ccccc1)NC(=O)[C@H](CC(N)=O)NC(=O)c1ccc2ccccc2n1,QWAXKHKRTORLEM-UGJKXSETSA-N,bbb_control_friden,True
12,95,FRI_0030,CO[C@H]1/C=C/O[C@@]2(C)Oc3c(C)c(O)c4c(O)c(c(/C=N/N5CCN(C)CC5)c(O)c4c3C2=O)NC(=O)/C(C)=C\C=C\[C@H](C)[C@H](O)[C@@H](C)[C@@H](O)[C@@H](C)[C@H](OC(C)=O)[C@@H]1C,JQXXHWHPUNPDRT-WLSIYKJHSA-N,bbb_control_friden,True
12,96,FRI_0035,CO[C@@]1(NC(=O)C(C(=O)O)c2ccc(O)cc2)C(=O)N2C(C(=O)O)=C(CSc3nnnn3C)CO[C@@H]21,JWCSIUVGFCSJCK-CAVRMKNVSA-N,bbb_control_friden,True
12,97,FRI_0036,CN1CC[C@]23c4c5ccc(O[C@@H]6O[C@H](C(=O)O)[C@@H](O)[C@H](O)[C@H]6O)c4O[C@H]2[C@@H](O)C=C[C@H]3[C@H]1C5,WAEXKFONHRHFBZ-ZXDZBKESSA-N,bbb_control_friden,True
12,98,FRI_0041,CN(Cc1cnc2nc(N)nc(N)c2n1)c1ccc(C(=O)N[C@@H](CCC(=O)O)C(=O)O)cc1,FBOZXECLQNJBKD-ZDUSSCGKSA-N,bbb_control_friden,True
13,1,GKA_0011,CCOP(=O)(Cn1ccc(NC(=O)c2cc(Oc3ccc(C(=O)N4CCC4)nc3)cc(OC(C)C)c2)n1)OCC,FPFGEPDLUGAUFH-UHFFFAOYSA-N,gka_candidate,False
13,2,GKA_0027,O=C(Nc1nccs1)[C@H](CC1CCCCC1)N1CCN(S(=O)(=O)C2CCCC2)CC1=O,XDIWPYYDLRTNOH-SFHVURJKSA-N,gka_candidate,False
13,3,GKA_0043,COCC(C)Oc1cc(Oc2ccc(S(C)(=O)=O)cc2)cc(C(=O)Nc2nc3c(s2)CCC3)c1,ZZVUHZHFBQHPIF-UHFFFAOYSA-N,gka_candidate,False
13,4,GKA_0059,COC[C@H](C)Oc1cc(C#Cc2ccc3[nH]ccc3c2)cc(C(=O)Nc2ccn(C)n2)c1,RSIPNPVRFMMPEO-KRWDZBQOSA-N,gka_candidate,False
13,5,GKA_0075,Cc1ccc(NC(=O)c2cc(Oc3ccc(C(=O)N4CCC4)c(F)c3)c3c(c2)OC(C)(CO)C3)nc1,CCFYJFIRLYYRLS-UHFFFAOYSA-N,gka_candidate,False
13,6,GKA_0091,CNC(=O)Nc1cc(Oc2cncc(C)c2)c([C@H]2C[C@@H](CO)C2)cn1,ZFKQRXNFXUUWGJ-BETUJISGSA-N,gka_candidate,False
13,7,GKA_0107,Cc1nsc(Nc2ncc(Sc3ccccn3)cc2Oc2ccccc2)n1,BPYMCNLKIVPLRZ-UHFFFAOYSA-N,gka_candidate,False
13,8,GKA_0123,CC(C)Oc1cc(OC2Cc3ccccc3C2)cc(C(=O)Nc2ccc(C(=O)O)cn2)c1,CLKAPSFVJWYURR-UHFFFAOYSA-N,gka_candidate,False
13,9,GKA_0139,O=C(NC1CC1)c1ccc2c(=O)n(C(CC3CCCCC3)C(=O)Nc3ncc(Cl)s3)cnc2c1,RRGQZTBCWCTGHA-UHFFFAOYSA-N,gka_candidate,False
13,10,GKA_0155,O=C(O)c1ccc(NC(=O)[C@H](CC2CCCC2)n2cnc(S(=O)(=O)C3CC3)c2)nc1,NSASUTPYNBBWSU-INIZCTEOSA-N,gka_candidate,False
13,11,GKA_0171,Cc1cnc(NC(=O)[C@H](COC2CCC2)Oc2ncnc3c2cnn3-c2ncccc2Cl)cn1,RQXZZPXLCKFPCI-KRWDZBQOSA-N,gka_candidate,False
13,12,GKA_0187,COc1ccc2nc(NC(=O)C(CC3CCCC3)c3ccc(S(=O)(=O)NCc4ccccn4)cc3)sc2n1,HYBQTOBYBOCQLZ-UHFFFAOYSA-N,gka_candidate,False
13,13,GKA_0203,CNC(=O)Nc1cc(Oc2c(F)cccc2F)c(C2CC2)cn1,YUYQXJJCKOEZRT-UHFFFAOYSA-N,gka_candidate,False
13,14,GKA_0219,Cn1ccc(NC(=O)[C@H](CC2CCCC2)n2ccc(S(=O)(=O)C3CCC3)cc2=O)n1,UWSICVKBJUIDIU-SFHVURJKSA-N,gka_candidate,False
13,15,GKA_0235,CNC(=O)Nc1cc(Oc2cccc(Cl)c2F)ccn1,YYGHVZXMNGALSU-UHFFFAOYSA-N,gka_candidate,False
13,16,GKA_0251,CCSc1ccc(N)c(C(=O)Nc2nc(C)cs2)c1,RJTBVUQMPODIAS-UHFFFAOYSA-N,gka_candidate,False
13,17,GKA_0267,CN1C(=O)CCC1c1cc2[nH]c(-c3ccccc3)cc2cc1Oc1ccc(CCC(=O)O)cc1,UCRAOTLBHOKJPK-UHFFFAOYSA-N,gka_candidate,False
13,18,GKA_0283,CCOP(=O)(Cn1ccc(NC(=O)c2cc(Oc3ccc(S(C)(=O)=O)nn3)cc(OC(C)C)c2)n1)OCC,RQDJEVWUDVGMBQ-UHFFFAOYSA-N,gka_candidate,False
13,19,GKA_0299,Cn1cnnc1Sc1ccc2ncnc(Nc3nccs3)c2c1,NSAWKSYKZABCHW-UHFFFAOYSA-N,gka_candidate,False
13,20,GKA_0315,CNC(=O)Nc1ncc(Sc2ccccn2)cc1Oc1c(C)n[nH]c1C,YEYGPCHTBLMDJF-UHFFFAOYSA-N,gka_candidate,False
13,21,GKA_0331,O=C(O)Cc1nc(NC(=O)c2nc(Sc3ccccn3)ccc2Sc2ccc(F)cc2)sc1Cl,KOPZKACIIKMKDI-UHFFFAOYSA-N,gka_candidate,False
13,22,GKA_0347,CN1C(=O)CCC1c1cc2[nH]c(-c3ccccn3)cc2cc1Oc1ccc(CC(=O)O)cc1,KPCXHHRZCBNNKY-UHFFFAOYSA-N,gka_candidate,False
13,23,GKA_0363,COC[C@H](C)Oc1cc(C#Cc2cccc(O)c2)cc(C(=O)Nc2ccn(C)n2)c1,PJTAOMSSUKRPQE-INIZCTEOSA-N,gka_candidate,False
13,24,GKA_0379,COc1ccc(Sc2ccc(Sc3ccccn3)nc2C(=O)Nc2nc(CC(=O)O)cs2)cc1,XWVLMYWQBFKPTP-UHFFFAOYSA-N,gka_candidate,False
13,25,GKA_0395,CNC(=O)Nc1cc(Oc2cncc(OC)c2)c(-c2ccc(OCCO)nc2)cn1,YALDEOHOWDMWAG-UHFFFAOYSA-N,gka_candidate,False
13,26,GKA_0411,CC(C)=CCOc1cc(Oc2ccc(S(=O)(=O)N3C[C@@H](C)O[C@@H](C)C3)cc2)cc(C(=O)Nc2ncc(F)s2)c1,DXNXJXNGSQGOER-KDURUIRLSA-N,gka_candidate,False
13,27,GKA_0427,CCn1ccc(Nc2ncnc3ccc(Oc4c(F)cccc4S(C)(=O)=O)cc23)n1,CKHWLHPHVXMPHI-UHFFFAOYSA-N,gka_candidate,False
13,28,GKA_0443,CNC(=O)Nc1cc(Oc2cncc(C)c2)c([C@H]2C[C@H](O)C2)cn1,WDQHHGIWBRALLU-HAQNSBGRSA-N,gka_candidate,False
13,29,GKA_0459,COCCC(Oc1ncnc2c1cnn2-c1ccccc1C(F)(F)F)C(=O)Nc1ccc(C)cn1,AMHDUOXZVAFCJB-UHFFFAOYSA-N,gka_candidate,False
13,30,GKA_0475,COC[C@H](C)Oc1cc(/C=C/c2ccc(F)cc2F)cc(C(=O)Nc2ccn(C)n2)c1,FBMJSQROMCFBKR-RGDDUWESSA-N,gka_candidate,False
13,31,GKA_0491,COC[C@H](C)Oc1cc(/C=C/c2ccc(F)cc2)cc(C(=O)Nc2ccc(C(=O)O)cn2)c1,LDAPMZARMAXHRF-CWDCEQMOSA-N,gka_candidate,False
13,32,GKA_0507,Cc1csc(Nc2ncnc3ccc(Oc4ccccc4S(C)(=O)=O)cc23)n1,NTFJFTGZRKWDEO-UHFFFAOYSA-N,gka_candidate,False
13,33,GKA_0523,Cc1ccc(NC(=O)[C@H](COC(C)C)Oc2ncnc3c2cnn3-c2ncccc2Cl)nc1,AAGISEXHOPCAHZ-KRWDZBQOSA-N,gka_candidate,False
13,34,GKA_0539,O=C(Nc1ncc(-c2cn(CCO)nn2)s1)C(CC1CCOCC1)c1ccc(S(=O)(=O)C2CC2)cc1,CGDJOWCIDUPLCY-UHFFFAOYSA-N,gka_candidate,False
13,35,GKA_0555,O=C(Nc1ccc(Cl)cn1)[C@H](COCCO)Oc1ncnc2c1cnn2-c1ccccc1Cl,KTWRHJPPIZQGRW-KRWDZBQOSA-N,gka_candidate,False
13,36,GKA_0571,Cc1cnc(NC(=O)c2cc(Oc3cnc(C(=O)N(C)C)cn3)c3cc(C)oc3c2)cn1,DWVPDUMIGCPRPB-UHFFFAOYSA-N,gka_candidate,False
13,37,GKA_0587,CCN(Cc1cc2[nH]c(-c3ccccn3)nc2cc1Oc1ccc(S(=O)(=O)CC)cc1)C(C)=O,KTHKNAAVLHKTSD-UHFFFAOYSA-N,gka_candidate,False
13,38,GKA_0603,C[S+]([O-])c1ccc(/C(=C/C2CCCC2)c2cc3cccnc3[nH]2)cc1Cl,OZSHJEACEPOWPT-BOPFTXTBSA-N,gka_candidate,False
13,39,GKA_0619,Cc1csc(NC(=O)c2cc(Oc3ccccc3)ccc2N)n1,YOUJKSRBHSZORZ-UHFFFAOYSA-N,gka_candidate,False
13,40,GKA_0635,CCOC(=O)Cn1cc(-c2cnc(NC(=O)C(CC3CCOCC3)c3ccc(S(=O)(=O)C4CC4)cc3)s2)nn1,JMCSBIXETQDXJH-UHFFFAOYSA-N,gka_candidate,False
13,41,GKA_0651,CS(=O)(=O)c1ccc(Oc2cc(OCCO)cc(C(=O)Nc3nccs3)c2)cc1,BBEMQDVKHJMPAU-UHFFFAOYSA-N,gka_candidate,False
13,42,GKA_0667,CCOC(=O)CCCn1cc(-c2cnc(NC(=O)C(CC3CCOCC3)c3ccc(S(=O)(=O)C4CC4)cc3)s2)nn1,JGDYMYUBVOQLSG-UHFFFAOYSA-N,gka_candidate,False
13,43,GKA_0683,CC(C)OC[C@H](Oc1ncnc2c1cnn2-c1ncccc1Cl)C(=O)Nc1ccc(F)cn1,IOQAVAVYSMVXIJ-INIZCTEOSA-N,gka_candidate,False
13,44,GKA_0699,CC(CN)Oc1cc(Oc2ccc(S(C)(=O)=O)cc2)cc(C(=O)Nc2nccs2)c1,QIUSLJYMNMJMRD-UHFFFAOYSA-N,gka_candidate,False
13,45,GKA_0715,CCOC[C@H](Oc1ncnc2c1cnn2-c1ncccc1Cl)C(=O)Nc1ccc(C#N)cn1,WDALPHNIWVTHIG-INIZCTEOSA-N,gka_candidate,False
13,46,GKA_0731,CNC(=O)Nc1cc(Oc2cccnc2)c(-c2ccc(OCCO)nc2)cn1,HIJVQVFCIXVMMX-UHFFFAOYSA-N,gka_candidate,False
13,47,GKA_0747,Cc1csc(Nc2ncc(Cl)cc2OCc2ccccc2)n1,ZDMGJDILJHSXTQ-UHFFFAOYSA-N,gka_candidate,False
13,48,GKA_0763,CC(C)Oc1cc(Oc2cnc(C(=O)N(C)C)nc2)cc(-c2nccc(=O)[nH]2)c1,ZDHXWYBRGMUZBA-UHFFFAOYSA-N,gka_candidate,False
13,49,GKA_0779,CCc1csc(NC(=O)C(CC2CCOCC2)c2ccc(S(C)(=O)=O)cc2)n1,ZTFCBYGXEPFXMG-UHFFFAOYSA-N,gka_candidate,False
13,50,B3D_0016,Cc1ccccc1N=C1N(C)CCN1C,GECQYIJUASLOFZ-UHFFFAOYSA-N,bbb_control_b3db,False
13,51,B3D_0034,COC1(NC(=O)C2SC(=C(C(N)=O)C(=O)O)S2)C(=O)N2C(C(=O)O)=C(CSc3nnnn3C)CSC21,SRZNHPXWXCNNDU-UHFFFAOYSA-N,bbb_control_b3db,False
13,52,B3D_0050,CN(Cc1cnc2nc(N)nc(N)c2n1)c1ccc(C(=O)NC(CCC(=O)O)C(=O)O)cc1,FBOZXECLQNJBKD-UHFFFAOYSA-N,bbb_control_b3db,False
13,53,B3D_0066,COc1ccc(NS(=O)(=O)c2sc3ccc(Cl)cc3c2C)cc1N1CCNCC1,LOCQRDBFWSXQQI-UHFFFAOYSA-N,bbb_control_b3db,False
13,54,B3D_0082,Nc1nc(=O)n([C@@H]2CS[C@H](CO)O2)cc1F,XQSPYNMVSIKCOC-NTSWFWBYSA-N,bbb_control_b3db,False
13,55,B3D_0098,Cc1cn(C2C=CC(CO)O2)c(=O)[nH]c1=O,XNKLLVCARDGLGL-UHFFFAOYSA-N,bbb_control_b3db,False
13,56,B3D_0114,N[C@@]1(C(=O)O)CC(=O)[C@@H]2[C@H]1[C@@]2(F)C(=O)O,KFAGJPNFERWZJA-JKBXLQNXSA-N,bbb_control_b3db,False
13,57,B3D_0130,CC12CCC3c4ccc(O)cc4CCC3C1CC(F)C2O,KDLLNMRYZGUVMA-UHFFFAOYSA-N,bbb_control_b3db,False
13,58,B3D_0146,CN1CN(c2ccccc2)C2(CCN(CCCC(=O)c3csc(I)c3)CC2)C1=O,VLWVQANQRIZPGR-UHFFFAOYSA-N,bbb_control_b3db,False
13,59,B3D_0162,O=C(Cc1ccc(OCc2ccccc2)cc1)Nc1ccc2cnn(CCN3CCCC3)c2c1,OMZPZOSWJGZBRV-UHFFFAOYSA-N,bbb_control_b3db,False
13,60,B3D_0178,C=CCn1c2c(c3cc(C(=O)N4CCC(C)CC4)ccc31)CN(CC1CC1)CC2,ATFPKCCWKBNASV-UHFFFAOYSA-N,bbb_control_b3db,False
13,61,B3D_0194,CC1(O)NC=C2CN=C(c3ccccc3F)c3cc(Cl)ccc3N21,QNEXFUNLYNHCHP-UHFFFAOYSA-N,bbb_control_b3db,False
13,62,B3D_0210,Cc1ncc(-c2csc(N=C(N)N)n2)[nH]1,GIMNAEMRNXUAQP-UHFFFAOYSA-N,bbb_control_b3db,False
13,63,B3D_0226,CN1CCC23CCCCC2C1Cc1ccc(O)cc13,JAQUASYNZVUNQP-UHFFFAOYSA-N,bbb_control_b3db,False
13,64,B3D_0242,COc1ccccc1N1CCN(CCN(C(=O)c2ccc(F)cc2)c2ccccn2)CC1,YJZYDPRMWYWYCG-UHFFFAOYSA-N,bbb_control_b3db,False
13,65,B3D_0258,CNCc1ccc(NC(=O)c2cc(C)n(Cc3cc(Cl)ccc3OCc3ccccc3)n2)cc1,ZJOSQPMXIGOIML-UHFFFAOYSA-N,bbb_control_b3db,False
13,66,B3D_0274,CCCCCCCCC1(CC)C(=O)NC(=O)NC1=O,NTYYDJWPKCQQIB-UHFFFAOYSA-N,bbb_control_b3db,False
13,67,B3D_0290,Cc1cn(-c2cccc(Nc3ncnc4c3CCc3ccccc3-4)c2)cn1,LFKNMCJSJZOQJF-UHFFFAOYSA-N,bbb_control_b3db,False
13,68,B3D_0306,O=c1[nH]c(C2=CC(N3CCC(c4ccccc4)CC3)CC2)nc2c(Cl)cccc12,WGBZFQJXRNSUNB-UHFFFAOYSA-N,bbb_control_b3db,False
13,69,B3D_0322,CN1CCC[C@@H](c2nc3ccccc3n2Cc2ccc(F)cc2)C1,AXIFLPLKZRNVDP-MRXNPFEDSA-N,bbb_control_b3db,False
13,70,B3D_0338,COc1ccc(CN(CCN(C)C)c2ccccn2)cc1,YECBIJXISLIIDS-UHFFFAOYSA-N,bbb_control_b3db,False
13,71,B3D_0354,CNCCCN1c2ccccc2Sc2ccccc21,WOCOVPRTRIBGFZ-UHFFFAOYSA-N,bbb_control_b3db,False
13,72,B3D_0370,Clc1ccc(N2CCN(Cc3cnn4ccccc34)CC2)cc1,XVPRVMIFXXOEFR-UHFFFAOYSA-N,bbb_control_b3db,False
13,73,B3D_0386,Cc1nc(N)nc(N)c1-c1ccc(Cl)c(Cl)c1,VQJHOPSWBGJHQS-UHFFFAOYSA-N,bbb_control_b3db,False
13,74,B3D_0402,CC(N)Cc1ccccc1,KWTSXDURSIMDCE-UHFFFAOYSA-N,bbb_control_b3db,False
13,75,B3D_0418,CC1CCC(C)C(C)C1,VCJPCEVERINRSG-UHFFFAOYSA-N,bbb_control_b3db,False
13,76,B3D_0434,CNCCCC12CCC(c3ccccc31)c1ccccc12,QSLMDECMDJKHMQ-UHFFFAOYSA-N,bbb_control_b3db,False
13,77,FRI_0013,COCCc1ccc(OCC(O)CNC(C)C)cc1,IUBSYMUCCVWXPE-UHFFFAOYSA-N,bbb_control_friden,False
13,78,FRI_0034,Cc1c(O)cccc1C(=O)N[C@@H](CSc1ccccc1)[C@H](O)CN1C[C@H]2CCCC[C@H]2C[C@H]1C(=O)NC(C)(C)C,QAGYKUNXZHXKMR-HKWSIXNMSA-N,bbb_control_friden,False
13,79,B3D_0001,COC1(NC(=O)C(C(=O)O)c2ccc(O)cc2)C(=O)N2C(C(=O)O)=C(CSc3nnnn3C)COC21,JWCSIUVGFCSJCK-UHFFFAOYSA-N,bbb_control_b3db,True
13,80,B3D_0002,CN1CC[C@]23c4c5ccc(OC6O[C@H](C(=O)O)[C@@H](O)[C@H](O)[C@H]6O)c4O[C@H]2[C@@H](O)C=C[C@H]3[C@H]1C5,WAEXKFONHRHFBZ-QMGRMYLDSA-N,bbb_control_b3db,True
13,81,B3D_0025,O=C(O)c1cc(N=Nc2ccc(S(=O)(=O)Nc3ccccn3)cc2)ccc1O,NCEXYHBECQHGNR-UHFFFAOYSA-N,bbb_control_b3db,True
13,82,B3D_0026,Oc1c(I)cc(Cl)c2cccnc12,QCDFBFJGMNKBDO-UHFFFAOYSA-N,bbb_control_b3db,True
13,83,B3D_0441,CN(C)CCCN1c2ccccc2Sc2ccc(C(F)(F)F)cc21,XSCGXQMFQXDFCW-UHFFFAOYSA-N,bbb_control_b3db,True
13,84,B3D_0443,OCCN1CCN(CCCN2c3ccccc3Sc3ccc(C(F)(F)F)cc32)CC1,PLDUPXSUYLZYBN-UHFFFAOYSA-N,bbb_control_b3db,True
13,85,B3D_0444,CNC1CCC(c2ccc(Cl)c(Cl)c2)c2ccccc21,VGKDLMBJGBXTGI-UHFFFAOYSA-N,bbb_control_b3db,True
13,86,B3D_0445,FC(F)(F)c1ccc(N2CCNCC2)nc1Cl,QZYYPQAYSFBKPW-UHFFFAOYSA-N,bbb_control_b3db,True
13,87,FRI_0001,CC(NC(C)(C)C)C(=O)c1cccc(Cl)c1,SNPPWIUOZRMYNY-UHFFFAOYSA-N,bbb_control_friden,True
13,88,FRI_0005,CN1C(=O)CN=C(c2ccccc2)c2cc(Cl)ccc21,AAOVKJBEBIDNHE-UHFFFAOYSA-N,bbb_control_friden,True
13,89,FRI_0008,COc1ccc2c3c1O[C@H]1[C@@H](O)C=C[C@H]4[C@@H](C2)N(C)CC[C@@]341,OROGSEYTTFOCAN-DNJOTXNNSA-N,bbb_control_friden,True
13,90,FRI_0012,CN(C)CCC=C1c2ccccc2CCc2ccccc21,KRMDCWKBEZIMAB-UHFFFAOYSA-N,bbb_control_friden,True
13,91,FRI_0016,CSc1ccc2c(c1)N(CCC1CCCCN1C)c1ccccc1S2,KLBQZWRITKRQQV-UHFFFAOYSA-N,bbb_control_friden,True
13,92,FRI_0019,C=CCOc1ccccc1OCC(O)CNC(C)C,CEMAWMOMDPGJMB-UHFFFAOYSA-N,bbb_control_friden,True
13,93,FRI_0023,C[C@H]1COc2c(N3CCN(C)CC3)c(F)cc3c(=O)c(C(=O)O)cn1c23,GSDSWSVVBLHKDQ-JTQLQIEISA-N,bbb_control_friden,True
13,94,FRI_0026,CC(C)(C)NC(=O)[C@@H]1C[C@@H]2CCCC[C@@H]2CN1C[C@@H](O)[C@H](Cc1ccccc1)NC(=O)[C@H](CC(N)=O)NC(=O)c1ccc2ccccc2n1,QWAXKHKRTORLEM-UGJKXSETSA-N,bbb_control_friden,True
13,95,FRI_0030,CO[C@H]1/C=C/O[C@@]2(C)Oc3c(C)c(O)c4c(O)c(c(/C=N/N5CCN(C)CC5)c(O)c4c3C2=O)NC(=O)/C(C)=C\C=C\[C@H](C)[C@H](O)[C@@H](C)[C@@H](O)[C@@H](C)[C@H](OC(C)=O)[C@@H]1C,JQXXHWHPUNPDRT-WLSIYKJHSA-N,bbb_control_friden,True
13,96,FRI_0035,CO[C@@]1(NC(=O)C(C(=O)O)c2ccc(O)cc2)C(=O)N2C(C(=O)O)=C(CSc3nnnn3C)CO[C@@H]21,JWCSIUVGFCSJCK-CAVRMKNVSA-N,bbb_control_friden,True
13,97,FRI_0036,CN1CC[C@]23c4c5ccc(O[C@@H]6O[C@H](C(=O)O)[C@@H](O)[C@H](O)[C@H]6O)c4O[C@H]2[C@@H](O)C=C[C@H]3[C@H]1C5,WAEXKFONHRHFBZ-ZXDZBKESSA-N,bbb_control_friden,True
13,98,FRI_0041,CN(Cc1cnc2nc(N)nc(N)c2n1)c1ccc(C(=O)N[C@@H](CCC(=O)O)C(=O)O)cc1,FBOZXECLQNJBKD-ZDUSSCGKSA-N,bbb_control_friden,True
14,1,GKA_0012,CC(C)c1csc(NC(=O)[C@H](CC2CCOCC2)c2ccc(S(=O)(=O)C3CC3)cc2)n1,BPQYAGOLJHAJOW-HXUWFJFHSA-N,gka_candidate,False
14,2,GKA_0028,COC1CCN(S(=O)(=O)c2ccc(Oc3cc(OCC=C(C)C)cc(C(=O)Nc4ncc(F)s4)c3)cc2)CC1,KESKXWPXUFDYPI-UHFFFAOYSA-N,gka_candidate,False
14,3,GKA_0044,COC(=O)CCc1ccc(Oc2cc3cc(-c4cnccn4)[nH]c3cc2C2CCC(=O)N2C)cc1,ZXCCXBKGJRIJQM-UHFFFAOYSA-N,gka_candidate,False
14,4,GKA_0060,COC(=O)CCc1ccc(-c2cc3cc(Oc4ccc(C(=O)N5CCC5)nc4)c(C4CCCN4C(C)=O)cc3[nH]2)nc1,WZPHLGMCGBKLTQ-UHFFFAOYSA-N,gka_candidate,False
14,5,GKA_0076,O=C(O)c1ccc(Oc2cnc(NC(=O)[C@H](Oc3ccc(F)cc3F)c3ccc(S(=O)(=O)C4CC4)cc3)s2)cc1,XJFUEUNGZVAEIX-XMMPIXPASA-N,gka_candidate,False
14,6,GKA_0092,COC[C@H](C)Oc1cc(/C=C/c2ccccc2F)cc(C(=O)Nc2ccc(C(=O)O)cn2)c1,DKBIWWFYGFTPSF-WAVCKPEOSA-N,gka_candidate,False
14,7,GKA_0108,COC[C@H](C)Oc1cc(/C=C/c2ccccc2F)cc(C(=O)Nc2ccn(C)n2)c1,JFPCJEPDGAUUEW-FDMDGMSGSA-N,gka_candidate,False
14,8,GKA_0124,CC(C)Oc1cc(OCc2ccccc2F)cc(C(=O)Nc2ccc(C(=O)O)cn2)c1,MTZXGGLPHHVXRY-UHFFFAOYSA-N,gka_candidate,False
14,9,GKA_0140,CC(C)c1csc(Nc2ncc(SCCn3ccnc3)cc2OCc2ccccc2)n1,SNXVAXLZSJDZMV-UHFFFAOYSA-N,gka_candidate,False
14,10,GKA_0156,CCc1ncccc1Oc1cc(Sc2ccccn2)cnc1NC(=O)NC,PIGWQTQWPKNWHF-UHFFFAOYSA-N,gka_candidate,False
14,11,GKA_0172,Cc1csc(Nc2ncc(SCc3ccccc3)cc2Oc2ccccc2)n1,ICFDGIUNTZOZLF-UHFFFAOYSA-N,gka_candidate,False
14,12,GKA_0188,CCOP(=O)(Cn1ccc(NC(=O)c2cc(Oc3ccc(C(=O)N4CCC4)cn3)cc(OC(C)C)c2)n1)OCC,FBBCVFMVDQWBJP-UHFFFAOYSA-N,gka_candidate,False
14,13,GKA_0204,O=C(O)c1cc(-c2ccc(Oc3cnc(NC(=O)C(OC4CCOCC4)c4ccc(S(=O)(=O)C5CC5)cc4)s3)cc2)no1,IWHHPRXEGJCVNG-UHFFFAOYSA-N,gka_candidate,False
14,14,GKA_0220,Cc1cnc(NC(=O)c2cc(Oc3cnc(C(=O)N4CCCCC4)cn3)c3cc(C)oc3c2)cn1,QKNHXFWGHFJTSR-UHFFFAOYSA-N,gka_candidate,False
14,15,GKA_0236,COc1ccc2nc(NC(=O)C(CC3CCCC3)c3ccc(S(=O)(=O)NC4CCCCC4)cc3)sc2n1,COHVEEIHPAJPAS-UHFFFAOYSA-N,gka_candidate,False
14,16,GKA_0252,Cc1csc(NC(=O)c2cc(Oc3ccccc3)cc(Oc3ccc(S(C)(=O)=O)cc3)c2)n1,KHTKOMCOPPNVRX-UHFFFAOYSA-N,gka_candidate,False
14,17,GKA_0268,COC[C@H](C)Oc1cc(Oc2ccc(C(=O)N3CCC3)cc2)cc(C(=O)Nc2nc3c(s2)CCN(C(=O)OC(C)(C)C)C3)c1,CFDATENPAYNOGA-FQEVSTJZSA-N,gka_candidate,False
14,18,GKA_0284,CS(=O)(=O)c1ccc(Oc2cc3cc(-c4ccc(CCC(=O)O)cn4)[nH]c3nc2CN2CCCC2=O)cn1,LXDIYUQRDSIZEO-UHFFFAOYSA-N,gka_candidate,False
14,19,GKA_0300,Cc1ccc(NC(=O)[C@H](CC2CCC2)n2ccc(S(=O)(=O)C(C)C)cc2=O)nc1,VXGBSWYLBGFQHU-SFHVURJKSA-N,gka_candidate,False
14,20,GKA_0316,COCC(C)Oc1cc(Oc2ccc(S(=O)(=O)N3CCC3)cc2)cc(C(=O)Nc2nc3c(s2)CN(C(=O)OC(C)(C)C)CC3)c1,DHHPDGYHANNVAU-UHFFFAOYSA-N,gka_candidate,False
14,21,GKA_0332,COC(=O)CCc1ccc(-c2cc3cc(Oc4ccc(S(C)(=O)=O)cc4)c(C4CCC(=O)N4C)cc3[nH]2)nc1,NUADJXKTKFXCAI-UHFFFAOYSA-N,gka_candidate,False
14,22,GKA_0348,CCOP(=O)(Cn1ccc(NC(=O)c2cc(Oc3ccc(S(C)(=O)=O)nc3)cc(OC(C)C)c2)n1)OCC,WKJQPIXPCLPWGD-UHFFFAOYSA-N,gka_candidate,False
14,23,GKA_0364,COCCNc1cccc(C#Cc2cc(O[C@@H](C)COC)cc(C(=O)Nc3ccn(C)n3)c2)c1,CWHZDWWBUMWOKH-IBGZPJMESA-N,gka_candidate,False
14,24,GKA_0380,COC[C@H](C)Oc1cc(O[C@@H](C)Cc2cc(F)cc(F)c2)cc(C(=O)Nc2ccc(C(=O)O)cn2)c1,HWRHBCYTRFVQSX-HOTGVXAUSA-N,gka_candidate,False
14,25,GKA_0396,CS(=O)(=O)c1ccc(/C(=C\C2CCCC2)C(=O)Nc2nccs2)cc1,BCHXPOUTSCJBCH-FOWTUZBSSA-N,gka_candidate,False
14,26,GKA_0412,CN1C(=O)CCC1c1cc2[nH]c(-c3ncc(CCC(=O)O)s3)cc2cc1Oc1ccc(S(C)(=O)=O)cc1,FNCFDZBTDVDWNH-UHFFFAOYSA-N,gka_candidate,False
14,27,GKA_0428,O=C(Nc1ccc(F)cn1)[C@H](CN1CC(O)C1)Oc1ncnc2c1cnn2-c1ccccc1Cl,QAUDYLIIXRWNOA-SFHVURJKSA-N,gka_candidate,False
14,28,GKA_0444,O=C(Nc1nccs1)/C(=C/C1CCCCC1)c1ccc(-n2nnnc2C(F)(F)F)c(Cl)c1,QIMSMHHSGVQCCP-GXDHUFHOSA-N,gka_candidate,False
14,29,GKA_0460,CCOC(=O)c1cccc(Oc2cnc(NC(=O)C(OC3CCOCC3)c3ccc(S(=O)(=O)C4CC4)cc3)s2)c1,KEQZCFPPVXWESH-UHFFFAOYSA-N,gka_candidate,False
14,30,GKA_0476,CNS(=O)(=O)c1ccc(Oc2cc(O[C@@H](C)CO)cc(-c3ncc(C)c(=O)[nH]3)c2)cc1,WTKNQQYYUGWBOX-AWEZNQCLSA-N,gka_candidate,False
14,31,GKA_0492,CCc1ncccc1Oc1cc(CC(C)C)cnc1NC(=O)NC,BALRZLCXFDPYFL-UHFFFAOYSA-N,gka_candidate,False
14,32,GKA_0508,Cn1ccc(Nc2ncnc3ccc(Oc4ccc(F)cc4F)cc23)n1,REXDHEBHLNGIGV-UHFFFAOYSA-N,gka_candidate,False
14,33,GKA_0524,CCOP(=O)(Cn1ccc(NC(=O)c2cc(Oc3cnc(S(C)(=O)=O)cn3)cc(OC(C)C)c2)n1)OCC,ZLIXMJAMKJEBRI-UHFFFAOYSA-N,gka_candidate,False
14,34,GKA_0540,CS(=O)(=O)c1ccc(Oc2cc(O[C@H]3CCC[C@H]3O)cc(C(=O)Nc3nccs3)c2)cc1,LLIQCVSOVKHPJR-UXHICEINSA-N,gka_candidate,False
14,35,GKA_0556,O=C(Nc1ccccn1)[C@H](CN1CC(O)C1)Oc1ncnc2c1cnn2-c1ccccc1Cl,QMEKMUKFQBLUHU-SFHVURJKSA-N,gka_candidate,False
14,36,GKA_0572,COC[C@H](C)Oc1cc(CCc2ccc(F)cc2)cc(C(=O)Nc2ccn(C)n2)c1,DPICTJISJBPYGJ-INIZCTEOSA-N,gka_candidate,False
14,37,GKA_0588,CNC(=O)Nc1ncc(SCCCOC)cc1Oc1cccnc1C,DEEDZFNFVOWYCU-UHFFFAOYSA-N,gka_candidate,False
14,38,GKA_0604,CNC(=O)Nc1ncc(SC2CCN(C(=O)OC(C)(C)C)CC2)cc1Oc1cccnc1C,GWPGRDSUKXWFFI-UHFFFAOYSA-N,gka_candidate,False
14,39,GKA_0620,CN(C)C(=O)Cn1cc(-c2cnc(NC(=O)C(CC3CCOCC3)c3ccc(S(=O)(=O)C4CC4)cc3)s2)nn1,QRXACDCVUOYEJO-UHFFFAOYSA-N,gka_candidate,False
14,40,GKA_0636,COC[C@H](C)Oc1cc(Oc2ccc(C(=O)N3CCC3)c(F)c2)cc(C(=O)Nc2nc3c(s2)CN(C(=O)OC(C)(C)C)CC3)c1,CSESJNVNLCLDGP-IBGZPJMESA-N,gka_candidate,False
14,41,GKA_0652,COC[C@H](C)Oc1cc(Oc2cccc(N(C)C)c2)cc(C(=O)Nc2ccc(C(=O)O)cn2)c1,HJUNGMOWPIALNY-INIZCTEOSA-N,gka_candidate,False
14,42,GKA_0668,O=C(O)C(=O)Nc1ccc(NC(=O)[C@H](CC2CCCC2)n2cnc(C(F)(F)F)c2)nc1,UIPQUPAUXQPGNS-ZDUSSCGKSA-N,gka_candidate,False
14,43,GKA_0684,CC(C)OC[C@H](Oc1ncnc2c1cnn2-c1ncccc1Cl)C(=O)Nc1ccccn1,WZBXEGOCOAPVFH-INIZCTEOSA-N,gka_candidate,False
14,44,GKA_0700,Cc1ccc(Oc2cnc(NC(=O)C(O[C@@H]3CCOC3)c3ccc(S(=O)(=O)C4CC4)cc3)s2)cc1C(=O)O,OXOLWOGFZIYWHO-FKSKYRLFSA-N,gka_candidate,False
14,45,GKA_0716,C[C@H](CO)OC[C@H](Oc1ncnc2c1cnn2-c1ncccc1Cl)C(=O)Nc1ccc(C#N)cn1,LGJVHBLAFORGRB-DYVFJYSZSA-N,gka_candidate,False
14,46,GKA_0732,O=C(O)c1ccc(Oc2cnc(NC(=O)[C@@H](Oc3ccc(F)cc3F)c3ccc(S(=O)(=O)C4CC4)cc3)s2)cc1,XJFUEUNGZVAEIX-DEOSSOPVSA-N,gka_candidate,False
14,47,GKA_0748,C[C@H](CO)OC[C@H](Oc1ncnc2c1cnn2-c1ncccc1Cl)C(=O)Nc1ccc(F)cn1,UYUKOVWUXCJYGS-WBMJQRKESA-N,gka_candidate,False
14,48,GKA_0764,CNS(=O)(=O)c1ccc(Oc2cc(C(=O)Nc3cnc(C)cn3)cc3nn(C)cc23)cc1,BKZRZYGNNBKORP-UHFFFAOYSA-N,gka_candidate,False
14,49,GKA_0780,Cc1cc(S(=O)(=O)C2CCCC2)cc(=O)n1C(CC1CCCCO1)C(=O)Nc1nccs1,HCVHVRCQVFIMNC-UHFFFAOYSA-N,gka_candidate,False
14,50,B3D_0017,O=C(O)c1cc(=O)c2c(Cl)cc(Cl)cc2[nH]1,BGKFPRIGXAVYNX-UHFFFAOYSA-N,bbb_control_b3db,False
14,51,B3D_0035,CO[C@@]1(NC(=O)C2SC(=C(C(N)=O)C(=O)O)S2)C(=O)N2C(C(=O)O)=C(CSc3nnnn3C)CS[C@@H]21,SRZNHPXWXCNNDU-RHBCBLIFSA-N,bbb_control_b3db,False
14,52,B3D_0051,Cc1ccc(NC(=O)c2ccc(CN3CCN(C)CC3)cc2)cc1Nc1nccc(-c2cccnc2)n1,KTUFNOKKBVMGRW-UHFFFAOYSA-N,bbb_control_b3db,False
14,53,B3D_0067,COc1cccnc1CCCCNc1ncc(Cc2cccc(C)n2)c(=O)[nH]1,JHHMCTKQHPNCEX-UHFFFAOYSA-N,bbb_control_b3db,False
14,54,B3D_0083,CN(C)CCc1c[nH]c2ccc(O)cc12,VTTONGPRPXSUTJ-UHFFFAOYSA-N,bbb_control_b3db,False
14,55,B3D_0099,CN(C)CCCN1c2ccccc2[S+]([O-])c2ccccc21,KSHDHDWHIWBNHA-UHFFFAOYSA-N,bbb_control_b3db,False
14,56,B3D_0115,O=C(c1ccc(Cl)cc1)N1CCN(c2ccc(OC3CCN(C4CCC4)CC3)cc2)C(=O)C1,WILIBJHNOGVKBM-UHFFFAOYSA-N,bbb_control_b3db,False
14,57,B3D_0131,CCC1(C2=CCCCC2)C(=O)NC(=O)NC1=O,WTYGAUXICFETTC-UHFFFAOYSA-N,bbb_control_b3db,False
14,58,B3D_0147,CN(C)C(=O)C(CCCN1CCC(O)(c2ccc(Cl)cc2)CC1)(c1ccccc1)c1ccccc1,DZXOIEFWGGYJAE-UHFFFAOYSA-N,bbb_control_b3db,False
14,59,B3D_0163,O=C(OCc1ccccc1)N1CCC(CNc2ccncn2)CC1,YCMQHZLCRNKFNN-UHFFFAOYSA-N,bbb_control_b3db,False
14,60,B3D_0179,CC(C)(c1ccc(O)cc1)c1ccc(O)cc1,IISBACLAFKSPIT-UHFFFAOYSA-N,bbb_control_b3db,False
14,61,B3D_0195,CCC1(c2ccccc2)C(=O)NCNC1=O,DQMZLTXERSFNPB-UHFFFAOYSA-N,bbb_control_b3db,False
14,62,B3D_0211,Oc1ccc2c(c1)OCO2,LUSZGTFNYDARNI-UHFFFAOYSA-N,bbb_control_b3db,False
14,63,B3D_0227,CN1CC[C@]23CCCC[C@H]2[C@H]1Cc1ccc(O)cc13,JAQUASYNZVUNQP-USXIJHARSA-N,bbb_control_b3db,False
14,64,B3D_0243,CN1C(=O)CN=C(c2ccccc2F)c2cc([N+](=O)[O-])ccc21,PPTYJKAXVCCBDU-UHFFFAOYSA-N,bbb_control_b3db,False
14,65,B3D_0259,O=C1CCCN1CCCCN1CCN(c2cc(C(F)(F)F)ccn2)CC1,YKJJCYZZWWSBEW-UHFFFAOYSA-N,bbb_control_b3db,False
14,66,B3D_0275,COc1ccc(-n2nnnc2C(F)(F)F)cc1CNC1CCCNC1c1ccccc1,XILNRORTJVDYRH-UHFFFAOYSA-N,bbb_control_b3db,False
14,67,B3D_0291,Nc1nc2ccc(OC(F)(F)F)cc2s1,FTALBRSUTCGOEG-UHFFFAOYSA-N,bbb_control_b3db,False
14,68,B3D_0307,CNC(=O)c1c(NCC2CCC3(CCC3)CC2)nc(C#N)nc1OCC1CCN(C)CC1,YGPSKVNTXPFUTN-UHFFFAOYSA-N,bbb_control_b3db,False
14,69,B3D_0323,O=C(Nc1ccc(Cl)nc1)c1ccc(F)c(F)c1,GDGUOCFTHNGPBK-UHFFFAOYSA-N,bbb_control_b3db,False
14,70,B3D_0339,O=C1CN=C(c2ccccc2)c2c(Cl)cccc2N1,GZLROLJNGZSEDS-UHFFFAOYSA-N,bbb_control_b3db,False
14,71,B3D_0355,COC(=O)C1C(OC(=O)c2ccccc2)CC2CCC1N2C,ZPUCINDJVBIVPJ-UHFFFAOYSA-N,bbb_control_b3db,False
14,72,B3D_0371,CCc1nc(N)nc(N)c1-c1ccc(Cl)c(Cl)c1,PXLPCZJACKUXGP-UHFFFAOYSA-N,bbb_control_b3db,False
14,73,B3D_0387,N[C@H]1C[C@@H]1c1ccc(F)cc1,GTYFDGYGRFJTKJ-BDAKNGLRSA-N,bbb_control_b3db,False
14,74,B3D_0403,CC1CCCCC1,UAEPNZWRGJTJPN-UHFFFAOYSA-N,bbb_control_b3db,False
14,75,B3D_0419,CN1CC2c3ccccc3Oc3ccc(Cl)cc3C2C1,VSWBSWWIRNCQIJ-UHFFFAOYSA-N,bbb_control_b3db,False
14,76,B3D_0435,CC(C)CN1CCN(c2ccc(I)cc2)CC1,CVARSWBYYDGHPT-UHFFFAOYSA-N,bbb_control_b3db,False
14,77,FRI_0014,CC(C)NCC(O)COc1cccc2ccccc12,AQHHHDLHHXJYJD-UHFFFAOYSA-N,bbb_control_friden,False
14,78,FRI_0037,O=C1CN(/N=C/c2ccc([N+](=O)[O-])o2)C(=O)N1,NXFQHRVNIOXGAQ-YCRREMRBSA-N,bbb_control_friden,False
14,79,B3D_0001,COC1(NC(=O)C(C(=O)O)c2ccc(O)cc2)C(=O)N2C(C(=O)O)=C(CSc3nnnn3C)COC21,JWCSIUVGFCSJCK-UHFFFAOYSA-N,bbb_control_b3db,True
14,80,B3D_0002,CN1CC[C@]23c4c5ccc(OC6O[C@H](C(=O)O)[C@@H](O)[C@H](O)[C@H]6O)c4O[C@H]2[C@@H](O)C=C[C@H]3[C@H]1C5,WAEXKFONHRHFBZ-QMGRMYLDSA-N,bbb_control_b3db,True
14,81,B3D_0025,O=C(O)c1cc(N=Nc2ccc(S(=O)(=O)Nc3ccccn3)cc2)ccc1O,NCEXYHBECQHGNR-UHFFFAOYSA-N,bbb_control_b3db,True
14,82,B3D_0026,Oc1c(I)cc(Cl)c2cccnc12,QCDFBFJGMNKBDO-UHFFFAOYSA-N,bbb_control_b3db,True
14,83,B3D_0441,CN(C)CCCN1c2ccccc2Sc2ccc(C(F)(F)F)cc21,XSCGXQMFQXDFCW-UHFFFAOYSA-N,bbb_control_b3db,True
14,84,B3D_0443,OCCN1CCN(CCCN2c3ccccc3Sc3ccc(C(F)(F)F)cc32)CC1,PLDUPXSUYLZYBN-UHFFFAOYSA-N,bbb_control_b3db,True
14,85,B3D_0444,CNC1CCC(c2ccc(Cl)c(Cl)c2)c2ccccc21,VGKDLMBJGBXTGI-UHFFFAOYSA-N,bbb_control_b3db,True
14,86,B3D_0445,FC(F)(F)c1ccc(N2CCNCC2)nc1Cl,QZYYPQAYSFBKPW-UHFFFAOYSA-N,bbb_control_b3db,True
14,87,FRI_0001,CC(NC(C)(C)C)C(=O)c1cccc(Cl)c1,SNPPWIUOZRMYNY-UHFFFAOYSA-N,bbb_control_friden,True
14,88,FRI_0005,CN1C(=O)CN=C(c2ccccc2)c2cc(Cl)ccc21,AAOVKJBEBIDNHE-UHFFFAOYSA-N,bbb_control_friden,True
14,89,FRI_0008,COc1ccc2c3c1O[C@H]1[C@@H](O)C=C[C@H]4[C@@H](C2)N(C)CC[C@@]341,OROGSEYTTFOCAN-DNJOTXNNSA-N,bbb_control_friden,True
14,90,FRI_0012,CN(C)CCC=C1c2ccccc2CCc2ccccc21,KRMDCWKBEZIMAB-UHFFFAOYSA-N,bbb_control_friden,True
14,91,FRI_0016,CSc1ccc2c(c1)N(CCC1CCCCN1C)c1ccccc1S2,KLBQZWRITKRQQV-UHFFFAOYSA-N,bbb_control_friden,True
14,92,FRI_0019,C=CCOc1ccccc1OCC(O)CNC(C)C,CEMAWMOMDPGJMB-UHFFFAOYSA-N,bbb_control_friden,True
14,93,FRI_0023,C[C@H]1COc2c(N3CCN(C)CC3)c(F)cc3c(=O)c(C(=O)O)cn1c23,GSDSWSVVBLHKDQ-JTQLQIEISA-N,bbb_control_friden,True
14,94,FRI_0026,CC(C)(C)NC(=O)[C@@H]1C[C@@H]2CCCC[C@@H]2CN1C[C@@H](O)[C@H](Cc1ccccc1)NC(=O)[C@H](CC(N)=O)NC(=O)c1ccc2ccccc2n1,QWAXKHKRTORLEM-UGJKXSETSA-N,bbb_control_friden,True
14,95,FRI_0030,CO[C@H]1/C=C/O[C@@]2(C)Oc3c(C)c(O)c4c(O)c(c(/C=N/N5CCN(C)CC5)c(O)c4c3C2=O)NC(=O)/C(C)=C\C=C\[C@H](C)[C@H](O)[C@@H](C)[C@@H](O)[C@@H](C)[C@H](OC(C)=O)[C@@H]1C,JQXXHWHPUNPDRT-WLSIYKJHSA-N,bbb_control_friden,True
14,96,FRI_0035,CO[C@@]1(NC(=O)C(C(=O)O)c2ccc(O)cc2)C(=O)N2C(C(=O)O)=C(CSc3nnnn3C)CO[C@@H]21,JWCSIUVGFCSJCK-CAVRMKNVSA-N,bbb_control_friden,True
14,97,FRI_0036,CN1CC[C@]23c4c5ccc(O[C@@H]6O[C@H](C(=O)O)[C@@H](O)[C@H](O)[C@H]6O)c4O[C@H]2[C@@H](O)C=C[C@H]3[C@H]1C5,WAEXKFONHRHFBZ-ZXDZBKESSA-N,bbb_control_friden,True
14,98,FRI_0041,CN(Cc1cnc2nc(N)nc(N)c2n1)c1ccc(C(=O)N[C@@H](CCC(=O)O)C(=O)O)cc1,FBOZXECLQNJBKD-ZDUSSCGKSA-N,bbb_control_friden,True
15,1,GKA_0013,Cc1cccc(C#N)c1Oc1ccc2ncnc(Nc3ccn(C)n3)c2c1,LXXVOFSEARSYCJ-UHFFFAOYSA-N,gka_candidate,False
15,2,GKA_0029,Cc1nsc(Nc2ncnc3ccc(Oc4c(F)cccc4S(C)(=O)=O)cc23)n1,KLYQDJNGFRQPRS-UHFFFAOYSA-N,gka_candidate,False
15,3,GKA_0045,CS(=O)(=O)c1ccc(/C(=C\C2CCCCC2)C(=O)Nc2ncc(Br)s2)cc1C(F)(F)F,DAFVQCLKJHTEOW-NTEUORMPSA-N,gka_candidate,False
15,4,GKA_0061,CCc1ncccc1Oc1cc(CC2CCCCC2)cnc1NC(=O)NC,LDRZWXMZIPLJON-UHFFFAOYSA-N,gka_candidate,False
15,5,GKA_0077,CCCN(CCC)S(=O)(=O)c1ccc(C(CC2CCCC2)C(=O)Nc2nc3ccc(OC)nc3s2)cc1,XRSJNMNIDPHJEL-UHFFFAOYSA-N,gka_candidate,False
15,6,GKA_0093,Cc1ccc(NC(=O)[C@H](CC2CCCC2)n2ccc(S(=O)(=O)C3CCC3)cc2=O)nc1,VKOUHRQWSXWTAY-FQEVSTJZSA-N,gka_candidate,False
15,7,GKA_0109,Cc1cnc(NC(=O)[C@H](COC2CCC2)Oc2ncnc3c2cnn3-c2ccccc2Cl)cn1,NFFMTZVQQOWXMC-IBGZPJMESA-N,gka_candidate,False
15,8,GKA_0125,Cc1cccnc1-c1cc(Oc2ccc(S(C)(=O)=O)cc2)cc(C(=O)Nc2nc(CC(=O)NC3CC3)cs2)c1,KUENHNVZSJNAHR-UHFFFAOYSA-N,gka_candidate,False
15,9,GKA_0141,CN(C)C(=O)c1cnc(Oc2cc(C(=O)Nc3ccn(C)n3)cc3c2CC(C)(CO)O3)cn1,IYTLOIOQUUJLCQ-UHFFFAOYSA-N,gka_candidate,False
15,10,GKA_0157,O=C(Nc1ncc(F)s1)[C@H](CC1CCOCC1)c1ccc(S(=O)(=O)C2CCC2)cc1,DWIPGNHOTXSYBW-GOSISDBHSA-N,gka_candidate,False
15,11,GKA_0173,O=C(Nc1ncns1)/C(=N/N1CCCC1)c1ccc(S(=O)(=O)C2CC2)cc1,VYGSQXYTLDDDEK-RCCKNPSSSA-N,gka_candidate,False
15,12,GKA_0189,CCn1cc2c(Oc3cnc(C(=O)N4CCC4)c(F)c3)cc(C(=O)Nc3ccn(C)n3)cc2n1,MNUXXTQWNAZGOT-UHFFFAOYSA-N,gka_candidate,False
15,13,GKA_0205,CNC(=O)Nc1cc(Oc2cncc(OC)c2)c(C2=CCCOC2)cn1,CUVIBBDRTIYKKQ-UHFFFAOYSA-N,gka_candidate,False
15,14,GKA_0221,COc1ccc2nc(NC(=O)C(CC3CCCC3)c3ccc(S(=O)(=O)N(C)Cc4ccccc4)cc3)sc2n1,WMAFUOVYGLDQIV-UHFFFAOYSA-N,gka_candidate,False
15,15,GKA_0237,COc1ccc2nc(NC(=O)C(CC3CCCC3)c3ccc(S(=O)(=O)NC4CCOCC4)cc3)sc2n1,LPTWSMUFAICRJY-UHFFFAOYSA-N,gka_candidate,False
15,16,GKA_0253,COc1ccc2nc(NC(=O)C(CC3CCCC3)c3ccc(S(=O)(=O)NCc4cccnc4)cc3)sc2n1,VPAHKACDRIEKRM-UHFFFAOYSA-N,gka_candidate,False
15,17,GKA_0269,Cc1cnc(NC(=O)c2cc(Oc3ccc(C(=O)N(C)C)nc3)c3cc(C)oc3c2)cn1,UKSKWOWMAMXREK-UHFFFAOYSA-N,gka_candidate,False
15,18,GKA_0285,CC(C)(C)OC(=O)N1CCc2nc(NC(=O)c3cc(Oc4ccc(S(C)(=O)=O)cc4)cc(OC4CCCCC4)c3)sc2C1,LXYLINODUSBPJE-UHFFFAOYSA-N,gka_candidate,False
15,19,GKA_0301,O=C(O)Cc1nc(NC(=O)C(OC2CCOCC2)c2ccc(S(=O)(=O)N3CCCCC3)cc2)sc1Cl,DDJOLZFQFQSJDE-UHFFFAOYSA-N,gka_candidate,False
15,20,GKA_0317,COCC(C)Oc1cc(Oc2ccc(S(C)(=O)=O)cc2)cc(C(=O)Nc2nc3c(s2)CN(c2ccccn2)CC3)c1,WPECPNUUNMGYNL-UHFFFAOYSA-N,gka_candidate,False
15,21,GKA_0333,CS(=O)(=O)c1ccc(/C(=C\C2CCCCC2)C(=O)Nc2nccs2)cc1C(F)(F)F,YSLZNYGGLOZLPM-RVDMUPIBSA-N,gka_candidate,False
15,22,GKA_0349,COC[C@H](C)Oc1cc(C#Cc2cccc(N)c2)cc(C(=O)Nc2ccn(C)n2)c1,JJZHLHHSBFBDFN-INIZCTEOSA-N,gka_candidate,False
15,23,GKA_0365,CN1C(=O)CCC1c1cc2[nH]c(-c3cnccn3)cc2cc1Oc1ccc(CCC(=O)O)cc1,JFTRCCDTVNJVPP-UHFFFAOYSA-N,gka_candidate,False
15,24,GKA_0381,COC[C@H](C)Oc1cc(Oc2ccc(C(=O)N(C)C)cc2)cc(C(=O)Nc2cc[nH]n2)c1,KVGFQVIQIPUWBE-HNNXBMFYSA-N,gka_candidate,False
15,25,GKA_0397,COC[C@H](C)Oc1cc(Oc2ccc(OC)cc2)cc(C(=O)Nc2ccc(C(=O)O)cn2)c1,ZMYYUFQYPUGZNJ-HNNXBMFYSA-N,gka_candidate,False
15,26,GKA_0413,COC[C@H](C)Oc1cc(O[C@@H](C)Cc2ccccc2OC)cc(C(=O)Nc2ccc(C(=O)O)cn2)c1,DODZTVCFOJPFBJ-ROUUACIJSA-N,gka_candidate,False
15,27,GKA_0429,CNC(=O)Nc1cc(Oc2cncc(C)c2)c([C@H]2C[C@@H](C(C)(C)O)C2)cn1,WAXBYAXGGJCVAK-OKILXGFUSA-N,gka_candidate,False
15,28,GKA_0445,COC1CCN(S(=O)(=O)c2ccc(Oc3cc(OCC=C(C)C)cc(C(=O)Nc4nccs4)c3)cc2)CC1,RSQVANLBVQMPIA-UHFFFAOYSA-N,gka_candidate,False
15,29,GKA_0461,O=C(Nc1ncc(Oc2ccc(CO)cc2)s1)C(OC1CCOCC1)c1ccc(S(=O)(=O)C2CC2)cc1,AYYYOGLTNGCDLF-UHFFFAOYSA-N,gka_candidate,False
15,30,GKA_0477,Cc1ccc(NC(=O)c2cc(Oc3ccc(S(C)(=O)=O)cc3)cc(OC(C)C)c2)nc1,BUICPXPKYZQWMX-UHFFFAOYSA-N,gka_candidate,False
15,31,GKA_0493,CCn1nccc1Oc1cc(C[C@H]2CC[C@@H](O)CC2)cnc1NC(=O)NC,TVECBCSUBQOPBW-OTVXOJSOSA-N,gka_candidate,False
15,32,GKA_0509,CS(=O)(=O)c1cc(=O)n([C@@H](CC2CCCC2)C(=O)Nc2ccc(Cl)cn2)cc1Cl,GRSOLMTXMGKLRL-HNNXBMFYSA-N,gka_candidate,False
15,33,GKA_0525,O=C(Nc1nccs1)c1nc(Sc2nnc[nH]2)ccc1Sc1ccc(C(F)(F)F)cc1,WYLCYSOJGCGVAN-UHFFFAOYSA-N,gka_candidate,False
15,34,GKA_0541,COC[C@H](C)Oc1cc(CCc2ccc(F)cc2F)cc(C(=O)Nc2ccn(C)n2)c1,UJMGLCKQJJRDLB-HNNXBMFYSA-N,gka_candidate,False
15,35,GKA_0557,N#Cc1ccc(NC(=O)[C@H](CN2CC(O)C2)Oc2ncnc3c2cnn3-c2ccccc2Cl)nc1,FASYULODQUSDTP-IBGZPJMESA-N,gka_candidate,False
15,36,GKA_0573,FC(F)(F)c1csc(Nc2ncc(Sc3ccncc3)cc2Oc2ccccc2)n1,DELIHZQMIGWCMS-UHFFFAOYSA-N,gka_candidate,False
15,37,GKA_0589,CNC(=O)Nc1cc(Oc2c(F)cccc2F)c(-c2ccc(OCCO)nc2)cn1,MLBLDXFEOCEMSR-UHFFFAOYSA-N,gka_candidate,False
15,38,GKA_0605,O=C(O)c1cc(Oc2cnc(NC(=O)C(OC3CCOCC3)c3ccc(S(=O)(=O)C4CC4)cc3)s2)ccc1F,XDQOODGVZHBLOQ-UHFFFAOYSA-N,gka_candidate,False
15,39,GKA_0621,O=C(Nc1nccs1)[C@H](CC1CCCCC1)N1CCN(S(=O)(=O)c2cccc(Cl)c2)CC1=O,VJZMICBNLZRWKH-IBGZPJMESA-N,gka_candidate,False
15,40,GKA_0637,CCNC(=O)Nc1ncc(Sc2ccccn2)cc1Oc1cccnc1CC,JRYJOYINDXAPDH-UHFFFAOYSA-N,gka_candidate,False
15,41,GKA_0653,O=C(O)c1ccc(NC(=O)c2cc(OCc3ccccc3)cc(OCc3ccccc3)c2)nc1,GDIONXWSZRJUGV-UHFFFAOYSA-N,gka_candidate,False
15,42,GKA_0669,CCn1nccc1Oc1cc(CCCCOC)cnc1NC(=O)NC,FWITYVKBJMMBMI-UHFFFAOYSA-N,gka_candidate,False
15,43,GKA_0685,CCOC[C@H](Oc1ncnc2c1cnn2-c1ncccc1Cl)C(=O)Nc1ccccn1,PLXPDSFGIBWPIR-HNNXBMFYSA-N,gka_candidate,False
15,44,GKA_0701,Cc1cnc(NC(=O)[C@H](CC2CCOCC2)c2ccc(S(=O)(=O)C3CC3)cc2)s1,QRLYKVMXUHPIDV-LJQANCHMSA-N,gka_candidate,False
15,45,GKA_0717,O=C(Nc1ccc(F)cn1)[C@H](COCCO)Oc1ncnc2c1cnn2-c1ccccc1Cl,VPDZTPHDUAHHPV-KRWDZBQOSA-N,gka_candidate,False
15,46,GKA_0733,CNC(=O)Nc1ncc(Sc2ccccn2)cc1Oc1cccnc1C,ULIBCQGTCHBHOL-UHFFFAOYSA-N,gka_candidate,False
15,47,GKA_0749,CCS(=O)(=O)c1ccc(Oc2cc3cc(-c4ccc(C(F)(F)F)cn4)[nH]c3cc2C2CCC(=O)N2CC(=O)O)cc1,KKHGVRBDEBHWFR-UHFFFAOYSA-N,gka_candidate,False
15,48,GKA_0765,Cc1cnc(NC(=O)c2cc(Oc3ccc(S(C)(=O)=O)cc3)c3cc(C)oc3c2)cn1,XABGQMMZVDSFFZ-UHFFFAOYSA-N,gka_candidate,False
15,49,GKA_0781,CS(=O)(=O)c1ccc2c(=O)n([C@@H](CC3CCCCC3)C(=O)Nc3nccs3)c(=O)[nH]c2c1,QVHADGBSQNHMJB-KRWDZBQOSA-N,gka_candidate,False
15,50,B3D_0018,CCCc1nn(C)c2c(=O)[nH]c(-c3cc(S(=O)(=O)N4CCN(C)CC4)ccc3OCC)nc12,BNRNXUUZRGQAQC-UHFFFAOYSA-N,bbb_control_b3db,False
15,51,B3D_0036,c1ccc(NC2=NCCN2)cc1,JCOPITWIWLFFPC-UHFFFAOYSA-N,bbb_control_b3db,False
15,52,B3D_0052,Nc1ccn([C@@H]2CC[C@@H](CO)O2)c(=O)n1,WREGKURFCTUGRC-XPUUQOCRSA-N,bbb_control_b3db,False
15,53,B3D_0068,Cc1ccc(NC2=NCCN2)c(C)c1,QBXJXHODGDNKDJ-UHFFFAOYSA-N,bbb_control_b3db,False
15,54,B3D_0084,CN(C)c1cc(-c2n[nH]c(N)n2)ccn1,LJSSPQRYKZTFBZ-UHFFFAOYSA-N,bbb_control_b3db,False
15,55,B3D_0100,CCc1ccc(-n2cnc3c(sc4nccc(N(C)C)c43)c2=O)cc1,VCUKKMIXURRDKL-UHFFFAOYSA-N,bbb_control_b3db,False
15,56,B3D_0116,COc1cc(Nc2nn3c(NC(CO)C(C)C)cc(C4CC4)nc3c2C(N)=O)cc(OC)c1,RKZGRKFZKLGNHH-UHFFFAOYSA-N,bbb_control_b3db,False
15,57,B3D_0132,CC(C)c1nc(-c2ncn3c2CN(C)C(=O)c2c(Cl)cccc2-3)no1,SEWXZWMBVGJJPG-UHFFFAOYSA-N,bbb_control_b3db,False
15,58,B3D_0148,CN1Cc2c(C(=O)OC(C)(C)C)ncn2-c2ccsc2C1=O,ZIGMMUKDYCABPW-UHFFFAOYSA-N,bbb_control_b3db,False
15,59,B3D_0164,S=C(NC1CCCCC1)N1CCC(c2cnc[nH]2)CC1,QKDDJDBFONZGBW-UHFFFAOYSA-N,bbb_control_b3db,False
15,60,B3D_0180,O=[N+]([O-])c1c(Cc2ccccc2)c[nH]c1NCCSCc1ccccn1,JRFXCOPGCQLSLL-UHFFFAOYSA-N,bbb_control_b3db,False
15,61,B3D_0196,CC[C@]1(O)C[C@@H]2CN(CCc3c([nH]c4ccccc34)[C@@](C(=O)OC)(c3cc4c(cc3OC)N(C)[C@H]3[C@@](O)(C(=O)OC)[C@H](OC(C)=O)[C@]5(CC)C=CCN6CC[C@]43[C@@H]65)C2)C1,JXLYSJRDGCGARV-CFWMRBGOSA-N,bbb_control_b3db,False
15,62,B3D_0212,C1CCc2nnnn2CC1,CWRVKFFCRWGWCS-UHFFFAOYSA-N,bbb_control_b3db,False
15,63,B3D_0228,COC(=O)[C@@H]1C(=O)C=C(Nc2ccc(Cl)cc2)C[C@@H]1C,XFETUZOSYZRHMX-XPTSAGLGSA-N,bbb_control_b3db,False
15,64,B3D_0244,Cn1c(=O)[nH]c2ncn(C)c2c1=O,QUNWUDVFRNGTCO-UHFFFAOYSA-N,bbb_control_b3db,False
15,65,B3D_0260,Cc1cc(-c2ccccc2)nnc1N1CCN(c2ncccn2)CC1,ASVQCPUSQNFHHU-UHFFFAOYSA-N,bbb_control_b3db,False
15,66,B3D_0276,CCCN(CCC)CCc1ccc2c(c1)CC(=O)N2,RTQSAMVMLWUMFP-UHFFFAOYSA-N,bbb_control_b3db,False
15,67,B3D_0292,CCCCN1CC2Cc3cc(OC)c(OC)cc3C2C1,IILZNIQIFFBVOO-UHFFFAOYSA-N,bbb_control_b3db,False
15,68,B3D_0308,COc1ccccc1CNC1C2CCN(CC2)C1C(c1ccccc1)c1ccccc1,FLNYLINBEZROPL-UHFFFAOYSA-N,bbb_control_b3db,False
15,69,B3D_0324,c1cc(CN2CCCCC2)cc(OCCCNc2nccs2)c1,KHOCPPWRDKJTNB-UHFFFAOYSA-N,bbb_control_b3db,False
15,70,B3D_0340,Cc1cccc2c1Oc1ccccc1C1(O)CCNCC21,BKXBVNZUQILPOP-UHFFFAOYSA-N,bbb_control_b3db,False
15,71,B3D_0356,CC1NC(=NCC(F)F)Nc2cccc(Cl)c21,JDPGHZDOBUGUDU-UHFFFAOYSA-N,bbb_control_b3db,False
15,72,B3D_0372,c1ccc(NCCCOc2cccc(CN3CCCCC3)c2)nc1,YLLDMFNSWIGNPW-UHFFFAOYSA-N,bbb_control_b3db,False
15,73,B3D_0388,Cc1cccc2c1Oc1ccccc1C1(O)CCN(C)CC21,RPMDQAYGQBREBS-UHFFFAOYSA-N,bbb_control_b3db,False
15,74,B3D_0404,NCCCN1c2ccccc2Sc2ccc(Cl)cc21,ZTQZBABFEUDZFE-UHFFFAOYSA-N,bbb_control_b3db,False
15,75,B3D_0420,CN1CCC2(O)c3ccccc3Oc3ccc(Cl)cc3C2C1,BXTXGKJWTQEQHL-UHFFFAOYSA-N,bbb_control_b3db,False
15,76,B3D_0436,CCC(C)N1CCN(c2ccc(I)cc2)CC1,NTNHYNXHZGEEOM-UHFFFAOYSA-N,bbb_control_b3db,False
15,77,FRI_0015,CC(C)NCC(O)COc1cccc2[nH]ccc12,JZQKKSLKJUAGIC-UHFFFAOYSA-N,bbb_control_friden,False
15,78,FRI_0038,CN1CC[C@]23c4c5ccc(O)c4O[C@H]2[C@@H](O[C@@H]2O[C@H](C(=O)O)[C@@H](O)[C@H](O)[C@H]2O)C=C[C@H]3[C@H]1C5,GNJCUHZOSOYIEC-GAROZEBRSA-N,bbb_control_friden,False
15,79,B3D_0001,COC1(NC(=O)C(C(=O)O)c2ccc(O)cc2)C(=O)N2C(C(=O)O)=C(CSc3nnnn3C)COC21,JWCSIUVGFCSJCK-UHFFFAOYSA-N,bbb_control_b3db,True
15,80,B3D_0002,CN1CC[C@]23c4c5ccc(OC6O[C@H](C(=O)O)[C@@H](O)[C@H](O)[C@H]6O)c4O[C@H]2[C@@H](O)C=C[C@H]3[C@H]1C5,WAEXKFONHRHFBZ-QMGRMYLDSA-N,bbb_control_b3db,True
15,81,B3D_0025,O=C(O)c1cc(N=Nc2ccc(S(=O)(=O)Nc3ccccn3)cc2)ccc1O,NCEXYHBECQHGNR-UHFFFAOYSA-N,bbb_control_b3db,True
15,82,B3D_0026,Oc1c(I)cc(Cl)c2cccnc12,QCDFBFJGMNKBDO-UHFFFAOYSA-N,bbb_control_b3db,True
15,83,B3D_0441,CN(C)CCCN1c2ccccc2Sc2ccc(C(F)(F)F)cc21,XSCGXQMFQXDFCW-UHFFFAOYSA-N,bbb_control_b3db,True
15,84,B3D_0443,OCCN1CCN(CCCN2c3ccccc3Sc3ccc(C(F)(F)F)cc32)CC1,PLDUPXSUYLZYBN-UHFFFAOYSA-N,bbb_control_b3db,True
15,85,B3D_0444,CNC1CCC(c2ccc(Cl)c(Cl)c2)c2ccccc21,VGKDLMBJGBXTGI-UHFFFAOYSA-N,bbb_control_b3db,True
15,86,B3D_0445,FC(F)(F)c1ccc(N2CCNCC2)nc1Cl,QZYYPQAYSFBKPW-UHFFFAOYSA-N,bbb_control_b3db,True
15,87,FRI_0001,CC(NC(C)(C)C)C(=O)c1cccc(Cl)c1,SNPPWIUOZRMYNY-UHFFFAOYSA-N,bbb_control_friden,True
15,88,FRI_0005,CN1C(=O)CN=C(c2ccccc2)c2cc(Cl)ccc21,AAOVKJBEBIDNHE-UHFFFAOYSA-N,bbb_control_friden,True
15,89,FRI_0008,COc1ccc2c3c1O[C@H]1[C@@H](O)C=C[C@H]4[C@@H](C2)N(C)CC[C@@]341,OROGSEYTTFOCAN-DNJOTXNNSA-N,bbb_control_friden,True
15,90,FRI_0012,CN(C)CCC=C1c2ccccc2CCc2ccccc21,KRMDCWKBEZIMAB-UHFFFAOYSA-N,bbb_control_friden,True
15,91,FRI_0016,CSc1ccc2c(c1)N(CCC1CCCCN1C)c1ccccc1S2,KLBQZWRITKRQQV-UHFFFAOYSA-N,bbb_control_friden,True
15,92,FRI_0019,C=CCOc1ccccc1OCC(O)CNC(C)C,CEMAWMOMDPGJMB-UHFFFAOYSA-N,bbb_control_friden,True
15,93,FRI_0023,C[C@H]1COc2c(N3CCN(C)CC3)c(F)cc3c(=O)c(C(=O)O)cn1c23,GSDSWSVVBLHKDQ-JTQLQIEISA-N,bbb_control_friden,True
15,94,FRI_0026,CC(C)(C)NC(=O)[C@@H]1C[C@@H]2CCCC[C@@H]2CN1C[C@@H](O)[C@H](Cc1ccccc1)NC(=O)[C@H](CC(N)=O)NC(=O)c1ccc2ccccc2n1,QWAXKHKRTORLEM-UGJKXSETSA-N,bbb_control_friden,True
15,95,FRI_0030,CO[C@H]1/C=C/O[C@@]2(C)Oc3c(C)c(O)c4c(O)c(c(/C=N/N5CCN(C)CC5)c(O)c4c3C2=O)NC(=O)/C(C)=C\C=C\[C@H](C)[C@H](O)[C@@H](C)[C@@H](O)[C@@H](C)[C@H](OC(C)=O)[C@@H]1C,JQXXHWHPUNPDRT-WLSIYKJHSA-N,bbb_control_friden,True
15,96,FRI_0035,CO[C@@]1(NC(=O)C(C(=O)O)c2ccc(O)cc2)C(=O)N2C(C(=O)O)=C(CSc3nnnn3C)CO[C@@H]21,JWCSIUVGFCSJCK-CAVRMKNVSA-N,bbb_control_friden,True
15,97,FRI_0036,CN1CC[C@]23c4c5ccc(O[C@@H]6O[C@H](C(=O)O)[C@@H](O)[C@H](O)[C@H]6O)c4O[C@H]2[C@@H](O)C=C[C@H]3[C@H]1C5,WAEXKFONHRHFBZ-ZXDZBKESSA-N,bbb_control_friden,True
15,98,FRI_0041,CN(Cc1cnc2nc(N)nc(N)c2n1)c1ccc(C(=O)N[C@@H](CCC(=O)O)C(=O)O)cc1,FBOZXECLQNJBKD-ZDUSSCGKSA-N,bbb_control_friden,True
16,1,GKA_0014,Cc1ccc(Sc2ccc(Sc3nnc[nH]3)nc2C(=O)Nc2ncns2)cn1,JADPOZIPXGRFTI-UHFFFAOYSA-N,gka_candidate,False
16,2,GKA_0030,CCOP(=O)(Cn1ccc(NC(=O)c2cc(Oc3ccc(S(=O)(=O)N4CCC4)cc3)cc(OC(C)C)c2)n1)OCC,KCYXUDZLRCFLSN-UHFFFAOYSA-N,gka_candidate,False
16,3,GKA_0046,CS(=O)(=O)c1ccc(/C(=C\C2CCCCCC2)C(=O)Nc2ncc(Br)s2)cc1,FDQAFURIAOKAFS-SFQUDFHCSA-N,gka_candidate,False
16,4,GKA_0062,COC[C@H](C)Oc1cc(C#Cc2cccc(OCCN3CCOCC3)c2)cc(C(=O)Nc2ccn(C)n2)c1,SCKXJGWFLUCPHL-QFIPXVFZSA-N,gka_candidate,False
16,5,GKA_0078,CS(=O)(=O)c1ccc(/C(=C\C2CCCCC2)C(=O)Nc2cc(Br)ccn2)cc1C(F)(F)F,MYPNOUBWEHPWPY-GZTJUZNOSA-N,gka_candidate,False
16,6,GKA_0094,COC[C@H](C)Oc1cc(Oc2ccc(S(C)(=O)=O)cc2)cc(C(=O)Nc2nccs2)c1,DCUCWQYSNMLTSW-AWEZNQCLSA-N,gka_candidate,False
16,7,GKA_0110,CNC(=O)Nc1cc(Oc2cncc(OC)c2)c(C2=CCOCC2)cn1,OJNQROPSWJFXHA-UHFFFAOYSA-N,gka_candidate,False
16,8,GKA_0126,c1ccc(Oc2cc(Sc3ccncc3)cnc2Nc2nc(C3CC3)cs2)cc1,IYEJBIRMKQSGLJ-UHFFFAOYSA-N,gka_candidate,False
16,9,GKA_0142,O=C(Nc1ncc(F)s1)[C@H](CC1CCOCC1)n1ncc2c(S(=O)(=O)C3CC3)ccnc21,YKBDFPILEUOTGX-HNNXBMFYSA-N,gka_candidate,False
16,10,GKA_0158,CC(C)=CCOc1cc(Oc2ccc(S(=O)(=O)N3CC4CCC(C3)O4)cc2)cc(C(=O)Nc2cc(C)n(C)n2)c1,DWWDHOWABXTSTF-UHFFFAOYSA-N,gka_candidate,False
16,11,GKA_0174,CCS(=O)(=O)c1ccc(Oc2cc3nc(-c4ccccn4)[nH]c3cc2CN2CCN(C)C2=O)cc1,XBEFXEPSOIGYMK-UHFFFAOYSA-N,gka_candidate,False
16,12,GKA_0190,Cc1cnc(NC(=O)c2cc(Sc3nncn3C)ccc2N)s1,USUMNIYLFMJINZ-UHFFFAOYSA-N,gka_candidate,False
16,13,GKA_0206,CCS(=O)(=O)c1ccc(Oc2cc3nc(-c4ccccn4)[nH]c3cc2Cn2ccnc2)cc1,PGZFLIGICKGSIH-UHFFFAOYSA-N,gka_candidate,False
16,14,GKA_0222,COc1ccc2nc(NC(=O)C(CC3CCCC3)c3ccc(S(=O)(=O)NC4CC4)cc3)sc2n1,BFVMMROZEZLKNK-UHFFFAOYSA-N,gka_candidate,False
16,15,GKA_0238,CC(C)c1csc(NC(=O)C(CC2CCOCC2)c2ccc(S(C)(=O)=O)cc2)n1,NSHNTEGAQYQHAG-UHFFFAOYSA-N,gka_candidate,False
16,16,GKA_0254,CCn1nccc1Oc1cc(Sc2ccccn2)cnc1NC(=O)NC,BMKXMPKGWHESCK-UHFFFAOYSA-N,gka_candidate,False
16,17,GKA_0270,Cc1ccc(NC(=O)c2cc(Oc3cnc(C(=O)N(C)C)cn3)c3cc(C)oc3c2)nc1,JYDZDGNPSCSHEV-UHFFFAOYSA-N,gka_candidate,False
16,18,GKA_0286,CS(=O)(=O)c1ccc(/C(=C\c2cccs2)C(=O)Nc2nccs2)cc1,ZCRHVAOVNFNLDX-RVDMUPIBSA-N,gka_candidate,False
16,19,GKA_0302,Cc1cnc(NC(=O)[C@H](CC2CCCC2)n2cc(Cl)c(S(=O)(=O)C(C)C)cc2=O)cn1,AFBMFXXDOHDSTI-KRWDZBQOSA-N,gka_candidate,False
16,20,GKA_0318,CNC(=O)NC(=O)/C(=C/C1CCCC1)c1ccc(-n2nnnc2C)c(F)c1,KKSIHNCDBOMQRF-NTEUORMPSA-N,gka_candidate,False
16,21,GKA_0334,CS(=O)(=O)c1ccc(/C(=C\C2CCCCCC2)C(=O)Nc2ncc(Br)s2)cc1C(F)(F)F,XOWGQNFXTWHUGV-XNTDXEJSSA-N,gka_candidate,False
16,22,GKA_0350,CS(=O)(=O)c1ccc(/C(=C\C2CCCCC2)C(=O)Nc2nccs2)cc1,SANUEZHQGWAUCN-GHRIWEEISA-N,gka_candidate,False
16,23,GKA_0366,COC[C@H](C)Oc1cc(O[C@@H](C)Cc2ccc(F)cc2)cc(C(=O)Nc2ccc(C(=O)O)cn2)c1,YCMZIWKNBMLCBK-IRXDYDNUSA-N,gka_candidate,False
16,24,GKA_0382,O=C(Nc1ccc(F)cn1)[C@H](CN1CC(O)C1)Oc1ncnc2c1cnn2-c1c(F)cccc1Cl,BMGADORKBYLQMZ-KRWDZBQOSA-N,gka_candidate,False
16,25,GKA_0398,COC[C@H](C)Oc1cc(Oc2ccc(S(C)(=O)=O)cc2)cc(C(=O)Nc2ccc(C(=O)O)cn2)c1,RRKOUBJQZMTEAU-HNNXBMFYSA-N,gka_candidate,False
16,26,GKA_0414,COC[C@H](C)Oc1cc(OC[C@H](C)c2ccccc2)cc(C(=O)Nc2ccc(C(=O)O)cn2)c1,LLYXTCIGDZEJAK-ROUUACIJSA-N,gka_candidate,False
16,27,GKA_0430,O=C(Nc1ccccn1)[C@H](CN1CC(O)C1)Oc1ncnc2c1cnn2-c1c(F)cccc1Cl,RAHYDCLHDREWBV-KRWDZBQOSA-N,gka_candidate,False
16,28,GKA_0446,Cn1ccc(Nc2ncnc3ccc(Oc4ncccc4Cl)cc23)n1,DPOPBIKSYAJLLK-UHFFFAOYSA-N,gka_candidate,False
16,29,GKA_0462,O=C(Nc1ncc(F)s1)[C@H](CC1CCOCC1)n1ncc2c(S(=O)(=O)C3CC3)cc(O)cc21,UKFJOAZAZSQUJZ-KRWDZBQOSA-N,gka_candidate,False
16,30,GKA_0478,CCc1ncccc1Oc1cc(CCCC(C)(C)O)cnc1NC(=O)NC,UKIPUFLXFPRFNY-UHFFFAOYSA-N,gka_candidate,False
16,31,GKA_0494,O=C(Nc1ncc(F)s1)[C@H](CC1CCOCC1)n1ncc2c(S(=O)(=O)C3CC3)cc(F)cc21,BTBPVWQJZDELHN-KRWDZBQOSA-N,gka_candidate,False
16,32,GKA_0510,CCS(=O)(=O)c1ccc(Oc2cc(OC(C)COC)cc(C(=O)Nc3nc4c(s3)CN(C(=O)OC(C)(C)C)CC4)c2)cc1,NLNRFKHPSDEQHQ-UHFFFAOYSA-N,gka_candidate,False
16,33,GKA_0526,COc1cccc(Sc2ccc(Sc3nnc[nH]3)nc2C(=O)Nc2nccs2)c1,JYZRFQGUIUNSKZ-UHFFFAOYSA-N,gka_candidate,False
16,34,GKA_0542,CCCCN(CCCC)S(=O)(=O)c1ccc(C(CC2CCCC2)C(=O)Nc2nc3ccc(OC)nc3s2)cc1,XYZNQKSZWPWKJH-UHFFFAOYSA-N,gka_candidate,False
16,35,GKA_0558,N#Cc1cccc(Cl)c1-n1ncc2c(O[C@@H](CN3CC(O)C3)C(=O)Nc3ccc(F)cn3)ncnc21,PUKKREPUSDNYNL-SFHVURJKSA-N,gka_candidate,False
16,36,GKA_0574,CS(=O)(=O)c1ccc(Oc2cc(OC3CCOC3)cc(C(=O)Nc3nccs3)c2)cc1,UQHVRVYGEAIGAH-UHFFFAOYSA-N,gka_candidate,False
16,37,GKA_0590,Cc1ccc(NC(=O)[C@H](CC2CCCCC2)n2ccc(S(=O)(=O)C(C)C)cc2=O)nc1,CMVJPDGJFABMKS-FQEVSTJZSA-N,gka_candidate,False
16,38,GKA_0606,COc1cc(Oc2cnc(NC(=O)C(OC3CCOCC3)c3ccc(S(=O)(=O)C4CC4)cc3)s2)ccc1C(=O)O,XPJLZCPYRYBPQG-UHFFFAOYSA-N,gka_candidate,False
16,39,GKA_0622,Cc1csc(NC(=O)c2cc(Oc3cccc(S(C)(=O)=O)c3)cc(OC(C)C)c2)n1,CRYYJJWVCVRMJC-UHFFFAOYSA-N,gka_candidate,False
16,40,GKA_0638,Cc1cnc(NC(=O)c2cc(Oc3cnc(C(=O)N4CCC4)c(F)c3)c3cn(C)nc3c2)cn1,UPZVKDRGBJLNEM-UHFFFAOYSA-N,gka_candidate,False
16,41,GKA_0654,O=C(Nc1ncc(Cl)s1)[C@H](CC1CCCCC1)n1cnc2cc(S(=O)(=O)C3CCCC3)ccc2c1=O,WGLFNEOQPYULNY-NRFANRHFSA-N,gka_candidate,False
16,42,GKA_0670,Cc1cccnc1-c1cc(Oc2ccc(S(C)(=O)=O)cc2)cc(C(=O)Nc2nc(CNC(C)C)cs2)c1,QSZQGDHXEWWXQQ-UHFFFAOYSA-N,gka_candidate,False
16,43,GKA_0686,O=C(Nc1ccc(Cl)cn1)[C@H](COCCO)Oc1ncnc2c1cnn2-c1ncccc1Cl,JGFLXCJCQKHWLZ-HNNXBMFYSA-N,gka_candidate,False
16,44,GKA_0702,O=C(Nc1nccs1)[C@H](CC1CCOCC1)c1ccc(S(=O)(=O)C2CC2)cc1,DOTNXOZFPLAGNY-GOSISDBHSA-N,gka_candidate,False
16,45,GKA_0718,OCc1ccc(C(CC2CCCC2)c2cc3cccnc3[nH]2)cc1Cl,ZJSWYTAJRQXWKP-UHFFFAOYSA-N,gka_candidate,False
16,46,GKA_0734,Cc1cnc(NC(=O)c2cc(Oc3ccc(C(=O)N(C)C)cc3)c3cn(C)nc3c2)cn1,VFNOJEBCZRXYMG-UHFFFAOYSA-N,gka_candidate,False
16,47,GKA_0750,CC(=O)N1CCC(c2nsc(Nc3ncc(Sc4ccccn4)cc3Oc3cccnc3)n2)CC1,RMMLINKWFXVLPJ-UHFFFAOYSA-N,gka_candidate,False
16,48,GKA_0766,CCc1ncccc1Oc1cc(Sc2ccccn2)cnc1NC(=O)NCc1cccc(O)c1,RLVIXVHIIIXZMP-UHFFFAOYSA-N,gka_candidate,False
16,49,GKA_0782,COC[C@H](C)Oc1cc(Oc2cnc(C(=O)N(C)C)nc2)cc(-c2nccc(=O)[nH]2)c1,HBIFNWXYLNVLIK-ZDUSSCGKSA-N,gka_candidate,False
16,50,B3D_0019,Cc1ccc(N=C2N(C)CCN2C)c(C)c1,WAWZQNKLTPPAKU-UHFFFAOYSA-N,bbb_control_b3db,False
16,51,B3D_0037,CN1Cc2c(-c3noc(C(C)(O)CO)n3)ncn2-c2cccc(Cl)c2C1=O,NHGAJMORWUZRDS-UHFFFAOYSA-N,bbb_control_b3db,False
16,52,B3D_0053,Cc1nnc2n1-c1ccc(Cl)cc1C(c1ccccc1)=NC2O,CEYGCFLPQFNPST-UHFFFAOYSA-N,bbb_control_b3db,False
16,53,B3D_0069,Cc1nc(Nc2ncc(C(=O)Nc3c(Cl)cccc3Cl)s2)cc(N2CCN(CCO)CC2)n1,AQYKQVZJARJBMR-UHFFFAOYSA-N,bbb_control_b3db,False
16,54,B3D_0085,NC(N)=Nc1nc(-c2cccc(N)c2)cs1,QDNHJPYZKZDMNJ-UHFFFAOYSA-N,bbb_control_b3db,False
16,55,B3D_0101,Cn1nnc2c(C(N)=O)ncn2c1=O,BPEGJWRSRHCHSN-UHFFFAOYSA-N,bbb_control_b3db,False
16,56,B3D_0117,Cc1ccc2c(OCCN3CCC(Cc4ccc5c(c4)NC(=O)CO5)CC3)cccc2n1,PJSUYRBCBFPCQW-UHFFFAOYSA-N,bbb_control_b3db,False
16,57,B3D_0133,C[C@]12CC[C@@H]3c4ccc(O)cc4CC[C@H]3[C@@H]1C[C@H](F)[C@@H]2O,KDLLNMRYZGUVMA-ZMSHIADSSA-N,bbb_control_b3db,False
16,58,B3D_0149,CNC(=O)c1c(NCC2CCC3(CCC3)CC2)nc(C#N)nc1OC1CC(C)(C)NC(C)(C)C1,FDHGENAHJDLTJT-UHFFFAOYSA-N,bbb_control_b3db,False
16,59,B3D_0165,C[C@]12C=CC(=O)C=C1CC[C@@H]1[C@@H]2C(O)C[C@@]2(C)[C@H]1CC[C@]2(O)C(=O)CO,OIGNJSKKLXVSLS-KZUKIWJVSA-N,bbb_control_b3db,False
16,60,B3D_0181,C=CCC1(C(C)C#CCC)C(=O)NC(=O)N(C)C1=O,NZXKDOXHBHYTKP-UHFFFAOYSA-N,bbb_control_b3db,False
16,61,B3D_0197,COc1cc2c(cc1OC)[C@@H]1Cc3ccc(OC)c(OC)c3CN1CC2,AEQDJSLRWYMAQI-KRWDZBQOSA-N,bbb_control_b3db,False
16,62,B3D_0213,Cc1ncc2n1-c1ccc(Cl)cc1C(c1ccccc1F)=N[C@@H]2O,ZYISITHKPKHPKG-GOSISDBHSA-N,bbb_control_b3db,False
16,63,B3D_0229,Cc1c(N(C)C)c(=O)n(-c2ccccc2)n1C,RMMXTBMQSGEXHJ-UHFFFAOYSA-N,bbb_control_b3db,False
16,64,B3D_0245,CNC(=O)Oc1ccc2c(c1)[C@]1(C)CCN(C)[C@@H]1N2C,PIJVFDBKTWXHHD-HIFRSBDPSA-N,bbb_control_b3db,False
16,65,B3D_0261,CCOc1ccc(-c2nn3ncccc3c2-c2ccc(S(C)(=O)=O)cc2)cc1,NXMZBNYLCVTRGB-UHFFFAOYSA-N,bbb_control_b3db,False
16,66,B3D_0277,O=C(CCCN1CCC2(CC1)C(=O)NCN2c1ccccc1)c1ccc(F)cc1,DKGZKTPJOSAWFA-UHFFFAOYSA-N,bbb_control_b3db,False
16,67,B3D_0293,COc1ccc2c3c1OC1CC(O)C=CC31CCN(C)C2,ASUTZQLVASHGKV-UHFFFAOYSA-N,bbb_control_b3db,False
16,68,B3D_0309,Clc1ccc(Cl)c(N=C2NCCN2)c1,BYALCVXDQPAMHM-UHFFFAOYSA-N,bbb_control_b3db,False
16,69,B3D_0325,CCC(=O)OC(Cc1ccccc1)(c1ccccc1)[C@H](C)CN(C)C,XLMALTXPSGQGBX-ZZWBGTBQSA-N,bbb_control_b3db,False
16,70,B3D_0341,Fc1ccc([C@@H]2CCNCC2COc2ccc3c(c2)OCO3)cc1,AHOUBRCZNHFOSL-JRZJBTRGSA-N,bbb_control_b3db,False
16,71,B3D_0357,CCC12CCN(CC3(O)CC3)C(Cc3ccc(O)cc31)C2(C)C,ZDXGFIXMPOUDFF-UHFFFAOYSA-N,bbb_control_b3db,False
16,72,B3D_0373,c1ccc2c(c1)CCCN2,LBUJPTNKIBCYBY-UHFFFAOYSA-N,bbb_control_b3db,False
16,73,B3D_0389,CCCC(=O)c1ccc2c(c1)N(CCCN1CCN(C)CC1)c1ccccc1S2,DVLBYTMYSMAKHP-UHFFFAOYSA-N,bbb_control_b3db,False
16,74,B3D_0405,COc1ccc(C(C)(C)C)cc1CNC1CCCNC1c1ccccc1,JPQLYXMJKNOOIS-UHFFFAOYSA-N,bbb_control_b3db,False
16,75,B3D_0421,CNCCC=C1c2ccccc2CCc2ccccc21,PHVGLTMQBUFIQQ-UHFFFAOYSA-N,bbb_control_b3db,False
16,76,B3D_0437,O=C(CCCN1CCC(O)(c2ccc(Br)cc2)CC1)c1ccc(F)cc1,RKLNONIVDFXQRX-UHFFFAOYSA-N,bbb_control_b3db,False
16,77,FRI_0017,C=CCc1ccccc1OCC(O)CNC(C)C,PAZJSJFMUHDSTF-UHFFFAOYSA-N,bbb_control_friden,False
16,78,FRI_0039,CC(=O)O[C@H]1C(=O)[C@@]2(C)[C@H]([C@H](OC(=O)c3ccccc3)[C@]3(O)C[C@H](OC(=O)[C@H](O)[C@@H](NC(=O)c4ccccc4)c4ccccc4)C(C)=C1C3(C)C)[C@]1(OC(C)=O)CO[C@@H]1C[C@@H]2O,RCINICONZNJXQF-MZXODVADSA-N,bbb_control_friden,False
16,79,B3D_0001,COC1(NC(=O)C(C(=O)O)c2ccc(O)cc2)C(=O)N2C(C(=O)O)=C(CSc3nnnn3C)COC21,JWCSIUVGFCSJCK-UHFFFAOYSA-N,bbb_control_b3db,True
16,80,B3D_0002,CN1CC[C@]23c4c5ccc(OC6O[C@H](C(=O)O)[C@@H](O)[C@H](O)[C@H]6O)c4O[C@H]2[C@@H](O)C=C[C@H]3[C@H]1C5,WAEXKFONHRHFBZ-QMGRMYLDSA-N,bbb_control_b3db,True
16,81,B3D_0025,O=C(O)c1cc(N=Nc2ccc(S(=O)(=O)Nc3ccccn3)cc2)ccc1O,NCEXYHBECQHGNR-UHFFFAOYSA-N,bbb_control_b3db,True
16,82,B3D_0026,Oc1c(I)cc(Cl)c2cccnc12,QCDFBFJGMNKBDO-UHFFFAOYSA-N,bbb_control_b3db,True
16,83,B3D_0441,CN(C)CCCN1c2ccccc2Sc2ccc(C(F)(F)F)cc21,XSCGXQMFQXDFCW-UHFFFAOYSA-N,bbb_control_b3db,True
16,84,B3D_0443,OCCN1CCN(CCCN2c3ccccc3Sc3ccc(C(F)(F)F)cc32)CC1,PLDUPXSUYLZYBN-UHFFFAOYSA-N,bbb_control_b3db,True
16,85,B3D_0444,CNC1CCC(c2ccc(Cl)c(Cl)c2)c2ccccc21,VGKDLMBJGBXTGI-UHFFFAOYSA-N,bbb_control_b3db,True
16,86,B3D_0445,FC(F)(F)c1ccc(N2CCNCC2)nc1Cl,QZYYPQAYSFBKPW-UHFFFAOYSA-N,bbb_control_b3db,True
16,87,FRI_0001,CC(NC(C)(C)C)C(=O)c1cccc(Cl)c1,SNPPWIUOZRMYNY-UHFFFAOYSA-N,bbb_control_friden,True
16,88,FRI_0005,CN1C(=O)CN=C(c2ccccc2)c2cc(Cl)ccc21,AAOVKJBEBIDNHE-UHFFFAOYSA-N,bbb_control_friden,True
16,89,FRI_0008,COc1ccc2c3c1O[C@H]1[C@@H](O)C=C[C@H]4[C@@H](C2)N(C)CC[C@@]341,OROGSEYTTFOCAN-DNJOTXNNSA-N,bbb_control_friden,True
16,90,FRI_0012,CN(C)CCC=C1c2ccccc2CCc2ccccc21,KRMDCWKBEZIMAB-UHFFFAOYSA-N,bbb_control_friden,True
16,91,FRI_0016,CSc1ccc2c(c1)N(CCC1CCCCN1C)c1ccccc1S2,KLBQZWRITKRQQV-UHFFFAOYSA-N,bbb_control_friden,True
16,92,FRI_0019,C=CCOc1ccccc1OCC(O)CNC(C)C,CEMAWMOMDPGJMB-UHFFFAOYSA-N,bbb_control_friden,True
16,93,FRI_0023,C[C@H]1COc2c(N3CCN(C)CC3)c(F)cc3c(=O)c(C(=O)O)cn1c23,GSDSWSVVBLHKDQ-JTQLQIEISA-N,bbb_control_friden,True
16,94,FRI_0026,CC(C)(C)NC(=O)[C@@H]1C[C@@H]2CCCC[C@@H]2CN1C[C@@H](O)[C@H](Cc1ccccc1)NC(=O)[C@H](CC(N)=O)NC(=O)c1ccc2ccccc2n1,QWAXKHKRTORLEM-UGJKXSETSA-N,bbb_control_friden,True
16,95,FRI_0030,CO[C@H]1/C=C/O[C@@]2(C)Oc3c(C)c(O)c4c(O)c(c(/C=N/N5CCN(C)CC5)c(O)c4c3C2=O)NC(=O)/C(C)=C\C=C\[C@H](C)[C@H](O)[C@@H](C)[C@@H](O)[C@@H](C)[C@H](OC(C)=O)[C@@H]1C,JQXXHWHPUNPDRT-WLSIYKJHSA-N,bbb_control_friden,True
16,96,FRI_0035,CO[C@@]1(NC(=O)C(C(=O)O)c2ccc(O)cc2)C(=O)N2C(C(=O)O)=C(CSc3nnnn3C)CO[C@@H]21,JWCSIUVGFCSJCK-CAVRMKNVSA-N,bbb_control_friden,True
16,97,FRI_0036,CN1CC[C@]23c4c5ccc(O[C@@H]6O[C@H](C(=O)O)[C@@H](O)[C@H](O)[C@H]6O)c4O[C@H]2[C@@H](O)C=C[C@H]3[C@H]1C5,WAEXKFONHRHFBZ-ZXDZBKESSA-N,bbb_control_friden,True
16,98,FRI_0041,CN(Cc1cnc2nc(N)nc(N)c2n1)c1ccc(C(=O)N[C@@H](CCC(=O)O)C(=O)O)cc1,FBOZXECLQNJBKD-ZDUSSCGKSA-N,bbb_control_friden,True
