mol_id,set,source_id,compound_name,input_smiles,gka_molecule_pref_name,gka_max_phase,gka_source,gka_curated_direction,gka_priority,gka_potency_band,gka_pactivity_median,gka_is_positive_control,gka_control_name,gka_parent_chembl_id,gka_is_salt,control_class,measure_basis,logbb,kpuu_brain,b3db_label,b3db_group,control_id,input_smiles_missing
GKA_0001,gka_candidate,CHEMBL3219124,AZD-1656,COC[C@H](C)Oc1cc(Oc2cnc(C(=O)N3CCC3)cn2)cc(C(=O)Nc2cnc(C)cn2)c1,AZD-1656,2.0,activity+drug_annotation,ACTIVATOR,P2,≥7.5（EC50 ≤ 32 nM）,7.55,True,AZD-1656,CHEMBL3219124,False,,,,,,,,False
GKA_0002,gka_candidate,CHEMBL2165620,PF-04991532,O=C(O)c1ccc(NC(=O)[C@H](CC2CCCC2)n2cnc(C(F)(F)F)c2)nc1,PF-04991532,2.0,activity+drug_annotation,ACTIVATOR,P2,7.0–7.5（32–100 nM）,7.05,True,PF-04991532,CHEMBL2165620,False,,,,,,,,False
GKA_0003,gka_candidate,CHEMBL2165615,NERIGLIATIN,Cc1cnc(NC(=O)c2cc(Oc3cnc(C(=O)N(C)C)nc3)c3cc(C)oc3c2)cn1,NERIGLIATIN,2.0,activity+drug_annotation,ACTIVATOR,P3,6.5–7.0（0.1–0.32 µM）,6.725,True,Neriglitin,CHEMBL2165615,False,,,,,,,,False
GKA_0004,gka_candidate,CHEMBL1783734,PIRAGLIATIN,CS(=O)(=O)c1ccc([C@@H](C[C@H]2CCC(=O)C2)C(=O)Nc2cnccn2)cc1Cl,PIRAGLIATIN,2.0,activity+drug_annotation,,P3,6.0–6.5（0.32–1 µM）,6.145,True,Piraglitin,CHEMBL1783734,False,,,,,,,,False
GKA_0005,gka_candidate,CHEMBL4086782,,CCS(=O)(=O)c1ccc(Oc2cc3cc(-c4ccc(C(F)(F)F)cn4)[nH]c3cc2C2CCC(=O)N2C)cc1,,,activity,,P1,≥7.5（EC50 ≤ 32 nM）,8.775,False,,CHEMBL4086782,False,,,,,,,,False
GKA_0006,gka_candidate,CHEMBL4067028,,CN1C(=O)CCC1c1cc2[nH]c(-c3ccccn3)cc2cc1Oc1ccc(S(C)(=O)=O)nc1,,,activity,,P1,≥7.5（EC50 ≤ 32 nM）,8.525,False,,CHEMBL4067028,False,,,,,,,,False
GKA_0007,gka_candidate,CHEMBL4086771,,Cc1cnc(-c2cc3cc(Oc4ccc(S(C)(=O)=O)nc4)c(C4CCC(=O)N4C)cc3[nH]2)s1,,,activity,,P1,≥7.5（EC50 ≤ 32 nM）,8.385,False,,CHEMBL4086771,False,,,,,,,,False
GKA_0008,gka_candidate,CHEMBL4092800,,COc1ccc(Sc2ccc(Sc3ccccn3)nc2C(=O)Nc2nc(CC(=O)O)c(Cl)s2)cc1,,,activity,,P1,≥7.5（EC50 ≤ 32 nM）,8.24,False,,CHEMBL4092800,False,,,,,,,,False
GKA_0009,gka_candidate,CHEMBL4078915,,CN1C(=O)CCC1c1cc2[nH]c(-c3cnccn3)cc2cc1Oc1ccc(S(C)(=O)=O)nc1,,,activity,,P1,≥7.5（EC50 ≤ 32 nM）,8.05,False,,CHEMBL4078915,False,,,,,,,,False
GKA_0010,gka_candidate,CHEMBL3764079,,CS(=O)(=O)c1ccc(/C(=C/C2CCCC2)c2cc3cccnc3[nH]2)cc1Cl,,,activity,,P1,≥7.5（EC50 ≤ 32 nM）,7.91,False,,CHEMBL3764079,False,,,,,,,,False
GKA_0011,gka_candidate,CHEMBL5076377,,CCOP(=O)(Cn1ccc(NC(=O)c2cc(Oc3ccc(C(=O)N4CCC4)nc3)cc(OC(C)C)c2)n1)OCC,,,activity,,P1,≥7.5（EC50 ≤ 32 nM）,7.6,False,,CHEMBL5076377,False,,,,,,,,False
GKA_0012,gka_candidate,CHEMBL1165653,,CC(C)c1csc(NC(=O)[C@H](CC2CCOCC2)c2ccc(S(=O)(=O)C3CC3)cc2)n1,,,activity,,P1,≥7.5（EC50 ≤ 32 nM）,7.58,False,,CHEMBL1165653,False,,,,,,,,False
GKA_0013,gka_candidate,CHEMBL572840,,Cc1cccc(C#N)c1Oc1ccc2ncnc(Nc3ccn(C)n3)c2c1,,,activity,,P1,≥7.5（EC50 ≤ 32 nM）,7.58,False,,CHEMBL572840,False,,,,,,,,False
GKA_0014,gka_candidate,CHEMBL4079100,,Cc1ccc(Sc2ccc(Sc3nnc[nH]3)nc2C(=O)Nc2ncns2)cn1,,,activity,,P1,≥7.5（EC50 ≤ 32 nM）,7.56,False,,CHEMBL4079100,False,,,,,,,,False
GKA_0015,gka_candidate,CHEMBL2022798,,CC(C)=CCOc1cc(Oc2ccc(S(=O)(=O)C3CC3)cc2)cc(C(=O)Nc2nccs2)c1,,,activity,,P1,≥7.5（EC50 ≤ 32 nM）,7.55,False,,CHEMBL2022798,False,,,,,,,,False
GKA_0016,gka_candidate,CHEMBL5076695,,CCOP(=O)(Cn1ccc(NC(=O)c2cc(Oc3ccc(S(=O)(=O)CC)cc3)cc(OC(C)C)c2)n1)OCC,,,activity,,P1,≥7.5（EC50 ≤ 32 nM）,7.55,False,,CHEMBL5076695,False,,,,,,,,False
GKA_0017,gka_candidate,CHEMBL4101417,,O=C(Nc1ncc(Cl)s1)[C@H](CC1CCOCC1)n1ncc2c(S(=O)(=O)C3CC3)cccc21,,,activity,,P1,≥7.5（EC50 ≤ 32 nM）,7.51,False,,CHEMBL4101417,False,,,,,,,,False
GKA_0018,gka_candidate,CHEMBL596026,,CCS(=O)(=O)c1ccc(Oc2cc3nc(-c4ccccn4)[nH]c3cc2CN2C(=O)COC2=O)cc1,,,activity,,P1,7.0–7.5（32–100 nM）,7.375,False,,CHEMBL596026,False,,,,,,,,False
GKA_0019,gka_candidate,CHEMBL2023054,,CC(C)=CCOc1cc(Oc2ccc(S(=O)(=O)N3CC[C@H](F)C3)cc2)cc(C(=O)Nc2ncc(F)s2)c1,,,activity,,P1,7.0–7.5（32–100 nM）,7.35,False,,CHEMBL2023054,False,,,,,,,,False
GKA_0020,gka_candidate,CHEMBL2023432,,CC(C)=CCOc1cc(Oc2ccc(S(=O)(=O)N3C[C@@H](C)O[C@@H](C)C3)cc2)cc(C(=O)Nc2cc(C)n(C)n2)c1,,,activity,,P1,7.0–7.5（32–100 nM）,7.35,False,,CHEMBL2023432,False,,,,,,,,False
GKA_0021,gka_candidate,CHEMBL584378,,Cn1ccc(Nc2ncnc3ccc(Oc4ncccc4Br)cc23)n1,,,activity,,P1,7.0–7.5（32–100 nM）,7.33,False,,CHEMBL584378,False,,,,,,,,False
GKA_0022,gka_candidate,CHEMBL2022800,,CC(C)=CCOc1cc(Oc2ccc(S(=O)(=O)N3CCOCC3)cc2)cc(C(=O)Nc2nccs2)c1,,,activity,,P1,7.0–7.5（32–100 nM）,7.32,False,,CHEMBL2022800,False,,,,,,,,False
GKA_0023,gka_candidate,CHEMBL5083525,,CCOP(=O)(Cn1ncc(NC(=O)c2cc(Oc3ccc(S(C)(=O)=O)cc3)cc(O[C@@H](C)COC)c2)n1)OCC,,,activity,,P1,7.0–7.5（32–100 nM）,7.31,False,,CHEMBL5083525,False,,,,,,,,False
GKA_0024,gka_candidate,CHEMBL1165284,,O=C(Nc1nc2c(s1)CCCC2)C(CC1CCOCC1)c1ccc(S(=O)(=O)C2CC2)cc1,,,activity,,P1,7.0–7.5（32–100 nM）,7.21,False,,CHEMBL1165284,False,,,,,,,,False
GKA_0025,gka_candidate,CHEMBL5094606,,CCOP(=O)(Cn1ccc(NC(=O)c2cc(Oc3cnc(C(=O)N4CCC4)nc3)cc(OC(C)C)c2)n1)OCC,,,activity,,P1,7.0–7.5（32–100 nM）,7.21,False,,CHEMBL5094606,False,,,,,,,,False
GKA_0026,gka_candidate,CHEMBL2023436,,CC(C)=CCOc1cc(Oc2ccc(S(=O)(=O)N3CC[C@H](F)C3)cc2)cc(C(=O)Nc2cc(C)n(C)n2)c1,,,activity,,P1,7.0–7.5（32–100 nM）,7.2,False,,CHEMBL2023436,False,,,,,,,,False
GKA_0027,gka_candidate,CHEMBL2346882,,O=C(Nc1nccs1)[C@H](CC1CCCCC1)N1CCN(S(=O)(=O)C2CCCC2)CC1=O,,,activity,,P1,7.0–7.5（32–100 nM）,7.2,False,,CHEMBL2346882,False,,,,,,,,False
GKA_0028,gka_candidate,CHEMBL2023056,,COC1CCN(S(=O)(=O)c2ccc(Oc3cc(OCC=C(C)C)cc(C(=O)Nc4ncc(F)s4)c3)cc2)CC1,,,activity,,P1,7.0–7.5（32–100 nM）,7.19,False,,CHEMBL2023056,False,,,,,,,,False
GKA_0029,gka_candidate,CHEMBL575904,,Cc1nsc(Nc2ncnc3ccc(Oc4c(F)cccc4S(C)(=O)=O)cc23)n1,,,activity,,P1,7.0–7.5（32–100 nM）,7.18,False,,CHEMBL575904,False,,,,,,,,False
GKA_0030,gka_candidate,CHEMBL5072442,,CCOP(=O)(Cn1ccc(NC(=O)c2cc(Oc3ccc(S(=O)(=O)N4CCC4)cc3)cc(OC(C)C)c2)n1)OCC,,,activity,,P1,7.0–7.5（32–100 nM）,7.17,False,,CHEMBL5072442,False,,,,,,,,False
GKA_0031,gka_candidate,CHEMBL480725,,O=C(Nc1ncc(F)s1)[C@H](CC1CCOCC1)c1ccc(S(=O)(=O)C2CCCC2)cc1,,,activity,,P1,7.0–7.5（32–100 nM）,7.16,False,,CHEMBL480725,False,,,,,,,,False
GKA_0032,gka_candidate,CHEMBL608393,,Cn1ccnc1Sc1cc(C(=O)Nc2nccs2)c(N)cc1F,,,activity,,P1,7.0–7.5（32–100 nM）,7.135,False,,CHEMBL608393,False,,,,,,,,False
GKA_0033,gka_candidate,CHEMBL2023052,,CC(C)=CCOc1cc(Oc2ccc(S(=O)(=O)N3CC4CCC(C3)O4)cc2)cc(C(=O)Nc2ncc(F)s2)c1,,,activity,,P1,7.0–7.5（32–100 nM）,7.11,False,,CHEMBL2023052,False,,,,,,,,False
GKA_0034,gka_candidate,CHEMBL1164790,,O=C(Nc1nc2c(s1)CCC2)C(CC1CCOCC1)c1ccc(S(=O)(=O)C2CC2)cc1,,,activity,,P1,7.0–7.5（32–100 nM）,7.1,False,,CHEMBL1164790,False,,,,,,,,False
GKA_0035,gka_candidate,CHEMBL2346761,,Cc1cc(S(=O)(=O)C2CCCC2)cc(=O)n1[C@@H](CC1CCCCC1)C(=O)Nc1nccs1,,,activity,,P1,7.0–7.5（32–100 nM）,7.1,False,,CHEMBL2346761,False,,,,,,,,False
GKA_0036,gka_candidate,CHEMBL2346891,,CNC(=O)c1ccc2c(=O)n([C@@H](CC3CCCCC3)C(=O)Nc3ncc(Cl)s3)cnc2c1,,,activity,,P1,7.0–7.5（32–100 nM）,7.1,False,,CHEMBL2346891,False,,,,,,,,False
GKA_0037,gka_candidate,CHEMBL4083023,,O=C(Nc1ncc(F)s1)[C@H](CC1CCOCC1)n1ncc2c(S(=O)(=O)C3CC3)cncc21,,,activity,,P1,7.0–7.5（32–100 nM）,7.1,False,,CHEMBL4083023,False,,,,,,,,False
GKA_0038,gka_candidate,CHEMBL595122,,CCS(=O)(=O)c1ccc(Oc2cc3nc(-c4ccccn4)[nH]c3cc2CN2C(=O)CCC2=O)cc1,,,activity,,P1,7.0–7.5（32–100 nM）,7.1,False,,CHEMBL595122,False,,,,,,,,False
GKA_0039,gka_candidate,CHEMBL573750,,Cc1csc(Nc2ncnc3ccc(Oc4ccccc4F)cc23)n1,,,activity,,P1,7.0–7.5（32–100 nM）,7.06,False,,CHEMBL573750,False,,,,,,,,False
GKA_0040,gka_candidate,CHEMBL4203455,,COC[C@H](C)Oc1cc(Oc2ccc(C(=O)N3CCC3)cc2)cc(C(=O)Nc2nc3c(s2)CN(C(=O)OC(C)(C)C)CC3)c1,,,activity,,P1,7.0–7.5（32–100 nM）,7.05,False,,CHEMBL4203455,False,,,,,,,,False
GKA_0041,gka_candidate,CHEMBL4206856,,COCC(C)Oc1cc(Oc2ccc(C(=O)N(C)C)cc2)cc(C(=O)Nc2nc3c(s2)CN(C(=O)OC(C)(C)C)CC3)c1,,,activity,,P1,7.0–7.5（32–100 nM）,7.05,False,,CHEMBL4206856,False,,,,,,,,False
GKA_0042,gka_candidate,CHEMBL2023060,,CC(C)=CCOc1cc(Oc2ccc(S(=O)(=O)C3CC3)cc2)cc(C(=O)Nc2cc(C)n(C)n2)c1,,,activity,,P1,7.0–7.5（32–100 nM）,7.04,False,,CHEMBL2023060,False,,,,,,,,False
GKA_0043,gka_candidate,CHEMBL4204989,,COCC(C)Oc1cc(Oc2ccc(S(C)(=O)=O)cc2)cc(C(=O)Nc2nc3c(s2)CCC3)c1,,,activity,,P1,7.0–7.5（32–100 nM）,7.0,False,,CHEMBL4204989,False,,,,,,,,False
GKA_0044,gka_candidate,CHEMBL3893442,,COC(=O)CCc1ccc(Oc2cc3cc(-c4cnccn4)[nH]c3cc2C2CCC(=O)N2C)cc1,,,activity,,P2,≥7.5（EC50 ≤ 32 nM）,8.68,False,,CHEMBL3893442,False,,,,,,,,False
GKA_0045,gka_candidate,CHEMBL1258092,,CS(=O)(=O)c1ccc(/C(=C\C2CCCCC2)C(=O)Nc2ncc(Br)s2)cc1C(F)(F)F,,,activity,,P2,≥7.5（EC50 ≤ 32 nM）,8.4,False,,CHEMBL1258092,False,,,,,,,,False
GKA_0046,gka_candidate,CHEMBL1258321,,CS(=O)(=O)c1ccc(/C(=C\C2CCCCCC2)C(=O)Nc2ncc(Br)s2)cc1,,,activity,,P2,≥7.5（EC50 ≤ 32 nM）,8.4,False,,CHEMBL1258321,False,,,,,,,,False
GKA_0047,gka_candidate,CHEMBL3235148,,CCNC(=O)Cc1csc(NC(=O)c2cc(Oc3ccc(S(C)(=O)=O)cc3)cc(-c3ncccc3C)c2)n1,,,activity,,P2,≥7.5（EC50 ≤ 32 nM）,8.3,False,,CHEMBL3235148,False,,,,,,,,False
GKA_0048,gka_candidate,CHEMBL3577715,,COC[C@H](C)Oc1cc(C#CCOC2CCCCO2)cc(C(=O)Nc2ccn(C)n2)c1,,,activity,,P2,≥7.5（EC50 ≤ 32 nM）,8.22,False,,CHEMBL3577715,False,,,,,,,,False
GKA_0049,gka_candidate,CHEMBL3577727,,COC[C@H](C)Oc1cc(C#Cc2cccc(NCCN(C)C)c2)cc(C(=O)Nc2ccn(C)n2)c1,,,activity,,P2,≥7.5（EC50 ≤ 32 nM）,8.22,False,,CHEMBL3577727,False,,,,,,,,False
GKA_0050,gka_candidate,CHEMBL3577728,,COC[C@H](C)Oc1cc(C#Cc2cccc(NCCN3CCCC3)c2)cc(C(=O)Nc2ccn(C)n2)c1,,,activity,,P2,≥7.5（EC50 ≤ 32 nM）,8.22,False,,CHEMBL3577728,False,,,,,,,,False
GKA_0051,gka_candidate,CHEMBL3577729,,COC[C@H](C)Oc1cc(C#Cc2cccc(NCCN3CCCCC3)c2)cc(C(=O)Nc2ccn(C)n2)c1,,,activity,,P2,≥7.5（EC50 ≤ 32 nM）,8.22,False,,CHEMBL3577729,False,,,,,,,,False
GKA_0052,gka_candidate,CHEMBL3577735,,COC[C@H](C)Oc1cc(C#Cc2cccc(OCCN3CCCC3)c2)cc(C(=O)Nc2ccn(C)n2)c1,,,activity,,P2,≥7.5（EC50 ≤ 32 nM）,8.22,False,,CHEMBL3577735,False,,,,,,,,False
GKA_0053,gka_candidate,CHEMBL3577736,,COC[C@H](C)Oc1cc(C#Cc2cccc(OCCN3CCCCC3)c2)cc(C(=O)Nc2ccn(C)n2)c1,,,activity,,P2,≥7.5（EC50 ≤ 32 nM）,8.15,False,,CHEMBL3577736,False,,,,,,,,False
GKA_0054,gka_candidate,CHEMBL1257390,,CS(=O)(=O)c1ccc(/C(=C\C2CCCC2)C(=O)Nc2ncc(Br)s2)cc1,,,activity,,P2,≥7.5（EC50 ≤ 32 nM）,8.1,False,,CHEMBL1257390,False,,,,,,,,False
GKA_0055,gka_candidate,CHEMBL3577732,,COC[C@H](C)Oc1cc(C#Cc2cccc(NCCn3ccnc3C)c2)cc(C(=O)Nc2ccn(C)n2)c1,,,activity,,P2,≥7.5（EC50 ≤ 32 nM）,8.05,False,,CHEMBL3577732,False,,,,,,,,False
GKA_0056,gka_candidate,CHEMBL3895061,,COC(=O)CCc1cnc(-c2cc3cc(Oc4ccc(S(C)(=O)=O)cc4)c(C4CCC(=O)N4C)cc3[nH]2)s1,,,activity,,P2,≥7.5（EC50 ≤ 32 nM）,8.05,False,,CHEMBL3895061,False,,,,,,,,False
GKA_0057,gka_candidate,CHEMBL3580737,MK-0941 FREE BASE,CCS(=O)(=O)c1ccc(Oc2cc(O[C@@H](C)CO)cc(C(=O)Nc3ccn(C)n3)c2)cn1,MK-0941 FREE BASE,2.0,activity,,P2,≥7.5（EC50 ≤ 32 nM）,8.02,True,MK-0941 (free base),CHEMBL3580737,False,,,,,,,,False
GKA_0058,gka_candidate,CHEMBL1258435,,Cc1nnnn1-c1ccc(/C(=C\C2CCCCCC2)C(=O)Nc2ncc(Br)s2)cc1Cl,,,activity,,P2,≥7.5（EC50 ≤ 32 nM）,7.92,False,,CHEMBL1258435,False,,,,,,,,False
GKA_0059,gka_candidate,CHEMBL3577720,,COC[C@H](C)Oc1cc(C#Cc2ccc3[nH]ccc3c2)cc(C(=O)Nc2ccn(C)n2)c1,,,activity,,P2,≥7.5（EC50 ≤ 32 nM）,7.92,False,,CHEMBL3577720,False,,,,,,,,False
GKA_0060,gka_candidate,CHEMBL3977813,,COC(=O)CCc1ccc(-c2cc3cc(Oc4ccc(C(=O)N5CCC5)nc4)c(C4CCCN4C(C)=O)cc3[nH]2)nc1,,,activity,,P2,≥7.5（EC50 ≤ 32 nM）,7.86,False,,CHEMBL3977813,False,,,,,,,,False
GKA_0061,gka_candidate,CHEMBL3358432,,CCc1ncccc1Oc1cc(CC2CCCCC2)cnc1NC(=O)NC,,,activity,,P2,≥7.5（EC50 ≤ 32 nM）,7.85,False,,CHEMBL3358432,False,,,,,,,,False
GKA_0062,gka_candidate,CHEMBL3577737,,COC[C@H](C)Oc1cc(C#Cc2cccc(OCCN3CCOCC3)c2)cc(C(=O)Nc2ccn(C)n2)c1,,,activity,,P2,≥7.5（EC50 ≤ 32 nM）,7.8,False,,CHEMBL3577737,False,,,,,,,,False
GKA_0063,gka_candidate,CHEMBL205816,,CC(C)Oc1cc(O[C@@H](C)Cc2ccccc2)cc(C(=O)Nc2ccc(C(=O)O)cn2)c1,,,activity,,P2,≥7.5（EC50 ≤ 32 nM）,7.7,False,,CHEMBL205816,False,,,,,,,,False
GKA_0064,gka_candidate,CHEMBL3577730,,COC[C@H](C)Oc1cc(C#Cc2cccc(NCCN3CCOCC3)c2)cc(C(=O)Nc2ccn(C)n2)c1,,,activity,,P2,≥7.5（EC50 ≤ 32 nM）,7.7,False,,CHEMBL3577730,False,,,,,,,,False
GKA_0065,gka_candidate,CHEMBL4639271,,CCc1csc(Nc2ncc(Sc3ccncc3)cc2Oc2ccccc2)n1,,,activity,,P2,≥7.5（EC50 ≤ 32 nM）,7.7,False,,CHEMBL4639271,False,,,,,,,,False
GKA_0066,gka_candidate,CHEMBL4648642,,CN(C)CC(=O)N1CCC(c2nsc(Nc3ncc(Sc4ccccn4)cc3Oc3ccccc3)n2)CC1,,,activity,,P2,≥7.5（EC50 ≤ 32 nM）,7.7,False,,CHEMBL4648642,False,,,,,,,,False
GKA_0067,gka_candidate,CHEMBL4646802,,c1ccc(Oc2cc(Sc3ccccn3)cnc2Nc2nc(C3CCOC3)ns2)cc1,,,activity,,P2,≥7.5（EC50 ≤ 32 nM）,7.68,False,,CHEMBL4646802,False,,,,,,,,False
GKA_0068,gka_candidate,CHEMBL3217925,,C[C@@H](CO)Oc1cc(Oc2ccc(C(=O)N3CCC3)cc2)cc(C(=O)Nc2ccn(C)n2)c1,,,activity,,P2,≥7.5（EC50 ≤ 32 nM）,7.655,False,,CHEMBL3217925,False,,,,,,,,False
GKA_0069,gka_candidate,CHEMBL3580740,,Cc1cnc(NC(=O)c2cc(Oc3ccc(C(=O)N(C)C)nc3)c3c(c2)OC(C)(CO)C3)cn1,,,activity,,P2,≥7.5（EC50 ≤ 32 nM）,7.62,False,,CHEMBL3580740,False,,,,,,,,False
GKA_0070,gka_candidate,CHEMBL1258205,,Cc1nnnn1-c1ccc(/C(=C\C2CCCCC2)C(=O)Nc2nccs2)cc1Cl,,,activity,,P2,≥7.5（EC50 ≤ 32 nM）,7.6,False,,CHEMBL1258205,False,,,,,,,,False
GKA_0071,gka_candidate,CHEMBL3577718,,COC[C@H](C)Oc1cc(C#CCSC2CCCC2)cc(C(=O)Nc2ccn(C)n2)c1,,,activity,,P2,≥7.5（EC50 ≤ 32 nM）,7.6,False,,CHEMBL3577718,False,,,,,,,,False
GKA_0072,gka_candidate,CHEMBL3218477,,Cn1ccc(NC(=O)c2cc(Oc3ccc(C(=O)N4CCC4)c(F)c3)c3c(c2)OC(C)(C)C3)n1,,,activity,,P2,≥7.5（EC50 ≤ 32 nM）,7.575,False,,CHEMBL3218477,False,,,,,,,,False
GKA_0073,gka_candidate,CHEMBL1778357,,COC[C@H](C)Oc1cc(O[C@@H](C)Cc2ccc(Cl)o2)cc(C(=O)Nc2ccc(C(=O)O)cn2)c1,,,activity,,P2,≥7.5（EC50 ≤ 32 nM）,7.52,False,,CHEMBL1778357,False,,,,,,,,False
GKA_0074,gka_candidate,CHEMBL3577721,,COC[C@H](C)Oc1cc(C#Cc2ccc3c(c2)OCO3)cc(C(=O)Nc2ccn(C)n2)c1,,,activity,,P2,≥7.5（EC50 ≤ 32 nM）,7.52,False,,CHEMBL3577721,False,,,,,,,,False
GKA_0075,gka_candidate,CHEMBL3580738,,Cc1ccc(NC(=O)c2cc(Oc3ccc(C(=O)N4CCC4)c(F)c3)c3c(c2)OC(C)(CO)C3)nc1,,,activity,,P2,7.0–7.5（32–100 nM）,7.475,False,,CHEMBL3580738,False,,,,,,,,False
GKA_0076,gka_candidate,CHEMBL5267943,,O=C(O)c1ccc(Oc2cnc(NC(=O)[C@H](Oc3ccc(F)cc3F)c3ccc(S(=O)(=O)C4CC4)cc3)s2)cc1,,,activity,,P2,7.0–7.5（32–100 nM）,7.47,False,,CHEMBL5267943,False,,,,,,,,False
GKA_0077,gka_candidate,CHEMBL573292,,CCCN(CCC)S(=O)(=O)c1ccc(C(CC2CCCC2)C(=O)Nc2nc3ccc(OC)nc3s2)cc1,,,activity,,P2,7.0–7.5（32–100 nM）,7.46,False,,CHEMBL573292,False,,,,,,,,False
GKA_0078,gka_candidate,CHEMBL1257977,,CS(=O)(=O)c1ccc(/C(=C\C2CCCCC2)C(=O)Nc2cc(Br)ccn2)cc1C(F)(F)F,,,activity,,P2,7.0–7.5（32–100 nM）,7.44,False,,CHEMBL1257977,False,,,,,,,,False
GKA_0079,gka_candidate,CHEMBL1258768,,CS(=O)(=O)c1ccc(/C(=C\CC2CCCC2)C(=O)Nc2nccs2)cc1C(F)(F)F,,,activity,,P2,7.0–7.5（32–100 nM）,7.43,False,,CHEMBL1258768,False,,,,,,,,False
GKA_0080,gka_candidate,CHEMBL551648,,O=C(Nc1nccs1)c1nc(Sc2nnc[nH]2)ccc1Sc1ccccc1,,,activity,,P2,7.0–7.5（32–100 nM）,7.42,False,,CHEMBL551648,False,,,,,,,,False
GKA_0081,gka_candidate,CHEMBL1257865,,Cc1nnnn1-c1ccc(/C(=C\C2CCCC2)C(=O)Nc2nccs2)cc1Cl,,,activity,,P2,7.0–7.5（32–100 nM）,7.4,False,,CHEMBL1257865,False,,,,,,,,False
GKA_0082,gka_candidate,CHEMBL1778366,,COC[C@H](C)Oc1cc(Oc2cccc(OC)c2)cc(C(=O)Nc2ccc(C(=O)O)cn2)c1,,,activity,,P2,7.0–7.5（32–100 nM）,7.4,False,,CHEMBL1778366,False,,,,,,,,False
GKA_0083,gka_candidate,CHEMBL4641678,,O=C(Nc1ncc(Cl)s1)/C(=N/N1CCCC1)c1ccc(S(=O)(=O)C2CC2)cc1,,,activity,,P2,7.0–7.5（32–100 nM）,7.39,False,,CHEMBL4641678,False,,,,,,,,False
GKA_0084,gka_candidate,CHEMBL4531223,,CNC(=O)Nc1cc(Oc2cncc(C)c2)c(-c2ccc(OC[C@H](C)O)nc2)cn1,,,activity,,P2,7.0–7.5（32–100 nM）,7.35,False,,CHEMBL4531223,False,,,,,,,,False
GKA_0085,gka_candidate,CHEMBL4529355,,CNC(=O)Nc1cc(Oc2cncc(C)c2)c(CCCCO)cn1,,,activity,,P2,7.0–7.5（32–100 nM）,7.34,False,,CHEMBL4529355,False,,,,,,,,False
GKA_0086,gka_candidate,CHEMBL4645667,,c1ccc(CCc2csc(Nc3ncc(Sc4ccncc4)cc3Oc3ccccc3)n2)cc1,,,activity,,P2,7.0–7.5（32–100 nM）,7.33,False,,CHEMBL4645667,False,,,,,,,,False
GKA_0087,gka_candidate,CHEMBL3221523,,O=C(Nc1ccc(F)cn1)[C@H](CN1CC(O)C1)Oc1ncnc2c1cnn2-c1c(Cl)cccc1Cl,,,activity,,P2,7.0–7.5（32–100 nM）,7.305,False,,CHEMBL3221523,False,,,,,,,,False
GKA_0088,gka_candidate,CHEMBL1204008,,COc1ccc2nc(NC(=O)C(CC3CCCC3)c3ccc(S(=O)(=O)N4CCNCC4)cc3)sc2n1.Cl,,,activity,,P2,7.0–7.5（32–100 nM）,7.3,False,,CHEMBL575092,True,,,,,,,,False
GKA_0089,gka_candidate,CHEMBL2206790,,COCC[C@H](Oc1ncnc2c1cnn2-c1ccccc1Cl)C(=O)Nc1ccc(C)cn1,,,activity,,P2,7.0–7.5（32–100 nM）,7.3,False,,CHEMBL2206790,False,,,,,,,,False
GKA_0090,gka_candidate,CHEMBL3580742,,CC(C)Oc1cc(Oc2cnc(C(=O)N3CCC3)cn2)cc(C(=O)Nc2cc[nH]n2)c1,,,activity,,P2,7.0–7.5（32–100 nM）,7.28,False,,CHEMBL3580742,False,,,,,,,,False
GKA_0091,gka_candidate,CHEMBL4529989,,CNC(=O)Nc1cc(Oc2cncc(C)c2)c([C@H]2C[C@@H](CO)C2)cn1,,,activity,,P2,7.0–7.5（32–100 nM）,7.28,False,,CHEMBL4529989,False,,,,,,,,False
GKA_0092,gka_candidate,CHEMBL2315021,,COC[C@H](C)Oc1cc(/C=C/c2ccccc2F)cc(C(=O)Nc2ccc(C(=O)O)cn2)c1,,,activity,,P2,7.0–7.5（32–100 nM）,7.25,False,,CHEMBL2315021,False,,,,,,,,False
GKA_0093,gka_candidate,CHEMBL1783740,,Cc1ccc(NC(=O)[C@H](CC2CCCC2)n2ccc(S(=O)(=O)C3CCC3)cc2=O)nc1,,,activity,,P2,7.0–7.5（32–100 nM）,7.22,False,,CHEMBL1783740,False,,,,,,,,False
GKA_0094,gka_candidate,CHEMBL3217922,,COC[C@H](C)Oc1cc(Oc2ccc(S(C)(=O)=O)cc2)cc(C(=O)Nc2nccs2)c1,,,activity,,P2,7.0–7.5（32–100 nM）,7.22,False,,CHEMBL3217922,False,,,,,,,,False
GKA_0095,gka_candidate,CHEMBL3218488,,Cc1cnc(NC(=O)c2cc(Oc3cnc(C(=O)N4CCCC4)cn3)c3cc(C)oc3c2)cn1,,,activity,,P2,7.0–7.5（32–100 nM）,7.19,False,,CHEMBL3218488,False,,,,,,,,False
GKA_0096,gka_candidate,CHEMBL575096,,COc1ccc2nc(NC(=O)C(CC3CCCC3)c3ccc(S(=O)(=O)N(C)Cc4nccn4C)cc3)sc2n1,,,activity,,P2,7.0–7.5（32–100 nM）,7.18,False,,CHEMBL575096,False,,,,,,,,False
GKA_0097,gka_candidate,CHEMBL576925,,COc1ccc2nc(NC(=O)C(CC3CCCC3)c3ccc(S(=O)(=O)N4CCCCC4)cc3)sc2n1,,,activity,,P2,7.0–7.5（32–100 nM）,7.18,False,,CHEMBL576925,False,,,,,,,,False
GKA_0098,gka_candidate,CHEMBL3358442,,CCn1nccc1Oc1cc(C[C@H]2CC[C@H](O)CC2)cnc1NC(=O)NC,,,activity,,P2,7.0–7.5（32–100 nM）,7.17,False,,CHEMBL3358442,False,,,,,,,,False
GKA_0099,gka_candidate,CHEMBL4643627,,CC(=O)N1CCC(c2nsc(Nc3ncc(Sc4ccccn4)cc3Oc3cccc4ncccc34)n2)CC1,,,activity,,P2,7.0–7.5（32–100 nM）,7.165,False,,CHEMBL4643627,False,,,,,,,,False
GKA_0100,gka_candidate,CHEMBL1783745,,Cc1ccc(NC(=O)[C@H](CC2CCCC2)n2ccc(S(=O)(=O)C(C)C)c(Cl)c2=O)nc1,,,activity,,P2,7.0–7.5（32–100 nM）,7.16,False,,CHEMBL1783745,False,,,,,,,,False
GKA_0101,gka_candidate,CHEMBL2408112,,CCc1cnc(-c2cc(Oc3ccc(S(C)(=O)=O)cc3)cc(OC(C)C)c2)[nH]c1=O,,,activity,,P2,7.0–7.5（32–100 nM）,7.16,False,,CHEMBL2408112,False,,,,,,,,False
GKA_0102,gka_candidate,CHEMBL1257153,,CS(=O)(=O)c1ccc(/C(=C\C2CCCCCCC2)C(=O)Nc2nccs2)cc1,,,activity,,P2,7.0–7.5（32–100 nM）,7.14,False,,CHEMBL1257153,False,,,,,,,,False
GKA_0103,gka_candidate,CHEMBL4642217,,Cc1csc(Nc2ncc(Sc3ccccn3)cc2Oc2ccccc2)n1,,,activity,,P2,7.0–7.5（32–100 nM）,7.14,False,,CHEMBL4642217,False,,,,,,,,False
GKA_0104,gka_candidate,CHEMBL2311574,,COC[C@H](C)Oc1cc(CCc2c(F)cccc2F)cc(C(=O)Nc2ccc(C(=O)O)cn2)c1,,,activity,,P2,7.0–7.5（32–100 nM）,7.115,False,,CHEMBL2311574,False,,,,,,,,False
GKA_0105,gka_candidate,CHEMBL2430860,,Cc1csc(Nc2ncc(SCc3ccccn3)cc2OCc2ccccc2)n1,,,activity,,P2,7.0–7.5（32–100 nM）,7.11,False,,CHEMBL2430860,False,,,,,,,,False
GKA_0106,gka_candidate,CHEMBL3221532,,Cc1cnc(NC(=O)[C@H](CO[C@H](C)CO)Oc2ncnc3c2cnn3-c2c(Cl)cccc2C#N)cn1,,,activity,,P2,7.0–7.5（32–100 nM）,7.11,False,,CHEMBL3221532,False,,,,,,,,False
GKA_0107,gka_candidate,CHEMBL4642812,,Cc1nsc(Nc2ncc(Sc3ccccn3)cc2Oc2ccccc2)n1,,,activity,,P2,7.0–7.5（32–100 nM）,7.11,False,,CHEMBL4642812,False,,,,,,,,False
GKA_0108,gka_candidate,CHEMBL2314797,,COC[C@H](C)Oc1cc(/C=C/c2ccccc2F)cc(C(=O)Nc2ccn(C)n2)c1,,,activity,,P2,7.0–7.5（32–100 nM）,7.1,False,,CHEMBL2314797,False,,,,,,,,False
GKA_0109,gka_candidate,CHEMBL3221491,,Cc1cnc(NC(=O)[C@H](COC2CCC2)Oc2ncnc3c2cnn3-c2ccccc2Cl)cn1,,,activity,,P2,7.0–7.5（32–100 nM）,7.1,False,,CHEMBL3221491,False,,,,,,,,False
GKA_0110,gka_candidate,CHEMBL4451652,,CNC(=O)Nc1cc(Oc2cncc(OC)c2)c(C2=CCOCC2)cn1,,,activity,,P2,7.0–7.5（32–100 nM）,7.095,False,,CHEMBL4451652,False,,,,,,,,False
GKA_0111,gka_candidate,CHEMBL4554222,,CNC(=O)Nc1cc(Oc2cncc(C)c2)c([C@H]2CCC[C@H](O)C2)cn1,,,activity,,P2,7.0–7.5（32–100 nM）,7.075,False,,CHEMBL4554222,False,,,,,,,,False
GKA_0112,gka_candidate,CHEMBL3218487,,Cc1cnc(NC(=O)c2cc(Oc3cnc(C(=O)N4CCC4)cn3)c3cc(C)oc3c2)cn1,,,activity,,P2,7.0–7.5（32–100 nM）,7.07,False,,CHEMBL3218487,False,,,,,,,,False
GKA_0113,gka_candidate,CHEMBL3218478,,COCc1ccc(Oc2cc3[nH]c(-c4ccccn4)nc3cc2[C@H]2CCCN2C(C)=O)cn1,,,activity,,P2,7.0–7.5（32–100 nM）,7.06,False,,CHEMBL3218478,False,,,,,,,,False
GKA_0114,gka_candidate,CHEMBL1778358,,COC[C@H](C)Oc1cc(O[C@@H](C)CC2CCCC2)cc(C(=O)Nc2ccc(C(=O)O)cn2)c1,,,activity,,P2,7.0–7.5（32–100 nM）,7.05,False,,CHEMBL1778358,False,,,,,,,,False
GKA_0115,gka_candidate,CHEMBL373364,,O=C(O)c1ccc(NC(=O)c2cc(OCc3ccccc3F)cc(OCc3ccccc3F)c2)nc1,,,activity,,P2,7.0–7.5（32–100 nM）,7.05,False,,CHEMBL373364,False,,,,,,,,False
GKA_0116,gka_candidate,CHEMBL3218482,,Cc1cnc(NC(=O)c2cc(Oc3ccc(C(=O)N(C)C)cc3)c3cc(C)oc3c2)cn1,,,activity,,P2,7.0–7.5（32–100 nM）,7.04,False,,CHEMBL3218482,False,,,,,,,,False
GKA_0117,gka_candidate,CHEMBL4646132,,c1ccc(Oc2cc(Sc3ccncc3)cnc2Nc2nc(C3CCCCC3)cs2)cc1,,,activity,,P2,7.0–7.5（32–100 nM）,7.04,False,,CHEMBL4646132,False,,,,,,,,False
GKA_0118,gka_candidate,CHEMBL3953779,,CC(C)(C(=O)O)c1ccc(Oc2cnc(NC(=O)C(OC3CCOCC3)c3ccc(S(=O)(=O)C4CC4)cc3)s2)cc1,,,activity,,P2,7.0–7.5（32–100 nM）,7.03,False,,CHEMBL3953779,False,,,,,,,,False
GKA_0119,gka_candidate,CHEMBL1257500,,CS(=O)(=O)c1ccc(/C(=C\C2CCCC2)C(=O)Nc2ccccn2)cc1Cl,,,activity,,P2,7.0–7.5（32–100 nM）,7.02,False,,CHEMBL1257500,False,,,,,,,,False
GKA_0120,gka_candidate,CHEMBL3221531,,Cc1cnc(NC(=O)[C@H](CN2CC(O)C2)Oc2ncnc3c2cnn3-c2c(Cl)cccc2Cl)cn1,,,activity,,P2,7.0–7.5（32–100 nM）,7.02,False,,CHEMBL3221531,False,,,,,,,,False
GKA_0121,gka_candidate,CHEMBL4642648,,Cc1csc(Nc2ncc(Sc3ccccc3)cc2Oc2ccccc2)n1,,,activity,,P2,7.0–7.5（32–100 nM）,7.01,False,,CHEMBL4642648,False,,,,,,,,False
GKA_0122,gka_candidate,CHEMBL564270,,CS(=O)(=O)c1ccc(Oc2cc(O[C@H]3CCOC3)cc(C(=O)Nc3nccs3)c2)cc1,,,activity,,P2,7.0–7.5（32–100 nM）,7.01,False,,CHEMBL564270,False,,,,,,,,False
GKA_0123,gka_candidate,CHEMBL1778363,,CC(C)Oc1cc(OC2Cc3ccccc3C2)cc(C(=O)Nc2ccc(C(=O)O)cn2)c1,,,activity,,P2,7.0–7.5（32–100 nM）,7.0,False,,CHEMBL1778363,False,,,,,,,,False
GKA_0124,gka_candidate,CHEMBL191239,,CC(C)Oc1cc(OCc2ccccc2F)cc(C(=O)Nc2ccc(C(=O)O)cn2)c1,,,activity,,P2,7.0–7.5（32–100 nM）,7.0,False,,CHEMBL191239,False,,,,,,,,False
GKA_0125,gka_candidate,CHEMBL3235147,,Cc1cccnc1-c1cc(Oc2ccc(S(C)(=O)=O)cc2)cc(C(=O)Nc2nc(CC(=O)NC3CC3)cs2)c1,,,activity,,P3,6.5–7.0（0.1–0.32 µM）,6.99,False,,CHEMBL3235147,False,,,,,,,,False
GKA_0126,gka_candidate,CHEMBL4636129,,c1ccc(Oc2cc(Sc3ccncc3)cnc2Nc2nc(C3CC3)cs2)cc1,,,activity,,P3,6.5–7.0（0.1–0.32 µM）,6.99,False,,CHEMBL4636129,False,,,,,,,,False
GKA_0127,gka_candidate,CHEMBL4592224,,CNC(=O)Nc1cc(Oc2cncc(C)c2)c([C@H]2C[C@@H]2C(C)(C)O)cn1,,,activity,,P3,6.5–7.0（0.1–0.32 µM）,6.985,False,,CHEMBL4592224,False,,,,,,,,False
GKA_0128,gka_candidate,CHEMBL596032,,CCS(=O)(=O)c1ccc(Oc2cc3nc(-c4ccccn4)[nH]c3cc2CN2C(=O)CN(C)C2=O)cc1,,,activity,,P3,6.5–7.0（0.1–0.32 µM）,6.985,False,,CHEMBL596032,False,,,,,,,,False
GKA_0129,gka_candidate,CHEMBL1783739,,Cc1ccc(NC(=O)[C@H](CC2CCCC2)n2ccc(S(=O)(=O)C3CC3)cc2=O)nc1,,,activity,,P3,6.5–7.0（0.1–0.32 µM）,6.96,False,,CHEMBL1783739,False,,,,,,,,False
GKA_0130,gka_candidate,CHEMBL3217923,,COC[C@H](C)Oc1cc(Oc2ccc(S(C)(=O)=O)cc2)cc(C(=O)Nc2nc(C)ns2)c1,,,activity,,P3,6.5–7.0（0.1–0.32 µM）,6.96,False,,CHEMBL3217923,False,,,,,,,,False
GKA_0131,gka_candidate,CHEMBL3358428,,CCc1ncccc1Oc1cc(CCCCOC)cnc1NC(=O)NC,,,activity,,P3,6.5–7.0（0.1–0.32 µM）,6.96,False,,CHEMBL3358428,False,,,,,,,,False
GKA_0132,gka_candidate,CHEMBL575055,,COc1ccc2nc(NC(=O)C(CC3CCCC3)c3ccc(S(=O)(=O)N(C)Cc4ccco4)cc3)sc2n1,,,activity,,P3,6.5–7.0（0.1–0.32 µM）,6.96,False,,CHEMBL575055,False,,,,,,,,False
GKA_0133,gka_candidate,CHEMBL575918,,Cc1cnc(Nc2ncnc3ccc(Oc4c(F)cccc4S(C)(=O)=O)cc23)cn1,,,activity,,P3,6.5–7.0（0.1–0.32 µM）,6.955,False,,CHEMBL575918,False,,,,,,,,False
GKA_0134,gka_candidate,CHEMBL3091582,,O=C(O)c1ccc(NC(=O)[C@H](CC2CCCCC2)n2cnc(S(=O)(=O)C3CC3)c2)nc1,,,activity,,P3,6.5–7.0（0.1–0.32 µM）,6.95,False,,CHEMBL3091582,False,,,,,,,,False
GKA_0135,gka_candidate,CHEMBL3764668,,CS(=O)(=O)c1ccc(C(CC2CCCC2)c2cc3cc(Br)cnc3[nH]2)cc1Cl,,,activity,,P3,6.5–7.0（0.1–0.32 µM）,6.94,False,,CHEMBL3764668,False,,,,,,,,False
GKA_0136,gka_candidate,CHEMBL4636595,,c1ccc(Oc2cc(Sc3ccccn3)cnc2Nc2nc(C3CCCO3)ns2)cc1,,,activity,,P3,6.5–7.0（0.1–0.32 µM）,6.94,False,,CHEMBL4636595,False,,,,,,,,False
GKA_0137,gka_candidate,CHEMBL2204663,,CCn1cc2c(Oc3cnc(C(=O)N4CCC4)c(F)c3)cc(C(=O)Nc3cnc(C)cn3)cc2n1,,,activity,,P3,6.5–7.0（0.1–0.32 µM）,6.93,False,,CHEMBL2204663,False,,,,,,,,False
GKA_0138,gka_candidate,CHEMBL2023059,,CC(C)=CCOc1cc(Oc2ccc(S(=O)(=O)C3CC3)cc2)cc(C(=O)NC2=NC(=O)CS2)c1,,,activity,,P3,6.5–7.0（0.1–0.32 µM）,6.92,False,,CHEMBL2023059,False,,,,,,,,False
GKA_0139,gka_candidate,CHEMBL2346898,,O=C(NC1CC1)c1ccc2c(=O)n(C(CC3CCCCC3)C(=O)Nc3ncc(Cl)s3)cnc2c1,,,activity,,P3,6.5–7.0（0.1–0.32 µM）,6.92,False,,CHEMBL2346898,False,,,,,,,,False
GKA_0140,gka_candidate,CHEMBL2430862,,CC(C)c1csc(Nc2ncc(SCCn3ccnc3)cc2OCc2ccccc2)n1,,,activity,,P3,6.5–7.0（0.1–0.32 µM）,6.92,False,,CHEMBL2430862,False,,,,,,,,False
GKA_0141,gka_candidate,CHEMBL3580739,,CN(C)C(=O)c1cnc(Oc2cc(C(=O)Nc3ccn(C)n3)cc3c2CC(C)(CO)O3)cn1,,,activity,,P3,6.5–7.0（0.1–0.32 µM）,6.92,False,,CHEMBL3580739,False,,,,,,,,False
GKA_0142,gka_candidate,CHEMBL4101006,,O=C(Nc1ncc(F)s1)[C@H](CC1CCOCC1)n1ncc2c(S(=O)(=O)C3CC3)ccnc21,,,activity,,P3,6.5–7.0（0.1–0.32 µM）,6.92,False,,CHEMBL4101006,False,,,,,,,,False
GKA_0143,gka_candidate,CHEMBL4528539,,CCOc1ccc(-c2cnc(NC(=O)NC)cc2Oc2c(F)cccc2F)cn1,,,activity,,P3,6.5–7.0（0.1–0.32 µM）,6.915,False,,CHEMBL4528539,False,,,,,,,,False
GKA_0144,gka_candidate,CHEMBL4644628,,CC(=O)N1CCC(c2nsc(Nc3ncc(Sc4ccccn4)cc3Oc3cccnc3C)n2)CC1,,,activity,,P3,6.5–7.0（0.1–0.32 µM）,6.91,False,,CHEMBL4644628,False,,,,,,,,False
GKA_0145,gka_candidate,CHEMBL595362,,CCS(=O)(=O)c1ccc(Oc2cc3nc(-c4ccccn4)[nH]c3cc2CN2CCOC2=O)cc1,,,activity,,P3,6.5–7.0（0.1–0.32 µM）,6.91,False,,CHEMBL595362,False,,,,,,,,False
GKA_0146,gka_candidate,CHEMBL2206785,,CCCCC(Oc1ncnc2c1cnn2-c1ccccc1Cl)C(=O)Nc1nc(C)cs1,,,activity,,P3,6.5–7.0（0.1–0.32 µM）,6.9,False,,CHEMBL2206785,False,,,,,,,,False
GKA_0147,gka_candidate,CHEMBL3218497,,COc1cnc(NC(=O)c2cc(Oc3cnc(C(=O)N(C)C)cn3)c3cc(C)oc3c2)cn1,,,activity,,P3,6.5–7.0（0.1–0.32 µM）,6.9,False,,CHEMBL3218497,False,,,,,,,,False
GKA_0148,gka_candidate,CHEMBL3927808,,O=C(O)c1cccc(Oc2cnc(NC(=O)C(OC3CCOCC3)c3ccc(S(=O)(=O)C4CCCC4)nc3)s2)c1,,,activity,,P3,6.5–7.0（0.1–0.32 µM）,6.89,False,,CHEMBL3927808,False,,,,,,,,False
GKA_0149,gka_candidate,CHEMBL3932133,,O=C(NC1CC1)c1ccc(Oc2cnc(NC(=O)C(OC3CCOCC3)c3ccc(S(=O)(=O)C4CC4)cc3)s2)cc1,,,activity,,P3,6.5–7.0（0.1–0.32 µM）,6.89,False,,CHEMBL3932133,False,,,,,,,,False
GKA_0150,gka_candidate,CHEMBL4441772,,CNC(=O)Nc1cc(Oc2cncc(OC)c2)c(C2CCOCC2)cn1,,,activity,,P3,6.5–7.0（0.1–0.32 µM）,6.89,False,,CHEMBL4441772,False,,,,,,,,False
GKA_0151,gka_candidate,CHEMBL2314804,,COC[C@H](C)Oc1cc(/C=C/c2cccc(C)n2)cc(C(=O)Nc2ccn(C)n2)c1,,,activity,,P3,6.5–7.0（0.1–0.32 µM）,6.88,False,,CHEMBL2314804,False,,,,,,,,False
GKA_0152,gka_candidate,CHEMBL2314808,,COC[C@H](C)Oc1cc(CCc2c(F)cccc2F)cc(C(=O)Nc2ccn(C)n2)c1,,,activity,,P3,6.5–7.0（0.1–0.32 µM）,6.88,False,,CHEMBL2314808,False,,,,,,,,False
GKA_0153,gka_candidate,CHEMBL4471994,,CNC(=O)Nc1cc(Oc2cncc(C)c2)c([C@@H]2CC[C@@H](O)C2)cn1,,,activity,,P3,6.5–7.0（0.1–0.32 µM）,6.865,False,,CHEMBL4471994,False,,,,,,,,False
GKA_0154,gka_candidate,CHEMBL4551474,,CNC(=O)Nc1cc(Oc2c(F)cccc2F)c(-c2ccncc2)cn1,,,activity,,P3,6.5–7.0（0.1–0.32 µM）,6.865,False,,CHEMBL4551474,False,,,,,,,,False
GKA_0155,gka_candidate,CHEMBL3091580,,O=C(O)c1ccc(NC(=O)[C@H](CC2CCCC2)n2cnc(S(=O)(=O)C3CC3)c2)nc1,,,activity,,P3,6.5–7.0（0.1–0.32 µM）,6.86,False,,CHEMBL3091580,False,,,,,,,,False
GKA_0156,gka_candidate,CHEMBL3338060,,CCc1ncccc1Oc1cc(Sc2ccccn2)cnc1NC(=O)NC,,,activity,,P3,6.5–7.0（0.1–0.32 µM）,6.85,False,,CHEMBL3338060,False,,,,,,,,False
GKA_0157,gka_candidate,CHEMBL519273,,O=C(Nc1ncc(F)s1)[C@H](CC1CCOCC1)c1ccc(S(=O)(=O)C2CCC2)cc1,,,activity,,P3,6.5–7.0（0.1–0.32 µM）,6.85,False,,CHEMBL519273,False,,,,,,,,False
GKA_0158,gka_candidate,CHEMBL2023434,,CC(C)=CCOc1cc(Oc2ccc(S(=O)(=O)N3CC4CCC(C3)O4)cc2)cc(C(=O)Nc2cc(C)n(C)n2)c1,,,activity,,P3,6.5–7.0（0.1–0.32 µM）,6.84,False,,CHEMBL2023434,False,,,,,,,,False
GKA_0159,gka_candidate,CHEMBL4515481,,CNC(=O)Nc1cc(Oc2cncc(OC)c2)c([C@@H]2CCOC2)cn1,,,activity,,P3,6.5–7.0（0.1–0.32 µM）,6.84,False,,CHEMBL4515481,False,,,,,,,,False
GKA_0160,gka_candidate,CHEMBL596480,,CCS(=O)(=O)c1ccc(Oc2cc3nc(-c4ccccn4)[nH]c3cc2CN(C)C(C)=O)cc1,,,activity,,P3,6.5–7.0（0.1–0.32 µM）,6.84,False,,CHEMBL596480,False,,,,,,,,False
GKA_0161,gka_candidate,CHEMBL604065,,CCS(=O)(=O)c1ccc(Oc2cc3nc(-c4ccccn4)[nH]c3cc2CN2CCCC2=O)cc1,,,activity,,P3,6.5–7.0（0.1–0.32 µM）,6.84,False,,CHEMBL604065,False,,,,,,,,False
GKA_0162,gka_candidate,CHEMBL3338157,,CNC(=O)Nc1ncc(SC2CCN(C(C)=O)CC2)cc1Oc1cccnc1C,,,activity,,P3,6.5–7.0（0.1–0.32 µM）,6.835,False,,CHEMBL3338157,False,,,,,,,,False
GKA_0163,gka_candidate,CHEMBL5080166,,CCOP(=O)(Cn1ccc(NC(=O)c2cc(Oc3cnc(C(=O)N(C)C)cn3)cc(OC(C)C)c2)n1)OCC,,,activity,,P3,6.5–7.0（0.1–0.32 µM）,6.83,False,,CHEMBL5080166,False,,,,,,,,False
GKA_0164,gka_candidate,CHEMBL577805,,COc1ccc2nc(NC(=O)C(CC3CCCC3)c3ccc(S(=O)(=O)N4CCOCC4)cc3)sc2n1,,,activity,,P3,6.5–7.0（0.1–0.32 µM）,6.82,False,,CHEMBL577805,False,,,,,,,,False
GKA_0165,gka_candidate,CHEMBL1783748,,Cc1ccc(NC(=O)[C@H](CC2CCC(F)(F)CC2)n2ccc(S(=O)(=O)C(C)C)cc2=O)nc1,,,activity,,P3,6.5–7.0（0.1–0.32 µM）,6.8,False,,CHEMBL1783748,False,,,,,,,,False
GKA_0166,gka_candidate,CHEMBL2346751,,Cc1cc(S(=O)(=O)C2CC2)cc(=O)n1[C@@H](CC1CCCC1)C(=O)Nc1ncc(Cl)s1,,,activity,,P3,6.5–7.0（0.1–0.32 µM）,6.8,False,,CHEMBL2346751,False,,,,,,,,False
GKA_0167,gka_candidate,CHEMBL2346754,,Cc1cc(S(=O)(=O)C2CCCC2)cc(=O)n1[C@@H](CC1CCCCO1)C(=O)Nc1ncc(Cl)s1,,,activity,,P3,6.5–7.0（0.1–0.32 µM）,6.8,False,,CHEMBL2346754,False,,,,,,,,False
GKA_0168,gka_candidate,CHEMBL2346877,,O=C(Nc1nccs1)[C@H](CC1CCCCC1)N1CCN(S(=O)(=O)c2ccco2)CC1=O,,,activity,,P3,6.5–7.0（0.1–0.32 µM）,6.8,False,,CHEMBL2346877,False,,,,,,,,False
GKA_0169,gka_candidate,CHEMBL3221481,,COCC[C@H](Oc1ncnc2c1cnn2-c1ncccc1Cl)C(=O)Nc1ccc(C)cn1,,,activity,,P3,6.5–7.0（0.1–0.32 µM）,6.8,False,,CHEMBL3221481,False,,,,,,,,False
GKA_0170,gka_candidate,CHEMBL3221490,,Cc1ccc(NC(=O)[C@H](COC2CCC2)Oc2ncnc3c2cnn3-c2ncccc2Cl)nc1,,,activity,,P3,6.5–7.0（0.1–0.32 µM）,6.8,False,,CHEMBL3221490,False,,,,,,,,False
GKA_0171,gka_candidate,CHEMBL3221492,,Cc1cnc(NC(=O)[C@H](COC2CCC2)Oc2ncnc3c2cnn3-c2ncccc2Cl)cn1,,,activity,,P3,6.5–7.0（0.1–0.32 µM）,6.8,False,,CHEMBL3221492,False,,,,,,,,False
GKA_0172,gka_candidate,CHEMBL4633515,,Cc1csc(Nc2ncc(SCc3ccccc3)cc2Oc2ccccc2)n1,,,activity,,P3,6.5–7.0（0.1–0.32 µM）,6.8,False,,CHEMBL4633515,False,,,,,,,,False
GKA_0173,gka_candidate,CHEMBL4649482,,O=C(Nc1ncns1)/C(=N/N1CCCC1)c1ccc(S(=O)(=O)C2CC2)cc1,,,activity,,P3,6.5–7.0（0.1–0.32 µM）,6.8,False,,CHEMBL4649482,False,,,,,,,,False
GKA_0174,gka_candidate,CHEMBL594633,,CCS(=O)(=O)c1ccc(Oc2cc3nc(-c4ccccn4)[nH]c3cc2CN2CCN(C)C2=O)cc1,,,activity,,P3,6.5–7.0（0.1–0.32 µM）,6.8,False,,CHEMBL594633,False,,,,,,,,False
GKA_0175,gka_candidate,CHEMBL5086985,,CCOP(=O)(Cc1cnc(NC(=O)c2cc(Oc3ccc(S(C)(=O)=O)cc3)cc(O[C@@H](C)COC)c2)cn1)OCC,,,activity,,P3,6.5–7.0（0.1–0.32 µM）,6.79,False,,CHEMBL5086985,False,,,,,,,,False
GKA_0176,gka_candidate,CHEMBL4205489,,COCC(C)Oc1cc(Oc2ccc(S(C)(=O)=O)cc2)cc(C(=O)Nc2nc3c(s2)CCCC3)c1,,,activity,,P3,6.5–7.0（0.1–0.32 µM）,6.785,False,,CHEMBL4205489,False,,,,,,,,False
GKA_0177,gka_candidate,CHEMBL564282,,CS(=O)(=O)c1ccc(Oc2cc(O[C@H]3CCC[C@@H]3O)cc(C(=O)Nc3nccs3)c2)cc1,,,activity,,P3,6.5–7.0（0.1–0.32 µM）,6.785,False,,CHEMBL564282,False,,,,,,,,False
GKA_0178,gka_candidate,CHEMBL2023061,,CC(C)=CCOc1cc(Oc2ccc(S(=O)(=O)C3CC3)cc2)cc(C(=O)Nc2cnc(C)cn2)c1,,,activity,,P3,6.5–7.0（0.1–0.32 µM）,6.78,False,,CHEMBL2023061,False,,,,,,,,False
GKA_0179,gka_candidate,CHEMBL594634,,CCS(=O)(=O)c1ccc(Oc2cc3nc(-c4ccccn4)[nH]c3cc2CN2CCOCC2=O)cc1,,,activity,,P3,6.5–7.0（0.1–0.32 µM）,6.775,False,,CHEMBL594634,False,,,,,,,,False
GKA_0180,gka_candidate,CHEMBL595353,,CCS(=O)(=O)c1ccc(Oc2cc3nc(-c4ccccn4)[nH]c3cc2Cc2nnnn2C)cc1,,,activity,,P3,6.5–7.0（0.1–0.32 µM）,6.775,False,,CHEMBL595353,False,,,,,,,,False
GKA_0181,gka_candidate,CHEMBL2408127,,Cc1cnc(-c2cc(Oc3cnc(C(=O)N(C)C)nc3)cc(OC(C)C)c2)[nH]c1=O,,,activity,,P3,6.5–7.0（0.1–0.32 µM）,6.77,False,,CHEMBL2408127,False,,,,,,,,False
GKA_0182,gka_candidate,CHEMBL3218723,,CNC(=O)Cn1cc(-c2cnc(NC(=O)C(CC3CCOCC3)c3ccc(S(=O)(=O)C4CC4)cc3)s2)nn1,,,activity,,P3,6.5–7.0（0.1–0.32 µM）,6.77,False,,CHEMBL3218723,False,,,,,,,,False
GKA_0183,gka_candidate,CHEMBL4208677,,COC[C@H](C)Oc1cc(Oc2ccc(C(=O)N3CCC3)cc2)cc(C(=O)Nc2nc3c(s2)CN(c2ncccn2)CC3)c1,,,activity,,P3,6.5–7.0（0.1–0.32 µM）,6.77,False,,CHEMBL4208677,False,,,,,,,,False
GKA_0184,gka_candidate,CHEMBL4456659,,CNC(=O)Nc1cc(Oc2cncc(OC)c2)c([C@H]2COCC[C@@H]2F)cn1,,,activity,,P3,6.5–7.0（0.1–0.32 µM）,6.76,False,,CHEMBL4456659,False,,,,,,,,False
GKA_0185,gka_candidate,CHEMBL3952021,,O=C(O)c1cccc(Oc2cnc(NC(=O)C(OC3CCOCC3)c3ccc(S(=O)(=O)C4CCCC4)cc3)s2)c1,,,activity,,P3,6.5–7.0（0.1–0.32 µM）,6.75,False,,CHEMBL3952021,False,,,,,,,,False
GKA_0186,gka_candidate,CHEMBL4215660,,CC(C)(C)OC(=O)N1CCc2nc(NC(=O)c3cc(Oc4ccc(S(C)(=O)=O)cc4)cc(OC4CCCC4)c3)sc2C1,,,activity,,P3,6.5–7.0（0.1–0.32 µM）,6.75,False,,CHEMBL4215660,False,,,,,,,,False
GKA_0187,gka_candidate,CHEMBL574402,,COc1ccc2nc(NC(=O)C(CC3CCCC3)c3ccc(S(=O)(=O)NCc4ccccn4)cc3)sc2n1,,,activity,,P3,6.5–7.0（0.1–0.32 µM）,6.74,False,,CHEMBL574402,False,,,,,,,,False
GKA_0188,gka_candidate,CHEMBL5087489,,CCOP(=O)(Cn1ccc(NC(=O)c2cc(Oc3ccc(C(=O)N4CCC4)cn3)cc(OC(C)C)c2)n1)OCC,,,activity,,P3,6.5–7.0（0.1–0.32 µM）,6.73,False,,CHEMBL5087489,False,,,,,,,,False
GKA_0189,gka_candidate,CHEMBL3580741,,CCn1cc2c(Oc3cnc(C(=O)N4CCC4)c(F)c3)cc(C(=O)Nc3ccn(C)n3)cc2n1,,,activity,,P3,6.5–7.0（0.1–0.32 µM）,6.72,False,,CHEMBL3580741,False,,,,,,,,False
GKA_0190,gka_candidate,CHEMBL491148,,Cc1cnc(NC(=O)c2cc(Sc3nncn3C)ccc2N)s1,,,activity,,P3,6.5–7.0（0.1–0.32 µM）,6.72,False,,CHEMBL491148,False,,,,,,,,False
GKA_0191,gka_candidate,CHEMBL2346667,,Cc1cccc(S(=O)(=O)N2CCN([C@@H](CC3CCCCC3)C(=O)Nc3nccs3)C(=O)C2)c1,,,activity,,P3,6.5–7.0（0.1–0.32 µM）,6.7,False,,CHEMBL2346667,False,,,,,,,,False
GKA_0192,gka_candidate,CHEMBL2346758,,Cc1cc(S(=O)(=O)C2CCCC2)cc(=O)n1C(CC1CCCC1)C(=O)Nc1nccs1,,,activity,,P3,6.5–7.0（0.1–0.32 µM）,6.7,False,,CHEMBL2346758,False,,,,,,,,False
GKA_0193,gka_candidate,CHEMBL2408128,,COC[C@H](C)Oc1cc(Oc2cnc(C(=O)N(C)C)cn2)cc(-c2nccc(=O)[nH]2)c1,,,activity,,P3,6.5–7.0（0.1–0.32 µM）,6.7,False,,CHEMBL2408128,False,,,,,,,,False
GKA_0194,gka_candidate,CHEMBL3091581,,O=C(O)c1ccc(NC(=O)[C@H](CC2CCCC2)n2cnc(S(=O)(=O)C3CCC3)c2)nc1,,,activity,,P3,6.5–7.0（0.1–0.32 µM）,6.7,False,,CHEMBL3091581,False,,,,,,,,False
GKA_0195,gka_candidate,CHEMBL3971914,,O=C(O)c1cccc(Oc2cnc(NC(=O)C(O[C@H]3CCOC3)c3ccc(S(=O)(=O)C4CC4)cc3)s2)c1,,,activity,,P3,6.5–7.0（0.1–0.32 µM）,6.7,False,,CHEMBL3971914,False,,,,,,,,False
GKA_0196,gka_candidate,CHEMBL4091218,,NC(=O)c1cccnc1NC(=O)C(CC1CCOCC1)n1ncc2c(S(=O)(=O)C3CC3)cccc21,,,activity,,P3,6.5–7.0（0.1–0.32 µM）,6.7,False,,CHEMBL4091218,False,,,,,,,,False
GKA_0197,gka_candidate,CHEMBL4204808,,COCC(C)Oc1cc(Oc2ccc(S(C)(=O)=O)nc2)cc(C(=O)Nc2nc3c(s2)CN(C(=O)OC(C)(C)C)CC3)c1,,,activity,,P3,6.5–7.0（0.1–0.32 µM）,6.7,False,,CHEMBL4204808,False,,,,,,,,False
GKA_0198,gka_candidate,CHEMBL596020,,CCS(=O)(=O)c1ccc(Oc2cc3nc(-c4ccccn4)[nH]c3cc2CN2CCCS2(=O)=O)cc1,,,activity,,P3,6.5–7.0（0.1–0.32 µM）,6.695,False,,CHEMBL596020,False,,,,,,,,False
GKA_0199,gka_candidate,CHEMBL2430857,,Cc1csc(Nc2ncc(Sc3ccccc3)cc2OCc2ccccc2)n1,,,activity,,P3,6.5–7.0（0.1–0.32 µM）,6.68,False,,CHEMBL2430857,False,,,,,,,,False
GKA_0200,gka_candidate,CHEMBL4217013,,COCC(C)Oc1cc(Oc2ccc(S(C)(=O)=O)cc2)cc(C(=O)Nc2nc3c(s2)CN(c2ccncc2)CC3)c1,,,activity,,P3,6.5–7.0（0.1–0.32 µM）,6.68,False,,CHEMBL4217013,False,,,,,,,,False
GKA_0201,gka_candidate,CHEMBL574881,,COc1ccc2nc(NC(=O)C(CC3CCCC3)c3ccc(S(=O)(=O)NCc4ccncc4)cc3)sc2n1,,,activity,,P3,6.5–7.0（0.1–0.32 µM）,6.68,False,,CHEMBL574881,False,,,,,,,,False
GKA_0202,gka_candidate,CHEMBL3235150,,Cc1cccnc1-c1cc(Oc2ccc(S(C)(=O)=O)cc2)cc(C(=O)Nc2nc(CN3CCOCC3)cs2)c1,,,activity,,P3,6.5–7.0（0.1–0.32 µM）,6.67,False,,CHEMBL3235150,False,,,,,,,,False
GKA_0203,gka_candidate,CHEMBL4561645,,CNC(=O)Nc1cc(Oc2c(F)cccc2F)c(C2CC2)cn1,,,activity,,P3,6.5–7.0（0.1–0.32 µM）,6.665,False,,CHEMBL4561645,False,,,,,,,,False
GKA_0204,gka_candidate,CHEMBL3954336,,O=C(O)c1cc(-c2ccc(Oc3cnc(NC(=O)C(OC4CCOCC4)c4ccc(S(=O)(=O)C5CC5)cc4)s3)cc2)no1,,,activity,,P3,6.5–7.0（0.1–0.32 µM）,6.66,False,,CHEMBL3954336,False,,,,,,,,False
GKA_0205,gka_candidate,CHEMBL4469348,,CNC(=O)Nc1cc(Oc2cncc(OC)c2)c(C2=CCCOC2)cn1,,,activity,,P3,6.5–7.0（0.1–0.32 µM）,6.645,False,,CHEMBL4469348,False,,,,,,,,False
GKA_0206,gka_candidate,CHEMBL594382,,CCS(=O)(=O)c1ccc(Oc2cc3nc(-c4ccccn4)[nH]c3cc2Cn2ccnc2)cc1,,,activity,,P3,6.5–7.0（0.1–0.32 µM）,6.645,False,,CHEMBL594382,False,,,,,,,,False
GKA_0207,gka_candidate,CHEMBL2204662,,CCn1cc2c(Oc3cnc(C(=O)N(C)C)c(F)c3)cc(C(=O)Nc3cnc(C)cn3)cc2n1,,,activity,,P3,6.5–7.0（0.1–0.32 µM）,6.64,False,,CHEMBL2204662,False,,,,,,,,False
GKA_0208,gka_candidate,CHEMBL2408118,,CC(C)Oc1cc(Oc2cnc(C(=O)N(C)C)c(F)c2)cc(-c2nccc(=O)[nH]2)c1,,,activity,,P3,6.5–7.0（0.1–0.32 µM）,6.64,False,,CHEMBL2408118,False,,,,,,,,False
GKA_0209,gka_candidate,CHEMBL2430858,,Cc1csc(Nc2ncc(Sc3ccccn3)cc2OCc2ccccc2)n1,,,activity,,P3,6.5–7.0（0.1–0.32 µM）,6.64,False,,CHEMBL2430858,False,,,,,,,,False
GKA_0210,gka_candidate,CHEMBL3091583,,O=C(O)c1ccc(NC(=O)[C@H](CC2CCCCC2)n2cnc(S(=O)(=O)C3CCC3)c2)nc1,,,activity,,P3,6.5–7.0（0.1–0.32 µM）,6.64,False,,CHEMBL3091583,False,,,,,,,,False
GKA_0211,gka_candidate,CHEMBL4211616,,COCC(C)Oc1cc(Oc2ccc(S(=O)(=O)C3CC3)cc2)cc(C(=O)Nc2nc3c(s2)CN(C(=O)OC(C)(C)C)CC3)c1,,,activity,,P3,6.5–7.0（0.1–0.32 µM）,6.64,False,,CHEMBL4211616,False,,,,,,,,False
GKA_0212,gka_candidate,CHEMBL2430859,,Cc1csc(Nc2ncc(SCc3ccccc3)cc2OCc2ccccc2)n1,,,activity,,P3,6.5–7.0（0.1–0.32 µM）,6.63,False,,CHEMBL2430859,False,,,,,,,,False
GKA_0213,gka_candidate,CHEMBL5085491,,CCOP(=O)(Cn1ccc(NC(=O)c2cc(Oc3cnc(S(C)(=O)=O)nc3)cc(OC(C)C)c2)n1)OCC,,,activity,,P3,6.5–7.0（0.1–0.32 µM）,6.63,False,,CHEMBL5085491,False,,,,,,,,False
GKA_0214,gka_candidate,CHEMBL549417,,CS(=O)(=O)c1ccc(Oc2cc(OC3CCOCC3)cc(C(=O)Nc3nccs3)c2)cc1,,,activity,,P3,6.5–7.0（0.1–0.32 µM）,6.63,False,,CHEMBL549417,False,,,,,,,,False
GKA_0215,gka_candidate,CHEMBL2430853,,CC(C)c1csc(Nc2ncc(Br)cc2OCc2ccccc2)n1,,,activity,,P3,6.5–7.0（0.1–0.32 µM）,6.62,False,,CHEMBL2430853,False,,,,,,,,False
GKA_0216,gka_candidate,CHEMBL5290632,,O=C(O)c1ccc(Oc2cnc(NC(=O)C(Oc3ccc(F)cc3F)c3ccc(S(=O)(=O)N4CCCC4)cc3)s2)cc1,,,activity,,P3,6.5–7.0（0.1–0.32 µM）,6.62,False,,CHEMBL5290632,False,,,,,,,,False
GKA_0217,gka_candidate,CHEMBL489710,,Cn1cnnc1Sc1ccc(N)c(C(=O)Nc2ncns2)c1,,,activity,,P3,6.5–7.0（0.1–0.32 µM）,6.615,False,,CHEMBL489710,False,,,,,,,,False
GKA_0218,gka_candidate,CHEMBL2346883,,O=C(Nc1nccs1)C(CC1CCCCC1)N1CCN(S(=O)(=O)C2CC2)CC1=O,,,activity,,P3,6.5–7.0（0.1–0.32 µM）,6.6,False,,CHEMBL2346883,False,,,,,,,,False
GKA_0219,gka_candidate,CHEMBL1783760,,Cn1ccc(NC(=O)[C@H](CC2CCCC2)n2ccc(S(=O)(=O)C3CCC3)cc2=O)n1,,,activity,,P3,6.5–7.0（0.1–0.32 µM）,6.58,False,,CHEMBL1783760,False,,,,,,,,False
GKA_0220,gka_candidate,CHEMBL3218489,,Cc1cnc(NC(=O)c2cc(Oc3cnc(C(=O)N4CCCCC4)cn3)c3cc(C)oc3c2)cn1,,,activity,,P3,6.5–7.0（0.1–0.32 µM）,6.58,False,,CHEMBL3218489,False,,,,,,,,False
GKA_0221,gka_candidate,CHEMBL575091,,COc1ccc2nc(NC(=O)C(CC3CCCC3)c3ccc(S(=O)(=O)N(C)Cc4ccccc4)cc3)sc2n1,,,activity,,P3,6.5–7.0（0.1–0.32 µM）,6.58,False,,CHEMBL575091,False,,,,,,,,False
GKA_0222,gka_candidate,CHEMBL575303,,COc1ccc2nc(NC(=O)C(CC3CCCC3)c3ccc(S(=O)(=O)NC4CC4)cc3)sc2n1,,,activity,,P3,6.5–7.0（0.1–0.32 µM）,6.58,False,,CHEMBL575303,False,,,,,,,,False
GKA_0223,gka_candidate,CHEMBL2165626,,O=C(Nc1ccc(-c2nnn[nH]2)cn1)[C@H](CC1CCCC1)n1cnc(C(F)(F)F)c1,,,activity,,P3,6.5–7.0（0.1–0.32 µM）,6.55,False,,CHEMBL2165626,False,,,,,,,,False
GKA_0224,gka_candidate,CHEMBL3338155,,CNC(=O)Nc1ncc(SC2CCOCC2)cc1Oc1cccnc1C,,,activity,,P3,6.5–7.0（0.1–0.32 µM）,6.55,False,,CHEMBL3338155,False,,,,,,,,False
GKA_0225,gka_candidate,CHEMBL3358889,,CCn1nccc1Oc1cc(C[C@H]2C[C@](C)(O)C2)cnc1NC(=O)NC,,,activity,,P3,6.5–7.0（0.1–0.32 µM）,6.55,False,,CHEMBL3358889,False,,,,,,,,False
GKA_0226,gka_candidate,CHEMBL3971630,,COC(=O)CCc1ccc(-c2cc3cc(Sc4ccccn4)c(C4CCC(=O)N4C)cc3[nH]2)nc1,,,activity,,P3,6.5–7.0（0.1–0.32 µM）,6.55,False,,CHEMBL3971630,False,,,,,,,,False
GKA_0227,gka_candidate,CHEMBL5287945,,O=C(O)c1ccc(Oc2cnc(NC(=O)C(Oc3ccc(F)cc3F)c3ccc(S(=O)(=O)N4CCCCC4)cc3)s2)cc1,,,activity,,P3,6.5–7.0（0.1–0.32 µM）,6.55,False,,CHEMBL5287945,False,,,,,,,,False
GKA_0228,gka_candidate,CHEMBL3218730,,O=C(Nc1ncc(-c2cn(CCOCc3ccccc3)nn2)s1)C(CC1CCOCC1)c1ccc(S(=O)(=O)C2CC2)cc1,,,activity,,P3,6.5–7.0（0.1–0.32 µM）,6.54,False,,CHEMBL3218730,False,,,,,,,,False
GKA_0229,gka_candidate,CHEMBL3358433,,CCc1ncccc1Oc1cc(CC2CCOCC2)cnc1NC(=O)NC,,,activity,,P3,6.5–7.0（0.1–0.32 µM）,6.54,False,,CHEMBL3358433,False,,,,,,,,False
GKA_0230,gka_candidate,CHEMBL3915099,,O=C(O)c1cncc(Oc2cnc(NC(=O)C(OC3CCOCC3)c3ccc(S(=O)(=O)C4CC4)cc3)s2)c1,,,activity,,P3,6.5–7.0（0.1–0.32 µM）,6.54,False,,CHEMBL3915099,False,,,,,,,,False
GKA_0231,gka_candidate,CHEMBL4213613,,COC[C@H](C)Oc1cc(Oc2ccc(C(=O)N3CCC3)cc2)cc(C(=O)Nc2nc3c(s2)CN(c2ccccn2)CC3)c1,,,activity,,P3,6.5–7.0（0.1–0.32 µM）,6.54,False,,CHEMBL4213613,False,,,,,,,,False
GKA_0232,gka_candidate,CHEMBL3577717,,COC[C@H](C)Oc1cc(C#CCNc2ncccn2)cc(C(=O)Nc2ccn(C)n2)c1,,,activity,,P3,6.5–7.0（0.1–0.32 µM）,6.52,False,,CHEMBL3577717,False,,,,,,,,False
GKA_0233,gka_candidate,CHEMBL3965982,,O=C(O)c1cnn(-c2cnc(NC(=O)C(OC3CCOCC3)c3ccc(S(=O)(=O)C4CC4)cc3)s2)c1,,,activity,,P3,6.5–7.0（0.1–0.32 µM）,6.52,False,,CHEMBL3965982,False,,,,,,,,False
GKA_0234,gka_candidate,CHEMBL4204346,,COC[C@H](C)Oc1cc(Oc2ccc(C(=O)N3CCC3)cc2)cc(C(=O)Nc2nc3c(s2)CN(c2cc[nH]c(=O)c2)CC3)c1,,,activity,,P3,6.5–7.0（0.1–0.32 µM）,6.52,False,,CHEMBL4204346,False,,,,,,,,False
GKA_0235,gka_candidate,CHEMBL4538137,,CNC(=O)Nc1cc(Oc2cccc(Cl)c2F)ccn1,,,activity,,P3,6.5–7.0（0.1–0.32 µM）,6.52,False,,CHEMBL4538137,False,,,,,,,,False
GKA_0236,gka_candidate,CHEMBL575529,,COc1ccc2nc(NC(=O)C(CC3CCCC3)c3ccc(S(=O)(=O)NC4CCCCC4)cc3)sc2n1,,,activity,,P3,6.5–7.0（0.1–0.32 µM）,6.52,False,,CHEMBL575529,False,,,,,,,,False
GKA_0237,gka_candidate,CHEMBL575736,,COc1ccc2nc(NC(=O)C(CC3CCCC3)c3ccc(S(=O)(=O)NC4CCOCC4)cc3)sc2n1,,,activity,,P3,6.5–7.0（0.1–0.32 µM）,6.52,False,,CHEMBL575736,False,,,,,,,,False
GKA_0238,gka_candidate,CHEMBL1165042,,CC(C)c1csc(NC(=O)C(CC2CCOCC2)c2ccc(S(C)(=O)=O)cc2)n1,,,activity,,P3,6.5–7.0（0.1–0.32 µM）,6.51,False,,CHEMBL1165042,False,,,,,,,,False
GKA_0239,gka_candidate,CHEMBL2204659,,CCCn1cc2c(Oc3ccc(S(C)(=O)=O)cc3)cc(C(=O)Nc3cnc(C)cn3)cc2n1,,,activity,,P3,6.5–7.0（0.1–0.32 µM）,6.51,False,,CHEMBL2204659,False,,,,,,,,False
GKA_0240,gka_candidate,CHEMBL2346892,,O=C(Nc1ncc(F)s1)[C@H](CC1CCCCC1)n1cnc2cc(S(=O)(=O)C3CCCC3)ccc2c1=O,,,activity,,P3,6.5–7.0（0.1–0.32 µM）,6.51,False,,CHEMBL2346892,False,,,,,,,,False
GKA_0241,gka_candidate,CHEMBL5282187,,O=C(O)c1ccc(Oc2cnc(NC(=O)C(Oc3ccc(F)cc3F)c3ccc(S(=O)(=O)C4CCOCC4)cc3)s2)cc1,,,activity,,P3,6.5–7.0（0.1–0.32 µM）,6.51,False,,CHEMBL5282187,False,,,,,,,,False
GKA_0242,gka_candidate,CHEMBL3221515,,O=C(Nc1ccc(Cl)cn1)[C@H](CN1CC(O)C1)Oc1ncnc2c1cnn2-c1ncccc1Cl,,,activity,,P3,6.5–7.0（0.1–0.32 µM）,6.5,False,,CHEMBL3221515,False,,,,,,,,False
GKA_0243,gka_candidate,CHEMBL3235164,,COCCOCn1ccc(NC(=O)c2cc(Oc3ccc(S(C)(=O)=O)cc3)cc(-c3ncccc3C)c2)n1,,,activity,,P3,6.5–7.0（0.1–0.32 µM）,6.5,False,,CHEMBL3235164,False,,,,,,,,False
GKA_0244,gka_candidate,CHEMBL575725,,COc1ccc2nc(NC(=O)C(CC3CCCC3)c3ccc(S(=O)(=O)Nc4cccnc4)cc3)sc2n1,,,activity,,P3,6.0–6.5（0.32–1 µM）,6.49,False,,CHEMBL575725,False,,,,,,,,False
GKA_0245,gka_candidate,CHEMBL3218500,,Cc1cc2c(Oc3cnc(C(=O)N(C)C)cn3)cc(C(=O)Nc3ccn(C)n3)cc2o1,,,activity,,P3,6.0–6.5（0.32–1 µM）,6.48,False,,CHEMBL3218500,False,,,,,,,,False
GKA_0246,gka_candidate,CHEMBL5287339,,O=C(O)c1ccc(Oc2cnc(NC(=O)C(Oc3ccc(F)cc3F)c3ccc(S(=O)(=O)N4CCOCC4)cc3)s2)cc1,,,activity,,P3,6.0–6.5（0.32–1 µM）,6.48,False,,CHEMBL5287339,False,,,,,,,,False
GKA_0247,gka_candidate,CHEMBL3358436,,CCn1nccc1Oc1cc(CC2CCOCC2)cnc1NC(=O)NC,,,activity,,P3,6.0–6.5（0.32–1 µM）,6.46,False,,CHEMBL3358436,False,,,,,,,,False
GKA_0248,gka_candidate,CHEMBL4436344,,CNC(=O)Nc1cc(Oc2c(F)cccc2F)c(-c2ccccc2)cn1,,,activity,,P3,6.0–6.5（0.32–1 µM）,6.46,False,,CHEMBL4436344,False,,,,,,,,False
GKA_0249,gka_candidate,CHEMBL3338077,,CNC(=O)Nc1ncc(SCC2CCOCC2)cc1Oc1cccnc1C,,,activity,,P3,6.0–6.5（0.32–1 µM）,6.43,False,,CHEMBL3338077,False,,,,,,,,False
GKA_0250,gka_candidate,CHEMBL3358435,,CCn1nccc1Oc1cc(CCCC(C)(C)O)cnc1NC(=O)NC,,,activity,,P3,6.0–6.5（0.32–1 µM）,6.43,False,,CHEMBL3358435,False,,,,,,,,False
GKA_0251,gka_candidate,CHEMBL451084,,CCSc1ccc(N)c(C(=O)Nc2nc(C)cs2)c1,,,activity,,P3,6.0–6.5（0.32–1 µM）,6.43,False,,CHEMBL451084,False,,,,,,,,False
GKA_0252,gka_candidate,CHEMBL483818,,Cc1csc(NC(=O)c2cc(Oc3ccccc3)cc(Oc3ccc(S(C)(=O)=O)cc3)c2)n1,,,activity,,P3,6.0–6.5（0.32–1 µM）,6.42,False,,CHEMBL483818,False,,,,,,,,False
GKA_0253,gka_candidate,CHEMBL577785,,COc1ccc2nc(NC(=O)C(CC3CCCC3)c3ccc(S(=O)(=O)NCc4cccnc4)cc3)sc2n1,,,activity,,P3,6.0–6.5（0.32–1 µM）,6.42,False,,CHEMBL577785,False,,,,,,,,False
GKA_0254,gka_candidate,CHEMBL3338071,,CCn1nccc1Oc1cc(Sc2ccccn2)cnc1NC(=O)NC,,,activity,,P3,6.0–6.5（0.32–1 µM）,6.415,False,,CHEMBL3338071,False,,,,,,,,False
GKA_0255,gka_candidate,CHEMBL2346875,,O=C(Nc1nccs1)[C@H](CC1CCCCC1)N1CCN(S(=O)(=O)Cc2ccccc2)CC1=O,,,activity,,P3,6.0–6.5（0.32–1 µM）,6.4,False,,CHEMBL2346875,False,,,,,,,,False
GKA_0256,gka_candidate,CHEMBL4645486,,Cc1csc(Nc2ncc(Br)cc2Oc2ccccc2)n1,,,activity,,P3,6.0–6.5（0.32–1 µM）,6.4,False,,CHEMBL4645486,False,,,,,,,,False
GKA_0257,gka_candidate,CHEMBL1096435,Ro-281675,CS(=O)(=O)c1ccc([C@@H](CC2CCCC2)C(=O)Nc2nccs2)cc1,Ro-281675,,activity,,P3,6.0–6.5（0.32–1 µM）,6.39,True,Ro-28-1675 (参比化合物),CHEMBL1096435,False,,,,,,,,False
GKA_0258,gka_candidate,CHEMBL3971192,,O=C(Nc1ncc(-n2cccn2)s1)C(Oc1ccc(F)cc1F)c1ccc(S(=O)(=O)C2CC2)cc1,,,activity,,P3,6.0–6.5（0.32–1 µM）,6.385,False,,CHEMBL3971192,False,,,,,,,,False
GKA_0259,gka_candidate,CHEMBL194137,,CC(C)Oc1cc(OCCCc2ccccc2)cc(C(=O)Nc2ccc(C(=O)O)cn2)c1,,,activity,,P3,6.0–6.5（0.32–1 µM）,6.38,False,,CHEMBL194137,False,,,,,,,,False
GKA_0260,gka_candidate,CHEMBL489333,,Cc1csc(NC(=O)c2cc(Sc3ccccc3)ccc2N)n1,,,activity,,P3,6.0–6.5（0.32–1 µM）,6.37,False,,CHEMBL489333,False,,,,,,,,False
GKA_0261,gka_candidate,CHEMBL2408122,,CN(C)C(=O)c1ncc(Oc2cc(OC3CCCC3)cc(-c3nccc(=O)[nH]3)c2)cn1,,,activity,,P3,6.0–6.5（0.32–1 µM）,6.36,False,,CHEMBL2408122,False,,,,,,,,False
GKA_0262,gka_candidate,CHEMBL3235163,,Cc1cccnc1-c1cc(Oc2ccc(S(C)(=O)=O)cc2)cc(C(=O)Nc2ccn(CCN3CCOCC3)n2)c1,,,activity,,P3,6.0–6.5（0.32–1 µM）,6.36,False,,CHEMBL3235163,False,,,,,,,,False
GKA_0263,gka_candidate,CHEMBL1258886,,CC(C)/C=C(/C(=O)Nc1nccs1)c1ccc(S(C)(=O)=O)cc1,,,activity,,P3,6.0–6.5（0.32–1 µM）,6.35,False,,CHEMBL1258886,False,,,,,,,,False
GKA_0264,gka_candidate,CHEMBL5276863,,O=C(O)c1ccc(Cc2cnc(NC(=O)C(Oc3ccc(F)cc3F)c3ccc(S(=O)(=O)C4CC4)cc3)s2)cc1,,,activity,,P3,6.0–6.5（0.32–1 µM）,6.35,False,,CHEMBL5276863,False,,,,,,,,False
GKA_0265,gka_candidate,CHEMBL3338074,,CNC(=O)Nc1ncc(SCc2ccccc2)cc1Oc1cccnc1C,,,activity,,P3,6.0–6.5（0.32–1 µM）,6.345,False,,CHEMBL3338074,False,,,,,,,,False
GKA_0266,gka_candidate,CHEMBL2023438,,COC1CCN(S(=O)(=O)c2ccc(Oc3cc(OCC=C(C)C)cc(C(=O)Nc4cc(C)n(C)n4)c3)cc2)CC1,,,activity,,P3,6.0–6.5（0.32–1 µM）,6.34,False,,CHEMBL2023438,False,,,,,,,,False
GKA_0267,gka_candidate,CHEMBL3917932,,CN1C(=O)CCC1c1cc2[nH]c(-c3ccccc3)cc2cc1Oc1ccc(CCC(=O)O)cc1,,,activity,,P3,6.0–6.5（0.32–1 µM）,6.34,False,,CHEMBL3917932,False,,,,,,,,False
GKA_0268,gka_candidate,CHEMBL4205786,,COC[C@H](C)Oc1cc(Oc2ccc(C(=O)N3CCC3)cc2)cc(C(=O)Nc2nc3c(s2)CCN(C(=O)OC(C)(C)C)C3)c1,,,activity,,P3,6.0–6.5（0.32–1 µM）,6.34,False,,CHEMBL4205786,False,,,,,,,,False
GKA_0269,gka_candidate,CHEMBL3218483,,Cc1cnc(NC(=O)c2cc(Oc3ccc(C(=O)N(C)C)nc3)c3cc(C)oc3c2)cn1,,,activity,,P3,6.0–6.5（0.32–1 µM）,6.32,False,,CHEMBL3218483,False,,,,,,,,False
GKA_0270,gka_candidate,CHEMBL3218495,,Cc1ccc(NC(=O)c2cc(Oc3cnc(C(=O)N(C)C)cn3)c3cc(C)oc3c2)nc1,,,activity,,P3,6.0–6.5（0.32–1 µM）,6.32,False,,CHEMBL3218495,False,,,,,,,,False
GKA_0271,gka_candidate,CHEMBL3961283,,O=C(O)c1ccc(NC(=O)C(Oc2ccc(F)cc2F)c2ccc(S(=O)(=O)C3CC3)cc2)nc1,,,activity,,P3,6.0–6.5（0.32–1 µM）,6.32,False,,CHEMBL3961283,False,,,,,,,,False
GKA_0272,gka_candidate,CHEMBL4209218,,COC[C@H](C)Oc1cc(Oc2ccc(C(=O)N3CCC3)cc2)cc(C(=O)Nc2nc3c(s2)CN(c2ccncn2)CC3)c1,,,activity,,P3,6.0–6.5（0.32–1 µM）,6.31,False,,CHEMBL4209218,False,,,,,,,,False
GKA_0273,gka_candidate,CHEMBL574351,,O=C(Nc1nc2cccnc2s1)c1ccccc1,,,activity,,P3,6.0–6.5（0.32–1 µM）,6.31,False,,CHEMBL574351,False,,,,,,,,False
GKA_0274,gka_candidate,CHEMBL2206777,,Cc1ccc(NC(=O)CSc2ncnc3c2cnn3-c2ccccc2Cl)nc1,,,activity,,P3,6.0–6.5（0.32–1 µM）,6.3,False,,CHEMBL2206777,False,,,,,,,,False
GKA_0275,gka_candidate,CHEMBL4093697,,O=C(Nc1ncc(Cl)s1)[C@H](CC1CCOCC1)n1ncc2cc(S(=O)(=O)C3CC3)ccc21,,,activity,,P3,6.0–6.5（0.32–1 µM）,6.3,False,,CHEMBL4093697,False,,,,,,,,False
GKA_0276,gka_candidate,CHEMBL5285032,,O=C(O)Cc1nc(NC(=O)C(Oc2ccc(F)cc2F)c2ccc(S(=O)(=O)N3CCCCC3)cc2)sc1Cl,,,activity,,P3,6.0–6.5（0.32–1 µM）,6.3,False,,CHEMBL5285032,False,,,,,,,,False
GKA_0277,gka_candidate,CHEMBL1783727,,Cc1ccc(NC(=O)[C@H](CC(C)C)n2ccc(S(=O)(=O)C(C)C)cc2=O)nc1,,,activity,,P3,6.0–6.5（0.32–1 µM）,6.29,False,,CHEMBL1783727,False,,,,,,,,False
GKA_0278,gka_candidate,CHEMBL2204651,,Cc1cnc(NC(=O)c2cc(Oc3ccc(S(=O)(=O)C4CC4)cc3)c3cn(C)nc3c2)cn1,,,activity,,P3,6.0–6.5（0.32–1 µM）,6.29,False,,CHEMBL2204651,False,,,,,,,,False
GKA_0279,gka_candidate,CHEMBL3338069,,CCc1ncccc1Oc1cc(Sc2ccccn2)cnc1NC(=O)NCc1ccc(O)cc1,,,activity,,P3,6.0–6.5（0.32–1 µM）,6.29,False,,CHEMBL3338069,False,,,,,,,,False
GKA_0280,gka_candidate,CHEMBL523602,,Cc1csc(NC(=O)c2cc(Sc3ccccn3)ccc2N)n1,,,activity,,P3,6.0–6.5（0.32–1 µM）,6.29,False,,CHEMBL523602,False,,,,,,,,False
GKA_0281,gka_candidate,CHEMBL373339,,CC(C)Oc1cc(OCCc2ccsc2)cc(C(=O)Nc2ccc(C(=O)O)cn2)c1,,,activity,,P3,6.0–6.5（0.32–1 µM）,6.28,False,,CHEMBL373339,False,,,,,,,,False
GKA_0282,gka_candidate,CHEMBL505096,,Cn1cnnc1Sc1ccc(N)c(C(=O)Nc2ccccn2)c1,,,activity,,P3,6.0–6.5（0.32–1 µM）,6.28,False,,CHEMBL505096,False,,,,,,,,False
GKA_0283,gka_candidate,CHEMBL5086686,,CCOP(=O)(Cn1ccc(NC(=O)c2cc(Oc3ccc(S(C)(=O)=O)nn3)cc(OC(C)C)c2)n1)OCC,,,activity,,P3,6.0–6.5（0.32–1 µM）,6.28,False,,CHEMBL5086686,False,,,,,,,,False
GKA_0284,gka_candidate,CHEMBL3916212,,CS(=O)(=O)c1ccc(Oc2cc3cc(-c4ccc(CCC(=O)O)cn4)[nH]c3nc2CN2CCCC2=O)cn1,,,activity,,P3,6.0–6.5（0.32–1 µM）,6.27,False,,CHEMBL3916212,False,,,,,,,,False
GKA_0285,gka_candidate,CHEMBL4210704,,CC(C)(C)OC(=O)N1CCc2nc(NC(=O)c3cc(Oc4ccc(S(C)(=O)=O)cc4)cc(OC4CCCCC4)c3)sc2C1,,,activity,,P3,6.0–6.5（0.32–1 µM）,6.26,False,,CHEMBL4210704,False,,,,,,,,False
GKA_0286,gka_candidate,CHEMBL516458,,CS(=O)(=O)c1ccc(/C(=C\c2cccs2)C(=O)Nc2nccs2)cc1,,,activity,,P3,6.0–6.5（0.32–1 µM）,6.25,False,,CHEMBL516458,False,,,,,,,,False
GKA_0287,gka_candidate,CHEMBL381434,,CC(C)COc1cc(OC(C)C)cc(C(=O)Nc2ccc(C(=O)O)cn2)c1,,,activity,,P3,6.0–6.5（0.32–1 µM）,6.24,False,,CHEMBL381434,False,,,,,,,,False
GKA_0288,gka_candidate,CHEMBL3951043,,O=C(O)c1cc(Oc2cnc(NC(=O)C(OC3CCOCC3)c3ccc(S(=O)(=O)C4CC4)cc3)s2)ccn1,,,activity,,P3,6.0–6.5（0.32–1 µM）,6.24,False,,CHEMBL3951043,False,,,,,,,,False
GKA_0289,gka_candidate,CHEMBL1783755,,O=C(Nc1cnccn1)[C@H](CC1CCCC1)n1ccc(S(=O)(=O)C2CCC2)cc1=O,,,activity,,P3,6.0–6.5（0.32–1 µM）,6.23,False,,CHEMBL1783755,False,,,,,,,,False
GKA_0290,gka_candidate,CHEMBL573520,,COc1ccc2nc(NC(=O)C(CC3CCCC3)c3ccc(S(=O)(=O)Nc4ccccc4)cc3)sc2n1,,,activity,,P3,6.0–6.5（0.32–1 µM）,6.23,False,,CHEMBL573520,False,,,,,,,,False
GKA_0291,gka_candidate,CHEMBL2204647,,Cc1cnc(NC(=O)c2cc(Oc3cnc(C(=O)N(C)C)cn3)c3cc(C)nn3c2)cn1,,,activity,,P3,6.0–6.5（0.32–1 µM）,6.21,False,,CHEMBL2204647,False,,,,,,,,False
GKA_0292,gka_candidate,CHEMBL2206780,,CCCCC(Sc1ncnc2c1cnn2-c1ccccc1Cl)C(=O)Nc1nc(C)cs1,,,activity,,P3,6.0–6.5（0.32–1 µM）,6.2,False,,CHEMBL2206780,False,,,,,,,,False
GKA_0293,gka_candidate,CHEMBL2346895,,CS(=O)(=O)c1ccc2c(=O)n(C(CC3CCCCC3)C(=O)Nc3ncc(Cl)s3)c(=O)[nH]c2c1,,,activity,,P3,6.0–6.5（0.32–1 µM）,6.2,False,,CHEMBL2346895,False,,,,,,,,False
GKA_0294,gka_candidate,CHEMBL4063218,,O=C(Nc1ncc(F)s1)[C@H](CC1CCCC1)n1cc(S(=O)(=O)C2CC2)cn1,,,activity,,P3,6.0–6.5（0.32–1 µM）,6.2,False,,CHEMBL4063218,False,,,,,,,,False
GKA_0295,gka_candidate,CHEMBL559057,,CCS(=O)(=O)c1ccc(Oc2cc3nc(-c4ccccn4)[nH]c3cc2C2CCCN2C(C)=O)cc1,,,activity,,P3,6.0–6.5（0.32–1 µM）,6.2,False,,CHEMBL559057,False,,,,,,,,False
GKA_0296,gka_candidate,CHEMBL194499,,CC(C)Oc1cc(OCC2CCCC2)cc(C(=O)Nc2ccc(C(=O)O)cn2)c1,,,activity,,P3,6.0–6.5（0.32–1 µM）,6.19,False,,CHEMBL194499,False,,,,,,,,False
GKA_0297,gka_candidate,CHEMBL3218729,,O=C(Nc1ncc(-c2cn(CC(=O)N3CCOCC3)nn2)s1)C(CC1CCOCC1)c1ccc(S(=O)(=O)C2CC2)cc1,,,activity,,P3,6.0–6.5（0.32–1 µM）,6.19,False,,CHEMBL3218729,False,,,,,,,,False
GKA_0298,gka_candidate,CHEMBL3937376,,COc1ccc2nc(NC(=O)C(OC3CCOCC3)c3ccc(S(=O)(=O)N4CCOCC4)cc3)sc2n1,,,activity,,P3,6.0–6.5（0.32–1 µM）,6.18,False,,CHEMBL3937376,False,,,,,,,,False
GKA_0299,gka_candidate,CHEMBL575705,,Cn1cnnc1Sc1ccc2ncnc(Nc3nccs3)c2c1,,,activity,,P3,6.0–6.5（0.32–1 µM）,6.18,False,,CHEMBL575705,False,,,,,,,,False
GKA_0300,gka_candidate,CHEMBL1783746,,Cc1ccc(NC(=O)[C@H](CC2CCC2)n2ccc(S(=O)(=O)C(C)C)cc2=O)nc1,,,activity,,P3,6.0–6.5（0.32–1 µM）,6.17,False,,CHEMBL1783746,False,,,,,,,,False
GKA_0301,gka_candidate,CHEMBL3939712,,O=C(O)Cc1nc(NC(=O)C(OC2CCOCC2)c2ccc(S(=O)(=O)N3CCCCC3)cc2)sc1Cl,,,activity,,P3,6.0–6.5（0.32–1 µM）,6.165,False,,CHEMBL3939712,False,,,,,,,,False
GKA_0302,gka_candidate,CHEMBL1783756,,Cc1cnc(NC(=O)[C@H](CC2CCCC2)n2cc(Cl)c(S(=O)(=O)C(C)C)cc2=O)cn1,,,activity,,P3,6.0–6.5（0.32–1 µM）,6.16,False,,CHEMBL1783756,False,,,,,,,,False
GKA_0303,gka_candidate,CHEMBL3235151,,Cc1cccnc1-c1cc(Oc2ccc(S(C)(=O)=O)cc2)cc(C(=O)Nc2nc(CN3CCN(C)CC3)cs2)c1,,,activity,,P3,6.0–6.5（0.32–1 µM）,6.16,False,,CHEMBL3235151,False,,,,,,,,False
GKA_0304,gka_candidate,CHEMBL4646396,,CN1CCN(Cc2cnc(NC(=O)/C(=N/N3CCCC3)c3ccc(S(=O)(=O)C4CC4)cc3)s2)CC1,,,activity,,P3,6.0–6.5（0.32–1 µM）,6.16,False,,CHEMBL4646396,False,,,,,,,,False
GKA_0305,gka_candidate,CHEMBL1164323,,CS(=O)(=O)c1ccc(C(CC2CCOCC2)C(=O)Nc2nc(-c3ccccc3)cs2)cc1,,,activity,,P3,6.0–6.5（0.32–1 µM）,6.14,False,,CHEMBL1164323,False,,,,,,,,False
GKA_0306,gka_candidate,CHEMBL1783757,,CC(C)S(=O)(=O)c1ccn([C@@H](CC2CCCC2)C(=O)Nc2cc[nH]n2)c(=O)c1,,,activity,,P3,6.0–6.5（0.32–1 µM）,6.14,False,,CHEMBL1783757,False,,,,,,,,False
GKA_0307,gka_candidate,CHEMBL2408133,,CC(C)Oc1cc(Oc2ccc(S(C)(=O)=O)cc2)cc(-c2cccc(=O)[nH]2)c1,,,activity,,P3,6.0–6.5（0.32–1 µM）,6.13,False,,CHEMBL2408133,False,,,,,,,,False
GKA_0308,gka_candidate,CHEMBL4643124,,CC(=O)N1CCC(c2nsc(Nc3ncc(Sc4ccccn4)cc3Oc3cnn(C)c3)n2)CC1,,,activity,,P3,6.0–6.5（0.32–1 µM）,6.13,False,,CHEMBL4643124,False,,,,,,,,False
GKA_0309,gka_candidate,CHEMBL3925207,,CS(=O)(=O)c1ccc(Oc2cc3cc(-c4ccc(CCC(=O)O)cn4)[nH]c3cc2Oc2ccccc2F)cc1,,,activity,,P3,6.0–6.5（0.32–1 µM）,6.11,False,,CHEMBL3925207,False,,,,,,,,False
GKA_0310,gka_candidate,CHEMBL2346760,,Cc1cc(S(=O)(=O)C2CCCC2)cc(=O)n1C(CC(C)C)C(=O)Nc1nccs1,,,activity,,P3,6.0–6.5（0.32–1 µM）,6.1,False,,CHEMBL2346760,False,,,,,,,,False
GKA_0311,gka_candidate,CHEMBL2346881,,O=C(Nc1ncc(Cl)s1)[C@H](CC1CCCCO1)N1CCN(S(=O)(=O)C2CC2)CC1=O,,,activity,,P3,6.0–6.5（0.32–1 µM）,6.1,False,,CHEMBL2346881,False,,,,,,,,False
GKA_0312,gka_candidate,CHEMBL3218728,,CN1CCN(C(=O)Cn2cc(-c3cnc(NC(=O)C(CC4CCOCC4)c4ccc(S(=O)(=O)C5CC5)cc4)s3)nn2)CC1,,,activity,,P3,6.0–6.5（0.32–1 µM）,6.1,False,,CHEMBL3218728,False,,,,,,,,False
GKA_0313,gka_candidate,CHEMBL4063355,,O=C(Nc1cnccn1)[C@H](CC1CCOCC1)n1ncc2c(S(=O)(=O)C3CC3)cccc21,,,activity,,P3,6.0–6.5（0.32–1 µM）,6.1,False,,CHEMBL4063355,False,,,,,,,,False
GKA_0314,gka_candidate,CHEMBL4216383,,COCC(C)Oc1cc(Oc2ccc(C(=O)N3CCC3)nc2)cc(C(=O)Nc2nc3c(s2)CN(C(=O)OC(C)(C)C)CC3)c1,,,activity,,P3,6.0–6.5（0.32–1 µM）,6.06,False,,CHEMBL4216383,False,,,,,,,,False
GKA_0315,gka_candidate,CHEMBL3338072,,CNC(=O)Nc1ncc(Sc2ccccn2)cc1Oc1c(C)n[nH]c1C,,,activity,,P3,6.0–6.5（0.32–1 µM）,6.055,False,,CHEMBL3338072,False,,,,,,,,False
GKA_0316,gka_candidate,CHEMBL4202493,,COCC(C)Oc1cc(Oc2ccc(S(=O)(=O)N3CCC3)cc2)cc(C(=O)Nc2nc3c(s2)CN(C(=O)OC(C)(C)C)CC3)c1,,,activity,,P3,6.0–6.5（0.32–1 µM）,6.05,False,,CHEMBL4202493,False,,,,,,,,False
GKA_0317,gka_candidate,CHEMBL4212586,,COCC(C)Oc1cc(Oc2ccc(S(C)(=O)=O)cc2)cc(C(=O)Nc2nc3c(s2)CN(c2ccccn2)CC3)c1,,,activity,,P3,6.0–6.5（0.32–1 µM）,6.05,False,,CHEMBL4212586,False,,,,,,,,False
GKA_0318,gka_candidate,CHEMBL1257864,,CNC(=O)NC(=O)/C(=C/C1CCCC1)c1ccc(-n2nnnc2C)c(F)c1,,,activity,,P3,6.0–6.5（0.32–1 µM）,6.04,False,,CHEMBL1257864,False,,,,,,,,False
GKA_0319,gka_candidate,CHEMBL2204657,,Cc1cnc(NC(=O)c2cc(Oc3cnc(C(=O)N(C)C)nc3)c3cn(C)nc3c2)cn1,,,activity,,P3,6.0–6.5（0.32–1 µM）,6.04,False,,CHEMBL2204657,False,,,,,,,,False
GKA_0320,gka_candidate,CHEMBL3968166,,O=C(Nc1ncc(F)s1)C(OC1CCOCC1)c1ccc(S(=O)(=O)N2CCOCC2)cc1,,,activity,,P3,6.0–6.5（0.32–1 µM）,6.02,False,,CHEMBL3968166,False,,,,,,,,False
GKA_0321,gka_candidate,CHEMBL551445,,Cc1csc(NC(=O)c2cc(Sc3nncn3C)ccc2Sc2ccc(F)cc2)n1,,,activity,,P3,6.0–6.5（0.32–1 µM）,6.01,False,,CHEMBL551445,False,,,,,,,,False
GKA_0322,gka_candidate,CHEMBL2204646,,Cc1cnc(NC(=O)c2cc(Oc3cnc(C(=O)N(C)C)cn3)c3cn(C)nc3c2)cn1,,,activity,,P3,6.0–6.5（0.32–1 µM）,6.0,False,,CHEMBL2204646,False,,,,,,,,False
GKA_0323,gka_candidate,CHEMBL2346764,,CC(C)S(=O)(=O)N1CCN([C@@H](CC2CCCCC2)C(=O)Nc2nccs2)C(=O)C1,,,activity,,P3,6.0–6.5（0.32–1 µM）,6.0,False,,CHEMBL2346764,False,,,,,,,,False
GKA_0324,gka_candidate,CHEMBL4082347,,O=C(Nc1ncc(Cl)s1)[C@H](CC1CCOCC1)n1cc(S(=O)(=O)C2CCCC2)cn1,,,activity,,P3,6.0–6.5（0.32–1 µM）,6.0,False,,CHEMBL4082347,False,,,,,,,,False
GKA_0325,gka_candidate,CHEMBL3918883,,CCS(=O)(=O)c1ccc(Oc2cc3cc(-c4ccc(CCC(=O)OC)cn4)[nH]c3cc2C2CCC(=O)N2C)cc1,,,activity,,P4,≥7.5（EC50 ≤ 32 nM）,8.72,False,,CHEMBL3918883,False,,,,,,,,False
GKA_0326,gka_candidate,CHEMBL3969091,,COC(=O)CCc1ccc(Oc2cc3cc(-c4ccccn4)[nH]c3cc2C2CCC(=O)N2C)cc1,,,activity,,P4,≥7.5（EC50 ≤ 32 nM）,8.37,False,,CHEMBL3969091,False,,,,,,,,False
GKA_0327,gka_candidate,CHEMBL4104680,,COC(=O)c1ccc(-c2cc3cc(Oc4ccc(S(C)(=O)=O)nc4)c(C4CCC(=O)N4C)cc3[nH]2)nc1,,,activity,,P4,≥7.5（EC50 ≤ 32 nM）,8.28,False,,CHEMBL4104680,False,,,,,,,,False
GKA_0328,gka_candidate,CHEMBL4067037,,CCOC(=O)c1ccc(Oc2cc3cc(-c4ccc(C(F)(F)F)cn4)[nH]c3cc2C2CCC(=O)N2C)cc1,,,activity,,P4,≥7.5（EC50 ≤ 32 nM）,8.18,False,,CHEMBL4067037,False,,,,,,,,False
GKA_0329,gka_candidate,CHEMBL4068048,,CN1C(=O)CCC1c1cc2[nH]c(-c3ccc(C(C)(C)O)cn3)cc2cc1Oc1ccc(S(C)(=O)=O)nc1,,,activity,,P4,≥7.5（EC50 ≤ 32 nM）,8.165,False,,CHEMBL4068048,False,,,,,,,,False
GKA_0330,gka_candidate,CHEMBL3235155,,COCC(C)NCc1csc(NC(=O)c2cc(Oc3ccc(S(C)(=O)=O)cc3)cc(-c3ncccc3C)c2)n1,,,activity,,P4,≥7.5（EC50 ≤ 32 nM）,8.1,False,,CHEMBL3235155,False,,,,,,,,False
GKA_0331,gka_candidate,CHEMBL4065127,,O=C(O)Cc1nc(NC(=O)c2nc(Sc3ccccn3)ccc2Sc2ccc(F)cc2)sc1Cl,,,activity,,P4,≥7.5（EC50 ≤ 32 nM）,8.02,False,,CHEMBL4065127,False,,,,,,,,False
GKA_0332,gka_candidate,CHEMBL3901777,,COC(=O)CCc1ccc(-c2cc3cc(Oc4ccc(S(C)(=O)=O)cc4)c(C4CCC(=O)N4C)cc3[nH]2)nc1,,,activity,,P4,≥7.5（EC50 ≤ 32 nM）,8.015,False,,CHEMBL3901777,False,,,,,,,,False
GKA_0333,gka_candidate,CHEMBL1257976,,CS(=O)(=O)c1ccc(/C(=C\C2CCCCC2)C(=O)Nc2nccs2)cc1C(F)(F)F,,,activity,,P4,≥7.5（EC50 ≤ 32 nM）,8.0,False,,CHEMBL1257976,False,,,,,,,,False
GKA_0334,gka_candidate,CHEMBL1258322,,CS(=O)(=O)c1ccc(/C(=C\C2CCCCCC2)C(=O)Nc2ncc(Br)s2)cc1C(F)(F)F,,,activity,,P4,≥7.5（EC50 ≤ 32 nM）,7.96,False,,CHEMBL1258322,False,,,,,,,,False
GKA_0335,gka_candidate,CHEMBL1257270,,CS(=O)(=O)c1ccc(/C(=C\C2CCCC2)C(=O)Nc2ncc(Cl)s2)cc1,,,activity,,P4,≥7.5（EC50 ≤ 32 nM）,7.92,False,,CHEMBL1257270,False,,,,,,,,False
GKA_0336,gka_candidate,CHEMBL1258093,,CS(=O)(=O)c1ccc(/C(=C\C2CCCCC2)C(=O)Nc2nccs2)cc1[N+](=O)[O-],,,activity,,P4,≥7.5（EC50 ≤ 32 nM）,7.89,False,,CHEMBL1258093,False,,,,,,,,False
GKA_0337,gka_candidate,CHEMBL4084078,,COc1ccc(Sc2ccc(Sc3ccccn3)nc2C(=O)Nc2ncc(SCC(=O)O)s2)cc1,,,activity,,P4,≥7.5（EC50 ≤ 32 nM）,7.85,False,,CHEMBL4084078,False,,,,,,,,False
GKA_0338,gka_candidate,CHEMBL4094511,,CN1C(=O)CCC1c1cc2[nH]c(-c3ccc(C(F)(F)F)cn3)cc2cc1Oc1ccc(C(=O)O)cc1,,,activity,,P4,≥7.5（EC50 ≤ 32 nM）,7.82,False,,CHEMBL4094511,False,,,,,,,,False
GKA_0339,gka_candidate,CHEMBL3896295,,COC(=O)CCc1ccc(Oc2cc3cc(-c4ccc(C(F)(F)F)cn4)[nH]c3cc2C2CCC(=O)N2C)cc1,,,activity,,P4,≥7.5（EC50 ≤ 32 nM）,7.8,False,,CHEMBL3896295,False,,,,,,,,False
GKA_0340,gka_candidate,CHEMBL3908999,,CN1C(=O)CCC1c1cc2[nH]c(-c3ccccn3)cc2cc1Oc1ccc(CCC(=O)O)cc1,,,activity,,P4,≥7.5（EC50 ≤ 32 nM）,7.795,False,,CHEMBL3908999,False,,,,,,,,False
GKA_0341,gka_candidate,CHEMBL1257152,,CS(=O)(=O)c1ccc(/C(=C\C2CCCCCC2)C(=O)Nc2nccs2)cc1,,,activity,,P4,≥7.5（EC50 ≤ 32 nM）,7.68,False,,CHEMBL1257152,False,,,,,,,,False
GKA_0342,gka_candidate,CHEMBL3577719,,COC[C@H](C)Oc1cc(C#Cc2ccccc2OC)cc(C(=O)Nc2ccn(C)n2)c1,,,activity,,P4,≥7.5（EC50 ≤ 32 nM）,7.68,False,,CHEMBL3577719,False,,,,,,,,False
GKA_0343,gka_candidate,CHEMBL3979297,,COC(=O)Cc1ccc(Oc2cc3cc(-c4ccccn4)[nH]c3cc2C2CCC(=O)N2C)cc1,,,activity,,P4,≥7.5（EC50 ≤ 32 nM）,7.68,False,,CHEMBL3979297,False,,,,,,,,False
GKA_0344,gka_candidate,CHEMBL4646748,,CN(C)C(=O)N1CCC(c2nsc(Nc3ncc(Sc4ccccn4)cc3Oc3ccccc3)n2)CC1,,,activity,,P4,≥7.5（EC50 ≤ 32 nM）,7.68,False,,CHEMBL4646748,False,,,,,,,,False
GKA_0345,gka_candidate,CHEMBL4635545,,O=C(O)CCc1csc(Nc2ncc(Sc3ccncc3)cc2Oc2ccccc2)n1,,,activity,,P4,≥7.5（EC50 ≤ 32 nM）,7.66,False,,CHEMBL4635545,False,,,,,,,,False
GKA_0346,gka_candidate,CHEMBL3933975,,CCOP(=O)(Cc1cnc(-c2cc3cc(Oc4ccc(S(C)(=O)=O)nc4)c(C4CCC(=O)N4C)cc3[nH]2)s1)OCC,,,activity,,P4,≥7.5（EC50 ≤ 32 nM）,7.63,False,,CHEMBL3933975,False,,,,,,,,False
GKA_0347,gka_candidate,CHEMBL3907860,,CN1C(=O)CCC1c1cc2[nH]c(-c3ccccn3)cc2cc1Oc1ccc(CC(=O)O)cc1,,,activity,,P4,≥7.5（EC50 ≤ 32 nM）,7.62,False,,CHEMBL3907860,False,,,,,,,,False
GKA_0348,gka_candidate,CHEMBL5084870,,CCOP(=O)(Cn1ccc(NC(=O)c2cc(Oc3ccc(S(C)(=O)=O)nc3)cc(OC(C)C)c2)n1)OCC,,,activity,,P4,≥7.5（EC50 ≤ 32 nM）,7.62,False,,CHEMBL5084870,False,,,,,,,,False
GKA_0349,gka_candidate,CHEMBL3577723,,COC[C@H](C)Oc1cc(C#Cc2cccc(N)c2)cc(C(=O)Nc2ccn(C)n2)c1,,,activity,,P4,≥7.5（EC50 ≤ 32 nM）,7.57,False,,CHEMBL3577723,False,,,,,,,,False
GKA_0350,gka_candidate,CHEMBL1258888,,CS(=O)(=O)c1ccc(/C(=C\C2CCCCC2)C(=O)Nc2nccs2)cc1,,,activity,,P4,≥7.5（EC50 ≤ 32 nM）,7.54,False,,CHEMBL1258888,False,,,,,,,,False
GKA_0351,gka_candidate,CHEMBL4642717,,CC(C)C(=O)N1CCC(c2nsc(Nc3ncc(Sc4ccccn4)cc3Oc3ccccc3)n2)CC1,,,activity,,P4,≥7.5（EC50 ≤ 32 nM）,7.54,False,,CHEMBL4642717,False,,,,,,,,False
GKA_0352,gka_candidate,CHEMBL1778362,,COC[C@H](C)Oc1cc(OCC(F)(F)c2ccccc2)cc(C(=O)Nc2ccc(C(=O)O)cn2)c1,,,activity,,P4,≥7.5（EC50 ≤ 32 nM）,7.52,False,,CHEMBL1778362,False,,,,,,,,False
GKA_0353,gka_candidate,CHEMBL4083339,,CN1C(=O)CCC1c1cc2[nH]c(-c3ccc(C(F)(F)F)cn3)cc2cc1Oc1ccc(S(C)(=O)=O)nc1,,,activity,,P4,≥7.5（EC50 ≤ 32 nM）,7.51,False,,CHEMBL4083339,False,,,,,,,,False
GKA_0354,gka_candidate,CHEMBL4635059,,Cc1csc(Nc2ncc(Sc3ccncc3)cc2Oc2ccccc2)n1,,,activity,,P4,≥7.5（EC50 ≤ 32 nM）,7.5,False,,CHEMBL4635059,False,,,,,,,,False
GKA_0355,gka_candidate,CHEMBL5092846,,CCOP(=O)(Cn1ccc(NC(=O)c2cc(Oc3ccc(S(=O)(=O)C(C)C)cc3)cc(OC(C)C)c2)n1)OCC,,,activity,,P4,≥7.5（EC50 ≤ 32 nM）,7.5,False,,CHEMBL5092846,False,,,,,,,,False
GKA_0356,gka_candidate,CHEMBL1257622,,CS(=O)(=O)c1ccc(/C(=C\C2CCCC2)C(=O)Nc2nccs2)cc1Br,,,activity,,P4,7.0–7.5（32–100 nM）,7.48,False,,CHEMBL1257622,False,,,,,,,,False
GKA_0357,gka_candidate,CHEMBL3235156,,COC(CNCc1csc(NC(=O)c2cc(Oc3ccc(S(C)(=O)=O)cc3)cc(-c3ncccc3C)c2)n1)OC,,,activity,,P4,7.0–7.5（32–100 nM）,7.48,False,,CHEMBL3235156,False,,,,,,,,False
GKA_0358,gka_candidate,CHEMBL3577722,,COC[C@H](C)Oc1cc(C#Cc2ccc(N)cc2)cc(C(=O)Nc2ccn(C)n2)c1,,,activity,,P4,7.0–7.5（32–100 nM）,7.47,False,,CHEMBL3577722,False,,,,,,,,False
GKA_0359,gka_candidate,CHEMBL4643638,,O=C(CO)N1CCC(c2nsc(Nc3ncc(Sc4ccccn4)cc3Oc3ccccc3)n2)CC1,,,activity,,P4,7.0–7.5（32–100 nM）,7.44,False,,CHEMBL4643638,False,,,,,,,,False
GKA_0360,gka_candidate,CHEMBL205627,,COC[C@H](C)Oc1cc(O[C@@H](C)Cc2ccccc2)cc(C(=O)Nc2ccc(C(=O)O)cn2)c1,,,activity,,P4,7.0–7.5（32–100 nM）,7.435,False,,CHEMBL205627,False,,,,,,,,False
GKA_0361,gka_candidate,CHEMBL3577725,,COC[C@H](C)Oc1cc(C#Cc2cccc(N(C)C)c2)cc(C(=O)Nc2ccn(C)n2)c1,,,activity,,P4,7.0–7.5（32–100 nM）,7.43,False,,CHEMBL3577725,False,,,,,,,,False
GKA_0362,gka_candidate,CHEMBL4635073,,C[C@H](O)C(=O)N1CCC(c2nsc(Nc3ncc(Sc4ccccn4)cc3Oc3ccccc3)n2)CC1,,,activity,,P4,7.0–7.5（32–100 nM）,7.43,False,,CHEMBL4635073,False,,,,,,,,False
GKA_0363,gka_candidate,CHEMBL3577724,,COC[C@H](C)Oc1cc(C#Cc2cccc(O)c2)cc(C(=O)Nc2ccn(C)n2)c1,,,activity,,P4,7.0–7.5（32–100 nM）,7.41,False,,CHEMBL3577724,False,,,,,,,,False
GKA_0364,gka_candidate,CHEMBL3577731,,COCCNc1cccc(C#Cc2cc(O[C@@H](C)COC)cc(C(=O)Nc3ccn(C)n3)c2)c1,,,activity,,P4,7.0–7.5（32–100 nM）,7.41,False,,CHEMBL3577731,False,,,,,,,,False
GKA_0365,gka_candidate,CHEMBL3965916,,CN1C(=O)CCC1c1cc2[nH]c(-c3cnccn3)cc2cc1Oc1ccc(CCC(=O)O)cc1,,,activity,,P4,7.0–7.5（32–100 nM）,7.41,False,,CHEMBL3965916,False,,,,,,,,False
GKA_0366,gka_candidate,CHEMBL1778354,,COC[C@H](C)Oc1cc(O[C@@H](C)Cc2ccc(F)cc2)cc(C(=O)Nc2ccc(C(=O)O)cn2)c1,,,activity,,P4,7.0–7.5（32–100 nM）,7.4,False,,CHEMBL1778354,False,,,,,,,,False
GKA_0367,gka_candidate,CHEMBL3217924,,C[C@@H](CO)Oc1cc(Oc2ccc(C(=O)N(C)C)cc2)cc(C(=O)Nc2ccn(C)n2)c1,,,activity,,P4,7.0–7.5（32–100 nM）,7.4,False,,CHEMBL3217924,False,,,,,,,,False
GKA_0368,gka_candidate,CHEMBL4083428,,O=C(Nc1ncc(F)s1)[C@H](CC1CCOCC1)n1ncc2c(S(=O)(=O)C3CC3)cccc21,,,activity,,P4,7.0–7.5（32–100 nM）,7.4,False,,CHEMBL4083428,False,,,,,,,,False
GKA_0369,gka_candidate,CHEMBL558885,,O=C(Nc1nccs1)c1nc(Sc2nnc[nH]2)ccc1Sc1cccc(F)c1,,,activity,,P4,7.0–7.5（32–100 nM）,7.4,False,,CHEMBL558885,False,,,,,,,,False
GKA_0370,gka_candidate,CHEMBL3970863,,CN1C(=O)CCC1c1cc2[nH]c(-c3ccc(C(F)(F)F)cn3)cc2cc1Oc1ccc(CCC(=O)O)cc1,,,activity,,P4,7.0–7.5（32–100 nM）,7.38,False,,CHEMBL3970863,False,,,,,,,,False
GKA_0371,gka_candidate,CHEMBL572590,,CCN(CC)S(=O)(=O)c1ccc(C(CC2CCCC2)C(=O)Nc2nc3ccc(OC)nc3s2)cc1,,,activity,,P4,7.0–7.5（32–100 nM）,7.38,False,,CHEMBL572590,False,,,,,,,,False
GKA_0372,gka_candidate,CHEMBL1257621,,CS(=O)(=O)c1ccc(/C(=C\C2CCCC2)C(=O)Nc2nccs2)cc1Cl,,,activity,,P4,7.0–7.5（32–100 nM）,7.35,False,,CHEMBL1257621,False,,,,,,,,False
GKA_0373,gka_candidate,CHEMBL3577734,,COC[C@H](C)Oc1cc(C#Cc2cccc(OCC#N)c2)cc(C(=O)Nc2ccn(C)n2)c1,,,activity,,P4,7.0–7.5（32–100 nM）,7.34,False,,CHEMBL3577734,False,,,,,,,,False
GKA_0374,gka_candidate,CHEMBL2022799,,CC(C)=CCOc1cc(Oc2ccc(S(=O)(=O)C3CC3)cc2)cc(C(=O)Nc2ncc(F)s2)c1,,,activity,,P4,7.0–7.5（32–100 nM）,7.32,False,,CHEMBL2022799,False,,,,,,,,False
GKA_0375,gka_candidate,CHEMBL3983869,,CN1C(=O)CCC1c1cc2[nH]c(-c3nc(CC(=O)O)c(Cl)s3)cc2cc1Oc1ccc(S(C)(=O)=O)cc1,,,activity,,P4,7.0–7.5（32–100 nM）,7.32,False,,CHEMBL3983869,False,,,,,,,,False
GKA_0376,gka_candidate,CHEMBL5093978,,CCOP(=O)(Cn1ccc(NC(=O)c2cc(Oc3ccc(S(C)(=O)=O)cc3)cc(OC(C)C)c2)n1)OCC,,,activity,,P4,7.0–7.5（32–100 nM）,7.32,False,,CHEMBL5093978,False,,,,,,,,False
GKA_0377,gka_candidate,CHEMBL1257391,,Cc1cnc(NC(=O)/C(=C/C2CCCC2)c2ccc(S(C)(=O)=O)cc2)s1,,,activity,,P4,7.0–7.5（32–100 nM）,7.31,False,,CHEMBL1257391,False,,,,,,,,False
GKA_0378,gka_candidate,CHEMBL3982875,,CN1C(=O)CCC1c1cc2[nH]c(-c3nc(CC(=O)O)c(Cl)s3)cc2cc1Oc1ccc(S(C)(=O)=O)nc1,,,activity,,P4,7.0–7.5（32–100 nM）,7.31,False,,CHEMBL3982875,False,,,,,,,,False
GKA_0379,gka_candidate,CHEMBL4091838,,COc1ccc(Sc2ccc(Sc3ccccn3)nc2C(=O)Nc2nc(CC(=O)O)cs2)cc1,,,activity,,P4,7.0–7.5（32–100 nM）,7.31,False,,CHEMBL4091838,False,,,,,,,,False
GKA_0380,gka_candidate,CHEMBL1778356,,COC[C@H](C)Oc1cc(O[C@@H](C)Cc2cc(F)cc(F)c2)cc(C(=O)Nc2ccc(C(=O)O)cn2)c1,,,activity,,P4,7.0–7.5（32–100 nM）,7.3,False,,CHEMBL1778356,False,,,,,,,,False
GKA_0381,gka_candidate,CHEMBL3217758,,COC[C@H](C)Oc1cc(Oc2ccc(C(=O)N(C)C)cc2)cc(C(=O)Nc2cc[nH]n2)c1,,,activity,,P4,7.0–7.5（32–100 nM）,7.3,False,,CHEMBL3217758,False,,,,,,,,False
GKA_0382,gka_candidate,CHEMBL3221529,,O=C(Nc1ccc(F)cn1)[C@H](CN1CC(O)C1)Oc1ncnc2c1cnn2-c1c(F)cccc1Cl,,,activity,,P4,7.0–7.5（32–100 nM）,7.3,False,,CHEMBL3221529,False,,,,,,,,False
GKA_0383,gka_candidate,CHEMBL4062363,,COc1ccc(Sc2ccc(Sc3nncn3C)nc2C(=O)Nc2ncc(SCC(=O)O)s2)cc1,,,activity,,P4,7.0–7.5（32–100 nM）,7.29,False,,CHEMBL4062363,False,,,,,,,,False
GKA_0384,gka_candidate,CHEMBL575087,,Cn1ccc(Nc2ncnc3ccc(Oc4c(F)cccc4F)cc23)n1,,,activity,,P4,7.0–7.5（32–100 nM）,7.285,False,,CHEMBL575087,False,,,,,,,,False
GKA_0385,gka_candidate,CHEMBL1257269,,CS(=O)(=O)c1ccc(/C(=C\CC2CCCC2)C(=O)Nc2nccs2)cc1,,,activity,,P4,7.0–7.5（32–100 nM）,7.28,False,,CHEMBL1257269,False,,,,,,,,False
GKA_0386,gka_candidate,CHEMBL2022801,,CC(C)=CCOc1cc(Oc2ccc(S(=O)(=O)N3CCOCC3)cc2)cc(C(=O)Nc2ncc(F)s2)c1,,,activity,,P4,7.0–7.5（32–100 nM）,7.28,False,,CHEMBL2022801,False,,,,,,,,False
GKA_0387,gka_candidate,CHEMBL2023053,,CC(C)=CCOc1cc(Oc2ccc(S(=O)(=O)N3CC[C@H](F)C3)cc2)cc(C(=O)Nc2nccs2)c1,,,activity,,P4,7.0–7.5（32–100 nM）,7.28,False,,CHEMBL2023053,False,,,,,,,,False
GKA_0388,gka_candidate,CHEMBL3577733,,COC[C@H](C)Oc1cc(C#Cc2cccc(OC(C)C)c2)cc(C(=O)Nc2ccn(C)n2)c1,,,activity,,P4,7.0–7.5（32–100 nM）,7.28,False,,CHEMBL3577733,False,,,,,,,,False
GKA_0389,gka_candidate,CHEMBL5072532,,CCOP(=O)(Cn1ccc(NC(=O)c2cc(Oc3cnc(C(=O)N4CCC4)cn3)cc(OC(C)C)c2)n1)OCC,,,activity,,P4,7.0–7.5（32–100 nM）,7.28,True,BMS-820132,CHEMBL5072532,False,,,,,,,,False
GKA_0390,gka_candidate,CHEMBL575726,,COc1ccc2nc(NC(=O)[C@H](CC3CCCC3)c3ccc(S(=O)(=O)N4CCN(C)CC4)cc3)sc2n1,,,activity,,P4,7.0–7.5（32–100 nM）,7.275,False,,CHEMBL575726,False,,,,,,,,False
GKA_0391,gka_candidate,CHEMBL3890812,,CCS(=O)(=O)c1ccc(Oc2cc3cc(-c4ccc(CCC(=O)O)cn4)[nH]c3cc2C2CCC(=O)N2C)cc1,,,activity,,P4,7.0–7.5（32–100 nM）,7.27,False,,CHEMBL3890812,False,,,,,,,,False
GKA_0392,gka_candidate,CHEMBL3972850,,CCS(=O)(=O)c1ccc(Oc2cc3cc(-c4ccc(P(C)(=O)O)cn4)[nH]c3cc2C2CCC(=O)N2C)cc1,,,activity,,P4,7.0–7.5（32–100 nM）,7.27,False,,CHEMBL3972850,False,,,,,,,,False
GKA_0393,gka_candidate,CHEMBL4643142,,CC(C)c1csc(Nc2ncc(Sc3ccncc3)cc2Oc2ccccc2)n1,,,activity,,P4,7.0–7.5（32–100 nM）,7.24,False,,CHEMBL4643142,False,,,,,,,,False
GKA_0394,gka_candidate,CHEMBL551558,,O=C(Nc1nccs1)c1nc(Sc2nnc[nH]2)ccc1Sc1ccccc1F,,,activity,,P4,7.0–7.5（32–100 nM）,7.24,False,,CHEMBL551558,False,,,,,,,,False
GKA_0395,gka_candidate,CHEMBL4469570,,CNC(=O)Nc1cc(Oc2cncc(OC)c2)c(-c2ccc(OCCO)nc2)cn1,,,activity,,P4,7.0–7.5（32–100 nM）,7.225,False,,CHEMBL4469570,False,,,,,,,,False
GKA_0396,gka_candidate,CHEMBL1258887,,CS(=O)(=O)c1ccc(/C(=C\C2CCCC2)C(=O)Nc2nccs2)cc1,,,activity,,P4,7.0–7.5（32–100 nM）,7.22,False,,CHEMBL1258887,False,,,,,,,,False
GKA_0397,gka_candidate,CHEMBL1778367,,COC[C@H](C)Oc1cc(Oc2ccc(OC)cc2)cc(C(=O)Nc2ccc(C(=O)O)cn2)c1,,,activity,,P4,7.0–7.5（32–100 nM）,7.22,False,,CHEMBL1778367,False,,,,,,,,False
GKA_0398,gka_candidate,CHEMBL1778372,,COC[C@H](C)Oc1cc(Oc2ccc(S(C)(=O)=O)cc2)cc(C(=O)Nc2ccc(C(=O)O)cn2)c1,,,activity,,P4,7.0–7.5（32–100 nM）,7.22,False,,CHEMBL1778372,False,,,,,,,,False
GKA_0399,gka_candidate,CHEMBL4581836,,CNC(=O)Nc1cc(Oc2cncc(C)c2)c(-c2ccc(OC[C@@H](C)O)nc2)cn1,,,activity,,P4,7.0–7.5（32–100 nM）,7.22,False,,CHEMBL4581836,False,,,,,,,,False
GKA_0400,gka_candidate,CHEMBL4573996,,CCc1cncc(Oc2cc(NC(=O)NC)ncc2-c2ccc(OCCO)nc2)c1,,,activity,,P4,7.0–7.5（32–100 nM）,7.21,False,,CHEMBL4573996,False,,,,,,,,False
GKA_0401,gka_candidate,CHEMBL499520,,O=C(Nc1ncc(F)s1)[C@H](CC1CCOCC1)c1ccc(S(=O)(=O)C2CC2)cc1,,,activity,,P4,7.0–7.5（32–100 nM）,7.21,False,,CHEMBL499520,False,,,,,,,,False
GKA_0402,gka_candidate,CHEMBL574131,,COCCNS(=O)(=O)c1ccc(C(CC2CCCC2)C(=O)Nc2nc3ccc(OC)nc3s2)cc1,,,activity,,P4,7.0–7.5（32–100 nM）,7.21,False,,CHEMBL574131,False,,,,,,,,False
GKA_0403,gka_candidate,CHEMBL2022802,,CC(C)=CCOc1cc(Oc2ccc(S(=O)(=O)N3C[C@@H](C)O[C@@H](C)C3)cc2)cc(C(=O)Nc2nccs2)c1,,,activity,,P4,7.0–7.5（32–100 nM）,7.2,False,,CHEMBL2022802,False,,,,,,,,False
GKA_0404,gka_candidate,CHEMBL2206791,,COCC[C@H](Oc1ncnc2c1cnn2-c1ccccc1C(F)(F)F)C(=O)Nc1ccc(C)cn1,,,activity,,P4,7.0–7.5（32–100 nM）,7.2,False,,CHEMBL2206791,False,,,,,,,,False
GKA_0405,gka_candidate,CHEMBL3221517,,O=C(Nc1ccc(Cl)cn1)[C@H](CN1CC(O)C1)Oc1ncnc2c1cnn2-c1ccccc1Cl,,,activity,,P4,7.0–7.5（32–100 nM）,7.2,False,,CHEMBL3221517,False,,,,,,,,False
GKA_0406,gka_candidate,CHEMBL4446305,,CNC(=O)Nc1cc(Oc2cncc(C)c2)c(-c2ccc(OCCO)nc2)cn1,,,activity,,P4,7.0–7.5（32–100 nM）,7.2,False,,CHEMBL4446305,False,,,,,,,,False
GKA_0407,gka_candidate,CHEMBL561652,,C[C@@H](CO)Oc1cc(Oc2ccc(S(C)(=O)=O)cc2)cc(C(=O)Nc2nccs2)c1,,,activity,,P4,7.0–7.5（32–100 nM）,7.2,False,,CHEMBL561652,False,,,,,,,,False
GKA_0408,gka_candidate,CHEMBL3894527,,CN1C(=O)CCC1c1cc2[nH]c(-c3ccc(C(F)(F)F)cn3)cc2cc1Oc1ccc(CC(=O)O)cc1,,,activity,,P4,7.0–7.5（32–100 nM）,7.19,False,,CHEMBL3894527,False,,,,,,,,False
GKA_0409,gka_candidate,CHEMBL3955232,,COC(=O)Cc1csc(-c2cc3cc(Oc4ccc(S(C)(=O)=O)cc4)c(C4CCC(=O)N4C)cc3[nH]2)n1,,,activity,,P4,7.0–7.5（32–100 nM）,7.19,False,,CHEMBL3955232,False,,,,,,,,False
GKA_0410,gka_candidate,CHEMBL5091943,,CCOP(=O)(Cc1csc(NC(=O)c2cc(Oc3ccc(S(C)(=O)=O)cc3)cc(O[C@@H](C)COC)c2)n1)OCC,,,activity,,P4,7.0–7.5（32–100 nM）,7.19,False,,CHEMBL5091943,False,,,,,,,,False
GKA_0411,gka_candidate,CHEMBL2023050,,CC(C)=CCOc1cc(Oc2ccc(S(=O)(=O)N3C[C@@H](C)O[C@@H](C)C3)cc2)cc(C(=O)Nc2ncc(F)s2)c1,,,activity,,P4,7.0–7.5（32–100 nM）,7.18,False,,CHEMBL2023050,False,,,,,,,,False
GKA_0412,gka_candidate,CHEMBL3905981,,CN1C(=O)CCC1c1cc2[nH]c(-c3ncc(CCC(=O)O)s3)cc2cc1Oc1ccc(S(C)(=O)=O)cc1,,,activity,,P4,7.0–7.5（32–100 nM）,7.18,False,,CHEMBL3905981,False,,,,,,,,False
GKA_0413,gka_candidate,CHEMBL1778355,,COC[C@H](C)Oc1cc(O[C@@H](C)Cc2ccccc2OC)cc(C(=O)Nc2ccc(C(=O)O)cn2)c1,,,activity,,P4,7.0–7.5（32–100 nM）,7.16,False,,CHEMBL1778355,False,,,,,,,,False
GKA_0414,gka_candidate,CHEMBL1778361,,COC[C@H](C)Oc1cc(OC[C@H](C)c2ccccc2)cc(C(=O)Nc2ccc(C(=O)O)cn2)c1,,,activity,,P4,7.0–7.5（32–100 nM）,7.16,False,,CHEMBL1778361,False,,,,,,,,False
GKA_0415,gka_candidate,CHEMBL3217921,,COC[C@H](C)Oc1cc(Oc2cc(F)cc(F)c2)cc(C(=O)Nc2nccs2)c1,,,activity,,P4,7.0–7.5（32–100 nM）,7.16,False,,CHEMBL3217921,False,,,,,,,,False
GKA_0416,gka_candidate,CHEMBL3911909,,CN1C(=O)CCC1c1cc2[nH]c(-c3ncc(CCC(=O)O)s3)cc2cc1Oc1ccc(S(C)(=O)=O)nc1,,,activity,,P4,7.0–7.5（32–100 nM）,7.16,False,,CHEMBL3911909,False,,,,,,,,False
GKA_0417,gka_candidate,CHEMBL4070998,,COc1ccc(Sc2ccc(Sc3ccccn3)nc2C(=O)Nc2ncc(CCC(=O)O)s2)cc1,,,activity,,P4,7.0–7.5（32–100 nM）,7.16,False,,CHEMBL4070998,False,,,,,,,,False
GKA_0418,gka_candidate,CHEMBL4636593,,C[C@@H](O)C(=O)N1CCC(c2nsc(Nc3ncc(Sc4ccccn4)cc3Oc3ccccc3)n2)CC1,,,activity,,P4,7.0–7.5（32–100 nM）,7.16,False,,CHEMBL4636593,False,,,,,,,,False
GKA_0419,gka_candidate,CHEMBL575088,,CS(=O)(=O)c1cccc(F)c1Oc1ccc2ncnc(Nc3cc[nH]n3)c2c1,,,activity,,P4,7.0–7.5（32–100 nM）,7.16,False,,CHEMBL575088,False,,,,,,,,False
GKA_0420,gka_candidate,CHEMBL3971117,,COCc1ccc(Oc2cc3cc(-c4ccc(CCC(=O)O)cn4)[nH]c3cc2C2CCC(=O)N2C)cn1,,,activity,,P4,7.0–7.5（32–100 nM）,7.14,False,,CHEMBL3971117,False,,,,,,,,False
GKA_0421,gka_candidate,CHEMBL577191,,COc1ccc2nc(NC(=O)C(CC3CCCC3)c3ccc(S(=O)(=O)N(C(C)C)C(C)C)cc3)sc2n1,,,activity,,P4,7.0–7.5（32–100 nM）,7.14,False,,CHEMBL577191,False,,,,,,,,False
GKA_0422,gka_candidate,CHEMBL575298,,Cn1ccc(Nc2ncnc3ccc(Oc4c(F)cccc4S(C)(=O)=O)cc23)n1,,,activity,,P4,7.0–7.5（32–100 nM）,7.125,False,,CHEMBL575298,False,,,,,,,,False
GKA_0423,gka_candidate,CHEMBL3966487,,CN1C(=O)CCC1c1cc2[nH]c(-c3ccc(CCC(=O)O)cn3)cc2cc1Oc1ccc(S(C)(=O)=O)cc1,,,activity,,P4,7.0–7.5（32–100 nM）,7.12,False,,CHEMBL3966487,False,,,,,,,,False
GKA_0424,gka_candidate,CHEMBL5071861,,CCOP(=O)(Cn1ccc(NC(=O)c2cc(Oc3ccc(S(C)(=O)=O)cc3)cc(O[C@@H](C)COC)c2)n1)OCC,,,activity,,P4,7.0–7.5（32–100 nM）,7.12,False,,CHEMBL5071861,False,,,,,,,,False
GKA_0425,gka_candidate,CHEMBL5081517,,CCOP(=O)(Cn1ccc(NC(=O)c2cc(Oc3ccc(S(C)(=O)=O)cc3)cc(OC(CF)CF)c2)n1)OCC,,,activity,,P4,7.0–7.5（32–100 nM）,7.12,False,,CHEMBL5081517,False,,,,,,,,False
GKA_0426,gka_candidate,CHEMBL563986,,O=C(Nc1nccs1)c1nc(Sc2nnc[nH]2)ccc1Sc1ccc(F)cc1,,,activity,,P4,7.0–7.5（32–100 nM）,7.12,False,,CHEMBL563986,False,,,,,,,,False
GKA_0427,gka_candidate,CHEMBL578638,,CCn1ccc(Nc2ncnc3ccc(Oc4c(F)cccc4S(C)(=O)=O)cc23)n1,,,activity,,P4,7.0–7.5（32–100 nM）,7.12,False,,CHEMBL578638,False,,,,,,,,False
GKA_0428,gka_candidate,CHEMBL3221520,,O=C(Nc1ccc(F)cn1)[C@H](CN1CC(O)C1)Oc1ncnc2c1cnn2-c1ccccc1Cl,,,activity,,P4,7.0–7.5（32–100 nM）,7.105,False,,CHEMBL3221520,False,,,,,,,,False
GKA_0429,gka_candidate,CHEMBL4592014,,CNC(=O)Nc1cc(Oc2cncc(C)c2)c([C@H]2C[C@@H](C(C)(C)O)C2)cn1,,,activity,,P4,7.0–7.5（32–100 nM）,7.105,False,,CHEMBL4592014,False,,,,,,,,False
GKA_0430,gka_candidate,CHEMBL3221528,,O=C(Nc1ccccn1)[C@H](CN1CC(O)C1)Oc1ncnc2c1cnn2-c1c(F)cccc1Cl,,,activity,,P4,7.0–7.5（32–100 nM）,7.1,False,,CHEMBL3221528,False,,,,,,,,False
GKA_0431,gka_candidate,CHEMBL5088988,,CCOP(=O)(Cn1ccc(NC(=O)c2cc(Oc3ccc(S(C)(=O)=O)cc3)cc(O[C@@H](C)CO)c2)n1)OCC,,,activity,,P4,7.0–7.5（32–100 nM）,7.1,False,,CHEMBL5088988,False,,,,,,,,False
GKA_0432,gka_candidate,CHEMBL3903467,,CN1C(=O)CCC1c1cc2[nH]c(-c3ccc(OCC(=O)O)cn3)cc2cc1Oc1ccc(S(C)(=O)=O)nc1,,,activity,,P4,7.0–7.5（32–100 nM）,7.09,False,,CHEMBL3903467,False,,,,,,,,False
GKA_0433,gka_candidate,CHEMBL4516141,,CNC(=O)Nc1cc(Oc2cncc(C)c2)c(CCCO)cn1,,,activity,,P4,7.0–7.5（32–100 nM）,7.09,False,,CHEMBL4516141,False,,,,,,,,False
GKA_0434,gka_candidate,CHEMBL2023437,,CC(C)=CCOc1cc(Oc2ccc(S(=O)(=O)N3CC[C@H](F)C3)cc2)cc(C(=O)Nc2ccn(C)n2)c1,,,activity,,P4,7.0–7.5（32–100 nM）,7.08,False,,CHEMBL2023437,False,,,,,,,,False
GKA_0435,gka_candidate,CHEMBL2315027,,COC[C@H](C)Oc1cc(/C=C/c2ccccc2OC)cc(C(=O)Nc2ccc(C(=O)O)cn2)c1,,,activity,,P4,7.0–7.5（32–100 nM）,7.08,False,,CHEMBL2315027,False,,,,,,,,False
GKA_0436,gka_candidate,CHEMBL5083369,,CCOP(=O)(Cn1ccc(NC(=O)c2cc(Oc3ccc(S(C)(=O)=O)cc3)cc(O[C@@H](C)CF)c2)n1)OCC,,,activity,,P4,7.0–7.5（32–100 nM）,7.06,False,,CHEMBL5083369,False,,,,,,,,False
GKA_0437,gka_candidate,CHEMBL2021545,,CC[C@@H](COC)Oc1cc(Oc2ccc(S(=O)(=O)OC)cc2)cc(C(=O)Nc2nccs2)c1,,,activity,,P4,7.0–7.5（32–100 nM）,7.055,False,,CHEMBL2021545,False,,,,,,,,False
GKA_0438,gka_candidate,CHEMBL1164184,,O=C(Nc1ncc(F)s1)C(CC1CCOCC1)c1ccc(S(=O)(=O)C2CC2)cc1,,,activity,,P4,7.0–7.5（32–100 nM）,7.05,False,,CHEMBL1164184,False,,,,,,,,False
GKA_0439,gka_candidate,CHEMBL1778373,,COC[C@H](C)Oc1cc(Oc2cc(F)cc(F)c2)cc(C(=O)Nc2ccc(C(=O)O)cn2)c1,,,activity,,P4,7.0–7.5（32–100 nM）,7.05,False,,CHEMBL1778373,False,,,,,,,,False
GKA_0440,gka_candidate,CHEMBL2315025,,COC[C@H](C)Oc1cc(/C=C/c2c(F)cccc2F)cc(C(=O)Nc2ccc(C(=O)O)cn2)c1,,,activity,,P4,7.0–7.5（32–100 nM）,7.05,False,,CHEMBL2315025,False,,,,,,,,False
GKA_0441,gka_candidate,CHEMBL2408129,,Cc1cnc(-c2cc(Oc3ccc(S(=O)(=O)N(C)C)cc3)cc(O[C@@H](C)CO)c2)[nH]c1=O,,,activity,,P4,7.0–7.5（32–100 nM）,7.05,False,,CHEMBL2408129,False,,,,,,,,False
GKA_0442,gka_candidate,CHEMBL439344,,CC(C)Oc1cc(O[C@H](C)Cc2ccccc2)cc(C(=O)Nc2ccc(C(=O)O)cn2)c1,,,activity,,P4,7.0–7.5（32–100 nM）,7.05,False,,CHEMBL439344,False,,,,,,,,False
GKA_0443,gka_candidate,CHEMBL4469251,,CNC(=O)Nc1cc(Oc2cncc(C)c2)c([C@H]2C[C@H](O)C2)cn1,,,activity,,P4,7.0–7.5（32–100 nM）,7.05,False,,CHEMBL4469251,False,,,,,,,,False
GKA_0444,gka_candidate,CHEMBL1258206,,O=C(Nc1nccs1)/C(=C/C1CCCCC1)c1ccc(-n2nnnc2C(F)(F)F)c(Cl)c1,,,activity,,P4,7.0–7.5（32–100 nM）,7.04,False,,CHEMBL1258206,False,,,,,,,,False
GKA_0445,gka_candidate,CHEMBL2023055,,COC1CCN(S(=O)(=O)c2ccc(Oc3cc(OCC=C(C)C)cc(C(=O)Nc4nccs4)c3)cc2)CC1,,,activity,,P4,7.0–7.5（32–100 nM）,7.04,False,,CHEMBL2023055,False,,,,,,,,False
GKA_0446,gka_candidate,CHEMBL573064,,Cn1ccc(Nc2ncnc3ccc(Oc4ncccc4Cl)cc23)n1,,,activity,,P4,7.0–7.5（32–100 nM）,7.04,False,,CHEMBL573064,False,,,,,,,,False
GKA_0447,gka_candidate,CHEMBL3908170,,Cc1cc(Oc2cnc(NC(=O)C(Oc3ccc(F)cc3F)c3ccc(S(=O)(=O)C4CC4)cc3)s2)ccc1C(=O)O,,,activity,,P4,7.0–7.5（32–100 nM）,7.03,False,,CHEMBL3908170,False,,,,,,,,False
GKA_0448,gka_candidate,CHEMBL2023063,,CC(C)=CCOc1cc(Oc2ccc(S(=O)(=O)N3CCOCC3)cc2)cc(C(=O)Nc2cc(C)n(C)n2)c1,,,activity,,P4,7.0–7.5（32–100 nM）,7.02,False,,CHEMBL2023063,False,,,,,,,,False
GKA_0449,gka_candidate,CHEMBL2315023,,COC[C@H](C)Oc1cc(/C=C/c2ccc(F)cc2F)cc(C(=O)Nc2ccc(C(=O)O)cn2)c1,,,activity,,P4,7.0–7.5（32–100 nM）,7.02,False,,CHEMBL2315023,False,,,,,,,,False
GKA_0450,gka_candidate,CHEMBL3235145,,Cc1cccnc1-c1cc(Oc2ccc(S(C)(=O)=O)cc2)cc(C(=O)Nc2nccs2)c1,,,activity,,P4,7.0–7.5（32–100 nM）,7.02,False,,CHEMBL3235145,False,,,,,,,,False
GKA_0451,gka_candidate,CHEMBL3890502,,O=C(Nc1ncc(Oc2cccc(CO)c2)s1)C(OC1CCOCC1)c1ccc(S(=O)(=O)C2CC2)cc1,,,activity,,P4,7.0–7.5（32–100 nM）,7.02,False,,CHEMBL3890502,False,,,,,,,,False
GKA_0452,gka_candidate,CHEMBL551977,,CC(CCO)Oc1cc(Oc2ccc(S(C)(=O)=O)cc2)cc(C(=O)Nc2nccs2)c1,,,activity,,P4,7.0–7.5（32–100 nM）,7.02,False,,CHEMBL551977,False,,,,,,,,False
GKA_0453,gka_candidate,CHEMBL1255593,,CS(=O)(=O)c1ccc(/C(=C\C2CCCC2)C(=O)Nc2ncc(C#N)s2)cc1,,,activity,,P4,7.0–7.5（32–100 nM）,7.01,False,,CHEMBL1255593,False,,,,,,,,False
GKA_0454,gka_candidate,CHEMBL3358445,,CCn1nccc1Oc1cc(C[C@H]2CC[C@@](C)(O)CC2)cnc1NC(=O)NC,,,activity,,P4,7.0–7.5（32–100 nM）,7.01,False,,CHEMBL3358445,False,,,,,,,,False
GKA_0455,gka_candidate,CHEMBL5093208,,CCOP(=O)(Cn1ccc(NC(=O)c2cc(Oc3ccc(S(C)(=O)=O)cc3)cc(O[C@@H](CC)CO)c2)n1)OCC,,,activity,,P4,7.0–7.5（32–100 nM）,7.01,False,,CHEMBL5093208,False,,,,,,,,False
GKA_0456,gka_candidate,CHEMBL1778369,,COC[C@H](C)Oc1cc(Oc2ccc(Cl)cc2)cc(C(=O)Nc2ccc(C(=O)O)cn2)c1,,,activity,,P4,7.0–7.5（32–100 nM）,7.0,False,,CHEMBL1778369,False,,,,,,,,False
GKA_0457,gka_candidate,CHEMBL2023051,,CC(C)=CCOc1cc(Oc2ccc(S(=O)(=O)N3CC4CCC(C3)O4)cc2)cc(C(=O)Nc2nccs2)c1,,,activity,,P4,7.0–7.5（32–100 nM）,7.0,False,,CHEMBL2023051,False,,,,,,,,False
GKA_0458,gka_candidate,CHEMBL2206786,,COCCC(Oc1ncnc2c1cnn2-c1ccccc1Cl)C(=O)Nc1ccc(C)cn1,,,activity,,P4,7.0–7.5（32–100 nM）,7.0,False,,CHEMBL2206786,False,,,,,,,,False
GKA_0459,gka_candidate,CHEMBL2206788,,COCCC(Oc1ncnc2c1cnn2-c1ccccc1C(F)(F)F)C(=O)Nc1ccc(C)cn1,,,activity,,P4,7.0–7.5（32–100 nM）,7.0,False,,CHEMBL2206788,False,,,,,,,,False
GKA_0460,gka_candidate,CHEMBL3976898,,CCOC(=O)c1cccc(Oc2cnc(NC(=O)C(OC3CCOCC3)c3ccc(S(=O)(=O)C4CC4)cc3)s2)c1,,,activity,,P4,7.0–7.5（32–100 nM）,7.0,False,,CHEMBL3976898,False,,,,,,,,False
GKA_0461,gka_candidate,CHEMBL3978176,,O=C(Nc1ncc(Oc2ccc(CO)cc2)s1)C(OC1CCOCC1)c1ccc(S(=O)(=O)C2CC2)cc1,,,activity,,P4,7.0–7.5（32–100 nM）,7.0,False,,CHEMBL3978176,False,,,,,,,,False
GKA_0462,gka_candidate,CHEMBL4062882,,O=C(Nc1ncc(F)s1)[C@H](CC1CCOCC1)n1ncc2c(S(=O)(=O)C3CC3)cc(O)cc21,,,activity,,P4,7.0–7.5（32–100 nM）,7.0,False,,CHEMBL4062882,False,,,,,,,,False
GKA_0463,gka_candidate,CHEMBL4063950,,N#Cc1cc(S(=O)(=O)C2CC2)c2cnn(C(CC3CCOCC3)C(=O)Nc3ncc(F)s3)c2c1,,,activity,,P4,7.0–7.5（32–100 nM）,7.0,False,,CHEMBL4063950,False,,,,,,,,False
GKA_0464,gka_candidate,CHEMBL4085525,,NC(=O)c1cc(S(=O)(=O)C2CC2)c2cnn([C@@H](CC3CCOCC3)C(=O)Nc3ncc(F)s3)c2c1,,,activity,,P4,7.0–7.5（32–100 nM）,7.0,False,,CHEMBL4085525,False,,,,,,,,False
GKA_0465,gka_candidate,CHEMBL4090814,,COc1cc(S(=O)(=O)C2CC2)c2cnn([C@@H](CC3CCOCC3)C(=O)Nc3ncc(F)s3)c2c1,,,activity,,P4,7.0–7.5（32–100 nM）,7.0,False,,CHEMBL4090814,False,,,,,,,,False
GKA_0466,gka_candidate,CHEMBL550901,,Cc1cccc(Sc2ccc(Sc3nnc[nH]3)nc2C(=O)Nc2nccs2)c1,,,activity,,P4,7.0–7.5（32–100 nM）,7.0,False,,CHEMBL550901,False,,,,,,,,False
GKA_0467,gka_candidate,CHEMBL550904,,CC(C)Oc1cc(Oc2ccc(S(C)(=O)=O)cc2)cc(C(=O)Nc2nccs2)c1,,,activity,,P4,6.5–7.0（0.1–0.32 µM）,6.995,False,,CHEMBL550904,False,,,,,,,,False
GKA_0468,gka_candidate,CHEMBL1257743,,Cc1nnnn1-c1ccc(/C(=C\C2CCCC2)C(=O)Nc2nccs2)cc1F,,,activity,,P4,6.5–7.0（0.1–0.32 µM）,6.99,False,,CHEMBL1257743,False,,,,,,,,False
GKA_0469,gka_candidate,CHEMBL551183,,CC(CO)Oc1cc(Oc2ccc(S(C)(=O)=O)cc2)cc(C(=O)Nc2nccs2)c1,,,activity,,P4,6.5–7.0（0.1–0.32 µM）,6.99,False,,CHEMBL551183,False,,,,,,,,False
GKA_0470,gka_candidate,CHEMBL4522622,,CCOCCc1cnc(NC(=O)NC)cc1Oc1cncc(C)c1,,,activity,,P4,6.5–7.0（0.1–0.32 µM）,6.985,False,,CHEMBL4522622,False,,,,,,,,False
GKA_0471,gka_candidate,CHEMBL3235158,,C#CCNCc1csc(NC(=O)c2cc(Oc3ccc(S(C)(=O)=O)cc3)cc(-c3ncccc3C)c2)n1,,,activity,,P4,6.5–7.0（0.1–0.32 µM）,6.97,False,,CHEMBL3235158,False,,,,,,,,False
GKA_0472,gka_candidate,CHEMBL3891616,,CN1C(=O)CCC1c1cc2[nH]c(-c3ccc(CC(C)(C)C(=O)O)cn3)cc2cc1Oc1ccc(S(C)(=O)=O)nc1,,,activity,,P4,6.5–7.0（0.1–0.32 µM）,6.97,False,,CHEMBL3891616,False,,,,,,,,False
GKA_0473,gka_candidate,CHEMBL562878,,CCC(COC)Oc1cc(Oc2ccc(S(C)(=O)=O)cc2)cc(C(=O)Nc2nccs2)c1,,,activity,,P4,6.5–7.0（0.1–0.32 µM）,6.97,False,,CHEMBL562878,False,,,,,,,,False
GKA_0474,gka_candidate,CHEMBL1778368,,COC[C@H](C)Oc1cc(Oc2cccc(Cl)c2)cc(C(=O)Nc2ccc(C(=O)O)cn2)c1,,,activity,,P4,6.5–7.0（0.1–0.32 µM）,6.96,False,,CHEMBL1778368,False,,,,,,,,False
GKA_0475,gka_candidate,CHEMBL2314799,,COC[C@H](C)Oc1cc(/C=C/c2ccc(F)cc2F)cc(C(=O)Nc2ccn(C)n2)c1,,,activity,,P4,6.5–7.0（0.1–0.32 µM）,6.96,False,,CHEMBL2314799,False,,,,,,,,False
GKA_0476,gka_candidate,CHEMBL2408130,,CNS(=O)(=O)c1ccc(Oc2cc(O[C@@H](C)CO)cc(-c3ncc(C)c(=O)[nH]3)c2)cc1,,,activity,,P4,6.5–7.0（0.1–0.32 µM）,6.96,False,,CHEMBL2408130,False,,,,,,,,False
GKA_0477,gka_candidate,CHEMBL2408132,,Cc1ccc(NC(=O)c2cc(Oc3ccc(S(C)(=O)=O)cc3)cc(OC(C)C)c2)nc1,,,activity,,P4,6.5–7.0（0.1–0.32 µM）,6.96,False,,CHEMBL2408132,False,,,,,,,,False
GKA_0478,gka_candidate,CHEMBL3358431,,CCc1ncccc1Oc1cc(CCCC(C)(C)O)cnc1NC(=O)NC,,,activity,,P4,6.5–7.0（0.1–0.32 µM）,6.96,False,,CHEMBL3358431,False,,,,,,,,False
GKA_0479,gka_candidate,CHEMBL3358444,,CCn1nccc1Oc1cc(C[C@H]2CC[C@](C)(O)CC2)cnc1NC(=O)NC,,,activity,,P4,6.5–7.0（0.1–0.32 µM）,6.96,False,,CHEMBL3358444,False,,,,,,,,False
GKA_0480,gka_candidate,CHEMBL4638126,,CC(C)Cc1csc(Nc2ncc(Sc3ccncc3)cc2Oc2ccccc2)n1,,,activity,,P4,6.5–7.0（0.1–0.32 µM）,6.95,False,,CHEMBL4638126,False,,,,,,,,False
GKA_0481,gka_candidate,CHEMBL2165619,,Cc1ccc(NC(=O)[C@H](CC2CCCC2)n2cnc(C(F)(F)F)c2)nc1,,,activity,,P4,6.5–7.0（0.1–0.32 µM）,6.94,False,,CHEMBL2165619,False,,,,,,,,False
GKA_0482,gka_candidate,CHEMBL2314803,,COC[C@H](C)Oc1cc(/C=C/c2ccccc2OC)cc(C(=O)Nc2ccn(C)n2)c1,,,activity,,P4,6.5–7.0（0.1–0.32 µM）,6.94,False,,CHEMBL2314803,False,,,,,,,,False
GKA_0483,gka_candidate,CHEMBL4454070,,CNC(=O)Nc1cc(Oc2cncc(C)c2)c(-c2ccc(OCC(C)(C)O)nc2)cn1,,,activity,,P4,6.5–7.0（0.1–0.32 µM）,6.94,False,,CHEMBL4454070,False,,,,,,,,False
GKA_0484,gka_candidate,CHEMBL562311,,COCC(C)Oc1cc(Oc2ccc(S(C)(=O)=O)cc2)cc(C(=O)Nc2nccs2)c1,,,activity,,P4,6.5–7.0（0.1–0.32 µM）,6.94,False,,CHEMBL562311,False,,,,,,,,False
GKA_0485,gka_candidate,CHEMBL572842,,Cn1ccc(Nc2ncnc3ccc(Oc4ncccc4F)cc23)n1,,,activity,,P4,6.5–7.0（0.1–0.32 µM）,6.935,False,,CHEMBL572842,False,,,,,,,,False
GKA_0486,gka_candidate,CHEMBL3960517,,CN1C(=O)CCC1c1cc2[nH]c(-c3nc(CC(=O)O)cs3)cc2cc1Oc1ccc(S(C)(=O)=O)cc1,,,activity,,P4,6.5–7.0（0.1–0.32 µM）,6.93,False,,CHEMBL3960517,False,,,,,,,,False
GKA_0487,gka_candidate,CHEMBL3985968,,CN1C(=O)CCC1c1cc2[nH]c(-c3ccc(C(=O)NCCC(=O)O)cn3)cc2cc1Oc1ccc(S(C)(=O)=O)nc1,,,activity,,P4,6.5–7.0（0.1–0.32 µM）,6.93,False,,CHEMBL3985968,False,,,,,,,,False
GKA_0488,gka_candidate,CHEMBL577190,,COc1ccc2nc(NC(=O)C(CC3CCCC3)c3ccc(S(=O)(=O)NCCN(C)C)cc3)sc2n1,,,activity,,P4,6.5–7.0（0.1–0.32 µM）,6.93,False,,CHEMBL577190,False,,,,,,,,False
GKA_0489,gka_candidate,CHEMBL1165817,,O=C(Nc1nc2c(s1)CCCC2)[C@H](CC1CCOCC1)c1ccc(S(=O)(=O)C2CC2)cc1,,,activity,,P4,6.5–7.0（0.1–0.32 µM）,6.92,False,,CHEMBL1165817,False,,,,,,,,False
GKA_0490,gka_candidate,CHEMBL2314798,,COC[C@H](C)Oc1cc(/C=C/c2ccc(F)cc2)cc(C(=O)Nc2ccn(C)n2)c1,,,activity,,P4,6.5–7.0（0.1–0.32 µM）,6.92,False,,CHEMBL2314798,False,,,,,,,,False
GKA_0491,gka_candidate,CHEMBL2315022,,COC[C@H](C)Oc1cc(/C=C/c2ccc(F)cc2)cc(C(=O)Nc2ccc(C(=O)O)cn2)c1,,,activity,,P4,6.5–7.0（0.1–0.32 µM）,6.92,False,,CHEMBL2315022,False,,,,,,,,False
GKA_0492,gka_candidate,CHEMBL3358425,,CCc1ncccc1Oc1cc(CC(C)C)cnc1NC(=O)NC,,,activity,,P4,6.5–7.0（0.1–0.32 µM）,6.92,False,,CHEMBL3358425,False,,,,,,,,False
GKA_0493,gka_candidate,CHEMBL3358443,,CCn1nccc1Oc1cc(C[C@H]2CC[C@@H](O)CC2)cnc1NC(=O)NC,,,activity,,P4,6.5–7.0（0.1–0.32 µM）,6.92,False,,CHEMBL3358443,False,,,,,,,,False
GKA_0494,gka_candidate,CHEMBL4093271,,O=C(Nc1ncc(F)s1)[C@H](CC1CCOCC1)n1ncc2c(S(=O)(=O)C3CC3)cc(F)cc21,,,activity,,P4,6.5–7.0（0.1–0.32 µM）,6.92,False,,CHEMBL4093271,False,,,,,,,,False
GKA_0495,gka_candidate,CHEMBL551849,,COc1ccc(Sc2ccc(Sc3nnc[nH]3)nc2C(=O)Nc2nccs2)cc1,,,activity,,P4,6.5–7.0（0.1–0.32 µM）,6.92,False,,CHEMBL551849,False,,,,,,,,False
GKA_0496,gka_candidate,CHEMBL564110,,Cn1cnnc1Sc1ccc(Sc2ccc(F)cc2)c(C(=O)Nc2nccs2)n1,,,activity,,P4,6.5–7.0（0.1–0.32 µM）,6.92,False,,CHEMBL564110,False,,,,,,,,False
GKA_0497,gka_candidate,CHEMBL4544957,,CNC(=O)Nc1cc(Oc2cncc(C)c2)c([C@H]2C[C@@H](O)C2)cn1,,,activity,,P4,6.5–7.0（0.1–0.32 µM）,6.905,False,,CHEMBL4544957,False,,,,,,,,False
GKA_0498,gka_candidate,CHEMBL2206792,,COCC[C@H](Oc1ncnc2c1cnn2-c1ccccc1OC)C(=O)Nc1ccc(C)cn1,,,activity,,P4,6.5–7.0（0.1–0.32 µM）,6.9,False,,CHEMBL2206792,False,,,,,,,,False
GKA_0499,gka_candidate,CHEMBL3221488,,Cc1ccc(NC(=O)[C@H](COC(C)C)Oc2ncnc3c2cnn3-c2ccccc2Cl)nc1,,,activity,,P4,6.5–7.0（0.1–0.32 µM）,6.9,False,,CHEMBL3221488,False,,,,,,,,False
GKA_0500,gka_candidate,CHEMBL3221494,,CC(C)OC[C@H](Oc1ncnc2c1cnn2-c1ccccc1Cl)C(=O)Nc1ccc(Cl)cn1,,,activity,,P4,6.5–7.0（0.1–0.32 µM）,6.9,False,,CHEMBL3221494,False,,,,,,,,False
GKA_0501,gka_candidate,CHEMBL3221500,,CC(C)OC[C@H](Oc1ncnc2c1cnn2-c1ccccc1Cl)C(=O)Nc1ccccn1,,,activity,,P4,6.5–7.0（0.1–0.32 µM）,6.9,False,,CHEMBL3221500,False,,,,,,,,False
GKA_0502,gka_candidate,CHEMBL3221524,,O=C(Nc1ccc(F)cn1)[C@H](COCCO)Oc1ncnc2c1cnn2-c1c(Cl)cccc1Cl,,,activity,,P4,6.5–7.0（0.1–0.32 µM）,6.9,False,,CHEMBL3221524,False,,,,,,,,False
GKA_0503,gka_candidate,CHEMBL372860,,CC(C)Oc1cc(OCCc2ccccc2)cc(C(=O)Nc2ccc(C(=O)O)cn2)c1,,,activity,,P4,6.5–7.0（0.1–0.32 µM）,6.89,False,,CHEMBL372860,False,,,,,,,,False
GKA_0504,gka_candidate,CHEMBL379153,,CC(C)Oc1cc(O[C@@H](C)c2ccccc2)cc(C(=O)Nc2ccc(C(=O)O)cn2)c1,,,activity,,P4,6.5–7.0（0.1–0.32 µM）,6.89,False,,CHEMBL379153,False,,,,,,,,False
GKA_0505,gka_candidate,CHEMBL2314810,,COC[C@H](C)Oc1cc(CCc2ccccc2OC)cc(C(=O)Nc2ccn(C)n2)c1,,,activity,,P4,6.5–7.0（0.1–0.32 µM）,6.87,False,,CHEMBL2314810,False,,,,,,,,False
GKA_0506,gka_candidate,CHEMBL2315024,,COC[C@H](C)Oc1cc(/C=C/c2cc(F)ccc2F)cc(C(=O)Nc2ccc(C(=O)O)cn2)c1,,,activity,,P4,6.5–7.0（0.1–0.32 µM）,6.87,False,,CHEMBL2315024,False,,,,,,,,False
GKA_0507,gka_candidate,CHEMBL573749,,Cc1csc(Nc2ncnc3ccc(Oc4ccccc4S(C)(=O)=O)cc23)n1,,,activity,,P4,6.5–7.0（0.1–0.32 µM）,6.87,False,,CHEMBL573749,False,,,,,,,,False
GKA_0508,gka_candidate,CHEMBL584807,,Cn1ccc(Nc2ncnc3ccc(Oc4ccc(F)cc4F)cc23)n1,,,activity,,P4,6.5–7.0（0.1–0.32 µM）,6.87,False,,CHEMBL584807,False,,,,,,,,False
GKA_0509,gka_candidate,CHEMBL1783753,,CS(=O)(=O)c1cc(=O)n([C@@H](CC2CCCC2)C(=O)Nc2ccc(Cl)cn2)cc1Cl,,,activity,,P4,6.5–7.0（0.1–0.32 µM）,6.85,False,,CHEMBL1783753,False,,,,,,,,False
GKA_0510,gka_candidate,CHEMBL4206729,,CCS(=O)(=O)c1ccc(Oc2cc(OC(C)COC)cc(C(=O)Nc3nc4c(s3)CN(C(=O)OC(C)(C)C)CC4)c2)cc1,,,activity,,P4,6.5–7.0（0.1–0.32 µM）,6.85,False,,CHEMBL4206729,False,,,,,,,,False
GKA_0511,gka_candidate,CHEMBL3764630,,COC(=O)/C=C/c1cnc2[nH]c(/C(=C/C3CCCC3)c3ccc(S(C)(=O)=O)c(Cl)c3)cc2c1,,,activity,,P4,6.5–7.0（0.1–0.32 µM）,6.83,False,,CHEMBL3764630,False,,,,,,,,False
GKA_0512,gka_candidate,CHEMBL4549950,,CNC(=O)Nc1cc(Oc2cncc(C)c2)c([C@H]2C[C@@H]2CO)cn1,,,activity,,P4,6.5–7.0（0.1–0.32 µM）,6.83,False,,CHEMBL4549950,False,,,,,,,,False
GKA_0513,gka_candidate,CHEMBL573072,,COc1ccc2nc(NC(=O)C(CC3CCCC3)c3ccc(S(=O)(=O)N(C)CCO)cc3)sc2n1,,,activity,,P4,6.5–7.0（0.1–0.32 µM）,6.83,False,,CHEMBL573072,False,,,,,,,,False
GKA_0514,gka_candidate,CHEMBL4518905,,CNC(=O)Nc1cc(Oc2c(F)cccc2F)c(-c2ccc(OC)nc2)cn1,,,activity,,P4,6.5–7.0（0.1–0.32 µM）,6.825,False,,CHEMBL4518905,False,,,,,,,,False
GKA_0515,gka_candidate,CHEMBL4639192,,Cc1ncccc1Oc1cc(Sc2ccccn2)cnc1Nc1nc(C2CCN(S(C)(=O)=O)CC2)ns1,,,activity,,P4,6.5–7.0（0.1–0.32 µM）,6.825,False,,CHEMBL4639192,False,,,,,,,,False
GKA_0516,gka_candidate,CHEMBL2408131,,CCS(=O)(=O)c1ccc(Oc2cc(O[C@@H](C)CO)cc(-c3nccc(=O)[nH]3)c2)cc1,,,activity,,P4,6.5–7.0（0.1–0.32 µM）,6.82,False,,CHEMBL2408131,False,,,,,,,,False
GKA_0517,gka_candidate,CHEMBL3218485,,CCN(C)C(=O)c1cnc(Oc2cc(C(=O)Nc3cnc(C)cn3)cc3oc(C)cc23)cn1,,,activity,,P4,6.5–7.0（0.1–0.32 µM）,6.82,False,,CHEMBL3218485,False,,,,,,,,False
GKA_0518,gka_candidate,CHEMBL489335,,Cc1csc(NC(=O)c2cc(Sc3nccn3C)ccc2N)n1,,,activity,,P4,6.5–7.0（0.1–0.32 µM）,6.82,False,,CHEMBL489335,False,,,,,,,,False
GKA_0519,gka_candidate,CHEMBL1164578,,CC(C)c1csc(NC(=O)C(CC2CCOCC2)c2ccc(S(=O)(=O)C3CC3)cc2)n1,,,activity,,P4,6.5–7.0（0.1–0.32 µM）,6.8,False,,CHEMBL1164578,False,,,,,,,,False
GKA_0520,gka_candidate,CHEMBL1165587,,C=C(C)c1csc(NC(=O)C(CC2CCOCC2)c2ccc(S(=O)(=O)C3CC3)cc2)n1,,,activity,,P4,6.5–7.0（0.1–0.32 µM）,6.8,False,,CHEMBL1165587,False,,,,,,,,False
GKA_0521,gka_candidate,CHEMBL1778365,,COC[C@H](C)Oc1cc(Oc2ccccc2)cc(C(=O)Nc2ccc(C(=O)O)cn2)c1,,,activity,,P4,6.5–7.0（0.1–0.32 µM）,6.8,False,,CHEMBL1778365,False,,,,,,,,False
GKA_0522,gka_candidate,CHEMBL1783744,,Cc1ccc(NC(=O)[C@H](CC2CCCC2)n2cc(C)c(S(=O)(=O)C(C)C)cc2=O)nc1,,,activity,,P4,6.5–7.0（0.1–0.32 µM）,6.8,False,,CHEMBL1783744,False,,,,,,,,False
GKA_0523,gka_candidate,CHEMBL3221489,,Cc1ccc(NC(=O)[C@H](COC(C)C)Oc2ncnc3c2cnn3-c2ncccc2Cl)nc1,,,activity,,P4,6.5–7.0（0.1–0.32 µM）,6.8,False,,CHEMBL3221489,False,,,,,,,,False
GKA_0524,gka_candidate,CHEMBL5088522,,CCOP(=O)(Cn1ccc(NC(=O)c2cc(Oc3cnc(S(C)(=O)=O)cn3)cc(OC(C)C)c2)n1)OCC,,,activity,,P4,6.5–7.0（0.1–0.32 µM）,6.8,False,,CHEMBL5088522,False,,,,,,,,False
GKA_0525,gka_candidate,CHEMBL559851,,O=C(Nc1nccs1)c1nc(Sc2nnc[nH]2)ccc1Sc1ccc(C(F)(F)F)cc1,,,activity,,P4,6.5–7.0（0.1–0.32 µM）,6.8,False,,CHEMBL559851,False,,,,,,,,False
GKA_0526,gka_candidate,CHEMBL564609,,COc1cccc(Sc2ccc(Sc3nnc[nH]3)nc2C(=O)Nc2nccs2)c1,,,activity,,P4,6.5–7.0（0.1–0.32 µM）,6.8,False,,CHEMBL564609,False,,,,,,,,False
GKA_0527,gka_candidate,CHEMBL574884,,Cn1ccc(Nc2ncnc3ccc(Oc4c(Cl)cccc4S(C)(=O)=O)cc23)n1,,,activity,,P4,6.5–7.0（0.1–0.32 µM）,6.8,False,,CHEMBL574884,False,,,,,,,,False
GKA_0528,gka_candidate,CHEMBL2314801,,COC[C@H](C)Oc1cc(/C=C/c2c(F)cccc2F)cc(C(=O)Nc2ccn(C)n2)c1,,,activity,,P4,6.5–7.0（0.1–0.32 µM）,6.79,False,,CHEMBL2314801,False,,,,,,,,False
GKA_0529,gka_candidate,CHEMBL3577726,,CCN(CC)c1cccc(C#Cc2cc(O[C@@H](C)COC)cc(C(=O)Nc3ccn(C)n3)c2)c1,,,activity,,P4,6.5–7.0（0.1–0.32 µM）,6.79,False,,CHEMBL3577726,False,,,,,,,,False
GKA_0530,gka_candidate,CHEMBL474352,,Cc1csc(NC(=O)c2cc(Oc3ccccc3F)ccc2N)n1,,,activity,,P4,6.5–7.0（0.1–0.32 µM）,6.79,False,,CHEMBL474352,False,,,,,,,,False
GKA_0531,gka_candidate,CHEMBL2314812,,COC[C@H](C)Oc1cc(/C=C/c2cccc([N+](=O)[O-])c2)cc(C(=O)Nc2ccc(C(=O)O)cn2)c1,,,activity,,P4,6.5–7.0（0.1–0.32 µM）,6.78,False,,CHEMBL2314812,False,,,,,,,,False
GKA_0532,gka_candidate,CHEMBL3218498,,Cc1cc2c(Oc3cnc(C(=O)N(C)C)cn3)cc(C(=O)Nc3cnc(C(F)(F)F)cn3)cc2o1,,,activity,,P4,6.5–7.0（0.1–0.32 µM）,6.78,False,,CHEMBL3218498,False,,,,,,,,False
GKA_0533,gka_candidate,CHEMBL195431,,CC(C)Oc1cc(OCCC2CCCC2)cc(C(=O)Nc2ccc(C(=O)O)cn2)c1,,,activity,,P4,6.5–7.0（0.1–0.32 µM）,6.77,False,,CHEMBL195431,False,,,,,,,,False
GKA_0534,gka_candidate,CHEMBL3941597,,Cc1cc(Oc2cnc(NC(=O)C(OC3CCOCC3)c3ccc(S(=O)(=O)C4CC4)cc3)s2)ccc1C(=O)O,,,activity,,P4,6.5–7.0（0.1–0.32 µM）,6.77,False,,CHEMBL3941597,False,,,,,,,,False
GKA_0535,gka_candidate,CHEMBL4206337,,CC(C)Oc1cc(Oc2ccc(S(C)(=O)=O)cc2)cc(C(=O)Nc2nc3c(s2)CN(C(=O)OC(C)(C)C)CC3)c1,,,activity,,P4,6.5–7.0（0.1–0.32 µM）,6.77,False,,CHEMBL4206337,False,,,,,,,,False
GKA_0536,gka_candidate,CHEMBL5075882,,CCO[P@](C)(=O)Cn1ccc(NC(=O)c2cc(Oc3ccc(S(C)(=O)=O)cc3)cc(O[C@@H](C)COC)c2)n1,,,activity,,P4,6.5–7.0（0.1–0.32 µM）,6.77,False,,CHEMBL5075882,False,,,,,,,,False
GKA_0537,gka_candidate,CHEMBL3764824,,COC(=O)c1ccc(C(CC2CCCC2)c2cc3cccnc3[nH]2)cc1Cl,,,activity,,P4,6.5–7.0（0.1–0.32 µM）,6.76,False,,CHEMBL3764824,False,,,,,,,,False
GKA_0538,gka_candidate,CHEMBL1778370,,COC[C@H](C)Oc1cc(Oc2cccc(F)c2)cc(C(=O)Nc2ccc(C(=O)O)cn2)c1,,,activity,,P4,6.5–7.0（0.1–0.32 µM）,6.75,False,,CHEMBL1778370,False,,,,,,,,False
GKA_0539,gka_candidate,CHEMBL3218731,,O=C(Nc1ncc(-c2cn(CCO)nn2)s1)C(CC1CCOCC1)c1ccc(S(=O)(=O)C2CC2)cc1,,,activity,,P4,6.5–7.0（0.1–0.32 µM）,6.75,False,,CHEMBL3218731,False,,,,,,,,False
GKA_0540,gka_candidate,CHEMBL551911,,CS(=O)(=O)c1ccc(Oc2cc(O[C@H]3CCC[C@H]3O)cc(C(=O)Nc3nccs3)c2)cc1,,,activity,,P4,6.5–7.0（0.1–0.32 µM）,6.75,False,,CHEMBL551911,False,,,,,,,,False
GKA_0541,gka_candidate,CHEMBL2314807,,COC[C@H](C)Oc1cc(CCc2ccc(F)cc2F)cc(C(=O)Nc2ccn(C)n2)c1,,,activity,,P4,6.5–7.0（0.1–0.32 µM）,6.74,False,,CHEMBL2314807,False,,,,,,,,False
GKA_0542,gka_candidate,CHEMBL575069,,CCCCN(CCCC)S(=O)(=O)c1ccc(C(CC2CCCC2)C(=O)Nc2nc3ccc(OC)nc3s2)cc1,,,activity,,P4,6.5–7.0（0.1–0.32 µM）,6.74,False,,CHEMBL575069,False,,,,,,,,False
GKA_0543,gka_candidate,CHEMBL3910810,,CC(=O)N1CCCC1c1cc2[nH]c(-c3ccc(CCC(=O)O)cn3)cc2cc1Oc1ccc(C(=O)N2CCC2)nc1,,,activity,,P4,6.5–7.0（0.1–0.32 µM）,6.73,False,,CHEMBL3910810,False,,,,,,,,False
GKA_0544,gka_candidate,CHEMBL4553907,,CNC(=O)Nc1cc(Oc2cncc(OC)c2)c([C@H]2CCCOC2)cn1,,,activity,,P4,6.5–7.0（0.1–0.32 µM）,6.73,False,,CHEMBL4553907,False,,,,,,,,False
GKA_0545,gka_candidate,CHEMBL3979353,,O=C(O)c1cccc(Oc2cnc(NC(=O)C(OC3CCOCC3)c3ccc(S(=O)(=O)C4CC4)cc3)s2)c1,,,activity,,P4,6.5–7.0（0.1–0.32 µM）,6.72,False,,CHEMBL3979353,False,,,,,,,,False
GKA_0546,gka_candidate,CHEMBL5266463,,O=C(O)c1ccc(Oc2cnc(NC(=O)C(Oc3ccc(F)cc3F)c3ccc(S(=O)(=O)C4CC4)cc3)s2)cc1,,,activity,,P4,6.5–7.0（0.1–0.32 µM）,6.72,False,,CHEMBL5266463,False,,,,,,,,False
GKA_0547,gka_candidate,CHEMBL3765780,,COC(=O)/C=C/c1cnc2[nH]c(/C(=C\C3CCCC3)c3ccc(S(C)(=O)=O)c(Cl)c3)cc2c1,,,activity,,P4,6.5–7.0（0.1–0.32 µM）,6.71,False,,CHEMBL3765780,False,,,,,,,,False
GKA_0548,gka_candidate,CHEMBL5082691,,CCOP(=O)(Cn1ccc(NC(=O)c2cc(Oc3cnc(C(=O)NC)cn3)cc(OC(C)C)c2)n1)OCC,,,activity,,P4,6.5–7.0（0.1–0.32 µM）,6.71,False,,CHEMBL5082691,False,,,,,,,,False
GKA_0549,gka_candidate,CHEMBL2206789,,COCCC(Oc1ncnc2c1cnn2-c1ccccc1OC)C(=O)Nc1ccc(C)cn1,,,activity,,P4,6.5–7.0（0.1–0.32 µM）,6.7,False,,CHEMBL2206789,False,,,,,,,,False
GKA_0550,gka_candidate,CHEMBL2314800,,COC[C@H](C)Oc1cc(/C=C/c2cc(F)ccc2F)cc(C(=O)Nc2ccn(C)n2)c1,,,activity,,P4,6.5–7.0（0.1–0.32 µM）,6.7,False,,CHEMBL2314800,False,,,,,,,,False
GKA_0551,gka_candidate,CHEMBL2346879,,O=C(Nc1nccs1)[C@H](CC1CCCCC1)N1CCN(S(=O)(=O)c2cc(F)cc(F)c2)CC1=O,,,activity,,P4,6.5–7.0（0.1–0.32 µM）,6.7,False,,CHEMBL2346879,False,,,,,,,,False
GKA_0552,gka_candidate,CHEMBL2408110,,Cc1cnc(-c2cc(Oc3ccc(S(C)(=O)=O)cc3)cc(OC(C)C)c2)[nH]c1=O,,,activity,,P4,6.5–7.0（0.1–0.32 µM）,6.7,False,,CHEMBL2408110,False,,,,,,,,False
GKA_0553,gka_candidate,CHEMBL3221497,,CC(C)OC[C@H](Oc1ncnc2c1cnn2-c1ccccc1Cl)C(=O)Nc1ccc(F)cn1,,,activity,,P4,6.5–7.0（0.1–0.32 µM）,6.7,False,,CHEMBL3221497,False,,,,,,,,False
GKA_0554,gka_candidate,CHEMBL3221505,,Cc1ccc(NC(=O)[C@H](CCO)Oc2ncnc3c2cnn3-c2ncccc2Cl)nc1,,,activity,,P4,6.5–7.0（0.1–0.32 µM）,6.7,False,,CHEMBL3221505,False,,,,,,,,False
GKA_0555,gka_candidate,CHEMBL3221508,,O=C(Nc1ccc(Cl)cn1)[C@H](COCCO)Oc1ncnc2c1cnn2-c1ccccc1Cl,,,activity,,P4,6.5–7.0（0.1–0.32 µM）,6.7,False,,CHEMBL3221508,False,,,,,,,,False
GKA_0556,gka_candidate,CHEMBL3221518,,O=C(Nc1ccccn1)[C@H](CN1CC(O)C1)Oc1ncnc2c1cnn2-c1ccccc1Cl,,,activity,,P4,6.5–7.0（0.1–0.32 µM）,6.7,False,,CHEMBL3221518,False,,,,,,,,False
GKA_0557,gka_candidate,CHEMBL3221519,,N#Cc1ccc(NC(=O)[C@H](CN2CC(O)C2)Oc2ncnc3c2cnn3-c2ccccc2Cl)nc1,,,activity,,P4,6.5–7.0（0.1–0.32 µM）,6.7,False,,CHEMBL3221519,False,,,,,,,,False
GKA_0558,gka_candidate,CHEMBL3221526,,N#Cc1cccc(Cl)c1-n1ncc2c(O[C@@H](CN3CC(O)C3)C(=O)Nc3ccc(F)cn3)ncnc21,,,activity,,P4,6.5–7.0（0.1–0.32 µM）,6.7,False,,CHEMBL3221526,False,,,,,,,,False
GKA_0559,gka_candidate,CHEMBL3221530,,O=C(Nc1ccc(F)cn1)[C@H](COCCO)Oc1ncnc2c1cnn2-c1c(F)cccc1Cl,,,activity,,P4,6.5–7.0（0.1–0.32 µM）,6.7,False,,CHEMBL3221530,False,,,,,,,,False
GKA_0560,gka_candidate,CHEMBL4202919,,COC[C@H](C)Oc1cc(Oc2cc(F)cc(F)c2)cc(C(=O)Nc2nc3c(s2)CN(C(=O)OC(C)(C)C)CC3)c1,,,activity,,P4,6.5–7.0（0.1–0.32 µM）,6.7,False,,CHEMBL4202919,False,,,,,,,,False
GKA_0561,gka_candidate,CHEMBL576936,,CS(=O)(=O)c1cccc(F)c1Oc1ccc2ncnc(Nc3cnccn3)c2c1,,,activity,,P4,6.5–7.0（0.1–0.32 µM）,6.7,False,,CHEMBL576936,False,,,,,,,,False
GKA_0562,gka_candidate,CHEMBL1783735,,Cc1csc(NC(=O)c2cc(Sc3nccn3C)c(F)cc2N)n1,,,activity,,P4,6.5–7.0（0.1–0.32 µM）,6.695,False,,CHEMBL1783735,False,,,,,,,,False
GKA_0563,gka_candidate,CHEMBL575067,,Cn1ccc(Nc2ncnc3ccc(Oc4ccccc4S(C)(=O)=O)cc23)n1,,,activity,,P4,6.5–7.0（0.1–0.32 µM）,6.69,False,,CHEMBL575067,False,,,,,,,,False
GKA_0564,gka_candidate,CHEMBL4453019,,CNC(=O)Nc1cc(Oc2cncc(C)c2)c(CCO)cn1,,,activity,,P4,6.5–7.0（0.1–0.32 µM）,6.685,False,,CHEMBL4453019,False,,,,,,,,False
GKA_0565,gka_candidate,CHEMBL484019,,Cc1csc(NC(=O)c2cc(Oc3ccc(S(C)(=O)=O)cc3)cc(OC(C)C)c2)n1,,,activity,,P4,6.5–7.0（0.1–0.32 µM）,6.685,False,,CHEMBL484019,False,,,,,,,,False
GKA_0566,gka_candidate,CHEMBL1778364,,CC(C)Oc1cc(Oc2ccccc2)cc(C(=O)Nc2ccc(C(=O)O)cn2)c1,,,activity,,P4,6.5–7.0（0.1–0.32 µM）,6.68,False,,CHEMBL1778364,False,,,,,,,,False
GKA_0567,gka_candidate,CHEMBL3218727,,CCN(CC)C(=O)Cn1cc(-c2cnc(NC(=O)C(CC3CCOCC3)c3ccc(S(=O)(=O)C4CC4)cc3)s2)nn1,,,activity,,P4,6.5–7.0（0.1–0.32 µM）,6.68,False,,CHEMBL3218727,False,,,,,,,,False
GKA_0568,gka_candidate,CHEMBL4203863,,COCCN1CCc2nc(NC(=O)c3cc(Oc4ccc(C(=O)N5CCC5)cc4)cc(O[C@@H](C)COC)c3)sc2C1,,,activity,,P4,6.5–7.0（0.1–0.32 µM）,6.68,False,,CHEMBL4203863,False,,,,,,,,False
GKA_0569,gka_candidate,CHEMBL4214183,,COCC(C)Oc1cc(Oc2ccc(C(=O)N3CCC3)cc2)cc(C(=O)Nc2nc3c(s2)CN(C(=O)OC(C)(C)C)CC3)c1,,,activity,,P4,6.5–7.0（0.1–0.32 µM）,6.68,False,,CHEMBL4214183,False,,,,,,,,False
GKA_0570,gka_candidate,CHEMBL1257742,,O=C(Nc1nccs1)/C(=C/C1CCCC1)c1ccc(Cl)c(Cl)c1,,,activity,,P4,6.5–7.0（0.1–0.32 µM）,6.67,False,,CHEMBL1257742,False,,,,,,,,False
GKA_0571,gka_candidate,CHEMBL2165616,,Cc1cnc(NC(=O)c2cc(Oc3cnc(C(=O)N(C)C)cn3)c3cc(C)oc3c2)cn1,,,activity,,P4,6.5–7.0（0.1–0.32 µM）,6.67,False,,CHEMBL2165616,False,,,,,,,,False
GKA_0572,gka_candidate,CHEMBL2314806,,COC[C@H](C)Oc1cc(CCc2ccc(F)cc2)cc(C(=O)Nc2ccn(C)n2)c1,,,activity,,P4,6.5–7.0（0.1–0.32 µM）,6.67,False,,CHEMBL2314806,False,,,,,,,,False
GKA_0573,gka_candidate,CHEMBL4649181,,FC(F)(F)c1csc(Nc2ncc(Sc3ccncc3)cc2Oc2ccccc2)n1,,,activity,,P4,6.5–7.0（0.1–0.32 µM）,6.67,False,,CHEMBL4649181,False,,,,,,,,False
GKA_0574,gka_candidate,CHEMBL552455,,CS(=O)(=O)c1ccc(Oc2cc(OC3CCOC3)cc(C(=O)Nc3nccs3)c2)cc1,,,activity,,P4,6.5–7.0（0.1–0.32 µM）,6.665,False,,CHEMBL552455,False,,,,,,,,False
GKA_0575,gka_candidate,CHEMBL2314805,,COC[C@H](C)Oc1cc(CCc2ccccc2F)cc(C(=O)Nc2ccn(C)n2)c1,,,activity,,P4,6.5–7.0（0.1–0.32 µM）,6.66,False,,CHEMBL2314805,False,,,,,,,,False
GKA_0576,gka_candidate,CHEMBL3218732,,O=C(Nc1ncc(-c2cn(CCO)nn2)s1)[C@H](CC1CCOCC1)c1ccc(S(=O)(=O)C2CC2)cc1,,,activity,,P4,6.5–7.0（0.1–0.32 µM）,6.66,False,,CHEMBL3218732,False,,,,,,,,False
GKA_0577,gka_candidate,CHEMBL3338158,,CNC(=O)Nc1ncc(SC2CCN(S(C)(=O)=O)CC2)cc1Oc1cccnc1C,,,activity,,P4,6.5–7.0（0.1–0.32 µM）,6.66,False,,CHEMBL3338158,False,,,,,,,,False
GKA_0578,gka_candidate,CHEMBL4590983,,CNC(=O)Nc1cc(Oc2cncc(C)c2)c([C@H]2C[C@](C)(O)C2)cn1,,,activity,,P4,6.5–7.0（0.1–0.32 µM）,6.66,False,,CHEMBL4590983,False,,,,,,,,False
GKA_0579,gka_candidate,CHEMBL4632835,,Cc1cnc(NC(=O)/C(=N/N2CCCC2)c2ccc(S(=O)(=O)C3CC3)cc2)s1,,,activity,,P4,6.5–7.0（0.1–0.32 µM）,6.66,False,,CHEMBL4632835,False,,,,,,,,False
GKA_0580,gka_candidate,CHEMBL474549,,COc1ccccc1Oc1ccc(N)c(C(=O)Nc2nc(C)cs2)c1,,,activity,,P4,6.5–7.0（0.1–0.32 µM）,6.655,False,,CHEMBL474549,False,,,,,,,,False
GKA_0581,gka_candidate,CHEMBL491121,,Cn1cnnc1Sc1ccc(N)c(C(=O)Nc2nccs2)c1,,,activity,,P4,6.5–7.0（0.1–0.32 µM）,6.655,False,,CHEMBL491121,False,,,,,,,,False
GKA_0582,gka_candidate,CHEMBL573963,,Cc1cccc(S(C)(=O)=O)c1Oc1ccc2ncnc(Nc3ccn(C)n3)c2c1,,,activity,,P4,6.5–7.0（0.1–0.32 µM）,6.655,False,,CHEMBL573963,False,,,,,,,,False
GKA_0583,gka_candidate,CHEMBL1783738,,Cc1ccc(NC(=O)[C@H](CC2CCCC2)n2ccc(S(=O)(=O)C(C)C)cc2=O)nc1,,,activity,,P4,6.5–7.0（0.1–0.32 µM）,6.64,False,,CHEMBL1783738,False,,,,,,,,False
GKA_0584,gka_candidate,CHEMBL2408121,,CCC(CC)Oc1cc(Oc2cnc(C(=O)N(C)C)nc2)cc(-c2nccc(=O)[nH]2)c1,,,activity,,P4,6.5–7.0（0.1–0.32 µM）,6.64,False,,CHEMBL2408121,False,,,,,,,,False
GKA_0585,gka_candidate,CHEMBL3983552,,Cc1ccc(Oc2cnc(NC(=O)C(OC3CCOCC3)c3ccc(S(=O)(=O)C4CC4)cc3)s2)cc1C(=O)O,,,activity,,P4,6.5–7.0（0.1–0.32 µM）,6.64,False,,CHEMBL3983552,False,,,,,,,,False
GKA_0586,gka_candidate,CHEMBL4207270,,CCOC(=O)N1CCc2nc(NC(=O)c3cc(Oc4ccc(C(=O)N5CCC5)cc4)cc(O[C@@H](C)COC)c3)sc2C1,,,activity,,P4,6.5–7.0（0.1–0.32 µM）,6.64,False,,CHEMBL4207270,False,,,,,,,,False
GKA_0587,gka_candidate,CHEMBL606041,,CCN(Cc1cc2[nH]c(-c3ccccn3)nc2cc1Oc1ccc(S(=O)(=O)CC)cc1)C(C)=O,,,activity,,P4,6.5–7.0（0.1–0.32 µM）,6.63,False,,CHEMBL606041,False,,,,,,,,False
GKA_0588,gka_candidate,CHEMBL3338076,,CNC(=O)Nc1ncc(SCCCOC)cc1Oc1cccnc1C,,,activity,,P4,6.5–7.0（0.1–0.32 µM）,6.625,False,,CHEMBL3338076,False,,,,,,,,False
GKA_0589,gka_candidate,CHEMBL4528120,,CNC(=O)Nc1cc(Oc2c(F)cccc2F)c(-c2ccc(OCCO)nc2)cn1,,,activity,,P4,6.5–7.0（0.1–0.32 µM）,6.625,False,,CHEMBL4528120,False,,,,,,,,False
GKA_0590,gka_candidate,CHEMBL1783747,,Cc1ccc(NC(=O)[C@H](CC2CCCCC2)n2ccc(S(=O)(=O)C(C)C)cc2=O)nc1,,,activity,,P4,6.5–7.0（0.1–0.32 µM）,6.62,False,,CHEMBL1783747,False,,,,,,,,False
GKA_0591,gka_candidate,CHEMBL2023435,,CC(C)=CCOc1cc(Oc2ccc(S(=O)(=O)N3CC4CCC(C3)O4)cc2)cc(C(=O)Nc2ccn(C)n2)c1,,,activity,,P4,6.5–7.0（0.1–0.32 µM）,6.62,False,,CHEMBL2023435,False,,,,,,,,False
GKA_0592,gka_candidate,CHEMBL2314795,,COC[C@H](C)Oc1cc(/C=C/c2cccc([N+](=O)[O-])c2)cc(C(=O)Nc2ccn(C)n2)c1,,,activity,,P4,6.5–7.0（0.1–0.32 µM）,6.62,False,,CHEMBL2314795,False,,,,,,,,False
GKA_0593,gka_candidate,CHEMBL3235146,,Cc1cccnc1-c1cc(Oc2ccc(S(C)(=O)=O)cc2)cc(C(=O)Nc2ncc(F)s2)c1,,,activity,,P4,6.5–7.0（0.1–0.32 µM）,6.62,False,,CHEMBL3235146,False,,,,,,,,False
GKA_0594,gka_candidate,CHEMBL489514,,Cc1csc(NC(=O)c2cc(Sc3nncn3C)ccc2N)n1,,,activity,,P4,6.5–7.0（0.1–0.32 µM）,6.615,False,,CHEMBL489514,False,,,,,,,,False
GKA_0595,gka_candidate,CHEMBL2346876,,Cc1ccc(S(=O)(=O)N2CCN([C@@H](CC3CCCCC3)C(=O)Nc3nccs3)C(=O)C2)c(F)c1,,,activity,,P4,6.5–7.0（0.1–0.32 µM）,6.6,False,,CHEMBL2346876,False,,,,,,,,False
GKA_0596,gka_candidate,CHEMBL3221485,,CCOC[C@H](Oc1ncnc2c1cnn2-c1ncccc1Cl)C(=O)Nc1ccc(C)cn1,,,activity,,P4,6.5–7.0（0.1–0.32 µM）,6.6,False,,CHEMBL3221485,False,,,,,,,,False
GKA_0597,gka_candidate,CHEMBL3221522,,N#Cc1ccc(NC(=O)[C@H](CN2CC(O)C2)Oc2ncnc3c2cnn3-c2c(Cl)cccc2Cl)nc1,,,activity,,P4,6.5–7.0（0.1–0.32 µM）,6.6,False,,CHEMBL3221522,False,,,,,,,,False
GKA_0598,gka_candidate,CHEMBL551043,,Cc1csc(NC(=O)c2nc(Sc3nncn3C)ccc2Sc2ccc(F)cc2)n1,,,activity,,P4,6.5–7.0（0.1–0.32 µM）,6.6,False,,CHEMBL551043,False,,,,,,,,False
GKA_0599,gka_candidate,CHEMBL3218499,,CCc1cnc(NC(=O)c2cc(Oc3cnc(C(=O)N(C)C)cn3)c3cc(C)oc3c2)cn1,,,activity,,P4,6.5–7.0（0.1–0.32 µM）,6.59,False,,CHEMBL3218499,False,,,,,,,,False
GKA_0600,gka_candidate,CHEMBL491329,,Cc1csc(NC(=O)c2cc(Oc3ccccc3S(C)(=O)=O)ccc2N)n1,,,activity,,P4,6.5–7.0（0.1–0.32 µM）,6.59,False,,CHEMBL491329,False,,,,,,,,False
GKA_0601,gka_candidate,CHEMBL1783743,,Cc1ccc(NC(=O)[C@H](CC2CCCC2)n2cc(Cl)c(S(=O)(=O)C(C)C)cc2=O)nc1,,,activity,,P4,6.5–7.0（0.1–0.32 µM）,6.58,False,,CHEMBL1783743,False,,,,,,,,False
GKA_0602,gka_candidate,CHEMBL2023433,,CC(C)=CCOc1cc(Oc2ccc(S(=O)(=O)N3C[C@@H](C)O[C@@H](C)C3)cc2)cc(C(=O)Nc2ccn(C)n2)c1,,,activity,,P4,6.5–7.0（0.1–0.32 µM）,6.58,False,,CHEMBL2023433,False,,,,,,,,False
GKA_0603,gka_candidate,CHEMBL3765270,,C[S+]([O-])c1ccc(/C(=C/C2CCCC2)c2cc3cccnc3[nH]2)cc1Cl,,,activity,,P4,6.5–7.0（0.1–0.32 µM）,6.58,False,,CHEMBL3765270,False,,,,,,,,False
GKA_0604,gka_candidate,CHEMBL3338156,,CNC(=O)Nc1ncc(SC2CCN(C(=O)OC(C)(C)C)CC2)cc1Oc1cccnc1C,,,activity,,P4,6.5–7.0（0.1–0.32 µM）,6.57,False,,CHEMBL3338156,False,,,,,,,,False
GKA_0605,gka_candidate,CHEMBL3909830,,O=C(O)c1cc(Oc2cnc(NC(=O)C(OC3CCOCC3)c3ccc(S(=O)(=O)C4CC4)cc3)s2)ccc1F,,,activity,,P4,6.5–7.0（0.1–0.32 µM）,6.57,False,,CHEMBL3909830,False,,,,,,,,False
GKA_0606,gka_candidate,CHEMBL3954932,,COc1cc(Oc2cnc(NC(=O)C(OC3CCOCC3)c3ccc(S(=O)(=O)C4CC4)cc3)s2)ccc1C(=O)O,,,activity,,P4,6.5–7.0（0.1–0.32 µM）,6.57,False,,CHEMBL3954932,False,,,,,,,,False
GKA_0607,gka_candidate,CHEMBL549829,,CC(C)C(CO)Oc1cc(Oc2ccc(S(C)(=O)=O)cc2)cc(C(=O)Nc2nccs2)c1,,,activity,,P4,6.5–7.0（0.1–0.32 µM）,6.57,False,,CHEMBL549829,False,,,,,,,,False
GKA_0608,gka_candidate,CHEMBL551974,,COCC(COC)Oc1cc(Oc2ccc(S(C)(=O)=O)cc2)cc(C(=O)Nc2nccs2)c1,,,activity,,P4,6.5–7.0（0.1–0.32 µM）,6.565,False,,CHEMBL551974,False,,,,,,,,False
GKA_0609,gka_candidate,CHEMBL606370,,CCS(=O)(=O)c1ccc(Oc2cc3nc(-c4ccccn4)[nH]c3cc2CCC(=O)N(C)C)cc1,,,activity,,P4,6.5–7.0（0.1–0.32 µM）,6.565,False,,CHEMBL606370,False,,,,,,,,False
GKA_0610,gka_candidate,CHEMBL2314794,,COC[C@H](C)Oc1cc(/C=C/c2ccccc2[N+](=O)[O-])cc(C(=O)Nc2ccn(C)n2)c1,,,activity,,P4,6.5–7.0（0.1–0.32 µM）,6.55,False,,CHEMBL2314794,False,,,,,,,,False
GKA_0611,gka_candidate,CHEMBL2315020,,COC[C@H](C)Oc1cc(/C=C/c2ccc([N+](=O)[O-])cc2)cc(C(=O)Nc2ccc(C(=O)O)cn2)c1,,,activity,,P4,6.5–7.0（0.1–0.32 µM）,6.55,False,,CHEMBL2315020,False,,,,,,,,False
GKA_0612,gka_candidate,CHEMBL4533000,,CNC(=O)Nc1cc(Oc2cncc(OC)c2)c([C@@H]2CCCOC2)cn1,,,activity,,P4,6.5–7.0（0.1–0.32 µM）,6.55,False,,CHEMBL4533000,False,,,,,,,,False
GKA_0613,gka_candidate,CHEMBL4638110,,CC(=O)N1CCC(c2nsc(Nc3ncc(Sc4ccccn4)cc3Oc3ccccc3)n2)CC1,,,activity,,P4,6.5–7.0（0.1–0.32 µM）,6.55,False,,CHEMBL4638110,False,,,,,,,,False
GKA_0614,gka_candidate,CHEMBL195128,,CC(C)Oc1cc(OCc2ccccc2)cc(C(=O)Nc2ccc(C(=O)O)cn2)c1,,,activity,,P4,6.5–7.0（0.1–0.32 µM）,6.54,False,,CHEMBL195128,False,,,,,,,,False
GKA_0615,gka_candidate,CHEMBL474353,,Cc1csc(NC(=O)c2cc(Oc3cccc(F)c3)ccc2N)n1,,,activity,,P4,6.5–7.0（0.1–0.32 µM）,6.535,False,,CHEMBL474353,False,,,,,,,,False
GKA_0616,gka_candidate,CHEMBL2023064,,CC(C)=CCOc1cc(Oc2ccc(S(=O)(=O)N3CCOCC3)cc2)cc(C(=O)Nc2ccn(C)n2)c1,,,activity,,P4,6.5–7.0（0.1–0.32 µM）,6.53,False,,CHEMBL2023064,False,,,,,,,,False
GKA_0617,gka_candidate,CHEMBL2314811,,COC[C@H](C)Oc1cc(/C=C/c2ccccc2[N+](=O)[O-])cc(C(=O)Nc2ccc(C(=O)O)cn2)c1,,,activity,,P4,6.5–7.0（0.1–0.32 µM）,6.53,False,,CHEMBL2314811,False,,,,,,,,False
GKA_0618,gka_candidate,CHEMBL575302,,COc1ccc2nc(NC(=O)C(CC3CCCC3)c3ccc(S(=O)(=O)N(C)C)cc3)sc2n1,,,activity,,P4,6.5–7.0（0.1–0.32 µM）,6.53,False,,CHEMBL575302,False,,,,,,,,False
GKA_0619,gka_candidate,CHEMBL473760,,Cc1csc(NC(=O)c2cc(Oc3ccccc3)ccc2N)n1,,,activity,,P4,6.5–7.0（0.1–0.32 µM）,6.525,False,,CHEMBL473760,False,,,,,,,,False
GKA_0620,gka_candidate,CHEMBL3218726,,CN(C)C(=O)Cn1cc(-c2cnc(NC(=O)C(CC3CCOCC3)c3ccc(S(=O)(=O)C4CC4)cc3)s2)nn1,,,activity,,P4,6.5–7.0（0.1–0.32 µM）,6.52,False,,CHEMBL3218726,False,,,,,,,,False
GKA_0621,gka_candidate,CHEMBL2346878,,O=C(Nc1nccs1)[C@H](CC1CCCCC1)N1CCN(S(=O)(=O)c2cccc(Cl)c2)CC1=O,,,activity,,P4,6.5–7.0（0.1–0.32 µM）,6.51,False,,CHEMBL2346878,False,,,,,,,,False
GKA_0622,gka_candidate,CHEMBL484018,,Cc1csc(NC(=O)c2cc(Oc3cccc(S(C)(=O)=O)c3)cc(OC(C)C)c2)n1,,,activity,,P4,6.5–7.0（0.1–0.32 µM）,6.505,False,,CHEMBL484018,False,,,,,,,,False
GKA_0623,gka_candidate,CHEMBL1164519,,CC(C)c1nc(NC(=O)C(CC2CCOCC2)c2ccc(S(=O)(=O)C3CC3)cc2)sc1Br,,,activity,,P4,6.5–7.0（0.1–0.32 µM）,6.5,False,,CHEMBL1164519,False,,,,,,,,False
GKA_0624,gka_candidate,CHEMBL2206787,,COCCC(Oc1ncnc2c1cnn2-c1ccccc1C)C(=O)Nc1ccc(C)cn1,,,activity,,P4,6.5–7.0（0.1–0.32 µM）,6.5,False,,CHEMBL2206787,False,,,,,,,,False
GKA_0625,gka_candidate,CHEMBL3217794,,Cc1cnc(NC(=O)[C@H](COC(C)C)Oc2ncnc3c2cnn3-c2ccccc2Cl)cn1,,,activity,,P4,6.5–7.0（0.1–0.32 µM）,6.5,False,,CHEMBL3217794,False,,,,,,,,False
GKA_0626,gka_candidate,CHEMBL3221482,,COC[C@H](Oc1ncnc2c1cnn2-c1ccccc1Cl)C(=O)Nc1ccc(C)cn1,,,activity,,P4,6.5–7.0（0.1–0.32 µM）,6.5,False,,CHEMBL3221482,False,,,,,,,,False
GKA_0627,gka_candidate,CHEMBL3221495,,CCOC[C@H](Oc1ncnc2c1cnn2-c1ncccc1Cl)C(=O)Nc1ccc(Cl)cn1,,,activity,,P4,6.5–7.0（0.1–0.32 µM）,6.5,False,,CHEMBL3221495,False,,,,,,,,False
GKA_0628,gka_candidate,CHEMBL3221503,,CC(C)OC[C@H](Oc1ncnc2c1cnn2-c1ccccc1Cl)C(=O)Nc1ccc(C#N)cn1,,,activity,,P4,6.5–7.0（0.1–0.32 µM）,6.5,False,,CHEMBL3221503,False,,,,,,,,False
GKA_0629,gka_candidate,CHEMBL3221516,,O=C(Nc1ccc(F)cn1)[C@H](CN1CC(O)C1)Oc1ncnc2c1cnn2-c1ncccc1Cl,,,activity,,P4,6.5–7.0（0.1–0.32 µM）,6.5,False,,CHEMBL3221516,False,,,,,,,,False
GKA_0630,gka_candidate,CHEMBL4205913,,COCC(C)Oc1cc(Oc2ccc(S(C)(=O)=O)cc2)cc(C(=O)Nc2nc3c(s2)CN(C(=O)OC(C)(C)C)CC3)c1,,,activity,,P4,6.5–7.0（0.1–0.32 µM）,6.5,False,,CHEMBL4205913,False,,,,,,,,False
GKA_0631,gka_candidate,CHEMBL573751,,Cc1csc(Nc2ncnc3ccc(Oc4ccc(F)cc4)cc23)n1,,,activity,,P4,6.0–6.5（0.32–1 µM）,6.495,False,,CHEMBL573751,False,,,,,,,,False
GKA_0632,gka_candidate,CHEMBL2430861,,Cc1csc(Nc2ncc(SCCn3ccnc3)cc2OCc2ccccc2)n1,,,activity,,P4,6.0–6.5（0.32–1 µM）,6.49,False,,CHEMBL2430861,False,,,,,,,,False
GKA_0633,gka_candidate,CHEMBL1164577,,CC(C)c1csc(NC(=O)[C@H](CC2CCOCC2)c2ccc(S(C)(=O)=O)cc2)n1,,,activity,,P4,6.0–6.5（0.32–1 µM）,6.48,False,,CHEMBL1164577,False,,,,,,,,False
GKA_0634,gka_candidate,CHEMBL1783752,,CC(C)S(=O)(=O)c1ccn([C@@H](CC2CCCC2)C(=O)Nc2ccc(C(F)(F)F)cn2)c(=O)c1,,,activity,,P4,6.0–6.5（0.32–1 µM）,6.48,False,,CHEMBL1783752,False,,,,,,,,False
GKA_0635,gka_candidate,CHEMBL3218722,,CCOC(=O)Cn1cc(-c2cnc(NC(=O)C(CC3CCOCC3)c3ccc(S(=O)(=O)C4CC4)cc3)s2)nn1,,,activity,,P4,6.0–6.5（0.32–1 µM）,6.48,False,,CHEMBL3218722,False,,,,,,,,False
GKA_0636,gka_candidate,CHEMBL4207808,,COC[C@H](C)Oc1cc(Oc2ccc(C(=O)N3CCC3)c(F)c2)cc(C(=O)Nc2nc3c(s2)CN(C(=O)OC(C)(C)C)CC3)c1,,,activity,,P4,6.0–6.5（0.32–1 µM）,6.48,False,,CHEMBL4207808,False,,,,,,,,False
GKA_0637,gka_candidate,CHEMBL3338059,,CCNC(=O)Nc1ncc(Sc2ccccn2)cc1Oc1cccnc1CC,,,activity,,P4,6.0–6.5（0.32–1 µM）,6.475,False,,CHEMBL3338059,False,,,,,,,,False
GKA_0638,gka_candidate,CHEMBL2204656,,Cc1cnc(NC(=O)c2cc(Oc3cnc(C(=O)N4CCC4)c(F)c3)c3cn(C)nc3c2)cn1,,,activity,,P4,6.0–6.5（0.32–1 µM）,6.47,False,,CHEMBL2204656,False,,,,,,,,False
GKA_0639,gka_candidate,CHEMBL3764930,,COc1ccc(C(CC2CCCC2)c2cc3cccnc3[nH]2)cc1Cl,,,activity,,P4,6.0–6.5（0.32–1 µM）,6.47,False,,CHEMBL3764930,False,,,,,,,,False
GKA_0640,gka_candidate,CHEMBL489711,,Cc1nsc(NC(=O)c2cc(Sc3nncn3C)ccc2N)n1,,,activity,,P4,6.0–6.5（0.32–1 µM）,6.47,False,,CHEMBL489711,False,,,,,,,,False
GKA_0641,gka_candidate,CHEMBL559975,,CS(=O)(=O)c1ccc(Oc2cc(OC3CCCC3)cc(C(=O)Nc3nccs3)c2)cc1,,,activity,,P4,6.0–6.5（0.32–1 µM）,6.465,False,,CHEMBL559975,False,,,,,,,,False
GKA_0642,gka_candidate,CHEMBL3218720,,CCOC(=O)CCn1cc(-c2cnc(NC(=O)C(CC3CCOCC3)c3ccc(S(=O)(=O)C4CC4)cc3)s2)nn1,,,activity,,P4,6.0–6.5（0.32–1 µM）,6.46,False,,CHEMBL3218720,False,,,,,,,,False
GKA_0643,gka_candidate,CHEMBL3358430,,CCc1ncccc1Oc1cc(CCCCO)cnc1NC(=O)NC,,,activity,,P4,6.0–6.5（0.32–1 µM）,6.46,False,,CHEMBL3358430,False,,,,,,,,False
GKA_0644,gka_candidate,CHEMBL3358440,,CCn1nccc1Oc1cc(C[C@@H]2CCO[C@@H](COC)C2)cnc1NC(=O)NC,,,activity,,P4,6.0–6.5（0.32–1 µM）,6.46,False,,CHEMBL3358440,False,,,,,,,,False
GKA_0645,gka_candidate,CHEMBL1164315,,CC(C)Cc1csc(NC(=O)C(CC2CCOCC2)c2ccc(S(C)(=O)=O)cc2)n1,,,activity,,P4,6.0–6.5（0.32–1 µM）,6.45,False,,CHEMBL1164315,False,,,,,,,,False
GKA_0646,gka_candidate,CHEMBL2430854,,CC(C)Cc1csc(Nc2ncc(Br)cc2OCc2ccccc2)n1,,,activity,,P4,6.0–6.5（0.32–1 µM）,6.45,False,,CHEMBL2430854,False,,,,,,,,False
GKA_0647,gka_candidate,CHEMBL3933809,,Cc1cc(Oc2cnc(NC(=O)C(O[C@@H]3CCOC3)c3ccc(S(=O)(=O)C4CC4)cc3)s2)ccc1C(=O)O,,,activity,,P4,6.0–6.5（0.32–1 µM）,6.42,False,,CHEMBL3933809,False,,,,,,,,False
GKA_0648,gka_candidate,CHEMBL3218490,,Cc1cc2c(Oc3cnc(C(=O)N4CC(C)C4)cn3)cc(C(=O)Nc3cnccn3)cc2o1,,,activity,,P4,6.0–6.5（0.32–1 µM）,6.41,False,,CHEMBL3218490,False,,,,,,,,False
GKA_0649,gka_candidate,CHEMBL3218496,,Cc1cc2c(Oc3cnc(C(=O)N(C)C)cn3)cc(C(=O)Nc3cnccn3)cc2o1,,,activity,,P4,6.0–6.5（0.32–1 µM）,6.41,False,,CHEMBL3218496,False,,,,,,,,False
GKA_0650,gka_candidate,CHEMBL2204655,,Cc1cnc(NC(=O)c2cc(Oc3cnc(C(=O)N(C)C)c(F)c3)c3cn(C)nc3c2)cn1,,,activity,,P4,6.0–6.5（0.32–1 µM）,6.405,False,,CHEMBL2204655,False,,,,,,,,False
GKA_0651,gka_candidate,CHEMBL563231,,CS(=O)(=O)c1ccc(Oc2cc(OCCO)cc(C(=O)Nc3nccs3)c2)cc1,,,activity,,P4,6.0–6.5（0.32–1 µM）,6.405,False,,CHEMBL563231,False,,,,,,,,False
GKA_0652,gka_candidate,CHEMBL1778371,,COC[C@H](C)Oc1cc(Oc2cccc(N(C)C)c2)cc(C(=O)Nc2ccc(C(=O)O)cn2)c1,,,activity,,P4,6.0–6.5（0.32–1 µM）,6.4,False,,CHEMBL1778371,False,,,,,,,,False
GKA_0653,gka_candidate,CHEMBL194102,,O=C(O)c1ccc(NC(=O)c2cc(OCc3ccccc3)cc(OCc3ccccc3)c2)nc1,,,activity,,P4,6.0–6.5（0.32–1 µM）,6.4,False,,CHEMBL194102,False,,,,,,,,False
GKA_0654,gka_candidate,CHEMBL2346888,,O=C(Nc1ncc(Cl)s1)[C@H](CC1CCCCC1)n1cnc2cc(S(=O)(=O)C3CCCC3)ccc2c1=O,,,activity,,P4,6.0–6.5（0.32–1 µM）,6.4,False,,CHEMBL2346888,False,,,,,,,,False
GKA_0655,gka_candidate,CHEMBL3221493,,CC(C)OC[C@H](Oc1ncnc2c1cnn2-c1ncccc1Cl)C(=O)Nc1ccc(Cl)cn1,,,activity,,P4,6.0–6.5（0.32–1 µM）,6.4,False,,CHEMBL3221493,False,,,,,,,,False
GKA_0656,gka_candidate,CHEMBL3221512,,C[C@H](CO)OC[C@H](Oc1ncnc2c1cnn2-c1ncccc1Cl)C(=O)Nc1ccc(Cl)cn1,,,activity,,P4,6.0–6.5（0.32–1 µM）,6.4,False,,CHEMBL3221512,False,,,,,,,,False
GKA_0657,gka_candidate,CHEMBL5288114,,O=C(O)Cc1ccc(Oc2cnc(NC(=O)C(Oc3ccc(F)cc3F)c3ccc(S(=O)(=O)C4CC4)cc3)s2)cc1,,,activity,,P4,6.0–6.5（0.32–1 µM）,6.4,False,,CHEMBL5288114,False,,,,,,,,False
GKA_0658,gka_candidate,CHEMBL4471002,,CNC(=O)Nc1cc(Oc2ccc(C)nc2)c(-c2ccc(OCCO)nc2)cn1,,,activity,,P4,6.0–6.5（0.32–1 µM）,6.39,False,,CHEMBL4471002,False,,,,,,,,False
GKA_0659,gka_candidate,CHEMBL4635087,,Cc1csc(Nc2ncccc2Oc2ccccc2)n1,,,activity,,P4,6.0–6.5（0.32–1 µM）,6.38,False,,CHEMBL4635087,False,,,,,,,,False
GKA_0660,gka_candidate,CHEMBL4645293,,O=C(Nc1nccs1)/C(=N/N1CCCC1)c1ccc(S(=O)(=O)C2CC2)cc1,,,activity,,P4,6.0–6.5（0.32–1 µM）,6.38,False,,CHEMBL4645293,False,,,,,,,,False
GKA_0661,gka_candidate,CHEMBL4566968,,CNC(=O)Nc1cc(Oc2cnccc2C)c(-c2ccc(OCCO)nc2)cn1,,,activity,,P4,6.0–6.5（0.32–1 µM）,6.365,False,,CHEMBL4566968,False,,,,,,,,False
GKA_0662,gka_candidate,CHEMBL1783742,,Cc1ccc(NC(=O)[C@H](CC2CCCC2)n2cc(C)c(S(C)(=O)=O)cc2=O)nc1,,,activity,,P4,6.0–6.5（0.32–1 µM）,6.36,False,,CHEMBL1783742,False,,,,,,,,False
GKA_0663,gka_candidate,CHEMBL2204652,,Cc1cnc(NC(=O)c2cc(Oc3ccc(S(=O)(=O)N(C)C)cc3)c3cn(C)nc3c2)cn1,,,activity,,P4,6.0–6.5（0.32–1 µM）,6.36,False,,CHEMBL2204652,False,,,,,,,,False
GKA_0664,gka_candidate,CHEMBL3358427,,CCc1ncccc1Oc1cc(CCCOC)cnc1NC(=O)NC,,,activity,,P4,6.0–6.5（0.32–1 µM）,6.36,False,,CHEMBL3358427,False,,,,,,,,False
GKA_0665,gka_candidate,CHEMBL552311,,CC(CO)Cc1cc(Oc2ccc(S(C)(=O)=O)cc2)cc(C(=O)Nc2nccs2)c1,,,activity,,P4,6.0–6.5（0.32–1 µM）,6.36,False,,CHEMBL552311,False,,,,,,,,False
GKA_0666,gka_candidate,CHEMBL560773,,CS(=O)(=O)c1ccc(Oc2cc(OC(CO)C(F)(F)F)cc(C(=O)Nc3nccs3)c2)cc1,,,activity,,P4,6.0–6.5（0.32–1 µM）,6.36,False,,CHEMBL560773,False,,,,,,,,False
GKA_0667,gka_candidate,CHEMBL3218719,,CCOC(=O)CCCn1cc(-c2cnc(NC(=O)C(CC3CCOCC3)c3ccc(S(=O)(=O)C4CC4)cc3)s2)nn1,,,activity,,P4,6.0–6.5（0.32–1 µM）,6.35,False,,CHEMBL3218719,False,,,,,,,,False
GKA_0668,gka_candidate,CHEMBL2165627,,O=C(O)C(=O)Nc1ccc(NC(=O)[C@H](CC2CCCC2)n2cnc(C(F)(F)F)c2)nc1,,,activity,,P4,6.0–6.5（0.32–1 µM）,6.34,False,,CHEMBL2165627,False,,,,,,,,False
GKA_0669,gka_candidate,CHEMBL3358434,,CCn1nccc1Oc1cc(CCCCOC)cnc1NC(=O)NC,,,activity,,P4,6.0–6.5（0.32–1 µM）,6.34,False,,CHEMBL3358434,False,,,,,,,,False
GKA_0670,gka_candidate,CHEMBL3235157,,Cc1cccnc1-c1cc(Oc2ccc(S(C)(=O)=O)cc2)cc(C(=O)Nc2nc(CNC(C)C)cs2)c1,,,activity,,P4,6.0–6.5（0.32–1 µM）,6.33,False,,CHEMBL3235157,False,,,,,,,,False
GKA_0671,gka_candidate,CHEMBL4440209,,CNC(=O)Nc1cc(Oc2cccnc2C)c(-c2ccc(OCCO)nc2)cn1,,,activity,,P4,6.0–6.5（0.32–1 µM）,6.325,False,,CHEMBL4440209,False,,,,,,,,False
GKA_0672,gka_candidate,CHEMBL1783741,,Cc1ccc(NC(=O)[C@H](CC2CCCC2)n2cc(Cl)c(S(C)(=O)=O)cc2=O)nc1,,,activity,,P4,6.0–6.5（0.32–1 µM）,6.32,False,,CHEMBL1783741,False,,,,,,,,False
GKA_0673,gka_candidate,CHEMBL3903108,,O=C(O)c1cc(Oc2cnc(NC(=O)C(OC3CCOCC3)c3ccc(S(=O)(=O)C4CC4)cc3)s2)ccc1Cl,,,activity,,P4,6.0–6.5（0.32–1 µM）,6.32,False,,CHEMBL3903108,False,,,,,,,,False
GKA_0674,gka_candidate,CHEMBL4641920,,CS(=O)(=O)N1CCC(c2nsc(Nc3ncc(Sc4ccccn4)cc3Oc3ccccc3)n2)CC1,,,activity,,P4,6.0–6.5（0.32–1 µM）,6.32,False,,CHEMBL4641920,False,,,,,,,,False
GKA_0675,gka_candidate,CHEMBL575278,,Cn1ccc(Nc2ncnc3ccc(Oc4ncccc4CO)cc23)n1,,,activity,,P4,6.0–6.5（0.32–1 µM）,6.32,False,,CHEMBL575278,False,,,,,,,,False
GKA_0676,gka_candidate,CHEMBL2023439,,COC1CCN(S(=O)(=O)c2ccc(Oc3cc(OCC=C(C)C)cc(C(=O)Nc4ccn(C)n4)c3)cc2)CC1,,,activity,,P4,6.0–6.5（0.32–1 µM）,6.31,False,,CHEMBL2023439,False,,,,,,,,False
GKA_0677,gka_candidate,CHEMBL3358439,,CCn1nccc1Oc1cc(C[C@H]2CCO[C@H](COC)C2)cnc1NC(=O)NC,,,activity,,P4,6.0–6.5（0.32–1 µM）,6.31,False,,CHEMBL3358439,False,,,,,,,,False
GKA_0678,gka_candidate,CHEMBL1783737,,CCS(=O)(=O)c1ccn([C@@H](CC2CCCC2)C(=O)Nc2ccc(C)cn2)c(=O)c1,,,activity,,P4,6.0–6.5（0.32–1 µM）,6.3,False,,CHEMBL1783737,False,,,,,,,,False
GKA_0679,gka_candidate,CHEMBL2346755,,Cc1cc(S(=O)(=O)C2CCCC2)cc(=O)n1[C@@H](CC1CCCCO1)C(=O)Nc1ncc(F)s1,,,activity,,P4,6.0–6.5（0.32–1 µM）,6.3,False,,CHEMBL2346755,False,,,,,,,,False
GKA_0680,gka_candidate,CHEMBL2346897,,CS(=O)(=O)c1ccc2c(=O)n([C@@H](CC3CCCCC3)C(=O)Nc3nccs3)cnc2c1,,,activity,,P4,6.0–6.5（0.32–1 µM）,6.3,False,,CHEMBL2346897,False,,,,,,,,False
GKA_0681,gka_candidate,CHEMBL2408120,,CC(C)Oc1cc(Oc2cnc(C(=O)N(C)C)cn2)cc(-c2nccc(=O)[nH]2)c1,,,activity,,P4,6.0–6.5（0.32–1 µM）,6.3,False,,CHEMBL2408120,False,,,,,,,,False
GKA_0682,gka_candidate,CHEMBL3221486,,CCOC[C@H](Oc1ncnc2c1cnn2-c1ccccc1Cl)C(=O)Nc1cnc(C)cn1,,,activity,,P4,6.0–6.5（0.32–1 µM）,6.3,False,,CHEMBL3221486,False,,,,,,,,False
GKA_0683,gka_candidate,CHEMBL3221496,,CC(C)OC[C@H](Oc1ncnc2c1cnn2-c1ncccc1Cl)C(=O)Nc1ccc(F)cn1,,,activity,,P4,6.0–6.5（0.32–1 µM）,6.3,False,,CHEMBL3221496,False,,,,,,,,False
GKA_0684,gka_candidate,CHEMBL3221499,,CC(C)OC[C@H](Oc1ncnc2c1cnn2-c1ncccc1Cl)C(=O)Nc1ccccn1,,,activity,,P4,6.0–6.5（0.32–1 µM）,6.3,False,,CHEMBL3221499,False,,,,,,,,False
GKA_0685,gka_candidate,CHEMBL3221501,,CCOC[C@H](Oc1ncnc2c1cnn2-c1ncccc1Cl)C(=O)Nc1ccccn1,,,activity,,P4,6.0–6.5（0.32–1 µM）,6.3,False,,CHEMBL3221501,False,,,,,,,,False
GKA_0686,gka_candidate,CHEMBL3221506,,O=C(Nc1ccc(Cl)cn1)[C@H](COCCO)Oc1ncnc2c1cnn2-c1ncccc1Cl,,,activity,,P4,6.0–6.5（0.32–1 µM）,6.3,False,,CHEMBL3221506,False,,,,,,,,False
GKA_0687,gka_candidate,CHEMBL3221525,,N#Cc1ccc(NC(=O)[C@H](CN2CC(O)C2)Oc2ncnc3c2cnn3-c2c(Cl)cccc2C#N)nc1,,,activity,,P4,6.0–6.5（0.32–1 µM）,6.3,False,,CHEMBL3221525,False,,,,,,,,False
GKA_0688,gka_candidate,CHEMBL3221527,,N#Cc1cccc(Cl)c1-n1ncc2c(O[C@@H](COCCO)C(=O)Nc3ccc(F)cn3)ncnc21,,,activity,,P4,6.0–6.5（0.32–1 µM）,6.3,False,,CHEMBL3221527,False,,,,,,,,False
GKA_0689,gka_candidate,CHEMBL3358887,,CCn1nccc1Oc1cc(C[C@H]2C[C@H](O)C2)cnc1NC(=O)NC,,,activity,,P4,6.0–6.5（0.32–1 µM）,6.3,False,,CHEMBL3358887,False,,,,,,,,False
GKA_0690,gka_candidate,CHEMBL4212156,,COC[C@H](C)Oc1cc(Oc2ccc(C(=O)N3CCC3)cc2)cc(C(=O)Nc2nc3c(s2)CN(C(=O)N(C)C)CC3)c1,,,activity,,P4,6.0–6.5（0.32–1 µM）,6.3,False,,CHEMBL4212156,False,,,,,,,,False
GKA_0691,gka_candidate,CHEMBL3218714,,COC(=O)CCNC(=O)c1cnc(NC(=O)C(CC2CCOCC2)c2ccc(S(=O)(=O)C3CC3)cc2)s1,,,activity,,P4,6.0–6.5（0.32–1 µM）,6.28,False,,CHEMBL3218714,False,,,,,,,,False
GKA_0692,gka_candidate,CHEMBL3358886,,CCn1nccc1Oc1cc(C[C@H]2C[C@@H](O)C2)cnc1NC(=O)NC,,,activity,,P4,6.0–6.5（0.32–1 µM）,6.28,False,,CHEMBL3358886,False,,,,,,,,False
GKA_0693,gka_candidate,CHEMBL3763295,,CS(=O)(=O)c1ccc(C(O)(CC2CCCC2)c2cc3cc(Br)cnc3[nH]2)cc1Cl,,,activity,,P4,6.0–6.5（0.32–1 µM）,6.27,False,,CHEMBL3763295,False,,,,,,,,False
GKA_0694,gka_candidate,CHEMBL3765816,,CS(=O)(=O)c1ccc(C(CC2CCCC2)c2cc3cccnc3[nH]2)cc1Cl,,,activity,,P4,6.0–6.5（0.32–1 µM）,6.26,False,,CHEMBL3765816,False,,,,,,,,False
GKA_0695,gka_candidate,CHEMBL606156,,CCS(=O)(=O)c1ccc(Oc2cc3nc(-c4ccccn4)[nH]c3cc2CNC(C)=O)cc1,,,activity,,P4,6.0–6.5（0.32–1 µM）,6.255,False,,CHEMBL606156,False,,,,,,,,False
GKA_0696,gka_candidate,CHEMBL1783736,,Cc1ccc(NC(=O)[C@H](CC2CCCC2)n2ccc(S(C)(=O)=O)cc2=O)nc1,,,activity,,P4,6.0–6.5（0.32–1 µM）,6.25,False,,CHEMBL1783736,False,,,,,,,,False
GKA_0697,gka_candidate,CHEMBL2165623,,O=C(O)Cc1ccc(NC(=O)[C@H](CC2CCCC2)n2cnc(C(F)(F)F)c2)nc1,,,activity,,P4,6.0–6.5（0.32–1 µM）,6.25,False,,CHEMBL2165623,False,,,,,,,,False
GKA_0698,gka_candidate,CHEMBL2430852,,CCc1csc(Nc2ncc(Br)cc2OCc2ccccc2)n1,,,activity,,P4,6.0–6.5（0.32–1 µM）,6.25,False,,CHEMBL2430852,False,,,,,,,,False
GKA_0699,gka_candidate,CHEMBL561049,,CC(CN)Oc1cc(Oc2ccc(S(C)(=O)=O)cc2)cc(C(=O)Nc2nccs2)c1,,,activity,,P4,6.0–6.5（0.32–1 µM）,6.25,False,,CHEMBL561049,False,,,,,,,,False
GKA_0700,gka_candidate,CHEMBL3960237,,Cc1ccc(Oc2cnc(NC(=O)C(O[C@@H]3CCOC3)c3ccc(S(=O)(=O)C4CC4)cc3)s2)cc1C(=O)O,,,activity,,P4,6.0–6.5（0.32–1 µM）,6.24,False,,CHEMBL3960237,False,,,,,,,,False
GKA_0701,gka_candidate,CHEMBL479947,,Cc1cnc(NC(=O)[C@H](CC2CCOCC2)c2ccc(S(=O)(=O)C3CC3)cc2)s1,,,activity,,P4,6.0–6.5（0.32–1 µM）,6.24,False,,CHEMBL479947,False,,,,,,,,False
GKA_0702,gka_candidate,CHEMBL517534,,O=C(Nc1nccs1)[C@H](CC1CCOCC1)c1ccc(S(=O)(=O)C2CC2)cc1,,,activity,,P4,6.0–6.5（0.32–1 µM）,6.24,False,,CHEMBL517534,False,,,,,,,,False
GKA_0703,gka_candidate,CHEMBL2408113,,CC(C)Oc1cc(Oc2ccc(S(C)(=O)=O)cc2)cc(-c2ncc(C(C)C)c(=O)[nH]2)c1,,,activity,,P4,6.0–6.5（0.32–1 µM）,6.23,False,,CHEMBL2408113,False,,,,,,,,False
GKA_0704,gka_candidate,CHEMBL3358426,,CCOCCc1cnc(NC(=O)NC)c(Oc2cccnc2CC)c1,,,activity,,P4,6.0–6.5（0.32–1 µM）,6.23,False,,CHEMBL3358426,False,,,,,,,,False
GKA_0705,gka_candidate,CHEMBL3975134,,O=C(O)c1ccc(Oc2cnc(NC(=O)C(OC3CCOCC3)c3ccc(S(=O)(=O)C4CC4)cc3)s2)cc1Cl,,,activity,,P4,6.0–6.5（0.32–1 µM）,6.23,False,,CHEMBL3975134,False,,,,,,,,False
GKA_0706,gka_candidate,CHEMBL1783751,,CC(C)S(=O)(=O)c1ccn([C@@H](CC2CCCC2)C(=O)Nc2ccccn2)c(=O)c1,,,activity,,P4,6.0–6.5（0.32–1 µM）,6.22,False,,CHEMBL1783751,False,,,,,,,,False
GKA_0707,gka_candidate,CHEMBL3763349,,COCC(C)Oc1ccc(C(CC2CCCC2)c2cc3cccnc3[nH]2)cc1Cl,,,activity,,P4,6.0–6.5（0.32–1 µM）,6.22,False,,CHEMBL3763349,False,,,,,,,,False
GKA_0708,gka_candidate,CHEMBL490961,,CNc1ccc(Sc2nncn2C)cc1C(=O)Nc1nc(C)cs1,,,activity,,P4,6.0–6.5（0.32–1 µM）,6.22,False,,CHEMBL490961,False,,,,,,,,False
GKA_0709,gka_candidate,CHEMBL210838,,COC[C@H](C)Oc1cc(OC(C)C)cc(C(=O)Nc2ccc(C(=O)O)cn2)c1,,,activity,,P4,6.0–6.5（0.32–1 µM）,6.21,False,,CHEMBL210838,False,,,,,,,,False
GKA_0710,gka_candidate,CHEMBL3338075,,CNC(=O)Nc1ncc(SCCCO)cc1Oc1cccnc1C,,,activity,,P4,6.0–6.5（0.32–1 µM）,6.205,False,,CHEMBL3338075,False,,,,,,,,False
GKA_0711,gka_candidate,CHEMBL2346756,,Cc1cc(S(=O)(=O)C2CC2)cc(=O)n1[C@@H](CC1CCCC1)C(=O)Nc1ncc(F)s1,,,activity,,P4,6.0–6.5（0.32–1 µM）,6.2,False,,CHEMBL2346756,False,,,,,,,,False
GKA_0712,gka_candidate,CHEMBL2346887,,CCS(=O)(=O)c1ccc2c(=O)n([C@@H](CC3CCCCC3)C(=O)Nc3ncc(F)s3)cnc2c1,,,activity,,P4,6.0–6.5（0.32–1 µM）,6.2,False,,CHEMBL2346887,False,,,,,,,,False
GKA_0713,gka_candidate,CHEMBL3221498,,CCOC[C@H](Oc1ncnc2c1cnn2-c1ncccc1Cl)C(=O)Nc1ccc(F)cn1,,,activity,,P4,6.0–6.5（0.32–1 µM）,6.2,False,,CHEMBL3221498,False,,,,,,,,False
GKA_0714,gka_candidate,CHEMBL3221502,,CC(C)OC[C@H](Oc1ncnc2c1cnn2-c1ncccc1Cl)C(=O)Nc1ccc(C#N)cn1,,,activity,,P4,6.0–6.5（0.32–1 µM）,6.2,False,,CHEMBL3221502,False,,,,,,,,False
GKA_0715,gka_candidate,CHEMBL3221504,,CCOC[C@H](Oc1ncnc2c1cnn2-c1ncccc1Cl)C(=O)Nc1ccc(C#N)cn1,,,activity,,P4,6.0–6.5（0.32–1 µM）,6.2,False,,CHEMBL3221504,False,,,,,,,,False
GKA_0716,gka_candidate,CHEMBL3221514,,C[C@H](CO)OC[C@H](Oc1ncnc2c1cnn2-c1ncccc1Cl)C(=O)Nc1ccc(C#N)cn1,,,activity,,P4,6.0–6.5（0.32–1 µM）,6.2,False,,CHEMBL3221514,False,,,,,,,,False
GKA_0717,gka_candidate,CHEMBL3221521,,O=C(Nc1ccc(F)cn1)[C@H](COCCO)Oc1ncnc2c1cnn2-c1ccccc1Cl,,,activity,,P4,6.0–6.5（0.32–1 µM）,6.2,False,,CHEMBL3221521,False,,,,,,,,False
GKA_0718,gka_candidate,CHEMBL3764328,,OCc1ccc(C(CC2CCCC2)c2cc3cccnc3[nH]2)cc1Cl,,,activity,,P4,6.0–6.5（0.32–1 µM）,6.2,False,,CHEMBL3764328,False,,,,,,,,False
GKA_0719,gka_candidate,CHEMBL4098841,,O=C(Nc1ncc(Cl)s1)[C@H](CC1CCCC1)n1cc(S(=O)(=O)C2CC2)cn1,,,activity,,P4,6.0–6.5（0.32–1 µM）,6.2,False,,CHEMBL4098841,False,,,,,,,,False
GKA_0720,gka_candidate,CHEMBL572841,,Cn1ccc(Nc2ncnc3ccc(Oc4ccccn4)cc23)n1,,,activity,,P4,6.0–6.5（0.32–1 µM）,6.2,False,,CHEMBL572841,False,,,,,,,,False
GKA_0721,gka_candidate,CHEMBL4453105,,CNC(=O)Nc1cc(Oc2c(F)cccc2F)c(C)cn1,,,activity,,P4,6.0–6.5（0.32–1 µM）,6.19,False,,CHEMBL4453105,False,,,,,,,,False
GKA_0722,gka_candidate,CHEMBL2021551,,CC[C@H](COC)Oc1cc(Oc2ccc(S(=O)(=O)OC)cc2)cc(C(=O)Nc2nccs2)c1,,,activity,,P4,6.0–6.5（0.32–1 µM）,6.18,False,,CHEMBL2021551,False,,,,,,,,False
GKA_0723,gka_candidate,CHEMBL5079866,,CCOP(=O)(Cn1ccc(NC(=O)c2cc(Oc3cnc(C(N)=O)cn3)cc(OC(C)C)c2)n1)OCC,,,activity,,P4,6.0–6.5（0.32–1 µM）,6.18,False,,CHEMBL5079866,False,,,,,,,,False
GKA_0724,gka_candidate,CHEMBL3900493,,CN1C(=O)CCC1c1cc2[nH]c(-c3ccc(CCC(=O)O)cn3)cc2cc1Sc1ccccn1,,,activity,,P4,6.0–6.5（0.32–1 µM）,6.17,False,,CHEMBL3900493,False,,,,,,,,False
GKA_0725,gka_candidate,CHEMBL491322,,CCOC(=O)c1csc(NC(=O)c2cc(Sc3nncn3C)ccc2N)n1,,,activity,,P4,6.0–6.5（0.32–1 µM）,6.17,False,,CHEMBL491322,False,,,,,,,,False
GKA_0726,gka_candidate,CHEMBL5080889,,COC[C@H](C)Oc1cc(Oc2ccc(S(C)(=O)=O)cc2)cc(C(=O)Nc2ccn(CP(C)(C)=O)n2)c1,,,activity,,P4,6.0–6.5（0.32–1 µM）,6.17,False,,CHEMBL5080889,False,,,,,,,,False
GKA_0727,gka_candidate,CHEMBL2430851,,Cc1csc(Nc2ncc(Br)cc2OCc2ccccc2)n1,,,activity,,P4,6.0–6.5（0.32–1 µM）,6.16,False,,CHEMBL2430851,False,,,,,,,,False
GKA_0728,gka_candidate,CHEMBL3763700,,COC(=O)/C=C/c1cnc2[nH]c(C(CC3CCCC3)c3ccc(S(C)(=O)=O)c(Cl)c3)cc2c1,,,activity,,P4,6.0–6.5（0.32–1 µM）,6.16,False,,CHEMBL3763700,False,,,,,,,,False
GKA_0729,gka_candidate,CHEMBL3764711,,CCOP(=O)(OCC)c1ccc(C(CC2CCCC2)c2cc3cccnc3[nH]2)cc1Cl,,,activity,,P4,6.0–6.5（0.32–1 µM）,6.16,False,,CHEMBL3764711,False,,,,,,,,False
GKA_0730,gka_candidate,CHEMBL4216606,,COC[C@H](C)Oc1cc(Oc2ccc(C(=O)N3CCC3)cc2)cc(C(=O)Nc2nc3c(s2)CN(C(=O)OC)CC3)c1,,,activity,,P4,6.0–6.5（0.32–1 µM）,6.16,False,,CHEMBL4216606,False,,,,,,,,False
GKA_0731,gka_candidate,CHEMBL4574225,,CNC(=O)Nc1cc(Oc2cccnc2)c(-c2ccc(OCCO)nc2)cn1,,,activity,,P4,6.0–6.5（0.32–1 µM）,6.16,False,,CHEMBL4574225,False,,,,,,,,False
GKA_0732,gka_candidate,CHEMBL5274471,,O=C(O)c1ccc(Oc2cnc(NC(=O)[C@@H](Oc3ccc(F)cc3F)c3ccc(S(=O)(=O)C4CC4)cc3)s2)cc1,,,activity,,P4,6.0–6.5（0.32–1 µM）,6.16,False,,CHEMBL5274471,False,,,,,,,,False
GKA_0733,gka_candidate,CHEMBL3338070,,CNC(=O)Nc1ncc(Sc2ccccn2)cc1Oc1cccnc1C,,,activity,,P4,6.0–6.5（0.32–1 µM）,6.155,False,,CHEMBL3338070,False,,,,,,,,False
GKA_0734,gka_candidate,CHEMBL2204648,,Cc1cnc(NC(=O)c2cc(Oc3ccc(C(=O)N(C)C)cc3)c3cn(C)nc3c2)cn1,,,activity,,P4,6.0–6.5（0.32–1 µM）,6.15,False,,CHEMBL2204648,False,,,,,,,,False
GKA_0735,gka_candidate,CHEMBL3218491,,Cc1cc2c(Oc3cnc(C(=O)N4CC(C)(C)C4)cn3)cc(C(=O)Nc3cnccn3)cc2o1,,,activity,,P4,6.0–6.5（0.32–1 µM）,6.15,False,,CHEMBL3218491,False,,,,,,,,False
GKA_0736,gka_candidate,CHEMBL3358888,,CCn1nccc1Oc1cc(C[C@H]2C[C@@](C)(O)C2)cnc1NC(=O)NC,,,activity,,P4,6.0–6.5（0.32–1 µM）,6.15,False,,CHEMBL3358888,False,,,,,,,,False
GKA_0737,gka_candidate,CHEMBL4574797,,CNC(=O)Nc1cc(Oc2cncc(OC)c2)c([C@H]2COCCC2(F)F)cn1,,,activity,,P4,6.0–6.5（0.32–1 µM）,6.14,False,,CHEMBL4574797,False,,,,,,,,False
GKA_0738,gka_candidate,CHEMBL576361,,COc1ccc2nc(NC(=O)C(CC3CCCC3)c3ccc(S(=O)(=O)NCc4ccccc4)cc3)sc2n1,,,activity,,P4,6.0–6.5（0.32–1 µM）,6.14,False,,CHEMBL576361,False,,,,,,,,False
GKA_0739,gka_candidate,CHEMBL550443,,CS(=O)(=O)c1ccc(Oc2cc(O[C@@H]3CCOC3)cc(C(=O)Nc3nccs3)c2)cc1,,,activity,,P4,6.0–6.5（0.32–1 µM）,6.135,False,,CHEMBL550443,False,,,,,,,,False
GKA_0740,gka_candidate,CHEMBL3959646,,O=C(O)c1ccc(NC(=O)C(Oc2ccc(Cl)cc2)c2ccc(S(=O)(=O)C3CC3)cc2)nc1,,,activity,,P4,6.0–6.5（0.32–1 µM）,6.13,False,,CHEMBL3959646,False,,,,,,,,False
GKA_0741,gka_candidate,CHEMBL4574160,,CNC(=O)Nc1cc(Oc2cncc(C)c2)c(C(C)CO)cn1,,,activity,,P4,6.0–6.5（0.32–1 µM）,6.13,False,,CHEMBL4574160,False,,,,,,,,False
GKA_0742,gka_candidate,CHEMBL3765308,,N#Cc1ccc(C(CC2CCCC2)c2cc3cccnc3[nH]2)cc1Cl,,,activity,,P4,6.0–6.5（0.32–1 µM）,6.12,False,,CHEMBL3765308,False,,,,,,,,False
GKA_0743,gka_candidate,CHEMBL2204658,,CCn1cc2c(Oc3ccc(S(C)(=O)=O)cc3)cc(C(=O)Nc3cnc(C)cn3)cc2n1,,,activity,,P4,6.0–6.5（0.32–1 µM）,6.11,False,,CHEMBL2204658,False,,,,,,,,False
GKA_0744,gka_candidate,CHEMBL2315026,,COC[C@H](C)Oc1cc(/C=C/c2cc(F)cc(F)c2F)cc(C(=O)Nc2ccc(C(=O)O)cn2)c1,,,activity,,P4,6.0–6.5（0.32–1 µM）,6.11,False,,CHEMBL2315026,False,,,,,,,,False
GKA_0745,gka_candidate,CHEMBL489334,,Cc1csc(NC(=O)c2cc(Sc3ncc[nH]3)ccc2N)n1,,,activity,,P4,6.0–6.5（0.32–1 µM）,6.11,False,,CHEMBL489334,False,,,,,,,,False
GKA_0746,gka_candidate,CHEMBL2206781,,COCCC(Sc1ncnc2c1cnn2-c1ccccc1Cl)C(=O)Nc1nc(C)cs1,,,activity,,P4,6.0–6.5（0.32–1 µM）,6.1,False,,CHEMBL2206781,False,,,,,,,,False
GKA_0747,gka_candidate,CHEMBL2430856,,Cc1csc(Nc2ncc(Cl)cc2OCc2ccccc2)n1,,,activity,,P4,6.0–6.5（0.32–1 µM）,6.1,False,,CHEMBL2430856,False,,,,,,,,False
GKA_0748,gka_candidate,CHEMBL3221513,,C[C@H](CO)OC[C@H](Oc1ncnc2c1cnn2-c1ncccc1Cl)C(=O)Nc1ccc(F)cn1,,,activity,,P4,6.0–6.5（0.32–1 µM）,6.1,False,,CHEMBL3221513,False,,,,,,,,False
GKA_0749,gka_candidate,CHEMBL3927802,,CCS(=O)(=O)c1ccc(Oc2cc3cc(-c4ccc(C(F)(F)F)cn4)[nH]c3cc2C2CCC(=O)N2CC(=O)O)cc1,,,activity,,P4,6.0–6.5（0.32–1 µM）,6.1,False,,CHEMBL3927802,False,,,,,,,,False
GKA_0750,gka_candidate,CHEMBL4647058,,CC(=O)N1CCC(c2nsc(Nc3ncc(Sc4ccccn4)cc3Oc3cccnc3)n2)CC1,,,activity,,P4,6.0–6.5（0.32–1 µM）,6.1,False,,CHEMBL4647058,False,,,,,,,,False
GKA_0751,gka_candidate,CHEMBL3235160,,Cc1cccnc1-c1cc(Oc2ccc(S(C)(=O)=O)cc2)cc(C(=O)Nc2ccn(C)n2)c1,,,activity,,P4,6.0–6.5（0.32–1 µM）,6.09,False,,CHEMBL3235160,False,,,,,,,,False
GKA_0752,gka_candidate,CHEMBL3352877,,CCn1nc(COC)cc1Oc1cc(CC2CCOCC2)cnc1NC(=O)NC,,,activity,,P4,6.0–6.5（0.32–1 µM）,6.09,False,,CHEMBL3352877,False,,,,,,,,False
GKA_0753,gka_candidate,CHEMBL3763854,,CC(=O)c1ccc(C(CC2CCCC2)c2cc3cccnc3[nH]2)cc1Cl,,,activity,,P4,6.0–6.5（0.32–1 µM）,6.09,False,,CHEMBL3763854,False,,,,,,,,False
GKA_0754,gka_candidate,CHEMBL4209159,,COCC(C)Oc1cc(Oc2cccc(S(C)(=O)=O)c2)cc(C(=O)Nc2nc3c(s2)CN(C(=O)OC(C)(C)C)CC3)c1,,,activity,,P4,6.0–6.5（0.32–1 µM）,6.09,False,,CHEMBL4209159,False,,,,,,,,False
GKA_0755,gka_candidate,CHEMBL491323,,Cn1cnnc1Sc1ccc(N)c(C(=O)Nc2nc(CO)cs2)c1,,,activity,,P4,6.0–6.5（0.32–1 µM）,6.09,False,,CHEMBL491323,False,,,,,,,,False
GKA_0756,gka_candidate,CHEMBL474354,,Cc1csc(NC(=O)c2cc(Oc3ccc(F)cc3)ccc2N)n1,,,activity,,P4,6.0–6.5（0.32–1 µM）,6.085,False,,CHEMBL474354,False,,,,,,,,False
GKA_0757,gka_candidate,CHEMBL475058,,Cc1csc(NC(=O)c2cc(Oc3ccccc3)cc(Oc3ccccc3S(C)(=O)=O)c2)n1,,,activity,,P4,6.0–6.5（0.32–1 µM）,6.085,False,,CHEMBL475058,False,,,,,,,,False
GKA_0758,gka_candidate,CHEMBL2408109,,CC(C)Oc1cc(Oc2ccc(S(C)(=O)=O)cc2)cc(-c2nccc(=O)[nH]2)c1,,,activity,,P4,6.0–6.5（0.32–1 µM）,6.08,False,,CHEMBL2408109,False,,,,,,,,False
GKA_0759,gka_candidate,CHEMBL4468814,,CNC(=O)Nc1cc(Oc2c(F)cccc2F)ccn1,,,activity,,P4,6.0–6.5（0.32–1 µM）,6.08,False,,CHEMBL4468814,False,,,,,,,,False
GKA_0760,gka_candidate,CHEMBL2314796,,COC[C@H](C)Oc1cc(/C=C/c2ccc([N+](=O)[O-])cc2)cc(C(=O)Nc2ccn(C)n2)c1,,,activity,,P4,6.0–6.5（0.32–1 µM）,6.07,False,,CHEMBL2314796,False,,,,,,,,False
GKA_0761,gka_candidate,CHEMBL2314802,,COC[C@H](C)Oc1cc(/C=C/c2cc(F)cc(F)c2F)cc(C(=O)Nc2ccn(C)n2)c1,,,activity,,P4,6.0–6.5（0.32–1 µM）,6.07,False,,CHEMBL2314802,False,,,,,,,,False
GKA_0762,gka_candidate,CHEMBL2314809,,COC[C@H](C)Oc1cc(CCc2cc(F)cc(F)c2F)cc(C(=O)Nc2ccn(C)n2)c1,,,activity,,P4,6.0–6.5（0.32–1 µM）,6.07,False,,CHEMBL2314809,False,,,,,,,,False
GKA_0763,gka_candidate,CHEMBL2408119,,CC(C)Oc1cc(Oc2cnc(C(=O)N(C)C)nc2)cc(-c2nccc(=O)[nH]2)c1,,,activity,,P4,6.0–6.5（0.32–1 µM）,6.07,False,,CHEMBL2408119,False,,,,,,,,False
GKA_0764,gka_candidate,CHEMBL2204653,,CNS(=O)(=O)c1ccc(Oc2cc(C(=O)Nc3cnc(C)cn3)cc3nn(C)cc23)cc1,,,activity,,P4,6.0–6.5（0.32–1 µM）,6.06,False,,CHEMBL2204653,False,,,,,,,,False
GKA_0765,gka_candidate,CHEMBL3218480,,Cc1cnc(NC(=O)c2cc(Oc3ccc(S(C)(=O)=O)cc3)c3cc(C)oc3c2)cn1,,,activity,,P4,6.0–6.5（0.32–1 µM）,6.06,False,,CHEMBL3218480,False,,,,,,,,False
GKA_0766,gka_candidate,CHEMBL3338068,,CCc1ncccc1Oc1cc(Sc2ccccn2)cnc1NC(=O)NCc1cccc(O)c1,,,activity,,P4,6.0–6.5（0.32–1 µM）,6.055,False,,CHEMBL3338068,False,,,,,,,,False
GKA_0767,gka_candidate,CHEMBL573294,,COc1ccc2nc(NC(=O)C(CC3CCCC3)c3ccc(S(N)(=O)=O)cc3)sc2n1,,,activity,,P4,6.0–6.5（0.32–1 µM）,6.05,False,,CHEMBL573294,False,,,,,,,,False
GKA_0768,gka_candidate,CHEMBL575495,,COc1ccc2nc(NC(=O)C(CC3CCCC3)c3ccc(S(=O)(=O)NCc4ccco4)cc3)sc2n1,,,activity,,P4,6.0–6.5（0.32–1 µM）,6.05,False,,CHEMBL575495,False,,,,,,,,False
GKA_0769,gka_candidate,CHEMBL1783758,,CC(C)S(=O)(=O)c1ccn([C@@H](CC2CCCC2)C(=O)Nc2ccn(C)n2)c(=O)c1,,,activity,,P4,6.0–6.5（0.32–1 µM）,6.04,False,,CHEMBL1783758,False,,,,,,,,False
GKA_0770,gka_candidate,CHEMBL371462,,O=C(O)c1ccc(NC(=O)c2cccc(OCc3ccccc3Cl)c2)nc1,,,activity,,P4,6.0–6.5（0.32–1 µM）,6.04,False,,CHEMBL371462,False,,,,,,,,False
GKA_0771,gka_candidate,CHEMBL552350,,CCS(=O)(=O)c1ccc(Oc2cc3nc(-c4ccccn4)[nH]c3cc2[C@H]2CCCN2C(C)=O)cc1,,,activity,,P4,6.0–6.5（0.32–1 µM）,6.04,False,,CHEMBL552350,False,,,,,,,,False
GKA_0772,gka_candidate,CHEMBL4470267,,CNC(=O)Nc1cc(Oc2cncc(OC)c2)c([C@@H]2COCC[C@@H]2O)cn1,,,activity,,P4,6.0–6.5（0.32–1 µM）,6.035,False,,CHEMBL4470267,False,,,,,,,,False
GKA_0773,gka_candidate,CHEMBL4572115,,CCOc1cncc(Oc2cc(NC(=O)NC)ncc2-c2ccc(OCCO)nc2)c1,,,activity,,P4,6.0–6.5（0.32–1 µM）,6.035,False,,CHEMBL4572115,False,,,,,,,,False
GKA_0774,gka_candidate,CHEMBL2408114,,COc1cnc(-c2cc(Oc3ccc(S(C)(=O)=O)cc3)cc(OC(C)C)c2)[nH]c1=O,,,activity,,P4,6.0–6.5（0.32–1 µM）,6.03,False,,CHEMBL2408114,False,,,,,,,,False
GKA_0775,gka_candidate,CHEMBL561283,,CC(=O)N1CCCC1c1cc2[nH]c(-c3ccccn3)nc2cc1Oc1cccc(F)c1,,,activity,,P4,6.0–6.5（0.32–1 µM）,6.03,False,,CHEMBL561283,False,,,,,,,,False
GKA_0776,gka_candidate,CHEMBL208197,,CC(C)Oc1cc(O[C@H](C)c2ccccc2)cc(C(=O)Nc2ccc(C(=O)O)cn2)c1,,,activity,,P4,6.0–6.5（0.32–1 µM）,6.02,False,,CHEMBL208197,False,,,,,,,,False
GKA_0777,gka_candidate,CHEMBL475057,,Cc1csc(NC(=O)c2cc(Oc3ccccc3S(C)(=O)=O)cc(OC(C)C)c2)n1,,,activity,,P4,6.0–6.5（0.32–1 µM）,6.02,False,,CHEMBL475057,False,,,,,,,,False
GKA_0778,gka_candidate,CHEMBL2204650,,CCS(=O)(=O)c1ccc(Oc2cc(C(=O)Nc3cnc(C)cn3)cc3nn(C)cc23)cc1,,,activity,,P4,6.0–6.5（0.32–1 µM）,6.01,False,,CHEMBL2204650,False,,,,,,,,False
GKA_0779,gka_candidate,CHEMBL1164268,,CCc1csc(NC(=O)C(CC2CCOCC2)c2ccc(S(C)(=O)=O)cc2)n1,,,activity,,P4,6.0–6.5（0.32–1 µM）,6.0,False,,CHEMBL1164268,False,,,,,,,,False
GKA_0780,gka_candidate,CHEMBL2346757,,Cc1cc(S(=O)(=O)C2CCCC2)cc(=O)n1C(CC1CCCCO1)C(=O)Nc1nccs1,,,activity,,P4,6.0–6.5（0.32–1 µM）,6.0,False,,CHEMBL2346757,False,,,,,,,,False
GKA_0781,gka_candidate,CHEMBL2346900,,CS(=O)(=O)c1ccc2c(=O)n([C@@H](CC3CCCCC3)C(=O)Nc3nccs3)c(=O)[nH]c2c1,,,activity,,P4,6.0–6.5（0.32–1 µM）,6.0,False,,CHEMBL2346900,False,,,,,,,,False
GKA_0782,gka_candidate,CHEMBL2408124,,COC[C@H](C)Oc1cc(Oc2cnc(C(=O)N(C)C)nc2)cc(-c2nccc(=O)[nH]2)c1,,,activity,,P4,6.0–6.5（0.32–1 µM）,6.0,False,,CHEMBL2408124,False,,,,,,,,False
GKA_0783,gka_candidate,CHEMBL4297302,MK-0941,CCS(=O)(=O)c1ccc(Oc2cc(O[C@@H](C)CO)cc(C(=O)Nc3ccn(C)n3)c2)cn1.CS(=O)(=O)O,MK-0941,2.0,drug_annotation,ACTIVATOR,,,,True,MK-0941 (mesylate),CHEMBL3580737,True,,,,,,,,False
GKA_0784,gka_candidate,CHEMBL4297399,LY-2608204,O=C(Nc1ncc(SCCN2CCCC2)s1)[C@]1(c2ccc(S(=O)(=O)C3CC3)cc2)C[C@H]1C1CCCCC1,LY-2608204,2.0,drug_annotation,ACTIVATOR,,,,True,LY-2608204 / Globalagliatin,CHEMBL4297399,False,,,,,,,,False
GKA_0785,gka_candidate,CHEMBL4297508,DORZAGLIATIN,CC(C)C[C@@H](C(=O)Nc1ccn(C[C@@H](O)CO)n1)N1CC(Oc2ccccc2Cl)=CC1=O,DORZAGLIATIN,3.0,drug_annotation,ACTIVATOR,,,,True,Dorzagliatin,CHEMBL4297508,False,,,,,,,,False
GKA_0786,gka_candidate,CHEMBL5095182,GLOBALAGLIATIN HYDROCHLORIDE,Cl.O=C(Nc1ncc(SCCN2CCCC2)s1)[C@]1(c2ccc(S(=O)(=O)C3CC3)cc2)C[C@H]1C1CCCCC1,GLOBALAGLIATIN HYDROCHLORIDE,1.0,drug_annotation,,,,,True,Globalagliatin HCl,CHEMBL4297399,True,,,,,,,,False
GKA_0787,gka_candidate,CHEMBL5095262,CADISEGLIATIN,CCCO[C@H]1CC[C@H](N(C(=O)Nc2ncc(SCC(=O)O)s2)C2CCCCC2)CC1,CADISEGLIATIN,2.0,drug_annotation,,,,,True,Cadisegliatin,CHEMBL5095262,False,,,,,,,,False
B3D_0001,bbb_control_b3db,BBBCTRL_001,moxalactam,CN1C(=NN=N1)SCC2=C(N3C(C(C3=O)(NC(=O)C(C4=CC=C(C=C4)O)C(=O)O)OC)OC2)C(=O)O,,,,,,,,,,,,control_negative,logBB,-2.52,,,A,BBBCTRL_001,False
B3D_0002,bbb_control_b3db,BBBCTRL_002,schembl614298,CN1CC[C@]23[C@@H]4[C@H]1CC5=C2C(=C(C=C5)OC6[C@@H]([C@H]([C@@H]([C@H](O6)C(=O)O)O)O)O)O[C@H]3[C@H](C=C4)O,,,,,,,,,,,,control_negative,logBB,-2.15,,,A,BBBCTRL_002,False
B3D_0003,bbb_control_b3db,BBBCTRL_003,morphine-6-glucuronide,CN1CC[C@]23[C@@H]4[C@H]1CC5=C2C(=C(C=C5)O)O[C@H]3[C@H](C=C4)OC6[C@@H]([C@H]([C@@H]([C@H](O6)C(=O)O)O)O)O,,,,,,,,,,,,control_negative,logBB,-2.09,,,A,BBBCTRL_003,False
B3D_0004,bbb_control_b3db,BBBCTRL_004,"2-[4-(5-bromo-3-methylpyridin-2-yl)butylamino]-5-[(6-methylpyridin-3-yl)methyl]-1,3-diazinan-4-one",CC1=NC=C(C=C1)CC2CNC(NC2=O)NCCCCC3=NC=C(C=C3C)Br,,,,,,,,,,,,control_negative,logBB,-1.88,,,A,BBBCTRL_004,False
B3D_0005,bbb_control_b3db,BBBCTRL_005,sucrose,C([C@@H]1[C@H]([C@@H]([C@H]([C@H](O1)O[C@]2([C@H]([C@@H]([C@H](O2)CO)O)O)CO)O)O)O)O,,,,,,,,,,,,control_negative,logBB,-1.7,,,A,BBBCTRL_005,False
B3D_0006,bbb_control_b3db,BBBCTRL_006,schembl18285121,C=CCC1=C(C(=CC=C1)/C=N\NC(=O)CN2CCN(CC2)CC3=CC=C(C=C3)S(=O)(=O)N)O,,,,,,,,,,,,control_negative,logBB,-1.67,,,A,BBBCTRL_006,False
B3D_0007,bbb_control_b3db,BBBCTRL_007,y22,C1=CC(=CC=C1CNC2=NC3=C(C=CC(=C3)C(F)(F)F)N=C2C(=O)O)C(F)(F)F,,,,,,,,,,,,control_negative,logBB,-1.57,,,A,BBBCTRL_007,False
B3D_0008,bbb_control_b3db,BBBCTRL_008,l4,CC(=O)NC1C(C(C(OC1O)COS(=O)(=O)[O-])OC2C(C(C(C(O2)COS(=O)(=O)[O-])O)O)O)O.[Na+].[Na+],,,,,,,,,,,,control_negative,logBB,-1.54,,,A,BBBCTRL_008,False
B3D_0009,bbb_control_b3db,BBBCTRL_009,guanidinothiazol analogue 17 ac1lbibi -- pubmed,C1=CC(=C(C=C1C2=CSC(=N2)N=C(N)N)O)O,,,,,,,,,,,,control_negative,logBB,-1.54,,,A,BBBCTRL_009,False
B3D_0010,bbb_control_b3db,BBBCTRL_010,chembl151192,CCNC1=C(N=CC=C1)N2CCN(CC2)C(=O)C3=CC4=C(N3)C=CC(=C4)NS(=O)(=O)C,,,,,,,,,,,,control_negative,logBB,-1.52,,,A,BBBCTRL_010,False
B3D_0011,bbb_control_b3db,BBBCTRL_011,rifampicin,O=C1C2=C(C(O)=C(/C=N/N3CCN(C)CC3)C(NC(C/C(C)=C\C=C\[C@@H](C)C4O)=O)=C5O)C5=C(O)C(C)=C2O[C@]1(C)O/C=C/[C@@H]([C@H]([C@H]([C@H]([C@H]([C@@H]4C)O)C)OC(C)=O)C)OC,,,,,,,,,,,,control_negative,logBB,-1.52,,,A,BBBCTRL_011,False
B3D_0012,bbb_control_b3db,BBBCTRL_012,"mdl 63,246",CC(C)CCCCCCCCC(=O)N[C@@H]1[C@H]([C@@H]([C@H](O[C@H]1OC2=C3C=C4C=C2OC5=C(C=C(C=C5)[C@H]([C@H]6C(=O)N[C@@H](C7=C(C(=CC(=C7)O)O[C@@H]8[C@H]([C@H]([C@@H]([C@H](O8)CO)O)O)O)C9=C(C=CC(=C9)[C@H](C(=O)N6)NC(=O)[C@@H]4NC(=O)[C@@H]1C2=C(C(=CC(=C2)OC2=C(C=CC(=C2)[C@H](C(=O)N[C@H](CC2=CC=C(O3)C=C2)C(=O)N1)NC)O)O)Cl)O)C(=O)NCCCN(C)C)O)Cl)CO)O)O,,,,,,,,,,,,control_negative,logBB,-1.48,,,A,BBBCTRL_012,False
B3D_0013,bbb_control_b3db,BBBCTRL_013,cimetidine,CC1C(=NC=N1)CSCCNC(=NC)NC#N,,,,,,,,,,,,control_negative,logBB,-1.42,,,A,BBBCTRL_013,False
B3D_0014,bbb_control_b3db,BBBCTRL_014,vardenafil,CCCC1=NC(=C2N1N=C(NC2=O)C3=C(C=CC(=C3)S(=O)(=O)N4CCN(CC4)CC)OCC)C,,,,,,,,,,,,control_negative,logBB,-1.4,,,A,BBBCTRL_014,False
B3D_0015,bbb_control_b3db,BBBCTRL_015,sbb079053,C1=CC=[N+]2C=C(NC2=C1)CN,,,,,,,,,,,,control_negative,logBB,-1.4,,,A,BBBCTRL_015,False
B3D_0016,bbb_control_b3db,BBBCTRL_016,"1,3-dimethyl-2-(2-methylphenylimino)imidazolidine",CC1=CC=CC=C1N=C2N(CCN2C)C,,,,,,,,,,,,control_negative,logBB,-1.39,,,A,BBBCTRL_016,False
B3D_0017,bbb_control_b3db,BBBCTRL_017,dcka,C1=C(C=C(C2=C1NC(=CC2=O)C(=O)O)Cl)Cl,,,,,,,,,,,,control_negative,logBB,-1.33,,,A,BBBCTRL_017,False
B3D_0018,bbb_control_b3db,BBBCTRL_018,sildenafil,CCCC1=NN(C2=C1N=C(NC2=O)C3=C(C=CC(=C3)S(=O)(=O)N4CCN(CC4)C)OCC)C,,,,,,,,,,,,control_negative,logBB,-1.3,,,A,BBBCTRL_018,False
B3D_0019,bbb_control_b3db,BBBCTRL_019,"n-(2,4-dimethylphenyl)-1,3-dimethylimidazolidin-2-imine",CC1=CC(=C(C=C1)N=C2N(CCN2C)C)C,,,,,,,,,,,,control_negative,logBB,-1.3,,,A,BBBCTRL_019,False
B3D_0020,bbb_control_b3db,BBBCTRL_020,17 zm0241385,C1=COC(=C1)C2=NN3C(=NC(=NC3=N2)NCCC4=CC=C(C=C4)O)N,,,,,,,,,,,,control_negative,logBB,-1.3,,,A,BBBCTRL_020,False
B3D_0021,bbb_control_b3db,BBBCTRL_021,l-dideoxyinosine,C1C[C@H](O[C@H]1CO)N2C=NC3=C2N=CNC3=O,,,,,,,,,,,,control_negative,logBB,-1.3,,,A,BBBCTRL_021,False
B3D_0022,bbb_control_b3db,BBBCTRL_022,y12,CC(=O)OC1=C(C=C(C=C1)/C=C/C(=O)NCCC2=CC=CC=C2)OC(=O)C,,,,,,,,,,,,control_negative,logBB,-1.17,,,A,BBBCTRL_022,False
B3D_0023,bbb_control_b3db,BBBCTRL_023,acrivastine,CC1=CC=C(C=C1)/C(=C\CN2CCCC2)/C3=CC=CC(=N3)/C=C/C(=O)O,,,,,,,,,,,,control_negative,logBB,-1.14,,,A,BBBCTRL_023,False
B3D_0024,bbb_control_b3db,BBBCTRL_024,compound 35,CN(C)Cc1oc(CSCCNC2C([N+]([O-])=O)=CC=N2)cc1,,,,,,,,,,,,control_negative,logBB,-1.12,,,A,BBBCTRL_024,False
B3D_0025,bbb_control_b3db,BBBCTRL_025,sulphasalazine,C1=CC=NC(=C1)NS(=O)(=O)C2=CC=C(C=C2)N=NC3=CC(=C(C=C3)O)C(=O)O,,,,,,,,,,,,control_negative,logBB,-2.69,,,B,BBBCTRL_025,False
B3D_0026,bbb_control_b3db,BBBCTRL_026,clioquinol,C1=CC2=C(C(=C(C=C2Cl)I)O)N=C1,,,,,,,,,,,,control_negative,logBB,-2.4,,,B,BBBCTRL_026,False
B3D_0027,bbb_control_b3db,BBBCTRL_027,bbcpd11 (cimetidine analog) (y-g13),CCNC(=NCCSCC1=C(C=CC=N1)Br)NC#N,,,,,,,,,,,,control_negative,logBB,-2.15,,,B,BBBCTRL_027,False
B3D_0028,bbb_control_b3db,BBBCTRL_028,"uk-240,455",CS(=O)(=O)N(CCO)C1=C2C(=CC(=C1Cl)Cl)NC(=O)C(=O)N2,,,,,,,,,,,,control_negative,logBB,-2.15,,,B,BBBCTRL_028,False
B3D_0029,bbb_control_b3db,BBBCTRL_029,"l-701,324",C1=CC=C(C=C1)OC2=CC=CC(=C2)C3=C(C4=C(C=C(C=C4)Cl)NC3=O)O,,,,,,,,,,,,control_negative,logBB,-2.03,,,B,BBBCTRL_029,False
B3D_0030,bbb_control_b3db,BBBCTRL_030,33419-42-0,CC1OCC2C(O1)C(C(C(O2)OC3C4COC(=O)C4C(C5=CC6=C(C=C35)OCO6)C7=CC(=C(C(=C7)OC)O)OC)O)O,,,,,,,,,,,,control_negative,logBB,-2.0,,,B,BBBCTRL_030,False
B3D_0031,bbb_control_b3db,BBBCTRL_031,icotidine,CC1=NC=C(C=C1)CC2=CN=C(NC2=O)NCCCCC3=C(C=CC=N3)OC,,,,,,,,,,,,control_negative,logBB,-2.0,,,B,BBBCTRL_031,False
B3D_0032,bbb_control_b3db,BBBCTRL_032,ro 64-0802,OC(C1=C[C@@H](OC(CC)CC)[C@@H](NCOC)[C@@H](N)C1)=O,,,,,,,,,,,,control_negative,logBB,-1.96,,,B,BBBCTRL_032,False
B3D_0033,bbb_control_b3db,BBBCTRL_033,temelastine,CC1=NC=C(C=C1)CC2=CN=C(NC2=O)NCCCCC3=NC=C(C=C3C)Br,,,,,,,,,,,,control_negative,logBB,-1.9,,,B,BBBCTRL_033,False
B3D_0034,bbb_control_b3db,BBBCTRL_034,"disodium;(6r,7s)-7-[[4-(2-amino-1-carboxylato-2-oxoethylidene)-1,3-dithietane-2-carbonyl]amino]-7-methoxy-3-[(1-methyltetrazol-5-yl)sulfanylmethyl]-8-oxo-5-thia-1-azabicyclo[4.2.0]oct-2-ene-2-carboxylate",CN1C(=NN=N1)SCC2=C(N3C(C(C3=O)(NC(=O)C4SC(=C(C(=O)N)C(=O)O)S4)OC)SC2)C(=O)O,,,,,,,,,,,,control_negative,logBB,-1.89,,,B,BBBCTRL_034,False
B3D_0035,bbb_control_b3db,BBBCTRL_035,cefotetan,CN1C(=NN=N1)SCC2=C(N3[C@@H]([C@@](C3=O)(NC(=O)C4SC(=C(C(=O)N)C(=O)[O-])S4)OC)SC2)C(=O)[O-].[Na+].[Na+],,,,,,,,,,,,control_negative,logBB,-1.89,,,B,BBBCTRL_035,False
B3D_0036,bbb_control_b3db,BBBCTRL_036,1848-75-5,C1CN=C(N1)NC2=CC=CC=C2,,,,,,,,,,,,control_negative,logBB,-1.89,,,B,BBBCTRL_036,False
B3D_0037,bbb_control_b3db,BBBCTRL_037,m2l-663581,CC(CO)(C1=NC(=NO1)C2=C3CN(C(=O)C4=C(N3C=N2)C=CC=C4Cl)C)O,,,,,,,,,,,,control_negative,logBB,-1.82,,,B,BBBCTRL_037,False
B3D_0038,bbb_control_b3db,BBBCTRL_038,ritonavir,O=C(N[C@@H](CC1=CC=CC=C1)[C@H](C[C@H](CC2=CC=CC=C2)CC([C@@H](NC(N(C)CC3=CSC(C(C)C)=N3)=O)C)=O)O)OCC4=CN=CS4,,,,,,,,,,,,control_negative,logBB,-1.82,,,B,BBBCTRL_038,False
B3D_0039,bbb_control_b3db,BBBCTRL_039,bis-hydroxylated-l-663581,OCC(C)(CO)c1nc(no1)-c2ncn(c23)c4c(C(=O)N(C)C3)c(Cl)ccc4,,,,,,,,,,,,control_negative,logBB,-1.82,,,B,BBBCTRL_039,False
B3D_0040,bbb_control_b3db,BBBCTRL_040,raloxifene,C1CCN(CC1)CCOC2=CC=C(C=C2)C(=O)C3=C(SC4=C3C=CC(=C4)O)C5=CC=C(C=C5)O,,,,,,,,,,,,control_negative,logBB,-1.81,,,B,BBBCTRL_040,False
B3D_0041,bbb_control_b3db,BBBCTRL_041,telmesteine,CCOC(=O)N1CSCC1C(=O)O,,,,,,,,,,,,control_negative,logBB,-1.72,,,B,BBBCTRL_041,False
B3D_0042,bbb_control_b3db,BBBCTRL_042,chlorambucil,C1=CC(=CC=C1CCCC(=O)O)N(CCCl)CCCl,,,,,,,,,,,,control_negative,logBB,-1.7,,,B,BBBCTRL_042,False
B3D_0043,bbb_control_b3db,BBBCTRL_043,quercetin,Oc1cc(O)cc(c12)CC(C(C2=O)O)c(c3)ccc(O)c3O,,,,,,,,,,,,control_negative,logBB,-1.7,,,B,BBBCTRL_043,False
B3D_0044,bbb_control_b3db,BBBCTRL_044,flurbiprofen,CC(C1=CC(=C(C=C1)C2=CC=CC=C2)F)C(=O)O,,,,,,,,,,,,control_negative,logBB,-1.68,,,B,BBBCTRL_044,False
B3D_0045,bbb_control_b3db,BBBCTRL_045,mannitol (d-mannitol),C(C(C(C(C(CO)O)O)O)O)O,,,,,,,,,,,,control_negative,logBB,-1.6,,,B,BBBCTRL_045,False
B3D_0046,bbb_control_b3db,BBBCTRL_046,compound 34,CC(=O)NC1=CC=CC(=C1)C2=CSC(=N2)N=C(N)N,,,,,,,,,,,,control_negative,logBB,-1.57,,,B,BBBCTRL_046,False
B3D_0047,bbb_control_b3db,BBBCTRL_047,cube-2,Oc1cc(OCCCCO)ccc1C(CC(C)C)=O,,,,,,,,,,,,control_negative,logBB,-1.52,,,B,BBBCTRL_047,False
B3D_0048,bbb_control_b3db,BBBCTRL_048,cube-6,Oc1cc(OCCCCOc2ccc(CCC(O)=O)c(O)c2)ccc1C(CC(C)C)=O,,,,,,,,,,,,control_negative,logBB,-1.52,,,B,BBBCTRL_048,False
B3D_0049,bbb_control_b3db,BBBCTRL_049,cube-10,Oc1cc(OCCCCOc2ccc3c(OC(C=C3)=O)c2)ccc1C(CC(C)C)=O,,,,,,,,,,,,control_negative,logBB,-1.52,,,B,BBBCTRL_049,False
B3D_0050,bbb_control_b3db,BBBCTRL_050,amethopterin,CN(CC1=CN=C2C(=N1)C(=NC(=N2)N)N)C3=CC=C(C=C3)C(=O)NC(CCC(=O)O)C(=O)O,,,,,,,,,,,,control_negative,logBB,-1.52,,,B,BBBCTRL_050,False
B3D_0051,bbb_control_b3db,BBBCTRL_051,imatinib,CC1=C(C=C(C=C1)NC(=O)C2=CC=C(C=C2)CN3CCN(CC3)C)NC4=NC=CC(=N4)C5=CN=CC=C5,,,,,,,,,,,,control_negative,logBB,-1.5,,,B,BBBCTRL_051,False
B3D_0052,bbb_control_b3db,BBBCTRL_052,.alpha.-d-ddc,C1C[C@H](O[C@@H]1CO)N2C=CC(=NC2=O)N,,,,,,,,,,,,control_negative,logBB,-1.5,,,B,BBBCTRL_052,False
B3D_0053,bbb_control_b3db,BBBCTRL_053,4-hydroxyalprazolam,CC1=NN=C2N1C3=C(C=C(C=C3)Cl)C(=NC2O)C4=CC=CC=C4,,,,,,,,,,,,control_negative,logBB,-1.48,,,B,BBBCTRL_053,False
B3D_0054,bbb_control_b3db,BBBCTRL_054,atenolol,O=C(N)Cc1ccc(OCC(NC(C)C)O)cc1,,,,,,,,,,,,control_negative,logBB,-1.42,,,B,BBBCTRL_054,False
B3D_0055,bbb_control_b3db,BBBCTRL_055,biosone,CC1(C2CCC3(C(C2(CCC1O)C)C(=O)C=C4C3(CCC5(C4CC(CC5)(C)C(=O)O)C)C)C)C,,,,,,,,,,,,control_negative,logBB,-1.4,,,B,BBBCTRL_055,False
B3D_0056,bbb_control_b3db,BBBCTRL_056,151581-23-6,CCCN1C2=C(C(=O)N(C1=O)CCC)NC(=N2)C3CCC(=O)C3,,,,,,,,,,,,control_negative,logBB,-1.4,,,B,BBBCTRL_056,False
B3D_0057,bbb_control_b3db,BBBCTRL_057,apaxifylline,CCCN1C2=C(C(=O)N(C1=O)CCC)NC(=N2)[C@H]3CCC(=O)C3,,,,,,,,,,,,control_negative,logBB,-1.4,,,B,BBBCTRL_057,False
B3D_0058,bbb_control_b3db,BBBCTRL_058,chembl12325,COC(=O)NC1=NC2=C(N1)C=C(C=C2)C(=O)N3CCN(CC3)C4=CC=CC=N4,,,,,,,,,,,,control_negative,logBB,-1.4,,,B,BBBCTRL_058,False
B3D_0059,bbb_control_b3db,BBBCTRL_059,sb 239063,COC1=NC=CC(=N1)C2=C(N=CN2C3CCC(CC3)O)C4=CC=C(C=C4)F,,,,,,,,,,,,control_negative,logBB,-1.4,,,B,BBBCTRL_059,False
B3D_0060,bbb_control_b3db,BBBCTRL_060,,c1cccc(c12)cccc2C(=O)c3ccc(OCC)c(c34)cccc4,,,,,,,,,,,,control_negative,logBB,-1.39,,,B,BBBCTRL_060,False
B3D_0061,bbb_control_b3db,BBBCTRL_061,tz-17,CC1=CC=CC=C1NC2=NCCN2,,,,,,,,,,,,control_negative,logBB,-1.39,,,B,BBBCTRL_061,False
B3D_0062,bbb_control_b3db,BBBCTRL_062,atorvastatin,CC(C)C1=C(C(=C(N1CC[C@H](C[C@H](CC(=O)O)O)O)C2=CC=C(C=C2)F)C3=CC=CC=C3)C(=O)NC4=CC=CC=C4,,,,,,,,,,,,control_negative,logBB,-1.36,,,B,BBBCTRL_062,False
B3D_0063,bbb_control_b3db,BBBCTRL_063,benzoylecgonine,CN1[C@H]2CC[C@H]1[C@@H](CC(O)=O)[C@@H](OC(C3=CC=CC=C3)=O)C2,,,,,,,,,,,,control_negative,logBB,-1.35,,,B,BBBCTRL_063,False
B3D_0064,bbb_control_b3db,BBBCTRL_064,"monohydroxy l-663,581 metabolite",CC(C)(C1=NC(=NO1)C2=C3CN(C(=O)C4=C(N3C=N2)C=CC=C4Cl)C)O,,,,,,,,,,,,control_negative,logBB,-1.34,,,B,BBBCTRL_064,False
B3D_0065,bbb_control_b3db,BBBCTRL_065,sk&f 93319,C[NH+](C)CC1=CC=C(CSCCNC2=NC(=O)C(=CN2)CC3=CC=C4C=CC=CC4=C3)O1,,,,,,,,,,,,control_negative,logBB,-1.3,,,B,BBBCTRL_065,False
B3D_0066,bbb_control_b3db,BBBCTRL_066,sb-271406,CC1=C(SC2=C1C=C(C=C2)Cl)S(=O)(=O)NC3=CC(=C(C=C3)OC)N4CCNCC4,,,,,,,,,,,,control_negative,logBB,-1.3,,,B,BBBCTRL_066,False
B3D_0067,bbb_control_b3db,BBBCTRL_067,skf 93319,COC1=CC=CN=C1CCCCNC(N2)=NC=C(CC3=CC=CC(C)=N3)C2=O,,,,,,,,,,,,control_negative,logBB,-1.3,,,B,BBBCTRL_067,False
B3D_0068,bbb_control_b3db,BBBCTRL_068,4794-83-6,CC1=CC(=C(C=C1)NC2=NCCN2)C,,,,,,,,,,,,control_negative,logBB,-1.3,,,B,BBBCTRL_068,False
B3D_0069,bbb_control_b3db,BBBCTRL_069,schembl1704876,CC1=NC(=CC(=N1)N2CCN(CC2)CCO)NC3=NC=C(S3)C(=O)NC4=C(C=CC=C4Cl)Cl,,,,,,,,,,,,control_negative,logBB,-1.3,,,B,BBBCTRL_069,False
B3D_0070,bbb_control_b3db,BBBCTRL_070,diclazuril,C1=CC(=CC=C1C(C#N)C2=C(C=C(C=C2Cl)N3C(=O)NC(=O)C=N3)Cl)Cl,,,,,,,,,,,,control_negative,logBB,-1.3,,,B,BBBCTRL_070,False
B3D_0071,bbb_control_b3db,BBBCTRL_071,compound-9,C1CCC(CC1)(CC2=NOC(=O)N2)CN,,,,,,,,,,,,control_negative,logBB,-1.3,,,B,BBBCTRL_071,False
B3D_0072,bbb_control_b3db,BBBCTRL_072,diclofenac,C1=CC=C(C(=C1)CC(=O)O)NC2=C(C=CC=C2Cl)Cl,,,,,,,,,,,,control_negative,logBB,-1.3,,,B,BBBCTRL_072,False
B3D_0073,bbb_control_b3db,BBBCTRL_073,didanosine,C1C[C@@H](O[C@@H]1CO)N2C=NC3=C2N=CNC3=O,,,,,,,,,,,,control_negative,logBB,-1.3,,,B,BBBCTRL_073,False
B3D_0074,bbb_control_b3db,BBBCTRL_074,schembl13579049,CC1C(C2=C(N1C(=O)C3=CC=C(C=C3)Cl)C=CC(=C2)OC)CC(=O)O,,,,,,,,,,,,control_negative,logBB,-1.26,,,B,BBBCTRL_074,False
B3D_0075,bbb_control_b3db,BBBCTRL_075,zinc27644005,C[C@H]1[C@@H](C2=C(N1C(=O)C3=CC=C(C=C3)Cl)C=CC(=C2)OC)CC(=O)O,,,,,,,,,,,,control_negative,logBB,-1.26,,,B,BBBCTRL_075,False
B3D_0076,bbb_control_b3db,BBBCTRL_076,p-phenylbenzoic acid,C1=CC=C(C=C1)C2=CC=C(C=C2)C(=O)O,,,,,,,,,,,,control_negative,logBB,-1.26,,,B,BBBCTRL_076,False
B3D_0077,bbb_control_b3db,BBBCTRL_077,ls-190695,CN/C(=C\[N+](=O)[O-])/NCCSCC1=CC=C(O1)CN(C)C,,,,,,,,,,,,control_negative,logBB,-1.23,,,B,BBBCTRL_077,False
B3D_0078,bbb_control_b3db,BBBCTRL_078,ranitidine,CN(C)CC1=CC(CSCCN/C(NC)=N/C[N+]([O-])=O)=CO1,,,,,,,,,,,,control_negative,logBB,-1.23,,,B,BBBCTRL_078,False
B3D_0079,bbb_control_b3db,BBBCTRL_079,ranitidine base,CNC(=C[N+](=O)[O-])NCCSCC1=CC=C(O1)CN(C)C,,,,,,,,,,,,control_negative,logBB,-1.23,,,B,BBBCTRL_079,False
B3D_0080,bbb_control_b3db,BBBCTRL_080,digoxin,C[C@@H]1[C@H]([C@H](C[C@@H](O1)O[C@@H]2[C@H](O[C@H](C[C@@H]2O)O[C@@H]3[C@H](O[C@H](C[C@@H]3O)O[C@H]4CC[C@]5([C@@H](C4)CC[C@@H]6[C@@H]5C[C@H]([C@]7([C@@]6(CCC7C8=CC(=O)OC8)O)C)O)C)C)C)O)O,,,,,,,,,,,,control_negative,logBB,-1.23,,,B,BBBCTRL_080,False
B3D_0081,bbb_control_b3db,BBBCTRL_081,compound 5,O=C(C(C)C)NC1=CC=C(CC(CN2C[C@H](OC)C(N3C(C=CC(C)=C4)=C4N=C3C)CC2)C5)C5=C1,,,,,,,,,,,,control_negative,logBB,-1.22,,,B,BBBCTRL_081,False
B3D_0082,bbb_control_b3db,BBBCTRL_082,ftc; emtricitabine,C1[C@H](O[C@H](S1)CO)N2C=C(C(=NC2=O)N)F,,,,,,,,,,,,control_negative,logBB,-1.22,,,B,BBBCTRL_082,False
B3D_0083,bbb_control_b3db,BBBCTRL_083,bufotenine,CN(C)CCC1=CNC2=C1C=C(C=C2)O,,,,,,,,,,,,control_negative,logBB,-1.19,,,B,BBBCTRL_083,False
B3D_0084,bbb_control_b3db,BBBCTRL_084,y-g12 (bbcpd10),CN(C)C1=[NH+]C=CC(=C1)C2=N[NH]C(=N2)N,,,,,,,,,,,,control_negative,logBB,-1.17,,,B,BBBCTRL_084,False
B3D_0085,bbb_control_b3db,BBBCTRL_085,72801-60-6,C1=CC(=CC(=C1)N)C2=CSC(=N2)N=C(N)N,,,,,,,,,,,,control_negative,logBB,-1.15,,,B,BBBCTRL_085,False
B3D_0086,bbb_control_b3db,BBBCTRL_086,chembl1950329,CCOC1=CN=C(C=C1)CC2=NC3=C(N2CC4CCCCC4)C=CC(=C3)N(C)S(=O)(=O)C5=CC=CS5,,,,,,,,,,,,control_negative,logBB,-1.15,,,B,BBBCTRL_086,False
B3D_0087,bbb_control_b3db,BBBCTRL_087,az599,CCS(=O)(=O)N1C2=C(CN(CC2)C3CCOCC3)C4=C1C=CC(=C4)C(=O)N5CCC(CC5)C,,,,,,,,,,,,control_negative,logBB,-1.15,,,B,BBBCTRL_087,False
B3D_0088,bbb_control_b3db,BBBCTRL_088,miltefosine,CCCCCCCCCCCCCCCCOP(=O)([O-])OCC[N+](C)(C)C,,,,,,,,,,,,control_negative,logBB,-1.14,,,B,BBBCTRL_088,False
B3D_0089,bbb_control_b3db,BBBCTRL_089,bbcpd17,CN(C)Cc1ccc(o1)SCCNc2c(N(=O)=O)cc[nH]2,,,,,,,,,,,,control_negative,logBB,-1.12,,,B,BBBCTRL_089,False
B3D_0090,bbb_control_b3db,BBBCTRL_090,sulpiride,CCN1CCCC1CNC(=O)C2=C(C=CC(=C2)S(=O)(=O)N)OC,,,,,,,,,,,,control_negative,logBB,-1.11,,,B,BBBCTRL_090,False
B3D_0091,bbb_control_b3db,BBBCTRL_091,bromocriptine,CC(C)CC1C(=O)N2CCCC2C3(N1C(=O)C(O3)(C(C)C)NC(=O)C4CN(C5CC6=C(NC7=CC=CC(=C67)C5=C4)Br)C)O,,,,,,,,,,,,control_negative,logBB,-1.1,,,B,BBBCTRL_091,False
B3D_0092,bbb_control_b3db,BBBCTRL_092,bromocriptine,CC(C)C[C@H]1C(=O)N2CCC[C@H]2[C@]3(N1C(=O)[C@](O3)(C(C)C)NC(=O)[C@H]4CN([C@@H]5CC6=C(NC7=CC=CC(=C67)C5=C4)Br)C)O,,,,,,,,,,,,control_negative,logBB,-1.1,,,B,BBBCTRL_092,False
B3D_0093,bbb_control_b3db,BBBCTRL_093,ergotamine,c1ccccc1CC(C(=O)N(C2C34O)CCC2)N3C(=O)C(O4)(C)NC(=O)C(C5)CN(C)C(C6)C5C7=CC=CC8NC=CC6=C78,,,,,,,,,,,,control_negative,logBB,-1.1,,,B,BBBCTRL_093,False
B3D_0094,bbb_control_b3db,BBBCTRL_094,lupitidine (y-g5; skf93479),CC1=NC=C(C=C1)CC2=CN=C(NC2=O)NCCSCC3=CC=C(O3)CN(C)C,,,,,,,,,,,,control_negative,logBB,-1.1,,,B,BBBCTRL_094,False
B3D_0095,bbb_control_b3db,BBBCTRL_095,phenylbutazone,CCCCC1C(=O)N(N(C1=O)C2=CC=CC=C2)C3=CC=CC=C3,,,,,,,,,,,,control_positive,logBB,-0.5,,,B,BBBCTRL_095,False
B3D_0096,bbb_control_b3db,BBBCTRL_096,gefitinib,COC1=C(C=C2C(=C1)N=CN=C2NC3=CC(=C(C=C3)F)Cl)OCCCN4CCOCC4,,,,,,,,,,,,control_positive,logBB,-0.5,,,B,BBBCTRL_096,False
B3D_0097,bbb_control_b3db,BBBCTRL_097,11-cis retinoic acid,CC1=C(C(CCC1)(C)C)C=CC(=CC=CC(=CC(=O)O)C)C,,,,,,,,,,,,control_positive,logBB,-0.49,,,B,BBBCTRL_097,False
B3D_0098,bbb_control_b3db,BBBCTRL_098,stavudine,CC1=CN(C(=O)NC1=O)C2C=CC(O2)CO,,,,,,,,,,,,control_positive,logBB,-0.48,,,B,BBBCTRL_098,False
B3D_0099,bbb_control_b3db,BBBCTRL_099,phenothiazine,CN(C)CCCN1C2=CC=CC=C2S(=O)C3=CC=CC=C31,,,,,,,,,,,,control_positive,logBB,-0.48,,,B,BBBCTRL_099,False
B3D_0100,bbb_control_b3db,BBBCTRL_100,chembl385336,CCC1=CC=C(C=C1)N2C=NC3=C(C2=O)SC4=NC=CC(=C34)N(C)C,,,,,,,,,,,,control_positive,logBB,-0.47,,,B,BBBCTRL_100,False
B3D_0101,bbb_control_b3db,BBBCTRL_101,temozolomide,CN1C(=O)N2C=NC(=C2N=N1)C(=O)N,,,,,,,,,,,,control_positive,logBB,-0.47,,,B,BBBCTRL_101,False
B3D_0102,bbb_control_b3db,BBBCTRL_102,chembl148058,C1CN(CCC1S(=O)(=O)C2=CC=C(C=C2)C(=O)N)CCC3=C(C=C(C=C3)F)F,,,,,,,,,,,,control_positive,logBB,-0.47,,,B,BBBCTRL_102,False
B3D_0103,bbb_control_b3db,BBBCTRL_103,skb30 (npropylacetamide33npiperidinylmethylphenoxy),CC(=O)NCCCOC1=CC=CC(=C1)CN2CCCCC2,,,,,,,,,,,,control_positive,logBB,-0.46,,,B,BBBCTRL_103,False
B3D_0104,bbb_control_b3db,BBBCTRL_104,chembl239975,C1CCN(CC1)CCCOC2=CC=C(C=C2)N3CCN(CC3=O)C(=O)C4=CC=C(C=C4)F,,,,,,,,,,,,control_positive,logBB,-0.46,,,B,BBBCTRL_104,False
B3D_0105,bbb_control_b3db,BBBCTRL_105,flesinoxan,C1CN(CCN1CCNC(=O)C2=CC=C(C=C2)F)C3=C4C(=CC=C3)OC(CO4)CO,,,,,,,,,,,,control_positive,logBB,-0.45,,,B,BBBCTRL_105,False
B3D_0106,bbb_control_b3db,BBBCTRL_106,flesinoxan,C1CN(CCN1CCNC(=O)C2=CC=C(C=C2)F)C3=C4C(=CC=C3)O[C@H](CO4)CO,,,,,,,,,,,,control_positive,logBB,-0.45,,,B,BBBCTRL_106,False
B3D_0107,bbb_control_b3db,BBBCTRL_107,,CCCN(CCC)CCc(c1)cc(O)c(c12)NC(=O)C2,,,,,,,,,,,,control_positive,logBB,-0.43,,,B,BBBCTRL_107,False
B3D_0108,bbb_control_b3db,BBBCTRL_108,fleroxacin,CN1CCN(CC1)C2=C(C=C3C(=C2F)N(C=C(C3=O)C(=O)O)CCF)F,,,,,,,,,,,,control_positive,logBB,-0.43,,,B,BBBCTRL_108,False
B3D_0109,bbb_control_b3db,BBBCTRL_109,cycloleucine,C1CCC(C1)(C(=O)O)N,,,,,,,,,,,,control_positive,logBB,-0.43,,,B,BBBCTRL_109,False
B3D_0110,bbb_control_b3db,BBBCTRL_110,dibudipine,CC1=C(C(C(=C(N1)C)C(=O)OC(C)(C)C)C2=CC(=CC=C2)[N+](=O)[O-])C(=O)OC(C)(C)C,,,,,,,,,,,,control_positive,logBB,-0.42,,,B,BBBCTRL_110,False
B3D_0111,bbb_control_b3db,BBBCTRL_111,topotecan,CC[C@@]1(C2=C(COC1=O)C(=O)N3CC4=CC5=C(C=CC(=C5CN(C)C)O)N=C4C3=C2)O,,,,,,,,,,,,control_positive,logBB,-0.42,,,B,BBBCTRL_111,False
B3D_0112,bbb_control_b3db,BBBCTRL_112,topotecan,O=C1N2C(c3nc4cc(O)c(CN(C)C)cc4cc3C2)=CC5=C1COC([S@]5(O)CC)=O,,,,,,,,,,,,control_positive,logBB,-0.42,,,B,BBBCTRL_112,False
B3D_0113,bbb_control_b3db,BBBCTRL_113,pfizer compound 14,CC1CC2=CC(=C(C=C2N1S(=O)(=O)C)CNC3CCCNC3C4=CC=CC=C4)OC,,,,,,,,,,,,control_positive,logBB,-0.42,,,B,BBBCTRL_113,False
B3D_0114,bbb_control_b3db,BBBCTRL_114,mgs0028,C1C(=O)[C@@H]2[C@H]([C@@]1(C(=O)O)N)[C@]2(C(=O)O)F,,,,,,,,,,,,control_positive,logBB,-0.41,,,B,BBBCTRL_114,False
B3D_0115,bbb_control_b3db,BBBCTRL_115,chembl1190347,C1CC(C1)N2CCC(CC2)OC3=CC=C(C=C3)N4CCN(CC4=O)C(=O)C5=CC=C(C=C5)Cl,,,,,,,,,,,,control_positive,logBB,-0.4,,,B,BBBCTRL_115,False
B3D_0116,bbb_control_b3db,BBBCTRL_116,compound 6h,CC(C)C(CO)NC1=CC(=NC2=C(C(=NN12)NC3=CC(=CC(=C3)OC)OC)C(=O)N)C4CC4,,,,,,,,,,,,control_positive,logBB,-0.39,,,B,BBBCTRL_116,False
B3D_0117,bbb_control_b3db,BBBCTRL_117,sb 649915,CC1=NC2=C(C=C1)C(=CC=C2)OCCN3CCC(CC3)CC4=CC5=C(C=C4)OCC(=O)N5,,,,,,,,,,,,control_positive,logBB,-0.39,,,B,BBBCTRL_117,False
B3D_0118,bbb_control_b3db,BBBCTRL_118,alpha-(4-pyridyl-1-oxide)-n-tert-butylnitrone,CC(C)(C)[N+](=O)C=C1C=CN(C=C1)[O-],,,,,,,,,,,,control_positive,logBB,-0.38,,,B,BBBCTRL_118,False
B3D_0119,bbb_control_b3db,BBBCTRL_119,nolpitantium,CC(C)OC1=CC=CC(=C1)CC(=O)N2CCC[C@](C2)(CC[N+]34CCC(CC3)(CC4)C5=CC=CC=C5)C6=CC(=C(C=C6)Cl)Cl.[Cl-],,,,,,,,,,,,control_positive,logBB,-0.37,,,B,BBBCTRL_119,False
B3D_0120,bbb_control_b3db,BBBCTRL_120,escitalopram,CN(C)CCC[C@@]1(C2=C(CO1)C=C(C=C2)C#N)C3=CC=C(C=C3)F,,,,,,,,,,,,control_positive,logBB,-0.37,,,B,BBBCTRL_120,False
B3D_0121,bbb_control_b3db,BBBCTRL_121,pfizer compound 18,CC1=C(SC(=N1)N(C2=CC(=C(C=C2)OC)CNC3CCCNC3C4=CC=CC=C4)S(=O)(=O)C)C,,,,,,,,,,,,control_positive,logBB,-0.37,,,B,BBBCTRL_121,False
B3D_0122,bbb_control_b3db,BBBCTRL_122,liv-20a,C1CN(CCC1CNC2=NC=CC=N2)C(=O)OCC3=CC=CC=C3,,,,,,,,,,,,control_positive,logBB,-0.37,,,B,BBBCTRL_122,False
B3D_0123,bbb_control_b3db,BBBCTRL_123,mesoridazine,CC(C1CSc2ccccc2N1CCC3CCCCN3C)=O,,,,,,,,,,,,control_positive,logBB,-0.36,,,B,BBBCTRL_123,False
B3D_0124,bbb_control_b3db,BBBCTRL_124,schembl11119364,CC1C(C2=CC=CC=C2N(C3=CC=CC=C13)C(=O)N)C,,,,,,,,,,,,control_positive,logBB,-0.34,,,B,BBBCTRL_124,False
B3D_0125,bbb_control_b3db,BBBCTRL_125,"carbamazepine, 9,10-epoxide",C1=CC=C2C(C3=CC=CC=C3C4C(C2=C1)O4)C(=O)N,,,,,,,,,,,,control_positive,logBB,-0.34,,,B,BBBCTRL_125,False
B3D_0126,bbb_control_b3db,BBBCTRL_126,cbz-epo,C1C2C1C3=CC=CC=C3N(C4=CC=CC=C24)C(=O)N,,,,,,,,,,,,control_positive,logBB,-0.34,,,B,BBBCTRL_126,False
B3D_0127,bbb_control_b3db,BBBCTRL_127,risperidone,O=C1N2CCCCC2=NC(C)=C1CCN3CCC(C4=COc5cc(F)ccc54)CC3,,,,,,,,,,,,control_positive,logBB,-0.32,,,B,BBBCTRL_127,False
B3D_0128,bbb_control_b3db,BBBCTRL_128,schembl8639797,CC(=O)CN1C(=O)C=CC(=N1)C2=C3C=CC=CN3N=C2C4=CC=CC=C4,,,,,,,,,,,,control_positive,logBB,-0.31,,,B,BBBCTRL_128,False
B3D_0129,bbb_control_b3db,BBBCTRL_129,b-096,C1=CC=C2C(=C1)C3C(O3)C4=CC=CC=C4N2C(=O)N,,,,,,,,,,,,control_positive,logBB,-0.3,,,B,BBBCTRL_129,False
B3D_0130,bbb_control_b3db,BBBCTRL_130,16a-fluoroestradiol,CC12CCC3C(C1CC(C2O)F)CCC4=C3C=CC(=C4)O,,,,,,,,,,,,control_positive,logBB,-0.3,,,B,BBBCTRL_130,False
B3D_0131,bbb_control_b3db,BBBCTRL_131,cyclobarbital,CCC1(C(=O)NC(=O)NC1=O)C2=CCCCC2,,,,,,,,,,,,control_positive,logBB,-0.3,,,B,BBBCTRL_131,False
B3D_0132,bbb_control_b3db,BBBCTRL_132,fg-8205,CC(C)C1=NC(=NO1)C2=C3CN(C(=O)C4=C(N3C=N2)C=CC=C4Cl)C,,,,,,,,,,,,control_positive,logBB,-0.3,,,B,BBBCTRL_132,False
B3D_0133,bbb_control_b3db,BBBCTRL_133,16alpha-fluoroestradiol,C[C@]12CC[C@H]3[C@H]([C@@H]1C[C@@H]([C@@H]2O)F)CCC4=C3C=CC(=C4)O,,,,,,,,,,,,control_positive,logBB,-0.3,,,B,BBBCTRL_133,False
B3D_0134,bbb_control_b3db,BBBCTRL_134,dpdpe,c1cc(O)ccc1CC(N)C(=O)N[C@H](C(C)(C)SS2)C(=O)NCC(=O)NC(C(=O)N[C@H](C(=O)O)C2(C)C)Cc3ccccc3,,,,,,,,,,,,control_positive,logBB,-0.3,,,B,BBBCTRL_134,False
B3D_0135,bbb_control_b3db,BBBCTRL_135,dpdpe,CC1([C@H](C(=O)NCC(=O)N[C@H](C(=O)N[C@H](C(SS1)(C)C)C(=O)O)CC2=CC=CC=C2)NC(=O)[C@H](CC3=CC=C(C=C3)O)N)C,,,,,,,,,,,,control_positive,logBB,-0.3,,,B,BBBCTRL_135,False
B3D_0136,bbb_control_b3db,BBBCTRL_136,theobromine,CC1C=NC2=C1C(=O)NC(=O)N2C,,,,,,,,,,,,control_positive,logBB,-0.3,,,B,BBBCTRL_136,False
B3D_0137,bbb_control_b3db,BBBCTRL_137,78755-81-4,CCOC(=O)C1=C2CN(C(=O)C3=C(N2C=N1)C=CC(=C3)F)C,,,,,,,,,,,,control_positive,logBB,-0.3,,,B,BBBCTRL_137,False
B3D_0138,bbb_control_b3db,BBBCTRL_138,"theobromine (3,7-dimethylxanthine)",CN1C=NC2=C1C(=O)NC(=O)N2C,,,,,,,,,,,,control_positive,logBB,-0.3,,,B,BBBCTRL_138,False
B3D_0139,bbb_control_b3db,BBBCTRL_139,ns 1738,C1=CC(=C(C=C1C(F)(F)F)NC(=O)NC2=C(C=CC(=C2)Cl)O)Cl,,,,,,,,,,,,control_positive,logBB,-0.3,,,B,BBBCTRL_139,False
B3D_0140,bbb_control_b3db,BBBCTRL_140,camptothecin,CC[C@@]1(C2=C(COC1=O)C(=O)N3CC4=CC5=CC=CC=C5N=C4C3=C2)O,,,,,,,,,,,,control_positive,logBB,-0.29,,,B,BBBCTRL_140,False
B3D_0141,bbb_control_b3db,BBBCTRL_141,camptothecin,O=C1N2C(c3nc4ccccc4cc3C2)=CC5=C1COC([S@]5(O)CC)=O,,,,,,,,,,,,control_positive,logBB,-0.29,,,B,BBBCTRL_141,False
B3D_0142,bbb_control_b3db,BBBCTRL_142,112598-49-9,CN(C)CC1=CC(=NC=C1)C2=CC(=CC=C2)NC3=C(C=CN3)[N+](=O)[O-],,,,,,,,,,,,control_positive,logBB,-0.28,,,B,BBBCTRL_142,False
B3D_0143,bbb_control_b3db,BBBCTRL_143,chembl358151,CN(C)CC1=CC=C(O1)C2=CC(=CC=C2)NC3=C(C=CN3)[N+](=O)[O-],,,,,,,,,,,,control_positive,logBB,-0.27,,,B,BBBCTRL_143,False
B3D_0144,bbb_control_b3db,BBBCTRL_144,bbcpd18 (ranitidine analog),CN(C)c(o1)ccc1-c2cc(ccc2)Nc(c3[N+]([O-])=O)[nH]cc3,,,,,,,,,,,,control_positive,logBB,-0.27,,,B,BBBCTRL_144,False
B3D_0145,bbb_control_b3db,BBBCTRL_145,alaptide,C[C@H]1C(=O)NC2(CCCC2)C(=O)N1,,,,,,,,,,,,control_positive,logBB,-0.26,,,B,BBBCTRL_145,False
B3D_0146,bbb_control_b3db,BBBCTRL_146,i-1,Ic1cc(C(=O)CCCN2CCC3(C(=O)N(C)CN3c4ccccc4)CC2)cS1,,,,,,,,,,,,control_positive,logBB,-0.25,,,B,BBBCTRL_146,False
B3D_0147,bbb_control_b3db,BBBCTRL_147,loperamide,ClC1=CC=C(C2(O)CCN(CCCC(C3=CC=CC=C3)(C(N(C)C)=O)C4=CC=CC=C4)CC2)C=C1,,,,,,,,,,,,control_positive,logBB,-0.25,,,B,BBBCTRL_147,False
B3D_0148,bbb_control_b3db,BBBCTRL_148,99632-94-7,CC(C)(C)OC(=O)C1=C2CN(C(=O)C3=C(N2C=N1)C=CS3)C,,,,,,,,,,,,control_positive,logBB,-0.25,,,B,BBBCTRL_148,False
B3D_0149,bbb_control_b3db,BBBCTRL_149,chembl478224,CC1(CC(CC(N1)(C)C)OC2=NC(=NC(=C2C(=O)NC)NCC3CCC4(CCC4)CC3)C#N)C,,,,,,,,,,,,control_positive,logBB,-0.24,,,B,BBBCTRL_149,False
B3D_0150,bbb_control_b3db,BBBCTRL_150,bbcpd21,C1CCN(CC1)CC2=CC(=CC=C2)OCCCNC(=O)C3=CC=CC=C3,,,,,,,,,,,,control_positive,logBB,-0.24,,,B,BBBCTRL_150,False
B3D_0151,bbb_control_b3db,BBBCTRL_151,1-(3-fluoropropyl)-2-nitroimidazole (fpn),C1=CN(C(=N1)[N+](=O)[O-])CCCF,,,,,,,,,,,,control_positive,logBB,-0.24,,,B,BBBCTRL_151,False
B3D_0152,bbb_control_b3db,BBBCTRL_152,222722-65-8,CC(C)(CN1C(=O)C=CC(=N1)C2=C3C=CC=CN3N=C2C4=CC=CC=C4)O,,,,,,,,,,,,control_positive,logBB,-0.23,,,B,BBBCTRL_152,False
B3D_0153,bbb_control_b3db,BBBCTRL_153,schembl5488979,CCCN(CC1CC1)C2=NC(=NC3=C2CCN3C4=C(C=C(C=C4)Cl)Cl)C,,,,,,,,,,,,control_positive,logBB,-0.22,,,B,BBBCTRL_153,False
B3D_0154,bbb_control_b3db,BBBCTRL_154,ticalopride,COC1CNCCC1NC(=O)C2=CC(=C(C=C2OC)N)Cl,,,,,,,,,,,,control_positive,logBB,-0.22,,,B,BBBCTRL_154,False
B3D_0155,bbb_control_b3db,BBBCTRL_155,pfizer compound 16,COC1=C(C=C(C=C1)N2CCCC2=O)CNC3CCCNC3C4=CC=CC=C4,,,,,,,,,,,,control_positive,logBB,-0.22,,,B,BBBCTRL_155,False
B3D_0156,bbb_control_b3db,BBBCTRL_156,cortisol,C[C@]12CCC(=O)C=C1CC[C@H]3[C@@H]2[C@H](C[C@]4([C@H]3CC[C@@]4(C(=O)CO)O)C)O,,,,,,,,,,,,control_positive,logBB,-0.22,,,B,BBBCTRL_156,False
B3D_0157,bbb_control_b3db,BBBCTRL_157,schembl4036207,CC1CN(CCN1)C2=NC3=C(C=C2)N=C(C4=CN=CN43)NC5=C(C=CC=C5Cl)C,,,,,,,,,,,,control_positive,logBB,-0.22,,,B,BBBCTRL_157,False
B3D_0158,bbb_control_b3db,BBBCTRL_158,abacavir,C1CC1NC2=C3C(=NC(=N2)N)N(C=N3)[C@@H]4C[C@H](C=C4)CO,,,,,,,,,,,,control_positive,logBB,-0.22,,,B,BBBCTRL_158,False
B3D_0159,bbb_control_b3db,BBBCTRL_159,fluconazole,C1=CC(=C(C=C1F)F)C(CN2C=NC=N2)(CN3C=NC=N3)O,,,,,,,,,,,,control_positive,logBB,-0.22,,,B,BBBCTRL_159,False
B3D_0160,bbb_control_b3db,BBBCTRL_160,quinidine,COC1=CC2=C(C=CN=C2C=C1)[C@@H]([C@H]3CC4CCN3C[C@@H]4C=C)O,,,,,,,,,,,,control_positive,logBB,-0.21,,,B,BBBCTRL_160,False
B3D_0161,bbb_control_b3db,BBBCTRL_161,tz-3,Fc1cccc(F)c1[NH+]=C2NCCN2,,,,,,,,,,,,control_positive,logBB,-0.2,,,B,BBBCTRL_161,False
B3D_0162,bbb_control_b3db,BBBCTRL_162,indole-based mchr1 antagonist(7a),C1CCN(C1)CCN2C3=C(C=CC(=C3)NC(=O)CC4=CC=C(C=C4)OCC5=CC=CC=C5)C=N2,,,,,,,,,,,,control_positive,logBB,-0.2,,,B,BBBCTRL_162,False
B3D_0163,bbb_control_b3db,BBBCTRL_163,liv-21,C1CN(CCC1CNC2=NC=NC=C2)C(=O)OCC3=CC=CC=C3,,,,,,,,,,,,control_positive,logBB,-0.2,,,B,BBBCTRL_163,False
B3D_0164,bbb_control_b3db,BBBCTRL_164,thioperamide,C1CCC(CC1)NC(=S)N2CCC(CC2)C3=CN=CN3,,,,,,,,,,,,control_positive,logBB,-0.2,,,B,BBBCTRL_164,False
B3D_0165,bbb_control_b3db,BBBCTRL_165,prednisolone,C[C@]12CC([C@H]3[C@H]([C@@H]1CC[C@@]2(C(=O)CO)O)CCC4=CC(=O)C=C[C@]34C)O,,,,,,,,,,,,control_positive,logBB,-0.18,,,B,BBBCTRL_165,False
B3D_0166,bbb_control_b3db,BBBCTRL_166,201038-74-6,CC1CCN(CC1)CC[C@H]2CCCN2S(=O)(=O)C3=CC=CC(=C3)O,,,,,,,,,,,,control_positive,logBB,-0.17,,,B,BBBCTRL_166,False
B3D_0167,bbb_control_b3db,BBBCTRL_167,2-oxo-4-[3-(trifluoromethoxy)anilino]-6-methyl-3-cyclohexene-1-carboxylic acid methyl ester,CC1CC(=CC(=O)C1C(=O)OC)NC2=CC(=CC=C2)OC(F)(F)F,,,,,,,,,,,,control_positive,logBB,-0.17,,,B,BBBCTRL_167,False
B3D_0168,bbb_control_b3db,BBBCTRL_168,pralidoxime,C[N+]1=CC=CC=C1/C=N/O,,,,,,,,,,,,control_positive,logBB,-0.17,,,B,BBBCTRL_168,False
B3D_0169,bbb_control_b3db,BBBCTRL_169,1-(8-fluorooctyl)-2-nitroimidazole (fon),C1=CN(C(=N1)[N+](=O)[O-])CCCCCCCCF,,,,,,,,,,,,control_positive,logBB,-0.17,,,B,BBBCTRL_169,False
B3D_0170,bbb_control_b3db,BBBCTRL_170,pefloxacin,CCN1C=C(C(=O)C2=CC(=C(C=C21)N3CCN(CC3)C)F)C(=O)O,,,,,,,,,,,,control_positive,logBB,-0.16,,,B,BBBCTRL_170,False
B3D_0171,bbb_control_b3db,BBBCTRL_171,vorozole,CN1C2=C(C=CC(=C2)C(C3=CC=C(C=C3)Cl)N4C=NC=N4)N=N1,,,,,,,,,,,,control_positive,logBB,-0.16,,,B,BBBCTRL_171,False
B3D_0172,bbb_control_b3db,BBBCTRL_172,epinastine,C1C2C3=CC=CC=C3CC4=CC=CC=C4N2C(=N1)N,,,,,,,,,,,,control_positive,logBB,-0.16,,,B,BBBCTRL_172,False
B3D_0173,bbb_control_b3db,BBBCTRL_173,daidzein ok,C1=CC(=CC=C1C2=COC3=C(C2=O)C=CC(=C3)O)O,,,,,,,,,,,,control_positive,logBB,-0.15,,,B,BBBCTRL_173,False
B3D_0174,bbb_control_b3db,BBBCTRL_174,sr-4688,CC(=O)/C=C/C1=CC=CS1,,,,,,,,,,,,control_positive,logBB,-0.14,,,B,BBBCTRL_174,False
B3D_0175,bbb_control_b3db,BBBCTRL_175,u 88703,CC(C)NC1=C(N=CC=C1)N2CCNCC2,,,,,,,,,,,,control_positive,logBB,-0.14,,,B,BBBCTRL_175,False
B3D_0176,bbb_control_b3db,BBBCTRL_176,fluoroethylflumazenil f-18,CCOC(=O)C1=C2CN(C(=O)C3=C(N2C=N1)C=CC(=C3)F)CC[18F],,,,,,,,,,,,control_positive,logBB,-0.14,,,B,BBBCTRL_176,False
B3D_0177,bbb_control_b3db,BBBCTRL_177,mchr antagonist 8,C1CN(CCC1NC2=CC(=O)OC3=C2C=C(C=C3)Cl)CC4=CC5=C(C=C4)OCC5,,,,,,,,,,,,control_positive,logBB,-0.14,,,B,BBBCTRL_177,False
B3D_0178,bbb_control_b3db,BBBCTRL_178,chembl1950330,CC1CCN(CC1)C(=O)C2=CC3=C(C=C2)N(C4=C3CN(CC4)CC5CC5)CC=C,,,,,,,,,,,,control_positive,logBB,-0.13,,,B,BBBCTRL_178,False
B3D_0179,bbb_control_b3db,BBBCTRL_179,bisphenol a,CC(C)(C1=CC=C(C=C1)O)C2=CC=C(C=C2)O,,,,,,,,,,,,control_positive,logBB,-0.12,,,B,BBBCTRL_179,False
B3D_0180,bbb_control_b3db,BBBCTRL_180,chebi: 337303,C1=CC=C(C=C1)CC2=CNC(=C2[N+](=O)[O-])NCCSCC3=CC=CC=N3,,,,,,,,,,,,control_positive,logBB,-0.12,,,B,BBBCTRL_180,False
B3D_0181,bbb_control_b3db,BBBCTRL_181,151-83-7,CCC#CC(C)C1(C(=O)NC(=O)N(C1=O)C)CC=C,,,,,,,,,,,,control_positive,logBB,-0.1,,,B,BBBCTRL_181,False
B3D_0182,bbb_control_b3db,BBBCTRL_182,progesterone,CC(=O)[C@H]1CC[C@@H]2[C@@]1(CC[C@H]3[C@H]2CCC4=CC(=O)CC[C@]34C)C,,,,,,,,,,,,control_positive,logBB,-0.1,,,B,BBBCTRL_182,False
B3D_0183,bbb_control_b3db,BBBCTRL_183,ffmz,FC1=CC3=C(N2C=NC(C(OC(C)F)=O)=C2CN(C3=O)C)C=C1,,,,,,,,,,,,control_positive,logBB,-0.1,,,B,BBBCTRL_183,False
B3D_0184,bbb_control_b3db,BBBCTRL_184,kcl-440,CN(C)CC1=CC=C(C=C1)C2=CNC(=O)C3=C2C(=CC=C3)O,,,,,,,,,,,,control_positive,logBB,-0.1,,,B,BBBCTRL_184,False
B3D_0185,bbb_control_b3db,BBBCTRL_185,prucalopride,COCCCN1CCC(CC1)NC(=O)C2=CC(=C(C3=C2OCC3)N)Cl,,,,,,,,,,,,control_positive,logBB,-0.1,,,B,BBBCTRL_185,False
B3D_0186,bbb_control_b3db,BBBCTRL_186,"rofecoxib, vioxx",CS(=O)(=O)C1=CC=C(C=C1)C2=C(C(=O)OC2)C3=CC=CC=C3,,,,,,,,,,,,control_positive,logBB,-0.1,,,B,BBBCTRL_186,False
B3D_0187,bbb_control_b3db,BBBCTRL_187,iodoantipyrine,CC1=C(C(=O)N(N1C)C2=CC=CC=C2)I,,,,,,,,,,,,control_positive,logBB,-0.1,,,B,BBBCTRL_187,False
B3D_0188,bbb_control_b3db,BBBCTRL_188,"2,3,5,6-tetramethylpyrazine",CC1=C(N=C(C(=N1)C)C)C,,,,,,,,,,,,control_positive,logBB,-0.1,,,B,BBBCTRL_188,False
B3D_0189,bbb_control_b3db,BBBCTRL_189,sb 656104a,C1CC(N(C1)S(=O)(=O)C2=CC3=C(C=C2)C=CN3)CCN4CCC(CC4)OC5=CC=C(C=C5)Cl,,,,,,,,,,,,control_positive,logBB,-0.1,,,B,BBBCTRL_189,False
B3D_0190,bbb_control_b3db,BBBCTRL_190,59468-90-5,C1C2=CN=C(N2C3=C(C=C(C=C3)Cl)C(=N1)C4=CC=CC=C4F)CO,,,,,,,,,,,,control_positive,logBB,-0.1,,,B,BBBCTRL_190,False
B3D_0191,bbb_control_b3db,BBBCTRL_191,84379-13-5,CC(C)(C)OC(=O)C1=C2C3CCCN3C(=O)C4=C(N2C=N1)C=CC=C4Br,,,,,,,,,,,,control_positive,logBB,-0.09,,,B,BBBCTRL_191,False
B3D_0192,bbb_control_b3db,BBBCTRL_192,bretazenil,CC(C)(C)OC(=O)C1=C2[C@@H]3CCCN3C(=O)C4=C(N2C=N1)C=CC=C4Br,,,,,,,,,,,,control_positive,logBB,-0.09,,,B,BBBCTRL_192,False
B3D_0193,bbb_control_b3db,BBBCTRL_193,bretazenil,CC(C)(C)OC(=O)C1=C2C3CCCN3C(=O)C4=C(N2C=N1)C=CC(=C4)Br,,,,,,,,,,,,control_positive,logBB,-0.09,,,B,BBBCTRL_193,False
B3D_0194,bbb_control_b3db,BBBCTRL_194,1-hydroxymidazolam,CC1(NC=C2N1C3=C(C=C(C=C3)Cl)C(=NC2)C4=CC=CC=C4F)O,,,,,,,,,,,,control_positive,logBB,-0.07,,,B,BBBCTRL_194,False
B3D_0195,bbb_control_b3db,BBBCTRL_195,primidone,CCC1(C(=O)NCNC1=O)C2=CC=CC=C2,,,,,,,,,,,,control_positive,logBB,-0.07,,,B,BBBCTRL_195,False
B3D_0196,bbb_control_b3db,BBBCTRL_196,vinblastine,CC[C@@]1(C[C@H]2C[C@@](C3=C(CCN(C2)C1)C4=CC=CC=C4N3)(C5=C(C=C6C(=C5)[C@]78CCN9[C@H]7[C@@](C=CC9)([C@H]([C@@]([C@@H]8N6C)(C(=O)OC)O)OC(=O)C)CC)OC)C(=O)OC)O,,,,,,,,,,,,control_positive,logBB,-0.07,,,B,BBBCTRL_196,False
B3D_0197,bbb_control_b3db,BBBCTRL_197,tetrahydropalmatine,COC1=C(C2=C(C[C@H]3C4=CC(=C(C=C4CCN3C2)OC)OC)C=C1)OC,,,,,,,,,,,,control_positive,logBB,-0.07,,,B,BBBCTRL_197,False
B3D_0198,bbb_control_b3db,BBBCTRL_198,l-hyoscyamine,CN1C2CCC1CC(C2)OC(=O)C(CO)C3=CC=CC=C3,,,,,,,,,,,,control_positive,logBB,-0.06,,,B,BBBCTRL_198,False
B3D_0199,bbb_control_b3db,BBBCTRL_199,atropine,CN1[C@@H]2CC[C@H]1CC(C2)OC(=O)C(CO)C3=CC=CC=C3,,,,,,,,,,,,control_positive,logBB,-0.06,,,B,BBBCTRL_199,False
B3D_0200,bbb_control_b3db,BBBCTRL_200,56924-65-3,CC1=C(C(=O)N(N1C)C2=CC=CC=C2)[18F],,,,,,,,,,,,control_positive,logBB,-0.05,,,B,BBBCTRL_200,False
B3D_0201,bbb_control_b3db,BBBCTRL_201,bromocytisine,C1C2CNCC1C3=CC=C(C(=O)N3C2)Br,,,,,,,,,,,,control_positive,logBB,-0.05,,,B,BBBCTRL_201,False
B3D_0202,bbb_control_b3db,BBBCTRL_202,3-bromocytisine,C1C2CNC(C1C3=CC=CC(=O)N3C2)Br,,,,,,,,,,,,control_positive,logBB,-0.05,,,B,BBBCTRL_202,False
B3D_0203,bbb_control_b3db,BBBCTRL_203,3-bromocytisine,C1[C@@H]2CNC([C@H]1C3=CC=CC(=O)N3C2)Br,,,,,,,,,,,,control_positive,logBB,-0.05,,,B,BBBCTRL_203,False
B3D_0204,bbb_control_b3db,BBBCTRL_204,compound-4h,CCNCC1=CC=C(C=C1)C(=O)NC2=NN(C(=C2)C)CC3=C(C=CC(=C3)Cl)OCC(C)C,,,,,,,,,,,,control_positive,logBB,-0.05,,,B,BBBCTRL_204,False
B3D_0205,bbb_control_b3db,BBBCTRL_205,compound-10,CO[C@@H](C(N1C(C=CC(C)=C2)=C2N=C1C(C)(O)C)CC3)CN3CC4CC5=CC=C(C#N)C=C5C4,,,,,,,,,,,,control_positive,logBB,-0.05,,,B,BBBCTRL_205,False
B3D_0206,bbb_control_b3db,BBBCTRL_206,chembl534947,CC1=C(C(=CC=C1)C)NC2=NC=C(N3C2=CN=C3)C4=CC(=CC=C4)OCCN5CCCC5,,,,,,,,,,,,control_positive,logBB,-0.05,,,B,BBBCTRL_206,False
B3D_0207,bbb_control_b3db,BBBCTRL_207,thalidomide,C1CC(=O)NC(=O)C1N2C(=O)C3=CC=CC=C3C2=O,,,,,,,,,,,,control_positive,logBB,-0.05,,,B,BBBCTRL_207,False
B3D_0208,bbb_control_b3db,BBBCTRL_208,ici 17148,CC1=CN=C(S1)N=C(N)N,,,,,,,,,,,,control_positive,logBB,-0.04,,,B,BBBCTRL_208,False
B3D_0209,bbb_control_b3db,BBBCTRL_209,"b-038, ici17148",CC1=CSC(=N1)N=C(N)N,,,,,,,,,,,,control_positive,logBB,-0.04,,,B,BBBCTRL_209,False
B3D_0210,bbb_control_b3db,BBBCTRL_210,zaltidine,CC1=NC=C(N1)C2=CSC(=N2)N=C(N)N,,,,,,,,,,,,control_positive,logBB,-0.04,,,B,BBBCTRL_210,False
B3D_0211,bbb_control_b3db,BBBCTRL_211,sesamol,C1OC2=C(O1)C=C(C=C2)O,,,,,,,,,,,,control_positive,logBB,-0.04,,,B,BBBCTRL_211,False
B3D_0212,bbb_control_b3db,BBBCTRL_212,pentylenetetrazole (metrazole),C1CCC2=NN=NN2CC1,,,,,,,,,,,,control_positive,logBB,-0.03,,,B,BBBCTRL_212,False
B3D_0213,bbb_control_b3db,BBBCTRL_213,zinc13282290,CC1=NC=C2N1C3=C(C=C(C=C3)Cl)C(=N[C@@H]2O)C4=CC=CC=C4F,,,,,,,,,,,,control_positive,logBB,-0.03,,,B,BBBCTRL_213,False
B3D_0214,bbb_control_b3db,BBBCTRL_214,compound-5d,C1CN(CCC1C2=CC=CC=C2)CCCC3=NC4=C(C=CC=C4Cl)C(=O)N3,,,,,,,,,,,,control_positive,logBB,-0.03,,,B,BBBCTRL_214,False
B3D_0215,bbb_control_b3db,BBBCTRL_215,chembl218017,C1CN(CCC1CNC2=CC=CC=N2)C(=O)OCC3=CC=CC=C3,,,,,,,,,,,,control_positive,logBB,-0.02,,,B,BBBCTRL_215,False
B3D_0216,bbb_control_b3db,BBBCTRL_216,bbcpd22 (ranitidine analog) skb34 (propanol33npiperidinylmethylp henoxy),C1CCN(CC1)CC2=CC(=CC=C2)OCCCO,,,,,,,,,,,,control_positive,logBB,-0.02,,,B,BBBCTRL_216,False
B3D_0217,bbb_control_b3db,BBBCTRL_217,414910-27-3,CC1=C(C=CC(=C1)F)C2CC(CCN2C(=O)N(C)C(C)C3=CC(=CC(=C3)C(F)(F)F)C(F)(F)F)N4CCN(CC4)C(=O)C,,,,,,,,,,,,control_positive,logBB,-0.01,,,B,BBBCTRL_217,False
B3D_0218,bbb_control_b3db,BBBCTRL_218,simvastatin,CCC(C)(C)C(=O)O[C@H]1C[C@H](C=C2[C@H]1[C@H]([C@H](C=C2)C)CC[C@@H]3C[C@H](CC(=O)O3)O)C,,,,,,,,,,,,control_positive,logBB,-0.01,,,B,BBBCTRL_218,False
B3D_0219,bbb_control_b3db,BBBCTRL_219,atevirdine,CCNC1=C(N=CC=C1)N2CCN(CC2)C(=O)C3=CC4=C(N3)C=CC(=C4)OC,,,,,,,,,,,,control_positive,logBB,-0.01,,,B,BBBCTRL_219,False
B3D_0220,bbb_control_b3db,BBBCTRL_220,"misonidazole,fluoro",C1=CN(C(=N1)[N+](=O)[O-])CC(COCF)O,,,,,,,,,,,,control_positive,logBB,-0.01,,,B,BBBCTRL_220,False
B3D_0221,bbb_control_b3db,BBBCTRL_221,alniditan dihydrochloride,C1CNC(=NC1)NCCCNCC2CCC3=CC=CC=C3O2,,,,,,,,,,,,control_positive,logBB,-0.01,,,B,BBBCTRL_221,False
B3D_0222,bbb_control_b3db,BBBCTRL_222,alprazolam,CC1=NN=C2N1C3=C(C=C(C=C3)Cl)C(=NC2)C4=CC=CC=C4,,,,,,,,,,,,control_positive,logBB,0.0,,,B,BBBCTRL_222,False
B3D_0223,bbb_control_b3db,BBBCTRL_223,198968-25-1,C=CCC(C1=CC=CC=C1C2=NOC3=CC=CC=C32)N,,,,,,,,,,,,control_positive,logBB,0.0,,,B,BBBCTRL_223,False
B3D_0224,bbb_control_b3db,BBBCTRL_224,testosterone,CC12CCC3C(C1CCC2O)CCC4=CC(=O)CCC34C,,,,,,,,,,,,control_positive,logBB,0.0,,,B,BBBCTRL_224,False
B3D_0225,bbb_control_b3db,BBBCTRL_225,dronabinol,CCCCCC1=CC(=C2[C@@H]3C=C(CC[C@H]3C(OC2=C1)(C)C)C)O,,,,,,,,,,,,control_positive,logBB,0.0,,,B,BBBCTRL_225,False
B3D_0226,bbb_control_b3db,BBBCTRL_226,dl-morphan,CN1CCC23CCCCC2C1CC4=C3C=C(C=C4)O,,,,,,,,,,,,control_positive,logBB,0.0,,,B,BBBCTRL_226,False
B3D_0227,bbb_control_b3db,BBBCTRL_227,levorphanol,CN1CC[C@]23CCCC[C@H]2[C@H]1CC4=C3C=C(C=C4)O,,,,,,,,,,,,control_positive,logBB,0.0,,,B,BBBCTRL_227,False
B3D_0228,bbb_control_b3db,BBBCTRL_228,dm5,COC(=O)[C@H]1[C@@H](C)CC(=CC1=O)Nc2ccc(Cl)cc2,,,,,,,,,,,,control_positive,logBB,0.0,,,B,BBBCTRL_228,False
B3D_0229,bbb_control_b3db,BBBCTRL_229,aminophenazone,CC1=C(C(=O)N(N1C)C2=CC=CC=C2)N(C)C,,,,,,,,,,,,control_positive,logBB,0.0,,,B,BBBCTRL_229,False
B3D_0230,bbb_control_b3db,BBBCTRL_230,129618-40-2,CC1=C2C(=NC=C1)N(C3=C(C=CC=N3)C(=O)N2)C4CC4,,,,,,,,,,,,control_positive,logBB,0.0,,,B,BBBCTRL_230,False
B3D_0231,bbb_control_b3db,BBBCTRL_231,citenamide,C1=CC=C2C(C3=CC=CC=C3C=CC2=C1)C(=O)N,,,,,,,,,,,,control_positive,logBB,0.0,,,B,BBBCTRL_231,False
B3D_0232,bbb_control_b3db,BBBCTRL_232,oxirane,C1CO1,,,,,,,,,,,,control_positive,logBB,0.01,,,B,BBBCTRL_232,False
B3D_0233,bbb_control_b3db,BBBCTRL_233,"5-ethyl-5-isopentyl-5,6-dihydropyrimidine-2,4(1h,3h)-dione",CCC1(CNC(=O)NC1=O)CCC(C)C,,,,,,,,,,,,control_positive,logBB,0.04,,,B,BBBCTRL_233,False
B3D_0234,bbb_control_b3db,BBBCTRL_234,compound 32,CN1CCC(CC1)N2C(=O)C=CC(=N2)C3=C4C=CC=CN4N=C3C5=CC=CC=C5,,,,,,,,,,,,control_positive,logBB,0.06,,,B,BBBCTRL_234,False
B3D_0235,bbb_control_b3db,BBBCTRL_235,paraxanthine,CN1CN=C2C1C(=O)N(C(=O)N2)C,,,,,,,,,,,,control_positive,logBB,0.06,,,B,BBBCTRL_235,False
B3D_0236,bbb_control_b3db,BBBCTRL_236,paraxanthine,CN1C=NC2C1C(=O)N(C(=O)N2)C,,,,,,,,,,,,control_positive,logBB,0.06,,,B,BBBCTRL_236,False
B3D_0237,bbb_control_b3db,BBBCTRL_237,p-bromospiperone,C1CN(CCC12C(=O)NCN2C3=CC=C(C=C3)Br)CCCC(=O)C4=CC=C(C=C4)F,,,,,,,,,,,,control_positive,logBB,0.07,,,B,BBBCTRL_237,False
B3D_0238,bbb_control_b3db,BBBCTRL_238,irie-16a,CC(C)N1CCC(CC1)COC2=NC(=NC(=C2C(=O)NC)NCC3CCC4(CCC4)CC3)C#N,,,,,,,,,,,,control_positive,logBB,0.08,,,B,BBBCTRL_238,False
B3D_0239,bbb_control_b3db,BBBCTRL_239,"1,3a,8-trimethyl-1,2,3,3a,8,8a-hexahydropyrrolo[2,3-b]indol-5-yl methylcarbamate",CC12CCN(C1N(C3=C2C=C(C=C3)OC(=O)NC)C)C,,,,,,,,,,,,control_positive,logBB,0.08,,,B,BBBCTRL_239,False
B3D_0240,bbb_control_b3db,BBBCTRL_240,cube-8,Oc1cc(OCCCCOc2ccc(CCC(O)=O)c(OCC)c2)ccc1C(CC(C)C)=O,,,,,,,,,,,,control_positive,logBB,0.08,,,B,BBBCTRL_240,False
B3D_0241,bbb_control_b3db,BBBCTRL_241,nimodipine,CC1=C(C(C(=C(N1)C)C(=O)OC(C)C)C2=CC(=CC=C2)[N+](=O)[O-])C(=O)OCCOC,,,,,,,,,,,,control_positive,logBB,0.08,,,B,BBBCTRL_241,False
B3D_0242,bbb_control_b3db,BBBCTRL_242,mppf,COC1=CC=CC=C1N2CCN(CC2)CCN(C3=CC=CC=N3)C(=O)C4=CC=C(C=C4)F,,,,,,,,,,,,control_positive,logBB,0.09,,,B,BBBCTRL_242,False
B3D_0243,bbb_control_b3db,BBBCTRL_243,1622-62-4,CN1C(=O)CN=C(C2=C1C=CC(=C2)[N+](=O)[O-])C3=CC=CC=C3F,,,,,,,,,,,,control_positive,logBB,0.1,,,B,BBBCTRL_243,False
B3D_0244,bbb_control_b3db,BBBCTRL_244,paraxanthine,CN1C=NC2=C1C(=O)N(C(=O)N2)C,,,,,,,,,,,,control_positive,logBB,0.1,,,B,BBBCTRL_244,False
B3D_0245,bbb_control_b3db,BBBCTRL_245,eserine,C[C@@]12CCN([C@@H]1N(C3=C2C=C(C=C3)OC(=O)NC)C)C,,,,,,,,,,,,control_positive,logBB,0.1,,,B,BBBCTRL_245,False
B3D_0246,bbb_control_b3db,BBBCTRL_246,terbinafine,CC(C)(C)C#C/C=C/C[NH+](C)CC1=CC=CC2=CC=CC=C21,,,,,,,,,,,,control_positive,logBB,0.1,,,B,BBBCTRL_246,False
B3D_0247,bbb_control_b3db,BBBCTRL_247,quinidine (quinine),COC1=CC2=C(C=CN=C2C=C1)C(C3CC4CCC3CC4C=C)O,,,,,,,,,,,,control_positive,logBB,0.1,,,B,BBBCTRL_247,False
B3D_0248,bbb_control_b3db,BBBCTRL_248,schembl15974503,CC1(CN(C(=O)NC1=O)C)C2=CCCCC2,,,,,,,,,,,,control_positive,logBB,0.1,,,B,BBBCTRL_248,False
B3D_0249,bbb_control_b3db,BBBCTRL_249,naproxen,C[C@@H](C1=CC2=C(C=C1)C=C(C=C2)OC)C(=O)O,,,,,,,,,,,,control_positive,logBB,0.1,,,B,BBBCTRL_249,False
B3D_0250,bbb_control_b3db,BBBCTRL_250,zolantidine; 41,C1CCN(CC1)CC2=CC(=CC=C2)OCCCNC3=NC4=CC=CC=C4S3,,,,,,,,,,,,control_positive,logBB,0.1,,,B,BBBCTRL_250,False
B3D_0251,bbb_control_b3db,BBBCTRL_251,pfizer compound 20,CC1=CC(=NN1C2=CC(=C(C=C2)OC)CNC3CCCNC3C4=CC=CC=C4)C,,,,,,,,,,,,control_positive,logBB,0.11,,,B,BBBCTRL_251,False
B3D_0252,bbb_control_b3db,BBBCTRL_252,dehydroevodiamine,C[N+]1=C2C3C(CCN2C(=O)C4=CC=CC=C41)C5=CC=CC=C5N3,,,,,,,,,,,,control_positive,logBB,0.11,,,B,BBBCTRL_252,False
B3D_0253,bbb_control_b3db,BBBCTRL_253,chembl246597,CC1=NC2=C(C=C1)C(=CC=C2)OCCN3CCC(CC3)CC4=CC5=C(C=C4)OCC(=O)N5C,,,,,,,,,,,,control_positive,logBB,0.11,,,B,BBBCTRL_253,False
B3D_0254,bbb_control_b3db,BBBCTRL_254,184886-95-1,C1C=NC(N1)NC2=C(C=CC=C2Cl)Cl,,,,,,,,,,,,control_positive,logBB,0.11,,,B,BBBCTRL_254,False
B3D_0255,bbb_control_b3db,BBBCTRL_255,"2-(5,6-dichloroindazol-1-yl)ethanamine",C1=C2C=NN(C2=CC(=C1Cl)Cl)CCN,,,,,,,,,,,,control_positive,logBB,0.11,,,B,BBBCTRL_255,False
B3D_0256,bbb_control_b3db,BBBCTRL_256,chembl219060,C1CN(CCC1CNC2=CC=NC=C2)C(=O)OCC3=CC=CC=C3,,,,,,,,,,,,control_positive,logBB,0.13,,,B,BBBCTRL_256,False
B3D_0257,bbb_control_b3db,BBBCTRL_257,mchr antagonist 2',C1CN(CCC1NC2=CC(=O)OC3=C2C=C(C=C3)Cl)C/C=C/C4=CC=CC=C4,,,,,,,,,,,,control_positive,logBB,0.13,,,B,BBBCTRL_257,False
B3D_0258,bbb_control_b3db,BBBCTRL_258,compound-10b,CC1=CC(=NN1CC2=C(C=CC(=C2)Cl)OCC3=CC=CC=C3)C(=O)NC4=CC=C(C=C4)CNC,,,,,,,,,,,,control_positive,logBB,0.15,,,B,BBBCTRL_258,False
B3D_0259,bbb_control_b3db,BBBCTRL_259,org13011,C1CC(=O)N(C1)CCCCN2CCN(CC2)C3=NC=CC(=C3)C(F)(F)F,,,,,,,,,,,,control_positive,logBB,0.16,,,B,BBBCTRL_259,False
B3D_0260,bbb_control_b3db,BBBCTRL_260,minozac free base,CC1=CC(=NN=C1N2CCN(CC2)C3=NC=CC=N3)C4=CC=CC=C4,,,,,,,,,,,,control_positive,logBB,0.18,,,B,BBBCTRL_260,False
B3D_0261,bbb_control_b3db,BBBCTRL_261,gw406381,CCOC1=CC=C(C=C1)C2=NN3C(=C2C4=CC=C(C=C4)S(=O)(=O)C)C=CC=N3,,,,,,,,,,,,control_positive,logBB,0.18,,,B,BBBCTRL_261,False
B3D_0262,bbb_control_b3db,BBBCTRL_262,repinotan,O=S1(c2ccccc2C(N1CCCCN[C@H]3CCc4ccccc4O3)=O)=O,,,,,,,,,,,,control_positive,logBB,0.18,,,B,BBBCTRL_262,False
B3D_0263,bbb_control_b3db,BBBCTRL_263,sulforidazine,CN1CCCCC1CCN2C3=CC=CC=C3SC4=C2C=C(C=C4)S(=O)(=O)C,,,,,,,,,,,,control_positive,logBB,0.2,,,B,BBBCTRL_263,False
B3D_0264,bbb_control_b3db,BBBCTRL_264,chembl190860,CN(C)CC1=CC=CC=C1SC2=C(C=C(C=C2)F)N,,,,,,,,,,,,control_positive,logBB,0.2,,,B,BBBCTRL_264,False
B3D_0265,bbb_control_b3db,BBBCTRL_265,schembl10031243,CN1CC2=C3C4C(CC(C=C4C1)O)OC3=C(C=C2)OC,,,,,,,,,,,,control_positive,logBB,0.2,,,B,BBBCTRL_265,False
B3D_0266,bbb_control_b3db,BBBCTRL_266,"ptk-787, vatalanib",C1=CC=C2C(=C1)C(=NN=C2NC3=CC=C(C=C3)Cl)CC4=CC=NC=C4,,,,,,,,,,,,control_positive,logBB,0.2,,,B,BBBCTRL_266,False
B3D_0267,bbb_control_b3db,BBBCTRL_267,talsupram,CC1(C2=CC=CC=C2C(S1)(CCCNC)C3=CC=CC=C3)C,,,,,,,,,,,,control_positive,logBB,0.22,,,B,BBBCTRL_267,False
B3D_0268,bbb_control_b3db,BBBCTRL_268,dextromethorphan,CN1CC[C@]23CCCC[C@@H]2[C@H]1CC4=C3C=C(C=C4)OC,,,,,,,,,,,,control_positive,logBB,0.22,,,B,BBBCTRL_268,False
B3D_0269,bbb_control_b3db,BBBCTRL_269,"b-066, skb-42",C1CCN(CC1)CC2=CC(=CC=C2)OCCCNC3=NC4=CC=CC=C4O3,,,,,,,,,,,,control_positive,logBB,0.22,,,B,BBBCTRL_269,False
B3D_0270,bbb_control_b3db,BBBCTRL_270,scopolamine,CN1C2CC(CC1C3C2O3)OC(=O)C(CO)C4=CC=CC=C4,,,,,,,,,,,,control_positive,logBB,0.23,,,B,BBBCTRL_270,False
B3D_0271,bbb_control_b3db,BBBCTRL_271,scopolamide (scopolamine),CN1C2CC(CC1C3C2O3)OC(=O)[C@@H](CO)C4=CC=CC=C4,,,,,,,,,,,,control_positive,logBB,0.23,,,B,BBBCTRL_271,False
B3D_0272,bbb_control_b3db,BBBCTRL_272,compound 14b,CC1=C(C(=CC=C1)C)NC2=NC=C(N3C2=CN=C3)C4=CC=C(C=C4)OCCN5CCCC5,,,,,,,,,,,,control_positive,logBB,0.23,,,B,BBBCTRL_272,False
B3D_0273,bbb_control_b3db,BBBCTRL_273,pyrene,C1=CC2=C3C(=C1)C=CC4=CC=CC(=C43)C=C2,,,,,,,,,,,,control_positive,logBB,0.23,,,B,BBBCTRL_273,False
B3D_0274,bbb_control_b3db,BBBCTRL_274,5-octyl-5-ethyl barbituric acid,CCCCCCCCC1(C(=O)NC(=O)NC1=O)CC,,,,,,,,,,,,control_positive,logBB,0.24,,,B,BBBCTRL_274,False
B3D_0275,bbb_control_b3db,BBBCTRL_275,"gr 205171, vofopitant",COC1=C(C=C(C=C1)N2C(=NN=N2)C(F)(F)F)CNC3CCCNC3C4=CC=CC=C4,,,,,,,,,,,,control_positive,logBB,0.24,,,B,BBBCTRL_275,False
B3D_0276,bbb_control_b3db,BBBCTRL_276,chembl368590,CCCN(CCC)CCC1=CC2=C(C=C1)NC(=O)C2,,,,,,,,,,,,control_positive,logBB,0.25,,,B,BBBCTRL_276,False
B3D_0277,bbb_control_b3db,BBBCTRL_277,spiperone,C1CN(CCC12C(=O)NCN2C3=CC=CC=C3)CCCC(=O)C4=CC=C(C=C4)F,,,,,,,,,,,,control_positive,logBB,0.26,,,B,BBBCTRL_277,False
B3D_0278,bbb_control_b3db,BBBCTRL_278,"(+)-4-propyl- 3,4,4a,5,6,10b-hexahydro- 2h-naphtho[1,2-b][1,4]oxazin-9-ol",CCCN1CCOC2C1CCC3=C2C=C(C=C3)O,,,,,,,,,,,,control_positive,logBB,0.26,,,B,BBBCTRL_278,False
B3D_0279,bbb_control_b3db,BBBCTRL_279,nsc 350386,Nc1c2c(NC(C)C(c3ccccc3)=N2)cc(CC(OCC)=O)n1,,,,,,,,,,,,control_positive,logBB,0.27,,,B,BBBCTRL_279,False
B3D_0280,bbb_control_b3db,BBBCTRL_280,r82913,CC1CN2C3=C(CN1CC=C(C)C)C=C(C=C3NC2=S)Cl,,,,,,,,,,,,control_positive,logBB,0.28,,,B,BBBCTRL_280,False
B3D_0281,bbb_control_b3db,BBBCTRL_281,ondansetron,C1C=NC(C)=C1CC(C2=O)CCc3n(C)c(c4c23)cccc4,,,,,,,,,,,,control_positive,logBB,0.28,,,B,BBBCTRL_281,False
B3D_0282,bbb_control_b3db,BBBCTRL_282,loreclezole,C1=CC(=C(C=C1Cl)Cl)/C(=C/N2C=NC=N2)/Cl,,,,,,,,,,,,control_positive,logBB,0.28,,,B,BBBCTRL_282,False
B3D_0283,bbb_control_b3db,BBBCTRL_283,364079-69-6,CC(C)(C)C1=NC(=CC(=N1)N2CCN(CC2)CCCSC3=NC=CC(=O)N3)C(F)(F)F,,,,,,,,,,,,control_positive,logBB,0.3,,,B,BBBCTRL_283,False
B3D_0284,bbb_control_b3db,BBBCTRL_284,sb-222200,CCC(C1=CC=CC=C1)NC(=O)C2=C(C(=NC3=CC=CC=C32)C4=CC=CC=C4)C,,,,,,,,,,,,control_positive,logBB,0.3,,,B,BBBCTRL_284,False
B3D_0285,bbb_control_b3db,BBBCTRL_285,66104-22-1,CCCN1CC(CC2C1CC3=CNC4=CC=CC2=C34)CSC,,,,,,,,,,,,control_positive,logBB,0.3,,,B,BBBCTRL_285,False
B3D_0286,bbb_control_b3db,BBBCTRL_286,pergolide,CCCN1C[C@@H](C[C@H]2[C@H]1CC3=CNC4=CC=CC2=C34)CSC,,,,,,,,,,,,control_positive,logBB,0.3,,,B,BBBCTRL_286,False
B3D_0287,bbb_control_b3db,BBBCTRL_287,sb222200,CC[C@@H](C1=CC=CC=C1)NC(=O)C2=C(C(=NC3=CC=CC=C32)C4=CC=CC=C4)C,,,,,,,,,,,,control_positive,logBB,0.3,,,B,BBBCTRL_287,False
B3D_0288,bbb_control_b3db,BBBCTRL_288,minaprine,CC1=CC(=NN=C1NCCN2CCOCC2)C3=CC=CC=C3,,,,,,,,,,,,control_positive,logBB,0.3,,,B,BBBCTRL_288,False
B3D_0289,bbb_control_b3db,BBBCTRL_289,chembl481689,CC1=CC(=NN1CC2=C(C=CC(=C2)Cl)OCC(C)C)NC(=O)C3=CC=C(C=C3)CN4CCCC4,,,,,,,,,,,,control_positive,logBB,0.3,,,B,BBBCTRL_289,False
B3D_0290,bbb_control_b3db,BBBCTRL_290,fr260010,CC1=CN(C=N1)C2=CC=CC(=C2)NC3=NC=NC4=C3CCC5=CC=CC=C54,,,,,,,,,,,,control_positive,logBB,0.3,,,B,BBBCTRL_290,False
B3D_0291,bbb_control_b3db,BBBCTRL_291,riluzole,C1=CC2=C(C=C1OC(F)(F)F)SC(=N2)N,,,,,,,,,,,,control_positive,logBB,0.3,,,B,BBBCTRL_291,False
B3D_0292,bbb_control_b3db,BBBCTRL_292,ar-1d9859,CCCCN1CC2CC3=CC(=C(C=C3C2C1)OC)OC.Cl,,,,,,,,,,,,control_positive,logBB,0.31,,,B,BBBCTRL_292,False
B3D_0293,bbb_control_b3db,BBBCTRL_293,357-70-0,CN1CCC23C=CC(CC2OC4=C(C=CC(=C34)C1)OC)O,,,,,,,,,,,,control_positive,logBB,0.32,,,B,BBBCTRL_293,False
B3D_0294,bbb_control_b3db,BBBCTRL_294,galanthamine,CN1CC[C@@]23C=C[C@@H](C[C@@H]2OC4=C(C=CC(=C34)C1)OC)O,,,,,,,,,,,,control_positive,logBB,0.32,,,B,BBBCTRL_294,False
B3D_0295,bbb_control_b3db,BBBCTRL_295,163257-88-3,Cc(n1)sc(c12)cc(OC(C)C)c(c2)CNC(CCCN3)C3c4ccccc4,,,,,,,,,,,,control_positive,logBB,0.32,,,B,BBBCTRL_295,False
B3D_0296,bbb_control_b3db,BBBCTRL_296,494-97-3,C1CC(NC1)C2=CN=CC=C2,,,,,,,,,,,,control_positive,logBB,0.32,,,B,BBBCTRL_296,False
B3D_0297,bbb_control_b3db,BBBCTRL_297,hydrocodone,CN1CC[C@]23[C@@H]4[C@H]1CC5=C2C(=C(C=C5)OC)O[C@H]3C(=O)CC4,,,,,,,,,,,,control_positive,logBB,0.32,,,B,BBBCTRL_297,False
B3D_0298,bbb_control_b3db,BBBCTRL_298,antihistamine-1,CC1=CN(N=C1)C2CCN(CC2)C3=NC4=CC=CC=C4N3CC5=CC=C(C=C5)F,,,,,,,,,,,,control_positive,logBB,0.32,,,B,BBBCTRL_298,False
B3D_0299,bbb_control_b3db,BBBCTRL_299,4-oh-tiq,C1C(C2=CC=CC=C2CN1)O,,,,,,,,,,,,control_positive,logBB,0.32,,,B,BBBCTRL_299,False
B3D_0300,bbb_control_b3db,BBBCTRL_300,494-97-3,C1C[C@H](NC1)C2=CN=CC=C2,,,,,,,,,,,,control_positive,logBB,0.32,,,B,BBBCTRL_300,False
B3D_0301,bbb_control_b3db,BBBCTRL_301,5-hexyl-5-ethyl barbituric acid,CCCCCCC1(C(=O)NC(=O)NC1=O)CC,,,,,,,,,,,,control_positive,logBB,0.36,,,B,BBBCTRL_301,False
B3D_0302,bbb_control_b3db,BBBCTRL_302,nsc 269416,CCOC(=O)NC1=NC(=C2C(=C1)NCC(=N2)CN(C)C3=CC=C(C=C3)OC)N,,,,,,,,,,,,control_positive,logBB,0.36,,,B,BBBCTRL_302,False
B3D_0303,bbb_control_b3db,BBBCTRL_303,161499-49-6,COC1=C(C=C(C=C1)C2=NC=CS2)CNC3CCCNC3C4=CC=CC=C4,,,,,,,,,,,,control_positive,logBB,0.36,,,B,BBBCTRL_303,False
B3D_0304,bbb_control_b3db,BBBCTRL_304,chembl1935441,CC1=CC=C(C=C1)CN2C3=CC=CC=C3N=C2[C@H]4CNCCO4,,,,,,,,,,,,control_positive,logBB,0.36,,,B,BBBCTRL_304,False
B3D_0305,bbb_control_b3db,BBBCTRL_305,compound-4fi,CC1=NC(=C2CCN(C2=N1)C3=C(C=C(C=C3)Cl)Cl)N4C=CC(=N4)C(F)(F)F,,,,,,,,,,,,control_positive,logBB,0.36,,,B,BBBCTRL_305,False
B3D_0306,bbb_control_b3db,BBBCTRL_306,compound-s16d,C1CC(=CC1N2CCC(CC2)C3=CC=CC=C3)C4=NC5=C(C=CC=C5Cl)C(=O)N4,,,,,,,,,,,,control_positive,logBB,0.36,,,B,BBBCTRL_306,False
B3D_0307,bbb_control_b3db,BBBCTRL_307,chembl515025,CNC(=O)C1=C(N=C(N=C1OCC2CCN(CC2)C)C#N)NCC3CCC4(CCC4)CC3,,,,,,,,,,,,control_positive,logBB,0.37,,,B,BBBCTRL_307,False
B3D_0308,bbb_control_b3db,BBBCTRL_308,135095-42-0,COC1=CC=CC=C1CNC2C3CCN(C2C(C4=CC=CC=C4)C5=CC=CC=C5)CC3,,,,,,,,,,,,control_positive,logBB,0.37,,,B,BBBCTRL_308,False
B3D_0309,bbb_control_b3db,BBBCTRL_309,tz-11,Clc1ccc(Cl)c(c1)[NH+]=C2NCCN2,,,,,,,,,,,,control_positive,logBB,0.38,,,B,BBBCTRL_309,False
B3D_0310,bbb_control_b3db,BBBCTRL_310,141060-39-1,C1CCN(CC1)CCN2C(=O)C=CC(=N2)C3=C4C=CC=CN4N=C3C5=CC=CC=C5,,,,,,,,,,,,control_positive,logBB,0.38,,,B,BBBCTRL_310,False
B3D_0311,bbb_control_b3db,BBBCTRL_311,betaxolol,CC(C)NCC(COC1=CC=C(C=C1)CCOCC2CC2)O,,,,,,,,,,,,control_positive,logBB,0.39,,,B,BBBCTRL_311,False
B3D_0312,bbb_control_b3db,BBBCTRL_312,l015600,COC1=CC2=C(C(=C1)CNC3CCCNC3C4=CC=CC=C4)OCC2,,,,,,,,,,,,control_positive,logBB,0.39,,,B,BBBCTRL_312,False
B3D_0313,bbb_control_b3db,BBBCTRL_313,128915-56-0,C1C2C(CN1)C3=C(C=CC(=C3)Cl)OC4=CC=CC=C24,,,,,,,,,,,,control_positive,logBB,0.39,,,B,BBBCTRL_313,False
B3D_0314,bbb_control_b3db,BBBCTRL_314,chembl1935437,C1C[C@H](CNC1)C2=NC3=CC=CC=C3N2CC4=CC=C(C=C4)F,,,,,,,,,,,,control_positive,logBB,0.39,,,B,BBBCTRL_314,False
B3D_0315,bbb_control_b3db,BBBCTRL_315,tibolone,O=C1CCC2=C(CC(C)C3C2CCC4C3CCC4(O)C#C)C1,,,,,,,,,,,,control_positive,logBB,0.4,,,B,BBBCTRL_315,False
B3D_0316,bbb_control_b3db,BBBCTRL_316,tibolone,CC1CC2=C(CCC(=O)C2)C3C1C4CCC(C4(CC3)C)(C#C)O,,,,,,,,,,,,control_positive,logBB,0.4,,,B,BBBCTRL_316,False
B3D_0317,bbb_control_b3db,BBBCTRL_317,tibolone,C[C@@H]1CC2=C(CCC(=O)C2)[C@@H]3[C@@H]1[C@@H]4CC[C@]([C@]4(CC3)C)(C#C)O,,,,,,,,,,,,control_positive,logBB,0.4,,,B,BBBCTRL_317,False
B3D_0318,bbb_control_b3db,BBBCTRL_318,sparfloxacin,C[C@@H]1CN(C[C@@H](N1)C)C2=C(C(=C3C(=C2F)N(C=C(C3=O)C(=O)O)C4CC4)N)F,,,,,,,,,,,,control_positive,logBB,0.41,,,B,BBBCTRL_318,False
B3D_0319,bbb_control_b3db,BBBCTRL_319,tz-21,C1CN=C(N1)NC2=C(C=C(C=C2Cl)Br)Cl,,,,,,,,,,,,control_positive,logBB,0.41,,,B,BBBCTRL_319,False
B3D_0320,bbb_control_b3db,BBBCTRL_320,148372-04-7,COC1=CC(=C(C=C1)C=C2CCCN=C2C3=CN=CC=C3)OC,,,,,,,,,,,,control_positive,logBB,0.42,,,B,BBBCTRL_320,False
B3D_0321,bbb_control_b3db,BBBCTRL_321,869802-58-4,CN(C)C1=C2C3=C(C(=O)N(C=N3)N4CCCCCC4)SC2=NC=C1,,,,,,,,,,,,control_positive,logBB,0.43,,,B,BBBCTRL_321,False
B3D_0322,bbb_control_b3db,BBBCTRL_322,chembl1095819,CN1CCC[C@H](C1)C2=NC3=CC=CC=C3N2CC4=CC=C(C=C4)F,,,,,,,,,,,,control_positive,logBB,0.43,,,B,BBBCTRL_322,False
B3D_0323,bbb_control_b3db,BBBCTRL_323,ica-27243,C1=CC(=C(C=C1C(=O)NC2=CN=C(C=C2)Cl)F)F,,,,,,,,,,,,control_positive,logBB,0.44,,,B,BBBCTRL_323,False
B3D_0324,bbb_control_b3db,BBBCTRL_324,chebi: 338961,C1CCN(CC1)CC2=CC(=CC=C2)OCCCNC3=NC=CS3,,,,,,,,,,,,control_positive,logBB,0.44,,,B,BBBCTRL_324,False
B3D_0325,bbb_control_b3db,BBBCTRL_325,propoxyphene,CCC(=O)OC(CC1=CC=CC=C1)(C2=CC=CC=C2)[C@H](C)CN(C)C,,,,,,,,,,,,control_positive,logBB,0.46,,,B,BBBCTRL_325,False
B3D_0326,bbb_control_b3db,BBBCTRL_326,n-methylspiperone,CN1CN(C2(C1=O)CCN(CC2)CCCC(=O)C3=CC=C(C=C3)F)C4=CC=CC=C4,,,,,,,,,,,,control_positive,logBB,0.46,,,B,BBBCTRL_326,False
B3D_0327,bbb_control_b3db,BBBCTRL_327,147116-67-4,CC(C)(C)C1=CC(=C(C=C1)OC)CNC2C3CCN(C2C(C4=CC=CC=C4)C5=CC=CC=C5)CC3,,,,,,,,,,,,control_positive,logBB,0.46,,,B,BBBCTRL_327,False
B3D_0328,bbb_control_b3db,BBBCTRL_328,21571-08-4,C1CN=C(N1)NC2=C(C=C(C=C2Cl)Cl)Cl,,,,,,,,,,,,control_positive,logBB,0.47,,,B,BBBCTRL_328,False
B3D_0329,bbb_control_b3db,BBBCTRL_329,pk 11195,CCC(C)N(C)C(=O)C1=CC2=CC=CC=C2C(=N1)C3=CC=CC=C3Cl,,,,,,,,,,,,control_positive,logBB,0.48,,,B,BBBCTRL_329,False
B3D_0330,bbb_control_b3db,BBBCTRL_330,pfizer compound 17,CC1=NC2=C(S1)C=C(C(=C2)CNC3CCCNC3C4=CC=CC=C4)OC,,,,,,,,,,,,control_positive,logBB,0.48,,,B,BBBCTRL_330,False
B3D_0331,bbb_control_b3db,BBBCTRL_331,pfizer compound 1,CC(C)C1=CC(=C(C=C1)OC)CNC2C3CCN(C2C(C4=CC=CC=C4)C5=CC=CC=C5)CC3,,,,,,,,,,,,control_positive,logBB,0.48,,,B,BBBCTRL_331,False
B3D_0332,bbb_control_b3db,BBBCTRL_332,chembl506480,CCN(CC)CC1=CC2=C(CC(CC2)N3CCN(CC3=O)CCC4=CC=C(C=C4)F)C=C1,,,,,,,,,,,,control_positive,logBB,0.48,,,B,BBBCTRL_332,False
B3D_0333,bbb_control_b3db,BBBCTRL_333,chembl193400,C1CN(CCN1)C2=C(C=CC3=C2C=CN3S(=O)(=O)C4=CC(=CC=C4)Cl)Cl,,,,,,,,,,,,control_positive,logBB,0.48,,,B,BBBCTRL_333,False
B3D_0334,bbb_control_b3db,BBBCTRL_334,"9h-pyrido[3,4-b]indole",C1=CC=C2C(=C1)C3=C(N2)C=NC=C3,,,,,,,,,,,,control_positive,logBB,0.48,,,B,BBBCTRL_334,False
B3D_0335,bbb_control_b3db,BBBCTRL_335,pyrimethamine,CCC1=C(C(=NC(=N1)N)N)C2=CC=C(C=C2)Cl,,,,,,,,,,,,control_positive,logBB,0.49,,,B,BBBCTRL_335,False
B3D_0336,bbb_control_b3db,BBBCTRL_336,pfizer compound 19,CC1=NC2=C(O1)C=C(C(=C2)CNC3CCCNC3C4=CC=CC=C4)OC,,,,,,,,,,,,control_positive,logBB,0.49,,,B,BBBCTRL_336,False
B3D_0337,bbb_control_b3db,BBBCTRL_337,mirtazapine,CN1CCN2C(C1)C3=CC=CC=C3CC4=C2N=CC=C4,,,,,,,,,,,,control_positive,logBB,0.5,,,B,BBBCTRL_337,False
B3D_0338,bbb_control_b3db,BBBCTRL_338,mepyramine (pyrilamine),CN(C)CCN(CC1=CC=C(C=C1)OC)C2=CC=CC=N2,,,,,,,,,,,,control_positive,logBB,0.5,,,B,BBBCTRL_338,False
B3D_0339,bbb_control_b3db,BBBCTRL_339,chembl351067,C1C(=O)NC2=C(C(=CC=C2)Cl)C(=N1)C3=CC=CC=C3,,,,,,,,,,,,control_positive,logBB,0.5,,,B,BBBCTRL_339,False
B3D_0340,bbb_control_b3db,BBBCTRL_340,org-32104,CC1=C2C(=CC=C1)C3CNCCC3(C4=CC=CC=C4O2)O,,,,,,,,,,,,control_positive,logBB,0.52,,,B,BBBCTRL_340,False
B3D_0341,bbb_control_b3db,BBBCTRL_341,schembl12537969,C1CNCC([C@@H]1C2=CC=C(C=C2)F)COC3=CC4=C(C=C3)OCO4,,,,,,,,,,,,control_positive,logBB,0.52,,,B,BBBCTRL_341,False
B3D_0342,bbb_control_b3db,BBBCTRL_342,1977-15-7,CNCCCN1C2=C(CCC3=CC=CC=C31)C=C(C=C2)O,,,,,,,,,,,,control_positive,logBB,0.53,,,B,BBBCTRL_342,False
B3D_0343,bbb_control_b3db,BBBCTRL_343,afe,FCCC2=CC(N)=C(C=C2)SC1=CC=CC=C1N(C)C,,,,,,,,,,,,control_positive,logBB,0.55,,,B,BBBCTRL_343,False
B3D_0344,bbb_control_b3db,BBBCTRL_344,dihydrocodeine,CN1CC[C@]23[C@@H]4[C@H]1CC5=C2C(=C(C=C5)OC)O[C@H]3[C@H](CC4)O,,,,,,,,,,,,control_positive,logBB,0.55,,,B,BBBCTRL_344,False
B3D_0345,bbb_control_b3db,BBBCTRL_345,sb-277011a,C1CC(CCC1CCN2CCC3=C(C2)C=CC(=C3)C#N)NC(=O)C4=CC=NC5=CC=CC=C45,,,,,,,,,,,,control_positive,logBB,0.56,,,B,BBBCTRL_345,False
B3D_0346,bbb_control_b3db,BBBCTRL_346,nsc 15312,C1CNCC2=CC=CC=C21,,,,,,,,,,,,control_positive,logBB,0.56,,,B,BBBCTRL_346,False
B3D_0347,bbb_control_b3db,BBBCTRL_347,chembl371222,COC1=CC2=C(C=C1)NN=C2NC3CCN(CC3)CC4=CC5=C(C=C4)OCO5,,,,,,,,,,,,control_positive,logBB,0.57,,,B,BBBCTRL_347,False
B3D_0348,bbb_control_b3db,BBBCTRL_348,chembl382773,CC1=CC(=O)N(C=C1)CCCCN2CCN(CC2)C3=NC(=NC(=C3)C(F)(F)F)C(C)(C)C,,,,,,,,,,,,control_positive,logBB,0.57,,,B,BBBCTRL_348,False
B3D_0349,bbb_control_b3db,BBBCTRL_349,triazolam,CC3=NN=C4CN=C(C2CC(CCC2N34)Cl)C1=CC=CC=C1Cl,,,,,,,,,,,,control_positive,logBB,0.57,,,B,BBBCTRL_349,False
B3D_0350,bbb_control_b3db,BBBCTRL_350,nebivolol,C1CC2=C(C=CC(=C2)F)OC1C(CNCC(C3CCC4=C(O3)C=CC(=C4)F)O)O,,,,,,,,,,,,control_positive,logBB,0.57,,,B,BBBCTRL_350,False
B3D_0351,bbb_control_b3db,BBBCTRL_351,tz-19,C1CN=C(N1)NC2=C(C=C(C=C2Br)Br)Br,,,,,,,,,,,,control_positive,logBB,0.58,,,B,BBBCTRL_351,False
B3D_0352,bbb_control_b3db,BBBCTRL_352,(s)-flurocarazolol,CC(CF)NC[C@@H](COC1=CC=CC2=C1C3=CC=CC=C3N2)O,,,,,,,,,,,,control_positive,logBB,0.58,,,B,BBBCTRL_352,False
B3D_0353,bbb_control_b3db,BBBCTRL_353,604-75-1,C1=CC=C(C=C1)C2=NC(C(=O)NC3=C2C=C(C=C3)Cl)O,,,,,,,,,,,,control_positive,logBB,0.6,,,B,BBBCTRL_353,False
B3D_0354,bbb_control_b3db,BBBCTRL_354,desmonomethylpromazine,CNCCCN1C2=CC=CC=C2SC3=CC=CC=C31,,,,,,,,,,,,control_positive,logBB,0.6,,,B,BBBCTRL_354,False
B3D_0355,bbb_control_b3db,BBBCTRL_355,cocaine,CN1C2CCC1C(C(C2)OC(=O)C3=CC=CC=C3)C(=O)OC,,,,,,,,,,,,control_positive,logBB,0.6,,,B,BBBCTRL_355,False
B3D_0356,bbb_control_b3db,BBBCTRL_356,5-hydroxytryptamine (5-ht) receptor ligand 1b,CC1C2=C(C=CC=C2Cl)NC(=NCC(F)F)N1,,,,,,,,,,,,control_positive,logBB,0.6,,,B,BBBCTRL_356,False
B3D_0357,bbb_control_b3db,BBBCTRL_357,bremazocine,CCC12CCN(C(C1(C)C)CC3=C2C=C(C=C3)O)CC4(CC4)O,,,,,,,,,,,,control_positive,logBB,0.6,,,B,BBBCTRL_357,False
B3D_0358,bbb_control_b3db,BBBCTRL_358,77-lh-28-1,CCCCC1CCN(CC1)CCCN2C(=O)CCC3=CC=CC=C32,,,,,,,,,,,,control_positive,logBB,0.6,,,B,BBBCTRL_358,False
B3D_0359,bbb_control_b3db,BBBCTRL_359,benzoylmethylecgonine,CN1C2CCC1[C@H]([C@H](C2)OC(=O)C3=CC=CC=C3)C(=O)OC,,,,,,,,,,,,control_positive,logBB,0.6,,,B,BBBCTRL_359,False
B3D_0360,bbb_control_b3db,BBBCTRL_360,amoxapine,C1CN(CCN1)C2=NC3=CC=CC=C3OC4=C2C=C(C=C4)Cl,,,,,,,,,,,,control_positive,logBB,0.6,,,B,BBBCTRL_360,False
B3D_0361,bbb_control_b3db,BBBCTRL_361,1-(2-pyrimidinyl)-piperazine,C1CN(CCN1)C2=NC=CC=N2,,,,,,,,,,,,control_positive,logBB,0.6,,,B,BBBCTRL_361,False
B3D_0362,bbb_control_b3db,BBBCTRL_362,oxazepam,Clc1ccc(N2)c(C(C)=NC(O)C2=O)c1,,,,,,,,,,,,control_positive,logBB,0.61,,,B,BBBCTRL_362,False
B3D_0363,bbb_control_b3db,BBBCTRL_363,rolipram,COC1=C(C=C(C=C1)C2CC(=O)NC2)OC3CCCC3,,,,,,,,,,,,control_positive,logBB,0.61,,,B,BBBCTRL_363,False
B3D_0364,bbb_control_b3db,BBBCTRL_364,pfizer compound 24,COC1=CC2=C(C=C1CNC3CCCNC3C4=CC=CC=C4)N=C(S2)C5CC5,,,,,,,,,,,,control_positive,logBB,0.62,,,B,BBBCTRL_364,False
B3D_0365,bbb_control_b3db,BBBCTRL_365,venlafaxine,CN(C)CC(C1=CC=C(C=C1)OC)C2(CCCCC2)O,,,,,,,,,,,,control_positive,logBB,0.62,,,B,BBBCTRL_365,False
B3D_0366,bbb_control_b3db,BBBCTRL_366,mefloquine,C1CCNC(C1)C(C2=CC(=NC3=C2C=CC=C3C(F)(F)F)C(F)(F)F)O,,,,,,,,,,,,control_positive,logBB,0.63,,,B,BBBCTRL_366,False
B3D_0367,bbb_control_b3db,BBBCTRL_367,"4-iodo-n,n'-isopropyl-m- xylenediamine",CCC(C)Nc1c(I)ccc(c1)NC(C)CC,,,,,,,,,,,,control_positive,logBB,0.64,,,B,BBBCTRL_367,False
B3D_0368,bbb_control_b3db,BBBCTRL_368,doxylamine,CC(C1=CC=CC=C1)(C2=CC=CC=N2)OCCN(C)C,,,,,,,,,,,,control_positive,logBB,0.64,,,B,BBBCTRL_368,False
B3D_0369,bbb_control_b3db,BBBCTRL_369,doxylamine,C[C@](C1=CC=CC=C1)(C2=CC=CC=N2)OCCN(C)C,,,,,,,,,,,,control_positive,logBB,0.64,,,B,BBBCTRL_369,False
B3D_0370,bbb_control_b3db,BBBCTRL_370,fauc-113,C1CN(CCN1CC2=C3C=CC=CN3N=C2)C4=CC=C(C=C4)Cl,,,,,,,,,,,,control_positive,logBB,0.64,,,B,BBBCTRL_370,False
B3D_0371,bbb_control_b3db,BBBCTRL_371,etoprine,CCC1=C(C(=NC(=N1)N)N)C2=CC(=C(C=C2)Cl)Cl,,,,,,,,,,,,control_positive,logBB,0.65,,,B,BBBCTRL_371,False
B3D_0372,bbb_control_b3db,BBBCTRL_372,chembl142149,C1CCN(CC1)CC2=CC(=CC=C2)OCCCNC3=CC=CC=N3,,,,,,,,,,,,control_positive,logBB,0.69,,,B,BBBCTRL_372,False
B3D_0373,bbb_control_b3db,BBBCTRL_373,"1,2,3,4-tetrahydroquinoline",C1CC2=CC=CC=C2NC1,,,,,,,,,,,,control_positive,logBB,0.7,,,B,BBBCTRL_373,False
B3D_0374,bbb_control_b3db,BBBCTRL_374,irie-13b,CNC(=O)C1=C(N=C(N=C1OCCO)C#N)NCC2CCC3(CCC3)CC2,,,,,,,,,,,,control_positive,logBB,0.7,,,B,BBBCTRL_374,False
B3D_0375,bbb_control_b3db,BBBCTRL_375,quetiapine,C1CN(CCN1CCOCCO)C2=NC3=CC=CC=C3SC4=CC=CC=C42,,,,,,,,,,,,control_positive,logBB,0.7,,,B,BBBCTRL_375,False
B3D_0376,bbb_control_b3db,BBBCTRL_376,bms-184111,COC1=CC=CC(=C1)CC2CCN(CC2)C3CCC(CC3)(C4=CC5=C(C=C4)OCO5)OC,,,,,,,,,,,,control_positive,logBB,0.74,,,B,BBBCTRL_376,False
B3D_0377,bbb_control_b3db,BBBCTRL_377,climazolam,CC1=NC=C2N1C3=C(C=C(C=C3)Cl)C(=NC2)C4=CC=CC=C4Cl,,,,,,,,,,,,control_positive,logBB,0.74,,,B,BBBCTRL_377,False
B3D_0378,bbb_control_b3db,BBBCTRL_378,northioridazine,CSC1=CC2=C(C=C1)SC3=CC=CC=C3N2CCC4CCCNC4,,,,,,,,,,,,control_positive,logBB,0.75,,,B,BBBCTRL_378,False
B3D_0379,bbb_control_b3db,BBBCTRL_379,9b,C1CO[C@H](CN1)C2=NC3=CC=CC=C3N2CC4=CC=C(C=C4)F,,,,,,,,,,,,control_positive,logBB,0.77,,,B,BBBCTRL_379,False
B3D_0380,bbb_control_b3db,BBBCTRL_380,olanzapine,CC1=CC2=C(NC3=CC=CC=C3N=C2S1)N4CCN(CC4)C,,,,,,,,,,,,control_positive,logBB,0.78,,,B,BBBCTRL_380,False
B3D_0381,bbb_control_b3db,BBBCTRL_381,sabeluzole,CN(C1CCN(CC1)CC(COC2=CC=C(C=C2)F)O)C3=NC4=CC=CC=C4S3,,,,,,,,,,,,control_positive,logBB,0.78,,,B,BBBCTRL_381,False
B3D_0382,bbb_control_b3db,BBBCTRL_382,515141-51-2,COC1=C(C=CC(=C1)N2C=NC3=C(C2=O)SC(=C3)C4=CC=C(C=C4)Cl)OCCN5CCCC5,,,,,,,,,,,,control_positive,logBB,0.78,,,B,BBBCTRL_382,False
B3D_0383,bbb_control_b3db,BBBCTRL_383,northioridazine,CSC1=CC2=C(C=C1)SC3=CC=CC=C3N2CCC4CCCCN4,,,,,,,,,,,,control_positive,logBB,0.8,,,B,BBBCTRL_383,False
B3D_0384,bbb_control_b3db,BBBCTRL_384,loxapine,CN1CCN(CC1)C2=NC3=CC=CC=C3OC4=C2C=C(C=C4)Cl,,,,,,,,,,,,control_positive,logBB,0.8,,,B,BBBCTRL_384,False
B3D_0385,bbb_control_b3db,BBBCTRL_385,mchr antagonist 23c,CCC1=CC=C(C=C1)C2=CC=C(C=C2)C(=O)N(C)C3CCN(C3)C(=O)N4CCC(C4)N5CCCCC5,,,,,,,,,,,,control_positive,logBB,0.81,,,B,BBBCTRL_385,False
B3D_0386,bbb_control_b3db,BBBCTRL_386,metoprine,CC1=C(C(=NC(=N1)N)N)C2=CC(=C(C=C2)Cl)Cl,,,,,,,,,,,,control_positive,logBB,0.81,,,B,BBBCTRL_386,False
B3D_0387,bbb_control_b3db,BBBCTRL_387,( + )-4-fluorotranylcypromine,C1[C@@H]([C@H]1N)C2=CC=C(C=C2)F,,,,,,,,,,,,control_positive,logBB,0.81,,,B,BBBCTRL_387,False
B3D_0388,bbb_control_b3db,BBBCTRL_388,org4428,CC1=C2C(=CC=C1)C3CN(CCC3(C4=CC=CC=C4O2)O)C,,,,,,,,,,,,control_positive,logBB,0.82,,,B,BBBCTRL_388,False
B3D_0389,bbb_control_b3db,BBBCTRL_389,butaperazine,CCCC(=O)C1=CC2=C(C=C1)SC3=CC=CC=C3N2CCCN4CCN(CC4)C,,,,,,,,,,,,control_positive,logBB,0.83,,,B,BBBCTRL_389,False
B3D_0390,bbb_control_b3db,BBBCTRL_390,melperone,CC1CCN(CC1)CCCC(=O)C2=CC=C(C=C2)F,,,,,,,,,,,,control_positive,logBB,0.83,,,B,BBBCTRL_390,False
B3D_0391,bbb_control_b3db,BBBCTRL_391,mchr antagonist 19,C1CN(CCC1NC2=NNC3=C2C=C(C=C3)Cl)CC4=CC5=C(C=C4)OCO5,,,,,,,,,,,,control_positive,logBB,0.83,,,B,BBBCTRL_391,False
B3D_0392,bbb_control_b3db,BBBCTRL_392,meperidine,CCOC(=O)C1(CCN(CC1)C)C2=CC=CC=C2,,,,,,,,,,,,control_positive,logBB,0.85,,,B,BBBCTRL_392,False
B3D_0393,bbb_control_b3db,BBBCTRL_393,biperiden,C1CCN(CC1)CCC(C2CC3CC2C=C3)(C4=CC=CC=C4)O,,,,,,,,,,,,control_positive,logBB,0.85,,,B,BBBCTRL_393,False
B3D_0394,bbb_control_b3db,BBBCTRL_394,pfizer compound 21,CC(C)(C)C1=NC2=C(S1)C=C(C(=C2)CNC3CCCNC3C4=CC=CC=C4)OC,,,,,,,,,,,,control_positive,logBB,0.85,,,B,BBBCTRL_394,False
B3D_0395,bbb_control_b3db,BBBCTRL_395,145742-22-9,C1CC(C(NC1)C2=CC=CC=C2)NCC3=C(C=CC(=C3)OC(F)(F)F)OC(F)F,,,,,,,,,,,,control_positive,logBB,0.88,,,B,BBBCTRL_395,False
B3D_0396,bbb_control_b3db,BBBCTRL_396,chembl1935446,C1CS[C@H](CN1)C2=NC3=CC=CC=C3N2CC4=CC=C(C=C4)F,,,,,,,,,,,,control_positive,logBB,0.89,,,B,BBBCTRL_396,False
B3D_0397,bbb_control_b3db,BBBCTRL_397,methylcyclopentane,CC1CCCC1,,,,,,,,,,,,control_positive,logBB,0.9,,,B,BBBCTRL_397,False
B3D_0398,bbb_control_b3db,BBBCTRL_398,am-36,CC(C)(C)C1=CC(=CC(=C1O)C(C)(C)C)CN2CCN(CC2)CC(C3=CC=C(C=C3)Cl)O,,,,,,,,,,,,control_positive,logBB,0.91,,,B,BBBCTRL_398,False
B3D_0399,bbb_control_b3db,BBBCTRL_399,(e)-tamoxifen,CC/C(=C(/C1=CC=CC=C1)\C2=CC=C(C=C2)OCCN(C)C)/C3=CC=CC=C3,,,,,,,,,,,,control_positive,logBB,0.92,,,B,BBBCTRL_399,False
B3D_0400,bbb_control_b3db,BBBCTRL_400,"2-[4-(1,2-diphenylbut-1-enyl)phenoxy]-n,n-dimethylethanamine",CCC(=C(C1=CC=CC=C1)C2=CC=C(C=C2)OCCN(C)C)C3=CC=CC=C3,,,,,,,,,,,,control_positive,logBB,0.92,,,B,BBBCTRL_400,False
B3D_0401,bbb_control_b3db,BBBCTRL_401,pfizer compound 8,CC(C)C1=CC(=C(C=C1)OC)CNC2CCCNC2C3=CC=CC=C3,,,,,,,,,,,,control_positive,logBB,0.92,,,B,BBBCTRL_401,False
B3D_0402,bbb_control_b3db,BBBCTRL_402,amphetamine,CC(CC1=CC=CC=C1)N,,,,,,,,,,,,control_positive,logBB,0.93,,,B,BBBCTRL_402,False
B3D_0403,bbb_control_b3db,BBBCTRL_403,methylcyclohexane,CC1CCCCC1,,,,,,,,,,,,control_positive,logBB,0.96,,,B,BBBCTRL_403,False
B3D_0404,bbb_control_b3db,BBBCTRL_404,2095-17-2,C1=CC=C2C(=C1)N(C3=C(S2)C=CC(=C3)Cl)CCCN,,,,,,,,,,,,control_positive,logBB,0.97,,,B,BBBCTRL_404,False
B3D_0405,bbb_control_b3db,BBBCTRL_405,pfizer compound 6,CC(C)(C)C1=CC(=C(C=C1)OC)CNC2CCCNC2C3=CC=CC=C3,,,,,,,,,,,,control_positive,logBB,0.98,,,B,BBBCTRL_405,False
B3D_0406,bbb_control_b3db,BBBCTRL_406,"4-iodo-alpha,alpha'- dipiperidino-m-xylene",C1CCN(CC1)CC2=CC(=C(C=C2)I)CN3CCCCC3,,,,,,,,,,,,control_positive,logBB,0.98,,,B,BBBCTRL_406,False
B3D_0407,bbb_control_b3db,BBBCTRL_407,trimipramine,CC(CN1C2=CC=CC=C2CCC3=CC=CC=C31)CN(C)C,,,,,,,,,,,,control_positive,logBB,0.99,,,B,BBBCTRL_407,False
B3D_0408,bbb_control_b3db,BBBCTRL_408,24219-97-4,CN1CCN2C(C1)C3=CC=CC=C3CC4=CC=CC=C42,,,,,,,,,,,,control_positive,logBB,0.99,,,B,BBBCTRL_408,False
B3D_0409,bbb_control_b3db,BBBCTRL_409,2-methylpentane (isohexane),CCCC(C)C,,,,,,,,,,,,control_positive,logBB,1.0,,,B,BBBCTRL_409,False
B3D_0410,bbb_control_b3db,BBBCTRL_410,tertbutylchlorambucil,CC(C)(C)OC(=O)CCCC1=CC=C(C=C1)N(CCCl)CCCl,,,,,,,,,,,,control_positive,logBB,1.0,,,B,BBBCTRL_410,False
B3D_0411,bbb_control_b3db,BBBCTRL_411,"2,2-dimethylbutane",CCC(C)(C)C,,,,,,,,,,,,control_positive,logBB,1.0,,,B,BBBCTRL_411,False
B3D_0412,bbb_control_b3db,BBBCTRL_412,3-methylpentane,CCC(C)CC,,,,,,,,,,,,control_positive,logBB,1.0,,,B,BBBCTRL_412,False
B3D_0413,bbb_control_b3db,BBBCTRL_413,doxepin,CN(C)CC/C=C/1\C2=CC=CC=C2COC3=CC=CC=C31,,,,,,,,,,,,control_positive,logBB,1.0,,,B,BBBCTRL_413,False
B3D_0414,bbb_control_b3db,BBBCTRL_414,doxepin,CN(C)CCC=C1C2=CC=CC=C2COC3=CC=CC=C31,,,,,,,,,,,,control_positive,logBB,1.0,,,B,BBBCTRL_414,False
B3D_0415,bbb_control_b3db,BBBCTRL_415,acmc-20dhn6,CC12CCN(C1N(C3=C2C=C(C=C3)OC(=O)NC4=CC=CC=C4)C)C,,,,,,,,,,,,control_positive,logBB,1.0,,,B,BBBCTRL_415,False
B3D_0416,bbb_control_b3db,BBBCTRL_416,compound 26,C1CN(CCC1S(=O)(=O)C2=CC=C(C=C2)C#N)CCC3=C(C=C(C=C3)F)F,,,,,,,,,,,,control_positive,logBB,1.0,,,B,BBBCTRL_416,False
B3D_0417,bbb_control_b3db,BBBCTRL_417,1-hexyl-4-(4- iodophenyl)piperazine,CCCCCCN1CCN(CC1)C2=CC=C(C=C2)I,,,,,,,,,,,,control_positive,logBB,1.01,,,B,BBBCTRL_417,False
B3D_0418,bbb_control_b3db,BBBCTRL_418,tripropylphosphine,CC1CCC(C(C1)C)C,,,,,,,,,,,,control_positive,logBB,1.02,,,B,BBBCTRL_418,False
B3D_0419,bbb_control_b3db,BBBCTRL_419,org-5222,CN1CC2C(C1)C3=C(C=CC(=C3)Cl)OC4=CC=CC=C24,,,,,,,,,,,,control_positive,logBB,1.03,,,B,BBBCTRL_419,False
B3D_0420,bbb_control_b3db,BBBCTRL_420,"b-102, asenapine, org5222",CN1CCC2(O)c3ccccc3Oc4ccc(Cl)cc4C2([H])C1,,,,,,,,,,,,control_positive,logBB,1.03,,,B,BBBCTRL_420,False
B3D_0421,bbb_control_b3db,BBBCTRL_421,nortriptyline,CNCCC=C1C2=CC=CC=C2CCC3=CC=CC=C31,,,,,,,,,,,,control_positive,logBB,1.04,,,B,BBBCTRL_421,False
B3D_0422,bbb_control_b3db,BBBCTRL_422,bms-204352,COC1=C(C=C(C=C1)Cl)[C@]2(C3=C(C=C(C=C3)C(F)(F)F)NC2=O)F,,,,,,,,,,,,control_positive,logBB,1.04,,,B,BBBCTRL_422,False
B3D_0423,bbb_control_b3db,BBBCTRL_423,cyclobenzaprine,CN(C)CCC=C1C2=CC=CC=C2C=CC3=CC=CC=C31,,,,,,,,,,,,control_positive,logBB,1.06,,,B,BBBCTRL_423,False
B3D_0424,bbb_control_b3db,BBBCTRL_424,"1,2-dimethylcyclohexane",CC1CCCCC1C,,,,,,,,,,,,control_positive,logBB,1.07,,,B,BBBCTRL_424,False
B3D_0425,bbb_control_b3db,BBBCTRL_425,inaperisone,CCC1=CC=C(C=C1)C(=O)C(C)CN2CCCC2,,,,,,,,,,,,control_positive,logBB,1.08,,,B,BBBCTRL_425,False
B3D_0426,bbb_control_b3db,BBBCTRL_426,astemizole,COC1=CC=C(C=C1)CCN2CCC(CC2)NC3=NC4=CC=CC=C4N3CC5=CC=C(C=C5)F,,,,,,,,,,,,control_positive,logBB,1.1,,,B,BBBCTRL_426,False
B3D_0427,bbb_control_b3db,BBBCTRL_427,77086-21-6,CC12C3=CC=CC=C3CC(N1)C4=CC=CC=C24,,,,,,,,,,,,control_positive,logBB,1.11,,,B,BBBCTRL_427,False
B3D_0428,bbb_control_b3db,BBBCTRL_428,i-4 (44cyanophenoxymethylpiperidineniodoallyl),C1CN(CCC1COC2=CC=C(C=C2)C#N)C/C=C/I,,,,,,,,,,,,control_positive,logBB,1.13,,,B,BBBCTRL_428,False
B3D_0429,bbb_control_b3db,BBBCTRL_429,i-4 (44cyanophenoxymethylpiperidineniodoallyl),C1CN(CCC1COC2=CC=C(C=C2)C#N)CC=CI,,,,,,,,,,,,control_positive,logBB,1.13,,,B,BBBCTRL_429,False
B3D_0430,bbb_control_b3db,BBBCTRL_430,zanapezil,C1CCNC2=C(C1)C=CC(=C2)C(=O)CCC3CCN(CC3)CC4=CC=CC=C4,,,,,,,,,,,,control_positive,logBB,1.14,,,B,BBBCTRL_430,False
B3D_0431,bbb_control_b3db,BBBCTRL_431,9-c17,CCC1=CC(=CC=C1)NC(=NC2=CC=CC(=C2)CC)C,,,,,,,,,,,,control_positive,logBB,1.2,,,B,BBBCTRL_431,False
B3D_0432,bbb_control_b3db,BBBCTRL_432,pfizer compound 23,COC1=CC2=C(C=C1CNC3CCCNC3C4=CC=CC=C4)N=C(S2)C5=CC=CC=C5,,,,,,,,,,,,control_positive,logBB,1.26,,,B,BBBCTRL_432,False
B3D_0433,bbb_control_b3db,BBBCTRL_433,haloperidol,C1CN(CCC1(C2=CC=C(C=C2)Cl)O)CCCC(=O)C3=CC=C(C=C3)F,,,,,,,,,,,,control_positive,logBB,1.3,,,B,BBBCTRL_433,False
B3D_0434,bbb_control_b3db,BBBCTRL_434,maprotiline,CNCCCC12CCC(C3=CC=CC=C31)C4=CC=CC=C24,,,,,,,,,,,,control_positive,logBB,1.3,,,B,BBBCTRL_434,False
B3D_0435,bbb_control_b3db,BBBCTRL_435,1-isobutyl-4-(4-iodophenyl)piperazine,CC(C)CN1CCN(CC1)C2=CC=C(C=C2)I,,,,,,,,,,,,control_positive,logBB,1.38,,,B,BBBCTRL_435,False
B3D_0436,bbb_control_b3db,BBBCTRL_436,1-isobutyl-4-(4-iodophenyl)piperazine,CCC(C)N1CCN(CC1)C2=CC=C(C=C2)I,,,,,,,,,,,,control_positive,logBB,1.38,,,B,BBBCTRL_436,False
B3D_0437,bbb_control_b3db,BBBCTRL_437,bromperidol,C1CN(CCC1(C2=CC=C(C=C2)Br)O)CCCC(=O)C3=CC=C(C=C3)F,,,,,,,,,,,,control_positive,logBB,1.38,,,B,BBBCTRL_437,False
B3D_0438,bbb_control_b3db,BBBCTRL_438,bromperidol,C1(Br)C=CC(C2(O)CCN(CCC(=O)C3C=CC(F)=CC=3)CC2)=CC=1,,,,,,,,,,,,control_positive,logBB,1.38,,,B,BBBCTRL_438,False
B3D_0439,bbb_control_b3db,BBBCTRL_439,117-89-5,C[NH+]1CC[NH+](CC1)CCCN2C3=CC=CC=C3SC4=C2C=C(C=C4)C(F)(F)F,,,,,,,,,,,,control_positive,logBB,1.4,,,B,BBBCTRL_439,False
B3D_0440,bbb_control_b3db,BBBCTRL_440,chembl4248308,CC1CCN(CC1)CCCN2C3=CC=CC=C3SC4=C2C=C(C=C4)C(F)(F)F,,,,,,,,,,,,control_positive,logBB,1.44,,,B,BBBCTRL_440,False
B3D_0441,bbb_control_b3db,BBBCTRL_441,trifluopromazine,CN(C)CCCN1C2=CC=CC=C2SC3=C1C=C(C=C3)C(F)(F)F,,,,,,,,,,,,control_positive,logBB,1.44,,,B,BBBCTRL_441,False
B3D_0442,bbb_control_b3db,BBBCTRL_442,trifluroperazine,CN1CCN(CC1)CCCn1c2ccccc2sc2cccc(C(F)(F)F)c12,,,,,,,,,,,,control_positive,logBB,1.44,,,B,BBBCTRL_442,False
B3D_0443,bbb_control_b3db,BBBCTRL_443,fluphenazine,C1CN(CCN1CCCN2C3=CC=CC=C3SC4=C2C=C(C=C4)C(F)(F)F)CCO,,,,,,,,,,,,control_positive,logBB,1.5,,,B,BBBCTRL_443,False
B3D_0444,bbb_control_b3db,BBBCTRL_444,79559-97-0,CNC1CCC(C2=CC=CC=C12)C3=CC(=C(C=C3)Cl)Cl,,,,,,,,,,,,control_positive,logBB,1.6,,,B,BBBCTRL_444,False
B3D_0445,bbb_control_b3db,BBBCTRL_445,chebi: 568657,C1CN(CCN1)C2=NC(=C(C=C2)C(F)(F)F)Cl,,,,,,,,,,,,control_positive,logBB,1.64,,,B,BBBCTRL_445,False
FRI_0001,bbb_control_friden,CHEMBL894,BUPROPION,CC(NC(C)(C)C)C(=O)c1cccc(Cl)c1,,,,,,,,,,,,,"K(p,uu,brain)",,2.0,,,BBBCTRL_446,False
FRI_0002,bbb_control_friden,CHEMBL441,THIOPENTAL,CCCC(C)C1(CC)C(=O)NC(=S)NC1=O,,,,,,,,,,,,,"K(p,uu,brain)",,1.53,,,BBBCTRL_447,False
FRI_0003,bbb_control_friden,CHEMBL1237044,TRAMADOL,COc1cccc(C2(O)CCCCC2CN(C)C)c1,,,,,,,,,,,,,"K(p,uu,brain)",,1.46,,,BBBCTRL_448,False
FRI_0004,bbb_control_friden,CHEMBL249467,PHENYLETHYLMALONAMIDE,CCC(C(N)=O)(C(N)=O)c1ccccc1,,,,,,,,,,,,,"K(p,uu,brain)",,1.25,,,BBBCTRL_449,False
FRI_0005,bbb_control_friden,CHEMBL12,DIAZEPAM,CN1C(=O)CN=C(c2ccccc2)c2cc(Cl)ccc21,,,,,,,,,,,,,"K(p,uu,brain)",,1.07,,,BBBCTRL_450,False
FRI_0006,bbb_control_friden,CHEMBL657,DIPHENHYDRAMINE,CN(C)CCOC(c1ccccc1)c1ccccc1,,,,,,,,,,,,,"K(p,uu,brain)",,1.05,,,BBBCTRL_451,False
FRI_0007,bbb_control_friden,CHEMBL656,OXYCODONE,COc1ccc2c3c1O[C@H]1C(=O)CC[C@@]4(O)[C@@H](C2)N(C)CC[C@]314,,,,,,,,,,,,,"K(p,uu,brain)",,1.03,,,BBBCTRL_452,False
FRI_0008,bbb_control_friden,CHEMBL485,CODEINE,COc1ccc2c3c1O[C@H]1[C@@H](O)C=C[C@H]4[C@@H](C2)N(C)CC[C@@]341,,,,,,,,,,,,,"K(p,uu,brain)",,0.89,,,BBBCTRL_453,False
FRI_0009,bbb_control_friden,CHEMBL741,LAMOTRIGINE,Nc1nnc(-c2cccc(Cl)c2Cl)c(N)n1,,,,,,,,,,,,,"K(p,uu,brain)",,0.88,,,BBBCTRL_454,False
FRI_0010,bbb_control_friden,CHEMBL963,OXYMORPHONE,CN1CC[C@]23c4c5ccc(O)c4O[C@H]2C(=O)CC[C@@]3(O)[C@H]1C5,,,,,,,,,,,,,"K(p,uu,brain)",,0.79,,,BBBCTRL_455,False
FRI_0011,bbb_control_friden,CHEMBL95,TACRINE,Nc1c2c(nc3ccccc13)CCCC2,,,,,,,,,,,,,"K(p,uu,brain)",,0.78,,,BBBCTRL_456,False
FRI_0012,bbb_control_friden,CHEMBL629,AMITRIPTYLINE,CN(C)CCC=C1c2ccccc2CCc2ccccc21,,,,,,,,,,,,,"K(p,uu,brain)",,0.73,,,BBBCTRL_457,False
FRI_0013,bbb_control_friden,CHEMBL13,METOPROLOL,COCCc1ccc(OCC(O)CNC(C)C)cc1,,,,,,,,,,,,,"K(p,uu,brain)",,0.64,,,BBBCTRL_458,False
FRI_0014,bbb_control_friden,CHEMBL27,PROPRANOLOL,CC(C)NCC(O)COc1cccc2ccccc12,,,,,,,,,,,,,"K(p,uu,brain)",,0.61,,,BBBCTRL_459,False
FRI_0015,bbb_control_friden,CHEMBL500,PINDOLOL,CC(C)NCC(O)COc1cccc2[nH]ccc12,,,,,,,,,,,,,"K(p,uu,brain)",,0.5,,,BBBCTRL_460,False
FRI_0016,bbb_control_friden,CHEMBL479,THIORIDAZINE,CSc1ccc2c(c1)N(CCC1CCCCN1C)c1ccccc1S2,,,,,,,,,,,,,"K(p,uu,brain)",,0.45,,,BBBCTRL_461,False
FRI_0017,bbb_control_friden,CHEMBL266195,ALPRENOLOL,C=CCc1ccccc1OCC(O)CNC(C)C,,,,,,,,,,,,,"K(p,uu,brain)",,0.38,,,BBBCTRL_462,False
FRI_0018,bbb_control_friden,CHEMBL220492,TOPIRAMATE,CC1(C)O[C@@H]2[C@@H](CO[C@@]3(COS(N)(=O)=O)OC(C)(C)O[C@@H]23)O1,,,,,,,,,,,,,"K(p,uu,brain)",,0.33,,,BBBCTRL_463,False
FRI_0019,bbb_control_friden,CHEMBL546,OXPRENOLOL,C=CCOc1ccccc1OCC(O)CNC(C)C,,,,,,,,,,,,,"K(p,uu,brain)",,0.2,,,BBBCTRL_464,False
FRI_0020,bbb_control_friden,CHEMBL424,SALICYLIC ACID,O=C(O)c1ccccc1O,,,,,,,,,,,,,"K(p,uu,brain)",,0.19,,,BBBCTRL_465,False
FRI_0021,bbb_control_friden,CHEMBL70,MORPHINE,CN1CC[C@]23c4c5ccc(O)c4O[C@H]2[C@@H](O)C=C[C@H]3[C@H]1C5,,,,,,,,,,,,,"K(p,uu,brain)",,0.15,,,BBBCTRL_466,False
FRI_0022,bbb_control_friden,CHEMBL940,GABAPENTIN,NCC1(CC(=O)O)CCCCC1,,,,,,,,,,,,,"K(p,uu,brain)",,0.14,,,BBBCTRL_467,False
FRI_0023,bbb_control_friden,CHEMBL5315124,LEVOFLOXACIN,C[C@H]1COc2c(N3CCN(C)CC3)c(F)cc3c(=O)c(C(=O)O)cn1c23.C[C@H]1COc2c(N3CCN(C)CC3)c(F)cc3c(=O)c(C(=O)O)cn1c23.O,,,,,,,,,,,,,"K(p,uu,brain)",,0.12,,,BBBCTRL_468,False
FRI_0024,bbb_control_friden,CHEMBL6,INDOMETHACIN,COc1ccc2c(c1)c(CC(=O)O)c(C)n2C(=O)c1ccc(Cl)cc1,,,,,,,,,,,,,"K(p,uu,brain)",,0.11,,,BBBCTRL_469,False
FRI_0025,bbb_control_friden,CHEMBL129,ZIDOVUDINE,Cc1cn([C@H]2C[C@H](N=[N+]=[N-])[C@@H](CO)O2)c(=O)[nH]c1=O,,,,,,,,,,,,,"K(p,uu,brain)",,0.09,,,BBBCTRL_470,False
FRI_0026,bbb_control_friden,CHEMBL114,SAQUINAVIR,CC(C)(C)NC(=O)[C@@H]1C[C@@H]2CCCC[C@@H]2CN1C[C@@H](O)[C@H](Cc1ccccc1)NC(=O)[C@H](CC(N)=O)NC(=O)c1ccc2ccccc2n1,,,,,,,,,,,,,"K(p,uu,brain)",,0.055,,,BBBCTRL_471,False
FRI_0027,bbb_control_friden,CHEMBL6966,VERAPAMIL,COc1ccc(CCN(C)CCCC(C#N)(c2ccc(OC)c(OC)c2)C(C)C)cc1OC,,,,,,,,,,,,,"K(p,uu,brain)",,0.053,,,BBBCTRL_472,False
FRI_0028,bbb_control_friden,CHEMBL593,DELAVIRDINE,CC(C)Nc1cccnc1N1CCN(C(=O)c2cc3cc(NS(C)(=O)=O)ccc3[nH]2)CC1,,,,,,,,,,,,,"K(p,uu,brain)",,0.043,,,BBBCTRL_473,False
FRI_0029,bbb_control_friden,CHEMBL521606,NADOLOL,CC(C)(C)NCC(O)COc1cccc2c1CC(O)C(O)C2,,,,,,,,,,,,,"K(p,uu,brain)",,0.037,,,BBBCTRL_474,False
FRI_0030,bbb_control_friden,CHEMBL374478,RIFAMPIN,CO[C@H]1/C=C/O[C@@]2(C)Oc3c(C)c(O)c4c(O)c(c(/C=N/N5CCN(C)CC5)c(O)c4c3C2=O)NC(=O)/C(C)=C\C=C\[C@H](C)[C@H](O)[C@@H](C)[C@@H](O)[C@@H](C)[C@H](OC(C)=O)[C@@H]1C,,,,,,,,,,,,,"K(p,uu,brain)",,0.035,,,BBBCTRL_475,False
FRI_0031,bbb_control_friden,CHEMBL9,NORFLOXACIN,CCn1cc(C(=O)O)c(=O)c2cc(F)c(N3CCNCC3)cc21,,,,,,,,,,,,,"K(p,uu,brain)",,0.028,,,BBBCTRL_476,False
FRI_0032,bbb_control_friden,CHEMBL24,ATENOLOL,CC(C)NCC(O)COc1ccc(CC(N)=O)cc1,,,,,,,,,,,,,"K(p,uu,brain)",,0.026,,,BBBCTRL_477,False
FRI_0033,bbb_control_friden,CHEMBL701,BACLOFEN,NCC(CC(=O)O)c1ccc(Cl)cc1,,,,,,,,,,,,,"K(p,uu,brain)",,0.02,,,BBBCTRL_478,False
FRI_0034,bbb_control_friden,CHEMBL584,NELFINAVIR,Cc1c(O)cccc1C(=O)N[C@@H](CSc1ccccc1)[C@H](O)CN1C[C@H]2CCCC[C@H]2C[C@H]1C(=O)NC(C)(C)C,,,,,,,,,,,,,"K(p,uu,brain)",,0.019,,,BBBCTRL_479,False
FRI_0035,bbb_control_friden,CHEMBL74632,MOXALACTAM,CO[C@@]1(NC(=O)C(C(=O)O)c2ccc(O)cc2)C(=O)N2C(C(=O)O)=C(CSc3nnnn3C)CO[C@@H]21,,,,,,,,,,,,,"K(p,uu,brain)",,0.019,,,BBBCTRL_480,False
FRI_0036,bbb_control_friden,CHEMBL1329,MORPHINE 3-GLUCURONIDE,CN1CC[C@]23c4c5ccc(O[C@@H]6O[C@H](C(=O)O)[C@@H](O)[C@H](O)[C@H]6O)c4O[C@H]2[C@@H](O)C=C[C@H]3[C@H]1C5,,,,,,,,,,,,,"K(p,uu,brain)",,0.011,,,BBBCTRL_481,False
FRI_0037,bbb_control_friden,CHEMBL572,NITROFURANTOIN,O=C1CN(/N=C/c2ccc([N+](=O)[O-])o2)C(=O)N1,,,,,,,,,,,,,"K(p,uu,brain)",,0.011,,,BBBCTRL_482,False
FRI_0038,bbb_control_friden,CHEMBL1330,MORPHINE GLUCURONIDE,CN1CC[C@]23c4c5ccc(O)c4O[C@H]2[C@@H](O[C@@H]2O[C@H](C(=O)O)[C@@H](O)[C@H](O)[C@H]2O)C=C[C@H]3[C@H]1C5,,,,,,,,,,,,,"K(p,uu,brain)",,0.008,,,BBBCTRL_483,False
FRI_0039,bbb_control_friden,CHEMBL428647,PACLITAXEL,CC(=O)O[C@H]1C(=O)[C@@]2(C)[C@H]([C@H](OC(=O)c3ccccc3)[C@]3(O)C[C@H](OC(=O)[C@H](O)[C@@H](NC(=O)c4ccccc4)c4ccccc4)C(C)=C1C3(C)C)[C@]1(OC(C)=O)CO[C@@H]1C[C@@H]2O,,,,,,,,,,,,,"K(p,uu,brain)",,0.007,,,BBBCTRL_484,False
FRI_0040,bbb_control_friden,CHEMBL841,LOPERAMIDE,CN(C)C(=O)C(CCN1CCC(O)(c2ccc(Cl)cc2)CC1)(c1ccccc1)c1ccccc1,,,,,,,,,,,,,"K(p,uu,brain)",,0.007,,,BBBCTRL_485,False
FRI_0041,bbb_control_friden,CHEMBL34259,METHOTREXATE,CN(Cc1cnc2nc(N)nc(N)c2n1)c1ccc(C(=O)N[C@@H](CCC(=O)O)C(=O)O)cc1,,,,,,,,,,,,,"K(p,uu,brain)",,0.006,,,BBBCTRL_486,False
FRI_0042,bbb_control_friden,CHEMBL1730,CEFOTAXIME,CO/N=C(\C(=O)N[C@@H]1C(=O)N2C(C(=O)O)=C(COC(C)=O)CS[C@H]12)c1csc(N)n1,,,,,,,,,,,,,"K(p,uu,brain)",,,,,BBBCTRL_487,False
