mol_id,set,source_id,compound_name,input_smiles,gka_molecule_pref_name,gka_max_phase,gka_source,gka_curated_direction,gka_priority,gka_potency_band,gka_pactivity_median,gka_is_positive_control,gka_control_name,gka_parent_chembl_id,gka_is_salt,control_class,measure_basis,logbb,kpuu_brain,b3db_label,b3db_group,control_id,input_smiles_missing,parse_ok,std_ok,std_smiles,n_fragments_in,was_desalted,charge_before,charge_after,was_neutralized,std_changed_structure,std_note,mw,mw_exact,heavy_atoms,tpsa,tpsa_sandp,clogp,molmr,hbd,hba,rtb,rtb_nonstrict,rings,aromatic_rings,fsp3,heteroatoms,formal_charge,qed,lipinski_violations,murcko_scaffold,murcko_generic,is_acyclic,inchi,inchikey,inchikey14,n_stereocenters,has_carboxylic_acid,has_basic_amine,has_sulfonamide,has_tetrazole,dup_group,dup_group_size,is_dup_representative,scaffold_cluster_size
GKA_0001,gka_candidate,CHEMBL3219124,AZD-1656,COC[C@H](C)Oc1cc(Oc2cnc(C(=O)N3CCC3)cn2)cc(C(=O)Nc2cnc(C)cn2)c1,AZD-1656,2.0,activity+drug_annotation,ACTIVATOR,P2,≥7.5（EC50 ≤ 32 nM）,7.55,True,AZD-1656,CHEMBL3219124,False,,,,,,,,False,True,True,COC[C@H](C)Oc1cc(Oc2cnc(C(=O)N3CCC3)cn2)cc(C(=O)Nc2cnc(C)cn2)c1,1,False,0,0,False,False,无改动,478.50900000000024,478.1964679320001,35,128.66,128.66,2.879220000000001,125.75670000000004,1,9,9,11,4,3,0.3333333333333333,11,0,0.49342590755726884,0,O=C(Nc1cnccn1)c1cccc(Oc2cnc(C(=O)N3CCC3)cn2)c1,CC(CC1CCCCC1)C1CCCC(CC2CCC(C(C)C3CCC3)CC2)C1,False,"InChI=1S/C24H26N6O5/c1-15-10-27-21(12-25-15)29-23(31)17-7-18(34-16(2)14-33-3)9-19(8-17)35-22-13-26-20(11-28-22)24(32)30-5-4-6-30/h7-13,16H,4-6,14H2,1-3H3,(H,27,29,31)/t16-/m0/s1",FJEJHJINOKKDCW-INIZCTEOSA-N,FJEJHJINOKKDCW,1,False,False,False,False,FJEJHJINOKKDCW-INIZCTEOSA-N,1,True,1
GKA_0002,gka_candidate,CHEMBL2165620,PF-04991532,O=C(O)c1ccc(NC(=O)[C@H](CC2CCCC2)n2cnc(C(F)(F)F)c2)nc1,PF-04991532,2.0,activity+drug_annotation,ACTIVATOR,P2,7.0–7.5（32–100 nM）,7.05,True,PF-04991532,CHEMBL2165620,False,,,,,,,,False,True,True,O=C(O)c1ccc(NC(=O)[C@H](CC2CCCC2)n2cnc(C(F)(F)F)c2)nc1,1,False,0,0,False,False,无改动,396.36899999999997,396.14092512800005,28,97.11000000000001,97.11000000000001,3.755200000000003,92.66700000000002,2,4,6,8,3,2,0.4444444444444444,10,0,0.7750512857245738,0,O=C(Nc1ccccn1)[C@H](CC1CCCC1)n1ccnc1,CC(CC1CCCCC1)C(CC1CCCC1)C1CCCC1,False,"InChI=1S/C18H19F3N4O3/c19-18(20,21)14-9-25(10-23-14)13(7-11-3-1-2-4-11)16(26)24-15-6-5-12(8-22-15)17(27)28/h5-6,8-11,13H,1-4,7H2,(H,27,28)(H,22,24,26)/t13-/m0/s1",GKMLFBRLRVQVJO-ZDUSSCGKSA-N,GKMLFBRLRVQVJO,1,True,False,False,False,GKMLFBRLRVQVJO-ZDUSSCGKSA-N,1,True,4
GKA_0003,gka_candidate,CHEMBL2165615,NERIGLIATIN,Cc1cnc(NC(=O)c2cc(Oc3cnc(C(=O)N(C)C)nc3)c3cc(C)oc3c2)cn1,NERIGLIATIN,2.0,activity+drug_annotation,ACTIVATOR,P3,6.5–7.0（0.1–0.32 µM）,6.725,True,Neriglitin,CHEMBL2165615,False,,,,,,,,False,True,True,Cc1cnc(NC(=O)c2cc(Oc3cnc(C(=O)N(C)C)nc3)c3cc(C)oc3c2)cn1,1,False,0,0,False,False,无改动,432.44000000000017,432.15460312,32,123.34,123.34,3.3760400000000015,115.79670000000002,1,8,5,7,4,4,0.18181818181818182,10,0,0.5090603932790663,0,O=C(Nc1cnccn1)c1cc(Oc2cncnc2)c2ccoc2c1,CC(CC1CCCCC1)C1CC2CCCC2C(CC2CCCCC2)C1,False,"InChI=1S/C22H20N6O4/c1-12-8-24-19(11-23-12)27-21(29)14-6-17-16(5-13(2)31-17)18(7-14)32-15-9-25-20(26-10-15)22(30)28(3)4/h5-11H,1-4H3,(H,24,27,29)",MASKQITXHVYVFL-UHFFFAOYSA-N,MASKQITXHVYVFL,0,False,False,False,False,MASKQITXHVYVFL-UHFFFAOYSA-N,1,True,1
GKA_0004,gka_candidate,CHEMBL1783734,PIRAGLIATIN,CS(=O)(=O)c1ccc([C@@H](C[C@H]2CCC(=O)C2)C(=O)Nc2cnccn2)cc1Cl,PIRAGLIATIN,2.0,activity+drug_annotation,,P3,6.0–6.5（0.32–1 µM）,6.145,True,Piraglitin,CHEMBL1783734,False,,,,,,,,False,True,True,CS(=O)(=O)c1ccc([C@@H](C[C@H]2CCC(=O)C2)C(=O)Nc2cnccn2)cc1Cl,1,False,0,0,False,False,无改动,421.90600000000006,421.08630480000005,28,106.09,114.47,3.0151000000000012,104.9295,1,6,6,7,3,2,0.3684210526315789,9,0,0.7678753723473537,0,O=C1CC[C@H](C[C@@H](C(=O)Nc2cnccn2)c2ccccc2)C1,CC1CCC(CC(C(C)CC2CCCCC2)C2CCCCC2)C1,False,"InChI=1S/C19H20ClN3O4S/c1-28(26,27)17-5-3-13(10-16(17)20)15(9-12-2-4-14(24)8-12)19(25)23-18-11-21-6-7-22-18/h3,5-7,10-12,15H,2,4,8-9H2,1H3,(H,22,23,25)/t12-,15+/m0/s1",XEANIURBPHCHMG-SWLSCSKDSA-N,XEANIURBPHCHMG,2,False,False,False,False,XEANIURBPHCHMG-SWLSCSKDSA-N,1,True,1
GKA_0005,gka_candidate,CHEMBL4086782,,CCS(=O)(=O)c1ccc(Oc2cc3cc(-c4ccc(C(F)(F)F)cn4)[nH]c3cc2C2CCC(=O)N2C)cc1,,,activity,,P1,≥7.5（EC50 ≤ 32 nM）,8.775,False,,CHEMBL4086782,False,,,,,,,,False,True,True,CCS(=O)(=O)c1ccc(Oc2cc3cc(-c4ccc(C(F)(F)F)cn4)[nH]c3cc2C2CCC(=O)N2C)cc1,1,False,0,0,False,False,无改动,543.5670000000002,543.143961908,38,92.36,100.74,6.127900000000005,135.51949999999994,1,5,6,7,5,4,0.25925925925925924,11,0,0.31601835322971744,2,O=C1CCC(c2cc3[nH]c(-c4ccccn4)cc3cc2Oc2ccccc2)N1,CC1CCC(C2CC3CC(C4CCCCC4)CC3CC2CC2CCCCC2)C1,False,"InChI=1S/C27H24F3N3O4S/c1-3-38(35,36)19-7-5-18(6-8-19)37-25-13-16-12-23(21-9-4-17(15-31-21)27(28,29)30)32-22(16)14-20(25)24-10-11-26(34)33(24)2/h4-9,12-15,24,32H,3,10-11H2,1-2H3",NJMQGAPDEDUCFJ-UHFFFAOYSA-N,NJMQGAPDEDUCFJ,1,False,False,False,False,NJMQGAPDEDUCFJ-UHFFFAOYSA-N,1,True,16
GKA_0006,gka_candidate,CHEMBL4067028,,CN1C(=O)CCC1c1cc2[nH]c(-c3ccccn3)cc2cc1Oc1ccc(S(C)(=O)=O)nc1,,,activity,,P1,≥7.5（EC50 ≤ 32 nM）,8.525,False,,CHEMBL4067028,False,,,,,,,,False,True,True,CN1C(=O)CCC1c1cc2[nH]c(-c3ccccn3)cc2cc1Oc1ccc(S(C)(=O)=O)nc1,1,False,0,0,False,False,无改动,462.53100000000023,462.13617618399996,33,105.24999999999999,113.62999999999998,4.114000000000003,123.69550000000001,1,6,5,5,5,4,0.20833333333333334,9,0,0.47844688123305235,0,O=C1CCC(c2cc3[nH]c(-c4ccccn4)cc3cc2Oc2cccnc2)N1,CC1CCC(C2CC3CC(C4CCCCC4)CC3CC2CC2CCCCC2)C1,False,"InChI=1S/C24H22N4O4S/c1-28-21(7-9-24(28)29)17-13-19-15(11-20(27-19)18-5-3-4-10-25-18)12-22(17)32-16-6-8-23(26-14-16)33(2,30)31/h3-6,8,10-14,21,27H,7,9H2,1-2H3",OOXAVDPIQSUYJW-UHFFFAOYSA-N,OOXAVDPIQSUYJW,1,False,False,False,False,OOXAVDPIQSUYJW-UHFFFAOYSA-N,1,True,8
GKA_0007,gka_candidate,CHEMBL4086771,,Cc1cnc(-c2cc3cc(Oc4ccc(S(C)(=O)=O)nc4)c(C4CCC(=O)N4C)cc3[nH]2)s1,,,activity,,P1,≥7.5（EC50 ≤ 32 nM）,8.385,False,,CHEMBL4086771,False,,,,,,,,False,True,True,Cc1cnc(-c2cc3cc(Oc4ccc(S(C)(=O)=O)nc4)c(C4CCC(=O)N4C)cc3[nH]2)s1,1,False,0,0,False,False,无改动,482.5870000000002,482.10824718400005,33,105.25,141.87,4.483920000000003,126.30950000000004,1,7,5,5,5,4,0.2608695652173913,10,0,0.4495205400161705,0,O=C1CCC(c2cc3[nH]c(-c4nccs4)cc3cc2Oc2cccnc2)N1,CC1CCC(C2CC3CC(C4CCCC4)CC3CC2CC2CCCCC2)C1,False,"InChI=1S/C23H22N4O4S2/c1-13-11-25-23(32-13)18-8-14-9-20(31-15-4-6-21(24-12-15)33(3,29)30)16(10-17(14)26-18)19-5-7-22(28)27(19)2/h4,6,8-12,19,26H,5,7H2,1-3H3",FSFGCNSEUFOTBJ-UHFFFAOYSA-N,FSFGCNSEUFOTBJ,1,False,False,False,False,FSFGCNSEUFOTBJ-UHFFFAOYSA-N,1,True,4
GKA_0008,gka_candidate,CHEMBL4092800,,COc1ccc(Sc2ccc(Sc3ccccn3)nc2C(=O)Nc2nc(CC(=O)O)c(Cl)s2)cc1,,,activity,,P1,≥7.5（EC50 ≤ 32 nM）,8.24,False,,CHEMBL4092800,False,,,,,,,,False,True,True,COc1ccc(Sc2ccc(Sc3ccccn3)nc2C(=O)Nc2nc(CC(=O)O)c(Cl)s2)cc1,1,False,0,0,False,False,无改动,545.0670000000002,544.010045704,35,114.3,193.14000000000001,5.776900000000002,136.131,2,9,9,10,4,4,0.08695652173913043,12,0,0.27046535960352613,2,O=C(Nc1nccs1)c1nc(Sc2ccccn2)ccc1Sc1ccccc1,CC(CC1CCCC1)C1CC(CC2CCCCC2)CCC1CC1CCCCC1,False,"InChI=1S/C23H17ClN4O4S3/c1-32-13-5-7-14(8-6-13)33-16-9-10-18(34-17-4-2-3-11-25-17)27-20(16)22(31)28-23-26-15(12-19(29)30)21(24)35-23/h2-11H,12H2,1H3,(H,29,30)(H,26,28,31)",LBGJOPLJDBUTRE-UHFFFAOYSA-N,LBGJOPLJDBUTRE,0,True,False,False,False,LBGJOPLJDBUTRE-UHFFFAOYSA-N,1,True,5
GKA_0009,gka_candidate,CHEMBL4078915,,CN1C(=O)CCC1c1cc2[nH]c(-c3cnccn3)cc2cc1Oc1ccc(S(C)(=O)=O)nc1,,,activity,,P1,≥7.5（EC50 ≤ 32 nM）,8.05,False,,CHEMBL4078915,False,,,,,,,,False,True,True,CN1C(=O)CCC1c1cc2[nH]c(-c3cnccn3)cc2cc1Oc1ccc(S(C)(=O)=O)nc1,1,False,0,0,False,False,无改动,463.51900000000023,463.13142515199996,33,118.14,126.52,3.509000000000002,121.49050000000003,1,7,5,5,5,4,0.21739130434782608,10,0,0.4810699107642718,0,O=C1CCC(c2cc3[nH]c(-c4cnccn4)cc3cc2Oc2cccnc2)N1,CC1CCC(C2CC3CC(C4CCCCC4)CC3CC2CC2CCCCC2)C1,False,"InChI=1S/C23H21N5O4S/c1-28-20(4-6-23(28)29)16-11-17-14(9-18(27-17)19-13-24-7-8-25-19)10-21(16)32-15-3-5-22(26-12-15)33(2,30)31/h3,5,7-13,20,27H,4,6H2,1-2H3",SWHHKLQQVAMTGD-UHFFFAOYSA-N,SWHHKLQQVAMTGD,1,False,False,False,False,SWHHKLQQVAMTGD-UHFFFAOYSA-N,1,True,1
GKA_0010,gka_candidate,CHEMBL3764079,,CS(=O)(=O)c1ccc(/C(=C/C2CCCC2)c2cc3cccnc3[nH]2)cc1Cl,,,activity,,P1,≥7.5（EC50 ≤ 32 nM）,7.91,False,,CHEMBL3764079,False,,,,,,,,False,True,True,CS(=O)(=O)c1ccc(/C(=C/C2CCCC2)c2cc3cccnc3[nH]2)cc1Cl,1,False,0,0,False,False,无改动,400.93100000000004,400.10122659200005,27,62.82,71.2,5.241700000000003,109.69250000000002,1,3,4,4,4,3,0.2857142857142857,6,0,0.6507132357445558,1,C(=C(\c1ccccc1)c1cc2cccnc2[nH]1)/C1CCCC1,C1CCC(C(CC2CCCC2)C2CC3CCCCC3C2)CC1,False,"InChI=1S/C21H21ClN2O2S/c1-27(25,26)20-9-8-15(12-18(20)22)17(11-14-5-2-3-6-14)19-13-16-7-4-10-23-21(16)24-19/h4,7-14H,2-3,5-6H2,1H3,(H,23,24)/b17-11-",NNBNDCTUZWVYRP-BOPFTXTBSA-N,NNBNDCTUZWVYRP,0,False,False,False,False,NNBNDCTUZWVYRP-BOPFTXTBSA-N,1,True,3
GKA_0011,gka_candidate,CHEMBL5076377,,CCOP(=O)(Cn1ccc(NC(=O)c2cc(Oc3ccc(C(=O)N4CCC4)nc3)cc(OC(C)C)c2)n1)OCC,,,activity,,P1,≥7.5（EC50 ≤ 32 nM）,7.6,False,,CHEMBL5076377,False,,,,,,,,False,True,True,CCOP(=O)(Cn1ccc(NC(=O)c2cc(Oc3ccc(C(=O)N4CCC4)nc3)cc(OC(C)C)c2)n1)OCC,1,False,0,0,False,False,无改动,571.5710000000003,571.219585058,40,134.10999999999999,143.92,5.179400000000005,148.0761999999998,1,9,13,15,4,3,0.4074074074074074,13,0,0.27548155186880435,2,O=C(Nc1cc[nH]n1)c1cccc(Oc2ccc(C(=O)N3CCC3)nc2)c1,CC(CC1CCCC1)C1CCCC(CC2CCC(C(C)C3CCC3)CC2)C1,False,"InChI=1S/C27H34N5O7P/c1-5-36-40(35,37-6-2)18-32-13-10-25(30-32)29-26(33)20-14-22(38-19(3)4)16-23(15-20)39-21-8-9-24(28-17-21)27(34)31-11-7-12-31/h8-10,13-17,19H,5-7,11-12,18H2,1-4H3,(H,29,30,33)",FPFGEPDLUGAUFH-UHFFFAOYSA-N,FPFGEPDLUGAUFH,0,False,False,False,False,FPFGEPDLUGAUFH-UHFFFAOYSA-N,1,True,1
GKA_0012,gka_candidate,CHEMBL1165653,,CC(C)c1csc(NC(=O)[C@H](CC2CCOCC2)c2ccc(S(=O)(=O)C3CC3)cc2)n1,,,activity,,P1,≥7.5（EC50 ≤ 32 nM）,7.58,False,,CHEMBL1165653,False,,,,,,,,False,True,True,CC(C)c1csc(NC(=O)[C@H](CC2CCOCC2)c2ccc(S(=O)(=O)C3CC3)cc2)n1,1,False,0,0,False,False,无改动,462.63700000000017,462.16469943999994,31,85.36,121.97999999999998,4.7416000000000045,122.38350000000004,1,6,8,9,4,2,0.5652173913043478,8,0,0.6122998280051116,0,O=C(Nc1nccs1)[C@H](CC1CCOCC1)c1ccc(S(=O)(=O)C2CC2)cc1,CC(CC1CCCC1)C(CC1CCCCC1)C1CCC(C(C)(C)C2CC2)CC1,False,"InChI=1S/C23H30N2O4S2/c1-15(2)21-14-30-23(24-21)25-22(26)20(13-16-9-11-29-12-10-16)17-3-5-18(6-4-17)31(27,28)19-7-8-19/h3-6,14-16,19-20H,7-13H2,1-2H3,(H,24,25,26)/t20-/m1/s1",BPQYAGOLJHAJOW-HXUWFJFHSA-N,BPQYAGOLJHAJOW,1,False,False,False,False,BPQYAGOLJHAJOW-HXUWFJFHSA-N,1,True,4
GKA_0013,gka_candidate,CHEMBL572840,,Cc1cccc(C#N)c1Oc1ccc2ncnc(Nc3ccn(C)n3)c2c1,,,activity,,P1,≥7.5（EC50 ≤ 32 nM）,7.58,False,,CHEMBL572840,False,,,,,,,,False,True,True,Cc1cccc(C#N)c1Oc1ccc2ncnc(Nc3ccn(C)n3)c2c1,1,False,0,0,False,False,无改动,356.3890000000001,356.13855913200007,27,88.64999999999999,88.64999999999999,4.079300000000003,101.99670000000003,1,6,4,4,4,4,0.1,7,0,0.5925900994718363,0,c1ccc(Oc2ccc3ncnc(Nc4cc[nH]n4)c3c2)cc1,C1CCC(CC2CCC3CCCC(CC4CCCC4)C3C2)CC1,False,"InChI=1S/C20H16N6O/c1-13-4-3-5-14(11-21)19(13)27-15-6-7-17-16(10-15)20(23-12-22-17)24-18-8-9-26(2)25-18/h3-10,12H,1-2H3,(H,22,23,24,25)",LXXVOFSEARSYCJ-UHFFFAOYSA-N,LXXVOFSEARSYCJ,0,False,False,False,False,LXXVOFSEARSYCJ-UHFFFAOYSA-N,1,True,9
GKA_0014,gka_candidate,CHEMBL4079100,,Cc1ccc(Sc2ccc(Sc3nnc[nH]3)nc2C(=O)Nc2ncns2)cn1,,,activity,,P1,≥7.5（EC50 ≤ 32 nM）,7.56,False,,CHEMBL4079100,False,,,,,,,,False,True,True,Cc1ccc(Sc2ccc(Sc3nnc[nH]3)nc2C(=O)Nc2ncns2)cn1,1,False,0,0,False,False,无改动,428.52800000000013,428.02962000400004,28,122.23,201.07,3.3093200000000005,105.70190000000002,2,10,6,7,4,4,0.0625,12,0,0.47595919653798585,0,O=C(Nc1ncns1)c1nc(Sc2nnc[nH]2)ccc1Sc1cccnc1,CC(CC1CCCC1)C1CC(CC2CCCC2)CCC1CC1CCCCC1,False,"InChI=1S/C16H12N8OS3/c1-9-2-3-10(6-17-9)26-11-4-5-12(27-16-18-7-20-24-16)22-13(11)14(25)23-15-19-8-21-28-15/h2-8H,1H3,(H,18,20,24)(H,19,21,23,25)",JADPOZIPXGRFTI-UHFFFAOYSA-N,JADPOZIPXGRFTI,0,False,False,False,False,JADPOZIPXGRFTI-UHFFFAOYSA-N,1,True,1
GKA_0015,gka_candidate,CHEMBL2022798,,CC(C)=CCOc1cc(Oc2ccc(S(=O)(=O)C3CC3)cc2)cc(C(=O)Nc2nccs2)c1,,,activity,,P1,≥7.5（EC50 ≤ 32 nM）,7.55,False,,CHEMBL2022798,False,,,,,,,,False,True,True,CC(C)=CCOc1cc(Oc2ccc(S(=O)(=O)C3CC3)cc2)cc(C(=O)Nc2nccs2)c1,1,False,0,0,False,False,无改动,484.5990000000002,484.112663868,33,94.59,131.21,5.468800000000004,128.15900000000005,1,7,9,10,4,3,0.25,9,0,0.40489979873794263,1,O=C(Nc1nccs1)c1cccc(Oc2ccc(S(=O)(=O)C3CC3)cc2)c1,CC(CC1CCCC1)C1CCCC(CC2CCC(C(C)(C)C3CC3)CC2)C1,False,"InChI=1S/C24H24N2O5S2/c1-16(2)9-11-30-19-13-17(23(27)26-24-25-10-12-32-24)14-20(15-19)31-18-3-5-21(6-4-18)33(28,29)22-7-8-22/h3-6,9-10,12-15,22H,7-8,11H2,1-2H3,(H,25,26,27)",DXVPBLVBEAAZRB-UHFFFAOYSA-N,DXVPBLVBEAAZRB,0,False,False,False,False,DXVPBLVBEAAZRB-UHFFFAOYSA-N,1,True,2
GKA_0016,gka_candidate,CHEMBL5076695,,CCOP(=O)(Cn1ccc(NC(=O)c2cc(Oc3ccc(S(=O)(=O)CC)cc3)cc(OC(C)C)c2)n1)OCC,,,activity,,P1,≥7.5（EC50 ≤ 32 nM）,7.55,False,,CHEMBL5076695,False,,,,,,,,False,True,True,CCOP(=O)(Cn1ccc(NC(=O)c2cc(Oc3ccc(S(=O)(=O)CC)cc3)cc(OC(C)C)c2)n1)OCC,1,False,0,0,False,False,无改动,579.6120000000002,579.180422678,39,135.04999999999998,153.23999999999998,5.732100000000005,147.48749999999978,1,9,14,15,3,3,0.38461538461538464,13,0,0.23748914292442289,2,O=C(Nc1cc[nH]n1)c1cccc(Oc2ccccc2)c1,CC(CC1CCCC1)C1CCCC(CC2CCCCC2)C1,False,"InChI=1S/C26H34N3O8PS/c1-6-34-38(31,35-7-2)18-29-14-13-25(28-29)27-26(30)20-15-22(36-19(4)5)17-23(16-20)37-21-9-11-24(12-10-21)39(32,33)8-3/h9-17,19H,6-8,18H2,1-5H3,(H,27,28,30)",ZLEHPGWPTWVVKN-UHFFFAOYSA-N,ZLEHPGWPTWVVKN,0,False,False,False,False,ZLEHPGWPTWVVKN-UHFFFAOYSA-N,1,True,12
GKA_0017,gka_candidate,CHEMBL4101417,,O=C(Nc1ncc(Cl)s1)[C@H](CC1CCOCC1)n1ncc2c(S(=O)(=O)C3CC3)cccc21,,,activity,,P1,≥7.5（EC50 ≤ 32 nM）,7.51,False,,CHEMBL4101417,False,,,,,,,,False,True,True,O=C(Nc1ncc(Cl)s1)[C@H](CC1CCOCC1)n1ncc2c(S(=O)(=O)C3CC3)cccc21,1,False,0,0,False,False,无改动,495.0260000000003,494.084924896,32,103.17999999999998,139.8,4.078800000000004,122.89150000000002,1,7,7,8,5,3,0.47619047619047616,11,0,0.530487980759734,0,O=C(Nc1nccs1)[C@H](CC1CCOCC1)n1ncc2c(S(=O)(=O)C3CC3)cccc21,CC(CC1CCCC1)C(CC1CCCCC1)C1CCC2C1CCCC2C(C)(C)C1CC1,False,"InChI=1S/C21H23ClN4O4S2/c22-19-12-23-21(31-19)25-20(27)17(10-13-6-8-30-9-7-13)26-16-2-1-3-18(15(16)11-24-26)32(28,29)14-4-5-14/h1-3,11-14,17H,4-10H2,(H,23,25,27)/t17-/m0/s1",AMNCFZVGAPBFJS-KRWDZBQOSA-N,AMNCFZVGAPBFJS,1,False,False,False,False,AMNCFZVGAPBFJS-KRWDZBQOSA-N,1,True,6
GKA_0018,gka_candidate,CHEMBL596026,,CCS(=O)(=O)c1ccc(Oc2cc3nc(-c4ccccn4)[nH]c3cc2CN2C(=O)COC2=O)cc1,,,activity,,P1,7.0–7.5（32–100 nM）,7.375,False,,CHEMBL596026,False,,,,,,,,False,True,True,CCS(=O)(=O)c1ccc(Oc2cc3nc(-c4ccccn4)[nH]c3cc2CN2C(=O)COC2=O)cc1,1,False,0,0,False,False,无改动,492.51300000000026,492.11035535999997,35,131.55,139.93,3.6896000000000013,125.46550000000002,1,8,7,7,5,4,0.16666666666666666,11,0,0.41319014296601814,0,O=C1COC(=O)N1Cc1cc2[nH]c(-c3ccccn3)nc2cc1Oc1ccccc1,CC1CCC(C)C1CC1CC2CC(C3CCCCC3)CC2CC1CC1CCCCC1,False,"InChI=1S/C24H20N4O6S/c1-2-35(31,32)17-8-6-16(7-9-17)34-21-12-20-19(26-23(27-20)18-5-3-4-10-25-18)11-15(21)13-28-22(29)14-33-24(28)30/h3-12H,2,13-14H2,1H3,(H,26,27)",HRYYRMWFRRSPFD-UHFFFAOYSA-N,HRYYRMWFRRSPFD,0,False,False,False,False,HRYYRMWFRRSPFD-UHFFFAOYSA-N,1,True,1
GKA_0019,gka_candidate,CHEMBL2023054,,CC(C)=CCOc1cc(Oc2ccc(S(=O)(=O)N3CC[C@H](F)C3)cc2)cc(C(=O)Nc2ncc(F)s2)c1,,,activity,,P1,7.0–7.5（32–100 nM）,7.35,False,,CHEMBL2023054,False,,,,,,,,False,True,True,CC(C)=CCOc1cc(Oc2ccc(S(=O)(=O)N3CC[C@H](F)C3)cc2)cc(C(=O)Nc2ncc(F)s2)c1,1,False,0,0,False,False,无改动,549.6210000000002,549.12036934,37,97.83,134.45,5.404300000000005,136.18099999999998,1,7,9,10,4,3,0.28,12,0,0.3589371781645523,2,O=C(Nc1nccs1)c1cccc(Oc2ccc(S(=O)(=O)N3CCCC3)cc2)c1,CC(CC1CCCC1)C1CCCC(CC2CCC(C(C)(C)C3CCCC3)CC2)C1,False,"InChI=1S/C25H25F2N3O5S2/c1-16(2)8-10-34-20-11-17(24(31)29-25-28-14-23(27)36-25)12-21(13-20)35-19-3-5-22(6-4-19)37(32,33)30-9-7-18(26)15-30/h3-6,8,11-14,18H,7,9-10,15H2,1-2H3,(H,28,29,31)/t18-/m0/s1",UCEWQSGJSJZKKB-SFHVURJKSA-N,UCEWQSGJSJZKKB,1,False,False,True,False,UCEWQSGJSJZKKB-SFHVURJKSA-N,1,True,2
GKA_0020,gka_candidate,CHEMBL2023432,,CC(C)=CCOc1cc(Oc2ccc(S(=O)(=O)N3C[C@@H](C)O[C@@H](C)C3)cc2)cc(C(=O)Nc2cc(C)n(C)n2)c1,,,activity,,P1,7.0–7.5（32–100 nM）,7.35,False,,CHEMBL2023432,False,,,,,,,,False,True,True,CC(C)=CCOc1cc(Oc2ccc(S(=O)(=O)N3C[C@@H](C)O[C@@H](C)C3)cc2)cc(C(=O)Nc2cc(C)n(C)n2)c1,1,False,0,0,False,False,无改动,568.6960000000001,568.235555872,40,111.99000000000002,120.37000000000002,4.916020000000005,152.54999999999976,1,7,9,10,4,3,0.3793103448275862,11,0,0.36495574048814605,1,O=C(Nc1cc[nH]n1)c1cccc(Oc2ccc(S(=O)(=O)N3CCOCC3)cc2)c1,CC(CC1CCCC1)C1CCCC(CC2CCC(C(C)(C)C3CCCCC3)CC2)C1,False,"InChI=1S/C29H36N4O6S/c1-19(2)11-12-37-25-14-23(29(34)30-28-13-20(3)32(6)31-28)15-26(16-25)39-24-7-9-27(10-8-24)40(35,36)33-17-21(4)38-22(5)18-33/h7-11,13-16,21-22H,12,17-18H2,1-6H3,(H,30,31,34)/t21-,22+",BDKQYGBLMIUIPE-SZPZYZBQSA-N,BDKQYGBLMIUIPE,2,False,False,True,False,BDKQYGBLMIUIPE-SZPZYZBQSA-N,1,True,4
GKA_0021,gka_candidate,CHEMBL584378,,Cn1ccc(Nc2ncnc3ccc(Oc4ncccc4Br)cc23)n1,,,activity,,P1,7.0–7.5（32–100 nM）,7.33,False,,CHEMBL584378,False,,,,,,,,False,True,True,Cn1ccc(Nc2ncnc3ccc(Oc4ncccc4Br)cc23)n1,1,False,0,0,False,False,无改动,397.23600000000005,396.0334211360001,25,77.75,77.75,4.056700000000002,98.03970000000002,1,6,4,4,4,4,0.058823529411764705,8,0,0.5598330551677665,0,c1ccc(Oc2ccc3ncnc(Nc4cc[nH]n4)c3c2)nc1,C1CCC(CC2CCC3CCCC(CC4CCCC4)C3C2)CC1,False,"InChI=1S/C17H13BrN6O/c1-24-8-6-15(23-24)22-16-12-9-11(4-5-14(12)20-10-21-16)25-17-13(18)3-2-7-19-17/h2-10H,1H3,(H,20,21,22,23)",MEUYOPBFTQWYFU-UHFFFAOYSA-N,MEUYOPBFTQWYFU,0,False,False,False,False,MEUYOPBFTQWYFU-UHFFFAOYSA-N,1,True,5
GKA_0022,gka_candidate,CHEMBL2022800,,CC(C)=CCOc1cc(Oc2ccc(S(=O)(=O)N3CCOCC3)cc2)cc(C(=O)Nc2nccs2)c1,,,activity,,P1,7.0–7.5（32–100 nM）,7.32,False,,CHEMBL2022800,False,,,,,,,,False,True,True,CC(C)=CCOc1cc(Oc2ccc(S(=O)(=O)N3CCOCC3)cc2)cc(C(=O)Nc2nccs2)c1,1,False,0,0,False,False,无改动,529.6400000000003,529.134127584,36,107.06000000000002,143.68,4.553600000000004,137.52899999999994,1,8,9,10,4,3,0.28,11,0,0.40525940842197805,1,O=C(Nc1nccs1)c1cccc(Oc2ccc(S(=O)(=O)N3CCOCC3)cc2)c1,CC(CC1CCCC1)C1CCCC(CC2CCC(C(C)(C)C3CCCCC3)CC2)C1,False,"InChI=1S/C25H27N3O6S2/c1-18(2)7-11-33-21-15-19(24(29)27-25-26-8-14-35-25)16-22(17-21)34-20-3-5-23(6-4-20)36(30,31)28-9-12-32-13-10-28/h3-8,14-17H,9-13H2,1-2H3,(H,26,27,29)",FTAUVKBULYPEQD-UHFFFAOYSA-N,FTAUVKBULYPEQD,0,False,False,True,False,FTAUVKBULYPEQD-UHFFFAOYSA-N,1,True,4
GKA_0023,gka_candidate,CHEMBL5083525,,CCOP(=O)(Cn1ncc(NC(=O)c2cc(Oc3ccc(S(C)(=O)=O)cc3)cc(O[C@@H](C)COC)c2)n1)OCC,,,activity,,P1,7.0–7.5（32–100 nM）,7.31,False,,CHEMBL5083525,False,,,,,,,,False,True,True,CCOP(=O)(Cn1ncc(NC(=O)c2cc(Oc3ccc(S(C)(=O)=O)cc3)cc(O[C@@H](C)COC)c2)n1)OCC,1,False,0,0,False,False,无改动,596.5990000000002,596.170586266,40,157.17,175.35999999999999,4.363500000000004,146.86749999999978,1,11,15,16,3,3,0.4,15,0,0.2485684297221614,2,O=C(Nc1cn[nH]n1)c1cccc(Oc2ccccc2)c1,CC(CC1CCCC1)C1CCCC(CC2CCCCC2)C1,False,"InChI=1S/C25H33N4O9PS/c1-6-35-39(31,36-7-2)17-29-26-15-24(28-29)27-25(30)19-12-21(37-18(3)16-34-4)14-22(13-19)38-20-8-10-23(11-9-20)40(5,32)33/h8-15,18H,6-7,16-17H2,1-5H3,(H,27,28,30)/t18-/m0/s1",MVWDHZCMNWLIMU-SFHVURJKSA-N,MVWDHZCMNWLIMU,1,False,False,False,False,MVWDHZCMNWLIMU-SFHVURJKSA-N,1,True,1
GKA_0024,gka_candidate,CHEMBL1165284,,O=C(Nc1nc2c(s1)CCCC2)C(CC1CCOCC1)c1ccc(S(=O)(=O)C2CC2)cc1,,,activity,,P1,7.0–7.5（32–100 nM）,7.21,False,,CHEMBL1165284,False,,,,,,,,False,True,True,O=C(Nc1nc2c(s1)CCCC2)C(CC1CCOCC1)c1ccc(S(=O)(=O)C2CC2)cc1,1,False,0,0,False,False,无改动,474.64800000000025,474.16469944,32,85.35999999999999,121.97999999999999,4.497000000000004,124.93650000000004,1,6,7,8,5,2,0.5833333333333334,8,0,0.6387421847799134,0,O=C(Nc1nc2c(s1)CCCC2)C(CC1CCOCC1)c1ccc(S(=O)(=O)C2CC2)cc1,CC(CC1CC2CCCCC2C1)C(CC1CCCCC1)C1CCC(C(C)(C)C2CC2)CC1,False,"InChI=1S/C24H30N2O4S2/c27-23(26-24-25-21-3-1-2-4-22(21)31-24)20(15-16-11-13-30-14-12-16)17-5-7-18(8-6-17)32(28,29)19-9-10-19/h5-8,16,19-20H,1-4,9-15H2,(H,25,26,27)",ZNVQMTZHVCRFNC-UHFFFAOYSA-N,ZNVQMTZHVCRFNC,1,False,False,False,False,ZNVQMTZHVCRFNC-UHFFFAOYSA-N,1,True,1
GKA_0025,gka_candidate,CHEMBL5094606,,CCOP(=O)(Cn1ccc(NC(=O)c2cc(Oc3cnc(C(=O)N4CCC4)nc3)cc(OC(C)C)c2)n1)OCC,,,activity,,P1,7.0–7.5（32–100 nM）,7.21,False,,CHEMBL5094606,False,,,,,,,,False,True,True,CCOP(=O)(Cn1ccc(NC(=O)c2cc(Oc3cnc(C(=O)N4CCC4)nc3)cc(OC(C)C)c2)n1)OCC,1,False,0,0,False,False,无改动,572.5590000000003,572.2148340260001,40,147.0,156.80999999999997,4.574400000000004,145.87119999999982,1,10,13,15,4,3,0.4230769230769231,14,0,0.2888332967013798,1,O=C(Nc1cc[nH]n1)c1cccc(Oc2cnc(C(=O)N3CCC3)nc2)c1,CC(CC1CCCC1)C1CCCC(CC2CCC(C(C)C3CCC3)CC2)C1,False,"InChI=1S/C26H33N6O7P/c1-5-36-40(35,37-6-2)17-32-11-8-23(30-32)29-25(33)19-12-20(38-18(3)4)14-21(13-19)39-22-15-27-24(28-16-22)26(34)31-9-7-10-31/h8,11-16,18H,5-7,9-10,17H2,1-4H3,(H,29,30,33)",AEDJLTFKZRNAKJ-UHFFFAOYSA-N,AEDJLTFKZRNAKJ,0,False,False,False,False,AEDJLTFKZRNAKJ-UHFFFAOYSA-N,1,True,1
GKA_0026,gka_candidate,CHEMBL2023436,,CC(C)=CCOc1cc(Oc2ccc(S(=O)(=O)N3CC[C@H](F)C3)cc2)cc(C(=O)Nc2cc(C)n(C)n2)c1,,,activity,,P1,7.0–7.5（32–100 nM）,7.2,False,,CHEMBL2023436,False,,,,,,,,False,True,True,CC(C)=CCOc1cc(Oc2ccc(S(=O)(=O)N3CC[C@H](F)C3)cc2)cc(C(=O)Nc2cc(C)n(C)n2)c1,1,False,0,0,False,False,无改动,542.6330000000003,542.199919312,38,102.76,111.14,4.850620000000004,142.0539999999999,1,6,9,10,4,3,0.3333333333333333,11,0,0.3879825167627842,1,O=C(Nc1cc[nH]n1)c1cccc(Oc2ccc(S(=O)(=O)N3CCCC3)cc2)c1,CC(CC1CCCC1)C1CCCC(CC2CCC(C(C)(C)C3CCCC3)CC2)C1,False,"InChI=1S/C27H31FN4O5S/c1-18(2)10-12-36-23-14-20(27(33)29-26-13-19(3)31(4)30-26)15-24(16-23)37-22-5-7-25(8-6-22)38(34,35)32-11-9-21(28)17-32/h5-8,10,13-16,21H,9,11-12,17H2,1-4H3,(H,29,30,33)/t21-/m0/s1",KIEQDRSOYHECPG-NRFANRHFSA-N,KIEQDRSOYHECPG,1,False,False,True,False,KIEQDRSOYHECPG-NRFANRHFSA-N,1,True,2
GKA_0027,gka_candidate,CHEMBL2346882,,O=C(Nc1nccs1)[C@H](CC1CCCCC1)N1CCN(S(=O)(=O)C2CCCC2)CC1=O,,,activity,,P1,7.0–7.5（32–100 nM）,7.2,False,,CHEMBL2346882,False,,,,,,,,False,True,True,O=C(Nc1nccs1)[C@H](CC1CCCCC1)N1CCN(S(=O)(=O)C2CCCC2)CC1=O,1,False,0,0,False,False,无改动,468.6450000000003,468.1864975039999,31,99.68,136.29999999999998,2.837200000000001,120.18550000000006,1,6,7,8,4,1,0.7619047619047619,10,0,0.6633070510129656,0,O=C(Nc1nccs1)[C@H](CC1CCCCC1)N1CCN(S(=O)(=O)C2CCCC2)CC1=O,CC1CC(C(C)(C)C2CCCC2)CCC1C(CC1CCCCC1)C(C)CC1CCCC1,False,"InChI=1S/C21H32N4O4S2/c26-19-15-24(31(28,29)17-8-4-5-9-17)11-12-25(19)18(14-16-6-2-1-3-7-16)20(27)23-21-22-10-13-30-21/h10,13,16-18H,1-9,11-12,14-15H2,(H,22,23,27)/t18-/m0/s1",XDIWPYYDLRTNOH-SFHVURJKSA-N,XDIWPYYDLRTNOH,1,False,False,True,False,XDIWPYYDLRTNOH-SFHVURJKSA-N,1,True,1
GKA_0028,gka_candidate,CHEMBL2023056,,COC1CCN(S(=O)(=O)c2ccc(Oc3cc(OCC=C(C)C)cc(C(=O)Nc4ncc(F)s4)c3)cc2)CC1,,,activity,,P1,7.0–7.5（32–100 nM）,7.19,False,,CHEMBL2023056,False,,,,,,,,False,True,True,COC1CCN(S(=O)(=O)c2ccc(Oc3cc(OCC=C(C)C)cc(C(=O)Nc4ncc(F)s4)c3)cc2)CC1,1,False,0,0,False,False,无改动,575.6840000000002,575.1560059000001,39,107.06000000000002,143.68,5.471300000000006,146.69899999999984,1,8,10,11,4,3,0.3333333333333333,12,0,0.31954542467197194,2,O=C(Nc1nccs1)c1cccc(Oc2ccc(S(=O)(=O)N3CCCCC3)cc2)c1,CC(CC1CCCC1)C1CCCC(CC2CCC(C(C)(C)C3CCCCC3)CC2)C1,False,"InChI=1S/C27H30FN3O6S2/c1-18(2)10-13-36-22-14-19(26(32)30-27-29-17-25(28)38-27)15-23(16-22)37-21-4-6-24(7-5-21)39(33,34)31-11-8-20(35-3)9-12-31/h4-7,10,14-17,20H,8-9,11-13H2,1-3H3,(H,29,30,32)",KESKXWPXUFDYPI-UHFFFAOYSA-N,KESKXWPXUFDYPI,0,False,False,True,False,KESKXWPXUFDYPI-UHFFFAOYSA-N,1,True,2
GKA_0029,gka_candidate,CHEMBL575904,,Cc1nsc(Nc2ncnc3ccc(Oc4c(F)cccc4S(C)(=O)=O)cc23)n1,,,activity,,P1,7.0–7.5（32–100 nM）,7.18,False,,CHEMBL575904,False,,,,,,,,False,True,True,Cc1nsc(Nc2ncnc3ccc(Oc4c(F)cccc4S(C)(=O)=O)cc23)n1,1,False,0,0,False,False,无改动,431.47400000000016,431.05220952799993,29,106.96,143.57999999999998,3.8682200000000027,107.05050000000001,1,9,5,5,4,4,0.1111111111111111,11,0,0.5074854807007882,0,c1ccc(Oc2ccc3ncnc(Nc4ncns4)c3c2)cc1,C1CCC(CC2CCC3CCCC(CC4CCCC4)C3C2)CC1,False,"InChI=1S/C18H14FN5O3S2/c1-10-22-18(28-24-10)23-17-12-8-11(6-7-14(12)20-9-21-17)27-16-13(19)4-3-5-15(16)29(2,25)26/h3-9H,1-2H3,(H,20,21,22,23,24)",KLYQDJNGFRQPRS-UHFFFAOYSA-N,KLYQDJNGFRQPRS,0,False,False,False,False,KLYQDJNGFRQPRS-UHFFFAOYSA-N,1,True,1
GKA_0030,gka_candidate,CHEMBL5072442,,CCOP(=O)(Cn1ccc(NC(=O)c2cc(Oc3ccc(S(=O)(=O)N4CCC4)cc3)cc(OC(C)C)c2)n1)OCC,,,activity,,P1,7.0–7.5（32–100 nM）,7.17,False,,CHEMBL5072442,False,,,,,,,,False,True,True,CCOP(=O)(Cn1ccc(NC(=O)c2cc(Oc3ccc(S(=O)(=O)N4CCC4)cc3)cc(OC(C)C)c2)n1)OCC,1,False,0,0,False,False,无改动,606.6380000000001,606.1913217099999,41,138.29,156.48,5.332900000000005,153.1364999999997,1,9,14,15,4,3,0.4074074074074074,14,0,0.2412594265530615,2,O=C(Nc1cc[nH]n1)c1cccc(Oc2ccc(S(=O)(=O)N3CCC3)cc2)c1,CC(CC1CCCC1)C1CCCC(CC2CCC(C(C)(C)C3CCC3)CC2)C1,False,"InChI=1S/C27H35N4O8PS/c1-5-36-40(33,37-6-2)19-30-15-12-26(29-30)28-27(32)21-16-23(38-20(3)4)18-24(17-21)39-22-8-10-25(11-9-22)41(34,35)31-13-7-14-31/h8-12,15-18,20H,5-7,13-14,19H2,1-4H3,(H,28,29,32)",KCYXUDZLRCFLSN-UHFFFAOYSA-N,KCYXUDZLRCFLSN,0,False,False,True,False,KCYXUDZLRCFLSN-UHFFFAOYSA-N,1,True,1
GKA_0031,gka_candidate,CHEMBL480725,,O=C(Nc1ncc(F)s1)[C@H](CC1CCOCC1)c1ccc(S(=O)(=O)C2CCCC2)cc1,,,activity,,P1,7.0–7.5（32–100 nM）,7.16,False,,CHEMBL480725,False,,,,,,,,False,True,True,O=C(Nc1ncc(F)s1)[C@H](CC1CCOCC1)c1ccc(S(=O)(=O)C2CCCC2)cc1,1,False,0,0,False,False,无改动,466.60000000000025,466.139627564,31,85.35999999999999,121.97999999999999,4.537500000000004,117.48650000000005,1,6,7,8,4,2,0.5454545454545454,9,0,0.647653655130478,0,O=C(Nc1nccs1)[C@H](CC1CCOCC1)c1ccc(S(=O)(=O)C2CCCC2)cc1,CC(CC1CCCC1)C(CC1CCCCC1)C1CCC(C(C)(C)C2CCCC2)CC1,False,"InChI=1S/C22H27FN2O4S2/c23-20-14-24-22(30-20)25-21(26)19(13-15-9-11-29-12-10-15)16-5-7-18(8-6-16)31(27,28)17-3-1-2-4-17/h5-8,14-15,17,19H,1-4,9-13H2,(H,24,25,26)/t19-/m1/s1",NQXNVQDFPSSMKO-LJQANCHMSA-N,NQXNVQDFPSSMKO,1,False,False,False,False,NQXNVQDFPSSMKO-LJQANCHMSA-N,1,True,1
GKA_0032,gka_candidate,CHEMBL608393,,Cn1ccnc1Sc1cc(C(=O)Nc2nccs2)c(N)cc1F,,,activity,,P1,7.0–7.5（32–100 nM）,7.135,False,,CHEMBL608393,False,,,,,,,,False,True,True,Cn1ccnc1Sc1cc(C(=O)Nc2nccs2)c(N)cc1F,1,False,0,0,False,False,无改动,349.41600000000005,349.046730224,23,85.83,139.37,3.0014000000000003,88.21060000000003,2,6,4,5,3,3,0.07142857142857142,9,0,0.7073197553231589,0,O=C(Nc1nccs1)c1cccc(Sc2ncc[nH]2)c1,CC(CC1CCCC1)C1CCCC(CC2CCCC2)C1,False,"InChI=1S/C14H12FN5OS2/c1-20-4-2-18-14(20)23-11-6-8(10(16)7-9(11)15)12(21)19-13-17-3-5-22-13/h2-7H,16H2,1H3,(H,17,19,21)",YUCYMQBDBXVNCE-UHFFFAOYSA-N,YUCYMQBDBXVNCE,0,False,False,False,False,YUCYMQBDBXVNCE-UHFFFAOYSA-N,1,True,4
GKA_0033,gka_candidate,CHEMBL2023052,,CC(C)=CCOc1cc(Oc2ccc(S(=O)(=O)N3CC4CCC(C3)O4)cc2)cc(C(=O)Nc2ncc(F)s2)c1,,,activity,,P1,7.0–7.5（32–100 nM）,7.11,False,,CHEMBL2023052,False,,,,,,,,False,True,True,CC(C)=CCOc1cc(Oc2ccc(S(=O)(=O)N3CC4CCC(C3)O4)cc2)cc(C(=O)Nc2ncc(F)s2)c1,1,False,0,0,False,False,无改动,573.6680000000003,573.140355836,39,107.06000000000002,143.68,5.223700000000005,144.56299999999985,1,8,9,10,5,3,0.3333333333333333,12,0,0.34976439186270053,2,O=C(Nc1nccs1)c1cccc(Oc2ccc(S(=O)(=O)N3CC4CCC(C3)O4)cc2)c1,CC(CC1CCCC1)C1CCCC(CC2CCC(C(C)(C)C3CC4CCC(C4)C3)CC2)C1,False,"InChI=1S/C27H28FN3O6S2/c1-17(2)9-10-35-22-11-18(26(32)30-27-29-14-25(28)38-27)12-23(13-22)36-19-5-7-24(8-6-19)39(33,34)31-15-20-3-4-21(16-31)37-20/h5-9,11-14,20-21H,3-4,10,15-16H2,1-2H3,(H,29,30,32)",WLNRSXUPQQKTNY-UHFFFAOYSA-N,WLNRSXUPQQKTNY,2,False,False,True,False,WLNRSXUPQQKTNY-UHFFFAOYSA-N,1,True,2
GKA_0034,gka_candidate,CHEMBL1164790,,O=C(Nc1nc2c(s1)CCC2)C(CC1CCOCC1)c1ccc(S(=O)(=O)C2CC2)cc1,,,activity,,P1,7.0–7.5（32–100 nM）,7.1,False,,CHEMBL1164790,False,,,,,,,,False,True,True,O=C(Nc1nc2c(s1)CCC2)C(CC1CCOCC1)c1ccc(S(=O)(=O)C2CC2)cc1,1,False,0,0,False,False,无改动,460.6210000000002,460.149049376,31,85.35999999999999,121.97999999999999,4.106900000000004,120.31950000000003,1,6,7,8,5,2,0.5652173913043478,8,0,0.6721697267137942,0,O=C(Nc1nc2c(s1)CCC2)C(CC1CCOCC1)c1ccc(S(=O)(=O)C2CC2)cc1,CC(CC1CC2CCCC2C1)C(CC1CCCCC1)C1CCC(C(C)(C)C2CC2)CC1,False,"InChI=1S/C23H28N2O4S2/c26-22(25-23-24-20-2-1-3-21(20)30-23)19(14-15-10-12-29-13-11-15)16-4-6-17(7-5-16)31(27,28)18-8-9-18/h4-7,15,18-19H,1-3,8-14H2,(H,24,25,26)",MKIYWNHKYDNDGI-UHFFFAOYSA-N,MKIYWNHKYDNDGI,1,False,False,False,False,MKIYWNHKYDNDGI-UHFFFAOYSA-N,1,True,1
GKA_0035,gka_candidate,CHEMBL2346761,,Cc1cc(S(=O)(=O)C2CCCC2)cc(=O)n1[C@@H](CC1CCCCC1)C(=O)Nc1nccs1,,,activity,,P1,7.0–7.5（32–100 nM）,7.1,False,,CHEMBL2346761,False,,,,,,,,False,True,True,Cc1cc(S(=O)(=O)C2CCCC2)cc(=O)n1[C@@H](CC1CCCCC1)C(=O)Nc1nccs1,1,False,0,0,False,False,无改动,477.65200000000027,477.175598472,32,98.13000000000001,134.75,4.479720000000004,125.85350000000007,1,6,7,8,4,2,0.6086956521739131,9,0,0.6339667571483358,0,O=C(Nc1nccs1)[C@H](CC1CCCCC1)n1ccc(S(=O)(=O)C2CCCC2)cc1=O,CC1CC(C(C)(C)C2CCCC2)CCC1C(CC1CCCCC1)C(C)CC1CCCC1,False,"InChI=1S/C23H31N3O4S2/c1-16-13-19(32(29,30)18-9-5-6-10-18)15-21(27)26(16)20(14-17-7-3-2-4-8-17)22(28)25-23-24-11-12-31-23/h11-13,15,17-18,20H,2-10,14H2,1H3,(H,24,25,28)/t20-/m0/s1",WADVHYJTRIDKDF-FQEVSTJZSA-N,WADVHYJTRIDKDF,1,False,False,False,False,WADVHYJTRIDKDF-FQEVSTJZSA-N,1,True,1
GKA_0036,gka_candidate,CHEMBL2346891,,CNC(=O)c1ccc2c(=O)n([C@@H](CC3CCCCC3)C(=O)Nc3ncc(Cl)s3)cnc2c1,,,activity,,P1,7.0–7.5（32–100 nM）,7.1,False,,CHEMBL2346891,False,,,,,,,,False,True,True,CNC(=O)c1ccc2c(=O)n([C@@H](CC3CCCCC3)C(=O)Nc3ncc(Cl)s3)cnc2c1,1,False,0,0,False,False,无改动,473.9860000000001,473.12883830800007,32,105.98,134.22,4.016200000000003,125.37590000000002,2,6,6,8,4,3,0.4090909090909091,10,0,0.562090917481039,0,O=C(Nc1nccs1)[C@H](CC1CCCCC1)n1cnc2ccccc2c1=O,CC(CC1CCCC1)C(CC1CCCCC1)C1CCC2CCCCC2C1C,False,"InChI=1S/C22H24ClN5O3S/c1-24-19(29)14-7-8-15-16(10-14)26-12-28(21(15)31)17(9-13-5-3-2-4-6-13)20(30)27-22-25-11-18(23)32-22/h7-8,10-13,17H,2-6,9H2,1H3,(H,24,29)(H,25,27,30)/t17-/m0/s1",HIFGYYPUHYLFJC-KRWDZBQOSA-N,HIFGYYPUHYLFJC,1,False,False,False,False,HIFGYYPUHYLFJC-KRWDZBQOSA-N,1,True,3
GKA_0037,gka_candidate,CHEMBL4083023,,O=C(Nc1ncc(F)s1)[C@H](CC1CCOCC1)n1ncc2c(S(=O)(=O)C3CC3)cncc21,,,activity,,P1,7.0–7.5（32–100 nM）,7.1,False,,CHEMBL4083023,False,,,,,,,,False,True,True,O=C(Nc1ncc(F)s1)[C@H](CC1CCOCC1)n1ncc2c(S(=O)(=O)C3CC3)cncc21,1,False,0,0,False,False,无改动,479.5590000000002,479.10972440399996,32,116.06999999999998,152.69,2.959500000000001,115.63450000000003,1,8,7,8,5,3,0.5,12,0,0.5537563671904373,0,O=C(Nc1nccs1)[C@H](CC1CCOCC1)n1ncc2c(S(=O)(=O)C3CC3)cncc21,CC(CC1CCCC1)C(CC1CCCCC1)C1CCC2C1CCCC2C(C)(C)C1CC1,False,"InChI=1S/C20H22FN5O4S2/c21-18-11-23-20(31-18)25-19(27)15(7-12-3-5-30-6-4-12)26-16-9-22-10-17(14(16)8-24-26)32(28,29)13-1-2-13/h8-13,15H,1-7H2,(H,23,25,27)/t15-/m0/s1",KUFXUEYIWPFSHN-HNNXBMFYSA-N,KUFXUEYIWPFSHN,1,False,False,False,False,KUFXUEYIWPFSHN-HNNXBMFYSA-N,1,True,1
GKA_0038,gka_candidate,CHEMBL595122,,CCS(=O)(=O)c1ccc(Oc2cc3nc(-c4ccccn4)[nH]c3cc2CN2C(=O)CCC2=O)cc1,,,activity,,P1,7.0–7.5（32–100 nM）,7.1,False,,CHEMBL595122,False,,,,,,,,False,True,True,CCS(=O)(=O)c1ccc(Oc2cc3nc(-c4ccccn4)[nH]c3cc2CN2C(=O)CCC2=O)cc1,1,False,0,0,False,False,无改动,490.5410000000003,490.131090804,35,122.32,130.7,3.8598000000000017,128.35850000000002,1,7,7,7,5,4,0.2,10,0,0.39037273005425405,0,O=C1CCC(=O)N1Cc1cc2[nH]c(-c3ccccn3)nc2cc1Oc1ccccc1,CC1CCC(C)C1CC1CC2CC(C3CCCCC3)CC2CC1CC1CCCCC1,False,"InChI=1S/C25H22N4O5S/c1-2-35(32,33)18-8-6-17(7-9-18)34-22-14-21-20(27-25(28-21)19-5-3-4-12-26-19)13-16(22)15-29-23(30)10-11-24(29)31/h3-9,12-14H,2,10-11,15H2,1H3,(H,27,28)",KFQGCVGSHWAFGW-UHFFFAOYSA-N,KFQGCVGSHWAFGW,0,False,False,False,False,KFQGCVGSHWAFGW-UHFFFAOYSA-N,1,True,1
GKA_0039,gka_candidate,CHEMBL573750,,Cc1csc(Nc2ncnc3ccc(Oc4ccccc4F)cc23)n1,,,activity,,P1,7.0–7.5（32–100 nM）,7.06,False,,CHEMBL573750,False,,,,,,,,False,True,True,Cc1csc(Nc2ncnc3ccc(Oc4ccccc4F)cc23)n1,1,False,0,0,False,False,无改动,352.39400000000006,352.079410256,25,59.93000000000001,88.17,5.069720000000002,96.14570000000003,1,6,4,4,4,4,0.05555555555555555,7,0,0.5555360235729956,1,c1ccc(Oc2ccc3ncnc(Nc4nccs4)c3c2)cc1,C1CCC(CC2CCC3CCCC(CC4CCCC4)C3C2)CC1,False,"InChI=1S/C18H13FN4OS/c1-11-9-25-18(22-11)23-17-13-8-12(6-7-15(13)20-10-21-17)24-16-5-3-2-4-14(16)19/h2-10H,1H3,(H,20,21,22,23)",ATZHFQAWHIAMEM-UHFFFAOYSA-N,ATZHFQAWHIAMEM,0,False,False,False,False,ATZHFQAWHIAMEM-UHFFFAOYSA-N,1,True,3
GKA_0040,gka_candidate,CHEMBL4203455,,COC[C@H](C)Oc1cc(Oc2ccc(C(=O)N3CCC3)cc2)cc(C(=O)Nc2nc3c(s2)CN(C(=O)OC(C)(C)C)CC3)c1,,,activity,,P1,7.0–7.5（32–100 nM）,7.05,False,,CHEMBL4203455,False,,,,,,,,False,True,True,COC[C@H](C)Oc1cc(Oc2ccc(C(=O)N3CCC3)cc2)cc(C(=O)Nc2nc3c(s2)CN(C(=O)OC(C)(C)C)CC3)c1,1,False,0,0,False,False,无改动,622.744,622.2461205559999,44,119.53000000000002,147.76999999999998,5.740500000000006,165.85969999999958,1,9,9,14,5,3,0.4375,12,0,0.32097266141931907,2,O=C(Nc1nc2c(s1)CNCC2)c1cccc(Oc2ccc(C(=O)N3CCC3)cc2)c1,CC(CC1CC2CCCCC2C1)C1CCCC(CC2CCC(C(C)C3CCC3)CC2)C1,False,"InChI=1S/C32H38N4O7S/c1-20(19-40-5)41-24-15-22(16-25(17-24)42-23-9-7-21(8-10-23)29(38)35-12-6-13-35)28(37)34-30-33-26-11-14-36(18-27(26)44-30)31(39)43-32(2,3)4/h7-10,15-17,20H,6,11-14,18-19H2,1-5H3,(H,33,34,37)/t20-/m0/s1",BFVLCIHOPGYKNE-FQEVSTJZSA-N,BFVLCIHOPGYKNE,1,False,False,False,False,BFVLCIHOPGYKNE-FQEVSTJZSA-N,1,True,7
GKA_0041,gka_candidate,CHEMBL4206856,,COCC(C)Oc1cc(Oc2ccc(C(=O)N(C)C)cc2)cc(C(=O)Nc2nc3c(s2)CN(C(=O)OC(C)(C)C)CC3)c1,,,activity,,P1,7.0–7.5（32–100 nM）,7.05,False,,CHEMBL4206856,False,,,,,,,,False,True,True,COCC(C)Oc1cc(Oc2ccc(C(=O)N(C)C)cc2)cc(C(=O)Nc2nc3c(s2)CN(C(=O)OC(C)(C)C)CC3)c1,1,False,0,0,False,False,无改动,610.733,610.2461205559999,43,119.53000000000002,147.76999999999998,5.596400000000006,163.35669999999962,1,9,9,14,4,3,0.41935483870967744,12,0,0.3328102225694223,2,O=C(Nc1nc2c(s1)CNCC2)c1cccc(Oc2ccccc2)c1,CC(CC1CC2CCCCC2C1)C1CCCC(CC2CCCCC2)C1,False,"InChI=1S/C31H38N4O7S/c1-19(18-39-7)40-23-14-21(15-24(16-23)41-22-10-8-20(9-11-22)28(37)34(5)6)27(36)33-29-32-25-12-13-35(17-26(25)43-29)30(38)42-31(2,3)4/h8-11,14-16,19H,12-13,17-18H2,1-7H3,(H,32,33,36)",HZMRHFDZUYUFOP-UHFFFAOYSA-N,HZMRHFDZUYUFOP,1,False,False,False,False,HZMRHFDZUYUFOP-UHFFFAOYSA-N,1,True,6
GKA_0042,gka_candidate,CHEMBL2023060,,CC(C)=CCOc1cc(Oc2ccc(S(=O)(=O)C3CC3)cc2)cc(C(=O)Nc2cc(C)n(C)n2)c1,,,activity,,P1,7.0–7.5（32–100 nM）,7.04,False,,CHEMBL2023060,False,,,,,,,,False,True,True,CC(C)=CCOc1cc(Oc2ccc(S(=O)(=O)C3CC3)cc2)cc(C(=O)Nc2cc(C)n(C)n2)c1,1,False,0,0,False,False,无改动,495.6010000000003,495.1827920280001,35,99.52,107.90000000000002,5.0542200000000035,133.98999999999998,1,6,9,10,4,3,0.3076923076923077,9,0,0.41697855441024495,1,O=C(Nc1cc[nH]n1)c1cccc(Oc2ccc(S(=O)(=O)C3CC3)cc2)c1,CC(CC1CCCC1)C1CCCC(CC2CCC(C(C)(C)C3CC3)CC2)C1,False,"InChI=1S/C26H29N3O5S/c1-17(2)11-12-33-21-14-19(26(30)27-25-13-18(3)29(4)28-25)15-22(16-21)34-20-5-7-23(8-6-20)35(31,32)24-9-10-24/h5-8,11,13-16,24H,9-10,12H2,1-4H3,(H,27,28,30)",MPTPCIISFSPKKK-UHFFFAOYSA-N,MPTPCIISFSPKKK,0,False,False,False,False,MPTPCIISFSPKKK-UHFFFAOYSA-N,1,True,1
GKA_0043,gka_candidate,CHEMBL4204989,,COCC(C)Oc1cc(Oc2ccc(S(C)(=O)=O)cc2)cc(C(=O)Nc2nc3c(s2)CCC3)c1,,,activity,,P1,7.0–7.5（32–100 nM）,7.0,False,,CHEMBL4204989,False,,,,,,,,False,True,True,COCC(C)Oc1cc(Oc2ccc(S(C)(=O)=O)cc2)cc(C(=O)Nc2nc3c(s2)CCC3)c1,1,False,0,0,False,False,无改动,502.6140000000003,502.12322855200006,34,103.82000000000001,140.44,4.493600000000003,130.12600000000003,1,8,9,10,4,3,0.3333333333333333,10,0,0.45960253026747416,1,O=C(Nc1nc2c(s1)CCC2)c1cccc(Oc2ccccc2)c1,CC(CC1CC2CCCC2C1)C1CCCC(CC2CCCCC2)C1,False,"InChI=1S/C24H26N2O6S2/c1-15(14-30-2)31-18-11-16(23(27)26-24-25-21-5-4-6-22(21)33-24)12-19(13-18)32-17-7-9-20(10-8-17)34(3,28)29/h7-13,15H,4-6,14H2,1-3H3,(H,25,26,27)",ZZVUHZHFBQHPIF-UHFFFAOYSA-N,ZZVUHZHFBQHPIF,1,False,False,False,False,ZZVUHZHFBQHPIF-UHFFFAOYSA-N,1,True,1
GKA_0044,gka_candidate,CHEMBL3893442,,COC(=O)CCc1ccc(Oc2cc3cc(-c4cnccn4)[nH]c3cc2C2CCC(=O)N2C)cc1,,,activity,,P2,≥7.5（EC50 ≤ 32 nM）,8.68,False,,CHEMBL3893442,False,,,,,,,,False,True,True,COC(=O)CCc1ccc(Oc2cc3cc(-c4cnccn4)[nH]c3cc2C2CCC(=O)N2C)cc1,1,False,0,0,False,False,无改动,470.5290000000002,470.19540531200005,35,97.40999999999998,97.40999999999998,4.816100000000003,130.9227,1,6,7,8,5,4,0.25925925925925924,8,0,0.3892251224886203,0,O=C1CCC(c2cc3[nH]c(-c4cnccn4)cc3cc2Oc2ccccc2)N1,CC1CCC(C2CC3CC(C4CCCCC4)CC3CC2CC2CCCCC2)C1,False,"InChI=1S/C27H26N4O4/c1-31-24(8-9-26(31)32)20-15-21-18(13-22(30-21)23-16-28-11-12-29-23)14-25(20)35-19-6-3-17(4-7-19)5-10-27(33)34-2/h3-4,6-7,11-16,24,30H,5,8-10H2,1-2H3",ZXCCXBKGJRIJQM-UHFFFAOYSA-N,ZXCCXBKGJRIJQM,1,False,False,False,False,ZXCCXBKGJRIJQM-UHFFFAOYSA-N,1,True,2
GKA_0045,gka_candidate,CHEMBL1258092,,CS(=O)(=O)c1ccc(/C(=C\C2CCCCC2)C(=O)Nc2ncc(Br)s2)cc1C(F)(F)F,,,activity,,P2,≥7.5（EC50 ≤ 32 nM）,8.4,False,,CHEMBL1258092,False,,,,,,,,False,True,True,CS(=O)(=O)c1ccc(/C(=C\C2CCCCC2)C(=O)Nc2ncc(Br)s2)cc1C(F)(F)F,1,False,0,0,False,False,无改动,537.4230000000001,536.0050812600001,31,76.13,112.75,5.930300000000004,117.54950000000004,1,5,5,7,3,2,0.4,11,0,0.48012468541296055,2,O=C(Nc1nccs1)/C(=C/C1CCCCC1)c1ccccc1,CC(CC1CCCC1)C(CC1CCCCC1)C1CCCCC1,False,"InChI=1S/C20H20BrF3N2O3S2/c1-31(28,29)16-8-7-13(10-15(16)20(22,23)24)14(9-12-5-3-2-4-6-12)18(27)26-19-25-11-17(21)30-19/h7-12H,2-6H2,1H3,(H,25,26,27)/b14-9+",DAFVQCLKJHTEOW-NTEUORMPSA-N,DAFVQCLKJHTEOW,0,False,False,False,False,DAFVQCLKJHTEOW-NTEUORMPSA-N,1,True,4
GKA_0046,gka_candidate,CHEMBL1258321,,CS(=O)(=O)c1ccc(/C(=C\C2CCCCCC2)C(=O)Nc2ncc(Br)s2)cc1,,,activity,,P2,≥7.5（EC50 ≤ 32 nM）,8.4,False,,CHEMBL1258321,False,,,,,,,,False,True,True,CS(=O)(=O)c1ccc(/C(=C\C2CCCCCC2)C(=O)Nc2ncc(Br)s2)cc1,1,False,0,0,False,False,无改动,483.45300000000003,482.03334669600014,28,76.13,112.75,5.301600000000005,117.16450000000005,1,5,5,6,3,2,0.4,8,0,0.4625940608886329,1,O=C(Nc1nccs1)/C(=C/C1CCCCCC1)c1ccccc1,CC(CC1CCCC1)C(CC1CCCCCC1)C1CCCCC1,False,"InChI=1S/C20H23BrN2O3S2/c1-28(25,26)16-10-8-15(9-11-16)17(12-14-6-4-2-3-5-7-14)19(24)23-20-22-13-18(21)27-20/h8-14H,2-7H2,1H3,(H,22,23,24)/b17-12+",FDQAFURIAOKAFS-SFQUDFHCSA-N,FDQAFURIAOKAFS,0,False,False,False,False,FDQAFURIAOKAFS-SFQUDFHCSA-N,1,True,3
GKA_0047,gka_candidate,CHEMBL3235148,,CCNC(=O)Cc1csc(NC(=O)c2cc(Oc3ccc(S(C)(=O)=O)cc3)cc(-c3ncccc3C)c2)n1,,,activity,,P2,≥7.5（EC50 ≤ 32 nM）,8.3,False,,CHEMBL3235148,False,,,,,,,,False,True,True,CCNC(=O)Cc1csc(NC(=O)c2cc(Oc3ccc(S(C)(=O)=O)cc3)cc(-c3ncccc3C)c2)n1,1,False,0,0,False,False,无改动,550.6620000000001,550.134461932,38,127.35,163.96999999999997,4.640220000000004,146.49069999999978,2,8,9,11,4,4,0.18518518518518517,11,0,0.31075716512811924,1,O=C(Nc1nccs1)c1cc(Oc2ccccc2)cc(-c2ccccn2)c1,CC(CC1CCCC1)C1CC(CC2CCCCC2)CC(C2CCCCC2)C1,False,"InChI=1S/C27H26N4O5S2/c1-4-28-24(32)15-20-16-37-27(30-20)31-26(33)19-12-18(25-17(2)6-5-11-29-25)13-22(14-19)36-21-7-9-23(10-8-21)38(3,34)35/h5-14,16H,4,15H2,1-3H3,(H,28,32)(H,30,31,33)",KMEHSPQCYHMNSS-UHFFFAOYSA-N,KMEHSPQCYHMNSS,0,False,False,False,False,KMEHSPQCYHMNSS-UHFFFAOYSA-N,1,True,7
GKA_0048,gka_candidate,CHEMBL3577715,,COC[C@H](C)Oc1cc(C#CCOC2CCCCO2)cc(C(=O)Nc2ccn(C)n2)c1,,,activity,,P2,≥7.5（EC50 ≤ 32 nM）,8.22,False,,CHEMBL3577715,False,,,,,,,,False,True,True,COC[C@H](C)Oc1cc(C#CCOC2CCCCO2)cc(C(=O)Nc2ccn(C)n2)c1,1,False,0,0,False,False,无改动,427.5010000000001,427.2107210280001,31,83.83999999999999,83.83999999999999,2.9808000000000012,115.99020000000006,1,6,8,9,3,2,0.4782608695652174,8,0,0.6523796328510535,0,O=C(Nc1cc[nH]n1)c1cccc(C#CCOC2CCCCO2)c1,CC(CC1CCCC1)C1CCCC(CCCCC2CCCCC2)C1,False,"InChI=1S/C23H29N3O5/c1-17(16-28-3)31-20-14-18(7-6-12-30-22-8-4-5-11-29-22)13-19(15-20)23(27)24-21-9-10-26(2)25-21/h9-10,13-15,17,22H,4-5,8,11-12,16H2,1-3H3,(H,24,25,27)/t17-,22?/m0/s1",HSVMLHFCJZKUGL-LBOXEOMUSA-N,HSVMLHFCJZKUGL,2,False,False,False,False,HSVMLHFCJZKUGL-LBOXEOMUSA-N,1,True,1
GKA_0049,gka_candidate,CHEMBL3577727,,COC[C@H](C)Oc1cc(C#Cc2cccc(NCCN(C)C)c2)cc(C(=O)Nc2ccn(C)n2)c1,,,activity,,P2,≥7.5（EC50 ≤ 32 nM）,8.22,False,,CHEMBL3577727,False,,,,,,,,False,True,True,COC[C@H](C)Oc1cc(C#Cc2cccc(NCCN(C)C)c2)cc(C(=O)Nc2ccn(C)n2)c1,1,False,0,0,False,False,无改动,475.5930000000002,475.25833991600007,35,80.65,80.65,3.4594000000000023,139.03489999999994,2,6,10,11,3,3,0.3333333333333333,8,0,0.4373806753259714,0,O=C(Nc1cc[nH]n1)c1cccc(C#Cc2ccccc2)c1,CC(CC1CCCC1)C1CCCC(CCC2CCCCC2)C1,False,"InChI=1S/C27H33N5O3/c1-20(19-34-5)35-25-17-22(15-23(18-25)27(33)29-26-11-13-32(4)30-26)10-9-21-7-6-8-24(16-21)28-12-14-31(2)3/h6-8,11,13,15-18,20,28H,12,14,19H2,1-5H3,(H,29,30,33)/t20-/m0/s1",HYNFNSKOKNVWOK-FQEVSTJZSA-N,HYNFNSKOKNVWOK,1,False,True,False,False,HYNFNSKOKNVWOK-FQEVSTJZSA-N,1,True,10
GKA_0050,gka_candidate,CHEMBL3577728,,COC[C@H](C)Oc1cc(C#Cc2cccc(NCCN3CCCC3)c2)cc(C(=O)Nc2ccn(C)n2)c1,,,activity,,P2,≥7.5（EC50 ≤ 32 nM）,8.22,False,,CHEMBL3577728,False,,,,,,,,False,True,True,COC[C@H](C)Oc1cc(C#Cc2cccc(NCCN3CCCC3)c2)cc(C(=O)Nc2ccn(C)n2)c1,1,False,0,0,False,False,无改动,501.6310000000003,501.27398998000007,37,80.65,80.65,3.9936000000000025,146.15489999999986,2,6,10,11,4,3,0.3793103448275862,8,0,0.40909759269575113,1,O=C(Nc1cc[nH]n1)c1cccc(C#Cc2cccc(NCCN3CCCC3)c2)c1,CC(CC1CCCC1)C1CCCC(CCC2CCCC(CCCC3CCCC3)C2)C1,False,"InChI=1S/C29H35N5O3/c1-22(21-36-3)37-27-19-24(17-25(20-27)29(35)31-28-11-15-33(2)32-28)10-9-23-7-6-8-26(18-23)30-12-16-34-13-4-5-14-34/h6-8,11,15,17-20,22,30H,4-5,12-14,16,21H2,1-3H3,(H,31,32,35)/t22-/m0/s1",JWQMBZQEEXKZNS-QFIPXVFZSA-N,JWQMBZQEEXKZNS,1,False,True,False,False,JWQMBZQEEXKZNS-QFIPXVFZSA-N,1,True,1
GKA_0051,gka_candidate,CHEMBL3577729,,COC[C@H](C)Oc1cc(C#Cc2cccc(NCCN3CCCCC3)c2)cc(C(=O)Nc2ccn(C)n2)c1,,,activity,,P2,≥7.5（EC50 ≤ 32 nM）,8.22,False,,CHEMBL3577729,False,,,,,,,,False,True,True,COC[C@H](C)Oc1cc(C#Cc2cccc(NCCN3CCCCC3)c2)cc(C(=O)Nc2ccn(C)n2)c1,1,False,0,0,False,False,无改动,515.6580000000004,515.2896400440001,38,80.65,80.65,4.383700000000004,150.7718999999998,2,6,10,11,4,3,0.4,8,0,0.39021258578668905,1,O=C(Nc1cc[nH]n1)c1cccc(C#Cc2cccc(NCCN3CCCCC3)c2)c1,CC(CC1CCCC1)C1CCCC(CCC2CCCC(CCCC3CCCCC3)C2)C1,False,"InChI=1S/C30H37N5O3/c1-23(22-37-3)38-28-20-25(18-26(21-28)30(36)32-29-12-16-34(2)33-29)11-10-24-8-7-9-27(19-24)31-13-17-35-14-5-4-6-15-35/h7-9,12,16,18-21,23,31H,4-6,13-15,17,22H2,1-3H3,(H,32,33,36)/t23-/m0/s1",QGCPKNRDVLGORJ-QHCPKHFHSA-N,QGCPKNRDVLGORJ,1,False,True,False,False,QGCPKNRDVLGORJ-QHCPKHFHSA-N,1,True,1
GKA_0052,gka_candidate,CHEMBL3577735,,COC[C@H](C)Oc1cc(C#Cc2cccc(OCCN3CCCC3)c2)cc(C(=O)Nc2ccn(C)n2)c1,,,activity,,P2,≥7.5（EC50 ≤ 32 nM）,8.22,False,,CHEMBL3577735,False,,,,,,,,False,True,True,COC[C@H](C)Oc1cc(C#Cc2cccc(OCCN3CCCC3)c2)cc(C(=O)Nc2ccn(C)n2)c1,1,False,0,0,False,False,无改动,502.6150000000003,502.25800556800004,37,77.85000000000001,77.85000000000001,3.9605000000000032,143.1601999999999,1,6,10,11,4,3,0.3793103448275862,8,0,0.42311364178477495,1,O=C(Nc1cc[nH]n1)c1cccc(C#Cc2cccc(OCCN3CCCC3)c2)c1,CC(CC1CCCC1)C1CCCC(CCC2CCCC(CCCC3CCCC3)C2)C1,False,"InChI=1S/C29H34N4O4/c1-22(21-35-3)37-27-19-24(17-25(20-27)29(34)30-28-11-14-32(2)31-28)10-9-23-7-6-8-26(18-23)36-16-15-33-12-4-5-13-33/h6-8,11,14,17-20,22H,4-5,12-13,15-16,21H2,1-3H3,(H,30,31,34)/t22-/m0/s1",CIKTYHYVXWGZSY-QFIPXVFZSA-N,CIKTYHYVXWGZSY,1,False,True,False,False,CIKTYHYVXWGZSY-QFIPXVFZSA-N,1,True,1
GKA_0053,gka_candidate,CHEMBL3577736,,COC[C@H](C)Oc1cc(C#Cc2cccc(OCCN3CCCCC3)c2)cc(C(=O)Nc2ccn(C)n2)c1,,,activity,,P2,≥7.5（EC50 ≤ 32 nM）,8.15,False,,CHEMBL3577736,False,,,,,,,,False,True,True,COC[C@H](C)Oc1cc(C#Cc2cccc(OCCN3CCCCC3)c2)cc(C(=O)Nc2ccn(C)n2)c1,1,False,0,0,False,False,无改动,516.6420000000004,516.2736556320001,38,77.85000000000001,77.85000000000001,4.350600000000004,147.77719999999985,1,6,10,11,4,3,0.4,8,0,0.4039327081843497,1,O=C(Nc1cc[nH]n1)c1cccc(C#Cc2cccc(OCCN3CCCCC3)c2)c1,CC(CC1CCCC1)C1CCCC(CCC2CCCC(CCCC3CCCCC3)C2)C1,False,"InChI=1S/C30H36N4O4/c1-23(22-36-3)38-28-20-25(18-26(21-28)30(35)31-29-12-15-33(2)32-29)11-10-24-8-7-9-27(19-24)37-17-16-34-13-5-4-6-14-34/h7-9,12,15,18-21,23H,4-6,13-14,16-17,22H2,1-3H3,(H,31,32,35)/t23-/m0/s1",CNLSRXPEUCFZDV-QHCPKHFHSA-N,CNLSRXPEUCFZDV,1,False,True,False,False,CNLSRXPEUCFZDV-QHCPKHFHSA-N,1,True,1
GKA_0054,gka_candidate,CHEMBL1257390,,CS(=O)(=O)c1ccc(/C(=C\C2CCCC2)C(=O)Nc2ncc(Br)s2)cc1,,,activity,,P2,≥7.5（EC50 ≤ 32 nM）,8.1,False,,CHEMBL1257390,False,,,,,,,,False,True,True,CS(=O)(=O)c1ccc(/C(=C\C2CCCC2)C(=O)Nc2ncc(Br)s2)cc1,1,False,0,0,False,False,无改动,455.399,454.002046568,26,76.13,112.75,4.521400000000003,107.93050000000004,1,5,5,6,3,2,0.3333333333333333,8,0,0.6730157730841225,0,O=C(Nc1nccs1)/C(=C/C1CCCC1)c1ccccc1,CC(CC1CCCC1)C(CC1CCCC1)C1CCCCC1,False,"InChI=1S/C18H19BrN2O3S2/c1-26(23,24)14-8-6-13(7-9-14)15(10-12-4-2-3-5-12)17(22)21-18-20-11-16(19)25-18/h6-12H,2-5H2,1H3,(H,20,21,22)/b15-10+",JOISSXZRHSAVRM-XNTDXEJSSA-N,JOISSXZRHSAVRM,0,False,False,False,False,JOISSXZRHSAVRM-XNTDXEJSSA-N,1,True,8
GKA_0055,gka_candidate,CHEMBL3577732,,COC[C@H](C)Oc1cc(C#Cc2cccc(NCCn3ccnc3C)c2)cc(C(=O)Nc2ccn(C)n2)c1,,,activity,,P2,≥7.5（EC50 ≤ 32 nM）,8.05,False,,CHEMBL3577732,False,,,,,,,,False,True,True,COC[C@H](C)Oc1cc(C#Cc2cccc(NCCn3ccnc3C)c2)cc(C(=O)Nc2ccn(C)n2)c1,1,False,0,0,False,False,无改动,512.6140000000003,512.2535888840001,38,95.23,95.23,4.102920000000003,147.44489999999982,2,6,10,11,4,4,0.27586206896551724,9,0,0.31079584016517053,1,O=C(Nc1cc[nH]n1)c1cccc(C#Cc2cccc(NCCn3ccnc3)c2)c1,CC(CC1CCCC1)C1CCCC(CCC2CCCC(CCCC3CCCC3)C2)C1,False,"InChI=1S/C29H32N6O3/c1-21(20-37-4)38-27-18-24(16-25(19-27)29(36)32-28-10-13-34(3)33-28)9-8-23-6-5-7-26(17-23)31-12-15-35-14-11-30-22(35)2/h5-7,10-11,13-14,16-19,21,31H,12,15,20H2,1-4H3,(H,32,33,36)/t21-/m0/s1",PHPGEFZFXQKVHC-NRFANRHFSA-N,PHPGEFZFXQKVHC,1,False,False,False,False,PHPGEFZFXQKVHC-NRFANRHFSA-N,1,True,1
GKA_0056,gka_candidate,CHEMBL3895061,,COC(=O)CCc1cnc(-c2cc3cc(Oc4ccc(S(C)(=O)=O)cc4)c(C4CCC(=O)N4C)cc3[nH]2)s1,,,activity,,P2,≥7.5（EC50 ≤ 32 nM）,8.05,False,,CHEMBL3895061,False,,,,,,,,False,True,True,COC(=O)CCc1cnc(-c2cc3cc(Oc4ccc(S(C)(=O)=O)cc4)c(C4CCC(=O)N4C)cc3[nH]2)s1,1,False,0,0,False,False,无改动,553.6620000000004,553.1341275839999,38,118.66,155.28,4.886100000000004,144.11449999999985,1,8,8,9,5,4,0.2962962962962963,11,0,0.3088094234225353,1,O=C1CCC(c2cc3[nH]c(-c4nccs4)cc3cc2Oc2ccccc2)N1,CC1CCC(C2CC3CC(C4CCCC4)CC3CC2CC2CCCCC2)C1,False,"InChI=1S/C27H27N3O6S2/c1-30-23(9-10-25(30)31)20-14-21-16(13-24(20)36-17-4-7-19(8-5-17)38(3,33)34)12-22(29-21)27-28-15-18(37-27)6-11-26(32)35-2/h4-5,7-8,12-15,23,29H,6,9-11H2,1-3H3",UXTGZYGDERAYFO-UHFFFAOYSA-N,UXTGZYGDERAYFO,1,False,False,False,False,UXTGZYGDERAYFO-UHFFFAOYSA-N,1,True,5
GKA_0057,gka_candidate,CHEMBL3580737,MK-0941 FREE BASE,CCS(=O)(=O)c1ccc(Oc2cc(O[C@@H](C)CO)cc(C(=O)Nc3ccn(C)n3)c2)cn1,MK-0941 FREE BASE,2.0,activity,,P2,≥7.5（EC50 ≤ 32 nM）,8.02,True,MK-0941 (free base),CHEMBL3580737,False,,,,,,,,False,True,True,CCS(=O)(=O)c1ccc(Oc2cc(O[C@@H](C)CO)cc(C(=O)Nc3ccn(C)n3)c2)cn1,1,False,0,0,False,False,无改动,460.5120000000001,460.1416554880001,32,132.64000000000001,141.01999999999998,2.4129000000000005,116.81680000000003,2,8,9,10,3,3,0.2857142857142857,11,0,0.4974339296959057,0,O=C(Nc1cc[nH]n1)c1cccc(Oc2cccnc2)c1,CC(CC1CCCC1)C1CCCC(CC2CCCCC2)C1,False,"InChI=1S/C21H24N4O6S/c1-4-32(28,29)20-6-5-16(12-22-20)31-18-10-15(9-17(11-18)30-14(2)13-26)21(27)23-19-7-8-25(3)24-19/h5-12,14,26H,4,13H2,1-3H3,(H,23,24,27)/t14-/m0/s1",KJSGTWFWVTYPFZ-AWEZNQCLSA-N,KJSGTWFWVTYPFZ,1,False,False,False,False,KJSGTWFWVTYPFZ-AWEZNQCLSA-N,2,True,3
GKA_0058,gka_candidate,CHEMBL1258435,,Cc1nnnn1-c1ccc(/C(=C\C2CCCCCC2)C(=O)Nc2ncc(Br)s2)cc1Cl,,,activity,,P2,≥7.5（EC50 ≤ 32 nM）,7.92,False,,CHEMBL1258435,False,,,,,,,,False,True,True,Cc1nnnn1-c1ccc(/C(=C\C2CCCCCC2)C(=O)Nc2ncc(Br)s2)cc1Cl,1,False,0,0,False,False,无改动,521.8720000000001,520.044770104,31,85.59,113.83,5.835620000000005,126.51370000000001,1,6,5,6,4,3,0.38095238095238093,10,0,0.3368606015021999,2,O=C(Nc1nccs1)/C(=C/C1CCCCCC1)c1ccc(-n2cnnn2)cc1,CC(CC1CCCC1)C(CC1CCCCCC1)C1CCC(C2CCCC2)CC1,False,"InChI=1S/C21H22BrClN6OS/c1-13-26-27-28-29(13)18-9-8-15(11-17(18)23)16(10-14-6-4-2-3-5-7-14)20(30)25-21-24-12-19(22)31-21/h8-12,14H,2-7H2,1H3,(H,24,25,30)/b16-10+",HLIOSGRVEWBZSF-MHWRWJLKSA-N,HLIOSGRVEWBZSF,0,False,False,False,False,HLIOSGRVEWBZSF-MHWRWJLKSA-N,1,True,1
GKA_0059,gka_candidate,CHEMBL3577720,,COC[C@H](C)Oc1cc(C#Cc2ccc3[nH]ccc3c2)cc(C(=O)Nc2ccn(C)n2)c1,,,activity,,P2,≥7.5（EC50 ≤ 32 nM）,7.92,False,,CHEMBL3577720,False,,,,,,,,False,True,True,COC[C@H](C)Oc1cc(C#Cc2ccc3[nH]ccc3c2)cc(C(=O)Nc2ccn(C)n2)c1,1,False,0,0,False,False,无改动,428.49200000000013,428.1848406280001,32,81.17,81.17,3.967200000000002,123.84790000000004,2,4,6,7,4,4,0.2,7,0,0.4555891761687018,0,O=C(Nc1cc[nH]n1)c1cccc(C#Cc2ccc3[nH]ccc3c2)c1,CC(CC1CCCC1)C1CCCC(CCC2CCC3CCCC3C2)C1,False,"InChI=1S/C25H24N4O3/c1-17(16-31-3)32-22-14-19(5-4-18-6-7-23-20(12-18)8-10-26-23)13-21(15-22)25(30)27-24-9-11-29(2)28-24/h6-15,17,26H,16H2,1-3H3,(H,27,28,30)/t17-/m0/s1",RSIPNPVRFMMPEO-KRWDZBQOSA-N,RSIPNPVRFMMPEO,1,False,False,False,False,RSIPNPVRFMMPEO-KRWDZBQOSA-N,1,True,1
GKA_0060,gka_candidate,CHEMBL3977813,,COC(=O)CCc1ccc(-c2cc3cc(Oc4ccc(C(=O)N5CCC5)nc4)c(C4CCCN4C(C)=O)cc3[nH]2)nc1,,,activity,,P2,≥7.5（EC50 ≤ 32 nM）,7.86,False,,CHEMBL3977813,False,,,,,,,,False,True,True,COC(=O)CCc1ccc(-c2cc3cc(Oc4ccc(C(=O)N5CCC5)nc4)c(C4CCCN4C(C)=O)cc3[nH]2)nc1,1,False,0,0,False,False,无改动,567.6460000000004,567.248169156,42,117.71999999999998,117.71999999999998,5.052100000000004,156.06019999999972,1,7,8,11,6,4,0.34375,10,0,0.2960991955172837,2,O=C(c1ccc(Oc2cc3cc(-c4ccccn4)[nH]c3cc2C2CCCN2)cn1)N1CCC1,CC(C1CCC1)C1CCC(CC2CC3CC(C4CCCCC4)CC3CC2C2CCCC2)CC1,False,"InChI=1S/C32H33N5O5/c1-20(38)37-14-3-5-29(37)24-17-27-22(15-28(35-27)25-9-6-21(18-33-25)7-11-31(39)41-2)16-30(24)42-23-8-10-26(34-19-23)32(40)36-12-4-13-36/h6,8-10,15-19,29,35H,3-5,7,11-14H2,1-2H3",WZPHLGMCGBKLTQ-UHFFFAOYSA-N,WZPHLGMCGBKLTQ,1,False,False,False,False,WZPHLGMCGBKLTQ-UHFFFAOYSA-N,1,True,2
GKA_0061,gka_candidate,CHEMBL3358432,,CCc1ncccc1Oc1cc(CC2CCCCC2)cnc1NC(=O)NC,,,activity,,P2,≥7.5（EC50 ≤ 32 nM）,7.85,False,,CHEMBL3358432,False,,,,,,,,False,True,True,CCc1ncccc1Oc1cc(CC2CCCCC2)cnc1NC(=O)NC,1,False,0,0,False,False,无改动,368.481,368.22122613600004,27,76.14000000000001,76.14000000000001,4.705400000000003,106.28340000000006,2,4,6,8,3,2,0.47619047619047616,6,0,0.7743664155845684,0,c1cncc(Oc2cncc(CC3CCCCC3)c2)c1,C1CCC(CC2CCCC(CC3CCCCC3)C2)CC1,False,"InChI=1S/C21H28N4O2/c1-3-17-18(10-7-11-23-17)27-19-13-16(12-15-8-5-4-6-9-15)14-24-20(19)25-21(26)22-2/h7,10-11,13-15H,3-6,8-9,12H2,1-2H3,(H2,22,24,25,26)",LDRZWXMZIPLJON-UHFFFAOYSA-N,LDRZWXMZIPLJON,0,False,False,False,False,LDRZWXMZIPLJON-UHFFFAOYSA-N,1,True,1
GKA_0062,gka_candidate,CHEMBL3577737,,COC[C@H](C)Oc1cc(C#Cc2cccc(OCCN3CCOCC3)c2)cc(C(=O)Nc2ccn(C)n2)c1,,,activity,,P2,≥7.5（EC50 ≤ 32 nM）,7.8,False,,CHEMBL3577737,False,,,,,,,,False,True,True,COC[C@H](C)Oc1cc(C#Cc2cccc(OCCN3CCOCC3)c2)cc(C(=O)Nc2ccn(C)n2)c1,1,False,0,0,False,False,无改动,518.6140000000004,518.2529201880001,38,87.08,87.08,3.196900000000001,144.74519999999987,1,7,10,11,4,3,0.3793103448275862,9,0,0.4126789617070827,1,O=C(Nc1cc[nH]n1)c1cccc(C#Cc2cccc(OCCN3CCOCC3)c2)c1,CC(CC1CCCC1)C1CCCC(CCC2CCCC(CCCC3CCCCC3)C2)C1,False,"InChI=1S/C29H34N4O5/c1-22(21-35-3)38-27-19-24(17-25(20-27)29(34)30-28-9-10-32(2)31-28)8-7-23-5-4-6-26(18-23)37-16-13-33-11-14-36-15-12-33/h4-6,9-10,17-20,22H,11-16,21H2,1-3H3,(H,30,31,34)/t22-/m0/s1",SCKXJGWFLUCPHL-QFIPXVFZSA-N,SCKXJGWFLUCPHL,1,False,True,False,False,SCKXJGWFLUCPHL-QFIPXVFZSA-N,1,True,1
GKA_0063,gka_candidate,CHEMBL205816,,CC(C)Oc1cc(O[C@@H](C)Cc2ccccc2)cc(C(=O)Nc2ccc(C(=O)O)cn2)c1,,,activity,,P2,≥7.5（EC50 ≤ 32 nM）,7.7,False,,CHEMBL205816,False,,,,,,,,False,True,True,CC(C)Oc1cc(O[C@@H](C)Cc2ccccc2)cc(C(=O)Nc2ccc(C(=O)O)cn2)c1,1,False,0,0,False,False,无改动,434.4920000000002,434.18417193199997,32,97.75,97.75,4.8293000000000035,121.59150000000007,2,5,9,10,3,3,0.24,7,0,0.5006328863064826,0,O=C(Nc1ccccn1)c1cccc(OCCc2ccccc2)c1,CC(CC1CCCCC1)C1CCCC(CCCC2CCCCC2)C1,False,"InChI=1S/C25H26N2O5/c1-16(2)31-21-12-20(24(28)27-23-10-9-19(15-26-23)25(29)30)13-22(14-21)32-17(3)11-18-7-5-4-6-8-18/h4-10,12-17H,11H2,1-3H3,(H,29,30)(H,26,27,28)/t17-/m0/s1",CLRXIUJLHYPICH-KRWDZBQOSA-N,CLRXIUJLHYPICH,1,True,False,False,False,CLRXIUJLHYPICH-KRWDZBQOSA-N,1,True,9
GKA_0064,gka_candidate,CHEMBL3577730,,COC[C@H](C)Oc1cc(C#Cc2cccc(NCCN3CCOCC3)c2)cc(C(=O)Nc2ccn(C)n2)c1,,,activity,,P2,≥7.5（EC50 ≤ 32 nM）,7.7,False,,CHEMBL3577730,False,,,,,,,,False,True,True,COC[C@H](C)Oc1cc(C#Cc2cccc(NCCN3CCOCC3)c2)cc(C(=O)Nc2ccn(C)n2)c1,1,False,0,0,False,False,无改动,517.6300000000003,517.2689046,38,89.88000000000001,89.88000000000001,3.2300000000000013,147.7398999999998,2,7,10,11,4,3,0.3793103448275862,9,0,0.3993082379732003,1,O=C(Nc1cc[nH]n1)c1cccc(C#Cc2cccc(NCCN3CCOCC3)c2)c1,CC(CC1CCCC1)C1CCCC(CCC2CCCC(CCCC3CCCCC3)C2)C1,False,"InChI=1S/C29H35N5O4/c1-22(21-36-3)38-27-19-24(17-25(20-27)29(35)31-28-9-11-33(2)32-28)8-7-23-5-4-6-26(18-23)30-10-12-34-13-15-37-16-14-34/h4-6,9,11,17-20,22,30H,10,12-16,21H2,1-3H3,(H,31,32,35)/t22-/m0/s1",XLHQJZBPWPNFJN-QFIPXVFZSA-N,XLHQJZBPWPNFJN,1,False,True,False,False,XLHQJZBPWPNFJN-QFIPXVFZSA-N,1,True,1
GKA_0065,gka_candidate,CHEMBL4639271,,CCc1csc(Nc2ncc(Sc3ccncc3)cc2Oc2ccccc2)n1,,,activity,,P2,≥7.5（EC50 ≤ 32 nM）,7.7,False,,CHEMBL4639271,False,,,,,,,,False,True,True,CCc1csc(Nc2ncc(Sc3ccncc3)cc2Oc2ccccc2)n1,1,False,0,0,False,False,无改动,406.5360000000001,406.09220319599996,28,59.93000000000001,113.47,6.182600000000003,113.88770000000001,1,7,7,7,4,4,0.09523809523809523,7,0,0.39521014120195136,1,c1ccc(Oc2cc(Sc3ccncc3)cnc2Nc2nccs2)cc1,C1CCC(CC2CCC(CC3CCCC3)C(CC3CCCCC3)C2)CC1,False,"InChI=1S/C21H18N4OS2/c1-2-15-14-27-21(24-15)25-20-19(26-16-6-4-3-5-7-16)12-18(13-23-20)28-17-8-10-22-11-9-17/h3-14H,2H2,1H3,(H,23,24,25)",GFLDSNIRKKMYNR-UHFFFAOYSA-N,GFLDSNIRKKMYNR,0,False,False,False,False,GFLDSNIRKKMYNR-UHFFFAOYSA-N,1,True,6
GKA_0066,gka_candidate,CHEMBL4648642,,CN(C)CC(=O)N1CCC(c2nsc(Nc3ncc(Sc4ccccn4)cc3Oc3ccccc3)n2)CC1,,,activity,,P2,≥7.5（EC50 ≤ 32 nM）,7.7,False,,CHEMBL4648642,False,,,,,,,,False,True,True,CN(C)CC(=O)N1CCC(c2nsc(Nc3ncc(Sc4ccccn4)cc3Oc3ccccc3)n2)CC1,1,False,0,0,False,False,无改动,547.71,547.1824151680001,38,96.37,149.91000000000003,5.282800000000004,149.41369999999972,1,10,9,10,5,4,0.2962962962962963,11,0,0.3000496191077266,2,c1ccc(Oc2cc(Sc3ccccn3)cnc2Nc2nc(C3CCNCC3)ns2)cc1,C1CCC(CC2CCC(CC3CCC(C4CCCCC4)C3)C(CC3CCCCC3)C2)CC1,False,"InChI=1S/C27H29N7O2S2/c1-33(2)18-24(35)34-14-11-19(12-15-34)25-30-27(38-32-25)31-26-22(36-20-8-4-3-5-9-20)16-21(17-29-26)37-23-10-6-7-13-28-23/h3-10,13,16-17,19H,11-12,14-15,18H2,1-2H3,(H,29,30,31,32)",IRMFOFIIMCDJCM-UHFFFAOYSA-N,IRMFOFIIMCDJCM,0,False,True,False,False,IRMFOFIIMCDJCM-UHFFFAOYSA-N,1,True,8
GKA_0067,gka_candidate,CHEMBL4646802,,c1ccc(Oc2cc(Sc3ccccn3)cnc2Nc2nc(C3CCOC3)ns2)cc1,,,activity,,P2,≥7.5（EC50 ≤ 32 nM）,7.68,False,,CHEMBL4646802,False,,,,,,,,False,True,True,c1ccc(Oc2cc(Sc3ccccn3)cnc2Nc2nc(C3CCOC3)ns2)cc1,1,False,0,0,False,False,无改动,449.5610000000002,449.0980168480001,31,82.05000000000001,135.59,5.5191000000000034,120.48170000000002,1,9,7,7,5,4,0.18181818181818182,9,0,0.3949520667220435,1,c1ccc(Oc2cc(Sc3ccccn3)cnc2Nc2nc(C3CCOC3)ns2)cc1,C1CCC(CC2CCC(CC3CCC(C4CCCC4)C3)C(CC3CCCCC3)C2)CC1,False,"InChI=1S/C22H19N5O2S2/c1-2-6-16(7-3-1)29-18-12-17(30-19-8-4-5-10-23-19)13-24-21(18)26-22-25-20(27-31-22)15-9-11-28-14-15/h1-8,10,12-13,15H,9,11,14H2,(H,24,25,26,27)",ZRCNRJXRDSAWJV-UHFFFAOYSA-N,ZRCNRJXRDSAWJV,1,False,False,False,False,ZRCNRJXRDSAWJV-UHFFFAOYSA-N,1,True,1
GKA_0068,gka_candidate,CHEMBL3217925,,C[C@@H](CO)Oc1cc(Oc2ccc(C(=O)N3CCC3)cc2)cc(C(=O)Nc2ccn(C)n2)c1,,,activity,,P2,≥7.5（EC50 ≤ 32 nM）,7.655,False,,CHEMBL3217925,False,,,,,,,,False,True,True,C[C@@H](CO)Oc1cc(Oc2ccc(C(=O)N3CCC3)cc2)cc(C(=O)Nc2ccn(C)n2)c1,1,False,0,0,False,False,无改动,450.4950000000001,450.190319932,33,105.92,105.92,3.0702000000000007,121.81550000000004,2,6,8,10,4,3,0.2916666666666667,9,0,0.5464453825294132,0,O=C(Nc1cc[nH]n1)c1cccc(Oc2ccc(C(=O)N3CCC3)cc2)c1,CC(CC1CCCC1)C1CCCC(CC2CCC(C(C)C3CCC3)CC2)C1,False,"InChI=1S/C24H26N4O5/c1-16(15-29)32-20-12-18(23(30)25-22-8-11-27(2)26-22)13-21(14-20)33-19-6-4-17(5-7-19)24(31)28-9-3-10-28/h4-8,11-14,16,29H,3,9-10,15H2,1-2H3,(H,25,26,30)/t16-/m0/s1",KNTJSHYACOBPAA-INIZCTEOSA-N,KNTJSHYACOBPAA,1,False,False,False,False,KNTJSHYACOBPAA-INIZCTEOSA-N,1,True,1
GKA_0069,gka_candidate,CHEMBL3580740,,Cc1cnc(NC(=O)c2cc(Oc3ccc(C(=O)N(C)C)nc3)c3c(c2)OC(C)(CO)C3)cn1,,,activity,,P2,≥7.5（EC50 ≤ 32 nM）,7.62,False,,CHEMBL3580740,False,,,,,,,,False,True,True,Cc1cnc(NC(=O)c2cc(Oc3ccc(C(=O)N(C)C)nc3)c3c(c2)OC(C)(CO)C3)cn1,1,False,0,0,False,False,无改动,463.49400000000026,463.1855689,34,126.77,126.77,2.6123200000000004,123.31550000000003,2,8,6,8,4,3,0.2916666666666667,10,0,0.5712328799413012,0,O=C(Nc1cnccn1)c1cc2c(c(Oc3cccnc3)c1)CCO2,CC(CC1CCCCC1)C1CC2CCCC2C(CC2CCCCC2)C1,False,"InChI=1S/C24H25N5O5/c1-14-10-27-21(12-25-14)28-22(31)15-7-19(17-9-24(2,13-30)34-20(17)8-15)33-16-5-6-18(26-11-16)23(32)29(3)4/h5-8,10-12,30H,9,13H2,1-4H3,(H,27,28,31)",PTZFDHDBIJFBGR-UHFFFAOYSA-N,PTZFDHDBIJFBGR,1,False,False,False,False,PTZFDHDBIJFBGR-UHFFFAOYSA-N,1,True,1
GKA_0070,gka_candidate,CHEMBL1258205,,Cc1nnnn1-c1ccc(/C(=C\C2CCCCC2)C(=O)Nc2nccs2)cc1Cl,,,activity,,P2,≥7.5（EC50 ≤ 32 nM）,7.6,False,,CHEMBL1258205,False,,,,,,,,False,True,True,Cc1nnnn1-c1ccc(/C(=C\C2CCCCC2)C(=O)Nc2nccs2)cc1Cl,1,False,0,0,False,False,无改动,428.94899999999996,428.118607972,29,85.59,113.83,4.683020000000004,114.19670000000002,1,6,5,6,4,3,0.35,9,0,0.5958834227889511,0,O=C(Nc1nccs1)/C(=C/C1CCCCC1)c1ccc(-n2cnnn2)cc1,CC(CC1CCCC1)C(CC1CCCCC1)C1CCC(C2CCCC2)CC1,False,"InChI=1S/C20H21ClN6OS/c1-13-24-25-26-27(13)18-8-7-15(12-17(18)21)16(11-14-5-3-2-4-6-14)19(28)23-20-22-9-10-29-20/h7-12,14H,2-6H2,1H3,(H,22,23,28)/b16-11+",LKVCBZIKYUSOKK-LFIBNONCSA-N,LKVCBZIKYUSOKK,0,False,False,False,False,LKVCBZIKYUSOKK-LFIBNONCSA-N,1,True,2
GKA_0071,gka_candidate,CHEMBL3577718,,COC[C@H](C)Oc1cc(C#CCSC2CCCC2)cc(C(=O)Nc2ccn(C)n2)c1,,,activity,,P2,≥7.5（EC50 ≤ 32 nM）,7.6,False,,CHEMBL3577718,False,,,,,,,,False,True,True,COC[C@H](C)Oc1cc(C#CCSC2CCCC2)cc(C(=O)Nc2ccn(C)n2)c1,1,False,0,0,False,False,无改动,427.5700000000001,427.19296278800005,30,65.38,90.67999999999999,4.113400000000003,121.16120000000005,1,5,8,9,3,2,0.4782608695652174,7,0,0.6423956555065522,0,O=C(Nc1cc[nH]n1)c1cccc(C#CCSC2CCCC2)c1,CC(CC1CCCC1)C1CCCC(CCCCC2CCCC2)C1,False,"InChI=1S/C23H29N3O3S/c1-17(16-28-3)29-20-14-18(7-6-12-30-21-8-4-5-9-21)13-19(15-20)23(27)24-22-10-11-26(2)25-22/h10-11,13-15,17,21H,4-5,8-9,12,16H2,1-3H3,(H,24,25,27)/t17-/m0/s1",DQZJMNQOUVFLJT-KRWDZBQOSA-N,DQZJMNQOUVFLJT,1,False,False,False,False,DQZJMNQOUVFLJT-KRWDZBQOSA-N,1,True,1
GKA_0072,gka_candidate,CHEMBL3218477,,Cn1ccc(NC(=O)c2cc(Oc3ccc(C(=O)N4CCC4)c(F)c3)c3c(c2)OC(C)(C)C3)n1,,,activity,,P2,≥7.5（EC50 ≤ 32 nM）,7.575,False,,CHEMBL3218477,False,,,,,,,,False,True,True,Cn1ccc(NC(=O)c2cc(Oc3ccc(C(=O)N4CCC4)c(F)c3)c3c(c2)OC(C)(C)C3)n1,1,False,0,0,False,False,无改动,464.49700000000036,464.1859835,34,85.69000000000001,85.69000000000001,4.163200000000003,123.00870000000003,1,5,5,7,5,3,0.32,9,0,0.6128584874889466,0,O=C(Nc1cc[nH]n1)c1cc2c(c(Oc3ccc(C(=O)N4CCC4)cc3)c1)CCO2,CC(CC1CCCC1)C1CC2CCCC2C(CC2CCC(C(C)C3CCC3)CC2)C1,False,"InChI=1S/C25H25FN4O4/c1-25(2)14-18-20(33-16-5-6-17(19(26)13-16)24(32)30-8-4-9-30)11-15(12-21(18)34-25)23(31)27-22-7-10-29(3)28-22/h5-7,10-13H,4,8-9,14H2,1-3H3,(H,27,28,31)",MDMLUBFZTGYEGP-UHFFFAOYSA-N,MDMLUBFZTGYEGP,0,False,False,False,False,MDMLUBFZTGYEGP-UHFFFAOYSA-N,1,True,1
GKA_0073,gka_candidate,CHEMBL1778357,,COC[C@H](C)Oc1cc(O[C@@H](C)Cc2ccc(Cl)o2)cc(C(=O)Nc2ccc(C(=O)O)cn2)c1,,,activity,,P2,≥7.5（EC50 ≤ 32 nM）,7.52,False,,CHEMBL1778357,False,,,,,,,,False,True,True,COC[C@H](C)Oc1cc(O[C@@H](C)Cc2ccc(Cl)o2)cc(C(=O)Nc2ccc(C(=O)O)cn2)c1,1,False,0,0,False,False,无改动,488.9240000000002,488.13502882,34,120.12,120.12,4.702200000000003,125.06950000000006,2,7,11,12,3,3,0.2916666666666667,10,0,0.39811932696784325,0,O=C(Nc1ccccn1)c1cccc(OCCc2ccco2)c1,CC(CC1CCCCC1)C1CCCC(CCCC2CCCC2)C1,False,"InChI=1S/C24H25ClN2O7/c1-14(8-18-5-6-21(25)34-18)32-19-9-17(10-20(11-19)33-15(2)13-31-3)23(28)27-22-7-4-16(12-26-22)24(29)30/h4-7,9-12,14-15H,8,13H2,1-3H3,(H,29,30)(H,26,27,28)/t14-,15-/m0/s1",FACGWLUZFFYALO-GJZGRUSLSA-N,FACGWLUZFFYALO,2,True,False,False,False,FACGWLUZFFYALO-GJZGRUSLSA-N,1,True,1
GKA_0074,gka_candidate,CHEMBL3577721,,COC[C@H](C)Oc1cc(C#Cc2ccc3c(c2)OCO3)cc(C(=O)Nc2ccn(C)n2)c1,,,activity,,P2,≥7.5（EC50 ≤ 32 nM）,7.52,False,,CHEMBL3577721,False,,,,,,,,False,True,True,COC[C@H](C)Oc1cc(C#Cc2ccc3c(c2)OCO3)cc(C(=O)Nc2ccn(C)n2)c1,1,False,0,0,False,False,无改动,433.4640000000001,433.1637708360001,32,83.83999999999999,83.83999999999999,3.2146000000000017,118.11420000000005,1,6,6,7,4,3,0.25,8,0,0.6013067931574445,0,O=C(Nc1cc[nH]n1)c1cccc(C#Cc2ccc3c(c2)OCO3)c1,CC(CC1CCCC1)C1CCCC(CCC2CCC3CCCC3C2)C1,False,"InChI=1S/C24H23N3O5/c1-16(14-29-3)32-20-11-18(5-4-17-6-7-21-22(12-17)31-15-30-21)10-19(13-20)24(28)25-23-8-9-27(2)26-23/h6-13,16H,14-15H2,1-3H3,(H,25,26,28)/t16-/m0/s1",VYSDEEMKUWOLEP-INIZCTEOSA-N,VYSDEEMKUWOLEP,1,False,False,False,False,VYSDEEMKUWOLEP-INIZCTEOSA-N,1,True,1
GKA_0075,gka_candidate,CHEMBL3580738,,Cc1ccc(NC(=O)c2cc(Oc3ccc(C(=O)N4CCC4)c(F)c3)c3c(c2)OC(C)(CO)C3)nc1,,,activity,,P2,7.0–7.5（32–100 nM）,7.475,False,,CHEMBL3580738,False,,,,,,,,False,True,True,Cc1ccc(NC(=O)c2cc(Oc3ccc(C(=O)N4CCC4)c(F)c3)c3c(c2)OC(C)(CO)C3)nc1,1,False,0,0,False,False,无改动,491.51900000000035,491.185649152,36,100.99000000000001,100.99000000000001,4.105520000000003,130.1865,2,6,6,8,5,3,0.2962962962962963,9,0,0.5384517623033944,0,O=C(Nc1ccccn1)c1cc2c(c(Oc3ccc(C(=O)N4CCC4)cc3)c1)CCO2,CC(CC1CCCCC1)C1CC2CCCC2C(CC2CCC(C(C)C3CCC3)CC2)C1,False,"InChI=1S/C27H26FN3O5/c1-16-4-7-24(29-14-16)30-25(33)17-10-22(20-13-27(2,15-32)36-23(20)11-17)35-18-5-6-19(21(28)12-18)26(34)31-8-3-9-31/h4-7,10-12,14,32H,3,8-9,13,15H2,1-2H3,(H,29,30,33)",CCFYJFIRLYYRLS-UHFFFAOYSA-N,CCFYJFIRLYYRLS,1,False,False,False,False,CCFYJFIRLYYRLS-UHFFFAOYSA-N,1,True,1
GKA_0076,gka_candidate,CHEMBL5267943,,O=C(O)c1ccc(Oc2cnc(NC(=O)[C@H](Oc3ccc(F)cc3F)c3ccc(S(=O)(=O)C4CC4)cc3)s2)cc1,,,activity,,P2,7.0–7.5（32–100 nM）,7.47,False,,CHEMBL5267943,False,,,,,,,,False,True,True,O=C(O)c1ccc(Oc2cnc(NC(=O)[C@H](Oc3ccc(F)cc3F)c3ccc(S(=O)(=O)C4CC4)cc3)s2)cc1,1,False,0,0,False,False,无改动,586.5940000000003,586.06799942,40,131.89000000000001,168.51000000000002,5.606700000000004,140.59579999999985,2,8,10,11,5,4,0.14814814814814814,13,0,0.2452890948660378,2,O=C(Nc1ncc(Oc2ccccc2)s1)[C@H](Oc1ccccc1)c1ccc(S(=O)(=O)C2CC2)cc1,CC(CC1CCC(CC2CCCCC2)C1)C(CC1CCCCC1)C1CCC(C(C)(C)C2CC2)CC1,False,"InChI=1S/C27H20F2N2O7S2/c28-17-5-12-22(21(29)13-17)38-24(15-3-8-19(9-4-15)40(35,36)20-10-11-20)25(32)31-27-30-14-23(39-27)37-18-6-1-16(2-7-18)26(33)34/h1-9,12-14,20,24H,10-11H2,(H,33,34)(H,30,31,32)/t24-/m1/s1",XJFUEUNGZVAEIX-XMMPIXPASA-N,XJFUEUNGZVAEIX,1,True,False,False,False,XJFUEUNGZVAEIX-XMMPIXPASA-N,1,True,1
GKA_0077,gka_candidate,CHEMBL573292,,CCCN(CCC)S(=O)(=O)c1ccc(C(CC2CCCC2)C(=O)Nc2nc3ccc(OC)nc3s2)cc1,,,activity,,P2,7.0–7.5（32–100 nM）,7.46,False,,CHEMBL573292,False,,,,,,,,False,True,True,CCCN(CCC)S(=O)(=O)c1ccc(C(CC2CCCC2)C(=O)Nc2nc3ccc(OC)nc3s2)cc1,1,False,0,0,False,False,无改动,544.7430000000003,544.217797632,37,101.49000000000001,138.11,5.813200000000006,147.6954999999998,1,7,12,13,4,3,0.5185185185185185,10,0,0.30860822609408034,2,O=C(Nc1nc2cccnc2s1)C(CC1CCCC1)c1ccccc1,CC(CC1CC2CCCCC2C1)C(CC1CCCC1)C1CCCCC1,False,"InChI=1S/C27H36N4O4S2/c1-4-16-31(17-5-2)37(33,34)21-12-10-20(11-13-21)22(18-19-8-6-7-9-19)25(32)30-27-28-23-14-15-24(35-3)29-26(23)36-27/h10-15,19,22H,4-9,16-18H2,1-3H3,(H,28,30,32)",XRSJNMNIDPHJEL-UHFFFAOYSA-N,XRSJNMNIDPHJEL,1,False,False,True,False,XRSJNMNIDPHJEL-UHFFFAOYSA-N,1,True,9
GKA_0078,gka_candidate,CHEMBL1257977,,CS(=O)(=O)c1ccc(/C(=C\C2CCCCC2)C(=O)Nc2cc(Br)ccn2)cc1C(F)(F)F,,,activity,,P2,7.0–7.5（32–100 nM）,7.44,False,,CHEMBL1257977,False,,,,,,,,False,True,True,CS(=O)(=O)c1ccc(/C(=C\C2CCCCC2)C(=O)Nc2cc(Br)ccn2)cc1C(F)(F)F,1,False,0,0,False,False,无改动,531.3940000000001,530.048660324,32,76.13,84.51,5.868800000000004,119.67250000000003,1,4,5,7,3,2,0.36363636363636365,10,0,0.4902040821049667,2,O=C(Nc1ccccn1)/C(=C/C1CCCCC1)c1ccccc1,CC(CC1CCCCC1)C(CC1CCCCC1)C1CCCCC1,False,"InChI=1S/C22H22BrF3N2O3S/c1-32(30,31)19-8-7-15(12-18(19)22(24,25)26)17(11-14-5-3-2-4-6-14)21(29)28-20-13-16(23)9-10-27-20/h7-14H,2-6H2,1H3,(H,27,28,29)/b17-11+",MYPNOUBWEHPWPY-GZTJUZNOSA-N,MYPNOUBWEHPWPY,0,False,False,False,False,MYPNOUBWEHPWPY-GZTJUZNOSA-N,1,True,1
GKA_0079,gka_candidate,CHEMBL1258768,,CS(=O)(=O)c1ccc(/C(=C\CC2CCCC2)C(=O)Nc2nccs2)cc1C(F)(F)F,,,activity,,P2,7.0–7.5（32–100 nM）,7.43,False,,CHEMBL1258768,False,,,,,,,,False,True,True,CS(=O)(=O)c1ccc(/C(=C\CC2CCCC2)C(=O)Nc2nccs2)cc1C(F)(F)F,1,False,0,0,False,False,无改动,458.527,458.0945691920001,30,76.13,112.75,5.167800000000004,109.84950000000003,1,5,6,8,3,2,0.4,10,0,0.6063497891493946,1,O=C(Nc1nccs1)/C(=C/CC1CCCC1)c1ccccc1,CC(CC1CCCC1)C(CCC1CCCC1)C1CCCCC1,False,"InChI=1S/C20H21F3N2O3S2/c1-30(27,28)17-9-7-14(12-16(17)20(21,22)23)15(8-6-13-4-2-3-5-13)18(26)25-19-24-10-11-29-19/h7-13H,2-6H2,1H3,(H,24,25,26)/b15-8+",MWTBIDPRXILOJG-OVCLIPMQSA-N,MWTBIDPRXILOJG,0,False,False,False,False,MWTBIDPRXILOJG-OVCLIPMQSA-N,1,True,2
GKA_0080,gka_candidate,CHEMBL551648,,O=C(Nc1nccs1)c1nc(Sc2nnc[nH]2)ccc1Sc1ccccc1,,,activity,,P2,7.0–7.5（32–100 nM）,7.42,False,,CHEMBL551648,False,,,,,,,,False,True,True,O=C(Nc1nccs1)c1nc(Sc2nnc[nH]2)ccc1Sc1ccccc1,1,False,0,0,False,False,无改动,412.5250000000001,412.02347200400004,27,96.45000000000002,175.29,4.210900000000002,105.37489999999998,2,8,6,7,4,4,0.0,10,0,0.4895135025079286,0,O=C(Nc1nccs1)c1nc(Sc2nnc[nH]2)ccc1Sc1ccccc1,CC(CC1CCCC1)C1CC(CC2CCCC2)CCC1CC1CCCCC1,False,"InChI=1S/C17H12N6OS3/c24-15(22-16-18-8-9-25-16)14-12(26-11-4-2-1-3-5-11)6-7-13(21-14)27-17-19-10-20-23-17/h1-10H,(H,18,22,24)(H,19,20,23)",URQJILNFIPQTRX-UHFFFAOYSA-N,URQJILNFIPQTRX,0,False,False,False,False,URQJILNFIPQTRX-UHFFFAOYSA-N,1,True,11
GKA_0081,gka_candidate,CHEMBL1257865,,Cc1nnnn1-c1ccc(/C(=C\C2CCCC2)C(=O)Nc2nccs2)cc1Cl,,,activity,,P2,7.0–7.5（32–100 nM）,7.4,False,,CHEMBL1257865,False,,,,,,,,False,True,True,Cc1nnnn1-c1ccc(/C(=C\C2CCCC2)C(=O)Nc2nccs2)cc1Cl,1,False,0,0,False,False,无改动,414.922,414.102957908,28,85.59,113.83,4.292920000000003,109.57970000000003,1,6,5,6,4,3,0.3157894736842105,9,0,0.6290555371673885,0,O=C(Nc1nccs1)/C(=C/C1CCCC1)c1ccc(-n2cnnn2)cc1,CC(CC1CCCC1)C(CC1CCCC1)C1CCC(C2CCCC2)CC1,False,"InChI=1S/C19H19ClN6OS/c1-12-23-24-25-26(12)17-7-6-14(11-16(17)20)15(10-13-4-2-3-5-13)18(27)22-19-21-8-9-28-19/h6-11,13H,2-5H2,1H3,(H,21,22,27)/b15-10+",VLMUMBDJCAPBLI-XNTDXEJSSA-N,VLMUMBDJCAPBLI,0,False,False,False,False,VLMUMBDJCAPBLI-XNTDXEJSSA-N,1,True,2
GKA_0082,gka_candidate,CHEMBL1778366,,COC[C@H](C)Oc1cc(Oc2cccc(OC)c2)cc(C(=O)Nc2ccc(C(=O)O)cn2)c1,,,activity,,P2,7.0–7.5（32–100 nM）,7.4,False,,CHEMBL1778366,False,,,,,,,,False,True,True,COC[C@H](C)Oc1cc(Oc2cccc(OC)c2)cc(C(=O)Nc2ccc(C(=O)O)cn2)c1,1,False,0,0,False,False,无改动,452.4630000000002,452.158351108,33,116.21000000000001,116.21000000000001,4.246700000000002,120.62550000000006,2,7,10,11,3,3,0.20833333333333334,9,0,0.46907332693948633,0,O=C(Nc1ccccn1)c1cccc(Oc2ccccc2)c1,CC(CC1CCCCC1)C1CCCC(CC2CCCCC2)C1,False,"InChI=1S/C24H24N2O7/c1-15(14-30-2)32-20-9-17(23(27)26-22-8-7-16(13-25-22)24(28)29)10-21(12-20)33-19-6-4-5-18(11-19)31-3/h4-13,15H,14H2,1-3H3,(H,28,29)(H,25,26,27)/t15-/m0/s1",NHKYIRPUHQGSKF-HNNXBMFYSA-N,NHKYIRPUHQGSKF,1,True,False,False,False,NHKYIRPUHQGSKF-HNNXBMFYSA-N,1,True,11
GKA_0083,gka_candidate,CHEMBL4641678,,O=C(Nc1ncc(Cl)s1)/C(=N/N1CCCC1)c1ccc(S(=O)(=O)C2CC2)cc1,,,activity,,P2,7.0–7.5（32–100 nM）,7.39,False,,CHEMBL4641678,False,,,,,,,,False,True,True,O=C(Nc1ncc(Cl)s1)/C(=N/N1CCCC1)c1ccc(S(=O)(=O)C2CC2)cc1,1,False,0,0,False,False,无改动,438.9620000000002,438.058710148,28,91.72999999999999,128.35,3.1712000000000016,109.74750000000002,1,7,6,7,4,2,0.3888888888888889,10,0,0.6991156731960241,0,O=C(Nc1nccs1)/C(=N/N1CCCC1)c1ccc(S(=O)(=O)C2CC2)cc1,CC(CC1CCCC1)C(CC1CCCC1)C1CCC(C(C)(C)C2CC2)CC1,False,"InChI=1S/C18H19ClN4O3S2/c19-15-11-20-18(27-15)21-17(24)16(22-23-9-1-2-10-23)12-3-5-13(6-4-12)28(25,26)14-7-8-14/h3-6,11,14H,1-2,7-10H2,(H,20,21,24)/b22-16+",HEICTMHSMKRYPU-CJLVFECKSA-N,HEICTMHSMKRYPU,0,False,False,False,False,HEICTMHSMKRYPU-CJLVFECKSA-N,1,True,3
GKA_0084,gka_candidate,CHEMBL4531223,,CNC(=O)Nc1cc(Oc2cncc(C)c2)c(-c2ccc(OC[C@H](C)O)nc2)cn1,,,activity,,P2,7.0–7.5（32–100 nM）,7.35,False,,CHEMBL4531223,False,,,,,,,,False,True,True,CNC(=O)Nc1cc(Oc2cncc(C)c2)c(-c2ccc(OC[C@H](C)O)nc2)cn1,1,False,0,0,False,False,无改动,409.44600000000014,409.175004216,30,118.49000000000001,118.49000000000001,3.150220000000001,111.77020000000002,3,7,7,9,3,3,0.23809523809523808,9,0,0.5484043813185937,0,c1cncc(Oc2ccncc2-c2cccnc2)c1,C1CCC(CC2CCCCC2C2CCCCC2)CC1,False,"InChI=1S/C21H23N5O4/c1-13-6-16(10-23-8-13)30-18-7-19(26-21(28)22-3)24-11-17(18)15-4-5-20(25-9-15)29-12-14(2)27/h4-11,14,27H,12H2,1-3H3,(H2,22,24,26,28)/t14-/m0/s1",IUJYIMVTOYKANW-AWEZNQCLSA-N,IUJYIMVTOYKANW,1,False,False,False,False,IUJYIMVTOYKANW-AWEZNQCLSA-N,1,True,11
GKA_0085,gka_candidate,CHEMBL4529355,,CNC(=O)Nc1cc(Oc2cncc(C)c2)c(CCCCO)cn1,,,activity,,P2,7.0–7.5（32–100 nM）,7.34,False,,CHEMBL4529355,False,,,,,,,,False,True,True,CNC(=O)Nc1cc(Oc2cncc(C)c2)c(CCCCO)cn1,1,False,0,0,False,False,无改动,330.3880000000001,330.16919056399996,24,96.37,96.37,2.6436200000000003,91.38720000000004,3,5,7,9,2,2,0.35294117647058826,7,0,0.6782534532157126,0,c1cncc(Oc2ccncc2)c1,C1CCC(CC2CCCCC2)CC1,False,"InChI=1S/C17H22N4O3/c1-12-7-14(11-19-9-12)24-15-8-16(21-17(23)18-2)20-10-13(15)5-3-4-6-22/h7-11,22H,3-6H2,1-2H3,(H2,18,20,21,23)",BKCOKWFNOYAYES-UHFFFAOYSA-N,BKCOKWFNOYAYES,0,False,False,False,False,BKCOKWFNOYAYES-UHFFFAOYSA-N,1,True,5
GKA_0086,gka_candidate,CHEMBL4645667,,c1ccc(CCc2csc(Nc3ncc(Sc4ccncc4)cc3Oc3ccccc3)n2)cc1,,,activity,,P2,7.0–7.5（32–100 nM）,7.33,False,,CHEMBL4645667,False,,,,,,,,False,True,True,c1ccc(CCc2csc(Nc3ncc(Sc4ccncc4)cc3Oc3ccccc3)n2)cc1,1,False,0,0,False,False,无改动,482.6340000000002,482.123503324,34,59.93000000000001,113.47,7.405400000000005,138.35969999999983,1,7,9,9,5,5,0.07407407407407407,7,0,0.23606543402999758,1,c1ccc(CCc2csc(Nc3ncc(Sc4ccncc4)cc3Oc3ccccc3)n2)cc1,C1CCC(CCC2CCC(CC3CCC(CC4CCCCC4)CC3CC3CCCCC3)C2)CC1,False,"InChI=1S/C27H22N4OS2/c1-3-7-20(8-4-1)11-12-21-19-33-27(30-21)31-26-25(32-22-9-5-2-6-10-22)17-24(18-29-26)34-23-13-15-28-16-14-23/h1-10,13-19H,11-12H2,(H,29,30,31)",ZVHBWHZMVDWUFE-UHFFFAOYSA-N,ZVHBWHZMVDWUFE,0,False,False,False,False,ZVHBWHZMVDWUFE-UHFFFAOYSA-N,1,True,1
GKA_0087,gka_candidate,CHEMBL3221523,,O=C(Nc1ccc(F)cn1)[C@H](CN1CC(O)C1)Oc1ncnc2c1cnn2-c1c(Cl)cccc1Cl,,,activity,,P2,7.0–7.5（32–100 nM）,7.305,False,,CHEMBL3221523,False,,,,,,,,False,True,True,O=C(Nc1ccc(F)cn1)[C@H](CN1CC(O)C1)Oc1ncnc2c1cnn2-c1c(Cl)cccc1Cl,1,False,0,0,False,False,无改动,518.3360000000001,517.0832210160002,35,118.29000000000002,118.29000000000002,2.7190000000000003,126.36749999999999,2,8,7,8,5,4,0.22727272727272727,13,0,0.38371416607481273,1,O=C(Nc1ccccn1)[C@H](CN1CCC1)Oc1ncnc2c1cnn2-c1ccccc1,CC(CC1CCCCC1)C(CC1CCC1)CC1CCCC2C(C3CCCCC3)CCC12,False,"InChI=1S/C22H18Cl2FN7O3/c23-15-2-1-3-16(24)19(15)32-20-14(7-29-32)22(28-11-27-20)35-17(10-31-8-13(33)9-31)21(34)30-18-5-4-12(25)6-26-18/h1-7,11,13,17,33H,8-10H2,(H,26,30,34)/t17-/m0/s1",RWBHYJMVXPDSIT-KRWDZBQOSA-N,RWBHYJMVXPDSIT,1,False,True,False,False,RWBHYJMVXPDSIT-KRWDZBQOSA-N,1,True,10
GKA_0088,gka_candidate,CHEMBL1204008,,COc1ccc2nc(NC(=O)C(CC3CCCC3)c3ccc(S(=O)(=O)N4CCNCC4)cc3)sc2n1.Cl,,,activity,,P2,7.0–7.5（32–100 nM）,7.3,False,,CHEMBL575092,True,,,,,,,,False,True,True,COc1ccc2nc(NC(=O)C(CC3CCCC3)c3ccc(S(=O)(=O)N4CCNCC4)cc3)sc2n1,2,True,0,0,False,True,去盐：2 个片段取最大,529.6880000000002,529.1817464720001,36,113.51999999999998,150.14,3.596400000000002,139.98319999999993,2,8,8,9,5,3,0.48,11,0,0.45837920544375493,1,O=C(Nc1nc2cccnc2s1)C(CC1CCCC1)c1ccc(S(=O)(=O)N2CCNCC2)cc1,CC(CC1CC2CCCCC2C1)C(CC1CCCC1)C1CCC(C(C)(C)C2CCCCC2)CC1,False,"InChI=1S/C25H31N5O4S2/c1-34-22-11-10-21-24(28-22)35-25(27-21)29-23(31)20(16-17-4-2-3-5-17)18-6-8-19(9-7-18)36(32,33)30-14-12-26-13-15-30/h6-11,17,20,26H,2-5,12-16H2,1H3,(H,27,29,31)",IJUYJLCLPMJKHJ-UHFFFAOYSA-N,IJUYJLCLPMJKHJ,1,False,True,True,False,IJUYJLCLPMJKHJ-UHFFFAOYSA-N,1,True,1
GKA_0089,gka_candidate,CHEMBL2206790,,COCC[C@H](Oc1ncnc2c1cnn2-c1ccccc1Cl)C(=O)Nc1ccc(C)cn1,,,activity,,P2,7.0–7.5（32–100 nM）,7.3,False,,CHEMBL2206790,False,,,,,,,,False,True,True,COCC[C@H](Oc1ncnc2c1cnn2-c1ccccc1Cl)C(=O)Nc1ccc(C)cn1,1,False,0,0,False,False,无改动,452.9020000000001,452.13636621200004,32,104.05,104.05,3.594920000000002,120.18270000000004,1,7,8,9,4,4,0.22727272727272727,10,0,0.43521947143988365,0,O=C(COc1ncnc2c1cnn2-c1ccccc1)Nc1ccccn1,CC(CCC1CCCC2C(C3CCCCC3)CCC12)CC1CCCCC1,False,"InChI=1S/C22H21ClN6O3/c1-14-7-8-19(24-11-14)28-21(30)18(9-10-31-2)32-22-15-12-27-29(20(15)25-13-26-22)17-6-4-3-5-16(17)23/h3-8,11-13,18H,9-10H2,1-2H3,(H,24,28,30)/t18-/m0/s1",QOSFZTVPVNEQRB-SFHVURJKSA-N,QOSFZTVPVNEQRB,1,False,False,False,False,QOSFZTVPVNEQRB-SFHVURJKSA-N,1,True,18
GKA_0090,gka_candidate,CHEMBL3580742,,CC(C)Oc1cc(Oc2cnc(C(=O)N3CCC3)cn2)cc(C(=O)Nc2cc[nH]n2)c1,,,activity,,P2,7.0–7.5（32–100 nM）,7.28,False,,CHEMBL3580742,False,,,,,,,,False,True,True,CC(C)Oc1cc(Oc2cnc(C(=O)N3CCC3)cn2)cc(C(=O)Nc2cc[nH]n2)c1,1,False,0,0,False,False,无改动,422.44500000000005,422.17025318400005,31,122.33,122.33,2.8773999999999997,111.37340000000003,2,7,7,9,4,3,0.2857142857142857,10,0,0.6001431102365081,0,O=C(Nc1cc[nH]n1)c1cccc(Oc2cnc(C(=O)N3CCC3)cn2)c1,CC(CC1CCCC1)C1CCCC(CC2CCC(C(C)C3CCC3)CC2)C1,False,"InChI=1S/C21H22N6O4/c1-13(2)30-15-8-14(20(28)25-18-4-5-24-26-18)9-16(10-15)31-19-12-22-17(11-23-19)21(29)27-6-3-7-27/h4-5,8-13H,3,6-7H2,1-2H3,(H2,24,25,26,28)",DFALYQZOEMVVFG-UHFFFAOYSA-N,DFALYQZOEMVVFG,0,False,False,False,False,DFALYQZOEMVVFG-UHFFFAOYSA-N,1,True,2
GKA_0091,gka_candidate,CHEMBL4529989,,CNC(=O)Nc1cc(Oc2cncc(C)c2)c([C@H]2C[C@@H](CO)C2)cn1,,,activity,,P2,7.0–7.5（32–100 nM）,7.28,False,,CHEMBL4529989,False,,,,,,,,False,True,True,CNC(=O)Nc1cc(Oc2cncc(C)c2)c([C@H]2C[C@@H](CO)C2)cn1,1,False,0,0,False,False,无改动,342.3990000000001,342.16919056399996,25,96.37,96.37,2.814520000000001,93.91420000000002,3,5,5,7,3,2,0.3888888888888889,7,0,0.7762866364452813,0,c1cncc(Oc2ccncc2C2CCC2)c1,C1CCC(CC2CCCCC2C2CCC2)CC1,False,"InChI=1S/C18H22N4O3/c1-11-3-14(8-20-7-11)25-16-6-17(22-18(24)19-2)21-9-15(16)13-4-12(5-13)10-23/h3,6-9,12-13,23H,4-5,10H2,1-2H3,(H2,19,21,22,24)/t12-,13+",ZFKQRXNFXUUWGJ-BETUJISGSA-N,ZFKQRXNFXUUWGJ,2,False,False,False,False,ZFKQRXNFXUUWGJ-BETUJISGSA-N,1,True,5
GKA_0092,gka_candidate,CHEMBL2315021,,COC[C@H](C)Oc1cc(/C=C/c2ccccc2F)cc(C(=O)Nc2ccc(C(=O)O)cn2)c1,,,activity,,P2,7.0–7.5（32–100 nM）,7.25,False,,CHEMBL2315021,False,,,,,,,,False,True,True,COC[C@H](C)Oc1cc(/C=C/c2ccccc2F)cc(C(=O)Nc2ccc(C(=O)O)cn2)c1,1,False,0,0,False,False,无改动,450.4660000000002,450.159100056,33,97.75,97.75,4.755300000000004,122.88550000000006,2,5,9,10,3,3,0.16,8,0,0.4565725825489818,0,O=C(Nc1ccccn1)c1cccc(/C=C/c2ccccc2)c1,CC(CC1CCCCC1)C1CCCC(CCC2CCCCC2)C1,False,"InChI=1S/C25H23FN2O5/c1-16(15-32-2)33-21-12-17(7-8-18-5-3-4-6-22(18)26)11-20(13-21)24(29)28-23-10-9-19(14-27-23)25(30)31/h3-14,16H,15H2,1-2H3,(H,30,31)(H,27,28,29)/b8-7+/t16-/m0/s1",DKBIWWFYGFTPSF-WAVCKPEOSA-N,DKBIWWFYGFTPSF,1,True,False,False,False,DKBIWWFYGFTPSF-WAVCKPEOSA-N,1,True,10
GKA_0093,gka_candidate,CHEMBL1783740,,Cc1ccc(NC(=O)[C@H](CC2CCCC2)n2ccc(S(=O)(=O)C3CCC3)cc2=O)nc1,,,activity,,P2,7.0–7.5（32–100 nM）,7.22,False,,CHEMBL1783740,False,,,,,,,,False,True,True,Cc1ccc(NC(=O)[C@H](CC2CCCC2)n2ccc(S(=O)(=O)C3CCC3)cc2=O)nc1,1,False,0,0,False,False,无改动,443.56900000000024,443.18787740799996,31,98.13000000000001,106.51,3.6380200000000027,118.74250000000006,1,5,7,8,4,2,0.5217391304347826,8,0,0.7044854767785093,0,O=C(Nc1ccccn1)[C@H](CC1CCCC1)n1ccc(S(=O)(=O)C2CCC2)cc1=O,CC1CC(C(C)(C)C2CCC2)CCC1C(CC1CCCC1)C(C)CC1CCCCC1,False,"InChI=1S/C23H29N3O4S/c1-16-9-10-21(24-15-16)25-23(28)20(13-17-5-2-3-6-17)26-12-11-19(14-22(26)27)31(29,30)18-7-4-8-18/h9-12,14-15,17-18,20H,2-8,13H2,1H3,(H,24,25,28)/t20-/m0/s1",VKOUHRQWSXWTAY-FQEVSTJZSA-N,VKOUHRQWSXWTAY,1,False,False,False,False,VKOUHRQWSXWTAY-FQEVSTJZSA-N,1,True,1
GKA_0094,gka_candidate,CHEMBL3217922,,COC[C@H](C)Oc1cc(Oc2ccc(S(C)(=O)=O)cc2)cc(C(=O)Nc2nccs2)c1,,,activity,,P2,7.0–7.5（32–100 nM）,7.22,False,,CHEMBL3217922,False,,,,,,,,False,True,True,COC[C@H](C)Oc1cc(Oc2ccc(S(C)(=O)=O)cc2)cc(C(=O)Nc2nccs2)c1,1,False,0,0,False,False,无改动,462.54900000000015,462.09192842400006,31,103.82000000000001,140.44,4.004900000000003,118.10100000000006,1,8,9,10,3,3,0.23809523809523808,10,0,0.5123993834703116,0,O=C(Nc1nccs1)c1cccc(Oc2ccccc2)c1,CC(CC1CCCC1)C1CCCC(CC2CCCCC2)C1,False,"InChI=1S/C21H22N2O6S2/c1-14(13-27-2)28-17-10-15(20(24)23-21-22-8-9-30-21)11-18(12-17)29-16-4-6-19(7-5-16)31(3,25)26/h4-12,14H,13H2,1-3H3,(H,22,23,24)/t14-/m0/s1",DCUCWQYSNMLTSW-AWEZNQCLSA-N,DCUCWQYSNMLTSW,1,False,False,False,False,DCUCWQYSNMLTSW-AWEZNQCLSA-N,1,True,26
GKA_0095,gka_candidate,CHEMBL3218488,,Cc1cnc(NC(=O)c2cc(Oc3cnc(C(=O)N4CCCC4)cn3)c3cc(C)oc3c2)cn1,,,activity,,P2,7.0–7.5（32–100 nM）,7.19,False,,CHEMBL3218488,False,,,,,,,,False,True,True,Cc1cnc(NC(=O)c2cc(Oc3cnc(C(=O)N4CCCC4)cn3)c3cc(C)oc3c2)cn1,1,False,0,0,False,False,无改动,458.4780000000003,458.170253184,34,123.34,123.34,3.9102400000000026,122.91670000000002,1,8,5,7,5,4,0.25,10,0,0.4774346042527641,0,O=C(Nc1cnccn1)c1cc(Oc2cnc(C(=O)N3CCCC3)cn2)c2ccoc2c1,CC(CC1CCCCC1)C1CC2CCCC2C(CC2CCC(C(C)C3CCCC3)CC2)C1,False,"InChI=1S/C24H22N6O4/c1-14-10-27-21(12-25-14)29-23(31)16-8-19-17(7-15(2)33-19)20(9-16)34-22-13-26-18(11-28-22)24(32)30-5-3-4-6-30/h7-13H,3-6H2,1-2H3,(H,27,29,31)",XBOGGYMIXVFRFU-UHFFFAOYSA-N,XBOGGYMIXVFRFU,0,False,False,False,False,XBOGGYMIXVFRFU-UHFFFAOYSA-N,1,True,1
GKA_0096,gka_candidate,CHEMBL575096,,COc1ccc2nc(NC(=O)C(CC3CCCC3)c3ccc(S(=O)(=O)N(C)Cc4nccn4C)cc3)sc2n1,,,activity,,P2,7.0–7.5（32–100 nM）,7.18,False,,CHEMBL575096,False,,,,,,,,False,True,True,COc1ccc2nc(NC(=O)C(CC3CCCC3)c3ccc(S(=O)(=O)N(C)Cc4nccn4C)cc3)sc2n1,1,False,0,0,False,False,无改动,568.7250000000001,568.192645504,39,119.30999999999999,155.93,4.556700000000005,150.21549999999974,1,8,10,11,5,4,0.4074074074074074,12,0,0.29791595519859854,1,O=C(Nc1nc2cccnc2s1)C(CC1CCCC1)c1ccc(S(=O)(=O)NCc2ncc[nH]2)cc1,CC(CC1CC2CCCCC2C1)C(CC1CCCC1)C1CCC(C(C)(C)CCC2CCCC2)CC1,False,"InChI=1S/C27H32N6O4S2/c1-32-15-14-28-23(32)17-33(2)39(35,36)20-10-8-19(9-11-20)21(16-18-6-4-5-7-18)25(34)31-27-29-22-12-13-24(37-3)30-26(22)38-27/h8-15,18,21H,4-7,16-17H2,1-3H3,(H,29,31,34)",BACSXTCCSDYWQS-UHFFFAOYSA-N,BACSXTCCSDYWQS,1,False,False,True,False,BACSXTCCSDYWQS-UHFFFAOYSA-N,1,True,1
GKA_0097,gka_candidate,CHEMBL576925,,COc1ccc2nc(NC(=O)C(CC3CCCC3)c3ccc(S(=O)(=O)N4CCCCC4)cc3)sc2n1,,,activity,,P2,7.0–7.5（32–100 nM）,7.18,False,,CHEMBL576925,False,,,,,,,,False,True,True,COc1ccc2nc(NC(=O)C(CC3CCCC3)c3ccc(S(=O)(=O)N4CCCCC4)cc3)sc2n1,1,False,0,0,False,False,无改动,528.7000000000003,528.186497504,36,101.48999999999998,138.11,5.177100000000006,140.96449999999987,1,7,8,9,5,3,0.5,10,0,0.43246254103994597,2,O=C(Nc1nc2cccnc2s1)C(CC1CCCC1)c1ccc(S(=O)(=O)N2CCCCC2)cc1,CC(CC1CC2CCCCC2C1)C(CC1CCCC1)C1CCC(C(C)(C)C2CCCCC2)CC1,False,"InChI=1S/C26H32N4O4S2/c1-34-23-14-13-22-25(28-23)35-26(27-22)29-24(31)21(17-18-7-3-4-8-18)19-9-11-20(12-10-19)36(32,33)30-15-5-2-6-16-30/h9-14,18,21H,2-8,15-17H2,1H3,(H,27,29,31)",XWLNYSJXDZSNAN-UHFFFAOYSA-N,XWLNYSJXDZSNAN,1,False,False,True,False,XWLNYSJXDZSNAN-UHFFFAOYSA-N,1,True,1
GKA_0098,gka_candidate,CHEMBL3358442,,CCn1nccc1Oc1cc(C[C@H]2CC[C@H](O)CC2)cnc1NC(=O)NC,,,activity,,P2,7.0–7.5（32–100 nM）,7.17,False,,CHEMBL3358442,False,,,,,,,,False,True,True,CCn1nccc1Oc1cc(C[C@H]2CC[C@H](O)CC2)cnc1NC(=O)NC,1,False,0,0,False,False,无改动,373.45700000000005,373.21138972400007,27,101.30000000000001,101.30000000000001,2.9352,101.95920000000005,3,5,6,8,3,2,0.5263157894736842,8,0,0.72260380126589,0,c1cc(Oc2cncc(CC3CCCCC3)c2)[nH]n1,C1CCC(CC2CCCC(CC3CCCC3)C2)CC1,False,"InChI=1S/C19H27N5O3/c1-3-24-17(8-9-22-24)27-16-11-14(10-13-4-6-15(25)7-5-13)12-21-18(16)23-19(26)20-2/h8-9,11-13,15,25H,3-7,10H2,1-2H3,(H2,20,21,23,26)/t13-,15-",TVECBCSUBQOPBW-CTYIDZIISA-N,TVECBCSUBQOPBW,2,False,False,False,False,TVECBCSUBQOPBW-CTYIDZIISA-N,1,True,4
GKA_0099,gka_candidate,CHEMBL4643627,,CC(=O)N1CCC(c2nsc(Nc3ncc(Sc4ccccn4)cc3Oc3cccc4ncccc34)n2)CC1,,,activity,,P2,7.0–7.5（32–100 nM）,7.165,False,,CHEMBL4643627,False,,,,,,,,False,True,True,CC(=O)N1CCC(c2nsc(Nc3ncc(Sc4ccccn4)cc3Oc3cccc4ncccc34)n2)CC1,1,False,0,0,False,False,无改动,555.689,555.15111504,39,106.02000000000001,159.56,6.289300000000005,151.8346999999997,1,10,7,8,6,5,0.21428571428571427,11,0,0.24792673807021992,2,c1ccc(Sc2cnc(Nc3nc(C4CCNCC4)ns3)c(Oc3cccc4ncccc34)c2)nc1,C1CCC(CC2CCC(CC3CCC(C4CCCCC4)C3)C(CC3CCCC4CCCCC43)C2)CC1,False,"InChI=1S/C28H25N7O2S2/c1-18(36)35-14-10-19(11-15-35)26-32-28(39-34-26)33-27-24(16-20(17-31-27)38-25-9-2-3-12-30-25)37-23-8-4-7-22-21(23)6-5-13-29-22/h2-9,12-13,16-17,19H,10-11,14-15H2,1H3,(H,31,32,33,34)",JNDNJMYZHYPZGD-UHFFFAOYSA-N,JNDNJMYZHYPZGD,0,False,False,False,False,JNDNJMYZHYPZGD-UHFFFAOYSA-N,1,True,1
GKA_0100,gka_candidate,CHEMBL1783745,,Cc1ccc(NC(=O)[C@H](CC2CCCC2)n2ccc(S(=O)(=O)C(C)C)c(Cl)c2=O)nc1,,,activity,,P2,7.0–7.5（32–100 nM）,7.16,False,,CHEMBL1783745,False,,,,,,,,False,True,True,Cc1ccc(NC(=O)[C@H](CC2CCCC2)n2ccc(S(=O)(=O)C(C)C)c(Cl)c2=O)nc1,1,False,0,0,False,False,无改动,466.00300000000016,465.14890505599993,31,98.13000000000001,106.51,4.147320000000003,121.24950000000005,1,5,7,8,3,2,0.5,9,0,0.6618919915333855,0,O=C(Nc1ccccn1)[C@H](CC1CCCC1)n1ccccc1=O,CC1CCCCC1C(CC1CCCC1)C(C)CC1CCCCC1,False,"InChI=1S/C22H28ClN3O4S/c1-14(2)31(29,30)18-10-11-26(22(28)20(18)23)17(12-16-6-4-5-7-16)21(27)25-19-9-8-15(3)13-24-19/h8-11,13-14,16-17H,4-7,12H2,1-3H3,(H,24,25,27)/t17-/m0/s1",MCKJIGKTGMEANK-KRWDZBQOSA-N,MCKJIGKTGMEANK,1,False,False,False,False,MCKJIGKTGMEANK-KRWDZBQOSA-N,1,True,11
GKA_0101,gka_candidate,CHEMBL2408112,,CCc1cnc(-c2cc(Oc3ccc(S(C)(=O)=O)cc3)cc(OC(C)C)c2)[nH]c1=O,,,activity,,P2,7.0–7.5（32–100 nM）,7.16,False,,CHEMBL2408112,False,,,,,,,,False,True,True,CCc1cnc(-c2cc(Oc3ccc(S(C)(=O)=O)cc3)cc(OC(C)C)c2)[nH]c1=O,1,False,0,0,False,False,无改动,428.51000000000016,428.14059286799994,30,98.35,106.72999999999999,3.982300000000002,115.06150000000005,1,6,7,7,3,3,0.2727272727272727,8,0,0.6111274106547816,0,O=c1ccnc(-c2cccc(Oc3ccccc3)c2)[nH]1,CC1CCCC(C2CCCC(CC3CCCCC3)C2)C1,False,"InChI=1S/C22H24N2O5S/c1-5-15-13-23-21(24-22(15)25)16-10-18(28-14(2)3)12-19(11-16)29-17-6-8-20(9-7-17)30(4,26)27/h6-14H,5H2,1-4H3,(H,23,24,25)",NAUIDAPUPIGNQX-UHFFFAOYSA-N,NAUIDAPUPIGNQX,0,False,False,False,False,NAUIDAPUPIGNQX-UHFFFAOYSA-N,1,True,8
GKA_0102,gka_candidate,CHEMBL1257153,,CS(=O)(=O)c1ccc(/C(=C\C2CCCCCCC2)C(=O)Nc2nccs2)cc1,,,activity,,P2,7.0–7.5（32–100 nM）,7.14,False,,CHEMBL1257153,False,,,,,,,,False,True,True,CS(=O)(=O)c1ccc(/C(=C\C2CCCCCCC2)C(=O)Nc2nccs2)cc1,1,False,0,0,False,False,无改动,418.58400000000006,418.1384846920001,28,76.13,112.75,4.929200000000004,114.08150000000003,1,5,5,6,3,2,0.42857142857142855,7,0,0.6986964504929387,0,O=C(Nc1nccs1)/C(=C/C1CCCCCCC1)c1ccccc1,CC(CC1CCCC1)C(CC1CCCCCCC1)C1CCCCC1,False,"InChI=1S/C21H26N2O3S2/c1-28(25,26)18-11-9-17(10-12-18)19(20(24)23-21-22-13-14-27-21)15-16-7-5-3-2-4-6-8-16/h9-16H,2-8H2,1H3,(H,22,23,24)/b19-15+",FAGVPXDHYNJFCC-XDJHFCHBSA-N,FAGVPXDHYNJFCC,0,False,False,False,False,FAGVPXDHYNJFCC-XDJHFCHBSA-N,1,True,1
GKA_0103,gka_candidate,CHEMBL4642217,,Cc1csc(Nc2ncc(Sc3ccccn3)cc2Oc2ccccc2)n1,,,activity,,P2,7.0–7.5（32–100 nM）,7.14,False,,CHEMBL4642217,False,,,,,,,,False,True,True,Cc1csc(Nc2ncc(Sc3ccccn3)cc2Oc2ccccc2)n1,1,False,0,0,False,False,无改动,392.5090000000001,392.07655313199996,27,59.93000000000001,113.47,5.928620000000003,109.2467,1,7,6,6,4,4,0.05,7,0,0.4388349579384779,1,c1ccc(Oc2cc(Sc3ccccn3)cnc2Nc2nccs2)cc1,C1CCC(CC2CCC(CC3CCCC3)C(CC3CCCCC3)C2)CC1,False,"InChI=1S/C20H16N4OS2/c1-14-13-26-20(23-14)24-19-17(25-15-7-3-2-4-8-15)11-16(12-22-19)27-18-9-5-6-10-21-18/h2-13H,1H3,(H,22,23,24)",NRHBMBYWSZHJSQ-UHFFFAOYSA-N,NRHBMBYWSZHJSQ,0,False,False,False,False,NRHBMBYWSZHJSQ-UHFFFAOYSA-N,1,True,1
GKA_0104,gka_candidate,CHEMBL2311574,,COC[C@H](C)Oc1cc(CCc2c(F)cccc2F)cc(C(=O)Nc2ccc(C(=O)O)cn2)c1,,,activity,,P2,7.0–7.5（32–100 nM）,7.115,False,,CHEMBL2311574,False,,,,,,,,False,True,True,COC[C@H](C)Oc1cc(CCc2c(F)cccc2F)cc(C(=O)Nc2ccc(C(=O)O)cn2)c1,1,False,0,0,False,False,无改动,470.47200000000015,470.16532830799997,34,97.75,97.75,4.5092000000000025,121.32350000000004,2,5,10,11,3,3,0.24,9,0,0.4526007852910202,0,O=C(Nc1ccccn1)c1cccc(CCc2ccccc2)c1,CC(CC1CCCCC1)C1CCCC(CCC2CCCCC2)C1,False,"InChI=1S/C25H24F2N2O5/c1-15(14-33-2)34-19-11-16(6-8-20-21(26)4-3-5-22(20)27)10-18(12-19)24(30)29-23-9-7-17(13-28-23)25(31)32/h3-5,7,9-13,15H,6,8,14H2,1-2H3,(H,31,32)(H,28,29,30)/t15-/m0/s1",GQAYYDKEDCYYMN-HNNXBMFYSA-N,GQAYYDKEDCYYMN,1,True,False,False,False,GQAYYDKEDCYYMN-HNNXBMFYSA-N,1,True,1
GKA_0105,gka_candidate,CHEMBL2430860,,Cc1csc(Nc2ncc(SCc3ccccn3)cc2OCc2ccccc2)n1,,,activity,,P2,7.0–7.5（32–100 nM）,7.11,False,,CHEMBL2430860,False,,,,,,,,False,True,True,Cc1csc(Nc2ncc(SCc3ccccn3)cc2OCc2ccccc2)n1,1,False,0,0,False,False,无改动,420.56300000000016,420.10785326,29,59.93000000000001,113.47,5.856420000000004,118.94270000000002,1,7,8,8,4,4,0.13636363636363635,7,0,0.3605234904395302,1,c1ccc(COc2cc(SCc3ccccn3)cnc2Nc2nccs2)cc1,C1CCC(CCC2CCC(CC3CCCC3)C(CCC3CCCCC3)C2)CC1,False,"InChI=1S/C22H20N4OS2/c1-16-14-29-22(25-16)26-21-20(27-13-17-7-3-2-4-8-17)11-19(12-24-21)28-15-18-9-5-6-10-23-18/h2-12,14H,13,15H2,1H3,(H,24,25,26)",TXLNHUDZSIYHSY-UHFFFAOYSA-N,TXLNHUDZSIYHSY,0,False,False,False,False,TXLNHUDZSIYHSY-UHFFFAOYSA-N,1,True,1
GKA_0106,gka_candidate,CHEMBL3221532,,Cc1cnc(NC(=O)[C@H](CO[C@H](C)CO)Oc2ncnc3c2cnn3-c2c(Cl)cccc2C#N)cn1,,,activity,,P2,7.0–7.5（32–100 nM）,7.11,False,,CHEMBL3221532,False,,,,,,,,False,True,True,Cc1cnc(NC(=O)[C@H](CO[C@H](C)CO)Oc2ncnc3c2cnn3-c2c(Cl)cccc2C#N)cn1,1,False,0,0,False,False,无改动,508.92600000000016,508.1374288320001,36,160.95999999999998,160.95999999999998,2.2224999999999993,128.6995,2,10,9,10,4,4,0.2608695652173913,13,0,0.34258470161475235,1,O=C(COc1ncnc2c1cnn2-c1ccccc1)Nc1cnccn1,CC(CCC1CCCC2C(C3CCCCC3)CCC12)CC1CCCCC1,False,"InChI=1S/C23H21ClN8O4/c1-13-7-27-19(9-26-13)31-22(34)18(11-35-14(2)10-33)36-23-16-8-30-32(21(16)28-12-29-23)20-15(6-25)4-3-5-17(20)24/h3-5,7-9,12,14,18,33H,10-11H2,1-2H3,(H,27,31,34)/t14-,18+/m1/s1",KZZAQWDCTIJMOX-KDOFPFPSSA-N,KZZAQWDCTIJMOX,2,False,False,False,False,KZZAQWDCTIJMOX-KDOFPFPSSA-N,1,True,3
GKA_0107,gka_candidate,CHEMBL4642812,,Cc1nsc(Nc2ncc(Sc3ccccn3)cc2Oc2ccccc2)n1,,,activity,,P2,7.0–7.5（32–100 nM）,7.11,False,,CHEMBL4642812,False,,,,,,,,False,True,True,Cc1nsc(Nc2ncc(Sc3ccccn3)cc2Oc2ccccc2)n1,1,False,0,0,False,False,无改动,393.4970000000001,393.0718021,27,72.82000000000001,126.36,5.323620000000003,107.0417,1,8,6,6,4,4,0.05263157894736842,8,0,0.4748620416577329,1,c1ccc(Oc2cc(Sc3ccccn3)cnc2Nc2ncns2)cc1,C1CCC(CC2CCC(CC3CCCC3)C(CC3CCCCC3)C2)CC1,False,"InChI=1S/C19H15N5OS2/c1-13-22-19(27-24-13)23-18-16(25-14-7-3-2-4-8-14)11-15(12-21-18)26-17-9-5-6-10-20-17/h2-12H,1H3,(H,21,22,23,24)",BPYMCNLKIVPLRZ-UHFFFAOYSA-N,BPYMCNLKIVPLRZ,0,False,False,False,False,BPYMCNLKIVPLRZ-UHFFFAOYSA-N,1,True,1
GKA_0108,gka_candidate,CHEMBL2314797,,COC[C@H](C)Oc1cc(/C=C/c2ccccc2F)cc(C(=O)Nc2ccn(C)n2)c1,,,activity,,P2,7.0–7.5（32–100 nM）,7.1,False,,CHEMBL2314797,False,,,,,,,,False,True,True,COC[C@H](C)Oc1cc(/C=C/c2ccccc2F)cc(C(=O)Nc2ccn(C)n2)c1,1,False,0,0,False,False,无改动,409.4610000000001,409.18016984800005,30,65.38,65.38,4.395600000000003,114.89720000000005,1,4,8,9,3,3,0.21739130434782608,7,0,0.5604347402766361,0,O=C(Nc1cc[nH]n1)c1cccc(/C=C/c2ccccc2)c1,CC(CC1CCCC1)C1CCCC(CCC2CCCCC2)C1,False,"InChI=1S/C23H24FN3O3/c1-16(15-29-3)30-20-13-17(8-9-18-6-4-5-7-21(18)24)12-19(14-20)23(28)25-22-10-11-27(2)26-22/h4-14,16H,15H2,1-3H3,(H,25,26,28)/b9-8+/t16-/m0/s1",JFPCJEPDGAUUEW-FDMDGMSGSA-N,JFPCJEPDGAUUEW,1,False,False,False,False,JFPCJEPDGAUUEW-FDMDGMSGSA-N,1,True,10
GKA_0109,gka_candidate,CHEMBL3221491,,Cc1cnc(NC(=O)[C@H](COC2CCC2)Oc2ncnc3c2cnn3-c2ccccc2Cl)cn1,,,activity,,P2,7.0–7.5（32–100 nM）,7.1,False,,CHEMBL3221491,False,,,,,,,,False,True,True,Cc1cnc(NC(=O)[C@H](COC2CCC2)Oc2ncnc3c2cnn3-c2ccccc2Cl)cn1,1,False,0,0,False,False,无改动,479.92800000000005,479.1472652440001,34,116.94000000000001,116.94000000000001,3.522520000000002,125.0757,1,8,8,9,5,4,0.30434782608695654,11,0,0.40763548933761945,0,O=C(Nc1cnccn1)[C@H](COC1CCC1)Oc1ncnc2c1cnn2-c1ccccc1,CC(CC1CCCCC1)C(CCC1CCC1)CC1CCCC2C(C3CCCCC3)CCC12,False,"InChI=1S/C23H22ClN7O3/c1-14-9-26-20(11-25-14)30-22(32)19(12-33-15-5-4-6-15)34-23-16-10-29-31(21(16)27-13-28-23)18-8-3-2-7-17(18)24/h2-3,7-11,13,15,19H,4-6,12H2,1H3,(H,26,30,32)/t19-/m0/s1",NFFMTZVQQOWXMC-IBGZPJMESA-N,NFFMTZVQQOWXMC,1,False,False,False,False,NFFMTZVQQOWXMC-IBGZPJMESA-N,1,True,1
GKA_0110,gka_candidate,CHEMBL4451652,,CNC(=O)Nc1cc(Oc2cncc(OC)c2)c(C2=CCOCC2)cn1,,,activity,,P2,7.0–7.5（32–100 nM）,7.095,False,,CHEMBL4451652,False,,,,,,,,False,True,True,CNC(=O)Nc1cc(Oc2cncc(OC)c2)c(C2=CCOCC2)cn1,1,False,0,0,False,False,无改动,356.3820000000002,356.14845512,26,94.60000000000001,94.60000000000001,2.8325000000000005,96.59140000000004,2,6,5,7,3,2,0.2777777777777778,8,0,0.8554009745584299,0,C1=C(c2cnccc2Oc2cccnc2)CCOC1,C1CCC(CC2CCCCC2C2CCCCC2)CC1,False,"InChI=1S/C18H20N4O4/c1-19-18(23)22-17-8-16(26-14-7-13(24-2)9-20-10-14)15(11-21-17)12-3-5-25-6-4-12/h3,7-11H,4-6H2,1-2H3,(H2,19,21,22,23)",OJNQROPSWJFXHA-UHFFFAOYSA-N,OJNQROPSWJFXHA,0,False,False,False,False,OJNQROPSWJFXHA-UHFFFAOYSA-N,1,True,1
GKA_0111,gka_candidate,CHEMBL4554222,,CNC(=O)Nc1cc(Oc2cncc(C)c2)c([C@H]2CCC[C@H](O)C2)cn1,,,activity,,P2,7.0–7.5（32–100 nM）,7.075,False,,CHEMBL4554222,False,,,,,,,,False,True,True,CNC(=O)Nc1cc(Oc2cncc(C)c2)c([C@H]2CCC[C@H](O)C2)cn1,1,False,0,0,False,False,无改动,356.42600000000016,356.18484062799996,26,96.37,96.37,3.347120000000002,98.57920000000004,3,5,4,6,3,2,0.42105263157894735,7,0,0.7805777782623752,0,c1cncc(Oc2ccncc2C2CCCCC2)c1,C1CCC(CC2CCCCC2C2CCCCC2)CC1,False,"InChI=1S/C19H24N4O3/c1-12-6-15(10-21-9-12)26-17-8-18(23-19(25)20-2)22-11-16(17)13-4-3-5-14(24)7-13/h6,8-11,13-14,24H,3-5,7H2,1-2H3,(H2,20,22,23,25)/t13-,14-/m0/s1",HYCSKZFLJZABFW-KBPBESRZSA-N,HYCSKZFLJZABFW,2,False,False,False,False,HYCSKZFLJZABFW-KBPBESRZSA-N,1,True,1
GKA_0112,gka_candidate,CHEMBL3218487,,Cc1cnc(NC(=O)c2cc(Oc3cnc(C(=O)N4CCC4)cn3)c3cc(C)oc3c2)cn1,,,activity,,P2,7.0–7.5（32–100 nM）,7.07,False,,CHEMBL3218487,False,,,,,,,,False,True,True,Cc1cnc(NC(=O)c2cc(Oc3cnc(C(=O)N4CCC4)cn3)c3cc(C)oc3c2)cn1,1,False,0,0,False,False,无改动,444.45100000000025,444.15460312,33,123.34,123.34,3.5201400000000023,118.29970000000002,1,8,5,7,5,4,0.21739130434782608,10,0,0.4959145850472029,0,O=C(Nc1cnccn1)c1cc(Oc2cnc(C(=O)N3CCC3)cn2)c2ccoc2c1,CC(CC1CCCCC1)C1CC2CCCC2C(CC2CCC(C(C)C3CCC3)CC2)C1,False,"InChI=1S/C23H20N6O4/c1-13-9-26-20(11-24-13)28-22(30)15-7-18-16(6-14(2)32-18)19(8-15)33-21-12-25-17(10-27-21)23(31)29-4-3-5-29/h6-12H,3-5H2,1-2H3,(H,26,28,30)",KKWQRPLWHQDIIZ-UHFFFAOYSA-N,KKWQRPLWHQDIIZ,0,False,False,False,False,KKWQRPLWHQDIIZ-UHFFFAOYSA-N,1,True,3
GKA_0113,gka_candidate,CHEMBL3218478,,COCc1ccc(Oc2cc3[nH]c(-c4ccccn4)nc3cc2[C@H]2CCCN2C(C)=O)cn1,,,activity,,P2,7.0–7.5（32–100 nM）,7.06,False,,CHEMBL3218478,False,,,,,,,,False,True,True,COCc1ccc(Oc2cc3[nH]c(-c4ccccn4)nc3cc2[C@H]2CCCN2C(C)=O)cn1,1,False,0,0,False,False,无改动,443.5070000000003,443.19573966,33,93.23,93.23,4.642000000000003,123.71070000000003,1,6,6,7,5,4,0.28,8,0,0.4665642004317294,0,c1ccc(-c2nc3cc([C@H]4CCCN4)c(Oc4cccnc4)cc3[nH]2)nc1,C1CCC(CC2CC3CC(C4CCCCC4)CC3CC2C2CCCC2)CC1,False,"InChI=1S/C25H25N5O3/c1-16(31)30-11-5-7-23(30)19-12-21-22(29-25(28-21)20-6-3-4-10-26-20)13-24(19)33-18-9-8-17(15-32-2)27-14-18/h3-4,6,8-10,12-14,23H,5,7,11,15H2,1-2H3,(H,28,29)/t23-/m1/s1",KNZIMOVBOPUPJI-HSZRJFAPSA-N,KNZIMOVBOPUPJI,1,False,False,False,False,KNZIMOVBOPUPJI-HSZRJFAPSA-N,1,True,1
GKA_0114,gka_candidate,CHEMBL1778358,,COC[C@H](C)Oc1cc(O[C@@H](C)CC2CCCC2)cc(C(=O)Nc2ccc(C(=O)O)cn2)c1,,,activity,,P2,7.0–7.5（32–100 nM）,7.05,False,,CHEMBL1778358,False,,,,,,,,False,True,True,COC[C@H](C)Oc1cc(O[C@@H](C)CC2CCCC2)cc(C(=O)Nc2ccc(C(=O)O)cn2)c1,1,False,0,0,False,False,无改动,456.5390000000001,456.22603674399994,33,106.98000000000002,106.98000000000002,4.793400000000004,124.22250000000007,2,6,11,12,3,2,0.48,8,0,0.5003506954196562,0,O=C(Nc1ccccn1)c1cccc(OCCC2CCCC2)c1,CC(CC1CCCCC1)C1CCCC(CCCC2CCCC2)C1,False,"InChI=1S/C25H32N2O6/c1-16(10-18-6-4-5-7-18)32-21-11-20(12-22(13-21)33-17(2)15-31-3)24(28)27-23-9-8-19(14-26-23)25(29)30/h8-9,11-14,16-18H,4-7,10,15H2,1-3H3,(H,29,30)(H,26,27,28)/t16-,17-/m0/s1",XYTCRVIXTVTNCT-IRXDYDNUSA-N,XYTCRVIXTVTNCT,2,True,False,False,False,XYTCRVIXTVTNCT-IRXDYDNUSA-N,1,True,2
GKA_0115,gka_candidate,CHEMBL373364,,O=C(O)c1ccc(NC(=O)c2cc(OCc3ccccc3F)cc(OCc3ccccc3F)c2)nc1,,,activity,,P2,7.0–7.5（32–100 nM）,7.05,False,,CHEMBL373364,False,,,,,,,,False,True,True,O=C(O)c1ccc(NC(=O)c2cc(OCc3ccccc3F)cc(OCc3ccccc3F)c2)nc1,1,False,0,0,False,False,无改动,490.46200000000016,490.13402818,36,97.75000000000001,97.75000000000001,5.468300000000004,127.05550000000001,2,5,9,10,4,4,0.07407407407407407,9,0,0.323045620453774,1,O=C(Nc1ccccn1)c1cc(OCc2ccccc2)cc(OCc2ccccc2)c1,CC(CC1CCCCC1)C1CC(CCC2CCCCC2)CC(CCC2CCCCC2)C1,False,"InChI=1S/C27H20F2N2O5/c28-23-7-3-1-5-18(23)15-35-21-11-20(26(32)31-25-10-9-17(14-30-25)27(33)34)12-22(13-21)36-16-19-6-2-4-8-24(19)29/h1-14H,15-16H2,(H,33,34)(H,30,31,32)",CHDHWRIOEXFMNA-UHFFFAOYSA-N,CHDHWRIOEXFMNA,0,True,False,False,False,CHDHWRIOEXFMNA-UHFFFAOYSA-N,1,True,2
GKA_0116,gka_candidate,CHEMBL3218482,,Cc1cnc(NC(=O)c2cc(Oc3ccc(C(=O)N(C)C)cc3)c3cc(C)oc3c2)cn1,,,activity,,P2,7.0–7.5（32–100 nM）,7.04,False,,CHEMBL3218482,False,,,,,,,,False,True,True,Cc1cnc(NC(=O)c2cc(Oc3ccc(C(=O)N(C)C)cc3)c3cc(C)oc3c2)cn1,1,False,0,0,False,False,无改动,430.46400000000017,430.164105184,32,97.55999999999999,97.55999999999999,4.586040000000003,120.20670000000003,1,6,5,7,4,4,0.16666666666666666,8,0,0.4974832738662373,0,O=C(Nc1cnccn1)c1cc(Oc2ccccc2)c2ccoc2c1,CC(CC1CCCCC1)C1CC2CCCC2C(CC2CCCCC2)C1,False,"InChI=1S/C24H22N4O4/c1-14-12-26-22(13-25-14)27-23(29)17-10-20-19(9-15(2)31-20)21(11-17)32-18-7-5-16(6-8-18)24(30)28(3)4/h5-13H,1-4H3,(H,26,27,29)",NYIISPFIDBWYIS-UHFFFAOYSA-N,NYIISPFIDBWYIS,0,False,False,False,False,NYIISPFIDBWYIS-UHFFFAOYSA-N,1,True,2
GKA_0117,gka_candidate,CHEMBL4646132,,c1ccc(Oc2cc(Sc3ccncc3)cnc2Nc2nc(C3CCCCC3)cs2)cc1,,,activity,,P2,7.0–7.5（32–100 nM）,7.04,False,,CHEMBL4646132,False,,,,,,,,False,True,True,c1ccc(Oc2cc(Sc3ccncc3)cnc2Nc2nc(C3CCCCC3)cs2)cc1,1,False,0,0,False,False,无改动,460.62800000000027,460.13915338800007,32,59.93000000000001,113.47,7.667900000000005,130.3357,1,7,7,7,5,4,0.24,7,0,0.3052765878400943,1,c1ccc(Oc2cc(Sc3ccncc3)cnc2Nc2nc(C3CCCCC3)cs2)cc1,C1CCC(CC2CCC(CC3CCC(C4CCCCC4)C3)C(CC3CCCCC3)C2)CC1,False,"InChI=1S/C25H24N4OS2/c1-3-7-18(8-4-1)22-17-31-25(28-22)29-24-23(30-19-9-5-2-6-10-19)15-21(16-27-24)32-20-11-13-26-14-12-20/h2,5-6,9-18H,1,3-4,7-8H2,(H,27,28,29)",KYGTXQUNZUZTNQ-UHFFFAOYSA-N,KYGTXQUNZUZTNQ,0,False,False,False,False,KYGTXQUNZUZTNQ-UHFFFAOYSA-N,1,True,1
GKA_0118,gka_candidate,CHEMBL3953779,,CC(C)(C(=O)O)c1ccc(Oc2cnc(NC(=O)C(OC3CCOCC3)c3ccc(S(=O)(=O)C4CC4)cc3)s2)cc1,,,activity,,P2,7.0–7.5（32–100 nM）,7.03,False,,CHEMBL3953779,False,,,,,,,,False,True,True,CC(C)(C(=O)O)c1ccc(Oc2cnc(NC(=O)C(OC3CCOCC3)c3ccc(S(=O)(=O)C4CC4)cc3)s2)cc1,1,False,0,0,False,False,无改动,600.7150000000004,600.1600079839999,41,141.12,177.74,5.109100000000005,152.23829999999973,2,9,11,12,5,3,0.41379310344827586,12,0,0.3071229246158737,2,O=C(Nc1ncc(Oc2ccccc2)s1)C(OC1CCOCC1)c1ccc(S(=O)(=O)C2CC2)cc1,CC(CC1CCC(CC2CCCCC2)C1)C(CC1CCCCC1)C1CCC(C(C)(C)C2CC2)CC1,False,"InChI=1S/C29H32N2O8S2/c1-29(2,27(33)34)19-5-7-20(8-6-19)38-24-17-30-28(40-24)31-26(32)25(39-21-13-15-37-16-14-21)18-3-9-22(10-4-18)41(35,36)23-11-12-23/h3-10,17,21,23,25H,11-16H2,1-2H3,(H,33,34)(H,30,31,32)",XSWRQJJJPKQFHZ-UHFFFAOYSA-N,XSWRQJJJPKQFHZ,1,True,False,False,False,XSWRQJJJPKQFHZ-UHFFFAOYSA-N,1,True,11
GKA_0119,gka_candidate,CHEMBL1257500,,CS(=O)(=O)c1ccc(/C(=C\C2CCCC2)C(=O)Nc2ccccn2)cc1Cl,,,activity,,P2,7.0–7.5（32–100 nM）,7.02,False,,CHEMBL1257500,False,,,,,,,,False,True,True,CS(=O)(=O)c1ccc(/C(=C\C2CCCC2)C(=O)Nc2ccccn2)cc1Cl,1,False,0,0,False,False,无改动,404.919,404.096141212,27,76.13,84.51,4.350800000000004,107.36350000000002,1,4,5,6,3,2,0.3,7,0,0.7513123899348184,0,O=C(Nc1ccccn1)/C(=C/C1CCCC1)c1ccccc1,CC(CC1CCCCC1)C(CC1CCCC1)C1CCCCC1,False,"InChI=1S/C20H21ClN2O3S/c1-27(25,26)18-10-9-15(13-17(18)21)16(12-14-6-2-3-7-14)20(24)23-19-8-4-5-11-22-19/h4-5,8-14H,2-3,6-7H2,1H3,(H,22,23,24)/b16-12+",OYDGJORZWPQIQE-FOWTUZBSSA-N,OYDGJORZWPQIQE,0,False,False,False,False,OYDGJORZWPQIQE-FOWTUZBSSA-N,1,True,1
GKA_0120,gka_candidate,CHEMBL3221531,,Cc1cnc(NC(=O)[C@H](CN2CC(O)C2)Oc2ncnc3c2cnn3-c2c(Cl)cccc2Cl)cn1,,,activity,,P2,7.0–7.5（32–100 nM）,7.02,False,,CHEMBL3221531,False,,,,,,,,False,True,True,Cc1cnc(NC(=O)[C@H](CN2CC(O)C2)Oc2ncnc3c2cnn3-c2c(Cl)cccc2Cl)cn1,1,False,0,0,False,False,无改动,515.3610000000001,514.1035418600001,35,131.18,131.18,2.2833200000000007,128.9415,2,9,7,8,5,4,0.2727272727272727,13,0,0.3806629878917692,1,O=C(Nc1cnccn1)[C@H](CN1CCC1)Oc1ncnc2c1cnn2-c1ccccc1,CC(CC1CCCCC1)C(CC1CCC1)CC1CCCC2C(C3CCCCC3)CCC12,False,"InChI=1S/C22H20Cl2N8O3/c1-12-5-26-18(7-25-12)30-21(34)17(10-31-8-13(33)9-31)35-22-14-6-29-32(20(14)27-11-28-22)19-15(23)3-2-4-16(19)24/h2-7,11,13,17,33H,8-10H2,1H3,(H,26,30,34)/t17-/m0/s1",CWLOTRFEEPFEKP-KRWDZBQOSA-N,CWLOTRFEEPFEKP,1,False,True,False,False,CWLOTRFEEPFEKP-KRWDZBQOSA-N,1,True,1
GKA_0121,gka_candidate,CHEMBL4642648,,Cc1csc(Nc2ncc(Sc3ccccc3)cc2Oc2ccccc2)n1,,,activity,,P2,7.0–7.5（32–100 nM）,7.01,False,,CHEMBL4642648,False,,,,,,,,False,True,True,Cc1csc(Nc2ncc(Sc3ccccc3)cc2Oc2ccccc2)n1,1,False,0,0,False,False,无改动,391.52100000000013,391.081304164,27,47.040000000000006,100.58,6.5336200000000035,111.4517,1,6,6,6,4,4,0.047619047619047616,6,0,0.4045671135443662,1,c1ccc(Oc2cc(Sc3ccccc3)cnc2Nc2nccs2)cc1,C1CCC(CC2CCC(CC3CCCC3)C(CC3CCCCC3)C2)CC1,False,"InChI=1S/C21H17N3OS2/c1-15-14-26-21(23-15)24-20-19(25-16-8-4-2-5-9-16)12-18(13-22-20)27-17-10-6-3-7-11-17/h2-14H,1H3,(H,22,23,24)",ODBIGGBFMSXVMF-UHFFFAOYSA-N,ODBIGGBFMSXVMF,0,False,False,False,False,ODBIGGBFMSXVMF-UHFFFAOYSA-N,1,True,1
GKA_0122,gka_candidate,CHEMBL564270,,CS(=O)(=O)c1ccc(Oc2cc(O[C@H]3CCOC3)cc(C(=O)Nc3nccs3)c2)cc1,,,activity,,P2,7.0–7.5（32–100 nM）,7.01,False,,CHEMBL564270,False,,,,,,,,False,True,True,CS(=O)(=O)c1ccc(Oc2cc(O[C@H]3CCOC3)cc(C(=O)Nc3nccs3)c2)cc1,1,False,0,0,False,False,无改动,460.53300000000013,460.07627836000006,31,103.82000000000001,140.44,3.7589000000000024,115.98700000000002,1,8,7,8,4,3,0.23809523809523808,10,0,0.5724610946642504,0,O=C(Nc1nccs1)c1cc(Oc2ccccc2)cc(O[C@H]2CCOC2)c1,CC(CC1CCCC1)C1CC(CC2CCCCC2)CC(CC2CCCC2)C1,False,"InChI=1S/C21H20N2O6S2/c1-31(25,26)19-4-2-15(3-5-19)28-17-10-14(20(24)23-21-22-7-9-30-21)11-18(12-17)29-16-6-8-27-13-16/h2-5,7,9-12,16H,6,8,13H2,1H3,(H,22,23,24)/t16-/m0/s1",UQHVRVYGEAIGAH-INIZCTEOSA-N,UQHVRVYGEAIGAH,1,False,False,False,False,UQHVRVYGEAIGAH-INIZCTEOSA-N,1,True,1
GKA_0123,gka_candidate,CHEMBL1778363,,CC(C)Oc1cc(OC2Cc3ccccc3C2)cc(C(=O)Nc2ccc(C(=O)O)cn2)c1,,,activity,,P2,7.0–7.5（32–100 nM）,7.0,False,,CHEMBL1778363,False,,,,,,,,False,True,True,CC(C)Oc1cc(OC2Cc3ccccc3C2)cc(C(=O)Nc2ccc(C(=O)O)cn2)c1,1,False,0,0,False,False,无改动,432.4760000000001,432.16852186799997,32,97.75,97.75,4.365500000000003,119.62150000000004,2,5,7,8,4,3,0.24,7,0,0.5755425762763389,0,O=C(Nc1ccccn1)c1cccc(OC2Cc3ccccc3C2)c1,CC(CC1CCCCC1)C1CCCC(CC2CC3CCCCC3C2)C1,False,"InChI=1S/C25H24N2O5/c1-15(2)31-21-11-19(24(28)27-23-8-7-18(14-26-23)25(29)30)12-22(13-21)32-20-9-16-5-3-4-6-17(16)10-20/h3-8,11-15,20H,9-10H2,1-2H3,(H,29,30)(H,26,27,28)",CLKAPSFVJWYURR-UHFFFAOYSA-N,CLKAPSFVJWYURR,0,True,False,False,False,CLKAPSFVJWYURR-UHFFFAOYSA-N,1,True,1
GKA_0124,gka_candidate,CHEMBL191239,,CC(C)Oc1cc(OCc2ccccc2F)cc(C(=O)Nc2ccc(C(=O)O)cn2)c1,,,activity,,P2,7.0–7.5（32–100 nM）,7.0,False,,CHEMBL191239,False,,,,,,,,False,True,True,CC(C)Oc1cc(OCc2ccccc2F)cc(C(=O)Nc2ccc(C(=O)O)cn2)c1,1,False,0,0,False,False,无改动,424.42800000000017,424.143449992,31,97.75,97.75,4.5374000000000025,112.08750000000003,2,5,8,9,3,3,0.17391304347826086,8,0,0.551109455952239,0,O=C(Nc1ccccn1)c1cccc(OCc2ccccc2)c1,CC(CC1CCCCC1)C1CCCC(CCC2CCCCC2)C1,False,"InChI=1S/C23H21FN2O5/c1-14(2)31-19-10-17(22(27)26-21-8-7-15(12-25-21)23(28)29)9-18(11-19)30-13-16-5-3-4-6-20(16)24/h3-12,14H,13H2,1-2H3,(H,28,29)(H,25,26,27)",MTZXGGLPHHVXRY-UHFFFAOYSA-N,MTZXGGLPHHVXRY,0,True,False,False,False,MTZXGGLPHHVXRY-UHFFFAOYSA-N,1,True,5
GKA_0125,gka_candidate,CHEMBL3235147,,Cc1cccnc1-c1cc(Oc2ccc(S(C)(=O)=O)cc2)cc(C(=O)Nc2nc(CC(=O)NC3CC3)cs2)c1,,,activity,,P3,6.5–7.0（0.1–0.32 µM）,6.99,False,,CHEMBL3235147,False,,,,,,,,False,True,True,Cc1cccnc1-c1cc(Oc2ccc(S(C)(=O)=O)cc2)cc(C(=O)Nc2nc(CC(=O)NC3CC3)cs2)c1,1,False,0,0,False,False,无改动,562.6730000000003,562.134461932,39,127.35,163.97000000000003,4.782720000000003,148.97169999999983,2,8,9,11,5,4,0.21428571428571427,11,0,0.3004490167757368,1,O=C(Cc1csc(NC(=O)c2cc(Oc3ccccc3)cc(-c3ccccn3)c2)n1)NC1CC1,CC(CC1CC1)CC1CCC(CC(C)C2CC(CC3CCCCC3)CC(C3CCCCC3)C2)C1,False,"InChI=1S/C28H26N4O5S2/c1-17-4-3-11-29-26(17)18-12-19(14-23(13-18)37-22-7-9-24(10-8-22)39(2,35)36)27(34)32-28-31-21(16-38-28)15-25(33)30-20-5-6-20/h3-4,7-14,16,20H,5-6,15H2,1-2H3,(H,30,33)(H,31,32,34)",KUENHNVZSJNAHR-UHFFFAOYSA-N,KUENHNVZSJNAHR,0,False,False,False,False,KUENHNVZSJNAHR-UHFFFAOYSA-N,1,True,1
GKA_0126,gka_candidate,CHEMBL4636129,,c1ccc(Oc2cc(Sc3ccncc3)cnc2Nc2nc(C3CC3)cs2)cc1,,,activity,,P3,6.5–7.0（0.1–0.32 µM）,6.99,False,,CHEMBL4636129,False,,,,,,,,False,True,True,c1ccc(Oc2cc(Sc3ccncc3)cnc2Nc2nc(C3CC3)cs2)cc1,1,False,0,0,False,False,无改动,418.54700000000014,418.09220319600007,29,59.93000000000001,113.47,6.497600000000004,116.48470000000002,1,7,7,7,5,4,0.13636363636363635,7,0,0.3696897590147823,1,c1ccc(Oc2cc(Sc3ccncc3)cnc2Nc2nc(C3CC3)cs2)cc1,C1CCC(CC2CCC(CC3CCC(C4CC4)C3)C(CC3CCCCC3)C2)CC1,False,"InChI=1S/C22H18N4OS2/c1-2-4-16(5-3-1)27-20-12-18(29-17-8-10-23-11-9-17)13-24-21(20)26-22-25-19(14-28-22)15-6-7-15/h1-5,8-15H,6-7H2,(H,24,25,26)",IYEJBIRMKQSGLJ-UHFFFAOYSA-N,IYEJBIRMKQSGLJ,0,False,False,False,False,IYEJBIRMKQSGLJ-UHFFFAOYSA-N,1,True,1
GKA_0127,gka_candidate,CHEMBL4592224,,CNC(=O)Nc1cc(Oc2cncc(C)c2)c([C@H]2C[C@@H]2C(C)(C)O)cn1,,,activity,,P3,6.5–7.0（0.1–0.32 µM）,6.985,False,,CHEMBL4592224,False,,,,,,,,False,True,True,CNC(=O)Nc1cc(Oc2cncc(C)c2)c([C@H]2C[C@@H]2C(C)(C)O)cn1,1,False,0,0,False,False,无改动,356.4260000000001,356.18484062799996,26,96.37,96.37,3.2030200000000013,98.50920000000004,3,5,5,7,3,2,0.42105263157894735,7,0,0.7643642277510885,0,c1cncc(Oc2ccncc2C2CC2)c1,C1CCC(CC2CCCCC2C2CC2)CC1,False,"InChI=1S/C19H24N4O3/c1-11-5-12(9-21-8-11)26-16-7-17(23-18(24)20-4)22-10-14(16)13-6-15(13)19(2,3)25/h5,7-10,13,15,25H,6H2,1-4H3,(H2,20,22,23,24)/t13-,15+/m1/s1",OTYIASMQWWGGNE-HIFRSBDPSA-N,OTYIASMQWWGGNE,2,False,False,False,False,OTYIASMQWWGGNE-HIFRSBDPSA-N,1,True,2
GKA_0128,gka_candidate,CHEMBL596032,,CCS(=O)(=O)c1ccc(Oc2cc3nc(-c4ccccn4)[nH]c3cc2CN2C(=O)CN(C)C2=O)cc1,,,activity,,P3,6.5–7.0（0.1–0.32 µM）,6.985,False,,CHEMBL596032,False,,,,,,,,False,True,True,CCS(=O)(=O)c1ccc(Oc2cc3nc(-c4ccccn4)[nH]c3cc2CN2C(=O)CN(C)C2=O)cc1,1,False,0,0,False,False,无改动,505.55600000000027,505.14198983600005,36,125.56,133.94,3.604800000000002,132.1435,1,7,7,7,5,4,0.2,11,0,0.38042542655188505,1,O=C1CNC(=O)N1Cc1cc2[nH]c(-c3ccccn3)nc2cc1Oc1ccccc1,CC1CCC(C)C1CC1CC2CC(C3CCCCC3)CC2CC1CC1CCCCC1,False,"InChI=1S/C25H23N5O5S/c1-3-36(33,34)18-9-7-17(8-10-18)35-22-13-21-20(27-24(28-21)19-6-4-5-11-26-19)12-16(22)14-30-23(31)15-29(2)25(30)32/h4-13H,3,14-15H2,1-2H3,(H,27,28)",XJPUFMSGFDSNKS-UHFFFAOYSA-N,XJPUFMSGFDSNKS,0,False,False,False,False,XJPUFMSGFDSNKS-UHFFFAOYSA-N,1,True,1
GKA_0129,gka_candidate,CHEMBL1783739,,Cc1ccc(NC(=O)[C@H](CC2CCCC2)n2ccc(S(=O)(=O)C3CC3)cc2=O)nc1,,,activity,,P3,6.5–7.0（0.1–0.32 µM）,6.96,False,,CHEMBL1783739,False,,,,,,,,False,True,True,Cc1ccc(NC(=O)[C@H](CC2CCCC2)n2ccc(S(=O)(=O)C3CC3)cc2=O)nc1,1,False,0,0,False,False,无改动,429.5420000000002,429.17222734399996,30,98.13000000000001,106.51,3.2479200000000024,114.12550000000006,1,5,7,8,4,2,0.5,8,0,0.7285118610415023,0,O=C(Nc1ccccn1)[C@H](CC1CCCC1)n1ccc(S(=O)(=O)C2CC2)cc1=O,CC1CC(C(C)(C)C2CC2)CCC1C(CC1CCCC1)C(C)CC1CCCCC1,False,"InChI=1S/C22H27N3O4S/c1-15-6-9-20(23-14-15)24-22(27)19(12-16-4-2-3-5-16)25-11-10-18(13-21(25)26)30(28,29)17-7-8-17/h6,9-11,13-14,16-17,19H,2-5,7-8,12H2,1H3,(H,23,24,27)/t19-/m0/s1",MVULCJLELFVNQE-IBGZPJMESA-N,MVULCJLELFVNQE,1,False,False,False,False,MVULCJLELFVNQE-IBGZPJMESA-N,1,True,1
GKA_0130,gka_candidate,CHEMBL3217923,,COC[C@H](C)Oc1cc(Oc2ccc(S(C)(=O)=O)cc2)cc(C(=O)Nc2nc(C)ns2)c1,,,activity,,P3,6.5–7.0（0.1–0.32 µM）,6.96,False,,CHEMBL3217923,False,,,,,,,,False,True,True,COC[C@H](C)Oc1cc(Oc2ccc(S(C)(=O)=O)cc2)cc(C(=O)Nc2nc(C)ns2)c1,1,False,0,0,False,False,无改动,477.5640000000002,477.10282745600006,32,116.71000000000001,153.33,3.7083200000000023,120.63300000000007,1,9,9,10,3,3,0.2857142857142857,11,0,0.49572940700445717,0,O=C(Nc1ncns1)c1cccc(Oc2ccccc2)c1,CC(CC1CCCC1)C1CCCC(CC2CCCCC2)C1,False,"InChI=1S/C21H23N3O6S2/c1-13(12-28-3)29-17-9-15(20(25)23-21-22-14(2)24-31-21)10-18(11-17)30-16-5-7-19(8-6-16)32(4,26)27/h5-11,13H,12H2,1-4H3,(H,22,23,24,25)/t13-/m0/s1",NXWJQVBBXSGVOG-ZDUSSCGKSA-N,NXWJQVBBXSGVOG,1,False,False,False,False,NXWJQVBBXSGVOG-ZDUSSCGKSA-N,1,True,1
GKA_0131,gka_candidate,CHEMBL3358428,,CCc1ncccc1Oc1cc(CCCCOC)cnc1NC(=O)NC,,,activity,,P3,6.5–7.0（0.1–0.32 µM）,6.96,False,,CHEMBL3358428,False,,,,,,,,False,True,True,CCc1ncccc1Oc1cc(CCCCOC)cnc1NC(=O)NC,1,False,0,0,False,False,无改动,358.44199999999995,358.200490692,26,85.37,85.37,3.5517000000000003,100.81840000000005,2,5,9,11,2,2,0.42105263157894735,7,0,0.6696651754947971,0,c1cncc(Oc2cccnc2)c1,C1CCC(CC2CCCCC2)CC1,False,"InChI=1S/C19H26N4O3/c1-4-15-16(9-7-10-21-15)26-17-12-14(8-5-6-11-25-3)13-22-18(17)23-19(24)20-2/h7,9-10,12-13H,4-6,8,11H2,1-3H3,(H2,20,22,23,24)",LSXSKCCBGGKZIS-UHFFFAOYSA-N,LSXSKCCBGGKZIS,0,False,False,False,False,LSXSKCCBGGKZIS-UHFFFAOYSA-N,1,True,8
GKA_0132,gka_candidate,CHEMBL575055,,COc1ccc2nc(NC(=O)C(CC3CCCC3)c3ccc(S(=O)(=O)N(C)Cc4ccco4)cc3)sc2n1,,,activity,,P3,6.5–7.0（0.1–0.32 µM）,6.96,False,,CHEMBL575055,False,,,,,,,,False,True,True,COc1ccc2nc(NC(=O)C(CC3CCCC3)c3ccc(S(=O)(=O)N(C)Cc4ccco4)cc3)sc2n1,1,False,0,0,False,False,无改动,554.6940000000001,554.16576206,38,114.62999999999998,151.25,5.416200000000006,145.7154999999998,1,8,10,11,5,4,0.37037037037037035,11,0,0.2784779134631828,2,O=C(Nc1nc2cccnc2s1)C(CC1CCCC1)c1ccc(S(=O)(=O)NCc2ccco2)cc1,CC(CC1CC2CCCCC2C1)C(CC1CCCC1)C1CCC(C(C)(C)CCC2CCCC2)CC1,False,"InChI=1S/C27H30N4O5S2/c1-31(17-20-8-5-15-36-20)38(33,34)21-11-9-19(10-12-21)22(16-18-6-3-4-7-18)25(32)30-27-28-23-13-14-24(35-2)29-26(23)37-27/h5,8-15,18,22H,3-4,6-7,16-17H2,1-2H3,(H,28,30,32)",HYJRDIDWEFMXIE-UHFFFAOYSA-N,HYJRDIDWEFMXIE,1,False,False,True,False,HYJRDIDWEFMXIE-UHFFFAOYSA-N,1,True,2
GKA_0133,gka_candidate,CHEMBL575918,,Cc1cnc(Nc2ncnc3ccc(Oc4c(F)cccc4S(C)(=O)=O)cc23)cn1,,,activity,,P3,6.5–7.0（0.1–0.32 µM）,6.955,False,,CHEMBL575918,False,,,,,,,,False,True,True,Cc1cnc(Nc2ncnc3ccc(Oc4c(F)cccc4S(C)(=O)=O)cc23)cn1,1,False,0,0,False,False,无改动,425.4450000000001,425.095788592,30,106.96,115.33999999999999,3.806720000000002,109.17350000000002,1,8,5,5,4,4,0.1,10,0,0.5144310473784364,0,c1ccc(Oc2ccc3ncnc(Nc4cnccn4)c3c2)cc1,C1CCC(CC2CCC3CCCC(CC4CCCCC4)C3C2)CC1,False,"InChI=1S/C20H16FN5O3S/c1-12-9-23-18(10-22-12)26-20-14-8-13(6-7-16(14)24-11-25-20)29-19-15(21)4-3-5-17(19)30(2,27)28/h3-11H,1-2H3,(H,23,24,25,26)",ZUYWFBJBQWODEQ-UHFFFAOYSA-N,ZUYWFBJBQWODEQ,0,False,False,False,False,ZUYWFBJBQWODEQ-UHFFFAOYSA-N,1,True,2
GKA_0134,gka_candidate,CHEMBL3091582,,O=C(O)c1ccc(NC(=O)[C@H](CC2CCCCC2)n2cnc(S(=O)(=O)C3CC3)c2)nc1,,,activity,,P3,6.5–7.0（0.1–0.32 µM）,6.95,False,,CHEMBL3091582,False,,,,,,,,False,True,True,O=C(O)c1ccc(NC(=O)[C@H](CC2CCCCC2)n2cnc(S(=O)(=O)C3CC3)c2)nc1,1,False,0,0,False,False,无改动,446.5290000000001,446.162390932,31,131.25,139.63,3.0626000000000015,112.48980000000003,2,6,8,9,4,2,0.5238095238095238,10,0,0.6368583541683371,0,O=C(Nc1ccccn1)[C@H](CC1CCCCC1)n1cnc(S(=O)(=O)C2CC2)c1,CC(CC1CCCCC1)C(CC1CCCCC1)C1CCC(C(C)(C)C2CC2)C1,False,"InChI=1S/C21H26N4O5S/c26-20(24-18-9-6-15(11-22-18)21(27)28)17(10-14-4-2-1-3-5-14)25-12-19(23-13-25)31(29,30)16-7-8-16/h6,9,11-14,16-17H,1-5,7-8,10H2,(H,27,28)(H,22,24,26)/t17-/m0/s1",AXBWQGYXJNMOEI-KRWDZBQOSA-N,AXBWQGYXJNMOEI,1,True,False,False,False,AXBWQGYXJNMOEI-KRWDZBQOSA-N,1,True,1
GKA_0135,gka_candidate,CHEMBL3764668,,CS(=O)(=O)c1ccc(C(CC2CCCC2)c2cc3cc(Br)cnc3[nH]2)cc1Cl,,,activity,,P3,6.5–7.0（0.1–0.32 µM）,6.94,False,,CHEMBL3764668,False,,,,,,,,False,True,True,CS(=O)(=O)c1ccc(C(CC2CCCC2)c2cc3cc(Br)cnc3[nH]2)cc1Cl,1,False,0,0,False,False,无改动,481.8430000000001,480.02738872400005,28,62.82,71.2,6.0945000000000045,116.77350000000003,1,3,5,5,4,3,0.38095238095238093,7,0,0.4791015553273585,1,c1ccc(C(CC2CCCC2)c2cc3cccnc3[nH]2)cc1,C1CCC(C(CC2CCCC2)C2CC3CCCCC3C2)CC1,False,"InChI=1S/C21H22BrClN2O2S/c1-28(26,27)20-7-6-14(10-18(20)23)17(8-13-4-2-3-5-13)19-11-15-9-16(22)12-24-21(15)25-19/h6-7,9-13,17H,2-5,8H2,1H3,(H,24,25)",LMEULCGFTKAMLF-UHFFFAOYSA-N,LMEULCGFTKAMLF,1,False,False,False,False,LMEULCGFTKAMLF-UHFFFAOYSA-N,1,True,11
GKA_0136,gka_candidate,CHEMBL4636595,,c1ccc(Oc2cc(Sc3ccccn3)cnc2Nc2nc(C3CCCO3)ns2)cc1,,,activity,,P3,6.5–7.0（0.1–0.32 µM）,6.94,False,,CHEMBL4636595,False,,,,,,,,False,True,True,c1ccc(Oc2cc(Sc3ccccn3)cnc2Nc2nc(C3CCCO3)ns2)cc1,1,False,0,0,False,False,无改动,449.5610000000002,449.0980168480001,31,82.05000000000001,135.59,5.866700000000003,120.23170000000002,1,9,7,7,5,4,0.18181818181818182,9,0,0.37525207811516115,1,c1ccc(Oc2cc(Sc3ccccn3)cnc2Nc2nc(C3CCCO3)ns2)cc1,C1CCC(CC2CCC(CC3CCC(C4CCCC4)C3)C(CC3CCCCC3)C2)CC1,False,"InChI=1S/C22H19N5O2S2/c1-2-7-15(8-3-1)29-18-13-16(30-19-10-4-5-11-23-19)14-24-20(18)25-22-26-21(27-31-22)17-9-6-12-28-17/h1-5,7-8,10-11,13-14,17H,6,9,12H2,(H,24,25,26,27)",QVKFVTKHQVFQKX-UHFFFAOYSA-N,QVKFVTKHQVFQKX,1,False,False,False,False,QVKFVTKHQVFQKX-UHFFFAOYSA-N,1,True,1
GKA_0137,gka_candidate,CHEMBL2204663,,CCn1cc2c(Oc3cnc(C(=O)N4CCC4)c(F)c3)cc(C(=O)Nc3cnc(C)cn3)cc2n1,,,activity,,P3,6.5–7.0（0.1–0.32 µM）,6.93,False,,CHEMBL2204663,False,,,,,,,,False,True,True,CCn1cc2c(Oc3cnc(C(=O)N4CCC4)c(F)c3)cc(C(=O)Nc3cnc(C)cn3)cc2n1,1,False,0,0,False,False,无改动,475.48400000000015,475.17681578400004,35,115.13000000000001,115.13000000000001,3.579220000000002,124.91870000000002,1,7,6,8,5,4,0.25,11,0,0.45321222300756736,0,O=C(Nc1cnccn1)c1cc(Oc2ccc(C(=O)N3CCC3)nc2)c2c[nH]nc2c1,CC(CC1CCCCC1)C1CC2CCCC2C(CC2CCC(C(C)C3CCC3)CC2)C1,False,"InChI=1S/C24H22FN7O3/c1-3-32-13-17-19(30-32)7-15(23(33)29-21-12-26-14(2)10-27-21)8-20(17)35-16-9-18(25)22(28-11-16)24(34)31-5-4-6-31/h7-13H,3-6H2,1-2H3,(H,27,29,33)",VRBFJTUHFBTQRQ-UHFFFAOYSA-N,VRBFJTUHFBTQRQ,0,False,False,False,False,VRBFJTUHFBTQRQ-UHFFFAOYSA-N,1,True,2
GKA_0138,gka_candidate,CHEMBL2023059,,CC(C)=CCOc1cc(Oc2ccc(S(=O)(=O)C3CC3)cc2)cc(C(=O)NC2=NC(=O)CS2)c1,,,activity,,P3,6.5–7.0（0.1–0.32 µM）,6.92,False,,CHEMBL2023059,False,,,,,,,,False,True,True,CC(C)=CCOc1cc(Oc2ccc(S(=O)(=O)C3CC3)cc2)cc(C(=O)NC2=NC(=O)CS2)c1,1,False,0,0,False,False,无改动,500.5980000000003,500.10757848800006,34,111.13,144.81000000000003,4.119200000000003,130.45800000000003,1,7,8,10,4,2,0.2916666666666667,10,0,0.5428965571344674,1,O=C1CSC(NC(=O)c2cccc(Oc3ccc(S(=O)(=O)C4CC4)cc3)c2)=N1,CC1CCC(CC(C)C2CCCC(CC3CCC(C(C)(C)C4CC4)CC3)C2)C1,False,"InChI=1S/C24H24N2O6S2/c1-15(2)9-10-31-18-11-16(23(28)26-24-25-22(27)14-33-24)12-19(13-18)32-17-3-5-20(6-4-17)34(29,30)21-7-8-21/h3-6,9,11-13,21H,7-8,10,14H2,1-2H3,(H,25,26,27,28)",MXICWTQJUFSFHD-UHFFFAOYSA-N,MXICWTQJUFSFHD,0,False,False,False,False,MXICWTQJUFSFHD-UHFFFAOYSA-N,1,True,1
GKA_0139,gka_candidate,CHEMBL2346898,,O=C(NC1CC1)c1ccc2c(=O)n(C(CC3CCCCC3)C(=O)Nc3ncc(Cl)s3)cnc2c1,,,activity,,P3,6.5–7.0（0.1–0.32 µM）,6.92,False,,CHEMBL2346898,False,,,,,,,,False,True,True,O=C(NC1CC1)c1ccc2c(=O)n(C(CC3CCCCC3)C(=O)Nc3ncc(Cl)s3)cnc2c1,1,False,0,0,False,False,无改动,500.0240000000002,499.14448837200007,34,105.98,134.22,4.5488000000000035,132.4739,2,6,7,9,5,3,0.4583333333333333,10,0,0.4957499766073367,1,O=C(NC1CC1)c1ccc2c(=O)n(C(CC3CCCCC3)C(=O)Nc3nccs3)cnc2c1,CC(CC1CC1)C1CCC2C(CCC(C(CC3CCCCC3)C(C)CC3CCCC3)C2C)C1,False,"InChI=1S/C24H26ClN5O3S/c25-20-12-26-24(34-20)29-22(32)19(10-14-4-2-1-3-5-14)30-13-27-18-11-15(6-9-17(18)23(30)33)21(31)28-16-7-8-16/h6,9,11-14,16,19H,1-5,7-8,10H2,(H,28,31)(H,26,29,32)",RRGQZTBCWCTGHA-UHFFFAOYSA-N,RRGQZTBCWCTGHA,1,False,False,False,False,RRGQZTBCWCTGHA-UHFFFAOYSA-N,1,True,1
GKA_0140,gka_candidate,CHEMBL2430862,,CC(C)c1csc(Nc2ncc(SCCn3ccnc3)cc2OCc2ccccc2)n1,,,activity,,P3,6.5–7.0（0.1–0.32 µM）,6.92,False,,CHEMBL2430862,False,,,,,,,,False,True,True,CC(C)c1csc(Nc2ncc(SCCn3ccnc3)cc2OCc2ccccc2)n1,1,False,0,0,False,False,无改动,451.62100000000015,451.15005242,31,64.86,118.39999999999999,5.9729000000000045,127.44770000000001,1,7,10,10,4,4,0.2608695652173913,8,0,0.2995907472386085,1,c1ccc(COc2cc(SCCn3ccnc3)cnc2Nc2nccs2)cc1,C1CCC(CCC2CC(CCCC3CCCC3)CCC2CC2CCCC2)CC1,False,"InChI=1S/C23H25N5OS2/c1-17(2)20-15-31-23(26-20)27-22-21(29-14-18-6-4-3-5-7-18)12-19(13-25-22)30-11-10-28-9-8-24-16-28/h3-9,12-13,15-17H,10-11,14H2,1-2H3,(H,25,26,27)",SNXVAXLZSJDZMV-UHFFFAOYSA-N,SNXVAXLZSJDZMV,0,False,False,False,False,SNXVAXLZSJDZMV-UHFFFAOYSA-N,1,True,2
GKA_0141,gka_candidate,CHEMBL3580739,,CN(C)C(=O)c1cnc(Oc2cc(C(=O)Nc3ccn(C)n3)cc3c2CC(C)(CO)O3)cn1,,,activity,,P3,6.5–7.0（0.1–0.32 µM）,6.92,False,,CHEMBL3580739,False,,,,,,,,False,True,True,CN(C)C(=O)c1cnc(Oc2cc(C(=O)Nc3ccn(C)n3)cc3c2CC(C)(CO)O3)cn1,1,False,0,0,False,False,无改动,452.47100000000023,452.180817868,33,131.70000000000002,131.70000000000002,1.6423999999999996,117.54950000000002,2,8,6,8,4,3,0.3181818181818182,11,0,0.5770334645216123,0,O=C(Nc1cc[nH]n1)c1cc2c(c(Oc3cnccn3)c1)CCO2,CC(CC1CCCC1)C1CC2CCCC2C(CC2CCCCC2)C1,False,"InChI=1S/C22H24N6O5/c1-22(12-29)9-14-16(32-19-11-23-15(10-24-19)21(31)27(2)3)7-13(8-17(14)33-22)20(30)25-18-5-6-28(4)26-18/h5-8,10-11,29H,9,12H2,1-4H3,(H,25,26,30)",IYTLOIOQUUJLCQ-UHFFFAOYSA-N,IYTLOIOQUUJLCQ,1,False,False,False,False,IYTLOIOQUUJLCQ-UHFFFAOYSA-N,1,True,1
GKA_0142,gka_candidate,CHEMBL4101006,,O=C(Nc1ncc(F)s1)[C@H](CC1CCOCC1)n1ncc2c(S(=O)(=O)C3CC3)ccnc21,,,activity,,P3,6.5–7.0（0.1–0.32 µM）,6.92,False,,CHEMBL4101006,False,,,,,,,,False,True,True,O=C(Nc1ncc(F)s1)[C@H](CC1CCOCC1)n1ncc2c(S(=O)(=O)C3CC3)ccnc21,1,False,0,0,False,False,无改动,479.5590000000002,479.10972440399996,32,116.06999999999998,152.69,2.959500000000001,115.63450000000003,1,8,7,8,5,3,0.5,12,0,0.5537563671904373,0,O=C(Nc1nccs1)[C@H](CC1CCOCC1)n1ncc2c(S(=O)(=O)C3CC3)ccnc21,CC(CC1CCCC1)C(CC1CCCCC1)C1CCC2C1CCCC2C(C)(C)C1CC1,False,"InChI=1S/C20H22FN5O4S2/c21-17-11-23-20(31-17)25-19(27)15(9-12-4-7-30-8-5-12)26-18-14(10-24-26)16(3-6-22-18)32(28,29)13-1-2-13/h3,6,10-13,15H,1-2,4-5,7-9H2,(H,23,25,27)/t15-/m0/s1",YKBDFPILEUOTGX-HNNXBMFYSA-N,YKBDFPILEUOTGX,1,False,False,False,False,YKBDFPILEUOTGX-HNNXBMFYSA-N,1,True,1
GKA_0143,gka_candidate,CHEMBL4528539,,CCOc1ccc(-c2cnc(NC(=O)NC)cc2Oc2c(F)cccc2F)cn1,,,activity,,P3,6.5–7.0（0.1–0.32 µM）,6.915,False,,CHEMBL4528539,False,,,,,,,,False,True,True,CCOc1ccc(-c2cnc(NC(=O)NC)cc2Oc2c(F)cccc2F)cn1,1,False,0,0,False,False,无改动,400.38500000000005,400.134696876,29,85.37,85.37,4.364100000000002,103.14740000000002,2,5,6,8,3,3,0.15,9,0,0.6420572274979877,0,c1ccc(Oc2ccncc2-c2cccnc2)cc1,C1CCC(CC2CCCCC2C2CCCCC2)CC1,False,"InChI=1S/C20H18F2N4O3/c1-3-28-18-8-7-12(10-25-18)13-11-24-17(26-20(27)23-2)9-16(13)29-19-14(21)5-4-6-15(19)22/h4-11H,3H2,1-2H3,(H2,23,24,26,27)",VBTGCGZQBDFJSP-UHFFFAOYSA-N,VBTGCGZQBDFJSP,0,False,False,False,False,VBTGCGZQBDFJSP-UHFFFAOYSA-N,1,True,3
GKA_0144,gka_candidate,CHEMBL4644628,,CC(=O)N1CCC(c2nsc(Nc3ncc(Sc4ccccn4)cc3Oc3cccnc3C)n2)CC1,,,activity,,P3,6.5–7.0（0.1–0.32 µM）,6.91,False,,CHEMBL4644628,False,,,,,,,,False,True,True,CC(=O)N1CCC(c2nsc(Nc3ncc(Sc4ccccn4)cc3Oc3cccnc3C)n2)CC1,1,False,0,0,False,False,无改动,519.6560000000002,519.15111504,36,106.02000000000001,159.56,5.444520000000004,139.06569999999985,1,10,7,8,5,4,0.28,11,0,0.34127441824411947,2,c1ccc(Sc2cnc(Nc3nc(C4CCNCC4)ns3)c(Oc3cccnc3)c2)nc1,C1CCC(CC2CCC(CC3CCC(C4CCCCC4)C3)C(CC3CCCCC3)C2)CC1,False,"InChI=1S/C25H25N7O2S2/c1-16-20(6-5-11-26-16)34-21-14-19(35-22-7-3-4-10-27-22)15-28-24(21)30-25-29-23(31-36-25)18-8-12-32(13-9-18)17(2)33/h3-7,10-11,14-15,18H,8-9,12-13H2,1-2H3,(H,28,29,30,31)",WITGITFYEMHCEZ-UHFFFAOYSA-N,WITGITFYEMHCEZ,0,False,False,False,False,WITGITFYEMHCEZ-UHFFFAOYSA-N,1,True,3
GKA_0145,gka_candidate,CHEMBL595362,,CCS(=O)(=O)c1ccc(Oc2cc3nc(-c4ccccn4)[nH]c3cc2CN2CCOC2=O)cc1,,,activity,,P3,6.5–7.0（0.1–0.32 µM）,6.91,False,,CHEMBL595362,False,,,,,,,,False,True,True,CCS(=O)(=O)c1ccc(Oc2cc3nc(-c4ccccn4)[nH]c3cc2CN2CCOC2=O)cc1,1,False,0,0,False,False,无改动,478.53000000000026,478.131090804,34,114.47999999999999,122.85999999999999,4.163000000000002,125.32550000000002,1,7,7,7,5,4,0.20833333333333334,10,0,0.42403997781057307,0,O=C1OCCN1Cc1cc2[nH]c(-c3ccccn3)nc2cc1Oc1ccccc1,CC1CCCC1CC1CC2CC(C3CCCCC3)CC2CC1CC1CCCCC1,False,"InChI=1S/C24H22N4O5S/c1-2-34(30,31)18-8-6-17(7-9-18)33-22-14-21-20(13-16(22)15-28-11-12-32-24(28)29)26-23(27-21)19-5-3-4-10-25-19/h3-10,13-14H,2,11-12,15H2,1H3,(H,26,27)",KZSSMVSIXNWYIC-UHFFFAOYSA-N,KZSSMVSIXNWYIC,0,False,False,False,False,KZSSMVSIXNWYIC-UHFFFAOYSA-N,1,True,1
GKA_0146,gka_candidate,CHEMBL2206785,,CCCCC(Oc1ncnc2c1cnn2-c1ccccc1Cl)C(=O)Nc1nc(C)cs1,,,activity,,P3,6.5–7.0（0.1–0.32 µM）,6.9,False,,CHEMBL2206785,False,,,,,,,,False,True,True,CCCCC(Oc1ncnc2c1cnn2-c1ccccc1Cl)C(=O)Nc1nc(C)cs1,1,False,0,0,False,False,无改动,456.9590000000001,456.1135225920001,31,94.82000000000001,123.06,4.810120000000004,121.09170000000006,1,7,8,9,4,4,0.2857142857142857,10,0,0.4084876649773291,0,O=C(COc1ncnc2c1cnn2-c1ccccc1)Nc1nccs1,CC(CCC1CCCC2C(C3CCCCC3)CCC12)CC1CCCC1,False,"InChI=1S/C21H21ClN6O2S/c1-3-4-9-17(19(29)27-21-26-13(2)11-31-21)30-20-14-10-25-28(18(14)23-12-24-20)16-8-6-5-7-15(16)22/h5-8,10-12,17H,3-4,9H2,1-2H3,(H,26,27,29)",XLXVHERKNSKEAY-UHFFFAOYSA-N,XLXVHERKNSKEAY,1,False,False,False,False,XLXVHERKNSKEAY-UHFFFAOYSA-N,1,True,1
GKA_0147,gka_candidate,CHEMBL3218497,,COc1cnc(NC(=O)c2cc(Oc3cnc(C(=O)N(C)C)cn3)c3cc(C)oc3c2)cn1,,,activity,,P3,6.5–7.0（0.1–0.32 µM）,6.9,False,,CHEMBL3218497,False,,,,,,,,False,True,True,COc1cnc(NC(=O)c2cc(Oc3cnc(C(=O)N(C)C)cn3)c3cc(C)oc3c2)cn1,1,False,0,0,False,False,无改动,448.4390000000002,448.14951774,33,132.57,132.57,3.076220000000001,117.61170000000003,1,9,6,8,4,4,0.18181818181818182,11,0,0.472289798667553,0,O=C(Nc1cnccn1)c1cc(Oc2cnccn2)c2ccoc2c1,CC(CC1CCCCC1)C1CC2CCCC2C(CC2CCCCC2)C1,False,"InChI=1S/C22H20N6O5/c1-12-5-14-16(32-12)6-13(21(29)27-18-9-26-19(31-4)10-24-18)7-17(14)33-20-11-23-15(8-25-20)22(30)28(2)3/h5-11H,1-4H3,(H,24,27,29)",JOUZBDDVEPPQRK-UHFFFAOYSA-N,JOUZBDDVEPPQRK,0,False,False,False,False,JOUZBDDVEPPQRK-UHFFFAOYSA-N,1,True,6
GKA_0148,gka_candidate,CHEMBL3927808,,O=C(O)c1cccc(Oc2cnc(NC(=O)C(OC3CCOCC3)c3ccc(S(=O)(=O)C4CCCC4)nc3)s2)c1,,,activity,,P3,6.5–7.0（0.1–0.32 µM）,6.89,False,,CHEMBL3927808,False,,,,,,,,False,True,True,O=C(O)c1cccc(Oc2cnc(NC(=O)C(OC3CCOCC3)c3ccc(S(=O)(=O)C4CCCC4)nc3)s2)c1,1,False,0,0,False,False,无改动,587.6760000000004,587.1396068879999,40,154.01,190.63,4.620300000000005,145.56479999999982,2,10,10,11,5,3,0.4074074074074074,13,0,0.34334019760936935,1,O=C(Nc1ncc(Oc2ccccc2)s1)C(OC1CCOCC1)c1ccc(S(=O)(=O)C2CCCC2)nc1,CC(CC1CCC(CC2CCCCC2)C1)C(CC1CCCCC1)C1CCC(C(C)(C)C2CCCC2)CC1,False,"InChI=1S/C27H29N3O8S2/c31-25(30-27-29-16-23(39-27)37-20-5-3-4-17(14-20)26(32)33)24(38-19-10-12-36-13-11-19)18-8-9-22(28-15-18)40(34,35)21-6-1-2-7-21/h3-5,8-9,14-16,19,21,24H,1-2,6-7,10-13H2,(H,32,33)(H,29,30,31)",HWUFKTWVDBXXQN-UHFFFAOYSA-N,HWUFKTWVDBXXQN,1,True,False,False,False,HWUFKTWVDBXXQN-UHFFFAOYSA-N,1,True,1
GKA_0149,gka_candidate,CHEMBL3932133,,O=C(NC1CC1)c1ccc(Oc2cnc(NC(=O)C(OC3CCOCC3)c3ccc(S(=O)(=O)C4CC4)cc3)s2)cc1,,,activity,,P3,6.5–7.0（0.1–0.32 µM）,6.89,False,,CHEMBL3932133,False,,,,,,,,False,True,True,O=C(NC1CC1)c1ccc(Oc2cnc(NC(=O)C(OC3CCOCC3)c3ccc(S(=O)(=O)C4CC4)cc3)s2)cc1,1,False,0,0,False,False,无改动,597.7150000000004,597.1603423319999,41,132.92,169.54,4.639100000000004,152.06469999999973,2,9,11,13,6,3,0.41379310344827586,12,0,0.32677585845911,1,O=C(NC1CC1)c1ccc(Oc2cnc(NC(=O)C(OC3CCOCC3)c3ccc(S(=O)(=O)C4CC4)cc3)s2)cc1,CC(CC1CC1)C1CCC(CC2CCC(CC(C)C(CC3CCCCC3)C3CCC(C(C)(C)C4CC4)CC3)C2)CC1,False,"InChI=1S/C29H31N3O7S2/c33-27(31-20-5-6-20)19-1-7-21(8-2-19)38-25-17-30-29(40-25)32-28(34)26(39-22-13-15-37-16-14-22)18-3-9-23(10-4-18)41(35,36)24-11-12-24/h1-4,7-10,17,20,22,24,26H,5-6,11-16H2,(H,31,33)(H,30,32,34)",IEQYVVOMJPQWIO-UHFFFAOYSA-N,IEQYVVOMJPQWIO,1,False,False,False,False,IEQYVVOMJPQWIO-UHFFFAOYSA-N,1,True,1
GKA_0150,gka_candidate,CHEMBL4441772,,CNC(=O)Nc1cc(Oc2cncc(OC)c2)c(C2CCOCC2)cn1,,,activity,,P3,6.5–7.0（0.1–0.32 µM）,6.89,False,,CHEMBL4441772,False,,,,,,,,False,True,True,CNC(=O)Nc1cc(Oc2cncc(OC)c2)c(C2CCOCC2)cn1,1,False,0,0,False,False,无改动,358.3980000000002,358.164105184,26,94.60000000000001,94.60000000000001,2.9228000000000014,95.97240000000004,2,6,5,7,3,2,0.3888888888888889,8,0,0.8533247249266211,0,c1cncc(Oc2ccncc2C2CCOCC2)c1,C1CCC(CC2CCCCC2C2CCCCC2)CC1,False,"InChI=1S/C18H22N4O4/c1-19-18(23)22-17-8-16(26-14-7-13(24-2)9-20-10-14)15(11-21-17)12-3-5-25-6-4-12/h7-12H,3-6H2,1-2H3,(H2,19,21,22,23)",NPKIDQHSXJPGIB-UHFFFAOYSA-N,NPKIDQHSXJPGIB,0,False,False,False,False,NPKIDQHSXJPGIB-UHFFFAOYSA-N,1,True,1
GKA_0151,gka_candidate,CHEMBL2314804,,COC[C@H](C)Oc1cc(/C=C/c2cccc(C)n2)cc(C(=O)Nc2ccn(C)n2)c1,,,activity,,P3,6.5–7.0（0.1–0.32 µM）,6.88,False,,CHEMBL2314804,False,,,,,,,,False,True,True,COC[C@H](C)Oc1cc(/C=C/c2cccc(C)n2)cc(C(=O)Nc2ccn(C)n2)c1,1,False,0,0,False,False,无改动,406.48600000000016,406.2004906920001,30,78.27,78.27,3.959920000000002,117.47120000000004,1,5,8,9,3,3,0.2608695652173913,7,0,0.6126195582767596,0,O=C(Nc1cc[nH]n1)c1cccc(/C=C/c2ccccn2)c1,CC(CC1CCCC1)C1CCCC(CCC2CCCCC2)C1,False,"InChI=1S/C23H26N4O3/c1-16-6-5-7-20(24-16)9-8-18-12-19(14-21(13-18)30-17(2)15-29-4)23(28)25-22-10-11-27(3)26-22/h5-14,17H,15H2,1-4H3,(H,25,26,28)/b9-8+/t17-/m0/s1",IUNHPCZTJOPKRL-IJDCCNJMSA-N,IUNHPCZTJOPKRL,1,False,False,False,False,IUNHPCZTJOPKRL-IJDCCNJMSA-N,1,True,1
GKA_0152,gka_candidate,CHEMBL2314808,,COC[C@H](C)Oc1cc(CCc2c(F)cccc2F)cc(C(=O)Nc2ccn(C)n2)c1,,,activity,,P3,6.5–7.0（0.1–0.32 µM）,6.88,False,,CHEMBL2314808,False,,,,,,,,False,True,True,COC[C@H](C)Oc1cc(CCc2c(F)cccc2F)cc(C(=O)Nc2ccn(C)n2)c1,1,False,0,0,False,False,无改动,429.4670000000001,429.1863981000001,31,65.38,65.38,4.149500000000002,113.33520000000003,1,4,9,10,3,3,0.30434782608695654,8,0,0.5550886790148398,0,O=C(Nc1cc[nH]n1)c1cccc(CCc2ccccc2)c1,CC(CC1CCCC1)C1CCCC(CCC2CCCCC2)C1,False,"InChI=1S/C23H25F2N3O3/c1-15(14-30-3)31-18-12-16(7-8-19-20(24)5-4-6-21(19)25)11-17(13-18)23(29)26-22-9-10-28(2)27-22/h4-6,9-13,15H,7-8,14H2,1-3H3,(H,26,27,29)/t15-/m0/s1",KMSVOHJWASFHPW-HNNXBMFYSA-N,KMSVOHJWASFHPW,1,False,False,False,False,KMSVOHJWASFHPW-HNNXBMFYSA-N,1,True,6
GKA_0153,gka_candidate,CHEMBL4471994,,CNC(=O)Nc1cc(Oc2cncc(C)c2)c([C@@H]2CC[C@@H](O)C2)cn1,,,activity,,P3,6.5–7.0（0.1–0.32 µM）,6.865,False,,CHEMBL4471994,False,,,,,,,,False,True,True,CNC(=O)Nc1cc(Oc2cncc(C)c2)c([C@@H]2CC[C@@H](O)C2)cn1,1,False,0,0,False,False,无改动,342.3990000000001,342.16919056399996,25,96.37,96.37,2.957020000000001,93.96220000000002,3,5,4,6,3,2,0.3888888888888889,7,0,0.7936674797554348,0,c1cncc(Oc2ccncc2C2CCCC2)c1,C1CCC(CC2CCCCC2C2CCCC2)CC1,False,"InChI=1S/C18H22N4O3/c1-11-5-14(9-20-8-11)25-16-7-17(22-18(24)19-2)21-10-15(16)12-3-4-13(23)6-12/h5,7-10,12-13,23H,3-4,6H2,1-2H3,(H2,19,21,22,24)/t12-,13-/m1/s1",BXIBIRJEIUUHPD-CHWSQXEVSA-N,BXIBIRJEIUUHPD,2,False,False,False,False,BXIBIRJEIUUHPD-CHWSQXEVSA-N,1,True,1
GKA_0154,gka_candidate,CHEMBL4551474,,CNC(=O)Nc1cc(Oc2c(F)cccc2F)c(-c2ccncc2)cn1,,,activity,,P3,6.5–7.0（0.1–0.32 µM）,6.865,False,,CHEMBL4551474,False,,,,,,,,False,True,True,CNC(=O)Nc1cc(Oc2c(F)cccc2F)c(-c2ccncc2)cn1,1,False,0,0,False,False,无改动,356.332,356.10848212800005,26,76.14,76.14,3.9654000000000025,91.9784,2,4,4,6,3,3,0.05555555555555555,8,0,0.7417238665055335,0,c1ccc(Oc2ccncc2-c2ccncc2)cc1,C1CCC(CC2CCCCC2C2CCCCC2)CC1,False,"InChI=1S/C18H14F2N4O2/c1-21-18(25)24-16-9-15(26-17-13(19)3-2-4-14(17)20)12(10-23-16)11-5-7-22-8-6-11/h2-10H,1H3,(H2,21,23,24,25)",IWVFBQVZWNETRM-UHFFFAOYSA-N,IWVFBQVZWNETRM,0,False,False,False,False,IWVFBQVZWNETRM-UHFFFAOYSA-N,1,True,1
GKA_0155,gka_candidate,CHEMBL3091580,,O=C(O)c1ccc(NC(=O)[C@H](CC2CCCC2)n2cnc(S(=O)(=O)C3CC3)c2)nc1,,,activity,,P3,6.5–7.0（0.1–0.32 µM）,6.86,False,,CHEMBL3091580,False,,,,,,,,False,True,True,O=C(O)c1ccc(NC(=O)[C@H](CC2CCCC2)n2cnc(S(=O)(=O)C3CC3)c2)nc1,1,False,0,0,False,False,无改动,432.5020000000001,432.146740868,30,131.25,139.63,2.672500000000001,107.87280000000003,2,6,8,9,4,2,0.5,10,0,0.6553712194071507,0,O=C(Nc1ccccn1)[C@H](CC1CCCC1)n1cnc(S(=O)(=O)C2CC2)c1,CC(CC1CCCCC1)C(CC1CCCC1)C1CCC(C(C)(C)C2CC2)C1,False,"InChI=1S/C20H24N4O5S/c25-19(23-17-8-5-14(10-21-17)20(26)27)16(9-13-3-1-2-4-13)24-11-18(22-12-24)30(28,29)15-6-7-15/h5,8,10-13,15-16H,1-4,6-7,9H2,(H,26,27)(H,21,23,25)/t16-/m0/s1",NSASUTPYNBBWSU-INIZCTEOSA-N,NSASUTPYNBBWSU,1,True,False,False,False,NSASUTPYNBBWSU-INIZCTEOSA-N,1,True,1
GKA_0156,gka_candidate,CHEMBL3338060,,CCc1ncccc1Oc1cc(Sc2ccccn2)cnc1NC(=O)NC,,,activity,,P3,6.5–7.0（0.1–0.32 µM）,6.85,False,,CHEMBL3338060,False,,,,,,,,False,True,True,CCc1ncccc1Oc1cc(Sc2ccccn2)cnc1NC(=O)NC,1,False,0,0,False,False,无改动,381.46100000000007,381.1259458480001,27,89.03,114.33000000000001,4.128800000000003,104.36440000000003,2,6,6,8,3,3,0.15789473684210525,8,0,0.6673412849982238,0,c1ccc(Sc2cncc(Oc3cccnc3)c2)nc1,C1CCC(CC2CCCC(CC3CCCCC3)C2)CC1,False,"InChI=1S/C19H19N5O2S/c1-3-14-15(7-6-10-21-14)26-16-11-13(27-17-8-4-5-9-22-17)12-23-18(16)24-19(25)20-2/h4-12H,3H2,1-2H3,(H2,20,23,24,25)",PIGWQTQWPKNWHF-UHFFFAOYSA-N,PIGWQTQWPKNWHF,0,False,False,False,False,PIGWQTQWPKNWHF-UHFFFAOYSA-N,1,True,3
GKA_0157,gka_candidate,CHEMBL519273,,O=C(Nc1ncc(F)s1)[C@H](CC1CCOCC1)c1ccc(S(=O)(=O)C2CCC2)cc1,,,activity,,P3,6.5–7.0（0.1–0.32 µM）,6.85,False,,CHEMBL519273,False,,,,,,,,False,True,True,O=C(Nc1ncc(F)s1)[C@H](CC1CCOCC1)c1ccc(S(=O)(=O)C2CCC2)cc1,1,False,0,0,False,False,无改动,452.5730000000002,452.1239775,30,85.35999999999999,121.97999999999999,4.147400000000004,112.86950000000004,1,6,7,8,4,2,0.5238095238095238,9,0,0.6822224692002531,0,O=C(Nc1nccs1)[C@H](CC1CCOCC1)c1ccc(S(=O)(=O)C2CCC2)cc1,CC(CC1CCCC1)C(CC1CCCCC1)C1CCC(C(C)(C)C2CCC2)CC1,False,"InChI=1S/C21H25FN2O4S2/c22-19-13-23-21(29-19)24-20(25)18(12-14-8-10-28-11-9-14)15-4-6-17(7-5-15)30(26,27)16-2-1-3-16/h4-7,13-14,16,18H,1-3,8-12H2,(H,23,24,25)/t18-/m1/s1",DWIPGNHOTXSYBW-GOSISDBHSA-N,DWIPGNHOTXSYBW,1,False,False,False,False,DWIPGNHOTXSYBW-GOSISDBHSA-N,1,True,1
GKA_0158,gka_candidate,CHEMBL2023434,,CC(C)=CCOc1cc(Oc2ccc(S(=O)(=O)N3CC4CCC(C3)O4)cc2)cc(C(=O)Nc2cc(C)n(C)n2)c1,,,activity,,P3,6.5–7.0（0.1–0.32 µM）,6.84,False,,CHEMBL2023434,False,,,,,,,,False,True,True,CC(C)=CCOc1cc(Oc2ccc(S(=O)(=O)N3CC4CCC(C3)O4)cc2)cc(C(=O)Nc2cc(C)n(C)n2)c1,1,False,0,0,False,False,无改动,566.6800000000003,566.219905808,40,111.99000000000002,120.37000000000002,4.6700200000000045,150.43599999999978,1,7,9,10,5,3,0.3793103448275862,11,0,0.37477712109349837,1,O=C(Nc1cc[nH]n1)c1cccc(Oc2ccc(S(=O)(=O)N3CC4CCC(C3)O4)cc2)c1,CC(CC1CCCC1)C1CCCC(CC2CCC(C(C)(C)C3CC4CCC(C4)C3)CC2)C1,False,"InChI=1S/C29H34N4O6S/c1-19(2)11-12-37-25-14-21(29(34)30-28-13-20(3)32(4)31-28)15-26(16-25)38-22-7-9-27(10-8-22)40(35,36)33-17-23-5-6-24(18-33)39-23/h7-11,13-16,23-24H,5-6,12,17-18H2,1-4H3,(H,30,31,34)",DWWDHOWABXTSTF-UHFFFAOYSA-N,DWWDHOWABXTSTF,2,False,False,True,False,DWWDHOWABXTSTF-UHFFFAOYSA-N,1,True,2
GKA_0159,gka_candidate,CHEMBL4515481,,CNC(=O)Nc1cc(Oc2cncc(OC)c2)c([C@@H]2CCOC2)cn1,,,activity,,P3,6.5–7.0（0.1–0.32 µM）,6.84,False,,CHEMBL4515481,False,,,,,,,,False,True,True,CNC(=O)Nc1cc(Oc2cncc(OC)c2)c([C@@H]2CCOC2)cn1,1,False,0,0,False,False,无改动,344.37100000000015,344.14845512,25,94.60000000000001,94.60000000000001,2.5327,91.35540000000003,2,6,5,7,3,2,0.35294117647058826,8,0,0.8654374256583931,0,c1cncc(Oc2ccncc2[C@@H]2CCOC2)c1,C1CCC(CC2CCCCC2C2CCCC2)CC1,False,"InChI=1S/C17H20N4O4/c1-18-17(22)21-16-6-15(14(9-20-16)11-3-4-24-10-11)25-13-5-12(23-2)7-19-8-13/h5-9,11H,3-4,10H2,1-2H3,(H2,18,20,21,22)/t11-/m1/s1",IBPPUZGNCLRQEP-LLVKDONJSA-N,IBPPUZGNCLRQEP,1,False,False,False,False,IBPPUZGNCLRQEP-LLVKDONJSA-N,1,True,1
GKA_0160,gka_candidate,CHEMBL596480,,CCS(=O)(=O)c1ccc(Oc2cc3nc(-c4ccccn4)[nH]c3cc2CN(C)C(C)=O)cc1,,,activity,,P3,6.5–7.0（0.1–0.32 µM）,6.84,False,,CHEMBL596480,False,,,,,,,,False,True,True,CCS(=O)(=O)c1ccc(Oc2cc3nc(-c4ccccn4)[nH]c3cc2CN(C)C(C)=O)cc1,1,False,0,0,False,False,无改动,464.5470000000002,464.151826248,33,105.25,113.63,4.1891000000000025,125.71550000000003,1,6,7,8,4,4,0.20833333333333334,9,0,0.43968770261962375,0,c1ccc(Oc2ccc3[nH]c(-c4ccccn4)nc3c2)cc1,C1CCC(CC2CCC3CC(C4CCCCC4)CC3C2)CC1,False,"InChI=1S/C24H24N4O4S/c1-4-33(30,31)19-10-8-18(9-11-19)32-23-14-22-21(13-17(23)15-28(3)16(2)29)26-24(27-22)20-7-5-6-12-25-20/h5-14H,4,15H2,1-3H3,(H,26,27)",IHHUJYRBHNKJIO-UHFFFAOYSA-N,IHHUJYRBHNKJIO,0,False,False,False,False,IHHUJYRBHNKJIO-UHFFFAOYSA-N,1,True,4
GKA_0161,gka_candidate,CHEMBL604065,,CCS(=O)(=O)c1ccc(Oc2cc3nc(-c4ccccn4)[nH]c3cc2CN2CCCC2=O)cc1,,,activity,,P3,6.5–7.0（0.1–0.32 µM）,6.84,False,,CHEMBL604065,False,,,,,,,,False,True,True,CCS(=O)(=O)c1ccc(Oc2cc3nc(-c4ccccn4)[nH]c3cc2CN2CCCC2=O)cc1,1,False,0,0,False,False,无改动,476.5580000000003,476.151826248,34,105.25,113.63,4.333200000000002,128.21850000000003,1,6,7,7,5,4,0.24,9,0,0.4255722310865947,0,O=C1CCCN1Cc1cc2[nH]c(-c3ccccn3)nc2cc1Oc1ccccc1,CC1CCCC1CC1CC2CC(C3CCCCC3)CC2CC1CC1CCCCC1,False,"InChI=1S/C25H24N4O4S/c1-2-34(31,32)19-10-8-18(9-11-19)33-23-15-22-21(14-17(23)16-29-13-5-7-24(29)30)27-25(28-22)20-6-3-4-12-26-20/h3-4,6,8-12,14-15H,2,5,7,13,16H2,1H3,(H,27,28)",AOPNJTOVUCKWEL-UHFFFAOYSA-N,AOPNJTOVUCKWEL,0,False,False,False,False,AOPNJTOVUCKWEL-UHFFFAOYSA-N,1,True,1
GKA_0162,gka_candidate,CHEMBL3338157,,CNC(=O)Nc1ncc(SC2CCN(C(C)=O)CC2)cc1Oc1cccnc1C,,,activity,,P3,6.5–7.0（0.1–0.32 µM）,6.835,False,,CHEMBL3338157,False,,,,,,,,False,True,True,CNC(=O)Nc1ncc(SC2CCN(C(C)=O)CC2)cc1Oc1cccnc1C,1,False,0,0,False,False,无改动,415.5190000000002,415.16781066,29,96.45000000000002,121.75,3.4316200000000023,112.49640000000002,2,6,5,8,3,2,0.4,9,0,0.7766394472888386,0,c1cncc(Oc2cncc(SC3CCNCC3)c2)c1,C1CCC(CC2CCCC(CC3CCCCC3)C2)CC1,False,"InChI=1S/C20H25N5O3S/c1-13-17(5-4-8-22-13)28-18-11-16(12-23-19(18)24-20(27)21-3)29-15-6-9-25(10-7-15)14(2)26/h4-5,8,11-12,15H,6-7,9-10H2,1-3H3,(H2,21,23,24,27)",ZFQFBPPMMBJIKT-UHFFFAOYSA-N,ZFQFBPPMMBJIKT,0,False,False,False,False,ZFQFBPPMMBJIKT-UHFFFAOYSA-N,1,True,3
GKA_0163,gka_candidate,CHEMBL5080166,,CCOP(=O)(Cn1ccc(NC(=O)c2cc(Oc3cnc(C(=O)N(C)C)cn3)cc(OC(C)C)c2)n1)OCC,,,activity,,P3,6.5–7.0（0.1–0.32 µM）,6.83,False,,CHEMBL5080166,False,,,,,,,,False,True,True,CCOP(=O)(Cn1ccc(NC(=O)c2cc(Oc3cnc(C(=O)N(C)C)cn3)cc(OC(C)C)c2)n1)OCC,1,False,0,0,False,False,无改动,560.5480000000002,560.2148340260001,39,147.0,156.80999999999997,4.4303000000000035,143.36819999999983,1,10,13,15,3,3,0.4,14,0,0.29779678364921014,1,O=C(Nc1cc[nH]n1)c1cccc(Oc2cnccn2)c1,CC(CC1CCCC1)C1CCCC(CC2CCCCC2)C1,False,"InChI=1S/C25H33N6O7P/c1-7-35-39(34,36-8-2)16-31-10-9-22(29-31)28-24(32)18-11-19(37-17(3)4)13-20(12-18)38-23-15-26-21(14-27-23)25(33)30(5)6/h9-15,17H,7-8,16H2,1-6H3,(H,28,29,32)",MJSIJWAGQDTNDW-UHFFFAOYSA-N,MJSIJWAGQDTNDW,0,False,False,False,False,MJSIJWAGQDTNDW-UHFFFAOYSA-N,1,True,4
GKA_0164,gka_candidate,CHEMBL577805,,COc1ccc2nc(NC(=O)C(CC3CCCC3)c3ccc(S(=O)(=O)N4CCOCC4)cc3)sc2n1,,,activity,,P3,6.5–7.0（0.1–0.32 µM）,6.82,False,,CHEMBL577805,False,,,,,,,,False,True,True,COc1ccc2nc(NC(=O)C(CC3CCCC3)c3ccc(S(=O)(=O)N4CCOCC4)cc3)sc2n1,1,False,0,0,False,False,无改动,530.6720000000003,530.16576206,36,110.71999999999998,147.34000000000003,4.023400000000003,137.93249999999992,1,8,8,9,5,3,0.48,11,0,0.4682217329030459,1,O=C(Nc1nc2cccnc2s1)C(CC1CCCC1)c1ccc(S(=O)(=O)N2CCOCC2)cc1,CC(CC1CC2CCCCC2C1)C(CC1CCCC1)C1CCC(C(C)(C)C2CCCCC2)CC1,False,"InChI=1S/C25H30N4O5S2/c1-33-22-11-10-21-24(27-22)35-25(26-21)28-23(30)20(16-17-4-2-3-5-17)18-6-8-19(9-7-18)36(31,32)29-12-14-34-15-13-29/h6-11,17,20H,2-5,12-16H2,1H3,(H,26,28,30)",JYKYTQJQKUTHGE-UHFFFAOYSA-N,JYKYTQJQKUTHGE,1,False,False,True,False,JYKYTQJQKUTHGE-UHFFFAOYSA-N,1,True,1
GKA_0165,gka_candidate,CHEMBL1783748,,Cc1ccc(NC(=O)[C@H](CC2CCC(F)(F)CC2)n2ccc(S(=O)(=O)C(C)C)cc2=O)nc1,,,activity,,P3,6.5–7.0（0.1–0.32 µM）,6.8,False,,CHEMBL1783748,False,,,,,,,,False,True,True,Cc1ccc(NC(=O)[C@H](CC2CCC(F)(F)CC2)n2ccc(S(=O)(=O)C(C)C)cc2=O)nc1,1,False,0,0,False,False,无改动,481.5650000000001,481.18468384799996,33,98.13000000000001,106.51,4.129220000000003,121.18650000000005,1,5,7,8,3,2,0.5217391304347826,10,0,0.6413025033455427,0,O=C(Nc1ccccn1)[C@H](CC1CCCCC1)n1ccccc1=O,CC1CCCCC1C(CC1CCCCC1)C(C)CC1CCCCC1,False,"InChI=1S/C23H29F2N3O4S/c1-15(2)33(31,32)18-8-11-28(21(29)13-18)19(12-17-6-9-23(24,25)10-7-17)22(30)27-20-5-4-16(3)14-26-20/h4-5,8,11,13-15,17,19H,6-7,9-10,12H2,1-3H3,(H,26,27,30)/t19-/m0/s1",CKPHRGNLPYRZKJ-IBGZPJMESA-N,CKPHRGNLPYRZKJ,1,False,False,False,False,CKPHRGNLPYRZKJ-IBGZPJMESA-N,1,True,2
GKA_0166,gka_candidate,CHEMBL2346751,,Cc1cc(S(=O)(=O)C2CC2)cc(=O)n1[C@@H](CC1CCCC1)C(=O)Nc1ncc(Cl)s1,,,activity,,P3,6.5–7.0（0.1–0.32 µM）,6.8,False,,CHEMBL2346751,False,,,,,,,,False,True,True,Cc1cc(S(=O)(=O)C2CC2)cc(=O)n1[C@@H](CC1CCCC1)C(=O)Nc1ncc(Cl)s1,1,False,0,0,False,False,无改动,470.0160000000002,469.089675928,30,98.13000000000001,134.75,3.9628200000000025,117.01250000000003,1,6,7,8,4,2,0.55,10,0,0.6612334525965489,0,O=C(Nc1nccs1)[C@H](CC1CCCC1)n1ccc(S(=O)(=O)C2CC2)cc1=O,CC1CC(C(C)(C)C2CC2)CCC1C(CC1CCCC1)C(C)CC1CCCC1,False,"InChI=1S/C20H24ClN3O4S2/c1-12-8-15(30(27,28)14-6-7-14)10-18(25)24(12)16(9-13-4-2-3-5-13)19(26)23-20-22-11-17(21)29-20/h8,10-11,13-14,16H,2-7,9H2,1H3,(H,22,23,26)/t16-/m0/s1",IAVMXMUGKVSJRB-INIZCTEOSA-N,IAVMXMUGKVSJRB,1,False,False,False,False,IAVMXMUGKVSJRB-INIZCTEOSA-N,1,True,2
GKA_0167,gka_candidate,CHEMBL2346754,,Cc1cc(S(=O)(=O)C2CCCC2)cc(=O)n1[C@@H](CC1CCCCO1)C(=O)Nc1ncc(Cl)s1,,,activity,,P3,6.5–7.0（0.1–0.32 µM）,6.8,False,,CHEMBL2346754,False,,,,,,,,False,True,True,Cc1cc(S(=O)(=O)C2CCCC2)cc(=O)n1[C@@H](CC1CCCCO1)C(=O)Nc1ncc(Cl)s1,1,False,0,0,False,False,无改动,514.0690000000003,513.1158906759999,33,107.36,143.98000000000002,4.121920000000003,127.87950000000005,1,7,7,8,4,2,0.5909090909090909,11,0,0.5962942288366055,1,O=C(Nc1nccs1)[C@H](CC1CCCCO1)n1ccc(S(=O)(=O)C2CCCC2)cc1=O,CC1CC(C(C)(C)C2CCCC2)CCC1C(CC1CCCCC1)C(C)CC1CCCC1,False,"InChI=1S/C22H28ClN3O5S2/c1-14-10-17(33(29,30)16-7-2-3-8-16)12-20(27)26(14)18(11-15-6-4-5-9-31-15)21(28)25-22-24-13-19(23)32-22/h10,12-13,15-16,18H,2-9,11H2,1H3,(H,24,25,28)/t15?,18-/m0/s1",UPWMIUMOXNRYCT-PKHIMPSTSA-N,UPWMIUMOXNRYCT,2,False,False,False,False,UPWMIUMOXNRYCT-PKHIMPSTSA-N,1,True,2
GKA_0168,gka_candidate,CHEMBL2346877,,O=C(Nc1nccs1)[C@H](CC1CCCCC1)N1CCN(S(=O)(=O)c2ccco2)CC1=O,,,activity,,P3,6.5–7.0（0.1–0.32 µM）,6.8,False,,CHEMBL2346877,False,,,,,,,,False,True,True,O=C(Nc1nccs1)[C@H](CC1CCCCC1)N1CCN(S(=O)(=O)c2ccco2)CC1=O,1,False,0,0,False,False,无改动,466.5850000000002,466.13446193199985,31,112.82000000000002,149.44,2.5467000000000004,114.90350000000004,1,7,7,8,4,2,0.55,11,0,0.6709989165218528,0,O=C(Nc1nccs1)[C@H](CC1CCCCC1)N1CCN(S(=O)(=O)c2ccco2)CC1=O,CC1CC(C(C)(C)C2CCCC2)CCC1C(CC1CCCCC1)C(C)CC1CCCC1,False,"InChI=1S/C20H26N4O5S2/c25-17-14-23(31(27,28)18-7-4-11-29-18)9-10-24(17)16(13-15-5-2-1-3-6-15)19(26)22-20-21-8-12-30-20/h4,7-8,11-12,15-16H,1-3,5-6,9-10,13-14H2,(H,21,22,26)/t16-/m0/s1",OQAZAMYMPJOLLO-INIZCTEOSA-N,OQAZAMYMPJOLLO,1,False,False,True,False,OQAZAMYMPJOLLO-INIZCTEOSA-N,1,True,1
GKA_0169,gka_candidate,CHEMBL3221481,,COCC[C@H](Oc1ncnc2c1cnn2-c1ncccc1Cl)C(=O)Nc1ccc(C)cn1,,,activity,,P3,6.5–7.0（0.1–0.32 µM）,6.8,False,,CHEMBL3221481,False,,,,,,,,False,True,True,COCC[C@H](Oc1ncnc2c1cnn2-c1ncccc1Cl)C(=O)Nc1ccc(C)cn1,1,False,0,0,False,False,无改动,453.89000000000016,453.13161518000004,32,116.94000000000001,116.94000000000001,2.9899200000000015,117.97770000000001,1,8,8,9,4,4,0.23809523809523808,11,0,0.43237624782530276,0,O=C(COc1ncnc2c1cnn2-c1ccccn1)Nc1ccccn1,CC(CCC1CCCC2C(C3CCCCC3)CCC12)CC1CCCCC1,False,"InChI=1S/C21H20ClN7O3/c1-13-5-6-17(24-10-13)28-20(30)16(7-9-31-2)32-21-14-11-27-29(18(14)25-12-26-21)19-15(22)4-3-8-23-19/h3-6,8,10-12,16H,7,9H2,1-2H3,(H,24,28,30)/t16-/m0/s1",JDYZPAXARZYKOO-INIZCTEOSA-N,JDYZPAXARZYKOO,1,False,False,False,False,JDYZPAXARZYKOO-INIZCTEOSA-N,1,True,16
GKA_0170,gka_candidate,CHEMBL3221490,,Cc1ccc(NC(=O)[C@H](COC2CCC2)Oc2ncnc3c2cnn3-c2ncccc2Cl)nc1,,,activity,,P3,6.5–7.0（0.1–0.32 µM）,6.8,False,,CHEMBL3221490,False,,,,,,,,False,True,True,Cc1ccc(NC(=O)[C@H](COC2CCC2)Oc2ncnc3c2cnn3-c2ncccc2Cl)nc1,1,False,0,0,False,False,无改动,479.92800000000005,479.1472652440001,34,116.94,116.94,3.522520000000002,125.0757,1,8,8,9,5,4,0.30434782608695654,11,0,0.40763548933761945,0,O=C(Nc1ccccn1)[C@H](COC1CCC1)Oc1ncnc2c1cnn2-c1ccccn1,CC(CC1CCCCC1)C(CCC1CCC1)CC1CCCC2C(C3CCCCC3)CCC12,False,"InChI=1S/C23H22ClN7O3/c1-14-7-8-19(26-10-14)30-22(32)18(12-33-15-4-2-5-15)34-23-16-11-29-31(20(16)27-13-28-23)21-17(24)6-3-9-25-21/h3,6-11,13,15,18H,2,4-5,12H2,1H3,(H,26,30,32)/t18-/m0/s1",RSQOTBOFZKBONM-SFHVURJKSA-N,RSQOTBOFZKBONM,1,False,False,False,False,RSQOTBOFZKBONM-SFHVURJKSA-N,1,True,1
GKA_0171,gka_candidate,CHEMBL3221492,,Cc1cnc(NC(=O)[C@H](COC2CCC2)Oc2ncnc3c2cnn3-c2ncccc2Cl)cn1,,,activity,,P3,6.5–7.0（0.1–0.32 µM）,6.8,False,,CHEMBL3221492,False,,,,,,,,False,True,True,Cc1cnc(NC(=O)[C@H](COC2CCC2)Oc2ncnc3c2cnn3-c2ncccc2Cl)cn1,1,False,0,0,False,False,无改动,480.9160000000001,480.14251421200015,34,129.83,129.83,2.9175200000000014,122.8707,1,9,8,9,5,4,0.3181818181818182,12,0,0.40408251634168935,0,O=C(Nc1cnccn1)[C@H](COC1CCC1)Oc1ncnc2c1cnn2-c1ccccn1,CC(CC1CCCCC1)C(CCC1CCC1)CC1CCCC2C(C3CCCCC3)CCC12,False,"InChI=1S/C22H21ClN8O3/c1-13-8-26-18(10-25-13)30-21(32)17(11-33-14-4-2-5-14)34-22-15-9-29-31(19(15)27-12-28-22)20-16(23)6-3-7-24-20/h3,6-10,12,14,17H,2,4-5,11H2,1H3,(H,26,30,32)/t17-/m0/s1",RQXZZPXLCKFPCI-KRWDZBQOSA-N,RQXZZPXLCKFPCI,1,False,False,False,False,RQXZZPXLCKFPCI-KRWDZBQOSA-N,1,True,1
GKA_0172,gka_candidate,CHEMBL4633515,,Cc1csc(Nc2ncc(SCc3ccccc3)cc2Oc2ccccc2)n1,,,activity,,P3,6.5–7.0（0.1–0.32 µM）,6.8,False,,CHEMBL4633515,False,,,,,,,,False,True,True,Cc1csc(Nc2ncc(SCc3ccccc3)cc2Oc2ccccc2)n1,1,False,0,0,False,False,无改动,405.5480000000001,405.096954228,28,47.040000000000006,100.58,6.674720000000004,116.8897,1,6,7,7,4,4,0.09090909090909091,6,0,0.3477341274817646,1,c1ccc(CSc2cnc(Nc3nccs3)c(Oc3ccccc3)c2)cc1,C1CCC(CCC2CCC(CC3CCCC3)C(CC3CCCCC3)C2)CC1,False,"InChI=1S/C22H19N3OS2/c1-16-14-28-22(24-16)25-21-20(26-18-10-6-3-7-11-18)12-19(13-23-21)27-15-17-8-4-2-5-9-17/h2-14H,15H2,1H3,(H,23,24,25)",ICFDGIUNTZOZLF-UHFFFAOYSA-N,ICFDGIUNTZOZLF,0,False,False,False,False,ICFDGIUNTZOZLF-UHFFFAOYSA-N,1,True,1
GKA_0173,gka_candidate,CHEMBL4649482,,O=C(Nc1ncns1)/C(=N/N1CCCC1)c1ccc(S(=O)(=O)C2CC2)cc1,,,activity,,P3,6.5–7.0（0.1–0.32 µM）,6.8,False,,CHEMBL4649482,False,,,,,,,,False,True,True,O=C(Nc1ncns1)/C(=N/N1CCCC1)c1ccc(S(=O)(=O)C2CC2)cc1,1,False,0,0,False,False,无改动,405.5050000000001,405.092931468,27,104.62,141.23999999999998,1.9128,102.53250000000003,1,8,6,7,4,2,0.4117647058823529,10,0,0.7363665739132224,0,O=C(Nc1ncns1)/C(=N/N1CCCC1)c1ccc(S(=O)(=O)C2CC2)cc1,CC(CC1CCCC1)C(CC1CCCC1)C1CCC(C(C)(C)C2CC2)CC1,False,"InChI=1S/C17H19N5O3S2/c23-16(20-17-18-11-19-26-17)15(21-22-9-1-2-10-22)12-3-5-13(6-4-12)27(24,25)14-7-8-14/h3-6,11,14H,1-2,7-10H2,(H,18,19,20,23)/b21-15+",VYGSQXYTLDDDEK-RCCKNPSSSA-N,VYGSQXYTLDDDEK,0,False,False,False,False,VYGSQXYTLDDDEK-RCCKNPSSSA-N,1,True,1
GKA_0174,gka_candidate,CHEMBL594633,,CCS(=O)(=O)c1ccc(Oc2cc3nc(-c4ccccn4)[nH]c3cc2CN2CCN(C)C2=O)cc1,,,activity,,P3,6.5–7.0（0.1–0.32 µM）,6.8,False,,CHEMBL594633,False,,,,,,,,False,True,True,CCS(=O)(=O)c1ccc(Oc2cc3nc(-c4ccccn4)[nH]c3cc2CN2CCN(C)C2=O)cc1,1,False,0,0,False,False,无改动,491.57300000000026,491.1627252800001,35,108.48999999999998,116.86999999999998,4.0782000000000025,132.00349999999997,1,6,7,7,5,4,0.24,10,0,0.4173584428493548,0,O=C1NCCN1Cc1cc2[nH]c(-c3ccccn3)nc2cc1Oc1ccccc1,CC1CCCC1CC1CC2CC(C3CCCCC3)CC2CC1CC1CCCCC1,False,"InChI=1S/C25H25N5O4S/c1-3-35(32,33)19-9-7-18(8-10-19)34-23-15-22-21(27-24(28-22)20-6-4-5-11-26-20)14-17(23)16-30-13-12-29(2)25(30)31/h4-11,14-15H,3,12-13,16H2,1-2H3,(H,27,28)",XBEFXEPSOIGYMK-UHFFFAOYSA-N,XBEFXEPSOIGYMK,0,False,False,False,False,XBEFXEPSOIGYMK-UHFFFAOYSA-N,1,True,1
GKA_0175,gka_candidate,CHEMBL5086985,,CCOP(=O)(Cc1cnc(NC(=O)c2cc(Oc3ccc(S(C)(=O)=O)cc3)cc(O[C@@H](C)COC)c2)cn1)OCC,,,activity,,P3,6.5–7.0（0.1–0.32 µM）,6.79,False,,CHEMBL5086985,False,,,,,,,,False,True,True,CCOP(=O)(Cc1cnc(NC(=O)c2cc(Oc3ccc(S(C)(=O)=O)cc3)cc(O[C@@H](C)COC)c2)cn1)OCC,1,False,0,0,False,False,无改动,607.6220000000002,607.1753372979999,41,152.23999999999998,170.42999999999998,5.104500000000004,152.5814999999997,1,11,15,16,3,3,0.37037037037037035,14,0,0.22958534600687341,3,O=C(Nc1cnccn1)c1cccc(Oc2ccccc2)c1,CC(CC1CCCCC1)C1CCCC(CC2CCCCC2)C1,False,"InChI=1S/C27H34N3O9PS/c1-6-36-40(32,37-7-2)18-21-15-29-26(16-28-21)30-27(31)20-12-23(38-19(3)17-35-4)14-24(13-20)39-22-8-10-25(11-9-22)41(5,33)34/h8-16,19H,6-7,17-18H2,1-5H3,(H,29,30,31)/t19-/m0/s1",GCFUKFIHYBUEGC-IBGZPJMESA-N,GCFUKFIHYBUEGC,1,False,False,False,False,GCFUKFIHYBUEGC-IBGZPJMESA-N,1,True,1
GKA_0176,gka_candidate,CHEMBL4205489,,COCC(C)Oc1cc(Oc2ccc(S(C)(=O)=O)cc2)cc(C(=O)Nc2nc3c(s2)CCCC3)c1,,,activity,,P3,6.5–7.0（0.1–0.32 µM）,6.785,False,,CHEMBL4205489,False,,,,,,,,False,True,True,COCC(C)Oc1cc(Oc2ccc(S(C)(=O)=O)cc2)cc(C(=O)Nc2nc3c(s2)CCCC3)c1,1,False,0,0,False,False,无改动,516.6410000000004,516.138878616,35,103.82000000000001,140.44,4.883700000000005,134.743,1,8,9,10,4,3,0.36,10,0,0.43207170360365926,1,O=C(Nc1nc2c(s1)CCCC2)c1cccc(Oc2ccccc2)c1,CC(CC1CC2CCCCC2C1)C1CCCC(CC2CCCCC2)C1,False,"InChI=1S/C25H28N2O6S2/c1-16(15-31-2)32-19-12-17(24(28)27-25-26-22-6-4-5-7-23(22)34-25)13-20(14-19)33-18-8-10-21(11-9-18)35(3,29)30/h8-14,16H,4-7,15H2,1-3H3,(H,26,27,28)",AAJKLRBVIPIBEW-UHFFFAOYSA-N,AAJKLRBVIPIBEW,1,False,False,False,False,AAJKLRBVIPIBEW-UHFFFAOYSA-N,1,True,1
GKA_0177,gka_candidate,CHEMBL564282,,CS(=O)(=O)c1ccc(Oc2cc(O[C@H]3CCC[C@@H]3O)cc(C(=O)Nc3nccs3)c2)cc1,,,activity,,P3,6.5–7.0（0.1–0.32 µM）,6.785,False,,CHEMBL564282,False,,,,,,,,False,True,True,CS(=O)(=O)c1ccc(Oc2cc(O[C@H]3CCC[C@@H]3O)cc(C(=O)Nc3nccs3)c2)cc1,1,False,0,0,False,False,无改动,474.56000000000006,474.09192842400006,32,114.82000000000001,151.44,3.8834000000000026,120.40880000000001,2,8,7,8,4,3,0.2727272727272727,10,0,0.5338854319627707,0,O=C(Nc1nccs1)c1cc(Oc2ccccc2)cc(OC2CCCC2)c1,CC(CC1CCCC1)C1CC(CC2CCCCC2)CC(CC2CCCC2)C1,False,"InChI=1S/C22H22N2O6S2/c1-32(27,28)18-7-5-15(6-8-18)29-16-11-14(21(26)24-22-23-9-10-31-22)12-17(13-16)30-20-4-2-3-19(20)25/h5-13,19-20,25H,2-4H2,1H3,(H,23,24,26)/t19-,20-/m0/s1",LLIQCVSOVKHPJR-PMACEKPBSA-N,LLIQCVSOVKHPJR,2,False,False,False,False,LLIQCVSOVKHPJR-PMACEKPBSA-N,1,True,3
GKA_0178,gka_candidate,CHEMBL2023061,,CC(C)=CCOc1cc(Oc2ccc(S(=O)(=O)C3CC3)cc2)cc(C(=O)Nc2cnc(C)cn2)c1,,,activity,,P3,6.5–7.0（0.1–0.32 µM）,6.78,False,,CHEMBL2023061,False,,,,,,,,False,True,True,CC(C)=CCOc1cc(Oc2ccc(S(=O)(=O)C3CC3)cc2)cc(C(=O)Nc2cnc(C)cn2)c1,1,False,0,0,False,False,无改动,493.58500000000026,493.1671419640001,35,107.48,115.86000000000001,5.110720000000004,132.814,1,7,9,10,4,3,0.2692307692307692,9,0,0.41274132007371284,1,O=C(Nc1cnccn1)c1cccc(Oc2ccc(S(=O)(=O)C3CC3)cc2)c1,CC(CC1CCCCC1)C1CCCC(CC2CCC(C(C)(C)C3CC3)CC2)C1,False,"InChI=1S/C26H27N3O5S/c1-17(2)10-11-33-21-12-19(26(30)29-25-16-27-18(3)15-28-25)13-22(14-21)34-20-4-6-23(7-5-20)35(31,32)24-8-9-24/h4-7,10,12-16,24H,8-9,11H2,1-3H3,(H,28,29,30)",HCOXEGAMJSNLLP-UHFFFAOYSA-N,HCOXEGAMJSNLLP,0,False,False,False,False,HCOXEGAMJSNLLP-UHFFFAOYSA-N,1,True,1
GKA_0179,gka_candidate,CHEMBL594634,,CCS(=O)(=O)c1ccc(Oc2cc3nc(-c4ccccn4)[nH]c3cc2CN2CCOCC2=O)cc1,,,activity,,P3,6.5–7.0（0.1–0.32 µM）,6.775,False,,CHEMBL594634,False,,,,,,,,False,True,True,CCS(=O)(=O)c1ccc(Oc2cc3nc(-c4ccccn4)[nH]c3cc2CN2CCOCC2=O)cc1,1,False,0,0,False,False,无改动,492.5570000000003,492.146740868,35,114.47999999999999,122.85999999999999,3.569600000000001,129.8035,1,7,7,7,5,4,0.24,10,0,0.41940982474062755,0,O=C1COCCN1Cc1cc2[nH]c(-c3ccccn3)nc2cc1Oc1ccccc1,CC1CCCCC1CC1CC2CC(C3CCCCC3)CC2CC1CC1CCCCC1,False,"InChI=1S/C25H24N4O5S/c1-2-35(31,32)19-8-6-18(7-9-19)34-23-14-22-21(27-25(28-22)20-5-3-4-10-26-20)13-17(23)15-29-11-12-33-16-24(29)30/h3-10,13-14H,2,11-12,15-16H2,1H3,(H,27,28)",XNKAUSLNTJUONY-UHFFFAOYSA-N,XNKAUSLNTJUONY,0,False,False,False,False,XNKAUSLNTJUONY-UHFFFAOYSA-N,1,True,1
GKA_0180,gka_candidate,CHEMBL595353,,CCS(=O)(=O)c1ccc(Oc2cc3nc(-c4ccccn4)[nH]c3cc2Cc2nnnn2C)cc1,,,activity,,P3,6.5–7.0（0.1–0.32 µM）,6.775,False,,CHEMBL595353,False,,,,,,,,False,True,True,CCS(=O)(=O)c1ccc(Oc2cc3nc(-c4ccccn4)[nH]c3cc2Cc2nnnn2C)cc1,1,False,0,0,False,False,无改动,475.53400000000016,475.14265853200015,34,128.54,136.92000000000002,3.325100000000001,125.17150000000002,1,8,7,7,5,5,0.17391304347826086,11,0,0.37953588917551595,0,c1ccc(Oc2cc3nc(-c4ccccn4)[nH]c3cc2Cc2nnn[nH]2)cc1,C1CCC(CC2CC3CC(C4CCCCC4)CC3CC2CC2CCCC2)CC1,False,"InChI=1S/C23H21N7O3S/c1-3-34(31,32)17-9-7-16(8-10-17)33-21-14-20-19(12-15(21)13-22-27-28-29-30(22)2)25-23(26-20)18-6-4-5-11-24-18/h4-12,14H,3,13H2,1-2H3,(H,25,26)",QMPWZGRVHHAAIP-UHFFFAOYSA-N,QMPWZGRVHHAAIP,0,False,False,False,False,QMPWZGRVHHAAIP-UHFFFAOYSA-N,1,True,1
GKA_0181,gka_candidate,CHEMBL2408127,,Cc1cnc(-c2cc(Oc3cnc(C(=O)N(C)C)nc3)cc(OC(C)C)c2)[nH]c1=O,,,activity,,P3,6.5–7.0（0.1–0.32 µM）,6.77,False,,CHEMBL2408127,False,,,,,,,,False,True,True,Cc1cnc(-c2cc(Oc3cnc(C(=O)N(C)C)nc3)cc(OC(C)C)c2)[nH]c1=O,1,False,0,0,False,False,无改动,409.44600000000014,409.175004216,30,110.30000000000001,110.30000000000001,2.8166200000000003,110.91820000000004,1,7,6,7,3,3,0.2857142857142857,9,0,0.6663726818476275,0,O=c1ccnc(-c2cccc(Oc3cncnc3)c2)[nH]1,CC1CCCC(C2CCCC(CC3CCCCC3)C2)C1,False,"InChI=1S/C21H23N5O4/c1-12(2)29-15-6-14(18-22-9-13(3)20(27)25-18)7-16(8-15)30-17-10-23-19(24-11-17)21(28)26(4)5/h6-12H,1-5H3,(H,22,25,27)",RCESBHOQGDBZSX-UHFFFAOYSA-N,RCESBHOQGDBZSX,0,False,False,False,False,RCESBHOQGDBZSX-UHFFFAOYSA-N,1,True,4
GKA_0182,gka_candidate,CHEMBL3218723,,CNC(=O)Cn1cc(-c2cnc(NC(=O)C(CC3CCOCC3)c3ccc(S(=O)(=O)C4CC4)cc3)s2)nn1,,,activity,,P3,6.5–7.0（0.1–0.32 µM）,6.77,False,,CHEMBL3218723,False,,,,,,,,False,True,True,CNC(=O)Cn1cc(-c2cnc(NC(=O)C(CC3CCOCC3)c3ccc(S(=O)(=O)C4CC4)cc3)s2)nn1,1,False,0,0,False,False,无改动,558.6860000000003,558.17191006,38,145.17000000000002,181.79000000000002,2.6227,141.37719999999985,2,9,10,12,5,3,0.48,13,0,0.3863082791120507,1,O=C(Nc1ncc(-c2c[nH]nn2)s1)C(CC1CCOCC1)c1ccc(S(=O)(=O)C2CC2)cc1,CC(CC1CCC(C2CCCC2)C1)C(CC1CCCCC1)C1CCC(C(C)(C)C2CC2)CC1,False,"InChI=1S/C25H30N6O5S2/c1-26-23(32)15-31-14-21(29-30-31)22-13-27-25(37-22)28-24(33)20(12-16-8-10-36-11-9-16)17-2-4-18(5-3-17)38(34,35)19-6-7-19/h2-5,13-14,16,19-20H,6-12,15H2,1H3,(H,26,32)(H,27,28,33)",HSKQYGJEADNIOR-UHFFFAOYSA-N,HSKQYGJEADNIOR,1,False,False,False,False,HSKQYGJEADNIOR-UHFFFAOYSA-N,1,True,7
GKA_0183,gka_candidate,CHEMBL4208677,,COC[C@H](C)Oc1cc(Oc2ccc(C(=O)N3CCC3)cc2)cc(C(=O)Nc2nc3c(s2)CN(c2ncccn2)CC3)c1,,,activity,,P3,6.5–7.0（0.1–0.32 µM）,6.77,False,,CHEMBL4208677,False,,,,,,,,False,True,True,COC[C@H](C)Oc1cc(Oc2ccc(C(=O)N3CCC3)cc2)cc(C(=O)Nc2nc3c(s2)CN(c2ncccn2)CC3)c1,1,False,0,0,False,False,无改动,600.7010000000001,600.215489124,43,119.01,147.25,4.800000000000004,162.29769999999962,1,10,10,12,6,4,0.3225806451612903,12,0,0.2737987284223058,1,O=C(Nc1nc2c(s1)CN(c1ncccn1)CC2)c1cccc(Oc2ccc(C(=O)N3CCC3)cc2)c1,CC(CC1CC2CCC(C3CCCCC3)CC2C1)C1CCCC(CC2CCC(C(C)C3CCC3)CC2)C1,False,"InChI=1S/C31H32N6O5S/c1-20(19-40-2)41-24-15-22(16-25(17-24)42-23-7-5-21(6-8-23)29(39)36-12-4-13-36)28(38)35-31-34-26-9-14-37(18-27(26)43-31)30-32-10-3-11-33-30/h3,5-8,10-11,15-17,20H,4,9,12-14,18-19H2,1-2H3,(H,34,35,38)/t20-/m0/s1",ADLPFMQUJGWTHL-FQEVSTJZSA-N,ADLPFMQUJGWTHL,1,False,False,False,False,ADLPFMQUJGWTHL-FQEVSTJZSA-N,1,True,1
GKA_0184,gka_candidate,CHEMBL4456659,,CNC(=O)Nc1cc(Oc2cncc(OC)c2)c([C@H]2COCC[C@@H]2F)cn1,,,activity,,P3,6.5–7.0（0.1–0.32 µM）,6.76,False,,CHEMBL4456659,False,,,,,,,,False,True,True,CNC(=O)Nc1cc(Oc2cncc(OC)c2)c([C@H]2COCC[C@@H]2F)cn1,1,False,0,0,False,False,无改动,376.38800000000015,376.154683372,27,94.60000000000001,94.60000000000001,2.870800000000001,96.25140000000003,2,6,5,7,3,2,0.3888888888888889,9,0,0.8333004564921755,0,c1cncc(Oc2ccncc2[C@@H]2CCCOC2)c1,C1CCC(CC2CCCCC2C2CCCCC2)CC1,False,"InChI=1S/C18H21FN4O4/c1-20-18(24)23-17-6-16(27-12-5-11(25-2)7-21-8-12)13(9-22-17)14-10-26-4-3-15(14)19/h5-9,14-15H,3-4,10H2,1-2H3,(H2,20,22,23,24)/t14-,15+/m1/s1",UEILGMSMKNVYMP-CABCVRRESA-N,UEILGMSMKNVYMP,2,False,False,False,False,UEILGMSMKNVYMP-CABCVRRESA-N,1,True,3
GKA_0185,gka_candidate,CHEMBL3952021,,O=C(O)c1cccc(Oc2cnc(NC(=O)C(OC3CCOCC3)c3ccc(S(=O)(=O)C4CCCC4)cc3)s2)c1,,,activity,,P3,6.5–7.0（0.1–0.32 µM）,6.75,False,,CHEMBL3952021,False,,,,,,,,False,True,True,O=C(O)c1cccc(Oc2cnc(NC(=O)C(OC3CCOCC3)c3ccc(S(=O)(=O)C4CCCC4)cc3)s2)c1,1,False,0,0,False,False,无改动,586.6880000000004,586.14435792,40,141.12,177.74,5.225300000000005,147.76979999999978,2,9,10,11,5,3,0.39285714285714285,12,0,0.32678758180339207,2,O=C(Nc1ncc(Oc2ccccc2)s1)C(OC1CCOCC1)c1ccc(S(=O)(=O)C2CCCC2)cc1,CC(CC1CCC(CC2CCCCC2)C1)C(CC1CCCCC1)C1CCC(C(C)(C)C2CCCC2)CC1,False,"InChI=1S/C28H30N2O8S2/c31-26(30-28-29-17-24(39-28)37-21-5-3-4-19(16-21)27(32)33)25(38-20-12-14-36-15-13-20)18-8-10-23(11-9-18)40(34,35)22-6-1-2-7-22/h3-5,8-11,16-17,20,22,25H,1-2,6-7,12-15H2,(H,32,33)(H,29,30,31)",IJBAMLGZRHYSLD-UHFFFAOYSA-N,IJBAMLGZRHYSLD,1,True,False,False,False,IJBAMLGZRHYSLD-UHFFFAOYSA-N,1,True,1
GKA_0186,gka_candidate,CHEMBL4215660,,CC(C)(C)OC(=O)N1CCc2nc(NC(=O)c3cc(Oc4ccc(S(C)(=O)=O)cc4)cc(OC4CCCC4)c3)sc2C1,,,activity,,P3,6.5–7.0（0.1–0.32 µM）,6.75,False,,CHEMBL4215660,False,,,,,,,,False,True,True,CC(C)(C)OC(=O)N1CCc2nc(NC(=O)c3cc(Oc4ccc(S(C)(=O)=O)cc4)cc(OC4CCCC4)c3)sc2C1,1,False,0,0,False,False,无改动,613.758,613.1916424599999,42,124.13000000000001,160.75,6.205800000000007,159.36699999999965,1,9,7,11,5,3,0.43333333333333335,12,0,0.3338231612292579,2,O=C(Nc1nc2c(s1)CNCC2)c1cc(Oc2ccccc2)cc(OC2CCCC2)c1,CC(CC1CC2CCCCC2C1)C1CC(CC2CCCCC2)CC(CC2CCCC2)C1,False,"InChI=1S/C30H35N3O7S2/c1-30(2,3)40-29(35)33-14-13-25-26(18-33)41-28(31-25)32-27(34)19-15-22(38-20-7-5-6-8-20)17-23(16-19)39-21-9-11-24(12-10-21)42(4,36)37/h9-12,15-17,20H,5-8,13-14,18H2,1-4H3,(H,31,32,34)",KXBQGFFKQPZDLY-UHFFFAOYSA-N,KXBQGFFKQPZDLY,0,False,False,False,False,KXBQGFFKQPZDLY-UHFFFAOYSA-N,1,True,1
GKA_0187,gka_candidate,CHEMBL574402,,COc1ccc2nc(NC(=O)C(CC3CCCC3)c3ccc(S(=O)(=O)NCc4ccccn4)cc3)sc2n1,,,activity,,P3,6.5–7.0（0.1–0.32 µM）,6.74,False,,CHEMBL574402,False,,,,,,,,False,True,True,COc1ccc2nc(NC(=O)C(CC3CCCC3)c3ccc(S(=O)(=O)NCc4ccccn4)cc3)sc2n1,1,False,0,0,False,False,无改动,551.6940000000001,551.166096408,38,123.16999999999999,159.79000000000002,4.876000000000004,146.6171999999998,2,8,10,11,5,4,0.3333333333333333,11,0,0.28803628918337515,1,O=C(Nc1nc2cccnc2s1)C(CC1CCCC1)c1ccc(S(=O)(=O)NCc2ccccn2)cc1,CC(CC1CC2CCCCC2C1)C(CC1CCCC1)C1CCC(C(C)(C)CCC2CCCCC2)CC1,False,"InChI=1S/C27H29N5O4S2/c1-36-24-14-13-23-26(31-24)37-27(30-23)32-25(33)22(16-18-6-2-3-7-18)19-9-11-21(12-10-19)38(34,35)29-17-20-8-4-5-15-28-20/h4-5,8-15,18,22,29H,2-3,6-7,16-17H2,1H3,(H,30,32,33)",HYBQTOBYBOCQLZ-UHFFFAOYSA-N,HYBQTOBYBOCQLZ,1,False,False,True,False,HYBQTOBYBOCQLZ-UHFFFAOYSA-N,1,True,1
GKA_0188,gka_candidate,CHEMBL5087489,,CCOP(=O)(Cn1ccc(NC(=O)c2cc(Oc3ccc(C(=O)N4CCC4)cn3)cc(OC(C)C)c2)n1)OCC,,,activity,,P3,6.5–7.0（0.1–0.32 µM）,6.73,False,,CHEMBL5087489,False,,,,,,,,False,True,True,CCOP(=O)(Cn1ccc(NC(=O)c2cc(Oc3ccc(C(=O)N4CCC4)cn3)cc(OC(C)C)c2)n1)OCC,1,False,0,0,False,False,无改动,571.5710000000003,571.219585058,40,134.10999999999999,143.92,5.179400000000005,148.0761999999998,1,9,13,15,4,3,0.4074074074074074,13,0,0.27548155186880435,2,O=C(Nc1cc[nH]n1)c1cccc(Oc2ccc(C(=O)N3CCC3)cn2)c1,CC(CC1CCCC1)C1CCCC(CC2CCC(C(C)C3CCC3)CC2)C1,False,"InChI=1S/C27H34N5O7P/c1-5-36-40(35,37-6-2)18-32-13-10-24(30-32)29-26(33)21-14-22(38-19(3)4)16-23(15-21)39-25-9-8-20(17-28-25)27(34)31-11-7-12-31/h8-10,13-17,19H,5-7,11-12,18H2,1-4H3,(H,29,30,33)",FBBCVFMVDQWBJP-UHFFFAOYSA-N,FBBCVFMVDQWBJP,0,False,False,False,False,FBBCVFMVDQWBJP-UHFFFAOYSA-N,1,True,1
GKA_0189,gka_candidate,CHEMBL3580741,,CCn1cc2c(Oc3cnc(C(=O)N4CCC4)c(F)c3)cc(C(=O)Nc3ccn(C)n3)cc2n1,,,activity,,P3,6.5–7.0（0.1–0.32 µM）,6.72,False,,CHEMBL3580741,False,,,,,,,,False,True,True,CCn1cc2c(Oc3cnc(C(=O)N4CCC4)c(F)c3)cc(C(=O)Nc3ccn(C)n3)cc2n1,1,False,0,0,False,False,无改动,463.4730000000001,463.17681578400004,34,107.17000000000002,107.17000000000002,3.2143000000000015,121.35770000000002,1,6,6,8,5,4,0.2608695652173913,11,0,0.47059712263786596,0,O=C(Nc1cc[nH]n1)c1cc(Oc2ccc(C(=O)N3CCC3)nc2)c2c[nH]nc2c1,CC(CC1CCCC1)C1CC2CCCC2C(CC2CCC(C(C)C3CCC3)CC2)C1,False,"InChI=1S/C23H22FN7O3/c1-3-31-13-16-18(27-31)9-14(22(32)26-20-5-8-29(2)28-20)10-19(16)34-15-11-17(24)21(25-12-15)23(33)30-6-4-7-30/h5,8-13H,3-4,6-7H2,1-2H3,(H,26,28,32)",MNUXXTQWNAZGOT-UHFFFAOYSA-N,MNUXXTQWNAZGOT,0,False,False,False,False,MNUXXTQWNAZGOT-UHFFFAOYSA-N,1,True,1
GKA_0190,gka_candidate,CHEMBL491148,,Cc1cnc(NC(=O)c2cc(Sc3nncn3C)ccc2N)s1,,,activity,,P3,6.5–7.0（0.1–0.32 µM）,6.72,False,,CHEMBL491148,False,,,,,,,,False,True,True,Cc1cnc(NC(=O)c2cc(Sc3nncn3C)ccc2N)s1,1,False,0,0,False,False,无改动,346.4410000000001,346.067051068,23,98.72000000000001,152.26,2.56572,90.78460000000001,2,7,4,5,3,3,0.14285714285714285,9,0,0.7045448686240345,0,O=C(Nc1nccs1)c1cccc(Sc2nnc[nH]2)c1,CC(CC1CCCC1)C1CCCC(CC2CCCC2)C1,False,"InChI=1S/C14H14N6OS2/c1-8-6-16-13(22-8)18-12(21)10-5-9(3-4-11(10)15)23-14-19-17-7-20(14)2/h3-7H,15H2,1-2H3,(H,16,18,21)",USUMNIYLFMJINZ-UHFFFAOYSA-N,USUMNIYLFMJINZ,0,False,False,False,False,USUMNIYLFMJINZ-UHFFFAOYSA-N,1,True,6
GKA_0191,gka_candidate,CHEMBL2346667,,Cc1cccc(S(=O)(=O)N2CCN([C@@H](CC3CCCCC3)C(=O)Nc3nccs3)C(=O)C2)c1,,,activity,,P3,6.5–7.0（0.1–0.32 µM）,6.7,False,,CHEMBL2346667,False,,,,,,,,False,True,True,Cc1cccc(S(=O)(=O)N2CCN([C@@H](CC3CCCCC3)C(=O)Nc3nccs3)C(=O)C2)c1,1,False,0,0,False,False,无改动,490.6510000000003,490.17084744,33,99.68,136.3,3.2621200000000012,127.37450000000005,1,6,7,8,4,2,0.5217391304347826,10,0,0.6422176702700765,0,O=C(Nc1nccs1)[C@H](CC1CCCCC1)N1CCN(S(=O)(=O)c2ccccc2)CC1=O,CC1CC(C(C)(C)C2CCCCC2)CCC1C(CC1CCCCC1)C(C)CC1CCCC1,False,"InChI=1S/C23H30N4O4S2/c1-17-6-5-9-19(14-17)33(30,31)26-11-12-27(21(28)16-26)20(15-18-7-3-2-4-8-18)22(29)25-23-24-10-13-32-23/h5-6,9-10,13-14,18,20H,2-4,7-8,11-12,15-16H2,1H3,(H,24,25,29)/t20-/m0/s1",IQEWSGVCADHSJJ-FQEVSTJZSA-N,IQEWSGVCADHSJJ,1,False,False,True,False,IQEWSGVCADHSJJ-FQEVSTJZSA-N,1,True,4
GKA_0192,gka_candidate,CHEMBL2346758,,Cc1cc(S(=O)(=O)C2CCCC2)cc(=O)n1C(CC1CCCC1)C(=O)Nc1nccs1,,,activity,,P3,6.5–7.0（0.1–0.32 µM）,6.7,False,,CHEMBL2346758,False,,,,,,,,False,True,True,Cc1cc(S(=O)(=O)C2CCCC2)cc(=O)n1C(CC1CCCC1)C(=O)Nc1nccs1,1,False,0,0,False,False,无改动,463.6250000000002,463.159948408,31,98.13000000000001,134.75,4.089620000000003,121.23650000000005,1,6,7,8,4,2,0.5909090909090909,9,0,0.666847048146462,0,O=C(Nc1nccs1)C(CC1CCCC1)n1ccc(S(=O)(=O)C2CCCC2)cc1=O,CC1CC(C(C)(C)C2CCCC2)CCC1C(CC1CCCC1)C(C)CC1CCCC1,False,"InChI=1S/C22H29N3O4S2/c1-15-12-18(31(28,29)17-8-4-5-9-17)14-20(26)25(15)19(13-16-6-2-3-7-16)21(27)24-22-23-10-11-30-22/h10-12,14,16-17,19H,2-9,13H2,1H3,(H,23,24,27)",UGPQQXXZGVSIOI-UHFFFAOYSA-N,UGPQQXXZGVSIOI,1,False,False,False,False,UGPQQXXZGVSIOI-UHFFFAOYSA-N,1,True,1
GKA_0193,gka_candidate,CHEMBL2408128,,COC[C@H](C)Oc1cc(Oc2cnc(C(=O)N(C)C)cn2)cc(-c2nccc(=O)[nH]2)c1,,,activity,,P3,6.5–7.0（0.1–0.32 µM）,6.7,False,,CHEMBL2408128,False,,,,,,,,False,True,True,COC[C@H](C)Oc1cc(Oc2cnc(C(=O)N(C)C)cn2)cc(-c2nccc(=O)[nH]2)c1,1,False,0,0,False,False,无改动,425.4450000000001,425.1699188360001,31,119.53,119.53,2.1346999999999996,112.38320000000003,1,8,8,9,3,3,0.2857142857142857,10,0,0.5828966489252839,0,O=c1ccnc(-c2cccc(Oc3cnccn3)c2)[nH]1,CC1CCCC(C2CCCC(CC3CCCCC3)C2)C1,False,"InChI=1S/C21H23N5O5/c1-13(12-29-4)30-15-7-14(20-22-6-5-18(27)25-20)8-16(9-15)31-19-11-23-17(10-24-19)21(28)26(2)3/h5-11,13H,12H2,1-4H3,(H,22,25,27)/t13-/m0/s1",UQFUOGIWCIAKAA-ZDUSSCGKSA-N,UQFUOGIWCIAKAA,1,False,False,False,False,UQFUOGIWCIAKAA-ZDUSSCGKSA-N,1,True,2
GKA_0194,gka_candidate,CHEMBL3091581,,O=C(O)c1ccc(NC(=O)[C@H](CC2CCCC2)n2cnc(S(=O)(=O)C3CCC3)c2)nc1,,,activity,,P3,6.5–7.0（0.1–0.32 µM）,6.7,False,,CHEMBL3091581,False,,,,,,,,False,True,True,O=C(O)c1ccc(NC(=O)[C@H](CC2CCCC2)n2cnc(S(=O)(=O)C3CCC3)c2)nc1,1,False,0,0,False,False,无改动,446.52900000000017,446.162390932,31,131.25,139.63,3.0626000000000015,112.48980000000003,2,6,8,9,4,2,0.5238095238095238,10,0,0.6368583541683369,0,O=C(Nc1ccccn1)[C@H](CC1CCCC1)n1cnc(S(=O)(=O)C2CCC2)c1,CC(CC1CCCCC1)C(CC1CCCC1)C1CCC(C(C)(C)C2CCC2)C1,False,"InChI=1S/C21H26N4O5S/c26-20(24-18-9-8-15(11-22-18)21(27)28)17(10-14-4-1-2-5-14)25-12-19(23-13-25)31(29,30)16-6-3-7-16/h8-9,11-14,16-17H,1-7,10H2,(H,27,28)(H,22,24,26)/t17-/m0/s1",DTZWAELYQGJRJI-KRWDZBQOSA-N,DTZWAELYQGJRJI,1,True,False,False,False,DTZWAELYQGJRJI-KRWDZBQOSA-N,1,True,1
GKA_0195,gka_candidate,CHEMBL3971914,,O=C(O)c1cccc(Oc2cnc(NC(=O)C(O[C@H]3CCOC3)c3ccc(S(=O)(=O)C4CC4)cc3)s2)c1,,,activity,,P3,6.5–7.0（0.1–0.32 µM）,6.7,False,,CHEMBL3971914,False,,,,,,,,False,True,True,O=C(O)c1cccc(Oc2cnc(NC(=O)C(O[C@H]3CCOC3)c3ccc(S(=O)(=O)C4CC4)cc3)s2)c1,1,False,0,0,False,False,无改动,544.6070000000003,544.0974077279999,37,141.12,177.74,4.055000000000003,133.91879999999995,2,9,10,11,5,3,0.32,12,0,0.3864902967050233,1,O=C(Nc1ncc(Oc2ccccc2)s1)C(O[C@H]1CCOC1)c1ccc(S(=O)(=O)C2CC2)cc1,CC(CC1CCC(CC2CCCCC2)C1)C(CC1CCCC1)C1CCC(C(C)(C)C2CC2)CC1,False,"InChI=1S/C25H24N2O8S2/c28-23(27-25-26-13-21(36-25)34-17-3-1-2-16(12-17)24(29)30)22(35-18-10-11-33-14-18)15-4-6-19(7-5-15)37(31,32)20-8-9-20/h1-7,12-13,18,20,22H,8-11,14H2,(H,29,30)(H,26,27,28)/t18-,22?/m0/s1",JHRRHOKUMZTXIF-HXBUSHRASA-N,JHRRHOKUMZTXIF,2,True,False,False,False,JHRRHOKUMZTXIF-HXBUSHRASA-N,1,True,1
GKA_0196,gka_candidate,CHEMBL4091218,,NC(=O)c1cccnc1NC(=O)C(CC1CCOCC1)n1ncc2c(S(=O)(=O)C3CC3)cccc21,,,activity,,P3,6.5–7.0（0.1–0.32 µM）,6.7,False,,CHEMBL4091218,False,,,,,,,,False,True,True,NC(=O)c1cccnc1NC(=O)C(CC1CCOCC1)n1ncc2c(S(=O)(=O)C3CC3)cccc21,1,False,0,0,False,False,无改动,497.5770000000003,497.17328996400005,35,146.27,154.65,2.4627999999999997,128.5224,2,7,8,9,5,3,0.4166666666666667,11,0,0.48589100734451723,0,O=C(Nc1ccccn1)C(CC1CCOCC1)n1ncc2c(S(=O)(=O)C3CC3)cccc21,CC(CC1CCCCC1)C(CC1CCCCC1)C1CCC2C1CCCC2C(C)(C)C1CC1,False,"InChI=1S/C24H27N5O5S/c25-22(30)17-3-2-10-26-23(17)28-24(31)20(13-15-8-11-34-12-9-15)29-19-4-1-5-21(18(19)14-27-29)35(32,33)16-6-7-16/h1-5,10,14-16,20H,6-9,11-13H2,(H2,25,30)(H,26,28,31)",MKQGXUSWHWHSBA-UHFFFAOYSA-N,MKQGXUSWHWHSBA,1,False,False,False,False,MKQGXUSWHWHSBA-UHFFFAOYSA-N,1,True,1
GKA_0197,gka_candidate,CHEMBL4204808,,COCC(C)Oc1cc(Oc2ccc(S(C)(=O)=O)nc2)cc(C(=O)Nc2nc3c(s2)CN(C(=O)OC(C)(C)C)CC3)c1,,,activity,,P3,6.5–7.0（0.1–0.32 µM）,6.7,False,,CHEMBL4204808,False,,,,,,,,False,True,True,COCC(C)Oc1cc(Oc2ccc(S(C)(=O)=O)nc2)cc(C(=O)Nc2nc3c(s2)CN(C(=O)OC(C)(C)C)CC3)c1,1,False,0,0,False,False,无改动,618.734,618.181806048,42,146.24999999999997,182.87,4.693100000000005,156.24399999999972,1,11,9,13,4,3,0.42857142857142855,14,0,0.35820939034684035,2,O=C(Nc1nc2c(s1)CNCC2)c1cccc(Oc2cccnc2)c1,CC(CC1CC2CCCCC2C1)C1CCCC(CC2CCCCC2)C1,False,"InChI=1S/C28H34N4O8S2/c1-17(16-37-5)38-20-11-18(12-21(13-20)39-19-7-8-24(29-14-19)42(6,35)36)25(33)31-26-30-22-9-10-32(15-23(22)41-26)27(34)40-28(2,3)4/h7-8,11-14,17H,9-10,15-16H2,1-6H3,(H,30,31,33)",ZWYOXZJEFZCSHL-UHFFFAOYSA-N,ZWYOXZJEFZCSHL,1,False,False,False,False,ZWYOXZJEFZCSHL-UHFFFAOYSA-N,1,True,1
GKA_0198,gka_candidate,CHEMBL596020,,CCS(=O)(=O)c1ccc(Oc2cc3nc(-c4ccccn4)[nH]c3cc2CN2CCCS2(=O)=O)cc1,,,activity,,P3,6.5–7.0（0.1–0.32 µM）,6.695,False,,CHEMBL596020,False,,,,,,,,False,True,True,CCS(=O)(=O)c1ccc(Oc2cc3nc(-c4ccccn4)[nH]c3cc2CN2CCCS2(=O)=O)cc1,1,False,0,0,False,False,无改动,512.6130000000003,512.118811868,35,122.32,139.07999999999998,3.7463000000000015,132.38129999999995,1,7,7,7,5,4,0.25,11,0,0.400106376714973,1,O=S1(=O)CCCN1Cc1cc2[nH]c(-c3ccccn3)nc2cc1Oc1ccccc1,CC1(C)CCCC1CC1CC2CC(C3CCCCC3)CC2CC1CC1CCCCC1,False,"InChI=1S/C24H24N4O5S2/c1-2-34(29,30)19-9-7-18(8-10-19)33-23-15-22-21(26-24(27-22)20-6-3-4-11-25-20)14-17(23)16-28-12-5-13-35(28,31)32/h3-4,6-11,14-15H,2,5,12-13,16H2,1H3,(H,26,27)",KZADIHLFNCWLAC-UHFFFAOYSA-N,KZADIHLFNCWLAC,0,False,False,True,False,KZADIHLFNCWLAC-UHFFFAOYSA-N,1,True,1
GKA_0199,gka_candidate,CHEMBL2430857,,Cc1csc(Nc2ncc(Sc3ccccc3)cc2OCc2ccccc2)n1,,,activity,,P3,6.5–7.0（0.1–0.32 µM）,6.68,False,,CHEMBL2430857,False,,,,,,,,False,True,True,Cc1csc(Nc2ncc(Sc3ccccc3)cc2OCc2ccccc2)n1,1,False,0,0,False,False,无改动,405.5480000000002,405.096954228,28,47.040000000000006,100.58,6.320320000000004,115.70970000000001,1,6,7,7,4,4,0.09090909090909091,6,0,0.38972020606102564,1,c1ccc(COc2cc(Sc3ccccc3)cnc2Nc2nccs2)cc1,C1CCC(CCC2CC(CC3CCCCC3)CCC2CC2CCCC2)CC1,False,"InChI=1S/C22H19N3OS2/c1-16-15-27-22(24-16)25-21-20(26-14-17-8-4-2-5-9-17)12-19(13-23-21)28-18-10-6-3-7-11-18/h2-13,15H,14H2,1H3,(H,23,24,25)",XVJWONNYLHHEQI-UHFFFAOYSA-N,XVJWONNYLHHEQI,0,False,False,False,False,XVJWONNYLHHEQI-UHFFFAOYSA-N,1,True,1
GKA_0200,gka_candidate,CHEMBL4217013,,COCC(C)Oc1cc(Oc2ccc(S(C)(=O)=O)cc2)cc(C(=O)Nc2nc3c(s2)CN(c2ccncc2)CC3)c1,,,activity,,P3,6.5–7.0（0.1–0.32 µM）,6.68,False,,CHEMBL4217013,False,,,,,,,,False,True,True,COCC(C)Oc1cc(Oc2ccc(S(C)(=O)=O)cc2)cc(C(=O)Nc2nc3c(s2)CN(c2ccncc2)CC3)c1,1,False,0,0,False,False,无改动,594.7150000000001,594.1606766800002,41,119.95,156.57,4.962600000000005,157.0919999999997,1,10,10,11,5,4,0.27586206896551724,12,0,0.2715620934411765,1,O=C(Nc1nc2c(s1)CN(c1ccncc1)CC2)c1cccc(Oc2ccccc2)c1,CC(CC1CC2CCC(C3CCCCC3)CC2C1)C1CCCC(CC2CCCCC2)C1,False,"InChI=1S/C29H30N4O6S2/c1-19(18-37-2)38-23-14-20(15-24(16-23)39-22-4-6-25(7-5-22)41(3,35)36)28(34)32-29-31-26-10-13-33(17-27(26)40-29)21-8-11-30-12-9-21/h4-9,11-12,14-16,19H,10,13,17-18H2,1-3H3,(H,31,32,34)",DGZGOICGFKDGPA-UHFFFAOYSA-N,DGZGOICGFKDGPA,1,False,False,False,False,DGZGOICGFKDGPA-UHFFFAOYSA-N,1,True,1
GKA_0201,gka_candidate,CHEMBL574881,,COc1ccc2nc(NC(=O)C(CC3CCCC3)c3ccc(S(=O)(=O)NCc4ccncc4)cc3)sc2n1,,,activity,,P3,6.5–7.0（0.1–0.32 µM）,6.68,False,,CHEMBL574881,False,,,,,,,,False,True,True,COc1ccc2nc(NC(=O)C(CC3CCCC3)c3ccc(S(=O)(=O)NCc4ccncc4)cc3)sc2n1,1,False,0,0,False,False,无改动,551.6940000000001,551.166096408,38,123.16999999999999,159.79000000000002,4.876000000000004,146.6171999999998,2,8,10,11,5,4,0.3333333333333333,11,0,0.28803628918337515,1,O=C(Nc1nc2cccnc2s1)C(CC1CCCC1)c1ccc(S(=O)(=O)NCc2ccncc2)cc1,CC(CC1CC2CCCCC2C1)C(CC1CCCC1)C1CCC(C(C)(C)CCC2CCCCC2)CC1,False,"InChI=1S/C27H29N5O4S2/c1-36-24-11-10-23-26(31-24)37-27(30-23)32-25(33)22(16-18-4-2-3-5-18)20-6-8-21(9-7-20)38(34,35)29-17-19-12-14-28-15-13-19/h6-15,18,22,29H,2-5,16-17H2,1H3,(H,30,32,33)",XINJOXSXDSZPPN-UHFFFAOYSA-N,XINJOXSXDSZPPN,1,False,False,True,False,XINJOXSXDSZPPN-UHFFFAOYSA-N,1,True,1
GKA_0202,gka_candidate,CHEMBL3235150,,Cc1cccnc1-c1cc(Oc2ccc(S(C)(=O)=O)cc2)cc(C(=O)Nc2nc(CN3CCOCC3)cs2)c1,,,activity,,P3,6.5–7.0（0.1–0.32 µM）,6.67,False,,CHEMBL3235150,False,,,,,,,,False,True,True,Cc1cccnc1-c1cc(Oc2ccc(S(C)(=O)=O)cc2)cc(C(=O)Nc2nc(CN3CCOCC3)cs2)c1,1,False,0,0,False,False,无改动,564.6890000000004,564.150111996,39,110.72,147.34,4.793820000000004,150.19899999999978,1,9,8,9,5,4,0.25,11,0,0.32520201645545593,1,O=C(Nc1nc(CN2CCOCC2)cs1)c1cc(Oc2ccccc2)cc(-c2ccccn2)c1,CC(CC1CCC(CC2CCCCC2)C1)C1CC(CC2CCCCC2)CC(C2CCCCC2)C1,False,"InChI=1S/C28H28N4O5S2/c1-19-4-3-9-29-26(19)20-14-21(16-24(15-20)37-23-5-7-25(8-6-23)39(2,34)35)27(33)31-28-30-22(18-38-28)17-32-10-12-36-13-11-32/h3-9,14-16,18H,10-13,17H2,1-2H3,(H,30,31,33)",UUCGNUHYQJOYNN-UHFFFAOYSA-N,UUCGNUHYQJOYNN,0,False,True,False,False,UUCGNUHYQJOYNN-UHFFFAOYSA-N,1,True,1
GKA_0203,gka_candidate,CHEMBL4561645,,CNC(=O)Nc1cc(Oc2c(F)cccc2F)c(C2CC2)cn1,,,activity,,P3,6.5–7.0（0.1–0.32 µM）,6.665,False,,CHEMBL4561645,False,,,,,,,,False,True,True,CNC(=O)Nc1cc(Oc2c(F)cccc2F)c(C2CC2)cn1,1,False,0,0,False,False,无改动,319.31100000000004,319.11323316000005,23,63.25,63.25,3.780800000000002,80.72240000000002,2,3,4,6,3,2,0.25,7,0,0.9012113354140503,0,c1ccc(Oc2ccncc2C2CC2)cc1,C1CCC(CC2CCCCC2C2CC2)CC1,False,"InChI=1S/C16H15F2N3O2/c1-19-16(22)21-14-7-13(10(8-20-14)9-5-6-9)23-15-11(17)3-2-4-12(15)18/h2-4,7-9H,5-6H2,1H3,(H2,19,20,21,22)",YUYQXJJCKOEZRT-UHFFFAOYSA-N,YUYQXJJCKOEZRT,0,False,False,False,False,YUYQXJJCKOEZRT-UHFFFAOYSA-N,1,True,1
GKA_0204,gka_candidate,CHEMBL3954336,,O=C(O)c1cc(-c2ccc(Oc3cnc(NC(=O)C(OC4CCOCC4)c4ccc(S(=O)(=O)C5CC5)cc4)s3)cc2)no1,,,activity,,P3,6.5–7.0（0.1–0.32 µM）,6.66,False,,CHEMBL3954336,False,,,,,,,,False,True,True,O=C(O)c1cc(-c2ccc(Oc3cnc(NC(=O)C(OC4CCOCC4)c4ccc(S(=O)(=O)C5CC5)cc4)s3)cc2)no1,1,False,0,0,False,False,无改动,625.6810000000004,625.1188714439999,43,167.14999999999998,203.76999999999998,5.100100000000005,154.0327999999997,2,11,11,12,6,4,0.3103448275862069,14,0,0.2275397900710883,3,O=C(Nc1ncc(Oc2ccc(-c3ccon3)cc2)s1)C(OC1CCOCC1)c1ccc(S(=O)(=O)C2CC2)cc1,CC(CC1CCC(CC2CCC(C3CCCC3)CC2)C1)C(CC1CCCCC1)C1CCC(C(C)(C)C2CC2)CC1,False,"InChI=1S/C29H27N3O9S2/c33-27(26(40-20-11-13-38-14-12-20)18-3-7-21(8-4-18)43(36,37)22-9-10-22)31-29-30-16-25(42-29)39-19-5-1-17(2-6-19)23-15-24(28(34)35)41-32-23/h1-8,15-16,20,22,26H,9-14H2,(H,34,35)(H,30,31,33)",IWHHPRXEGJCVNG-UHFFFAOYSA-N,IWHHPRXEGJCVNG,1,True,False,False,False,IWHHPRXEGJCVNG-UHFFFAOYSA-N,1,True,1
GKA_0205,gka_candidate,CHEMBL4469348,,CNC(=O)Nc1cc(Oc2cncc(OC)c2)c(C2=CCCOC2)cn1,,,activity,,P3,6.5–7.0（0.1–0.32 µM）,6.645,False,,CHEMBL4469348,False,,,,,,,,False,True,True,CNC(=O)Nc1cc(Oc2cncc(OC)c2)c(C2=CCCOC2)cn1,1,False,0,0,False,False,无改动,356.3820000000002,356.14845512,26,94.60000000000001,94.60000000000001,2.8325000000000005,96.59140000000002,2,6,5,7,3,2,0.2777777777777778,8,0,0.8554009745584299,0,C1=C(c2cnccc2Oc2cccnc2)COCC1,C1CCC(CC2CCCCC2C2CCCCC2)CC1,False,"InChI=1S/C18H20N4O4/c1-19-18(23)22-17-7-16(26-14-6-13(24-2)8-20-9-14)15(10-21-17)12-4-3-5-25-11-12/h4,6-10H,3,5,11H2,1-2H3,(H2,19,21,22,23)",CUVIBBDRTIYKKQ-UHFFFAOYSA-N,CUVIBBDRTIYKKQ,0,False,False,False,False,CUVIBBDRTIYKKQ-UHFFFAOYSA-N,1,True,1
GKA_0206,gka_candidate,CHEMBL594382,,CCS(=O)(=O)c1ccc(Oc2cc3nc(-c4ccccn4)[nH]c3cc2Cn2ccnc2)cc1,,,activity,,P3,6.5–7.0（0.1–0.32 µM）,6.645,False,,CHEMBL594382,False,,,,,,,,False,True,True,CCS(=O)(=O)c1ccc(Oc2cc3nc(-c4ccccn4)[nH]c3cc2Cn2ccnc2)cc1,1,False,0,0,False,False,无改动,459.5310000000001,459.1365105320001,33,102.76,111.14,4.455600000000002,124.8965,1,6,7,7,5,5,0.125,9,0,0.3855725460363024,0,c1ccc(Oc2cc3nc(-c4ccccn4)[nH]c3cc2Cn2ccnc2)cc1,C1CCC(CC2CC3CC(C4CCCCC4)CC3CC2CC2CCCC2)CC1,False,"InChI=1S/C24H21N5O3S/c1-2-33(30,31)19-8-6-18(7-9-19)32-23-14-22-21(13-17(23)15-29-12-11-25-16-29)27-24(28-22)20-5-3-4-10-26-20/h3-14,16H,2,15H2,1H3,(H,27,28)",PGZFLIGICKGSIH-UHFFFAOYSA-N,PGZFLIGICKGSIH,0,False,False,False,False,PGZFLIGICKGSIH-UHFFFAOYSA-N,1,True,1
GKA_0207,gka_candidate,CHEMBL2204662,,CCn1cc2c(Oc3cnc(C(=O)N(C)C)c(F)c3)cc(C(=O)Nc3cnc(C)cn3)cc2n1,,,activity,,P3,6.5–7.0（0.1–0.32 µM）,6.64,False,,CHEMBL2204662,False,,,,,,,,False,True,True,CCn1cc2c(Oc3cnc(C(=O)N(C)C)c(F)c3)cc(C(=O)Nc3cnc(C)cn3)cc2n1,1,False,0,0,False,False,无改动,463.4730000000001,463.17681578400004,34,115.13000000000001,115.13000000000001,3.4351200000000013,122.41570000000003,1,7,6,8,4,4,0.21739130434782608,11,0,0.4657427377474156,0,O=C(Nc1cnccn1)c1cc(Oc2cccnc2)c2c[nH]nc2c1,CC(CC1CCCCC1)C1CC2CCCC2C(CC2CCCCC2)C1,False,"InChI=1S/C23H22FN7O3/c1-5-31-12-16-18(29-31)6-14(22(32)28-20-11-25-13(2)9-26-20)7-19(16)34-15-8-17(24)21(27-10-15)23(33)30(3)4/h6-12H,5H2,1-4H3,(H,26,28,32)",YUOWWGGXVKBXNS-UHFFFAOYSA-N,YUOWWGGXVKBXNS,0,False,False,False,False,YUOWWGGXVKBXNS-UHFFFAOYSA-N,1,True,2
GKA_0208,gka_candidate,CHEMBL2408118,,CC(C)Oc1cc(Oc2cnc(C(=O)N(C)C)c(F)c2)cc(-c2nccc(=O)[nH]2)c1,,,activity,,P3,6.5–7.0（0.1–0.32 µM）,6.64,False,,CHEMBL2408118,False,,,,,,,,False,True,True,CC(C)Oc1cc(Oc2cnc(C(=O)N(C)C)c(F)c2)cc(-c2nccc(=O)[nH]2)c1,1,False,0,0,False,False,无改动,412.4210000000001,412.1546833720001,30,97.41,97.41,3.252300000000001,108.34420000000003,1,6,6,7,3,3,0.23809523809523808,9,0,0.6675232768149861,0,O=c1ccnc(-c2cccc(Oc3cccnc3)c2)[nH]1,CC1CCCC(C2CCCC(CC3CCCCC3)C2)C1,False,"InChI=1S/C21H21FN4O4/c1-12(2)29-14-7-13(20-23-6-5-18(27)25-20)8-15(9-14)30-16-10-17(22)19(24-11-16)21(28)26(3)4/h5-12H,1-4H3,(H,23,25,27)",XXRSPMIUQRJYFO-UHFFFAOYSA-N,XXRSPMIUQRJYFO,0,False,False,False,False,XXRSPMIUQRJYFO-UHFFFAOYSA-N,1,True,1
GKA_0209,gka_candidate,CHEMBL2430858,,Cc1csc(Nc2ncc(Sc3ccccn3)cc2OCc2ccccc2)n1,,,activity,,P3,6.5–7.0（0.1–0.32 µM）,6.64,False,,CHEMBL2430858,False,,,,,,,,False,True,True,Cc1csc(Nc2ncc(Sc3ccccn3)cc2OCc2ccccc2)n1,1,False,0,0,False,False,无改动,406.5360000000002,406.09220319599996,28,59.93000000000001,113.47,5.715320000000004,113.50470000000001,1,7,7,7,4,4,0.09523809523809523,7,0,0.4237840052771775,1,c1ccc(COc2cc(Sc3ccccn3)cnc2Nc2nccs2)cc1,C1CCC(CCC2CC(CC3CCCCC3)CCC2CC2CCCC2)CC1,False,"InChI=1S/C21H18N4OS2/c1-15-14-27-21(24-15)25-20-18(26-13-16-7-3-2-4-8-16)11-17(12-23-20)28-19-9-5-6-10-22-19/h2-12,14H,13H2,1H3,(H,23,24,25)",LNDXOEJPYHCIAV-UHFFFAOYSA-N,LNDXOEJPYHCIAV,0,False,False,False,False,LNDXOEJPYHCIAV-UHFFFAOYSA-N,1,True,1
GKA_0210,gka_candidate,CHEMBL3091583,,O=C(O)c1ccc(NC(=O)[C@H](CC2CCCCC2)n2cnc(S(=O)(=O)C3CCC3)c2)nc1,,,activity,,P3,6.5–7.0（0.1–0.32 µM）,6.64,False,,CHEMBL3091583,False,,,,,,,,False,True,True,O=C(O)c1ccc(NC(=O)[C@H](CC2CCCCC2)n2cnc(S(=O)(=O)C3CCC3)c2)nc1,1,False,0,0,False,False,无改动,460.55600000000015,460.178040996,32,131.25,139.63,3.452700000000002,117.10680000000004,2,6,8,9,4,2,0.5454545454545454,10,0,0.616568702775919,0,O=C(Nc1ccccn1)[C@H](CC1CCCCC1)n1cnc(S(=O)(=O)C2CCC2)c1,CC(CC1CCCCC1)C(CC1CCCCC1)C1CCC(C(C)(C)C2CCC2)C1,False,"InChI=1S/C22H28N4O5S/c27-21(25-19-10-9-16(12-23-19)22(28)29)18(11-15-5-2-1-3-6-15)26-13-20(24-14-26)32(30,31)17-7-4-8-17/h9-10,12-15,17-18H,1-8,11H2,(H,28,29)(H,23,25,27)/t18-/m0/s1",HFXDKQDCOWWEDC-SFHVURJKSA-N,HFXDKQDCOWWEDC,1,True,False,False,False,HFXDKQDCOWWEDC-SFHVURJKSA-N,1,True,1
GKA_0211,gka_candidate,CHEMBL4211616,,COCC(C)Oc1cc(Oc2ccc(S(=O)(=O)C3CC3)cc2)cc(C(=O)Nc2nc3c(s2)CN(C(=O)OC(C)(C)C)CC3)c1,,,activity,,P3,6.5–7.0（0.1–0.32 µM）,6.64,False,,CHEMBL4211616,False,,,,,,,,False,True,True,COCC(C)Oc1cc(Oc2ccc(S(=O)(=O)C3CC3)cc2)cc(C(=O)Nc2nc3c(s2)CN(C(=O)OC(C)(C)C)CC3)c1,1,False,0,0,False,False,无改动,643.7840000000001,643.2022071440001,44,133.35999999999999,169.98,5.830700000000006,165.5469999999996,1,10,10,14,5,3,0.45161290322580644,13,0,0.28966553579033244,2,O=C(Nc1nc2c(s1)CNCC2)c1cccc(Oc2ccc(S(=O)(=O)C3CC3)cc2)c1,CC(CC1CC2CCCCC2C1)C1CCCC(CC2CCC(C(C)(C)C3CC3)CC2)C1,False,"InChI=1S/C31H37N3O8S2/c1-19(18-39-5)40-22-14-20(15-23(16-22)41-21-6-8-24(9-7-21)44(37,38)25-10-11-25)28(35)33-29-32-26-12-13-34(17-27(26)43-29)30(36)42-31(2,3)4/h6-9,14-16,19,25H,10-13,17-18H2,1-5H3,(H,32,33,35)",MOCCHYWUMYIBPT-UHFFFAOYSA-N,MOCCHYWUMYIBPT,1,False,False,False,False,MOCCHYWUMYIBPT-UHFFFAOYSA-N,1,True,1
GKA_0212,gka_candidate,CHEMBL2430859,,Cc1csc(Nc2ncc(SCc3ccccc3)cc2OCc2ccccc2)n1,,,activity,,P3,6.5–7.0（0.1–0.32 µM）,6.63,False,,CHEMBL2430859,False,,,,,,,,False,True,True,Cc1csc(Nc2ncc(SCc3ccccc3)cc2OCc2ccccc2)n1,1,False,0,0,False,False,无改动,419.57500000000016,419.112604292,29,47.040000000000006,100.58,6.461420000000005,121.14770000000001,1,6,8,8,4,4,0.13043478260869565,6,0,0.3320571347439835,1,c1ccc(COc2cc(SCc3ccccc3)cnc2Nc2nccs2)cc1,C1CCC(CCC2CCC(CC3CCCC3)C(CCC3CCCCC3)C2)CC1,False,"InChI=1S/C23H21N3OS2/c1-17-15-29-23(25-17)26-22-21(27-14-18-8-4-2-5-9-18)12-20(13-24-22)28-16-19-10-6-3-7-11-19/h2-13,15H,14,16H2,1H3,(H,24,25,26)",QFFBLBBPLLDRTA-UHFFFAOYSA-N,QFFBLBBPLLDRTA,0,False,False,False,False,QFFBLBBPLLDRTA-UHFFFAOYSA-N,1,True,1
GKA_0213,gka_candidate,CHEMBL5085491,,CCOP(=O)(Cn1ccc(NC(=O)c2cc(Oc3cnc(S(C)(=O)=O)nc3)cc(OC(C)C)c2)n1)OCC,,,activity,,P3,6.5–7.0（0.1–0.32 µM）,6.63,False,,CHEMBL5085491,False,,,,,,,,False,True,True,CCOP(=O)(Cn1ccc(NC(=O)c2cc(Oc3cnc(S(C)(=O)=O)nc3)cc(OC(C)C)c2)n1)OCC,1,False,0,0,False,False,无改动,567.5610000000001,567.15527055,38,160.83,179.02,4.132000000000003,138.4604999999999,1,11,13,14,3,3,0.391304347826087,15,0,0.23347155842590867,2,O=C(Nc1cc[nH]n1)c1cccc(Oc2cncnc2)c1,CC(CC1CCCC1)C1CCCC(CC2CCCCC2)C1,False,"InChI=1S/C23H30N5O8PS/c1-6-33-37(30,34-7-2)15-28-9-8-21(27-28)26-22(29)17-10-18(35-16(3)4)12-19(11-17)36-20-13-24-23(25-14-20)38(5,31)32/h8-14,16H,6-7,15H2,1-5H3,(H,26,27,29)",YJUAEIAQXAHGBE-UHFFFAOYSA-N,YJUAEIAQXAHGBE,0,False,False,False,False,YJUAEIAQXAHGBE-UHFFFAOYSA-N,1,True,1
GKA_0214,gka_candidate,CHEMBL549417,,CS(=O)(=O)c1ccc(Oc2cc(OC3CCOCC3)cc(C(=O)Nc3nccs3)c2)cc1,,,activity,,P3,6.5–7.0（0.1–0.32 µM）,6.63,False,,CHEMBL549417,False,,,,,,,,False,True,True,CS(=O)(=O)c1ccc(Oc2cc(OC3CCOCC3)cc(C(=O)Nc3nccs3)c2)cc1,1,False,0,0,False,False,无改动,474.5600000000002,474.09192842400006,32,103.82000000000001,140.44,4.149000000000003,120.60400000000004,1,8,7,8,4,3,0.2727272727272727,10,0,0.5485486763322758,0,O=C(Nc1nccs1)c1cc(Oc2ccccc2)cc(OC2CCOCC2)c1,CC(CC1CCCC1)C1CC(CC2CCCCC2)CC(CC2CCCCC2)C1,False,"InChI=1S/C22H22N2O6S2/c1-32(26,27)20-4-2-16(3-5-20)29-18-12-15(21(25)24-22-23-8-11-31-22)13-19(14-18)30-17-6-9-28-10-7-17/h2-5,8,11-14,17H,6-7,9-10H2,1H3,(H,23,24,25)",ZQZPYXYBKICQDC-UHFFFAOYSA-N,ZQZPYXYBKICQDC,0,False,False,False,False,ZQZPYXYBKICQDC-UHFFFAOYSA-N,1,True,1
GKA_0215,gka_candidate,CHEMBL2430853,,CC(C)c1csc(Nc2ncc(Br)cc2OCc2ccccc2)n1,,,activity,,P3,6.5–7.0（0.1–0.32 µM）,6.62,False,,CHEMBL2430853,False,,,,,,,,False,True,True,CC(C)c1csc(Nc2ncc(Br)cc2OCc2ccccc2)n1,1,False,0,0,False,False,无改动,404.33300000000014,403.035395296,24,47.040000000000006,75.28,5.7466000000000035,102.1967,1,5,6,6,3,3,0.2222222222222222,6,0,0.568669276993653,1,c1ccc(COc2cccnc2Nc2nccs2)cc1,C1CCC(CCC2CCCCC2CC2CCCC2)CC1,False,"InChI=1S/C18H18BrN3OS/c1-12(2)15-11-24-18(21-15)22-17-16(8-14(19)9-20-17)23-10-13-6-4-3-5-7-13/h3-9,11-12H,10H2,1-2H3,(H,20,21,22)",NZMWQGDXPMBLLS-UHFFFAOYSA-N,NZMWQGDXPMBLLS,0,False,False,False,False,NZMWQGDXPMBLLS-UHFFFAOYSA-N,1,True,5
GKA_0216,gka_candidate,CHEMBL5290632,,O=C(O)c1ccc(Oc2cnc(NC(=O)C(Oc3ccc(F)cc3F)c3ccc(S(=O)(=O)N4CCCC4)cc3)s2)cc1,,,activity,,P3,6.5–7.0（0.1–0.32 µM）,6.62,False,,CHEMBL5290632,False,,,,,,,,False,True,True,O=C(O)c1ccc(Oc2cnc(NC(=O)C(Oc3ccc(F)cc3F)c3ccc(S(=O)(=O)N4CCCC4)cc3)s2)cc1,1,False,0,0,False,False,无改动,615.6360000000002,615.0945485159999,42,135.13000000000002,171.75000000000003,5.455100000000004,148.38079999999977,2,8,10,11,5,4,0.17857142857142858,14,0,0.24039144294699738,2,O=C(Nc1ncc(Oc2ccccc2)s1)C(Oc1ccccc1)c1ccc(S(=O)(=O)N2CCCC2)cc1,CC(CC1CCC(CC2CCCCC2)C1)C(CC1CCCCC1)C1CCC(C(C)(C)C2CCCC2)CC1,False,"InChI=1S/C28H23F2N3O7S2/c29-19-7-12-23(22(30)15-19)40-25(17-5-10-21(11-6-17)42(37,38)33-13-1-2-14-33)26(34)32-28-31-16-24(41-28)39-20-8-3-18(4-9-20)27(35)36/h3-12,15-16,25H,1-2,13-14H2,(H,35,36)(H,31,32,34)",FEBTXTWYHAOXQW-UHFFFAOYSA-N,FEBTXTWYHAOXQW,1,True,False,True,False,FEBTXTWYHAOXQW-UHFFFAOYSA-N,1,True,1
GKA_0217,gka_candidate,CHEMBL489710,,Cn1cnnc1Sc1ccc(N)c(C(=O)Nc2ncns2)c1,,,activity,,P3,6.5–7.0（0.1–0.32 µM）,6.615,False,,CHEMBL489710,False,,,,,,,,False,True,True,Cn1cnnc1Sc1ccc(N)c(C(=O)Nc2ncns2)c1,1,False,0,0,False,False,无改动,333.402,333.046649972,22,111.61000000000001,165.15,1.6522999999999997,83.8426,2,8,4,5,3,3,0.08333333333333333,10,0,0.6981570189296344,0,O=C(Nc1ncns1)c1cccc(Sc2nnc[nH]2)c1,CC(CC1CCCC1)C1CCCC(CC2CCCC2)C1,False,"InChI=1S/C12H11N7OS2/c1-19-6-15-18-12(19)21-7-2-3-9(13)8(4-7)10(20)17-11-14-5-16-22-11/h2-6H,13H2,1H3,(H,14,16,17,20)",TZNGPMVMDHBLDN-UHFFFAOYSA-N,TZNGPMVMDHBLDN,0,False,False,False,False,TZNGPMVMDHBLDN-UHFFFAOYSA-N,1,True,2
GKA_0218,gka_candidate,CHEMBL2346883,,O=C(Nc1nccs1)C(CC1CCCCC1)N1CCN(S(=O)(=O)C2CC2)CC1=O,,,activity,,P3,6.5–7.0（0.1–0.32 µM）,6.6,False,,CHEMBL2346883,False,,,,,,,,False,True,True,O=C(Nc1nccs1)C(CC1CCCCC1)N1CCN(S(=O)(=O)C2CC2)CC1=O,1,False,0,0,False,False,无改动,440.59100000000024,440.1551973759999,29,99.68,136.29999999999998,2.057,110.95150000000005,1,6,7,8,4,1,0.7368421052631579,10,0,0.699557316447271,0,O=C(Nc1nccs1)C(CC1CCCCC1)N1CCN(S(=O)(=O)C2CC2)CC1=O,CC1CC(C(C)(C)C2CC2)CCC1C(CC1CCCCC1)C(C)CC1CCCC1,False,"InChI=1S/C19H28N4O4S2/c24-17-13-22(29(26,27)15-6-7-15)9-10-23(17)16(12-14-4-2-1-3-5-14)18(25)21-19-20-8-11-28-19/h8,11,14-16H,1-7,9-10,12-13H2,(H,20,21,25)",UVQDJQMAEVSBJS-UHFFFAOYSA-N,UVQDJQMAEVSBJS,1,False,False,True,False,UVQDJQMAEVSBJS-UHFFFAOYSA-N,1,True,1
GKA_0219,gka_candidate,CHEMBL1783760,,Cn1ccc(NC(=O)[C@H](CC2CCCC2)n2ccc(S(=O)(=O)C3CCC3)cc2=O)n1,,,activity,,P3,6.5–7.0（0.1–0.32 µM）,6.58,False,,CHEMBL1783760,False,,,,,,,,False,True,True,Cn1ccc(NC(=O)[C@H](CC2CCCC2)n2ccc(S(=O)(=O)C3CCC3)cc2=O)n1,1,False,0,0,False,False,无改动,432.5460000000002,432.1831263759999,30,103.05999999999999,111.43999999999998,2.668100000000001,112.97650000000006,1,5,7,8,4,2,0.5714285714285714,9,0,0.724509825865843,0,O=C(Nc1cc[nH]n1)[C@H](CC1CCCC1)n1ccc(S(=O)(=O)C2CCC2)cc1=O,CC1CC(C(C)(C)C2CCC2)CCC1C(CC1CCCC1)C(C)CC1CCCC1,False,"InChI=1S/C21H28N4O4S/c1-24-11-10-19(23-24)22-21(27)18(13-15-5-2-3-6-15)25-12-9-17(14-20(25)26)30(28,29)16-7-4-8-16/h9-12,14-16,18H,2-8,13H2,1H3,(H,22,23,27)/t18-/m0/s1",UWSICVKBJUIDIU-SFHVURJKSA-N,UWSICVKBJUIDIU,1,False,False,False,False,UWSICVKBJUIDIU-SFHVURJKSA-N,1,True,1
GKA_0220,gka_candidate,CHEMBL3218489,,Cc1cnc(NC(=O)c2cc(Oc3cnc(C(=O)N4CCCCC4)cn3)c3cc(C)oc3c2)cn1,,,activity,,P3,6.5–7.0（0.1–0.32 µM）,6.58,False,,CHEMBL3218489,False,,,,,,,,False,True,True,Cc1cnc(NC(=O)c2cc(Oc3cnc(C(=O)N4CCCCC4)cn3)c3cc(C)oc3c2)cn1,1,False,0,0,False,False,无改动,472.50500000000034,472.185903248,35,123.34,123.34,4.300340000000003,127.53370000000002,1,8,5,7,5,4,0.28,10,0,0.45598167229447956,0,O=C(Nc1cnccn1)c1cc(Oc2cnc(C(=O)N3CCCCC3)cn2)c2ccoc2c1,CC(CC1CCCCC1)C1CC2CCCC2C(CC2CCC(C(C)C3CCCCC3)CC2)C1,False,"InChI=1S/C25H24N6O4/c1-15-11-28-22(13-26-15)30-24(32)17-9-20-18(8-16(2)34-20)21(10-17)35-23-14-27-19(12-29-23)25(33)31-6-4-3-5-7-31/h8-14H,3-7H2,1-2H3,(H,28,30,32)",QKNHXFWGHFJTSR-UHFFFAOYSA-N,QKNHXFWGHFJTSR,0,False,False,False,False,QKNHXFWGHFJTSR-UHFFFAOYSA-N,1,True,1
GKA_0221,gka_candidate,CHEMBL575091,,COc1ccc2nc(NC(=O)C(CC3CCCC3)c3ccc(S(=O)(=O)N(C)Cc4ccccc4)cc3)sc2n1,,,activity,,P3,6.5–7.0（0.1–0.32 µM）,6.58,False,,CHEMBL575091,False,,,,,,,,False,True,True,COc1ccc2nc(NC(=O)C(CC3CCCC3)c3ccc(S(=O)(=O)N(C)Cc4ccccc4)cc3)sc2n1,1,False,0,0,False,False,无改动,564.7330000000001,564.1864975039999,39,101.48999999999998,138.11,5.823200000000006,153.4494999999997,1,7,10,11,5,4,0.3448275862068966,10,0,0.2603562880189382,2,O=C(Nc1nc2cccnc2s1)C(CC1CCCC1)c1ccc(S(=O)(=O)NCc2ccccc2)cc1,CC(CC1CC2CCCCC2C1)C(CC1CCCC1)C1CCC(C(C)(C)CCC2CCCCC2)CC1,False,"InChI=1S/C29H32N4O4S2/c1-33(19-21-10-4-3-5-11-21)39(35,36)23-14-12-22(13-15-23)24(18-20-8-6-7-9-20)27(34)32-29-30-25-16-17-26(37-2)31-28(25)38-29/h3-5,10-17,20,24H,6-9,18-19H2,1-2H3,(H,30,32,34)",WMAFUOVYGLDQIV-UHFFFAOYSA-N,WMAFUOVYGLDQIV,1,False,False,True,False,WMAFUOVYGLDQIV-UHFFFAOYSA-N,1,True,2
GKA_0222,gka_candidate,CHEMBL575303,,COc1ccc2nc(NC(=O)C(CC3CCCC3)c3ccc(S(=O)(=O)NC4CC4)cc3)sc2n1,,,activity,,P3,6.5–7.0（0.1–0.32 µM）,6.58,False,,CHEMBL575303,False,,,,,,,,False,True,True,COc1ccc2nc(NC(=O)C(CC3CCCC3)c3ccc(S(=O)(=O)NC4CC4)cc3)sc2n1,1,False,0,0,False,False,无改动,500.6460000000002,500.155197376,34,110.27999999999999,146.90000000000003,4.443200000000004,131.69819999999999,2,7,9,10,5,3,0.4583333333333333,10,0,0.4493555124283959,1,O=C(Nc1nc2cccnc2s1)C(CC1CCCC1)c1ccc(S(=O)(=O)NC2CC2)cc1,CC(CC1CC2CCCCC2C1)C(CC1CCCC1)C1CCC(C(C)(C)CC2CC2)CC1,False,"InChI=1S/C24H28N4O4S2/c1-32-21-13-12-20-23(26-21)33-24(25-20)27-22(29)19(14-15-4-2-3-5-15)16-6-10-18(11-7-16)34(30,31)28-17-8-9-17/h6-7,10-13,15,17,19,28H,2-5,8-9,14H2,1H3,(H,25,27,29)",BFVMMROZEZLKNK-UHFFFAOYSA-N,BFVMMROZEZLKNK,1,False,False,True,False,BFVMMROZEZLKNK-UHFFFAOYSA-N,1,True,1
GKA_0223,gka_candidate,CHEMBL2165626,,O=C(Nc1ccc(-c2nnn[nH]2)cn1)[C@H](CC1CCCC1)n1cnc(C(F)(F)F)c1,,,activity,,P3,6.5–7.0（0.1–0.32 µM）,6.55,False,,CHEMBL2165626,False,,,,,,,,False,True,True,O=C(Nc1ccc(-c2nnn[nH]2)cn1)[C@H](CC1CCCC1)n1cnc(C(F)(F)F)c1,1,False,0,0,False,False,无改动,420.3990000000001,420.16339188800004,30,114.27,114.27,3.2371000000000025,98.87940000000002,2,6,6,8,4,3,0.4444444444444444,12,0,0.6328290925858354,0,O=C(Nc1ccc(-c2nnn[nH]2)cn1)[C@H](CC1CCCC1)n1ccnc1,CC(CC1CCC(C2CCCC2)CC1)C(CC1CCCC1)C1CCCC1,False,"InChI=1S/C18H19F3N8O/c19-18(20,21)14-9-29(10-23-14)13(7-11-3-1-2-4-11)17(30)24-15-6-5-12(8-22-15)16-25-27-28-26-16/h5-6,8-11,13H,1-4,7H2,(H,22,24,30)(H,25,26,27,28)/t13-/m0/s1",NZPVBFBSYBVMPK-ZDUSSCGKSA-N,NZPVBFBSYBVMPK,1,False,False,False,True,NZPVBFBSYBVMPK-ZDUSSCGKSA-N,1,True,1
GKA_0224,gka_candidate,CHEMBL3338155,,CNC(=O)Nc1ncc(SC2CCOCC2)cc1Oc1cccnc1C,,,activity,,P3,6.5–7.0（0.1–0.32 µM）,6.55,False,,CHEMBL3338155,False,,,,,,,,False,True,True,CNC(=O)Nc1ncc(SC2CCOCC2)cc1Oc1cccnc1C,1,False,0,0,False,False,无改动,374.46600000000007,374.141261564,26,85.37,110.67000000000002,3.5997200000000023,101.06140000000005,2,6,5,7,3,2,0.3888888888888889,8,0,0.8316924303895757,0,c1cncc(Oc2cncc(SC3CCOCC3)c2)c1,C1CCC(CC2CCCC(CC3CCCCC3)C2)CC1,False,"InChI=1S/C18H22N4O3S/c1-12-15(4-3-7-20-12)25-16-10-14(26-13-5-8-24-9-6-13)11-21-17(16)22-18(23)19-2/h3-4,7,10-11,13H,5-6,8-9H2,1-2H3,(H2,19,21,22,23)",JALZBSKFWWSHNK-UHFFFAOYSA-N,JALZBSKFWWSHNK,0,False,False,False,False,JALZBSKFWWSHNK-UHFFFAOYSA-N,1,True,1
GKA_0225,gka_candidate,CHEMBL3358889,,CCn1nccc1Oc1cc(C[C@H]2C[C@](C)(O)C2)cnc1NC(=O)NC,,,activity,,P3,6.5–7.0（0.1–0.32 µM）,6.55,False,,CHEMBL3358889,False,,,,,,,,False,True,True,CCn1nccc1Oc1cc(C[C@H]2C[C@](C)(O)C2)cnc1NC(=O)NC,1,False,0,0,False,False,无改动,359.43,359.19573966,26,101.30000000000001,101.30000000000001,2.5451000000000006,97.34220000000005,3,5,6,8,3,2,0.5,8,0,0.7356687144489813,0,c1cc(Oc2cncc(CC3CCC3)c2)[nH]n1,C1CCC(CC2CCCC(CC3CCC3)C2)C1,False,"InChI=1S/C18H25N5O3/c1-4-23-15(5-6-21-23)26-14-8-12(7-13-9-18(2,25)10-13)11-20-16(14)22-17(24)19-3/h5-6,8,11,13,25H,4,7,9-10H2,1-3H3,(H2,19,20,22,24)/t13-,18-",AZHFAXGDRCIDKF-KTXOBNNYSA-N,AZHFAXGDRCIDKF,2,False,False,False,False,AZHFAXGDRCIDKF-KTXOBNNYSA-N,1,True,4
GKA_0226,gka_candidate,CHEMBL3971630,,COC(=O)CCc1ccc(-c2cc3cc(Sc4ccccn4)c(C4CCC(=O)N4C)cc3[nH]2)nc1,,,activity,,P3,6.5–7.0（0.1–0.32 µM）,6.55,False,,CHEMBL3971630,False,,,,,,,,False,True,True,COC(=O)CCc1ccc(-c2cc3cc(Sc4ccccn4)c(C4CCC(=O)N4C)cc3[nH]2)nc1,1,False,0,0,False,False,无改动,486.5970000000002,486.17256169200004,35,88.17999999999999,113.48,5.175000000000005,134.97169999999997,1,6,7,8,5,4,0.25925925925925924,8,0,0.36249302664512933,1,O=C1CCC(c2cc3[nH]c(-c4ccccn4)cc3cc2Sc2ccccn2)N1,CC1CCC(C2CC3CC(C4CCCCC4)CC3CC2CC2CCCCC2)C1,False,"InChI=1S/C27H26N4O3S/c1-31-23(9-10-26(31)32)19-15-21-18(14-24(19)35-25-5-3-4-12-28-25)13-22(30-21)20-8-6-17(16-29-20)7-11-27(33)34-2/h3-6,8,12-16,23,30H,7,9-11H2,1-2H3",GYUSRAUGILHWCA-UHFFFAOYSA-N,GYUSRAUGILHWCA,1,False,False,False,False,GYUSRAUGILHWCA-UHFFFAOYSA-N,1,True,2
GKA_0227,gka_candidate,CHEMBL5287945,,O=C(O)c1ccc(Oc2cnc(NC(=O)C(Oc3ccc(F)cc3F)c3ccc(S(=O)(=O)N4CCCCC4)cc3)s2)cc1,,,activity,,P3,6.5–7.0（0.1–0.32 µM）,6.55,False,,CHEMBL5287945,False,,,,,,,,False,True,True,O=C(O)c1ccc(Oc2cnc(NC(=O)C(Oc3ccc(F)cc3F)c3ccc(S(=O)(=O)N4CCCCC4)cc3)s2)cc1,1,False,0,0,False,False,无改动,629.6630000000001,629.11019858,43,135.13000000000002,171.75000000000003,5.845200000000005,152.99779999999973,2,8,10,11,5,4,0.20689655172413793,14,0,0.22330763006217239,2,O=C(Nc1ncc(Oc2ccccc2)s1)C(Oc1ccccc1)c1ccc(S(=O)(=O)N2CCCCC2)cc1,CC(CC1CCC(CC2CCCCC2)C1)C(CC1CCCCC1)C1CCC(C(C)(C)C2CCCCC2)CC1,False,"InChI=1S/C29H25F2N3O7S2/c30-20-8-13-24(23(31)16-20)41-26(18-6-11-22(12-7-18)43(38,39)34-14-2-1-3-15-34)27(35)33-29-32-17-25(42-29)40-21-9-4-19(5-10-21)28(36)37/h4-13,16-17,26H,1-3,14-15H2,(H,36,37)(H,32,33,35)",KKZFQKQUQDYXJJ-UHFFFAOYSA-N,KKZFQKQUQDYXJJ,1,True,False,True,False,KKZFQKQUQDYXJJ-UHFFFAOYSA-N,1,True,1
GKA_0228,gka_candidate,CHEMBL3218730,,O=C(Nc1ncc(-c2cn(CCOCc3ccccc3)nn2)s1)C(CC1CCOCC1)c1ccc(S(=O)(=O)C2CC2)cc1,,,activity,,P3,6.5–7.0（0.1–0.32 µM）,6.54,False,,CHEMBL3218730,False,,,,,,,,False,True,True,O=C(Nc1ncc(-c2cn(CCOCc3ccccc3)nn2)s1)C(CC1CCOCC1)c1ccc(S(=O)(=O)C2CC2)cc1,1,False,0,0,False,False,无改动,621.7850000000002,621.2079612199999,43,125.30000000000001,161.92,5.093500000000005,163.40849999999955,1,9,13,14,6,4,0.41935483870967744,12,0,0.20472193684869683,2,O=C(Nc1ncc(-c2cn(CCOCc3ccccc3)nn2)s1)C(CC1CCOCC1)c1ccc(S(=O)(=O)C2CC2)cc1,CC(CC1CCC(C2CCC(CCCCC3CCCCC3)C2)C1)C(CC1CCCCC1)C1CCC(C(C)(C)C2CC2)CC1,False,"InChI=1S/C31H35N5O5S2/c37-30(27(18-22-12-15-40-16-13-22)24-6-8-25(9-7-24)43(38,39)26-10-11-26)33-31-32-19-29(42-31)28-20-36(35-34-28)14-17-41-21-23-4-2-1-3-5-23/h1-9,19-20,22,26-27H,10-18,21H2,(H,32,33,37)",BUOAGZLXFILYMK-UHFFFAOYSA-N,BUOAGZLXFILYMK,1,False,False,False,False,BUOAGZLXFILYMK-UHFFFAOYSA-N,1,True,1
GKA_0229,gka_candidate,CHEMBL3358433,,CCc1ncccc1Oc1cc(CC2CCOCC2)cnc1NC(=O)NC,,,activity,,P3,6.5–7.0（0.1–0.32 µM）,6.54,False,,CHEMBL3358433,False,,,,,,,,False,True,True,CCc1ncccc1Oc1cc(CC2CCOCC2)cnc1NC(=O)NC,1,False,0,0,False,False,无改动,370.45300000000003,370.200490692,27,85.37,85.37,3.5517000000000003,103.25140000000005,2,5,6,8,3,2,0.45,7,0,0.8121194468400211,0,c1cncc(Oc2cncc(CC3CCOCC3)c2)c1,C1CCC(CC2CCCC(CC3CCCCC3)C2)CC1,False,"InChI=1S/C20H26N4O3/c1-3-16-17(5-4-8-22-16)27-18-12-15(11-14-6-9-26-10-7-14)13-23-19(18)24-20(25)21-2/h4-5,8,12-14H,3,6-7,9-11H2,1-2H3,(H2,21,23,24,25)",QTWXFBQCCJRZJD-UHFFFAOYSA-N,QTWXFBQCCJRZJD,0,False,False,False,False,QTWXFBQCCJRZJD-UHFFFAOYSA-N,1,True,1
GKA_0230,gka_candidate,CHEMBL3915099,,O=C(O)c1cncc(Oc2cnc(NC(=O)C(OC3CCOCC3)c3ccc(S(=O)(=O)C4CC4)cc3)s2)c1,,,activity,,P3,6.5–7.0（0.1–0.32 µM）,6.54,False,,CHEMBL3915099,False,,,,,,,,False,True,True,O=C(O)c1cncc(Oc2cnc(NC(=O)C(OC3CCOCC3)c3ccc(S(=O)(=O)C4CC4)cc3)s2)c1,1,False,0,0,False,False,无改动,559.6220000000004,559.10830676,38,154.01,190.63,3.840100000000003,136.33079999999993,2,10,10,11,5,3,0.36,13,0,0.37436607695154256,1,O=C(Nc1ncc(Oc2cccnc2)s1)C(OC1CCOCC1)c1ccc(S(=O)(=O)C2CC2)cc1,CC(CC1CCC(CC2CCCCC2)C1)C(CC1CCCCC1)C1CCC(C(C)(C)C2CC2)CC1,False,"InChI=1S/C25H25N3O8S2/c29-23(28-25-27-14-21(37-25)35-18-11-16(24(30)31)12-26-13-18)22(36-17-7-9-34-10-8-17)15-1-3-19(4-2-15)38(32,33)20-5-6-20/h1-4,11-14,17,20,22H,5-10H2,(H,30,31)(H,27,28,29)",NNZGPYCIISHBOT-UHFFFAOYSA-N,NNZGPYCIISHBOT,1,True,False,False,False,NNZGPYCIISHBOT-UHFFFAOYSA-N,1,True,1
GKA_0231,gka_candidate,CHEMBL4213613,,COC[C@H](C)Oc1cc(Oc2ccc(C(=O)N3CCC3)cc2)cc(C(=O)Nc2nc3c(s2)CN(c2ccccn2)CC3)c1,,,activity,,P3,6.5–7.0（0.1–0.32 µM）,6.54,False,,CHEMBL4213613,False,,,,,,,,False,True,True,COC[C@H](C)Oc1cc(Oc2ccc(C(=O)N3CCC3)cc2)cc(C(=O)Nc2nc3c(s2)CN(c2ccccn2)CC3)c1,1,False,0,0,False,False,无改动,599.7130000000002,599.220240156,43,106.12,134.36,5.405000000000005,164.5026999999996,1,9,10,12,6,4,0.3125,11,0,0.25822670597031133,2,O=C(Nc1nc2c(s1)CN(c1ccccn1)CC2)c1cccc(Oc2ccc(C(=O)N3CCC3)cc2)c1,CC(CC1CC2CCC(C3CCCCC3)CC2C1)C1CCCC(CC2CCC(C(C)C3CCC3)CC2)C1,False,"InChI=1S/C32H33N5O5S/c1-21(20-40-2)41-25-16-23(17-26(18-25)42-24-9-7-22(8-10-24)31(39)36-13-5-14-36)30(38)35-32-34-27-11-15-37(19-28(27)43-32)29-6-3-4-12-33-29/h3-4,6-10,12,16-18,21H,5,11,13-15,19-20H2,1-2H3,(H,34,35,38)/t21-/m0/s1",VLZGQZMNYQBDLX-NRFANRHFSA-N,VLZGQZMNYQBDLX,1,False,False,False,False,VLZGQZMNYQBDLX-NRFANRHFSA-N,1,True,1
GKA_0232,gka_candidate,CHEMBL3577717,,COC[C@H](C)Oc1cc(C#CCNc2ncccn2)cc(C(=O)Nc2ccn(C)n2)c1,,,activity,,P3,6.5–7.0（0.1–0.32 µM）,6.52,False,,CHEMBL3577717,False,,,,,,,,False,True,True,COC[C@H](C)Oc1cc(C#CCNc2ncccn2)cc(C(=O)Nc2ccn(C)n2)c1,1,False,0,0,False,False,无改动,420.4730000000001,420.190988628,31,103.19000000000001,103.19000000000001,2.3397000000000006,116.96890000000005,2,7,8,9,3,3,0.2727272727272727,9,0,0.5392832518501501,0,O=C(Nc1cc[nH]n1)c1cccc(C#CCNc2ncccn2)c1,CC(CC1CCCC1)C1CCCC(CCCCC2CCCCC2)C1,False,"InChI=1S/C22H24N6O3/c1-16(15-30-3)31-19-13-17(6-4-8-23-22-24-9-5-10-25-22)12-18(14-19)21(29)26-20-7-11-28(2)27-20/h5,7,9-14,16H,8,15H2,1-3H3,(H,23,24,25)(H,26,27,29)/t16-/m0/s1",YFHUDPHDVNLSSZ-INIZCTEOSA-N,YFHUDPHDVNLSSZ,1,False,False,False,False,YFHUDPHDVNLSSZ-INIZCTEOSA-N,1,True,1
GKA_0233,gka_candidate,CHEMBL3965982,,O=C(O)c1cnn(-c2cnc(NC(=O)C(OC3CCOCC3)c3ccc(S(=O)(=O)C4CC4)cc3)s2)c1,,,activity,,P3,6.5–7.0（0.1–0.32 µM）,6.52,False,,CHEMBL3965982,False,,,,,,,,False,True,True,O=C(O)c1cnn(-c2cnc(NC(=O)C(OC3CCOCC3)c3ccc(S(=O)(=O)C4CC4)cc3)s2)c1,1,False,0,0,False,False,无改动,532.6000000000004,532.1086411079999,36,149.70999999999998,186.32999999999998,2.8385000000000007,129.14180000000002,2,9,9,10,5,3,0.391304347826087,13,0,0.4239890909938306,1,O=C(Nc1ncc(-n2cccn2)s1)C(OC1CCOCC1)c1ccc(S(=O)(=O)C2CC2)cc1,CC(CC1CCC(C2CCCC2)C1)C(CC1CCCCC1)C1CCC(C(C)(C)C2CC2)CC1,False,"InChI=1S/C23H24N4O7S2/c28-21(26-23-24-12-19(35-23)27-13-15(11-25-27)22(29)30)20(34-16-7-9-33-10-8-16)14-1-3-17(4-2-14)36(31,32)18-5-6-18/h1-4,11-13,16,18,20H,5-10H2,(H,29,30)(H,24,26,28)",KSJFKHLJXJYXBO-UHFFFAOYSA-N,KSJFKHLJXJYXBO,1,True,False,False,False,KSJFKHLJXJYXBO-UHFFFAOYSA-N,1,True,1
GKA_0234,gka_candidate,CHEMBL4204346,,COC[C@H](C)Oc1cc(Oc2ccc(C(=O)N3CCC3)cc2)cc(C(=O)Nc2nc3c(s2)CN(c2cc[nH]c(=O)c2)CC3)c1,,,activity,,P3,6.5–7.0（0.1–0.32 µM）,6.52,False,,CHEMBL4204346,False,,,,,,,,False,True,True,COC[C@H](C)Oc1cc(Oc2ccc(C(=O)N3CCC3)cc2)cc(C(=O)Nc2nc3c(s2)CN(c2cc[nH]c(=O)c2)CC3)c1,1,False,0,0,False,False,无改动,615.7120000000002,615.2151547760001,44,126.09,154.32999999999998,4.698300000000003,167.32839999999965,2,9,10,12,6,4,0.3125,12,0,0.26311496738970813,1,O=C(Nc1nc2c(s1)CN(c1cc[nH]c(=O)c1)CC2)c1cccc(Oc2ccc(C(=O)N3CCC3)cc2)c1,CC1CCCC(C2CCC3CC(CC(C)C4CCCC(CC5CCC(C(C)C6CCC6)CC5)C4)CC3C2)C1,False,"InChI=1S/C32H33N5O6S/c1-20(19-41-2)42-25-14-22(15-26(17-25)43-24-6-4-21(5-7-24)31(40)36-11-3-12-36)30(39)35-32-34-27-9-13-37(18-28(27)44-32)23-8-10-33-29(38)16-23/h4-8,10,14-17,20H,3,9,11-13,18-19H2,1-2H3,(H,33,38)(H,34,35,39)/t20-/m0/s1",MBSIWFNHCVDLSN-FQEVSTJZSA-N,MBSIWFNHCVDLSN,1,False,False,False,False,MBSIWFNHCVDLSN-FQEVSTJZSA-N,1,True,1
GKA_0235,gka_candidate,CHEMBL4538137,,CNC(=O)Nc1cc(Oc2cccc(Cl)c2F)ccn1,,,activity,,P3,6.5–7.0（0.1–0.32 µM）,6.52,False,,CHEMBL4538137,False,,,,,,,,False,True,True,CNC(=O)Nc1cc(Oc2cccc(Cl)c2F)ccn1,1,False,0,0,False,False,无改动,295.70099999999996,295.05238249200005,20,63.25,63.25,3.4177000000000017,73.79940000000002,2,3,3,5,2,2,0.07692307692307693,7,0,0.9117617023573388,0,c1ccc(Oc2ccncc2)cc1,C1CCC(CC2CCCCC2)CC1,False,"InChI=1S/C13H11ClFN3O2/c1-16-13(19)18-11-7-8(5-6-17-11)20-10-4-2-3-9(14)12(10)15/h2-7H,1H3,(H2,16,17,18,19)",YYGHVZXMNGALSU-UHFFFAOYSA-N,YYGHVZXMNGALSU,0,False,False,False,False,YYGHVZXMNGALSU-UHFFFAOYSA-N,1,True,3
GKA_0236,gka_candidate,CHEMBL575529,,COc1ccc2nc(NC(=O)C(CC3CCCC3)c3ccc(S(=O)(=O)NC4CCCCC4)cc3)sc2n1,,,activity,,P3,6.5–7.0（0.1–0.32 µM）,6.52,False,,CHEMBL575529,False,,,,,,,,False,True,True,COc1ccc2nc(NC(=O)C(CC3CCCC3)c3ccc(S(=O)(=O)NC4CCCCC4)cc3)sc2n1,1,False,0,0,False,False,无改动,542.7270000000002,542.202147568,37,110.27999999999999,146.90000000000003,5.6135000000000055,145.54919999999984,2,7,9,10,5,3,0.5185185185185185,10,0,0.3634795337617233,2,O=C(Nc1nc2cccnc2s1)C(CC1CCCC1)c1ccc(S(=O)(=O)NC2CCCCC2)cc1,CC(CC1CC2CCCCC2C1)C(CC1CCCC1)C1CCC(C(C)(C)CC2CCCCC2)CC1,False,"InChI=1S/C27H34N4O4S2/c1-35-24-16-15-23-26(29-24)36-27(28-23)30-25(32)22(17-18-7-5-6-8-18)19-11-13-21(14-12-19)37(33,34)31-20-9-3-2-4-10-20/h11-16,18,20,22,31H,2-10,17H2,1H3,(H,28,30,32)",COHVEEIHPAJPAS-UHFFFAOYSA-N,COHVEEIHPAJPAS,1,False,False,True,False,COHVEEIHPAJPAS-UHFFFAOYSA-N,1,True,1
GKA_0237,gka_candidate,CHEMBL575736,,COc1ccc2nc(NC(=O)C(CC3CCCC3)c3ccc(S(=O)(=O)NC4CCOCC4)cc3)sc2n1,,,activity,,P3,6.5–7.0（0.1–0.32 µM）,6.52,False,,CHEMBL575736,False,,,,,,,,False,True,True,COc1ccc2nc(NC(=O)C(CC3CCCC3)c3ccc(S(=O)(=O)NC4CCOCC4)cc3)sc2n1,1,False,0,0,False,False,无改动,544.6990000000002,544.1814121240001,37,119.50999999999999,156.13,4.459800000000004,142.5171999999999,2,8,9,10,5,3,0.5,11,0,0.40813926315050036,1,O=C(Nc1nc2cccnc2s1)C(CC1CCCC1)c1ccc(S(=O)(=O)NC2CCOCC2)cc1,CC(CC1CC2CCCCC2C1)C(CC1CCCC1)C1CCC(C(C)(C)CC2CCCCC2)CC1,False,"InChI=1S/C26H32N4O5S2/c1-34-23-11-10-22-25(28-23)36-26(27-22)29-24(31)21(16-17-4-2-3-5-17)18-6-8-20(9-7-18)37(32,33)30-19-12-14-35-15-13-19/h6-11,17,19,21,30H,2-5,12-16H2,1H3,(H,27,29,31)",LPTWSMUFAICRJY-UHFFFAOYSA-N,LPTWSMUFAICRJY,1,False,False,True,False,LPTWSMUFAICRJY-UHFFFAOYSA-N,1,True,1
GKA_0238,gka_candidate,CHEMBL1165042,,CC(C)c1csc(NC(=O)C(CC2CCOCC2)c2ccc(S(C)(=O)=O)cc2)n1,,,activity,,P3,6.5–7.0（0.1–0.32 µM）,6.51,False,,CHEMBL1165042,False,,,,,,,,False,True,True,CC(C)c1csc(NC(=O)C(CC2CCOCC2)c2ccc(S(C)(=O)=O)cc2)n1,1,False,0,0,False,False,无改动,436.5990000000001,436.14904937599994,29,85.36,121.97999999999998,4.209000000000004,115.28550000000004,1,6,7,8,3,2,0.5238095238095238,8,0,0.7026989214737569,0,O=C(Nc1nccs1)C(CC1CCOCC1)c1ccccc1,CC(CC1CCCC1)C(CC1CCCCC1)C1CCCCC1,False,"InChI=1S/C21H28N2O4S2/c1-14(2)19-13-28-21(22-19)23-20(24)18(12-15-8-10-27-11-9-15)16-4-6-17(7-5-16)29(3,25)26/h4-7,13-15,18H,8-12H2,1-3H3,(H,22,23,24)",NSHNTEGAQYQHAG-UHFFFAOYSA-N,NSHNTEGAQYQHAG,1,False,False,False,False,NSHNTEGAQYQHAG-UHFFFAOYSA-N,1,True,3
GKA_0239,gka_candidate,CHEMBL2204659,,CCCn1cc2c(Oc3ccc(S(C)(=O)=O)cc3)cc(C(=O)Nc3cnc(C)cn3)cc2n1,,,activity,,P3,6.5–7.0（0.1–0.32 µM）,6.51,False,,CHEMBL2204659,False,,,,,,,,False,True,True,CCCn1cc2c(Oc3ccc(S(C)(=O)=O)cc3)cc(C(=O)Nc3cnc(C)cn3)cc2n1,1,False,0,0,False,False,无改动,465.53500000000014,465.1470752160001,33,116.07000000000001,124.45,3.992820000000002,124.37200000000004,1,7,7,8,4,4,0.21739130434782608,10,0,0.4385321579022495,0,O=C(Nc1cnccn1)c1cc(Oc2ccccc2)c2c[nH]nc2c1,CC(CC1CCCCC1)C1CC2CCCC2C(CC2CCCCC2)C1,False,"InChI=1S/C23H23N5O4S/c1-4-9-28-14-19-20(27-28)10-16(23(29)26-22-13-24-15(2)12-25-22)11-21(19)32-17-5-7-18(8-6-17)33(3,30)31/h5-8,10-14H,4,9H2,1-3H3,(H,25,26,29)",SRIGNYPFWLBBRM-UHFFFAOYSA-N,SRIGNYPFWLBBRM,0,False,False,False,False,SRIGNYPFWLBBRM-UHFFFAOYSA-N,1,True,6
GKA_0240,gka_candidate,CHEMBL2346892,,O=C(Nc1ncc(F)s1)[C@H](CC1CCCCC1)n1cnc2cc(S(=O)(=O)C3CCCC3)ccc2c1=O,,,activity,,P3,6.5–7.0（0.1–0.32 µM）,6.51,False,,CHEMBL2346892,False,,,,,,,,False,True,True,O=C(Nc1ncc(F)s1)[C@H](CC1CCCCC1)n1cnc2cc(S(=O)(=O)C3CCCC3)ccc2c1=O,1,False,0,0,False,False,无改动,532.6630000000002,532.1614256279998,36,111.01999999999998,147.64,4.858600000000004,136.37549999999993,1,7,7,8,5,3,0.52,11,0,0.46531768656323735,1,O=C(Nc1nccs1)[C@H](CC1CCCCC1)n1cnc2cc(S(=O)(=O)C3CCCC3)ccc2c1=O,CC(CC1CCCC1)C(CC1CCCCC1)C1CCC2CC(C(C)(C)C3CCCC3)CCC2C1C,False,"InChI=1S/C25H29FN4O4S2/c26-22-14-27-25(35-22)29-23(31)21(12-16-6-2-1-3-7-16)30-15-28-20-13-18(10-11-19(20)24(30)32)36(33,34)17-8-4-5-9-17/h10-11,13-17,21H,1-9,12H2,(H,27,29,31)/t21-/m0/s1",RKMPMLRDRQAFMM-NRFANRHFSA-N,RKMPMLRDRQAFMM,1,False,False,False,False,RKMPMLRDRQAFMM-NRFANRHFSA-N,1,True,2
GKA_0241,gka_candidate,CHEMBL5282187,,O=C(O)c1ccc(Oc2cnc(NC(=O)C(Oc3ccc(F)cc3F)c3ccc(S(=O)(=O)C4CCOCC4)cc3)s2)cc1,,,activity,,P3,6.5–7.0（0.1–0.32 µM）,6.51,False,,CHEMBL5282187,False,,,,,,,,False,True,True,O=C(O)c1ccc(Oc2cnc(NC(=O)C(Oc3ccc(F)cc3F)c3ccc(S(=O)(=O)C4CCOCC4)cc3)s2)cc1,1,False,0,0,False,False,无改动,630.6470000000002,630.0942141679999,43,141.12,177.74,5.623300000000004,151.41479999999973,2,9,10,11,5,4,0.20689655172413793,14,0,0.2282975379711126,2,O=C(Nc1ncc(Oc2ccccc2)s1)C(Oc1ccccc1)c1ccc(S(=O)(=O)C2CCOCC2)cc1,CC(CC1CCC(CC2CCCCC2)C1)C(CC1CCCCC1)C1CCC(C(C)(C)C2CCCCC2)CC1,False,"InChI=1S/C29H24F2N2O8S2/c30-19-5-10-24(23(31)15-19)41-26(17-3-8-21(9-4-17)43(37,38)22-11-13-39-14-12-22)27(34)33-29-32-16-25(42-29)40-20-6-1-18(2-7-20)28(35)36/h1-10,15-16,22,26H,11-14H2,(H,35,36)(H,32,33,34)",BADFQILDNJCDLS-UHFFFAOYSA-N,BADFQILDNJCDLS,1,True,False,False,False,BADFQILDNJCDLS-UHFFFAOYSA-N,1,True,1
GKA_0242,gka_candidate,CHEMBL3221515,,O=C(Nc1ccc(Cl)cn1)[C@H](CN1CC(O)C1)Oc1ncnc2c1cnn2-c1ncccc1Cl,,,activity,,P3,6.5–7.0（0.1–0.32 µM）,6.5,False,,CHEMBL3221515,False,,,,,,,,False,True,True,O=C(Nc1ccc(Cl)cn1)[C@H](CN1CC(O)C1)Oc1ncnc2c1cnn2-c1ncccc1Cl,1,False,0,0,False,False,无改动,501.3340000000002,500.0878917960001,34,131.18,131.18,1.9748999999999994,124.20450000000001,2,9,7,8,5,4,0.23809523809523808,13,0,0.39031495523710513,1,O=C(Nc1ccccn1)[C@H](CN1CCC1)Oc1ncnc2c1cnn2-c1ccccn1,CC(CC1CCCCC1)C(CC1CCC1)CC1CCCC2C(C3CCCCC3)CCC12,False,"InChI=1S/C21H18Cl2N8O3/c22-12-3-4-17(25-6-12)29-20(33)16(10-30-8-13(32)9-30)34-21-14-7-28-31(18(14)26-11-27-21)19-15(23)2-1-5-24-19/h1-7,11,13,16,32H,8-10H2,(H,25,29,33)/t16-/m0/s1",JQOAKFQCBDRCMF-INIZCTEOSA-N,JQOAKFQCBDRCMF,1,False,True,False,False,JQOAKFQCBDRCMF-INIZCTEOSA-N,1,True,2
GKA_0243,gka_candidate,CHEMBL3235164,,COCCOCn1ccc(NC(=O)c2cc(Oc3ccc(S(C)(=O)=O)cc3)cc(-c3ncccc3C)c2)n1,,,activity,,P3,6.5–7.0（0.1–0.32 µM）,6.5,False,,CHEMBL3235164,False,,,,,,,,False,True,True,COCCOCn1ccc(NC(=O)c2cc(Oc3ccc(S(C)(=O)=O)cc3)cc(-c3ncccc3C)c2)n1,1,False,0,0,False,False,无改动,536.6100000000002,536.172955616,38,121.63999999999999,130.01999999999998,4.3221200000000035,142.0439999999998,1,8,11,12,4,4,0.2222222222222222,11,0,0.28137453832351095,1,O=C(Nc1cc[nH]n1)c1cc(Oc2ccccc2)cc(-c2ccccn2)c1,CC(CC1CCCC1)C1CC(CC2CCCCC2)CC(C2CCCCC2)C1,False,"InChI=1S/C27H28N4O6S/c1-19-5-4-11-28-26(19)20-15-21(27(32)29-25-10-12-31(30-25)18-36-14-13-35-2)17-23(16-20)37-22-6-8-24(9-7-22)38(3,33)34/h4-12,15-17H,13-14,18H2,1-3H3,(H,29,30,32)",YREXUDMRKQYWKW-UHFFFAOYSA-N,YREXUDMRKQYWKW,0,False,False,False,False,YREXUDMRKQYWKW-UHFFFAOYSA-N,1,True,2
GKA_0244,gka_candidate,CHEMBL575725,,COc1ccc2nc(NC(=O)C(CC3CCCC3)c3ccc(S(=O)(=O)Nc4cccnc4)cc3)sc2n1,,,activity,,P3,6.0–6.5（0.32–1 µM）,6.49,False,,CHEMBL575725,False,,,,,,,,False,True,True,COc1ccc2nc(NC(=O)C(CC3CCCC3)c3ccc(S(=O)(=O)Nc4cccnc4)cc3)sc2n1,1,False,0,0,False,False,无改动,537.667,537.1504463440001,37,123.16999999999999,159.79000000000002,5.198300000000005,143.40019999999984,2,8,9,10,5,4,0.3076923076923077,11,0,0.3008160160892638,2,O=C(Nc1nc2cccnc2s1)C(CC1CCCC1)c1ccc(S(=O)(=O)Nc2cccnc2)cc1,CC(CC1CC2CCCCC2C1)C(CC1CCCC1)C1CCC(C(C)(C)CC2CCCCC2)CC1,False,"InChI=1S/C26H27N5O4S2/c1-35-23-13-12-22-25(29-23)36-26(28-22)30-24(32)21(15-17-5-2-3-6-17)18-8-10-20(11-9-18)37(33,34)31-19-7-4-14-27-16-19/h4,7-14,16-17,21,31H,2-3,5-6,15H2,1H3,(H,28,30,32)",DHBRPNVHJRZIDB-UHFFFAOYSA-N,DHBRPNVHJRZIDB,1,False,False,True,False,DHBRPNVHJRZIDB-UHFFFAOYSA-N,1,True,1
GKA_0245,gka_candidate,CHEMBL3218500,,Cc1cc2c(Oc3cnc(C(=O)N(C)C)cn3)cc(C(=O)Nc3ccn(C)n3)cc2o1,,,activity,,P3,6.0–6.5（0.32–1 µM）,6.48,False,,CHEMBL3218500,False,,,,,,,,False,True,True,Cc1cc2c(Oc3cnc(C(=O)N(C)C)cn3)cc(C(=O)Nc3ccn(C)n3)cc2o1,1,False,0,0,False,False,无改动,420.42900000000014,420.15460312000005,31,115.38,115.38,3.011120000000001,112.23570000000002,1,7,5,7,4,4,0.19047619047619047,10,0,0.527558548521052,0,O=C(Nc1cc[nH]n1)c1cc(Oc2cnccn2)c2ccoc2c1,CC(CC1CCCC1)C1CC2CCCC2C(CC2CCCCC2)C1,False,"InChI=1S/C21H20N6O4/c1-12-7-14-16(30-12)8-13(20(28)24-18-5-6-27(4)25-18)9-17(14)31-19-11-22-15(10-23-19)21(29)26(2)3/h5-11H,1-4H3,(H,24,25,28)",JHNHALDHPAWSFV-UHFFFAOYSA-N,JHNHALDHPAWSFV,0,False,False,False,False,JHNHALDHPAWSFV-UHFFFAOYSA-N,1,True,1
GKA_0246,gka_candidate,CHEMBL5287339,,O=C(O)c1ccc(Oc2cnc(NC(=O)C(Oc3ccc(F)cc3F)c3ccc(S(=O)(=O)N4CCOCC4)cc3)s2)cc1,,,activity,,P3,6.0–6.5（0.32–1 µM）,6.48,False,,CHEMBL5287339,False,,,,,,,,False,True,True,O=C(O)c1ccc(Oc2cnc(NC(=O)C(Oc3ccc(F)cc3F)c3ccc(S(=O)(=O)N4CCOCC4)cc3)s2)cc1,1,False,0,0,False,False,无改动,631.6350000000001,631.089463136,43,144.36,180.98000000000002,4.691500000000004,149.96579999999975,2,9,10,11,5,4,0.17857142857142858,15,0,0.25470121726352335,1,O=C(Nc1ncc(Oc2ccccc2)s1)C(Oc1ccccc1)c1ccc(S(=O)(=O)N2CCOCC2)cc1,CC(CC1CCC(CC2CCCCC2)C1)C(CC1CCCCC1)C1CCC(C(C)(C)C2CCCCC2)CC1,False,"InChI=1S/C28H23F2N3O8S2/c29-19-5-10-23(22(30)15-19)41-25(17-3-8-21(9-4-17)43(37,38)33-11-13-39-14-12-33)26(34)32-28-31-16-24(42-28)40-20-6-1-18(2-7-20)27(35)36/h1-10,15-16,25H,11-14H2,(H,35,36)(H,31,32,34)",ZITXSFAYYFSSIT-UHFFFAOYSA-N,ZITXSFAYYFSSIT,1,True,False,True,False,ZITXSFAYYFSSIT-UHFFFAOYSA-N,1,True,1
GKA_0247,gka_candidate,CHEMBL3358436,,CCn1nccc1Oc1cc(CC2CCOCC2)cnc1NC(=O)NC,,,activity,,P3,6.0–6.5（0.32–1 µM）,6.46,False,,CHEMBL3358436,False,,,,,,,,False,True,True,CCn1nccc1Oc1cc(CC2CCOCC2)cnc1NC(=O)NC,1,False,0,0,False,False,无改动,359.42999999999995,359.19573966,26,90.30000000000001,90.30000000000001,2.8107000000000006,97.53740000000005,2,5,6,8,3,2,0.5,8,0,0.827608014877328,0,c1cc(Oc2cncc(CC3CCOCC3)c2)[nH]n1,C1CCC(CC2CCCC(CC3CCCC3)C2)CC1,False,"InChI=1S/C18H25N5O3/c1-3-23-16(4-7-21-23)26-15-11-14(10-13-5-8-25-9-6-13)12-20-17(15)22-18(24)19-2/h4,7,11-13H,3,5-6,8-10H2,1-2H3,(H2,19,20,22,24)",NLQRZZOZBUYIOK-UHFFFAOYSA-N,NLQRZZOZBUYIOK,0,False,False,False,False,NLQRZZOZBUYIOK-UHFFFAOYSA-N,1,True,4
GKA_0248,gka_candidate,CHEMBL4436344,,CNC(=O)Nc1cc(Oc2c(F)cccc2F)c(-c2ccccc2)cn1,,,activity,,P3,6.0–6.5（0.32–1 µM）,6.46,False,,CHEMBL4436344,False,,,,,,,,False,True,True,CNC(=O)Nc1cc(Oc2c(F)cccc2F)c(-c2ccccc2)cn1,1,False,0,0,False,False,无改动,355.344,355.11323316000005,26,63.25,63.25,4.570400000000003,94.18339999999999,2,3,4,6,3,3,0.05263157894736842,7,0,0.7205168128003762,0,c1ccc(Oc2ccncc2-c2ccccc2)cc1,C1CCC(CC2CCCCC2C2CCCCC2)CC1,False,"InChI=1S/C19H15F2N3O2/c1-22-19(25)24-17-10-16(26-18-14(20)8-5-9-15(18)21)13(11-23-17)12-6-3-2-4-7-12/h2-11H,1H3,(H2,22,23,24,25)",IMTSRCKDFSDLCM-UHFFFAOYSA-N,IMTSRCKDFSDLCM,0,False,False,False,False,IMTSRCKDFSDLCM-UHFFFAOYSA-N,1,True,1
GKA_0249,gka_candidate,CHEMBL3338077,,CNC(=O)Nc1ncc(SCC2CCOCC2)cc1Oc1cccnc1C,,,activity,,P3,6.0–6.5（0.32–1 µM）,6.43,False,,CHEMBL3338077,False,,,,,,,,False,True,True,CNC(=O)Nc1ncc(SCC2CCOCC2)cc1Oc1cccnc1C,1,False,0,0,False,False,无改动,388.49300000000005,388.156911628,27,85.37,110.67000000000002,3.8473200000000025,105.63040000000004,2,6,6,8,3,2,0.42105263157894735,8,0,0.73138616933371,0,c1cncc(Oc2cncc(SCC3CCOCC3)c2)c1,C1CCC(CCC2CCCC(CC3CCCCC3)C2)CC1,False,"InChI=1S/C19H24N4O3S/c1-13-16(4-3-7-21-13)26-17-10-15(11-22-18(17)23-19(24)20-2)27-12-14-5-8-25-9-6-14/h3-4,7,10-11,14H,5-6,8-9,12H2,1-2H3,(H2,20,22,23,24)",KBCSVELGNOMACO-UHFFFAOYSA-N,KBCSVELGNOMACO,0,False,False,False,False,KBCSVELGNOMACO-UHFFFAOYSA-N,1,True,1
GKA_0250,gka_candidate,CHEMBL3358435,,CCn1nccc1Oc1cc(CCCC(C)(C)O)cnc1NC(=O)NC,,,activity,,P3,6.0–6.5（0.32–1 µM）,6.43,False,,CHEMBL3358435,False,,,,,,,,False,True,True,CCn1nccc1Oc1cc(CCCC(C)(C)O)cnc1NC(=O)NC,1,False,0,0,False,False,无改动,361.44599999999997,361.211389724,26,101.30000000000001,101.30000000000001,2.9352,99.52620000000005,3,5,8,10,2,2,0.5,8,0,0.6709389631529429,0,c1cncc(Oc2ccn[nH]2)c1,C1CCC(CC2CCCC2)CC1,False,"InChI=1S/C18H27N5O3/c1-5-23-15(8-10-21-23)26-14-11-13(7-6-9-18(2,3)25)12-20-16(14)22-17(24)19-4/h8,10-12,25H,5-7,9H2,1-4H3,(H2,19,20,22,24)",ZHXUVGIMXPJNIU-UHFFFAOYSA-N,ZHXUVGIMXPJNIU,0,False,False,False,False,ZHXUVGIMXPJNIU-UHFFFAOYSA-N,1,True,2
GKA_0251,gka_candidate,CHEMBL451084,,CCSc1ccc(N)c(C(=O)Nc2nc(C)cs2)c1,,,activity,,P3,6.0–6.5（0.32–1 µM）,6.43,False,,CHEMBL451084,False,,,,,,,,False,True,True,CCSc1ccc(N)c(C(=O)Nc2nc(C)cs2)c1,1,False,0,0,False,False,无改动,293.417,293.0656541,19,68.01,121.55,3.3980200000000007,82.05660000000002,2,5,4,5,2,2,0.23076923076923078,6,0,0.6694422440486474,0,O=C(Nc1nccs1)c1ccccc1,CC(CC1CCCC1)C1CCCCC1,False,"InChI=1S/C13H15N3OS2/c1-3-18-9-4-5-11(14)10(6-9)12(17)16-13-15-8(2)7-19-13/h4-7H,3,14H2,1-2H3,(H,15,16,17)",RJTBVUQMPODIAS-UHFFFAOYSA-N,RJTBVUQMPODIAS,0,False,False,False,False,RJTBVUQMPODIAS-UHFFFAOYSA-N,1,True,1
GKA_0252,gka_candidate,CHEMBL483818,,Cc1csc(NC(=O)c2cc(Oc3ccccc3)cc(Oc3ccc(S(C)(=O)=O)cc3)c2)n1,,,activity,,P3,6.0–6.5（0.32–1 µM）,6.42,False,,CHEMBL483818,False,,,,,,,,False,True,True,Cc1csc(NC(=O)c2cc(Oc3ccccc3)cc(Oc3ccc(S(C)(=O)=O)cc3)c2)n1,1,False,0,0,False,False,无改动,480.56700000000023,480.08136374,33,94.58999999999999,131.20999999999998,5.691920000000004,127.388,1,7,7,8,4,4,0.08333333333333333,9,0,0.36503740108049976,1,O=C(Nc1nccs1)c1cc(Oc2ccccc2)cc(Oc2ccccc2)c1,CC(CC1CCCC1)C1CC(CC2CCCCC2)CC(CC2CCCCC2)C1,False,"InChI=1S/C24H20N2O5S2/c1-16-15-32-24(25-16)26-23(27)17-12-20(30-18-6-4-3-5-7-18)14-21(13-17)31-19-8-10-22(11-9-19)33(2,28)29/h3-15H,1-2H3,(H,25,26,27)",KHTKOMCOPPNVRX-UHFFFAOYSA-N,KHTKOMCOPPNVRX,0,False,False,False,False,KHTKOMCOPPNVRX-UHFFFAOYSA-N,1,True,2
GKA_0253,gka_candidate,CHEMBL577785,,COc1ccc2nc(NC(=O)C(CC3CCCC3)c3ccc(S(=O)(=O)NCc4cccnc4)cc3)sc2n1,,,activity,,P3,6.0–6.5（0.32–1 µM）,6.42,False,,CHEMBL577785,False,,,,,,,,False,True,True,COc1ccc2nc(NC(=O)C(CC3CCCC3)c3ccc(S(=O)(=O)NCc4cccnc4)cc3)sc2n1,1,False,0,0,False,False,无改动,551.6940000000001,551.166096408,38,123.16999999999999,159.79000000000002,4.876000000000004,146.6171999999998,2,8,10,11,5,4,0.3333333333333333,11,0,0.28803628918337515,1,O=C(Nc1nc2cccnc2s1)C(CC1CCCC1)c1ccc(S(=O)(=O)NCc2cccnc2)cc1,CC(CC1CC2CCCCC2C1)C(CC1CCCC1)C1CCC(C(C)(C)CCC2CCCCC2)CC1,False,"InChI=1S/C27H29N5O4S2/c1-36-24-13-12-23-26(31-24)37-27(30-23)32-25(33)22(15-18-5-2-3-6-18)20-8-10-21(11-9-20)38(34,35)29-17-19-7-4-14-28-16-19/h4,7-14,16,18,22,29H,2-3,5-6,15,17H2,1H3,(H,30,32,33)",VPAHKACDRIEKRM-UHFFFAOYSA-N,VPAHKACDRIEKRM,1,False,False,True,False,VPAHKACDRIEKRM-UHFFFAOYSA-N,1,True,1
GKA_0254,gka_candidate,CHEMBL3338071,,CCn1nccc1Oc1cc(Sc2ccccn2)cnc1NC(=O)NC,,,activity,,P3,6.0–6.5（0.32–1 µM）,6.415,False,,CHEMBL3338071,False,,,,,,,,False,True,True,CCn1nccc1Oc1cc(Sc2ccccn2)cnc1NC(=O)NC,1,False,0,0,False,False,无改动,370.43800000000005,370.121194816,26,93.96000000000001,119.26000000000002,3.3878000000000013,98.65040000000005,2,6,6,8,3,3,0.17647058823529413,9,0,0.6907065321076874,0,c1ccc(Sc2cncc(Oc3ccn[nH]3)c2)nc1,C1CCC(CC2CCCC(CC3CCCC3)C2)CC1,False,"InChI=1S/C17H18N6O2S/c1-3-23-15(7-9-21-23)25-13-10-12(26-14-6-4-5-8-19-14)11-20-16(13)22-17(24)18-2/h4-11H,3H2,1-2H3,(H2,18,20,22,24)",BMKXMPKGWHESCK-UHFFFAOYSA-N,BMKXMPKGWHESCK,0,False,False,False,False,BMKXMPKGWHESCK-UHFFFAOYSA-N,1,True,1
GKA_0255,gka_candidate,CHEMBL2346875,,O=C(Nc1nccs1)[C@H](CC1CCCCC1)N1CCN(S(=O)(=O)Cc2ccccc2)CC1=O,,,activity,,P3,6.0–6.5（0.32–1 µM）,6.4,False,,CHEMBL2346875,False,,,,,,,,False,True,True,O=C(Nc1nccs1)[C@H](CC1CCCCC1)N1CCN(S(=O)(=O)Cc2ccccc2)CC1=O,1,False,0,0,False,False,无改动,490.65100000000024,490.1708474399999,33,99.68,136.29999999999998,3.094800000000002,128.07550000000003,1,6,8,9,4,2,0.5217391304347826,10,0,0.6130083412230855,0,O=C(Nc1nccs1)[C@H](CC1CCCCC1)N1CCN(S(=O)(=O)Cc2ccccc2)CC1=O,CC1CC(C(C)(C)CC2CCCCC2)CCC1C(CC1CCCCC1)C(C)CC1CCCC1,False,"InChI=1S/C23H30N4O4S2/c28-21-16-26(33(30,31)17-19-9-5-2-6-10-19)12-13-27(21)20(15-18-7-3-1-4-8-18)22(29)25-23-24-11-14-32-23/h2,5-6,9-11,14,18,20H,1,3-4,7-8,12-13,15-17H2,(H,24,25,29)/t20-/m0/s1",MGCRJJGSGXAKLX-FQEVSTJZSA-N,MGCRJJGSGXAKLX,1,False,False,True,False,MGCRJJGSGXAKLX-FQEVSTJZSA-N,1,True,1
GKA_0256,gka_candidate,CHEMBL4645486,,Cc1csc(Nc2ncc(Br)cc2Oc2ccccc2)n1,,,activity,,P3,6.0–6.5（0.32–1 µM）,6.4,False,,CHEMBL4645486,False,,,,,,,,False,True,True,Cc1csc(Nc2ncc(Br)cc2Oc2ccccc2)n1,1,False,0,0,False,False,无改动,362.25200000000007,360.988445104,21,47.040000000000006,75.28,5.144920000000002,88.58670000000002,1,5,4,4,3,3,0.06666666666666667,6,0,0.6977399490928289,1,c1ccc(Oc2cccnc2Nc2nccs2)cc1,C1CCC(CC2CCCCC2CC2CCCC2)CC1,False,"InChI=1S/C15H12BrN3OS/c1-10-9-21-15(18-10)19-14-13(7-11(16)8-17-14)20-12-5-3-2-4-6-12/h2-9H,1H3,(H,17,18,19)",XRFBFVJFPOWVBV-UHFFFAOYSA-N,XRFBFVJFPOWVBV,0,False,False,False,False,XRFBFVJFPOWVBV-UHFFFAOYSA-N,1,True,2
GKA_0257,gka_candidate,CHEMBL1096435,Ro-281675,CS(=O)(=O)c1ccc([C@@H](CC2CCCC2)C(=O)Nc2nccs2)cc1,Ro-281675,,activity,,P3,6.0–6.5（0.32–1 µM）,6.39,True,Ro-28-1675 (参比化合物),CHEMBL1096435,False,,,,,,,,False,True,True,CS(=O)(=O)c1ccc([C@@H](CC2CCCC2)C(=O)Nc2nccs2)cc1,1,False,0,0,False,False,无改动,378.51899999999995,378.10718456399997,25,76.13,112.75,3.8492000000000024,99.61150000000004,1,5,6,7,3,2,0.4444444444444444,7,0,0.828247045024215,0,O=C(Nc1nccs1)[C@H](CC1CCCC1)c1ccccc1,CC(CC1CCCC1)C(CC1CCCC1)C1CCCCC1,False,"InChI=1S/C18H22N2O3S2/c1-25(22,23)15-8-6-14(7-9-15)16(12-13-4-2-3-5-13)17(21)20-18-19-10-11-24-18/h6-11,13,16H,2-5,12H2,1H3,(H,19,20,21)/t16-/m1/s1",NEQSWPCDHDQINX-MRXNPFEDSA-N,NEQSWPCDHDQINX,1,False,False,False,False,NEQSWPCDHDQINX-MRXNPFEDSA-N,1,True,1
GKA_0258,gka_candidate,CHEMBL3971192,,O=C(Nc1ncc(-n2cccn2)s1)C(Oc1ccc(F)cc1F)c1ccc(S(=O)(=O)C2CC2)cc1,,,activity,,P3,6.0–6.5（0.32–1 µM）,6.385,False,,CHEMBL3971192,False,,,,,,,,False,True,True,O=C(Nc1ncc(-n2cccn2)s1)C(Oc1ccc(F)cc1F)c1ccc(S(=O)(=O)C2CC2)cc1,1,False,0,0,False,False,无改动,516.5510000000003,516.073753496,35,103.18,139.79999999999998,4.3019000000000025,124.24250000000002,1,7,8,9,5,4,0.17391304347826086,12,0,0.3746141018308607,1,O=C(Nc1ncc(-n2cccn2)s1)C(Oc1ccccc1)c1ccc(S(=O)(=O)C2CC2)cc1,CC(CC1CCC(C2CCCC2)C1)C(CC1CCCCC1)C1CCC(C(C)(C)C2CC2)CC1,False,"InChI=1S/C23H18F2N4O4S2/c24-15-4-9-19(18(25)12-15)33-21(14-2-5-16(6-3-14)35(31,32)17-7-8-17)22(30)28-23-26-13-20(34-23)29-11-1-10-27-29/h1-6,9-13,17,21H,7-8H2,(H,26,28,30)",LACMPBISTMFOKD-UHFFFAOYSA-N,LACMPBISTMFOKD,1,False,False,False,False,LACMPBISTMFOKD-UHFFFAOYSA-N,1,True,1
GKA_0259,gka_candidate,CHEMBL194137,,CC(C)Oc1cc(OCCCc2ccccc2)cc(C(=O)Nc2ccc(C(=O)O)cn2)c1,,,activity,,P3,6.0–6.5（0.32–1 µM）,6.38,False,,CHEMBL194137,False,,,,,,,,False,True,True,CC(C)Oc1cc(OCCCc2ccccc2)cc(C(=O)Nc2ccc(C(=O)O)cn2)c1,1,False,0,0,False,False,无改动,434.4920000000002,434.18417193199997,32,97.75,97.75,4.830900000000003,121.61350000000006,2,5,10,11,3,3,0.24,7,0,0.4436573185960352,0,O=C(Nc1ccccn1)c1cccc(OCCCc2ccccc2)c1,CC(CC1CCCCC1)C1CCCC(CCCCC2CCCCC2)C1,False,"InChI=1S/C25H26N2O5/c1-17(2)32-22-14-20(24(28)27-23-11-10-19(16-26-23)25(29)30)13-21(15-22)31-12-6-9-18-7-4-3-5-8-18/h3-5,7-8,10-11,13-17H,6,9,12H2,1-2H3,(H,29,30)(H,26,27,28)",FMNFIZNNIOITMG-UHFFFAOYSA-N,FMNFIZNNIOITMG,0,True,False,False,False,FMNFIZNNIOITMG-UHFFFAOYSA-N,1,True,1
GKA_0260,gka_candidate,CHEMBL489333,,Cc1csc(NC(=O)c2cc(Sc3ccccc3)ccc2N)n1,,,activity,,P3,6.0–6.5（0.32–1 µM）,6.37,False,,CHEMBL489333,False,,,,,,,,False,True,True,Cc1csc(NC(=O)c2cc(Sc3ccccc3)ccc2N)n1,1,False,0,0,False,False,无改动,341.46100000000007,341.0656541000001,23,68.01,121.55,4.4372200000000035,96.22360000000002,2,5,4,5,3,3,0.058823529411764705,6,0,0.6885898955395491,0,O=C(Nc1nccs1)c1cccc(Sc2ccccc2)c1,CC(CC1CCCC1)C1CCCC(CC2CCCCC2)C1,False,"InChI=1S/C17H15N3OS2/c1-11-10-22-17(19-11)20-16(21)14-9-13(7-8-15(14)18)23-12-5-3-2-4-6-12/h2-10H,18H2,1H3,(H,19,20,21)",PRUWOCJLEGVIOI-UHFFFAOYSA-N,PRUWOCJLEGVIOI,0,False,False,False,False,PRUWOCJLEGVIOI-UHFFFAOYSA-N,1,True,1
GKA_0261,gka_candidate,CHEMBL2408122,,CN(C)C(=O)c1ncc(Oc2cc(OC3CCCC3)cc(-c3nccc(=O)[nH]3)c2)cn1,,,activity,,P3,6.0–6.5（0.32–1 µM）,6.36,False,,CHEMBL2408122,False,,,,,,,,False,True,True,CN(C)C(=O)c1ncc(Oc2cc(OC3CCCC3)cc(-c3nccc(=O)[nH]3)c2)cn1,1,False,0,0,False,False,无改动,421.4570000000001,421.1750042160001,31,110.3,110.3,3.0424000000000007,113.30120000000004,1,7,6,7,4,3,0.3181818181818182,9,0,0.6511968228418198,0,O=c1ccnc(-c2cc(Oc3cncnc3)cc(OC3CCCC3)c2)[nH]1,CC1CCCC(C2CC(CC3CCCCC3)CC(CC3CCCC3)C2)C1,False,"InChI=1S/C22H23N5O4/c1-27(2)22(29)21-24-12-18(13-25-21)31-17-10-14(20-23-8-7-19(28)26-20)9-16(11-17)30-15-5-3-4-6-15/h7-13,15H,3-6H2,1-2H3,(H,23,26,28)",QEQRHQKEROBPEX-UHFFFAOYSA-N,QEQRHQKEROBPEX,0,False,False,False,False,QEQRHQKEROBPEX-UHFFFAOYSA-N,1,True,1
GKA_0262,gka_candidate,CHEMBL3235163,,Cc1cccnc1-c1cc(Oc2ccc(S(C)(=O)=O)cc2)cc(C(=O)Nc2ccn(CCN3CCOCC3)n2)c1,,,activity,,P3,6.0–6.5（0.32–1 µM）,6.36,False,,CHEMBL3235163,False,,,,,,,,False,True,True,Cc1cccnc1-c1cc(Oc2ccc(S(C)(=O)=O)cc2)cc(C(=O)Nc2ccn(CCN3CCOCC3)n2)c1,1,False,0,0,False,False,无改动,561.6640000000002,561.204590092,40,115.64999999999999,124.03000000000002,4.033820000000002,151.47499999999977,1,8,9,10,5,4,0.27586206896551724,11,0,0.3257174023282462,1,O=C(Nc1ccn(CCN2CCOCC2)n1)c1cc(Oc2ccccc2)cc(-c2ccccn2)c1,CC(CC1CCC(CCC2CCCCC2)C1)C1CC(CC2CCCCC2)CC(C2CCCCC2)C1,False,"InChI=1S/C29H31N5O5S/c1-21-4-3-10-30-28(21)22-18-23(20-25(19-22)39-24-5-7-26(8-6-24)40(2,36)37)29(35)31-27-9-11-34(32-27)13-12-33-14-16-38-17-15-33/h3-11,18-20H,12-17H2,1-2H3,(H,31,32,35)",WNGYACZPFZNWQL-UHFFFAOYSA-N,WNGYACZPFZNWQL,0,False,True,False,False,WNGYACZPFZNWQL-UHFFFAOYSA-N,1,True,1
GKA_0263,gka_candidate,CHEMBL1258886,,CC(C)/C=C(/C(=O)Nc1nccs1)c1ccc(S(C)(=O)=O)cc1,,,activity,,P3,6.0–6.5（0.32–1 µM）,6.35,False,,CHEMBL1258886,False,,,,,,,,False,True,True,CC(C)/C=C(/C(=O)Nc1nccs1)c1ccc(S(C)(=O)=O)cc1,1,False,0,0,False,False,无改动,350.4650000000001,350.07588443599997,23,76.13,112.75,3.224700000000002,93.11050000000003,1,5,5,6,2,2,0.25,7,0,0.8401365767649823,0,C=C(C(=O)Nc1nccs1)c1ccccc1,CC(CC1CCCC1)C(C)C1CCCCC1,False,"InChI=1S/C16H18N2O3S2/c1-11(2)10-14(15(19)18-16-17-8-9-22-16)12-4-6-13(7-5-12)23(3,20)21/h4-11H,1-3H3,(H,17,18,19)/b14-10+",UVUKJGDYSUGMBE-GXDHUFHOSA-N,UVUKJGDYSUGMBE,0,False,False,False,False,UVUKJGDYSUGMBE-GXDHUFHOSA-N,1,True,1
GKA_0264,gka_candidate,CHEMBL5276863,,O=C(O)c1ccc(Cc2cnc(NC(=O)C(Oc3ccc(F)cc3F)c3ccc(S(=O)(=O)C4CC4)cc3)s2)cc1,,,activity,,P3,6.0–6.5（0.32–1 µM）,6.35,False,,CHEMBL5276863,False,,,,,,,,False,True,True,O=C(O)c1ccc(Cc2cnc(NC(=O)C(Oc3ccc(F)cc3F)c3ccc(S(=O)(=O)C4CC4)cc3)s2)cc1,1,False,0,0,False,False,无改动,584.6220000000003,584.088734864,40,122.66,159.28,5.405200000000004,143.3277999999998,2,7,10,11,5,4,0.17857142857142858,12,0,0.25575095978454554,2,O=C(Nc1ncc(Cc2ccccc2)s1)C(Oc1ccccc1)c1ccc(S(=O)(=O)C2CC2)cc1,CC(CC1CCC(CC2CCCCC2)C1)C(CC1CCCCC1)C1CCC(C(C)(C)C2CC2)CC1,False,"InChI=1S/C28H22F2N2O6S2/c29-19-7-12-24(23(30)14-19)38-25(17-5-8-21(9-6-17)40(36,37)22-10-11-22)26(33)32-28-31-15-20(39-28)13-16-1-3-18(4-2-16)27(34)35/h1-9,12,14-15,22,25H,10-11,13H2,(H,34,35)(H,31,32,33)",AJAHKYGEWAFNQW-UHFFFAOYSA-N,AJAHKYGEWAFNQW,1,True,False,False,False,AJAHKYGEWAFNQW-UHFFFAOYSA-N,1,True,1
GKA_0265,gka_candidate,CHEMBL3338074,,CNC(=O)Nc1ncc(SCc2ccccc2)cc1Oc1cccnc1C,,,activity,,P3,6.0–6.5（0.32–1 µM）,6.345,False,,CHEMBL3338074,False,,,,,,,,False,True,True,CNC(=O)Nc1ncc(SCc2ccccc2)cc1Oc1cccnc1C,1,False,0,0,False,False,无改动,380.4730000000001,380.13069687999996,27,76.14,101.44000000000001,4.6209200000000035,107.36640000000003,2,5,6,8,3,3,0.15,7,0,0.6103360962662223,0,c1ccc(CSc2cncc(Oc3cccnc3)c2)cc1,C1CCC(CCC2CCCC(CC3CCCCC3)C2)CC1,False,"InChI=1S/C20H20N4O2S/c1-14-17(9-6-10-22-14)26-18-11-16(12-23-19(18)24-20(25)21-2)27-13-15-7-4-3-5-8-15/h3-12H,13H2,1-2H3,(H2,21,23,24,25)",IMMMYNDGTLNAJM-UHFFFAOYSA-N,IMMMYNDGTLNAJM,0,False,False,False,False,IMMMYNDGTLNAJM-UHFFFAOYSA-N,1,True,1
GKA_0266,gka_candidate,CHEMBL2023438,,COC1CCN(S(=O)(=O)c2ccc(Oc3cc(OCC=C(C)C)cc(C(=O)Nc4cc(C)n(C)n4)c3)cc2)CC1,,,activity,,P3,6.0–6.5（0.32–1 µM）,6.34,False,,CHEMBL2023438,False,,,,,,,,False,True,True,COC1CCN(S(=O)(=O)c2ccc(Oc3cc(OCC=C(C)C)cc(C(=O)Nc4cc(C)n(C)n4)c3)cc2)CC1,1,False,0,0,False,False,无改动,568.6960000000003,568.235555872,40,111.99000000000002,120.37000000000002,4.917620000000005,152.57199999999978,1,7,10,11,4,3,0.3793103448275862,11,0,0.34573092953592055,1,O=C(Nc1cc[nH]n1)c1cccc(Oc2ccc(S(=O)(=O)N3CCCCC3)cc2)c1,CC(CC1CCCC1)C1CCCC(CC2CCC(C(C)(C)C3CCCCC3)CC2)C1,False,"InChI=1S/C29H36N4O6S/c1-20(2)12-15-38-25-17-22(29(34)30-28-16-21(3)32(4)31-28)18-26(19-25)39-24-6-8-27(9-7-24)40(35,36)33-13-10-23(37-5)11-14-33/h6-9,12,16-19,23H,10-11,13-15H2,1-5H3,(H,30,31,34)",SSKMAFJLOGCTSG-UHFFFAOYSA-N,SSKMAFJLOGCTSG,0,False,False,True,False,SSKMAFJLOGCTSG-UHFFFAOYSA-N,1,True,2
GKA_0267,gka_candidate,CHEMBL3917932,,CN1C(=O)CCC1c1cc2[nH]c(-c3ccccc3)cc2cc1Oc1ccc(CCC(=O)O)cc1,,,activity,,P3,6.0–6.5（0.32–1 µM）,6.34,False,,CHEMBL3917932,False,,,,,,,,False,True,True,CN1C(=O)CCC1c1cc2[nH]c(-c3ccccc3)cc2cc1Oc1ccc(CCC(=O)O)cc1,1,False,0,0,False,False,无改动,454.5260000000003,454.1892573119999,34,82.63,82.63,5.937700000000005,130.95250000000001,2,3,7,7,5,4,0.21428571428571427,6,0,0.3621444257948584,1,O=C1CCC(c2cc3[nH]c(-c4ccccc4)cc3cc2Oc2ccccc2)N1,CC1CCC(C2CC3CC(C4CCCCC4)CC3CC2CC2CCCCC2)C1,False,"InChI=1S/C28H26N2O4/c1-30-25(12-13-27(30)31)22-17-24-20(15-23(29-24)19-5-3-2-4-6-19)16-26(22)34-21-10-7-18(8-11-21)9-14-28(32)33/h2-8,10-11,15-17,25,29H,9,12-14H2,1H3,(H,32,33)",UCRAOTLBHOKJPK-UHFFFAOYSA-N,UCRAOTLBHOKJPK,1,True,False,False,False,UCRAOTLBHOKJPK-UHFFFAOYSA-N,1,True,1
GKA_0268,gka_candidate,CHEMBL4205786,,COC[C@H](C)Oc1cc(Oc2ccc(C(=O)N3CCC3)cc2)cc(C(=O)Nc2nc3c(s2)CCN(C(=O)OC(C)(C)C)C3)c1,,,activity,,P3,6.0–6.5（0.32–1 µM）,6.34,False,,CHEMBL4205786,False,,,,,,,,False,True,True,COC[C@H](C)Oc1cc(Oc2ccc(C(=O)N3CCC3)cc2)cc(C(=O)Nc2nc3c(s2)CCN(C(=O)OC(C)(C)C)C3)c1,1,False,0,0,False,False,无改动,622.7440000000001,622.2461205559999,44,119.53000000000002,147.76999999999998,5.740500000000006,165.85969999999958,1,9,9,14,5,3,0.4375,12,0,0.3209726614193182,2,O=C(Nc1nc2c(s1)CCNC2)c1cccc(Oc2ccc(C(=O)N3CCC3)cc2)c1,CC(CC1CC2CCCCC2C1)C1CCCC(CC2CCC(C(C)C3CCC3)CC2)C1,False,"InChI=1S/C32H38N4O7S/c1-20(19-40-5)41-24-15-22(16-25(17-24)42-23-9-7-21(8-10-23)29(38)35-12-6-13-35)28(37)34-30-33-26-18-36(14-11-27(26)44-30)31(39)43-32(2,3)4/h7-10,15-17,20H,6,11-14,18-19H2,1-5H3,(H,33,34,37)/t20-/m0/s1",CFDATENPAYNOGA-FQEVSTJZSA-N,CFDATENPAYNOGA,1,False,False,False,False,CFDATENPAYNOGA-FQEVSTJZSA-N,1,True,1
GKA_0269,gka_candidate,CHEMBL3218483,,Cc1cnc(NC(=O)c2cc(Oc3ccc(C(=O)N(C)C)nc3)c3cc(C)oc3c2)cn1,,,activity,,P3,6.0–6.5（0.32–1 µM）,6.32,False,,CHEMBL3218483,False,,,,,,,,False,True,True,Cc1cnc(NC(=O)c2cc(Oc3ccc(C(=O)N(C)C)nc3)c3cc(C)oc3c2)cn1,1,False,0,0,False,False,无改动,431.45200000000017,431.15935415200005,32,110.44999999999999,110.44999999999999,3.981040000000003,118.00170000000003,1,7,5,7,4,4,0.17391304347826086,9,0,0.5087324887298328,0,O=C(Nc1cnccn1)c1cc(Oc2cccnc2)c2ccoc2c1,CC(CC1CCCCC1)C1CC2CCCC2C(CC2CCCCC2)C1,False,"InChI=1S/C23H21N5O4/c1-13-10-26-21(12-24-13)27-22(29)15-8-19-17(7-14(2)31-19)20(9-15)32-16-5-6-18(25-11-16)23(30)28(3)4/h5-12H,1-4H3,(H,26,27,29)",UKSKWOWMAMXREK-UHFFFAOYSA-N,UKSKWOWMAMXREK,0,False,False,False,False,UKSKWOWMAMXREK-UHFFFAOYSA-N,1,True,1
GKA_0270,gka_candidate,CHEMBL3218495,,Cc1ccc(NC(=O)c2cc(Oc3cnc(C(=O)N(C)C)cn3)c3cc(C)oc3c2)nc1,,,activity,,P3,6.0–6.5（0.32–1 µM）,6.32,False,,CHEMBL3218495,False,,,,,,,,False,True,True,Cc1ccc(NC(=O)c2cc(Oc3cnc(C(=O)N(C)C)cn3)c3cc(C)oc3c2)nc1,1,False,0,0,False,False,无改动,431.45200000000017,431.15935415200005,32,110.44999999999999,110.44999999999999,3.981040000000003,118.00170000000003,1,7,5,7,4,4,0.17391304347826086,9,0,0.5087324887298328,0,O=C(Nc1ccccn1)c1cc(Oc2cnccn2)c2ccoc2c1,CC(CC1CCCCC1)C1CC2CCCC2C(CC2CCCCC2)C1,False,"InChI=1S/C23H21N5O4/c1-13-5-6-20(25-10-13)27-22(29)15-8-18-16(7-14(2)31-18)19(9-15)32-21-12-24-17(11-26-21)23(30)28(3)4/h5-12H,1-4H3,(H,25,27,29)",JYDZDGNPSCSHEV-UHFFFAOYSA-N,JYDZDGNPSCSHEV,0,False,False,False,False,JYDZDGNPSCSHEV-UHFFFAOYSA-N,1,True,1
GKA_0271,gka_candidate,CHEMBL3961283,,O=C(O)c1ccc(NC(=O)C(Oc2ccc(F)cc2F)c2ccc(S(=O)(=O)C3CC3)cc2)nc1,,,activity,,P3,6.0–6.5（0.32–1 µM）,6.32,False,,CHEMBL3961283,False,,,,,,,,False,True,True,O=C(O)c1ccc(NC(=O)C(Oc2ccc(F)cc2F)c2ccc(S(=O)(=O)C3CC3)cc2)nc1,1,False,0,0,False,False,无改动,488.4680000000002,488.085363736,34,122.66000000000001,131.04000000000002,3.752900000000003,116.20280000000001,2,6,8,9,4,3,0.17391304347826086,11,0,0.4950677025616137,0,O=C(Nc1ccccn1)C(Oc1ccccc1)c1ccc(S(=O)(=O)C2CC2)cc1,CC(CC1CCCCC1)C(CC1CCCCC1)C1CCC(C(C)(C)C2CC2)CC1,False,"InChI=1S/C23H18F2N2O6S/c24-15-4-9-19(18(25)11-15)33-21(22(28)27-20-10-3-14(12-26-20)23(29)30)13-1-5-16(6-2-13)34(31,32)17-7-8-17/h1-6,9-12,17,21H,7-8H2,(H,29,30)(H,26,27,28)",OAWSTKBFRCONGM-UHFFFAOYSA-N,OAWSTKBFRCONGM,1,True,False,False,False,OAWSTKBFRCONGM-UHFFFAOYSA-N,1,True,2
GKA_0272,gka_candidate,CHEMBL4209218,,COC[C@H](C)Oc1cc(Oc2ccc(C(=O)N3CCC3)cc2)cc(C(=O)Nc2nc3c(s2)CN(c2ccncn2)CC3)c1,,,activity,,P3,6.0–6.5（0.32–1 µM）,6.31,False,,CHEMBL4209218,False,,,,,,,,False,True,True,COC[C@H](C)Oc1cc(Oc2ccc(C(=O)N3CCC3)cc2)cc(C(=O)Nc2nc3c(s2)CN(c2ccncn2)CC3)c1,1,False,0,0,False,False,无改动,600.7010000000001,600.215489124,43,119.01,147.25,4.800000000000004,162.29769999999962,1,10,10,12,6,4,0.3225806451612903,12,0,0.2737987284223058,1,O=C(Nc1nc2c(s1)CN(c1ccncn1)CC2)c1cccc(Oc2ccc(C(=O)N3CCC3)cc2)c1,CC(CC1CC2CCC(C3CCCCC3)CC2C1)C1CCCC(CC2CCC(C(C)C3CCC3)CC2)C1,False,"InChI=1S/C31H32N6O5S/c1-20(18-40-2)41-24-14-22(15-25(16-24)42-23-6-4-21(5-7-23)30(39)36-11-3-12-36)29(38)35-31-34-26-9-13-37(17-27(26)43-31)28-8-10-32-19-33-28/h4-8,10,14-16,19-20H,3,9,11-13,17-18H2,1-2H3,(H,34,35,38)/t20-/m0/s1",DNDQVXMSSKYUTJ-FQEVSTJZSA-N,DNDQVXMSSKYUTJ,1,False,False,False,False,DNDQVXMSSKYUTJ-FQEVSTJZSA-N,1,True,1
GKA_0273,gka_candidate,CHEMBL574351,,O=C(Nc1nc2cccnc2s1)c1ccccc1,,,activity,,P3,6.0–6.5（0.32–1 µM）,6.31,False,,CHEMBL574351,False,,,,,,,,False,True,True,O=C(Nc1nc2cccnc2s1)c1ccccc1,1,False,0,0,False,False,无改动,255.302,255.046632908,18,54.88,83.12,2.943600000000001,71.81020000000002,1,4,2,3,3,3,0.0,5,0,0.7655899868802188,0,O=C(Nc1nc2cccnc2s1)c1ccccc1,CC(CC1CC2CCCCC2C1)C1CCCCC1,False,"InChI=1S/C13H9N3OS/c17-11(9-5-2-1-3-6-9)16-13-15-10-7-4-8-14-12(10)18-13/h1-8H,(H,15,16,17)",YBHRSXBMLOWBLL-UHFFFAOYSA-N,YBHRSXBMLOWBLL,0,False,False,False,False,YBHRSXBMLOWBLL-UHFFFAOYSA-N,1,True,1
GKA_0274,gka_candidate,CHEMBL2206777,,Cc1ccc(NC(=O)CSc2ncnc3c2cnn3-c2ccccc2Cl)nc1,,,activity,,P3,6.0–6.5（0.32–1 µM）,6.3,False,,CHEMBL2206777,False,,,,,,,,False,True,True,Cc1ccc(NC(=O)CSc2ncnc3c2cnn3-c2ccccc2Cl)nc1,1,False,0,0,False,False,无改动,410.89000000000004,410.07165778000007,28,85.59000000000002,110.89,3.903120000000002,109.99770000000001,1,6,5,6,4,4,0.10526315789473684,9,0,0.39637477611954625,0,O=C(CSc1ncnc2c1cnn2-c1ccccc1)Nc1ccccn1,CC(CCC1CCCC2C(C3CCCCC3)CCC12)CC1CCCCC1,False,"InChI=1S/C19H15ClN6OS/c1-12-6-7-16(21-8-12)25-17(27)10-28-19-13-9-24-26(18(13)22-11-23-19)15-5-3-2-4-14(15)20/h2-9,11H,10H2,1H3,(H,21,25,27)",KUUBJJKFLBLXLY-UHFFFAOYSA-N,KUUBJJKFLBLXLY,0,False,False,False,False,KUUBJJKFLBLXLY-UHFFFAOYSA-N,1,True,1
GKA_0275,gka_candidate,CHEMBL4093697,,O=C(Nc1ncc(Cl)s1)[C@H](CC1CCOCC1)n1ncc2cc(S(=O)(=O)C3CC3)ccc21,,,activity,,P3,6.0–6.5（0.32–1 µM）,6.3,False,,CHEMBL4093697,False,,,,,,,,False,True,True,O=C(Nc1ncc(Cl)s1)[C@H](CC1CCOCC1)n1ncc2cc(S(=O)(=O)C3CC3)ccc21,1,False,0,0,False,False,无改动,495.0260000000003,494.084924896,32,103.17999999999998,139.8,4.078800000000003,122.89150000000002,1,7,7,8,5,3,0.47619047619047616,11,0,0.530487980759734,0,O=C(Nc1nccs1)[C@H](CC1CCOCC1)n1ncc2cc(S(=O)(=O)C3CC3)ccc21,CC(CC1CCCC1)C(CC1CCCCC1)C1CCC2CC(C(C)(C)C3CC3)CCC21,False,"InChI=1S/C21H23ClN4O4S2/c22-19-12-23-21(31-19)25-20(27)18(9-13-5-7-30-8-6-13)26-17-4-3-16(10-14(17)11-24-26)32(28,29)15-1-2-15/h3-4,10-13,15,18H,1-2,5-9H2,(H,23,25,27)/t18-/m0/s1",ONNFBMFRNCTCOG-SFHVURJKSA-N,ONNFBMFRNCTCOG,1,False,False,False,False,ONNFBMFRNCTCOG-SFHVURJKSA-N,1,True,1
GKA_0276,gka_candidate,CHEMBL5285032,,O=C(O)Cc1nc(NC(=O)C(Oc2ccc(F)cc2F)c2ccc(S(=O)(=O)N3CCCCC3)cc2)sc1Cl,,,activity,,P3,6.0–6.5（0.32–1 µM）,6.3,False,,CHEMBL5285032,False,,,,,,,,False,True,True,O=C(O)Cc1nc(NC(=O)C(Oc2ccc(F)cc2F)c2ccc(S(=O)(=O)N3CCCCC3)cc2)sc1Cl,1,False,0,0,False,False,无改动,586.0380000000002,585.060661544,38,125.89999999999999,162.52,4.635200000000004,135.8722999999999,2,7,9,10,4,3,0.2916666666666667,14,0,0.37470206343891727,1,O=C(Nc1nccs1)C(Oc1ccccc1)c1ccc(S(=O)(=O)N2CCCCC2)cc1,CC(CC1CCCC1)C(CC1CCCCC1)C1CCC(C(C)(C)C2CCCCC2)CC1,False,"InChI=1S/C24H22ClF2N3O6S2/c25-22-18(13-20(31)32)28-24(37-22)29-23(33)21(36-19-9-6-15(26)12-17(19)27)14-4-7-16(8-5-14)38(34,35)30-10-2-1-3-11-30/h4-9,12,21H,1-3,10-11,13H2,(H,31,32)(H,28,29,33)",UBIMHAVFPIUOAR-UHFFFAOYSA-N,UBIMHAVFPIUOAR,1,True,False,True,False,UBIMHAVFPIUOAR-UHFFFAOYSA-N,1,True,1
GKA_0277,gka_candidate,CHEMBL1783727,,Cc1ccc(NC(=O)[C@H](CC(C)C)n2ccc(S(=O)(=O)C(C)C)cc2=O)nc1,,,activity,,P3,6.0–6.5（0.32–1 µM）,6.29,False,,CHEMBL1783727,False,,,,,,,,False,True,True,Cc1ccc(NC(=O)[C@H](CC(C)C)n2ccc(S(=O)(=O)C(C)C)cc2=O)nc1,1,False,0,0,False,False,无改动,405.52000000000015,405.17222734399996,28,98.13000000000001,106.51,2.9597200000000017,109.11950000000006,1,5,7,8,2,2,0.45,8,0,0.7635798260465871,0,O=C(Cn1ccccc1=O)Nc1ccccn1,CC(CC1CCCCC1)CC1CCCCC1C,False,"InChI=1S/C20H27N3O4S/c1-13(2)10-17(20(25)22-18-7-6-15(5)12-21-18)23-9-8-16(11-19(23)24)28(26,27)14(3)4/h6-9,11-14,17H,10H2,1-5H3,(H,21,22,25)/t17-/m0/s1",OLGWAOITYSCNSL-KRWDZBQOSA-N,OLGWAOITYSCNSL,1,False,False,False,False,OLGWAOITYSCNSL-KRWDZBQOSA-N,1,True,1
GKA_0278,gka_candidate,CHEMBL2204651,,Cc1cnc(NC(=O)c2cc(Oc3ccc(S(=O)(=O)C4CC4)cc3)c3cn(C)nc3c2)cn1,,,activity,,P3,6.0–6.5（0.32–1 µM）,6.29,False,,CHEMBL2204651,False,,,,,,,,False,True,True,Cc1cnc(NC(=O)c2cc(Oc3ccc(S(=O)(=O)C4CC4)cc3)c3cn(C)nc3c2)cn1,1,False,0,0,False,False,无改动,463.51900000000023,463.1314251520001,33,116.07,124.45000000000002,3.652420000000002,122.16000000000004,1,7,6,7,5,4,0.21739130434782608,10,0,0.46385420508033315,0,O=C(Nc1cnccn1)c1cc(Oc2ccc(S(=O)(=O)C3CC3)cc2)c2c[nH]nc2c1,CC(CC1CCCCC1)C1CC2CCCC2C(CC2CCC(C(C)(C)C3CC3)CC2)C1,False,"InChI=1S/C23H21N5O4S/c1-14-11-25-22(12-24-14)26-23(29)15-9-20-19(13-28(2)27-20)21(10-15)32-16-3-5-17(6-4-16)33(30,31)18-7-8-18/h3-6,9-13,18H,7-8H2,1-2H3,(H,25,26,29)",QGKMGOARLIHMTI-UHFFFAOYSA-N,QGKMGOARLIHMTI,0,False,False,False,False,QGKMGOARLIHMTI-UHFFFAOYSA-N,1,True,1
GKA_0279,gka_candidate,CHEMBL3338069,,CCc1ncccc1Oc1cc(Sc2ccccn2)cnc1NC(=O)NCc1ccc(O)cc1,,,activity,,P3,6.0–6.5（0.32–1 µM）,6.29,False,,CHEMBL3338069,False,,,,,,,,False,True,True,CCc1ncccc1Oc1cc(Sc2ccccn2)cnc1NC(=O)NCc1ccc(O)cc1,1,False,0,0,False,False,无改动,473.55800000000016,473.15216059600004,34,109.26,134.56,5.404800000000005,130.25119999999998,3,7,8,10,4,4,0.12,9,0,0.31406932950823996,1,O=C(NCc1ccccc1)Nc1ncc(Sc2ccccn2)cc1Oc1cccnc1,CC(CCC1CCCCC1)CC1CCC(CC2CCCCC2)CC1CC1CCCCC1,False,"InChI=1S/C25H23N5O3S/c1-2-20-21(6-5-13-26-20)33-22-14-19(34-23-7-3-4-12-27-23)16-28-24(22)30-25(32)29-15-17-8-10-18(31)11-9-17/h3-14,16,31H,2,15H2,1H3,(H2,28,29,30,32)",YWEGCCSCIIUVEE-UHFFFAOYSA-N,YWEGCCSCIIUVEE,0,False,False,False,False,YWEGCCSCIIUVEE-UHFFFAOYSA-N,1,True,2
GKA_0280,gka_candidate,CHEMBL523602,,Cc1csc(NC(=O)c2cc(Sc3ccccn3)ccc2N)n1,,,activity,,P3,6.0–6.5（0.32–1 µM）,6.29,False,,CHEMBL523602,False,,,,,,,,False,True,True,Cc1csc(NC(=O)c2cc(Sc3ccccn3)ccc2N)n1,1,False,0,0,False,False,无改动,342.44900000000007,342.0609030680001,23,80.9,134.44,3.832220000000002,94.01860000000002,2,6,4,5,3,3,0.0625,7,0,0.7043053739382629,0,O=C(Nc1nccs1)c1cccc(Sc2ccccn2)c1,CC(CC1CCCC1)C1CCCC(CC2CCCCC2)C1,False,"InChI=1S/C16H14N4OS2/c1-10-9-22-16(19-10)20-15(21)12-8-11(5-6-13(12)17)23-14-4-2-3-7-18-14/h2-9H,17H2,1H3,(H,19,20,21)",XGWOVHWNRPREDT-UHFFFAOYSA-N,XGWOVHWNRPREDT,0,False,False,False,False,XGWOVHWNRPREDT-UHFFFAOYSA-N,1,True,1
GKA_0281,gka_candidate,CHEMBL373339,,CC(C)Oc1cc(OCCc2ccsc2)cc(C(=O)Nc2ccc(C(=O)O)cn2)c1,,,activity,,P3,6.0–6.5（0.32–1 µM）,6.28,False,,CHEMBL373339,False,,,,,,,,False,True,True,CC(C)Oc1cc(OCCc2ccsc2)cc(C(=O)Nc2ccc(C(=O)O)cn2)c1,1,False,0,0,False,False,无改动,426.49400000000014,426.124942804,30,97.75,125.99000000000001,4.502300000000003,114.87350000000005,2,6,9,10,3,3,0.22727272727272727,8,0,0.5227255119075641,0,O=C(Nc1ccccn1)c1cccc(OCCc2ccsc2)c1,CC(CC1CCCCC1)C1CCCC(CCCC2CCCC2)C1,False,"InChI=1S/C22H22N2O5S/c1-14(2)29-19-10-17(9-18(11-19)28-7-5-15-6-8-30-13-15)21(25)24-20-4-3-16(12-23-20)22(26)27/h3-4,6,8-14H,5,7H2,1-2H3,(H,26,27)(H,23,24,25)",PTEMBHHJYAKKNK-UHFFFAOYSA-N,PTEMBHHJYAKKNK,0,True,False,False,False,PTEMBHHJYAKKNK-UHFFFAOYSA-N,1,True,1
GKA_0282,gka_candidate,CHEMBL505096,,Cn1cnnc1Sc1ccc(N)c(C(=O)Nc2ccccn2)c1,,,activity,,P3,6.0–6.5（0.32–1 µM）,6.28,False,,CHEMBL505096,False,,,,,,,,False,True,True,Cn1cnnc1Sc1ccc(N)c(C(=O)Nc2ccccn2)c1,1,False,0,0,False,False,无改动,326.385,326.09498006800004,23,98.72000000000001,124.02,2.1957999999999993,88.17060000000001,2,6,4,5,3,3,0.06666666666666667,8,0,0.7131622003241141,0,O=C(Nc1ccccn1)c1cccc(Sc2nnc[nH]2)c1,CC(CC1CCCCC1)C1CCCC(CC2CCCC2)C1,False,"InChI=1S/C15H14N6OS/c1-21-9-18-20-15(21)23-10-5-6-12(16)11(8-10)14(22)19-13-4-2-3-7-17-13/h2-9H,16H2,1H3,(H,17,19,22)",TYXKKHYHRXJCGS-UHFFFAOYSA-N,TYXKKHYHRXJCGS,0,False,False,False,False,TYXKKHYHRXJCGS-UHFFFAOYSA-N,1,True,1
GKA_0283,gka_candidate,CHEMBL5086686,,CCOP(=O)(Cn1ccc(NC(=O)c2cc(Oc3ccc(S(C)(=O)=O)nn3)cc(OC(C)C)c2)n1)OCC,,,activity,,P3,6.0–6.5（0.32–1 µM）,6.28,False,,CHEMBL5086686,False,,,,,,,,False,True,True,CCOP(=O)(Cn1ccc(NC(=O)c2cc(Oc3ccc(S(C)(=O)=O)nn3)cc(OC(C)C)c2)n1)OCC,1,False,0,0,False,False,无改动,567.5610000000001,567.1552705500001,38,160.82999999999996,179.01999999999995,4.132000000000003,138.4604999999999,1,11,13,14,3,3,0.391304347826087,15,0,0.2956731042131306,2,O=C(Nc1cc[nH]n1)c1cccc(Oc2cccnn2)c1,CC(CC1CCCC1)C1CCCC(CC2CCCCC2)C1,False,"InChI=1S/C23H30N5O8PS/c1-6-33-37(30,34-7-2)15-28-11-10-20(27-28)24-23(29)17-12-18(35-16(3)4)14-19(13-17)36-21-8-9-22(26-25-21)38(5,31)32/h8-14,16H,6-7,15H2,1-5H3,(H,24,27,29)",RQDJEVWUDVGMBQ-UHFFFAOYSA-N,RQDJEVWUDVGMBQ,0,False,False,False,False,RQDJEVWUDVGMBQ-UHFFFAOYSA-N,1,True,1
GKA_0284,gka_candidate,CHEMBL3916212,,CS(=O)(=O)c1ccc(Oc2cc3cc(-c4ccc(CCC(=O)O)cn4)[nH]c3nc2CN2CCCC2=O)cn1,,,activity,,P3,6.0–6.5（0.32–1 µM）,6.27,False,,CHEMBL3916212,False,,,,,,,,False,True,True,CS(=O)(=O)c1ccc(Oc2cc3cc(-c4ccc(CCC(=O)O)cn4)[nH]c3nc2CN2CCCC2=O)cn1,1,False,0,0,False,False,无改动,535.5820000000004,535.1525545200001,38,155.44,163.82,3.3553000000000015,137.35329999999993,2,8,9,9,5,4,0.2692307692307692,12,0,0.3280584753489497,1,O=C1CCCN1Cc1nc2[nH]c(-c3ccccn3)cc2cc1Oc1cccnc1,CC1CCCC1CC1CC2CC(C3CCCCC3)CC2CC1CC1CCCCC1,False,"InChI=1S/C26H25N5O6S/c1-38(35,36)23-8-6-18(14-28-23)37-22-12-17-11-20(19-7-4-16(13-27-19)5-9-25(33)34)29-26(17)30-21(22)15-31-10-2-3-24(31)32/h4,6-8,11-14H,2-3,5,9-10,15H2,1H3,(H,29,30)(H,33,34)",LXDIYUQRDSIZEO-UHFFFAOYSA-N,LXDIYUQRDSIZEO,0,True,False,False,False,LXDIYUQRDSIZEO-UHFFFAOYSA-N,1,True,1
GKA_0285,gka_candidate,CHEMBL4210704,,CC(C)(C)OC(=O)N1CCc2nc(NC(=O)c3cc(Oc4ccc(S(C)(=O)=O)cc4)cc(OC4CCCCC4)c3)sc2C1,,,activity,,P3,6.0–6.5（0.32–1 µM）,6.26,False,,CHEMBL4210704,False,,,,,,,,False,True,True,CC(C)(C)OC(=O)N1CCc2nc(NC(=O)c3cc(Oc4ccc(S(C)(=O)=O)cc4)cc(OC4CCCCC4)c3)sc2C1,1,False,0,0,False,False,无改动,627.785,627.207292524,43,124.13000000000001,160.75,6.595900000000007,163.98399999999958,1,9,7,11,5,3,0.45161290322580644,12,0,0.31096437213645317,2,O=C(Nc1nc2c(s1)CNCC2)c1cc(Oc2ccccc2)cc(OC2CCCCC2)c1,CC(CC1CC2CCCCC2C1)C1CC(CC2CCCCC2)CC(CC2CCCCC2)C1,False,"InChI=1S/C31H37N3O7S2/c1-31(2,3)41-30(36)34-15-14-26-27(19-34)42-29(32-26)33-28(35)20-16-23(39-21-8-6-5-7-9-21)18-24(17-20)40-22-10-12-25(13-11-22)43(4,37)38/h10-13,16-18,21H,5-9,14-15,19H2,1-4H3,(H,32,33,35)",LXYLINODUSBPJE-UHFFFAOYSA-N,LXYLINODUSBPJE,0,False,False,False,False,LXYLINODUSBPJE-UHFFFAOYSA-N,1,True,1
GKA_0286,gka_candidate,CHEMBL516458,,CS(=O)(=O)c1ccc(/C(=C\c2cccs2)C(=O)Nc2nccs2)cc1,,,activity,,P3,6.0–6.5（0.32–1 µM）,6.25,False,,CHEMBL516458,False,,,,,,,,False,True,True,CS(=O)(=O)c1ccc(/C(=C\c2cccs2)C(=O)Nc2nccs2)cc1,1,False,0,0,False,False,无改动,390.5110000000001,390.016655308,25,76.13,140.99,3.7874000000000025,102.4855,1,6,5,6,3,3,0.058823529411764705,8,0,0.6726960130090032,0,O=C(Nc1nccs1)/C(=C/c1cccs1)c1ccccc1,CC(CC1CCCC1)C(CC1CCCC1)C1CCCCC1,False,"InChI=1S/C17H14N2O3S3/c1-25(21,22)14-6-4-12(5-7-14)15(11-13-3-2-9-23-13)16(20)19-17-18-8-10-24-17/h2-11H,1H3,(H,18,19,20)/b15-11+",ZCRHVAOVNFNLDX-RVDMUPIBSA-N,ZCRHVAOVNFNLDX,0,False,False,False,False,ZCRHVAOVNFNLDX-RVDMUPIBSA-N,1,True,1
GKA_0287,gka_candidate,CHEMBL381434,,CC(C)COc1cc(OC(C)C)cc(C(=O)Nc2ccc(C(=O)O)cn2)c1,,,activity,,P3,6.0–6.5（0.32–1 µM）,6.24,False,,CHEMBL381434,False,,,,,,,,False,True,True,CC(C)COc1cc(OC(C)C)cc(C(=O)Nc2ccc(C(=O)O)cn2)c1,1,False,0,0,False,False,无改动,372.42100000000005,372.16852186799997,27,97.75,97.75,3.8541000000000025,101.68850000000006,2,5,8,9,2,2,0.35,7,0,0.7302391729703022,0,O=C(Nc1ccccn1)c1ccccc1,CC(CC1CCCCC1)C1CCCCC1,False,"InChI=1S/C20H24N2O5/c1-12(2)11-26-16-7-15(8-17(9-16)27-13(3)4)19(23)22-18-6-5-14(10-21-18)20(24)25/h5-10,12-13H,11H2,1-4H3,(H,24,25)(H,21,22,23)",RTMFZNZPHCZAFG-UHFFFAOYSA-N,RTMFZNZPHCZAFG,0,True,False,False,False,RTMFZNZPHCZAFG-UHFFFAOYSA-N,1,True,2
GKA_0288,gka_candidate,CHEMBL3951043,,O=C(O)c1cc(Oc2cnc(NC(=O)C(OC3CCOCC3)c3ccc(S(=O)(=O)C4CC4)cc3)s2)ccn1,,,activity,,P3,6.0–6.5（0.32–1 µM）,6.24,False,,CHEMBL3951043,False,,,,,,,,False,True,True,O=C(O)c1cc(Oc2cnc(NC(=O)C(OC3CCOCC3)c3ccc(S(=O)(=O)C4CC4)cc3)s2)ccn1,1,False,0,0,False,False,无改动,559.6220000000003,559.10830676,38,154.01,190.63,3.840100000000003,136.33079999999993,2,10,10,11,5,3,0.36,13,0,0.37436607695154256,1,O=C(Nc1ncc(Oc2ccncc2)s1)C(OC1CCOCC1)c1ccc(S(=O)(=O)C2CC2)cc1,CC(CC1CCC(CC2CCCCC2)C1)C(CC1CCCCC1)C1CCC(C(C)(C)C2CC2)CC1,False,"InChI=1S/C25H25N3O8S2/c29-23(28-25-27-14-21(37-25)35-17-7-10-26-20(13-17)24(30)31)22(36-16-8-11-34-12-9-16)15-1-3-18(4-2-15)38(32,33)19-5-6-19/h1-4,7,10,13-14,16,19,22H,5-6,8-9,11-12H2,(H,30,31)(H,27,28,29)",CPUDNQNBTYLALB-UHFFFAOYSA-N,CPUDNQNBTYLALB,1,True,False,False,False,CPUDNQNBTYLALB-UHFFFAOYSA-N,1,True,1
GKA_0289,gka_candidate,CHEMBL1783755,,O=C(Nc1cnccn1)[C@H](CC1CCCC1)n1ccc(S(=O)(=O)C2CCC2)cc1=O,,,activity,,P3,6.0–6.5（0.32–1 µM）,6.23,False,,CHEMBL1783755,False,,,,,,,,False,True,True,O=C(Nc1cnccn1)[C@H](CC1CCCC1)n1ccc(S(=O)(=O)C2CCC2)cc1=O,1,False,0,0,False,False,无改动,430.5300000000002,430.1674763119999,30,111.01999999999998,119.39999999999998,2.7246000000000006,111.80050000000006,1,6,7,8,4,2,0.5238095238095238,9,0,0.7229736067979708,0,O=C(Nc1cnccn1)[C@H](CC1CCCC1)n1ccc(S(=O)(=O)C2CCC2)cc1=O,CC1CC(C(C)(C)C2CCC2)CCC1C(CC1CCCC1)C(C)CC1CCCCC1,False,"InChI=1S/C21H26N4O4S/c26-20-13-17(30(28,29)16-6-3-7-16)8-11-25(20)18(12-15-4-1-2-5-15)21(27)24-19-14-22-9-10-23-19/h8-11,13-16,18H,1-7,12H2,(H,23,24,27)/t18-/m0/s1",UHDZSSMOLOUCNL-SFHVURJKSA-N,UHDZSSMOLOUCNL,1,False,False,False,False,UHDZSSMOLOUCNL-SFHVURJKSA-N,1,True,1
GKA_0290,gka_candidate,CHEMBL573520,,COc1ccc2nc(NC(=O)C(CC3CCCC3)c3ccc(S(=O)(=O)Nc4ccccc4)cc3)sc2n1,,,activity,,P3,6.0–6.5（0.32–1 µM）,6.23,False,,CHEMBL573520,False,,,,,,,,False,True,True,COc1ccc2nc(NC(=O)C(CC3CCCC3)c3ccc(S(=O)(=O)Nc4ccccc4)cc3)sc2n1,1,False,0,0,False,False,无改动,536.6790000000001,536.155197376,37,110.27999999999999,146.90000000000003,5.8033000000000055,145.60519999999983,2,7,9,10,5,4,0.2962962962962963,10,0,0.27960603360294506,2,O=C(Nc1nc2cccnc2s1)C(CC1CCCC1)c1ccc(S(=O)(=O)Nc2ccccc2)cc1,CC(CC1CC2CCCCC2C1)C(CC1CCCC1)C1CCC(C(C)(C)CC2CCCCC2)CC1,False,"InChI=1S/C27H28N4O4S2/c1-35-24-16-15-23-26(29-24)36-27(28-23)30-25(32)22(17-18-7-5-6-8-18)19-11-13-21(14-12-19)37(33,34)31-20-9-3-2-4-10-20/h2-4,9-16,18,22,31H,5-8,17H2,1H3,(H,28,30,32)",JBPRBDOCDYFVCJ-UHFFFAOYSA-N,JBPRBDOCDYFVCJ,1,False,False,True,False,JBPRBDOCDYFVCJ-UHFFFAOYSA-N,1,True,1
GKA_0291,gka_candidate,CHEMBL2204647,,Cc1cnc(NC(=O)c2cc(Oc3cnc(C(=O)N(C)C)cn3)c3cc(C)nn3c2)cn1,,,activity,,P3,6.0–6.5（0.32–1 µM）,6.21,False,,CHEMBL2204647,False,,,,,,,,False,True,True,Cc1cnc(NC(=O)c2cc(Oc3cnc(C(=O)N(C)C)cn3)c3cc(C)nn3c2)cn1,1,False,0,0,False,False,无改动,432.44400000000013,432.16583650000007,32,127.5,127.5,2.27754,114.77470000000001,1,8,5,7,4,4,0.19047619047619047,11,0,0.5087298390896704,0,O=C(Nc1cnccn1)c1cc(Oc2cnccn2)c2ccnn2c1,CC(CC1CCCCC1)C1CC2CCCC2C(CC2CCCCC2)C1,False,"InChI=1S/C21H20N8O3/c1-12-5-16-17(32-19-10-23-15(8-25-19)21(31)28(3)4)6-14(11-29(16)27-12)20(30)26-18-9-22-13(2)7-24-18/h5-11H,1-4H3,(H,24,26,30)",LRTRWENAVMGWOI-UHFFFAOYSA-N,LRTRWENAVMGWOI,0,False,False,False,False,LRTRWENAVMGWOI-UHFFFAOYSA-N,1,True,1
GKA_0292,gka_candidate,CHEMBL2206780,,CCCCC(Sc1ncnc2c1cnn2-c1ccccc1Cl)C(=O)Nc1nc(C)cs1,,,activity,,P3,6.0–6.5（0.32–1 µM）,6.2,False,,CHEMBL2206780,False,,,,,,,,False,True,True,CCCCC(Sc1ncnc2c1cnn2-c1ccccc1Cl)C(=O)Nc1nc(C)cs1,1,False,0,0,False,False,无改动,473.0270000000002,472.0906789720001,31,85.59,139.13,5.523420000000003,126.32070000000004,1,7,8,9,4,4,0.2857142857142857,10,0,0.2680602171725693,1,O=C(CSc1ncnc2c1cnn2-c1ccccc1)Nc1nccs1,CC(CCC1CCCC2C(C3CCCCC3)CCC12)CC1CCCC1,False,"InChI=1S/C21H21ClN6OS2/c1-3-4-9-17(19(29)27-21-26-13(2)11-30-21)31-20-14-10-25-28(18(14)23-12-24-20)16-8-6-5-7-15(16)22/h5-8,10-12,17H,3-4,9H2,1-2H3,(H,26,27,29)",XWBDBQOIAAFJDG-UHFFFAOYSA-N,XWBDBQOIAAFJDG,1,False,False,False,False,XWBDBQOIAAFJDG-UHFFFAOYSA-N,1,True,2
GKA_0293,gka_candidate,CHEMBL2346895,,CS(=O)(=O)c1ccc2c(=O)n(C(CC3CCCCC3)C(=O)Nc3ncc(Cl)s3)c(=O)[nH]c2c1,,,activity,,P3,6.0–6.5（0.32–1 µM）,6.2,False,,CHEMBL2346895,False,,,,,,,,False,True,True,CS(=O)(=O)c1ccc2c(=O)n(C(CC3CCCCC3)C(=O)Nc3ncc(Cl)s3)c(=O)[nH]c2c1,1,False,0,0,False,False,无改动,511.0250000000002,510.07983951600005,33,130.99,167.60999999999999,3.3534000000000015,127.92120000000003,2,7,6,7,4,3,0.42857142857142855,12,0,0.5224415124631573,1,O=C(Nc1nccs1)C(CC1CCCCC1)n1c(=O)[nH]c2ccccc2c1=O,CC(CC1CCCC1)C(CC1CCCCC1)C1C(C)CC2CCCCC2C1C,False,"InChI=1S/C21H23ClN4O5S2/c1-33(30,31)13-7-8-14-15(10-13)24-21(29)26(19(14)28)16(9-12-5-3-2-4-6-12)18(27)25-20-23-11-17(22)32-20/h7-8,10-12,16H,2-6,9H2,1H3,(H,24,29)(H,23,25,27)",KCUYNWOBILFRDZ-UHFFFAOYSA-N,KCUYNWOBILFRDZ,1,False,False,False,False,KCUYNWOBILFRDZ-UHFFFAOYSA-N,1,True,1
GKA_0294,gka_candidate,CHEMBL4063218,,O=C(Nc1ncc(F)s1)[C@H](CC1CCCC1)n1cc(S(=O)(=O)C2CC2)cn1,,,activity,,P3,6.0–6.5（0.32–1 µM）,6.2,False,,CHEMBL4063218,False,,,,,,,,False,True,True,O=C(Nc1ncc(F)s1)[C@H](CC1CCCC1)n1cc(S(=O)(=O)C2CC2)cn1,1,False,0,0,False,False,无改动,412.5120000000001,412.103910752,27,93.95,130.57,3.174900000000002,98.74850000000004,1,6,7,8,4,2,0.5882352941176471,10,0,0.7537844798320564,0,O=C(Nc1nccs1)[C@H](CC1CCCC1)n1cc(S(=O)(=O)C2CC2)cn1,CC(CC1CCCC1)C(CC1CCCC1)C1CCC(C(C)(C)C2CC2)C1,False,"InChI=1S/C17H21FN4O3S2/c18-15-9-19-17(26-15)21-16(23)14(7-11-3-1-2-4-11)22-10-13(8-20-22)27(24,25)12-5-6-12/h8-12,14H,1-7H2,(H,19,21,23)/t14-/m0/s1",YMVDUCJXAHZEJX-AWEZNQCLSA-N,YMVDUCJXAHZEJX,1,False,False,False,False,YMVDUCJXAHZEJX-AWEZNQCLSA-N,1,True,2
GKA_0295,gka_candidate,CHEMBL559057,,CCS(=O)(=O)c1ccc(Oc2cc3nc(-c4ccccn4)[nH]c3cc2C2CCCN2C(C)=O)cc1,,,activity,,P3,6.0–6.5（0.32–1 µM）,6.2,False,,CHEMBL559057,False,,,,,,,,False,True,True,CCS(=O)(=O)c1ccc(Oc2cc3nc(-c4ccccn4)[nH]c3cc2C2CCCN2C(C)=O)cc1,1,False,0,0,False,False,无改动,490.58500000000026,490.167476312,35,105.25,113.63,4.894200000000003,132.92949999999996,1,6,6,7,5,4,0.2692307692307692,9,0,0.41238799752437877,0,c1ccc(Oc2cc3nc(-c4ccccn4)[nH]c3cc2C2CCCN2)cc1,C1CCC(CC2CC3CC(C4CCCCC4)CC3CC2C2CCCC2)CC1,False,"InChI=1S/C26H26N4O4S/c1-3-35(32,33)19-11-9-18(10-12-19)34-25-16-23-22(28-26(29-23)21-7-4-5-13-27-21)15-20(25)24-8-6-14-30(24)17(2)31/h4-5,7,9-13,15-16,24H,3,6,8,14H2,1-2H3,(H,28,29)",YKLHMCDLIZAOMC-UHFFFAOYSA-N,YKLHMCDLIZAOMC,1,False,False,False,False,YKLHMCDLIZAOMC-UHFFFAOYSA-N,1,True,2
GKA_0296,gka_candidate,CHEMBL194499,,CC(C)Oc1cc(OCC2CCCC2)cc(C(=O)Nc2ccc(C(=O)O)cn2)c1,,,activity,,P3,6.0–6.5（0.32–1 µM）,6.19,False,,CHEMBL194499,False,,,,,,,,False,True,True,CC(C)Oc1cc(OCC2CCCC2)cc(C(=O)Nc2ccc(C(=O)O)cn2)c1,1,False,0,0,False,False,无改动,398.45900000000006,398.18417193199997,29,97.75,97.75,4.388300000000003,108.80850000000007,2,5,8,9,3,2,0.4090909090909091,7,0,0.6844116256383957,0,O=C(Nc1ccccn1)c1cccc(OCC2CCCC2)c1,CC(CC1CCCCC1)C1CCCC(CCC2CCCC2)C1,False,"InChI=1S/C22H26N2O5/c1-14(2)29-19-10-17(9-18(11-19)28-13-15-5-3-4-6-15)21(25)24-20-8-7-16(12-23-20)22(26)27/h7-12,14-15H,3-6,13H2,1-2H3,(H,26,27)(H,23,24,25)",USRNBFWZDFSKIX-UHFFFAOYSA-N,USRNBFWZDFSKIX,0,True,False,False,False,USRNBFWZDFSKIX-UHFFFAOYSA-N,1,True,1
GKA_0297,gka_candidate,CHEMBL3218729,,O=C(Nc1ncc(-c2cn(CC(=O)N3CCOCC3)nn2)s1)C(CC1CCOCC1)c1ccc(S(=O)(=O)C2CC2)cc1,,,activity,,P3,6.0–6.5（0.32–1 µM）,6.19,False,,CHEMBL3218729,False,,,,,,,,False,True,True,O=C(Nc1ncc(-c2cn(CC(=O)N3CCOCC3)nn2)s1)C(CC1CCOCC1)c1ccc(S(=O)(=O)C2CC2)cc1,1,False,0,0,False,False,无改动,614.7500000000002,614.198124808,42,145.61,182.23,2.7355,154.70949999999968,1,10,10,12,6,3,0.5357142857142857,14,0,0.36429578080102876,1,O=C(Nc1ncc(-c2cn(CC(=O)N3CCOCC3)nn2)s1)C(CC1CCOCC1)c1ccc(S(=O)(=O)C2CC2)cc1,CC(CC1CCC(C2CCC(CC(C)C(CC3CCCCC3)C3CCC(C(C)(C)C4CC4)CC3)C2)C1)C1CCCCC1,False,"InChI=1S/C28H34N6O6S2/c35-26(33-9-13-40-14-10-33)18-34-17-24(31-32-34)25-16-29-28(41-25)30-27(36)23(15-19-7-11-39-12-8-19)20-1-3-21(4-2-20)42(37,38)22-5-6-22/h1-4,16-17,19,22-23H,5-15,18H2,(H,29,30,36)",OFFQHYDKVGOINK-UHFFFAOYSA-N,OFFQHYDKVGOINK,1,False,False,False,False,OFFQHYDKVGOINK-UHFFFAOYSA-N,1,True,1
GKA_0298,gka_candidate,CHEMBL3937376,,COc1ccc2nc(NC(=O)C(OC3CCOCC3)c3ccc(S(=O)(=O)N4CCOCC4)cc3)sc2n1,,,activity,,P3,6.0–6.5（0.32–1 µM）,6.18,False,,CHEMBL3937376,False,,,,,,,,False,True,True,COc1ccc2nc(NC(=O)C(OC3CCOCC3)c3ccc(S(=O)(=O)N4CCOCC4)cc3)sc2n1,1,False,0,0,False,False,无改动,548.6430000000003,548.1399412359999,37,129.18,165.8,2.5962000000000005,136.28349999999995,1,10,8,9,5,3,0.4583333333333333,13,0,0.45150760230110576,1,O=C(Nc1nc2cccnc2s1)C(OC1CCOCC1)c1ccc(S(=O)(=O)N2CCOCC2)cc1,CC(CC1CC2CCCCC2C1)C(CC1CCCCC1)C1CCC(C(C)(C)C2CCCCC2)CC1,False,"InChI=1S/C24H28N4O7S2/c1-32-20-7-6-19-23(26-20)36-24(25-19)27-22(29)21(35-17-8-12-33-13-9-17)16-2-4-18(5-3-16)37(30,31)28-10-14-34-15-11-28/h2-7,17,21H,8-15H2,1H3,(H,25,27,29)",VYZGYEZFQIKYLI-UHFFFAOYSA-N,VYZGYEZFQIKYLI,1,False,False,True,False,VYZGYEZFQIKYLI-UHFFFAOYSA-N,1,True,1
GKA_0299,gka_candidate,CHEMBL575705,,Cn1cnnc1Sc1ccc2ncnc(Nc3nccs3)c2c1,,,activity,,P3,6.0–6.5（0.32–1 µM）,6.18,False,,CHEMBL575705,False,,,,,,,,False,True,True,Cn1cnnc1Sc1ccc2ncnc(Nc3nccs3)c2c1,1,False,0,0,False,False,无改动,341.42500000000007,341.051735352,23,81.41,134.95000000000002,3.1096000000000004,90.06070000000001,1,8,4,4,4,4,0.07142857142857142,9,0,0.6105294413434773,0,c1csc(Nc2ncnc3ccc(Sc4nnc[nH]4)cc23)n1,C1CCC(CC2CCC3CCCC(CC4CCCC4)C3C2)C1,False,"InChI=1S/C14H11N7S2/c1-21-8-18-20-14(21)23-9-2-3-11-10(6-9)12(17-7-16-11)19-13-15-4-5-22-13/h2-8H,1H3,(H,15,16,17,19)",NSAWKSYKZABCHW-UHFFFAOYSA-N,NSAWKSYKZABCHW,0,False,False,False,False,NSAWKSYKZABCHW-UHFFFAOYSA-N,1,True,1
GKA_0300,gka_candidate,CHEMBL1783746,,Cc1ccc(NC(=O)[C@H](CC2CCC2)n2ccc(S(=O)(=O)C(C)C)cc2=O)nc1,,,activity,,P3,6.0–6.5（0.32–1 µM）,6.17,False,,CHEMBL1783746,False,,,,,,,,False,True,True,Cc1ccc(NC(=O)[C@H](CC2CCC2)n2ccc(S(=O)(=O)C(C)C)cc2=O)nc1,1,False,0,0,False,False,无改动,417.5310000000001,417.17222734399996,29,98.13000000000001,106.51,3.1038200000000016,111.62250000000006,1,5,7,8,3,2,0.47619047619047616,8,0,0.746381607584497,0,O=C(Nc1ccccn1)[C@H](CC1CCC1)n1ccccc1=O,CC1CCCCC1C(CC1CCC1)C(C)CC1CCCCC1,False,"InChI=1S/C21H27N3O4S/c1-14(2)29(27,28)17-9-10-24(20(25)12-17)18(11-16-5-4-6-16)21(26)23-19-8-7-15(3)13-22-19/h7-10,12-14,16,18H,4-6,11H2,1-3H3,(H,22,23,26)/t18-/m0/s1",VXGBSWYLBGFQHU-SFHVURJKSA-N,VXGBSWYLBGFQHU,1,False,False,False,False,VXGBSWYLBGFQHU-SFHVURJKSA-N,1,True,1
GKA_0301,gka_candidate,CHEMBL3939712,,O=C(O)Cc1nc(NC(=O)C(OC2CCOCC2)c2ccc(S(=O)(=O)N3CCCCC3)cc2)sc1Cl,,,activity,,P3,6.0–6.5（0.32–1 µM）,6.165,False,,CHEMBL3939712,False,,,,,,,,False,True,True,O=C(O)Cc1nc(NC(=O)C(OC2CCOCC2)c2ccc(S(=O)(=O)N3CCCCC3)cc2)sc1Cl,1,False,0,0,False,False,无改动,558.0780000000003,557.1057199159999,36,135.13,171.75,3.473600000000001,133.81229999999996,2,8,9,10,4,2,0.5217391304347826,13,0,0.47823635078921894,1,O=C(Nc1nccs1)C(OC1CCOCC1)c1ccc(S(=O)(=O)N2CCCCC2)cc1,CC(CC1CCCC1)C(CC1CCCCC1)C1CCC(C(C)(C)C2CCCCC2)CC1,False,"InChI=1S/C23H28ClN3O7S2/c24-21-18(14-19(28)29)25-23(35-21)26-22(30)20(34-16-8-12-33-13-9-16)15-4-6-17(7-5-15)36(31,32)27-10-2-1-3-11-27/h4-7,16,20H,1-3,8-14H2,(H,28,29)(H,25,26,30)",DDJOLZFQFQSJDE-UHFFFAOYSA-N,DDJOLZFQFQSJDE,1,True,False,True,False,DDJOLZFQFQSJDE-UHFFFAOYSA-N,1,True,1
GKA_0302,gka_candidate,CHEMBL1783756,,Cc1cnc(NC(=O)[C@H](CC2CCCC2)n2cc(Cl)c(S(=O)(=O)C(C)C)cc2=O)cn1,,,activity,,P3,6.0–6.5（0.32–1 µM）,6.16,False,,CHEMBL1783756,False,,,,,,,,False,True,True,Cc1cnc(NC(=O)[C@H](CC2CCCC2)n2cc(Cl)c(S(=O)(=O)C(C)C)cc2=O)cn1,1,False,0,0,False,False,无改动,466.99100000000016,466.144154024,31,111.02,119.39999999999999,3.542320000000003,119.04450000000004,1,6,7,8,3,2,0.5238095238095238,10,0,0.6675322240725862,0,O=C(Nc1cnccn1)[C@H](CC1CCCC1)n1ccccc1=O,CC1CCCCC1C(CC1CCCC1)C(C)CC1CCCCC1,False,"InChI=1S/C21H27ClN4O4S/c1-13(2)31(29,30)18-9-20(27)26(12-16(18)22)17(8-15-6-4-5-7-15)21(28)25-19-11-23-14(3)10-24-19/h9-13,15,17H,4-8H2,1-3H3,(H,24,25,28)/t17-/m0/s1",AFBMFXXDOHDSTI-KRWDZBQOSA-N,AFBMFXXDOHDSTI,1,False,False,False,False,AFBMFXXDOHDSTI-KRWDZBQOSA-N,1,True,1
GKA_0303,gka_candidate,CHEMBL3235151,,Cc1cccnc1-c1cc(Oc2ccc(S(C)(=O)=O)cc2)cc(C(=O)Nc2nc(CN3CCN(C)CC3)cs2)c1,,,activity,,P3,6.0–6.5（0.32–1 µM）,6.16,False,,CHEMBL3235151,False,,,,,,,,False,True,True,Cc1cccnc1-c1cc(Oc2ccc(S(C)(=O)=O)cc2)cc(C(=O)Nc2nc(CN3CCN(C)CC3)cs2)c1,1,False,0,0,False,False,无改动,577.7320000000003,577.181746472,40,104.72999999999999,141.35,4.709020000000003,156.87699999999973,1,9,8,9,5,4,0.27586206896551724,11,0,0.32120127409404364,1,O=C(Nc1nc(CN2CCNCC2)cs1)c1cc(Oc2ccccc2)cc(-c2ccccn2)c1,CC(CC1CCC(CC2CCCCC2)C1)C1CC(CC2CCCCC2)CC(C2CCCCC2)C1,False,"InChI=1S/C29H31N5O4S2/c1-20-5-4-10-30-27(20)21-15-22(17-25(16-21)38-24-6-8-26(9-7-24)40(3,36)37)28(35)32-29-31-23(19-39-29)18-34-13-11-33(2)12-14-34/h4-10,15-17,19H,11-14,18H2,1-3H3,(H,31,32,35)",QNNFXXIUYCESNQ-UHFFFAOYSA-N,QNNFXXIUYCESNQ,0,False,True,False,False,QNNFXXIUYCESNQ-UHFFFAOYSA-N,1,True,1
GKA_0304,gka_candidate,CHEMBL4646396,,CN1CCN(Cc2cnc(NC(=O)/C(=N/N3CCCC3)c3ccc(S(=O)(=O)C4CC4)cc3)s2)CC1,,,activity,,P3,6.0–6.5（0.32–1 µM）,6.16,False,,CHEMBL4646396,False,,,,,,,,False,True,True,CN1CCN(Cc2cnc(NC(=O)/C(=N/N3CCCC3)c3ccc(S(=O)(=O)C4CC4)cc3)s2)CC1,1,False,0,0,False,False,无改动,516.6930000000003,516.197730884,35,98.20999999999998,134.82999999999998,2.2652,137.51149999999993,1,9,8,9,5,2,0.5416666666666666,11,0,0.5376631360677806,1,O=C(Nc1ncc(CN2CCNCC2)s1)/C(=N/N1CCCC1)c1ccc(S(=O)(=O)C2CC2)cc1,CC(CC1CCC(CC2CCCCC2)C1)C(CC1CCCC1)C1CCC(C(C)(C)C2CC2)CC1,False,"InChI=1S/C24H32N6O3S2/c1-28-12-14-29(15-13-28)17-19-16-25-24(34-19)26-23(31)22(27-30-10-2-3-11-30)18-4-6-20(7-5-18)35(32,33)21-8-9-21/h4-7,16,21H,2-3,8-15,17H2,1H3,(H,25,26,31)/b27-22+",FETSDWZQMXCKMK-HPNDGRJYSA-N,FETSDWZQMXCKMK,0,False,True,False,False,FETSDWZQMXCKMK-HPNDGRJYSA-N,1,True,1
GKA_0305,gka_candidate,CHEMBL1164323,,CS(=O)(=O)c1ccc(C(CC2CCOCC2)C(=O)Nc2nc(-c3ccccc3)cs2)cc1,,,activity,,P3,6.0–6.5（0.32–1 µM）,6.14,False,,CHEMBL1164323,False,,,,,,,,False,True,True,CS(=O)(=O)c1ccc(C(CC2CCOCC2)C(=O)Nc2nc(-c3ccccc3)cs2)cc1,1,False,0,0,False,False,无改动,470.61600000000004,470.133399312,32,85.36,121.97999999999999,4.752600000000005,126.63250000000001,1,6,7,8,4,3,0.3333333333333333,8,0,0.5384619692535022,0,O=C(Nc1nc(-c2ccccc2)cs1)C(CC1CCOCC1)c1ccccc1,CC(CC1CCC(C2CCCCC2)C1)C(CC1CCCCC1)C1CCCCC1,False,"InChI=1S/C24H26N2O4S2/c1-32(28,29)20-9-7-18(8-10-20)21(15-17-11-13-30-14-12-17)23(27)26-24-25-22(16-31-24)19-5-3-2-4-6-19/h2-10,16-17,21H,11-15H2,1H3,(H,25,26,27)",BJJGHIOXERFROQ-UHFFFAOYSA-N,BJJGHIOXERFROQ,1,False,False,False,False,BJJGHIOXERFROQ-UHFFFAOYSA-N,1,True,1
GKA_0306,gka_candidate,CHEMBL1783757,,CC(C)S(=O)(=O)c1ccn([C@@H](CC2CCCC2)C(=O)Nc2cc[nH]n2)c(=O)c1,,,activity,,P3,6.0–6.5（0.32–1 µM）,6.14,False,,CHEMBL1783757,False,,,,,,,,False,True,True,CC(C)S(=O)(=O)c1ccn([C@@H](CC2CCCC2)C(=O)Nc2cc[nH]n2)c(=O)c1,1,False,0,0,False,False,无改动,406.50800000000004,406.167476312,28,113.92000000000002,122.30000000000001,2.5136000000000003,105.85320000000004,2,5,7,8,3,2,0.5263157894736842,9,0,0.7332671076460933,0,O=C(Nc1cc[nH]n1)[C@H](CC1CCCC1)n1ccccc1=O,CC1CCCCC1C(CC1CCCC1)C(C)CC1CCCC1,False,"InChI=1S/C19H26N4O4S/c1-13(2)28(26,27)15-8-10-23(18(24)12-15)16(11-14-5-3-4-6-14)19(25)21-17-7-9-20-22-17/h7-10,12-14,16H,3-6,11H2,1-2H3,(H2,20,21,22,25)/t16-/m0/s1",SENHFEPIASSRFF-INIZCTEOSA-N,SENHFEPIASSRFF,1,False,False,False,False,SENHFEPIASSRFF-INIZCTEOSA-N,1,True,2
GKA_0307,gka_candidate,CHEMBL2408133,,CC(C)Oc1cc(Oc2ccc(S(C)(=O)=O)cc2)cc(-c2cccc(=O)[nH]2)c1,,,activity,,P3,6.0–6.5（0.32–1 µM）,6.13,False,,CHEMBL2408133,False,,,,,,,,False,True,True,CC(C)Oc1cc(Oc2ccc(S(C)(=O)=O)cc2)cc(-c2cccc(=O)[nH]2)c1,1,False,0,0,False,False,无改动,399.4680000000001,399.11404377200006,28,85.46000000000001,93.84,4.024900000000002,107.88850000000004,1,5,6,6,3,3,0.19047619047619047,7,0,0.6764777627988873,0,O=c1cccc(-c2cccc(Oc3ccccc3)c2)[nH]1,CC1CCCC(C2CCCC(CC3CCCCC3)C2)C1,False,"InChI=1S/C21H21NO5S/c1-14(2)26-17-11-15(20-5-4-6-21(23)22-20)12-18(13-17)27-16-7-9-19(10-8-16)28(3,24)25/h4-14H,1-3H3,(H,22,23)",OQYYUJDLDQVJBY-UHFFFAOYSA-N,OQYYUJDLDQVJBY,0,False,False,False,False,OQYYUJDLDQVJBY-UHFFFAOYSA-N,1,True,1
GKA_0308,gka_candidate,CHEMBL4643124,,CC(=O)N1CCC(c2nsc(Nc3ncc(Sc4ccccn4)cc3Oc3cnn(C)c3)n2)CC1,,,activity,,P3,6.0–6.5（0.32–1 µM）,6.13,False,,CHEMBL4643124,False,,,,,,,,False,True,True,CC(=O)N1CCC(c2nsc(Nc3ncc(Sc4ccccn4)cc3Oc3cnn(C)c3)n2)CC1,1,False,0,0,False,False,无改动,508.63300000000027,508.14636400800003,35,110.95,164.49,4.474600000000003,133.29969999999994,1,10,7,8,5,4,0.30434782608695654,12,0,0.3862598835138591,1,c1ccc(Sc2cnc(Nc3nc(C4CCNCC4)ns3)c(Oc3cn[nH]c3)c2)nc1,C1CCC(CC2CCC(CC3CCC(C4CCCCC4)C3)C(CC3CCCC3)C2)CC1,False,"InChI=1S/C23H24N8O2S2/c1-15(32)31-9-6-16(7-10-31)21-27-23(35-29-21)28-22-19(33-17-12-26-30(2)14-17)11-18(13-25-22)34-20-5-3-4-8-24-20/h3-5,8,11-14,16H,6-7,9-10H2,1-2H3,(H,25,27,28,29)",SBRGWDJNHINHFM-UHFFFAOYSA-N,SBRGWDJNHINHFM,0,False,False,False,False,SBRGWDJNHINHFM-UHFFFAOYSA-N,1,True,1
GKA_0309,gka_candidate,CHEMBL3925207,,CS(=O)(=O)c1ccc(Oc2cc3cc(-c4ccc(CCC(=O)O)cn4)[nH]c3cc2Oc2ccccc2F)cc1,,,activity,,P3,6.0–6.5（0.32–1 µM）,6.11,False,,CHEMBL3925207,False,,,,,,,,False,True,True,CS(=O)(=O)c1ccc(Oc2cc3cc(-c4ccc(CCC(=O)O)cn4)[nH]c3cc2Oc2ccccc2F)cc1,1,False,0,0,False,False,无改动,546.5760000000004,546.126085676,39,118.58,126.96,6.374300000000004,143.58629999999985,2,6,9,9,5,5,0.10344827586206896,10,0,0.22035773328089905,2,c1ccc(Oc2cc3cc(-c4ccccn4)[nH]c3cc2Oc2ccccc2)cc1,C1CCC(CC2CC3CC(C4CCCCC4)CC3CC2CC2CCCCC2)CC1,False,"InChI=1S/C29H23FN2O6S/c1-39(35,36)21-10-8-20(9-11-21)37-27-15-19-14-25(23-12-6-18(17-31-23)7-13-29(33)34)32-24(19)16-28(27)38-26-5-3-2-4-22(26)30/h2-6,8-12,14-17,32H,7,13H2,1H3,(H,33,34)",JQFMEOAUPURXEJ-UHFFFAOYSA-N,JQFMEOAUPURXEJ,0,True,False,False,False,JQFMEOAUPURXEJ-UHFFFAOYSA-N,1,True,1
GKA_0310,gka_candidate,CHEMBL2346760,,Cc1cc(S(=O)(=O)C2CCCC2)cc(=O)n1C(CC(C)C)C(=O)Nc1nccs1,,,activity,,P3,6.0–6.5（0.32–1 µM）,6.1,False,,CHEMBL2346760,False,,,,,,,,False,True,True,Cc1cc(S(=O)(=O)C2CCCC2)cc(=O)n1C(CC(C)C)C(=O)Nc1nccs1,1,False,0,0,False,False,无改动,437.5870000000001,437.144298344,29,98.13000000000001,134.75,3.5554200000000025,114.11650000000004,1,6,7,8,3,2,0.55,9,0,0.7141550877942309,0,O=C(Cn1ccc(S(=O)(=O)C2CCCC2)cc1=O)Nc1nccs1,CC(CC1CCCC1)CC1CCC(C(C)(C)C2CCCC2)CC1C,False,"InChI=1S/C20H27N3O4S2/c1-13(2)10-17(19(25)22-20-21-8-9-28-20)23-14(3)11-16(12-18(23)24)29(26,27)15-6-4-5-7-15/h8-9,11-13,15,17H,4-7,10H2,1-3H3,(H,21,22,25)",QTOXAGVEUWUAJL-UHFFFAOYSA-N,QTOXAGVEUWUAJL,1,False,False,False,False,QTOXAGVEUWUAJL-UHFFFAOYSA-N,1,True,1
GKA_0311,gka_candidate,CHEMBL2346881,,O=C(Nc1ncc(Cl)s1)[C@H](CC1CCCCO1)N1CCN(S(=O)(=O)C2CC2)CC1=O,,,activity,,P3,6.0–6.5（0.32–1 µM）,6.1,False,,CHEMBL2346881,False,,,,,,,,False,True,True,O=C(Nc1ncc(Cl)s1)[C@H](CC1CCCCO1)N1CCN(S(=O)(=O)C2CC2)CC1=O,1,False,0,0,False,False,无改动,477.0080000000003,476.09548958,30,108.91,145.52999999999997,1.6992,112.97750000000005,1,7,7,8,4,1,0.7222222222222222,12,0,0.6411227183413681,0,O=C(Nc1nccs1)[C@H](CC1CCCCO1)N1CCN(S(=O)(=O)C2CC2)CC1=O,CC1CC(C(C)(C)C2CC2)CCC1C(CC1CCCCC1)C(C)CC1CCCC1,False,"InChI=1S/C18H25ClN4O5S2/c19-15-10-20-18(29-15)21-17(25)14(9-12-3-1-2-8-28-12)23-7-6-22(11-16(23)24)30(26,27)13-4-5-13/h10,12-14H,1-9,11H2,(H,20,21,25)/t12?,14-/m0/s1",VAGYZRQXTRCDFY-PYMCNQPYSA-N,VAGYZRQXTRCDFY,2,False,False,True,False,VAGYZRQXTRCDFY-PYMCNQPYSA-N,1,True,1
GKA_0312,gka_candidate,CHEMBL3218728,,CN1CCN(C(=O)Cn2cc(-c3cnc(NC(=O)C(CC4CCOCC4)c4ccc(S(=O)(=O)C5CC5)cc4)s3)nn2)CC1,,,activity,,P3,6.0–6.5（0.32–1 µM）,6.1,False,,CHEMBL3218728,False,,,,,,,,False,True,True,CN1CCN(C(=O)Cn2cc(-c3cnc(NC(=O)C(CC4CCOCC4)c4ccc(S(=O)(=O)C5CC5)cc4)s3)nn2)CC1,1,False,0,0,False,False,无改动,627.7930000000002,627.2297592839999,43,139.62,176.24,2.6507000000000005,161.38749999999962,1,10,10,12,6,3,0.5517241379310345,14,0,0.35938053462024566,1,O=C(Nc1ncc(-c2cn(CC(=O)N3CCNCC3)nn2)s1)C(CC1CCOCC1)c1ccc(S(=O)(=O)C2CC2)cc1,CC(CC1CCC(C2CCC(CC(C)C(CC3CCCCC3)C3CCC(C(C)(C)C4CC4)CC3)C2)C1)C1CCCCC1,False,"InChI=1S/C29H37N7O5S2/c1-34-10-12-35(13-11-34)27(37)19-36-18-25(32-33-36)26-17-30-29(42-26)31-28(38)24(16-20-8-14-41-15-9-20)21-2-4-22(5-3-21)43(39,40)23-6-7-23/h2-5,17-18,20,23-24H,6-16,19H2,1H3,(H,30,31,38)",CFTZGWZDRYJKAS-UHFFFAOYSA-N,CFTZGWZDRYJKAS,1,False,True,False,False,CFTZGWZDRYJKAS-UHFFFAOYSA-N,1,True,1
GKA_0313,gka_candidate,CHEMBL4063355,,O=C(Nc1cnccn1)[C@H](CC1CCOCC1)n1ncc2c(S(=O)(=O)C3CC3)cccc21,,,activity,,P3,6.0–6.5（0.32–1 µM）,6.1,False,,CHEMBL4063355,False,,,,,,,,False,True,True,O=C(Nc1cnccn1)[C@H](CC1CCOCC1)n1ncc2c(S(=O)(=O)C3CC3)cccc21,1,False,0,0,False,False,无改动,455.5400000000002,455.16272528,32,116.07,124.44999999999999,2.7589000000000006,117.79950000000002,1,7,7,8,5,3,0.45454545454545453,10,0,0.582199788609375,0,O=C(Nc1cnccn1)[C@H](CC1CCOCC1)n1ncc2c(S(=O)(=O)C3CC3)cccc21,CC(CC1CCCCC1)C(CC1CCCCC1)C1CCC2C1CCCC2C(C)(C)C1CC1,False,"InChI=1S/C22H25N5O4S/c28-22(26-21-14-23-8-9-24-21)19(12-15-6-10-31-11-7-15)27-18-2-1-3-20(17(18)13-25-27)32(29,30)16-4-5-16/h1-3,8-9,13-16,19H,4-7,10-12H2,(H,24,26,28)/t19-/m0/s1",GHELKQXDVLJGBS-IBGZPJMESA-N,GHELKQXDVLJGBS,1,False,False,False,False,GHELKQXDVLJGBS-IBGZPJMESA-N,1,True,1
GKA_0314,gka_candidate,CHEMBL4216383,,COCC(C)Oc1cc(Oc2ccc(C(=O)N3CCC3)nc2)cc(C(=O)Nc2nc3c(s2)CN(C(=O)OC(C)(C)C)CC3)c1,,,activity,,P3,6.0–6.5（0.32–1 µM）,6.06,False,,CHEMBL4216383,False,,,,,,,,False,True,True,COCC(C)Oc1cc(Oc2ccc(C(=O)N3CCC3)nc2)cc(C(=O)Nc2nc3c(s2)CN(C(=O)OC(C)(C)C)CC3)c1,1,False,0,0,False,False,无改动,623.7320000000001,623.2413695240001,44,132.42,160.66,5.135500000000005,163.65469999999962,1,10,9,14,5,3,0.45161290322580644,13,0,0.3442682444849783,2,O=C(Nc1nc2c(s1)CNCC2)c1cccc(Oc2ccc(C(=O)N3CCC3)nc2)c1,CC(CC1CC2CCCCC2C1)C1CCCC(CC2CCC(C(C)C3CCC3)CC2)C1,False,"InChI=1S/C31H37N5O7S/c1-19(18-40-5)41-22-13-20(14-23(15-22)42-21-7-8-25(32-16-21)28(38)35-10-6-11-35)27(37)34-29-33-24-9-12-36(17-26(24)44-29)30(39)43-31(2,3)4/h7-8,13-16,19H,6,9-12,17-18H2,1-5H3,(H,33,34,37)",WHWUAOIUWWGYMO-UHFFFAOYSA-N,WHWUAOIUWWGYMO,1,False,False,False,False,WHWUAOIUWWGYMO-UHFFFAOYSA-N,1,True,1
GKA_0315,gka_candidate,CHEMBL3338072,,CNC(=O)Nc1ncc(Sc2ccccn2)cc1Oc1c(C)n[nH]c1C,,,activity,,P3,6.0–6.5（0.32–1 µM）,6.055,False,,CHEMBL3338072,False,,,,,,,,False,True,True,CNC(=O)Nc1ncc(Sc2ccccn2)cc1Oc1c(C)n[nH]c1C,1,False,0,0,False,False,无改动,370.43800000000016,370.121194816,26,104.82,130.12,3.5113400000000015,98.81110000000004,3,6,5,7,3,3,0.17647058823529413,9,0,0.6346866897594615,0,c1ccc(Sc2cncc(Oc3cn[nH]c3)c2)nc1,C1CCC(CC2CCCC(CC3CCCC3)C2)CC1,False,"InChI=1S/C17H18N6O2S/c1-10-15(11(2)23-22-10)25-13-8-12(26-14-6-4-5-7-19-14)9-20-16(13)21-17(24)18-3/h4-9H,1-3H3,(H,22,23)(H2,18,20,21,24)",YEYGPCHTBLMDJF-UHFFFAOYSA-N,YEYGPCHTBLMDJF,0,False,False,False,False,YEYGPCHTBLMDJF-UHFFFAOYSA-N,1,True,1
GKA_0316,gka_candidate,CHEMBL4202493,,COCC(C)Oc1cc(Oc2ccc(S(=O)(=O)N3CCC3)cc2)cc(C(=O)Nc2nc3c(s2)CN(C(=O)OC(C)(C)C)CC3)c1,,,activity,,P3,6.0–6.5（0.32–1 µM）,6.05,False,,CHEMBL4202493,False,,,,,,,,False,True,True,COCC(C)Oc1cc(Oc2ccc(S(=O)(=O)N3CCC3)cc2)cc(C(=O)Nc2nc3c(s2)CN(C(=O)OC(C)(C)C)CC3)c1,1,False,0,0,False,False,无改动,658.7990000000001,658.2131061760001,45,136.6,173.22,5.289000000000005,168.71499999999958,1,10,10,14,5,3,0.45161290322580644,14,0,0.3082178878706002,2,O=C(Nc1nc2c(s1)CNCC2)c1cccc(Oc2ccc(S(=O)(=O)N3CCC3)cc2)c1,CC(CC1CC2CCCCC2C1)C1CCCC(CC2CCC(C(C)(C)C3CCC3)CC2)C1,False,"InChI=1S/C31H38N4O8S2/c1-20(19-40-5)41-23-15-21(16-24(17-23)42-22-7-9-25(10-8-22)45(38,39)35-12-6-13-35)28(36)33-29-32-26-11-14-34(18-27(26)44-29)30(37)43-31(2,3)4/h7-10,15-17,20H,6,11-14,18-19H2,1-5H3,(H,32,33,36)",DHHPDGYHANNVAU-UHFFFAOYSA-N,DHHPDGYHANNVAU,1,False,False,True,False,DHHPDGYHANNVAU-UHFFFAOYSA-N,1,True,1
GKA_0317,gka_candidate,CHEMBL4212586,,COCC(C)Oc1cc(Oc2ccc(S(C)(=O)=O)cc2)cc(C(=O)Nc2nc3c(s2)CN(c2ccccn2)CC3)c1,,,activity,,P3,6.0–6.5（0.32–1 µM）,6.05,False,,CHEMBL4212586,False,,,,,,,,False,True,True,COCC(C)Oc1cc(Oc2ccc(S(C)(=O)=O)cc2)cc(C(=O)Nc2nc3c(s2)CN(c2ccccn2)CC3)c1,1,False,0,0,False,False,无改动,594.7150000000001,594.1606766800002,41,119.95,156.57,4.962600000000005,157.0919999999997,1,10,10,11,5,4,0.27586206896551724,12,0,0.2715620934411765,1,O=C(Nc1nc2c(s1)CN(c1ccccn1)CC2)c1cccc(Oc2ccccc2)c1,CC(CC1CC2CCC(C3CCCCC3)CC2C1)C1CCCC(CC2CCCCC2)C1,False,"InChI=1S/C29H30N4O6S2/c1-19(18-37-2)38-22-14-20(15-23(16-22)39-21-7-9-24(10-8-21)41(3,35)36)28(34)32-29-31-25-11-13-33(17-26(25)40-29)27-6-4-5-12-30-27/h4-10,12,14-16,19H,11,13,17-18H2,1-3H3,(H,31,32,34)",WPECPNUUNMGYNL-UHFFFAOYSA-N,WPECPNUUNMGYNL,1,False,False,False,False,WPECPNUUNMGYNL-UHFFFAOYSA-N,1,True,1
GKA_0318,gka_candidate,CHEMBL1257864,,CNC(=O)NC(=O)/C(=C/C1CCCC1)c1ccc(-n2nnnc2C)c(F)c1,,,activity,,P3,6.0–6.5（0.32–1 µM）,6.04,False,,CHEMBL1257864,False,,,,,,,,False,True,True,CNC(=O)NC(=O)/C(=C/C1CCCC1)c1ccc(-n2nnnc2C)c(F)c1,1,False,0,0,False,False,无改动,372.404,372.17100213200007,27,101.80000000000001,101.80000000000001,2.1390199999999995,96.38240000000003,2,5,4,7,3,2,0.3888888888888889,9,0,0.8008576354413486,0,C(=CC1CCCC1)c1ccc(-n2cnnn2)cc1,C1CCC(CCC2CCC(C3CCCC3)CC2)C1,False,"InChI=1S/C18H21FN6O2/c1-11-22-23-24-25(11)16-8-7-13(10-15(16)19)14(9-12-5-3-4-6-12)17(26)21-18(27)20-2/h7-10,12H,3-6H2,1-2H3,(H2,20,21,26,27)/b14-9+",KKSIHNCDBOMQRF-NTEUORMPSA-N,KKSIHNCDBOMQRF,0,False,False,False,False,KKSIHNCDBOMQRF-NTEUORMPSA-N,1,True,1
GKA_0319,gka_candidate,CHEMBL2204657,,Cc1cnc(NC(=O)c2cc(Oc3cnc(C(=O)N(C)C)nc3)c3cn(C)nc3c2)cn1,,,activity,,P3,6.0–6.5（0.32–1 µM）,6.04,False,,CHEMBL2204657,False,,,,,,,,False,True,True,Cc1cnc(NC(=O)c2cc(Oc3cnc(C(=O)N(C)C)nc3)c3cn(C)nc3c2)cn1,1,False,0,0,False,False,无改动,432.44400000000013,432.16583650000007,32,128.02,128.02,2.20812,115.55970000000002,1,8,5,7,4,4,0.19047619047619047,11,0,0.5083189581450216,0,O=C(Nc1cnccn1)c1cc(Oc2cncnc2)c2c[nH]nc2c1,CC(CC1CCCCC1)C1CC2CCCC2C(CC2CCCCC2)C1,False,"InChI=1S/C21H20N8O3/c1-12-7-23-18(10-22-12)26-20(30)13-5-16-15(11-29(4)27-16)17(6-13)32-14-8-24-19(25-9-14)21(31)28(2)3/h5-11H,1-4H3,(H,23,26,30)",WSAQOXUHJXNXTA-UHFFFAOYSA-N,WSAQOXUHJXNXTA,0,False,False,False,False,WSAQOXUHJXNXTA-UHFFFAOYSA-N,1,True,1
GKA_0320,gka_candidate,CHEMBL3968166,,O=C(Nc1ncc(F)s1)C(OC1CCOCC1)c1ccc(S(=O)(=O)N2CCOCC2)cc1,,,activity,,P3,6.0–6.5（0.32–1 µM）,6.02,False,,CHEMBL3968166,False,,,,,,,,False,True,True,O=C(Nc1ncc(F)s1)C(OC1CCOCC1)c1ccc(S(=O)(=O)N2CCOCC2)cc1,1,False,0,0,False,False,无改动,485.5590000000003,485.1090557079999,32,107.06,143.68,2.1785000000000005,114.38850000000004,1,8,7,8,4,2,0.5,12,0,0.6405853333888658,0,O=C(Nc1nccs1)C(OC1CCOCC1)c1ccc(S(=O)(=O)N2CCOCC2)cc1,CC(CC1CCCC1)C(CC1CCCCC1)C1CCC(C(C)(C)C2CCCCC2)CC1,False,"InChI=1S/C20H24FN3O6S2/c21-17-13-22-20(31-17)23-19(25)18(30-15-5-9-28-10-6-15)14-1-3-16(4-2-14)32(26,27)24-7-11-29-12-8-24/h1-4,13,15,18H,5-12H2,(H,22,23,25)",ZIVKNTQDGNBUFX-UHFFFAOYSA-N,ZIVKNTQDGNBUFX,1,False,False,True,False,ZIVKNTQDGNBUFX-UHFFFAOYSA-N,1,True,1
GKA_0321,gka_candidate,CHEMBL551445,,Cc1csc(NC(=O)c2cc(Sc3nncn3C)ccc2Sc2ccc(F)cc2)n1,,,activity,,P3,6.0–6.5（0.32–1 µM）,6.01,False,,CHEMBL551445,False,,,,,,,,False,True,True,Cc1csc(NC(=O)c2cc(Sc3nncn3C)ccc2Sc2ccc(F)cc2)n1,1,False,0,0,False,False,无改动,457.58100000000013,457.050101352,30,72.7,151.54000000000002,5.273820000000002,116.89520000000002,1,7,6,7,4,4,0.1,10,0,0.42502885096374693,1,O=C(Nc1nccs1)c1cc(Sc2nnc[nH]2)ccc1Sc1ccccc1,CC(CC1CCCC1)C1CC(CC2CCCC2)CCC1CC1CCCCC1,False,"InChI=1S/C20H16FN5OS3/c1-12-10-28-19(23-12)24-18(27)16-9-15(30-20-25-22-11-26(20)2)7-8-17(16)29-14-5-3-13(21)4-6-14/h3-11H,1-2H3,(H,23,24,27)",WZYQJHUWLLZEDH-UHFFFAOYSA-N,WZYQJHUWLLZEDH,0,False,False,False,False,WZYQJHUWLLZEDH-UHFFFAOYSA-N,1,True,1
GKA_0322,gka_candidate,CHEMBL2204646,,Cc1cnc(NC(=O)c2cc(Oc3cnc(C(=O)N(C)C)cn3)c3cn(C)nc3c2)cn1,,,activity,,P3,6.0–6.5（0.32–1 µM）,6.0,False,,CHEMBL2204646,False,,,,,,,,False,True,True,Cc1cnc(NC(=O)c2cc(Oc3cnc(C(=O)N(C)C)cn3)c3cn(C)nc3c2)cn1,1,False,0,0,False,False,无改动,432.44400000000013,432.16583650000007,32,128.02,128.02,2.20812,115.55970000000002,1,8,5,7,4,4,0.19047619047619047,11,0,0.5083189581450216,0,O=C(Nc1cnccn1)c1cc(Oc2cnccn2)c2c[nH]nc2c1,CC(CC1CCCCC1)C1CC2CCCC2C(CC2CCCCC2)C1,False,"InChI=1S/C21H20N8O3/c1-12-7-24-18(9-22-12)26-20(30)13-5-15-14(11-29(4)27-15)17(6-13)32-19-10-23-16(8-25-19)21(31)28(2)3/h5-11H,1-4H3,(H,24,26,30)",CXVAKQOAJSWZLY-UHFFFAOYSA-N,CXVAKQOAJSWZLY,0,False,False,False,False,CXVAKQOAJSWZLY-UHFFFAOYSA-N,1,True,1
GKA_0323,gka_candidate,CHEMBL2346764,,CC(C)S(=O)(=O)N1CCN([C@@H](CC2CCCCC2)C(=O)Nc2nccs2)C(=O)C1,,,activity,,P3,6.0–6.5（0.32–1 µM）,6.0,False,,CHEMBL2346764,False,,,,,,,,False,True,True,CC(C)S(=O)(=O)N1CCN([C@@H](CC2CCCCC2)C(=O)Nc2nccs2)C(=O)C1,1,False,0,0,False,False,无改动,442.6070000000002,442.17084744,29,99.68,136.3,2.303,113.06550000000006,1,6,7,8,3,1,0.7368421052631579,10,0,0.6984416434419761,0,O=C(Nc1nccs1)[C@H](CC1CCCCC1)N1CCNCC1=O,CC1CCCCC1C(CC1CCCCC1)C(C)CC1CCCC1,False,"InChI=1S/C19H30N4O4S2/c1-14(2)29(26,27)22-9-10-23(17(24)13-22)16(12-15-6-4-3-5-7-15)18(25)21-19-20-8-11-28-19/h8,11,14-16H,3-7,9-10,12-13H2,1-2H3,(H,20,21,25)/t16-/m0/s1",VTENDFKKAQZWNF-INIZCTEOSA-N,VTENDFKKAQZWNF,1,False,False,True,False,VTENDFKKAQZWNF-INIZCTEOSA-N,1,True,1
GKA_0324,gka_candidate,CHEMBL4082347,,O=C(Nc1ncc(Cl)s1)[C@H](CC1CCOCC1)n1cc(S(=O)(=O)C2CCCC2)cn1,,,activity,,P3,6.0–6.5（0.32–1 µM）,6.0,False,,CHEMBL4082347,False,,,,,,,,False,True,True,O=C(Nc1ncc(Cl)s1)[C@H](CC1CCOCC1)n1cc(S(=O)(=O)C2CCCC2)cn1,1,False,0,0,False,False,无改动,473.0200000000003,472.10057495999996,30,103.17999999999999,139.8,3.7058000000000026,114.61950000000004,1,7,7,8,4,2,0.631578947368421,11,0,0.6584254285559058,0,O=C(Nc1nccs1)[C@H](CC1CCOCC1)n1cc(S(=O)(=O)C2CCCC2)cn1,CC(CC1CCCC1)C(CC1CCCCC1)C1CCC(C(C)(C)C2CCCC2)C1,False,"InChI=1S/C19H25ClN4O4S2/c20-17-11-21-19(29-17)23-18(25)16(9-13-5-7-28-8-6-13)24-12-15(10-22-24)30(26,27)14-3-1-2-4-14/h10-14,16H,1-9H2,(H,21,23,25)/t16-/m0/s1",BQSWORVDGGEXBI-INIZCTEOSA-N,BQSWORVDGGEXBI,1,False,False,False,False,BQSWORVDGGEXBI-INIZCTEOSA-N,1,True,1
GKA_0325,gka_candidate,CHEMBL3918883,,CCS(=O)(=O)c1ccc(Oc2cc3cc(-c4ccc(CCC(=O)OC)cn4)[nH]c3cc2C2CCC(=O)N2C)cc1,,,activity,,P4,≥7.5（EC50 ≤ 32 nM）,8.72,False,,CHEMBL3918883,False,,,,,,,,False,True,True,CCS(=O)(=O)c1ccc(Oc2cc3cc(-c4ccc(CCC(=O)OC)cn4)[nH]c3cc2C2CCC(=O)N2C)cc1,1,False,0,0,False,False,无改动,561.6600000000003,561.193356712,40,118.65999999999998,127.03999999999998,5.214700000000004,150.85449999999977,1,7,9,10,5,4,0.3,10,0,0.2785765539649094,2,O=C1CCC(c2cc3[nH]c(-c4ccccn4)cc3cc2Oc2ccccc2)N1,CC1CCC(C2CC3CC(C4CCCCC4)CC3CC2CC2CCCCC2)C1,False,"InChI=1S/C30H31N3O6S/c1-4-40(36,37)22-9-7-21(8-10-22)39-28-16-20-15-26(24-11-5-19(18-31-24)6-14-30(35)38-3)32-25(20)17-23(28)27-12-13-29(34)33(27)2/h5,7-11,15-18,27,32H,4,6,12-14H2,1-3H3",JZXCTHUPWKAKBH-UHFFFAOYSA-N,JZXCTHUPWKAKBH,1,False,False,False,False,JZXCTHUPWKAKBH-UHFFFAOYSA-N,1,True,16
GKA_0326,gka_candidate,CHEMBL3969091,,COC(=O)CCc1ccc(Oc2cc3cc(-c4ccccn4)[nH]c3cc2C2CCC(=O)N2C)cc1,,,activity,,P4,≥7.5（EC50 ≤ 32 nM）,8.37,False,,CHEMBL3969091,False,,,,,,,,False,True,True,COC(=O)CCc1ccc(Oc2cc3cc(-c4ccccn4)[nH]c3cc2C2CCC(=O)N2C)cc1,1,False,0,0,False,False,无改动,469.5410000000002,469.20015634400005,35,84.52,84.52,5.421100000000005,133.12769999999998,1,5,7,8,5,4,0.25,7,0,0.3654196917090133,1,O=C1CCC(c2cc3[nH]c(-c4ccccn4)cc3cc2Oc2ccccc2)N1,CC1CCC(C2CC3CC(C4CCCCC4)CC3CC2CC2CCCCC2)C1,False,"InChI=1S/C28H27N3O4/c1-31-25(11-12-27(31)32)21-17-23-19(15-24(30-23)22-5-3-4-14-29-22)16-26(21)35-20-9-6-18(7-10-20)8-13-28(33)34-2/h3-7,9-10,14-17,25,30H,8,11-13H2,1-2H3",JISSSUZJBZNTDE-UHFFFAOYSA-N,JISSSUZJBZNTDE,1,False,False,False,False,JISSSUZJBZNTDE-UHFFFAOYSA-N,1,True,16
GKA_0327,gka_candidate,CHEMBL4104680,,COC(=O)c1ccc(-c2cc3cc(Oc4ccc(S(C)(=O)=O)nc4)c(C4CCC(=O)N4C)cc3[nH]2)nc1,,,activity,,P4,≥7.5（EC50 ≤ 32 nM）,8.28,False,,CHEMBL4104680,False,,,,,,,,False,True,True,COC(=O)c1ccc(-c2cc3cc(Oc4ccc(S(C)(=O)=O)nc4)c(C4CCC(=O)N4C)cc3[nH]2)nc1,1,False,0,0,False,False,无改动,520.5670000000003,520.1416554880001,37,131.55,139.93,3.9006000000000016,135.03499999999997,1,8,6,7,5,4,0.23076923076923078,11,0,0.3788013812224993,1,O=C1CCC(c2cc3[nH]c(-c4ccccn4)cc3cc2Oc2cccnc2)N1,CC1CCC(C2CC3CC(C4CCCCC4)CC3CC2CC2CCCCC2)C1,False,"InChI=1S/C26H24N4O6S/c1-30-22(7-9-25(30)31)18-12-20-16(10-21(29-20)19-6-4-15(13-27-19)26(32)35-2)11-23(18)36-17-5-8-24(28-14-17)37(3,33)34/h4-6,8,10-14,22,29H,7,9H2,1-3H3",WFBRJBQNYOSYST-UHFFFAOYSA-N,WFBRJBQNYOSYST,1,False,False,False,False,WFBRJBQNYOSYST-UHFFFAOYSA-N,1,True,8
GKA_0328,gka_candidate,CHEMBL4067037,,CCOC(=O)c1ccc(Oc2cc3cc(-c4ccc(C(F)(F)F)cn4)[nH]c3cc2C2CCC(=O)N2C)cc1,,,activity,,P4,≥7.5（EC50 ≤ 32 nM）,8.18,False,,CHEMBL4067037,False,,,,,,,,False,True,True,CCOC(=O)c1ccc(Oc2cc3cc(-c4ccc(C(F)(F)F)cn4)[nH]c3cc2C2CCC(=O)N2C)cc1,1,False,0,0,False,False,无改动,523.5110000000002,523.171890908,38,84.52,84.52,6.5110000000000054,133.74919999999995,1,5,6,8,5,4,0.25,10,0,0.2913715491771727,2,O=C1CCC(c2cc3[nH]c(-c4ccccn4)cc3cc2Oc2ccccc2)N1,CC1CCC(C2CC3CC(C4CCCCC4)CC3CC2CC2CCCCC2)C1,False,"InChI=1S/C28H24F3N3O4/c1-3-37-27(36)16-4-7-19(8-5-16)38-25-13-17-12-23(21-9-6-18(15-32-21)28(29,30)31)33-22(17)14-20(25)24-10-11-26(35)34(24)2/h4-9,12-15,24,33H,3,10-11H2,1-2H3",KREWZPNDWZMRLX-UHFFFAOYSA-N,KREWZPNDWZMRLX,1,False,False,False,False,KREWZPNDWZMRLX-UHFFFAOYSA-N,1,True,16
GKA_0329,gka_candidate,CHEMBL4068048,,CN1C(=O)CCC1c1cc2[nH]c(-c3ccc(C(C)(C)O)cn3)cc2cc1Oc1ccc(S(C)(=O)=O)nc1,,,activity,,P4,≥7.5（EC50 ≤ 32 nM）,8.165,False,,CHEMBL4068048,False,,,,,,,,False,True,True,CN1C(=O)CCC1c1cc2[nH]c(-c3ccc(C(C)(C)O)cn3)cc2cc1Oc1ccc(S(C)(=O)=O)nc1,1,False,0,0,False,False,无改动,520.6110000000002,520.178040996,37,125.48,133.86,4.341400000000003,138.9402999999999,2,7,6,6,5,4,0.2962962962962963,10,0,0.387298552187386,1,O=C1CCC(c2cc3[nH]c(-c4ccccn4)cc3cc2Oc2cccnc2)N1,CC1CCC(C2CC3CC(C4CCCCC4)CC3CC2CC2CCCCC2)C1,False,"InChI=1S/C27H28N4O5S/c1-27(2,33)17-5-7-20(28-14-17)22-11-16-12-24(36-18-6-9-25(29-15-18)37(4,34)35)19(13-21(16)30-22)23-8-10-26(32)31(23)3/h5-7,9,11-15,23,30,33H,8,10H2,1-4H3",HSCYTJFBHDPMPT-UHFFFAOYSA-N,HSCYTJFBHDPMPT,1,False,False,False,False,HSCYTJFBHDPMPT-UHFFFAOYSA-N,1,True,8
GKA_0330,gka_candidate,CHEMBL3235155,,COCC(C)NCc1csc(NC(=O)c2cc(Oc3ccc(S(C)(=O)=O)cc3)cc(-c3ncccc3C)c2)n1,,,activity,,P4,≥7.5（EC50 ≤ 32 nM）,8.1,False,,CHEMBL3235155,False,,,,,,,,False,True,True,COCC(C)NCc1csc(NC(=O)c2cc(Oc3ccc(S(C)(=O)=O)cc3)cc(-c3ncccc3C)c2)n1,1,False,0,0,False,False,无改动,566.7050000000002,566.16576206,39,119.50999999999999,156.13,5.086120000000004,152.28069999999974,2,9,11,12,4,4,0.25,11,0,0.25781232485682837,2,O=C(Nc1nccs1)c1cc(Oc2ccccc2)cc(-c2ccccn2)c1,CC(CC1CCCC1)C1CC(CC2CCCCC2)CC(C2CCCCC2)C1,False,"InChI=1S/C28H30N4O5S2/c1-18-6-5-11-29-26(18)20-12-21(14-24(13-20)37-23-7-9-25(10-8-23)39(4,34)35)27(33)32-28-31-22(17-38-28)15-30-19(2)16-36-3/h5-14,17,19,30H,15-16H2,1-4H3,(H,31,32,33)",GXPZFRYBPOFRID-UHFFFAOYSA-N,GXPZFRYBPOFRID,1,False,True,False,False,GXPZFRYBPOFRID-UHFFFAOYSA-N,1,True,7
GKA_0331,gka_candidate,CHEMBL4065127,,O=C(O)Cc1nc(NC(=O)c2nc(Sc3ccccn3)ccc2Sc2ccc(F)cc2)sc1Cl,,,activity,,P4,≥7.5（EC50 ≤ 32 nM）,8.02,False,,CHEMBL4065127,False,,,,,,,,False,True,True,O=C(O)Cc1nc(NC(=O)c2nc(Sc3ccccn3)ccc2Sc2ccc(F)cc2)sc1Cl,1,False,0,0,False,False,无改动,533.0310000000002,531.9900592080002,34,105.07,183.91000000000003,5.907400000000003,129.53699999999998,2,8,8,9,4,4,0.045454545454545456,12,0,0.2884758483183411,2,O=C(Nc1nccs1)c1nc(Sc2ccccn2)ccc1Sc1ccccc1,CC(CC1CCCC1)C1CC(CC2CCCCC2)CCC1CC1CCCCC1,False,"InChI=1S/C22H14ClFN4O3S3/c23-20-14(11-18(29)30)26-22(34-20)28-21(31)19-15(32-13-6-4-12(24)5-7-13)8-9-17(27-19)33-16-3-1-2-10-25-16/h1-10H,11H2,(H,29,30)(H,26,28,31)",KOPZKACIIKMKDI-UHFFFAOYSA-N,KOPZKACIIKMKDI,0,True,False,False,False,KOPZKACIIKMKDI-UHFFFAOYSA-N,1,True,5
GKA_0332,gka_candidate,CHEMBL3901777,,COC(=O)CCc1ccc(-c2cc3cc(Oc4ccc(S(C)(=O)=O)cc4)c(C4CCC(=O)N4C)cc3[nH]2)nc1,,,activity,,P4,≥7.5（EC50 ≤ 32 nM）,8.015,False,,CHEMBL3901777,False,,,,,,,,False,True,True,COC(=O)CCc1ccc(-c2cc3cc(Oc4ccc(S(C)(=O)=O)cc4)c(C4CCC(=O)N4C)cc3[nH]2)nc1,1,False,0,0,False,False,无改动,547.6330000000003,547.177706648,39,118.66000000000001,127.04,4.824600000000003,146.23749999999984,1,7,8,9,5,4,0.27586206896551724,10,0,0.31411415807045495,1,O=C1CCC(c2cc3[nH]c(-c4ccccn4)cc3cc2Oc2ccccc2)N1,CC1CCC(C2CC3CC(C4CCCCC4)CC3CC2CC2CCCCC2)C1,False,"InChI=1S/C29H29N3O6S/c1-32-26(11-12-28(32)33)22-16-24-19(15-27(22)38-20-6-8-21(9-7-20)39(3,35)36)14-25(31-24)23-10-4-18(17-30-23)5-13-29(34)37-2/h4,6-10,14-17,26,31H,5,11-13H2,1-3H3",NUADJXKTKFXCAI-UHFFFAOYSA-N,NUADJXKTKFXCAI,1,False,False,False,False,NUADJXKTKFXCAI-UHFFFAOYSA-N,1,True,16
GKA_0333,gka_candidate,CHEMBL1257976,,CS(=O)(=O)c1ccc(/C(=C\C2CCCCC2)C(=O)Nc2nccs2)cc1C(F)(F)F,,,activity,,P4,≥7.5（EC50 ≤ 32 nM）,8.0,False,,CHEMBL1257976,False,,,,,,,,False,True,True,CS(=O)(=O)c1ccc(/C(=C\C2CCCCC2)C(=O)Nc2nccs2)cc1C(F)(F)F,1,False,0,0,False,False,无改动,458.527,458.0945691920001,30,76.13,112.75,5.167800000000004,109.84950000000003,1,5,5,7,3,2,0.4,10,0,0.6276124535927579,1,O=C(Nc1nccs1)/C(=C/C1CCCCC1)c1ccccc1,CC(CC1CCCC1)C(CC1CCCCC1)C1CCCCC1,False,"InChI=1S/C20H21F3N2O3S2/c1-30(27,28)17-8-7-14(12-16(17)20(21,22)23)15(11-13-5-3-2-4-6-13)18(26)25-19-24-9-10-29-19/h7-13H,2-6H2,1H3,(H,24,25,26)/b15-11+",YSLZNYGGLOZLPM-RVDMUPIBSA-N,YSLZNYGGLOZLPM,0,False,False,False,False,YSLZNYGGLOZLPM-RVDMUPIBSA-N,1,True,4
GKA_0334,gka_candidate,CHEMBL1258322,,CS(=O)(=O)c1ccc(/C(=C\C2CCCCCC2)C(=O)Nc2ncc(Br)s2)cc1C(F)(F)F,,,activity,,P4,≥7.5（EC50 ≤ 32 nM）,7.96,False,,CHEMBL1258322,False,,,,,,,,False,True,True,CS(=O)(=O)c1ccc(/C(=C\C2CCCCCC2)C(=O)Nc2ncc(Br)s2)cc1C(F)(F)F,1,False,0,0,False,False,无改动,551.4500000000002,550.0207313240002,32,76.13,112.75,6.320400000000005,122.16650000000006,1,5,5,7,3,2,0.42857142857142855,11,0,0.34872647899518144,2,O=C(Nc1nccs1)/C(=C/C1CCCCCC1)c1ccccc1,CC(CC1CCCC1)C(CC1CCCCCC1)C1CCCCC1,False,"InChI=1S/C21H22BrF3N2O3S2/c1-32(29,30)17-9-8-14(11-16(17)21(23,24)25)15(10-13-6-4-2-3-5-7-13)19(28)27-20-26-12-18(22)31-20/h8-13H,2-7H2,1H3,(H,26,27,28)/b15-10+",XOWGQNFXTWHUGV-XNTDXEJSSA-N,XOWGQNFXTWHUGV,0,False,False,False,False,XOWGQNFXTWHUGV-XNTDXEJSSA-N,1,True,3
GKA_0335,gka_candidate,CHEMBL1257270,,CS(=O)(=O)c1ccc(/C(=C\C2CCCC2)C(=O)Nc2ncc(Cl)s2)cc1,,,activity,,P4,≥7.5（EC50 ≤ 32 nM）,7.92,False,,CHEMBL1257270,False,,,,,,,,False,True,True,CS(=O)(=O)c1ccc(/C(=C\C2CCCC2)C(=O)Nc2ncc(Cl)s2)cc1,1,False,0,0,False,False,无改动,410.948,410.05256214800005,26,76.13,112.75,4.412300000000004,105.24050000000003,1,5,5,6,3,2,0.3333333333333333,8,0,0.7403101411269579,0,O=C(Nc1nccs1)/C(=C/C1CCCC1)c1ccccc1,CC(CC1CCCC1)C(CC1CCCC1)C1CCCCC1,False,"InChI=1S/C18H19ClN2O3S2/c1-26(23,24)14-8-6-13(7-9-14)15(10-12-4-2-3-5-12)17(22)21-18-20-11-16(19)25-18/h6-12H,2-5H2,1H3,(H,20,21,22)/b15-10+",GAHXSOLFWSJFQA-XNTDXEJSSA-N,GAHXSOLFWSJFQA,0,False,False,False,False,GAHXSOLFWSJFQA-XNTDXEJSSA-N,1,True,8
GKA_0336,gka_candidate,CHEMBL1258093,,CS(=O)(=O)c1ccc(/C(=C\C2CCCCC2)C(=O)Nc2nccs2)cc1[N+](=O)[O-],,,activity,,P4,≥7.5（EC50 ≤ 32 nM）,7.89,False,,CHEMBL1258093,False,,,,,,,,False,True,True,CS(=O)(=O)c1ccc(/C(=C\C2CCCCC2)C(=O)Nc2nccs2)cc1[N+](=O)[O-],1,False,0,0,False,False,无改动,435.52700000000004,435.0922627720001,29,119.27000000000001,155.89000000000001,4.057200000000003,111.50190000000005,1,7,6,7,3,2,0.3684210526315789,10,0,0.41509225201786565,0,O=C(Nc1nccs1)/C(=C/C1CCCCC1)c1ccccc1,CC(CC1CCCC1)C(CC1CCCCC1)C1CCCCC1,False,"InChI=1S/C19H21N3O5S2/c1-29(26,27)17-8-7-14(12-16(17)22(24)25)15(11-13-5-3-2-4-6-13)18(23)21-19-20-9-10-28-19/h7-13H,2-6H2,1H3,(H,20,21,23)/b15-11+",FICFIIMMJODLNW-RVDMUPIBSA-N,FICFIIMMJODLNW,0,False,False,False,False,FICFIIMMJODLNW-RVDMUPIBSA-N,1,True,4
GKA_0337,gka_candidate,CHEMBL4084078,,COc1ccc(Sc2ccc(Sc3ccccn3)nc2C(=O)Nc2ncc(SCC(=O)O)s2)cc1,,,activity,,P4,≥7.5（EC50 ≤ 32 nM）,7.85,False,,CHEMBL4084078,False,,,,,,,,False,True,True,COc1ccc(Sc2ccc(Sc3ccccn3)nc2C(=O)Nc2ncc(SCC(=O)O)s2)cc1,1,False,0,0,False,False,无改动,542.6890000000002,542.021089056,35,114.3,218.44,5.673100000000003,138.141,2,10,10,11,4,4,0.08695652173913043,12,0,0.242827448159202,2,O=C(Nc1nccs1)c1nc(Sc2ccccn2)ccc1Sc1ccccc1,CC(CC1CCCC1)C1CC(CC2CCCCC2)CCC1CC1CCCCC1,False,"InChI=1S/C23H18N4O4S4/c1-31-14-5-7-15(8-6-14)33-16-9-10-18(34-17-4-2-3-11-24-17)26-21(16)22(30)27-23-25-12-20(35-23)32-13-19(28)29/h2-12H,13H2,1H3,(H,28,29)(H,25,27,30)",BSSIABHJAVFXLM-UHFFFAOYSA-N,BSSIABHJAVFXLM,0,True,False,False,False,BSSIABHJAVFXLM-UHFFFAOYSA-N,1,True,5
GKA_0338,gka_candidate,CHEMBL4094511,,CN1C(=O)CCC1c1cc2[nH]c(-c3ccc(C(F)(F)F)cn3)cc2cc1Oc1ccc(C(=O)O)cc1,,,activity,,P4,≥7.5（EC50 ≤ 32 nM）,7.82,False,,CHEMBL4094511,False,,,,,,,,False,True,True,CN1C(=O)CCC1c1cc2[nH]c(-c3ccc(C(F)(F)F)cn3)cc2cc1Oc1ccc(C(=O)O)cc1,1,False,0,0,False,False,无改动,495.4570000000002,495.1405907799999,36,95.52,95.52,6.032500000000003,124.75200000000002,2,4,5,6,5,4,0.19230769230769232,10,0,0.35241816105697665,1,O=C1CCC(c2cc3[nH]c(-c4ccccn4)cc3cc2Oc2ccccc2)N1,CC1CCC(C2CC3CC(C4CCCCC4)CC3CC2CC2CCCCC2)C1,False,"InChI=1S/C26H20F3N3O4/c1-32-22(8-9-24(32)33)18-12-20-15(11-23(18)36-17-5-2-14(3-6-17)25(34)35)10-21(31-20)19-7-4-16(13-30-19)26(27,28)29/h2-7,10-13,22,31H,8-9H2,1H3,(H,34,35)",WHOGBCDXUIDCPY-UHFFFAOYSA-N,WHOGBCDXUIDCPY,1,True,False,False,False,WHOGBCDXUIDCPY-UHFFFAOYSA-N,1,True,16
GKA_0339,gka_candidate,CHEMBL3896295,,COC(=O)CCc1ccc(Oc2cc3cc(-c4ccc(C(F)(F)F)cn4)[nH]c3cc2C2CCC(=O)N2C)cc1,,,activity,,P4,≥7.5（EC50 ≤ 32 nM）,7.8,False,,CHEMBL3896295,False,,,,,,,,False,True,True,COC(=O)CCc1ccc(Oc2cc3cc(-c4ccc(C(F)(F)F)cn4)[nH]c3cc2C2CCC(=O)N2C)cc1,1,False,0,0,False,False,无改动,537.5380000000002,537.1875409720001,39,84.52,84.52,6.439900000000005,138.1296999999999,1,5,7,9,5,4,0.27586206896551724,10,0,0.27442757128249473,2,O=C1CCC(c2cc3[nH]c(-c4ccccn4)cc3cc2Oc2ccccc2)N1,CC1CCC(C2CC3CC(C4CCCCC4)CC3CC2CC2CCCCC2)C1,False,"InChI=1S/C29H26F3N3O4/c1-35-25(10-11-27(35)36)21-15-23-18(13-24(34-23)22-9-6-19(16-33-22)29(30,31)32)14-26(21)39-20-7-3-17(4-8-20)5-12-28(37)38-2/h3-4,6-9,13-16,25,34H,5,10-12H2,1-2H3",QZUDNIFAIJCFRT-UHFFFAOYSA-N,QZUDNIFAIJCFRT,1,False,False,False,False,QZUDNIFAIJCFRT-UHFFFAOYSA-N,1,True,16
GKA_0340,gka_candidate,CHEMBL3908999,,CN1C(=O)CCC1c1cc2[nH]c(-c3ccccn3)cc2cc1Oc1ccc(CCC(=O)O)cc1,,,activity,,P4,≥7.5（EC50 ≤ 32 nM）,7.795,False,,CHEMBL3908999,False,,,,,,,,False,True,True,CN1C(=O)CCC1c1cc2[nH]c(-c3ccccn3)cc2cc1Oc1ccc(CCC(=O)O)cc1,1,False,0,0,False,False,无改动,455.5140000000003,455.18450627999994,34,95.52,95.52,5.332700000000005,128.74750000000003,2,4,7,7,5,4,0.2222222222222222,7,0,0.3925602715142562,1,O=C1CCC(c2cc3[nH]c(-c4ccccn4)cc3cc2Oc2ccccc2)N1,CC1CCC(C2CC3CC(C4CCCCC4)CC3CC2CC2CCCCC2)C1,False,"InChI=1S/C27H25N3O4/c1-30-24(10-11-26(30)31)20-16-22-18(14-23(29-22)21-4-2-3-13-28-21)15-25(20)34-19-8-5-17(6-9-19)7-12-27(32)33/h2-6,8-9,13-16,24,29H,7,10-12H2,1H3,(H,32,33)",VJEURJGBLQRRLX-UHFFFAOYSA-N,VJEURJGBLQRRLX,1,True,False,False,False,VJEURJGBLQRRLX-UHFFFAOYSA-N,1,True,16
GKA_0341,gka_candidate,CHEMBL1257152,,CS(=O)(=O)c1ccc(/C(=C\C2CCCCCC2)C(=O)Nc2nccs2)cc1,,,activity,,P4,≥7.5（EC50 ≤ 32 nM）,7.68,False,,CHEMBL1257152,False,,,,,,,,False,True,True,CS(=O)(=O)c1ccc(/C(=C\C2CCCCCC2)C(=O)Nc2nccs2)cc1,1,False,0,0,False,False,无改动,404.557,404.1228346280001,27,76.13,112.75,4.539100000000004,109.46450000000003,1,5,5,6,3,2,0.4,7,0,0.5862853016202985,0,O=C(Nc1nccs1)/C(=C/C1CCCCCC1)c1ccccc1,CC(CC1CCCC1)C(CC1CCCCCC1)C1CCCCC1,False,"InChI=1S/C20H24N2O3S2/c1-27(24,25)17-10-8-16(9-11-17)18(14-15-6-4-2-3-5-7-15)19(23)22-20-21-12-13-26-20/h8-15H,2-7H2,1H3,(H,21,22,23)/b18-14+",BVPVGKONEFCGEO-NBVRZTHBSA-N,BVPVGKONEFCGEO,0,False,False,False,False,BVPVGKONEFCGEO-NBVRZTHBSA-N,1,True,3
GKA_0342,gka_candidate,CHEMBL3577719,,COC[C@H](C)Oc1cc(C#Cc2ccccc2OC)cc(C(=O)Nc2ccn(C)n2)c1,,,activity,,P4,≥7.5（EC50 ≤ 32 nM）,7.68,False,,CHEMBL3577719,False,,,,,,,,False,True,True,COC[C@H](C)Oc1cc(C#Cc2ccccc2OC)cc(C(=O)Nc2ccn(C)n2)c1,1,False,0,0,False,False,无改动,419.4810000000001,419.18450628000005,31,74.61000000000001,74.61000000000001,3.494500000000002,118.54320000000006,1,5,7,8,3,3,0.25,7,0,0.5936156965974148,0,O=C(Nc1cc[nH]n1)c1cccc(C#Cc2ccccc2)c1,CC(CC1CCCC1)C1CCCC(CCC2CCCCC2)C1,False,"InChI=1S/C24H25N3O4/c1-17(16-29-3)31-21-14-18(9-10-19-7-5-6-8-22(19)30-4)13-20(15-21)24(28)25-23-11-12-27(2)26-23/h5-8,11-15,17H,16H2,1-4H3,(H,25,26,28)/t17-/m0/s1",BODWNPGALYAYSL-KRWDZBQOSA-N,BODWNPGALYAYSL,1,False,False,False,False,BODWNPGALYAYSL-KRWDZBQOSA-N,1,True,10
GKA_0343,gka_candidate,CHEMBL3979297,,COC(=O)Cc1ccc(Oc2cc3cc(-c4ccccn4)[nH]c3cc2C2CCC(=O)N2C)cc1,,,activity,,P4,≥7.5（EC50 ≤ 32 nM）,7.68,False,,CHEMBL3979297,False,,,,,,,,False,True,True,COC(=O)Cc1ccc(Oc2cc3cc(-c4ccccn4)[nH]c3cc2C2CCC(=O)N2C)cc1,1,False,0,0,False,False,无改动,455.51400000000024,455.18450628000005,34,84.52,84.52,5.031000000000003,128.51070000000004,1,5,6,7,5,4,0.2222222222222222,7,0,0.41232687092387055,1,O=C1CCC(c2cc3[nH]c(-c4ccccn4)cc3cc2Oc2ccccc2)N1,CC1CCC(C2CC3CC(C4CCCCC4)CC3CC2CC2CCCCC2)C1,False,"InChI=1S/C27H25N3O4/c1-30-24(10-11-26(30)31)20-16-22-18(14-23(29-22)21-5-3-4-12-28-21)15-25(20)34-19-8-6-17(7-9-19)13-27(32)33-2/h3-9,12,14-16,24,29H,10-11,13H2,1-2H3",QKCSVBTZZNFVST-UHFFFAOYSA-N,QKCSVBTZZNFVST,1,False,False,False,False,QKCSVBTZZNFVST-UHFFFAOYSA-N,1,True,16
GKA_0344,gka_candidate,CHEMBL4646748,,CN(C)C(=O)N1CCC(c2nsc(Nc3ncc(Sc4ccccn4)cc3Oc3ccccc3)n2)CC1,,,activity,,P4,≥7.5（EC50 ≤ 32 nM）,7.68,False,,CHEMBL4646748,False,,,,,,,,False,True,True,CN(C)C(=O)N1CCC(c2nsc(Nc3ncc(Sc4ccccn4)cc3Oc3ccccc3)n2)CC1,1,False,0,0,False,False,无改动,533.6830000000001,533.166765104,37,96.37,149.91000000000003,5.876200000000005,144.93569999999977,1,9,7,9,5,4,0.2692307692307692,11,0,0.3147975770831656,2,c1ccc(Oc2cc(Sc3ccccn3)cnc2Nc2nc(C3CCNCC3)ns2)cc1,C1CCC(CC2CCC(CC3CCC(C4CCCCC4)C3)C(CC3CCCCC3)C2)CC1,False,"InChI=1S/C26H27N7O2S2/c1-32(2)26(34)33-14-11-18(12-15-33)23-29-25(37-31-23)30-24-21(35-19-8-4-3-5-9-19)16-20(17-28-24)36-22-10-6-7-13-27-22/h3-10,13,16-18H,11-12,14-15H2,1-2H3,(H,28,29,30,31)",NUCTUDYYCJZXFC-UHFFFAOYSA-N,NUCTUDYYCJZXFC,0,False,False,False,False,NUCTUDYYCJZXFC-UHFFFAOYSA-N,1,True,8
GKA_0345,gka_candidate,CHEMBL4635545,,O=C(O)CCc1csc(Nc2ncc(Sc3ccncc3)cc2Oc2ccccc2)n1,,,activity,,P4,≥7.5（EC50 ≤ 32 nM）,7.66,False,,CHEMBL4635545,False,,,,,,,,False,True,True,O=C(O)CCc1csc(Nc2ncc(Sc3ccncc3)cc2Oc2ccccc2)n1,1,False,0,0,False,False,无改动,450.54500000000013,450.082032436,31,97.23,150.76999999999998,5.637400000000003,120.4665,2,8,9,9,4,4,0.09090909090909091,9,0,0.33820889923015013,1,c1ccc(Oc2cc(Sc3ccncc3)cnc2Nc2nccs2)cc1,C1CCC(CC2CCC(CC3CCCC3)C(CC3CCCCC3)C2)CC1,False,"InChI=1S/C22H18N4O3S2/c27-20(28)7-6-15-14-30-22(25-15)26-21-19(29-16-4-2-1-3-5-16)12-18(13-24-21)31-17-8-10-23-11-9-17/h1-5,8-14H,6-7H2,(H,27,28)(H,24,25,26)",CUZSJRPWTGMVSV-UHFFFAOYSA-N,CUZSJRPWTGMVSV,0,True,False,False,False,CUZSJRPWTGMVSV-UHFFFAOYSA-N,1,True,6
GKA_0346,gka_candidate,CHEMBL3933975,,CCOP(=O)(Cc1cnc(-c2cc3cc(Oc4ccc(S(C)(=O)=O)nc4)c(C4CCC(=O)N4C)cc3[nH]2)s1)OCC,,,activity,,P4,≥7.5（EC50 ≤ 32 nM）,7.63,False,,CHEMBL3933975,False,,,,,,,,False,True,True,CCOP(=O)(Cc1cnc(-c2cc3cc(Oc4ccc(S(C)(=O)=O)nc4)c(C4CCC(=O)N4C)cc3[nH]2)s1)OCC,1,False,0,0,False,False,无改动,618.6740000000002,618.137177962,41,140.78,187.21,5.9416000000000055,156.1349999999997,1,10,11,11,5,4,0.37037037037037035,14,0,0.20217264392818665,2,O=C1CCC(c2cc3[nH]c(-c4nccs4)cc3cc2Oc2cccnc2)N1,CC1CCC(C2CC3CC(C4CCCC4)CC3CC2CC2CCCCC2)C1,False,"InChI=1S/C27H31N4O7PS2/c1-5-36-39(33,37-6-2)16-19-15-29-27(40-19)22-11-17-12-24(38-18-7-9-25(28-14-18)41(4,34)35)20(13-21(17)30-22)23-8-10-26(32)31(23)3/h7,9,11-15,23,30H,5-6,8,10,16H2,1-4H3",ZEUHQIQPPULALU-UHFFFAOYSA-N,ZEUHQIQPPULALU,1,False,False,False,False,ZEUHQIQPPULALU-UHFFFAOYSA-N,1,True,4
GKA_0347,gka_candidate,CHEMBL3907860,,CN1C(=O)CCC1c1cc2[nH]c(-c3ccccn3)cc2cc1Oc1ccc(CC(=O)O)cc1,,,activity,,P4,≥7.5（EC50 ≤ 32 nM）,7.62,False,,CHEMBL3907860,False,,,,,,,,False,True,True,CN1C(=O)CCC1c1cc2[nH]c(-c3ccccn3)cc2cc1Oc1ccc(CC(=O)O)cc1,1,False,0,0,False,False,无改动,441.48700000000025,441.16885621599994,33,95.52,95.52,4.942600000000004,124.13050000000003,2,4,6,6,5,4,0.19230769230769232,7,0,0.441757453333939,0,O=C1CCC(c2cc3[nH]c(-c4ccccn4)cc3cc2Oc2ccccc2)N1,CC1CCC(C2CC3CC(C4CCCCC4)CC3CC2CC2CCCCC2)C1,False,"InChI=1S/C26H23N3O4/c1-29-23(9-10-25(29)30)19-15-21-17(13-22(28-21)20-4-2-3-11-27-20)14-24(19)33-18-7-5-16(6-8-18)12-26(31)32/h2-8,11,13-15,23,28H,9-10,12H2,1H3,(H,31,32)",KPCXHHRZCBNNKY-UHFFFAOYSA-N,KPCXHHRZCBNNKY,1,True,False,False,False,KPCXHHRZCBNNKY-UHFFFAOYSA-N,1,True,16
GKA_0348,gka_candidate,CHEMBL5084870,,CCOP(=O)(Cn1ccc(NC(=O)c2cc(Oc3ccc(S(C)(=O)=O)nc3)cc(OC(C)C)c2)n1)OCC,,,activity,,P4,≥7.5（EC50 ≤ 32 nM）,7.62,False,,CHEMBL5084870,False,,,,,,,,False,True,True,CCOP(=O)(Cn1ccc(NC(=O)c2cc(Oc3ccc(S(C)(=O)=O)nc3)cc(OC(C)C)c2)n1)OCC,1,False,0,0,False,False,无改动,566.5730000000002,566.1600215819999,38,147.93999999999997,166.12999999999997,4.7370000000000045,140.66549999999987,1,10,13,14,3,3,0.375,14,0,0.2877262401516231,1,O=C(Nc1cc[nH]n1)c1cccc(Oc2cccnc2)c1,CC(CC1CCCC1)C1CCCC(CC2CCCCC2)C1,False,"InChI=1S/C24H31N4O8PS/c1-6-33-37(30,34-7-2)16-28-11-10-22(27-28)26-24(29)18-12-20(35-17(3)4)14-21(13-18)36-19-8-9-23(25-15-19)38(5,31)32/h8-15,17H,6-7,16H2,1-5H3,(H,26,27,29)",WKJQPIXPCLPWGD-UHFFFAOYSA-N,WKJQPIXPCLPWGD,0,False,False,False,False,WKJQPIXPCLPWGD-UHFFFAOYSA-N,1,True,3
GKA_0349,gka_candidate,CHEMBL3577723,,COC[C@H](C)Oc1cc(C#Cc2cccc(N)c2)cc(C(=O)Nc2ccn(C)n2)c1,,,activity,,P4,≥7.5（EC50 ≤ 32 nM）,7.57,False,,CHEMBL3577723,False,,,,,,,,False,True,True,COC[C@H](C)Oc1cc(C#Cc2cccc(N)c2)cc(C(=O)Nc2ccn(C)n2)c1,1,False,0,0,False,False,无改动,404.47000000000014,404.1848406280001,30,91.39999999999999,91.39999999999999,3.068100000000001,116.40360000000004,2,5,6,7,3,3,0.21739130434782608,7,0,0.48668171963635865,0,O=C(Nc1cc[nH]n1)c1cccc(C#Cc2ccccc2)c1,CC(CC1CCCC1)C1CCCC(CCC2CCCCC2)C1,False,"InChI=1S/C23H24N4O3/c1-16(15-29-3)30-21-13-18(8-7-17-5-4-6-20(24)12-17)11-19(14-21)23(28)25-22-9-10-27(2)26-22/h4-6,9-14,16H,15,24H2,1-3H3,(H,25,26,28)/t16-/m0/s1",JJZHLHHSBFBDFN-INIZCTEOSA-N,JJZHLHHSBFBDFN,1,False,False,False,False,JJZHLHHSBFBDFN-INIZCTEOSA-N,1,True,10
GKA_0350,gka_candidate,CHEMBL1258888,,CS(=O)(=O)c1ccc(/C(=C\C2CCCCC2)C(=O)Nc2nccs2)cc1,,,activity,,P4,≥7.5（EC50 ≤ 32 nM）,7.54,False,,CHEMBL1258888,False,,,,,,,,False,True,True,CS(=O)(=O)c1ccc(/C(=C\C2CCCCC2)C(=O)Nc2nccs2)cc1,1,False,0,0,False,False,无改动,390.53,390.1071845640001,26,76.13,112.75,4.149000000000003,104.84750000000003,1,5,5,6,3,2,0.3684210526315789,7,0,0.7783177142670862,0,O=C(Nc1nccs1)/C(=C/C1CCCCC1)c1ccccc1,CC(CC1CCCC1)C(CC1CCCCC1)C1CCCCC1,False,"InChI=1S/C19H22N2O3S2/c1-26(23,24)16-9-7-15(8-10-16)17(13-14-5-3-2-4-6-14)18(22)21-19-20-11-12-25-19/h7-14H,2-6H2,1H3,(H,20,21,22)/b17-13+",SANUEZHQGWAUCN-GHRIWEEISA-N,SANUEZHQGWAUCN,0,False,False,False,False,SANUEZHQGWAUCN-GHRIWEEISA-N,1,True,4
GKA_0351,gka_candidate,CHEMBL4642717,,CC(C)C(=O)N1CCC(c2nsc(Nc3ncc(Sc4ccccn4)cc3Oc3ccccc3)n2)CC1,,,activity,,P4,≥7.5（EC50 ≤ 32 nM）,7.54,False,,CHEMBL4642717,False,,,,,,,,False,True,True,CC(C)C(=O)N1CCC(c2nsc(Nc3ncc(Sc4ccccn4)cc3Oc3ccccc3)n2)CC1,1,False,0,0,False,False,无改动,532.695,532.171516136,37,93.13000000000001,146.67000000000002,6.3772000000000055,145.6976999999998,1,9,8,9,5,4,0.2962962962962963,10,0,0.279514920598678,2,c1ccc(Oc2cc(Sc3ccccn3)cnc2Nc2nc(C3CCNCC3)ns2)cc1,C1CCC(CC2CCC(CC3CCC(C4CCCCC4)C3)C(CC3CCCCC3)C2)CC1,False,"InChI=1S/C27H28N6O2S2/c1-18(2)26(34)33-14-11-19(12-15-33)24-30-27(37-32-24)31-25-22(35-20-8-4-3-5-9-20)16-21(17-29-25)36-23-10-6-7-13-28-23/h3-10,13,16-19H,11-12,14-15H2,1-2H3,(H,29,30,31,32)",IRQKJDXIOXGKIR-UHFFFAOYSA-N,IRQKJDXIOXGKIR,0,False,False,False,False,IRQKJDXIOXGKIR-UHFFFAOYSA-N,1,True,8
GKA_0352,gka_candidate,CHEMBL1778362,,COC[C@H](C)Oc1cc(OCC(F)(F)c2ccccc2)cc(C(=O)Nc2ccc(C(=O)O)cn2)c1,,,activity,,P4,≥7.5（EC50 ≤ 32 nM）,7.52,False,,CHEMBL1778362,False,,,,,,,,False,True,True,COC[C@H](C)Oc1cc(OCC(F)(F)c2ccccc2)cc(C(=O)Nc2ccc(C(=O)O)cn2)c1,1,False,0,0,False,False,无改动,486.4710000000002,486.16024292799995,35,106.98000000000002,106.98000000000002,4.616600000000004,123.38850000000006,2,6,11,12,3,3,0.24,10,0,0.4074047768383088,0,O=C(Nc1ccccn1)c1cccc(OCCc2ccccc2)c1,CC(CC1CCCCC1)C1CCCC(CCCC2CCCCC2)C1,False,"InChI=1S/C25H24F2N2O6/c1-16(14-33-2)35-21-11-18(23(30)29-22-9-8-17(13-28-22)24(31)32)10-20(12-21)34-15-25(26,27)19-6-4-3-5-7-19/h3-13,16H,14-15H2,1-2H3,(H,31,32)(H,28,29,30)/t16-/m0/s1",PPIYZEGVMJHCLQ-INIZCTEOSA-N,PPIYZEGVMJHCLQ,1,True,False,False,False,PPIYZEGVMJHCLQ-INIZCTEOSA-N,1,True,9
GKA_0353,gka_candidate,CHEMBL4083339,,CN1C(=O)CCC1c1cc2[nH]c(-c3ccc(C(F)(F)F)cn3)cc2cc1Oc1ccc(S(C)(=O)=O)nc1,,,activity,,P4,≥7.5（EC50 ≤ 32 nM）,7.51,False,,CHEMBL4083339,False,,,,,,,,False,True,True,CN1C(=O)CCC1c1cc2[nH]c(-c3ccc(C(F)(F)F)cn3)cc2cc1Oc1ccc(S(C)(=O)=O)nc1,1,False,0,0,False,False,无改动,530.5280000000002,530.1235608119999,37,105.24999999999999,113.62999999999998,5.132800000000003,128.6975,1,6,5,6,5,4,0.24,12,0,0.38350956909793515,2,O=C1CCC(c2cc3[nH]c(-c4ccccn4)cc3cc2Oc2cccnc2)N1,CC1CCC(C2CC3CC(C4CCCCC4)CC3CC2CC2CCCCC2)C1,False,"InChI=1S/C25H21F3N4O4S/c1-32-21(6-8-24(32)33)17-11-19-14(9-20(31-19)18-5-3-15(12-29-18)25(26,27)28)10-22(17)36-16-4-7-23(30-13-16)37(2,34)35/h3-5,7,9-13,21,31H,6,8H2,1-2H3",FHILTRSLURDEKR-UHFFFAOYSA-N,FHILTRSLURDEKR,1,False,False,False,False,FHILTRSLURDEKR-UHFFFAOYSA-N,1,True,8
GKA_0354,gka_candidate,CHEMBL4635059,,Cc1csc(Nc2ncc(Sc3ccncc3)cc2Oc2ccccc2)n1,,,activity,,P4,≥7.5（EC50 ≤ 32 nM）,7.5,False,,CHEMBL4635059,False,,,,,,,,False,True,True,Cc1csc(Nc2ncc(Sc3ccncc3)cc2Oc2ccccc2)n1,1,False,0,0,False,False,无改动,392.5090000000001,392.07655313199996,27,59.93000000000001,113.47,5.928620000000003,109.2467,1,7,6,6,4,4,0.05,7,0,0.4388349579384779,1,c1ccc(Oc2cc(Sc3ccncc3)cnc2Nc2nccs2)cc1,C1CCC(CC2CCC(CC3CCCC3)C(CC3CCCCC3)C2)CC1,False,"InChI=1S/C20H16N4OS2/c1-14-13-26-20(23-14)24-19-18(25-15-5-3-2-4-6-15)11-17(12-22-19)27-16-7-9-21-10-8-16/h2-13H,1H3,(H,22,23,24)",ZWPCANBALVUYJI-UHFFFAOYSA-N,ZWPCANBALVUYJI,0,False,False,False,False,ZWPCANBALVUYJI-UHFFFAOYSA-N,1,True,6
GKA_0355,gka_candidate,CHEMBL5092846,,CCOP(=O)(Cn1ccc(NC(=O)c2cc(Oc3ccc(S(=O)(=O)C(C)C)cc3)cc(OC(C)C)c2)n1)OCC,,,activity,,P4,≥7.5（EC50 ≤ 32 nM）,7.5,False,,CHEMBL5092846,False,,,,,,,,False,True,True,CCOP(=O)(Cn1ccc(NC(=O)c2cc(Oc3ccc(S(=O)(=O)C(C)C)cc3)cc(OC(C)C)c2)n1)OCC,1,False,0,0,False,False,无改动,593.6390000000001,593.196072742,40,135.04999999999998,153.23999999999998,6.120600000000006,152.08249999999973,1,9,14,15,3,3,0.4074074074074074,13,0,0.2193130833942529,2,O=C(Nc1cc[nH]n1)c1cccc(Oc2ccccc2)c1,CC(CC1CCCC1)C1CCCC(CC2CCCCC2)C1,False,"InChI=1S/C27H36N3O8PS/c1-7-35-39(32,36-8-2)18-30-14-13-26(29-30)28-27(31)21-15-23(37-19(3)4)17-24(16-21)38-22-9-11-25(12-10-22)40(33,34)20(5)6/h9-17,19-20H,7-8,18H2,1-6H3,(H,28,29,31)",MIJAEWNPMXUIDG-UHFFFAOYSA-N,MIJAEWNPMXUIDG,0,False,False,False,False,MIJAEWNPMXUIDG-UHFFFAOYSA-N,1,True,12
GKA_0356,gka_candidate,CHEMBL1257622,,CS(=O)(=O)c1ccc(/C(=C\C2CCCC2)C(=O)Nc2nccs2)cc1Br,,,activity,,P4,7.0–7.5（32–100 nM）,7.48,False,,CHEMBL1257622,False,,,,,,,,False,True,True,CS(=O)(=O)c1ccc(/C(=C\C2CCCC2)C(=O)Nc2nccs2)cc1Br,1,False,0,0,False,False,无改动,455.399,454.002046568,26,76.13,112.75,4.521400000000003,107.93050000000004,1,5,5,6,3,2,0.3333333333333333,8,0,0.6730157730841225,0,O=C(Nc1nccs1)/C(=C/C1CCCC1)c1ccccc1,CC(CC1CCCC1)C(CC1CCCC1)C1CCCCC1,False,"InChI=1S/C18H19BrN2O3S2/c1-26(23,24)16-7-6-13(11-15(16)19)14(10-12-4-2-3-5-12)17(22)21-18-20-8-9-25-18/h6-12H,2-5H2,1H3,(H,20,21,22)/b14-10+",RRNQUGCUBMNGCT-GXDHUFHOSA-N,RRNQUGCUBMNGCT,0,False,False,False,False,RRNQUGCUBMNGCT-GXDHUFHOSA-N,1,True,8
GKA_0357,gka_candidate,CHEMBL3235156,,COC(CNCc1csc(NC(=O)c2cc(Oc3ccc(S(C)(=O)=O)cc3)cc(-c3ncccc3C)c2)n1)OC,,,activity,,P4,7.0–7.5（32–100 nM）,7.48,False,,CHEMBL3235156,False,,,,,,,,False,True,True,COC(CNCc1csc(NC(=O)c2cc(Oc3ccc(S(C)(=O)=O)cc3)cc(-c3ncccc3C)c2)n1)OC,1,False,0,0,False,False,无改动,582.7040000000002,582.16067668,40,128.73999999999998,165.35999999999999,4.670120000000003,153.6156999999997,2,10,12,13,4,4,0.25,12,0,0.22902579657408653,1,O=C(Nc1nccs1)c1cc(Oc2ccccc2)cc(-c2ccccn2)c1,CC(CC1CCCC1)C1CC(CC2CCCCC2)CC(C2CCCCC2)C1,False,"InChI=1S/C28H30N4O6S2/c1-18-6-5-11-30-26(18)19-12-20(14-23(13-19)38-22-7-9-24(10-8-22)40(4,34)35)27(33)32-28-31-21(17-39-28)15-29-16-25(36-2)37-3/h5-14,17,25,29H,15-16H2,1-4H3,(H,31,32,33)",QEHMFFGQNSDFFI-UHFFFAOYSA-N,QEHMFFGQNSDFFI,0,False,True,False,False,QEHMFFGQNSDFFI-UHFFFAOYSA-N,1,True,7
GKA_0358,gka_candidate,CHEMBL3577722,,COC[C@H](C)Oc1cc(C#Cc2ccc(N)cc2)cc(C(=O)Nc2ccn(C)n2)c1,,,activity,,P4,7.0–7.5（32–100 nM）,7.47,False,,CHEMBL3577722,False,,,,,,,,False,True,True,COC[C@H](C)Oc1cc(C#Cc2ccc(N)cc2)cc(C(=O)Nc2ccn(C)n2)c1,1,False,0,0,False,False,无改动,404.47000000000014,404.1848406280001,30,91.39999999999999,91.39999999999999,3.068100000000001,116.40360000000004,2,5,6,7,3,3,0.21739130434782608,7,0,0.48668171963635865,0,O=C(Nc1cc[nH]n1)c1cccc(C#Cc2ccccc2)c1,CC(CC1CCCC1)C1CCCC(CCC2CCCCC2)C1,False,"InChI=1S/C23H24N4O3/c1-16(15-29-3)30-21-13-18(5-4-17-6-8-20(24)9-7-17)12-19(14-21)23(28)25-22-10-11-27(2)26-22/h6-14,16H,15,24H2,1-3H3,(H,25,26,28)/t16-/m0/s1",CBHDZTDYNFYFNN-INIZCTEOSA-N,CBHDZTDYNFYFNN,1,False,False,False,False,CBHDZTDYNFYFNN-INIZCTEOSA-N,1,True,10
GKA_0359,gka_candidate,CHEMBL4643638,,O=C(CO)N1CCC(c2nsc(Nc3ncc(Sc4ccccn4)cc3Oc3ccccc3)n2)CC1,,,activity,,P4,7.0–7.5（32–100 nM）,7.44,False,,CHEMBL4643638,False,,,,,,,,False,True,True,O=C(CO)N1CCC(c2nsc(Nc3ncc(Sc4ccccn4)cc3Oc3ccccc3)n2)CC1,1,False,0,0,False,False,无改动,520.6400000000002,520.1351306280001,36,113.36,166.90000000000003,4.713500000000004,137.94549999999984,2,10,8,9,5,4,0.24,11,0,0.3407939276038999,1,c1ccc(Oc2cc(Sc3ccccn3)cnc2Nc2nc(C3CCNCC3)ns2)cc1,C1CCC(CC2CCC(CC3CCC(C4CCCCC4)C3)C(CC3CCCCC3)C2)CC1,False,"InChI=1S/C25H24N6O3S2/c32-16-22(33)31-12-9-17(10-13-31)23-28-25(36-30-23)29-24-20(34-18-6-2-1-3-7-18)14-19(15-27-24)35-21-8-4-5-11-26-21/h1-8,11,14-15,17,32H,9-10,12-13,16H2,(H,27,28,29,30)",JCSZXBIMTCZGOX-UHFFFAOYSA-N,JCSZXBIMTCZGOX,0,False,False,False,False,JCSZXBIMTCZGOX-UHFFFAOYSA-N,1,True,8
GKA_0360,gka_candidate,CHEMBL205627,,COC[C@H](C)Oc1cc(O[C@@H](C)Cc2ccccc2)cc(C(=O)Nc2ccc(C(=O)O)cn2)c1,,,activity,,P4,7.0–7.5（32–100 nM）,7.435,False,,CHEMBL205627,False,,,,,,,,False,True,True,COC[C@H](C)Oc1cc(O[C@@H](C)Cc2ccccc2)cc(C(=O)Nc2ccc(C(=O)O)cn2)c1,1,False,0,0,False,False,无改动,464.5180000000002,464.19473661599994,34,106.98000000000002,106.98000000000002,4.4558000000000035,127.79350000000007,2,6,11,12,3,3,0.2692307692307692,8,0,0.4315114207539972,0,O=C(Nc1ccccn1)c1cccc(OCCc2ccccc2)c1,CC(CC1CCCCC1)C1CCCC(CCCC2CCCCC2)C1,False,"InChI=1S/C26H28N2O6/c1-17(11-19-7-5-4-6-8-19)33-22-12-21(13-23(14-22)34-18(2)16-32-3)25(29)28-24-10-9-20(15-27-24)26(30)31/h4-10,12-15,17-18H,11,16H2,1-3H3,(H,30,31)(H,27,28,29)/t17-,18-/m0/s1",OCBMECSFDVUYQN-ROUUACIJSA-N,OCBMECSFDVUYQN,2,True,False,False,False,OCBMECSFDVUYQN-ROUUACIJSA-N,1,True,9
GKA_0361,gka_candidate,CHEMBL3577725,,COC[C@H](C)Oc1cc(C#Cc2cccc(N(C)C)c2)cc(C(=O)Nc2ccn(C)n2)c1,,,activity,,P4,7.0–7.5（32–100 nM）,7.43,False,,CHEMBL3577725,False,,,,,,,,False,True,True,COC[C@H](C)Oc1cc(C#Cc2cccc(N(C)C)c2)cc(C(=O)Nc2ccn(C)n2)c1,1,False,0,0,False,False,无改动,432.5240000000001,432.2161407560001,32,68.62,68.62,3.5519000000000025,126.31820000000005,1,5,7,8,3,3,0.28,7,0,0.5785321816910114,0,O=C(Nc1cc[nH]n1)c1cccc(C#Cc2ccccc2)c1,CC(CC1CCCC1)C1CCCC(CCC2CCCCC2)C1,False,"InChI=1S/C25H28N4O3/c1-18(17-31-5)32-23-15-20(10-9-19-7-6-8-22(14-19)28(2)3)13-21(16-23)25(30)26-24-11-12-29(4)27-24/h6-8,11-16,18H,17H2,1-5H3,(H,26,27,30)/t18-/m0/s1",YKFDRMAPCBSONZ-SFHVURJKSA-N,YKFDRMAPCBSONZ,1,False,False,False,False,YKFDRMAPCBSONZ-SFHVURJKSA-N,1,True,10
GKA_0362,gka_candidate,CHEMBL4635073,,C[C@H](O)C(=O)N1CCC(c2nsc(Nc3ncc(Sc4ccccn4)cc3Oc3ccccc3)n2)CC1,,,activity,,P4,7.0–7.5（32–100 nM）,7.43,False,,CHEMBL4635073,False,,,,,,,,False,True,True,C[C@H](O)C(=O)N1CCC(c2nsc(Nc3ncc(Sc4ccccn4)cc3Oc3ccccc3)n2)CC1,1,False,0,0,False,False,无改动,534.6670000000001,534.150780692,37,113.36,166.90000000000003,5.102000000000004,142.5404999999998,2,10,8,9,5,4,0.2692307692307692,11,0,0.3185723645822988,2,c1ccc(Oc2cc(Sc3ccccn3)cnc2Nc2nc(C3CCNCC3)ns2)cc1,C1CCC(CC2CCC(CC3CCC(C4CCCCC4)C3)C(CC3CCCCC3)C2)CC1,False,"InChI=1S/C26H26N6O3S2/c1-17(33)25(34)32-13-10-18(11-14-32)23-29-26(37-31-23)30-24-21(35-19-7-3-2-4-8-19)15-20(16-28-24)36-22-9-5-6-12-27-22/h2-9,12,15-18,33H,10-11,13-14H2,1H3,(H,28,29,30,31)/t17-/m0/s1",OGTIVLDRXVBTPJ-KRWDZBQOSA-N,OGTIVLDRXVBTPJ,1,False,False,False,False,OGTIVLDRXVBTPJ-KRWDZBQOSA-N,1,True,8
GKA_0363,gka_candidate,CHEMBL3577724,,COC[C@H](C)Oc1cc(C#Cc2cccc(O)c2)cc(C(=O)Nc2ccn(C)n2)c1,,,activity,,P4,7.0–7.5（32–100 nM）,7.41,False,,CHEMBL3577724,False,,,,,,,,False,True,True,COC[C@H](C)Oc1cc(C#Cc2cccc(O)c2)cc(C(=O)Nc2ccn(C)n2)c1,1,False,0,0,False,False,无改动,405.4540000000001,405.16885621600005,30,85.61,85.61,3.1915000000000013,113.65600000000005,2,5,6,7,3,3,0.21739130434782608,7,0,0.6154382017289245,0,O=C(Nc1cc[nH]n1)c1cccc(C#Cc2ccccc2)c1,CC(CC1CCCC1)C1CCCC(CCC2CCCCC2)C1,False,"InChI=1S/C23H23N3O4/c1-16(15-29-3)30-21-13-18(8-7-17-5-4-6-20(27)12-17)11-19(14-21)23(28)24-22-9-10-26(2)25-22/h4-6,9-14,16,27H,15H2,1-3H3,(H,24,25,28)/t16-/m0/s1",PJTAOMSSUKRPQE-INIZCTEOSA-N,PJTAOMSSUKRPQE,1,False,False,False,False,PJTAOMSSUKRPQE-INIZCTEOSA-N,1,True,10
GKA_0364,gka_candidate,CHEMBL3577731,,COCCNc1cccc(C#Cc2cc(O[C@@H](C)COC)cc(C(=O)Nc3ccn(C)n3)c2)c1,,,activity,,P4,7.0–7.5（32–100 nM）,7.41,False,,CHEMBL3577731,False,,,,,,,,False,True,True,COCCNc1cccc(C#Cc2cc(O[C@@H](C)COC)cc(C(=O)Nc3ccn(C)n3)c2)c1,1,False,0,0,False,False,无改动,462.5500000000001,462.22670544000005,34,86.64,86.64,3.544200000000002,132.3569,2,6,10,11,3,3,0.3076923076923077,8,0,0.3540750303166716,0,O=C(Nc1cc[nH]n1)c1cccc(C#Cc2ccccc2)c1,CC(CC1CCCC1)C1CCCC(CCC2CCCCC2)C1,False,"InChI=1S/C26H30N4O4/c1-19(18-33-4)34-24-16-21(9-8-20-6-5-7-23(15-20)27-11-13-32-3)14-22(17-24)26(31)28-25-10-12-30(2)29-25/h5-7,10,12,14-17,19,27H,11,13,18H2,1-4H3,(H,28,29,31)/t19-/m0/s1",CWHZDWWBUMWOKH-IBGZPJMESA-N,CWHZDWWBUMWOKH,1,False,False,False,False,CWHZDWWBUMWOKH-IBGZPJMESA-N,1,True,10
GKA_0365,gka_candidate,CHEMBL3965916,,CN1C(=O)CCC1c1cc2[nH]c(-c3cnccn3)cc2cc1Oc1ccc(CCC(=O)O)cc1,,,activity,,P4,7.0–7.5（32–100 nM）,7.41,False,,CHEMBL3965916,False,,,,,,,,False,True,True,CN1C(=O)CCC1c1cc2[nH]c(-c3cnccn3)cc2cc1Oc1ccc(CCC(=O)O)cc1,1,False,0,0,False,False,无改动,456.5020000000003,456.17975524799994,34,108.41000000000001,108.41000000000001,4.727700000000003,126.54250000000005,2,5,7,7,5,4,0.23076923076923078,8,0,0.41628325846110453,0,O=C1CCC(c2cc3[nH]c(-c4cnccn4)cc3cc2Oc2ccccc2)N1,CC1CCC(C2CC3CC(C4CCCCC4)CC3CC2CC2CCCCC2)C1,False,"InChI=1S/C26H24N4O4/c1-30-23(7-8-25(30)31)19-14-20-17(12-21(29-20)22-15-27-10-11-28-22)13-24(19)34-18-5-2-16(3-6-18)4-9-26(32)33/h2-3,5-6,10-15,23,29H,4,7-9H2,1H3,(H,32,33)",JFTRCCDTVNJVPP-UHFFFAOYSA-N,JFTRCCDTVNJVPP,1,True,False,False,False,JFTRCCDTVNJVPP-UHFFFAOYSA-N,1,True,2
GKA_0366,gka_candidate,CHEMBL1778354,,COC[C@H](C)Oc1cc(O[C@@H](C)Cc2ccc(F)cc2)cc(C(=O)Nc2ccc(C(=O)O)cn2)c1,,,activity,,P4,7.0–7.5（32–100 nM）,7.4,False,,CHEMBL1778354,False,,,,,,,,False,True,True,COC[C@H](C)Oc1cc(O[C@@H](C)Cc2ccc(F)cc2)cc(C(=O)Nc2ccc(C(=O)O)cn2)c1,1,False,0,0,False,False,无改动,482.50800000000015,482.185314804,35,106.98000000000002,106.98000000000002,4.5949000000000035,127.75150000000005,2,6,11,12,3,3,0.2692307692307692,9,0,0.4114780768078116,0,O=C(Nc1ccccn1)c1cccc(OCCc2ccccc2)c1,CC(CC1CCCCC1)C1CCCC(CCCC2CCCCC2)C1,False,"InChI=1S/C26H27FN2O6/c1-16(10-18-4-7-21(27)8-5-18)34-22-11-20(12-23(13-22)35-17(2)15-33-3)25(30)29-24-9-6-19(14-28-24)26(31)32/h4-9,11-14,16-17H,10,15H2,1-3H3,(H,31,32)(H,28,29,30)/t16-,17-/m0/s1",YCMZIWKNBMLCBK-IRXDYDNUSA-N,YCMZIWKNBMLCBK,2,True,False,False,False,YCMZIWKNBMLCBK-IRXDYDNUSA-N,1,True,9
GKA_0367,gka_candidate,CHEMBL3217924,,C[C@@H](CO)Oc1cc(Oc2ccc(C(=O)N(C)C)cc2)cc(C(=O)Nc2ccn(C)n2)c1,,,activity,,P4,7.0–7.5（32–100 nM）,7.4,False,,CHEMBL3217924,False,,,,,,,,False,True,True,C[C@@H](CO)Oc1cc(Oc2ccc(C(=O)N(C)C)cc2)cc(C(=O)Nc2ccn(C)n2)c1,1,False,0,0,False,False,无改动,438.4840000000001,438.190319932,32,105.92,105.92,2.926100000000001,119.31250000000006,2,6,8,10,3,3,0.2608695652173913,9,0,0.5602250536855148,0,O=C(Nc1cc[nH]n1)c1cccc(Oc2ccccc2)c1,CC(CC1CCCC1)C1CCCC(CC2CCCCC2)C1,False,"InChI=1S/C23H26N4O5/c1-15(14-28)31-19-11-17(22(29)24-21-9-10-27(4)25-21)12-20(13-19)32-18-7-5-16(6-8-18)23(30)26(2)3/h5-13,15,28H,14H2,1-4H3,(H,24,25,29)/t15-/m0/s1",XOAHBZSSFWLDFT-HNNXBMFYSA-N,XOAHBZSSFWLDFT,1,False,False,False,False,XOAHBZSSFWLDFT-HNNXBMFYSA-N,1,True,12
GKA_0368,gka_candidate,CHEMBL4083428,,O=C(Nc1ncc(F)s1)[C@H](CC1CCOCC1)n1ncc2c(S(=O)(=O)C3CC3)cccc21,,,activity,,P4,7.0–7.5（32–100 nM）,7.4,False,,CHEMBL4083428,False,,,,,,,,False,True,True,O=C(Nc1ncc(F)s1)[C@H](CC1CCOCC1)n1ncc2c(S(=O)(=O)C3CC3)cccc21,1,False,0,0,False,False,无改动,478.5710000000002,478.11447543599996,32,103.17999999999998,139.8,3.5645000000000024,117.83950000000003,1,7,7,8,5,3,0.47619047619047616,11,0,0.5569640748444997,0,O=C(Nc1nccs1)[C@H](CC1CCOCC1)n1ncc2c(S(=O)(=O)C3CC3)cccc21,CC(CC1CCCC1)C(CC1CCCCC1)C1CCC2C1CCCC2C(C)(C)C1CC1,False,"InChI=1S/C21H23FN4O4S2/c22-19-12-23-21(31-19)25-20(27)17(10-13-6-8-30-9-7-13)26-16-2-1-3-18(15(16)11-24-26)32(28,29)14-4-5-14/h1-3,11-14,17H,4-10H2,(H,23,25,27)/t17-/m0/s1",VFUKAAVEACENGY-KRWDZBQOSA-N,VFUKAAVEACENGY,1,False,False,False,False,VFUKAAVEACENGY-KRWDZBQOSA-N,1,True,6
GKA_0369,gka_candidate,CHEMBL558885,,O=C(Nc1nccs1)c1nc(Sc2nnc[nH]2)ccc1Sc1cccc(F)c1,,,activity,,P4,7.0–7.5（32–100 nM）,7.4,False,,CHEMBL558885,False,,,,,,,,False,True,True,O=C(Nc1nccs1)c1nc(Sc2nnc[nH]2)ccc1Sc1cccc(F)c1,1,False,0,0,False,False,无改动,430.5150000000001,430.01405019200007,28,96.45000000000002,175.29,4.350000000000001,105.3329,2,8,6,7,4,4,0.0,11,0,0.46933629838345153,0,O=C(Nc1nccs1)c1nc(Sc2nnc[nH]2)ccc1Sc1ccccc1,CC(CC1CCCC1)C1CC(CC2CCCC2)CCC1CC1CCCCC1,False,"InChI=1S/C17H11FN6OS3/c18-10-2-1-3-11(8-10)27-12-4-5-13(28-17-20-9-21-24-17)22-14(12)15(25)23-16-19-6-7-26-16/h1-9H,(H,19,23,25)(H,20,21,24)",ZGBJNPCZVCWAHZ-UHFFFAOYSA-N,ZGBJNPCZVCWAHZ,0,False,False,False,False,ZGBJNPCZVCWAHZ-UHFFFAOYSA-N,1,True,11
GKA_0370,gka_candidate,CHEMBL3970863,,CN1C(=O)CCC1c1cc2[nH]c(-c3ccc(C(F)(F)F)cn3)cc2cc1Oc1ccc(CCC(=O)O)cc1,,,activity,,P4,7.0–7.5（32–100 nM）,7.38,False,,CHEMBL3970863,False,,,,,,,,False,True,True,CN1C(=O)CCC1c1cc2[nH]c(-c3ccc(C(F)(F)F)cn3)cc2cc1Oc1ccc(CCC(=O)O)cc1,1,False,0,0,False,False,无改动,523.5110000000003,523.1718909079999,38,95.52,95.52,6.351500000000004,133.74949999999998,2,4,7,8,5,4,0.25,10,0,0.29431020521425705,2,O=C1CCC(c2cc3[nH]c(-c4ccccn4)cc3cc2Oc2ccccc2)N1,CC1CCC(C2CC3CC(C4CCCCC4)CC3CC2CC2CCCCC2)C1,False,"InChI=1S/C28H24F3N3O4/c1-34-24(9-10-26(34)35)20-14-22-17(12-23(33-22)21-8-5-18(15-32-21)28(29,30)31)13-25(20)38-19-6-2-16(3-7-19)4-11-27(36)37/h2-3,5-8,12-15,24,33H,4,9-11H2,1H3,(H,36,37)",WPGQTUWWDVWSBZ-UHFFFAOYSA-N,WPGQTUWWDVWSBZ,1,True,False,False,False,WPGQTUWWDVWSBZ-UHFFFAOYSA-N,1,True,16
GKA_0371,gka_candidate,CHEMBL572590,,CCN(CC)S(=O)(=O)c1ccc(C(CC2CCCC2)C(=O)Nc2nc3ccc(OC)nc3s2)cc1,,,activity,,P4,7.0–7.5（32–100 nM）,7.38,False,,CHEMBL572590,False,,,,,,,,False,True,True,CCN(CC)S(=O)(=O)c1ccc(C(CC2CCCC2)C(=O)Nc2nc3ccc(OC)nc3s2)cc1,1,False,0,0,False,False,无改动,516.6890000000003,516.186497504,35,101.49000000000001,138.11,5.033000000000005,138.46149999999994,1,7,10,11,4,3,0.48,10,0,0.4054111535130395,2,O=C(Nc1nc2cccnc2s1)C(CC1CCCC1)c1ccccc1,CC(CC1CC2CCCCC2C1)C(CC1CCCC1)C1CCCCC1,False,"InChI=1S/C25H32N4O4S2/c1-4-29(5-2)35(31,32)19-12-10-18(11-13-19)20(16-17-8-6-7-9-17)23(30)28-25-26-21-14-15-22(33-3)27-24(21)34-25/h10-15,17,20H,4-9,16H2,1-3H3,(H,26,28,30)",SLAIZTDQGUFKDC-UHFFFAOYSA-N,SLAIZTDQGUFKDC,1,False,False,True,False,SLAIZTDQGUFKDC-UHFFFAOYSA-N,1,True,9
GKA_0372,gka_candidate,CHEMBL1257621,,CS(=O)(=O)c1ccc(/C(=C\C2CCCC2)C(=O)Nc2nccs2)cc1Cl,,,activity,,P4,7.0–7.5（32–100 nM）,7.35,False,,CHEMBL1257621,False,,,,,,,,False,True,True,CS(=O)(=O)c1ccc(/C(=C\C2CCCC2)C(=O)Nc2nccs2)cc1Cl,1,False,0,0,False,False,无改动,410.948,410.052562148,26,76.13,112.75,4.412300000000004,105.24050000000003,1,5,5,6,3,2,0.3333333333333333,8,0,0.7403101411269579,0,O=C(Nc1nccs1)/C(=C/C1CCCC1)c1ccccc1,CC(CC1CCCC1)C(CC1CCCC1)C1CCCCC1,False,"InChI=1S/C18H19ClN2O3S2/c1-26(23,24)16-7-6-13(11-15(16)19)14(10-12-4-2-3-5-12)17(22)21-18-20-8-9-25-18/h6-12H,2-5H2,1H3,(H,20,21,22)/b14-10+",LQQZQDWVRVMLMR-GXDHUFHOSA-N,LQQZQDWVRVMLMR,0,False,False,False,False,LQQZQDWVRVMLMR-GXDHUFHOSA-N,1,True,8
GKA_0373,gka_candidate,CHEMBL3577734,,COC[C@H](C)Oc1cc(C#Cc2cccc(OCC#N)c2)cc(C(=O)Nc2ccn(C)n2)c1,,,activity,,P4,7.0–7.5（32–100 nM）,7.34,False,,CHEMBL3577734,False,,,,,,,,False,True,True,COC[C@H](C)Oc1cc(C#Cc2cccc(OCC#N)c2)cc(C(=O)Nc2ccn(C)n2)c1,1,False,0,0,False,False,无改动,444.4910000000001,444.17975524800005,33,98.40000000000002,98.40000000000002,3.3882800000000017,123.09920000000005,1,6,8,9,3,3,0.24,8,0,0.5350269367129474,0,O=C(Nc1cc[nH]n1)c1cccc(C#Cc2ccccc2)c1,CC(CC1CCCC1)C1CCCC(CCC2CCCCC2)C1,False,"InChI=1S/C25H24N4O4/c1-18(17-31-3)33-23-15-20(8-7-19-5-4-6-22(14-19)32-12-10-26)13-21(16-23)25(30)27-24-9-11-29(2)28-24/h4-6,9,11,13-16,18H,12,17H2,1-3H3,(H,27,28,30)/t18-/m0/s1",PMROETUNRLSDTN-SFHVURJKSA-N,PMROETUNRLSDTN,1,False,False,False,False,PMROETUNRLSDTN-SFHVURJKSA-N,1,True,10
GKA_0374,gka_candidate,CHEMBL2022799,,CC(C)=CCOc1cc(Oc2ccc(S(=O)(=O)C3CC3)cc2)cc(C(=O)Nc2ncc(F)s2)c1,,,activity,,P4,7.0–7.5（32–100 nM）,7.32,False,,CHEMBL2022799,False,,,,,,,,False,True,True,CC(C)=CCOc1cc(Oc2ccc(S(=O)(=O)C3CC3)cc2)cc(C(=O)Nc2ncc(F)s2)c1,1,False,0,0,False,False,无改动,502.5890000000002,502.10324205600006,34,94.59,131.21,5.607900000000004,128.11700000000005,1,7,9,10,4,3,0.25,10,0,0.3824637320933271,2,O=C(Nc1nccs1)c1cccc(Oc2ccc(S(=O)(=O)C3CC3)cc2)c1,CC(CC1CCCC1)C1CCCC(CC2CCC(C(C)(C)C3CC3)CC2)C1,False,"InChI=1S/C24H23FN2O5S2/c1-15(2)9-10-31-18-11-16(23(28)27-24-26-14-22(25)33-24)12-19(13-18)32-17-3-5-20(6-4-17)34(29,30)21-7-8-21/h3-6,9,11-14,21H,7-8,10H2,1-2H3,(H,26,27,28)",AIMSCTYIXVWYHH-UHFFFAOYSA-N,AIMSCTYIXVWYHH,0,False,False,False,False,AIMSCTYIXVWYHH-UHFFFAOYSA-N,1,True,2
GKA_0375,gka_candidate,CHEMBL3983869,,CN1C(=O)CCC1c1cc2[nH]c(-c3nc(CC(=O)O)c(Cl)s3)cc2cc1Oc1ccc(S(C)(=O)=O)cc1,,,activity,,P4,7.0–7.5（32–100 nM）,7.32,False,,CHEMBL3983869,False,,,,,,,,False,True,True,CN1C(=O)CCC1c1cc2[nH]c(-c3nc(CC(=O)O)c(Cl)s3)cc2cc1Oc1ccc(S(C)(=O)=O)cc1,1,False,0,0,False,False,无改动,560.0530000000002,559.0638551039999,37,129.66,166.28,5.061000000000004,140.12729999999988,2,7,7,7,5,4,0.24,12,0,0.3234531074167385,2,O=C1CCC(c2cc3[nH]c(-c4nccs4)cc3cc2Oc2ccccc2)N1,CC1CCC(C2CC3CC(C4CCCC4)CC3CC2CC2CCCCC2)C1,False,"InChI=1S/C25H22ClN3O6S2/c1-29-20(7-8-22(29)30)16-11-17-13(9-19(27-17)25-28-18(12-23(31)32)24(26)36-25)10-21(16)35-14-3-5-15(6-4-14)37(2,33)34/h3-6,9-11,20,27H,7-8,12H2,1-2H3,(H,31,32)",MEGWWHSKCPGNAB-UHFFFAOYSA-N,MEGWWHSKCPGNAB,1,True,False,False,False,MEGWWHSKCPGNAB-UHFFFAOYSA-N,1,True,5
GKA_0376,gka_candidate,CHEMBL5093978,,CCOP(=O)(Cn1ccc(NC(=O)c2cc(Oc3ccc(S(C)(=O)=O)cc3)cc(OC(C)C)c2)n1)OCC,,,activity,,P4,7.0–7.5（32–100 nM）,7.32,False,,CHEMBL5093978,False,,,,,,,,False,True,True,CCOP(=O)(Cn1ccc(NC(=O)c2cc(Oc3ccc(S(C)(=O)=O)cc3)cc(OC(C)C)c2)n1)OCC,1,False,0,0,False,False,无改动,565.5850000000002,565.164772614,38,135.04999999999998,153.23999999999998,5.342000000000005,142.87049999999982,1,9,13,14,3,3,0.36,13,0,0.27240593609074165,2,O=C(Nc1cc[nH]n1)c1cccc(Oc2ccccc2)c1,CC(CC1CCCC1)C1CCCC(CC2CCCCC2)C1,False,"InChI=1S/C25H32N3O8PS/c1-6-33-37(30,34-7-2)17-28-13-12-24(27-28)26-25(29)19-14-21(35-18(3)4)16-22(15-19)36-20-8-10-23(11-9-20)38(5,31)32/h8-16,18H,6-7,17H2,1-5H3,(H,26,27,29)",QWZJRXIVGFARPX-UHFFFAOYSA-N,QWZJRXIVGFARPX,0,False,False,False,False,QWZJRXIVGFARPX-UHFFFAOYSA-N,1,True,12
GKA_0377,gka_candidate,CHEMBL1257391,,Cc1cnc(NC(=O)/C(=C/C2CCCC2)c2ccc(S(C)(=O)=O)cc2)s1,,,activity,,P4,7.0–7.5（32–100 nM）,7.31,False,,CHEMBL1257391,False,,,,,,,,False,True,True,Cc1cnc(NC(=O)/C(=C/C2CCCC2)c2ccc(S(C)(=O)=O)cc2)s1,1,False,0,0,False,False,无改动,390.53000000000003,390.10718456399997,26,76.13,112.74999999999999,4.067320000000003,104.96750000000003,1,5,5,6,3,2,0.3684210526315789,7,0,0.7810536801585778,0,O=C(Nc1nccs1)/C(=C/C1CCCC1)c1ccccc1,CC(CC1CCCC1)C(CC1CCCC1)C1CCCCC1,False,"InChI=1S/C19H22N2O3S2/c1-13-12-20-19(25-13)21-18(22)17(11-14-5-3-4-6-14)15-7-9-16(10-8-15)26(2,23)24/h7-12,14H,3-6H2,1-2H3,(H,20,21,22)/b17-11+",BKPACVDMVCTNRZ-GZTJUZNOSA-N,BKPACVDMVCTNRZ,0,False,False,False,False,BKPACVDMVCTNRZ-GZTJUZNOSA-N,1,True,8
GKA_0378,gka_candidate,CHEMBL3982875,,CN1C(=O)CCC1c1cc2[nH]c(-c3nc(CC(=O)O)c(Cl)s3)cc2cc1Oc1ccc(S(C)(=O)=O)nc1,,,activity,,P4,7.0–7.5（32–100 nM）,7.31,False,,CHEMBL3982875,False,,,,,,,,False,True,True,CN1C(=O)CCC1c1cc2[nH]c(-c3nc(CC(=O)O)c(Cl)s3)cc2cc1Oc1ccc(S(C)(=O)=O)nc1,1,False,0,0,False,False,无改动,561.0410000000002,560.0591040719999,37,142.55,179.17000000000002,4.456000000000003,137.9222999999999,2,8,7,7,5,4,0.25,13,0,0.33720298730413845,1,O=C1CCC(c2cc3[nH]c(-c4nccs4)cc3cc2Oc2cccnc2)N1,CC1CCC(C2CC3CC(C4CCCC4)CC3CC2CC2CCCCC2)C1,False,"InChI=1S/C24H21ClN4O6S2/c1-29-18(4-6-21(29)30)14-9-15-12(7-17(27-15)24-28-16(10-22(31)32)23(25)36-24)8-19(14)35-13-3-5-20(26-11-13)37(2,33)34/h3,5,7-9,11,18,27H,4,6,10H2,1-2H3,(H,31,32)",AWFVQPALBXMUDB-UHFFFAOYSA-N,AWFVQPALBXMUDB,1,True,False,False,False,AWFVQPALBXMUDB-UHFFFAOYSA-N,1,True,4
GKA_0379,gka_candidate,CHEMBL4091838,,COc1ccc(Sc2ccc(Sc3ccccn3)nc2C(=O)Nc2nc(CC(=O)O)cs2)cc1,,,activity,,P4,7.0–7.5（32–100 nM）,7.31,False,,CHEMBL4091838,False,,,,,,,,False,True,True,COc1ccc(Sc2ccc(Sc3ccccn3)nc2C(=O)Nc2nc(CC(=O)O)cs2)cc1,1,False,0,0,False,False,无改动,510.62200000000024,510.04901805599997,34,114.3,193.14000000000001,5.123500000000003,131.12100000000004,2,9,9,10,4,4,0.08695652173913043,11,0,0.3163963446490804,2,O=C(Nc1nccs1)c1nc(Sc2ccccn2)ccc1Sc1ccccc1,CC(CC1CCCC1)C1CC(CC2CCCCC2)CCC1CC1CCCCC1,False,"InChI=1S/C23H18N4O4S3/c1-31-15-5-7-16(8-6-15)33-17-9-10-19(34-18-4-2-3-11-24-18)26-21(17)22(30)27-23-25-14(13-32-23)12-20(28)29/h2-11,13H,12H2,1H3,(H,28,29)(H,25,27,30)",XWVLMYWQBFKPTP-UHFFFAOYSA-N,XWVLMYWQBFKPTP,0,True,False,False,False,XWVLMYWQBFKPTP-UHFFFAOYSA-N,1,True,5
GKA_0380,gka_candidate,CHEMBL1778356,,COC[C@H](C)Oc1cc(O[C@@H](C)Cc2cc(F)cc(F)c2)cc(C(=O)Nc2ccc(C(=O)O)cn2)c1,,,activity,,P4,7.0–7.5（32–100 nM）,7.3,False,,CHEMBL1778356,False,,,,,,,,False,True,True,COC[C@H](C)Oc1cc(O[C@@H](C)Cc2cc(F)cc(F)c2)cc(C(=O)Nc2ccc(C(=O)O)cn2)c1,1,False,0,0,False,False,无改动,500.49800000000016,500.17589299199994,36,106.98000000000002,106.98000000000002,4.7340000000000035,127.70950000000006,2,6,11,12,3,3,0.2692307692307692,10,0,0.3918672186376687,1,O=C(Nc1ccccn1)c1cccc(OCCc2ccccc2)c1,CC(CC1CCCCC1)C1CCCC(CCCC2CCCCC2)C1,False,"InChI=1S/C26H26F2N2O6/c1-15(6-17-7-20(27)11-21(28)8-17)35-22-9-19(10-23(12-22)36-16(2)14-34-3)25(31)30-24-5-4-18(13-29-24)26(32)33/h4-5,7-13,15-16H,6,14H2,1-3H3,(H,32,33)(H,29,30,31)/t15-,16-/m0/s1",HWRHBCYTRFVQSX-HOTGVXAUSA-N,HWRHBCYTRFVQSX,2,True,False,False,False,HWRHBCYTRFVQSX-HOTGVXAUSA-N,1,True,9
GKA_0381,gka_candidate,CHEMBL3217758,,COC[C@H](C)Oc1cc(Oc2ccc(C(=O)N(C)C)cc2)cc(C(=O)Nc2cc[nH]n2)c1,,,activity,,P4,7.0–7.5（32–100 nM）,7.3,False,,CHEMBL3217758,False,,,,,,,,False,True,True,COC[C@H](C)Oc1cc(Oc2ccc(C(=O)N(C)C)cc2)cc(C(=O)Nc2cc[nH]n2)c1,1,False,0,0,False,False,无改动,438.4840000000001,438.190319932,32,105.78000000000002,105.78000000000002,3.5698000000000016,119.48240000000004,2,6,9,11,3,3,0.2608695652173913,9,0,0.5291166479170589,0,O=C(Nc1cc[nH]n1)c1cccc(Oc2ccccc2)c1,CC(CC1CCCC1)C1CCCC(CC2CCCCC2)C1,False,"InChI=1S/C23H26N4O5/c1-15(14-30-4)31-19-11-17(22(28)25-21-9-10-24-26-21)12-20(13-19)32-18-7-5-16(6-8-18)23(29)27(2)3/h5-13,15H,14H2,1-4H3,(H2,24,25,26,28)/t15-/m0/s1",KVGFQVIQIPUWBE-HNNXBMFYSA-N,KVGFQVIQIPUWBE,1,False,False,False,False,KVGFQVIQIPUWBE-HNNXBMFYSA-N,1,True,12
GKA_0382,gka_candidate,CHEMBL3221529,,O=C(Nc1ccc(F)cn1)[C@H](CN1CC(O)C1)Oc1ncnc2c1cnn2-c1c(F)cccc1Cl,,,activity,,P4,7.0–7.5（32–100 nM）,7.3,False,,CHEMBL3221529,False,,,,,,,,False,True,True,O=C(Nc1ccc(F)cn1)[C@H](CN1CC(O)C1)Oc1ncnc2c1cnn2-c1c(F)cccc1Cl,1,False,0,0,False,False,无改动,501.8810000000001,501.1127715560001,35,118.29000000000002,118.29000000000002,2.204699999999999,121.3155,2,8,7,8,5,4,0.22727272727272727,13,0,0.39554864964619074,1,O=C(Nc1ccccn1)[C@H](CN1CCC1)Oc1ncnc2c1cnn2-c1ccccc1,CC(CC1CCCCC1)C(CC1CCC1)CC1CCCC2C(C3CCCCC3)CCC12,False,"InChI=1S/C22H18ClF2N7O3/c23-15-2-1-3-16(25)19(15)32-20-14(7-29-32)22(28-11-27-20)35-17(10-31-8-13(33)9-31)21(34)30-18-5-4-12(24)6-26-18/h1-7,11,13,17,33H,8-10H2,(H,26,30,34)/t17-/m0/s1",BMGADORKBYLQMZ-KRWDZBQOSA-N,BMGADORKBYLQMZ,1,False,True,False,False,BMGADORKBYLQMZ-KRWDZBQOSA-N,1,True,10
GKA_0383,gka_candidate,CHEMBL4062363,,COc1ccc(Sc2ccc(Sc3nncn3C)nc2C(=O)Nc2ncc(SCC(=O)O)s2)cc1,,,activity,,P4,7.0–7.5（32–100 nM）,7.29,False,,CHEMBL4062363,False,,,,,,,,False,True,True,COc1ccc(Sc2ccc(Sc3nncn3C)nc2C(=O)Nc2ncc(SCC(=O)O)s2)cc1,1,False,0,0,False,False,无改动,546.6810000000003,546.0272370560001,35,132.12,236.26000000000002,4.406600000000002,134.90699999999998,2,11,10,11,4,4,0.14285714285714285,14,0,0.274169542031763,2,O=C(Nc1nccs1)c1nc(Sc2nnc[nH]2)ccc1Sc1ccccc1,CC(CC1CCCC1)C1CC(CC2CCCC2)CCC1CC1CCCCC1,False,"InChI=1S/C21H18N6O4S4/c1-27-11-23-26-21(27)34-15-8-7-14(33-13-5-3-12(31-2)4-6-13)18(24-15)19(30)25-20-22-9-17(35-20)32-10-16(28)29/h3-9,11H,10H2,1-2H3,(H,28,29)(H,22,25,30)",MJHNYEFAOUYNSZ-UHFFFAOYSA-N,MJHNYEFAOUYNSZ,0,True,False,False,False,MJHNYEFAOUYNSZ-UHFFFAOYSA-N,1,True,11
GKA_0384,gka_candidate,CHEMBL575087,,Cn1ccc(Nc2ncnc3ccc(Oc4c(F)cccc4F)cc23)n1,,,activity,,P4,7.0–7.5（32–100 nM）,7.285,False,,CHEMBL575087,False,,,,,,,,False,True,True,Cn1ccc(Nc2ncnc3ccc(Oc4c(F)cccc4F)cc23)n1,1,False,0,0,False,False,无改动,353.33200000000005,353.1088164760001,26,64.86,64.86,4.177400000000002,92.46070000000003,1,5,4,4,4,4,0.05555555555555555,8,0,0.5962688959469147,0,c1ccc(Oc2ccc3ncnc(Nc4cc[nH]n4)c3c2)cc1,C1CCC(CC2CCC3CCCC(CC4CCCC4)C3C2)CC1,False,"InChI=1S/C18H13F2N5O/c1-25-8-7-16(24-25)23-18-12-9-11(5-6-15(12)21-10-22-18)26-17-13(19)3-2-4-14(17)20/h2-10H,1H3,(H,21,22,23,24)",IASPBPPPOAHMMS-UHFFFAOYSA-N,IASPBPPPOAHMMS,0,False,False,False,False,IASPBPPPOAHMMS-UHFFFAOYSA-N,1,True,9
GKA_0385,gka_candidate,CHEMBL1257269,,CS(=O)(=O)c1ccc(/C(=C\CC2CCCC2)C(=O)Nc2nccs2)cc1,,,activity,,P4,7.0–7.5（32–100 nM）,7.28,False,,CHEMBL1257269,False,,,,,,,,False,True,True,CS(=O)(=O)c1ccc(/C(=C\CC2CCCC2)C(=O)Nc2nccs2)cc1,1,False,0,0,False,False,无改动,390.53,390.1071845640001,26,76.13,112.75,4.149000000000003,104.84750000000003,1,5,6,7,3,2,0.3684210526315789,7,0,0.7519493586137663,0,O=C(Nc1nccs1)/C(=C/CC1CCCC1)c1ccccc1,CC(CC1CCCC1)C(CCC1CCCC1)C1CCCCC1,False,"InChI=1S/C19H22N2O3S2/c1-26(23,24)16-9-7-15(8-10-16)17(11-6-14-4-2-3-5-14)18(22)21-19-20-12-13-25-19/h7-14H,2-6H2,1H3,(H,20,21,22)/b17-11+",COSUEEHOZUFBOZ-GZTJUZNOSA-N,COSUEEHOZUFBOZ,0,False,False,False,False,COSUEEHOZUFBOZ-GZTJUZNOSA-N,1,True,2
GKA_0386,gka_candidate,CHEMBL2022801,,CC(C)=CCOc1cc(Oc2ccc(S(=O)(=O)N3CCOCC3)cc2)cc(C(=O)Nc2ncc(F)s2)c1,,,activity,,P4,7.0–7.5（32–100 nM）,7.28,False,,CHEMBL2022801,False,,,,,,,,False,True,True,CC(C)=CCOc1cc(Oc2ccc(S(=O)(=O)N3CCOCC3)cc2)cc(C(=O)Nc2ncc(F)s2)c1,1,False,0,0,False,False,无改动,547.6300000000003,547.1247057720001,37,107.06000000000002,143.68,4.692700000000004,137.48699999999994,1,8,9,10,4,3,0.28,12,0,0.3873787468203771,1,O=C(Nc1nccs1)c1cccc(Oc2ccc(S(=O)(=O)N3CCOCC3)cc2)c1,CC(CC1CCCC1)C1CCCC(CC2CCC(C(C)(C)C3CCCCC3)CC2)C1,False,"InChI=1S/C25H26FN3O6S2/c1-17(2)7-10-34-20-13-18(24(30)28-25-27-16-23(26)36-25)14-21(15-20)35-19-3-5-22(6-4-19)37(31,32)29-8-11-33-12-9-29/h3-7,13-16H,8-12H2,1-2H3,(H,27,28,30)",PIBYTEJAZPZECT-UHFFFAOYSA-N,PIBYTEJAZPZECT,0,False,False,True,False,PIBYTEJAZPZECT-UHFFFAOYSA-N,1,True,4
GKA_0387,gka_candidate,CHEMBL2023053,,CC(C)=CCOc1cc(Oc2ccc(S(=O)(=O)N3CC[C@H](F)C3)cc2)cc(C(=O)Nc2nccs2)c1,,,activity,,P4,7.0–7.5（32–100 nM）,7.28,False,,CHEMBL2023053,False,,,,,,,,False,True,True,CC(C)=CCOc1cc(Oc2ccc(S(=O)(=O)N3CC[C@H](F)C3)cc2)cc(C(=O)Nc2nccs2)c1,1,False,0,0,False,False,无改动,531.6310000000002,531.129791152,36,97.83,134.45,5.2652000000000045,136.22299999999996,1,7,9,10,4,3,0.28,11,0,0.37820052437699797,2,O=C(Nc1nccs1)c1cccc(Oc2ccc(S(=O)(=O)N3CCCC3)cc2)c1,CC(CC1CCCC1)C1CCCC(CC2CCC(C(C)(C)C3CCCC3)CC2)C1,False,"InChI=1S/C25H26FN3O5S2/c1-17(2)8-11-33-21-13-18(24(30)28-25-27-9-12-35-25)14-22(15-21)34-20-3-5-23(6-4-20)36(31,32)29-10-7-19(26)16-29/h3-6,8-9,12-15,19H,7,10-11,16H2,1-2H3,(H,27,28,30)/t19-/m0/s1",KIBCHNCQTPWSGC-IBGZPJMESA-N,KIBCHNCQTPWSGC,1,False,False,True,False,KIBCHNCQTPWSGC-IBGZPJMESA-N,1,True,2
GKA_0388,gka_candidate,CHEMBL3577733,,COC[C@H](C)Oc1cc(C#Cc2cccc(OC(C)C)c2)cc(C(=O)Nc2ccn(C)n2)c1,,,activity,,P4,7.0–7.5（32–100 nM）,7.28,False,,CHEMBL3577733,False,,,,,,,,False,True,True,COC[C@H](C)Oc1cc(C#Cc2cccc(OC(C)C)c2)cc(C(=O)Nc2ccn(C)n2)c1,1,False,0,0,False,False,无改动,447.53500000000014,447.21580640800005,33,74.61000000000001,74.61000000000001,4.273100000000003,127.75520000000007,1,5,8,9,3,3,0.3076923076923077,7,0,0.5221308378009396,0,O=C(Nc1cc[nH]n1)c1cccc(C#Cc2ccccc2)c1,CC(CC1CCCC1)C1CCCC(CCC2CCCCC2)C1,False,"InChI=1S/C26H29N3O4/c1-18(2)32-23-8-6-7-20(14-23)9-10-21-13-22(16-24(15-21)33-19(3)17-31-5)26(30)27-25-11-12-29(4)28-25/h6-8,11-16,18-19H,17H2,1-5H3,(H,27,28,30)/t19-/m0/s1",DNVSMCGZRALRRL-IBGZPJMESA-N,DNVSMCGZRALRRL,1,False,False,False,False,DNVSMCGZRALRRL-IBGZPJMESA-N,1,True,10
GKA_0389,gka_candidate,CHEMBL5072532,,CCOP(=O)(Cn1ccc(NC(=O)c2cc(Oc3cnc(C(=O)N4CCC4)cn3)cc(OC(C)C)c2)n1)OCC,,,activity,,P4,7.0–7.5（32–100 nM）,7.28,True,BMS-820132,CHEMBL5072532,False,,,,,,,,False,True,True,CCOP(=O)(Cn1ccc(NC(=O)c2cc(Oc3cnc(C(=O)N4CCC4)cn3)cc(OC(C)C)c2)n1)OCC,1,False,0,0,False,False,无改动,572.5590000000003,572.2148340260001,40,147.0,156.80999999999997,4.574400000000004,145.87119999999982,1,10,13,15,4,3,0.4230769230769231,14,0,0.2888332967013798,1,O=C(Nc1cc[nH]n1)c1cccc(Oc2cnc(C(=O)N3CCC3)cn2)c1,CC(CC1CCCC1)C1CCCC(CC2CCC(C(C)C3CCC3)CC2)C1,False,"InChI=1S/C26H33N6O7P/c1-5-36-40(35,37-6-2)17-32-11-8-23(30-32)29-25(33)19-12-20(38-18(3)4)14-21(13-19)39-24-16-27-22(15-28-24)26(34)31-9-7-10-31/h8,11-16,18H,5-7,9-10,17H2,1-4H3,(H,29,30,33)",OYUDYQMFVRHPIY-UHFFFAOYSA-N,OYUDYQMFVRHPIY,0,False,False,False,False,OYUDYQMFVRHPIY-UHFFFAOYSA-N,1,True,2
GKA_0390,gka_candidate,CHEMBL575726,,COc1ccc2nc(NC(=O)[C@H](CC3CCCC3)c3ccc(S(=O)(=O)N4CCN(C)CC4)cc3)sc2n1,,,activity,,P4,7.0–7.5（32–100 nM）,7.275,False,,CHEMBL575726,False,,,,,,,,False,True,True,COc1ccc2nc(NC(=O)[C@H](CC3CCCC3)c3ccc(S(=O)(=O)N4CCN(C)CC4)cc3)sc2n1,1,False,0,0,False,False,无改动,543.7150000000001,543.197396536,37,104.72999999999998,141.35000000000002,3.9386000000000028,144.61049999999983,1,8,8,9,5,3,0.5,11,0,0.4588906141307713,1,O=C(Nc1nc2cccnc2s1)[C@H](CC1CCCC1)c1ccc(S(=O)(=O)N2CCNCC2)cc1,CC(CC1CC2CCCCC2C1)C(CC1CCCC1)C1CCC(C(C)(C)C2CCCCC2)CC1,False,"InChI=1S/C26H33N5O4S2/c1-30-13-15-31(16-14-30)37(33,34)20-9-7-19(8-10-20)21(17-18-5-3-4-6-18)24(32)29-26-27-22-11-12-23(35-2)28-25(22)36-26/h7-12,18,21H,3-6,13-17H2,1-2H3,(H,27,29,32)/t21-/m1/s1",GMGMDWSPSKXMJH-OAQYLSRUSA-N,GMGMDWSPSKXMJH,1,False,True,True,False,GMGMDWSPSKXMJH-OAQYLSRUSA-N,1,True,1
GKA_0391,gka_candidate,CHEMBL3890812,,CCS(=O)(=O)c1ccc(Oc2cc3cc(-c4ccc(CCC(=O)O)cn4)[nH]c3cc2C2CCC(=O)N2C)cc1,,,activity,,P4,7.0–7.5（32–100 nM）,7.27,False,,CHEMBL3890812,False,,,,,,,,False,True,True,CCS(=O)(=O)c1ccc(Oc2cc3cc(-c4ccc(CCC(=O)O)cn4)[nH]c3cc2C2CCC(=O)N2C)cc1,1,False,0,0,False,False,无改动,547.6330000000004,547.177706648,39,129.66,138.04,5.126300000000003,146.47429999999986,2,6,9,9,5,4,0.27586206896551724,10,0,0.29723360486147515,2,O=C1CCC(c2cc3[nH]c(-c4ccccn4)cc3cc2Oc2ccccc2)N1,CC1CCC(C2CC3CC(C4CCCCC4)CC3CC2CC2CCCCC2)C1,False,"InChI=1S/C29H29N3O6S/c1-3-39(36,37)21-8-6-20(7-9-21)38-27-15-19-14-25(23-10-4-18(17-30-23)5-13-29(34)35)31-24(19)16-22(27)26-11-12-28(33)32(26)2/h4,6-10,14-17,26,31H,3,5,11-13H2,1-2H3,(H,34,35)",ARTGXTATTOYSMA-UHFFFAOYSA-N,ARTGXTATTOYSMA,1,True,False,False,False,ARTGXTATTOYSMA-UHFFFAOYSA-N,1,True,16
GKA_0392,gka_candidate,CHEMBL3972850,,CCS(=O)(=O)c1ccc(Oc2cc3cc(-c4ccc(P(C)(=O)O)cn4)[nH]c3cc2C2CCC(=O)N2C)cc1,,,activity,,P4,7.0–7.5（32–100 nM）,7.27,False,,CHEMBL3972850,False,,,,,,,,False,True,True,CCS(=O)(=O)c1ccc(Oc2cc3cc(-c4ccc(P(C)(=O)O)cn4)[nH]c3cc2C2CCC(=O)N2C)cc1,1,False,0,0,False,False,无改动,553.5770000000002,553.143643246,38,129.66,147.85,4.6346000000000025,145.90079999999986,2,6,7,7,5,4,0.25925925925925924,11,0,0.31919023915630657,1,O=C1CCC(c2cc3[nH]c(-c4ccccn4)cc3cc2Oc2ccccc2)N1,CC1CCC(C2CC3CC(C4CCCCC4)CC3CC2CC2CCCCC2)C1,False,"InChI=1S/C27H28N3O6PS/c1-4-38(34,35)20-8-5-18(6-9-20)36-26-14-17-13-24(22-10-7-19(16-28-22)37(3,32)33)29-23(17)15-21(26)25-11-12-27(31)30(25)2/h5-10,13-16,25,29H,4,11-12H2,1-3H3,(H,32,33)",LYROTOTZJDQGBL-UHFFFAOYSA-N,LYROTOTZJDQGBL,2,False,False,False,False,LYROTOTZJDQGBL-UHFFFAOYSA-N,1,True,16
GKA_0393,gka_candidate,CHEMBL4643142,,CC(C)c1csc(Nc2ncc(Sc3ccncc3)cc2Oc2ccccc2)n1,,,activity,,P4,7.0–7.5（32–100 nM）,7.24,False,,CHEMBL4643142,False,,,,,,,,False,True,True,CC(C)c1csc(Nc2ncc(Sc3ccncc3)cc2Oc2ccccc2)n1,1,False,0,0,False,False,无改动,420.5630000000001,420.10785325999996,29,59.93000000000001,113.47,6.743600000000004,118.5987,1,7,7,7,4,4,0.13636363636363635,7,0,0.3570065573233751,1,c1ccc(Oc2cc(Sc3ccncc3)cnc2Nc2nccs2)cc1,C1CCC(CC2CCC(CC3CCCC3)C(CC3CCCCC3)C2)CC1,False,"InChI=1S/C22H20N4OS2/c1-15(2)19-14-28-22(25-19)26-21-20(27-16-6-4-3-5-7-16)12-18(13-24-21)29-17-8-10-23-11-9-17/h3-15H,1-2H3,(H,24,25,26)",CPUQJZUHAKVNGU-UHFFFAOYSA-N,CPUQJZUHAKVNGU,0,False,False,False,False,CPUQJZUHAKVNGU-UHFFFAOYSA-N,1,True,6
GKA_0394,gka_candidate,CHEMBL551558,,O=C(Nc1nccs1)c1nc(Sc2nnc[nH]2)ccc1Sc1ccccc1F,,,activity,,P4,7.0–7.5（32–100 nM）,7.24,False,,CHEMBL551558,False,,,,,,,,False,True,True,O=C(Nc1nccs1)c1nc(Sc2nnc[nH]2)ccc1Sc1ccccc1F,1,False,0,0,False,False,无改动,430.5150000000001,430.01405019200007,28,96.45000000000002,175.29,4.350000000000001,105.3329,2,8,6,7,4,4,0.0,11,0,0.46933629838345153,0,O=C(Nc1nccs1)c1nc(Sc2nnc[nH]2)ccc1Sc1ccccc1,CC(CC1CCCC1)C1CC(CC2CCCC2)CCC1CC1CCCCC1,False,"InChI=1S/C17H11FN6OS3/c18-10-3-1-2-4-11(10)27-12-5-6-13(28-17-20-9-21-24-17)22-14(12)15(25)23-16-19-7-8-26-16/h1-9H,(H,19,23,25)(H,20,21,24)",GYLICSQTNIJEAV-UHFFFAOYSA-N,GYLICSQTNIJEAV,0,False,False,False,False,GYLICSQTNIJEAV-UHFFFAOYSA-N,1,True,11
GKA_0395,gka_candidate,CHEMBL4469570,,CNC(=O)Nc1cc(Oc2cncc(OC)c2)c(-c2ccc(OCCO)nc2)cn1,,,activity,,P4,7.0–7.5（32–100 nM）,7.225,False,,CHEMBL4469570,False,,,,,,,,False,True,True,CNC(=O)Nc1cc(Oc2cncc(OC)c2)c(-c2ccc(OCCO)nc2)cn1,1,False,0,0,False,False,无改动,411.4180000000002,411.154268772,30,127.72000000000001,127.72000000000001,2.4619,108.99020000000003,3,8,8,10,3,3,0.2,10,0,0.5157478130477928,0,c1cncc(Oc2ccncc2-c2cccnc2)c1,C1CCC(CC2CCCCC2C2CCCCC2)CC1,False,"InChI=1S/C20H21N5O5/c1-21-20(27)25-18-8-17(30-15-7-14(28-2)10-22-11-15)16(12-23-18)13-3-4-19(24-9-13)29-6-5-26/h3-4,7-12,26H,5-6H2,1-2H3,(H2,21,23,25,27)",YALDEOHOWDMWAG-UHFFFAOYSA-N,YALDEOHOWDMWAG,0,False,False,False,False,YALDEOHOWDMWAG-UHFFFAOYSA-N,1,True,11
GKA_0396,gka_candidate,CHEMBL1258887,,CS(=O)(=O)c1ccc(/C(=C\C2CCCC2)C(=O)Nc2nccs2)cc1,,,activity,,P4,7.0–7.5（32–100 nM）,7.22,False,,CHEMBL1258887,False,,,,,,,,False,True,True,CS(=O)(=O)c1ccc(/C(=C\C2CCCC2)C(=O)Nc2nccs2)cc1,1,False,0,0,False,False,无改动,376.503,376.09153449999997,25,76.13,112.75,3.7589000000000024,100.23050000000003,1,5,5,6,3,2,0.3333333333333333,7,0,0.8063188546944506,0,O=C(Nc1nccs1)/C(=C/C1CCCC1)c1ccccc1,CC(CC1CCCC1)C(CC1CCCC1)C1CCCCC1,False,"InChI=1S/C18H20N2O3S2/c1-25(22,23)15-8-6-14(7-9-15)16(12-13-4-2-3-5-13)17(21)20-18-19-10-11-24-18/h6-13H,2-5H2,1H3,(H,19,20,21)/b16-12+",BCHXPOUTSCJBCH-FOWTUZBSSA-N,BCHXPOUTSCJBCH,0,False,False,False,False,BCHXPOUTSCJBCH-FOWTUZBSSA-N,1,True,8
GKA_0397,gka_candidate,CHEMBL1778367,,COC[C@H](C)Oc1cc(Oc2ccc(OC)cc2)cc(C(=O)Nc2ccc(C(=O)O)cn2)c1,,,activity,,P4,7.0–7.5（32–100 nM）,7.22,False,,CHEMBL1778367,False,,,,,,,,False,True,True,COC[C@H](C)Oc1cc(Oc2ccc(OC)cc2)cc(C(=O)Nc2ccc(C(=O)O)cn2)c1,1,False,0,0,False,False,无改动,452.4630000000002,452.158351108,33,116.21000000000001,116.21000000000001,4.246700000000002,120.62550000000006,2,7,10,11,3,3,0.20833333333333334,9,0,0.46907332693948633,0,O=C(Nc1ccccn1)c1cccc(Oc2ccccc2)c1,CC(CC1CCCCC1)C1CCCC(CC2CCCCC2)C1,False,"InChI=1S/C24H24N2O7/c1-15(14-30-2)32-20-10-17(23(27)26-22-9-4-16(13-25-22)24(28)29)11-21(12-20)33-19-7-5-18(31-3)6-8-19/h4-13,15H,14H2,1-3H3,(H,28,29)(H,25,26,27)/t15-/m0/s1",ZMYYUFQYPUGZNJ-HNNXBMFYSA-N,ZMYYUFQYPUGZNJ,1,True,False,False,False,ZMYYUFQYPUGZNJ-HNNXBMFYSA-N,1,True,11
GKA_0398,gka_candidate,CHEMBL1778372,,COC[C@H](C)Oc1cc(Oc2ccc(S(C)(=O)=O)cc2)cc(C(=O)Nc2ccc(C(=O)O)cn2)c1,,,activity,,P4,7.0–7.5（32–100 nM）,7.22,False,,CHEMBL1778372,False,,,,,,,,False,True,True,COC[C@H](C)Oc1cc(Oc2ccc(S(C)(=O)=O)cc2)cc(C(=O)Nc2ccc(C(=O)O)cn2)c1,1,False,0,0,False,False,无改动,500.5290000000002,500.125336728,35,141.12,149.5,3.641600000000002,127.18330000000007,2,8,10,11,3,3,0.20833333333333334,11,0,0.4266053835241314,1,O=C(Nc1ccccn1)c1cccc(Oc2ccccc2)c1,CC(CC1CCCCC1)C1CCCC(CC2CCCCC2)C1,False,"InChI=1S/C24H24N2O8S/c1-15(14-32-2)33-19-10-17(23(27)26-22-9-4-16(13-25-22)24(28)29)11-20(12-19)34-18-5-7-21(8-6-18)35(3,30)31/h4-13,15H,14H2,1-3H3,(H,28,29)(H,25,26,27)/t15-/m0/s1",RRKOUBJQZMTEAU-HNNXBMFYSA-N,RRKOUBJQZMTEAU,1,True,False,False,False,RRKOUBJQZMTEAU-HNNXBMFYSA-N,1,True,11
GKA_0399,gka_candidate,CHEMBL4581836,,CNC(=O)Nc1cc(Oc2cncc(C)c2)c(-c2ccc(OC[C@@H](C)O)nc2)cn1,,,activity,,P4,7.0–7.5（32–100 nM）,7.22,False,,CHEMBL4581836,False,,,,,,,,False,True,True,CNC(=O)Nc1cc(Oc2cncc(C)c2)c(-c2ccc(OC[C@@H](C)O)nc2)cn1,1,False,0,0,False,False,无改动,409.44600000000014,409.175004216,30,118.49000000000001,118.49000000000001,3.150220000000001,111.77020000000002,3,7,7,9,3,3,0.23809523809523808,9,0,0.5484043813185937,0,c1cncc(Oc2ccncc2-c2cccnc2)c1,C1CCC(CC2CCCCC2C2CCCCC2)CC1,False,"InChI=1S/C21H23N5O4/c1-13-6-16(10-23-8-13)30-18-7-19(26-21(28)22-3)24-11-17(18)15-4-5-20(25-9-15)29-12-14(2)27/h4-11,14,27H,12H2,1-3H3,(H2,22,24,26,28)/t14-/m1/s1",IUJYIMVTOYKANW-CQSZACIVSA-N,IUJYIMVTOYKANW,1,False,False,False,False,IUJYIMVTOYKANW-CQSZACIVSA-N,1,True,11
GKA_0400,gka_candidate,CHEMBL4573996,,CCc1cncc(Oc2cc(NC(=O)NC)ncc2-c2ccc(OCCO)nc2)c1,,,activity,,P4,7.0–7.5（32–100 nM）,7.21,False,,CHEMBL4573996,False,,,,,,,,False,True,True,CCc1cncc(Oc2cc(NC(=O)NC)ncc2-c2ccc(OCCO)nc2)c1,1,False,0,0,False,False,无改动,409.4460000000002,409.175004216,30,118.49000000000001,118.49000000000001,3.0157000000000016,111.81620000000004,3,7,8,10,3,3,0.23809523809523808,9,0,0.5231986436639957,0,c1cncc(Oc2ccncc2-c2cccnc2)c1,C1CCC(CC2CCCCC2C2CCCCC2)CC1,False,"InChI=1S/C21H23N5O4/c1-3-14-8-16(12-23-10-14)30-18-9-19(26-21(28)22-2)24-13-17(18)15-4-5-20(25-11-15)29-7-6-27/h4-5,8-13,27H,3,6-7H2,1-2H3,(H2,22,24,26,28)",ZCFUCHBFJQCYAV-UHFFFAOYSA-N,ZCFUCHBFJQCYAV,0,False,False,False,False,ZCFUCHBFJQCYAV-UHFFFAOYSA-N,1,True,11
GKA_0401,gka_candidate,CHEMBL499520,,O=C(Nc1ncc(F)s1)[C@H](CC1CCOCC1)c1ccc(S(=O)(=O)C2CC2)cc1,,,activity,,P4,7.0–7.5（32–100 nM）,7.21,False,,CHEMBL499520,False,,,,,,,,False,True,True,O=C(Nc1ncc(F)s1)[C@H](CC1CCOCC1)c1ccc(S(=O)(=O)C2CC2)cc1,1,False,0,0,False,False,无改动,438.54600000000016,438.108327436,29,85.35999999999999,121.97999999999999,3.7573000000000025,108.25250000000004,1,6,7,8,4,2,0.5,9,0,0.7115082020895332,0,O=C(Nc1nccs1)[C@H](CC1CCOCC1)c1ccc(S(=O)(=O)C2CC2)cc1,CC(CC1CCCC1)C(CC1CCCCC1)C1CCC(C(C)(C)C2CC2)CC1,False,"InChI=1S/C20H23FN2O4S2/c21-18-12-22-20(28-18)23-19(24)17(11-13-7-9-27-10-8-13)14-1-3-15(4-2-14)29(25,26)16-5-6-16/h1-4,12-13,16-17H,5-11H2,(H,22,23,24)/t17-/m1/s1",DBMFNEZMJWKKPU-QGZVFWFLSA-N,DBMFNEZMJWKKPU,1,False,False,False,False,DBMFNEZMJWKKPU-QGZVFWFLSA-N,1,True,4
GKA_0402,gka_candidate,CHEMBL574131,,COCCNS(=O)(=O)c1ccc(C(CC2CCCC2)C(=O)Nc2nc3ccc(OC)nc3s2)cc1,,,activity,,P4,7.0–7.5（32–100 nM）,7.21,False,,CHEMBL574131,False,,,,,,,,False,True,True,COCCNS(=O)(=O)c1ccc(C(CC2CCCC2)C(=O)Nc2nc3ccc(OC)nc3s2)cc1,1,False,0,0,False,False,无改动,518.6610000000003,518.16576206,35,119.51,156.13,3.9272000000000027,135.41919999999996,2,8,11,12,4,3,0.4583333333333333,11,0,0.36920702033025055,1,O=C(Nc1nc2cccnc2s1)C(CC1CCCC1)c1ccccc1,CC(CC1CC2CCCCC2C1)C(CC1CCCC1)C1CCCCC1,False,"InChI=1S/C24H30N4O5S2/c1-32-14-13-25-35(30,31)18-9-7-17(8-10-18)19(15-16-5-3-4-6-16)22(29)28-24-26-20-11-12-21(33-2)27-23(20)34-24/h7-12,16,19,25H,3-6,13-15H2,1-2H3,(H,26,28,29)",PMCDFNOKUMRKOJ-UHFFFAOYSA-N,PMCDFNOKUMRKOJ,1,False,False,True,False,PMCDFNOKUMRKOJ-UHFFFAOYSA-N,1,True,9
GKA_0403,gka_candidate,CHEMBL2022802,,CC(C)=CCOc1cc(Oc2ccc(S(=O)(=O)N3C[C@@H](C)O[C@@H](C)C3)cc2)cc(C(=O)Nc2nccs2)c1,,,activity,,P4,7.0–7.5（32–100 nM）,7.2,False,,CHEMBL2022802,False,,,,,,,,False,True,True,CC(C)=CCOc1cc(Oc2ccc(S(=O)(=O)N3C[C@@H](C)O[C@@H](C)C3)cc2)cc(C(=O)Nc2nccs2)c1,1,False,0,0,False,False,无改动,557.6940000000003,557.165427712,38,107.06000000000002,143.68,5.330600000000006,146.71899999999982,1,8,9,10,4,3,0.3333333333333333,11,0,0.35445784804405145,2,O=C(Nc1nccs1)c1cccc(Oc2ccc(S(=O)(=O)N3CCOCC3)cc2)c1,CC(CC1CCCC1)C1CCCC(CC2CCC(C(C)(C)C3CCCCC3)CC2)C1,False,"InChI=1S/C27H31N3O6S2/c1-18(2)9-11-34-23-13-21(26(31)29-27-28-10-12-37-27)14-24(15-23)36-22-5-7-25(8-6-22)38(32,33)30-16-19(3)35-20(4)17-30/h5-10,12-15,19-20H,11,16-17H2,1-4H3,(H,28,29,31)/t19-,20+",SXULOFMDIKNXLM-BGYRXZFFSA-N,SXULOFMDIKNXLM,2,False,False,True,False,SXULOFMDIKNXLM-BGYRXZFFSA-N,1,True,4
GKA_0404,gka_candidate,CHEMBL2206791,,COCC[C@H](Oc1ncnc2c1cnn2-c1ccccc1C(F)(F)F)C(=O)Nc1ccc(C)cn1,,,activity,,P4,7.0–7.5（32–100 nM）,7.2,False,,CHEMBL2206791,False,,,,,,,,False,True,True,COCC[C@H](Oc1ncnc2c1cnn2-c1ccccc1C(F)(F)F)C(=O)Nc1ccc(C)cn1,1,False,0,0,False,False,无改动,486.4540000000001,486.16272319200004,35,104.05,104.05,3.960320000000003,120.17470000000003,1,7,8,10,4,4,0.2608695652173913,12,0,0.4020646987496481,0,O=C(COc1ncnc2c1cnn2-c1ccccc1)Nc1ccccn1,CC(CCC1CCCC2C(C3CCCCC3)CCC12)CC1CCCCC1,False,"InChI=1S/C23H21F3N6O3/c1-14-7-8-19(27-11-14)31-21(33)18(9-10-34-2)35-22-15-12-30-32(20(15)28-13-29-22)17-6-4-3-5-16(17)23(24,25)26/h3-8,11-13,18H,9-10H2,1-2H3,(H,27,31,33)/t18-/m0/s1",AMHDUOXZVAFCJB-SFHVURJKSA-N,AMHDUOXZVAFCJB,1,False,False,False,False,AMHDUOXZVAFCJB-SFHVURJKSA-N,1,True,18
GKA_0405,gka_candidate,CHEMBL3221517,,O=C(Nc1ccc(Cl)cn1)[C@H](CN1CC(O)C1)Oc1ncnc2c1cnn2-c1ccccc1Cl,,,activity,,P4,7.0–7.5（32–100 nM）,7.2,False,,CHEMBL3221517,False,,,,,,,,False,True,True,O=C(Nc1ccc(Cl)cn1)[C@H](CN1CC(O)C1)Oc1ncnc2c1cnn2-c1ccccc1Cl,1,False,0,0,False,False,无改动,500.3460000000001,499.0926428280001,34,118.29000000000002,118.29000000000002,2.5799000000000003,126.40950000000001,2,8,7,8,5,4,0.22727272727272727,12,0,0.3977885716872132,1,O=C(Nc1ccccn1)[C@H](CN1CCC1)Oc1ncnc2c1cnn2-c1ccccc1,CC(CC1CCCCC1)C(CC1CCC1)CC1CCCC2C(C3CCCCC3)CCC12,False,"InChI=1S/C22H19Cl2N7O3/c23-13-5-6-19(25-7-13)29-21(33)18(11-30-9-14(32)10-30)34-22-15-8-28-31(20(15)26-12-27-22)17-4-2-1-3-16(17)24/h1-8,12,14,18,32H,9-11H2,(H,25,29,33)/t18-/m0/s1",BGHITEUBRBJBOP-SFHVURJKSA-N,BGHITEUBRBJBOP,1,False,True,False,False,BGHITEUBRBJBOP-SFHVURJKSA-N,1,True,10
GKA_0406,gka_candidate,CHEMBL4446305,,CNC(=O)Nc1cc(Oc2cncc(C)c2)c(-c2ccc(OCCO)nc2)cn1,,,activity,,P4,7.0–7.5（32–100 nM）,7.2,False,,CHEMBL4446305,False,,,,,,,,False,True,True,CNC(=O)Nc1cc(Oc2cncc(C)c2)c(-c2ccc(OCCO)nc2)cn1,1,False,0,0,False,False,无改动,395.41900000000015,395.159354152,29,118.49000000000001,118.49000000000001,2.7617200000000004,107.17520000000002,3,7,7,9,3,3,0.2,9,0,0.5627495210729667,0,c1cncc(Oc2ccncc2-c2cccnc2)c1,C1CCC(CC2CCCCC2C2CCCCC2)CC1,False,"InChI=1S/C20H21N5O4/c1-13-7-15(11-22-9-13)29-17-8-18(25-20(27)21-2)23-12-16(17)14-3-4-19(24-10-14)28-6-5-26/h3-4,7-12,26H,5-6H2,1-2H3,(H2,21,23,25,27)",YJSJVQSLHPYCCH-UHFFFAOYSA-N,YJSJVQSLHPYCCH,0,False,False,False,False,YJSJVQSLHPYCCH-UHFFFAOYSA-N,1,True,11
GKA_0407,gka_candidate,CHEMBL561652,,C[C@@H](CO)Oc1cc(Oc2ccc(S(C)(=O)=O)cc2)cc(C(=O)Nc2nccs2)c1,,,activity,,P4,7.0–7.5（32–100 nM）,7.2,False,,CHEMBL561652,False,,,,,,,,False,True,True,C[C@@H](CO)Oc1cc(Oc2ccc(S(C)(=O)=O)cc2)cc(C(=O)Nc2nccs2)c1,1,False,0,0,False,False,无改动,448.5220000000001,448.07627836000006,30,114.82000000000001,151.44,3.3508000000000013,113.31080000000003,2,8,8,9,3,3,0.2,10,0,0.5429545067486672,0,O=C(Nc1nccs1)c1cccc(Oc2ccccc2)c1,CC(CC1CCCC1)C1CCCC(CC2CCCCC2)C1,False,"InChI=1S/C20H20N2O6S2/c1-13(12-23)27-16-9-14(19(24)22-20-21-7-8-29-20)10-17(11-16)28-15-3-5-18(6-4-15)30(2,25)26/h3-11,13,23H,12H2,1-2H3,(H,21,22,24)/t13-/m0/s1",WXZJALPRVRLDDJ-ZDUSSCGKSA-N,WXZJALPRVRLDDJ,1,False,False,False,False,WXZJALPRVRLDDJ-ZDUSSCGKSA-N,1,True,26
GKA_0408,gka_candidate,CHEMBL3894527,,CN1C(=O)CCC1c1cc2[nH]c(-c3ccc(C(F)(F)F)cn3)cc2cc1Oc1ccc(CC(=O)O)cc1,,,activity,,P4,7.0–7.5（32–100 nM）,7.19,False,,CHEMBL3894527,False,,,,,,,,False,True,True,CN1C(=O)CCC1c1cc2[nH]c(-c3ccc(C(F)(F)F)cn3)cc2cc1Oc1ccc(CC(=O)O)cc1,1,False,0,0,False,False,无改动,509.48400000000026,509.1562408439999,37,95.52,95.52,5.961400000000004,129.1325,2,4,6,7,5,4,0.2222222222222222,10,0,0.33440306422291355,2,O=C1CCC(c2cc3[nH]c(-c4ccccn4)cc3cc2Oc2ccccc2)N1,CC1CCC(C2CC3CC(C4CCCCC4)CC3CC2CC2CCCCC2)C1,False,"InChI=1S/C27H22F3N3O4/c1-33-23(8-9-25(33)34)19-13-21-16(11-22(32-21)20-7-4-17(14-31-20)27(28,29)30)12-24(19)37-18-5-2-15(3-6-18)10-26(35)36/h2-7,11-14,23,32H,8-10H2,1H3,(H,35,36)",KHAOKYIHKOXNLF-UHFFFAOYSA-N,KHAOKYIHKOXNLF,1,True,False,False,False,KHAOKYIHKOXNLF-UHFFFAOYSA-N,1,True,16
GKA_0409,gka_candidate,CHEMBL3955232,,COC(=O)Cc1csc(-c2cc3cc(Oc4ccc(S(C)(=O)=O)cc4)c(C4CCC(=O)N4C)cc3[nH]2)n1,,,activity,,P4,7.0–7.5（32–100 nM）,7.19,False,,CHEMBL3955232,False,,,,,,,,False,True,True,COC(=O)Cc1csc(-c2cc3cc(Oc4ccc(S(C)(=O)=O)cc4)c(C4CCC(=O)N4C)cc3[nH]2)n1,1,False,0,0,False,False,无改动,539.6350000000003,539.11847752,37,118.66000000000001,155.27999999999997,4.496000000000003,139.49749999999992,1,8,7,8,5,4,0.2692307692307692,11,0,0.3436813842322977,1,O=C1CCC(c2cc3[nH]c(-c4nccs4)cc3cc2Oc2ccccc2)N1,CC1CCC(C2CC3CC(C4CCCC4)CC3CC2CC2CCCCC2)C1,False,"InChI=1S/C26H25N3O6S2/c1-29-22(8-9-24(29)30)19-13-20-15(10-21(28-20)26-27-16(14-36-26)12-25(31)34-2)11-23(19)35-17-4-6-18(7-5-17)37(3,32)33/h4-7,10-11,13-14,22,28H,8-9,12H2,1-3H3",SVXHHNPIUWQGRF-UHFFFAOYSA-N,SVXHHNPIUWQGRF,1,False,False,False,False,SVXHHNPIUWQGRF-UHFFFAOYSA-N,1,True,5
GKA_0410,gka_candidate,CHEMBL5091943,,CCOP(=O)(Cc1csc(NC(=O)c2cc(Oc3ccc(S(C)(=O)=O)cc3)cc(O[C@@H](C)COC)c2)n1)OCC,,,activity,,P4,7.0–7.5（32–100 nM）,7.19,False,,CHEMBL5091943,False,,,,,,,,False,True,True,CCOP(=O)(Cc1csc(NC(=O)c2cc(Oc3ccc(S(C)(=O)=O)cc3)cc(O[C@@H](C)COC)c2)n1)OCC,1,False,0,0,False,False,无改动,612.6630000000001,612.1365092659998,40,139.35,185.77999999999994,5.771000000000007,152.6634999999997,1,11,15,16,3,3,0.38461538461538464,14,0,0.21042288531448905,3,O=C(Nc1nccs1)c1cccc(Oc2ccccc2)c1,CC(CC1CCCC1)C1CCCC(CC2CCCCC2)C1,False,"InChI=1S/C26H33N2O9PS2/c1-6-34-38(30,35-7-2)16-20-17-39-26(27-20)28-25(29)19-12-22(36-18(3)15-33-4)14-23(13-19)37-21-8-10-24(11-9-21)40(5,31)32/h8-14,17-18H,6-7,15-16H2,1-5H3,(H,27,28,29)/t18-/m0/s1",OQUMCVQSAWPKMT-SFHVURJKSA-N,OQUMCVQSAWPKMT,1,False,False,False,False,OQUMCVQSAWPKMT-SFHVURJKSA-N,1,True,26
GKA_0411,gka_candidate,CHEMBL2023050,,CC(C)=CCOc1cc(Oc2ccc(S(=O)(=O)N3C[C@@H](C)O[C@@H](C)C3)cc2)cc(C(=O)Nc2ncc(F)s2)c1,,,activity,,P4,7.0–7.5（32–100 nM）,7.18,False,,CHEMBL2023050,False,,,,,,,,False,True,True,CC(C)=CCOc1cc(Oc2ccc(S(=O)(=O)N3C[C@@H](C)O[C@@H](C)C3)cc2)cc(C(=O)Nc2ncc(F)s2)c1,1,False,0,0,False,False,无改动,575.6840000000003,575.1560059000001,39,107.06000000000002,143.68,5.469700000000006,146.67699999999982,1,8,9,10,4,3,0.3333333333333333,12,0,0.3373335772894236,2,O=C(Nc1nccs1)c1cccc(Oc2ccc(S(=O)(=O)N3CCOCC3)cc2)c1,CC(CC1CCCC1)C1CCCC(CC2CCC(C(C)(C)C3CCCCC3)CC2)C1,False,"InChI=1S/C27H30FN3O6S2/c1-17(2)9-10-35-22-11-20(26(32)30-27-29-14-25(28)38-27)12-23(13-22)37-21-5-7-24(8-6-21)39(33,34)31-15-18(3)36-19(4)16-31/h5-9,11-14,18-19H,10,15-16H2,1-4H3,(H,29,30,32)/t18-,19+",DXNXJXNGSQGOER-KDURUIRLSA-N,DXNXJXNGSQGOER,2,False,False,True,False,DXNXJXNGSQGOER-KDURUIRLSA-N,1,True,4
GKA_0412,gka_candidate,CHEMBL3905981,,CN1C(=O)CCC1c1cc2[nH]c(-c3ncc(CCC(=O)O)s3)cc2cc1Oc1ccc(S(C)(=O)=O)cc1,,,activity,,P4,7.0–7.5（32–100 nM）,7.18,False,,CHEMBL3905981,False,,,,,,,,False,True,True,CN1C(=O)CCC1c1cc2[nH]c(-c3ncc(CCC(=O)O)s3)cc2cc1Oc1ccc(S(C)(=O)=O)cc1,1,False,0,0,False,False,无改动,539.6350000000002,539.1184775199999,37,129.66,166.28,4.797700000000003,139.73429999999988,2,7,8,8,5,4,0.2692307692307692,11,0,0.32901501107056164,1,O=C1CCC(c2cc3[nH]c(-c4nccs4)cc3cc2Oc2ccccc2)N1,CC1CCC(C2CC3CC(C4CCCC4)CC3CC2CC2CCCCC2)C1,False,"InChI=1S/C26H25N3O6S2/c1-29-22(8-9-24(29)30)19-13-20-15(11-21(28-20)26-27-14-17(36-26)5-10-25(31)32)12-23(19)35-16-3-6-18(7-4-16)37(2,33)34/h3-4,6-7,11-14,22,28H,5,8-10H2,1-2H3,(H,31,32)",FNCFDZBTDVDWNH-UHFFFAOYSA-N,FNCFDZBTDVDWNH,1,True,False,False,False,FNCFDZBTDVDWNH-UHFFFAOYSA-N,1,True,5
GKA_0413,gka_candidate,CHEMBL1778355,,COC[C@H](C)Oc1cc(O[C@@H](C)Cc2ccccc2OC)cc(C(=O)Nc2ccc(C(=O)O)cn2)c1,,,activity,,P4,7.0–7.5（32–100 nM）,7.16,False,,CHEMBL1778355,False,,,,,,,,False,True,True,COC[C@H](C)Oc1cc(O[C@@H](C)Cc2ccccc2OC)cc(C(=O)Nc2ccc(C(=O)O)cn2)c1,1,False,0,0,False,False,无改动,494.54400000000027,494.2053013,36,116.21000000000001,116.21000000000001,4.464400000000003,134.34550000000004,2,7,12,13,3,3,0.2962962962962963,9,0,0.3790360885025471,0,O=C(Nc1ccccn1)c1cccc(OCCc2ccccc2)c1,CC(CC1CCCCC1)C1CCCC(CCCC2CCCCC2)C1,False,"InChI=1S/C27H30N2O7/c1-17(11-19-7-5-6-8-24(19)34-4)35-22-12-21(13-23(14-22)36-18(2)16-33-3)26(30)29-25-10-9-20(15-28-25)27(31)32/h5-10,12-15,17-18H,11,16H2,1-4H3,(H,31,32)(H,28,29,30)/t17-,18-/m0/s1",DODZTVCFOJPFBJ-ROUUACIJSA-N,DODZTVCFOJPFBJ,2,True,False,False,False,DODZTVCFOJPFBJ-ROUUACIJSA-N,1,True,9
GKA_0414,gka_candidate,CHEMBL1778361,,COC[C@H](C)Oc1cc(OC[C@H](C)c2ccccc2)cc(C(=O)Nc2ccc(C(=O)O)cn2)c1,,,activity,,P4,7.0–7.5（32–100 nM）,7.16,False,,CHEMBL1778361,False,,,,,,,,False,True,True,COC[C@H](C)Oc1cc(OC[C@H](C)c2ccccc2)cc(C(=O)Nc2ccc(C(=O)O)cn2)c1,1,False,0,0,False,False,无改动,464.5180000000002,464.19473661599994,34,106.98000000000002,106.98000000000002,4.628300000000004,127.90950000000008,2,6,11,12,3,3,0.2692307692307692,8,0,0.4260551253538207,0,O=C(Nc1ccccn1)c1cccc(OCCc2ccccc2)c1,CC(CC1CCCCC1)C1CCCC(CCCC2CCCCC2)C1,False,"InChI=1S/C26H28N2O6/c1-17(19-7-5-4-6-8-19)15-33-22-11-21(12-23(13-22)34-18(2)16-32-3)25(29)28-24-10-9-20(14-27-24)26(30)31/h4-14,17-18H,15-16H2,1-3H3,(H,30,31)(H,27,28,29)/t17-,18-/m0/s1",LLYXTCIGDZEJAK-ROUUACIJSA-N,LLYXTCIGDZEJAK,2,True,False,False,False,LLYXTCIGDZEJAK-ROUUACIJSA-N,1,True,9
GKA_0415,gka_candidate,CHEMBL3217921,,COC[C@H](C)Oc1cc(Oc2cc(F)cc(F)c2)cc(C(=O)Nc2nccs2)c1,,,activity,,P4,7.0–7.5（32–100 nM）,7.16,False,,CHEMBL3217921,False,,,,,,,,False,True,True,COC[C@H](C)Oc1cc(Oc2cc(F)cc(F)c2)cc(C(=O)Nc2nccs2)c1,1,False,0,0,False,False,无改动,420.43700000000007,420.09553449599997,29,69.68,97.92,4.8796000000000035,104.90720000000002,1,6,8,9,3,3,0.2,9,0,0.5625374298552164,0,O=C(Nc1nccs1)c1cccc(Oc2ccccc2)c1,CC(CC1CCCC1)C1CCCC(CC2CCCCC2)C1,False,"InChI=1S/C20H18F2N2O4S/c1-12(11-26-2)27-16-5-13(19(25)24-20-23-3-4-29-20)6-17(10-16)28-18-8-14(21)7-15(22)9-18/h3-10,12H,11H2,1-2H3,(H,23,24,25)/t12-/m0/s1",PTAGXTKZJWWADL-LBPRGKRZSA-N,PTAGXTKZJWWADL,1,False,False,False,False,PTAGXTKZJWWADL-LBPRGKRZSA-N,1,True,26
GKA_0416,gka_candidate,CHEMBL3911909,,CN1C(=O)CCC1c1cc2[nH]c(-c3ncc(CCC(=O)O)s3)cc2cc1Oc1ccc(S(C)(=O)=O)nc1,,,activity,,P4,7.0–7.5（32–100 nM）,7.16,False,,CHEMBL3911909,False,,,,,,,,False,True,True,CN1C(=O)CCC1c1cc2[nH]c(-c3ncc(CCC(=O)O)s3)cc2cc1Oc1ccc(S(C)(=O)=O)nc1,1,False,0,0,False,False,无改动,540.6230000000002,540.1137264879999,37,142.55,179.17000000000002,4.192700000000002,137.5292999999999,2,8,8,8,5,4,0.28,12,0,0.3386771755556579,1,O=C1CCC(c2cc3[nH]c(-c4nccs4)cc3cc2Oc2cccnc2)N1,CC1CCC(C2CC3CC(C4CCCC4)CC3CC2CC2CCCCC2)C1,False,"InChI=1S/C25H24N4O6S2/c1-29-20(5-7-23(29)30)17-11-18-14(9-19(28-18)25-27-13-16(36-25)4-8-24(31)32)10-21(17)35-15-3-6-22(26-12-15)37(2,33)34/h3,6,9-13,20,28H,4-5,7-8H2,1-2H3,(H,31,32)",WWSAOOIZYXPBPR-UHFFFAOYSA-N,WWSAOOIZYXPBPR,1,True,False,False,False,WWSAOOIZYXPBPR-UHFFFAOYSA-N,1,True,4
GKA_0417,gka_candidate,CHEMBL4070998,,COc1ccc(Sc2ccc(Sc3ccccn3)nc2C(=O)Nc2ncc(CCC(=O)O)s2)cc1,,,activity,,P4,7.0–7.5（32–100 nM）,7.16,False,,CHEMBL4070998,False,,,,,,,,False,True,True,COc1ccc(Sc2ccc(Sc3ccccn3)nc2C(=O)Nc2ncc(CCC(=O)O)s2)cc1,1,False,0,0,False,False,无改动,524.6490000000003,524.06466812,35,114.3,193.14000000000001,5.513600000000004,135.738,2,9,10,11,4,4,0.125,11,0,0.2769020026269421,2,O=C(Nc1nccs1)c1nc(Sc2ccccn2)ccc1Sc1ccccc1,CC(CC1CCCC1)C1CC(CC2CCCCC2)CCC1CC1CCCCC1,False,"InChI=1S/C24H20N4O4S3/c1-32-15-5-7-16(8-6-15)33-18-10-11-20(35-19-4-2-3-13-25-19)27-22(18)23(31)28-24-26-14-17(34-24)9-12-21(29)30/h2-8,10-11,13-14H,9,12H2,1H3,(H,29,30)(H,26,28,31)",SZYQPCWDTBUONO-UHFFFAOYSA-N,SZYQPCWDTBUONO,0,True,False,False,False,SZYQPCWDTBUONO-UHFFFAOYSA-N,1,True,5
GKA_0418,gka_candidate,CHEMBL4636593,,C[C@@H](O)C(=O)N1CCC(c2nsc(Nc3ncc(Sc4ccccn4)cc3Oc3ccccc3)n2)CC1,,,activity,,P4,7.0–7.5（32–100 nM）,7.16,False,,CHEMBL4636593,False,,,,,,,,False,True,True,C[C@@H](O)C(=O)N1CCC(c2nsc(Nc3ncc(Sc4ccccn4)cc3Oc3ccccc3)n2)CC1,1,False,0,0,False,False,无改动,534.6670000000001,534.150780692,37,113.36,166.90000000000003,5.102000000000004,142.5404999999998,2,10,8,9,5,4,0.2692307692307692,11,0,0.3185723645822988,2,c1ccc(Oc2cc(Sc3ccccn3)cnc2Nc2nc(C3CCNCC3)ns2)cc1,C1CCC(CC2CCC(CC3CCC(C4CCCCC4)C3)C(CC3CCCCC3)C2)CC1,False,"InChI=1S/C26H26N6O3S2/c1-17(33)25(34)32-13-10-18(11-14-32)23-29-26(37-31-23)30-24-21(35-19-7-3-2-4-8-19)15-20(16-28-24)36-22-9-5-6-12-27-22/h2-9,12,15-18,33H,10-11,13-14H2,1H3,(H,28,29,30,31)/t17-/m1/s1",OGTIVLDRXVBTPJ-QGZVFWFLSA-N,OGTIVLDRXVBTPJ,1,False,False,False,False,OGTIVLDRXVBTPJ-QGZVFWFLSA-N,1,True,8
GKA_0419,gka_candidate,CHEMBL575088,,CS(=O)(=O)c1cccc(F)c1Oc1ccc2ncnc(Nc3cc[nH]n3)c2c1,,,activity,,P4,7.0–7.5（32–100 nM）,7.16,False,,CHEMBL575088,False,,,,,,,,False,True,True,CS(=O)(=O)c1cccc(F)c1Oc1ccc2ncnc(Nc3cc[nH]n3)c2c1,1,False,0,0,False,False,无改动,399.40700000000004,399.0801385280001,28,109.86,118.24,3.431400000000001,100.99220000000003,2,7,5,5,4,4,0.05555555555555555,10,0,0.5289274148280778,0,c1ccc(Oc2ccc3ncnc(Nc4cc[nH]n4)c3c2)cc1,C1CCC(CC2CCC3CCCC(CC4CCCC4)C3C2)CC1,False,"InChI=1S/C18H14FN5O3S/c1-28(25,26)15-4-2-3-13(19)17(15)27-11-5-6-14-12(9-11)18(21-10-20-14)23-16-7-8-22-24-16/h2-10H,1H3,(H2,20,21,22,23,24)",RXGYMTMITMREME-UHFFFAOYSA-N,RXGYMTMITMREME,0,False,False,False,False,RXGYMTMITMREME-UHFFFAOYSA-N,1,True,9
GKA_0420,gka_candidate,CHEMBL3971117,,COCc1ccc(Oc2cc3cc(-c4ccc(CCC(=O)O)cn4)[nH]c3cc2C2CCC(=O)N2C)cn1,,,activity,,P4,7.0–7.5（32–100 nM）,7.14,False,,CHEMBL3971117,False,,,,,,,,False,True,True,COCc1ccc(Oc2cc3cc(-c4ccc(CCC(=O)O)cn4)[nH]c3cc2C2CCC(=O)N2C)cn1,1,False,0,0,False,False,无改动,500.55500000000023,500.205969996,37,117.63999999999999,117.63999999999999,4.874100000000003,137.25549999999993,2,6,9,9,5,4,0.2857142857142857,9,0,0.33647306042193525,1,O=C1CCC(c2cc3[nH]c(-c4ccccn4)cc3cc2Oc2cccnc2)N1,CC1CCC(C2CC3CC(C4CCCCC4)CC3CC2CC2CCCCC2)C1,False,"InChI=1S/C28H28N4O5/c1-32-25(8-9-27(32)33)21-13-23-18(12-26(21)37-20-6-5-19(16-36-2)29-15-20)11-24(31-23)22-7-3-17(14-30-22)4-10-28(34)35/h3,5-7,11-15,25,31H,4,8-10,16H2,1-2H3,(H,34,35)",WYYQNYCKTMDCDD-UHFFFAOYSA-N,WYYQNYCKTMDCDD,1,True,False,False,False,WYYQNYCKTMDCDD-UHFFFAOYSA-N,1,True,8
GKA_0421,gka_candidate,CHEMBL577191,,COc1ccc2nc(NC(=O)C(CC3CCCC3)c3ccc(S(=O)(=O)N(C(C)C)C(C)C)cc3)sc2n1,,,activity,,P4,7.0–7.5（32–100 nM）,7.14,False,,CHEMBL577191,False,,,,,,,,False,True,True,COc1ccc2nc(NC(=O)C(CC3CCCC3)c3ccc(S(=O)(=O)N(C(C)C)C(C)C)cc3)sc2n1,1,False,0,0,False,False,无改动,544.743,544.217797632,37,101.48999999999998,138.11,5.810000000000007,147.6514999999998,1,7,10,11,4,3,0.5185185185185185,10,0,0.34562132458038763,2,O=C(Nc1nc2cccnc2s1)C(CC1CCCC1)c1ccccc1,CC(CC1CC2CCCCC2C1)C(CC1CCCC1)C1CCCCC1,False,"InChI=1S/C27H36N4O4S2/c1-17(2)31(18(3)4)37(33,34)21-12-10-20(11-13-21)22(16-19-8-6-7-9-19)25(32)30-27-28-23-14-15-24(35-5)29-26(23)36-27/h10-15,17-19,22H,6-9,16H2,1-5H3,(H,28,30,32)",FDTXHXNLSXQYKA-UHFFFAOYSA-N,FDTXHXNLSXQYKA,1,False,False,True,False,FDTXHXNLSXQYKA-UHFFFAOYSA-N,1,True,9
GKA_0422,gka_candidate,CHEMBL575298,,Cn1ccc(Nc2ncnc3ccc(Oc4c(F)cccc4S(C)(=O)=O)cc23)n1,,,activity,,P4,7.0–7.5（32–100 nM）,7.125,False,,CHEMBL575298,False,,,,,,,,False,True,True,Cn1ccc(Nc2ncnc3ccc(Oc4c(F)cccc4S(C)(=O)=O)cc23)n1,1,False,0,0,False,False,无改动,413.43400000000014,413.095788592,29,98.99999999999999,107.38000000000001,3.4418000000000015,105.61250000000003,1,7,5,5,4,4,0.10526315789473684,10,0,0.5349758910713206,0,c1ccc(Oc2ccc3ncnc(Nc4cc[nH]n4)c3c2)cc1,C1CCC(CC2CCC3CCCC(CC4CCCC4)C3C2)CC1,False,"InChI=1S/C19H16FN5O3S/c1-25-9-8-17(24-25)23-19-13-10-12(6-7-15(13)21-11-22-19)28-18-14(20)4-3-5-16(18)29(2,26)27/h3-11H,1-2H3,(H,21,22,23,24)",ISEKBEAABDINBR-UHFFFAOYSA-N,ISEKBEAABDINBR,0,False,False,False,False,ISEKBEAABDINBR-UHFFFAOYSA-N,1,True,9
GKA_0423,gka_candidate,CHEMBL3966487,,CN1C(=O)CCC1c1cc2[nH]c(-c3ccc(CCC(=O)O)cn3)cc2cc1Oc1ccc(S(C)(=O)=O)cc1,,,activity,,P4,7.0–7.5（32–100 nM）,7.12,False,,CHEMBL3966487,False,,,,,,,,False,True,True,CN1C(=O)CCC1c1cc2[nH]c(-c3ccc(CCC(=O)O)cn3)cc2cc1Oc1ccc(S(C)(=O)=O)cc1,1,False,0,0,False,False,无改动,533.6060000000002,533.1620565839999,38,129.66,138.04,4.736200000000004,141.85729999999987,2,6,8,8,5,4,0.25,10,0,0.33469441415134366,1,O=C1CCC(c2cc3[nH]c(-c4ccccn4)cc3cc2Oc2ccccc2)N1,CC1CCC(C2CC3CC(C4CCCCC4)CC3CC2CC2CCCCC2)C1,False,"InChI=1S/C28H27N3O6S/c1-31-25(10-11-27(31)32)21-15-23-18(14-26(21)37-19-5-7-20(8-6-19)38(2,35)36)13-24(30-23)22-9-3-17(16-29-22)4-12-28(33)34/h3,5-9,13-16,25,30H,4,10-12H2,1-2H3,(H,33,34)",XYJYFORPIPUOLC-UHFFFAOYSA-N,XYJYFORPIPUOLC,1,True,False,False,False,XYJYFORPIPUOLC-UHFFFAOYSA-N,1,True,16
GKA_0424,gka_candidate,CHEMBL5071861,,CCOP(=O)(Cn1ccc(NC(=O)c2cc(Oc3ccc(S(C)(=O)=O)cc3)cc(O[C@@H](C)COC)c2)n1)OCC,,,activity,,P4,7.0–7.5（32–100 nM）,7.12,False,,CHEMBL5071861,False,,,,,,,,False,True,True,CCOP(=O)(Cn1ccc(NC(=O)c2cc(Oc3ccc(S(C)(=O)=O)cc3)cc(O[C@@H](C)COC)c2)n1)OCC,1,False,0,0,False,False,无改动,595.6110000000002,595.1753372979999,40,144.28,162.46999999999994,4.968500000000004,149.07249999999976,1,10,15,16,3,3,0.38461538461538464,14,0,0.239198958653916,1,O=C(Nc1cc[nH]n1)c1cccc(Oc2ccccc2)c1,CC(CC1CCCC1)C1CCCC(CC2CCCCC2)C1,False,"InChI=1S/C26H34N3O9PS/c1-6-35-39(31,36-7-2)18-29-13-12-25(28-29)27-26(30)20-14-22(37-19(3)17-34-4)16-23(15-20)38-21-8-10-24(11-9-21)40(5,32)33/h8-16,19H,6-7,17-18H2,1-5H3,(H,27,28,30)/t19-/m0/s1",JHZBGABHBYHHQJ-IBGZPJMESA-N,JHZBGABHBYHHQJ,1,False,False,False,False,JHZBGABHBYHHQJ-IBGZPJMESA-N,1,True,12
GKA_0425,gka_candidate,CHEMBL5081517,,CCOP(=O)(Cn1ccc(NC(=O)c2cc(Oc3ccc(S(C)(=O)=O)cc3)cc(OC(CF)CF)c2)n1)OCC,,,activity,,P4,7.0–7.5（32–100 nM）,7.12,False,,CHEMBL5081517,False,,,,,,,,False,True,True,CCOP(=O)(Cn1ccc(NC(=O)c2cc(Oc3ccc(S(C)(=O)=O)cc3)cc(OC(CF)CF)c2)n1)OCC,1,False,0,0,False,False,无改动,601.5650000000002,601.1459289899999,40,135.04999999999998,153.23999999999998,5.2412000000000045,143.47249999999983,1,9,15,16,3,3,0.36,15,0,0.23207457286867308,2,O=C(Nc1cc[nH]n1)c1cccc(Oc2ccccc2)c1,CC(CC1CCCC1)C1CCCC(CC2CCCCC2)C1,False,"InChI=1S/C25H30F2N3O8PS/c1-4-35-39(32,36-5-2)17-30-11-10-24(29-30)28-25(31)18-12-20(14-21(13-18)38-22(15-26)16-27)37-19-6-8-23(9-7-19)40(3,33)34/h6-14,22H,4-5,15-17H2,1-3H3,(H,28,29,31)",SEJMSXUVFZPJEL-UHFFFAOYSA-N,SEJMSXUVFZPJEL,0,False,False,False,False,SEJMSXUVFZPJEL-UHFFFAOYSA-N,1,True,12
GKA_0426,gka_candidate,CHEMBL563986,,O=C(Nc1nccs1)c1nc(Sc2nnc[nH]2)ccc1Sc1ccc(F)cc1,,,activity,,P4,7.0–7.5（32–100 nM）,7.12,False,,CHEMBL563986,False,,,,,,,,False,True,True,O=C(Nc1nccs1)c1nc(Sc2nnc[nH]2)ccc1Sc1ccc(F)cc1,1,False,0,0,False,False,无改动,430.5150000000001,430.01405019200007,28,96.45000000000002,175.29,4.350000000000001,105.3329,2,8,6,7,4,4,0.0,11,0,0.46933629838345153,0,O=C(Nc1nccs1)c1nc(Sc2nnc[nH]2)ccc1Sc1ccccc1,CC(CC1CCCC1)C1CC(CC2CCCC2)CCC1CC1CCCCC1,False,"InChI=1S/C17H11FN6OS3/c18-10-1-3-11(4-2-10)27-12-5-6-13(28-17-20-9-21-24-17)22-14(12)15(25)23-16-19-7-8-26-16/h1-9H,(H,19,23,25)(H,20,21,24)",ZUVMGEFQHYGEIF-UHFFFAOYSA-N,ZUVMGEFQHYGEIF,0,False,False,False,False,ZUVMGEFQHYGEIF-UHFFFAOYSA-N,1,True,11
GKA_0427,gka_candidate,CHEMBL578638,,CCn1ccc(Nc2ncnc3ccc(Oc4c(F)cccc4S(C)(=O)=O)cc23)n1,,,activity,,P4,7.0–7.5（32–100 nM）,7.12,False,,CHEMBL578638,False,,,,,,,,False,True,True,CCn1ccc(Nc2ncnc3ccc(Oc4c(F)cccc4S(C)(=O)=O)cc23)n1,1,False,0,0,False,False,无改动,427.4610000000002,427.111438656,30,98.99999999999999,107.38000000000001,3.9247000000000014,110.30550000000002,1,7,6,6,4,4,0.15,10,0,0.4977549020948458,0,c1ccc(Oc2ccc3ncnc(Nc4cc[nH]n4)c3c2)cc1,C1CCC(CC2CCC3CCCC(CC4CCCC4)C3C2)CC1,False,"InChI=1S/C20H18FN5O3S/c1-3-26-10-9-18(25-26)24-20-14-11-13(7-8-16(14)22-12-23-20)29-19-15(21)5-4-6-17(19)30(2,27)28/h4-12H,3H2,1-2H3,(H,22,23,24,25)",CKHWLHPHVXMPHI-UHFFFAOYSA-N,CKHWLHPHVXMPHI,0,False,False,False,False,CKHWLHPHVXMPHI-UHFFFAOYSA-N,1,True,9
GKA_0428,gka_candidate,CHEMBL3221520,,O=C(Nc1ccc(F)cn1)[C@H](CN1CC(O)C1)Oc1ncnc2c1cnn2-c1ccccc1Cl,,,activity,,P4,7.0–7.5（32–100 nM）,7.105,False,,CHEMBL3221520,False,,,,,,,,False,True,True,O=C(Nc1ccc(F)cn1)[C@H](CN1CC(O)C1)Oc1ncnc2c1cnn2-c1ccccc1Cl,1,False,0,0,False,False,无改动,483.8910000000001,483.1221933680001,34,118.29000000000002,118.29000000000002,2.065599999999999,121.35749999999999,2,8,7,8,5,4,0.22727272727272727,12,0,0.40990368732880456,0,O=C(Nc1ccccn1)[C@H](CN1CCC1)Oc1ncnc2c1cnn2-c1ccccc1,CC(CC1CCCCC1)C(CC1CCC1)CC1CCCC2C(C3CCCCC3)CCC12,False,"InChI=1S/C22H19ClFN7O3/c23-16-3-1-2-4-17(16)31-20-15(8-28-31)22(27-12-26-20)34-18(11-30-9-14(32)10-30)21(33)29-19-6-5-13(24)7-25-19/h1-8,12,14,18,32H,9-11H2,(H,25,29,33)/t18-/m0/s1",QAUDYLIIXRWNOA-SFHVURJKSA-N,QAUDYLIIXRWNOA,1,False,True,False,False,QAUDYLIIXRWNOA-SFHVURJKSA-N,1,True,10
GKA_0429,gka_candidate,CHEMBL4592014,,CNC(=O)Nc1cc(Oc2cncc(C)c2)c([C@H]2C[C@@H](C(C)(C)O)C2)cn1,,,activity,,P4,7.0–7.5（32–100 nM）,7.105,False,,CHEMBL4592014,False,,,,,,,,False,True,True,CNC(=O)Nc1cc(Oc2cncc(C)c2)c([C@H]2C[C@@H](C(C)(C)O)C2)cn1,1,False,0,0,False,False,无改动,370.45300000000015,370.20049069199996,27,96.37,96.37,3.5931200000000025,103.12620000000004,3,5,5,7,3,2,0.45,7,0,0.7472785178165904,0,c1cncc(Oc2ccncc2C2CCC2)c1,C1CCC(CC2CCCCC2C2CCC2)CC1,False,"InChI=1S/C20H26N4O3/c1-12-5-15(10-22-9-12)27-17-8-18(24-19(25)21-4)23-11-16(17)13-6-14(7-13)20(2,3)26/h5,8-11,13-14,26H,6-7H2,1-4H3,(H2,21,23,24,25)/t13-,14+",WAXBYAXGGJCVAK-OKILXGFUSA-N,WAXBYAXGGJCVAK,2,False,False,False,False,WAXBYAXGGJCVAK-OKILXGFUSA-N,1,True,5
GKA_0430,gka_candidate,CHEMBL3221528,,O=C(Nc1ccccn1)[C@H](CN1CC(O)C1)Oc1ncnc2c1cnn2-c1c(F)cccc1Cl,,,activity,,P4,7.0–7.5（32–100 nM）,7.1,False,,CHEMBL3221528,False,,,,,,,,False,True,True,O=C(Nc1ccccn1)[C@H](CN1CC(O)C1)Oc1ncnc2c1cnn2-c1c(F)cccc1Cl,1,False,0,0,False,False,无改动,483.8910000000001,483.12219336800007,34,118.29000000000002,118.29000000000002,2.0656,121.35750000000002,2,8,7,8,5,4,0.22727272727272727,12,0,0.40990368732880456,0,O=C(Nc1ccccn1)[C@H](CN1CCC1)Oc1ncnc2c1cnn2-c1ccccc1,CC(CC1CCCCC1)C(CC1CCC1)CC1CCCC2C(C3CCCCC3)CCC12,False,"InChI=1S/C22H19ClFN7O3/c23-15-4-3-5-16(24)19(15)31-20-14(8-28-31)22(27-12-26-20)34-17(11-30-9-13(32)10-30)21(33)29-18-6-1-2-7-25-18/h1-8,12-13,17,32H,9-11H2,(H,25,29,33)/t17-/m0/s1",RAHYDCLHDREWBV-KRWDZBQOSA-N,RAHYDCLHDREWBV,1,False,True,False,False,RAHYDCLHDREWBV-KRWDZBQOSA-N,1,True,10
GKA_0431,gka_candidate,CHEMBL5088988,,CCOP(=O)(Cn1ccc(NC(=O)c2cc(Oc3ccc(S(C)(=O)=O)cc3)cc(O[C@@H](C)CO)c2)n1)OCC,,,activity,,P4,7.0–7.5（32–100 nM）,7.1,False,,CHEMBL5088988,False,,,,,,,,False,True,True,CCOP(=O)(Cn1ccc(NC(=O)c2cc(Oc3ccc(S(C)(=O)=O)cc3)cc(O[C@@H](C)CO)c2)n1)OCC,1,False,0,0,False,False,无改动,581.5840000000002,581.1596872339999,39,155.28,173.46999999999994,4.314400000000004,144.28229999999985,2,10,14,15,3,3,0.36,14,0,0.26308106217304916,1,O=C(Nc1cc[nH]n1)c1cccc(Oc2ccccc2)c1,CC(CC1CCCC1)C1CCCC(CC2CCCCC2)C1,False,"InChI=1S/C25H32N3O9PS/c1-5-34-38(31,35-6-2)17-28-12-11-24(27-28)26-25(30)19-13-21(36-18(3)16-29)15-22(14-19)37-20-7-9-23(10-8-20)39(4,32)33/h7-15,18,29H,5-6,16-17H2,1-4H3,(H,26,27,30)/t18-/m0/s1",HRWWSLOOYSKNMT-SFHVURJKSA-N,HRWWSLOOYSKNMT,1,False,False,False,False,HRWWSLOOYSKNMT-SFHVURJKSA-N,1,True,12
GKA_0432,gka_candidate,CHEMBL3903467,,CN1C(=O)CCC1c1cc2[nH]c(-c3ccc(OCC(=O)O)cn3)cc2cc1Oc1ccc(S(C)(=O)=O)nc1,,,activity,,P4,7.0–7.5（32–100 nM）,7.09,False,,CHEMBL3903467,False,,,,,,,,False,True,True,CN1C(=O)CCC1c1cc2[nH]c(-c3ccc(OCC(=O)O)cn3)cc2cc1Oc1ccc(S(C)(=O)=O)nc1,1,False,0,0,False,False,无改动,536.5660000000003,536.136570108,38,151.77999999999997,160.15999999999997,3.5774000000000017,136.8262999999999,2,8,8,8,5,4,0.23076923076923078,12,0,0.3441180859531789,1,O=C1CCC(c2cc3[nH]c(-c4ccccn4)cc3cc2Oc2cccnc2)N1,CC1CCC(C2CC3CC(C4CCCCC4)CC3CC2CC2CCCCC2)C1,False,"InChI=1S/C26H24N4O7S/c1-30-22(6-8-25(30)31)18-11-20-15(10-23(18)37-17-4-7-24(28-13-17)38(2,34)35)9-21(29-20)19-5-3-16(12-27-19)36-14-26(32)33/h3-5,7,9-13,22,29H,6,8,14H2,1-2H3,(H,32,33)",HXKGFDJNFGEIBJ-UHFFFAOYSA-N,HXKGFDJNFGEIBJ,1,True,False,False,False,HXKGFDJNFGEIBJ-UHFFFAOYSA-N,1,True,8
GKA_0433,gka_candidate,CHEMBL4516141,,CNC(=O)Nc1cc(Oc2cncc(C)c2)c(CCCO)cn1,,,activity,,P4,7.0–7.5（32–100 nM）,7.09,False,,CHEMBL4516141,False,,,,,,,,False,True,True,CNC(=O)Nc1cc(Oc2cncc(C)c2)c(CCCO)cn1,1,False,0,0,False,False,无改动,316.36100000000005,316.1535405,23,96.37,96.37,2.25352,86.77020000000003,3,5,6,8,2,2,0.3125,7,0,0.7593481881957651,0,c1cncc(Oc2ccncc2)c1,C1CCC(CC2CCCCC2)CC1,False,"InChI=1S/C16H20N4O3/c1-11-6-13(10-18-8-11)23-14-7-15(20-16(22)17-2)19-9-12(14)4-3-5-21/h6-10,21H,3-5H2,1-2H3,(H2,17,19,20,22)",MFOQNGMSQDNKQC-UHFFFAOYSA-N,MFOQNGMSQDNKQC,0,False,False,False,False,MFOQNGMSQDNKQC-UHFFFAOYSA-N,1,True,5
GKA_0434,gka_candidate,CHEMBL2023437,,CC(C)=CCOc1cc(Oc2ccc(S(=O)(=O)N3CC[C@H](F)C3)cc2)cc(C(=O)Nc2ccn(C)n2)c1,,,activity,,P4,7.0–7.5（32–100 nM）,7.08,False,,CHEMBL2023437,False,,,,,,,,False,True,True,CC(C)=CCOc1cc(Oc2ccc(S(=O)(=O)N3CC[C@H](F)C3)cc2)cc(C(=O)Nc2ccn(C)n2)c1,1,False,0,0,False,False,无改动,528.6060000000002,528.1842692480001,37,102.76,111.14,4.542200000000004,137.31699999999995,1,6,9,10,4,3,0.3076923076923077,11,0,0.40923332478607977,1,O=C(Nc1cc[nH]n1)c1cccc(Oc2ccc(S(=O)(=O)N3CCCC3)cc2)c1,CC(CC1CCCC1)C1CCCC(CC2CCC(C(C)(C)C3CCCC3)CC2)C1,False,"InChI=1S/C26H29FN4O5S/c1-18(2)10-13-35-22-14-19(26(32)28-25-9-11-30(3)29-25)15-23(16-22)36-21-4-6-24(7-5-21)37(33,34)31-12-8-20(27)17-31/h4-7,9-11,14-16,20H,8,12-13,17H2,1-3H3,(H,28,29,32)/t20-/m0/s1",FCCBNXQRQJFVDM-FQEVSTJZSA-N,FCCBNXQRQJFVDM,1,False,False,True,False,FCCBNXQRQJFVDM-FQEVSTJZSA-N,1,True,2
GKA_0435,gka_candidate,CHEMBL2315027,,COC[C@H](C)Oc1cc(/C=C/c2ccccc2OC)cc(C(=O)Nc2ccc(C(=O)O)cn2)c1,,,activity,,P4,7.0–7.5（32–100 nM）,7.08,False,,CHEMBL2315027,False,,,,,,,,False,True,True,COC[C@H](C)Oc1cc(/C=C/c2ccccc2OC)cc(C(=O)Nc2ccc(C(=O)O)cn2)c1,1,False,0,0,False,False,无改动,462.50200000000024,462.17908655199994,34,106.98000000000002,106.98000000000002,4.624800000000003,129.47950000000006,2,6,10,11,3,3,0.19230769230769232,8,0,0.42330001077680746,0,O=C(Nc1ccccn1)c1cccc(/C=C/c2ccccc2)c1,CC(CC1CCCCC1)C1CCCC(CCC2CCCCC2)C1,False,"InChI=1S/C26H26N2O6/c1-17(16-32-2)34-22-13-18(8-9-19-6-4-5-7-23(19)33-3)12-21(14-22)25(29)28-24-11-10-20(15-27-24)26(30)31/h4-15,17H,16H2,1-3H3,(H,30,31)(H,27,28,29)/b9-8+/t17-/m0/s1",NSJMSUDOIJRJAU-IJDCCNJMSA-N,NSJMSUDOIJRJAU,1,True,False,False,False,NSJMSUDOIJRJAU-IJDCCNJMSA-N,1,True,10
GKA_0436,gka_candidate,CHEMBL5083369,,CCOP(=O)(Cn1ccc(NC(=O)c2cc(Oc3ccc(S(C)(=O)=O)cc3)cc(O[C@@H](C)CF)c2)n1)OCC,,,activity,,P4,7.0–7.5（32–100 nM）,7.06,False,,CHEMBL5083369,False,,,,,,,,False,True,True,CCOP(=O)(Cn1ccc(NC(=O)c2cc(Oc3ccc(S(C)(=O)=O)cc3)cc(O[C@@H](C)CF)c2)n1)OCC,1,False,0,0,False,False,无改动,583.5750000000002,583.1553508019999,39,135.04999999999998,153.23999999999998,5.291600000000005,143.17149999999984,1,9,14,15,3,3,0.36,14,0,0.2511514935110603,2,O=C(Nc1cc[nH]n1)c1cccc(Oc2ccccc2)c1,CC(CC1CCCC1)C1CCCC(CC2CCCCC2)C1,False,"InChI=1S/C25H31FN3O8PS/c1-5-34-38(31,35-6-2)17-29-12-11-24(28-29)27-25(30)19-13-21(36-18(3)16-26)15-22(14-19)37-20-7-9-23(10-8-20)39(4,32)33/h7-15,18H,5-6,16-17H2,1-4H3,(H,27,28,30)/t18-/m0/s1",OKNNOPOKYGFEEG-SFHVURJKSA-N,OKNNOPOKYGFEEG,1,False,False,False,False,OKNNOPOKYGFEEG-SFHVURJKSA-N,1,True,12
GKA_0437,gka_candidate,CHEMBL2021545,,CC[C@@H](COC)Oc1cc(Oc2ccc(S(=O)(=O)OC)cc2)cc(C(=O)Nc2nccs2)c1,,,activity,,P4,7.0–7.5（32–100 nM）,7.055,False,,CHEMBL2021545,False,,,,,,,,False,True,True,CC[C@@H](COC)Oc1cc(Oc2ccc(S(=O)(=O)OC)cc2)cc(C(=O)Nc2nccs2)c1,1,False,0,0,False,False,无改动,492.57500000000016,492.102493108,33,113.05,149.67000000000002,4.3266000000000036,123.80300000000005,1,9,11,12,3,3,0.2727272727272727,11,0,0.39374248240792176,0,O=C(Nc1nccs1)c1cccc(Oc2ccccc2)c1,CC(CC1CCCC1)C1CCCC(CC2CCCCC2)C1,False,"InChI=1S/C22H24N2O7S2/c1-4-16(14-28-2)30-18-11-15(21(25)24-22-23-9-10-32-22)12-19(13-18)31-17-5-7-20(8-6-17)33(26,27)29-3/h5-13,16H,4,14H2,1-3H3,(H,23,24,25)/t16-/m0/s1",FDKFFOPQLBQTMX-INIZCTEOSA-N,FDKFFOPQLBQTMX,1,False,False,False,False,FDKFFOPQLBQTMX-INIZCTEOSA-N,1,True,26
GKA_0438,gka_candidate,CHEMBL1164184,,O=C(Nc1ncc(F)s1)C(CC1CCOCC1)c1ccc(S(=O)(=O)C2CC2)cc1,,,activity,,P4,7.0–7.5（32–100 nM）,7.05,False,,CHEMBL1164184,False,,,,,,,,False,True,True,O=C(Nc1ncc(F)s1)C(CC1CCOCC1)c1ccc(S(=O)(=O)C2CC2)cc1,1,False,0,0,False,False,无改动,438.54600000000016,438.108327436,29,85.35999999999999,121.97999999999999,3.7573000000000025,108.25250000000004,1,6,7,8,4,2,0.5,9,0,0.7115082020895332,0,O=C(Nc1nccs1)C(CC1CCOCC1)c1ccc(S(=O)(=O)C2CC2)cc1,CC(CC1CCCC1)C(CC1CCCCC1)C1CCC(C(C)(C)C2CC2)CC1,False,"InChI=1S/C20H23FN2O4S2/c21-18-12-22-20(28-18)23-19(24)17(11-13-7-9-27-10-8-13)14-1-3-15(4-2-14)29(25,26)16-5-6-16/h1-4,12-13,16-17H,5-11H2,(H,22,23,24)",DBMFNEZMJWKKPU-UHFFFAOYSA-N,DBMFNEZMJWKKPU,1,False,False,False,False,DBMFNEZMJWKKPU-UHFFFAOYSA-N,1,True,5
GKA_0439,gka_candidate,CHEMBL1778373,,COC[C@H](C)Oc1cc(Oc2cc(F)cc(F)c2)cc(C(=O)Nc2ccc(C(=O)O)cn2)c1,,,activity,,P4,7.0–7.5（32–100 nM）,7.05,False,,CHEMBL1778373,False,,,,,,,,False,True,True,COC[C@H](C)Oc1cc(Oc2cc(F)cc(F)c2)cc(C(=O)Nc2ccc(C(=O)O)cn2)c1,1,False,0,0,False,False,无改动,458.41700000000014,458.12894279999995,33,106.98000000000002,106.98000000000002,4.516300000000003,113.98950000000004,2,6,9,10,3,3,0.17391304347826086,10,0,0.4856384189412845,0,O=C(Nc1ccccn1)c1cccc(Oc2ccccc2)c1,CC(CC1CCCCC1)C1CCCC(CC2CCCCC2)C1,False,"InChI=1S/C23H20F2N2O6/c1-13(12-31-2)32-18-5-15(22(28)27-21-4-3-14(11-26-21)23(29)30)6-19(10-18)33-20-8-16(24)7-17(25)9-20/h3-11,13H,12H2,1-2H3,(H,29,30)(H,26,27,28)/t13-/m0/s1",ONHAZCJPHPIFHW-ZDUSSCGKSA-N,ONHAZCJPHPIFHW,1,True,False,False,False,ONHAZCJPHPIFHW-ZDUSSCGKSA-N,1,True,11
GKA_0440,gka_candidate,CHEMBL2315025,,COC[C@H](C)Oc1cc(/C=C/c2c(F)cccc2F)cc(C(=O)Nc2ccc(C(=O)O)cn2)c1,,,activity,,P4,7.0–7.5（32–100 nM）,7.05,False,,CHEMBL2315025,False,,,,,,,,False,True,True,COC[C@H](C)Oc1cc(/C=C/c2c(F)cccc2F)cc(C(=O)Nc2ccc(C(=O)O)cn2)c1,1,False,0,0,False,False,无改动,468.4560000000002,468.149678244,34,97.75,97.75,4.894400000000004,122.84350000000005,2,5,9,10,3,3,0.16,9,0,0.4340013796728238,0,O=C(Nc1ccccn1)c1cccc(/C=C/c2ccccc2)c1,CC(CC1CCCCC1)C1CCCC(CCC2CCCCC2)C1,False,"InChI=1S/C25H22F2N2O5/c1-15(14-33-2)34-19-11-16(6-8-20-21(26)4-3-5-22(20)27)10-18(12-19)24(30)29-23-9-7-17(13-28-23)25(31)32/h3-13,15H,14H2,1-2H3,(H,31,32)(H,28,29,30)/b8-6+/t15-/m0/s1",OICTWINHANJRFJ-VFADXPBXSA-N,OICTWINHANJRFJ,1,True,False,False,False,OICTWINHANJRFJ-VFADXPBXSA-N,1,True,10
GKA_0441,gka_candidate,CHEMBL2408129,,Cc1cnc(-c2cc(Oc3ccc(S(=O)(=O)N(C)C)cc3)cc(O[C@@H](C)CO)c2)[nH]c1=O,,,activity,,P4,7.0–7.5（32–100 nM）,7.05,False,,CHEMBL2408129,False,,,,,,,,False,True,True,Cc1cnc(-c2cc(Oc3ccc(S(=O)(=O)N(C)C)cc3)cc(O[C@@H](C)CO)c2)[nH]c1=O,1,False,0,0,False,False,无改动,459.5240000000002,459.14640651999997,32,121.82,130.2,2.5475200000000005,119.59530000000005,2,7,8,8,3,3,0.2727272727272727,10,0,0.5307919617849842,0,O=c1ccnc(-c2cccc(Oc3ccccc3)c2)[nH]1,CC1CCCC(C2CCCC(CC3CCCCC3)C2)C1,False,"InChI=1S/C22H25N3O6S/c1-14-12-23-21(24-22(14)27)16-9-18(30-15(2)13-26)11-19(10-16)31-17-5-7-20(8-6-17)32(28,29)25(3)4/h5-12,15,26H,13H2,1-4H3,(H,23,24,27)/t15-/m0/s1",LMMPRCSJTPBGGP-HNNXBMFYSA-N,LMMPRCSJTPBGGP,1,False,False,True,False,LMMPRCSJTPBGGP-HNNXBMFYSA-N,1,True,8
GKA_0442,gka_candidate,CHEMBL439344,,CC(C)Oc1cc(O[C@H](C)Cc2ccccc2)cc(C(=O)Nc2ccc(C(=O)O)cn2)c1,,,activity,,P4,7.0–7.5（32–100 nM）,7.05,False,,CHEMBL439344,False,,,,,,,,False,True,True,CC(C)Oc1cc(O[C@H](C)Cc2ccccc2)cc(C(=O)Nc2ccc(C(=O)O)cn2)c1,1,False,0,0,False,False,无改动,434.4920000000002,434.18417193199997,32,97.75,97.75,4.8293000000000035,121.59150000000007,2,5,9,10,3,3,0.24,7,0,0.5006328863064826,0,O=C(Nc1ccccn1)c1cccc(OCCc2ccccc2)c1,CC(CC1CCCCC1)C1CCCC(CCCC2CCCCC2)C1,False,"InChI=1S/C25H26N2O5/c1-16(2)31-21-12-20(24(28)27-23-10-9-19(15-26-23)25(29)30)13-22(14-21)32-17(3)11-18-7-5-4-6-8-18/h4-10,12-17H,11H2,1-3H3,(H,29,30)(H,26,27,28)/t17-/m1/s1",CLRXIUJLHYPICH-QGZVFWFLSA-N,CLRXIUJLHYPICH,1,True,False,False,False,CLRXIUJLHYPICH-QGZVFWFLSA-N,1,True,9
GKA_0443,gka_candidate,CHEMBL4469251,,CNC(=O)Nc1cc(Oc2cncc(C)c2)c([C@H]2C[C@H](O)C2)cn1,,,activity,,P4,7.0–7.5（32–100 nM）,7.05,False,,CHEMBL4469251,False,,,,,,,,False,True,True,CNC(=O)Nc1cc(Oc2cncc(C)c2)c([C@H]2C[C@H](O)C2)cn1,1,False,0,0,False,False,无改动,328.37200000000007,328.1535405,24,96.37,96.37,2.5669200000000005,89.34520000000003,3,5,4,6,3,2,0.35294117647058826,7,0,0.8013744913145323,0,c1cncc(Oc2ccncc2C2CCC2)c1,C1CCC(CC2CCCCC2C2CCC2)CC1,False,"InChI=1S/C17H20N4O3/c1-10-3-13(8-19-7-10)24-15-6-16(21-17(23)18-2)20-9-14(15)11-4-12(22)5-11/h3,6-9,11-12,22H,4-5H2,1-2H3,(H2,18,20,21,23)/t11-,12-",WDQHHGIWBRALLU-HAQNSBGRSA-N,WDQHHGIWBRALLU,2,False,False,False,False,WDQHHGIWBRALLU-HAQNSBGRSA-N,1,True,5
GKA_0444,gka_candidate,CHEMBL1258206,,O=C(Nc1nccs1)/C(=C/C1CCCCC1)c1ccc(-n2nnnc2C(F)(F)F)c(Cl)c1,,,activity,,P4,7.0–7.5（32–100 nM）,7.04,False,,CHEMBL1258206,False,,,,,,,,False,True,True,O=C(Nc1nccs1)/C(=C/C1CCCCC1)c1ccc(-n2nnnc2C(F)(F)F)c(Cl)c1,1,False,0,0,False,False,无改动,482.919,482.0903425360001,32,85.59,113.83,5.393400000000003,114.46170000000002,1,6,5,7,4,3,0.35,12,0,0.4924170731373239,1,O=C(Nc1nccs1)/C(=C/C1CCCCC1)c1ccc(-n2cnnn2)cc1,CC(CC1CCCC1)C(CC1CCCCC1)C1CCC(C2CCCC2)CC1,False,"InChI=1S/C20H18ClF3N6OS/c21-15-11-13(6-7-16(15)30-18(20(22,23)24)27-28-29-30)14(10-12-4-2-1-3-5-12)17(31)26-19-25-8-9-32-19/h6-12H,1-5H2,(H,25,26,31)/b14-10+",QIMSMHHSGVQCCP-GXDHUFHOSA-N,QIMSMHHSGVQCCP,0,False,False,False,False,QIMSMHHSGVQCCP-GXDHUFHOSA-N,1,True,2
GKA_0445,gka_candidate,CHEMBL2023055,,COC1CCN(S(=O)(=O)c2ccc(Oc3cc(OCC=C(C)C)cc(C(=O)Nc4nccs4)c3)cc2)CC1,,,activity,,P4,7.0–7.5（32–100 nM）,7.04,False,,CHEMBL2023055,False,,,,,,,,False,True,True,COC1CCN(S(=O)(=O)c2ccc(Oc3cc(OCC=C(C)C)cc(C(=O)Nc4nccs4)c3)cc2)CC1,1,False,0,0,False,False,无改动,557.6940000000002,557.165427712,38,107.06000000000002,143.68,5.332200000000006,146.74099999999984,1,8,10,11,4,3,0.3333333333333333,11,0,0.3357704878862181,2,O=C(Nc1nccs1)c1cccc(Oc2ccc(S(=O)(=O)N3CCCCC3)cc2)c1,CC(CC1CCCC1)C1CCCC(CC2CCC(C(C)(C)C3CCCCC3)CC2)C1,False,"InChI=1S/C27H31N3O6S2/c1-19(2)10-14-35-23-16-20(26(31)29-27-28-11-15-37-27)17-24(18-23)36-22-4-6-25(7-5-22)38(32,33)30-12-8-21(34-3)9-13-30/h4-7,10-11,15-18,21H,8-9,12-14H2,1-3H3,(H,28,29,31)",RSQVANLBVQMPIA-UHFFFAOYSA-N,RSQVANLBVQMPIA,0,False,False,True,False,RSQVANLBVQMPIA-UHFFFAOYSA-N,1,True,2
GKA_0446,gka_candidate,CHEMBL573064,,Cn1ccc(Nc2ncnc3ccc(Oc4ncccc4Cl)cc23)n1,,,activity,,P4,7.0–7.5（32–100 nM）,7.04,False,,CHEMBL573064,False,,,,,,,,False,True,True,Cn1ccc(Nc2ncnc3ccc(Oc4ncccc4Cl)cc23)n1,1,False,0,0,False,False,无改动,352.7850000000001,352.08393671600004,25,77.75,77.75,3.947600000000002,95.34970000000003,1,6,4,4,4,4,0.058823529411764705,8,0,0.5989022512661708,0,c1ccc(Oc2ccc3ncnc(Nc4cc[nH]n4)c3c2)nc1,C1CCC(CC2CCC3CCCC(CC4CCCC4)C3C2)CC1,False,"InChI=1S/C17H13ClN6O/c1-24-8-6-15(23-24)22-16-12-9-11(4-5-14(12)20-10-21-16)25-17-13(18)3-2-7-19-17/h2-10H,1H3,(H,20,21,22,23)",DPOPBIKSYAJLLK-UHFFFAOYSA-N,DPOPBIKSYAJLLK,0,False,False,False,False,DPOPBIKSYAJLLK-UHFFFAOYSA-N,1,True,5
GKA_0447,gka_candidate,CHEMBL3908170,,Cc1cc(Oc2cnc(NC(=O)C(Oc3ccc(F)cc3F)c3ccc(S(=O)(=O)C4CC4)cc3)s2)ccc1C(=O)O,,,activity,,P4,7.0–7.5（32–100 nM）,7.03,False,,CHEMBL3908170,False,,,,,,,,False,True,True,Cc1cc(Oc2cnc(NC(=O)C(Oc3ccc(F)cc3F)c3ccc(S(=O)(=O)C4CC4)cc3)s2)ccc1C(=O)O,1,False,0,0,False,False,无改动,600.6210000000002,600.0836494840001,41,131.89,168.51,5.915120000000004,145.33279999999982,2,8,10,11,5,4,0.17857142857142858,13,0,0.2295244723011969,2,O=C(Nc1ncc(Oc2ccccc2)s1)C(Oc1ccccc1)c1ccc(S(=O)(=O)C2CC2)cc1,CC(CC1CCC(CC2CCCCC2)C1)C(CC1CCCCC1)C1CCC(C(C)(C)C2CC2)CC1,False,"InChI=1S/C28H22F2N2O7S2/c1-15-12-18(5-10-21(15)27(34)35)38-24-14-31-28(40-24)32-26(33)25(39-23-11-4-17(29)13-22(23)30)16-2-6-19(7-3-16)41(36,37)20-8-9-20/h2-7,10-14,20,25H,8-9H2,1H3,(H,34,35)(H,31,32,33)",SZQNZELMHGHVQQ-UHFFFAOYSA-N,SZQNZELMHGHVQQ,1,True,False,False,False,SZQNZELMHGHVQQ-UHFFFAOYSA-N,1,True,3
GKA_0448,gka_candidate,CHEMBL2023063,,CC(C)=CCOc1cc(Oc2ccc(S(=O)(=O)N3CCOCC3)cc2)cc(C(=O)Nc2cc(C)n(C)n2)c1,,,activity,,P4,7.0–7.5（32–100 nM）,7.02,False,,CHEMBL2023063,False,,,,,,,,False,True,True,CC(C)=CCOc1cc(Oc2ccc(S(=O)(=O)N3CCOCC3)cc2)cc(C(=O)Nc2cc(C)n(C)n2)c1,1,False,0,0,False,False,无改动,540.6420000000003,540.2042557440001,38,111.99000000000002,120.37000000000002,4.139020000000003,143.35999999999987,1,7,9,10,4,3,0.3333333333333333,11,0,0.40614455369352737,1,O=C(Nc1cc[nH]n1)c1cccc(Oc2ccc(S(=O)(=O)N3CCOCC3)cc2)c1,CC(CC1CCCC1)C1CCCC(CC2CCC(C(C)(C)C3CCCCC3)CC2)C1,False,"InChI=1S/C27H32N4O6S/c1-19(2)9-12-36-23-16-21(27(32)28-26-15-20(3)30(4)29-26)17-24(18-23)37-22-5-7-25(8-6-22)38(33,34)31-10-13-35-14-11-31/h5-9,15-18H,10-14H2,1-4H3,(H,28,29,32)",DGCABLZAVGULFA-UHFFFAOYSA-N,DGCABLZAVGULFA,0,False,False,True,False,DGCABLZAVGULFA-UHFFFAOYSA-N,1,True,4
GKA_0449,gka_candidate,CHEMBL2315023,,COC[C@H](C)Oc1cc(/C=C/c2ccc(F)cc2F)cc(C(=O)Nc2ccc(C(=O)O)cn2)c1,,,activity,,P4,7.0–7.5（32–100 nM）,7.02,False,,CHEMBL2315023,False,,,,,,,,False,True,True,COC[C@H](C)Oc1cc(/C=C/c2ccc(F)cc2F)cc(C(=O)Nc2ccc(C(=O)O)cn2)c1,1,False,0,0,False,False,无改动,468.4560000000002,468.149678244,34,97.75,97.75,4.8944000000000045,122.84350000000005,2,5,9,10,3,3,0.16,9,0,0.43400137967282376,0,O=C(Nc1ccccn1)c1cccc(/C=C/c2ccccc2)c1,CC(CC1CCCCC1)C1CCCC(CCC2CCCCC2)C1,False,"InChI=1S/C25H22F2N2O5/c1-15(14-33-2)34-21-10-16(3-4-17-5-7-20(26)12-22(17)27)9-19(11-21)24(30)29-23-8-6-18(13-28-23)25(31)32/h3-13,15H,14H2,1-2H3,(H,31,32)(H,28,29,30)/b4-3+/t15-/m0/s1",HKCJXSWTKIPQLN-BWPKMQGJSA-N,HKCJXSWTKIPQLN,1,True,False,False,False,HKCJXSWTKIPQLN-BWPKMQGJSA-N,1,True,10
GKA_0450,gka_candidate,CHEMBL3235145,,Cc1cccnc1-c1cc(Oc2ccc(S(C)(=O)=O)cc2)cc(C(=O)Nc2nccs2)c1,,,activity,,P4,7.0–7.5（32–100 nM）,7.02,False,,CHEMBL3235145,False,,,,,,,,False,True,True,Cc1cccnc1-c1cc(Oc2ccc(S(C)(=O)=O)cc2)cc(C(=O)Nc2nccs2)c1,1,False,0,0,False,False,无改动,465.55600000000015,465.081698088,32,98.25,134.87,4.961620000000003,124.10300000000005,1,7,6,7,4,4,0.08695652173913043,9,0,0.432081816758732,0,O=C(Nc1nccs1)c1cc(Oc2ccccc2)cc(-c2ccccn2)c1,CC(CC1CCCC1)C1CC(CC2CCCCC2)CC(C2CCCCC2)C1,False,"InChI=1S/C23H19N3O4S2/c1-15-4-3-9-24-21(15)16-12-17(22(27)26-23-25-10-11-31-23)14-19(13-16)30-18-5-7-20(8-6-18)32(2,28)29/h3-14H,1-2H3,(H,25,26,27)",NUKLCFPZRXALBO-UHFFFAOYSA-N,NUKLCFPZRXALBO,0,False,False,False,False,NUKLCFPZRXALBO-UHFFFAOYSA-N,1,True,7
GKA_0451,gka_candidate,CHEMBL3890502,,O=C(Nc1ncc(Oc2cccc(CO)c2)s1)C(OC1CCOCC1)c1ccc(S(=O)(=O)C2CC2)cc1,,,activity,,P4,7.0–7.5（32–100 nM）,7.02,False,,CHEMBL3890502,False,,,,,,,,False,True,True,O=C(Nc1ncc(Oc2cccc(CO)c2)s1)C(OC1CCOCC1)c1ccc(S(=O)(=O)C2CC2)cc1,1,False,0,0,False,False,无改动,544.6510000000004,544.1337932359999,37,124.05000000000001,160.67,4.239200000000003,137.4992999999999,2,9,10,11,5,3,0.38461538461538464,11,0,0.3884964355696784,1,O=C(Nc1ncc(Oc2ccccc2)s1)C(OC1CCOCC1)c1ccc(S(=O)(=O)C2CC2)cc1,CC(CC1CCC(CC2CCCCC2)C1)C(CC1CCCCC1)C1CCC(C(C)(C)C2CC2)CC1,False,"InChI=1S/C26H28N2O7S2/c29-16-17-2-1-3-20(14-17)34-23-15-27-26(36-23)28-25(30)24(35-19-10-12-33-13-11-19)18-4-6-21(7-5-18)37(31,32)22-8-9-22/h1-7,14-15,19,22,24,29H,8-13,16H2,(H,27,28,30)",DYFOIIONPREVID-UHFFFAOYSA-N,DYFOIIONPREVID,1,False,False,False,False,DYFOIIONPREVID-UHFFFAOYSA-N,1,True,11
GKA_0452,gka_candidate,CHEMBL551977,,CC(CCO)Oc1cc(Oc2ccc(S(C)(=O)=O)cc2)cc(C(=O)Nc2nccs2)c1,,,activity,,P4,7.0–7.5（32–100 nM）,7.02,False,,CHEMBL551977,False,,,,,,,,False,True,True,CC(CCO)Oc1cc(Oc2ccc(S(C)(=O)=O)cc2)cc(C(=O)Nc2nccs2)c1,1,False,0,0,False,False,无改动,462.5490000000001,462.09192842400006,31,114.82000000000001,151.44,3.7409000000000026,117.92780000000005,2,8,9,10,3,3,0.23809523809523808,10,0,0.4976933957128278,0,O=C(Nc1nccs1)c1cccc(Oc2ccccc2)c1,CC(CC1CCCC1)C1CCCC(CC2CCCCC2)C1,False,"InChI=1S/C21H22N2O6S2/c1-14(7-9-24)28-17-11-15(20(25)23-21-22-8-10-30-21)12-18(13-17)29-16-3-5-19(6-4-16)31(2,26)27/h3-6,8,10-14,24H,7,9H2,1-2H3,(H,22,23,25)",CIEKVPSDCFZVBR-UHFFFAOYSA-N,CIEKVPSDCFZVBR,1,False,False,False,False,CIEKVPSDCFZVBR-UHFFFAOYSA-N,1,True,26
GKA_0453,gka_candidate,CHEMBL1255593,,CS(=O)(=O)c1ccc(/C(=C\C2CCCC2)C(=O)Nc2ncc(C#N)s2)cc1,,,activity,,P4,7.0–7.5（32–100 nM）,7.01,False,,CHEMBL1255593,False,,,,,,,,False,True,True,CS(=O)(=O)c1ccc(/C(=C\C2CCCC2)C(=O)Nc2ncc(C#N)s2)cc1,1,False,0,0,False,False,无改动,401.51300000000003,401.0867834680001,27,99.91999999999999,136.54000000000002,3.630580000000002,104.94550000000002,1,6,5,6,3,2,0.3157894736842105,8,0,0.7712769752718462,0,O=C(Nc1nccs1)/C(=C/C1CCCC1)c1ccccc1,CC(CC1CCCC1)C(CC1CCCC1)C1CCCCC1,False,"InChI=1S/C19H19N3O3S2/c1-27(24,25)16-8-6-14(7-9-16)17(10-13-4-2-3-5-13)18(23)22-19-21-12-15(11-20)26-19/h6-10,12-13H,2-5H2,1H3,(H,21,22,23)/b17-10+",XOWPGRJGSIKPQR-LICLKQGHSA-N,XOWPGRJGSIKPQR,0,False,False,False,False,XOWPGRJGSIKPQR-LICLKQGHSA-N,1,True,8
GKA_0454,gka_candidate,CHEMBL3358445,,CCn1nccc1Oc1cc(C[C@H]2CC[C@@](C)(O)CC2)cnc1NC(=O)NC,,,activity,,P4,7.0–7.5（32–100 nM）,7.01,False,,CHEMBL3358445,False,,,,,,,,False,True,True,CCn1nccc1Oc1cc(C[C@H]2CC[C@@](C)(O)CC2)cnc1NC(=O)NC,1,False,0,0,False,False,无改动,387.4840000000001,387.22703978800007,28,101.30000000000001,101.30000000000001,3.3253000000000013,106.57620000000006,3,5,6,8,3,2,0.55,8,0,0.7057151637732408,0,c1cc(Oc2cncc(CC3CCCCC3)c2)[nH]n1,C1CCC(CC2CCCC(CC3CCCC3)C2)CC1,False,"InChI=1S/C20H29N5O3/c1-4-25-17(7-10-23-25)28-16-12-15(13-22-18(16)24-19(26)21-3)11-14-5-8-20(2,27)9-6-14/h7,10,12-14,27H,4-6,8-9,11H2,1-3H3,(H2,21,22,24,26)/t14-,20+",PWPGDNXSBLRVKY-LDTOLXSISA-N,PWPGDNXSBLRVKY,2,False,False,False,False,PWPGDNXSBLRVKY-LDTOLXSISA-N,1,True,4
GKA_0455,gka_candidate,CHEMBL5093208,,CCOP(=O)(Cn1ccc(NC(=O)c2cc(Oc3ccc(S(C)(=O)=O)cc3)cc(O[C@@H](CC)CO)c2)n1)OCC,,,activity,,P4,7.0–7.5（32–100 nM）,7.01,False,,CHEMBL5093208,False,,,,,,,,False,True,True,CCOP(=O)(Cn1ccc(NC(=O)c2cc(Oc3ccc(S(C)(=O)=O)cc3)cc(O[C@@H](CC)CO)c2)n1)OCC,1,False,0,0,False,False,无改动,595.6110000000002,595.1753372979999,40,155.28,173.46999999999994,4.704500000000004,148.89929999999978,2,10,15,16,3,3,0.38461538461538464,14,0,0.23615013627828085,1,O=C(Nc1cc[nH]n1)c1cccc(Oc2ccccc2)c1,CC(CC1CCCC1)C1CCCC(CC2CCCCC2)C1,False,"InChI=1S/C26H34N3O9PS/c1-5-20(17-30)37-22-14-19(15-23(16-22)38-21-8-10-24(11-9-21)40(4,33)34)26(31)27-25-12-13-29(28-25)18-39(32,35-6-2)36-7-3/h8-16,20,30H,5-7,17-18H2,1-4H3,(H,27,28,31)/t20-/m0/s1",KTLWJJNFELXUNX-FQEVSTJZSA-N,KTLWJJNFELXUNX,1,False,False,False,False,KTLWJJNFELXUNX-FQEVSTJZSA-N,1,True,12
GKA_0456,gka_candidate,CHEMBL1778369,,COC[C@H](C)Oc1cc(Oc2ccc(Cl)cc2)cc(C(=O)Nc2ccc(C(=O)O)cn2)c1,,,activity,,P4,7.0–7.5（32–100 nM）,7.0,False,,CHEMBL1778369,False,,,,,,,,False,True,True,COC[C@H](C)Oc1cc(Oc2ccc(Cl)cc2)cc(C(=O)Nc2ccc(C(=O)O)cn2)c1,1,False,0,0,False,False,无改动,456.8820000000002,456.10881407200003,32,106.98000000000002,106.98000000000002,4.891500000000004,119.08350000000004,2,6,9,10,3,3,0.17391304347826086,9,0,0.47156185652437516,0,O=C(Nc1ccccn1)c1cccc(Oc2ccccc2)c1,CC(CC1CCCCC1)C1CCCC(CC2CCCCC2)C1,False,"InChI=1S/C23H21ClN2O6/c1-14(13-30-2)31-19-9-16(10-20(11-19)32-18-6-4-17(24)5-7-18)22(27)26-21-8-3-15(12-25-21)23(28)29/h3-12,14H,13H2,1-2H3,(H,28,29)(H,25,26,27)/t14-/m0/s1",QQLRSGYTKYKGIH-AWEZNQCLSA-N,QQLRSGYTKYKGIH,1,True,False,False,False,QQLRSGYTKYKGIH-AWEZNQCLSA-N,1,True,11
GKA_0457,gka_candidate,CHEMBL2023051,,CC(C)=CCOc1cc(Oc2ccc(S(=O)(=O)N3CC4CCC(C3)O4)cc2)cc(C(=O)Nc2nccs2)c1,,,activity,,P4,7.0–7.5（32–100 nM）,7.0,False,,CHEMBL2023051,False,,,,,,,,False,True,True,CC(C)=CCOc1cc(Oc2ccc(S(=O)(=O)N3CC4CCC(C3)O4)cc2)cc(C(=O)Nc2nccs2)c1,1,False,0,0,False,False,无改动,555.6780000000003,555.149777648,38,107.06000000000002,143.68,5.084600000000005,144.60499999999985,1,8,9,10,5,3,0.3333333333333333,11,0,0.36686514694389255,2,O=C(Nc1nccs1)c1cccc(Oc2ccc(S(=O)(=O)N3CC4CCC(C3)O4)cc2)c1,CC(CC1CCCC1)C1CCCC(CC2CCC(C(C)(C)C3CC4CCC(C4)C3)CC2)C1,False,"InChI=1S/C27H29N3O6S2/c1-18(2)9-11-34-23-13-19(26(31)29-27-28-10-12-37-27)14-24(15-23)35-20-5-7-25(8-6-20)38(32,33)30-16-21-3-4-22(17-30)36-21/h5-10,12-15,21-22H,3-4,11,16-17H2,1-2H3,(H,28,29,31)",ACCXEVDGIPNJDN-UHFFFAOYSA-N,ACCXEVDGIPNJDN,2,False,False,True,False,ACCXEVDGIPNJDN-UHFFFAOYSA-N,1,True,2
GKA_0458,gka_candidate,CHEMBL2206786,,COCCC(Oc1ncnc2c1cnn2-c1ccccc1Cl)C(=O)Nc1ccc(C)cn1,,,activity,,P4,7.0–7.5（32–100 nM）,7.0,False,,CHEMBL2206786,False,,,,,,,,False,True,True,COCCC(Oc1ncnc2c1cnn2-c1ccccc1Cl)C(=O)Nc1ccc(C)cn1,1,False,0,0,False,False,无改动,452.9020000000001,452.13636621200004,32,104.05,104.05,3.594920000000002,120.18270000000004,1,7,8,9,4,4,0.22727272727272727,10,0,0.43521947143988365,0,O=C(COc1ncnc2c1cnn2-c1ccccc1)Nc1ccccn1,CC(CCC1CCCC2C(C3CCCCC3)CCC12)CC1CCCCC1,False,"InChI=1S/C22H21ClN6O3/c1-14-7-8-19(24-11-14)28-21(30)18(9-10-31-2)32-22-15-12-27-29(20(15)25-13-26-22)17-6-4-3-5-16(17)23/h3-8,11-13,18H,9-10H2,1-2H3,(H,24,28,30)",QOSFZTVPVNEQRB-UHFFFAOYSA-N,QOSFZTVPVNEQRB,1,False,False,False,False,QOSFZTVPVNEQRB-UHFFFAOYSA-N,1,True,18
GKA_0459,gka_candidate,CHEMBL2206788,,COCCC(Oc1ncnc2c1cnn2-c1ccccc1C(F)(F)F)C(=O)Nc1ccc(C)cn1,,,activity,,P4,7.0–7.5（32–100 nM）,7.0,False,,CHEMBL2206788,False,,,,,,,,False,True,True,COCCC(Oc1ncnc2c1cnn2-c1ccccc1C(F)(F)F)C(=O)Nc1ccc(C)cn1,1,False,0,0,False,False,无改动,486.4540000000001,486.16272319200004,35,104.05,104.05,3.960320000000003,120.17470000000003,1,7,8,10,4,4,0.2608695652173913,12,0,0.4020646987496481,0,O=C(COc1ncnc2c1cnn2-c1ccccc1)Nc1ccccn1,CC(CCC1CCCC2C(C3CCCCC3)CCC12)CC1CCCCC1,False,"InChI=1S/C23H21F3N6O3/c1-14-7-8-19(27-11-14)31-21(33)18(9-10-34-2)35-22-15-12-30-32(20(15)28-13-29-22)17-6-4-3-5-16(17)23(24,25)26/h3-8,11-13,18H,9-10H2,1-2H3,(H,27,31,33)",AMHDUOXZVAFCJB-UHFFFAOYSA-N,AMHDUOXZVAFCJB,1,False,False,False,False,AMHDUOXZVAFCJB-UHFFFAOYSA-N,1,True,18
GKA_0460,gka_candidate,CHEMBL3976898,,CCOC(=O)c1cccc(Oc2cnc(NC(=O)C(OC3CCOCC3)c3ccc(S(=O)(=O)C4CC4)cc3)s2)c1,,,activity,,P4,7.0–7.5（32–100 nM）,7.0,False,,CHEMBL3976898,False,,,,,,,,False,True,True,CCOC(=O)c1cccc(Oc2cnc(NC(=O)C(OC3CCOCC3)c3ccc(S(=O)(=O)C4CC4)cc3)s2)c1,1,False,0,0,False,False,无改动,586.6880000000003,586.14435792,40,130.12,166.74,4.923600000000005,147.53299999999976,1,10,11,13,5,3,0.39285714285714285,12,0,0.31109016320280575,1,O=C(Nc1ncc(Oc2ccccc2)s1)C(OC1CCOCC1)c1ccc(S(=O)(=O)C2CC2)cc1,CC(CC1CCC(CC2CCCCC2)C1)C(CC1CCCCC1)C1CCC(C(C)(C)C2CC2)CC1,False,"InChI=1S/C28H30N2O8S2/c1-2-36-27(32)19-4-3-5-21(16-19)37-24-17-29-28(39-24)30-26(31)25(38-20-12-14-35-15-13-20)18-6-8-22(9-7-18)40(33,34)23-10-11-23/h3-9,16-17,20,23,25H,2,10-15H2,1H3,(H,29,30,31)",KEQZCFPPVXWESH-UHFFFAOYSA-N,KEQZCFPPVXWESH,1,False,False,False,False,KEQZCFPPVXWESH-UHFFFAOYSA-N,1,True,11
GKA_0461,gka_candidate,CHEMBL3978176,,O=C(Nc1ncc(Oc2ccc(CO)cc2)s1)C(OC1CCOCC1)c1ccc(S(=O)(=O)C2CC2)cc1,,,activity,,P4,7.0–7.5（32–100 nM）,7.0,False,,CHEMBL3978176,False,,,,,,,,False,True,True,O=C(Nc1ncc(Oc2ccc(CO)cc2)s1)C(OC1CCOCC1)c1ccc(S(=O)(=O)C2CC2)cc1,1,False,0,0,False,False,无改动,544.6510000000004,544.1337932359999,37,124.05000000000001,160.67,4.239200000000003,137.4992999999999,2,9,10,11,5,3,0.38461538461538464,11,0,0.3884964355696784,1,O=C(Nc1ncc(Oc2ccccc2)s1)C(OC1CCOCC1)c1ccc(S(=O)(=O)C2CC2)cc1,CC(CC1CCC(CC2CCCCC2)C1)C(CC1CCCCC1)C1CCC(C(C)(C)C2CC2)CC1,False,"InChI=1S/C26H28N2O7S2/c29-16-17-1-5-19(6-2-17)34-23-15-27-26(36-23)28-25(30)24(35-20-11-13-33-14-12-20)18-3-7-21(8-4-18)37(31,32)22-9-10-22/h1-8,15,20,22,24,29H,9-14,16H2,(H,27,28,30)",AYYYOGLTNGCDLF-UHFFFAOYSA-N,AYYYOGLTNGCDLF,1,False,False,False,False,AYYYOGLTNGCDLF-UHFFFAOYSA-N,1,True,11
GKA_0462,gka_candidate,CHEMBL4062882,,O=C(Nc1ncc(F)s1)[C@H](CC1CCOCC1)n1ncc2c(S(=O)(=O)C3CC3)cc(O)cc21,,,activity,,P4,7.0–7.5（32–100 nM）,7.0,False,,CHEMBL4062882,False,,,,,,,,False,True,True,O=C(Nc1ncc(F)s1)[C@H](CC1CCOCC1)n1ncc2c(S(=O)(=O)C3CC3)cc(O)cc21,1,False,0,0,False,False,无改动,494.5700000000002,494.10939005599994,33,123.40999999999998,160.03,3.270100000000002,119.50430000000003,2,8,7,8,5,3,0.47619047619047616,12,0,0.5166471738388678,0,O=C(Nc1nccs1)[C@H](CC1CCOCC1)n1ncc2c(S(=O)(=O)C3CC3)cccc21,CC(CC1CCCC1)C(CC1CCCCC1)C1CCC2C1CCCC2C(C)(C)C1CC1,False,"InChI=1S/C21H23FN4O5S2/c22-19-11-23-21(32-19)25-20(28)17(7-12-3-5-31-6-4-12)26-16-8-13(27)9-18(15(16)10-24-26)33(29,30)14-1-2-14/h8-12,14,17,27H,1-7H2,(H,23,25,28)/t17-/m0/s1",UKFJOAZAZSQUJZ-KRWDZBQOSA-N,UKFJOAZAZSQUJZ,1,False,False,False,False,UKFJOAZAZSQUJZ-KRWDZBQOSA-N,1,True,6
GKA_0463,gka_candidate,CHEMBL4063950,,N#Cc1cc(S(=O)(=O)C2CC2)c2cnn(C(CC3CCOCC3)C(=O)Nc3ncc(F)s3)c2c1,,,activity,,P4,7.0–7.5（32–100 nM）,7.0,False,,CHEMBL4063950,False,,,,,,,,False,True,True,N#Cc1cc(S(=O)(=O)C2CC2)c2cnn(C(CC3CCOCC3)C(=O)Nc3ncc(F)s3)c2c1,1,False,0,0,False,False,无改动,503.5810000000003,503.109724404,34,126.97000000000001,163.59000000000003,3.436180000000002,122.55450000000005,1,8,7,8,5,3,0.45454545454545453,12,0,0.5231847444084992,1,O=C(Nc1nccs1)C(CC1CCOCC1)n1ncc2c(S(=O)(=O)C3CC3)cccc21,CC(CC1CCCC1)C(CC1CCCCC1)C1CCC2C1CCCC2C(C)(C)C1CC1,False,"InChI=1S/C22H22FN5O4S2/c23-20-12-25-22(33-20)27-21(29)18(7-13-3-5-32-6-4-13)28-17-8-14(10-24)9-19(16(17)11-26-28)34(30,31)15-1-2-15/h8-9,11-13,15,18H,1-7H2,(H,25,27,29)",XLQHBYCHEWPRHA-UHFFFAOYSA-N,XLQHBYCHEWPRHA,1,False,False,False,False,XLQHBYCHEWPRHA-UHFFFAOYSA-N,1,True,1
GKA_0464,gka_candidate,CHEMBL4085525,,NC(=O)c1cc(S(=O)(=O)C2CC2)c2cnn([C@@H](CC3CCOCC3)C(=O)Nc3ncc(F)s3)c2c1,,,activity,,P4,7.0–7.5（32–100 nM）,7.0,False,,CHEMBL4085525,False,,,,,,,,False,True,True,NC(=O)c1cc(S(=O)(=O)C2CC2)c2cnn([C@@H](CC3CCOCC3)C(=O)Nc3ncc(F)s3)c2c1,1,False,0,0,False,False,无改动,521.5960000000003,521.120289088,35,146.27000000000004,182.89000000000004,2.6634,126.35740000000004,2,8,8,9,5,3,0.45454545454545453,13,0,0.46323841132897325,1,O=C(Nc1nccs1)[C@H](CC1CCOCC1)n1ncc2c(S(=O)(=O)C3CC3)cccc21,CC(CC1CCCC1)C(CC1CCCCC1)C1CCC2C1CCCC2C(C)(C)C1CC1,False,"InChI=1S/C22H24FN5O5S2/c23-19-11-25-22(34-19)27-21(30)17(7-12-3-5-33-6-4-12)28-16-8-13(20(24)29)9-18(15(16)10-26-28)35(31,32)14-1-2-14/h8-12,14,17H,1-7H2,(H2,24,29)(H,25,27,30)/t17-/m0/s1",ZNWXQJQASUSFFX-KRWDZBQOSA-N,ZNWXQJQASUSFFX,1,False,False,False,False,ZNWXQJQASUSFFX-KRWDZBQOSA-N,1,True,6
GKA_0465,gka_candidate,CHEMBL4090814,,COc1cc(S(=O)(=O)C2CC2)c2cnn([C@@H](CC3CCOCC3)C(=O)Nc3ncc(F)s3)c2c1,,,activity,,P4,7.0–7.5（32–100 nM）,7.0,False,,CHEMBL4090814,False,,,,,,,,False,True,True,COc1cc(S(=O)(=O)C2CC2)c2cnn([C@@H](CC3CCOCC3)C(=O)Nc3ncc(F)s3)c2c1,1,False,0,0,False,False,无改动,508.59700000000026,508.12504012,34,112.41000000000001,149.03,3.573100000000002,124.39150000000005,1,8,8,9,5,3,0.5,12,0,0.49495064956518037,1,O=C(Nc1nccs1)[C@H](CC1CCOCC1)n1ncc2c(S(=O)(=O)C3CC3)cccc21,CC(CC1CCCC1)C(CC1CCCCC1)C1CCC2C1CCCC2C(C)(C)C1CC1,False,"InChI=1S/C22H25FN4O5S2/c1-31-14-9-17-16(19(10-14)34(29,30)15-2-3-15)11-25-27(17)18(8-13-4-6-32-7-5-13)21(28)26-22-24-12-20(23)33-22/h9-13,15,18H,2-8H2,1H3,(H,24,26,28)/t18-/m0/s1",DHHJSNCNVAZFJD-SFHVURJKSA-N,DHHJSNCNVAZFJD,1,False,False,False,False,DHHJSNCNVAZFJD-SFHVURJKSA-N,1,True,6
GKA_0466,gka_candidate,CHEMBL550901,,Cc1cccc(Sc2ccc(Sc3nnc[nH]3)nc2C(=O)Nc2nccs2)c1,,,activity,,P4,7.0–7.5（32–100 nM）,7.0,False,,CHEMBL550901,False,,,,,,,,False,True,True,Cc1cccc(Sc2ccc(Sc3nnc[nH]3)nc2C(=O)Nc2nccs2)c1,1,False,0,0,False,False,无改动,426.55200000000013,426.03912206800004,28,96.45,175.29000000000002,4.519320000000001,110.11190000000002,2,8,6,7,4,4,0.05555555555555555,10,0,0.46779317746067023,0,O=C(Nc1nccs1)c1nc(Sc2nnc[nH]2)ccc1Sc1ccccc1,CC(CC1CCCC1)C1CC(CC2CCCC2)CCC1CC1CCCCC1,False,"InChI=1S/C18H14N6OS3/c1-11-3-2-4-12(9-11)27-13-5-6-14(28-18-20-10-21-24-18)22-15(13)16(25)23-17-19-7-8-26-17/h2-10H,1H3,(H,19,23,25)(H,20,21,24)",MFKQBDAVNUYGAW-UHFFFAOYSA-N,MFKQBDAVNUYGAW,0,False,False,False,False,MFKQBDAVNUYGAW-UHFFFAOYSA-N,1,True,11
GKA_0467,gka_candidate,CHEMBL550904,,CC(C)Oc1cc(Oc2ccc(S(C)(=O)=O)cc2)cc(C(=O)Nc2nccs2)c1,,,activity,,P4,6.5–7.0（0.1–0.32 µM）,6.995,False,,CHEMBL550904,False,,,,,,,,False,True,True,CC(C)Oc1cc(Oc2ccc(S(C)(=O)=O)cc2)cc(C(=O)Nc2nccs2)c1,1,False,0,0,False,False,无改动,432.5230000000001,432.08136374000003,29,94.59,131.21,4.378400000000004,111.89900000000003,1,7,7,8,3,3,0.2,9,0,0.5954091218221025,0,O=C(Nc1nccs1)c1cccc(Oc2ccccc2)c1,CC(CC1CCCC1)C1CCCC(CC2CCCCC2)C1,False,"InChI=1S/C20H20N2O5S2/c1-13(2)26-16-10-14(19(23)22-20-21-8-9-28-20)11-17(12-16)27-15-4-6-18(7-5-15)29(3,24)25/h4-13H,1-3H3,(H,21,22,23)",IBDWQXAELRUGCY-UHFFFAOYSA-N,IBDWQXAELRUGCY,0,False,False,False,False,IBDWQXAELRUGCY-UHFFFAOYSA-N,1,True,26
GKA_0468,gka_candidate,CHEMBL1257743,,Cc1nnnn1-c1ccc(/C(=C\C2CCCC2)C(=O)Nc2nccs2)cc1F,,,activity,,P4,6.5–7.0（0.1–0.32 µM）,6.99,False,,CHEMBL1257743,False,,,,,,,,False,True,True,Cc1nnnn1-c1ccc(/C(=C\C2CCCC2)C(=O)Nc2nccs2)cc1F,1,False,0,0,False,False,无改动,398.467,398.132508448,28,85.59,113.83,3.7786200000000028,104.52770000000004,1,6,5,6,4,3,0.3157894736842105,9,0,0.6612786507753271,0,O=C(Nc1nccs1)/C(=C/C1CCCC1)c1ccc(-n2cnnn2)cc1,CC(CC1CCCC1)C(CC1CCCC1)C1CCC(C2CCCC2)CC1,False,"InChI=1S/C19H19FN6OS/c1-12-23-24-25-26(12)17-7-6-14(11-16(17)20)15(10-13-4-2-3-5-13)18(27)22-19-21-8-9-28-19/h6-11,13H,2-5H2,1H3,(H,21,22,27)/b15-10+",YJDPXMKSUFTHMS-XNTDXEJSSA-N,YJDPXMKSUFTHMS,0,False,False,False,False,YJDPXMKSUFTHMS-XNTDXEJSSA-N,1,True,2
GKA_0469,gka_candidate,CHEMBL551183,,CC(CO)Oc1cc(Oc2ccc(S(C)(=O)=O)cc2)cc(C(=O)Nc2nccs2)c1,,,activity,,P4,6.5–7.0（0.1–0.32 µM）,6.99,False,,CHEMBL551183,False,,,,,,,,False,True,True,CC(CO)Oc1cc(Oc2ccc(S(C)(=O)=O)cc2)cc(C(=O)Nc2nccs2)c1,1,False,0,0,False,False,无改动,448.5220000000001,448.07627836000006,30,114.82000000000001,151.44,3.3508000000000013,113.31080000000003,2,8,8,9,3,3,0.2,10,0,0.5429545067486672,0,O=C(Nc1nccs1)c1cccc(Oc2ccccc2)c1,CC(CC1CCCC1)C1CCCC(CC2CCCCC2)C1,False,"InChI=1S/C20H20N2O6S2/c1-13(12-23)27-16-9-14(19(24)22-20-21-7-8-29-20)10-17(11-16)28-15-3-5-18(6-4-15)30(2,25)26/h3-11,13,23H,12H2,1-2H3,(H,21,22,24)",WXZJALPRVRLDDJ-UHFFFAOYSA-N,WXZJALPRVRLDDJ,1,False,False,False,False,WXZJALPRVRLDDJ-UHFFFAOYSA-N,1,True,26
GKA_0470,gka_candidate,CHEMBL4522622,,CCOCCc1cnc(NC(=O)NC)cc1Oc1cncc(C)c1,,,activity,,P4,6.5–7.0（0.1–0.32 µM）,6.985,False,,CHEMBL4522622,False,,,,,,,,False,True,True,CCOCCc1cnc(NC(=O)NC)cc1Oc1cncc(C)c1,1,False,0,0,False,False,无改动,330.38800000000003,330.169190564,24,85.37,85.37,2.9076200000000014,91.56040000000004,2,5,7,9,2,2,0.35294117647058826,7,0,0.7625102307507164,0,c1cncc(Oc2ccncc2)c1,C1CCC(CC2CCCCC2)CC1,False,"InChI=1S/C17H22N4O3/c1-4-23-6-5-13-10-20-16(21-17(22)18-3)8-15(13)24-14-7-12(2)9-19-11-14/h7-11H,4-6H2,1-3H3,(H2,18,20,21,22)",KKYXCDNGTUJMIB-UHFFFAOYSA-N,KKYXCDNGTUJMIB,0,False,False,False,False,KKYXCDNGTUJMIB-UHFFFAOYSA-N,1,True,5
GKA_0471,gka_candidate,CHEMBL3235158,,C#CCNCc1csc(NC(=O)c2cc(Oc3ccc(S(C)(=O)=O)cc3)cc(-c3ncccc3C)c2)n1,,,activity,,P4,6.5–7.0（0.1–0.32 µM）,6.97,False,,CHEMBL3235158,False,,,,,,,,False,True,True,C#CCNCc1csc(NC(=O)c2cc(Oc3ccc(S(C)(=O)=O)cc3)cc(-c3ncccc3C)c2)n1,1,False,0,0,False,False,无改动,532.6470000000002,532.123897248,37,110.28,146.89999999999998,4.684420000000003,144.64269999999976,2,8,9,10,4,4,0.14814814814814814,10,0,0.2377956478167924,1,O=C(Nc1nccs1)c1cc(Oc2ccccc2)cc(-c2ccccn2)c1,CC(CC1CCCC1)C1CC(CC2CCCCC2)CC(C2CCCCC2)C1,False,"InChI=1S/C27H24N4O4S2/c1-4-11-28-16-21-17-36-27(30-21)31-26(32)20-13-19(25-18(2)6-5-12-29-25)14-23(15-20)35-22-7-9-24(10-8-22)37(3,33)34/h1,5-10,12-15,17,28H,11,16H2,2-3H3,(H,30,31,32)",AMDDBPFZRBYGQL-UHFFFAOYSA-N,AMDDBPFZRBYGQL,0,False,True,False,False,AMDDBPFZRBYGQL-UHFFFAOYSA-N,1,True,7
GKA_0472,gka_candidate,CHEMBL3891616,,CN1C(=O)CCC1c1cc2[nH]c(-c3ccc(CC(C)(C)C(=O)O)cn3)cc2cc1Oc1ccc(S(C)(=O)=O)nc1,,,activity,,P4,6.5–7.0（0.1–0.32 µM）,6.97,False,,CHEMBL3891616,False,,,,,,,,False,True,True,CN1C(=O)CCC1c1cc2[nH]c(-c3ccc(CC(C)(C)C(=O)O)cn3)cc2cc1Oc1ccc(S(C)(=O)=O)nc1,1,False,0,0,False,False,无改动,562.6480000000003,562.1886056799999,40,142.55,150.93,4.767300000000004,148.81629999999979,2,7,8,8,5,4,0.3103448275862069,11,0,0.31277060131770634,1,O=C1CCC(c2cc3[nH]c(-c4ccccn4)cc3cc2Oc2cccnc2)N1,CC1CCC(C2CC3CC(C4CCCCC4)CC3CC2CC2CCCCC2)C1,False,"InChI=1S/C29H30N4O6S/c1-29(2,28(35)36)14-17-5-7-21(30-15-17)23-11-18-12-25(39-19-6-9-26(31-16-19)40(4,37)38)20(13-22(18)32-23)24-8-10-27(34)33(24)3/h5-7,9,11-13,15-16,24,32H,8,10,14H2,1-4H3,(H,35,36)",YYXISRAYPWBMSF-UHFFFAOYSA-N,YYXISRAYPWBMSF,1,True,False,False,False,YYXISRAYPWBMSF-UHFFFAOYSA-N,1,True,8
GKA_0473,gka_candidate,CHEMBL562878,,CCC(COC)Oc1cc(Oc2ccc(S(C)(=O)=O)cc2)cc(C(=O)Nc2nccs2)c1,,,activity,,P4,6.5–7.0（0.1–0.32 µM）,6.97,False,,CHEMBL562878,False,,,,,,,,False,True,True,CCC(COC)Oc1cc(Oc2ccc(S(C)(=O)=O)cc2)cc(C(=O)Nc2nccs2)c1,1,False,0,0,False,False,无改动,476.57600000000014,476.10757848800006,32,103.82000000000001,140.44,4.395000000000003,122.71800000000005,1,8,10,11,3,3,0.2727272727272727,10,0,0.4625805471307099,0,O=C(Nc1nccs1)c1cccc(Oc2ccccc2)c1,CC(CC1CCCC1)C1CCCC(CC2CCCCC2)C1,False,"InChI=1S/C22H24N2O6S2/c1-4-16(14-28-2)29-18-11-15(21(25)24-22-23-9-10-31-22)12-19(13-18)30-17-5-7-20(8-6-17)32(3,26)27/h5-13,16H,4,14H2,1-3H3,(H,23,24,25)",VRBXCGKRKUYYIA-UHFFFAOYSA-N,VRBXCGKRKUYYIA,1,False,False,False,False,VRBXCGKRKUYYIA-UHFFFAOYSA-N,1,True,26
GKA_0474,gka_candidate,CHEMBL1778368,,COC[C@H](C)Oc1cc(Oc2cccc(Cl)c2)cc(C(=O)Nc2ccc(C(=O)O)cn2)c1,,,activity,,P4,6.5–7.0（0.1–0.32 µM）,6.96,False,,CHEMBL1778368,False,,,,,,,,False,True,True,COC[C@H](C)Oc1cc(Oc2cccc(Cl)c2)cc(C(=O)Nc2ccc(C(=O)O)cn2)c1,1,False,0,0,False,False,无改动,456.8820000000002,456.10881407200003,32,106.98000000000002,106.98000000000002,4.891500000000005,119.08350000000004,2,6,9,10,3,3,0.17391304347826086,9,0,0.4715618565243751,0,O=C(Nc1ccccn1)c1cccc(Oc2ccccc2)c1,CC(CC1CCCCC1)C1CCCC(CC2CCCCC2)C1,False,"InChI=1S/C23H21ClN2O6/c1-14(13-30-2)31-19-8-16(9-20(11-19)32-18-5-3-4-17(24)10-18)22(27)26-21-7-6-15(12-25-21)23(28)29/h3-12,14H,13H2,1-2H3,(H,28,29)(H,25,26,27)/t14-/m0/s1",CFDAWJAORVZEEH-AWEZNQCLSA-N,CFDAWJAORVZEEH,1,True,False,False,False,CFDAWJAORVZEEH-AWEZNQCLSA-N,1,True,11
GKA_0475,gka_candidate,CHEMBL2314799,,COC[C@H](C)Oc1cc(/C=C/c2ccc(F)cc2F)cc(C(=O)Nc2ccn(C)n2)c1,,,activity,,P4,6.5–7.0（0.1–0.32 µM）,6.96,False,,CHEMBL2314799,False,,,,,,,,False,True,True,COC[C@H](C)Oc1cc(/C=C/c2ccc(F)cc2F)cc(C(=O)Nc2ccn(C)n2)c1,1,False,0,0,False,False,无改动,427.45100000000014,427.1707480360001,31,65.38,65.38,4.534700000000004,114.85520000000004,1,4,8,9,3,3,0.21739130434782608,8,0,0.5365208629492793,0,O=C(Nc1cc[nH]n1)c1cccc(/C=C/c2ccccc2)c1,CC(CC1CCCC1)C1CCCC(CCC2CCCCC2)C1,False,"InChI=1S/C23H23F2N3O3/c1-15(14-30-3)31-20-11-16(4-5-17-6-7-19(24)13-21(17)25)10-18(12-20)23(29)26-22-8-9-28(2)27-22/h4-13,15H,14H2,1-3H3,(H,26,27,29)/b5-4+/t15-/m0/s1",FBMJSQROMCFBKR-RGDDUWESSA-N,FBMJSQROMCFBKR,1,False,False,False,False,FBMJSQROMCFBKR-RGDDUWESSA-N,1,True,10
GKA_0476,gka_candidate,CHEMBL2408130,,CNS(=O)(=O)c1ccc(Oc2cc(O[C@@H](C)CO)cc(-c3ncc(C)c(=O)[nH]3)c2)cc1,,,activity,,P4,6.5–7.0（0.1–0.32 µM）,6.96,False,,CHEMBL2408130,False,,,,,,,,False,True,True,CNS(=O)(=O)c1ccc(Oc2cc(O[C@@H](C)CO)cc(-c3ncc(C)c(=O)[nH]3)c2)cc1,1,False,0,0,False,False,无改动,445.4970000000001,445.13075645600003,31,130.61,138.99,2.2053199999999995,114.96800000000002,3,7,8,8,3,3,0.23809523809523808,10,0,0.4844383022894363,0,O=c1ccnc(-c2cccc(Oc3ccccc3)c2)[nH]1,CC1CCCC(C2CCCC(CC3CCCCC3)C2)C1,False,"InChI=1S/C21H23N3O6S/c1-13-11-23-20(24-21(13)26)15-8-17(29-14(2)12-25)10-18(9-15)30-16-4-6-19(7-5-16)31(27,28)22-3/h4-11,14,22,25H,12H2,1-3H3,(H,23,24,26)/t14-/m0/s1",WTKNQQYYUGWBOX-AWEZNQCLSA-N,WTKNQQYYUGWBOX,1,False,False,True,False,WTKNQQYYUGWBOX-AWEZNQCLSA-N,1,True,8
GKA_0477,gka_candidate,CHEMBL2408132,,Cc1ccc(NC(=O)c2cc(Oc3ccc(S(C)(=O)=O)cc3)cc(OC(C)C)c2)nc1,,,activity,,P4,6.5–7.0（0.1–0.32 µM）,6.96,False,,CHEMBL2408132,False,,,,,,,,False,True,True,Cc1ccc(NC(=O)c2cc(Oc3ccc(S(C)(=O)=O)cc3)cc(OC(C)C)c2)nc1,1,False,0,0,False,False,无改动,440.5210000000002,440.14059286799994,31,94.59,102.97,4.625320000000003,118.75900000000003,1,6,7,8,3,3,0.21739130434782608,8,0,0.5758114763653227,0,O=C(Nc1ccccn1)c1cccc(Oc2ccccc2)c1,CC(CC1CCCCC1)C1CCCC(CC2CCCCC2)C1,False,"InChI=1S/C23H24N2O5S/c1-15(2)29-19-11-17(23(26)25-22-10-5-16(3)14-24-22)12-20(13-19)30-18-6-8-21(9-7-18)31(4,27)28/h5-15H,1-4H3,(H,24,25,26)",BUICPXPKYZQWMX-UHFFFAOYSA-N,BUICPXPKYZQWMX,0,False,False,False,False,BUICPXPKYZQWMX-UHFFFAOYSA-N,1,True,11
GKA_0478,gka_candidate,CHEMBL3358431,,CCc1ncccc1Oc1cc(CCCC(C)(C)O)cnc1NC(=O)NC,,,activity,,P4,6.5–7.0（0.1–0.32 µM）,6.96,False,,CHEMBL3358431,False,,,,,,,,False,True,True,CCc1ncccc1Oc1cc(CCCC(C)(C)O)cnc1NC(=O)NC,1,False,0,0,False,False,无改动,372.469,372.216140756,27,96.37,96.37,3.6762000000000015,105.24020000000004,3,5,8,10,2,2,0.45,7,0,0.6568033946397207,0,c1cncc(Oc2cccnc2)c1,C1CCC(CC2CCCCC2)CC1,False,"InChI=1S/C20H28N4O3/c1-5-15-16(9-7-11-22-15)27-17-12-14(8-6-10-20(2,3)26)13-23-18(17)24-19(25)21-4/h7,9,11-13,26H,5-6,8,10H2,1-4H3,(H2,21,23,24,25)",UKIPUFLXFPRFNY-UHFFFAOYSA-N,UKIPUFLXFPRFNY,0,False,False,False,False,UKIPUFLXFPRFNY-UHFFFAOYSA-N,1,True,8
GKA_0479,gka_candidate,CHEMBL3358444,,CCn1nccc1Oc1cc(C[C@H]2CC[C@](C)(O)CC2)cnc1NC(=O)NC,,,activity,,P4,6.5–7.0（0.1–0.32 µM）,6.96,False,,CHEMBL3358444,False,,,,,,,,False,True,True,CCn1nccc1Oc1cc(C[C@H]2CC[C@](C)(O)CC2)cnc1NC(=O)NC,1,False,0,0,False,False,无改动,387.4840000000001,387.22703978800007,28,101.30000000000001,101.30000000000001,3.3253000000000013,106.57620000000006,3,5,6,8,3,2,0.55,8,0,0.7057151637732408,0,c1cc(Oc2cncc(CC3CCCCC3)c2)[nH]n1,C1CCC(CC2CCCC(CC3CCCC3)C2)CC1,False,"InChI=1S/C20H29N5O3/c1-4-25-17(7-10-23-25)28-16-12-15(13-22-18(16)24-19(26)21-3)11-14-5-8-20(2,27)9-6-14/h7,10,12-14,27H,4-6,8-9,11H2,1-3H3,(H2,21,22,24,26)/t14-,20-",PWPGDNXSBLRVKY-OYOVHJISSA-N,PWPGDNXSBLRVKY,2,False,False,False,False,PWPGDNXSBLRVKY-OYOVHJISSA-N,1,True,4
GKA_0480,gka_candidate,CHEMBL4638126,,CC(C)Cc1csc(Nc2ncc(Sc3ccncc3)cc2Oc2ccccc2)n1,,,activity,,P4,6.5–7.0（0.1–0.32 µM）,6.95,False,,CHEMBL4638126,False,,,,,,,,False,True,True,CC(C)Cc1csc(Nc2ncc(Sc3ccncc3)cc2Oc2ccccc2)n1,1,False,0,0,False,False,无改动,434.59000000000015,434.123503324,30,59.93000000000001,113.47,6.818700000000005,123.0517,1,7,8,8,4,4,0.17391304347826086,7,0,0.32829499917598115,1,c1ccc(Oc2cc(Sc3ccncc3)cnc2Nc2nccs2)cc1,C1CCC(CC2CCC(CC3CCCC3)C(CC3CCCCC3)C2)CC1,False,"InChI=1S/C23H22N4OS2/c1-16(2)12-17-15-29-23(26-17)27-22-21(28-18-6-4-3-5-7-18)13-20(14-25-22)30-19-8-10-24-11-9-19/h3-11,13-16H,12H2,1-2H3,(H,25,26,27)",CJEHEFWXHHALET-UHFFFAOYSA-N,CJEHEFWXHHALET,0,False,False,False,False,CJEHEFWXHHALET-UHFFFAOYSA-N,1,True,6
GKA_0481,gka_candidate,CHEMBL2165619,,Cc1ccc(NC(=O)[C@H](CC2CCCC2)n2cnc(C(F)(F)F)c2)nc1,,,activity,,P4,6.5–7.0（0.1–0.32 µM）,6.94,False,,CHEMBL2165619,False,,,,,,,,False,True,True,Cc1ccc(NC(=O)[C@H](CC2CCCC2)n2cnc(C(F)(F)F)c2)nc1,1,False,0,0,False,False,无改动,366.387,366.16674595200004,26,59.81,59.81,4.365420000000003,90.44470000000003,1,3,5,7,3,2,0.5,8,0,0.8550045171384688,0,O=C(Nc1ccccn1)[C@H](CC1CCCC1)n1ccnc1,CC(CC1CCCCC1)C(CC1CCCC1)C1CCCC1,False,"InChI=1S/C18H21F3N4O/c1-12-6-7-16(22-9-12)24-17(26)14(8-13-4-2-3-5-13)25-10-15(23-11-25)18(19,20)21/h6-7,9-11,13-14H,2-5,8H2,1H3,(H,22,24,26)/t14-/m0/s1",VLFQGVRGNGPZNM-AWEZNQCLSA-N,VLFQGVRGNGPZNM,1,False,False,False,False,VLFQGVRGNGPZNM-AWEZNQCLSA-N,1,True,4
GKA_0482,gka_candidate,CHEMBL2314803,,COC[C@H](C)Oc1cc(/C=C/c2ccccc2OC)cc(C(=O)Nc2ccn(C)n2)c1,,,activity,,P4,6.5–7.0（0.1–0.32 µM）,6.94,False,,CHEMBL2314803,False,,,,,,,,False,True,True,COC[C@H](C)Oc1cc(/C=C/c2ccccc2OC)cc(C(=O)Nc2ccn(C)n2)c1,1,False,0,0,False,False,无改动,421.4970000000002,421.20015634400005,31,74.61000000000001,74.61000000000001,4.265100000000003,121.49120000000006,1,5,9,10,3,3,0.25,7,0,0.5225955648166004,0,O=C(Nc1cc[nH]n1)c1cccc(/C=C/c2ccccc2)c1,CC(CC1CCCC1)C1CCCC(CCC2CCCCC2)C1,False,"InChI=1S/C24H27N3O4/c1-17(16-29-3)31-21-14-18(9-10-19-7-5-6-8-22(19)30-4)13-20(15-21)24(28)25-23-11-12-27(2)26-23/h5-15,17H,16H2,1-4H3,(H,25,26,28)/b10-9+/t17-/m0/s1",REUAMPRHSZJGRY-FVNWOWOISA-N,REUAMPRHSZJGRY,1,False,False,False,False,REUAMPRHSZJGRY-FVNWOWOISA-N,1,True,10
GKA_0483,gka_candidate,CHEMBL4454070,,CNC(=O)Nc1cc(Oc2cncc(C)c2)c(-c2ccc(OCC(C)(C)O)nc2)cn1,,,activity,,P4,6.5–7.0（0.1–0.32 µM）,6.94,False,,CHEMBL4454070,False,,,,,,,,False,True,True,CNC(=O)Nc1cc(Oc2cncc(C)c2)c(-c2ccc(OCC(C)(C)O)nc2)cn1,1,False,0,0,False,False,无改动,423.4730000000002,423.19065428,31,118.49000000000001,118.49000000000001,3.540320000000002,116.38720000000002,3,7,7,9,3,3,0.2727272727272727,9,0,0.5317557129274845,0,c1cncc(Oc2ccncc2-c2cccnc2)c1,C1CCC(CC2CCCCC2C2CCCCC2)CC1,False,"InChI=1S/C22H25N5O4/c1-14-7-16(11-24-9-14)31-18-8-19(27-21(28)23-4)25-12-17(18)15-5-6-20(26-10-15)30-13-22(2,3)29/h5-12,29H,13H2,1-4H3,(H2,23,25,27,28)",QUISANLDBDCMPD-UHFFFAOYSA-N,QUISANLDBDCMPD,0,False,False,False,False,QUISANLDBDCMPD-UHFFFAOYSA-N,1,True,11
GKA_0484,gka_candidate,CHEMBL562311,,COCC(C)Oc1cc(Oc2ccc(S(C)(=O)=O)cc2)cc(C(=O)Nc2nccs2)c1,,,activity,,P4,6.5–7.0（0.1–0.32 µM）,6.94,False,,CHEMBL562311,False,,,,,,,,False,True,True,COCC(C)Oc1cc(Oc2ccc(S(C)(=O)=O)cc2)cc(C(=O)Nc2nccs2)c1,1,False,0,0,False,False,无改动,462.54900000000015,462.09192842400006,31,103.82000000000001,140.44,4.004900000000003,118.10100000000006,1,8,9,10,3,3,0.23809523809523808,10,0,0.5123993834703116,0,O=C(Nc1nccs1)c1cccc(Oc2ccccc2)c1,CC(CC1CCCC1)C1CCCC(CC2CCCCC2)C1,False,"InChI=1S/C21H22N2O6S2/c1-14(13-27-2)28-17-10-15(20(24)23-21-22-8-9-30-21)11-18(12-17)29-16-4-6-19(7-5-16)31(3,25)26/h4-12,14H,13H2,1-3H3,(H,22,23,24)",DCUCWQYSNMLTSW-UHFFFAOYSA-N,DCUCWQYSNMLTSW,1,False,False,False,False,DCUCWQYSNMLTSW-UHFFFAOYSA-N,1,True,26
GKA_0485,gka_candidate,CHEMBL572842,,Cn1ccc(Nc2ncnc3ccc(Oc4ncccc4F)cc23)n1,,,activity,,P4,6.5–7.0（0.1–0.32 µM）,6.935,False,,CHEMBL572842,False,,,,,,,,False,True,True,Cn1ccc(Nc2ncnc3ccc(Oc4ncccc4F)cc23)n1,1,False,0,0,False,False,无改动,336.33000000000004,336.11348725600004,25,77.75,77.75,3.433300000000001,90.29770000000003,1,6,4,4,4,4,0.058823529411764705,8,0,0.6150407192137274,0,c1ccc(Oc2ccc3ncnc(Nc4cc[nH]n4)c3c2)nc1,C1CCC(CC2CCC3CCCC(CC4CCCC4)C3C2)CC1,False,"InChI=1S/C17H13FN6O/c1-24-8-6-15(23-24)22-16-12-9-11(4-5-14(12)20-10-21-16)25-17-13(18)3-2-7-19-17/h2-10H,1H3,(H,20,21,22,23)",LGYVCLYNNRFEIE-UHFFFAOYSA-N,LGYVCLYNNRFEIE,0,False,False,False,False,LGYVCLYNNRFEIE-UHFFFAOYSA-N,1,True,5
GKA_0486,gka_candidate,CHEMBL3960517,,CN1C(=O)CCC1c1cc2[nH]c(-c3nc(CC(=O)O)cs3)cc2cc1Oc1ccc(S(C)(=O)=O)cc1,,,activity,,P4,6.5–7.0（0.1–0.32 µM）,6.93,False,,CHEMBL3960517,False,,,,,,,,False,True,True,CN1C(=O)CCC1c1cc2[nH]c(-c3nc(CC(=O)O)cs3)cc2cc1Oc1ccc(S(C)(=O)=O)cc1,1,False,0,0,False,False,无改动,525.6080000000003,525.1028274559999,36,129.66,166.28,4.407600000000003,135.11729999999991,2,7,7,7,5,4,0.24,11,0,0.3655777170963763,1,O=C1CCC(c2cc3[nH]c(-c4nccs4)cc3cc2Oc2ccccc2)N1,CC1CCC(C2CC3CC(C4CCCC4)CC3CC2CC2CCCCC2)C1,False,"InChI=1S/C25H23N3O6S2/c1-28-21(7-8-23(28)29)18-12-19-14(9-20(27-19)25-26-15(13-35-25)11-24(30)31)10-22(18)34-16-3-5-17(6-4-16)36(2,32)33/h3-6,9-10,12-13,21,27H,7-8,11H2,1-2H3,(H,30,31)",AGPHGILGVULVFC-UHFFFAOYSA-N,AGPHGILGVULVFC,1,True,False,False,False,AGPHGILGVULVFC-UHFFFAOYSA-N,1,True,5
GKA_0487,gka_candidate,CHEMBL3985968,,CN1C(=O)CCC1c1cc2[nH]c(-c3ccc(C(=O)NCCC(=O)O)cn3)cc2cc1Oc1ccc(S(C)(=O)=O)nc1,,,activity,,P4,6.5–7.0（0.1–0.32 µM）,6.93,False,,CHEMBL3985968,False,,,,,,,,False,True,True,CN1C(=O)CCC1c1cc2[nH]c(-c3ccc(C(=O)NCCC(=O)O)cn3)cc2cc1Oc1ccc(S(C)(=O)=O)nc1,1,False,0,0,False,False,无改动,577.6190000000003,577.1631192039998,41,171.65000000000003,180.03000000000003,3.318500000000002,148.28149999999982,3,8,9,10,5,4,0.25,13,0,0.2697927475645696,1,O=C1CCC(c2cc3[nH]c(-c4ccccn4)cc3cc2Oc2cccnc2)N1,CC1CCC(C2CC3CC(C4CCCCC4)CC3CC2CC2CCCCC2)C1,False,"InChI=1S/C28H27N5O7S/c1-33-23(6-8-26(33)34)19-13-21-17(12-24(19)40-18-4-7-25(31-15-18)41(2,38)39)11-22(32-21)20-5-3-16(14-30-20)28(37)29-10-9-27(35)36/h3-5,7,11-15,23,32H,6,8-10H2,1-2H3,(H,29,37)(H,35,36)",QOZCKIUIQZJKPF-UHFFFAOYSA-N,QOZCKIUIQZJKPF,1,True,False,False,False,QOZCKIUIQZJKPF-UHFFFAOYSA-N,1,True,8
GKA_0488,gka_candidate,CHEMBL577190,,COc1ccc2nc(NC(=O)C(CC3CCCC3)c3ccc(S(=O)(=O)NCCN(C)C)cc3)sc2n1,,,activity,,P4,6.5–7.0（0.1–0.32 µM）,6.93,False,,CHEMBL577190,False,,,,,,,,False,True,True,COc1ccc2nc(NC(=O)C(CC3CCCC3)c3ccc(S(=O)(=O)NCCN(C)C)cc3)sc2n1,1,False,0,0,False,False,无改动,531.7040000000002,531.197396536,36,113.51999999999998,150.14,3.8424000000000023,142.0971999999999,2,8,11,12,4,3,0.48,11,0,0.38642480502784127,1,O=C(Nc1nc2cccnc2s1)C(CC1CCCC1)c1ccccc1,CC(CC1CC2CCCCC2C1)C(CC1CCCC1)C1CCCCC1,False,"InChI=1S/C25H33N5O4S2/c1-30(2)15-14-26-36(32,33)19-10-8-18(9-11-19)20(16-17-6-4-5-7-17)23(31)29-25-27-21-12-13-22(34-3)28-24(21)35-25/h8-13,17,20,26H,4-7,14-16H2,1-3H3,(H,27,29,31)",SNNHMOIYFKPOKT-UHFFFAOYSA-N,SNNHMOIYFKPOKT,1,False,True,True,False,SNNHMOIYFKPOKT-UHFFFAOYSA-N,1,True,9
GKA_0489,gka_candidate,CHEMBL1165817,,O=C(Nc1nc2c(s1)CCCC2)[C@H](CC1CCOCC1)c1ccc(S(=O)(=O)C2CC2)cc1,,,activity,,P4,6.5–7.0（0.1–0.32 µM）,6.92,False,,CHEMBL1165817,False,,,,,,,,False,True,True,O=C(Nc1nc2c(s1)CCCC2)[C@H](CC1CCOCC1)c1ccc(S(=O)(=O)C2CC2)cc1,1,False,0,0,False,False,无改动,474.64800000000025,474.16469944,32,85.35999999999999,121.97999999999999,4.497000000000004,124.93650000000004,1,6,7,8,5,2,0.5833333333333334,8,0,0.6387421847799134,0,O=C(Nc1nc2c(s1)CCCC2)[C@H](CC1CCOCC1)c1ccc(S(=O)(=O)C2CC2)cc1,CC(CC1CC2CCCCC2C1)C(CC1CCCCC1)C1CCC(C(C)(C)C2CC2)CC1,False,"InChI=1S/C24H30N2O4S2/c27-23(26-24-25-21-3-1-2-4-22(21)31-24)20(15-16-11-13-30-14-12-16)17-5-7-18(8-6-17)32(28,29)19-9-10-19/h5-8,16,19-20H,1-4,9-15H2,(H,25,26,27)/t20-/m1/s1",ZNVQMTZHVCRFNC-HXUWFJFHSA-N,ZNVQMTZHVCRFNC,1,False,False,False,False,ZNVQMTZHVCRFNC-HXUWFJFHSA-N,1,True,1
GKA_0490,gka_candidate,CHEMBL2314798,,COC[C@H](C)Oc1cc(/C=C/c2ccc(F)cc2)cc(C(=O)Nc2ccn(C)n2)c1,,,activity,,P4,6.5–7.0（0.1–0.32 µM）,6.92,False,,CHEMBL2314798,False,,,,,,,,False,True,True,COC[C@H](C)Oc1cc(/C=C/c2ccc(F)cc2)cc(C(=O)Nc2ccn(C)n2)c1,1,False,0,0,False,False,无改动,409.4610000000001,409.18016984800005,30,65.38,65.38,4.395600000000003,114.89720000000005,1,4,8,9,3,3,0.21739130434782608,7,0,0.5604347402766361,0,O=C(Nc1cc[nH]n1)c1cccc(/C=C/c2ccccc2)c1,CC(CC1CCCC1)C1CCCC(CCC2CCCCC2)C1,False,"InChI=1S/C23H24FN3O3/c1-16(15-29-3)30-21-13-18(5-4-17-6-8-20(24)9-7-17)12-19(14-21)23(28)25-22-10-11-27(2)26-22/h4-14,16H,15H2,1-3H3,(H,25,26,28)/b5-4+/t16-/m0/s1",PCJDRDWQCZXOQF-APHBUQMISA-N,PCJDRDWQCZXOQF,1,False,False,False,False,PCJDRDWQCZXOQF-APHBUQMISA-N,1,True,10
GKA_0491,gka_candidate,CHEMBL2315022,,COC[C@H](C)Oc1cc(/C=C/c2ccc(F)cc2)cc(C(=O)Nc2ccc(C(=O)O)cn2)c1,,,activity,,P4,6.5–7.0（0.1–0.32 µM）,6.92,False,,CHEMBL2315022,False,,,,,,,,False,True,True,COC[C@H](C)Oc1cc(/C=C/c2ccc(F)cc2)cc(C(=O)Nc2ccc(C(=O)O)cn2)c1,1,False,0,0,False,False,无改动,450.4660000000002,450.159100056,33,97.75,97.75,4.755300000000004,122.88550000000006,2,5,9,10,3,3,0.16,8,0,0.4565725825489818,0,O=C(Nc1ccccn1)c1cccc(/C=C/c2ccccc2)c1,CC(CC1CCCCC1)C1CCCC(CCC2CCCCC2)C1,False,"InChI=1S/C25H23FN2O5/c1-16(15-32-2)33-22-12-18(4-3-17-5-8-21(26)9-6-17)11-20(13-22)24(29)28-23-10-7-19(14-27-23)25(30)31/h3-14,16H,15H2,1-2H3,(H,30,31)(H,27,28,29)/b4-3+/t16-/m0/s1",LDAPMZARMAXHRF-CWDCEQMOSA-N,LDAPMZARMAXHRF,1,True,False,False,False,LDAPMZARMAXHRF-CWDCEQMOSA-N,1,True,10
GKA_0492,gka_candidate,CHEMBL3358425,,CCc1ncccc1Oc1cc(CC(C)C)cnc1NC(=O)NC,,,activity,,P4,6.5–7.0（0.1–0.32 µM）,6.92,False,,CHEMBL3358425,False,,,,,,,,False,True,True,CCc1ncccc1Oc1cc(CC(C)C)cnc1NC(=O)NC,1,False,0,0,False,False,无改动,328.416,328.189926008,24,76.14000000000001,76.14000000000001,3.7811000000000012,94.54640000000005,2,4,6,8,2,2,0.3888888888888889,6,0,0.8458424593420293,0,c1cncc(Oc2cccnc2)c1,C1CCC(CC2CCCCC2)CC1,False,"InChI=1S/C18H24N4O2/c1-5-14-15(7-6-8-20-14)24-16-10-13(9-12(2)3)11-21-17(16)22-18(23)19-4/h6-8,10-12H,5,9H2,1-4H3,(H2,19,21,22,23)",BALRZLCXFDPYFL-UHFFFAOYSA-N,BALRZLCXFDPYFL,0,False,False,False,False,BALRZLCXFDPYFL-UHFFFAOYSA-N,1,True,8
GKA_0493,gka_candidate,CHEMBL3358443,,CCn1nccc1Oc1cc(C[C@H]2CC[C@@H](O)CC2)cnc1NC(=O)NC,,,activity,,P4,6.5–7.0（0.1–0.32 µM）,6.92,False,,CHEMBL3358443,False,,,,,,,,False,True,True,CCn1nccc1Oc1cc(C[C@H]2CC[C@@H](O)CC2)cnc1NC(=O)NC,1,False,0,0,False,False,无改动,373.45700000000005,373.21138972400007,27,101.30000000000001,101.30000000000001,2.9352,101.95920000000005,3,5,6,8,3,2,0.5263157894736842,8,0,0.72260380126589,0,c1cc(Oc2cncc(CC3CCCCC3)c2)[nH]n1,C1CCC(CC2CCCC(CC3CCCC3)C2)CC1,False,"InChI=1S/C19H27N5O3/c1-3-24-17(8-9-22-24)27-16-11-14(10-13-4-6-15(25)7-5-13)12-21-18(16)23-19(26)20-2/h8-9,11-13,15,25H,3-7,10H2,1-2H3,(H2,20,21,23,26)/t13-,15+",TVECBCSUBQOPBW-OTVXOJSOSA-N,TVECBCSUBQOPBW,2,False,False,False,False,TVECBCSUBQOPBW-OTVXOJSOSA-N,1,True,4
GKA_0494,gka_candidate,CHEMBL4093271,,O=C(Nc1ncc(F)s1)[C@H](CC1CCOCC1)n1ncc2c(S(=O)(=O)C3CC3)cc(F)cc21,,,activity,,P4,6.5–7.0（0.1–0.32 µM）,6.92,False,,CHEMBL4093271,False,,,,,,,,False,True,True,O=C(Nc1ncc(F)s1)[C@H](CC1CCOCC1)n1ncc2c(S(=O)(=O)C3CC3)cc(F)cc21,1,False,0,0,False,False,无改动,496.5610000000002,496.10505362399994,33,103.17999999999998,139.8,3.7036000000000024,117.79750000000004,1,7,7,8,5,3,0.47619047619047616,12,0,0.5350705698965088,0,O=C(Nc1nccs1)[C@H](CC1CCOCC1)n1ncc2c(S(=O)(=O)C3CC3)cccc21,CC(CC1CCCC1)C(CC1CCCCC1)C1CCC2C1CCCC2C(C)(C)C1CC1,False,"InChI=1S/C21H22F2N4O4S2/c22-13-8-16-15(18(9-13)33(29,30)14-1-2-14)10-25-27(16)17(7-12-3-5-31-6-4-12)20(28)26-21-24-11-19(23)32-21/h8-12,14,17H,1-7H2,(H,24,26,28)/t17-/m0/s1",BTBPVWQJZDELHN-KRWDZBQOSA-N,BTBPVWQJZDELHN,1,False,False,False,False,BTBPVWQJZDELHN-KRWDZBQOSA-N,1,True,6
GKA_0495,gka_candidate,CHEMBL551849,,COc1ccc(Sc2ccc(Sc3nnc[nH]3)nc2C(=O)Nc2nccs2)cc1,,,activity,,P4,6.5–7.0（0.1–0.32 µM）,6.92,False,,CHEMBL551849,False,,,,,,,,False,True,True,COc1ccc(Sc2ccc(Sc3nnc[nH]3)nc2C(=O)Nc2nccs2)cc1,1,False,0,0,False,False,无改动,442.5510000000001,442.03403668800007,29,105.68,184.52000000000004,4.219500000000002,111.92690000000002,2,9,7,8,4,4,0.05555555555555555,11,0,0.43822080420749526,0,O=C(Nc1nccs1)c1nc(Sc2nnc[nH]2)ccc1Sc1ccccc1,CC(CC1CCCC1)C1CC(CC2CCCC2)CCC1CC1CCCCC1,False,"InChI=1S/C18H14N6O2S3/c1-26-11-2-4-12(5-3-11)28-13-6-7-14(29-18-20-10-21-24-18)22-15(13)16(25)23-17-19-8-9-27-17/h2-10H,1H3,(H,19,23,25)(H,20,21,24)",KRZPKMOKWVFLBI-UHFFFAOYSA-N,KRZPKMOKWVFLBI,0,False,False,False,False,KRZPKMOKWVFLBI-UHFFFAOYSA-N,1,True,11
GKA_0496,gka_candidate,CHEMBL564110,,Cn1cnnc1Sc1ccc(Sc2ccc(F)cc2)c(C(=O)Nc2nccs2)n1,,,activity,,P4,6.5–7.0（0.1–0.32 µM）,6.92,False,,CHEMBL564110,False,,,,,,,,False,True,True,Cn1cnnc1Sc1ccc(Sc2ccc(F)cc2)c(C(=O)Nc2nccs2)n1,1,False,0,0,False,False,无改动,444.54200000000014,444.029700256,29,85.59,164.43,4.360400000000002,109.95320000000002,1,8,6,7,4,4,0.05555555555555555,11,0,0.4728295581779385,0,O=C(Nc1nccs1)c1nc(Sc2nnc[nH]2)ccc1Sc1ccccc1,CC(CC1CCCC1)C1CC(CC2CCCC2)CCC1CC1CCCCC1,False,"InChI=1S/C18H13FN6OS3/c1-25-10-21-24-18(25)29-14-7-6-13(28-12-4-2-11(19)3-5-12)15(22-14)16(26)23-17-20-8-9-27-17/h2-10H,1H3,(H,20,23,26)",YIYCQXYPCZMPSG-UHFFFAOYSA-N,YIYCQXYPCZMPSG,0,False,False,False,False,YIYCQXYPCZMPSG-UHFFFAOYSA-N,1,True,11
GKA_0497,gka_candidate,CHEMBL4544957,,CNC(=O)Nc1cc(Oc2cncc(C)c2)c([C@H]2C[C@@H](O)C2)cn1,,,activity,,P4,6.5–7.0（0.1–0.32 µM）,6.905,False,,CHEMBL4544957,False,,,,,,,,False,True,True,CNC(=O)Nc1cc(Oc2cncc(C)c2)c([C@H]2C[C@@H](O)C2)cn1,1,False,0,0,False,False,无改动,328.37200000000007,328.1535405,24,96.37,96.37,2.5669200000000005,89.34520000000003,3,5,4,6,3,2,0.35294117647058826,7,0,0.8013744913145323,0,c1cncc(Oc2ccncc2C2CCC2)c1,C1CCC(CC2CCCCC2C2CCC2)CC1,False,"InChI=1S/C17H20N4O3/c1-10-3-13(8-19-7-10)24-15-6-16(21-17(23)18-2)20-9-14(15)11-4-12(22)5-11/h3,6-9,11-12,22H,4-5H2,1-2H3,(H2,18,20,21,23)/t11-,12+",WDQHHGIWBRALLU-TXEJJXNPSA-N,WDQHHGIWBRALLU,2,False,False,False,False,WDQHHGIWBRALLU-TXEJJXNPSA-N,1,True,5
GKA_0498,gka_candidate,CHEMBL2206792,,COCC[C@H](Oc1ncnc2c1cnn2-c1ccccc1OC)C(=O)Nc1ccc(C)cn1,,,activity,,P4,6.5–7.0（0.1–0.32 µM）,6.9,False,,CHEMBL2206792,False,,,,,,,,False,True,True,COCC[C@H](Oc1ncnc2c1cnn2-c1ccccc1OC)C(=O)Nc1ccc(C)cn1,1,False,0,0,False,False,无改动,448.4830000000002,448.185903248,33,113.28000000000002,113.28000000000002,2.950120000000001,121.72470000000006,1,8,9,10,4,4,0.2608695652173913,10,0,0.41580557940469465,0,O=C(COc1ncnc2c1cnn2-c1ccccc1)Nc1ccccn1,CC(CCC1CCCC2C(C3CCCCC3)CCC12)CC1CCCCC1,False,"InChI=1S/C23H24N6O4/c1-15-8-9-20(24-12-15)28-22(30)19(10-11-31-2)33-23-16-13-27-29(21(16)25-14-26-23)17-6-4-5-7-18(17)32-3/h4-9,12-14,19H,10-11H2,1-3H3,(H,24,28,30)/t19-/m0/s1",GFGJRYIVRRQONC-IBGZPJMESA-N,GFGJRYIVRRQONC,1,False,False,False,False,GFGJRYIVRRQONC-IBGZPJMESA-N,1,True,18
GKA_0499,gka_candidate,CHEMBL3221488,,Cc1ccc(NC(=O)[C@H](COC(C)C)Oc2ncnc3c2cnn3-c2ccccc2Cl)nc1,,,activity,,P4,6.5–7.0（0.1–0.32 µM）,6.9,False,,CHEMBL3221488,False,,,,,,,,False,True,True,Cc1ccc(NC(=O)[C@H](COC(C)C)Oc2ncnc3c2cnn3-c2ccccc2Cl)nc1,1,False,0,0,False,False,无改动,466.92900000000014,466.1520162760001,33,104.05,104.05,3.9834200000000033,124.77770000000001,1,7,8,9,4,4,0.2608695652173913,10,0,0.4184051648693872,0,O=C(COc1ncnc2c1cnn2-c1ccccc1)Nc1ccccn1,CC(CCC1CCCC2C(C3CCCCC3)CCC12)CC1CCCCC1,False,"InChI=1S/C23H23ClN6O3/c1-14(2)32-12-19(22(31)29-20-9-8-15(3)10-25-20)33-23-16-11-28-30(21(16)26-13-27-23)18-7-5-4-6-17(18)24/h4-11,13-14,19H,12H2,1-3H3,(H,25,29,31)/t19-/m0/s1",CICZOZOHLKSIHE-IBGZPJMESA-N,CICZOZOHLKSIHE,1,False,False,False,False,CICZOZOHLKSIHE-IBGZPJMESA-N,1,True,18
GKA_0500,gka_candidate,CHEMBL3221494,,CC(C)OC[C@H](Oc1ncnc2c1cnn2-c1ccccc1Cl)C(=O)Nc1ccc(Cl)cn1,,,activity,,P4,6.5–7.0（0.1–0.32 µM）,6.9,False,,CHEMBL3221494,False,,,,,,,,False,True,True,CC(C)OC[C@H](Oc1ncnc2c1cnn2-c1ccccc1Cl)C(=O)Nc1ccc(Cl)cn1,1,False,0,0,False,False,无改动,487.34700000000015,486.09739386,33,104.05,104.05,4.328400000000003,125.05069999999999,1,7,8,9,4,4,0.22727272727272727,11,0,0.39465930868962645,0,O=C(COc1ncnc2c1cnn2-c1ccccc1)Nc1ccccn1,CC(CCC1CCCC2C(C3CCCCC3)CCC12)CC1CCCCC1,False,"InChI=1S/C22H20Cl2N6O3/c1-13(2)32-11-18(21(31)29-19-8-7-14(23)9-25-19)33-22-15-10-28-30(20(15)26-12-27-22)17-6-4-3-5-16(17)24/h3-10,12-13,18H,11H2,1-2H3,(H,25,29,31)/t18-/m0/s1",TULDQRGKIWKKNV-SFHVURJKSA-N,TULDQRGKIWKKNV,1,False,False,False,False,TULDQRGKIWKKNV-SFHVURJKSA-N,1,True,18
GKA_0501,gka_candidate,CHEMBL3221500,,CC(C)OC[C@H](Oc1ncnc2c1cnn2-c1ccccc1Cl)C(=O)Nc1ccccn1,,,activity,,P4,6.5–7.0（0.1–0.32 µM）,6.9,False,,CHEMBL3221500,False,,,,,,,,False,True,True,CC(C)OC[C@H](Oc1ncnc2c1cnn2-c1ccccc1Cl)C(=O)Nc1ccccn1,1,False,0,0,False,False,无改动,452.9020000000001,452.13636621200004,32,104.05,104.05,3.6750000000000016,120.0407,1,7,8,9,4,4,0.22727272727272727,10,0,0.43451956715082923,0,O=C(COc1ncnc2c1cnn2-c1ccccc1)Nc1ccccn1,CC(CCC1CCCC2C(C3CCCCC3)CCC12)CC1CCCCC1,False,"InChI=1S/C22H21ClN6O3/c1-14(2)31-12-18(21(30)28-19-9-5-6-10-24-19)32-22-15-11-27-29(20(15)25-13-26-22)17-8-4-3-7-16(17)23/h3-11,13-14,18H,12H2,1-2H3,(H,24,28,30)/t18-/m0/s1",LIBZEAOXJBJGPH-SFHVURJKSA-N,LIBZEAOXJBJGPH,1,False,False,False,False,LIBZEAOXJBJGPH-SFHVURJKSA-N,1,True,18
GKA_0502,gka_candidate,CHEMBL3221524,,O=C(Nc1ccc(F)cn1)[C@H](COCCO)Oc1ncnc2c1cnn2-c1c(Cl)cccc1Cl,,,activity,,P4,6.5–7.0（0.1–0.32 µM）,6.9,False,,CHEMBL3221524,False,,,,,,,,False,True,True,O=C(Nc1ccc(F)cn1)[C@H](COCCO)Oc1ncnc2c1cnn2-c1c(Cl)cccc1Cl,1,False,0,0,False,False,无改动,507.3090000000001,506.06723660400013,34,124.28,124.28,3.051400000000001,121.8255,2,8,9,10,4,4,0.19047619047619047,13,0,0.331594056741414,1,O=C(COc1ncnc2c1cnn2-c1ccccc1)Nc1ccccn1,CC(CCC1CCCC2C(C3CCCCC3)CCC12)CC1CCCCC1,False,"InChI=1S/C21H17Cl2FN6O4/c22-14-2-1-3-15(23)18(14)30-19-13(9-28-30)21(27-11-26-19)34-16(10-33-7-6-31)20(32)29-17-5-4-12(24)8-25-17/h1-5,8-9,11,16,31H,6-7,10H2,(H,25,29,32)/t16-/m0/s1",ZFRMTOKAIQWRKF-INIZCTEOSA-N,ZFRMTOKAIQWRKF,1,False,False,False,False,ZFRMTOKAIQWRKF-INIZCTEOSA-N,1,True,18
GKA_0503,gka_candidate,CHEMBL372860,,CC(C)Oc1cc(OCCc2ccccc2)cc(C(=O)Nc2ccc(C(=O)O)cn2)c1,,,activity,,P4,6.5–7.0（0.1–0.32 µM）,6.89,False,,CHEMBL372860,False,,,,,,,,False,True,True,CC(C)Oc1cc(OCCc2ccccc2)cc(C(=O)Nc2ccc(C(=O)O)cn2)c1,1,False,0,0,False,False,无改动,420.46500000000015,420.16852186799997,31,97.75,97.75,4.440800000000003,116.99650000000004,2,5,9,10,3,3,0.20833333333333334,7,0,0.5310825424663277,0,O=C(Nc1ccccn1)c1cccc(OCCc2ccccc2)c1,CC(CC1CCCCC1)C1CCCC(CCCC2CCCCC2)C1,False,"InChI=1S/C24H24N2O5/c1-16(2)31-21-13-19(23(27)26-22-9-8-18(15-25-22)24(28)29)12-20(14-21)30-11-10-17-6-4-3-5-7-17/h3-9,12-16H,10-11H2,1-2H3,(H,28,29)(H,25,26,27)",AMAZCNMAZOTCER-UHFFFAOYSA-N,AMAZCNMAZOTCER,0,True,False,False,False,AMAZCNMAZOTCER-UHFFFAOYSA-N,1,True,9
GKA_0504,gka_candidate,CHEMBL379153,,CC(C)Oc1cc(O[C@@H](C)c2ccccc2)cc(C(=O)Nc2ccc(C(=O)O)cn2)c1,,,activity,,P4,6.5–7.0（0.1–0.32 µM）,6.89,False,,CHEMBL379153,False,,,,,,,,False,True,True,CC(C)Oc1cc(O[C@@H](C)c2ccccc2)cc(C(=O)Nc2ccc(C(=O)O)cn2)c1,1,False,0,0,False,False,无改动,420.46500000000015,420.16852186799997,31,97.75,97.75,4.959300000000003,116.84050000000005,2,5,8,9,3,3,0.20833333333333334,7,0,0.5345422551891789,0,O=C(Nc1ccccn1)c1cccc(OCc2ccccc2)c1,CC(CC1CCCCC1)C1CCCC(CCC2CCCCC2)C1,False,"InChI=1S/C24H24N2O5/c1-15(2)30-20-11-19(23(27)26-22-10-9-18(14-25-22)24(28)29)12-21(13-20)31-16(3)17-7-5-4-6-8-17/h4-16H,1-3H3,(H,28,29)(H,25,26,27)/t16-/m0/s1",HGGYPMJLRJNOMY-INIZCTEOSA-N,HGGYPMJLRJNOMY,1,True,False,False,False,HGGYPMJLRJNOMY-INIZCTEOSA-N,1,True,5
GKA_0505,gka_candidate,CHEMBL2314810,,COC[C@H](C)Oc1cc(CCc2ccccc2OC)cc(C(=O)Nc2ccn(C)n2)c1,,,activity,,P4,6.5–7.0（0.1–0.32 µM）,6.87,False,,CHEMBL2314810,False,,,,,,,,False,True,True,COC[C@H](C)Oc1cc(CCc2ccccc2OC)cc(C(=O)Nc2ccn(C)n2)c1,1,False,0,0,False,False,无改动,423.51300000000015,423.21580640800005,31,74.61000000000001,74.61000000000001,3.879900000000003,119.97120000000005,1,5,10,11,3,3,0.3333333333333333,7,0,0.5356800503466499,0,O=C(Nc1cc[nH]n1)c1cccc(CCc2ccccc2)c1,CC(CC1CCCC1)C1CCCC(CCC2CCCCC2)C1,False,"InChI=1S/C24H29N3O4/c1-17(16-29-3)31-21-14-18(9-10-19-7-5-6-8-22(19)30-4)13-20(15-21)24(28)25-23-11-12-27(2)26-23/h5-8,11-15,17H,9-10,16H2,1-4H3,(H,25,26,28)/t17-/m0/s1",KCQVFMHTFOAUGB-KRWDZBQOSA-N,KCQVFMHTFOAUGB,1,False,False,False,False,KCQVFMHTFOAUGB-KRWDZBQOSA-N,1,True,6
GKA_0506,gka_candidate,CHEMBL2315024,,COC[C@H](C)Oc1cc(/C=C/c2cc(F)ccc2F)cc(C(=O)Nc2ccc(C(=O)O)cn2)c1,,,activity,,P4,6.5–7.0（0.1–0.32 µM）,6.87,False,,CHEMBL2315024,False,,,,,,,,False,True,True,COC[C@H](C)Oc1cc(/C=C/c2cc(F)ccc2F)cc(C(=O)Nc2ccc(C(=O)O)cn2)c1,1,False,0,0,False,False,无改动,468.4560000000002,468.149678244,34,97.75,97.75,4.894400000000004,122.84350000000005,2,5,9,10,3,3,0.16,9,0,0.4340013796728238,0,O=C(Nc1ccccn1)c1cccc(/C=C/c2ccccc2)c1,CC(CC1CCCCC1)C1CCCC(CCC2CCCCC2)C1,False,"InChI=1S/C25H22F2N2O5/c1-15(14-33-2)34-21-10-16(3-4-17-11-20(26)6-7-22(17)27)9-19(12-21)24(30)29-23-8-5-18(13-28-23)25(31)32/h3-13,15H,14H2,1-2H3,(H,31,32)(H,28,29,30)/b4-3+/t15-/m0/s1",ZVVOOSOBUJDSFZ-BWPKMQGJSA-N,ZVVOOSOBUJDSFZ,1,True,False,False,False,ZVVOOSOBUJDSFZ-BWPKMQGJSA-N,1,True,10
GKA_0507,gka_candidate,CHEMBL573749,,Cc1csc(Nc2ncnc3ccc(Oc4ccccc4S(C)(=O)=O)cc23)n1,,,activity,,P4,6.5–7.0（0.1–0.32 µM）,6.87,False,,CHEMBL573749,False,,,,,,,,False,True,True,Cc1csc(Nc2ncnc3ccc(Oc4ccccc4S(C)(=O)=O)cc23)n1,1,False,0,0,False,False,无改动,412.49600000000015,412.06638237199996,28,94.07000000000001,130.69,4.334120000000003,109.29750000000003,1,8,5,5,4,4,0.10526315789473684,9,0,0.5211092920592212,0,c1ccc(Oc2ccc3ncnc(Nc4nccs4)c3c2)cc1,C1CCC(CC2CCC3CCCC(CC4CCCC4)C3C2)CC1,False,"InChI=1S/C19H16N4O3S2/c1-12-10-27-19(22-12)23-18-14-9-13(7-8-15(14)20-11-21-18)26-16-5-3-4-6-17(16)28(2,24)25/h3-11H,1-2H3,(H,20,21,22,23)",NTFJFTGZRKWDEO-UHFFFAOYSA-N,NTFJFTGZRKWDEO,0,False,False,False,False,NTFJFTGZRKWDEO-UHFFFAOYSA-N,1,True,3
GKA_0508,gka_candidate,CHEMBL584807,,Cn1ccc(Nc2ncnc3ccc(Oc4ccc(F)cc4F)cc23)n1,,,activity,,P4,6.5–7.0（0.1–0.32 µM）,6.87,False,,CHEMBL584807,False,,,,,,,,False,True,True,Cn1ccc(Nc2ncnc3ccc(Oc4ccc(F)cc4F)cc23)n1,1,False,0,0,False,False,无改动,353.33200000000005,353.1088164760001,26,64.86,64.86,4.177400000000002,92.46070000000003,1,5,4,4,4,4,0.05555555555555555,8,0,0.5962688959469147,0,c1ccc(Oc2ccc3ncnc(Nc4cc[nH]n4)c3c2)cc1,C1CCC(CC2CCC3CCCC(CC4CCCC4)C3C2)CC1,False,"InChI=1S/C18H13F2N5O/c1-25-7-6-17(24-25)23-18-13-9-12(3-4-15(13)21-10-22-18)26-16-5-2-11(19)8-14(16)20/h2-10H,1H3,(H,21,22,23,24)",REXDHEBHLNGIGV-UHFFFAOYSA-N,REXDHEBHLNGIGV,0,False,False,False,False,REXDHEBHLNGIGV-UHFFFAOYSA-N,1,True,9
GKA_0509,gka_candidate,CHEMBL1783753,,CS(=O)(=O)c1cc(=O)n([C@@H](CC2CCCC2)C(=O)Nc2ccc(Cl)cn2)cc1Cl,,,activity,,P4,6.5–7.0（0.1–0.32 µM）,6.85,False,,CHEMBL1783753,False,,,,,,,,False,True,True,CS(=O)(=O)c1cc(=O)n([C@@H](CC2CCCC2)C(=O)Nc2ccc(Cl)cn2)cc1Cl,1,False,0,0,False,False,无改动,458.36699999999996,457.0629825120001,29,98.13000000000001,106.51,3.713700000000003,112.31050000000002,1,5,6,7,3,2,0.42105263157894735,10,0,0.7118363654920912,0,O=C(Nc1ccccn1)[C@H](CC1CCCC1)n1ccccc1=O,CC1CCCCC1C(CC1CCCC1)C(C)CC1CCCCC1,False,"InChI=1S/C19H21Cl2N3O4S/c1-29(27,28)16-9-18(25)24(11-14(16)21)15(8-12-4-2-3-5-12)19(26)23-17-7-6-13(20)10-22-17/h6-7,9-12,15H,2-5,8H2,1H3,(H,22,23,26)/t15-/m0/s1",GRSOLMTXMGKLRL-HNNXBMFYSA-N,GRSOLMTXMGKLRL,1,False,False,False,False,GRSOLMTXMGKLRL-HNNXBMFYSA-N,1,True,11
GKA_0510,gka_candidate,CHEMBL4206729,,CCS(=O)(=O)c1ccc(Oc2cc(OC(C)COC)cc(C(=O)Nc3nc4c(s3)CN(C(=O)OC(C)(C)C)CC4)c2)cc1,,,activity,,P4,6.5–7.0（0.1–0.32 µM）,6.85,False,,CHEMBL4206729,False,,,,,,,,False,True,True,CCS(=O)(=O)c1ccc(Oc2cc(OC(C)COC)cc(C(=O)Nc3nc4c(s3)CN(C(=O)OC(C)(C)C)CC4)c2)cc1,1,False,0,0,False,False,无改动,631.773,631.202207144,43,133.35999999999999,169.98,5.688200000000006,163.06599999999963,1,10,10,14,4,3,0.43333333333333335,13,0,0.2996440101332382,2,O=C(Nc1nc2c(s1)CNCC2)c1cccc(Oc2ccccc2)c1,CC(CC1CC2CCCCC2C1)C1CCCC(CC2CCCCC2)C1,False,"InChI=1S/C30H37N3O8S2/c1-7-43(36,37)24-10-8-21(9-11-24)40-23-15-20(14-22(16-23)39-19(2)18-38-6)27(34)32-28-31-25-12-13-33(17-26(25)42-28)29(35)41-30(3,4)5/h8-11,14-16,19H,7,12-13,17-18H2,1-6H3,(H,31,32,34)",NLNRFKHPSDEQHQ-UHFFFAOYSA-N,NLNRFKHPSDEQHQ,1,False,False,False,False,NLNRFKHPSDEQHQ-UHFFFAOYSA-N,1,True,6
GKA_0511,gka_candidate,CHEMBL3764630,,COC(=O)/C=C/c1cnc2[nH]c(/C(=C/C3CCCC3)c3ccc(S(C)(=O)=O)c(Cl)c3)cc2c1,,,activity,,P4,6.5–7.0（0.1–0.32 µM）,6.83,False,,CHEMBL3764630,False,,,,,,,,False,True,True,COC(=O)/C=C/c1cnc2[nH]c(/C(=C/C3CCCC3)c3ccc(S(C)(=O)=O)c(Cl)c3)cc2c1,1,False,0,0,False,False,无改动,485.00500000000017,484.12235596,33,89.12,97.5,5.427900000000005,130.7425,1,5,6,7,4,3,0.28,8,0,0.37203399502062867,1,C(=C(/c1ccccc1)c1cc2cccnc2[nH]1)/C1CCCC1,C1CCC(C(CC2CCCC2)C2CC3CCCCC3C2)CC1,False,"InChI=1S/C25H25ClN2O4S/c1-32-24(29)10-7-17-11-19-14-22(28-25(19)27-15-17)20(12-16-5-3-4-6-16)18-8-9-23(21(26)13-18)33(2,30)31/h7-16H,3-6H2,1-2H3,(H,27,28)/b10-7+,20-12+",CROAZWRROYRSMA-KEPXNORLSA-N,CROAZWRROYRSMA,0,False,False,False,False,CROAZWRROYRSMA-KEPXNORLSA-N,1,True,1
GKA_0512,gka_candidate,CHEMBL4549950,,CNC(=O)Nc1cc(Oc2cncc(C)c2)c([C@H]2C[C@@H]2CO)cn1,,,activity,,P4,6.5–7.0（0.1–0.32 µM）,6.83,False,,CHEMBL4549950,False,,,,,,,,False,True,True,CNC(=O)Nc1cc(Oc2cncc(C)c2)c([C@H]2C[C@@H]2CO)cn1,1,False,0,0,False,False,无改动,328.37200000000007,328.15354049999996,24,96.37,96.37,2.4244200000000005,89.29720000000003,3,5,5,7,3,2,0.35294117647058826,7,0,0.7831229030863657,0,c1cncc(Oc2ccncc2C2CC2)c1,C1CCC(CC2CCCCC2C2CC2)CC1,False,"InChI=1S/C17H20N4O3/c1-10-3-12(7-19-6-10)24-15-5-16(21-17(23)18-2)20-8-14(15)13-4-11(13)9-22/h3,5-8,11,13,22H,4,9H2,1-2H3,(H2,18,20,21,23)/t11-,13+/m1/s1",PKWULGGISSUMMT-YPMHNXCESA-N,PKWULGGISSUMMT,2,False,False,False,False,PKWULGGISSUMMT-YPMHNXCESA-N,1,True,2
GKA_0513,gka_candidate,CHEMBL573072,,COc1ccc2nc(NC(=O)C(CC3CCCC3)c3ccc(S(=O)(=O)N(C)CCO)cc3)sc2n1,,,activity,,P4,6.5–7.0（0.1–0.32 µM）,6.83,False,,CHEMBL573072,False,,,,,,,,False,True,True,COc1ccc2nc(NC(=O)C(CC3CCCC3)c3ccc(S(=O)(=O)N(C)CCO)cc3)sc2n1,1,False,0,0,False,False,无改动,518.6610000000002,518.16576206,35,121.71999999999998,158.34000000000003,3.615300000000003,135.25629999999998,2,8,10,11,4,3,0.4583333333333333,11,0,0.4203766136158907,1,O=C(Nc1nc2cccnc2s1)C(CC1CCCC1)c1ccccc1,CC(CC1CC2CCCCC2C1)C(CC1CCCC1)C1CCCCC1,False,"InChI=1S/C24H30N4O5S2/c1-28(13-14-29)35(31,32)18-9-7-17(8-10-18)19(15-16-5-3-4-6-16)22(30)27-24-25-20-11-12-21(33-2)26-23(20)34-24/h7-12,16,19,29H,3-6,13-15H2,1-2H3,(H,25,27,30)",ZUWZPKWHGCQWQZ-UHFFFAOYSA-N,ZUWZPKWHGCQWQZ,1,False,False,True,False,ZUWZPKWHGCQWQZ-UHFFFAOYSA-N,1,True,9
GKA_0514,gka_candidate,CHEMBL4518905,,CNC(=O)Nc1cc(Oc2c(F)cccc2F)c(-c2ccc(OC)nc2)cn1,,,activity,,P4,6.5–7.0（0.1–0.32 µM）,6.825,False,,CHEMBL4518905,False,,,,,,,,False,True,True,CNC(=O)Nc1cc(Oc2c(F)cccc2F)c(-c2ccc(OC)nc2)cn1,1,False,0,0,False,False,无改动,386.35800000000006,386.119046812,28,85.37,85.37,3.974000000000002,98.5304,2,5,5,7,3,3,0.10526315789473684,9,0,0.6929909097549489,0,c1ccc(Oc2ccncc2-c2cccnc2)cc1,C1CCC(CC2CCCCC2C2CCCCC2)CC1,False,"InChI=1S/C19H16F2N4O3/c1-22-19(26)25-16-8-15(28-18-13(20)4-3-5-14(18)21)12(10-23-16)11-6-7-17(27-2)24-9-11/h3-10H,1-2H3,(H2,22,23,25,26)",RWCGJSDTJAVVHZ-UHFFFAOYSA-N,RWCGJSDTJAVVHZ,0,False,False,False,False,RWCGJSDTJAVVHZ-UHFFFAOYSA-N,1,True,3
GKA_0515,gka_candidate,CHEMBL4639192,,Cc1ncccc1Oc1cc(Sc2ccccn2)cnc1Nc1nc(C2CCN(S(C)(=O)=O)CC2)ns1,,,activity,,P4,6.5–7.0（0.1–0.32 µM）,6.825,False,,CHEMBL4639192,False,,,,,,,,False,True,True,Cc1ncccc1Oc1cc(Sc2ccccn2)cnc1Nc1nc(C2CCN(S(C)(=O)=O)CC2)ns1,1,False,0,0,False,False,无改动,555.7110000000004,555.1181006600001,37,123.08999999999999,185.01,4.857620000000004,143.22849999999988,1,11,8,8,5,4,0.2916666666666667,13,0,0.32240168109220163,2,c1ccc(Sc2cnc(Nc3nc(C4CCNCC4)ns3)c(Oc3cccnc3)c2)nc1,C1CCC(CC2CCC(CC3CCC(C4CCCCC4)C3)C(CC3CCCCC3)C2)CC1,False,"InChI=1S/C24H25N7O3S3/c1-16-19(6-5-11-25-16)34-20-14-18(35-21-7-3-4-10-26-21)15-27-23(20)29-24-28-22(30-36-24)17-8-12-31(13-9-17)37(2,32)33/h3-7,10-11,14-15,17H,8-9,12-13H2,1-2H3,(H,27,28,29,30)",RXEPTVLJQLRTNX-UHFFFAOYSA-N,RXEPTVLJQLRTNX,0,False,False,True,False,RXEPTVLJQLRTNX-UHFFFAOYSA-N,1,True,3
GKA_0516,gka_candidate,CHEMBL2408131,,CCS(=O)(=O)c1ccc(Oc2cc(O[C@@H](C)CO)cc(-c3nccc(=O)[nH]3)c2)cc1,,,activity,,P4,6.5–7.0（0.1–0.32 µM）,6.82,False,,CHEMBL2408131,False,,,,,,,,False,True,True,CCS(=O)(=O)c1ccc(Oc2cc(O[C@@H](C)CO)cc(-c3nccc(=O)[nH]3)c2)cc1,1,False,0,0,False,False,无改动,430.4820000000001,430.11985742400003,30,118.58000000000001,126.96000000000001,2.782400000000001,111.71230000000003,2,7,8,8,3,3,0.23809523809523808,9,0,0.5639581910335455,0,O=c1ccnc(-c2cccc(Oc3ccccc3)c2)[nH]1,CC1CCCC(C2CCCC(CC3CCCCC3)C2)C1,False,"InChI=1S/C21H22N2O6S/c1-3-30(26,27)19-6-4-16(5-7-19)29-18-11-15(21-22-9-8-20(25)23-21)10-17(12-18)28-14(2)13-24/h4-12,14,24H,3,13H2,1-2H3,(H,22,23,25)/t14-/m0/s1",MBDMOOWXMYBAHP-AWEZNQCLSA-N,MBDMOOWXMYBAHP,1,False,False,False,False,MBDMOOWXMYBAHP-AWEZNQCLSA-N,1,True,8
GKA_0517,gka_candidate,CHEMBL3218485,,CCN(C)C(=O)c1cnc(Oc2cc(C(=O)Nc3cnc(C)cn3)cc3oc(C)cc23)cn1,,,activity,,P4,6.5–7.0（0.1–0.32 µM）,6.82,False,,CHEMBL3218485,False,,,,,,,,False,True,True,CCN(C)C(=O)c1cnc(Oc2cc(C(=O)Nc3cnc(C)cn3)cc3oc(C)cc23)cn1,1,False,0,0,False,False,无改动,446.46700000000016,446.17025318400005,33,123.34,123.34,3.766140000000002,120.41370000000002,1,8,6,8,4,4,0.21739130434782608,10,0,0.4747492115960026,0,O=C(Nc1cnccn1)c1cc(Oc2cnccn2)c2ccoc2c1,CC(CC1CCCCC1)C1CC2CCCC2C(CC2CCCCC2)C1,False,"InChI=1S/C23H22N6O4/c1-5-29(4)23(31)17-10-27-21(12-25-17)33-19-8-15(7-18-16(19)6-14(3)32-18)22(30)28-20-11-24-13(2)9-26-20/h6-12H,5H2,1-4H3,(H,26,28,30)",FWJZEJHVAJFEPN-UHFFFAOYSA-N,FWJZEJHVAJFEPN,0,False,False,False,False,FWJZEJHVAJFEPN-UHFFFAOYSA-N,1,True,6
GKA_0518,gka_candidate,CHEMBL489335,,Cc1csc(NC(=O)c2cc(Sc3nccn3C)ccc2N)n1,,,activity,,P4,6.5–7.0（0.1–0.32 µM）,6.82,False,,CHEMBL489335,False,,,,,,,,False,True,True,Cc1csc(NC(=O)c2cc(Sc3nccn3C)ccc2N)n1,1,False,0,0,False,False,无改动,345.4530000000001,345.07180210000007,23,85.83,139.37,3.17072,92.98960000000001,2,6,4,5,3,3,0.13333333333333333,8,0,0.7094326918791103,0,O=C(Nc1nccs1)c1cccc(Sc2ncc[nH]2)c1,CC(CC1CCCC1)C1CCCC(CC2CCCC2)C1,False,"InChI=1S/C15H15N5OS2/c1-9-8-22-14(18-9)19-13(21)11-7-10(3-4-12(11)16)23-15-17-5-6-20(15)2/h3-8H,16H2,1-2H3,(H,18,19,21)",GIQZMGJQUQFLRK-UHFFFAOYSA-N,GIQZMGJQUQFLRK,0,False,False,False,False,GIQZMGJQUQFLRK-UHFFFAOYSA-N,1,True,4
GKA_0519,gka_candidate,CHEMBL1164578,,CC(C)c1csc(NC(=O)C(CC2CCOCC2)c2ccc(S(=O)(=O)C3CC3)cc2)n1,,,activity,,P4,6.5–7.0（0.1–0.32 µM）,6.8,False,,CHEMBL1164578,False,,,,,,,,False,True,True,CC(C)c1csc(NC(=O)C(CC2CCOCC2)c2ccc(S(=O)(=O)C3CC3)cc2)n1,1,False,0,0,False,False,无改动,462.63700000000017,462.16469943999994,31,85.36,121.97999999999998,4.7416000000000045,122.38350000000004,1,6,8,9,4,2,0.5652173913043478,8,0,0.6122998280051116,0,O=C(Nc1nccs1)C(CC1CCOCC1)c1ccc(S(=O)(=O)C2CC2)cc1,CC(CC1CCCC1)C(CC1CCCCC1)C1CCC(C(C)(C)C2CC2)CC1,False,"InChI=1S/C23H30N2O4S2/c1-15(2)21-14-30-23(24-21)25-22(26)20(13-16-9-11-29-12-10-16)17-3-5-18(6-4-17)31(27,28)19-7-8-19/h3-6,14-16,19-20H,7-13H2,1-2H3,(H,24,25,26)",BPQYAGOLJHAJOW-UHFFFAOYSA-N,BPQYAGOLJHAJOW,1,False,False,False,False,BPQYAGOLJHAJOW-UHFFFAOYSA-N,1,True,5
GKA_0520,gka_candidate,CHEMBL1165587,,C=C(C)c1csc(NC(=O)C(CC2CCOCC2)c2ccc(S(=O)(=O)C3CC3)cc2)n1,,,activity,,P4,6.5–7.0（0.1–0.32 µM）,6.8,False,,CHEMBL1165587,False,,,,,,,,False,True,True,C=C(C)c1csc(NC(=O)C(CC2CCOCC2)c2ccc(S(=O)(=O)C3CC3)cc2)n1,1,False,0,0,False,False,无改动,460.6210000000002,460.14904937599994,31,85.36,121.97999999999998,4.651300000000004,123.00250000000004,1,6,8,9,4,2,0.4782608695652174,8,0,0.6196728461746507,0,O=C(Nc1nccs1)C(CC1CCOCC1)c1ccc(S(=O)(=O)C2CC2)cc1,CC(CC1CCCC1)C(CC1CCCCC1)C1CCC(C(C)(C)C2CC2)CC1,False,"InChI=1S/C23H28N2O4S2/c1-15(2)21-14-30-23(24-21)25-22(26)20(13-16-9-11-29-12-10-16)17-3-5-18(6-4-17)31(27,28)19-7-8-19/h3-6,14,16,19-20H,1,7-13H2,2H3,(H,24,25,26)",WQXBIOGCALFENS-UHFFFAOYSA-N,WQXBIOGCALFENS,1,False,False,False,False,WQXBIOGCALFENS-UHFFFAOYSA-N,1,True,5
GKA_0521,gka_candidate,CHEMBL1778365,,COC[C@H](C)Oc1cc(Oc2ccccc2)cc(C(=O)Nc2ccc(C(=O)O)cn2)c1,,,activity,,P4,6.5–7.0（0.1–0.32 µM）,6.8,False,,CHEMBL1778365,False,,,,,,,,False,True,True,COC[C@H](C)Oc1cc(Oc2ccccc2)cc(C(=O)Nc2ccc(C(=O)O)cn2)c1,1,False,0,0,False,False,无改动,422.4370000000002,422.147786424,31,106.98000000000002,106.98000000000002,4.238100000000002,114.07350000000004,2,6,9,10,3,3,0.17391304347826086,8,0,0.5310886177514145,0,O=C(Nc1ccccn1)c1cccc(Oc2ccccc2)c1,CC(CC1CCCCC1)C1CCCC(CC2CCCCC2)C1,False,"InChI=1S/C23H22N2O6/c1-15(14-29-2)30-19-10-17(11-20(12-19)31-18-6-4-3-5-7-18)22(26)25-21-9-8-16(13-24-21)23(27)28/h3-13,15H,14H2,1-2H3,(H,27,28)(H,24,25,26)/t15-/m0/s1",OAHXKGMOXATJDV-HNNXBMFYSA-N,OAHXKGMOXATJDV,1,True,False,False,False,OAHXKGMOXATJDV-HNNXBMFYSA-N,1,True,11
GKA_0522,gka_candidate,CHEMBL1783744,,Cc1ccc(NC(=O)[C@H](CC2CCCC2)n2cc(C)c(S(=O)(=O)C(C)C)cc2=O)nc1,,,activity,,P4,6.5–7.0（0.1–0.32 µM）,6.8,False,,CHEMBL1783744,False,,,,,,,,False,True,True,Cc1ccc(NC(=O)[C@H](CC2CCCC2)n2cc(C)c(S(=O)(=O)C(C)C)cc2=O)nc1,1,False,0,0,False,False,无改动,445.58500000000015,445.20352747199996,31,98.13000000000001,106.51,3.8023400000000027,120.97650000000006,1,5,7,8,3,2,0.5217391304347826,8,0,0.6989035629490157,0,O=C(Nc1ccccn1)[C@H](CC1CCCC1)n1ccccc1=O,CC1CCCCC1C(CC1CCCC1)C(C)CC1CCCCC1,False,"InChI=1S/C23H31N3O4S/c1-15(2)31(29,30)20-12-22(27)26(14-17(20)4)19(11-18-7-5-6-8-18)23(28)25-21-10-9-16(3)13-24-21/h9-10,12-15,18-19H,5-8,11H2,1-4H3,(H,24,25,28)/t19-/m0/s1",KGYRTIPUVFJHMZ-IBGZPJMESA-N,KGYRTIPUVFJHMZ,1,False,False,False,False,KGYRTIPUVFJHMZ-IBGZPJMESA-N,1,True,11
GKA_0523,gka_candidate,CHEMBL3221489,,Cc1ccc(NC(=O)[C@H](COC(C)C)Oc2ncnc3c2cnn3-c2ncccc2Cl)nc1,,,activity,,P4,6.5–7.0（0.1–0.32 µM）,6.8,False,,CHEMBL3221489,False,,,,,,,,False,True,True,Cc1ccc(NC(=O)[C@H](COC(C)C)Oc2ncnc3c2cnn3-c2ncccc2Cl)nc1,1,False,0,0,False,False,无改动,467.9170000000001,467.1472652440001,33,116.94,116.94,3.378420000000002,122.57270000000001,1,8,8,9,4,4,0.2727272727272727,11,0,0.41880676502585495,0,O=C(COc1ncnc2c1cnn2-c1ccccn1)Nc1ccccn1,CC(CCC1CCCC2C(C3CCCCC3)CCC12)CC1CCCCC1,False,"InChI=1S/C22H22ClN7O3/c1-13(2)32-11-17(21(31)29-18-7-6-14(3)9-25-18)33-22-15-10-28-30(19(15)26-12-27-22)20-16(23)5-4-8-24-20/h4-10,12-13,17H,11H2,1-3H3,(H,25,29,31)/t17-/m0/s1",AAGISEXHOPCAHZ-KRWDZBQOSA-N,AAGISEXHOPCAHZ,1,False,False,False,False,AAGISEXHOPCAHZ-KRWDZBQOSA-N,1,True,16
GKA_0524,gka_candidate,CHEMBL5088522,,CCOP(=O)(Cn1ccc(NC(=O)c2cc(Oc3cnc(S(C)(=O)=O)cn3)cc(OC(C)C)c2)n1)OCC,,,activity,,P4,6.5–7.0（0.1–0.32 µM）,6.8,False,,CHEMBL5088522,False,,,,,,,,False,True,True,CCOP(=O)(Cn1ccc(NC(=O)c2cc(Oc3cnc(S(C)(=O)=O)cn3)cc(OC(C)C)c2)n1)OCC,1,False,0,0,False,False,无改动,567.5610000000001,567.15527055,38,160.83,179.02,4.132000000000003,138.4604999999999,1,11,13,14,3,3,0.391304347826087,15,0,0.29567310421313053,2,O=C(Nc1cc[nH]n1)c1cccc(Oc2cnccn2)c1,CC(CC1CCCC1)C1CCCC(CC2CCCCC2)C1,False,"InChI=1S/C23H30N5O8PS/c1-6-33-37(30,34-7-2)15-28-9-8-20(27-28)26-23(29)17-10-18(35-16(3)4)12-19(11-17)36-21-13-25-22(14-24-21)38(5,31)32/h8-14,16H,6-7,15H2,1-5H3,(H,26,27,29)",ZLIXMJAMKJEBRI-UHFFFAOYSA-N,ZLIXMJAMKJEBRI,0,False,False,False,False,ZLIXMJAMKJEBRI-UHFFFAOYSA-N,1,True,4
GKA_0525,gka_candidate,CHEMBL559851,,O=C(Nc1nccs1)c1nc(Sc2nnc[nH]2)ccc1Sc1ccc(C(F)(F)F)cc1,,,activity,,P4,6.5–7.0（0.1–0.32 µM）,6.8,False,,CHEMBL559851,False,,,,,,,,False,True,True,O=C(Nc1nccs1)c1nc(Sc2nnc[nH]2)ccc1Sc1ccc(C(F)(F)F)cc1,1,False,0,0,False,False,无改动,480.5220000000001,480.01085663200007,31,96.45000000000002,175.29,5.229700000000002,110.37689999999999,2,8,6,8,4,4,0.05555555555555555,13,0,0.39007251982697455,1,O=C(Nc1nccs1)c1nc(Sc2nnc[nH]2)ccc1Sc1ccccc1,CC(CC1CCCC1)C1CC(CC2CCCC2)CCC1CC1CCCCC1,False,"InChI=1S/C18H11F3N6OS3/c19-18(20,21)10-1-3-11(4-2-10)30-12-5-6-13(31-17-23-9-24-27-17)25-14(12)15(28)26-16-22-7-8-29-16/h1-9H,(H,22,26,28)(H,23,24,27)",WYLCYSOJGCGVAN-UHFFFAOYSA-N,WYLCYSOJGCGVAN,0,False,False,False,False,WYLCYSOJGCGVAN-UHFFFAOYSA-N,1,True,11
GKA_0526,gka_candidate,CHEMBL564609,,COc1cccc(Sc2ccc(Sc3nnc[nH]3)nc2C(=O)Nc2nccs2)c1,,,activity,,P4,6.5–7.0（0.1–0.32 µM）,6.8,False,,CHEMBL564609,False,,,,,,,,False,True,True,COc1cccc(Sc2ccc(Sc3nnc[nH]3)nc2C(=O)Nc2nccs2)c1,1,False,0,0,False,False,无改动,442.5510000000001,442.03403668800007,29,105.68,184.52000000000004,4.219500000000002,111.92690000000002,2,9,7,8,4,4,0.05555555555555555,11,0,0.43822080420749526,0,O=C(Nc1nccs1)c1nc(Sc2nnc[nH]2)ccc1Sc1ccccc1,CC(CC1CCCC1)C1CC(CC2CCCC2)CCC1CC1CCCCC1,False,"InChI=1S/C18H14N6O2S3/c1-26-11-3-2-4-12(9-11)28-13-5-6-14(29-18-20-10-21-24-18)22-15(13)16(25)23-17-19-7-8-27-17/h2-10H,1H3,(H,19,23,25)(H,20,21,24)",JYZRFQGUIUNSKZ-UHFFFAOYSA-N,JYZRFQGUIUNSKZ,0,False,False,False,False,JYZRFQGUIUNSKZ-UHFFFAOYSA-N,1,True,11
GKA_0527,gka_candidate,CHEMBL574884,,Cn1ccc(Nc2ncnc3ccc(Oc4c(Cl)cccc4S(C)(=O)=O)cc23)n1,,,activity,,P4,6.5–7.0（0.1–0.32 µM）,6.8,False,,CHEMBL574884,False,,,,,,,,False,True,True,Cn1ccc(Nc2ncnc3ccc(Oc4c(Cl)cccc4S(C)(=O)=O)cc23)n1,1,False,0,0,False,False,无改动,429.8890000000001,429.06623805199996,29,98.99999999999999,107.38000000000001,3.956100000000003,110.66450000000003,1,7,5,5,4,4,0.10526315789473684,10,0,0.5122172431353202,0,c1ccc(Oc2ccc3ncnc(Nc4cc[nH]n4)c3c2)cc1,C1CCC(CC2CCC3CCCC(CC4CCCC4)C3C2)CC1,False,"InChI=1S/C19H16ClN5O3S/c1-25-9-8-17(24-25)23-19-13-10-12(6-7-15(13)21-11-22-19)28-18-14(20)4-3-5-16(18)29(2,26)27/h3-11H,1-2H3,(H,21,22,23,24)",XEUMEVOKFRYTTM-UHFFFAOYSA-N,XEUMEVOKFRYTTM,0,False,False,False,False,XEUMEVOKFRYTTM-UHFFFAOYSA-N,1,True,9
GKA_0528,gka_candidate,CHEMBL2314801,,COC[C@H](C)Oc1cc(/C=C/c2c(F)cccc2F)cc(C(=O)Nc2ccn(C)n2)c1,,,activity,,P4,6.5–7.0（0.1–0.32 µM）,6.79,False,,CHEMBL2314801,False,,,,,,,,False,True,True,COC[C@H](C)Oc1cc(/C=C/c2c(F)cccc2F)cc(C(=O)Nc2ccn(C)n2)c1,1,False,0,0,False,False,无改动,427.45100000000014,427.1707480360001,31,65.38,65.38,4.5347000000000035,114.85520000000004,1,4,8,9,3,3,0.21739130434782608,8,0,0.5365208629492793,0,O=C(Nc1cc[nH]n1)c1cccc(/C=C/c2ccccc2)c1,CC(CC1CCCC1)C1CCCC(CCC2CCCCC2)C1,False,"InChI=1S/C23H23F2N3O3/c1-15(14-30-3)31-18-12-16(7-8-19-20(24)5-4-6-21(19)25)11-17(13-18)23(29)26-22-9-10-28(2)27-22/h4-13,15H,14H2,1-3H3,(H,26,27,29)/b8-7+/t15-/m0/s1",CCIMAQZZSYLARL-KIUWMYQTSA-N,CCIMAQZZSYLARL,1,False,False,False,False,CCIMAQZZSYLARL-KIUWMYQTSA-N,1,True,10
GKA_0529,gka_candidate,CHEMBL3577726,,CCN(CC)c1cccc(C#Cc2cc(O[C@@H](C)COC)cc(C(=O)Nc3ccn(C)n3)c2)c1,,,activity,,P4,6.5–7.0（0.1–0.32 µM）,6.79,False,,CHEMBL3577726,False,,,,,,,,False,True,True,CCN(CC)c1cccc(C#Cc2cc(O[C@@H](C)COC)cc(C(=O)Nc3ccn(C)n3)c2)c1,1,False,0,0,False,False,无改动,460.57800000000015,460.24744088400007,34,68.62,68.62,4.332100000000003,135.55219999999997,1,5,9,10,3,3,0.3333333333333333,7,0,0.48154027876740607,0,O=C(Nc1cc[nH]n1)c1cccc(C#Cc2ccccc2)c1,CC(CC1CCCC1)C1CCCC(CCC2CCCCC2)C1,False,"InChI=1S/C27H32N4O3/c1-6-31(7-2)24-10-8-9-21(16-24)11-12-22-15-23(18-25(17-22)34-20(3)19-33-5)27(32)28-26-13-14-30(4)29-26/h8-10,13-18,20H,6-7,19H2,1-5H3,(H,28,29,32)/t20-/m0/s1",PJSFOJZUAHBGIV-FQEVSTJZSA-N,PJSFOJZUAHBGIV,1,False,False,False,False,PJSFOJZUAHBGIV-FQEVSTJZSA-N,1,True,10
GKA_0530,gka_candidate,CHEMBL474352,,Cc1csc(NC(=O)c2cc(Oc3ccccc3F)ccc2N)n1,,,activity,,P4,6.5–7.0（0.1–0.32 µM）,6.79,False,,CHEMBL474352,False,,,,,,,,False,True,True,Cc1csc(NC(=O)c2cc(Oc3ccccc3F)ccc2N)n1,1,False,0,0,False,False,无改动,343.3830000000001,343.07907590800005,24,77.24,105.47999999999999,4.217420000000002,92.13260000000002,2,5,4,5,3,3,0.058823529411764705,7,0,0.6955071819953559,0,O=C(Nc1nccs1)c1cccc(Oc2ccccc2)c1,CC(CC1CCCC1)C1CCCC(CC2CCCCC2)C1,False,"InChI=1S/C17H14FN3O2S/c1-10-9-24-17(20-10)21-16(22)12-8-11(6-7-14(12)19)23-15-5-3-2-4-13(15)18/h2-9H,19H2,1H3,(H,20,21,22)",JUHRRQSPYIVMEW-UHFFFAOYSA-N,JUHRRQSPYIVMEW,0,False,False,False,False,JUHRRQSPYIVMEW-UHFFFAOYSA-N,1,True,26
GKA_0531,gka_candidate,CHEMBL2314812,,COC[C@H](C)Oc1cc(/C=C/c2cccc([N+](=O)[O-])c2)cc(C(=O)Nc2ccc(C(=O)O)cn2)c1,,,activity,,P4,6.5–7.0（0.1–0.32 µM）,6.78,False,,CHEMBL2314812,False,,,,,,,,False,True,True,COC[C@H](C)Oc1cc(/C=C/c2cccc([N+](=O)[O-])c2)cc(C(=O)Nc2ccc(C(=O)O)cn2)c1,1,False,0,0,False,False,无改动,477.47300000000024,477.153600076,35,140.89,140.89,4.5244000000000035,129.58190000000002,2,7,10,11,3,3,0.16,10,0,0.2465602372474522,0,O=C(Nc1ccccn1)c1cccc(/C=C/c2ccccc2)c1,CC(CC1CCCCC1)C1CCCC(CCC2CCCCC2)C1,False,"InChI=1S/C25H23N3O7/c1-16(15-34-2)35-22-12-18(7-6-17-4-3-5-21(11-17)28(32)33)10-20(13-22)24(29)27-23-9-8-19(14-26-23)25(30)31/h3-14,16H,15H2,1-2H3,(H,30,31)(H,26,27,29)/b7-6+/t16-/m0/s1",HRKXIEJISKNHQW-MOEXGYKKSA-N,HRKXIEJISKNHQW,1,True,False,False,False,HRKXIEJISKNHQW-MOEXGYKKSA-N,1,True,10
GKA_0532,gka_candidate,CHEMBL3218498,,Cc1cc2c(Oc3cnc(C(=O)N(C)C)cn3)cc(C(=O)Nc3cnc(C(F)(F)F)cn3)cc2o1,,,activity,,P4,6.5–7.0（0.1–0.32 µM）,6.78,False,,CHEMBL3218498,False,,,,,,,,False,True,True,Cc1cc2c(Oc3cnc(C(=O)N(C)C)cn3)cc(C(=O)Nc3cnc(C(F)(F)F)cn3)cc2o1,1,False,0,0,False,False,无改动,486.41000000000014,486.1263376840001,35,123.34,123.34,4.086420000000002,116.06170000000002,1,8,5,8,4,4,0.18181818181818182,13,0,0.4475819037689426,0,O=C(Nc1cnccn1)c1cc(Oc2cnccn2)c2ccoc2c1,CC(CC1CCCCC1)C1CC2CCCC2C(CC2CCCCC2)C1,False,"InChI=1S/C22H17F3N6O4/c1-11-4-13-15(34-11)5-12(20(32)30-18-9-27-17(8-28-18)22(23,24)25)6-16(13)35-19-10-26-14(7-29-19)21(33)31(2)3/h4-10H,1-3H3,(H,28,30,32)",ZBXYIBCGDKWBEE-UHFFFAOYSA-N,ZBXYIBCGDKWBEE,0,False,False,False,False,ZBXYIBCGDKWBEE-UHFFFAOYSA-N,1,True,6
GKA_0533,gka_candidate,CHEMBL195431,,CC(C)Oc1cc(OCCC2CCCC2)cc(C(=O)Nc2ccc(C(=O)O)cn2)c1,,,activity,,P4,6.5–7.0（0.1–0.32 µM）,6.77,False,,CHEMBL195431,False,,,,,,,,False,True,True,CC(C)Oc1cc(OCCC2CCCC2)cc(C(=O)Nc2ccc(C(=O)O)cn2)c1,1,False,0,0,False,False,无改动,412.48600000000005,412.19982199599997,30,97.75,97.75,4.778400000000003,113.42550000000007,2,5,9,10,3,2,0.43478260869565216,7,0,0.6151458515361465,0,O=C(Nc1ccccn1)c1cccc(OCCC2CCCC2)c1,CC(CC1CCCCC1)C1CCCC(CCCC2CCCC2)C1,False,"InChI=1S/C23H28N2O5/c1-15(2)30-20-12-18(11-19(13-20)29-10-9-16-5-3-4-6-16)22(26)25-21-8-7-17(14-24-21)23(27)28/h7-8,11-16H,3-6,9-10H2,1-2H3,(H,27,28)(H,24,25,26)",PWIDVOKRZIMBGB-UHFFFAOYSA-N,PWIDVOKRZIMBGB,0,True,False,False,False,PWIDVOKRZIMBGB-UHFFFAOYSA-N,1,True,2
GKA_0534,gka_candidate,CHEMBL3941597,,Cc1cc(Oc2cnc(NC(=O)C(OC3CCOCC3)c3ccc(S(=O)(=O)C4CC4)cc3)s2)ccc1C(=O)O,,,activity,,P4,6.5–7.0（0.1–0.32 µM）,6.77,False,,CHEMBL3941597,False,,,,,,,,False,True,True,Cc1cc(Oc2cnc(NC(=O)C(OC3CCOCC3)c3ccc(S(=O)(=O)C4CC4)cc3)s2)ccc1C(=O)O,1,False,0,0,False,False,无改动,572.6610000000003,572.128707856,39,141.11999999999998,177.73999999999998,4.753520000000004,143.27279999999988,2,9,10,11,5,3,0.37037037037037035,12,0,0.35186970695838254,1,O=C(Nc1ncc(Oc2ccccc2)s1)C(OC1CCOCC1)c1ccc(S(=O)(=O)C2CC2)cc1,CC(CC1CCC(CC2CCCCC2)C1)C(CC1CCCCC1)C1CCC(C(C)(C)C2CC2)CC1,False,"InChI=1S/C27H28N2O8S2/c1-16-14-19(4-9-22(16)26(31)32)36-23-15-28-27(38-23)29-25(30)24(37-18-10-12-35-13-11-18)17-2-5-20(6-3-17)39(33,34)21-7-8-21/h2-6,9,14-15,18,21,24H,7-8,10-13H2,1H3,(H,31,32)(H,28,29,30)",UIORUVQTNVJGSM-UHFFFAOYSA-N,UIORUVQTNVJGSM,1,True,False,False,False,UIORUVQTNVJGSM-UHFFFAOYSA-N,1,True,11
GKA_0535,gka_candidate,CHEMBL4206337,,CC(C)Oc1cc(Oc2ccc(S(C)(=O)=O)cc2)cc(C(=O)Nc2nc3c(s2)CN(C(=O)OC(C)(C)C)CC3)c1,,,activity,,P4,6.5–7.0（0.1–0.32 µM）,6.77,False,,CHEMBL4206337,False,,,,,,,,False,True,True,CC(C)Oc1cc(Oc2ccc(S(C)(=O)=O)cc2)cc(C(=O)Nc2nc3c(s2)CN(C(=O)OC(C)(C)C)CC3)c1,1,False,0,0,False,False,无改动,587.72,587.1759923960001,40,124.13000000000001,160.75,5.671600000000005,152.24699999999976,1,9,7,11,4,3,0.39285714285714285,12,0,0.37493976995564493,2,O=C(Nc1nc2c(s1)CNCC2)c1cccc(Oc2ccccc2)c1,CC(CC1CC2CCCCC2C1)C1CCCC(CC2CCCCC2)C1,False,"InChI=1S/C28H33N3O7S2/c1-17(2)36-20-13-18(14-21(15-20)37-19-7-9-22(10-8-19)40(6,34)35)25(32)30-26-29-23-11-12-31(16-24(23)39-26)27(33)38-28(3,4)5/h7-10,13-15,17H,11-12,16H2,1-6H3,(H,29,30,32)",YFXWYJJSRUABMD-UHFFFAOYSA-N,YFXWYJJSRUABMD,0,False,False,False,False,YFXWYJJSRUABMD-UHFFFAOYSA-N,1,True,6
GKA_0536,gka_candidate,CHEMBL5075882,,CCO[P@](C)(=O)Cn1ccc(NC(=O)c2cc(Oc3ccc(S(C)(=O)=O)cc3)cc(O[C@@H](C)COC)c2)n1,,,activity,,P4,6.5–7.0（0.1–0.32 µM）,6.77,False,,CHEMBL5075882,False,,,,,,,,False,True,True,CCO[P@](C)(=O)Cn1ccc(NC(=O)c2cc(Oc3ccc(S(C)(=O)=O)cc3)cc(O[C@@H](C)COC)c2)n1,1,False,0,0,False,False,无改动,565.5850000000002,565.1647726139998,38,135.05,153.23999999999995,4.646800000000003,143.37049999999982,1,9,13,14,3,3,0.36,13,0,0.29394048340779777,1,O=C(Nc1cc[nH]n1)c1cccc(Oc2ccccc2)c1,CC(CC1CCCC1)C1CCCC(CC2CCCCC2)C1,False,"InChI=1S/C25H32N3O8PS/c1-6-34-37(4,30)17-28-12-11-24(27-28)26-25(29)19-13-21(35-18(2)16-33-3)15-22(14-19)36-20-7-9-23(10-8-20)38(5,31)32/h7-15,18H,6,16-17H2,1-5H3,(H,26,27,29)/t18-,37-/m0/s1",RMIUJLWMACFCDS-WWWOGFAISA-N,RMIUJLWMACFCDS,2,False,False,False,False,RMIUJLWMACFCDS-WWWOGFAISA-N,1,True,12
GKA_0537,gka_candidate,CHEMBL3764824,,COC(=O)c1ccc(C(CC2CCCC2)c2cc3cccnc3[nH]2)cc1Cl,,,activity,,P4,6.5–7.0（0.1–0.32 µM）,6.76,False,,CHEMBL3764824,False,,,,,,,,False,True,True,COC(=O)c1ccc(C(CC2CCCC2)c2cc3cccnc3[nH]2)cc1Cl,1,False,0,0,False,False,无改动,382.89099999999996,382.1448056560001,27,54.98,54.98,5.715100000000004,107.30320000000003,1,3,5,6,4,3,0.36363636363636365,5,0,0.5743078792748935,1,c1ccc(C(CC2CCCC2)c2cc3cccnc3[nH]2)cc1,C1CCC(C(CC2CCCC2)C2CC3CCCCC3C2)CC1,False,"InChI=1S/C22H23ClN2O2/c1-27-22(26)17-9-8-15(12-19(17)23)18(11-14-5-2-3-6-14)20-13-16-7-4-10-24-21(16)25-20/h4,7-10,12-14,18H,2-3,5-6,11H2,1H3,(H,24,25)",SUUWNUCVOZUVCV-UHFFFAOYSA-N,SUUWNUCVOZUVCV,1,False,False,False,False,SUUWNUCVOZUVCV-UHFFFAOYSA-N,1,True,11
GKA_0538,gka_candidate,CHEMBL1778370,,COC[C@H](C)Oc1cc(Oc2cccc(F)c2)cc(C(=O)Nc2ccc(C(=O)O)cn2)c1,,,activity,,P4,6.5–7.0（0.1–0.32 µM）,6.75,False,,CHEMBL1778370,False,,,,,,,,False,True,True,COC[C@H](C)Oc1cc(Oc2cccc(F)c2)cc(C(=O)Nc2ccc(C(=O)O)cn2)c1,1,False,0,0,False,False,无改动,440.4270000000002,440.138364612,32,106.98000000000002,106.98000000000002,4.377200000000003,114.03150000000004,2,6,9,10,3,3,0.17391304347826086,9,0,0.5085387190362896,0,O=C(Nc1ccccn1)c1cccc(Oc2ccccc2)c1,CC(CC1CCCCC1)C1CCCC(CC2CCCCC2)C1,False,"InChI=1S/C23H21FN2O6/c1-14(13-30-2)31-19-8-16(9-20(11-19)32-18-5-3-4-17(24)10-18)22(27)26-21-7-6-15(12-25-21)23(28)29/h3-12,14H,13H2,1-2H3,(H,28,29)(H,25,26,27)/t14-/m0/s1",IHKHATFYPMKUPF-AWEZNQCLSA-N,IHKHATFYPMKUPF,1,True,False,False,False,IHKHATFYPMKUPF-AWEZNQCLSA-N,1,True,11
GKA_0539,gka_candidate,CHEMBL3218731,,O=C(Nc1ncc(-c2cn(CCO)nn2)s1)C(CC1CCOCC1)c1ccc(S(=O)(=O)C2CC2)cc1,,,activity,,P4,6.5–7.0（0.1–0.32 µM）,6.75,False,,CHEMBL3218731,False,,,,,,,,False,True,True,O=C(Nc1ncc(-c2cn(CCO)nn2)s1)C(CC1CCOCC1)c1ccc(S(=O)(=O)C2CC2)cc1,1,False,0,0,False,False,无改动,531.6600000000004,531.161011028,36,136.3,172.92,2.8690000000000007,134.39629999999994,2,9,10,11,5,3,0.5,12,0,0.4075818445391378,1,O=C(Nc1ncc(-c2c[nH]nn2)s1)C(CC1CCOCC1)c1ccc(S(=O)(=O)C2CC2)cc1,CC(CC1CCC(C2CCCC2)C1)C(CC1CCCCC1)C1CCC(C(C)(C)C2CC2)CC1,False,"InChI=1S/C24H29N5O5S2/c30-10-9-29-15-21(27-28-29)22-14-25-24(35-22)26-23(31)20(13-16-7-11-34-12-8-16)17-1-3-18(4-2-17)36(32,33)19-5-6-19/h1-4,14-16,19-20,30H,5-13H2,(H,25,26,31)",CGDJOWCIDUPLCY-UHFFFAOYSA-N,CGDJOWCIDUPLCY,1,False,False,False,False,CGDJOWCIDUPLCY-UHFFFAOYSA-N,1,True,7
GKA_0540,gka_candidate,CHEMBL551911,,CS(=O)(=O)c1ccc(Oc2cc(O[C@H]3CCC[C@H]3O)cc(C(=O)Nc3nccs3)c2)cc1,,,activity,,P4,6.5–7.0（0.1–0.32 µM）,6.75,False,,CHEMBL551911,False,,,,,,,,False,True,True,CS(=O)(=O)c1ccc(Oc2cc(O[C@H]3CCC[C@H]3O)cc(C(=O)Nc3nccs3)c2)cc1,1,False,0,0,False,False,无改动,474.56000000000006,474.09192842400006,32,114.82000000000001,151.44,3.8834000000000026,120.40880000000001,2,8,7,8,4,3,0.2727272727272727,10,0,0.5338854319627707,0,O=C(Nc1nccs1)c1cc(Oc2ccccc2)cc(OC2CCCC2)c1,CC(CC1CCCC1)C1CC(CC2CCCCC2)CC(CC2CCCC2)C1,False,"InChI=1S/C22H22N2O6S2/c1-32(27,28)18-7-5-15(6-8-18)29-16-11-14(21(26)24-22-23-9-10-31-22)12-17(13-16)30-20-4-2-3-19(20)25/h5-13,19-20,25H,2-4H2,1H3,(H,23,24,26)/t19-,20+/m1/s1",LLIQCVSOVKHPJR-UXHICEINSA-N,LLIQCVSOVKHPJR,2,False,False,False,False,LLIQCVSOVKHPJR-UXHICEINSA-N,1,True,3
GKA_0541,gka_candidate,CHEMBL2314807,,COC[C@H](C)Oc1cc(CCc2ccc(F)cc2F)cc(C(=O)Nc2ccn(C)n2)c1,,,activity,,P4,6.5–7.0（0.1–0.32 µM）,6.74,False,,CHEMBL2314807,False,,,,,,,,False,True,True,COC[C@H](C)Oc1cc(CCc2ccc(F)cc2F)cc(C(=O)Nc2ccn(C)n2)c1,1,False,0,0,False,False,无改动,429.4670000000001,429.1863981000001,31,65.38,65.38,4.149500000000002,113.33520000000003,1,4,9,10,3,3,0.30434782608695654,8,0,0.5550886790148398,0,O=C(Nc1cc[nH]n1)c1cccc(CCc2ccccc2)c1,CC(CC1CCCC1)C1CCCC(CCC2CCCCC2)C1,False,"InChI=1S/C23H25F2N3O3/c1-15(14-30-3)31-20-11-16(4-5-17-6-7-19(24)13-21(17)25)10-18(12-20)23(29)26-22-8-9-28(2)27-22/h6-13,15H,4-5,14H2,1-3H3,(H,26,27,29)/t15-/m0/s1",UJMGLCKQJJRDLB-HNNXBMFYSA-N,UJMGLCKQJJRDLB,1,False,False,False,False,UJMGLCKQJJRDLB-HNNXBMFYSA-N,1,True,6
GKA_0542,gka_candidate,CHEMBL575069,,CCCCN(CCCC)S(=O)(=O)c1ccc(C(CC2CCCC2)C(=O)Nc2nc3ccc(OC)nc3s2)cc1,,,activity,,P4,6.5–7.0（0.1–0.32 µM）,6.74,False,,CHEMBL575069,False,,,,,,,,False,True,True,CCCCN(CCCC)S(=O)(=O)c1ccc(C(CC2CCCC2)C(=O)Nc2nc3ccc(OC)nc3s2)cc1,1,False,0,0,False,False,无改动,572.7970000000004,572.24909776,39,101.49000000000001,138.11,6.593400000000007,156.9294999999997,1,7,14,15,4,3,0.5517241379310345,10,0,0.2337362028704154,2,O=C(Nc1nc2cccnc2s1)C(CC1CCCC1)c1ccccc1,CC(CC1CC2CCCCC2C1)C(CC1CCCC1)C1CCCCC1,False,"InChI=1S/C29H40N4O4S2/c1-4-6-18-33(19-7-5-2)39(35,36)23-14-12-22(13-15-23)24(20-21-10-8-9-11-21)27(34)32-29-30-25-16-17-26(37-3)31-28(25)38-29/h12-17,21,24H,4-11,18-20H2,1-3H3,(H,30,32,34)",XYZNQKSZWPWKJH-UHFFFAOYSA-N,XYZNQKSZWPWKJH,1,False,False,True,False,XYZNQKSZWPWKJH-UHFFFAOYSA-N,1,True,9
GKA_0543,gka_candidate,CHEMBL3910810,,CC(=O)N1CCCC1c1cc2[nH]c(-c3ccc(CCC(=O)O)cn3)cc2cc1Oc1ccc(C(=O)N2CCC2)nc1,,,activity,,P4,6.5–7.0（0.1–0.32 µM）,6.73,False,,CHEMBL3910810,False,,,,,,,,False,True,True,CC(=O)N1CCCC1c1cc2[nH]c(-c3ccc(CCC(=O)O)cn3)cc2cc1Oc1ccc(C(=O)N2CCC2)nc1,1,False,0,0,False,False,无改动,553.6190000000001,553.232519092,41,128.72,128.72,4.963700000000004,151.67999999999978,2,6,8,10,6,4,0.3225806451612903,10,0,0.31542235490583126,1,O=C(c1ccc(Oc2cc3cc(-c4ccccn4)[nH]c3cc2C2CCCN2)cn1)N1CCC1,CC(C1CCC1)C1CCC(CC2CC3CC(C4CCCCC4)CC3CC2C2CCCC2)CC1,False,"InChI=1S/C31H31N5O5/c1-19(37)36-13-2-4-28(36)23-16-26-21(14-27(34-26)24-8-5-20(17-32-24)6-10-30(38)39)15-29(23)41-22-7-9-25(33-18-22)31(40)35-11-3-12-35/h5,7-9,14-18,28,34H,2-4,6,10-13H2,1H3,(H,38,39)",WRRVNONPRGMMIN-UHFFFAOYSA-N,WRRVNONPRGMMIN,1,True,False,False,False,WRRVNONPRGMMIN-UHFFFAOYSA-N,1,True,2
GKA_0544,gka_candidate,CHEMBL4553907,,CNC(=O)Nc1cc(Oc2cncc(OC)c2)c([C@H]2CCCOC2)cn1,,,activity,,P4,6.5–7.0（0.1–0.32 µM）,6.73,False,,CHEMBL4553907,False,,,,,,,,False,True,True,CNC(=O)Nc1cc(Oc2cncc(OC)c2)c([C@H]2CCCOC2)cn1,1,False,0,0,False,False,无改动,358.3980000000002,358.164105184,26,94.60000000000001,94.60000000000001,2.9228000000000014,95.97240000000004,2,6,5,7,3,2,0.3888888888888889,8,0,0.8533247249266211,0,c1cncc(Oc2ccncc2[C@H]2CCCOC2)c1,C1CCC(CC2CCCCC2C2CCCCC2)CC1,False,"InChI=1S/C18H22N4O4/c1-19-18(23)22-17-7-16(26-14-6-13(24-2)8-20-9-14)15(10-21-17)12-4-3-5-25-11-12/h6-10,12H,3-5,11H2,1-2H3,(H2,19,21,22,23)/t12-/m0/s1",APSOPISMEDAYTH-LBPRGKRZSA-N,APSOPISMEDAYTH,1,False,False,False,False,APSOPISMEDAYTH-LBPRGKRZSA-N,1,True,2
GKA_0545,gka_candidate,CHEMBL3979353,,O=C(O)c1cccc(Oc2cnc(NC(=O)C(OC3CCOCC3)c3ccc(S(=O)(=O)C4CC4)cc3)s2)c1,,,activity,,P4,6.5–7.0（0.1–0.32 µM）,6.72,False,,CHEMBL3979353,False,,,,,,,,False,True,True,O=C(O)c1cccc(Oc2cnc(NC(=O)C(OC3CCOCC3)c3ccc(S(=O)(=O)C4CC4)cc3)s2)c1,1,False,0,0,False,False,无改动,558.6340000000005,558.113057792,38,141.12,177.74,4.445100000000004,138.5357999999999,2,9,10,11,5,3,0.34615384615384615,12,0,0.3692007672577013,1,O=C(Nc1ncc(Oc2ccccc2)s1)C(OC1CCOCC1)c1ccc(S(=O)(=O)C2CC2)cc1,CC(CC1CCC(CC2CCCCC2)C1)C(CC1CCCCC1)C1CCC(C(C)(C)C2CC2)CC1,False,"InChI=1S/C26H26N2O8S2/c29-24(28-26-27-15-22(37-26)35-19-3-1-2-17(14-19)25(30)31)23(36-18-10-12-34-13-11-18)16-4-6-20(7-5-16)38(32,33)21-8-9-21/h1-7,14-15,18,21,23H,8-13H2,(H,30,31)(H,27,28,29)",LLUUBGDHWCFYLV-UHFFFAOYSA-N,LLUUBGDHWCFYLV,1,True,False,False,False,LLUUBGDHWCFYLV-UHFFFAOYSA-N,1,True,11
GKA_0546,gka_candidate,CHEMBL5266463,,O=C(O)c1ccc(Oc2cnc(NC(=O)C(Oc3ccc(F)cc3F)c3ccc(S(=O)(=O)C4CC4)cc3)s2)cc1,,,activity,,P4,6.5–7.0（0.1–0.32 µM）,6.72,False,,CHEMBL5266463,False,,,,,,,,False,True,True,O=C(O)c1ccc(Oc2cnc(NC(=O)C(Oc3ccc(F)cc3F)c3ccc(S(=O)(=O)C4CC4)cc3)s2)cc1,1,False,0,0,False,False,无改动,586.5940000000003,586.06799942,40,131.89000000000001,168.51000000000002,5.606700000000004,140.59579999999985,2,8,10,11,5,4,0.14814814814814814,13,0,0.2452890948660378,2,O=C(Nc1ncc(Oc2ccccc2)s1)C(Oc1ccccc1)c1ccc(S(=O)(=O)C2CC2)cc1,CC(CC1CCC(CC2CCCCC2)C1)C(CC1CCCCC1)C1CCC(C(C)(C)C2CC2)CC1,False,"InChI=1S/C27H20F2N2O7S2/c28-17-5-12-22(21(29)13-17)38-24(15-3-8-19(9-4-15)40(35,36)20-10-11-20)25(32)31-27-30-14-23(39-27)37-18-6-1-16(2-7-18)26(33)34/h1-9,12-14,20,24H,10-11H2,(H,33,34)(H,30,31,32)",XJFUEUNGZVAEIX-UHFFFAOYSA-N,XJFUEUNGZVAEIX,1,True,False,False,False,XJFUEUNGZVAEIX-UHFFFAOYSA-N,1,True,3
GKA_0547,gka_candidate,CHEMBL3765780,,COC(=O)/C=C/c1cnc2[nH]c(/C(=C\C3CCCC3)c3ccc(S(C)(=O)=O)c(Cl)c3)cc2c1,,,activity,,P4,6.5–7.0（0.1–0.32 µM）,6.71,False,,CHEMBL3765780,False,,,,,,,,False,True,True,COC(=O)/C=C/c1cnc2[nH]c(/C(=C\C3CCCC3)c3ccc(S(C)(=O)=O)c(Cl)c3)cc2c1,1,False,0,0,False,False,无改动,485.00500000000017,484.12235596,33,89.12,97.5,5.427900000000005,130.7425,1,5,6,7,4,3,0.28,8,0,0.37203399502062867,1,C(=C(\c1ccccc1)c1cc2cccnc2[nH]1)/C1CCCC1,C1CCC(C(CC2CCCC2)C2CC3CCCCC3C2)CC1,False,"InChI=1S/C25H25ClN2O4S/c1-32-24(29)10-7-17-11-19-14-22(28-25(19)27-15-17)20(12-16-5-3-4-6-16)18-8-9-23(21(26)13-18)33(2,30)31/h7-16H,3-6H2,1-2H3,(H,27,28)/b10-7+,20-12-",CROAZWRROYRSMA-NMSZSRSNSA-N,CROAZWRROYRSMA,0,False,False,False,False,CROAZWRROYRSMA-NMSZSRSNSA-N,1,True,3
GKA_0548,gka_candidate,CHEMBL5082691,,CCOP(=O)(Cn1ccc(NC(=O)c2cc(Oc3cnc(C(=O)NC)cn3)cc(OC(C)C)c2)n1)OCC,,,activity,,P4,6.5–7.0（0.1–0.32 µM）,6.71,False,,CHEMBL5082691,False,,,,,,,,False,True,True,CCOP(=O)(Cn1ccc(NC(=O)c2cc(Oc3cnc(C(=O)NC)cn3)cc(OC(C)C)c2)n1)OCC,1,False,0,0,False,False,无改动,546.5210000000002,546.199183962,38,155.79,165.6,4.0881000000000025,138.7408999999999,2,10,13,15,3,3,0.375,14,0,0.2994480968881073,1,O=C(Nc1cc[nH]n1)c1cccc(Oc2cnccn2)c1,CC(CC1CCCC1)C1CCCC(CC2CCCCC2)C1,False,"InChI=1S/C24H31N6O7P/c1-6-34-38(33,35-7-2)15-30-9-8-21(29-30)28-23(31)17-10-18(36-16(3)4)12-19(11-17)37-22-14-26-20(13-27-22)24(32)25-5/h8-14,16H,6-7,15H2,1-5H3,(H,25,32)(H,28,29,31)",YAIFBYWHWYIIPX-UHFFFAOYSA-N,YAIFBYWHWYIIPX,0,False,False,False,False,YAIFBYWHWYIIPX-UHFFFAOYSA-N,1,True,4
GKA_0549,gka_candidate,CHEMBL2206789,,COCCC(Oc1ncnc2c1cnn2-c1ccccc1OC)C(=O)Nc1ccc(C)cn1,,,activity,,P4,6.5–7.0（0.1–0.32 µM）,6.7,False,,CHEMBL2206789,False,,,,,,,,False,True,True,COCCC(Oc1ncnc2c1cnn2-c1ccccc1OC)C(=O)Nc1ccc(C)cn1,1,False,0,0,False,False,无改动,448.4830000000002,448.185903248,33,113.28000000000002,113.28000000000002,2.950120000000001,121.72470000000006,1,8,9,10,4,4,0.2608695652173913,10,0,0.41580557940469465,0,O=C(COc1ncnc2c1cnn2-c1ccccc1)Nc1ccccn1,CC(CCC1CCCC2C(C3CCCCC3)CCC12)CC1CCCCC1,False,"InChI=1S/C23H24N6O4/c1-15-8-9-20(24-12-15)28-22(30)19(10-11-31-2)33-23-16-13-27-29(21(16)25-14-26-23)17-6-4-5-7-18(17)32-3/h4-9,12-14,19H,10-11H2,1-3H3,(H,24,28,30)",GFGJRYIVRRQONC-UHFFFAOYSA-N,GFGJRYIVRRQONC,1,False,False,False,False,GFGJRYIVRRQONC-UHFFFAOYSA-N,1,True,18
GKA_0550,gka_candidate,CHEMBL2314800,,COC[C@H](C)Oc1cc(/C=C/c2cc(F)ccc2F)cc(C(=O)Nc2ccn(C)n2)c1,,,activity,,P4,6.5–7.0（0.1–0.32 µM）,6.7,False,,CHEMBL2314800,False,,,,,,,,False,True,True,COC[C@H](C)Oc1cc(/C=C/c2cc(F)ccc2F)cc(C(=O)Nc2ccn(C)n2)c1,1,False,0,0,False,False,无改动,427.45100000000014,427.1707480360001,31,65.38,65.38,4.5347000000000035,114.85520000000004,1,4,8,9,3,3,0.21739130434782608,8,0,0.5365208629492793,0,O=C(Nc1cc[nH]n1)c1cccc(/C=C/c2ccccc2)c1,CC(CC1CCCC1)C1CCCC(CCC2CCCCC2)C1,False,"InChI=1S/C23H23F2N3O3/c1-15(14-30-3)31-20-11-16(4-5-17-12-19(24)6-7-21(17)25)10-18(13-20)23(29)26-22-8-9-28(2)27-22/h4-13,15H,14H2,1-3H3,(H,26,27,29)/b5-4+/t15-/m0/s1",JJUGPMRPXAHHGU-RGDDUWESSA-N,JJUGPMRPXAHHGU,1,False,False,False,False,JJUGPMRPXAHHGU-RGDDUWESSA-N,1,True,10
GKA_0551,gka_candidate,CHEMBL2346879,,O=C(Nc1nccs1)[C@H](CC1CCCCC1)N1CCN(S(=O)(=O)c2cc(F)cc(F)c2)CC1=O,,,activity,,P4,6.5–7.0（0.1–0.32 µM）,6.7,False,,CHEMBL2346879,False,,,,,,,,False,True,True,O=C(Nc1nccs1)[C@H](CC1CCCCC1)N1CCN(S(=O)(=O)c2cc(F)cc(F)c2)CC1=O,1,False,0,0,False,False,无改动,512.6040000000002,512.1363537519999,34,99.68,136.29999999999998,3.231900000000002,122.55350000000006,1,6,7,8,4,2,0.5,12,0,0.6141774190571652,1,O=C(Nc1nccs1)[C@H](CC1CCCCC1)N1CCN(S(=O)(=O)c2ccccc2)CC1=O,CC1CC(C(C)(C)C2CCCCC2)CCC1C(CC1CCCCC1)C(C)CC1CCCC1,False,"InChI=1S/C22H26F2N4O4S2/c23-16-11-17(24)13-18(12-16)34(31,32)27-7-8-28(20(29)14-27)19(10-15-4-2-1-3-5-15)21(30)26-22-25-6-9-33-22/h6,9,11-13,15,19H,1-5,7-8,10,14H2,(H,25,26,30)/t19-/m0/s1",YZZLWFPWUQABMG-IBGZPJMESA-N,YZZLWFPWUQABMG,1,False,False,True,False,YZZLWFPWUQABMG-IBGZPJMESA-N,1,True,4
GKA_0552,gka_candidate,CHEMBL2408110,,Cc1cnc(-c2cc(Oc3ccc(S(C)(=O)=O)cc3)cc(OC(C)C)c2)[nH]c1=O,,,activity,,P4,6.5–7.0（0.1–0.32 µM）,6.7,False,,CHEMBL2408110,False,,,,,,,,False,True,True,Cc1cnc(-c2cc(Oc3ccc(S(C)(=O)=O)cc3)cc(OC(C)C)c2)[nH]c1=O,1,False,0,0,False,False,无改动,414.4830000000001,414.12494280399994,29,98.35,106.72999999999999,3.728320000000002,110.42050000000005,1,6,6,6,3,3,0.23809523809523808,8,0,0.6599329943610387,0,O=c1ccnc(-c2cccc(Oc3ccccc3)c2)[nH]1,CC1CCCC(C2CCCC(CC3CCCCC3)C2)C1,False,"InChI=1S/C21H22N2O5S/c1-13(2)27-17-9-15(20-22-12-14(3)21(24)23-20)10-18(11-17)28-16-5-7-19(8-6-16)29(4,25)26/h5-13H,1-4H3,(H,22,23,24)",XZVWLQOEWVMFTF-UHFFFAOYSA-N,XZVWLQOEWVMFTF,0,False,False,False,False,XZVWLQOEWVMFTF-UHFFFAOYSA-N,1,True,8
GKA_0553,gka_candidate,CHEMBL3221497,,CC(C)OC[C@H](Oc1ncnc2c1cnn2-c1ccccc1Cl)C(=O)Nc1ccc(F)cn1,,,activity,,P4,6.5–7.0（0.1–0.32 µM）,6.7,False,,CHEMBL3221497,False,,,,,,,,False,True,True,CC(C)OC[C@H](Oc1ncnc2c1cnn2-c1ccccc1Cl)C(=O)Nc1ccc(F)cn1,1,False,0,0,False,False,无改动,470.8920000000001,470.1269444,33,104.05,104.05,3.8141000000000025,119.99870000000001,1,7,8,9,4,4,0.22727272727272727,11,0,0.4171853092188709,0,O=C(COc1ncnc2c1cnn2-c1ccccc1)Nc1ccccn1,CC(CCC1CCCC2C(C3CCCCC3)CCC12)CC1CCCCC1,False,"InChI=1S/C22H20ClFN6O3/c1-13(2)32-11-18(21(31)29-19-8-7-14(24)9-25-19)33-22-15-10-28-30(20(15)26-12-27-22)17-6-4-3-5-16(17)23/h3-10,12-13,18H,11H2,1-2H3,(H,25,29,31)/t18-/m0/s1",MDOWVDCIVGXLBF-SFHVURJKSA-N,MDOWVDCIVGXLBF,1,False,False,False,False,MDOWVDCIVGXLBF-SFHVURJKSA-N,1,True,18
GKA_0554,gka_candidate,CHEMBL3221505,,Cc1ccc(NC(=O)[C@H](CCO)Oc2ncnc3c2cnn3-c2ncccc2Cl)nc1,,,activity,,P4,6.5–7.0（0.1–0.32 µM）,6.7,False,,CHEMBL3221505,False,,,,,,,,False,True,True,Cc1ccc(NC(=O)[C@H](CCO)Oc2ncnc3c2cnn3-c2ncccc2Cl)nc1,1,False,0,0,False,False,无改动,439.8630000000001,439.1159651160001,31,127.94,127.94,2.33582,113.18750000000001,2,8,7,8,4,4,0.2,11,0,0.44870700844675976,0,O=C(COc1ncnc2c1cnn2-c1ccccn1)Nc1ccccn1,CC(CCC1CCCC2C(C3CCCCC3)CCC12)CC1CCCCC1,False,"InChI=1S/C20H18ClN7O3/c1-12-4-5-16(23-9-12)27-19(30)15(6-8-29)31-20-13-10-26-28(17(13)24-11-25-20)18-14(21)3-2-7-22-18/h2-5,7,9-11,15,29H,6,8H2,1H3,(H,23,27,30)/t15-/m0/s1",XCIJOAQPQWKKLY-HNNXBMFYSA-N,XCIJOAQPQWKKLY,1,False,False,False,False,XCIJOAQPQWKKLY-HNNXBMFYSA-N,1,True,16
GKA_0555,gka_candidate,CHEMBL3221508,,O=C(Nc1ccc(Cl)cn1)[C@H](COCCO)Oc1ncnc2c1cnn2-c1ccccc1Cl,,,activity,,P4,6.5–7.0（0.1–0.32 µM）,6.7,False,,CHEMBL3221508,False,,,,,,,,False,True,True,O=C(Nc1ccc(Cl)cn1)[C@H](COCCO)Oc1ncnc2c1cnn2-c1ccccc1Cl,1,False,0,0,False,False,无改动,489.3190000000002,488.0766584160001,33,124.28,124.28,2.912300000000001,121.86749999999999,2,8,9,10,4,4,0.19047619047619047,12,0,0.34421982177816746,0,O=C(COc1ncnc2c1cnn2-c1ccccc1)Nc1ccccn1,CC(CCC1CCCC2C(C3CCCCC3)CCC12)CC1CCCCC1,False,"InChI=1S/C21H18Cl2N6O4/c22-13-5-6-18(24-9-13)28-20(31)17(11-32-8-7-30)33-21-14-10-27-29(19(14)25-12-26-21)16-4-2-1-3-15(16)23/h1-6,9-10,12,17,30H,7-8,11H2,(H,24,28,31)/t17-/m0/s1",KTWRHJPPIZQGRW-KRWDZBQOSA-N,KTWRHJPPIZQGRW,1,False,False,False,False,KTWRHJPPIZQGRW-KRWDZBQOSA-N,1,True,18
GKA_0556,gka_candidate,CHEMBL3221518,,O=C(Nc1ccccn1)[C@H](CN1CC(O)C1)Oc1ncnc2c1cnn2-c1ccccc1Cl,,,activity,,P4,6.5–7.0（0.1–0.32 µM）,6.7,False,,CHEMBL3221518,False,,,,,,,,False,True,True,O=C(Nc1ccccn1)[C@H](CN1CC(O)C1)Oc1ncnc2c1cnn2-c1ccccc1Cl,1,False,0,0,False,False,无改动,465.90100000000007,465.13161518000004,33,118.29000000000002,118.29000000000002,1.9264999999999997,121.3995,2,8,7,8,5,4,0.22727272727272727,11,0,0.42476269911042663,0,O=C(Nc1ccccn1)[C@H](CN1CCC1)Oc1ncnc2c1cnn2-c1ccccc1,CC(CC1CCCCC1)C(CC1CCC1)CC1CCCC2C(C3CCCCC3)CCC12,False,"InChI=1S/C22H20ClN7O3/c23-16-5-1-2-6-17(16)30-20-15(9-27-30)22(26-13-25-20)33-18(12-29-10-14(31)11-29)21(32)28-19-7-3-4-8-24-19/h1-9,13-14,18,31H,10-12H2,(H,24,28,32)/t18-/m0/s1",QMEKMUKFQBLUHU-SFHVURJKSA-N,QMEKMUKFQBLUHU,1,False,True,False,False,QMEKMUKFQBLUHU-SFHVURJKSA-N,1,True,10
GKA_0557,gka_candidate,CHEMBL3221519,,N#Cc1ccc(NC(=O)[C@H](CN2CC(O)C2)Oc2ncnc3c2cnn3-c2ccccc2Cl)nc1,,,activity,,P4,6.5–7.0（0.1–0.32 µM）,6.7,False,,CHEMBL3221519,False,,,,,,,,False,True,True,N#Cc1ccc(NC(=O)[C@H](CN2CC(O)C2)Oc2ncnc3c2cnn3-c2ccccc2Cl)nc1,1,False,0,0,False,False,无改动,490.9110000000001,490.1268641480001,35,142.07999999999998,142.07999999999998,1.798179999999999,126.11449999999999,2,9,7,8,5,4,0.21739130434782608,12,0,0.3960770705251151,0,O=C(Nc1ccccn1)[C@H](CN1CCC1)Oc1ncnc2c1cnn2-c1ccccc1,CC(CC1CCCCC1)C(CC1CCC1)CC1CCCC2C(C3CCCCC3)CCC12,False,"InChI=1S/C23H19ClN8O3/c24-17-3-1-2-4-18(17)32-21-16(9-29-32)23(28-13-27-21)35-19(12-31-10-15(33)11-31)22(34)30-20-6-5-14(7-25)8-26-20/h1-6,8-9,13,15,19,33H,10-12H2,(H,26,30,34)/t19-/m0/s1",FASYULODQUSDTP-IBGZPJMESA-N,FASYULODQUSDTP,1,False,True,False,False,FASYULODQUSDTP-IBGZPJMESA-N,1,True,10
GKA_0558,gka_candidate,CHEMBL3221526,,N#Cc1cccc(Cl)c1-n1ncc2c(O[C@@H](CN3CC(O)C3)C(=O)Nc3ccc(F)cn3)ncnc21,,,activity,,P4,6.5–7.0（0.1–0.32 µM）,6.7,False,,CHEMBL3221526,False,,,,,,,,False,True,True,N#Cc1cccc(Cl)c1-n1ncc2c(O[C@@H](CN3CC(O)C3)C(=O)Nc3ccc(F)cn3)ncnc21,1,False,0,0,False,False,无改动,508.9010000000002,508.117442336,36,142.07999999999998,142.07999999999998,1.937279999999999,126.07250000000002,2,9,7,8,5,4,0.21739130434782608,13,0,0.3825737030780765,1,O=C(Nc1ccccn1)[C@H](CN1CCC1)Oc1ncnc2c1cnn2-c1ccccc1,CC(CC1CCCCC1)C(CC1CCC1)CC1CCCC2C(C3CCCCC3)CCC12,False,"InChI=1S/C23H18ClFN8O3/c24-17-3-1-2-13(6-26)20(17)33-21-16(8-30-33)23(29-12-28-21)36-18(11-32-9-15(34)10-32)22(35)31-19-5-4-14(25)7-27-19/h1-5,7-8,12,15,18,34H,9-11H2,(H,27,31,35)/t18-/m0/s1",PUKKREPUSDNYNL-SFHVURJKSA-N,PUKKREPUSDNYNL,1,False,True,False,False,PUKKREPUSDNYNL-SFHVURJKSA-N,1,True,10
GKA_0559,gka_candidate,CHEMBL3221530,,O=C(Nc1ccc(F)cn1)[C@H](COCCO)Oc1ncnc2c1cnn2-c1c(F)cccc1Cl,,,activity,,P4,6.5–7.0（0.1–0.32 µM）,6.7,False,,CHEMBL3221530,False,,,,,,,,False,True,True,O=C(Nc1ccc(F)cn1)[C@H](COCCO)Oc1ncnc2c1cnn2-c1c(F)cccc1Cl,1,False,0,0,False,False,无改动,490.85400000000004,490.09678714400013,34,124.28,124.28,2.5371000000000006,116.77350000000001,2,8,9,10,4,4,0.19047619047619047,13,0,0.3429444664547515,0,O=C(COc1ncnc2c1cnn2-c1ccccc1)Nc1ccccn1,CC(CCC1CCCC2C(C3CCCCC3)CCC12)CC1CCCCC1,False,"InChI=1S/C21H17ClF2N6O4/c22-14-2-1-3-15(24)18(14)30-19-13(9-28-30)21(27-11-26-19)34-16(10-33-7-6-31)20(32)29-17-5-4-12(23)8-25-17/h1-5,8-9,11,16,31H,6-7,10H2,(H,25,29,32)/t16-/m0/s1",LZYXXAWRBSUKEJ-INIZCTEOSA-N,LZYXXAWRBSUKEJ,1,False,False,False,False,LZYXXAWRBSUKEJ-INIZCTEOSA-N,1,True,18
GKA_0560,gka_candidate,CHEMBL4202919,,COC[C@H](C)Oc1cc(Oc2cc(F)cc(F)c2)cc(C(=O)Nc2nc3c(s2)CN(C(=O)OC(C)(C)C)CC3)c1,,,activity,,P4,6.5–7.0（0.1–0.32 µM）,6.7,False,,CHEMBL4202919,False,,,,,,,,False,True,True,COC[C@H](C)Oc1cc(Oc2cc(F)cc(F)c2)cc(C(=O)Nc2nc3c(s2)CN(C(=O)OC(C)(C)C)CC3)c1,1,False,0,0,False,False,无改动,575.6340000000001,575.190163152,40,99.22000000000001,127.46,6.172800000000007,145.25519999999983,1,8,8,12,4,3,0.39285714285714285,12,0,0.34284131243710575,2,O=C(Nc1nc2c(s1)CNCC2)c1cccc(Oc2ccccc2)c1,CC(CC1CC2CCCCC2C1)C1CCCC(CC2CCCCC2)C1,False,"InChI=1S/C28H31F2N3O6S/c1-16(15-36-5)37-20-8-17(9-21(13-20)38-22-11-18(29)10-19(30)12-22)25(34)32-26-31-23-6-7-33(14-24(23)40-26)27(35)39-28(2,3)4/h8-13,16H,6-7,14-15H2,1-5H3,(H,31,32,34)/t16-/m0/s1",ICGYHTPMQBYUAX-INIZCTEOSA-N,ICGYHTPMQBYUAX,1,False,False,False,False,ICGYHTPMQBYUAX-INIZCTEOSA-N,1,True,6
GKA_0561,gka_candidate,CHEMBL576936,,CS(=O)(=O)c1cccc(F)c1Oc1ccc2ncnc(Nc3cnccn3)c2c1,,,activity,,P4,6.5–7.0（0.1–0.32 µM）,6.7,False,,CHEMBL576936,False,,,,,,,,False,True,True,CS(=O)(=O)c1cccc(F)c1Oc1ccc2ncnc(Nc3cnccn3)c2c1,1,False,0,0,False,False,无改动,411.41800000000006,411.0801385280001,29,106.96000000000001,115.34,3.4983000000000013,104.43650000000002,1,8,5,5,4,4,0.05263157894736842,10,0,0.531750145198311,0,c1ccc(Oc2ccc3ncnc(Nc4cnccn4)c3c2)cc1,C1CCC(CC2CCC3CCCC(CC4CCCCC4)C3C2)CC1,False,"InChI=1S/C19H14FN5O3S/c1-29(26,27)16-4-2-3-14(20)18(16)28-12-5-6-15-13(9-12)19(24-11-23-15)25-17-10-21-7-8-22-17/h2-11H,1H3,(H,22,23,24,25)",IUEBYYLPBPERIC-UHFFFAOYSA-N,IUEBYYLPBPERIC,0,False,False,False,False,IUEBYYLPBPERIC-UHFFFAOYSA-N,1,True,2
GKA_0562,gka_candidate,CHEMBL1783735,,Cc1csc(NC(=O)c2cc(Sc3nccn3C)c(F)cc2N)n1,,,activity,,P4,6.5–7.0（0.1–0.32 µM）,6.695,False,,CHEMBL1783735,False,,,,,,,,False,True,True,Cc1csc(NC(=O)c2cc(Sc3nccn3C)c(F)cc2N)n1,1,False,0,0,False,False,无改动,363.4430000000001,363.06238028800004,24,85.83,139.37,3.309820000000001,92.94760000000002,2,6,4,5,3,3,0.13333333333333333,9,0,0.6947238333834348,0,O=C(Nc1nccs1)c1cccc(Sc2ncc[nH]2)c1,CC(CC1CCCC1)C1CCCC(CC2CCCC2)C1,False,"InChI=1S/C15H14FN5OS2/c1-8-7-23-14(19-8)20-13(22)9-5-12(10(16)6-11(9)17)24-15-18-3-4-21(15)2/h3-7H,17H2,1-2H3,(H,19,20,22)",QRAPPCRWBSQAAM-UHFFFAOYSA-N,QRAPPCRWBSQAAM,0,False,False,False,False,QRAPPCRWBSQAAM-UHFFFAOYSA-N,1,True,4
GKA_0563,gka_candidate,CHEMBL575067,,Cn1ccc(Nc2ncnc3ccc(Oc4ccccc4S(C)(=O)=O)cc23)n1,,,activity,,P4,6.5–7.0（0.1–0.32 µM）,6.69,False,,CHEMBL575067,False,,,,,,,,False,True,True,Cn1ccc(Nc2ncnc3ccc(Oc4ccccc4S(C)(=O)=O)cc23)n1,1,False,0,0,False,False,无改动,395.44400000000013,395.10521040400005,28,98.99999999999999,107.38000000000001,3.3027000000000015,105.65450000000004,1,7,5,5,4,4,0.10526315789473684,9,0,0.5533619243336649,0,c1ccc(Oc2ccc3ncnc(Nc4cc[nH]n4)c3c2)cc1,C1CCC(CC2CCC3CCCC(CC4CCCC4)C3C2)CC1,False,"InChI=1S/C19H17N5O3S/c1-24-10-9-18(23-24)22-19-14-11-13(7-8-15(14)20-12-21-19)27-16-5-3-4-6-17(16)28(2,25)26/h3-12H,1-2H3,(H,20,21,22,23)",HNSNAZPWBJZUIR-UHFFFAOYSA-N,HNSNAZPWBJZUIR,0,False,False,False,False,HNSNAZPWBJZUIR-UHFFFAOYSA-N,1,True,9
GKA_0564,gka_candidate,CHEMBL4453019,,CNC(=O)Nc1cc(Oc2cncc(C)c2)c(CCO)cn1,,,activity,,P4,6.5–7.0（0.1–0.32 µM）,6.685,False,,CHEMBL4453019,False,,,,,,,,False,True,True,CNC(=O)Nc1cc(Oc2cncc(C)c2)c(CCO)cn1,1,False,0,0,False,False,无改动,302.334,302.137890436,22,96.37,96.37,1.8634199999999999,82.15320000000003,3,5,5,7,2,2,0.26666666666666666,7,0,0.7831547386761057,0,c1cncc(Oc2ccncc2)c1,C1CCC(CC2CCCCC2)CC1,False,"InChI=1S/C15H18N4O3/c1-10-5-12(9-17-7-10)22-13-6-14(19-15(21)16-2)18-8-11(13)3-4-20/h5-9,20H,3-4H2,1-2H3,(H2,16,18,19,21)",HQFPTASIEPQWFA-UHFFFAOYSA-N,HQFPTASIEPQWFA,0,False,False,False,False,HQFPTASIEPQWFA-UHFFFAOYSA-N,1,True,5
GKA_0565,gka_candidate,CHEMBL484019,,Cc1csc(NC(=O)c2cc(Oc3ccc(S(C)(=O)=O)cc3)cc(OC(C)C)c2)n1,,,activity,,P4,6.5–7.0（0.1–0.32 µM）,6.685,False,,CHEMBL484019,False,,,,,,,,False,True,True,Cc1csc(NC(=O)c2cc(Oc3ccc(S(C)(=O)=O)cc3)cc(OC(C)C)c2)n1,1,False,0,0,False,False,无改动,446.5500000000002,446.0970138039999,30,94.59,131.20999999999998,4.6868200000000035,116.63600000000002,1,7,7,8,3,3,0.23809523809523808,9,0,0.5659090712389421,0,O=C(Nc1nccs1)c1cccc(Oc2ccccc2)c1,CC(CC1CCCC1)C1CCCC(CC2CCCCC2)C1,False,"InChI=1S/C21H22N2O5S2/c1-13(2)27-17-9-15(20(24)23-21-22-14(3)12-29-21)10-18(11-17)28-16-5-7-19(8-6-16)30(4,25)26/h5-13H,1-4H3,(H,22,23,24)",ZNRKDXPBZXBAKF-UHFFFAOYSA-N,ZNRKDXPBZXBAKF,0,False,False,False,False,ZNRKDXPBZXBAKF-UHFFFAOYSA-N,1,True,26
GKA_0566,gka_candidate,CHEMBL1778364,,CC(C)Oc1cc(Oc2ccccc2)cc(C(=O)Nc2ccc(C(=O)O)cn2)c1,,,activity,,P4,6.5–7.0（0.1–0.32 µM）,6.68,False,,CHEMBL1778364,False,,,,,,,,False,True,True,CC(C)Oc1cc(Oc2ccccc2)cc(C(=O)Nc2ccc(C(=O)O)cn2)c1,1,False,0,0,False,False,无改动,392.4110000000001,392.13722174,29,97.75,97.75,4.611600000000003,107.87150000000004,2,5,7,8,3,3,0.13636363636363635,7,0,0.6092268432717648,0,O=C(Nc1ccccn1)c1cccc(Oc2ccccc2)c1,CC(CC1CCCCC1)C1CCCC(CC2CCCCC2)C1,False,"InChI=1S/C22H20N2O5/c1-14(2)28-18-10-16(11-19(12-18)29-17-6-4-3-5-7-17)21(25)24-20-9-8-15(13-23-20)22(26)27/h3-14H,1-2H3,(H,26,27)(H,23,24,25)",MIIWULADOLVWHB-UHFFFAOYSA-N,MIIWULADOLVWHB,0,True,False,False,False,MIIWULADOLVWHB-UHFFFAOYSA-N,1,True,11
GKA_0567,gka_candidate,CHEMBL3218727,,CCN(CC)C(=O)Cn1cc(-c2cnc(NC(=O)C(CC3CCOCC3)c3ccc(S(=O)(=O)C4CC4)cc3)s2)nn1,,,activity,,P4,6.5–7.0（0.1–0.32 µM）,6.68,False,,CHEMBL3218727,False,,,,,,,,False,True,True,CCN(CC)C(=O)Cn1cc(-c2cnc(NC(=O)C(CC3CCOCC3)c3ccc(S(=O)(=O)C4CC4)cc3)s2)nn1,1,False,0,0,False,False,无改动,600.7670000000003,600.2188602519999,41,136.38,173.0,3.7451000000000034,155.2384999999997,1,9,12,14,5,3,0.5357142857142857,13,0,0.33207304153667844,1,O=C(Nc1ncc(-c2c[nH]nn2)s1)C(CC1CCOCC1)c1ccc(S(=O)(=O)C2CC2)cc1,CC(CC1CCC(C2CCCC2)C1)C(CC1CCCCC1)C1CCC(C(C)(C)C2CC2)CC1,False,"InChI=1S/C28H36N6O5S2/c1-3-33(4-2)26(35)18-34-17-24(31-32-34)25-16-29-28(40-25)30-27(36)23(15-19-11-13-39-14-12-19)20-5-7-21(8-6-20)41(37,38)22-9-10-22/h5-8,16-17,19,22-23H,3-4,9-15,18H2,1-2H3,(H,29,30,36)",CFKLCIKCCQVLAI-UHFFFAOYSA-N,CFKLCIKCCQVLAI,1,False,False,False,False,CFKLCIKCCQVLAI-UHFFFAOYSA-N,1,True,7
GKA_0568,gka_candidate,CHEMBL4203863,,COCCN1CCc2nc(NC(=O)c3cc(Oc4ccc(C(=O)N5CCC5)cc4)cc(O[C@@H](C)COC)c3)sc2C1,,,activity,,P4,6.5–7.0（0.1–0.32 µM）,6.68,False,,CHEMBL4203863,False,,,,,,,,False,True,True,COCCN1CCc2nc(NC(=O)c3cc(Oc4ccc(C(=O)N5CCC5)cc4)cc(O[C@@H](C)COC)c3)sc2C1,1,False,0,0,False,False,无改动,580.7070000000003,580.235555872,41,102.46,130.7,4.451800000000004,156.3686999999997,1,9,12,14,5,3,0.43333333333333335,11,0,0.3353532894179779,1,O=C(Nc1nc2c(s1)CNCC2)c1cccc(Oc2ccc(C(=O)N3CCC3)cc2)c1,CC(CC1CC2CCCCC2C1)C1CCCC(CC2CCC(C(C)C3CCC3)CC2)C1,False,"InChI=1S/C30H36N4O6S/c1-20(19-38-3)39-24-15-22(28(35)32-30-31-26-9-12-33(13-14-37-2)18-27(26)41-30)16-25(17-24)40-23-7-5-21(6-8-23)29(36)34-10-4-11-34/h5-8,15-17,20H,4,9-14,18-19H2,1-3H3,(H,31,32,35)/t20-/m0/s1",YVRPPWPVVSQENN-FQEVSTJZSA-N,YVRPPWPVVSQENN,1,False,True,False,False,YVRPPWPVVSQENN-FQEVSTJZSA-N,1,True,7
GKA_0569,gka_candidate,CHEMBL4214183,,COCC(C)Oc1cc(Oc2ccc(C(=O)N3CCC3)cc2)cc(C(=O)Nc2nc3c(s2)CN(C(=O)OC(C)(C)C)CC3)c1,,,activity,,P4,6.5–7.0（0.1–0.32 µM）,6.68,False,,CHEMBL4214183,False,,,,,,,,False,True,True,COCC(C)Oc1cc(Oc2ccc(C(=O)N3CCC3)cc2)cc(C(=O)Nc2nc3c(s2)CN(C(=O)OC(C)(C)C)CC3)c1,1,False,0,0,False,False,无改动,622.744,622.2461205559999,44,119.53000000000002,147.76999999999998,5.740500000000006,165.85969999999958,1,9,9,14,5,3,0.4375,12,0,0.32097266141931907,2,O=C(Nc1nc2c(s1)CNCC2)c1cccc(Oc2ccc(C(=O)N3CCC3)cc2)c1,CC(CC1CC2CCCCC2C1)C1CCCC(CC2CCC(C(C)C3CCC3)CC2)C1,False,"InChI=1S/C32H38N4O7S/c1-20(19-40-5)41-24-15-22(16-25(17-24)42-23-9-7-21(8-10-23)29(38)35-12-6-13-35)28(37)34-30-33-26-11-14-36(18-27(26)44-30)31(39)43-32(2,3)4/h7-10,15-17,20H,6,11-14,18-19H2,1-5H3,(H,33,34,37)",BFVLCIHOPGYKNE-UHFFFAOYSA-N,BFVLCIHOPGYKNE,1,False,False,False,False,BFVLCIHOPGYKNE-UHFFFAOYSA-N,1,True,7
GKA_0570,gka_candidate,CHEMBL1257742,,O=C(Nc1nccs1)/C(=C/C1CCCC1)c1ccc(Cl)c(Cl)c1,,,activity,,P4,6.5–7.0（0.1–0.32 µM）,6.67,False,,CHEMBL1257742,False,,,,,,,,False,True,True,O=C(Nc1nccs1)/C(=C/C1CCCC1)c1ccc(Cl)c(Cl)c1,1,False,0,0,False,False,无改动,367.30100000000004,366.036039492,23,41.99,70.23,5.662200000000003,97.14070000000002,1,3,4,5,3,2,0.29411764705882354,6,0,0.7084932468226589,1,O=C(Nc1nccs1)/C(=C/C1CCCC1)c1ccccc1,CC(CC1CCCC1)C(CC1CCCC1)C1CCCCC1,False,"InChI=1S/C17H16Cl2N2OS/c18-14-6-5-12(10-15(14)19)13(9-11-3-1-2-4-11)16(22)21-17-20-7-8-23-17/h5-11H,1-4H2,(H,20,21,22)/b13-9+",LPANTTLHGJJATA-UKTHLTGXSA-N,LPANTTLHGJJATA,0,False,False,False,False,LPANTTLHGJJATA-UKTHLTGXSA-N,1,True,8
GKA_0571,gka_candidate,CHEMBL2165616,,Cc1cnc(NC(=O)c2cc(Oc3cnc(C(=O)N(C)C)cn3)c3cc(C)oc3c2)cn1,,,activity,,P4,6.5–7.0（0.1–0.32 µM）,6.67,False,,CHEMBL2165616,False,,,,,,,,False,True,True,Cc1cnc(NC(=O)c2cc(Oc3cnc(C(=O)N(C)C)cn3)c3cc(C)oc3c2)cn1,1,False,0,0,False,False,无改动,432.44000000000017,432.15460312,32,123.34,123.34,3.3760400000000015,115.79670000000002,1,8,5,7,4,4,0.18181818181818182,10,0,0.5090603932790663,0,O=C(Nc1cnccn1)c1cc(Oc2cnccn2)c2ccoc2c1,CC(CC1CCCCC1)C1CC2CCCC2C(CC2CCCCC2)C1,False,"InChI=1S/C22H20N6O4/c1-12-8-25-19(10-23-12)27-21(29)14-6-17-15(5-13(2)31-17)18(7-14)32-20-11-24-16(9-26-20)22(30)28(3)4/h5-11H,1-4H3,(H,25,27,29)",DWVPDUMIGCPRPB-UHFFFAOYSA-N,DWVPDUMIGCPRPB,0,False,False,False,False,DWVPDUMIGCPRPB-UHFFFAOYSA-N,1,True,6
GKA_0572,gka_candidate,CHEMBL2314806,,COC[C@H](C)Oc1cc(CCc2ccc(F)cc2)cc(C(=O)Nc2ccn(C)n2)c1,,,activity,,P4,6.5–7.0（0.1–0.32 µM）,6.67,False,,CHEMBL2314806,False,,,,,,,,False,True,True,COC[C@H](C)Oc1cc(CCc2ccc(F)cc2)cc(C(=O)Nc2ccn(C)n2)c1,1,False,0,0,False,False,无改动,411.4770000000001,411.19581991200005,30,65.38,65.38,4.010400000000002,113.37720000000004,1,4,9,10,3,3,0.30434782608695654,7,0,0.5778435522292833,0,O=C(Nc1cc[nH]n1)c1cccc(CCc2ccccc2)c1,CC(CC1CCCC1)C1CCCC(CCC2CCCCC2)C1,False,"InChI=1S/C23H26FN3O3/c1-16(15-29-3)30-21-13-18(5-4-17-6-8-20(24)9-7-17)12-19(14-21)23(28)25-22-10-11-27(2)26-22/h6-14,16H,4-5,15H2,1-3H3,(H,25,26,28)/t16-/m0/s1",DPICTJISJBPYGJ-INIZCTEOSA-N,DPICTJISJBPYGJ,1,False,False,False,False,DPICTJISJBPYGJ-INIZCTEOSA-N,1,True,6
GKA_0573,gka_candidate,CHEMBL4649181,,FC(F)(F)c1csc(Nc2ncc(Sc3ccncc3)cc2Oc2ccccc2)n1,,,activity,,P4,6.5–7.0（0.1–0.32 µM）,6.67,False,,CHEMBL4649181,False,,,,,,,,False,True,True,FC(F)(F)c1csc(Nc2ncc(Sc3ccncc3)cc2Oc2ccccc2)n1,1,False,0,0,False,False,无改动,446.47900000000016,446.04828769600005,30,59.93000000000001,113.47,6.639000000000004,109.51169999999999,1,7,6,7,4,4,0.05,10,0,0.3583114558578338,1,c1ccc(Oc2cc(Sc3ccncc3)cnc2Nc2nccs2)cc1,C1CCC(CC2CCC(CC3CCCC3)C(CC3CCCCC3)C2)CC1,False,"InChI=1S/C20H13F3N4OS2/c21-20(22,23)17-12-29-19(26-17)27-18-16(28-13-4-2-1-3-5-13)10-15(11-25-18)30-14-6-8-24-9-7-14/h1-12H,(H,25,26,27)",DELIHZQMIGWCMS-UHFFFAOYSA-N,DELIHZQMIGWCMS,0,False,False,False,False,DELIHZQMIGWCMS-UHFFFAOYSA-N,1,True,6
GKA_0574,gka_candidate,CHEMBL552455,,CS(=O)(=O)c1ccc(Oc2cc(OC3CCOC3)cc(C(=O)Nc3nccs3)c2)cc1,,,activity,,P4,6.5–7.0（0.1–0.32 µM）,6.665,False,,CHEMBL552455,False,,,,,,,,False,True,True,CS(=O)(=O)c1ccc(Oc2cc(OC3CCOC3)cc(C(=O)Nc3nccs3)c2)cc1,1,False,0,0,False,False,无改动,460.53300000000013,460.07627836000006,31,103.82000000000001,140.44,3.7589000000000024,115.98700000000002,1,8,7,8,4,3,0.23809523809523808,10,0,0.5724610946642504,0,O=C(Nc1nccs1)c1cc(Oc2ccccc2)cc(OC2CCOC2)c1,CC(CC1CCCC1)C1CC(CC2CCCCC2)CC(CC2CCCC2)C1,False,"InChI=1S/C21H20N2O6S2/c1-31(25,26)19-4-2-15(3-5-19)28-17-10-14(20(24)23-21-22-7-9-30-21)11-18(12-17)29-16-6-8-27-13-16/h2-5,7,9-12,16H,6,8,13H2,1H3,(H,22,23,24)",UQHVRVYGEAIGAH-UHFFFAOYSA-N,UQHVRVYGEAIGAH,1,False,False,False,False,UQHVRVYGEAIGAH-UHFFFAOYSA-N,1,True,1
GKA_0575,gka_candidate,CHEMBL2314805,,COC[C@H](C)Oc1cc(CCc2ccccc2F)cc(C(=O)Nc2ccn(C)n2)c1,,,activity,,P4,6.5–7.0（0.1–0.32 µM）,6.66,False,,CHEMBL2314805,False,,,,,,,,False,True,True,COC[C@H](C)Oc1cc(CCc2ccccc2F)cc(C(=O)Nc2ccn(C)n2)c1,1,False,0,0,False,False,无改动,411.4770000000001,411.19581991200005,30,65.38,65.38,4.010400000000002,113.37720000000004,1,4,9,10,3,3,0.30434782608695654,7,0,0.5778435522292833,0,O=C(Nc1cc[nH]n1)c1cccc(CCc2ccccc2)c1,CC(CC1CCCC1)C1CCCC(CCC2CCCCC2)C1,False,"InChI=1S/C23H26FN3O3/c1-16(15-29-3)30-20-13-17(8-9-18-6-4-5-7-21(18)24)12-19(14-20)23(28)25-22-10-11-27(2)26-22/h4-7,10-14,16H,8-9,15H2,1-3H3,(H,25,26,28)/t16-/m0/s1",AJKXOMWNNCXGFY-INIZCTEOSA-N,AJKXOMWNNCXGFY,1,False,False,False,False,AJKXOMWNNCXGFY-INIZCTEOSA-N,1,True,6
GKA_0576,gka_candidate,CHEMBL3218732,,O=C(Nc1ncc(-c2cn(CCO)nn2)s1)[C@H](CC1CCOCC1)c1ccc(S(=O)(=O)C2CC2)cc1,,,activity,,P4,6.5–7.0（0.1–0.32 µM）,6.66,False,,CHEMBL3218732,False,,,,,,,,False,True,True,O=C(Nc1ncc(-c2cn(CCO)nn2)s1)[C@H](CC1CCOCC1)c1ccc(S(=O)(=O)C2CC2)cc1,1,False,0,0,False,False,无改动,531.6600000000004,531.161011028,36,136.3,172.92,2.8690000000000007,134.39629999999994,2,9,10,11,5,3,0.5,12,0,0.4075818445391378,1,O=C(Nc1ncc(-c2c[nH]nn2)s1)[C@H](CC1CCOCC1)c1ccc(S(=O)(=O)C2CC2)cc1,CC(CC1CCC(C2CCCC2)C1)C(CC1CCCCC1)C1CCC(C(C)(C)C2CC2)CC1,False,"InChI=1S/C24H29N5O5S2/c30-10-9-29-15-21(27-28-29)22-14-25-24(35-22)26-23(31)20(13-16-7-11-34-12-8-16)17-1-3-18(4-2-17)36(32,33)19-5-6-19/h1-4,14-16,19-20,30H,5-13H2,(H,25,26,31)/t20-/m1/s1",CGDJOWCIDUPLCY-HXUWFJFHSA-N,CGDJOWCIDUPLCY,1,False,False,False,False,CGDJOWCIDUPLCY-HXUWFJFHSA-N,1,True,1
GKA_0577,gka_candidate,CHEMBL3338158,,CNC(=O)Nc1ncc(SC2CCN(S(C)(=O)=O)CC2)cc1Oc1cccnc1C,,,activity,,P4,6.5–7.0（0.1–0.32 µM）,6.66,False,,CHEMBL3338158,False,,,,,,,,False,True,True,CNC(=O)Nc1ncc(SC2CCN(S(C)(=O)=O)CC2)cc1Oc1cccnc1C,1,False,0,0,False,False,无改动,451.57400000000024,451.13479628,30,113.52000000000001,147.2,2.8447200000000006,116.65920000000003,2,7,6,8,3,2,0.42105263157894735,11,0,0.694114728569016,0,c1cncc(Oc2cncc(SC3CCNCC3)c2)c1,C1CCC(CC2CCCC(CC3CCCCC3)C2)CC1,False,"InChI=1S/C19H25N5O4S2/c1-13-16(5-4-8-21-13)28-17-11-15(12-22-18(17)23-19(25)20-2)29-14-6-9-24(10-7-14)30(3,26)27/h4-5,8,11-12,14H,6-7,9-10H2,1-3H3,(H2,20,22,23,25)",QEBDWFSFDGBWIT-UHFFFAOYSA-N,QEBDWFSFDGBWIT,0,False,False,True,False,QEBDWFSFDGBWIT-UHFFFAOYSA-N,1,True,3
GKA_0578,gka_candidate,CHEMBL4590983,,CNC(=O)Nc1cc(Oc2cncc(C)c2)c([C@H]2C[C@](C)(O)C2)cn1,,,activity,,P4,6.5–7.0（0.1–0.32 µM）,6.66,False,,CHEMBL4590983,False,,,,,,,,False,True,True,CNC(=O)Nc1cc(Oc2cncc(C)c2)c([C@H]2C[C@](C)(O)C2)cn1,1,False,0,0,False,False,无改动,342.3990000000001,342.16919056399996,25,96.37,96.37,2.957020000000001,93.96220000000002,3,5,4,6,3,2,0.3888888888888889,7,0,0.7936674797554348,0,c1cncc(Oc2ccncc2C2CCC2)c1,C1CCC(CC2CCCCC2C2CCC2)CC1,False,"InChI=1S/C18H22N4O3/c1-11-4-13(9-20-8-11)25-15-5-16(22-17(23)19-3)21-10-14(15)12-6-18(2,24)7-12/h4-5,8-10,12,24H,6-7H2,1-3H3,(H2,19,21,22,23)/t12-,18-",KOVZHJDLYJLAAG-KSMLVUNXSA-N,KOVZHJDLYJLAAG,2,False,False,False,False,KOVZHJDLYJLAAG-KSMLVUNXSA-N,1,True,5
GKA_0579,gka_candidate,CHEMBL4632835,,Cc1cnc(NC(=O)/C(=N/N2CCCC2)c2ccc(S(=O)(=O)C3CC3)cc2)s1,,,activity,,P4,6.5–7.0（0.1–0.32 µM）,6.66,False,,CHEMBL4632835,False,,,,,,,,False,True,True,Cc1cnc(NC(=O)/C(=N/N2CCCC2)c2ccc(S(=O)(=O)C3CC3)cc2)s1,1,False,0,0,False,False,无改动,418.5440000000001,418.1133325639999,28,91.72999999999999,128.35,2.826220000000001,109.47450000000003,1,7,6,7,4,2,0.42105263157894735,9,0,0.7285538354596414,0,O=C(Nc1nccs1)/C(=N/N1CCCC1)c1ccc(S(=O)(=O)C2CC2)cc1,CC(CC1CCCC1)C(CC1CCCC1)C1CCC(C(C)(C)C2CC2)CC1,False,"InChI=1S/C19H22N4O3S2/c1-13-12-20-19(27-13)21-18(24)17(22-23-10-2-3-11-23)14-4-6-15(7-5-14)28(25,26)16-8-9-16/h4-7,12,16H,2-3,8-11H2,1H3,(H,20,21,24)/b22-17+",RXPURHNVRDSZSP-OQKWZONESA-N,RXPURHNVRDSZSP,0,False,False,False,False,RXPURHNVRDSZSP-OQKWZONESA-N,1,True,3
GKA_0580,gka_candidate,CHEMBL474549,,COc1ccccc1Oc1ccc(N)c(C(=O)Nc2nc(C)cs2)c1,,,activity,,P4,6.5–7.0（0.1–0.32 µM）,6.655,False,,CHEMBL474549,False,,,,,,,,False,True,True,COc1ccccc1Oc1ccc(N)c(C(=O)Nc2nc(C)cs2)c1,1,False,0,0,False,False,无改动,355.41900000000004,355.09906240400005,25,86.47,114.71,4.086920000000002,98.7266,2,6,5,6,3,3,0.1111111111111111,7,0,0.6733608865914282,0,O=C(Nc1nccs1)c1cccc(Oc2ccccc2)c1,CC(CC1CCCC1)C1CCCC(CC2CCCCC2)C1,False,"InChI=1S/C18H17N3O3S/c1-11-10-25-18(20-11)21-17(22)13-9-12(7-8-14(13)19)24-16-6-4-3-5-15(16)23-2/h3-10H,19H2,1-2H3,(H,20,21,22)",SNFSLWVREUYDEZ-UHFFFAOYSA-N,SNFSLWVREUYDEZ,0,False,False,False,False,SNFSLWVREUYDEZ-UHFFFAOYSA-N,1,True,26
GKA_0581,gka_candidate,CHEMBL491121,,Cn1cnnc1Sc1ccc(N)c(C(=O)Nc2nccs2)c1,,,activity,,P4,6.5–7.0（0.1–0.32 µM）,6.655,False,,CHEMBL491121,False,,,,,,,,False,True,True,Cn1cnnc1Sc1ccc(N)c(C(=O)Nc2nccs2)c1,1,False,0,0,False,False,无改动,332.414,332.051401004,22,98.72000000000001,152.26,2.2573,86.0476,2,7,4,5,3,3,0.07692307692307693,9,0,0.7110939233552523,0,O=C(Nc1nccs1)c1cccc(Sc2nnc[nH]2)c1,CC(CC1CCCC1)C1CCCC(CC2CCCC2)C1,False,"InChI=1S/C13H12N6OS2/c1-19-7-16-18-13(19)22-8-2-3-10(14)9(6-8)11(20)17-12-15-4-5-21-12/h2-7H,14H2,1H3,(H,15,17,20)",SGEAXPZPLDIFIY-UHFFFAOYSA-N,SGEAXPZPLDIFIY,0,False,False,False,False,SGEAXPZPLDIFIY-UHFFFAOYSA-N,1,True,6
GKA_0582,gka_candidate,CHEMBL573963,,Cc1cccc(S(C)(=O)=O)c1Oc1ccc2ncnc(Nc3ccn(C)n3)c2c1,,,activity,,P4,6.5–7.0（0.1–0.32 µM）,6.655,False,,CHEMBL573963,False,,,,,,,,False,True,True,Cc1cccc(S(C)(=O)=O)c1Oc1ccc2ncnc(Nc3ccn(C)n3)c2c1,1,False,0,0,False,False,无改动,409.4710000000001,409.1208604680001,29,99.00000000000001,107.38000000000001,3.6111200000000014,110.39150000000002,1,7,5,5,4,4,0.15,9,0,0.5374206070426146,0,c1ccc(Oc2ccc3ncnc(Nc4cc[nH]n4)c3c2)cc1,C1CCC(CC2CCC3CCCC(CC4CCCC4)C3C2)CC1,False,"InChI=1S/C20H19N5O3S/c1-13-5-4-6-17(29(3,26)27)19(13)28-14-7-8-16-15(11-14)20(22-12-21-16)23-18-9-10-25(2)24-18/h4-12H,1-3H3,(H,21,22,23,24)",VEWHRCPJODSYHU-UHFFFAOYSA-N,VEWHRCPJODSYHU,0,False,False,False,False,VEWHRCPJODSYHU-UHFFFAOYSA-N,1,True,9
GKA_0583,gka_candidate,CHEMBL1783738,,Cc1ccc(NC(=O)[C@H](CC2CCCC2)n2ccc(S(=O)(=O)C(C)C)cc2=O)nc1,,,activity,,P4,6.5–7.0（0.1–0.32 µM）,6.64,False,,CHEMBL1783738,False,,,,,,,,False,True,True,Cc1ccc(NC(=O)[C@H](CC2CCCC2)n2ccc(S(=O)(=O)C(C)C)cc2=O)nc1,1,False,0,0,False,False,无改动,431.55800000000016,431.18787740799996,30,98.13000000000001,106.51,3.493920000000003,116.23950000000006,1,5,7,8,3,2,0.5,8,0,0.7235198814760856,0,O=C(Nc1ccccn1)[C@H](CC1CCCC1)n1ccccc1=O,CC1CCCCC1C(CC1CCCC1)C(C)CC1CCCCC1,False,"InChI=1S/C22H29N3O4S/c1-15(2)30(28,29)18-10-11-25(21(26)13-18)19(12-17-6-4-5-7-17)22(27)24-20-9-8-16(3)14-23-20/h8-11,13-15,17,19H,4-7,12H2,1-3H3,(H,23,24,27)/t19-/m0/s1",XUWRROPUMUCUIS-IBGZPJMESA-N,XUWRROPUMUCUIS,1,False,False,False,False,XUWRROPUMUCUIS-IBGZPJMESA-N,1,True,11
GKA_0584,gka_candidate,CHEMBL2408121,,CCC(CC)Oc1cc(Oc2cnc(C(=O)N(C)C)nc2)cc(-c2nccc(=O)[nH]2)c1,,,activity,,P4,6.5–7.0（0.1–0.32 µM）,6.64,False,,CHEMBL2408121,False,,,,,,,,False,True,True,CCC(CC)Oc1cc(Oc2cnc(C(=O)N(C)C)nc2)cc(-c2nccc(=O)[nH]2)c1,1,False,0,0,False,False,无改动,423.4730000000001,423.19065428000005,31,110.30000000000001,110.30000000000001,3.288400000000001,115.41520000000004,1,7,8,9,3,3,0.3181818181818182,9,0,0.5917917686468267,0,O=c1ccnc(-c2cccc(Oc3cncnc3)c2)[nH]1,CC1CCCC(C2CCCC(CC3CCCCC3)C2)C1,False,"InChI=1S/C22H25N5O4/c1-5-15(6-2)30-16-9-14(20-23-8-7-19(28)26-20)10-17(11-16)31-18-12-24-21(25-13-18)22(29)27(3)4/h7-13,15H,5-6H2,1-4H3,(H,23,26,28)",RVMHIOILQHBZBP-UHFFFAOYSA-N,RVMHIOILQHBZBP,0,False,False,False,False,RVMHIOILQHBZBP-UHFFFAOYSA-N,1,True,4
GKA_0585,gka_candidate,CHEMBL3983552,,Cc1ccc(Oc2cnc(NC(=O)C(OC3CCOCC3)c3ccc(S(=O)(=O)C4CC4)cc3)s2)cc1C(=O)O,,,activity,,P4,6.5–7.0（0.1–0.32 µM）,6.64,False,,CHEMBL3983552,False,,,,,,,,False,True,True,Cc1ccc(Oc2cnc(NC(=O)C(OC3CCOCC3)c3ccc(S(=O)(=O)C4CC4)cc3)s2)cc1C(=O)O,1,False,0,0,False,False,无改动,572.6610000000004,572.128707856,39,141.11999999999998,177.73999999999998,4.7535200000000035,143.27279999999988,2,9,10,11,5,3,0.37037037037037035,12,0,0.35186970695838254,1,O=C(Nc1ncc(Oc2ccccc2)s1)C(OC1CCOCC1)c1ccc(S(=O)(=O)C2CC2)cc1,CC(CC1CCC(CC2CCCCC2)C1)C(CC1CCCCC1)C1CCC(C(C)(C)C2CC2)CC1,False,"InChI=1S/C27H28N2O8S2/c1-16-2-5-19(14-22(16)26(31)32)36-23-15-28-27(38-23)29-25(30)24(37-18-10-12-35-13-11-18)17-3-6-20(7-4-17)39(33,34)21-8-9-21/h2-7,14-15,18,21,24H,8-13H2,1H3,(H,31,32)(H,28,29,30)",FPGQCZFZEUYEMS-UHFFFAOYSA-N,FPGQCZFZEUYEMS,1,True,False,False,False,FPGQCZFZEUYEMS-UHFFFAOYSA-N,1,True,11
GKA_0586,gka_candidate,CHEMBL4207270,,CCOC(=O)N1CCc2nc(NC(=O)c3cc(Oc4ccc(C(=O)N5CCC5)cc4)cc(O[C@@H](C)COC)c3)sc2C1,,,activity,,P4,6.5–7.0（0.1–0.32 µM）,6.64,False,,CHEMBL4207270,False,,,,,,,,False,True,True,CCOC(=O)N1CCc2nc(NC(=O)c3cc(Oc4ccc(C(=O)N5CCC5)cc4)cc(O[C@@H](C)COC)c3)sc2C1,1,False,0,0,False,False,无改动,594.6900000000003,594.214820428,42,119.53000000000002,147.77,4.961900000000005,156.64769999999967,1,9,10,14,5,3,0.4,12,0,0.3498603811209858,1,O=C(Nc1nc2c(s1)CNCC2)c1cccc(Oc2ccc(C(=O)N3CCC3)cc2)c1,CC(CC1CC2CCCCC2C1)C1CCCC(CC2CCC(C(C)C3CCC3)CC2)C1,False,"InChI=1S/C30H34N4O7S/c1-4-39-30(37)34-13-10-25-26(17-34)42-29(31-25)32-27(35)21-14-23(40-19(2)18-38-3)16-24(15-21)41-22-8-6-20(7-9-22)28(36)33-11-5-12-33/h6-9,14-16,19H,4-5,10-13,17-18H2,1-3H3,(H,31,32,35)/t19-/m0/s1",VBAKJOSCGIWNTC-IBGZPJMESA-N,VBAKJOSCGIWNTC,1,False,False,False,False,VBAKJOSCGIWNTC-IBGZPJMESA-N,1,True,7
GKA_0587,gka_candidate,CHEMBL606041,,CCN(Cc1cc2[nH]c(-c3ccccn3)nc2cc1Oc1ccc(S(=O)(=O)CC)cc1)C(C)=O,,,activity,,P4,6.5–7.0（0.1–0.32 µM）,6.63,False,,CHEMBL606041,False,,,,,,,,False,True,True,CCN(Cc1cc2[nH]c(-c3ccccn3)nc2cc1Oc1ccc(S(=O)(=O)CC)cc1)C(C)=O,1,False,0,0,False,False,无改动,478.5740000000003,478.16747631199996,34,105.25,113.63,4.579200000000004,130.3325,1,6,8,9,4,4,0.24,9,0,0.3974253358923145,0,c1ccc(Oc2ccc3[nH]c(-c4ccccn4)nc3c2)cc1,C1CCC(CC2CCC3CC(C4CCCCC4)CC3C2)CC1,False,"InChI=1S/C25H26N4O4S/c1-4-29(17(3)30)16-18-14-22-23(28-25(27-22)21-8-6-7-13-26-21)15-24(18)33-19-9-11-20(12-10-19)34(31,32)5-2/h6-15H,4-5,16H2,1-3H3,(H,27,28)",KTHKNAAVLHKTSD-UHFFFAOYSA-N,KTHKNAAVLHKTSD,0,False,False,False,False,KTHKNAAVLHKTSD-UHFFFAOYSA-N,1,True,4
GKA_0588,gka_candidate,CHEMBL3338076,,CNC(=O)Nc1ncc(SCCCOC)cc1Oc1cccnc1C,,,activity,,P4,6.5–7.0（0.1–0.32 µM）,6.625,False,,CHEMBL3338076,False,,,,,,,,False,True,True,CNC(=O)Nc1ncc(SCCCOC)cc1Oc1cccnc1C,1,False,0,0,False,False,无改动,362.45500000000004,362.14126156400005,25,85.37,110.67000000000002,3.457220000000002,98.58040000000005,2,6,8,10,2,2,0.35294117647058826,8,0,0.5524904731475365,0,c1cncc(Oc2cccnc2)c1,C1CCC(CC2CCCCC2)CC1,False,"InChI=1S/C17H22N4O3S/c1-12-14(6-4-7-19-12)24-15-10-13(25-9-5-8-23-3)11-20-16(15)21-17(22)18-2/h4,6-7,10-11H,5,8-9H2,1-3H3,(H2,18,20,21,22)",DEEDZFNFVOWYCU-UHFFFAOYSA-N,DEEDZFNFVOWYCU,0,False,False,False,False,DEEDZFNFVOWYCU-UHFFFAOYSA-N,1,True,8
GKA_0589,gka_candidate,CHEMBL4528120,,CNC(=O)Nc1cc(Oc2c(F)cccc2F)c(-c2ccc(OCCO)nc2)cn1,,,activity,,P4,6.5–7.0（0.1–0.32 µM）,6.625,False,,CHEMBL4528120,False,,,,,,,,False,True,True,CNC(=O)Nc1cc(Oc2c(F)cccc2F)c(-c2ccc(OCCO)nc2)cn1,1,False,0,0,False,False,无改动,416.3840000000001,416.129611496,30,105.60000000000001,105.60000000000001,3.336500000000002,104.5592,3,6,7,9,3,3,0.15,10,0,0.5456579024698577,0,c1ccc(Oc2ccncc2-c2cccnc2)cc1,C1CCC(CC2CCCCC2C2CCCCC2)CC1,False,"InChI=1S/C20H18F2N4O4/c1-23-20(28)26-17-9-16(30-19-14(21)3-2-4-15(19)22)13(11-24-17)12-5-6-18(25-10-12)29-8-7-27/h2-6,9-11,27H,7-8H2,1H3,(H2,23,24,26,28)",MLBLDXFEOCEMSR-UHFFFAOYSA-N,MLBLDXFEOCEMSR,0,False,False,False,False,MLBLDXFEOCEMSR-UHFFFAOYSA-N,1,True,3
GKA_0590,gka_candidate,CHEMBL1783747,,Cc1ccc(NC(=O)[C@H](CC2CCCCC2)n2ccc(S(=O)(=O)C(C)C)cc2=O)nc1,,,activity,,P4,6.5–7.0（0.1–0.32 µM）,6.62,False,,CHEMBL1783747,False,,,,,,,,False,True,True,Cc1ccc(NC(=O)[C@H](CC2CCCCC2)n2ccc(S(=O)(=O)C(C)C)cc2=O)nc1,1,False,0,0,False,False,无改动,445.58500000000015,445.20352747199996,31,98.13000000000001,106.51,3.884020000000003,120.85650000000005,1,5,7,8,3,2,0.5217391304347826,8,0,0.6972630386217583,0,O=C(Nc1ccccn1)[C@H](CC1CCCCC1)n1ccccc1=O,CC1CCCCC1C(CC1CCCCC1)C(C)CC1CCCCC1,False,"InChI=1S/C23H31N3O4S/c1-16(2)31(29,30)19-11-12-26(22(27)14-19)20(13-18-7-5-4-6-8-18)23(28)25-21-10-9-17(3)15-24-21/h9-12,14-16,18,20H,4-8,13H2,1-3H3,(H,24,25,28)/t20-/m0/s1",CMVJPDGJFABMKS-FQEVSTJZSA-N,CMVJPDGJFABMKS,1,False,False,False,False,CMVJPDGJFABMKS-FQEVSTJZSA-N,1,True,2
GKA_0591,gka_candidate,CHEMBL2023435,,CC(C)=CCOc1cc(Oc2ccc(S(=O)(=O)N3CC4CCC(C3)O4)cc2)cc(C(=O)Nc2ccn(C)n2)c1,,,activity,,P4,6.5–7.0（0.1–0.32 µM）,6.62,False,,CHEMBL2023435,False,,,,,,,,False,True,True,CC(C)=CCOc1cc(Oc2ccc(S(=O)(=O)N3CC4CCC(C3)O4)cc2)cc(C(=O)Nc2ccn(C)n2)c1,1,False,0,0,False,False,无改动,552.6530000000002,552.204255744,39,111.99000000000002,120.37000000000002,4.361600000000004,145.69899999999984,1,7,9,10,5,3,0.35714285714285715,11,0,0.39268321849768123,1,O=C(Nc1cc[nH]n1)c1cccc(Oc2ccc(S(=O)(=O)N3CC4CCC(C3)O4)cc2)c1,CC(CC1CCCC1)C1CCCC(CC2CCC(C(C)(C)C3CC4CCC(C4)C3)CC2)C1,False,"InChI=1S/C28H32N4O6S/c1-19(2)11-13-36-24-14-20(28(33)29-27-10-12-31(3)30-27)15-25(16-24)37-21-6-8-26(9-7-21)39(34,35)32-17-22-4-5-23(18-32)38-22/h6-12,14-16,22-23H,4-5,13,17-18H2,1-3H3,(H,29,30,33)",MOGIBPAWZYJFHG-UHFFFAOYSA-N,MOGIBPAWZYJFHG,2,False,False,True,False,MOGIBPAWZYJFHG-UHFFFAOYSA-N,1,True,2
GKA_0592,gka_candidate,CHEMBL2314795,,COC[C@H](C)Oc1cc(/C=C/c2cccc([N+](=O)[O-])c2)cc(C(=O)Nc2ccn(C)n2)c1,,,activity,,P4,6.5–7.0（0.1–0.32 µM）,6.62,False,,CHEMBL2314795,False,,,,,,,,False,True,True,COC[C@H](C)Oc1cc(/C=C/c2cccc([N+](=O)[O-])c2)cc(C(=O)Nc2ccn(C)n2)c1,1,False,0,0,False,False,无改动,436.4680000000002,436.174669868,32,108.52,108.52,4.1647000000000025,121.59360000000004,1,6,9,10,3,3,0.21739130434782608,9,0,0.3064276812607045,0,O=C(Nc1cc[nH]n1)c1cccc(/C=C/c2ccccc2)c1,CC(CC1CCCC1)C1CCCC(CCC2CCCCC2)C1,False,"InChI=1S/C23H24N4O5/c1-16(15-31-3)32-21-13-18(8-7-17-5-4-6-20(12-17)27(29)30)11-19(14-21)23(28)24-22-9-10-26(2)25-22/h4-14,16H,15H2,1-3H3,(H,24,25,28)/b8-7+/t16-/m0/s1",FFEVPPCSFASWEH-WAVCKPEOSA-N,FFEVPPCSFASWEH,1,False,False,False,False,FFEVPPCSFASWEH-WAVCKPEOSA-N,1,True,10
GKA_0593,gka_candidate,CHEMBL3235146,,Cc1cccnc1-c1cc(Oc2ccc(S(C)(=O)=O)cc2)cc(C(=O)Nc2ncc(F)s2)c1,,,activity,,P4,6.5–7.0（0.1–0.32 µM）,6.62,False,,CHEMBL3235146,False,,,,,,,,False,True,True,Cc1cccnc1-c1cc(Oc2ccc(S(C)(=O)=O)cc2)cc(C(=O)Nc2ncc(F)s2)c1,1,False,0,0,False,False,无改动,483.54600000000016,483.07227627599997,33,98.25,134.87,5.100720000000003,124.06100000000006,1,7,6,7,4,4,0.08695652173913043,10,0,0.40970463357643133,1,O=C(Nc1nccs1)c1cc(Oc2ccccc2)cc(-c2ccccn2)c1,CC(CC1CCCC1)C1CC(CC2CCCCC2)CC(C2CCCCC2)C1,False,"InChI=1S/C23H18FN3O4S2/c1-14-4-3-9-25-21(14)15-10-16(22(28)27-23-26-13-20(24)32-23)12-18(11-15)31-17-5-7-19(8-6-17)33(2,29)30/h3-13H,1-2H3,(H,26,27,28)",YKAPCJRKYCEQAQ-UHFFFAOYSA-N,YKAPCJRKYCEQAQ,0,False,False,False,False,YKAPCJRKYCEQAQ-UHFFFAOYSA-N,1,True,7
GKA_0594,gka_candidate,CHEMBL489514,,Cc1csc(NC(=O)c2cc(Sc3nncn3C)ccc2N)n1,,,activity,,P4,6.5–7.0（0.1–0.32 µM）,6.615,False,,CHEMBL489514,False,,,,,,,,False,True,True,Cc1csc(NC(=O)c2cc(Sc3nncn3C)ccc2N)n1,1,False,0,0,False,False,无改动,346.4410000000001,346.067051068,23,98.72,152.26,2.565719999999999,90.78460000000001,2,7,4,5,3,3,0.14285714285714285,9,0,0.7045448686240345,0,O=C(Nc1nccs1)c1cccc(Sc2nnc[nH]2)c1,CC(CC1CCCC1)C1CCCC(CC2CCCC2)C1,False,"InChI=1S/C14H14N6OS2/c1-8-6-22-13(17-8)18-12(21)10-5-9(3-4-11(10)15)23-14-19-16-7-20(14)2/h3-7H,15H2,1-2H3,(H,17,18,21)",JEBOJMQHVUEKBE-UHFFFAOYSA-N,JEBOJMQHVUEKBE,0,False,False,False,False,JEBOJMQHVUEKBE-UHFFFAOYSA-N,1,True,6
GKA_0595,gka_candidate,CHEMBL2346876,,Cc1ccc(S(=O)(=O)N2CCN([C@@H](CC3CCCCC3)C(=O)Nc3nccs3)C(=O)C2)c(F)c1,,,activity,,P4,6.5–7.0（0.1–0.32 µM）,6.6,False,,CHEMBL2346876,False,,,,,,,,False,True,True,Cc1ccc(S(=O)(=O)N2CCN([C@@H](CC3CCCCC3)C(=O)Nc3nccs3)C(=O)C2)c(F)c1,1,False,0,0,False,False,无改动,508.64100000000025,508.161425628,34,99.68,136.3,3.401220000000002,127.33250000000005,1,6,7,8,4,2,0.5217391304347826,11,0,0.6180359496416362,1,O=C(Nc1nccs1)[C@H](CC1CCCCC1)N1CCN(S(=O)(=O)c2ccccc2)CC1=O,CC1CC(C(C)(C)C2CCCCC2)CCC1C(CC1CCCCC1)C(C)CC1CCCC1,False,"InChI=1S/C23H29FN4O4S2/c1-16-7-8-20(18(24)13-16)34(31,32)27-10-11-28(21(29)15-27)19(14-17-5-3-2-4-6-17)22(30)26-23-25-9-12-33-23/h7-9,12-13,17,19H,2-6,10-11,14-15H2,1H3,(H,25,26,30)/t19-/m0/s1",MJTSDOZZWDUAHG-IBGZPJMESA-N,MJTSDOZZWDUAHG,1,False,False,True,False,MJTSDOZZWDUAHG-IBGZPJMESA-N,1,True,4
GKA_0596,gka_candidate,CHEMBL3221485,,CCOC[C@H](Oc1ncnc2c1cnn2-c1ncccc1Cl)C(=O)Nc1ccc(C)cn1,,,activity,,P4,6.5–7.0（0.1–0.32 µM）,6.6,False,,CHEMBL3221485,False,,,,,,,,False,True,True,CCOC[C@H](Oc1ncnc2c1cnn2-c1ncccc1Cl)C(=O)Nc1ccc(C)cn1,1,False,0,0,False,False,无改动,453.89000000000016,453.13161518000004,32,116.94000000000001,116.94000000000001,2.9899200000000015,117.97770000000001,1,8,8,9,4,4,0.23809523809523808,11,0,0.43237624782530276,0,O=C(COc1ncnc2c1cnn2-c1ccccn1)Nc1ccccn1,CC(CCC1CCCC2C(C3CCCCC3)CCC12)CC1CCCCC1,False,"InChI=1S/C21H20ClN7O3/c1-3-31-11-16(20(30)28-17-7-6-13(2)9-24-17)32-21-14-10-27-29(18(14)25-12-26-21)19-15(22)5-4-8-23-19/h4-10,12,16H,3,11H2,1-2H3,(H,24,28,30)/t16-/m0/s1",WTGDOBVQFDJVDE-INIZCTEOSA-N,WTGDOBVQFDJVDE,1,False,False,False,False,WTGDOBVQFDJVDE-INIZCTEOSA-N,1,True,16
GKA_0597,gka_candidate,CHEMBL3221522,,N#Cc1ccc(NC(=O)[C@H](CN2CC(O)C2)Oc2ncnc3c2cnn3-c2c(Cl)cccc2Cl)nc1,,,activity,,P4,6.5–7.0（0.1–0.32 µM）,6.6,False,,CHEMBL3221522,False,,,,,,,,False,True,True,N#Cc1ccc(NC(=O)[C@H](CN2CC(O)C2)Oc2ncnc3c2cnn3-c2c(Cl)cccc2Cl)nc1,1,False,0,0,False,False,无改动,525.3560000000001,524.0878917960001,36,142.07999999999998,142.07999999999998,2.45158,131.12449999999995,2,9,7,8,5,4,0.21739130434782608,13,0,0.3721169368131362,1,O=C(Nc1ccccn1)[C@H](CN1CCC1)Oc1ncnc2c1cnn2-c1ccccc1,CC(CC1CCCCC1)C(CC1CCC1)CC1CCCC2C(C3CCCCC3)CCC12,False,"InChI=1S/C23H18Cl2N8O3/c24-16-2-1-3-17(25)20(16)33-21-15(8-30-33)23(29-12-28-21)36-18(11-32-9-14(34)10-32)22(35)31-19-5-4-13(6-26)7-27-19/h1-5,7-8,12,14,18,34H,9-11H2,(H,27,31,35)/t18-/m0/s1",KWDNLKOOOJDQNA-SFHVURJKSA-N,KWDNLKOOOJDQNA,1,False,True,False,False,KWDNLKOOOJDQNA-SFHVURJKSA-N,1,True,10
GKA_0598,gka_candidate,CHEMBL551043,,Cc1csc(NC(=O)c2nc(Sc3nncn3C)ccc2Sc2ccc(F)cc2)n1,,,activity,,P4,6.5–7.0（0.1–0.32 µM）,6.6,False,,CHEMBL551043,False,,,,,,,,False,True,True,Cc1csc(NC(=O)c2nc(Sc3nncn3C)ccc2Sc2ccc(F)cc2)n1,1,False,0,0,False,False,无改动,458.56900000000013,458.04535032,30,85.59000000000002,164.43,4.668820000000003,114.6902,1,8,6,7,4,4,0.10526315789473684,11,0,0.4493517689935242,0,O=C(Nc1nccs1)c1nc(Sc2nnc[nH]2)ccc1Sc1ccccc1,CC(CC1CCCC1)C1CC(CC2CCCC2)CCC1CC1CCCCC1,False,"InChI=1S/C19H15FN6OS3/c1-11-9-28-18(22-11)24-17(27)16-14(29-13-5-3-12(20)4-6-13)7-8-15(23-16)30-19-25-21-10-26(19)2/h3-10H,1-2H3,(H,22,24,27)",SJTQKYKXCYVFHX-UHFFFAOYSA-N,SJTQKYKXCYVFHX,0,False,False,False,False,SJTQKYKXCYVFHX-UHFFFAOYSA-N,1,True,11
GKA_0599,gka_candidate,CHEMBL3218499,,CCc1cnc(NC(=O)c2cc(Oc3cnc(C(=O)N(C)C)cn3)c3cc(C)oc3c2)cn1,,,activity,,P4,6.5–7.0（0.1–0.32 µM）,6.59,False,,CHEMBL3218499,False,,,,,,,,False,True,True,CCc1cnc(NC(=O)c2cc(Oc3cnc(C(=O)N(C)C)cn3)c3cc(C)oc3c2)cn1,1,False,0,0,False,False,无改动,446.46700000000016,446.17025318400005,33,123.34,123.34,3.6300200000000027,120.43770000000002,1,8,6,8,4,4,0.21739130434782608,10,0,0.4762079418127218,0,O=C(Nc1cnccn1)c1cc(Oc2cnccn2)c2ccoc2c1,CC(CC1CCCCC1)C1CC2CCCC2C(CC2CCCCC2)C1,False,"InChI=1S/C23H22N6O4/c1-5-15-9-26-20(11-24-15)28-22(30)14-7-18-16(6-13(2)32-18)19(8-14)33-21-12-25-17(10-27-21)23(31)29(3)4/h6-12H,5H2,1-4H3,(H,26,28,30)",DLXNOYHYKYLEBW-UHFFFAOYSA-N,DLXNOYHYKYLEBW,0,False,False,False,False,DLXNOYHYKYLEBW-UHFFFAOYSA-N,1,True,6
GKA_0600,gka_candidate,CHEMBL491329,,Cc1csc(NC(=O)c2cc(Oc3ccccc3S(C)(=O)=O)ccc2N)n1,,,activity,,P4,6.5–7.0（0.1–0.32 µM）,6.59,False,,CHEMBL491329,False,,,,,,,,False,True,True,Cc1csc(NC(=O)c2cc(Oc3ccccc3S(C)(=O)=O)ccc2N)n1,1,False,0,0,False,False,无改动,403.4850000000002,403.066048024,27,111.38,148.0,3.4818200000000017,105.28440000000002,2,7,5,6,3,3,0.1111111111111111,9,0,0.6309953814429525,0,O=C(Nc1nccs1)c1cccc(Oc2ccccc2)c1,CC(CC1CCCC1)C1CCCC(CC2CCCCC2)C1,False,"InChI=1S/C18H17N3O4S2/c1-11-10-26-18(20-11)21-17(22)13-9-12(7-8-14(13)19)25-15-5-3-4-6-16(15)27(2,23)24/h3-10H,19H2,1-2H3,(H,20,21,22)",MRQNAGCTLKOZNY-UHFFFAOYSA-N,MRQNAGCTLKOZNY,0,False,False,False,False,MRQNAGCTLKOZNY-UHFFFAOYSA-N,1,True,26
GKA_0601,gka_candidate,CHEMBL1783743,,Cc1ccc(NC(=O)[C@H](CC2CCCC2)n2cc(Cl)c(S(=O)(=O)C(C)C)cc2=O)nc1,,,activity,,P4,6.5–7.0（0.1–0.32 µM）,6.58,False,,CHEMBL1783743,False,,,,,,,,False,True,True,Cc1ccc(NC(=O)[C@H](CC2CCCC2)n2cc(Cl)c(S(=O)(=O)C(C)C)cc2=O)nc1,1,False,0,0,False,False,无改动,466.00300000000016,465.148905056,31,98.13000000000001,106.51,4.147320000000003,121.24950000000005,1,5,7,8,3,2,0.5,9,0,0.6618919915333855,0,O=C(Nc1ccccn1)[C@H](CC1CCCC1)n1ccccc1=O,CC1CCCCC1C(CC1CCCC1)C(C)CC1CCCCC1,False,"InChI=1S/C22H28ClN3O4S/c1-14(2)31(29,30)19-11-21(27)26(13-17(19)23)18(10-16-6-4-5-7-16)22(28)25-20-9-8-15(3)12-24-20/h8-9,11-14,16,18H,4-7,10H2,1-3H3,(H,24,25,28)/t18-/m0/s1",HUZSPMYJQXMODY-SFHVURJKSA-N,HUZSPMYJQXMODY,1,False,False,False,False,HUZSPMYJQXMODY-SFHVURJKSA-N,1,True,11
GKA_0602,gka_candidate,CHEMBL2023433,,CC(C)=CCOc1cc(Oc2ccc(S(=O)(=O)N3C[C@@H](C)O[C@@H](C)C3)cc2)cc(C(=O)Nc2ccn(C)n2)c1,,,activity,,P4,6.5–7.0（0.1–0.32 µM）,6.58,False,,CHEMBL2023433,False,,,,,,,,False,True,True,CC(C)=CCOc1cc(Oc2ccc(S(=O)(=O)N3C[C@@H](C)O[C@@H](C)C3)cc2)cc(C(=O)Nc2ccn(C)n2)c1,1,False,0,0,False,False,无改动,554.6690000000002,554.219905808,39,111.99000000000002,120.37000000000002,4.607600000000004,147.81299999999982,1,7,9,10,4,3,0.35714285714285715,11,0,0.3846525596819428,1,O=C(Nc1cc[nH]n1)c1cccc(Oc2ccc(S(=O)(=O)N3CCOCC3)cc2)c1,CC(CC1CCCC1)C1CCCC(CC2CCC(C(C)(C)C3CCCCC3)CC2)C1,False,"InChI=1S/C28H34N4O6S/c1-19(2)11-13-36-24-14-22(28(33)29-27-10-12-31(5)30-27)15-25(16-24)38-23-6-8-26(9-7-23)39(34,35)32-17-20(3)37-21(4)18-32/h6-12,14-16,20-21H,13,17-18H2,1-5H3,(H,29,30,33)/t20-,21+",VIMXYGAGYOVMFS-OYRHEFFESA-N,VIMXYGAGYOVMFS,2,False,False,True,False,VIMXYGAGYOVMFS-OYRHEFFESA-N,1,True,4
GKA_0603,gka_candidate,CHEMBL3765270,,C[S+]([O-])c1ccc(/C(=C/C2CCCC2)c2cc3cccnc3[nH]2)cc1Cl,,,activity,,P4,6.5–7.0（0.1–0.32 µM）,6.58,False,,CHEMBL3765270,False,,,,,,,,False,True,True,C[S+]([O-])c1ccc(/C(=C/C2CCCC2)c2cc3cccnc3[nH]2)cc1Cl,1,False,0,0,False,False,无改动,384.932,384.10631197200007,26,51.74,51.74,5.575600000000004,108.91510000000002,1,2,4,4,4,3,0.2857142857142857,5,0,0.597048532137822,1,C(=C(\c1ccccc1)c1cc2cccnc2[nH]1)/C1CCCC1,C1CCC(C(CC2CCCC2)C2CC3CCCCC3C2)CC1,False,"InChI=1S/C21H21ClN2OS/c1-26(25)20-9-8-15(12-18(20)22)17(11-14-5-2-3-6-14)19-13-16-7-4-10-23-21(16)24-19/h4,7-14H,2-3,5-6H2,1H3,(H,23,24)/b17-11-",OZSHJEACEPOWPT-BOPFTXTBSA-N,OZSHJEACEPOWPT,1,False,False,False,False,OZSHJEACEPOWPT-BOPFTXTBSA-N,1,True,3
GKA_0604,gka_candidate,CHEMBL3338156,,CNC(=O)Nc1ncc(SC2CCN(C(=O)OC(C)(C)C)CC2)cc1Oc1cccnc1C,,,activity,,P4,6.5–7.0（0.1–0.32 µM）,6.57,False,,CHEMBL3338156,False,,,,,,,,False,True,True,CNC(=O)Nc1ncc(SC2CCN(C(=O)OC(C)(C)C)CC2)cc1Oc1cccnc1C,1,False,0,0,False,False,无改动,473.5990000000003,473.209675472,33,105.68000000000002,130.98000000000002,4.820220000000004,128.04940000000002,2,7,5,10,3,2,0.4782608695652174,10,0,0.6411799802866361,0,c1cncc(Oc2cncc(SC3CCNCC3)c2)c1,C1CCC(CC2CCCC(CC3CCCCC3)C2)CC1,False,"InChI=1S/C23H31N5O4S/c1-15-18(7-6-10-25-15)31-19-13-17(14-26-20(19)27-21(29)24-5)33-16-8-11-28(12-9-16)22(30)32-23(2,3)4/h6-7,10,13-14,16H,8-9,11-12H2,1-5H3,(H2,24,26,27,29)",GWPGRDSUKXWFFI-UHFFFAOYSA-N,GWPGRDSUKXWFFI,0,False,False,False,False,GWPGRDSUKXWFFI-UHFFFAOYSA-N,1,True,3
GKA_0605,gka_candidate,CHEMBL3909830,,O=C(O)c1cc(Oc2cnc(NC(=O)C(OC3CCOCC3)c3ccc(S(=O)(=O)C4CC4)cc3)s2)ccc1F,,,activity,,P4,6.5–7.0（0.1–0.32 µM）,6.57,False,,CHEMBL3909830,False,,,,,,,,False,True,True,O=C(O)c1cc(Oc2cnc(NC(=O)C(OC3CCOCC3)c3ccc(S(=O)(=O)C4CC4)cc3)s2)ccc1F,1,False,0,0,False,False,无改动,576.6240000000004,576.10363598,39,141.12,177.74,4.5842000000000045,138.4937999999999,2,9,10,11,5,3,0.34615384615384615,13,0,0.3546073058359573,1,O=C(Nc1ncc(Oc2ccccc2)s1)C(OC1CCOCC1)c1ccc(S(=O)(=O)C2CC2)cc1,CC(CC1CCC(CC2CCCCC2)C1)C(CC1CCCCC1)C1CCC(C(C)(C)C2CC2)CC1,False,"InChI=1S/C26H25FN2O8S2/c27-21-8-3-17(13-20(21)25(31)32)36-22-14-28-26(38-22)29-24(30)23(37-16-9-11-35-12-10-16)15-1-4-18(5-2-15)39(33,34)19-6-7-19/h1-5,8,13-14,16,19,23H,6-7,9-12H2,(H,31,32)(H,28,29,30)",XDQOODGVZHBLOQ-UHFFFAOYSA-N,XDQOODGVZHBLOQ,1,True,False,False,False,XDQOODGVZHBLOQ-UHFFFAOYSA-N,1,True,11
GKA_0606,gka_candidate,CHEMBL3954932,,COc1cc(Oc2cnc(NC(=O)C(OC3CCOCC3)c3ccc(S(=O)(=O)C4CC4)cc3)s2)ccc1C(=O)O,,,activity,,P4,6.5–7.0（0.1–0.32 µM）,6.57,False,,CHEMBL3954932,False,,,,,,,,False,True,True,COc1cc(Oc2cnc(NC(=O)C(OC3CCOCC3)c3ccc(S(=O)(=O)C4CC4)cc3)s2)ccc1C(=O)O,1,False,0,0,False,False,无改动,588.6600000000003,588.123622476,40,150.35,186.97,4.453700000000003,145.08779999999985,2,10,11,12,5,3,0.37037037037037035,13,0,0.3287155995592311,1,O=C(Nc1ncc(Oc2ccccc2)s1)C(OC1CCOCC1)c1ccc(S(=O)(=O)C2CC2)cc1,CC(CC1CCC(CC2CCCCC2)C1)C(CC1CCCCC1)C1CCC(C(C)(C)C2CC2)CC1,False,"InChI=1S/C27H28N2O9S2/c1-35-22-14-18(4-9-21(22)26(31)32)37-23-15-28-27(39-23)29-25(30)24(38-17-10-12-36-13-11-17)16-2-5-19(6-3-16)40(33,34)20-7-8-20/h2-6,9,14-15,17,20,24H,7-8,10-13H2,1H3,(H,31,32)(H,28,29,30)",XPJLZCPYRYBPQG-UHFFFAOYSA-N,XPJLZCPYRYBPQG,1,True,False,False,False,XPJLZCPYRYBPQG-UHFFFAOYSA-N,1,True,11
GKA_0607,gka_candidate,CHEMBL549829,,CC(C)C(CO)Oc1cc(Oc2ccc(S(C)(=O)=O)cc2)cc(C(=O)Nc2nccs2)c1,,,activity,,P4,6.5–7.0（0.1–0.32 µM）,6.57,False,,CHEMBL549829,False,,,,,,,,False,True,True,CC(C)C(CO)Oc1cc(Oc2ccc(S(C)(=O)=O)cc2)cc(C(=O)Nc2nccs2)c1,1,False,0,0,False,False,无改动,476.57600000000014,476.10757848800006,32,114.82000000000001,151.44,3.986900000000003,122.47480000000004,2,8,9,10,3,3,0.2727272727272727,10,0,0.4798328366620414,0,O=C(Nc1nccs1)c1cccc(Oc2ccccc2)c1,CC(CC1CCCC1)C1CCCC(CC2CCCCC2)C1,False,"InChI=1S/C22H24N2O6S2/c1-14(2)20(13-25)30-18-11-15(21(26)24-22-23-8-9-31-22)10-17(12-18)29-16-4-6-19(7-5-16)32(3,27)28/h4-12,14,20,25H,13H2,1-3H3,(H,23,24,26)",SKHIBZUVRGLGIF-UHFFFAOYSA-N,SKHIBZUVRGLGIF,1,False,False,False,False,SKHIBZUVRGLGIF-UHFFFAOYSA-N,1,True,26
GKA_0608,gka_candidate,CHEMBL551974,,COCC(COC)Oc1cc(Oc2ccc(S(C)(=O)=O)cc2)cc(C(=O)Nc2nccs2)c1,,,activity,,P4,6.5–7.0（0.1–0.32 µM）,6.565,False,,CHEMBL551974,False,,,,,,,,False,True,True,COCC(COC)Oc1cc(Oc2ccc(S(C)(=O)=O)cc2)cc(C(=O)Nc2nccs2)c1,1,False,0,0,False,False,无改动,492.5750000000002,492.102493108,33,113.05,149.67,3.631400000000003,124.30300000000005,1,9,11,12,3,3,0.2727272727272727,11,0,0.4317600578371436,0,O=C(Nc1nccs1)c1cccc(Oc2ccccc2)c1,CC(CC1CCCC1)C1CCCC(CC2CCCCC2)C1,False,"InChI=1S/C22H24N2O7S2/c1-28-13-19(14-29-2)31-18-11-15(21(25)24-22-23-8-9-32-22)10-17(12-18)30-16-4-6-20(7-5-16)33(3,26)27/h4-12,19H,13-14H2,1-3H3,(H,23,24,25)",JIPIXXHHVRRHOK-UHFFFAOYSA-N,JIPIXXHHVRRHOK,0,False,False,False,False,JIPIXXHHVRRHOK-UHFFFAOYSA-N,1,True,26
GKA_0609,gka_candidate,CHEMBL606370,,CCS(=O)(=O)c1ccc(Oc2cc3nc(-c4ccccn4)[nH]c3cc2CCC(=O)N(C)C)cc1,,,activity,,P4,6.5–7.0（0.1–0.32 µM）,6.565,False,,CHEMBL606370,False,,,,,,,,False,True,True,CCS(=O)(=O)c1ccc(Oc2cc3nc(-c4ccccn4)[nH]c3cc2CCC(=O)N(C)C)cc1,1,False,0,0,False,False,无改动,478.57400000000024,478.167476312,34,105.24999999999999,113.62999999999998,4.231600000000002,130.5825,1,6,8,9,4,4,0.24,9,0,0.4062774059048365,0,c1ccc(Oc2ccc3[nH]c(-c4ccccn4)nc3c2)cc1,C1CCC(CC2CCC3CC(C4CCCCC4)CC3C2)CC1,False,"InChI=1S/C25H26N4O4S/c1-4-34(31,32)19-11-9-18(10-12-19)33-23-16-22-21(15-17(23)8-13-24(30)29(2)3)27-25(28-22)20-7-5-6-14-26-20/h5-7,9-12,14-16H,4,8,13H2,1-3H3,(H,27,28)",ODKWGBYTXDKXFO-UHFFFAOYSA-N,ODKWGBYTXDKXFO,0,False,False,False,False,ODKWGBYTXDKXFO-UHFFFAOYSA-N,1,True,4
GKA_0610,gka_candidate,CHEMBL2314794,,COC[C@H](C)Oc1cc(/C=C/c2ccccc2[N+](=O)[O-])cc(C(=O)Nc2ccn(C)n2)c1,,,activity,,P4,6.5–7.0（0.1–0.32 µM）,6.55,False,,CHEMBL2314794,False,,,,,,,,False,True,True,COC[C@H](C)Oc1cc(/C=C/c2ccccc2[N+](=O)[O-])cc(C(=O)Nc2ccn(C)n2)c1,1,False,0,0,False,False,无改动,436.4680000000002,436.174669868,32,108.52,108.52,4.1647000000000025,121.59360000000004,1,6,9,10,3,3,0.21739130434782608,9,0,0.3064276812607045,0,O=C(Nc1cc[nH]n1)c1cccc(/C=C/c2ccccc2)c1,CC(CC1CCCC1)C1CCCC(CCC2CCCCC2)C1,False,"InChI=1S/C23H24N4O5/c1-16(15-31-3)32-20-13-17(8-9-18-6-4-5-7-21(18)27(29)30)12-19(14-20)23(28)24-22-10-11-26(2)25-22/h4-14,16H,15H2,1-3H3,(H,24,25,28)/b9-8+/t16-/m0/s1",KXQZMOPANWQHEO-FDMDGMSGSA-N,KXQZMOPANWQHEO,1,False,False,False,False,KXQZMOPANWQHEO-FDMDGMSGSA-N,1,True,10
GKA_0611,gka_candidate,CHEMBL2315020,,COC[C@H](C)Oc1cc(/C=C/c2ccc([N+](=O)[O-])cc2)cc(C(=O)Nc2ccc(C(=O)O)cn2)c1,,,activity,,P4,6.5–7.0（0.1–0.32 µM）,6.55,False,,CHEMBL2315020,False,,,,,,,,False,True,True,COC[C@H](C)Oc1cc(/C=C/c2ccc([N+](=O)[O-])cc2)cc(C(=O)Nc2ccc(C(=O)O)cn2)c1,1,False,0,0,False,False,无改动,477.4730000000002,477.153600076,35,140.89,140.89,4.5244000000000035,129.58190000000002,2,7,10,11,3,3,0.16,10,0,0.2465602372474522,0,O=C(Nc1ccccn1)c1cccc(/C=C/c2ccccc2)c1,CC(CC1CCCCC1)C1CCCC(CCC2CCCCC2)C1,False,"InChI=1S/C25H23N3O7/c1-16(15-34-2)35-22-12-18(4-3-17-5-8-21(9-6-17)28(32)33)11-20(13-22)24(29)27-23-10-7-19(14-26-23)25(30)31/h3-14,16H,15H2,1-2H3,(H,30,31)(H,26,27,29)/b4-3+/t16-/m0/s1",PMAKGILJUWZQRZ-CWDCEQMOSA-N,PMAKGILJUWZQRZ,1,True,False,False,False,PMAKGILJUWZQRZ-CWDCEQMOSA-N,1,True,10
GKA_0612,gka_candidate,CHEMBL4533000,,CNC(=O)Nc1cc(Oc2cncc(OC)c2)c([C@@H]2CCCOC2)cn1,,,activity,,P4,6.5–7.0（0.1–0.32 µM）,6.55,False,,CHEMBL4533000,False,,,,,,,,False,True,True,CNC(=O)Nc1cc(Oc2cncc(OC)c2)c([C@@H]2CCCOC2)cn1,1,False,0,0,False,False,无改动,358.3980000000002,358.164105184,26,94.60000000000001,94.60000000000001,2.9228000000000014,95.97240000000004,2,6,5,7,3,2,0.3888888888888889,8,0,0.8533247249266211,0,c1cncc(Oc2ccncc2[C@@H]2CCCOC2)c1,C1CCC(CC2CCCCC2C2CCCCC2)CC1,False,"InChI=1S/C18H22N4O4/c1-19-18(23)22-17-7-16(26-14-6-13(24-2)8-20-9-14)15(10-21-17)12-4-3-5-25-11-12/h6-10,12H,3-5,11H2,1-2H3,(H2,19,21,22,23)/t12-/m1/s1",APSOPISMEDAYTH-GFCCVEGCSA-N,APSOPISMEDAYTH,1,False,False,False,False,APSOPISMEDAYTH-GFCCVEGCSA-N,1,True,3
GKA_0613,gka_candidate,CHEMBL4638110,,CC(=O)N1CCC(c2nsc(Nc3ncc(Sc4ccccn4)cc3Oc3ccccc3)n2)CC1,,,activity,,P4,6.5–7.0（0.1–0.32 µM）,6.55,False,,CHEMBL4638110,False,,,,,,,,False,True,True,CC(=O)N1CCC(c2nsc(Nc3ncc(Sc4ccccn4)cc3Oc3ccccc3)n2)CC1,1,False,0,0,False,False,无改动,504.64100000000025,504.140216008,35,93.13000000000001,146.67000000000002,5.741100000000005,136.53369999999987,1,9,7,8,5,4,0.24,10,0,0.34050311974740066,2,c1ccc(Oc2cc(Sc3ccccn3)cnc2Nc2nc(C3CCNCC3)ns2)cc1,C1CCC(CC2CCC(CC3CCC(C4CCCCC4)C3)C(CC3CCCCC3)C2)CC1,False,"InChI=1S/C25H24N6O2S2/c1-17(32)31-13-10-18(11-14-31)23-28-25(35-30-23)29-24-21(33-19-7-3-2-4-8-19)15-20(16-27-24)34-22-9-5-6-12-26-22/h2-9,12,15-16,18H,10-11,13-14H2,1H3,(H,27,28,29,30)",MGSFDMFRYXZHBE-UHFFFAOYSA-N,MGSFDMFRYXZHBE,0,False,False,False,False,MGSFDMFRYXZHBE-UHFFFAOYSA-N,1,True,8
GKA_0614,gka_candidate,CHEMBL195128,,CC(C)Oc1cc(OCc2ccccc2)cc(C(=O)Nc2ccc(C(=O)O)cn2)c1,,,activity,,P4,6.5–7.0（0.1–0.32 µM）,6.54,False,,CHEMBL195128,False,,,,,,,,False,True,True,CC(C)Oc1cc(OCc2ccccc2)cc(C(=O)Nc2ccc(C(=O)O)cn2)c1,1,False,0,0,False,False,无改动,406.43800000000016,406.152871804,30,97.75,97.75,4.3983000000000025,112.12950000000005,2,5,8,9,3,3,0.17391304347826086,7,0,0.5754656427693511,0,O=C(Nc1ccccn1)c1cccc(OCc2ccccc2)c1,CC(CC1CCCCC1)C1CCCC(CCC2CCCCC2)C1,False,"InChI=1S/C23H22N2O5/c1-15(2)30-20-11-18(10-19(12-20)29-14-16-6-4-3-5-7-16)22(26)25-21-9-8-17(13-24-21)23(27)28/h3-13,15H,14H2,1-2H3,(H,27,28)(H,24,25,26)",VVNPWPROCJEJMN-UHFFFAOYSA-N,VVNPWPROCJEJMN,0,True,False,False,False,VVNPWPROCJEJMN-UHFFFAOYSA-N,1,True,5
GKA_0615,gka_candidate,CHEMBL474353,,Cc1csc(NC(=O)c2cc(Oc3cccc(F)c3)ccc2N)n1,,,activity,,P4,6.5–7.0（0.1–0.32 µM）,6.535,False,,CHEMBL474353,False,,,,,,,,False,True,True,Cc1csc(NC(=O)c2cc(Oc3cccc(F)c3)ccc2N)n1,1,False,0,0,False,False,无改动,343.3830000000001,343.07907590800005,24,77.24,105.47999999999999,4.217420000000002,92.13260000000002,2,5,4,5,3,3,0.058823529411764705,7,0,0.6955071819953559,0,O=C(Nc1nccs1)c1cccc(Oc2ccccc2)c1,CC(CC1CCCC1)C1CCCC(CC2CCCCC2)C1,False,"InChI=1S/C17H14FN3O2S/c1-10-9-24-17(20-10)21-16(22)14-8-13(5-6-15(14)19)23-12-4-2-3-11(18)7-12/h2-9H,19H2,1H3,(H,20,21,22)",ZNNSKSYJFYYUHG-UHFFFAOYSA-N,ZNNSKSYJFYYUHG,0,False,False,False,False,ZNNSKSYJFYYUHG-UHFFFAOYSA-N,1,True,26
GKA_0616,gka_candidate,CHEMBL2023064,,CC(C)=CCOc1cc(Oc2ccc(S(=O)(=O)N3CCOCC3)cc2)cc(C(=O)Nc2ccn(C)n2)c1,,,activity,,P4,6.5–7.0（0.1–0.32 µM）,6.53,False,,CHEMBL2023064,False,,,,,,,,False,True,True,CC(C)=CCOc1cc(Oc2ccc(S(=O)(=O)N3CCOCC3)cc2)cc(C(=O)Nc2ccn(C)n2)c1,1,False,0,0,False,False,无改动,526.6150000000004,526.18860568,37,111.99000000000002,120.37000000000002,3.830600000000003,138.62299999999993,1,7,9,10,4,3,0.3076923076923077,11,0,0.421879595258436,1,O=C(Nc1cc[nH]n1)c1cccc(Oc2ccc(S(=O)(=O)N3CCOCC3)cc2)c1,CC(CC1CCCC1)C1CCCC(CC2CCC(C(C)(C)C3CCCCC3)CC2)C1,False,"InChI=1S/C26H30N4O6S/c1-19(2)9-13-35-22-16-20(26(31)27-25-8-10-29(3)28-25)17-23(18-22)36-21-4-6-24(7-5-21)37(32,33)30-11-14-34-15-12-30/h4-10,16-18H,11-15H2,1-3H3,(H,27,28,31)",HWWUXSYCHUCGPO-UHFFFAOYSA-N,HWWUXSYCHUCGPO,0,False,False,True,False,HWWUXSYCHUCGPO-UHFFFAOYSA-N,1,True,4
GKA_0617,gka_candidate,CHEMBL2314811,,COC[C@H](C)Oc1cc(/C=C/c2ccccc2[N+](=O)[O-])cc(C(=O)Nc2ccc(C(=O)O)cn2)c1,,,activity,,P4,6.5–7.0（0.1–0.32 µM）,6.53,False,,CHEMBL2314811,False,,,,,,,,False,True,True,COC[C@H](C)Oc1cc(/C=C/c2ccccc2[N+](=O)[O-])cc(C(=O)Nc2ccc(C(=O)O)cn2)c1,1,False,0,0,False,False,无改动,477.47300000000024,477.153600076,35,140.89,140.89,4.5244000000000035,129.58190000000002,2,7,10,11,3,3,0.16,10,0,0.2465602372474522,0,O=C(Nc1ccccn1)c1cccc(/C=C/c2ccccc2)c1,CC(CC1CCCCC1)C1CCCC(CCC2CCCCC2)C1,False,"InChI=1S/C25H23N3O7/c1-16(15-34-2)35-21-12-17(7-8-18-5-3-4-6-22(18)28(32)33)11-20(13-21)24(29)27-23-10-9-19(14-26-23)25(30)31/h3-14,16H,15H2,1-2H3,(H,30,31)(H,26,27,29)/b8-7+/t16-/m0/s1",RWJUEDPQWTWLPI-WAVCKPEOSA-N,RWJUEDPQWTWLPI,1,True,False,False,False,RWJUEDPQWTWLPI-WAVCKPEOSA-N,1,True,10
GKA_0618,gka_candidate,CHEMBL575302,,COc1ccc2nc(NC(=O)C(CC3CCCC3)c3ccc(S(=O)(=O)N(C)C)cc3)sc2n1,,,activity,,P4,6.5–7.0（0.1–0.32 µM）,6.53,False,,CHEMBL575302,False,,,,,,,,False,True,True,COc1ccc2nc(NC(=O)C(CC3CCCC3)c3ccc(S(=O)(=O)N(C)C)cc3)sc2n1,1,False,0,0,False,False,无改动,488.63500000000016,488.155197376,33,101.48999999999998,138.11,4.252800000000004,129.22750000000002,1,7,8,9,4,3,0.43478260869565216,10,0,0.5085674948475505,0,O=C(Nc1nc2cccnc2s1)C(CC1CCCC1)c1ccccc1,CC(CC1CC2CCCCC2C1)C(CC1CCCC1)C1CCCCC1,False,"InChI=1S/C23H28N4O4S2/c1-27(2)33(29,30)17-10-8-16(9-11-17)18(14-15-6-4-5-7-15)21(28)26-23-24-19-12-13-20(31-3)25-22(19)32-23/h8-13,15,18H,4-7,14H2,1-3H3,(H,24,26,28)",PQQWGZZSLXLGEQ-UHFFFAOYSA-N,PQQWGZZSLXLGEQ,1,False,False,True,False,PQQWGZZSLXLGEQ-UHFFFAOYSA-N,1,True,9
GKA_0619,gka_candidate,CHEMBL473760,,Cc1csc(NC(=O)c2cc(Oc3ccccc3)ccc2N)n1,,,activity,,P4,6.5–7.0（0.1–0.32 µM）,6.525,False,,CHEMBL473760,False,,,,,,,,False,True,True,Cc1csc(NC(=O)c2cc(Oc3ccccc3)ccc2N)n1,1,False,0,0,False,False,无改动,325.3930000000001,325.0884977200001,23,77.24,105.47999999999999,4.078320000000003,92.17460000000001,2,5,4,5,3,3,0.058823529411764705,6,0,0.7086365718971541,0,O=C(Nc1nccs1)c1cccc(Oc2ccccc2)c1,CC(CC1CCCC1)C1CCCC(CC2CCCCC2)C1,False,"InChI=1S/C17H15N3O2S/c1-11-10-23-17(19-11)20-16(21)14-9-13(7-8-15(14)18)22-12-5-3-2-4-6-12/h2-10H,18H2,1H3,(H,19,20,21)",YOUJKSRBHSZORZ-UHFFFAOYSA-N,YOUJKSRBHSZORZ,0,False,False,False,False,YOUJKSRBHSZORZ-UHFFFAOYSA-N,1,True,26
GKA_0620,gka_candidate,CHEMBL3218726,,CN(C)C(=O)Cn1cc(-c2cnc(NC(=O)C(CC3CCOCC3)c3ccc(S(=O)(=O)C4CC4)cc3)s2)nn1,,,activity,,P4,6.5–7.0（0.1–0.32 µM）,6.52,False,,CHEMBL3218726,False,,,,,,,,False,True,True,CN(C)C(=O)Cn1cc(-c2cnc(NC(=O)C(CC3CCOCC3)c3ccc(S(=O)(=O)C4CC4)cc3)s2)nn1,1,False,0,0,False,False,无改动,572.7130000000003,572.1875601239999,39,136.38,173.0,2.964900000000001,146.00449999999978,1,9,10,12,5,3,0.5,13,0,0.39165406612130305,1,O=C(Nc1ncc(-c2c[nH]nn2)s1)C(CC1CCOCC1)c1ccc(S(=O)(=O)C2CC2)cc1,CC(CC1CCC(C2CCCC2)C1)C(CC1CCCCC1)C1CCC(C(C)(C)C2CC2)CC1,False,"InChI=1S/C26H32N6O5S2/c1-31(2)24(33)16-32-15-22(29-30-32)23-14-27-26(38-23)28-25(34)21(13-17-9-11-37-12-10-17)18-3-5-19(6-4-18)39(35,36)20-7-8-20/h3-6,14-15,17,20-21H,7-13,16H2,1-2H3,(H,27,28,34)",QRXACDCVUOYEJO-UHFFFAOYSA-N,QRXACDCVUOYEJO,1,False,False,False,False,QRXACDCVUOYEJO-UHFFFAOYSA-N,1,True,7
GKA_0621,gka_candidate,CHEMBL2346878,,O=C(Nc1nccs1)[C@H](CC1CCCCC1)N1CCN(S(=O)(=O)c2cccc(Cl)c2)CC1=O,,,activity,,P4,6.5–7.0（0.1–0.32 µM）,6.51,False,,CHEMBL2346878,False,,,,,,,,False,True,True,O=C(Nc1nccs1)[C@H](CC1CCCCC1)N1CCN(S(=O)(=O)c2cccc(Cl)c2)CC1=O,1,False,0,0,False,False,无改动,511.06900000000024,510.1162250239999,33,99.68,136.29999999999998,3.6071000000000026,127.64750000000002,1,6,7,8,4,2,0.5,11,0,0.6130277723136681,1,O=C(Nc1nccs1)[C@H](CC1CCCCC1)N1CCN(S(=O)(=O)c2ccccc2)CC1=O,CC1CC(C(C)(C)C2CCCCC2)CCC1C(CC1CCCCC1)C(C)CC1CCCC1,False,"InChI=1S/C22H27ClN4O4S2/c23-17-7-4-8-18(14-17)33(30,31)26-10-11-27(20(28)15-26)19(13-16-5-2-1-3-6-16)21(29)25-22-24-9-12-32-22/h4,7-9,12,14,16,19H,1-3,5-6,10-11,13,15H2,(H,24,25,29)/t19-/m0/s1",VJZMICBNLZRWKH-IBGZPJMESA-N,VJZMICBNLZRWKH,1,False,False,True,False,VJZMICBNLZRWKH-IBGZPJMESA-N,1,True,4
GKA_0622,gka_candidate,CHEMBL484018,,Cc1csc(NC(=O)c2cc(Oc3cccc(S(C)(=O)=O)c3)cc(OC(C)C)c2)n1,,,activity,,P4,6.5–7.0（0.1–0.32 µM）,6.505,False,,CHEMBL484018,False,,,,,,,,False,True,True,Cc1csc(NC(=O)c2cc(Oc3cccc(S(C)(=O)=O)c3)cc(OC(C)C)c2)n1,1,False,0,0,False,False,无改动,446.5500000000002,446.0970138039999,30,94.59,131.20999999999998,4.6868200000000035,116.63600000000002,1,7,7,8,3,3,0.23809523809523808,9,0,0.5659090712389421,0,O=C(Nc1nccs1)c1cccc(Oc2ccccc2)c1,CC(CC1CCCC1)C1CCCC(CC2CCCCC2)C1,False,"InChI=1S/C21H22N2O5S2/c1-13(2)27-17-8-15(20(24)23-21-22-14(3)12-29-21)9-18(10-17)28-16-6-5-7-19(11-16)30(4,25)26/h5-13H,1-4H3,(H,22,23,24)",CRYYJJWVCVRMJC-UHFFFAOYSA-N,CRYYJJWVCVRMJC,0,False,False,False,False,CRYYJJWVCVRMJC-UHFFFAOYSA-N,1,True,26
GKA_0623,gka_candidate,CHEMBL1164519,,CC(C)c1nc(NC(=O)C(CC2CCOCC2)c2ccc(S(=O)(=O)C3CC3)cc2)sc1Br,,,activity,,P4,6.5–7.0（0.1–0.32 µM）,6.5,False,,CHEMBL1164519,False,,,,,,,,False,True,True,CC(C)c1nc(NC(=O)C(CC2CCOCC2)c2ccc(S(=O)(=O)C3CC3)cc2)sc1Br,1,False,0,0,False,False,无改动,541.5330000000001,540.075211508,32,85.35999999999999,121.98,5.5041000000000055,130.08350000000004,1,6,8,9,4,2,0.5652173913043478,9,0,0.47695751954033927,2,O=C(Nc1nccs1)C(CC1CCOCC1)c1ccc(S(=O)(=O)C2CC2)cc1,CC(CC1CCCC1)C(CC1CCCCC1)C1CCC(C(C)(C)C2CC2)CC1,False,"InChI=1S/C23H29BrN2O4S2/c1-14(2)20-21(24)31-23(25-20)26-22(27)19(13-15-9-11-30-12-10-15)16-3-5-17(6-4-16)32(28,29)18-7-8-18/h3-6,14-15,18-19H,7-13H2,1-2H3,(H,25,26,27)",PQTMWNFGWWQCSK-UHFFFAOYSA-N,PQTMWNFGWWQCSK,1,False,False,False,False,PQTMWNFGWWQCSK-UHFFFAOYSA-N,1,True,5
GKA_0624,gka_candidate,CHEMBL2206787,,COCCC(Oc1ncnc2c1cnn2-c1ccccc1C)C(=O)Nc1ccc(C)cn1,,,activity,,P4,6.5–7.0（0.1–0.32 µM）,6.5,False,,CHEMBL2206787,False,,,,,,,,False,True,True,COCCC(Oc1ncnc2c1cnn2-c1ccccc1C)C(=O)Nc1ccc(C)cn1,1,False,0,0,False,False,无改动,432.48400000000015,432.190988628,32,104.05,104.05,3.2499400000000014,119.90970000000003,1,7,8,9,4,4,0.2608695652173913,9,0,0.4556891641017905,0,O=C(COc1ncnc2c1cnn2-c1ccccc1)Nc1ccccn1,CC(CCC1CCCC2C(C3CCCCC3)CCC12)CC1CCCCC1,False,"InChI=1S/C23H24N6O3/c1-15-8-9-20(24-12-15)28-22(30)19(10-11-31-3)32-23-17-13-27-29(21(17)25-14-26-23)18-7-5-4-6-16(18)2/h4-9,12-14,19H,10-11H2,1-3H3,(H,24,28,30)",LYWQXVOFIHTNBN-UHFFFAOYSA-N,LYWQXVOFIHTNBN,1,False,False,False,False,LYWQXVOFIHTNBN-UHFFFAOYSA-N,1,True,18
GKA_0625,gka_candidate,CHEMBL3217794,,Cc1cnc(NC(=O)[C@H](COC(C)C)Oc2ncnc3c2cnn3-c2ccccc2Cl)cn1,,,activity,,P4,6.5–7.0（0.1–0.32 µM）,6.5,False,,CHEMBL3217794,False,,,,,,,,False,True,True,Cc1cnc(NC(=O)[C@H](COC(C)C)Oc2ncnc3c2cnn3-c2ccccc2Cl)cn1,1,False,0,0,False,False,无改动,467.9170000000001,467.14726524400004,33,116.94000000000001,116.94000000000001,3.378420000000002,122.57270000000001,1,8,8,9,4,4,0.2727272727272727,11,0,0.41880676502585495,0,O=C(COc1ncnc2c1cnn2-c1ccccc1)Nc1cnccn1,CC(CCC1CCCC2C(C3CCCCC3)CCC12)CC1CCCCC1,False,"InChI=1S/C22H22ClN7O3/c1-13(2)32-11-18(21(31)29-19-10-24-14(3)8-25-19)33-22-15-9-28-30(20(15)26-12-27-22)17-7-5-4-6-16(17)23/h4-10,12-13,18H,11H2,1-3H3,(H,25,29,31)/t18-/m0/s1",YJMNDMNADRUIMG-SFHVURJKSA-N,YJMNDMNADRUIMG,1,False,False,False,False,YJMNDMNADRUIMG-SFHVURJKSA-N,1,True,3
GKA_0626,gka_candidate,CHEMBL3221482,,COC[C@H](Oc1ncnc2c1cnn2-c1ccccc1Cl)C(=O)Nc1ccc(C)cn1,,,activity,,P4,6.5–7.0（0.1–0.32 µM）,6.5,False,,CHEMBL3221482,False,,,,,,,,False,True,True,COC[C@H](Oc1ncnc2c1cnn2-c1ccccc1Cl)C(=O)Nc1ccc(C)cn1,1,False,0,0,False,False,无改动,438.87500000000017,438.12071614800004,31,104.05,104.05,3.2048200000000016,115.56570000000002,1,7,7,8,4,4,0.19047619047619047,10,0,0.47206183411441716,0,O=C(COc1ncnc2c1cnn2-c1ccccc1)Nc1ccccn1,CC(CCC1CCCC2C(C3CCCCC3)CCC12)CC1CCCCC1,False,"InChI=1S/C21H19ClN6O3/c1-13-7-8-18(23-9-13)27-20(29)17(11-30-2)31-21-14-10-26-28(19(14)24-12-25-21)16-6-4-3-5-15(16)22/h3-10,12,17H,11H2,1-2H3,(H,23,27,29)/t17-/m0/s1",JOUKVMFZBZNCCO-KRWDZBQOSA-N,JOUKVMFZBZNCCO,1,False,False,False,False,JOUKVMFZBZNCCO-KRWDZBQOSA-N,1,True,18
GKA_0627,gka_candidate,CHEMBL3221495,,CCOC[C@H](Oc1ncnc2c1cnn2-c1ncccc1Cl)C(=O)Nc1ccc(Cl)cn1,,,activity,,P4,6.5–7.0（0.1–0.32 µM）,6.5,False,,CHEMBL3221495,False,,,,,,,,False,True,True,CCOC[C@H](Oc1ncnc2c1cnn2-c1ncccc1Cl)C(=O)Nc1ccc(Cl)cn1,1,False,0,0,False,False,无改动,474.30800000000016,473.07699276400007,32,116.94000000000001,116.94000000000001,3.334900000000002,118.2507,1,8,8,9,4,4,0.2,12,0,0.4134715139480715,0,O=C(COc1ncnc2c1cnn2-c1ccccn1)Nc1ccccn1,CC(CCC1CCCC2C(C3CCCCC3)CCC12)CC1CCCCC1,False,"InChI=1S/C20H17Cl2N7O3/c1-2-31-10-15(19(30)28-16-6-5-12(21)8-24-16)32-20-13-9-27-29(17(13)25-11-26-20)18-14(22)4-3-7-23-18/h3-9,11,15H,2,10H2,1H3,(H,24,28,30)/t15-/m0/s1",GRHVGTKJYJHQLN-HNNXBMFYSA-N,GRHVGTKJYJHQLN,1,False,False,False,False,GRHVGTKJYJHQLN-HNNXBMFYSA-N,1,True,16
GKA_0628,gka_candidate,CHEMBL3221503,,CC(C)OC[C@H](Oc1ncnc2c1cnn2-c1ccccc1Cl)C(=O)Nc1ccc(C#N)cn1,,,activity,,P4,6.5–7.0（0.1–0.32 µM）,6.5,False,,CHEMBL3221503,False,,,,,,,,False,True,True,CC(C)OC[C@H](Oc1ncnc2c1cnn2-c1ccccc1Cl)C(=O)Nc1ccc(C#N)cn1,1,False,0,0,False,False,无改动,477.91200000000015,477.13161518000004,34,127.83999999999999,127.83999999999999,3.546680000000002,124.7557,1,8,8,9,4,4,0.21739130434782608,11,0,0.4077350568037431,0,O=C(COc1ncnc2c1cnn2-c1ccccc1)Nc1ccccn1,CC(CCC1CCCC2C(C3CCCCC3)CCC12)CC1CCCCC1,False,"InChI=1S/C23H20ClN7O3/c1-14(2)33-12-19(22(32)30-20-8-7-15(9-25)10-26-20)34-23-16-11-29-31(21(16)27-13-28-23)18-6-4-3-5-17(18)24/h3-8,10-11,13-14,19H,12H2,1-2H3,(H,26,30,32)/t19-/m0/s1",IHVCXYJVLKGINF-IBGZPJMESA-N,IHVCXYJVLKGINF,1,False,False,False,False,IHVCXYJVLKGINF-IBGZPJMESA-N,1,True,18
GKA_0629,gka_candidate,CHEMBL3221516,,O=C(Nc1ccc(F)cn1)[C@H](CN1CC(O)C1)Oc1ncnc2c1cnn2-c1ncccc1Cl,,,activity,,P4,6.5–7.0（0.1–0.32 µM）,6.5,False,,CHEMBL3221516,False,,,,,,,,False,True,True,O=C(Nc1ccc(F)cn1)[C@H](CN1CC(O)C1)Oc1ncnc2c1cnn2-c1ncccc1Cl,1,False,0,0,False,False,无改动,484.87900000000013,484.1174423360001,34,131.18,131.18,1.4605999999999988,119.15249999999999,2,9,7,8,5,4,0.23809523809523808,13,0,0.3998563221860708,0,O=C(Nc1ccccn1)[C@H](CN1CCC1)Oc1ncnc2c1cnn2-c1ccccn1,CC(CC1CCCCC1)C(CC1CCC1)CC1CCCC2C(C3CCCCC3)CCC12,False,"InChI=1S/C21H18ClFN8O3/c22-15-2-1-5-24-19(15)31-18-14(7-28-31)21(27-11-26-18)34-16(10-30-8-13(32)9-30)20(33)29-17-4-3-12(23)6-25-17/h1-7,11,13,16,32H,8-10H2,(H,25,29,33)/t16-/m0/s1",WMXLDHOWZJLXOB-INIZCTEOSA-N,WMXLDHOWZJLXOB,1,False,True,False,False,WMXLDHOWZJLXOB-INIZCTEOSA-N,1,True,2
GKA_0630,gka_candidate,CHEMBL4205913,,COCC(C)Oc1cc(Oc2ccc(S(C)(=O)=O)cc2)cc(C(=O)Nc2nc3c(s2)CN(C(=O)OC(C)(C)C)CC3)c1,,,activity,,P4,6.5–7.0（0.1–0.32 µM）,6.5,False,,CHEMBL4205913,False,,,,,,,,False,True,True,COCC(C)Oc1cc(Oc2ccc(S(C)(=O)=O)cc2)cc(C(=O)Nc2nc3c(s2)CN(C(=O)OC(C)(C)C)CC3)c1,1,False,0,0,False,False,无改动,617.746,617.18655708,42,133.35999999999999,169.98,5.298100000000005,158.4489999999997,1,10,9,13,4,3,0.41379310344827586,13,0,0.3396274544633296,2,O=C(Nc1nc2c(s1)CNCC2)c1cccc(Oc2ccccc2)c1,CC(CC1CC2CCCCC2C1)C1CCCC(CC2CCCCC2)C1,False,"InChI=1S/C29H35N3O8S2/c1-18(17-37-5)38-21-13-19(14-22(15-21)39-20-7-9-23(10-8-20)42(6,35)36)26(33)31-27-30-24-11-12-32(16-25(24)41-27)28(34)40-29(2,3)4/h7-10,13-15,18H,11-12,16-17H2,1-6H3,(H,30,31,33)",WKRQYZYBADIGGU-UHFFFAOYSA-N,WKRQYZYBADIGGU,1,False,False,False,False,WKRQYZYBADIGGU-UHFFFAOYSA-N,1,True,6
GKA_0631,gka_candidate,CHEMBL573751,,Cc1csc(Nc2ncnc3ccc(Oc4ccc(F)cc4)cc23)n1,,,activity,,P4,6.0–6.5（0.32–1 µM）,6.495,False,,CHEMBL573751,False,,,,,,,,False,True,True,Cc1csc(Nc2ncnc3ccc(Oc4ccc(F)cc4)cc23)n1,1,False,0,0,False,False,无改动,352.39400000000006,352.079410256,25,59.93000000000001,88.17,5.069720000000002,96.14570000000003,1,6,4,4,4,4,0.05555555555555555,7,0,0.5555360235729956,1,c1ccc(Oc2ccc3ncnc(Nc4nccs4)c3c2)cc1,C1CCC(CC2CCC3CCCC(CC4CCCC4)C3C2)CC1,False,"InChI=1S/C18H13FN4OS/c1-11-9-25-18(22-11)23-17-15-8-14(6-7-16(15)20-10-21-17)24-13-4-2-12(19)3-5-13/h2-10H,1H3,(H,20,21,22,23)",GXRVZYKFJKLQIF-UHFFFAOYSA-N,GXRVZYKFJKLQIF,0,False,False,False,False,GXRVZYKFJKLQIF-UHFFFAOYSA-N,1,True,3
GKA_0632,gka_candidate,CHEMBL2430861,,Cc1csc(Nc2ncc(SCCn3ccnc3)cc2OCc2ccccc2)n1,,,activity,,P4,6.0–6.5（0.32–1 µM）,6.49,False,,CHEMBL2430861,False,,,,,,,,False,True,True,Cc1csc(Nc2ncc(SCCn3ccnc3)cc2OCc2ccccc2)n1,1,False,0,0,False,False,无改动,423.5670000000002,423.118752292,29,64.86,118.39999999999999,5.157920000000003,118.09570000000001,1,7,9,9,4,4,0.19047619047619047,8,0,0.37531876992285707,1,c1ccc(COc2cc(SCCn3ccnc3)cnc2Nc2nccs2)cc1,C1CCC(CCC2CC(CCCC3CCCC3)CCC2CC2CCCC2)CC1,False,"InChI=1S/C21H21N5OS2/c1-16-14-29-21(24-16)25-20-19(27-13-17-5-3-2-4-6-17)11-18(12-23-20)28-10-9-26-8-7-22-15-26/h2-8,11-12,14-15H,9-10,13H2,1H3,(H,23,24,25)",RMTMTQSEPUFOTD-UHFFFAOYSA-N,RMTMTQSEPUFOTD,0,False,False,False,False,RMTMTQSEPUFOTD-UHFFFAOYSA-N,1,True,2
GKA_0633,gka_candidate,CHEMBL1164577,,CC(C)c1csc(NC(=O)[C@H](CC2CCOCC2)c2ccc(S(C)(=O)=O)cc2)n1,,,activity,,P4,6.0–6.5（0.32–1 µM）,6.48,False,,CHEMBL1164577,False,,,,,,,,False,True,True,CC(C)c1csc(NC(=O)[C@H](CC2CCOCC2)c2ccc(S(C)(=O)=O)cc2)n1,1,False,0,0,False,False,无改动,436.5990000000001,436.14904937599994,29,85.36,121.97999999999998,4.209000000000004,115.28550000000004,1,6,7,8,3,2,0.5238095238095238,8,0,0.7026989214737569,0,O=C(Nc1nccs1)[C@H](CC1CCOCC1)c1ccccc1,CC(CC1CCCC1)C(CC1CCCCC1)C1CCCCC1,False,"InChI=1S/C21H28N2O4S2/c1-14(2)19-13-28-21(22-19)23-20(24)18(12-15-8-10-27-11-9-15)16-4-6-17(7-5-16)29(3,25)26/h4-7,13-15,18H,8-12H2,1-3H3,(H,22,23,24)/t18-/m1/s1",NSHNTEGAQYQHAG-GOSISDBHSA-N,NSHNTEGAQYQHAG,1,False,False,False,False,NSHNTEGAQYQHAG-GOSISDBHSA-N,1,True,1
GKA_0634,gka_candidate,CHEMBL1783752,,CC(C)S(=O)(=O)c1ccn([C@@H](CC2CCCC2)C(=O)Nc2ccc(C(F)(F)F)cn2)c(=O)c1,,,activity,,P4,6.0–6.5（0.32–1 µM）,6.48,False,,CHEMBL1783752,False,,,,,,,,False,True,True,CC(C)S(=O)(=O)c1ccn([C@@H](CC2CCCC2)C(=O)Nc2ccc(C(F)(F)F)cn2)c(=O)c1,1,False,0,0,False,False,无改动,485.5280000000001,485.159611972,33,98.13,106.51000000000002,4.204300000000003,116.50450000000005,1,5,7,9,3,2,0.5,11,0,0.6338176382000511,0,O=C(Nc1ccccn1)[C@H](CC1CCCC1)n1ccccc1=O,CC1CCCCC1C(CC1CCCC1)C(C)CC1CCCCC1,False,"InChI=1S/C22H26F3N3O4S/c1-14(2)33(31,32)17-9-10-28(20(29)12-17)18(11-15-5-3-4-6-15)21(30)27-19-8-7-16(13-26-19)22(23,24)25/h7-10,12-15,18H,3-6,11H2,1-2H3,(H,26,27,30)/t18-/m0/s1",HCUPYDBBLCRYPK-SFHVURJKSA-N,HCUPYDBBLCRYPK,1,False,False,False,False,HCUPYDBBLCRYPK-SFHVURJKSA-N,1,True,11
GKA_0635,gka_candidate,CHEMBL3218722,,CCOC(=O)Cn1cc(-c2cnc(NC(=O)C(CC3CCOCC3)c3ccc(S(=O)(=O)C4CC4)cc3)s2)nn1,,,activity,,P4,6.0–6.5（0.32–1 µM）,6.48,False,,CHEMBL3218722,False,,,,,,,,False,True,True,CCOC(=O)Cn1cc(-c2cnc(NC(=O)C(CC3CCOCC3)c3ccc(S(=O)(=O)C4CC4)cc3)s2)nn1,1,False,0,0,False,False,无改动,573.6970000000003,573.1715757119998,39,142.37,178.99,3.4398000000000026,143.9434999999998,1,10,11,13,5,3,0.5,13,0,0.3413426955353293,1,O=C(Nc1ncc(-c2c[nH]nn2)s1)C(CC1CCOCC1)c1ccc(S(=O)(=O)C2CC2)cc1,CC(CC1CCC(C2CCCC2)C1)C(CC1CCCCC1)C1CCC(C(C)(C)C2CC2)CC1,False,"InChI=1S/C26H31N5O6S2/c1-2-37-24(32)16-31-15-22(29-30-31)23-14-27-26(38-23)28-25(33)21(13-17-9-11-36-12-10-17)18-3-5-19(6-4-18)39(34,35)20-7-8-20/h3-6,14-15,17,20-21H,2,7-13,16H2,1H3,(H,27,28,33)",JMCSBIXETQDXJH-UHFFFAOYSA-N,JMCSBIXETQDXJH,1,False,False,False,False,JMCSBIXETQDXJH-UHFFFAOYSA-N,1,True,7
GKA_0636,gka_candidate,CHEMBL4207808,,COC[C@H](C)Oc1cc(Oc2ccc(C(=O)N3CCC3)c(F)c2)cc(C(=O)Nc2nc3c(s2)CN(C(=O)OC(C)(C)C)CC3)c1,,,activity,,P4,6.0–6.5（0.32–1 µM）,6.48,False,,CHEMBL4207808,False,,,,,,,,False,True,True,COC[C@H](C)Oc1cc(Oc2ccc(C(=O)N3CCC3)c(F)c2)cc(C(=O)Nc2nc3c(s2)CN(C(=O)OC(C)(C)C)CC3)c1,1,False,0,0,False,False,无改动,640.734,640.236698744,45,119.53000000000002,147.76999999999998,5.879600000000006,165.8176999999996,1,9,9,14,5,3,0.4375,13,0,0.3081484274862212,2,O=C(Nc1nc2c(s1)CNCC2)c1cccc(Oc2ccc(C(=O)N3CCC3)cc2)c1,CC(CC1CC2CCCCC2C1)C1CCCC(CC2CCC(C(C)C3CCC3)CC2)C1,False,"InChI=1S/C32H37FN4O7S/c1-19(18-41-5)42-22-13-20(14-23(15-22)43-21-7-8-24(25(33)16-21)29(39)36-10-6-11-36)28(38)35-30-34-26-9-12-37(17-27(26)45-30)31(40)44-32(2,3)4/h7-8,13-16,19H,6,9-12,17-18H2,1-5H3,(H,34,35,38)/t19-/m0/s1",CSESJNVNLCLDGP-IBGZPJMESA-N,CSESJNVNLCLDGP,1,False,False,False,False,CSESJNVNLCLDGP-IBGZPJMESA-N,1,True,7
GKA_0637,gka_candidate,CHEMBL3338059,,CCNC(=O)Nc1ncc(Sc2ccccn2)cc1Oc1cccnc1CC,,,activity,,P4,6.0–6.5（0.32–1 µM）,6.475,False,,CHEMBL3338059,False,,,,,,,,False,True,True,CCNC(=O)Nc1ncc(Sc2ccccn2)cc1Oc1cccnc1CC,1,False,0,0,False,False,无改动,395.48800000000017,395.141595912,28,89.03,114.33000000000001,4.518900000000003,108.98140000000004,2,6,7,9,3,3,0.2,8,0,0.6113993534371732,0,c1ccc(Sc2cncc(Oc3cccnc3)c2)nc1,C1CCC(CC2CCCC(CC3CCCCC3)C2)CC1,False,"InChI=1S/C20H21N5O2S/c1-3-15-16(8-7-11-22-15)27-17-12-14(28-18-9-5-6-10-23-18)13-24-19(17)25-20(26)21-4-2/h5-13H,3-4H2,1-2H3,(H2,21,24,25,26)",JRYJOYINDXAPDH-UHFFFAOYSA-N,JRYJOYINDXAPDH,0,False,False,False,False,JRYJOYINDXAPDH-UHFFFAOYSA-N,1,True,3
GKA_0638,gka_candidate,CHEMBL2204656,,Cc1cnc(NC(=O)c2cc(Oc3cnc(C(=O)N4CCC4)c(F)c3)c3cn(C)nc3c2)cn1,,,activity,,P4,6.0–6.5（0.32–1 µM）,6.47,False,,CHEMBL2204656,False,,,,,,,,False,True,True,Cc1cnc(NC(=O)c2cc(Oc3cnc(C(=O)N4CCC4)c(F)c3)c3cn(C)nc3c2)cn1,1,False,0,0,False,False,无改动,461.4570000000002,461.16116572000004,34,115.13,115.13,3.0963200000000013,120.22570000000003,1,7,5,7,5,4,0.21739130434782608,11,0,0.48559216728653043,0,O=C(Nc1cnccn1)c1cc(Oc2ccc(C(=O)N3CCC3)nc2)c2c[nH]nc2c1,CC(CC1CCCCC1)C1CC2CCCC2C(CC2CCC(C(C)C3CCC3)CC2)C1,False,"InChI=1S/C23H20FN7O3/c1-13-9-26-20(11-25-13)28-22(32)14-6-18-16(12-30(2)29-18)19(7-14)34-15-8-17(24)21(27-10-15)23(33)31-4-3-5-31/h6-12H,3-5H2,1-2H3,(H,26,28,32)",UPZVKDRGBJLNEM-UHFFFAOYSA-N,UPZVKDRGBJLNEM,0,False,False,False,False,UPZVKDRGBJLNEM-UHFFFAOYSA-N,1,True,2
GKA_0639,gka_candidate,CHEMBL3764930,,COc1ccc(C(CC2CCCC2)c2cc3cccnc3[nH]2)cc1Cl,,,activity,,P4,6.0–6.5（0.32–1 µM）,6.47,False,,CHEMBL3764930,False,,,,,,,,False,True,True,COc1ccc(C(CC2CCCC2)c2cc3cccnc3[nH]2)cc1Cl,1,False,0,0,False,False,无改动,354.881,354.14989103600004,25,37.91,37.91,5.9371000000000045,102.51570000000004,1,2,5,5,4,3,0.38095238095238093,4,0,0.6155116653383456,1,c1ccc(C(CC2CCCC2)c2cc3cccnc3[nH]2)cc1,C1CCC(C(CC2CCCC2)C2CC3CCCCC3C2)CC1,False,"InChI=1S/C21H23ClN2O/c1-25-20-9-8-15(12-18(20)22)17(11-14-5-2-3-6-14)19-13-16-7-4-10-23-21(16)24-19/h4,7-10,12-14,17H,2-3,5-6,11H2,1H3,(H,23,24)",RTCKQHHNBFDKIY-UHFFFAOYSA-N,RTCKQHHNBFDKIY,1,False,False,False,False,RTCKQHHNBFDKIY-UHFFFAOYSA-N,1,True,11
GKA_0640,gka_candidate,CHEMBL489711,,Cc1nsc(NC(=O)c2cc(Sc3nncn3C)ccc2N)n1,,,activity,,P4,6.0–6.5（0.32–1 µM）,6.47,False,,CHEMBL489711,False,,,,,,,,False,True,True,Cc1nsc(NC(=O)c2cc(Sc3nncn3C)ccc2N)n1,1,False,0,0,False,False,无改动,347.4290000000001,347.06230003600007,23,111.61000000000001,165.14999999999998,1.9607199999999998,88.57960000000001,2,8,4,5,3,3,0.15384615384615385,10,0,0.6938166935829495,0,O=C(Nc1ncns1)c1cccc(Sc2nnc[nH]2)c1,CC(CC1CCCC1)C1CCCC(CC2CCCC2)C1,False,"InChI=1S/C13H13N7OS2/c1-7-16-12(23-19-7)17-11(21)9-5-8(3-4-10(9)14)22-13-18-15-6-20(13)2/h3-6H,14H2,1-2H3,(H,16,17,19,21)",AZMDKDLMECFFMX-UHFFFAOYSA-N,AZMDKDLMECFFMX,0,False,False,False,False,AZMDKDLMECFFMX-UHFFFAOYSA-N,1,True,2
GKA_0641,gka_candidate,CHEMBL559975,,CS(=O)(=O)c1ccc(Oc2cc(OC3CCCC3)cc(C(=O)Nc3nccs3)c2)cc1,,,activity,,P4,6.0–6.5（0.32–1 µM）,6.465,False,,CHEMBL559975,False,,,,,,,,False,True,True,CS(=O)(=O)c1ccc(Oc2cc(OC3CCCC3)cc(C(=O)Nc3nccs3)c2)cc1,1,False,0,0,False,False,无改动,458.5610000000001,458.097013804,31,94.59000000000002,131.21,4.912600000000005,119.01900000000003,1,7,7,8,4,3,0.2727272727272727,9,0,0.5404219909581351,0,O=C(Nc1nccs1)c1cc(Oc2ccccc2)cc(OC2CCCC2)c1,CC(CC1CCCC1)C1CC(CC2CCCCC2)CC(CC2CCCC2)C1,False,"InChI=1S/C22H22N2O5S2/c1-31(26,27)20-8-6-17(7-9-20)29-19-13-15(21(25)24-22-23-10-11-30-22)12-18(14-19)28-16-4-2-3-5-16/h6-14,16H,2-5H2,1H3,(H,23,24,25)",IPUJCEBFTDHXQV-UHFFFAOYSA-N,IPUJCEBFTDHXQV,0,False,False,False,False,IPUJCEBFTDHXQV-UHFFFAOYSA-N,1,True,3
GKA_0642,gka_candidate,CHEMBL3218720,,CCOC(=O)CCn1cc(-c2cnc(NC(=O)C(CC3CCOCC3)c3ccc(S(=O)(=O)C4CC4)cc3)s2)nn1,,,activity,,P4,6.0–6.5（0.32–1 µM）,6.46,False,,CHEMBL3218720,False,,,,,,,,False,True,True,CCOC(=O)CCn1cc(-c2cnc(NC(=O)C(CC3CCOCC3)c3ccc(S(=O)(=O)C4CC4)cc3)s2)nn1,1,False,0,0,False,False,无改动,587.7240000000004,587.1872257759999,40,142.37,178.99,3.829900000000003,148.56049999999976,1,10,12,14,5,3,0.5185185185185185,13,0,0.31285411981774314,1,O=C(Nc1ncc(-c2c[nH]nn2)s1)C(CC1CCOCC1)c1ccc(S(=O)(=O)C2CC2)cc1,CC(CC1CCC(C2CCCC2)C1)C(CC1CCCCC1)C1CCC(C(C)(C)C2CC2)CC1,False,"InChI=1S/C27H33N5O6S2/c1-2-38-25(33)9-12-32-17-23(30-31-32)24-16-28-27(39-24)29-26(34)22(15-18-10-13-37-14-11-18)19-3-5-20(6-4-19)40(35,36)21-7-8-21/h3-6,16-18,21-22H,2,7-15H2,1H3,(H,28,29,34)",LNAURVYLZBFRGI-UHFFFAOYSA-N,LNAURVYLZBFRGI,1,False,False,False,False,LNAURVYLZBFRGI-UHFFFAOYSA-N,1,True,7
GKA_0643,gka_candidate,CHEMBL3358430,,CCc1ncccc1Oc1cc(CCCCO)cnc1NC(=O)NC,,,activity,,P4,6.0–6.5（0.32–1 µM）,6.46,False,,CHEMBL3358430,False,,,,,,,,False,True,True,CCc1ncccc1Oc1cc(CCCCO)cnc1NC(=O)NC,1,False,0,0,False,False,无改动,344.41499999999996,344.184840628,25,96.37,96.37,2.8975999999999997,96.02820000000004,3,5,8,10,2,2,0.3888888888888889,7,0,0.6399433476241438,0,c1cncc(Oc2cccnc2)c1,C1CCC(CC2CCCCC2)CC1,False,"InChI=1S/C18H24N4O3/c1-3-14-15(8-6-9-20-14)25-16-11-13(7-4-5-10-23)12-21-17(16)22-18(24)19-2/h6,8-9,11-12,23H,3-5,7,10H2,1-2H3,(H2,19,21,22,24)",MNHUBGMIJUGXJF-UHFFFAOYSA-N,MNHUBGMIJUGXJF,0,False,False,False,False,MNHUBGMIJUGXJF-UHFFFAOYSA-N,1,True,8
GKA_0644,gka_candidate,CHEMBL3358440,,CCn1nccc1Oc1cc(C[C@@H]2CCO[C@@H](COC)C2)cnc1NC(=O)NC,,,activity,,P4,6.0–6.5（0.32–1 µM）,6.46,False,,CHEMBL3358440,False,,,,,,,,False,True,True,CCn1nccc1Oc1cc(C[C@@H]2CCO[C@@H](COC)C2)cnc1NC(=O)NC,1,False,0,0,False,False,无改动,403.48300000000006,403.2219544080001,29,99.53,99.53,2.8257000000000003,108.33440000000006,2,6,8,10,3,2,0.55,9,0,0.7031192137442657,0,c1cc(Oc2cncc(CC3CCOCC3)c2)[nH]n1,C1CCC(CC2CCCC(CC3CCCC3)C2)CC1,False,"InChI=1S/C20H29N5O4/c1-4-25-18(5-7-23-25)29-17-11-15(12-22-19(17)24-20(26)21-2)9-14-6-8-28-16(10-14)13-27-3/h5,7,11-12,14,16H,4,6,8-10,13H2,1-3H3,(H2,21,22,24,26)/t14-,16+/m0/s1",QXNHYYXUTCYDNJ-GOEBONIOSA-N,QXNHYYXUTCYDNJ,2,False,False,False,False,QXNHYYXUTCYDNJ-GOEBONIOSA-N,1,True,4
GKA_0645,gka_candidate,CHEMBL1164315,,CC(C)Cc1csc(NC(=O)C(CC2CCOCC2)c2ccc(S(C)(=O)=O)cc2)n1,,,activity,,P4,6.0–6.5（0.32–1 µM）,6.45,False,,CHEMBL1164315,False,,,,,,,,False,True,True,CC(C)Cc1csc(NC(=O)C(CC2CCOCC2)c2ccc(S(C)(=O)=O)cc2)n1,1,False,0,0,False,False,无改动,450.6260000000002,450.16469943999994,30,85.36,121.97999999999998,4.284100000000004,119.73850000000004,1,6,8,9,3,2,0.5454545454545454,8,0,0.6486107981796563,0,O=C(Nc1nccs1)C(CC1CCOCC1)c1ccccc1,CC(CC1CCCC1)C(CC1CCCCC1)C1CCCCC1,False,"InChI=1S/C22H30N2O4S2/c1-15(2)12-18-14-29-22(23-18)24-21(25)20(13-16-8-10-28-11-9-16)17-4-6-19(7-5-17)30(3,26)27/h4-7,14-16,20H,8-13H2,1-3H3,(H,23,24,25)",IIGHLCWXWNSZSO-UHFFFAOYSA-N,IIGHLCWXWNSZSO,1,False,False,False,False,IIGHLCWXWNSZSO-UHFFFAOYSA-N,1,True,3
GKA_0646,gka_candidate,CHEMBL2430854,,CC(C)Cc1csc(Nc2ncc(Br)cc2OCc2ccccc2)n1,,,activity,,P4,6.0–6.5（0.32–1 µM）,6.45,False,,CHEMBL2430854,False,,,,,,,,False,True,True,CC(C)Cc1csc(Nc2ncc(Br)cc2OCc2ccccc2)n1,1,False,0,0,False,False,无改动,418.3600000000002,417.05104536,25,47.040000000000006,75.28,5.821700000000004,106.64970000000001,1,5,7,7,3,3,0.2631578947368421,6,0,0.5251917074749203,1,c1ccc(COc2cccnc2Nc2nccs2)cc1,C1CCC(CCC2CCCCC2CC2CCCC2)CC1,False,"InChI=1S/C19H20BrN3OS/c1-13(2)8-16-12-25-19(22-16)23-18-17(9-15(20)10-21-18)24-11-14-6-4-3-5-7-14/h3-7,9-10,12-13H,8,11H2,1-2H3,(H,21,22,23)",AZHQCRYKKFEFTI-UHFFFAOYSA-N,AZHQCRYKKFEFTI,0,False,False,False,False,AZHQCRYKKFEFTI-UHFFFAOYSA-N,1,True,5
GKA_0647,gka_candidate,CHEMBL3933809,,Cc1cc(Oc2cnc(NC(=O)C(O[C@@H]3CCOC3)c3ccc(S(=O)(=O)C4CC4)cc3)s2)ccc1C(=O)O,,,activity,,P4,6.0–6.5（0.32–1 µM）,6.42,False,,CHEMBL3933809,False,,,,,,,,False,True,True,Cc1cc(Oc2cnc(NC(=O)C(O[C@@H]3CCOC3)c3ccc(S(=O)(=O)C4CC4)cc3)s2)ccc1C(=O)O,1,False,0,0,False,False,无改动,558.6340000000002,558.1130577920001,38,141.11999999999998,177.73999999999998,4.363420000000003,138.65579999999994,2,9,10,11,5,3,0.34615384615384615,12,0,0.371108672021136,1,O=C(Nc1ncc(Oc2ccccc2)s1)C(O[C@@H]1CCOC1)c1ccc(S(=O)(=O)C2CC2)cc1,CC(CC1CCC(CC2CCCCC2)C1)C(CC1CCCC1)C1CCC(C(C)(C)C2CC2)CC1,False,"InChI=1S/C26H26N2O8S2/c1-15-12-17(4-9-21(15)25(30)31)35-22-13-27-26(37-22)28-24(29)23(36-18-10-11-34-14-18)16-2-5-19(6-3-16)38(32,33)20-7-8-20/h2-6,9,12-13,18,20,23H,7-8,10-11,14H2,1H3,(H,30,31)(H,27,28,29)/t18-,23?/m1/s1",VKFAKECKYCKINR-FKSKYRLFSA-N,VKFAKECKYCKINR,2,True,False,False,False,VKFAKECKYCKINR-FKSKYRLFSA-N,1,True,2
GKA_0648,gka_candidate,CHEMBL3218490,,Cc1cc2c(Oc3cnc(C(=O)N4CC(C)C4)cn3)cc(C(=O)Nc3cnccn3)cc2o1,,,activity,,P4,6.0–6.5（0.32–1 µM）,6.41,False,,CHEMBL3218490,False,,,,,,,,False,True,True,Cc1cc2c(Oc3cnc(C(=O)N4CC(C)C4)cn3)cc(C(=O)Nc3cnccn3)cc2o1,1,False,0,0,False,False,无改动,444.45100000000014,444.15460312,33,123.34,123.34,3.457720000000001,118.10970000000002,1,8,5,7,5,4,0.21739130434782608,10,0,0.49638323820788116,0,O=C(Nc1cnccn1)c1cc(Oc2cnc(C(=O)N3CCC3)cn2)c2ccoc2c1,CC(CC1CCCCC1)C1CC2CCCC2C(CC2CCC(C(C)C3CCC3)CC2)C1,False,"InChI=1S/C23H20N6O4/c1-13-11-29(12-13)23(31)17-8-27-21(10-26-17)33-19-7-15(6-18-16(19)5-14(2)32-18)22(30)28-20-9-24-3-4-25-20/h3-10,13H,11-12H2,1-2H3,(H,25,28,30)",JTTWNMVIYAGYCK-UHFFFAOYSA-N,JTTWNMVIYAGYCK,0,False,False,False,False,JTTWNMVIYAGYCK-UHFFFAOYSA-N,1,True,3
GKA_0649,gka_candidate,CHEMBL3218496,,Cc1cc2c(Oc3cnc(C(=O)N(C)C)cn3)cc(C(=O)Nc3cnccn3)cc2o1,,,activity,,P4,6.0–6.5（0.32–1 µM）,6.41,False,,CHEMBL3218496,False,,,,,,,,False,True,True,Cc1cc2c(Oc3cnc(C(=O)N(C)C)cn3)cc(C(=O)Nc3cnccn3)cc2o1,1,False,0,0,False,False,无改动,418.4130000000001,418.13895305600005,31,123.34,123.34,3.0676200000000007,111.0597,1,8,5,7,4,4,0.14285714285714285,10,0,0.5244430833237651,0,O=C(Nc1cnccn1)c1cc(Oc2cnccn2)c2ccoc2c1,CC(CC1CCCCC1)C1CC2CCCC2C(CC2CCCCC2)C1,False,"InChI=1S/C21H18N6O4/c1-12-6-14-16(30-12)7-13(20(28)26-18-10-22-4-5-23-18)8-17(14)31-19-11-24-15(9-25-19)21(29)27(2)3/h4-11H,1-3H3,(H,23,26,28)",DKTFXJGJQGFKCW-UHFFFAOYSA-N,DKTFXJGJQGFKCW,0,False,False,False,False,DKTFXJGJQGFKCW-UHFFFAOYSA-N,1,True,6
GKA_0650,gka_candidate,CHEMBL2204655,,Cc1cnc(NC(=O)c2cc(Oc3cnc(C(=O)N(C)C)c(F)c3)c3cn(C)nc3c2)cn1,,,activity,,P4,6.0–6.5（0.32–1 µM）,6.405,False,,CHEMBL2204655,False,,,,,,,,False,True,True,Cc1cnc(NC(=O)c2cc(Oc3cnc(C(=O)N(C)C)c(F)c3)c3cn(C)nc3c2)cn1,1,False,0,0,False,False,无改动,449.44600000000014,449.16116572000004,33,115.13,115.13,2.9522200000000014,117.72270000000003,1,7,5,7,4,4,0.18181818181818182,11,0,0.49805128926841435,0,O=C(Nc1cnccn1)c1cc(Oc2cccnc2)c2c[nH]nc2c1,CC(CC1CCCCC1)C1CC2CCCC2C(CC2CCCCC2)C1,False,"InChI=1S/C22H20FN7O3/c1-12-8-25-19(10-24-12)27-21(31)13-5-17-15(11-30(4)28-17)18(6-13)33-14-7-16(23)20(26-9-14)22(32)29(2)3/h5-11H,1-4H3,(H,25,27,31)",ZGSFQZZAENVCIS-UHFFFAOYSA-N,ZGSFQZZAENVCIS,0,False,False,False,False,ZGSFQZZAENVCIS-UHFFFAOYSA-N,1,True,2
GKA_0651,gka_candidate,CHEMBL563231,,CS(=O)(=O)c1ccc(Oc2cc(OCCO)cc(C(=O)Nc3nccs3)c2)cc1,,,activity,,P4,6.0–6.5（0.32–1 µM）,6.405,False,,CHEMBL563231,False,,,,,,,,False,True,True,CS(=O)(=O)c1ccc(Oc2cc(OCCO)cc(C(=O)Nc3nccs3)c2)cc1,1,False,0,0,False,False,无改动,434.49500000000006,434.06062829600006,29,114.82000000000001,151.44,2.962300000000001,108.71580000000002,2,8,8,9,3,3,0.15789473684210525,10,0,0.5600190497015468,0,O=C(Nc1nccs1)c1cccc(Oc2ccccc2)c1,CC(CC1CCCC1)C1CCCC(CC2CCCCC2)C1,False,"InChI=1S/C19H18N2O6S2/c1-29(24,25)17-4-2-14(3-5-17)27-16-11-13(10-15(12-16)26-8-7-22)18(23)21-19-20-6-9-28-19/h2-6,9-12,22H,7-8H2,1H3,(H,20,21,23)",BBEMQDVKHJMPAU-UHFFFAOYSA-N,BBEMQDVKHJMPAU,0,False,False,False,False,BBEMQDVKHJMPAU-UHFFFAOYSA-N,1,True,26
GKA_0652,gka_candidate,CHEMBL1778371,,COC[C@H](C)Oc1cc(Oc2cccc(N(C)C)c2)cc(C(=O)Nc2ccc(C(=O)O)cn2)c1,,,activity,,P4,6.0–6.5（0.32–1 µM）,6.4,False,,CHEMBL1778371,False,,,,,,,,False,True,True,COC[C@H](C)Oc1cc(Oc2cccc(N(C)C)c2)cc(C(=O)Nc2ccc(C(=O)O)cn2)c1,1,False,0,0,False,False,无改动,465.5060000000002,465.189985584,34,110.22,110.22,4.304100000000003,128.40050000000008,2,7,10,11,3,3,0.24,9,0,0.45595425917271426,0,O=C(Nc1ccccn1)c1cccc(Oc2ccccc2)c1,CC(CC1CCCCC1)C1CCCC(CC2CCCCC2)C1,False,"InChI=1S/C25H27N3O6/c1-16(15-32-4)33-21-10-18(24(29)27-23-9-8-17(14-26-23)25(30)31)11-22(13-21)34-20-7-5-6-19(12-20)28(2)3/h5-14,16H,15H2,1-4H3,(H,30,31)(H,26,27,29)/t16-/m0/s1",HJUNGMOWPIALNY-INIZCTEOSA-N,HJUNGMOWPIALNY,1,True,False,False,False,HJUNGMOWPIALNY-INIZCTEOSA-N,1,True,11
GKA_0653,gka_candidate,CHEMBL194102,,O=C(O)c1ccc(NC(=O)c2cc(OCc3ccccc3)cc(OCc3ccccc3)c2)nc1,,,activity,,P4,6.0–6.5（0.32–1 µM）,6.4,False,,CHEMBL194102,False,,,,,,,,False,True,True,O=C(O)c1ccc(NC(=O)c2cc(OCc3ccccc3)cc(OCc3ccccc3)c2)nc1,1,False,0,0,False,False,无改动,454.48200000000014,454.152871804,34,97.75000000000001,97.75000000000001,5.190100000000004,127.13950000000001,2,5,9,10,4,4,0.07407407407407407,7,0,0.36121597703691743,1,O=C(Nc1ccccn1)c1cc(OCc2ccccc2)cc(OCc2ccccc2)c1,CC(CC1CCCCC1)C1CC(CCC2CCCCC2)CC(CCC2CCCCC2)C1,False,"InChI=1S/C27H22N2O5/c30-26(29-25-12-11-21(16-28-25)27(31)32)22-13-23(33-17-19-7-3-1-4-8-19)15-24(14-22)34-18-20-9-5-2-6-10-20/h1-16H,17-18H2,(H,31,32)(H,28,29,30)",GDIONXWSZRJUGV-UHFFFAOYSA-N,GDIONXWSZRJUGV,0,True,False,False,False,GDIONXWSZRJUGV-UHFFFAOYSA-N,1,True,2
GKA_0654,gka_candidate,CHEMBL2346888,,O=C(Nc1ncc(Cl)s1)[C@H](CC1CCCCC1)n1cnc2cc(S(=O)(=O)C3CCCC3)ccc2c1=O,,,activity,,P4,6.0–6.5（0.32–1 µM）,6.4,False,,CHEMBL2346888,False,,,,,,,,False,True,True,O=C(Nc1ncc(Cl)s1)[C@H](CC1CCCCC1)n1cnc2cc(S(=O)(=O)C3CCCC3)ccc2c1=O,1,False,0,0,False,False,无改动,549.1180000000003,548.131875088,36,111.01999999999998,147.64,5.372900000000005,141.42749999999987,1,7,7,8,5,3,0.52,11,0,0.4244826813105848,2,O=C(Nc1nccs1)[C@H](CC1CCCCC1)n1cnc2cc(S(=O)(=O)C3CCCC3)ccc2c1=O,CC(CC1CCCC1)C(CC1CCCCC1)C1CCC2CC(C(C)(C)C3CCCC3)CCC2C1C,False,"InChI=1S/C25H29ClN4O4S2/c26-22-14-27-25(35-22)29-23(31)21(12-16-6-2-1-3-7-16)30-15-28-20-13-18(10-11-19(20)24(30)32)36(33,34)17-8-4-5-9-17/h10-11,13-17,21H,1-9,12H2,(H,27,29,31)/t21-/m0/s1",WGLFNEOQPYULNY-NRFANRHFSA-N,WGLFNEOQPYULNY,1,False,False,False,False,WGLFNEOQPYULNY-NRFANRHFSA-N,1,True,2
GKA_0655,gka_candidate,CHEMBL3221493,,CC(C)OC[C@H](Oc1ncnc2c1cnn2-c1ncccc1Cl)C(=O)Nc1ccc(Cl)cn1,,,activity,,P4,6.0–6.5（0.32–1 µM）,6.4,False,,CHEMBL3221493,False,,,,,,,,False,True,True,CC(C)OC[C@H](Oc1ncnc2c1cnn2-c1ncccc1Cl)C(=O)Nc1ccc(Cl)cn1,1,False,0,0,False,False,无改动,488.3350000000002,487.09264282800007,33,116.94000000000001,116.94000000000001,3.7234000000000025,122.8457,1,8,8,9,4,4,0.23809523809523808,12,0,0.39898996218792326,0,O=C(COc1ncnc2c1cnn2-c1ccccn1)Nc1ccccn1,CC(CCC1CCCC2C(C3CCCCC3)CCC12)CC1CCCCC1,False,"InChI=1S/C21H19Cl2N7O3/c1-12(2)32-10-16(20(31)29-17-6-5-13(22)8-25-17)33-21-14-9-28-30(18(14)26-11-27-21)19-15(23)4-3-7-24-19/h3-9,11-12,16H,10H2,1-2H3,(H,25,29,31)/t16-/m0/s1",IGMKPDHBVPGYNL-INIZCTEOSA-N,IGMKPDHBVPGYNL,1,False,False,False,False,IGMKPDHBVPGYNL-INIZCTEOSA-N,1,True,16
GKA_0656,gka_candidate,CHEMBL3221512,,C[C@H](CO)OC[C@H](Oc1ncnc2c1cnn2-c1ncccc1Cl)C(=O)Nc1ccc(Cl)cn1,,,activity,,P4,6.0–6.5（0.32–1 µM）,6.4,False,,CHEMBL3221512,False,,,,,,,,False,True,True,C[C@H](CO)OC[C@H](Oc1ncnc2c1cnn2-c1ncccc1Cl)C(=O)Nc1ccc(Cl)cn1,1,False,0,0,False,False,无改动,504.33400000000023,503.08755744800004,34,137.17000000000002,137.17000000000002,2.6958,124.25750000000002,2,9,9,10,4,4,0.23809523809523808,13,0,0.3524923403480899,1,O=C(COc1ncnc2c1cnn2-c1ccccn1)Nc1ccccn1,CC(CCC1CCCC2C(C3CCCCC3)CCC12)CC1CCCCC1,False,"InChI=1S/C21H19Cl2N7O4/c1-12(9-31)33-10-16(20(32)29-17-5-4-13(22)7-25-17)34-21-14-8-28-30(18(14)26-11-27-21)19-15(23)3-2-6-24-19/h2-8,11-12,16,31H,9-10H2,1H3,(H,25,29,32)/t12-,16+/m1/s1",YIFBLFLYDFILGQ-WBMJQRKESA-N,YIFBLFLYDFILGQ,2,False,False,False,False,YIFBLFLYDFILGQ-WBMJQRKESA-N,1,True,16
GKA_0657,gka_candidate,CHEMBL5288114,,O=C(O)Cc1ccc(Oc2cnc(NC(=O)C(Oc3ccc(F)cc3F)c3ccc(S(=O)(=O)C4CC4)cc3)s2)cc1,,,activity,,P4,6.0–6.5（0.32–1 µM）,6.4,False,,CHEMBL5288114,False,,,,,,,,False,True,True,O=C(O)Cc1ccc(Oc2cnc(NC(=O)C(Oc3ccc(F)cc3F)c3ccc(S(=O)(=O)C4CC4)cc3)s2)cc1,1,False,0,0,False,False,无改动,600.6210000000002,600.083649484,41,131.89000000000001,168.51000000000002,5.535600000000004,144.9762999999998,2,8,11,12,5,4,0.17857142857142858,13,0,0.22960116912401354,2,O=C(Nc1ncc(Oc2ccccc2)s1)C(Oc1ccccc1)c1ccc(S(=O)(=O)C2CC2)cc1,CC(CC1CCC(CC2CCCCC2)C1)C(CC1CCCCC1)C1CCC(C(C)(C)C2CC2)CC1,False,"InChI=1S/C28H22F2N2O7S2/c29-18-5-12-23(22(30)14-18)39-26(17-3-8-20(9-4-17)41(36,37)21-10-11-21)27(35)32-28-31-15-25(40-28)38-19-6-1-16(2-7-19)13-24(33)34/h1-9,12,14-15,21,26H,10-11,13H2,(H,33,34)(H,31,32,35)",VMWUVJZDDFSOFR-UHFFFAOYSA-N,VMWUVJZDDFSOFR,1,True,False,False,False,VMWUVJZDDFSOFR-UHFFFAOYSA-N,1,True,3
GKA_0658,gka_candidate,CHEMBL4471002,,CNC(=O)Nc1cc(Oc2ccc(C)nc2)c(-c2ccc(OCCO)nc2)cn1,,,activity,,P4,6.0–6.5（0.32–1 µM）,6.39,False,,CHEMBL4471002,False,,,,,,,,False,True,True,CNC(=O)Nc1cc(Oc2ccc(C)nc2)c(-c2ccc(OCCO)nc2)cn1,1,False,0,0,False,False,无改动,395.41900000000015,395.159354152,29,118.49000000000001,118.49000000000001,2.7617200000000004,107.17520000000002,3,7,7,9,3,3,0.2,9,0,0.5627495210729667,0,c1cncc(Oc2ccncc2-c2cccnc2)c1,C1CCC(CC2CCCCC2C2CCCCC2)CC1,False,"InChI=1S/C20H21N5O4/c1-13-3-5-15(11-22-13)29-17-9-18(25-20(27)21-2)23-12-16(17)14-4-6-19(24-10-14)28-8-7-26/h3-6,9-12,26H,7-8H2,1-2H3,(H2,21,23,25,27)",OLNUGXYTYZWEJW-UHFFFAOYSA-N,OLNUGXYTYZWEJW,0,False,False,False,False,OLNUGXYTYZWEJW-UHFFFAOYSA-N,1,True,11
GKA_0659,gka_candidate,CHEMBL4635087,,Cc1csc(Nc2ncccc2Oc2ccccc2)n1,,,activity,,P4,6.0–6.5（0.32–1 µM）,6.38,False,,CHEMBL4635087,False,,,,,,,,False,True,True,Cc1csc(Nc2ncccc2Oc2ccccc2)n1,1,False,0,0,False,False,无改动,283.35600000000005,283.07793303600005,20,47.040000000000006,75.28,4.382420000000002,80.88670000000003,1,5,4,4,3,3,0.06666666666666667,5,0,0.7714203250950106,0,c1ccc(Oc2cccnc2Nc2nccs2)cc1,C1CCC(CC2CCCCC2CC2CCCC2)CC1,False,"InChI=1S/C15H13N3OS/c1-11-10-20-15(17-11)18-14-13(8-5-9-16-14)19-12-6-3-2-4-7-12/h2-10H,1H3,(H,16,17,18)",VSZXWBUCYVJAHD-UHFFFAOYSA-N,VSZXWBUCYVJAHD,0,False,False,False,False,VSZXWBUCYVJAHD-UHFFFAOYSA-N,1,True,2
GKA_0660,gka_candidate,CHEMBL4645293,,O=C(Nc1nccs1)/C(=N/N1CCCC1)c1ccc(S(=O)(=O)C2CC2)cc1,,,activity,,P4,6.0–6.5（0.32–1 µM）,6.38,False,,CHEMBL4645293,False,,,,,,,,False,True,True,O=C(Nc1nccs1)/C(=N/N1CCCC1)c1ccc(S(=O)(=O)C2CC2)cc1,1,False,0,0,False,False,无改动,404.5170000000001,404.0976824999999,27,91.72999999999999,128.35,2.517800000000001,104.73750000000003,1,7,6,7,4,2,0.3888888888888889,9,0,0.7471743436450757,0,O=C(Nc1nccs1)/C(=N/N1CCCC1)c1ccc(S(=O)(=O)C2CC2)cc1,CC(CC1CCCC1)C(CC1CCCC1)C1CCC(C(C)(C)C2CC2)CC1,False,"InChI=1S/C18H20N4O3S2/c23-17(20-18-19-9-12-26-18)16(21-22-10-1-2-11-22)13-3-5-14(6-4-13)27(24,25)15-7-8-15/h3-6,9,12,15H,1-2,7-8,10-11H2,(H,19,20,23)/b21-16+",IDPHEZLKJAWRMK-LTGZKZEYSA-N,IDPHEZLKJAWRMK,0,False,False,False,False,IDPHEZLKJAWRMK-LTGZKZEYSA-N,1,True,3
GKA_0661,gka_candidate,CHEMBL4566968,,CNC(=O)Nc1cc(Oc2cnccc2C)c(-c2ccc(OCCO)nc2)cn1,,,activity,,P4,6.0–6.5（0.32–1 µM）,6.365,False,,CHEMBL4566968,False,,,,,,,,False,True,True,CNC(=O)Nc1cc(Oc2cnccc2C)c(-c2ccc(OCCO)nc2)cn1,1,False,0,0,False,False,无改动,395.41900000000015,395.159354152,29,118.49000000000001,118.49000000000001,2.7617200000000004,107.17520000000002,3,7,7,9,3,3,0.2,9,0,0.5627495210729667,0,c1cncc(Oc2ccncc2-c2cccnc2)c1,C1CCC(CC2CCCCC2C2CCCCC2)CC1,False,"InChI=1S/C20H21N5O4/c1-13-5-6-22-12-17(13)29-16-9-18(25-20(27)21-2)23-11-15(16)14-3-4-19(24-10-14)28-8-7-26/h3-6,9-12,26H,7-8H2,1-2H3,(H2,21,23,25,27)",XJJQINAUBRDFIN-UHFFFAOYSA-N,XJJQINAUBRDFIN,0,False,False,False,False,XJJQINAUBRDFIN-UHFFFAOYSA-N,1,True,11
GKA_0662,gka_candidate,CHEMBL1783742,,Cc1ccc(NC(=O)[C@H](CC2CCCC2)n2cc(C)c(S(C)(=O)=O)cc2=O)nc1,,,activity,,P4,6.0–6.5（0.32–1 µM）,6.36,False,,CHEMBL1783742,False,,,,,,,,False,True,True,Cc1ccc(NC(=O)[C@H](CC2CCCC2)n2cc(C)c(S(C)(=O)=O)cc2=O)nc1,1,False,0,0,False,False,无改动,417.5310000000001,417.17222734399996,29,98.13000000000001,106.51,3.023740000000002,111.76450000000006,1,5,6,7,3,2,0.47619047619047616,8,0,0.77899151943226,0,O=C(Nc1ccccn1)[C@H](CC1CCCC1)n1ccccc1=O,CC1CCCCC1C(CC1CCCC1)C(C)CC1CCCCC1,False,"InChI=1S/C21H27N3O4S/c1-14-8-9-19(22-12-14)23-21(26)17(10-16-6-4-5-7-16)24-13-15(2)18(11-20(24)25)29(3,27)28/h8-9,11-13,16-17H,4-7,10H2,1-3H3,(H,22,23,26)/t17-/m0/s1",DRFVPMZKAXNPMO-KRWDZBQOSA-N,DRFVPMZKAXNPMO,1,False,False,False,False,DRFVPMZKAXNPMO-KRWDZBQOSA-N,1,True,11
GKA_0663,gka_candidate,CHEMBL2204652,,Cc1cnc(NC(=O)c2cc(Oc3ccc(S(=O)(=O)N(C)C)cc3)c3cn(C)nc3c2)cn1,,,activity,,P4,6.0–6.5（0.32–1 µM）,6.36,False,,CHEMBL2204652,False,,,,,,,,False,True,True,Cc1cnc(NC(=O)c2cc(Oc3ccc(S(=O)(=O)N(C)C)cc3)c3cn(C)nc3c2)cn1,1,False,0,0,False,False,无改动,466.5230000000002,466.1423241840001,33,119.30999999999997,127.69,2.9666200000000007,122.82500000000003,1,7,6,7,4,4,0.18181818181818182,11,0,0.4638720688224668,0,O=C(Nc1cnccn1)c1cc(Oc2ccccc2)c2c[nH]nc2c1,CC(CC1CCCCC1)C1CC2CCCC2C(CC2CCCCC2)C1,False,"InChI=1S/C22H22N6O4S/c1-14-11-24-21(12-23-14)25-22(29)15-9-19-18(13-28(4)26-19)20(10-15)32-16-5-7-17(8-6-16)33(30,31)27(2)3/h5-13H,1-4H3,(H,24,25,29)",SGUBSBUVTZJSEK-UHFFFAOYSA-N,SGUBSBUVTZJSEK,0,False,False,True,False,SGUBSBUVTZJSEK-UHFFFAOYSA-N,1,True,6
GKA_0664,gka_candidate,CHEMBL3358427,,CCc1ncccc1Oc1cc(CCCOC)cnc1NC(=O)NC,,,activity,,P4,6.0–6.5（0.32–1 µM）,6.36,False,,CHEMBL3358427,False,,,,,,,,False,True,True,CCc1ncccc1Oc1cc(CCCOC)cnc1NC(=O)NC,1,False,0,0,False,False,无改动,344.41499999999996,344.184840628,25,85.37,85.37,3.1616,96.20140000000005,2,5,8,10,2,2,0.3888888888888889,7,0,0.7185825498912651,0,c1cncc(Oc2cccnc2)c1,C1CCC(CC2CCCCC2)CC1,False,"InChI=1S/C18H24N4O3/c1-4-14-15(8-5-9-20-14)25-16-11-13(7-6-10-24-3)12-21-17(16)22-18(23)19-2/h5,8-9,11-12H,4,6-7,10H2,1-3H3,(H2,19,21,22,23)",RBKTXKCXSZTHRB-UHFFFAOYSA-N,RBKTXKCXSZTHRB,0,False,False,False,False,RBKTXKCXSZTHRB-UHFFFAOYSA-N,1,True,8
GKA_0665,gka_candidate,CHEMBL552311,,CC(CO)Cc1cc(Oc2ccc(S(C)(=O)=O)cc2)cc(C(=O)Nc2nccs2)c1,,,activity,,P4,6.0–6.5（0.32–1 µM）,6.36,False,,CHEMBL552311,False,,,,,,,,False,True,True,CC(CO)Cc1cc(Oc2ccc(S(C)(=O)=O)cc2)cc(C(=O)Nc2nccs2)c1,1,False,0,0,False,False,无改动,446.5500000000001,446.097013804,30,105.59,142.21,3.762100000000002,116.08880000000005,2,7,8,9,3,3,0.23809523809523808,9,0,0.5457626801254868,0,O=C(Nc1nccs1)c1cccc(Oc2ccccc2)c1,CC(CC1CCCC1)C1CCCC(CC2CCCCC2)C1,False,"InChI=1S/C21H22N2O5S2/c1-14(13-24)9-15-10-16(20(25)23-21-22-7-8-29-21)12-18(11-15)28-17-3-5-19(6-4-17)30(2,26)27/h3-8,10-12,14,24H,9,13H2,1-2H3,(H,22,23,25)",DHUKEKJJKQRFSO-UHFFFAOYSA-N,DHUKEKJJKQRFSO,1,False,False,False,False,DHUKEKJJKQRFSO-UHFFFAOYSA-N,1,True,26
GKA_0666,gka_candidate,CHEMBL560773,,CS(=O)(=O)c1ccc(Oc2cc(OC(CO)C(F)(F)F)cc(C(=O)Nc3nccs3)c2)cc1,,,activity,,P4,6.0–6.5（0.32–1 µM）,6.36,False,,CHEMBL560773,False,,,,,,,,False,True,True,CS(=O)(=O)c1ccc(Oc2cc(OC(CO)C(F)(F)F)cc(C(=O)Nc3nccs3)c2)cc1,1,False,0,0,False,False,无改动,502.4920000000001,502.0480129240001,33,114.82000000000001,151.44,3.893200000000003,113.69180000000001,2,8,8,10,3,3,0.2,13,0,0.4802582020926043,1,O=C(Nc1nccs1)c1cccc(Oc2ccccc2)c1,CC(CC1CCCC1)C1CCCC(CC2CCCCC2)C1,False,"InChI=1S/C20H17F3N2O6S2/c1-33(28,29)16-4-2-13(3-5-16)30-14-8-12(18(27)25-19-24-6-7-32-19)9-15(10-14)31-17(11-26)20(21,22)23/h2-10,17,26H,11H2,1H3,(H,24,25,27)",KCESFTVZCQIMPP-UHFFFAOYSA-N,KCESFTVZCQIMPP,1,False,False,False,False,KCESFTVZCQIMPP-UHFFFAOYSA-N,1,True,26
GKA_0667,gka_candidate,CHEMBL3218719,,CCOC(=O)CCCn1cc(-c2cnc(NC(=O)C(CC3CCOCC3)c3ccc(S(=O)(=O)C4CC4)cc3)s2)nn1,,,activity,,P4,6.0–6.5（0.32–1 µM）,6.35,False,,CHEMBL3218719,False,,,,,,,,False,True,True,CCOC(=O)CCCn1cc(-c2cnc(NC(=O)C(CC3CCOCC3)c3ccc(S(=O)(=O)C4CC4)cc3)s2)nn1,1,False,0,0,False,False,无改动,601.7510000000003,601.2028758399998,41,142.37,178.99,4.220000000000004,153.17749999999972,1,10,13,15,5,3,0.5357142857142857,13,0,0.2849704048579634,1,O=C(Nc1ncc(-c2c[nH]nn2)s1)C(CC1CCOCC1)c1ccc(S(=O)(=O)C2CC2)cc1,CC(CC1CCC(C2CCCC2)C1)C(CC1CCCCC1)C1CCC(C(C)(C)C2CC2)CC1,False,"InChI=1S/C28H35N5O6S2/c1-2-39-26(34)4-3-13-33-18-24(31-32-33)25-17-29-28(40-25)30-27(35)23(16-19-11-14-38-15-12-19)20-5-7-21(8-6-20)41(36,37)22-9-10-22/h5-8,17-19,22-23H,2-4,9-16H2,1H3,(H,29,30,35)",JGDYMYUBVOQLSG-UHFFFAOYSA-N,JGDYMYUBVOQLSG,1,False,False,False,False,JGDYMYUBVOQLSG-UHFFFAOYSA-N,1,True,7
GKA_0668,gka_candidate,CHEMBL2165627,,O=C(O)C(=O)Nc1ccc(NC(=O)[C@H](CC2CCCC2)n2cnc(C(F)(F)F)c2)nc1,,,activity,,P4,6.0–6.5（0.32–1 µM）,6.34,False,,CHEMBL2165627,False,,,,,,,,False,True,True,O=C(O)C(=O)Nc1ccc(NC(=O)[C@H](CC2CCCC2)n2cnc(C(F)(F)F)c2)nc1,1,False,0,0,False,False,无改动,439.39400000000006,439.1467387800001,31,126.21000000000001,126.21000000000001,3.0801000000000007,101.97320000000003,3,5,6,10,3,2,0.42105263157894735,12,0,0.5941078841604788,0,O=C(Nc1ccccn1)[C@H](CC1CCCC1)n1ccnc1,CC(CC1CCCCC1)C(CC1CCCC1)C1CCCC1,False,"InChI=1S/C19H20F3N5O4/c20-19(21,22)14-9-27(10-24-14)13(7-11-3-1-2-4-11)16(28)26-15-6-5-12(8-23-15)25-17(29)18(30)31/h5-6,8-11,13H,1-4,7H2,(H,25,29)(H,30,31)(H,23,26,28)/t13-/m0/s1",UIPQUPAUXQPGNS-ZDUSSCGKSA-N,UIPQUPAUXQPGNS,1,True,False,False,False,UIPQUPAUXQPGNS-ZDUSSCGKSA-N,1,True,4
GKA_0669,gka_candidate,CHEMBL3358434,,CCn1nccc1Oc1cc(CCCCOC)cnc1NC(=O)NC,,,activity,,P4,6.0–6.5（0.32–1 µM）,6.34,False,,CHEMBL3358434,False,,,,,,,,False,True,True,CCn1nccc1Oc1cc(CCCCOC)cnc1NC(=O)NC,1,False,0,0,False,False,无改动,347.419,347.19573966,25,90.30000000000001,90.30000000000001,2.8107000000000006,95.10440000000006,2,5,9,11,2,2,0.47058823529411764,8,0,0.6808371469034811,0,c1cncc(Oc2ccn[nH]2)c1,C1CCC(CC2CCCC2)CC1,False,"InChI=1S/C17H25N5O3/c1-4-22-15(8-9-20-22)25-14-11-13(7-5-6-10-24-3)12-19-16(14)21-17(23)18-2/h8-9,11-12H,4-7,10H2,1-3H3,(H2,18,19,21,23)",FWITYVKBJMMBMI-UHFFFAOYSA-N,FWITYVKBJMMBMI,0,False,False,False,False,FWITYVKBJMMBMI-UHFFFAOYSA-N,1,True,2
GKA_0670,gka_candidate,CHEMBL3235157,,Cc1cccnc1-c1cc(Oc2ccc(S(C)(=O)=O)cc2)cc(C(=O)Nc2nc(CNC(C)C)cs2)c1,,,activity,,P4,6.0–6.5（0.32–1 µM）,6.33,False,,CHEMBL3235157,False,,,,,,,,False,True,True,Cc1cccnc1-c1cc(Oc2ccc(S(C)(=O)=O)cc2)cc(C(=O)Nc2nc(CNC(C)C)cs2)c1,1,False,0,0,False,False,无改动,536.6790000000002,536.155197376,37,110.28,146.9,5.459620000000005,146.07869999999988,2,8,9,10,4,4,0.2222222222222222,10,0,0.29224624185406173,2,O=C(Nc1nccs1)c1cc(Oc2ccccc2)cc(-c2ccccn2)c1,CC(CC1CCCC1)C1CC(CC2CCCCC2)CC(C2CCCCC2)C1,False,"InChI=1S/C27H28N4O4S2/c1-17(2)29-15-21-16-36-27(30-21)31-26(32)20-12-19(25-18(3)6-5-11-28-25)13-23(14-20)35-22-7-9-24(10-8-22)37(4,33)34/h5-14,16-17,29H,15H2,1-4H3,(H,30,31,32)",QSZQGDHXEWWXQQ-UHFFFAOYSA-N,QSZQGDHXEWWXQQ,0,False,True,False,False,QSZQGDHXEWWXQQ-UHFFFAOYSA-N,1,True,7
GKA_0671,gka_candidate,CHEMBL4440209,,CNC(=O)Nc1cc(Oc2cccnc2C)c(-c2ccc(OCCO)nc2)cn1,,,activity,,P4,6.0–6.5（0.32–1 µM）,6.325,False,,CHEMBL4440209,False,,,,,,,,False,True,True,CNC(=O)Nc1cc(Oc2cccnc2C)c(-c2ccc(OCCO)nc2)cn1,1,False,0,0,False,False,无改动,395.41900000000015,395.159354152,29,118.49000000000001,118.49000000000001,2.7617200000000004,107.17520000000002,3,7,7,9,3,3,0.2,9,0,0.5627495210729667,0,c1cncc(Oc2ccncc2-c2cccnc2)c1,C1CCC(CC2CCCCC2C2CCCCC2)CC1,False,"InChI=1S/C20H21N5O4/c1-13-16(4-3-7-22-13)29-17-10-18(25-20(27)21-2)23-12-15(17)14-5-6-19(24-11-14)28-9-8-26/h3-7,10-12,26H,8-9H2,1-2H3,(H2,21,23,25,27)",LDKLCKNGZBNRNG-UHFFFAOYSA-N,LDKLCKNGZBNRNG,0,False,False,False,False,LDKLCKNGZBNRNG-UHFFFAOYSA-N,1,True,11
GKA_0672,gka_candidate,CHEMBL1783741,,Cc1ccc(NC(=O)[C@H](CC2CCCC2)n2cc(Cl)c(S(C)(=O)=O)cc2=O)nc1,,,activity,,P4,6.0–6.5（0.32–1 µM）,6.32,False,,CHEMBL1783741,False,,,,,,,,False,True,True,Cc1ccc(NC(=O)[C@H](CC2CCCC2)n2cc(Cl)c(S(C)(=O)=O)cc2=O)nc1,1,False,0,0,False,False,无改动,437.9490000000001,437.117604928,29,98.13000000000001,106.51,3.3687200000000024,112.03750000000005,1,5,6,7,3,2,0.45,9,0,0.7465416511710974,0,O=C(Nc1ccccn1)[C@H](CC1CCCC1)n1ccccc1=O,CC1CCCCC1C(CC1CCCC1)C(C)CC1CCCCC1,False,"InChI=1S/C20H24ClN3O4S/c1-13-7-8-18(22-11-13)23-20(26)16(9-14-5-3-4-6-14)24-12-15(21)17(10-19(24)25)29(2,27)28/h7-8,10-12,14,16H,3-6,9H2,1-2H3,(H,22,23,26)/t16-/m0/s1",VTOVFAJFDHFMSW-INIZCTEOSA-N,VTOVFAJFDHFMSW,1,False,False,False,False,VTOVFAJFDHFMSW-INIZCTEOSA-N,1,True,11
GKA_0673,gka_candidate,CHEMBL3903108,,O=C(O)c1cc(Oc2cnc(NC(=O)C(OC3CCOCC3)c3ccc(S(=O)(=O)C4CC4)cc3)s2)ccc1Cl,,,activity,,P4,6.0–6.5（0.32–1 µM）,6.32,False,,CHEMBL3903108,False,,,,,,,,False,True,True,O=C(O)c1cc(Oc2cnc(NC(=O)C(OC3CCOCC3)c3ccc(S(=O)(=O)C4CC4)cc3)s2)ccc1Cl,1,False,0,0,False,False,无改动,593.0790000000003,592.0740854400001,39,141.12,177.74,5.098500000000005,143.54579999999982,2,9,10,11,5,3,0.34615384615384615,13,0,0.32873047651923143,2,O=C(Nc1ncc(Oc2ccccc2)s1)C(OC1CCOCC1)c1ccc(S(=O)(=O)C2CC2)cc1,CC(CC1CCC(CC2CCCCC2)C1)C(CC1CCCCC1)C1CCC(C(C)(C)C2CC2)CC1,False,"InChI=1S/C26H25ClN2O8S2/c27-21-8-3-17(13-20(21)25(31)32)36-22-14-28-26(38-22)29-24(30)23(37-16-9-11-35-12-10-16)15-1-4-18(5-2-15)39(33,34)19-6-7-19/h1-5,8,13-14,16,19,23H,6-7,9-12H2,(H,31,32)(H,28,29,30)",CGZJDKGLZVFVIQ-UHFFFAOYSA-N,CGZJDKGLZVFVIQ,1,True,False,False,False,CGZJDKGLZVFVIQ-UHFFFAOYSA-N,1,True,11
GKA_0674,gka_candidate,CHEMBL4641920,,CS(=O)(=O)N1CCC(c2nsc(Nc3ncc(Sc4ccccn4)cc3Oc3ccccc3)n2)CC1,,,activity,,P4,6.0–6.5（0.32–1 µM）,6.32,False,,CHEMBL4641920,False,,,,,,,,False,True,True,CS(=O)(=O)N1CCC(c2nsc(Nc3ncc(Sc4ccccn4)cc3Oc3ccccc3)n2)CC1,1,False,0,0,False,False,无改动,540.696,540.107201628,36,110.2,172.12,5.154200000000005,140.69649999999982,1,10,8,8,5,4,0.25,12,0,0.32414639383357446,2,c1ccc(Oc2cc(Sc3ccccn3)cnc2Nc2nc(C3CCNCC3)ns2)cc1,C1CCC(CC2CCC(CC3CCC(C4CCCCC4)C3)C(CC3CCCCC3)C2)CC1,False,"InChI=1S/C24H24N6O3S3/c1-36(31,32)30-13-10-17(11-14-30)22-27-24(35-29-22)28-23-20(33-18-7-3-2-4-8-18)15-19(16-26-23)34-21-9-5-6-12-25-21/h2-9,12,15-17H,10-11,13-14H2,1H3,(H,26,27,28,29)",CTCWRWPQHBJTGS-UHFFFAOYSA-N,CTCWRWPQHBJTGS,0,False,False,True,False,CTCWRWPQHBJTGS-UHFFFAOYSA-N,1,True,8
GKA_0675,gka_candidate,CHEMBL575278,,Cn1ccc(Nc2ncnc3ccc(Oc4ncccc4CO)cc23)n1,,,activity,,P4,6.0–6.5（0.32–1 µM）,6.32,False,,CHEMBL575278,False,,,,,,,,False,True,True,Cn1ccc(Nc2ncnc3ccc(Oc4ncccc4CO)cc23)n1,1,False,0,0,False,False,无改动,348.3660000000001,348.133473752,26,97.98,97.98,2.7865,96.26250000000003,2,7,5,5,4,4,0.1111111111111111,8,0,0.5720699422138448,0,c1ccc(Oc2ccc3ncnc(Nc4cc[nH]n4)c3c2)nc1,C1CCC(CC2CCC3CCCC(CC4CCCC4)C3C2)CC1,False,"InChI=1S/C18H16N6O2/c1-24-8-6-16(23-24)22-17-14-9-13(4-5-15(14)20-11-21-17)26-18-12(10-25)3-2-7-19-18/h2-9,11,25H,10H2,1H3,(H,20,21,22,23)",UVCGNRRZRNVRSI-UHFFFAOYSA-N,UVCGNRRZRNVRSI,0,False,False,False,False,UVCGNRRZRNVRSI-UHFFFAOYSA-N,1,True,5
GKA_0676,gka_candidate,CHEMBL2023439,,COC1CCN(S(=O)(=O)c2ccc(Oc3cc(OCC=C(C)C)cc(C(=O)Nc4ccn(C)n4)c3)cc2)CC1,,,activity,,P4,6.0–6.5（0.32–1 µM）,6.31,False,,CHEMBL2023439,False,,,,,,,,False,True,True,COC1CCN(S(=O)(=O)c2ccc(Oc3cc(OCC=C(C)C)cc(C(=O)Nc4ccn(C)n4)c3)cc2)CC1,1,False,0,0,False,False,无改动,554.6690000000002,554.219905808,39,111.99000000000002,120.37000000000002,4.609200000000004,147.83499999999984,1,7,10,11,4,3,0.35714285714285715,11,0,0.3644048018021185,1,O=C(Nc1cc[nH]n1)c1cccc(Oc2ccc(S(=O)(=O)N3CCCCC3)cc2)c1,CC(CC1CCCC1)C1CCCC(CC2CCC(C(C)(C)C3CCCCC3)CC2)C1,False,"InChI=1S/C28H34N4O6S/c1-20(2)12-16-37-24-17-21(28(33)29-27-11-13-31(3)30-27)18-25(19-24)38-23-5-7-26(8-6-23)39(34,35)32-14-9-22(36-4)10-15-32/h5-8,11-13,17-19,22H,9-10,14-16H2,1-4H3,(H,29,30,33)",HKVWZJIDORPBSW-UHFFFAOYSA-N,HKVWZJIDORPBSW,0,False,False,True,False,HKVWZJIDORPBSW-UHFFFAOYSA-N,1,True,2
GKA_0677,gka_candidate,CHEMBL3358439,,CCn1nccc1Oc1cc(C[C@H]2CCO[C@H](COC)C2)cnc1NC(=O)NC,,,activity,,P4,6.0–6.5（0.32–1 µM）,6.31,False,,CHEMBL3358439,False,,,,,,,,False,True,True,CCn1nccc1Oc1cc(C[C@H]2CCO[C@H](COC)C2)cnc1NC(=O)NC,1,False,0,0,False,False,无改动,403.48300000000006,403.2219544080001,29,99.53,99.53,2.8257000000000003,108.33440000000006,2,6,8,10,3,2,0.55,9,0,0.7031192137442657,0,c1cc(Oc2cncc(CC3CCOCC3)c2)[nH]n1,C1CCC(CC2CCCC(CC3CCCC3)C2)CC1,False,"InChI=1S/C20H29N5O4/c1-4-25-18(5-7-23-25)29-17-11-15(12-22-19(17)24-20(26)21-2)9-14-6-8-28-16(10-14)13-27-3/h5,7,11-12,14,16H,4,6,8-10,13H2,1-3H3,(H2,21,22,24,26)/t14-,16+/m1/s1",QXNHYYXUTCYDNJ-ZBFHGGJFSA-N,QXNHYYXUTCYDNJ,2,False,False,False,False,QXNHYYXUTCYDNJ-ZBFHGGJFSA-N,1,True,4
GKA_0678,gka_candidate,CHEMBL1783737,,CCS(=O)(=O)c1ccn([C@@H](CC2CCCC2)C(=O)Nc2ccc(C)cn2)c(=O)c1,,,activity,,P4,6.0–6.5（0.32–1 µM）,6.3,False,,CHEMBL1783737,False,,,,,,,,False,True,True,CCS(=O)(=O)c1ccn([C@@H](CC2CCCC2)C(=O)Nc2ccc(C)cn2)c(=O)c1,1,False,0,0,False,False,无改动,417.53100000000006,417.172227344,29,98.13,106.51000000000002,3.1054200000000014,111.64450000000005,1,5,7,8,3,2,0.47619047619047616,8,0,0.7463751918563977,0,O=C(Nc1ccccn1)[C@H](CC1CCCC1)n1ccccc1=O,CC1CCCCC1C(CC1CCCC1)C(C)CC1CCCCC1,False,"InChI=1S/C21H27N3O4S/c1-3-29(27,28)17-10-11-24(20(25)13-17)18(12-16-6-4-5-7-16)21(26)23-19-9-8-15(2)14-22-19/h8-11,13-14,16,18H,3-7,12H2,1-2H3,(H,22,23,26)/t18-/m0/s1",FUBDZUFNVMAUNX-SFHVURJKSA-N,FUBDZUFNVMAUNX,1,False,False,False,False,FUBDZUFNVMAUNX-SFHVURJKSA-N,1,True,11
GKA_0679,gka_candidate,CHEMBL2346755,,Cc1cc(S(=O)(=O)C2CCCC2)cc(=O)n1[C@@H](CC1CCCCO1)C(=O)Nc1ncc(F)s1,,,activity,,P4,6.0–6.5（0.32–1 µM）,6.3,False,,CHEMBL2346755,False,,,,,,,,False,True,True,Cc1cc(S(=O)(=O)C2CCCC2)cc(=O)n1[C@@H](CC1CCCCO1)C(=O)Nc1ncc(F)s1,1,False,0,0,False,False,无改动,497.61400000000026,497.145441216,33,107.36,143.98000000000002,3.6076200000000016,122.82750000000007,1,7,7,8,4,2,0.5909090909090909,11,0,0.6262860183115112,0,O=C(Nc1nccs1)[C@H](CC1CCCCO1)n1ccc(S(=O)(=O)C2CCCC2)cc1=O,CC1CC(C(C)(C)C2CCCC2)CCC1C(CC1CCCCC1)C(C)CC1CCCC1,False,"InChI=1S/C22H28FN3O5S2/c1-14-10-17(33(29,30)16-7-2-3-8-16)12-20(27)26(14)18(11-15-6-4-5-9-31-15)21(28)25-22-24-13-19(23)32-22/h10,12-13,15-16,18H,2-9,11H2,1H3,(H,24,25,28)/t15?,18-/m0/s1",PANUZABGCYBSRN-PKHIMPSTSA-N,PANUZABGCYBSRN,2,False,False,False,False,PANUZABGCYBSRN-PKHIMPSTSA-N,1,True,2
GKA_0680,gka_candidate,CHEMBL2346897,,CS(=O)(=O)c1ccc2c(=O)n([C@@H](CC3CCCCC3)C(=O)Nc3nccs3)cnc2c1,,,activity,,P4,6.0–6.5（0.32–1 µM）,6.3,False,,CHEMBL2346897,False,,,,,,,,False,True,True,CS(=O)(=O)c1ccc2c(=O)n([C@@H](CC3CCCCC3)C(=O)Nc3nccs3)cnc2c1,1,False,0,0,False,False,无改动,460.58100000000013,460.123897248,31,111.02000000000001,147.64,3.4067000000000016,120.08550000000002,1,7,6,7,4,3,0.42857142857142855,10,0,0.603454360737623,0,O=C(Nc1nccs1)[C@H](CC1CCCCC1)n1cnc2ccccc2c1=O,CC(CC1CCCC1)C(CC1CCCCC1)C1CCC2CCCCC2C1C,False,"InChI=1S/C21H24N4O4S2/c1-31(28,29)15-7-8-16-17(12-15)23-13-25(20(16)27)18(11-14-5-3-2-4-6-14)19(26)24-21-22-9-10-30-21/h7-10,12-14,18H,2-6,11H2,1H3,(H,22,24,26)/t18-/m0/s1",MOLZLBZIBIWKJC-SFHVURJKSA-N,MOLZLBZIBIWKJC,1,False,False,False,False,MOLZLBZIBIWKJC-SFHVURJKSA-N,1,True,3
GKA_0681,gka_candidate,CHEMBL2408120,,CC(C)Oc1cc(Oc2cnc(C(=O)N(C)C)cn2)cc(-c2nccc(=O)[nH]2)c1,,,activity,,P4,6.0–6.5（0.32–1 µM）,6.3,False,,CHEMBL2408120,False,,,,,,,,False,True,True,CC(C)Oc1cc(Oc2cnc(C(=O)N(C)C)cn2)cc(-c2nccc(=O)[nH]2)c1,1,False,0,0,False,False,无改动,395.4190000000001,395.15935415200005,29,110.30000000000001,110.30000000000001,2.5081999999999995,106.18120000000003,1,7,6,7,3,3,0.25,9,0,0.6826092155371614,0,O=c1ccnc(-c2cccc(Oc3cnccn3)c2)[nH]1,CC1CCCC(C2CCCC(CC3CCCCC3)C2)C1,False,"InChI=1S/C20H21N5O4/c1-12(2)28-14-7-13(19-21-6-5-17(26)24-19)8-15(9-14)29-18-11-22-16(10-23-18)20(27)25(3)4/h5-12H,1-4H3,(H,21,24,26)",LGQSPYOERTUZSV-UHFFFAOYSA-N,LGQSPYOERTUZSV,0,False,False,False,False,LGQSPYOERTUZSV-UHFFFAOYSA-N,1,True,2
GKA_0682,gka_candidate,CHEMBL3221486,,CCOC[C@H](Oc1ncnc2c1cnn2-c1ccccc1Cl)C(=O)Nc1cnc(C)cn1,,,activity,,P4,6.0–6.5（0.32–1 µM）,6.3,False,,CHEMBL3221486,False,,,,,,,,False,True,True,CCOC[C@H](Oc1ncnc2c1cnn2-c1ccccc1Cl)C(=O)Nc1cnc(C)cn1,1,False,0,0,False,False,无改动,453.8900000000001,453.13161518000004,32,116.94,116.94,2.9899200000000006,117.97770000000004,1,8,8,9,4,4,0.23809523809523808,11,0,0.43237624782530276,0,O=C(COc1ncnc2c1cnn2-c1ccccc1)Nc1cnccn1,CC(CCC1CCCC2C(C3CCCCC3)CCC12)CC1CCCCC1,False,"InChI=1S/C21H20ClN7O3/c1-3-31-11-17(20(30)28-18-10-23-13(2)8-24-18)32-21-14-9-27-29(19(14)25-12-26-21)16-7-5-4-6-15(16)22/h4-10,12,17H,3,11H2,1-2H3,(H,24,28,30)/t17-/m0/s1",XQXCNHGZFDXEAL-KRWDZBQOSA-N,XQXCNHGZFDXEAL,1,False,False,False,False,XQXCNHGZFDXEAL-KRWDZBQOSA-N,1,True,3
GKA_0683,gka_candidate,CHEMBL3221496,,CC(C)OC[C@H](Oc1ncnc2c1cnn2-c1ncccc1Cl)C(=O)Nc1ccc(F)cn1,,,activity,,P4,6.0–6.5（0.32–1 µM）,6.3,False,,CHEMBL3221496,False,,,,,,,,False,True,True,CC(C)OC[C@H](Oc1ncnc2c1cnn2-c1ncccc1Cl)C(=O)Nc1ccc(F)cn1,1,False,0,0,False,False,无改动,471.88000000000017,471.12219336800007,33,116.94000000000001,116.94000000000001,3.209100000000001,117.79370000000002,1,8,8,9,4,4,0.23809523809523808,12,0,0.4160472817645719,0,O=C(COc1ncnc2c1cnn2-c1ccccn1)Nc1ccccn1,CC(CCC1CCCC2C(C3CCCCC3)CCC12)CC1CCCCC1,False,"InChI=1S/C21H19ClFN7O3/c1-12(2)32-10-16(20(31)29-17-6-5-13(23)8-25-17)33-21-14-9-28-30(18(14)26-11-27-21)19-15(22)4-3-7-24-19/h3-9,11-12,16H,10H2,1-2H3,(H,25,29,31)/t16-/m0/s1",IOQAVAVYSMVXIJ-INIZCTEOSA-N,IOQAVAVYSMVXIJ,1,False,False,False,False,IOQAVAVYSMVXIJ-INIZCTEOSA-N,1,True,16
GKA_0684,gka_candidate,CHEMBL3221499,,CC(C)OC[C@H](Oc1ncnc2c1cnn2-c1ncccc1Cl)C(=O)Nc1ccccn1,,,activity,,P4,6.0–6.5（0.32–1 µM）,6.3,False,,CHEMBL3221499,False,,,,,,,,False,True,True,CC(C)OC[C@H](Oc1ncnc2c1cnn2-c1ncccc1Cl)C(=O)Nc1ccccn1,1,False,0,0,False,False,无改动,453.89000000000016,453.13161518000004,32,116.94000000000001,116.94000000000001,3.070000000000001,117.8357,1,8,8,9,4,4,0.23809523809523808,11,0,0.43224181879287704,0,O=C(COc1ncnc2c1cnn2-c1ccccn1)Nc1ccccn1,CC(CCC1CCCC2C(C3CCCCC3)CCC12)CC1CCCCC1,False,"InChI=1S/C21H20ClN7O3/c1-13(2)31-11-16(20(30)28-17-7-3-4-8-23-17)32-21-14-10-27-29(18(14)25-12-26-21)19-15(22)6-5-9-24-19/h3-10,12-13,16H,11H2,1-2H3,(H,23,28,30)/t16-/m0/s1",WZBXEGOCOAPVFH-INIZCTEOSA-N,WZBXEGOCOAPVFH,1,False,False,False,False,WZBXEGOCOAPVFH-INIZCTEOSA-N,1,True,16
GKA_0685,gka_candidate,CHEMBL3221501,,CCOC[C@H](Oc1ncnc2c1cnn2-c1ncccc1Cl)C(=O)Nc1ccccn1,,,activity,,P4,6.0–6.5（0.32–1 µM）,6.3,False,,CHEMBL3221501,False,,,,,,,,False,True,True,CCOC[C@H](Oc1ncnc2c1cnn2-c1ncccc1Cl)C(=O)Nc1ccccn1,1,False,0,0,False,False,无改动,439.8630000000001,439.11596511600004,31,116.94000000000001,116.94000000000001,2.6815000000000007,113.2407,1,8,8,9,4,4,0.2,11,0,0.4449934979271311,0,O=C(COc1ncnc2c1cnn2-c1ccccn1)Nc1ccccn1,CC(CCC1CCCC2C(C3CCCCC3)CCC12)CC1CCCCC1,False,"InChI=1S/C20H18ClN7O3/c1-2-30-11-15(19(29)27-16-7-3-4-8-22-16)31-20-13-10-26-28(17(13)24-12-25-20)18-14(21)6-5-9-23-18/h3-10,12,15H,2,11H2,1H3,(H,22,27,29)/t15-/m0/s1",PLXPDSFGIBWPIR-HNNXBMFYSA-N,PLXPDSFGIBWPIR,1,False,False,False,False,PLXPDSFGIBWPIR-HNNXBMFYSA-N,1,True,16
GKA_0686,gka_candidate,CHEMBL3221506,,O=C(Nc1ccc(Cl)cn1)[C@H](COCCO)Oc1ncnc2c1cnn2-c1ncccc1Cl,,,activity,,P4,6.0–6.5（0.32–1 µM）,6.3,False,,CHEMBL3221506,False,,,,,,,,False,True,True,O=C(Nc1ccc(Cl)cn1)[C@H](COCCO)Oc1ncnc2c1cnn2-c1ncccc1Cl,1,False,0,0,False,False,无改动,490.30700000000013,489.07190738400016,33,137.17000000000002,137.17000000000002,2.3073000000000006,119.6625,2,9,9,10,4,4,0.2,13,0,0.33874276791509605,0,O=C(COc1ncnc2c1cnn2-c1ccccn1)Nc1ccccn1,CC(CCC1CCCC2C(C3CCCCC3)CCC12)CC1CCCCC1,False,"InChI=1S/C20H17Cl2N7O4/c21-12-3-4-16(24-8-12)28-19(31)15(10-32-7-6-30)33-20-13-9-27-29(17(13)25-11-26-20)18-14(22)2-1-5-23-18/h1-5,8-9,11,15,30H,6-7,10H2,(H,24,28,31)/t15-/m0/s1",JGFLXCJCQKHWLZ-HNNXBMFYSA-N,JGFLXCJCQKHWLZ,1,False,False,False,False,JGFLXCJCQKHWLZ-HNNXBMFYSA-N,1,True,16
GKA_0687,gka_candidate,CHEMBL3221525,,N#Cc1ccc(NC(=O)[C@H](CN2CC(O)C2)Oc2ncnc3c2cnn3-c2c(Cl)cccc2C#N)nc1,,,activity,,P4,6.0–6.5（0.32–1 µM）,6.3,False,,CHEMBL3221525,False,,,,,,,,False,True,True,N#Cc1ccc(NC(=O)[C@H](CN2CC(O)C2)Oc2ncnc3c2cnn3-c2c(Cl)cccc2C#N)nc1,1,False,0,0,False,False,无改动,515.9210000000002,515.1221131160002,37,165.87,165.87,1.6698599999999995,130.82949999999997,2,10,7,8,5,4,0.20833333333333334,13,0,0.3692636188098884,1,O=C(Nc1ccccn1)[C@H](CN1CCC1)Oc1ncnc2c1cnn2-c1ccccc1,CC(CC1CCCCC1)C(CC1CCC1)CC1CCCC2C(C3CCCCC3)CCC12,False,"InChI=1S/C24H18ClN9O3/c25-18-3-1-2-15(7-27)21(18)34-22-17(9-31-34)24(30-13-29-22)37-19(12-33-10-16(35)11-33)23(36)32-20-5-4-14(6-26)8-28-20/h1-5,8-9,13,16,19,35H,10-12H2,(H,28,32,36)/t19-/m0/s1",QNXBTJMKZJMAEU-IBGZPJMESA-N,QNXBTJMKZJMAEU,1,False,True,False,False,QNXBTJMKZJMAEU-IBGZPJMESA-N,1,True,10
GKA_0688,gka_candidate,CHEMBL3221527,,N#Cc1cccc(Cl)c1-n1ncc2c(O[C@@H](COCCO)C(=O)Nc3ccc(F)cn3)ncnc21,,,activity,,P4,6.0–6.5（0.32–1 µM）,6.3,False,,CHEMBL3221527,False,,,,,,,,False,True,True,N#Cc1cccc(Cl)c1-n1ncc2c(O[C@@H](COCCO)C(=O)Nc3ccc(F)cn3)ncnc21,1,False,0,0,False,False,无改动,497.8740000000002,497.1014579240001,35,148.07,148.07,2.2696799999999993,121.5305,2,9,9,10,4,4,0.18181818181818182,13,0,0.3319712856927461,0,O=C(COc1ncnc2c1cnn2-c1ccccc1)Nc1ccccn1,CC(CCC1CCCC2C(C3CCCCC3)CCC12)CC1CCCCC1,False,"InChI=1S/C22H17ClFN7O4/c23-16-3-1-2-13(8-25)19(16)31-20-15(10-29-31)22(28-12-27-20)35-17(11-34-7-6-32)21(33)30-18-5-4-14(24)9-26-18/h1-5,9-10,12,17,32H,6-7,11H2,(H,26,30,33)/t17-/m0/s1",BUIXNKGCYRBMEG-KRWDZBQOSA-N,BUIXNKGCYRBMEG,1,False,False,False,False,BUIXNKGCYRBMEG-KRWDZBQOSA-N,1,True,18
GKA_0689,gka_candidate,CHEMBL3358887,,CCn1nccc1Oc1cc(C[C@H]2C[C@H](O)C2)cnc1NC(=O)NC,,,activity,,P4,6.0–6.5（0.32–1 µM）,6.3,False,,CHEMBL3358887,False,,,,,,,,False,True,True,CCn1nccc1Oc1cc(C[C@H]2C[C@H](O)C2)cnc1NC(=O)NC,1,False,0,0,False,False,无改动,345.403,345.180089596,25,101.30000000000001,101.30000000000001,2.1550000000000002,92.72520000000004,3,5,6,8,3,2,0.47058823529411764,8,0,0.7445798387677355,0,c1cc(Oc2cncc(CC3CCC3)c2)[nH]n1,C1CCC(CC2CCCC(CC3CCC3)C2)C1,False,"InChI=1S/C17H23N5O3/c1-3-22-15(4-5-20-22)25-14-9-12(6-11-7-13(23)8-11)10-19-16(14)21-17(24)18-2/h4-5,9-11,13,23H,3,6-8H2,1-2H3,(H2,18,19,21,24)/t11-,13-",JPIQZOOVYMKWGU-AULYBMBSSA-N,JPIQZOOVYMKWGU,2,False,False,False,False,JPIQZOOVYMKWGU-AULYBMBSSA-N,1,True,4
GKA_0690,gka_candidate,CHEMBL4212156,,COC[C@H](C)Oc1cc(Oc2ccc(C(=O)N3CCC3)cc2)cc(C(=O)Nc2nc3c(s2)CN(C(=O)N(C)C)CC3)c1,,,activity,,P4,6.0–6.5（0.32–1 µM）,6.3,False,,CHEMBL4212156,False,,,,,,,,False,True,True,COC[C@H](C)Oc1cc(Oc2ccc(C(=O)N3CCC3)cc2)cc(C(=O)Nc2nc3c(s2)CN(C(=O)N(C)C)CC3)c1,1,False,0,0,False,False,无改动,593.7060000000001,593.2308048399999,42,113.54,141.78,4.487000000000004,158.70869999999968,1,8,9,13,5,3,0.4,12,0,0.38909260496235265,1,O=C(Nc1nc2c(s1)CNCC2)c1cccc(Oc2ccc(C(=O)N3CCC3)cc2)c1,CC(CC1CC2CCCCC2C1)C1CCCC(CC2CCC(C(C)C3CCC3)CC2)C1,False,"InChI=1S/C30H35N5O6S/c1-19(18-39-4)40-23-14-21(15-24(16-23)41-22-8-6-20(7-9-22)28(37)34-11-5-12-34)27(36)32-29-31-25-10-13-35(17-26(25)42-29)30(38)33(2)3/h6-9,14-16,19H,5,10-13,17-18H2,1-4H3,(H,31,32,36)/t19-/m0/s1",NGYAQWBCOYBRCN-IBGZPJMESA-N,NGYAQWBCOYBRCN,1,False,False,False,False,NGYAQWBCOYBRCN-IBGZPJMESA-N,1,True,7
GKA_0691,gka_candidate,CHEMBL3218714,,COC(=O)CCNC(=O)c1cnc(NC(=O)C(CC2CCOCC2)c2ccc(S(=O)(=O)C3CC3)cc2)s1,,,activity,,P4,6.0–6.5（0.32–1 µM）,6.28,False,,CHEMBL3218714,False,,,,,,,,False,True,True,COC(=O)CCNC(=O)c1cnc(NC(=O)C(CC2CCOCC2)c2ccc(S(=O)(=O)C3CC3)cc2)s1,1,False,0,0,False,False,无改动,549.6710000000005,549.1603423319999,37,140.76,177.38,2.9111000000000002,137.2606999999999,2,9,11,14,4,2,0.52,12,0,0.4078330394321709,1,O=C(Nc1nccs1)C(CC1CCOCC1)c1ccc(S(=O)(=O)C2CC2)cc1,CC(CC1CCCC1)C(CC1CCCCC1)C1CCC(C(C)(C)C2CC2)CC1,False,"InChI=1S/C25H31N3O7S2/c1-34-22(29)8-11-26-24(31)21-15-27-25(36-21)28-23(30)20(14-16-9-12-35-13-10-16)17-2-4-18(5-3-17)37(32,33)19-6-7-19/h2-5,15-16,19-20H,6-14H2,1H3,(H,26,31)(H,27,28,30)",QFYRVNOJLXNCNA-UHFFFAOYSA-N,QFYRVNOJLXNCNA,1,False,False,False,False,QFYRVNOJLXNCNA-UHFFFAOYSA-N,1,True,5
GKA_0692,gka_candidate,CHEMBL3358886,,CCn1nccc1Oc1cc(C[C@H]2C[C@@H](O)C2)cnc1NC(=O)NC,,,activity,,P4,6.0–6.5（0.32–1 µM）,6.28,False,,CHEMBL3358886,False,,,,,,,,False,True,True,CCn1nccc1Oc1cc(C[C@H]2C[C@@H](O)C2)cnc1NC(=O)NC,1,False,0,0,False,False,无改动,345.403,345.180089596,25,101.30000000000001,101.30000000000001,2.1550000000000002,92.72520000000004,3,5,6,8,3,2,0.47058823529411764,8,0,0.7445798387677355,0,c1cc(Oc2cncc(CC3CCC3)c2)[nH]n1,C1CCC(CC2CCCC(CC3CCC3)C2)C1,False,"InChI=1S/C17H23N5O3/c1-3-22-15(4-5-20-22)25-14-9-12(6-11-7-13(23)8-11)10-19-16(14)21-17(24)18-2/h4-5,9-11,13,23H,3,6-8H2,1-2H3,(H2,18,19,21,24)/t11-,13+",JPIQZOOVYMKWGU-BJHJDKERSA-N,JPIQZOOVYMKWGU,2,False,False,False,False,JPIQZOOVYMKWGU-BJHJDKERSA-N,1,True,4
GKA_0693,gka_candidate,CHEMBL3763295,,CS(=O)(=O)c1ccc(C(O)(CC2CCCC2)c2cc3cc(Br)cnc3[nH]2)cc1Cl,,,activity,,P4,6.0–6.5（0.32–1 µM）,6.27,False,,CHEMBL3763295,False,,,,,,,,False,True,True,CS(=O)(=O)c1ccc(C(O)(CC2CCCC2)c2cc3cc(Br)cnc3[nH]2)cc1Cl,1,False,0,0,False,False,无改动,497.842,496.0223033440001,29,83.05000000000001,91.43,5.198500000000004,117.92930000000003,2,4,5,5,4,3,0.38095238095238093,8,0,0.5074852853054707,1,c1ccc(C(CC2CCCC2)c2cc3cccnc3[nH]2)cc1,C1CCC(C(CC2CCCC2)C2CC3CCCCC3C2)CC1,False,"InChI=1S/C21H22BrClN2O3S/c1-29(27,28)18-7-6-15(10-17(18)23)21(26,11-13-4-2-3-5-13)19-9-14-8-16(22)12-24-20(14)25-19/h6-10,12-13,26H,2-5,11H2,1H3,(H,24,25)",OZRQARRLWGIGOJ-UHFFFAOYSA-N,OZRQARRLWGIGOJ,1,False,False,False,False,OZRQARRLWGIGOJ-UHFFFAOYSA-N,1,True,11
GKA_0694,gka_candidate,CHEMBL3765816,,CS(=O)(=O)c1ccc(C(CC2CCCC2)c2cc3cccnc3[nH]2)cc1Cl,,,activity,,P4,6.0–6.5（0.32–1 µM）,6.26,False,,CHEMBL3765816,False,,,,,,,,False,True,True,CS(=O)(=O)c1ccc(C(CC2CCCC2)c2cc3cccnc3[nH]2)cc1Cl,1,False,0,0,False,False,无改动,402.947,402.11687665600004,27,62.82,71.2,5.332000000000004,109.07350000000005,1,3,5,5,4,3,0.38095238095238093,6,0,0.6266621846701542,1,c1ccc(C(CC2CCCC2)c2cc3cccnc3[nH]2)cc1,C1CCC(C(CC2CCCC2)C2CC3CCCCC3C2)CC1,False,"InChI=1S/C21H23ClN2O2S/c1-27(25,26)20-9-8-15(12-18(20)22)17(11-14-5-2-3-6-14)19-13-16-7-4-10-23-21(16)24-19/h4,7-10,12-14,17H,2-3,5-6,11H2,1H3,(H,23,24)",IATYBUSZZPRTJB-UHFFFAOYSA-N,IATYBUSZZPRTJB,1,False,False,False,False,IATYBUSZZPRTJB-UHFFFAOYSA-N,1,True,11
GKA_0695,gka_candidate,CHEMBL606156,,CCS(=O)(=O)c1ccc(Oc2cc3nc(-c4ccccn4)[nH]c3cc2CNC(C)=O)cc1,,,activity,,P4,6.0–6.5（0.32–1 µM）,6.255,False,,CHEMBL606156,False,,,,,,,,False,True,True,CCS(=O)(=O)c1ccc(Oc2cc3nc(-c4ccccn4)[nH]c3cc2CNC(C)=O)cc1,1,False,0,0,False,False,无改动,450.52000000000015,450.136176184,32,114.03999999999999,122.41999999999999,3.8469000000000015,121.08820000000003,2,6,7,8,4,4,0.17391304347826086,9,0,0.44209302932523675,0,c1ccc(Oc2ccc3[nH]c(-c4ccccn4)nc3c2)cc1,C1CCC(CC2CCC3CC(C4CCCCC4)CC3C2)CC1,False,"InChI=1S/C23H22N4O4S/c1-3-32(29,30)18-9-7-17(8-10-18)31-22-13-21-20(12-16(22)14-25-15(2)28)26-23(27-21)19-6-4-5-11-24-19/h4-13H,3,14H2,1-2H3,(H,25,28)(H,26,27)",UNMQYYDCURQBFP-UHFFFAOYSA-N,UNMQYYDCURQBFP,0,False,False,False,False,UNMQYYDCURQBFP-UHFFFAOYSA-N,1,True,4
GKA_0696,gka_candidate,CHEMBL1783736,,Cc1ccc(NC(=O)[C@H](CC2CCCC2)n2ccc(S(C)(=O)=O)cc2=O)nc1,,,activity,,P4,6.0–6.5（0.32–1 µM）,6.25,False,,CHEMBL1783736,False,,,,,,,,False,True,True,Cc1ccc(NC(=O)[C@H](CC2CCCC2)n2ccc(S(C)(=O)=O)cc2=O)nc1,1,False,0,0,False,False,无改动,403.50400000000013,403.15657727999996,28,98.13000000000001,106.51,2.715320000000001,107.02750000000005,1,5,6,7,3,2,0.45,8,0,0.7996155382455178,0,O=C(Nc1ccccn1)[C@H](CC1CCCC1)n1ccccc1=O,CC1CCCCC1C(CC1CCCC1)C(C)CC1CCCCC1,False,"InChI=1S/C20H25N3O4S/c1-14-7-8-18(21-13-14)22-20(25)17(11-15-5-3-4-6-15)23-10-9-16(12-19(23)24)28(2,26)27/h7-10,12-13,15,17H,3-6,11H2,1-2H3,(H,21,22,25)/t17-/m0/s1",MXWLHPNPPVYETR-KRWDZBQOSA-N,MXWLHPNPPVYETR,1,False,False,False,False,MXWLHPNPPVYETR-KRWDZBQOSA-N,1,True,11
GKA_0697,gka_candidate,CHEMBL2165623,,O=C(O)Cc1ccc(NC(=O)[C@H](CC2CCCC2)n2cnc(C(F)(F)F)c2)nc1,,,activity,,P4,6.0–6.5（0.32–1 µM）,6.25,False,,CHEMBL2165623,False,,,,,,,,False,True,True,O=C(O)Cc1ccc(NC(=O)[C@H](CC2CCCC2)n2cnc(C(F)(F)F)c2)nc1,1,False,0,0,False,False,无改动,410.39599999999996,410.15657519200005,29,97.11000000000001,97.11000000000001,3.6841000000000026,97.04750000000003,2,4,7,9,3,2,0.47368421052631576,10,0,0.7257781941066019,0,O=C(Nc1ccccn1)[C@H](CC1CCCC1)n1ccnc1,CC(CC1CCCCC1)C(CC1CCCC1)C1CCCC1,False,"InChI=1S/C19H21F3N4O3/c20-19(21,22)15-10-26(11-24-15)14(7-12-3-1-2-4-12)18(29)25-16-6-5-13(9-23-16)8-17(27)28/h5-6,9-12,14H,1-4,7-8H2,(H,27,28)(H,23,25,29)/t14-/m0/s1",KDYJKFBLCLYERB-AWEZNQCLSA-N,KDYJKFBLCLYERB,1,True,False,False,False,KDYJKFBLCLYERB-AWEZNQCLSA-N,1,True,4
GKA_0698,gka_candidate,CHEMBL2430852,,CCc1csc(Nc2ncc(Br)cc2OCc2ccccc2)n1,,,activity,,P4,6.0–6.5（0.32–1 µM）,6.25,False,,CHEMBL2430852,False,,,,,,,,False,True,True,CCc1csc(Nc2ncc(Br)cc2OCc2ccccc2)n1,1,False,0,0,False,False,无改动,390.3060000000001,389.019745232,23,47.040000000000006,75.28,5.185600000000003,97.48570000000001,1,5,6,6,3,3,0.17647058823529413,6,0,0.6297030789426207,1,c1ccc(COc2cccnc2Nc2nccs2)cc1,C1CCC(CCC2CCCCC2CC2CCCC2)CC1,False,"InChI=1S/C17H16BrN3OS/c1-2-14-11-23-17(20-14)21-16-15(8-13(18)9-19-16)22-10-12-6-4-3-5-7-12/h3-9,11H,2,10H2,1H3,(H,19,20,21)",ANSZFRWADMQBIE-UHFFFAOYSA-N,ANSZFRWADMQBIE,0,False,False,False,False,ANSZFRWADMQBIE-UHFFFAOYSA-N,1,True,5
GKA_0699,gka_candidate,CHEMBL561049,,CC(CN)Oc1cc(Oc2ccc(S(C)(=O)=O)cc2)cc(C(=O)Nc2nccs2)c1,,,activity,,P4,6.0–6.5（0.32–1 µM）,6.25,False,,CHEMBL561049,False,,,,,,,,False,True,True,CC(CN)Oc1cc(Oc2ccc(S(C)(=O)=O)cc2)cc(C(=O)Nc2nccs2)c1,1,False,0,0,False,False,无改动,447.5380000000001,447.092262772,30,120.61,157.23000000000002,3.3172000000000015,115.27940000000002,2,8,8,9,3,3,0.2,10,0,0.5432769355384238,0,O=C(Nc1nccs1)c1cccc(Oc2ccccc2)c1,CC(CC1CCCC1)C1CCCC(CC2CCCCC2)C1,False,"InChI=1S/C20H21N3O5S2/c1-13(12-21)27-16-9-14(19(24)23-20-22-7-8-29-20)10-17(11-16)28-15-3-5-18(6-4-15)30(2,25)26/h3-11,13H,12,21H2,1-2H3,(H,22,23,24)",QIUSLJYMNMJMRD-UHFFFAOYSA-N,QIUSLJYMNMJMRD,1,False,True,False,False,QIUSLJYMNMJMRD-UHFFFAOYSA-N,1,True,26
GKA_0700,gka_candidate,CHEMBL3960237,,Cc1ccc(Oc2cnc(NC(=O)C(O[C@@H]3CCOC3)c3ccc(S(=O)(=O)C4CC4)cc3)s2)cc1C(=O)O,,,activity,,P4,6.0–6.5（0.32–1 µM）,6.24,False,,CHEMBL3960237,False,,,,,,,,False,True,True,Cc1ccc(Oc2cnc(NC(=O)C(O[C@@H]3CCOC3)c3ccc(S(=O)(=O)C4CC4)cc3)s2)cc1C(=O)O,1,False,0,0,False,False,无改动,558.6340000000004,558.1130577920001,38,141.11999999999998,177.73999999999998,4.363420000000003,138.65579999999994,2,9,10,11,5,3,0.34615384615384615,12,0,0.371108672021136,1,O=C(Nc1ncc(Oc2ccccc2)s1)C(O[C@@H]1CCOC1)c1ccc(S(=O)(=O)C2CC2)cc1,CC(CC1CCC(CC2CCCCC2)C1)C(CC1CCCC1)C1CCC(C(C)(C)C2CC2)CC1,False,"InChI=1S/C26H26N2O8S2/c1-15-2-5-17(12-21(15)25(30)31)35-22-13-27-26(37-22)28-24(29)23(36-18-10-11-34-14-18)16-3-6-19(7-4-16)38(32,33)20-8-9-20/h2-7,12-13,18,20,23H,8-11,14H2,1H3,(H,30,31)(H,27,28,29)/t18-,23?/m1/s1",OXOLWOGFZIYWHO-FKSKYRLFSA-N,OXOLWOGFZIYWHO,2,True,False,False,False,OXOLWOGFZIYWHO-FKSKYRLFSA-N,1,True,2
GKA_0701,gka_candidate,CHEMBL479947,,Cc1cnc(NC(=O)[C@H](CC2CCOCC2)c2ccc(S(=O)(=O)C3CC3)cc2)s1,,,activity,,P4,6.0–6.5（0.32–1 µM）,6.24,False,,CHEMBL479947,False,,,,,,,,False,True,True,Cc1cnc(NC(=O)[C@H](CC2CCOCC2)c2ccc(S(=O)(=O)C3CC3)cc2)s1,1,False,0,0,False,False,无改动,434.5830000000001,434.133399312,29,85.35999999999999,121.98,3.9266200000000033,113.03150000000004,1,6,7,8,4,2,0.5238095238095238,8,0,0.7136974344975592,0,O=C(Nc1nccs1)[C@H](CC1CCOCC1)c1ccc(S(=O)(=O)C2CC2)cc1,CC(CC1CCCC1)C(CC1CCCCC1)C1CCC(C(C)(C)C2CC2)CC1,False,"InChI=1S/C21H26N2O4S2/c1-14-13-22-21(28-14)23-20(24)19(12-15-8-10-27-11-9-15)16-2-4-17(5-3-16)29(25,26)18-6-7-18/h2-5,13,15,18-19H,6-12H2,1H3,(H,22,23,24)/t19-/m1/s1",QRLYKVMXUHPIDV-LJQANCHMSA-N,QRLYKVMXUHPIDV,1,False,False,False,False,QRLYKVMXUHPIDV-LJQANCHMSA-N,1,True,4
GKA_0702,gka_candidate,CHEMBL517534,,O=C(Nc1nccs1)[C@H](CC1CCOCC1)c1ccc(S(=O)(=O)C2CC2)cc1,,,activity,,P4,6.0–6.5（0.32–1 µM）,6.24,False,,CHEMBL517534,False,,,,,,,,False,True,True,O=C(Nc1nccs1)[C@H](CC1CCOCC1)c1ccc(S(=O)(=O)C2CC2)cc1,1,False,0,0,False,False,无改动,420.5560000000001,420.117749248,28,85.35999999999999,121.97999999999999,3.6182000000000025,108.29450000000004,1,6,7,8,4,2,0.5,8,0,0.7394254310506873,0,O=C(Nc1nccs1)[C@H](CC1CCOCC1)c1ccc(S(=O)(=O)C2CC2)cc1,CC(CC1CCCC1)C(CC1CCCCC1)C1CCC(C(C)(C)C2CC2)CC1,False,"InChI=1S/C20H24N2O4S2/c23-19(22-20-21-9-12-27-20)18(13-14-7-10-26-11-8-14)15-1-3-16(4-2-15)28(24,25)17-5-6-17/h1-4,9,12,14,17-18H,5-8,10-11,13H2,(H,21,22,23)/t18-/m1/s1",DOTNXOZFPLAGNY-GOSISDBHSA-N,DOTNXOZFPLAGNY,1,False,False,False,False,DOTNXOZFPLAGNY-GOSISDBHSA-N,1,True,4
GKA_0703,gka_candidate,CHEMBL2408113,,CC(C)Oc1cc(Oc2ccc(S(C)(=O)=O)cc2)cc(-c2ncc(C(C)C)c(=O)[nH]2)c1,,,activity,,P4,6.0–6.5（0.32–1 µM）,6.23,False,,CHEMBL2408113,False,,,,,,,,False,True,True,CC(C)Oc1cc(Oc2ccc(S(C)(=O)=O)cc2)cc(-c2ncc(C(C)C)c(=O)[nH]2)c1,1,False,0,0,False,False,无改动,442.53700000000015,442.15624293200005,31,98.35,106.72999999999999,4.543300000000003,119.77250000000005,1,6,7,7,3,3,0.30434782608695654,8,0,0.5766437854246472,0,O=c1ccnc(-c2cccc(Oc3ccccc3)c2)[nH]1,CC1CCCC(C2CCCC(CC3CCCCC3)C2)C1,False,"InChI=1S/C23H26N2O5S/c1-14(2)21-13-24-22(25-23(21)26)16-10-18(29-15(3)4)12-19(11-16)30-17-6-8-20(9-7-17)31(5,27)28/h6-15H,1-5H3,(H,24,25,26)",IIRZQDPTTCHBRH-UHFFFAOYSA-N,IIRZQDPTTCHBRH,0,False,False,False,False,IIRZQDPTTCHBRH-UHFFFAOYSA-N,1,True,8
GKA_0704,gka_candidate,CHEMBL3358426,,CCOCCc1cnc(NC(=O)NC)c(Oc2cccnc2CC)c1,,,activity,,P4,6.0–6.5（0.32–1 µM）,6.23,False,,CHEMBL3358426,False,,,,,,,,False,True,True,CCOCCc1cnc(NC(=O)NC)c(Oc2cccnc2CC)c1,1,False,0,0,False,False,无改动,344.4150000000001,344.184840628,25,85.37,85.37,3.1616000000000017,96.20140000000005,2,5,8,10,2,2,0.3888888888888889,7,0,0.718582549891265,0,c1cncc(Oc2cccnc2)c1,C1CCC(CC2CCCCC2)CC1,False,"InChI=1S/C18H24N4O3/c1-4-14-15(7-6-9-20-14)25-16-11-13(8-10-24-5-2)12-21-17(16)22-18(23)19-3/h6-7,9,11-12H,4-5,8,10H2,1-3H3,(H2,19,21,22,23)",AKSDQOQLGVSUMM-UHFFFAOYSA-N,AKSDQOQLGVSUMM,0,False,False,False,False,AKSDQOQLGVSUMM-UHFFFAOYSA-N,1,True,8
GKA_0705,gka_candidate,CHEMBL3975134,,O=C(O)c1ccc(Oc2cnc(NC(=O)C(OC3CCOCC3)c3ccc(S(=O)(=O)C4CC4)cc3)s2)cc1Cl,,,activity,,P4,6.0–6.5（0.32–1 µM）,6.23,False,,CHEMBL3975134,False,,,,,,,,False,True,True,O=C(O)c1ccc(Oc2cnc(NC(=O)C(OC3CCOCC3)c3ccc(S(=O)(=O)C4CC4)cc3)s2)cc1Cl,1,False,0,0,False,False,无改动,593.0790000000003,592.0740854399999,39,141.12,177.74,5.098500000000005,143.54579999999982,2,9,10,11,5,3,0.34615384615384615,13,0,0.32873047651923143,2,O=C(Nc1ncc(Oc2ccccc2)s1)C(OC1CCOCC1)c1ccc(S(=O)(=O)C2CC2)cc1,CC(CC1CCC(CC2CCCCC2)C1)C(CC1CCCCC1)C1CCC(C(C)(C)C2CC2)CC1,False,"InChI=1S/C26H25ClN2O8S2/c27-21-13-17(3-8-20(21)25(31)32)36-22-14-28-26(38-22)29-24(30)23(37-16-9-11-35-12-10-16)15-1-4-18(5-2-15)39(33,34)19-6-7-19/h1-5,8,13-14,16,19,23H,6-7,9-12H2,(H,31,32)(H,28,29,30)",DSXWXPSXXOQMMD-UHFFFAOYSA-N,DSXWXPSXXOQMMD,1,True,False,False,False,DSXWXPSXXOQMMD-UHFFFAOYSA-N,1,True,11
GKA_0706,gka_candidate,CHEMBL1783751,,CC(C)S(=O)(=O)c1ccn([C@@H](CC2CCCC2)C(=O)Nc2ccccn2)c(=O)c1,,,activity,,P4,6.0–6.5（0.32–1 µM）,6.22,False,,CHEMBL1783751,False,,,,,,,,False,True,True,CC(C)S(=O)(=O)c1ccn([C@@H](CC2CCCC2)C(=O)Nc2ccccn2)c(=O)c1,1,False,0,0,False,False,无改动,417.53100000000006,417.172227344,29,98.13,106.51000000000002,3.185500000000001,111.50250000000004,1,5,7,8,3,2,0.47619047619047616,8,0,0.7460023935877543,0,O=C(Nc1ccccn1)[C@H](CC1CCCC1)n1ccccc1=O,CC1CCCCC1C(CC1CCCC1)C(C)CC1CCCCC1,False,"InChI=1S/C21H27N3O4S/c1-15(2)29(27,28)17-10-12-24(20(25)14-17)18(13-16-7-3-4-8-16)21(26)23-19-9-5-6-11-22-19/h5-6,9-12,14-16,18H,3-4,7-8,13H2,1-2H3,(H,22,23,26)/t18-/m0/s1",KJRHORYIQZIXHO-SFHVURJKSA-N,KJRHORYIQZIXHO,1,False,False,False,False,KJRHORYIQZIXHO-SFHVURJKSA-N,1,True,11
GKA_0707,gka_candidate,CHEMBL3763349,,COCC(C)Oc1ccc(C(CC2CCCC2)c2cc3cccnc3[nH]2)cc1Cl,,,activity,,P4,6.0–6.5（0.32–1 µM）,6.22,False,,CHEMBL3763349,False,,,,,,,,False,True,True,COCC(C)Oc1ccc(C(CC2CCCC2)c2cc3cccnc3[nH]2)cc1Cl,1,False,0,0,False,False,无改动,412.961,412.19175584800007,29,47.14,47.14,6.342200000000005,117.92970000000005,1,3,8,8,4,3,0.4583333333333333,5,0,0.46898858980403396,1,c1ccc(C(CC2CCCC2)c2cc3cccnc3[nH]2)cc1,C1CCC(C(CC2CCCC2)C2CC3CCCCC3C2)CC1,False,"InChI=1S/C24H29ClN2O2/c1-16(15-28-2)29-23-10-9-18(13-21(23)25)20(12-17-6-3-4-7-17)22-14-19-8-5-11-26-24(19)27-22/h5,8-11,13-14,16-17,20H,3-4,6-7,12,15H2,1-2H3,(H,26,27)",ZWOHLWADEZHKEZ-UHFFFAOYSA-N,ZWOHLWADEZHKEZ,2,False,False,False,False,ZWOHLWADEZHKEZ-UHFFFAOYSA-N,1,True,11
GKA_0708,gka_candidate,CHEMBL490961,,CNc1ccc(Sc2nncn2C)cc1C(=O)Nc1nc(C)cs1,,,activity,,P4,6.0–6.5（0.32–1 µM）,6.22,False,,CHEMBL490961,False,,,,,,,,False,True,True,CNc1ccc(Sc2nncn2C)cc1C(=O)Nc1nc(C)cs1,1,False,0,0,False,False,无改动,360.4680000000001,360.082701132,24,84.73,138.26999999999998,3.025220000000001,95.91890000000001,2,7,5,6,3,3,0.2,9,0,0.7274549833131588,0,O=C(Nc1nccs1)c1cccc(Sc2nnc[nH]2)c1,CC(CC1CCCC1)C1CCCC(CC2CCCC2)C1,False,"InChI=1S/C15H16N6OS2/c1-9-7-23-14(18-9)19-13(22)11-6-10(4-5-12(11)16-2)24-15-20-17-8-21(15)3/h4-8,16H,1-3H3,(H,18,19,22)",XRJAKERBMMBUGR-UHFFFAOYSA-N,XRJAKERBMMBUGR,0,False,False,False,False,XRJAKERBMMBUGR-UHFFFAOYSA-N,1,True,6
GKA_0709,gka_candidate,CHEMBL210838,,COC[C@H](C)Oc1cc(OC(C)C)cc(C(=O)Nc2ccc(C(=O)O)cn2)c1,,,activity,,P4,6.0–6.5（0.32–1 µM）,6.21,False,,CHEMBL210838,False,,,,,,,,False,True,True,COC[C@H](C)Oc1cc(OC(C)C)cc(C(=O)Nc2ccc(C(=O)O)cn2)c1,1,False,0,0,False,False,无改动,388.42000000000013,388.16343648799995,28,106.98000000000002,106.98000000000002,3.2330000000000005,103.32150000000006,2,6,9,10,2,2,0.35,8,0,0.6789550568669505,0,O=C(Nc1ccccn1)c1ccccc1,CC(CC1CCCCC1)C1CCCCC1,False,"InChI=1S/C20H24N2O6/c1-12(2)27-16-7-15(8-17(9-16)28-13(3)11-26-4)19(23)22-18-6-5-14(10-21-18)20(24)25/h5-10,12-13H,11H2,1-4H3,(H,24,25)(H,21,22,23)/t13-/m0/s1",MQDXDORISMQWFB-ZDUSSCGKSA-N,MQDXDORISMQWFB,1,True,False,False,False,MQDXDORISMQWFB-ZDUSSCGKSA-N,1,True,2
GKA_0710,gka_candidate,CHEMBL3338075,,CNC(=O)Nc1ncc(SCCCO)cc1Oc1cccnc1C,,,activity,,P4,6.0–6.5（0.32–1 µM）,6.205,False,,CHEMBL3338075,False,,,,,,,,False,True,True,CNC(=O)Nc1ncc(SCCCO)cc1Oc1cccnc1C,1,False,0,0,False,False,无改动,348.42800000000005,348.12561150000005,24,96.37,121.67000000000002,2.8031200000000007,93.79020000000004,3,6,7,9,2,2,0.3125,8,0,0.5258496839398955,0,c1cncc(Oc2cccnc2)c1,C1CCC(CC2CCCCC2)CC1,False,"InChI=1S/C16H20N4O3S/c1-11-13(5-3-6-18-11)23-14-9-12(24-8-4-7-21)10-19-15(14)20-16(22)17-2/h3,5-6,9-10,21H,4,7-8H2,1-2H3,(H2,17,19,20,22)",MHTIQEWJQGVICA-UHFFFAOYSA-N,MHTIQEWJQGVICA,0,False,False,False,False,MHTIQEWJQGVICA-UHFFFAOYSA-N,1,True,8
GKA_0711,gka_candidate,CHEMBL2346756,,Cc1cc(S(=O)(=O)C2CC2)cc(=O)n1[C@@H](CC1CCCC1)C(=O)Nc1ncc(F)s1,,,activity,,P4,6.0–6.5（0.32–1 µM）,6.2,False,,CHEMBL2346756,False,,,,,,,,False,True,True,Cc1cc(S(=O)(=O)C2CC2)cc(=O)n1[C@@H](CC1CCCC1)C(=O)Nc1ncc(F)s1,1,False,0,0,False,False,无改动,453.5610000000002,453.11922646799997,30,98.13000000000001,134.75,3.448520000000002,111.96050000000005,1,6,7,8,4,2,0.55,10,0,0.6924406314777062,0,O=C(Nc1nccs1)[C@H](CC1CCCC1)n1ccc(S(=O)(=O)C2CC2)cc1=O,CC1CC(C(C)(C)C2CC2)CCC1C(CC1CCCC1)C(C)CC1CCCC1,False,"InChI=1S/C20H24FN3O4S2/c1-12-8-15(30(27,28)14-6-7-14)10-18(25)24(12)16(9-13-4-2-3-5-13)19(26)23-20-22-11-17(21)29-20/h8,10-11,13-14,16H,2-7,9H2,1H3,(H,22,23,26)/t16-/m0/s1",DJZFCGOPZXVUQY-INIZCTEOSA-N,DJZFCGOPZXVUQY,1,False,False,False,False,DJZFCGOPZXVUQY-INIZCTEOSA-N,1,True,2
GKA_0712,gka_candidate,CHEMBL2346887,,CCS(=O)(=O)c1ccc2c(=O)n([C@@H](CC3CCCCC3)C(=O)Nc3ncc(F)s3)cnc2c1,,,activity,,P4,6.0–6.5（0.32–1 µM）,6.2,False,,CHEMBL2346887,False,,,,,,,,False,True,True,CCS(=O)(=O)c1ccc2c(=O)n([C@@H](CC3CCCCC3)C(=O)Nc3ncc(F)s3)cnc2c1,1,False,0,0,False,False,无改动,492.5980000000002,492.1301255,33,111.02000000000001,147.64,3.935900000000003,124.66050000000006,1,7,7,8,4,3,0.45454545454545453,11,0,0.5348972723936439,0,O=C(Nc1nccs1)[C@H](CC1CCCCC1)n1cnc2ccccc2c1=O,CC(CC1CCCC1)C(CC1CCCCC1)C1CCC2CCCCC2C1C,False,"InChI=1S/C22H25FN4O4S2/c1-2-33(30,31)15-8-9-16-17(11-15)25-13-27(21(16)29)18(10-14-6-4-3-5-7-14)20(28)26-22-24-12-19(23)32-22/h8-9,11-14,18H,2-7,10H2,1H3,(H,24,26,28)/t18-/m0/s1",OQCSYLTZRATPKD-SFHVURJKSA-N,OQCSYLTZRATPKD,1,False,False,False,False,OQCSYLTZRATPKD-SFHVURJKSA-N,1,True,3
GKA_0713,gka_candidate,CHEMBL3221498,,CCOC[C@H](Oc1ncnc2c1cnn2-c1ncccc1Cl)C(=O)Nc1ccc(F)cn1,,,activity,,P4,6.0–6.5（0.32–1 µM）,6.2,False,,CHEMBL3221498,False,,,,,,,,False,True,True,CCOC[C@H](Oc1ncnc2c1cnn2-c1ncccc1Cl)C(=O)Nc1ccc(F)cn1,1,False,0,0,False,False,无改动,457.8530000000001,457.10654330400007,32,116.94000000000001,116.94000000000001,2.8206000000000007,113.19870000000002,1,8,8,9,4,4,0.2,12,0,0.4289672728327731,0,O=C(COc1ncnc2c1cnn2-c1ccccn1)Nc1ccccn1,CC(CCC1CCCC2C(C3CCCCC3)CCC12)CC1CCCCC1,False,"InChI=1S/C20H17ClFN7O3/c1-2-31-10-15(19(30)28-16-6-5-12(22)8-24-16)32-20-13-9-27-29(17(13)25-11-26-20)18-14(21)4-3-7-23-18/h3-9,11,15H,2,10H2,1H3,(H,24,28,30)/t15-/m0/s1",XTOABDHZNVUVHW-HNNXBMFYSA-N,XTOABDHZNVUVHW,1,False,False,False,False,XTOABDHZNVUVHW-HNNXBMFYSA-N,1,True,16
GKA_0714,gka_candidate,CHEMBL3221502,,CC(C)OC[C@H](Oc1ncnc2c1cnn2-c1ncccc1Cl)C(=O)Nc1ccc(C#N)cn1,,,activity,,P4,6.0–6.5（0.32–1 µM）,6.2,False,,CHEMBL3221502,False,,,,,,,,False,True,True,CC(C)OC[C@H](Oc1ncnc2c1cnn2-c1ncccc1Cl)C(=O)Nc1ccc(C#N)cn1,1,False,0,0,False,False,无改动,478.9000000000002,478.1268641480001,34,140.73000000000002,140.73000000000002,2.9416800000000007,122.5507,1,9,8,9,4,4,0.22727272727272727,12,0,0.4041248555306486,0,O=C(COc1ncnc2c1cnn2-c1ccccn1)Nc1ccccn1,CC(CCC1CCCC2C(C3CCCCC3)CCC12)CC1CCCCC1,False,"InChI=1S/C22H19ClN8O3/c1-13(2)33-11-17(21(32)30-18-6-5-14(8-24)9-26-18)34-22-15-10-29-31(19(15)27-12-28-22)20-16(23)4-3-7-25-20/h3-7,9-10,12-13,17H,11H2,1-2H3,(H,26,30,32)/t17-/m0/s1",LEDZWTIBSFACGV-KRWDZBQOSA-N,LEDZWTIBSFACGV,1,False,False,False,False,LEDZWTIBSFACGV-KRWDZBQOSA-N,1,True,16
GKA_0715,gka_candidate,CHEMBL3221504,,CCOC[C@H](Oc1ncnc2c1cnn2-c1ncccc1Cl)C(=O)Nc1ccc(C#N)cn1,,,activity,,P4,6.0–6.5（0.32–1 µM）,6.2,False,,CHEMBL3221504,False,,,,,,,,False,True,True,CCOC[C@H](Oc1ncnc2c1cnn2-c1ncccc1Cl)C(=O)Nc1ccc(C#N)cn1,1,False,0,0,False,False,无改动,464.87300000000016,464.1112140840001,33,140.73000000000002,140.73000000000002,2.5531800000000002,117.95570000000001,1,9,8,9,4,4,0.19047619047619047,12,0,0.4159359067517256,0,O=C(COc1ncnc2c1cnn2-c1ccccn1)Nc1ccccn1,CC(CCC1CCCC2C(C3CCCCC3)CCC12)CC1CCCCC1,False,"InChI=1S/C21H17ClN8O3/c1-2-32-11-16(20(31)29-17-6-5-13(8-23)9-25-17)33-21-14-10-28-30(18(14)26-12-27-21)19-15(22)4-3-7-24-19/h3-7,9-10,12,16H,2,11H2,1H3,(H,25,29,31)/t16-/m0/s1",WDALPHNIWVTHIG-INIZCTEOSA-N,WDALPHNIWVTHIG,1,False,False,False,False,WDALPHNIWVTHIG-INIZCTEOSA-N,1,True,16
GKA_0716,gka_candidate,CHEMBL3221514,,C[C@H](CO)OC[C@H](Oc1ncnc2c1cnn2-c1ncccc1Cl)C(=O)Nc1ccc(C#N)cn1,,,activity,,P4,6.0–6.5（0.32–1 µM）,6.2,False,,CHEMBL3221514,False,,,,,,,,False,True,True,C[C@H](CO)OC[C@H](Oc1ncnc2c1cnn2-c1ncccc1Cl)C(=O)Nc1ccc(C#N)cn1,1,False,0,0,False,False,无改动,494.8990000000002,494.12177876800007,35,160.95999999999998,160.95999999999998,1.9140799999999993,123.96250000000003,2,10,9,10,4,4,0.22727272727272727,13,0,0.351249493124297,0,O=C(COc1ncnc2c1cnn2-c1ccccn1)Nc1ccccn1,CC(CCC1CCCC2C(C3CCCCC3)CCC12)CC1CCCCC1,False,"InChI=1S/C22H19ClN8O4/c1-13(10-32)34-11-17(21(33)30-18-5-4-14(7-24)8-26-18)35-22-15-9-29-31(19(15)27-12-28-22)20-16(23)3-2-6-25-20/h2-6,8-9,12-13,17,32H,10-11H2,1H3,(H,26,30,33)/t13-,17+/m1/s1",LGJVHBLAFORGRB-DYVFJYSZSA-N,LGJVHBLAFORGRB,2,False,False,False,False,LGJVHBLAFORGRB-DYVFJYSZSA-N,1,True,16
GKA_0717,gka_candidate,CHEMBL3221521,,O=C(Nc1ccc(F)cn1)[C@H](COCCO)Oc1ncnc2c1cnn2-c1ccccc1Cl,,,activity,,P4,6.0–6.5（0.32–1 µM）,6.2,False,,CHEMBL3221521,False,,,,,,,,False,True,True,O=C(Nc1ccc(F)cn1)[C@H](COCCO)Oc1ncnc2c1cnn2-c1ccccc1Cl,1,False,0,0,False,False,无改动,472.86400000000003,472.1062089560001,33,124.28,124.28,2.3979999999999997,116.8155,2,8,9,10,4,4,0.19047619047619047,12,0,0.3557470034489644,0,O=C(COc1ncnc2c1cnn2-c1ccccc1)Nc1ccccn1,CC(CCC1CCCC2C(C3CCCCC3)CCC12)CC1CCCCC1,False,"InChI=1S/C21H18ClFN6O4/c22-15-3-1-2-4-16(15)29-19-14(10-27-29)21(26-12-25-19)33-17(11-32-8-7-30)20(31)28-18-6-5-13(23)9-24-18/h1-6,9-10,12,17,30H,7-8,11H2,(H,24,28,31)/t17-/m0/s1",VPDZTPHDUAHHPV-KRWDZBQOSA-N,VPDZTPHDUAHHPV,1,False,False,False,False,VPDZTPHDUAHHPV-KRWDZBQOSA-N,1,True,18
GKA_0718,gka_candidate,CHEMBL3764328,,OCc1ccc(C(CC2CCCC2)c2cc3cccnc3[nH]2)cc1Cl,,,activity,,P4,6.0–6.5（0.32–1 µM）,6.2,False,,CHEMBL3764328,False,,,,,,,,False,True,True,OCc1ccc(C(CC2CCCC2)c2cc3cccnc3[nH]2)cc1Cl,1,False,0,0,False,False,无改动,354.881,354.14989103600004,25,48.910000000000004,48.910000000000004,5.420800000000003,101.88650000000001,2,2,5,5,4,3,0.38095238095238093,4,0,0.6421937971252586,1,c1ccc(C(CC2CCCC2)c2cc3cccnc3[nH]2)cc1,C1CCC(C(CC2CCCC2)C2CC3CCCCC3C2)CC1,False,"InChI=1S/C21H23ClN2O/c22-19-11-15(7-8-17(19)13-25)18(10-14-4-1-2-5-14)20-12-16-6-3-9-23-21(16)24-20/h3,6-9,11-12,14,18,25H,1-2,4-5,10,13H2,(H,23,24)",ZJSWYTAJRQXWKP-UHFFFAOYSA-N,ZJSWYTAJRQXWKP,1,False,False,False,False,ZJSWYTAJRQXWKP-UHFFFAOYSA-N,1,True,11
GKA_0719,gka_candidate,CHEMBL4098841,,O=C(Nc1ncc(Cl)s1)[C@H](CC1CCCC1)n1cc(S(=O)(=O)C2CC2)cn1,,,activity,,P4,6.0–6.5（0.32–1 µM）,6.2,False,,CHEMBL4098841,False,,,,,,,,False,True,True,O=C(Nc1ncc(Cl)s1)[C@H](CC1CCCC1)n1cc(S(=O)(=O)C2CC2)cn1,1,False,0,0,False,False,无改动,428.96700000000016,428.07436021200004,27,93.95,130.57,3.6892000000000023,103.80050000000003,1,6,7,8,4,2,0.5882352941176471,10,0,0.7252332595753552,0,O=C(Nc1nccs1)[C@H](CC1CCCC1)n1cc(S(=O)(=O)C2CC2)cn1,CC(CC1CCCC1)C(CC1CCCC1)C1CCC(C(C)(C)C2CC2)C1,False,"InChI=1S/C17H21ClN4O3S2/c18-15-9-19-17(26-15)21-16(23)14(7-11-3-1-2-4-11)22-10-13(8-20-22)27(24,25)12-5-6-12/h8-12,14H,1-7H2,(H,19,21,23)/t14-/m0/s1",ADXCGAPVQQHAMO-AWEZNQCLSA-N,ADXCGAPVQQHAMO,1,False,False,False,False,ADXCGAPVQQHAMO-AWEZNQCLSA-N,1,True,2
GKA_0720,gka_candidate,CHEMBL572841,,Cn1ccc(Nc2ncnc3ccc(Oc4ccccn4)cc23)n1,,,activity,,P4,6.0–6.5（0.32–1 µM）,6.2,False,,CHEMBL572841,False,,,,,,,,False,True,True,Cn1ccc(Nc2ncnc3ccc(Oc4ccccn4)cc23)n1,1,False,0,0,False,False,无改动,318.34000000000003,318.122909068,24,77.75,77.75,3.294200000000001,90.33970000000004,1,6,4,4,4,4,0.058823529411764705,7,0,0.6218919956506689,0,c1ccc(Oc2ccc3ncnc(Nc4cc[nH]n4)c3c2)nc1,C1CCC(CC2CCC3CCCC(CC4CCCC4)C3C2)CC1,False,"InChI=1S/C17H14N6O/c1-23-9-7-15(22-23)21-17-13-10-12(5-6-14(13)19-11-20-17)24-16-4-2-3-8-18-16/h2-11H,1H3,(H,19,20,21,22)",PBJSTJDOBCOIKM-UHFFFAOYSA-N,PBJSTJDOBCOIKM,0,False,False,False,False,PBJSTJDOBCOIKM-UHFFFAOYSA-N,1,True,5
GKA_0721,gka_candidate,CHEMBL4453105,,CNC(=O)Nc1cc(Oc2c(F)cccc2F)c(C)cn1,,,activity,,P4,6.0–6.5（0.32–1 µM）,6.19,False,,CHEMBL4453105,False,,,,,,,,False,True,True,CNC(=O)Nc1cc(Oc2c(F)cccc2F)c(C)cn1,1,False,0,0,False,False,无改动,293.27299999999997,293.09758309600005,21,63.25,63.25,3.2118200000000012,73.48440000000002,2,3,3,5,2,2,0.14285714285714285,7,0,0.9130157305933987,0,c1ccc(Oc2ccncc2)cc1,C1CCC(CC2CCCCC2)CC1,False,"InChI=1S/C14H13F2N3O2/c1-8-7-18-12(19-14(20)17-2)6-11(8)21-13-9(15)4-3-5-10(13)16/h3-7H,1-2H3,(H2,17,18,19,20)",PMXOXZSVWGIOEG-UHFFFAOYSA-N,PMXOXZSVWGIOEG,0,False,False,False,False,PMXOXZSVWGIOEG-UHFFFAOYSA-N,1,True,3
GKA_0722,gka_candidate,CHEMBL2021551,,CC[C@H](COC)Oc1cc(Oc2ccc(S(=O)(=O)OC)cc2)cc(C(=O)Nc2nccs2)c1,,,activity,,P4,6.0–6.5（0.32–1 µM）,6.18,False,,CHEMBL2021551,False,,,,,,,,False,True,True,CC[C@H](COC)Oc1cc(Oc2ccc(S(=O)(=O)OC)cc2)cc(C(=O)Nc2nccs2)c1,1,False,0,0,False,False,无改动,492.57500000000016,492.102493108,33,113.05,149.67000000000002,4.3266000000000036,123.80300000000005,1,9,11,12,3,3,0.2727272727272727,11,0,0.39374248240792176,0,O=C(Nc1nccs1)c1cccc(Oc2ccccc2)c1,CC(CC1CCCC1)C1CCCC(CC2CCCCC2)C1,False,"InChI=1S/C22H24N2O7S2/c1-4-16(14-28-2)30-18-11-15(21(25)24-22-23-9-10-32-22)12-19(13-18)31-17-5-7-20(8-6-17)33(26,27)29-3/h5-13,16H,4,14H2,1-3H3,(H,23,24,25)/t16-/m1/s1",FDKFFOPQLBQTMX-MRXNPFEDSA-N,FDKFFOPQLBQTMX,1,False,False,False,False,FDKFFOPQLBQTMX-MRXNPFEDSA-N,1,True,26
GKA_0723,gka_candidate,CHEMBL5079866,,CCOP(=O)(Cn1ccc(NC(=O)c2cc(Oc3cnc(C(N)=O)cn3)cc(OC(C)C)c2)n1)OCC,,,activity,,P4,6.0–6.5（0.32–1 µM）,6.18,False,,CHEMBL5079866,False,,,,,,,,False,True,True,CCOP(=O)(Cn1ccc(NC(=O)c2cc(Oc3cnc(C(N)=O)cn3)cc(OC(C)C)c2)n1)OCC,1,False,0,0,False,False,无改动,532.4940000000003,532.183533898,37,169.78,179.59,3.8274000000000026,133.86859999999996,2,10,13,14,3,3,0.34782608695652173,14,0,0.30843527976167734,1,O=C(Nc1cc[nH]n1)c1cccc(Oc2cnccn2)c1,CC(CC1CCCC1)C1CCCC(CC2CCCCC2)C1,False,"InChI=1S/C23H29N6O7P/c1-5-33-37(32,34-6-2)14-29-8-7-20(28-29)27-23(31)16-9-17(35-15(3)4)11-18(10-16)36-21-13-25-19(12-26-21)22(24)30/h7-13,15H,5-6,14H2,1-4H3,(H2,24,30)(H,27,28,31)",VERWMGZFDDCAOA-UHFFFAOYSA-N,VERWMGZFDDCAOA,0,False,False,False,False,VERWMGZFDDCAOA-UHFFFAOYSA-N,1,True,4
GKA_0724,gka_candidate,CHEMBL3900493,,CN1C(=O)CCC1c1cc2[nH]c(-c3ccc(CCC(=O)O)cn3)cc2cc1Sc1ccccn1,,,activity,,P4,6.0–6.5（0.32–1 µM）,6.17,False,,CHEMBL3900493,False,,,,,,,,False,True,True,CN1C(=O)CCC1c1cc2[nH]c(-c3ccc(CCC(=O)O)cn3)cc2cc1Sc1ccccn1,1,False,0,0,False,False,无改动,472.5700000000001,472.15691162800005,34,99.18,124.48,5.086600000000004,130.5915,2,5,7,7,5,4,0.23076923076923078,8,0,0.38885503183679243,1,O=C1CCC(c2cc3[nH]c(-c4ccccn4)cc3cc2Sc2ccccn2)N1,CC1CCC(C2CC3CC(C4CCCCC4)CC3CC2CC2CCCCC2)C1,False,"InChI=1S/C26H24N4O3S/c1-30-22(8-9-25(30)31)18-14-20-17(13-23(18)34-24-4-2-3-11-27-24)12-21(29-20)19-7-5-16(15-28-19)6-10-26(32)33/h2-5,7,11-15,22,29H,6,8-10H2,1H3,(H,32,33)",KXWZQOHJKSTKBM-UHFFFAOYSA-N,KXWZQOHJKSTKBM,1,True,False,False,False,KXWZQOHJKSTKBM-UHFFFAOYSA-N,1,True,2
GKA_0725,gka_candidate,CHEMBL491322,,CCOC(=O)c1csc(NC(=O)c2cc(Sc3nncn3C)ccc2N)n1,,,activity,,P4,6.0–6.5（0.32–1 µM）,6.17,False,,CHEMBL491322,False,,,,,,,,False,True,True,CCOC(=O)c1csc(NC(=O)c2cc(Sc3nncn3C)ccc2N)n1,1,False,0,0,False,False,无改动,404.4770000000001,404.07253037200013,27,125.01999999999998,178.56,2.4339999999999993,102.0041,2,9,6,8,3,3,0.1875,11,0,0.4739448243196953,0,O=C(Nc1nccs1)c1cccc(Sc2nnc[nH]2)c1,CC(CC1CCCC1)C1CCCC(CC2CCCC2)C1,False,"InChI=1S/C16H16N6O3S2/c1-3-25-14(24)12-7-26-15(19-12)20-13(23)10-6-9(4-5-11(10)17)27-16-21-18-8-22(16)2/h4-8H,3,17H2,1-2H3,(H,19,20,23)",HYOOETYSCFRNOM-UHFFFAOYSA-N,HYOOETYSCFRNOM,0,False,False,False,False,HYOOETYSCFRNOM-UHFFFAOYSA-N,1,True,6
GKA_0726,gka_candidate,CHEMBL5080889,,COC[C@H](C)Oc1cc(Oc2ccc(S(C)(=O)=O)cc2)cc(C(=O)Nc2ccn(CP(C)(C)=O)n2)c1,,,activity,,P4,6.0–6.5（0.32–1 µM）,6.17,False,,CHEMBL5080889,False,,,,,,,,False,True,True,COC[C@H](C)Oc1cc(Oc2ccc(S(C)(=O)=O)cc2)cc(C(=O)Nc2ccn(CP(C)(C)=O)n2)c1,1,False,0,0,False,False,无改动,535.5590000000002,535.1542079300001,36,125.82000000000001,144.01,4.3251000000000035,137.66849999999994,1,8,11,12,3,3,0.3333333333333333,12,0,0.35988545571541075,1,O=C(Nc1cc[nH]n1)c1cccc(Oc2ccccc2)c1,CC(CC1CCCC1)C1CCCC(CC2CCCCC2)C1,False,"InChI=1S/C24H30N3O7PS/c1-17(15-32-2)33-20-12-18(24(28)25-23-10-11-27(26-23)16-35(3,4)29)13-21(14-20)34-19-6-8-22(9-7-19)36(5,30)31/h6-14,17H,15-16H2,1-5H3,(H,25,26,28)/t17-/m0/s1",TZPGVBYAUDGXTG-KRWDZBQOSA-N,TZPGVBYAUDGXTG,1,False,False,False,False,TZPGVBYAUDGXTG-KRWDZBQOSA-N,1,True,12
GKA_0727,gka_candidate,CHEMBL2430851,,Cc1csc(Nc2ncc(Br)cc2OCc2ccccc2)n1,,,activity,,P4,6.0–6.5（0.32–1 µM）,6.16,False,,CHEMBL2430851,False,,,,,,,,False,True,True,Cc1csc(Nc2ncc(Br)cc2OCc2ccccc2)n1,1,False,0,0,False,False,无改动,376.2790000000001,375.004095168,22,47.040000000000006,75.28,4.931620000000002,92.84470000000002,1,5,5,5,3,3,0.125,6,0,0.6858946713413541,0,c1ccc(COc2cccnc2Nc2nccs2)cc1,C1CCC(CCC2CCCCC2CC2CCCC2)CC1,False,"InChI=1S/C16H14BrN3OS/c1-11-10-22-16(19-11)20-15-14(7-13(17)8-18-15)21-9-12-5-3-2-4-6-12/h2-8,10H,9H2,1H3,(H,18,19,20)",BVQJWGILQNRURY-UHFFFAOYSA-N,BVQJWGILQNRURY,0,False,False,False,False,BVQJWGILQNRURY-UHFFFAOYSA-N,1,True,5
GKA_0728,gka_candidate,CHEMBL3763700,,COC(=O)/C=C/c1cnc2[nH]c(C(CC3CCCC3)c3ccc(S(C)(=O)=O)c(Cl)c3)cc2c1,,,activity,,P4,6.0–6.5（0.32–1 µM）,6.16,False,,CHEMBL3763700,False,,,,,,,,False,True,True,COC(=O)/C=C/c1cnc2[nH]c(C(CC3CCCC3)c3ccc(S(C)(=O)=O)c(Cl)c3)cc2c1,1,False,0,0,False,False,无改动,487.02100000000024,486.138006024,33,89.12,97.5,5.5182000000000055,130.1235,1,5,7,8,4,3,0.36,8,0,0.350632509751559,1,c1ccc(C(CC2CCCC2)c2cc3cccnc3[nH]2)cc1,C1CCC(C(CC2CCCC2)C2CC3CCCCC3C2)CC1,False,"InChI=1S/C25H27ClN2O4S/c1-32-24(29)10-7-17-11-19-14-22(28-25(19)27-15-17)20(12-16-5-3-4-6-16)18-8-9-23(21(26)13-18)33(2,30)31/h7-11,13-16,20H,3-6,12H2,1-2H3,(H,27,28)/b10-7+",ZGBUVZARNUTINR-JXMROGBWSA-N,ZGBUVZARNUTINR,1,False,False,False,False,ZGBUVZARNUTINR-JXMROGBWSA-N,1,True,11
GKA_0729,gka_candidate,CHEMBL3764711,,CCOP(=O)(OCC)c1ccc(C(CC2CCCC2)c2cc3cccnc3[nH]2)cc1Cl,,,activity,,P4,6.0–6.5（0.32–1 µM）,6.16,False,,CHEMBL3764711,False,,,,,,,,False,True,True,CCOP(=O)(OCC)c1ccc(C(CC2CCCC2)c2cc3cccnc3[nH]2)cc1Cl,1,False,0,0,False,False,无改动,460.9420000000001,460.16825713000003,31,64.21000000000001,74.02000000000001,6.819900000000007,126.45620000000004,1,4,9,9,4,3,0.4583333333333333,7,0,0.35566223179039463,1,c1ccc(C(CC2CCCC2)c2cc3cccnc3[nH]2)cc1,C1CCC(C(CC2CCCC2)C2CC3CCCCC3C2)CC1,False,"InChI=1S/C24H30ClN2O3P/c1-3-29-31(28,30-4-2)23-12-11-18(15-21(23)25)20(14-17-8-5-6-9-17)22-16-19-10-7-13-26-24(19)27-22/h7,10-13,15-17,20H,3-6,8-9,14H2,1-2H3,(H,26,27)",SLFBSIWNCQBWFP-UHFFFAOYSA-N,SLFBSIWNCQBWFP,1,False,False,False,False,SLFBSIWNCQBWFP-UHFFFAOYSA-N,1,True,11
GKA_0730,gka_candidate,CHEMBL4216606,,COC[C@H](C)Oc1cc(Oc2ccc(C(=O)N3CCC3)cc2)cc(C(=O)Nc2nc3c(s2)CN(C(=O)OC)CC3)c1,,,activity,,P4,6.0–6.5（0.32–1 µM）,6.16,False,,CHEMBL4216606,False,,,,,,,,False,True,True,COC[C@H](C)Oc1cc(Oc2ccc(C(=O)N3CCC3)cc2)cc(C(=O)Nc2nc3c(s2)CN(C(=O)OC)CC3)c1,1,False,0,0,False,False,无改动,580.6630000000001,580.1991703639999,41,119.53000000000002,147.76999999999998,4.571800000000004,152.03069999999977,1,9,9,13,5,3,0.3793103448275862,12,0,0.3909908708840746,1,O=C(Nc1nc2c(s1)CNCC2)c1cccc(Oc2ccc(C(=O)N3CCC3)cc2)c1,CC(CC1CC2CCCCC2C1)C1CCCC(CC2CCC(C(C)C3CCC3)CC2)C1,False,"InChI=1S/C29H32N4O7S/c1-18(17-37-2)39-22-13-20(26(34)31-28-30-24-9-12-33(29(36)38-3)16-25(24)41-28)14-23(15-22)40-21-7-5-19(6-8-21)27(35)32-10-4-11-32/h5-8,13-15,18H,4,9-12,16-17H2,1-3H3,(H,30,31,34)/t18-/m0/s1",FZEADHFCJHPVBY-SFHVURJKSA-N,FZEADHFCJHPVBY,1,False,False,False,False,FZEADHFCJHPVBY-SFHVURJKSA-N,1,True,7
GKA_0731,gka_candidate,CHEMBL4574225,,CNC(=O)Nc1cc(Oc2cccnc2)c(-c2ccc(OCCO)nc2)cn1,,,activity,,P4,6.0–6.5（0.32–1 µM）,6.16,False,,CHEMBL4574225,False,,,,,,,,False,True,True,CNC(=O)Nc1cc(Oc2cccnc2)c(-c2ccc(OCCO)nc2)cn1,1,False,0,0,False,False,无改动,381.39200000000017,381.14370408800005,28,118.49000000000001,118.49000000000001,2.4532999999999996,102.43820000000002,3,7,7,9,3,3,0.15789473684210525,9,0,0.575091821132974,0,c1cncc(Oc2ccncc2-c2cccnc2)c1,C1CCC(CC2CCCCC2C2CCCCC2)CC1,False,"InChI=1S/C19H19N5O4/c1-20-19(26)24-17-9-16(28-14-3-2-6-21-11-14)15(12-22-17)13-4-5-18(23-10-13)27-8-7-25/h2-6,9-12,25H,7-8H2,1H3,(H2,20,22,24,26)",HIJVQVFCIXVMMX-UHFFFAOYSA-N,HIJVQVFCIXVMMX,0,False,False,False,False,HIJVQVFCIXVMMX-UHFFFAOYSA-N,1,True,11
GKA_0732,gka_candidate,CHEMBL5274471,,O=C(O)c1ccc(Oc2cnc(NC(=O)[C@@H](Oc3ccc(F)cc3F)c3ccc(S(=O)(=O)C4CC4)cc3)s2)cc1,,,activity,,P4,6.0–6.5（0.32–1 µM）,6.16,False,,CHEMBL5274471,False,,,,,,,,False,True,True,O=C(O)c1ccc(Oc2cnc(NC(=O)[C@@H](Oc3ccc(F)cc3F)c3ccc(S(=O)(=O)C4CC4)cc3)s2)cc1,1,False,0,0,False,False,无改动,586.5940000000003,586.06799942,40,131.89000000000001,168.51000000000002,5.606700000000004,140.59579999999985,2,8,10,11,5,4,0.14814814814814814,13,0,0.2452890948660378,2,O=C(Nc1ncc(Oc2ccccc2)s1)[C@@H](Oc1ccccc1)c1ccc(S(=O)(=O)C2CC2)cc1,CC(CC1CCC(CC2CCCCC2)C1)C(CC1CCCCC1)C1CCC(C(C)(C)C2CC2)CC1,False,"InChI=1S/C27H20F2N2O7S2/c28-17-5-12-22(21(29)13-17)38-24(15-3-8-19(9-4-15)40(35,36)20-10-11-20)25(32)31-27-30-14-23(39-27)37-18-6-1-16(2-7-18)26(33)34/h1-9,12-14,20,24H,10-11H2,(H,33,34)(H,30,31,32)/t24-/m0/s1",XJFUEUNGZVAEIX-DEOSSOPVSA-N,XJFUEUNGZVAEIX,1,True,False,False,False,XJFUEUNGZVAEIX-DEOSSOPVSA-N,1,True,1
GKA_0733,gka_candidate,CHEMBL3338070,,CNC(=O)Nc1ncc(Sc2ccccn2)cc1Oc1cccnc1C,,,activity,,P4,6.0–6.5（0.32–1 µM）,6.155,False,,CHEMBL3338070,False,,,,,,,,False,True,True,CNC(=O)Nc1ncc(Sc2ccccn2)cc1Oc1cccnc1C,1,False,0,0,False,False,无改动,367.43400000000014,367.110295784,26,89.03,114.33000000000001,3.8748200000000015,99.72340000000003,2,6,5,7,3,3,0.1111111111111111,8,0,0.7114162268664669,0,c1ccc(Sc2cncc(Oc3cccnc3)c2)nc1,C1CCC(CC2CCCC(CC3CCCCC3)C2)CC1,False,"InChI=1S/C18H17N5O2S/c1-12-14(6-5-9-20-12)25-15-10-13(26-16-7-3-4-8-21-16)11-22-17(15)23-18(24)19-2/h3-11H,1-2H3,(H2,19,22,23,24)",ULIBCQGTCHBHOL-UHFFFAOYSA-N,ULIBCQGTCHBHOL,0,False,False,False,False,ULIBCQGTCHBHOL-UHFFFAOYSA-N,1,True,3
GKA_0734,gka_candidate,CHEMBL2204648,,Cc1cnc(NC(=O)c2cc(Oc3ccc(C(=O)N(C)C)cc3)c3cn(C)nc3c2)cn1,,,activity,,P4,6.0–6.5（0.32–1 µM）,6.15,False,,CHEMBL2204648,False,,,,,,,,False,True,True,Cc1cnc(NC(=O)c2cc(Oc3ccc(C(=O)N(C)C)cc3)c3cn(C)nc3c2)cn1,1,False,0,0,False,False,无改动,430.46800000000013,430.17533856400007,32,102.23999999999998,102.23999999999998,3.418120000000002,119.96970000000003,1,6,5,7,4,4,0.17391304347826086,9,0,0.5205284370768661,0,O=C(Nc1cnccn1)c1cc(Oc2ccccc2)c2c[nH]nc2c1,CC(CC1CCCCC1)C1CC2CCCC2C(CC2CCCCC2)C1,False,"InChI=1S/C23H22N6O3/c1-14-11-25-21(12-24-14)26-22(30)16-9-19-18(13-29(4)27-19)20(10-16)32-17-7-5-15(6-8-17)23(31)28(2)3/h5-13H,1-4H3,(H,25,26,30)",VFNOJEBCZRXYMG-UHFFFAOYSA-N,VFNOJEBCZRXYMG,0,False,False,False,False,VFNOJEBCZRXYMG-UHFFFAOYSA-N,1,True,6
GKA_0735,gka_candidate,CHEMBL3218491,,Cc1cc2c(Oc3cnc(C(=O)N4CC(C)(C)C4)cn3)cc(C(=O)Nc3cnccn3)cc2o1,,,activity,,P4,6.0–6.5（0.32–1 µM）,6.15,False,,CHEMBL3218491,False,,,,,,,,False,True,True,Cc1cc2c(Oc3cnc(C(=O)N4CC(C)(C)C4)cn3)cc(C(=O)Nc3cnccn3)cc2o1,1,False,0,0,False,False,无改动,458.4780000000001,458.170253184,34,123.34,123.34,3.8478200000000022,122.72670000000004,1,8,5,7,5,4,0.25,10,0,0.47834352447689676,0,O=C(Nc1cnccn1)c1cc(Oc2cnc(C(=O)N3CCC3)cn2)c2ccoc2c1,CC(CC1CCCCC1)C1CC2CCCC2C(CC2CCC(C(C)C3CCC3)CC2)C1,False,"InChI=1S/C24H22N6O4/c1-14-6-16-18(33-14)7-15(22(31)29-20-10-25-4-5-26-20)8-19(16)34-21-11-27-17(9-28-21)23(32)30-12-24(2,3)13-30/h4-11H,12-13H2,1-3H3,(H,26,29,31)",OLOBSABWYJVWAO-UHFFFAOYSA-N,OLOBSABWYJVWAO,0,False,False,False,False,OLOBSABWYJVWAO-UHFFFAOYSA-N,1,True,3
GKA_0736,gka_candidate,CHEMBL3358888,,CCn1nccc1Oc1cc(C[C@H]2C[C@@](C)(O)C2)cnc1NC(=O)NC,,,activity,,P4,6.0–6.5（0.32–1 µM）,6.15,False,,CHEMBL3358888,False,,,,,,,,False,True,True,CCn1nccc1Oc1cc(C[C@H]2C[C@@](C)(O)C2)cnc1NC(=O)NC,1,False,0,0,False,False,无改动,359.43,359.19573966,26,101.30000000000001,101.30000000000001,2.5451000000000006,97.34220000000005,3,5,6,8,3,2,0.5,8,0,0.7356687144489813,0,c1cc(Oc2cncc(CC3CCC3)c2)[nH]n1,C1CCC(CC2CCCC(CC3CCC3)C2)C1,False,"InChI=1S/C18H25N5O3/c1-4-23-15(5-6-21-23)26-14-8-12(7-13-9-18(2,25)10-13)11-20-16(14)22-17(24)19-3/h5-6,8,11,13,25H,4,7,9-10H2,1-3H3,(H2,19,20,22,24)/t13-,18+",AZHFAXGDRCIDKF-QGGXVJLZSA-N,AZHFAXGDRCIDKF,2,False,False,False,False,AZHFAXGDRCIDKF-QGGXVJLZSA-N,1,True,4
GKA_0737,gka_candidate,CHEMBL4574797,,CNC(=O)Nc1cc(Oc2cncc(OC)c2)c([C@H]2COCCC2(F)F)cn1,,,activity,,P4,6.0–6.5（0.32–1 µM）,6.14,False,,CHEMBL4574797,False,,,,,,,,False,True,True,CNC(=O)Nc1cc(Oc2cncc(OC)c2)c([C@H]2COCCC2(F)F)cn1,1,False,0,0,False,False,无改动,394.37800000000016,394.14526156,28,94.60000000000001,94.60000000000001,3.168000000000002,96.30240000000003,2,6,5,7,3,2,0.3888888888888889,10,0,0.8090343975564737,0,c1cncc(Oc2ccncc2[C@@H]2CCCOC2)c1,C1CCC(CC2CCCCC2C2CCCCC2)CC1,False,"InChI=1S/C18H20F2N4O4/c1-21-17(25)24-16-6-15(28-12-5-11(26-2)7-22-8-12)13(9-23-16)14-10-27-4-3-18(14,19)20/h5-9,14H,3-4,10H2,1-2H3,(H2,21,23,24,25)/t14-/m1/s1",DETISJLWMDKKPO-CQSZACIVSA-N,DETISJLWMDKKPO,1,False,False,False,False,DETISJLWMDKKPO-CQSZACIVSA-N,1,True,3
GKA_0738,gka_candidate,CHEMBL576361,,COc1ccc2nc(NC(=O)C(CC3CCCC3)c3ccc(S(=O)(=O)NCc4ccccc4)cc3)sc2n1,,,activity,,P4,6.0–6.5（0.32–1 µM）,6.14,False,,CHEMBL576361,False,,,,,,,,False,True,True,COc1ccc2nc(NC(=O)C(CC3CCCC3)c3ccc(S(=O)(=O)NCc4ccccc4)cc3)sc2n1,1,False,0,0,False,False,无改动,550.706,550.17084744,38,110.27999999999999,146.90000000000003,5.481000000000005,148.82219999999978,2,7,10,11,5,4,0.32142857142857145,10,0,0.27054020484230656,2,O=C(Nc1nc2cccnc2s1)C(CC1CCCC1)c1ccc(S(=O)(=O)NCc2ccccc2)cc1,CC(CC1CC2CCCCC2C1)C(CC1CCCC1)C1CCC(C(C)(C)CCC2CCCCC2)CC1,False,"InChI=1S/C28H30N4O4S2/c1-36-25-16-15-24-27(31-25)37-28(30-24)32-26(33)23(17-19-7-5-6-8-19)21-11-13-22(14-12-21)38(34,35)29-18-20-9-3-2-4-10-20/h2-4,9-16,19,23,29H,5-8,17-18H2,1H3,(H,30,32,33)",QFFDCWUPOSBJMS-UHFFFAOYSA-N,QFFDCWUPOSBJMS,1,False,False,True,False,QFFDCWUPOSBJMS-UHFFFAOYSA-N,1,True,2
GKA_0739,gka_candidate,CHEMBL550443,,CS(=O)(=O)c1ccc(Oc2cc(O[C@@H]3CCOC3)cc(C(=O)Nc3nccs3)c2)cc1,,,activity,,P4,6.0–6.5（0.32–1 µM）,6.135,False,,CHEMBL550443,False,,,,,,,,False,True,True,CS(=O)(=O)c1ccc(Oc2cc(O[C@@H]3CCOC3)cc(C(=O)Nc3nccs3)c2)cc1,1,False,0,0,False,False,无改动,460.53300000000013,460.07627836000006,31,103.82000000000001,140.44,3.7589000000000024,115.98700000000002,1,8,7,8,4,3,0.23809523809523808,10,0,0.5724610946642504,0,O=C(Nc1nccs1)c1cc(Oc2ccccc2)cc(O[C@@H]2CCOC2)c1,CC(CC1CCCC1)C1CC(CC2CCCCC2)CC(CC2CCCC2)C1,False,"InChI=1S/C21H20N2O6S2/c1-31(25,26)19-4-2-15(3-5-19)28-17-10-14(20(24)23-21-22-7-9-30-21)11-18(12-17)29-16-6-8-27-13-16/h2-5,7,9-12,16H,6,8,13H2,1H3,(H,22,23,24)/t16-/m1/s1",UQHVRVYGEAIGAH-MRXNPFEDSA-N,UQHVRVYGEAIGAH,1,False,False,False,False,UQHVRVYGEAIGAH-MRXNPFEDSA-N,1,True,1
GKA_0740,gka_candidate,CHEMBL3959646,,O=C(O)c1ccc(NC(=O)C(Oc2ccc(Cl)cc2)c2ccc(S(=O)(=O)C3CC3)cc2)nc1,,,activity,,P4,6.0–6.5（0.32–1 µM）,6.13,False,,CHEMBL3959646,False,,,,,,,,False,True,True,O=C(O)c1ccc(NC(=O)C(Oc2ccc(Cl)cc2)c2ccc(S(=O)(=O)C3CC3)cc2)nc1,1,False,0,0,False,False,无改动,486.9330000000002,486.06523500800006,33,122.66000000000001,131.04000000000002,4.1281000000000025,121.29680000000002,2,6,8,9,4,3,0.17391304347826086,10,0,0.49038006781978194,0,O=C(Nc1ccccn1)C(Oc1ccccc1)c1ccc(S(=O)(=O)C2CC2)cc1,CC(CC1CCCCC1)C(CC1CCCCC1)C1CCC(C(C)(C)C2CC2)CC1,False,"InChI=1S/C23H19ClN2O6S/c24-16-4-6-17(7-5-16)32-21(22(27)26-20-12-3-15(13-25-20)23(28)29)14-1-8-18(9-2-14)33(30,31)19-10-11-19/h1-9,12-13,19,21H,10-11H2,(H,28,29)(H,25,26,27)",VICKYXCTCGJETM-UHFFFAOYSA-N,VICKYXCTCGJETM,1,True,False,False,False,VICKYXCTCGJETM-UHFFFAOYSA-N,1,True,2
GKA_0741,gka_candidate,CHEMBL4574160,,CNC(=O)Nc1cc(Oc2cncc(C)c2)c(C(C)CO)cn1,,,activity,,P4,6.0–6.5（0.32–1 µM）,6.13,False,,CHEMBL4574160,False,,,,,,,,False,True,True,CNC(=O)Nc1cc(Oc2cncc(C)c2)c(C(C)CO)cn1,1,False,0,0,False,False,无改动,316.36100000000005,316.1535405,23,96.37,96.37,2.4244200000000005,86.86420000000004,3,5,5,7,2,2,0.3125,7,0,0.7869838427230194,0,c1cncc(Oc2ccncc2)c1,C1CCC(CC2CCCCC2)CC1,False,"InChI=1S/C16H20N4O3/c1-10-4-12(7-18-6-10)23-14-5-15(20-16(22)17-3)19-8-13(14)11(2)9-21/h4-8,11,21H,9H2,1-3H3,(H2,17,19,20,22)",ONLVFFJIOJFXPY-UHFFFAOYSA-N,ONLVFFJIOJFXPY,1,False,False,False,False,ONLVFFJIOJFXPY-UHFFFAOYSA-N,1,True,5
GKA_0742,gka_candidate,CHEMBL3765308,,N#Cc1ccc(C(CC2CCCC2)c2cc3cccnc3[nH]2)cc1Cl,,,activity,,P4,6.0–6.5（0.32–1 µM）,6.12,False,,CHEMBL3765308,False,,,,,,,,False,True,True,N#Cc1ccc(C(CC2CCCC2)c2cc3cccnc3[nH]2)cc1Cl,1,False,0,0,False,False,无改动,349.865,349.13457532,25,52.47,52.47,5.8001800000000046,100.67870000000003,1,2,4,4,4,3,0.3333333333333333,4,0,0.6466436746808752,1,c1ccc(C(CC2CCCC2)c2cc3cccnc3[nH]2)cc1,C1CCC(C(CC2CCCC2)C2CC3CCCCC3C2)CC1,False,"InChI=1S/C21H20ClN3/c22-19-11-15(7-8-17(19)13-23)18(10-14-4-1-2-5-14)20-12-16-6-3-9-24-21(16)25-20/h3,6-9,11-12,14,18H,1-2,4-5,10H2,(H,24,25)",IBZGTEGDCVAHSL-UHFFFAOYSA-N,IBZGTEGDCVAHSL,1,False,False,False,False,IBZGTEGDCVAHSL-UHFFFAOYSA-N,1,True,11
GKA_0743,gka_candidate,CHEMBL2204658,,CCn1cc2c(Oc3ccc(S(C)(=O)=O)cc3)cc(C(=O)Nc3cnc(C)cn3)cc2n1,,,activity,,P4,6.0–6.5（0.32–1 µM）,6.11,False,,CHEMBL2204658,False,,,,,,,,False,True,True,CCn1cc2c(Oc3ccc(S(C)(=O)=O)cc3)cc(C(=O)Nc3cnc(C)cn3)cc2n1,1,False,0,0,False,False,无改动,451.50800000000015,451.1314251520001,32,116.07000000000001,124.45,3.6027200000000015,119.75500000000002,1,7,6,7,4,4,0.18181818181818182,10,0,0.47598797004914545,0,O=C(Nc1cnccn1)c1cc(Oc2ccccc2)c2c[nH]nc2c1,CC(CC1CCCCC1)C1CC2CCCC2C(CC2CCCCC2)C1,False,"InChI=1S/C22H21N5O4S/c1-4-27-13-18-19(26-27)9-15(22(28)25-21-12-23-14(2)11-24-21)10-20(18)31-16-5-7-17(8-6-16)32(3,29)30/h5-13H,4H2,1-3H3,(H,24,25,28)",VSJORLZCLQYWOQ-UHFFFAOYSA-N,VSJORLZCLQYWOQ,0,False,False,False,False,VSJORLZCLQYWOQ-UHFFFAOYSA-N,1,True,6
GKA_0744,gka_candidate,CHEMBL2315026,,COC[C@H](C)Oc1cc(/C=C/c2cc(F)cc(F)c2F)cc(C(=O)Nc2ccc(C(=O)O)cn2)c1,,,activity,,P4,6.0–6.5（0.32–1 µM）,6.11,False,,CHEMBL2315026,False,,,,,,,,False,True,True,COC[C@H](C)Oc1cc(/C=C/c2cc(F)cc(F)c2F)cc(C(=O)Nc2ccc(C(=O)O)cn2)c1,1,False,0,0,False,False,无改动,486.4460000000002,486.140256432,35,97.75,97.75,5.0335000000000045,122.80150000000003,2,5,9,10,3,3,0.16,10,0,0.32518686993092655,1,O=C(Nc1ccccn1)c1cccc(/C=C/c2ccccc2)c1,CC(CC1CCCCC1)C1CCCC(CCC2CCCCC2)C1,False,"InChI=1S/C25H21F3N2O5/c1-14(13-34-2)35-20-8-15(3-4-16-9-19(26)11-21(27)23(16)28)7-18(10-20)24(31)30-22-6-5-17(12-29-22)25(32)33/h3-12,14H,13H2,1-2H3,(H,32,33)(H,29,30,31)/b4-3+/t14-/m0/s1",NYWRKNHIUKEIJU-XGACYXMMSA-N,NYWRKNHIUKEIJU,1,True,False,False,False,NYWRKNHIUKEIJU-XGACYXMMSA-N,1,True,10
GKA_0745,gka_candidate,CHEMBL489334,,Cc1csc(NC(=O)c2cc(Sc3ncc[nH]3)ccc2N)n1,,,activity,,P4,6.0–6.5（0.32–1 µM）,6.11,False,,CHEMBL489334,False,,,,,,,,False,True,True,Cc1csc(NC(=O)c2cc(Sc3ncc[nH]3)ccc2N)n1,1,False,0,0,False,False,无改动,331.42600000000004,331.05615203600007,22,96.69,150.23000000000002,3.1603199999999996,88.36930000000002,3,6,4,5,3,3,0.07142857142857142,8,0,0.6381177174923043,0,O=C(Nc1nccs1)c1cccc(Sc2ncc[nH]2)c1,CC(CC1CCCC1)C1CCCC(CC2CCCC2)C1,False,"InChI=1S/C14H13N5OS2/c1-8-7-21-14(18-8)19-12(20)10-6-9(2-3-11(10)15)22-13-16-4-5-17-13/h2-7H,15H2,1H3,(H,16,17)(H,18,19,20)",WQAJLXRHPKKTDU-UHFFFAOYSA-N,WQAJLXRHPKKTDU,0,False,False,False,False,WQAJLXRHPKKTDU-UHFFFAOYSA-N,1,True,4
GKA_0746,gka_candidate,CHEMBL2206781,,COCCC(Sc1ncnc2c1cnn2-c1ccccc1Cl)C(=O)Nc1nc(C)cs1,,,activity,,P4,6.0–6.5（0.32–1 µM）,6.1,False,,CHEMBL2206781,False,,,,,,,,False,True,True,COCCC(Sc1ncnc2c1cnn2-c1ccccc1Cl)C(=O)Nc1nc(C)cs1,1,False,0,0,False,False,无改动,474.9990000000002,474.069943528,31,94.82000000000001,148.35999999999999,4.369720000000004,123.28870000000003,1,8,8,9,4,4,0.25,11,0,0.29900373133593505,0,O=C(CSc1ncnc2c1cnn2-c1ccccc1)Nc1nccs1,CC(CCC1CCCC2C(C3CCCCC3)CCC12)CC1CCCC1,False,"InChI=1S/C20H19ClN6O2S2/c1-12-10-30-20(25-12)26-18(28)16(7-8-29-2)31-19-13-9-24-27(17(13)22-11-23-19)15-6-4-3-5-14(15)21/h3-6,9-11,16H,7-8H2,1-2H3,(H,25,26,28)",IMPYIOYTNMCHNW-UHFFFAOYSA-N,IMPYIOYTNMCHNW,1,False,False,False,False,IMPYIOYTNMCHNW-UHFFFAOYSA-N,1,True,2
GKA_0747,gka_candidate,CHEMBL2430856,,Cc1csc(Nc2ncc(Cl)cc2OCc2ccccc2)n1,,,activity,,P4,6.0–6.5（0.32–1 µM）,6.1,False,,CHEMBL2430856,False,,,,,,,,False,True,True,Cc1csc(Nc2ncc(Cl)cc2OCc2ccccc2)n1,1,False,0,0,False,False,无改动,331.82800000000003,331.054610748,22,47.040000000000006,75.28,4.822520000000003,90.15470000000002,1,5,5,5,3,3,0.125,6,0,0.7275612572025913,0,c1ccc(COc2cccnc2Nc2nccs2)cc1,C1CCC(CCC2CCCCC2CC2CCCC2)CC1,False,"InChI=1S/C16H14ClN3OS/c1-11-10-22-16(19-11)20-15-14(7-13(17)8-18-15)21-9-12-5-3-2-4-6-12/h2-8,10H,9H2,1H3,(H,18,19,20)",ZDMGJDILJHSXTQ-UHFFFAOYSA-N,ZDMGJDILJHSXTQ,0,False,False,False,False,ZDMGJDILJHSXTQ-UHFFFAOYSA-N,1,True,5
GKA_0748,gka_candidate,CHEMBL3221513,,C[C@H](CO)OC[C@H](Oc1ncnc2c1cnn2-c1ncccc1Cl)C(=O)Nc1ccc(F)cn1,,,activity,,P4,6.0–6.5（0.32–1 µM）,6.1,False,,CHEMBL3221513,False,,,,,,,,False,True,True,C[C@H](CO)OC[C@H](Oc1ncnc2c1cnn2-c1ncccc1Cl)C(=O)Nc1ccc(F)cn1,1,False,0,0,False,False,无改动,487.8790000000002,487.11710798800004,34,137.17000000000002,137.17000000000002,2.1814999999999998,119.20550000000004,2,9,9,10,4,4,0.23809523809523808,13,0,0.3635278794342329,0,O=C(COc1ncnc2c1cnn2-c1ccccn1)Nc1ccccn1,CC(CCC1CCCC2C(C3CCCCC3)CCC12)CC1CCCCC1,False,"InChI=1S/C21H19ClFN7O4/c1-12(9-31)33-10-16(20(32)29-17-5-4-13(23)7-25-17)34-21-14-8-28-30(18(14)26-11-27-21)19-15(22)3-2-6-24-19/h2-8,11-12,16,31H,9-10H2,1H3,(H,25,29,32)/t12-,16+/m1/s1",UYUKOVWUXCJYGS-WBMJQRKESA-N,UYUKOVWUXCJYGS,2,False,False,False,False,UYUKOVWUXCJYGS-WBMJQRKESA-N,1,True,16
GKA_0749,gka_candidate,CHEMBL3927802,,CCS(=O)(=O)c1ccc(Oc2cc3cc(-c4ccc(C(F)(F)F)cn4)[nH]c3cc2C2CCC(=O)N2CC(=O)O)cc1,,,activity,,P4,6.0–6.5（0.32–1 µM）,6.1,False,,CHEMBL3927802,False,,,,,,,,False,True,True,CCS(=O)(=O)c1ccc(Oc2cc3cc(-c4ccc(C(F)(F)F)cn4)[nH]c3cc2C2CCC(=O)N2CC(=O)O)cc1,1,False,0,0,False,False,无改动,587.5760000000002,587.1337911480001,41,129.66,138.04,5.582700000000004,142.0982999999999,2,6,8,9,5,4,0.25,13,0,0.2752239550762701,2,O=C1CCC(c2cc3[nH]c(-c4ccccn4)cc3cc2Oc2ccccc2)N1,CC1CCC(C2CC3CC(C4CCCCC4)CC3CC2CC2CCCCC2)C1,False,"InChI=1S/C28H24F3N3O6S/c1-2-41(38,39)19-6-4-18(5-7-19)40-25-12-16-11-23(21-8-3-17(14-32-21)28(29,30)31)33-22(16)13-20(25)24-9-10-26(35)34(24)15-27(36)37/h3-8,11-14,24,33H,2,9-10,15H2,1H3,(H,36,37)",KKHGVRBDEBHWFR-UHFFFAOYSA-N,KKHGVRBDEBHWFR,1,True,False,False,False,KKHGVRBDEBHWFR-UHFFFAOYSA-N,1,True,16
GKA_0750,gka_candidate,CHEMBL4647058,,CC(=O)N1CCC(c2nsc(Nc3ncc(Sc4ccccn4)cc3Oc3cccnc3)n2)CC1,,,activity,,P4,6.0–6.5（0.32–1 µM）,6.1,False,,CHEMBL4647058,False,,,,,,,,False,True,True,CC(=O)N1CCC(c2nsc(Nc3ncc(Sc4ccccn4)cc3Oc3cccnc3)n2)CC1,1,False,0,0,False,False,无改动,505.62900000000025,505.13546497600004,35,106.02000000000001,159.56,5.136100000000004,134.3286999999999,1,10,7,8,5,4,0.25,11,0,0.3654471640543261,2,c1ccc(Sc2cnc(Nc3nc(C4CCNCC4)ns3)c(Oc3cccnc3)c2)nc1,C1CCC(CC2CCC(CC3CCC(C4CCCCC4)C3)C(CC3CCCCC3)C2)CC1,False,"InChI=1S/C24H23N7O2S2/c1-16(32)31-11-7-17(8-12-31)22-28-24(35-30-22)29-23-20(33-18-5-4-9-25-14-18)13-19(15-27-23)34-21-6-2-3-10-26-21/h2-6,9-10,13-15,17H,7-8,11-12H2,1H3,(H,27,28,29,30)",RMMLINKWFXVLPJ-UHFFFAOYSA-N,RMMLINKWFXVLPJ,0,False,False,False,False,RMMLINKWFXVLPJ-UHFFFAOYSA-N,1,True,3
GKA_0751,gka_candidate,CHEMBL3235160,,Cc1cccnc1-c1cc(Oc2ccc(S(C)(=O)=O)cc2)cc(C(=O)Nc2ccn(C)n2)c1,,,activity,,P4,6.0–6.5（0.32–1 µM）,6.09,False,,CHEMBL3235160,False,,,,,,,,False,True,True,Cc1cccnc1-c1cc(Oc2ccc(S(C)(=O)=O)cc2)cc(C(=O)Nc2ccn(C)n2)c1,1,False,0,0,False,False,无改动,462.5310000000002,462.136176184,33,103.17999999999999,111.56000000000002,4.238620000000002,125.19700000000006,1,6,6,7,4,4,0.125,9,0,0.459760924934175,0,O=C(Nc1cc[nH]n1)c1cc(Oc2ccccc2)cc(-c2ccccn2)c1,CC(CC1CCCC1)C1CC(CC2CCCCC2)CC(C2CCCCC2)C1,False,"InChI=1S/C24H22N4O4S/c1-16-5-4-11-25-23(16)17-13-18(24(29)26-22-10-12-28(2)27-22)15-20(14-17)32-19-6-8-21(9-7-19)33(3,30)31/h4-15H,1-3H3,(H,26,27,29)",BLJWZLWQWDOSMG-UHFFFAOYSA-N,BLJWZLWQWDOSMG,0,False,False,False,False,BLJWZLWQWDOSMG-UHFFFAOYSA-N,1,True,2
GKA_0752,gka_candidate,CHEMBL3352877,,CCn1nc(COC)cc1Oc1cc(CC2CCOCC2)cnc1NC(=O)NC,,,activity,,P4,6.0–6.5（0.32–1 µM）,6.09,False,,CHEMBL3352877,False,,,,,,,,False,True,True,CCn1nc(COC)cc1Oc1cc(CC2CCOCC2)cnc1NC(=O)NC,1,False,0,0,False,False,无改动,403.4830000000001,403.2219544080001,29,99.53,99.53,2.9571000000000005,108.25040000000006,2,6,8,10,3,2,0.55,9,0,0.7029952871499827,0,c1cc(Oc2cncc(CC3CCOCC3)c2)[nH]n1,C1CCC(CC2CCCC(CC3CCCC3)C2)CC1,False,"InChI=1S/C20H29N5O4/c1-4-25-18(11-16(24-25)13-27-3)29-17-10-15(9-14-5-7-28-8-6-14)12-22-19(17)23-20(26)21-2/h10-12,14H,4-9,13H2,1-3H3,(H2,21,22,23,26)",KFKCBULZNJTIAH-UHFFFAOYSA-N,KFKCBULZNJTIAH,0,False,False,False,False,KFKCBULZNJTIAH-UHFFFAOYSA-N,1,True,4
GKA_0753,gka_candidate,CHEMBL3763854,,CC(=O)c1ccc(C(CC2CCCC2)c2cc3cccnc3[nH]2)cc1Cl,,,activity,,P4,6.0–6.5（0.32–1 µM）,6.09,False,,CHEMBL3763854,False,,,,,,,,False,True,True,CC(=O)c1ccc(C(CC2CCCC2)c2cc3cccnc3[nH]2)cc1Cl,1,False,0,0,False,False,无改动,366.89199999999994,366.14989103600004,26,45.75,45.75,6.131100000000005,105.96820000000002,1,2,5,5,4,3,0.36363636363636365,4,0,0.5517052651316834,1,c1ccc(C(CC2CCCC2)c2cc3cccnc3[nH]2)cc1,C1CCC(C(CC2CCCC2)C2CC3CCCCC3C2)CC1,False,"InChI=1S/C22H23ClN2O/c1-14(26)18-9-8-16(12-20(18)23)19(11-15-5-2-3-6-15)21-13-17-7-4-10-24-22(17)25-21/h4,7-10,12-13,15,19H,2-3,5-6,11H2,1H3,(H,24,25)",UMJURPMKEPWRDL-UHFFFAOYSA-N,UMJURPMKEPWRDL,1,False,False,False,False,UMJURPMKEPWRDL-UHFFFAOYSA-N,1,True,11
GKA_0754,gka_candidate,CHEMBL4209159,,COCC(C)Oc1cc(Oc2cccc(S(C)(=O)=O)c2)cc(C(=O)Nc2nc3c(s2)CN(C(=O)OC(C)(C)C)CC3)c1,,,activity,,P4,6.0–6.5（0.32–1 µM）,6.09,False,,CHEMBL4209159,False,,,,,,,,False,True,True,COCC(C)Oc1cc(Oc2cccc(S(C)(=O)=O)c2)cc(C(=O)Nc2nc3c(s2)CN(C(=O)OC(C)(C)C)CC3)c1,1,False,0,0,False,False,无改动,617.746,617.18655708,42,133.35999999999999,169.98,5.298100000000005,158.4489999999997,1,10,9,13,4,3,0.41379310344827586,13,0,0.3396274544633296,2,O=C(Nc1nc2c(s1)CNCC2)c1cccc(Oc2ccccc2)c1,CC(CC1CC2CCCCC2C1)C1CCCC(CC2CCCCC2)C1,False,"InChI=1S/C29H35N3O8S2/c1-18(17-37-5)38-21-12-19(13-22(14-21)39-20-8-7-9-23(15-20)42(6,35)36)26(33)31-27-30-24-10-11-32(16-25(24)41-27)28(34)40-29(2,3)4/h7-9,12-15,18H,10-11,16-17H2,1-6H3,(H,30,31,33)",CBKZKRGRLRQDFO-UHFFFAOYSA-N,CBKZKRGRLRQDFO,1,False,False,False,False,CBKZKRGRLRQDFO-UHFFFAOYSA-N,1,True,6
GKA_0755,gka_candidate,CHEMBL491323,,Cn1cnnc1Sc1ccc(N)c(C(=O)Nc2nc(CO)cs2)c1,,,activity,,P4,6.0–6.5（0.32–1 µM）,6.09,False,,CHEMBL491323,False,,,,,,,,False,True,True,Cn1cnnc1Sc1ccc(N)c(C(=O)Nc2nc(CO)cs2)c1,1,False,0,0,False,False,无改动,362.44000000000005,362.06196568799993,24,118.95000000000002,172.49,1.7495999999999996,91.9704,3,8,5,6,3,3,0.14285714285714285,10,0,0.5915745942513735,0,O=C(Nc1nccs1)c1cccc(Sc2nnc[nH]2)c1,CC(CC1CCCC1)C1CCCC(CC2CCCC2)C1,False,"InChI=1S/C14H14N6O2S2/c1-20-7-16-19-14(20)24-9-2-3-11(15)10(4-9)12(22)18-13-17-8(5-21)6-23-13/h2-4,6-7,21H,5,15H2,1H3,(H,17,18,22)",LKZJPECMORAGJJ-UHFFFAOYSA-N,LKZJPECMORAGJJ,0,False,False,False,False,LKZJPECMORAGJJ-UHFFFAOYSA-N,1,True,6
GKA_0756,gka_candidate,CHEMBL474354,,Cc1csc(NC(=O)c2cc(Oc3ccc(F)cc3)ccc2N)n1,,,activity,,P4,6.0–6.5（0.32–1 µM）,6.085,False,,CHEMBL474354,False,,,,,,,,False,True,True,Cc1csc(NC(=O)c2cc(Oc3ccc(F)cc3)ccc2N)n1,1,False,0,0,False,False,无改动,343.38300000000004,343.07907590800005,24,77.24,105.47999999999999,4.217420000000002,92.13260000000002,2,5,4,5,3,3,0.058823529411764705,7,0,0.6955071819953559,0,O=C(Nc1nccs1)c1cccc(Oc2ccccc2)c1,CC(CC1CCCC1)C1CCCC(CC2CCCCC2)C1,False,"InChI=1S/C17H14FN3O2S/c1-10-9-24-17(20-10)21-16(22)14-8-13(6-7-15(14)19)23-12-4-2-11(18)3-5-12/h2-9H,19H2,1H3,(H,20,21,22)",SUPIDUIYHNMEGY-UHFFFAOYSA-N,SUPIDUIYHNMEGY,0,False,False,False,False,SUPIDUIYHNMEGY-UHFFFAOYSA-N,1,True,26
GKA_0757,gka_candidate,CHEMBL475058,,Cc1csc(NC(=O)c2cc(Oc3ccccc3)cc(Oc3ccccc3S(C)(=O)=O)c2)n1,,,activity,,P4,6.0–6.5（0.32–1 µM）,6.085,False,,CHEMBL475058,False,,,,,,,,False,True,True,Cc1csc(NC(=O)c2cc(Oc3ccccc3)cc(Oc3ccccc3S(C)(=O)=O)c2)n1,1,False,0,0,False,False,无改动,480.56700000000023,480.08136374,33,94.58999999999999,131.20999999999998,5.691920000000005,127.388,1,7,7,8,4,4,0.08333333333333333,9,0,0.36503740108049976,1,O=C(Nc1nccs1)c1cc(Oc2ccccc2)cc(Oc2ccccc2)c1,CC(CC1CCCC1)C1CC(CC2CCCCC2)CC(CC2CCCCC2)C1,False,"InChI=1S/C24H20N2O5S2/c1-16-15-32-24(25-16)26-23(27)17-12-19(30-18-8-4-3-5-9-18)14-20(13-17)31-21-10-6-7-11-22(21)33(2,28)29/h3-15H,1-2H3,(H,25,26,27)",KIHFPLPVTMXHFP-UHFFFAOYSA-N,KIHFPLPVTMXHFP,0,False,False,False,False,KIHFPLPVTMXHFP-UHFFFAOYSA-N,1,True,2
GKA_0758,gka_candidate,CHEMBL2408109,,CC(C)Oc1cc(Oc2ccc(S(C)(=O)=O)cc2)cc(-c2nccc(=O)[nH]2)c1,,,activity,,P4,6.0–6.5（0.32–1 µM）,6.08,False,,CHEMBL2408109,False,,,,,,,,False,True,True,CC(C)Oc1cc(Oc2ccc(S(C)(=O)=O)cc2)cc(-c2nccc(=O)[nH]2)c1,1,False,0,0,False,False,无改动,400.4560000000001,400.10929274000006,28,98.35,106.72999999999999,3.419900000000001,105.68350000000004,1,6,6,6,3,3,0.2,8,0,0.6807378829469202,0,O=c1ccnc(-c2cccc(Oc3ccccc3)c2)[nH]1,CC1CCCC(C2CCCC(CC3CCCCC3)C2)C1,False,"InChI=1S/C20H20N2O5S/c1-13(2)26-16-10-14(20-21-9-8-19(23)22-20)11-17(12-16)27-15-4-6-18(7-5-15)28(3,24)25/h4-13H,1-3H3,(H,21,22,23)",LEIBEWCOPLRTJN-UHFFFAOYSA-N,LEIBEWCOPLRTJN,0,False,False,False,False,LEIBEWCOPLRTJN-UHFFFAOYSA-N,1,True,8
GKA_0759,gka_candidate,CHEMBL4468814,,CNC(=O)Nc1cc(Oc2c(F)cccc2F)ccn1,,,activity,,P4,6.0–6.5（0.32–1 µM）,6.08,False,,CHEMBL4468814,False,,,,,,,,False,True,True,CNC(=O)Nc1cc(Oc2c(F)cccc2F)ccn1,1,False,0,0,False,False,无改动,279.246,279.08193303200005,20,63.25,63.25,2.9034000000000004,68.74740000000001,2,3,3,5,2,2,0.07692307692307693,7,0,0.9076298972246802,0,c1ccc(Oc2ccncc2)cc1,C1CCC(CC2CCCCC2)CC1,False,"InChI=1S/C13H11F2N3O2/c1-16-13(19)18-11-7-8(5-6-17-11)20-12-9(14)3-2-4-10(12)15/h2-7H,1H3,(H2,16,17,18,19)",QUSPGQBMMOFJNY-UHFFFAOYSA-N,QUSPGQBMMOFJNY,0,False,False,False,False,QUSPGQBMMOFJNY-UHFFFAOYSA-N,1,True,3
GKA_0760,gka_candidate,CHEMBL2314796,,COC[C@H](C)Oc1cc(/C=C/c2ccc([N+](=O)[O-])cc2)cc(C(=O)Nc2ccn(C)n2)c1,,,activity,,P4,6.0–6.5（0.32–1 µM）,6.07,False,,CHEMBL2314796,False,,,,,,,,False,True,True,COC[C@H](C)Oc1cc(/C=C/c2ccc([N+](=O)[O-])cc2)cc(C(=O)Nc2ccn(C)n2)c1,1,False,0,0,False,False,无改动,436.46800000000013,436.174669868,32,108.52,108.52,4.1647000000000025,121.59360000000004,1,6,9,10,3,3,0.21739130434782608,9,0,0.3064276812607046,0,O=C(Nc1cc[nH]n1)c1cccc(/C=C/c2ccccc2)c1,CC(CC1CCCC1)C1CCCC(CCC2CCCCC2)C1,False,"InChI=1S/C23H24N4O5/c1-16(15-31-3)32-21-13-18(5-4-17-6-8-20(9-7-17)27(29)30)12-19(14-21)23(28)24-22-10-11-26(2)25-22/h4-14,16H,15H2,1-3H3,(H,24,25,28)/b5-4+/t16-/m0/s1",FLTYOOHTOGXMOU-APHBUQMISA-N,FLTYOOHTOGXMOU,1,False,False,False,False,FLTYOOHTOGXMOU-APHBUQMISA-N,1,True,10
GKA_0761,gka_candidate,CHEMBL2314802,,COC[C@H](C)Oc1cc(/C=C/c2cc(F)cc(F)c2F)cc(C(=O)Nc2ccn(C)n2)c1,,,activity,,P4,6.0–6.5（0.32–1 µM）,6.07,False,,CHEMBL2314802,False,,,,,,,,False,True,True,COC[C@H](C)Oc1cc(/C=C/c2cc(F)cc(F)c2F)cc(C(=O)Nc2ccn(C)n2)c1,1,False,0,0,False,False,无改动,445.44100000000014,445.16132622400005,32,65.38,65.38,4.673800000000004,114.81320000000002,1,4,8,9,3,3,0.21739130434782608,9,0,0.4042149857813981,0,O=C(Nc1cc[nH]n1)c1cccc(/C=C/c2ccccc2)c1,CC(CC1CCCC1)C1CCCC(CCC2CCCCC2)C1,False,"InChI=1S/C23H22F3N3O3/c1-14(13-31-3)32-19-9-15(4-5-16-10-18(24)12-20(25)22(16)26)8-17(11-19)23(30)27-21-6-7-29(2)28-21/h4-12,14H,13H2,1-3H3,(H,27,28,30)/b5-4+/t14-/m0/s1",KCZDZHSVMLJCGN-NNTXTVRGSA-N,KCZDZHSVMLJCGN,1,False,False,False,False,KCZDZHSVMLJCGN-NNTXTVRGSA-N,1,True,10
GKA_0762,gka_candidate,CHEMBL2314809,,COC[C@H](C)Oc1cc(CCc2cc(F)cc(F)c2F)cc(C(=O)Nc2ccn(C)n2)c1,,,activity,,P4,6.0–6.5（0.32–1 µM）,6.07,False,,CHEMBL2314809,False,,,,,,,,False,True,True,COC[C@H](C)Oc1cc(CCc2cc(F)cc(F)c2F)cc(C(=O)Nc2ccn(C)n2)c1,1,False,0,0,False,False,无改动,447.4570000000001,447.17697628800005,32,65.38,65.38,4.288600000000002,113.29320000000001,1,4,9,10,3,3,0.30434782608695654,9,0,0.49734536389055534,0,O=C(Nc1cc[nH]n1)c1cccc(CCc2ccccc2)c1,CC(CC1CCCC1)C1CCCC(CCC2CCCCC2)C1,False,"InChI=1S/C23H24F3N3O3/c1-14(13-31-3)32-19-9-15(4-5-16-10-18(24)12-20(25)22(16)26)8-17(11-19)23(30)27-21-6-7-29(2)28-21/h6-12,14H,4-5,13H2,1-3H3,(H,27,28,30)/t14-/m0/s1",KMYQYKGQDBBGMY-AWEZNQCLSA-N,KMYQYKGQDBBGMY,1,False,False,False,False,KMYQYKGQDBBGMY-AWEZNQCLSA-N,1,True,6
GKA_0763,gka_candidate,CHEMBL2408119,,CC(C)Oc1cc(Oc2cnc(C(=O)N(C)C)nc2)cc(-c2nccc(=O)[nH]2)c1,,,activity,,P4,6.0–6.5（0.32–1 µM）,6.07,False,,CHEMBL2408119,False,,,,,,,,False,True,True,CC(C)Oc1cc(Oc2cnc(C(=O)N(C)C)nc2)cc(-c2nccc(=O)[nH]2)c1,1,False,0,0,False,False,无改动,395.4190000000001,395.15935415200005,29,110.30000000000001,110.30000000000001,2.5081999999999995,106.18120000000003,1,7,6,7,3,3,0.25,9,0,0.6826092155371614,0,O=c1ccnc(-c2cccc(Oc3cncnc3)c2)[nH]1,CC1CCCC(C2CCCC(CC3CCCCC3)C2)C1,False,"InChI=1S/C20H21N5O4/c1-12(2)28-14-7-13(18-21-6-5-17(26)24-18)8-15(9-14)29-16-10-22-19(23-11-16)20(27)25(3)4/h5-12H,1-4H3,(H,21,24,26)",ZDHXWYBRGMUZBA-UHFFFAOYSA-N,ZDHXWYBRGMUZBA,0,False,False,False,False,ZDHXWYBRGMUZBA-UHFFFAOYSA-N,1,True,4
GKA_0764,gka_candidate,CHEMBL2204653,,CNS(=O)(=O)c1ccc(Oc2cc(C(=O)Nc3cnc(C)cn3)cc3nn(C)cc23)cc1,,,activity,,P4,6.0–6.5（0.32–1 µM）,6.06,False,,CHEMBL2204653,False,,,,,,,,False,True,True,CNS(=O)(=O)c1ccc(Oc2cc(C(=O)Nc3cnc(C)cn3)cc3nn(C)cc23)cc1,1,False,0,0,False,False,无改动,452.49600000000015,452.1266741200001,32,128.1,136.48000000000002,2.6244200000000006,118.19770000000001,2,7,6,7,4,4,0.14285714285714285,11,0,0.46013314101400504,0,O=C(Nc1cnccn1)c1cc(Oc2ccccc2)c2c[nH]nc2c1,CC(CC1CCCCC1)C1CC2CCCC2C(CC2CCCCC2)C1,False,"InChI=1S/C21H20N6O4S/c1-13-10-24-20(11-23-13)25-21(28)14-8-18-17(12-27(3)26-18)19(9-14)31-15-4-6-16(7-5-15)32(29,30)22-2/h4-12,22H,1-3H3,(H,24,25,28)",BKZRZYGNNBKORP-UHFFFAOYSA-N,BKZRZYGNNBKORP,0,False,False,True,False,BKZRZYGNNBKORP-UHFFFAOYSA-N,1,True,6
GKA_0765,gka_candidate,CHEMBL3218480,,Cc1cnc(NC(=O)c2cc(Oc3ccc(S(C)(=O)=O)cc3)c3cc(C)oc3c2)cn1,,,activity,,P4,6.0–6.5（0.32–1 µM）,6.06,False,,CHEMBL3218480,False,,,,,,,,False,True,True,Cc1cnc(NC(=O)c2cc(Oc3ccc(S(C)(=O)=O)cc3)c3cc(C)oc3c2)cn1,1,False,0,0,False,False,无改动,437.4770000000002,437.104541708,31,111.38999999999999,119.77000000000001,4.287740000000003,115.29900000000004,1,7,5,6,4,4,0.13636363636363635,9,0,0.4956732319670814,0,O=C(Nc1cnccn1)c1cc(Oc2ccccc2)c2ccoc2c1,CC(CC1CCCCC1)C1CC2CCCC2C(CC2CCCCC2)C1,False,"InChI=1S/C22H19N3O5S/c1-13-11-24-21(12-23-13)25-22(26)15-9-19-18(8-14(2)29-19)20(10-15)30-16-4-6-17(7-5-16)31(3,27)28/h4-12H,1-3H3,(H,24,25,26)",XABGQMMZVDSFFZ-UHFFFAOYSA-N,XABGQMMZVDSFFZ,0,False,False,False,False,XABGQMMZVDSFFZ-UHFFFAOYSA-N,1,True,2
GKA_0766,gka_candidate,CHEMBL3338068,,CCc1ncccc1Oc1cc(Sc2ccccn2)cnc1NC(=O)NCc1cccc(O)c1,,,activity,,P4,6.0–6.5（0.32–1 µM）,6.055,False,,CHEMBL3338068,False,,,,,,,,False,True,True,CCc1ncccc1Oc1cc(Sc2ccccn2)cnc1NC(=O)NCc1cccc(O)c1,1,False,0,0,False,False,无改动,473.55800000000016,473.15216059600004,34,109.26,134.56,5.404800000000005,130.2512,3,7,8,10,4,4,0.12,9,0,0.31406932950823996,1,O=C(NCc1ccccc1)Nc1ncc(Sc2ccccn2)cc1Oc1cccnc1,CC(CCC1CCCCC1)CC1CCC(CC2CCCCC2)CC1CC1CCCCC1,False,"InChI=1S/C25H23N5O3S/c1-2-20-21(9-6-12-26-20)33-22-14-19(34-23-10-3-4-11-27-23)16-28-24(22)30-25(32)29-15-17-7-5-8-18(31)13-17/h3-14,16,31H,2,15H2,1H3,(H2,28,29,30,32)",RLVIXVHIIIXZMP-UHFFFAOYSA-N,RLVIXVHIIIXZMP,0,False,False,False,False,RLVIXVHIIIXZMP-UHFFFAOYSA-N,1,True,2
GKA_0767,gka_candidate,CHEMBL573294,,COc1ccc2nc(NC(=O)C(CC3CCCC3)c3ccc(S(N)(=O)=O)cc3)sc2n1,,,activity,,P4,6.0–6.5（0.32–1 µM）,6.05,False,,CHEMBL573294,False,,,,,,,,False,True,True,COc1ccc2nc(NC(=O)C(CC3CCCC3)c3ccc(S(N)(=O)=O)cc3)sc2n1,1,False,0,0,False,False,无改动,460.58100000000013,460.123897248,31,124.27,160.89,3.6499000000000015,119.72790000000003,2,7,7,8,4,3,0.38095238095238093,10,0,0.5544944098161138,0,O=C(Nc1nc2cccnc2s1)C(CC1CCCC1)c1ccccc1,CC(CC1CC2CCCCC2C1)C(CC1CCCC1)C1CCCCC1,False,"InChI=1S/C21H24N4O4S2/c1-29-18-11-10-17-20(24-18)30-21(23-17)25-19(26)16(12-13-4-2-3-5-13)14-6-8-15(9-7-14)31(22,27)28/h6-11,13,16H,2-5,12H2,1H3,(H2,22,27,28)(H,23,25,26)",MBGKLTPGMKMMBY-UHFFFAOYSA-N,MBGKLTPGMKMMBY,1,False,False,True,False,MBGKLTPGMKMMBY-UHFFFAOYSA-N,1,True,9
GKA_0768,gka_candidate,CHEMBL575495,,COc1ccc2nc(NC(=O)C(CC3CCCC3)c3ccc(S(=O)(=O)NCc4ccco4)cc3)sc2n1,,,activity,,P4,6.0–6.5（0.32–1 µM）,6.05,False,,CHEMBL575495,False,,,,,,,,False,True,True,COc1ccc2nc(NC(=O)C(CC3CCCC3)c3ccc(S(=O)(=O)NCc4ccco4)cc3)sc2n1,1,False,0,0,False,False,无改动,540.667,540.1501119960001,37,123.41999999999999,160.04000000000002,5.074000000000004,141.0881999999999,2,8,10,11,5,4,0.34615384615384615,11,0,0.2876672806635225,2,O=C(Nc1nc2cccnc2s1)C(CC1CCCC1)c1ccc(S(=O)(=O)NCc2ccco2)cc1,CC(CC1CC2CCCCC2C1)C(CC1CCCC1)C1CCC(C(C)(C)CCC2CCCC2)CC1,False,"InChI=1S/C26H28N4O5S2/c1-34-23-13-12-22-25(29-23)36-26(28-22)30-24(31)21(15-17-5-2-3-6-17)18-8-10-20(11-9-18)37(32,33)27-16-19-7-4-14-35-19/h4,7-14,17,21,27H,2-3,5-6,15-16H2,1H3,(H,28,30,31)",VYCOWOUFZJFBOD-UHFFFAOYSA-N,VYCOWOUFZJFBOD,1,False,False,True,False,VYCOWOUFZJFBOD-UHFFFAOYSA-N,1,True,2
GKA_0769,gka_candidate,CHEMBL1783758,,CC(C)S(=O)(=O)c1ccn([C@@H](CC2CCCC2)C(=O)Nc2ccn(C)n2)c(=O)c1,,,activity,,P4,6.0–6.5（0.32–1 µM）,6.04,False,,CHEMBL1783758,False,,,,,,,,False,True,True,CC(C)S(=O)(=O)c1ccn([C@@H](CC2CCCC2)C(=O)Nc2ccn(C)n2)c(=O)c1,1,False,0,0,False,False,无改动,420.5350000000001,420.183126376,29,103.06,111.44000000000003,2.524000000000001,110.47350000000006,1,5,7,8,3,2,0.55,9,0,0.7413296707765855,0,O=C(Nc1cc[nH]n1)[C@H](CC1CCCC1)n1ccccc1=O,CC1CCCCC1C(CC1CCCC1)C(C)CC1CCCC1,False,"InChI=1S/C20H28N4O4S/c1-14(2)29(27,28)16-8-11-24(19(25)13-16)17(12-15-6-4-5-7-15)20(26)21-18-9-10-23(3)22-18/h8-11,13-15,17H,4-7,12H2,1-3H3,(H,21,22,26)/t17-/m0/s1",FXUQPTPELRIKJU-KRWDZBQOSA-N,FXUQPTPELRIKJU,1,False,False,False,False,FXUQPTPELRIKJU-KRWDZBQOSA-N,1,True,2
GKA_0770,gka_candidate,CHEMBL371462,,O=C(O)c1ccc(NC(=O)c2cccc(OCc3ccccc3Cl)c2)nc1,,,activity,,P4,6.0–6.5（0.32–1 µM）,6.04,False,,CHEMBL371462,False,,,,,,,,False,True,True,O=C(O)c1ccc(NC(=O)c2cccc(OCc3ccccc3Cl)c2)nc1,1,False,0,0,False,False,无改动,382.80300000000005,382.07203464,27,88.52000000000001,88.52000000000001,4.264500000000003,101.37550000000003,2,4,6,7,3,3,0.05,7,0,0.6643986419609926,0,O=C(Nc1ccccn1)c1cccc(OCc2ccccc2)c1,CC(CC1CCCCC1)C1CCCC(CCC2CCCCC2)C1,False,"InChI=1S/C20H15ClN2O4/c21-17-7-2-1-4-15(17)12-27-16-6-3-5-13(10-16)19(24)23-18-9-8-14(11-22-18)20(25)26/h1-11H,12H2,(H,25,26)(H,22,23,24)",WTQUFLCBZNLWEN-UHFFFAOYSA-N,WTQUFLCBZNLWEN,0,True,False,False,False,WTQUFLCBZNLWEN-UHFFFAOYSA-N,1,True,5
GKA_0771,gka_candidate,CHEMBL552350,,CCS(=O)(=O)c1ccc(Oc2cc3nc(-c4ccccn4)[nH]c3cc2[C@H]2CCCN2C(C)=O)cc1,,,activity,,P4,6.0–6.5（0.32–1 µM）,6.04,False,,CHEMBL552350,False,,,,,,,,False,True,True,CCS(=O)(=O)c1ccc(Oc2cc3nc(-c4ccccn4)[nH]c3cc2[C@H]2CCCN2C(C)=O)cc1,1,False,0,0,False,False,无改动,490.58500000000026,490.167476312,35,105.25,113.63,4.894200000000003,132.92949999999996,1,6,6,7,5,4,0.2692307692307692,9,0,0.41238799752437877,0,c1ccc(Oc2cc3nc(-c4ccccn4)[nH]c3cc2[C@H]2CCCN2)cc1,C1CCC(CC2CC3CC(C4CCCCC4)CC3CC2C2CCCC2)CC1,False,"InChI=1S/C26H26N4O4S/c1-3-35(32,33)19-11-9-18(10-12-19)34-25-16-23-22(28-26(29-23)21-7-4-5-13-27-21)15-20(25)24-8-6-14-30(24)17(2)31/h4-5,7,9-13,15-16,24H,3,6,8,14H2,1-2H3,(H,28,29)/t24-/m1/s1",YKLHMCDLIZAOMC-XMMPIXPASA-N,YKLHMCDLIZAOMC,1,False,False,False,False,YKLHMCDLIZAOMC-XMMPIXPASA-N,1,True,1
GKA_0772,gka_candidate,CHEMBL4470267,,CNC(=O)Nc1cc(Oc2cncc(OC)c2)c([C@@H]2COCC[C@@H]2O)cn1,,,activity,,P4,6.0–6.5（0.32–1 µM）,6.035,False,,CHEMBL4470267,False,,,,,,,,False,True,True,CNC(=O)Nc1cc(Oc2cncc(OC)c2)c([C@@H]2COCC[C@@H]2O)cn1,1,False,0,0,False,False,无改动,374.39700000000016,374.15901980399997,27,114.83000000000001,114.83000000000001,1.8935999999999995,97.36220000000003,3,7,5,7,3,2,0.3888888888888889,9,0,0.7319781883421015,0,c1cncc(Oc2ccncc2[C@H]2CCCOC2)c1,C1CCC(CC2CCCCC2C2CCCCC2)CC1,False,"InChI=1S/C18H22N4O5/c1-19-18(24)22-17-6-16(27-12-5-11(25-2)7-20-8-12)13(9-21-17)14-10-26-4-3-15(14)23/h5-9,14-15,23H,3-4,10H2,1-2H3,(H2,19,21,22,24)/t14-,15-/m0/s1",AWJLMQBGAXWQAK-GJZGRUSLSA-N,AWJLMQBGAXWQAK,2,False,False,False,False,AWJLMQBGAXWQAK-GJZGRUSLSA-N,1,True,2
GKA_0773,gka_candidate,CHEMBL4572115,,CCOc1cncc(Oc2cc(NC(=O)NC)ncc2-c2ccc(OCCO)nc2)c1,,,activity,,P4,6.0–6.5（0.32–1 µM）,6.035,False,,CHEMBL4572115,False,,,,,,,,False,True,True,CCOc1cncc(Oc2cc(NC(=O)NC)ncc2-c2ccc(OCCO)nc2)c1,1,False,0,0,False,False,无改动,425.4450000000002,425.16991883599997,31,127.72000000000001,127.72000000000001,2.8520000000000003,113.60720000000002,3,8,9,11,3,3,0.23809523809523808,10,0,0.47749439632049356,0,c1cncc(Oc2ccncc2-c2cccnc2)c1,C1CCC(CC2CCCCC2C2CCCCC2)CC1,False,"InChI=1S/C21H23N5O5/c1-3-29-15-8-16(12-23-11-15)31-18-9-19(26-21(28)22-2)24-13-17(18)14-4-5-20(25-10-14)30-7-6-27/h4-5,8-13,27H,3,6-7H2,1-2H3,(H2,22,24,26,28)",UBGFEQNFPUGRSW-UHFFFAOYSA-N,UBGFEQNFPUGRSW,0,False,False,False,False,UBGFEQNFPUGRSW-UHFFFAOYSA-N,1,True,11
GKA_0774,gka_candidate,CHEMBL2408114,,COc1cnc(-c2cc(Oc3ccc(S(C)(=O)=O)cc3)cc(OC(C)C)c2)[nH]c1=O,,,activity,,P4,6.0–6.5（0.32–1 µM）,6.03,False,,CHEMBL2408114,False,,,,,,,,False,True,True,COc1cnc(-c2cc(Oc3ccc(S(C)(=O)=O)cc3)cc(OC(C)C)c2)[nH]c1=O,1,False,0,0,False,False,无改动,430.48200000000014,430.119857424,30,107.58000000000001,115.96000000000001,3.4285000000000014,112.23550000000004,1,7,7,7,3,3,0.23809523809523808,9,0,0.6117377076543211,0,O=c1ccnc(-c2cccc(Oc3ccccc3)c2)[nH]1,CC1CCCC(C2CCCC(CC3CCCCC3)C2)C1,False,"InChI=1S/C21H22N2O6S/c1-13(2)28-16-9-14(20-22-12-19(27-3)21(24)23-20)10-17(11-16)29-15-5-7-18(8-6-15)30(4,25)26/h5-13H,1-4H3,(H,22,23,24)",RJQDHSHCSRWNGF-UHFFFAOYSA-N,RJQDHSHCSRWNGF,0,False,False,False,False,RJQDHSHCSRWNGF-UHFFFAOYSA-N,1,True,8
GKA_0775,gka_candidate,CHEMBL561283,,CC(=O)N1CCCC1c1cc2[nH]c(-c3ccccn3)nc2cc1Oc1cccc(F)c1,,,activity,,P4,6.0–6.5（0.32–1 µM）,6.03,False,,CHEMBL561283,False,,,,,,,,False,True,True,CC(=O)N1CCCC1c1cc2[nH]c(-c3ccccn3)nc2cc1Oc1cccc(F)c1,1,False,0,0,False,False,无改动,416.4560000000002,416.164854132,31,71.11,71.11,5.2397000000000045,115.16070000000002,1,4,4,5,5,4,0.20833333333333334,7,0,0.4938893225960965,1,c1ccc(Oc2cc3nc(-c4ccccn4)[nH]c3cc2C2CCCN2)cc1,C1CCC(CC2CC3CC(C4CCCCC4)CC3CC2C2CCCC2)CC1,False,"InChI=1S/C24H21FN4O2/c1-15(30)29-11-5-9-22(29)18-13-20-21(28-24(27-20)19-8-2-3-10-26-19)14-23(18)31-17-7-4-6-16(25)12-17/h2-4,6-8,10,12-14,22H,5,9,11H2,1H3,(H,27,28)",JNWABOCNQRJLAV-UHFFFAOYSA-N,JNWABOCNQRJLAV,1,False,False,False,False,JNWABOCNQRJLAV-UHFFFAOYSA-N,1,True,2
GKA_0776,gka_candidate,CHEMBL208197,,CC(C)Oc1cc(O[C@H](C)c2ccccc2)cc(C(=O)Nc2ccc(C(=O)O)cn2)c1,,,activity,,P4,6.0–6.5（0.32–1 µM）,6.02,False,,CHEMBL208197,False,,,,,,,,False,True,True,CC(C)Oc1cc(O[C@H](C)c2ccccc2)cc(C(=O)Nc2ccc(C(=O)O)cn2)c1,1,False,0,0,False,False,无改动,420.46500000000015,420.16852186799997,31,97.75,97.75,4.959300000000003,116.84050000000005,2,5,8,9,3,3,0.20833333333333334,7,0,0.5345422551891789,0,O=C(Nc1ccccn1)c1cccc(OCc2ccccc2)c1,CC(CC1CCCCC1)C1CCCC(CCC2CCCCC2)C1,False,"InChI=1S/C24H24N2O5/c1-15(2)30-20-11-19(23(27)26-22-10-9-18(14-25-22)24(28)29)12-21(13-20)31-16(3)17-7-5-4-6-8-17/h4-16H,1-3H3,(H,28,29)(H,25,26,27)/t16-/m1/s1",HGGYPMJLRJNOMY-MRXNPFEDSA-N,HGGYPMJLRJNOMY,1,True,False,False,False,HGGYPMJLRJNOMY-MRXNPFEDSA-N,1,True,5
GKA_0777,gka_candidate,CHEMBL475057,,Cc1csc(NC(=O)c2cc(Oc3ccccc3S(C)(=O)=O)cc(OC(C)C)c2)n1,,,activity,,P4,6.0–6.5（0.32–1 µM）,6.02,False,,CHEMBL475057,False,,,,,,,,False,True,True,Cc1csc(NC(=O)c2cc(Oc3ccccc3S(C)(=O)=O)cc(OC(C)C)c2)n1,1,False,0,0,False,False,无改动,446.55000000000024,446.0970138039999,30,94.59,131.20999999999998,4.686820000000004,116.63600000000004,1,7,7,8,3,3,0.23809523809523808,9,0,0.565909071238942,0,O=C(Nc1nccs1)c1cccc(Oc2ccccc2)c1,CC(CC1CCCC1)C1CCCC(CC2CCCCC2)C1,False,"InChI=1S/C21H22N2O5S2/c1-13(2)27-16-9-15(20(24)23-21-22-14(3)12-29-21)10-17(11-16)28-18-7-5-6-8-19(18)30(4,25)26/h5-13H,1-4H3,(H,22,23,24)",HEURRWQIVIAYGR-UHFFFAOYSA-N,HEURRWQIVIAYGR,0,False,False,False,False,HEURRWQIVIAYGR-UHFFFAOYSA-N,1,True,26
GKA_0778,gka_candidate,CHEMBL2204650,,CCS(=O)(=O)c1ccc(Oc2cc(C(=O)Nc3cnc(C)cn3)cc3nn(C)cc23)cc1,,,activity,,P4,6.0–6.5（0.32–1 µM）,6.01,False,,CHEMBL2204650,False,,,,,,,,False,True,True,CCS(=O)(=O)c1ccc(Oc2cc(C(=O)Nc3cnc(C)cn3)cc3nn(C)cc23)cc1,1,False,0,0,False,False,无改动,451.50800000000015,451.13142515200013,32,116.07,124.44999999999999,3.509920000000002,119.67900000000003,1,7,6,7,4,4,0.18181818181818182,10,0,0.4767538949204835,0,O=C(Nc1cnccn1)c1cc(Oc2ccccc2)c2c[nH]nc2c1,CC(CC1CCCCC1)C1CC2CCCC2C(CC2CCCCC2)C1,False,"InChI=1S/C22H21N5O4S/c1-4-32(29,30)17-7-5-16(6-8-17)31-20-10-15(9-19-18(20)13-27(3)26-19)22(28)25-21-12-23-14(2)11-24-21/h5-13H,4H2,1-3H3,(H,24,25,28)",XDESBYJMYYMFGZ-UHFFFAOYSA-N,XDESBYJMYYMFGZ,0,False,False,False,False,XDESBYJMYYMFGZ-UHFFFAOYSA-N,1,True,6
GKA_0779,gka_candidate,CHEMBL1164268,,CCc1csc(NC(=O)C(CC2CCOCC2)c2ccc(S(C)(=O)=O)cc2)n1,,,activity,,P4,6.0–6.5（0.32–1 µM）,6.0,False,,CHEMBL1164268,False,,,,,,,,False,True,True,CCc1csc(NC(=O)C(CC2CCOCC2)c2ccc(S(C)(=O)=O)cc2)n1,1,False,0,0,False,False,无改动,422.57200000000006,422.13339931199994,28,85.36,121.97999999999998,3.6480000000000024,110.57450000000004,1,6,7,8,3,2,0.5,8,0,0.7361251341894883,0,O=C(Nc1nccs1)C(CC1CCOCC1)c1ccccc1,CC(CC1CCCC1)C(CC1CCCCC1)C1CCCCC1,False,"InChI=1S/C20H26N2O4S2/c1-3-16-13-27-20(21-16)22-19(23)18(12-14-8-10-26-11-9-14)15-4-6-17(7-5-15)28(2,24)25/h4-7,13-14,18H,3,8-12H2,1-2H3,(H,21,22,23)",ZTFCBYGXEPFXMG-UHFFFAOYSA-N,ZTFCBYGXEPFXMG,1,False,False,False,False,ZTFCBYGXEPFXMG-UHFFFAOYSA-N,1,True,3
GKA_0780,gka_candidate,CHEMBL2346757,,Cc1cc(S(=O)(=O)C2CCCC2)cc(=O)n1C(CC1CCCCO1)C(=O)Nc1nccs1,,,activity,,P4,6.0–6.5（0.32–1 µM）,6.0,False,,CHEMBL2346757,False,,,,,,,,False,True,True,Cc1cc(S(=O)(=O)C2CCCC2)cc(=O)n1C(CC1CCCCO1)C(=O)Nc1nccs1,1,False,0,0,False,False,无改动,479.62400000000025,479.154863028,32,107.36,143.98000000000002,3.4685200000000016,122.86950000000006,1,7,7,8,4,2,0.5909090909090909,10,0,0.6515909714903999,0,O=C(Nc1nccs1)C(CC1CCCCO1)n1ccc(S(=O)(=O)C2CCCC2)cc1=O,CC1CC(C(C)(C)C2CCCC2)CCC1C(CC1CCCCC1)C(C)CC1CCCC1,False,"InChI=1S/C22H29N3O5S2/c1-15-12-18(32(28,29)17-7-2-3-8-17)14-20(26)25(15)19(13-16-6-4-5-10-30-16)21(27)24-22-23-9-11-31-22/h9,11-12,14,16-17,19H,2-8,10,13H2,1H3,(H,23,24,27)",HCVHVRCQVFIMNC-UHFFFAOYSA-N,HCVHVRCQVFIMNC,2,False,False,False,False,HCVHVRCQVFIMNC-UHFFFAOYSA-N,1,True,1
GKA_0781,gka_candidate,CHEMBL2346900,,CS(=O)(=O)c1ccc2c(=O)n([C@@H](CC3CCCCC3)C(=O)Nc3nccs3)c(=O)[nH]c2c1,,,activity,,P4,6.0–6.5（0.32–1 µM）,6.0,False,,CHEMBL2346900,False,,,,,,,,False,True,True,CS(=O)(=O)c1ccc2c(=O)n([C@@H](CC3CCCCC3)C(=O)Nc3nccs3)c(=O)[nH]c2c1,1,False,0,0,False,False,无改动,476.58000000000015,476.11881186799997,32,130.99,167.60999999999999,2.7,122.91120000000004,2,7,6,7,4,3,0.42857142857142855,11,0,0.5623714834414684,0,O=C(Nc1nccs1)[C@H](CC1CCCCC1)n1c(=O)[nH]c2ccccc2c1=O,CC(CC1CCCC1)C(CC1CCCCC1)C1C(C)CC2CCCCC2C1C,False,"InChI=1S/C21H24N4O5S2/c1-32(29,30)14-7-8-15-16(12-14)23-21(28)25(19(15)27)17(11-13-5-3-2-4-6-13)18(26)24-20-22-9-10-31-20/h7-10,12-13,17H,2-6,11H2,1H3,(H,23,28)(H,22,24,26)/t17-/m0/s1",QVHADGBSQNHMJB-KRWDZBQOSA-N,QVHADGBSQNHMJB,1,False,False,False,False,QVHADGBSQNHMJB-KRWDZBQOSA-N,1,True,1
GKA_0782,gka_candidate,CHEMBL2408124,,COC[C@H](C)Oc1cc(Oc2cnc(C(=O)N(C)C)nc2)cc(-c2nccc(=O)[nH]2)c1,,,activity,,P4,6.0–6.5（0.32–1 µM）,6.0,False,,CHEMBL2408124,False,,,,,,,,False,True,True,COC[C@H](C)Oc1cc(Oc2cnc(C(=O)N(C)C)nc2)cc(-c2nccc(=O)[nH]2)c1,1,False,0,0,False,False,无改动,425.4450000000001,425.1699188360001,31,119.53,119.53,2.1346999999999996,112.38320000000003,1,8,8,9,3,3,0.2857142857142857,10,0,0.5828966489252839,0,O=c1ccnc(-c2cccc(Oc3cncnc3)c2)[nH]1,CC1CCCC(C2CCCC(CC3CCCCC3)C2)C1,False,"InChI=1S/C21H23N5O5/c1-13(12-29-4)30-15-7-14(19-22-6-5-18(27)25-19)8-16(9-15)31-17-10-23-20(24-11-17)21(28)26(2)3/h5-11,13H,12H2,1-4H3,(H,22,25,27)/t13-/m0/s1",HBIFNWXYLNVLIK-ZDUSSCGKSA-N,HBIFNWXYLNVLIK,1,False,False,False,False,HBIFNWXYLNVLIK-ZDUSSCGKSA-N,1,True,4
GKA_0783,gka_candidate,CHEMBL4297302,MK-0941,CCS(=O)(=O)c1ccc(Oc2cc(O[C@@H](C)CO)cc(C(=O)Nc3ccn(C)n3)c2)cn1.CS(=O)(=O)O,MK-0941,2.0,drug_annotation,ACTIVATOR,,,,True,MK-0941 (mesylate),CHEMBL3580737,True,,,,,,,,False,True,True,CCS(=O)(=O)c1ccc(Oc2cc(O[C@@H](C)CO)cc(C(=O)Nc3ccn(C)n3)c2)cn1,2,True,0,0,False,True,去盐：2 个片段取最大,460.5120000000001,460.1416554880001,32,132.64000000000001,141.01999999999998,2.4129000000000005,116.81680000000003,2,8,9,10,3,3,0.2857142857142857,11,0,0.4974339296959057,0,O=C(Nc1cc[nH]n1)c1cccc(Oc2cccnc2)c1,CC(CC1CCCC1)C1CCCC(CC2CCCCC2)C1,False,"InChI=1S/C21H24N4O6S/c1-4-32(28,29)20-6-5-16(12-22-20)31-18-10-15(9-17(11-18)30-14(2)13-26)21(27)23-19-7-8-25(3)24-19/h5-12,14,26H,4,13H2,1-3H3,(H,23,24,27)/t14-/m0/s1",KJSGTWFWVTYPFZ-AWEZNQCLSA-N,KJSGTWFWVTYPFZ,1,False,False,False,False,KJSGTWFWVTYPFZ-AWEZNQCLSA-N,2,False,3
GKA_0784,gka_candidate,CHEMBL4297399,LY-2608204,O=C(Nc1ncc(SCCN2CCCC2)s1)[C@]1(c2ccc(S(=O)(=O)C3CC3)cc2)C[C@H]1C1CCCCC1,LY-2608204,2.0,drug_annotation,ACTIVATOR,,,,True,LY-2608204 / Globalagliatin,CHEMBL4297399,False,,,,,,,,False,True,True,O=C(Nc1ncc(SCCN2CCCC2)s1)[C@]1(c2ccc(S(=O)(=O)C3CC3)cc2)C[C@H]1C1CCCCC1,1,False,0,0,False,False,无改动,559.823,559.199705044,37,79.37,141.29,5.7438000000000065,150.15149999999977,1,7,10,11,6,2,0.6428571428571429,9,0,0.37393585393254414,2,O=C(Nc1ncc(SCCN2CCCC2)s1)[C@]1(c2ccc(S(=O)(=O)C3CC3)cc2)C[C@H]1C1CCCCC1,CC(CC1CCC(CCCC2CCCC2)C1)C1(C2CCC(C(C)(C)C3CC3)CC2)CC1C1CCCCC1,False,"InChI=1S/C28H37N3O3S3/c32-26(30-27-29-19-25(36-27)35-17-16-31-14-4-5-15-31)28(18-24(28)20-6-2-1-3-7-20)21-8-10-22(11-9-21)37(33,34)23-12-13-23/h8-11,19-20,23-24H,1-7,12-18H2,(H,29,30,32)/t24-,28-/m0/s1",QIIVJLHCZUTGSD-CUBQBAPOSA-N,QIIVJLHCZUTGSD,2,False,True,False,False,QIIVJLHCZUTGSD-CUBQBAPOSA-N,2,True,2
GKA_0785,gka_candidate,CHEMBL4297508,DORZAGLIATIN,CC(C)C[C@@H](C(=O)Nc1ccn(C[C@@H](O)CO)n1)N1CC(Oc2ccccc2Cl)=CC1=O,DORZAGLIATIN,3.0,drug_annotation,ACTIVATOR,,,,True,Dorzagliatin,CHEMBL4297508,False,,,,,,,,False,True,True,CC(C)C[C@@H](C(=O)Nc1ccn(C[C@@H](O)CO)n1)N1CC(Oc2ccccc2Cl)=CC1=O,1,False,0,0,False,False,无改动,462.93400000000025,462.16699764399993,32,116.92000000000002,116.92000000000002,2.047999999999999,119.06830000000002,3,6,10,11,3,2,0.4090909090909091,10,0,0.49719934168978597,0,O=C(CN1CC(Oc2ccccc2)=CC1=O)Nc1cc[nH]n1,CC(CC1CCCC1)CC1CC(CC2CCCCC2)CC1C,False,"InChI=1S/C22H27ClN4O5/c1-14(2)9-18(22(31)24-20-7-8-26(25-20)11-15(29)13-28)27-12-16(10-21(27)30)32-19-6-4-3-5-17(19)23/h3-8,10,14-15,18,28-29H,9,11-13H2,1-2H3,(H,24,25,31)/t15-,18+/m1/s1",HMUMWSORCUWQJO-QAPCUYQASA-N,HMUMWSORCUWQJO,2,False,False,False,False,HMUMWSORCUWQJO-QAPCUYQASA-N,1,True,1
GKA_0786,gka_candidate,CHEMBL5095182,GLOBALAGLIATIN HYDROCHLORIDE,Cl.O=C(Nc1ncc(SCCN2CCCC2)s1)[C@]1(c2ccc(S(=O)(=O)C3CC3)cc2)C[C@H]1C1CCCCC1,GLOBALAGLIATIN HYDROCHLORIDE,1.0,drug_annotation,,,,,True,Globalagliatin HCl,CHEMBL4297399,True,,,,,,,,False,True,True,O=C(Nc1ncc(SCCN2CCCC2)s1)[C@]1(c2ccc(S(=O)(=O)C3CC3)cc2)C[C@H]1C1CCCCC1,2,True,0,0,False,True,去盐：2 个片段取最大,559.823,559.199705044,37,79.37,141.29,5.7438000000000065,150.15149999999977,1,7,10,11,6,2,0.6428571428571429,9,0,0.37393585393254414,2,O=C(Nc1ncc(SCCN2CCCC2)s1)[C@]1(c2ccc(S(=O)(=O)C3CC3)cc2)C[C@H]1C1CCCCC1,CC(CC1CCC(CCCC2CCCC2)C1)C1(C2CCC(C(C)(C)C3CC3)CC2)CC1C1CCCCC1,False,"InChI=1S/C28H37N3O3S3/c32-26(30-27-29-19-25(36-27)35-17-16-31-14-4-5-15-31)28(18-24(28)20-6-2-1-3-7-20)21-8-10-22(11-9-21)37(33,34)23-12-13-23/h8-11,19-20,23-24H,1-7,12-18H2,(H,29,30,32)/t24-,28-/m0/s1",QIIVJLHCZUTGSD-CUBQBAPOSA-N,QIIVJLHCZUTGSD,2,False,True,False,False,QIIVJLHCZUTGSD-CUBQBAPOSA-N,2,False,2
GKA_0787,gka_candidate,CHEMBL5095262,CADISEGLIATIN,CCCO[C@H]1CC[C@H](N(C(=O)Nc2ncc(SCC(=O)O)s2)C2CCCCC2)CC1,CADISEGLIATIN,2.0,drug_annotation,,,,,True,Cadisegliatin,CHEMBL5095262,False,,,,,,,,False,True,True,CCCO[C@H]1CC[C@H](N(C(=O)Nc2ncc(SCC(=O)O)s2)C2CCCCC2)CC1,1,False,0,0,False,False,无改动,455.6460000000004,455.191248536,30,91.76,145.3,5.224200000000005,120.49150000000007,2,6,9,11,3,1,0.7619047619047619,9,0,0.49584011905229974,1,O=C(Nc1nccs1)N(C1CCCCC1)C1CCCCC1,CC(CC1CCCC1)C(C1CCCCC1)C1CCCCC1,False,"InChI=1S/C21H33N3O4S2/c1-2-12-28-17-10-8-16(9-11-17)24(15-6-4-3-5-7-15)21(27)23-20-22-13-19(30-20)29-14-18(25)26/h13,15-17H,2-12,14H2,1H3,(H,25,26)(H,22,23,27)/t16-,17-",HPGJSAAUJGAMLV-QAQDUYKDSA-N,HPGJSAAUJGAMLV,2,True,False,False,False,HPGJSAAUJGAMLV-QAQDUYKDSA-N,1,True,1
B3D_0001,bbb_control_b3db,BBBCTRL_001,moxalactam,CN1C(=NN=N1)SCC2=C(N3C(C(C3=O)(NC(=O)C(C4=CC=C(C=C4)O)C(=O)O)OC)OC2)C(=O)O,,,,,,,,,,,,control_negative,logBB,-2.52,,,A,BBBCTRL_001,False,True,True,COC1(NC(=O)C(C(=O)O)c2ccc(O)cc2)C(=O)N2C(C(=O)O)=C(CSc3nnnn3C)COC21,1,False,0,0,False,False,无改动,520.4800000000004,520.1012472200001,36,206.29999999999998,231.6,-1.127699999999999,117.13610000000001,4,11,9,10,4,2,0.35,16,0,0.13379526381178464,2,O=C(Cc1ccccc1)NC1C(=O)N2C=C(CSc3nnn[nH]3)COC12,CC(CC1CCCCC1)CC1C(C)C2CC(CCC3CCCC3)CCC12,False,"InChI=1S/C20H20N6O9S/c1-25-19(22-23-24-25)36-8-10-7-35-18-20(34-2,17(33)26(18)13(10)16(31)32)21-14(28)12(15(29)30)9-3-5-11(27)6-4-9/h3-6,12,18,27H,7-8H2,1-2H3,(H,21,28)(H,29,30)(H,31,32)",JWCSIUVGFCSJCK-UHFFFAOYSA-N,JWCSIUVGFCSJCK,3,True,False,False,False,JWCSIUVGFCSJCK-UHFFFAOYSA-N,1,True,1
B3D_0002,bbb_control_b3db,BBBCTRL_002,schembl614298,CN1CC[C@]23[C@@H]4[C@H]1CC5=C2C(=C(C=C5)OC6[C@@H]([C@H]([C@@H]([C@H](O6)C(=O)O)O)O)O)O[C@H]3[C@H](C=C4)O,,,,,,,,,,,,control_negative,logBB,-2.15,,,A,BBBCTRL_002,False,True,True,CN1CC[C@]23c4c5ccc(OC6O[C@H](C(=O)O)[C@@H](O)[C@H](O)[C@H]6O)c4O[C@H]2[C@@H](O)C=C[C@H]3[C@H]1C5,1,False,0,0,False,False,无改动,461.4670000000001,461.1685814439999,33,149.15,149.15,-1.2364999999999988,110.85700000000006,5,9,3,3,6,1,0.6086956521739131,10,0,0.3462561975145998,0,C1=C[C@H]2[C@H]3Cc4ccc(OC5CCCCO5)c5c4[C@@]2(CCN3)[C@H](C1)O5,C1CCC(CC2CCC3CC4CCCC56C(CCCC45)CC2C36)CC1,False,"InChI=1S/C23H27NO9/c1-24-7-6-23-10-3-4-12(25)20(23)32-18-13(5-2-9(14(18)23)8-11(10)24)31-22-17(28)15(26)16(27)19(33-22)21(29)30/h2-5,10-12,15-17,19-20,22,25-28H,6-8H2,1H3,(H,29,30)/t10-,11+,12-,15-,16-,17+,19-,20-,22?,23-/m0/s1",WAEXKFONHRHFBZ-QMGRMYLDSA-N,WAEXKFONHRHFBZ,10,True,True,False,False,WAEXKFONHRHFBZ-QMGRMYLDSA-N,1,True,1
B3D_0003,bbb_control_b3db,BBBCTRL_003,morphine-6-glucuronide,CN1CC[C@]23[C@@H]4[C@H]1CC5=C2C(=C(C=C5)O)O[C@H]3[C@H](C=C4)OC6[C@@H]([C@H]([C@@H]([C@H](O6)C(=O)O)O)O)O,,,,,,,,,,,,control_negative,logBB,-2.09,,,A,BBBCTRL_003,False,True,True,CN1CC[C@]23c4c5ccc(O)c4O[C@H]2[C@@H](OC2O[C@H](C(=O)O)[C@@H](O)[C@H](O)[C@H]2O)C=C[C@H]3[C@H]1C5,1,False,0,0,False,False,无改动,461.4670000000001,461.16858144399987,33,149.15,149.15,-0.8853999999999989,110.76000000000005,5,9,3,3,6,1,0.6086956521739131,10,0,0.3591442443848132,0,C1=C[C@H]2[C@H]3Cc4cccc5c4[C@@]2(CCN3)[C@@H](O5)[C@H]1OC1CCCCO1,C1CCC(CC2CCC3C4CCCC35C2CC2CCCC(C4)C25)CC1,False,"InChI=1S/C23H27NO9/c1-24-7-6-23-10-3-5-13(31-22-17(28)15(26)16(27)19(33-22)21(29)30)20(23)32-18-12(25)4-2-9(14(18)23)8-11(10)24/h2-5,10-11,13,15-17,19-20,22,25-28H,6-8H2,1H3,(H,29,30)/t10-,11+,13-,15-,16-,17+,19-,20-,22?,23-/m0/s1",GNJCUHZOSOYIEC-FJUCOFCUSA-N,GNJCUHZOSOYIEC,10,True,True,False,False,GNJCUHZOSOYIEC-FJUCOFCUSA-N,1,True,1
B3D_0004,bbb_control_b3db,BBBCTRL_004,"2-[4-(5-bromo-3-methylpyridin-2-yl)butylamino]-5-[(6-methylpyridin-3-yl)methyl]-1,3-diazinan-4-one",CC1=NC=C(C=C1)CC2CNC(NC2=O)NCCCCC3=NC=C(C=C3C)Br,,,,,,,,,,,,control_negative,logBB,-1.88,,,A,BBBCTRL_004,False,True,True,Cc1ccc(CC2CNC(NCCCCc3ncc(Br)cc3C)NC2=O)cn1,1,False,0,0,False,False,无改动,446.3930000000001,445.147722616,28,78.94000000000001,78.94000000000001,2.63014,113.71610000000004,3,5,8,8,3,2,0.47619047619047616,7,0,0.5438027692506581,0,O=C1NC(NCCCCc2ccccn2)NCC1Cc1cccnc1,CC1CC(CCCCCC2CCCCC2)CCC1CC1CCCCC1,False,"InChI=1S/C21H28BrN5O/c1-14-9-18(22)13-25-19(14)5-3-4-8-23-21-26-12-17(20(28)27-21)10-16-7-6-15(2)24-11-16/h6-7,9,11,13,17,21,23,26H,3-5,8,10,12H2,1-2H3,(H,27,28)",HODUKEZHHKVLBN-UHFFFAOYSA-N,HODUKEZHHKVLBN,2,False,True,False,False,HODUKEZHHKVLBN-UHFFFAOYSA-N,1,True,1
B3D_0005,bbb_control_b3db,BBBCTRL_005,sucrose,C([C@@H]1[C@H]([C@@H]([C@H]([C@H](O1)O[C@]2([C@H]([C@@H]([C@H](O2)CO)O)O)CO)O)O)O)O,,,,,,,,,,,,control_negative,logBB,-1.7,,,A,BBBCTRL_005,False,True,True,OC[C@H]1O[C@@](CO)(O[C@H]2O[C@H](CO)[C@@H](O)[C@H](O)[C@H]2O)[C@@H](O)[C@@H]1O,1,False,0,0,False,False,无改动,342.297,342.11621152399994,23,189.52999999999997,189.52999999999997,-5.395599999999993,68.64140000000003,8,11,5,5,2,0,1.0,11,0,0.2378914345193498,2,C1CC[C@@H](OC2CCCO2)OC1,C1CCC(CC2CCCC2)CC1,False,"InChI=1S/C12H22O11/c13-1-4-6(16)8(18)9(19)11(21-4)23-12(3-15)10(20)7(17)5(2-14)22-12/h4-11,13-20H,1-3H2/t4-,5-,6-,7-,8+,9-,10+,11-,12+/m1/s1",CZMRCDWAGMRECN-UGDNZRGBSA-N,CZMRCDWAGMRECN,9,False,False,False,False,CZMRCDWAGMRECN-UGDNZRGBSA-N,1,True,1
B3D_0006,bbb_control_b3db,BBBCTRL_006,schembl18285121,C=CCC1=C(C(=CC=C1)/C=N\NC(=O)CN2CCN(CC2)CC3=CC=C(C=C3)S(=O)(=O)N)O,,,,,,,,,,,,control_negative,logBB,-1.67,,,A,BBBCTRL_006,False,True,True,C=CCc1cccc(/C=N\NC(=O)CN2CCN(Cc3ccc(S(N)(=O)=O)cc3)CC2)c1O,1,False,0,0,False,False,无改动,471.5830000000002,471.194025408,33,128.32999999999998,136.70999999999998,1.0360000000000005,127.27670000000003,3,7,9,10,3,2,0.30434782608695654,10,0,0.28476488821972973,0,O=C(CN1CCN(Cc2ccccc2)CC1)N/N=C\c1ccccc1,CC(CCCC1CCCCC1)CC1CCC(CC2CCCCC2)CC1,False,"InChI=1S/C23H29N5O4S/c1-2-4-19-5-3-6-20(23(19)30)15-25-26-22(29)17-28-13-11-27(12-14-28)16-18-7-9-21(10-8-18)33(24,31)32/h2-3,5-10,15,30H,1,4,11-14,16-17H2,(H,26,29)(H2,24,31,32)/b25-15-",YVADNIWEULZYRQ-MYYYXRDXSA-N,YVADNIWEULZYRQ,0,False,True,True,False,YVADNIWEULZYRQ-MYYYXRDXSA-N,1,True,1
B3D_0007,bbb_control_b3db,BBBCTRL_007,y22,C1=CC(=CC=C1CNC2=NC3=C(C=CC(=C3)C(F)(F)F)N=C2C(=O)O)C(F)(F)F,,,,,,,,,,,,control_negative,logBB,-1.57,,,A,BBBCTRL_007,False,True,True,O=C(O)c1nc2ccc(C(F)(F)F)cc2nc1NCc1ccc(C(F)(F)F)cc1,1,False,0,0,False,False,无改动,415.29300000000006,415.075545912,29,75.11,75.11,4.977700000000001,90.27000000000001,2,4,4,6,3,3,0.16666666666666666,11,0,0.5883817484160808,0,c1ccc(CNc2cnc3ccccc3n2)cc1,C1CCC(CCC2CCC3CCCCC3C2)CC1,False,"InChI=1S/C18H11F6N3O2/c19-17(20,21)10-3-1-9(2-4-10)8-25-15-14(16(28)29)26-12-6-5-11(18(22,23)24)7-13(12)27-15/h1-7H,8H2,(H,25,27)(H,28,29)",FEJSMMIZTOMLEL-UHFFFAOYSA-N,FEJSMMIZTOMLEL,0,True,False,False,False,FEJSMMIZTOMLEL-UHFFFAOYSA-N,1,True,1
B3D_0008,bbb_control_b3db,BBBCTRL_008,l4,CC(=O)NC1C(C(C(OC1O)COS(=O)(=O)[O-])OC2C(C(C(C(O2)COS(=O)(=O)[O-])O)O)O)O.[Na+].[Na+],,,,,,,,,,,,control_negative,logBB,-1.54,,,A,BBBCTRL_008,False,True,True,CC(=O)NC1C(O)OC(COS(=O)(=O)O)C(OC2OC(COS(=O)(=O)O)C(O)C(O)C2O)C1O,3,True,0,0,True,True,去盐：3 个片段取最大；中性化：-2 → 0,543.4780000000003,543.0563903399999,34,285.14,301.9,-5.599199999999991,101.04690000000004,8,15,9,10,2,0,0.9285714285714286,20,0,0.12571776250109826,3,C1CCC(OC2CCCOC2)OC1,C1CCC(CC2CCCCC2)CC1,False,"InChI=1S/C14H25NO17S2/c1-4(16)15-7-9(18)12(6(30-13(7)21)3-29-34(25,26)27)32-14-11(20)10(19)8(17)5(31-14)2-28-33(22,23)24/h5-14,17-21H,2-3H2,1H3,(H,15,16)(H,22,23,24)(H,25,26,27)",UJOAXSJVYJPWAV-UHFFFAOYSA-N,UJOAXSJVYJPWAV,10,False,False,False,False,UJOAXSJVYJPWAV-UHFFFAOYSA-N,1,True,1
B3D_0009,bbb_control_b3db,BBBCTRL_009,guanidinothiazol analogue 17 ac1lbibi -- pubmed,C1=CC(=C(C=C1C2=CSC(=N2)N=C(N)N)O)O,,,,,,,,,,,,control_negative,logBB,-1.54,,,A,BBBCTRL_009,False,True,True,NC(N)=Nc1nc(-c2ccc(O)c(O)c2)cs1,1,False,0,0,False,False,无改动,250.28300000000002,250.05244656,17,117.75000000000001,145.99,1.1261999999999999,66.34940000000002,4,5,2,2,2,2,0.0,7,0,0.3617517193892904,0,c1ccc(-c2cscn2)cc1,C1CCC(C2CCCC2)CC1,False,"InChI=1S/C10H10N4O2S/c11-9(12)14-10-13-6(4-17-10)5-1-2-7(15)8(16)3-5/h1-4,15-16H,(H4,11,12,13,14)",PQHOEQGYFYWQLL-UHFFFAOYSA-N,PQHOEQGYFYWQLL,0,False,True,False,False,PQHOEQGYFYWQLL-UHFFFAOYSA-N,1,True,3
B3D_0010,bbb_control_b3db,BBBCTRL_010,chembl151192,CCNC1=C(N=CC=C1)N2CCN(CC2)C(=O)C3=CC4=C(N3)C=CC(=C4)NS(=O)(=O)C,,,,,,,,,,,,control_negative,logBB,-1.52,,,A,BBBCTRL_010,False,True,True,CCNc1cccnc1N1CCN(C(=O)c2cc3cc(NS(C)(=O)=O)ccc3[nH]2)CC1,1,False,0,0,False,False,无改动,442.54500000000013,442.178709692,31,110.43,118.81,2.3286,123.28240000000002,3,6,6,7,4,3,0.3333333333333333,10,0,0.5404579372298253,0,O=C(c1cc2ccccc2[nH]1)N1CCN(c2ccccn2)CC1,CC(C1CCC(C2CCCCC2)CC1)C1CC2CCCCC2C1,False,"InChI=1S/C21H26N6O3S/c1-3-22-18-5-4-8-23-20(18)26-9-11-27(12-10-26)21(28)19-14-15-13-16(25-31(2,29)30)6-7-17(15)24-19/h4-8,13-14,22,24-25H,3,9-12H2,1-2H3",VLRUPVDWIXYKGR-UHFFFAOYSA-N,VLRUPVDWIXYKGR,0,False,False,True,False,VLRUPVDWIXYKGR-UHFFFAOYSA-N,1,True,3
B3D_0011,bbb_control_b3db,BBBCTRL_011,rifampicin,O=C1C2=C(C(O)=C(/C=N/N3CCN(C)CC3)C(NC(C/C(C)=C\C=C\[C@@H](C)C4O)=O)=C5O)C5=C(O)C(C)=C2O[C@]1(C)O/C=C/[C@@H]([C@H]([C@H]([C@H]([C@H]([C@@H]4C)O)C)OC(C)=O)C)OC,,,,,,,,,,,,control_negative,logBB,-1.52,,,A,BBBCTRL_011,False,True,True,CO[C@H]1/C=C/O[C@@]2(C)Oc3c(C)c(O)c4c(O)c(c(/C=N/N5CCN(C)CC5)c(O)c4c3C2=O)NC(=O)C/C(C)=C\C=C\[C@@H](C)C(O)[C@@H](C)[C@H](O)[C@H](C)[C@H](OC(C)=O)[C@@H]1C,1,False,0,0,False,False,无改动,836.9800000000002,836.4207733600002,60,220.14999999999995,220.14999999999995,4.725520000000005,225.09619999999944,6,15,4,5,6,2,0.5454545454545454,16,0,0.10627369231779207,3,O=C1C/C=C\C=C\CCCCCCCC/C=C/OC2Oc3ccc4cc(c(/C=N/N5CCNCC5)cc4c3C2=O)N1,CC1CCCCCCCCCCCCCCCCC2CC3CCC4CC(C1)C(CCC1CCCCC1)CC4C3C2C,False,"InChI=1S/C44H60N4O12/c1-22-12-11-13-23(2)36(51)25(4)37(52)26(5)41(59-28(7)49)24(3)30(57-10)14-19-58-44(8)43(56)34-32-33(38(53)27(6)42(34)60-44)40(55)35(46-31(50)20-22)29(39(32)54)21-45-48-17-15-47(9)16-18-48/h11-14,19,21,23-26,30,36-37,41,51-55H,15-18,20H2,1-10H3,(H,46,50)/b13-11+,19-14+,22-12-,45-21+/t23-,24-,25-,26+,30+,36?,37+,41-,44+/m1/s1",GLOJQGHACZHVEO-ZOCMDWSUSA-N,GLOJQGHACZHVEO,9,False,True,False,False,GLOJQGHACZHVEO-ZOCMDWSUSA-N,1,True,1
B3D_0012,bbb_control_b3db,BBBCTRL_012,"mdl 63,246",CC(C)CCCCCCCCC(=O)N[C@@H]1[C@H]([C@@H]([C@H](O[C@H]1OC2=C3C=C4C=C2OC5=C(C=C(C=C5)[C@H]([C@H]6C(=O)N[C@@H](C7=C(C(=CC(=C7)O)O[C@@H]8[C@H]([C@H]([C@@H]([C@H](O8)CO)O)O)O)C9=C(C=CC(=C9)[C@H](C(=O)N6)NC(=O)[C@@H]4NC(=O)[C@@H]1C2=C(C(=CC(=C2)OC2=C(C=CC(=C2)[C@H](C(=O)N[C@H](CC2=CC=C(O3)C=C2)C(=O)N1)NC)O)O)Cl)O)C(=O)NCCCN(C)C)O)Cl)CO)O)O,,,,,,,,,,,,control_negative,logBB,-1.48,,,A,BBBCTRL_012,False,True,True,CN[C@H]1C(=O)N[C@@H]2Cc3ccc(cc3)Oc3cc4cc(c3O[C@@H]3O[C@H](CO)[C@@H](O)[C@H](O)[C@H]3NC(=O)CCCCCCCCC(C)C)Oc3ccc(cc3Cl)[C@@H](O)[C@@H]3NC(=O)[C@H](NC(=O)[C@@H]4NC(=O)[C@@H](NC2=O)c2cc(cc(O)c2Cl)Oc2cc1ccc2O)c1ccc(O)c(c1)-c1c(O[C@H]2O[C@H](CO)[C@@H](O)[C@H](O)[C@@H]2O)cc(O)cc1[C@@H](C(=O)NCCCN(C)C)NC3=O,1,False,0,0,False,False,无改动,1802.733,1800.6292933639988,127,555.4400000000002,555.4400000000002,4.075700000000003,451.5189000000009,21,29,22,24,15,7,0.4318181818181818,39,0,0.04251140540309482,3,O=C1Cc2cccc(c2)Oc2cccc(c2)[C@@H]2NC(=O)[C@@H](Cc3ccc(cc3)Oc3cc4cc(c3O[C@H]3CCCCO3)Oc3ccc(cc3)C[C@@H]3NC(=O)[C@H](NC(=O)[C@@H]4NC2=O)c2cccc(c2)-c2c(cccc2O[C@@H]2CCCCO2)CNC3=O)N1,CC1CC2CCCC(C2)CC2CCCC(C2)C2CC(C)C(C1)CC1CCC(CC1)CC1CC3CC(CC4CCC(CC4)CC4CC(C)C(CC(C)C3CC2C)C2CCCC(C2)C2C(CCCC2CC2CCCCC2)CCC4C)C1CC1CCCCC1,False,"InChI=1S/C88H102Cl2N10O27/c1-39(2)13-10-8-6-7-9-11-14-63(107)94-72-76(111)74(109)61(37-101)125-87(72)127-79-59-31-44-32-60(79)123-56-24-19-43(29-51(56)89)73(108)71-86(120)98-69(81(115)92-25-12-26-100(4)5)49-33-45(103)34-58(124-88-78(113)77(112)75(110)62(38-102)126-88)64(49)48-28-41(17-22-53(48)104)67(83(117)99-71)95-84(118)68(44)96-85(119)70-50-35-47(36-55(106)65(50)90)122-57-30-42(18-23-54(57)105)66(91-3)82(116)93-52(80(114)97-70)27-40-15-20-46(121-59)21-16-40/h15-24,28-36,39,52,61-62,66-78,87-88,91,101-106,108-113H,6-14,25-27,37-38H2,1-5H3,(H,92,115)(H,93,116)(H,94,107)(H,95,118)(H,96,119)(H,97,114)(H,98,120)(H,99,117)/t52-,61-,62-,66-,67-,68-,69+,70+,71+,72-,73-,74-,75-,76-,77+,78+,87+,88+/m1/s1",YBHCRKSNNGPNKG-QEQRGNDBSA-N,YBHCRKSNNGPNKG,18,False,True,False,False,YBHCRKSNNGPNKG-QEQRGNDBSA-N,1,True,1
B3D_0013,bbb_control_b3db,BBBCTRL_013,cimetidine,CC1C(=NC=N1)CSCCNC(=NC)NC#N,,,,,,,,,,,,control_negative,logBB,-1.42,,,A,BBBCTRL_013,False,True,True,CN=C(NC#N)NCCSCC1=NC=NC1C,1,False,0,0,False,False,无改动,252.347,252.11571551199998,17,84.92999999999999,110.23,0.23707999999999974,72.82440000000001,2,5,5,7,1,0,0.6,7,0,0.2411850966228841,0,C1=NC=NC1,C1CCCC1,False,"InChI=1S/C10H16N6S/c1-8-9(16-7-15-8)5-17-4-3-13-10(12-2)14-6-11/h7-8H,3-5H2,1-2H3,(H2,12,13,14)",IUQXOIVDUJHVIF-UHFFFAOYSA-N,IUQXOIVDUJHVIF,1,False,True,False,False,IUQXOIVDUJHVIF-UHFFFAOYSA-N,1,True,1
B3D_0014,bbb_control_b3db,BBBCTRL_014,vardenafil,CCCC1=NC(=C2N1N=C(NC2=O)C3=C(C=CC(=C3)S(=O)(=O)N4CCN(CC4)CC)OCC)C,,,,,,,,,,,,control_negative,logBB,-1.4,,,A,BBBCTRL_014,False,True,True,CCCc1nc(C)c2c(=O)[nH]c(-c3cc(S(=O)(=O)N4CCN(CC)CC4)ccc3OCC)nn12,1,False,0,0,False,False,无改动,488.6140000000004,488.22057450400007,34,112.89999999999999,121.28,2.0704199999999995,129.81750000000002,1,7,8,8,4,3,0.5217391304347826,11,0,0.5164114874787473,0,O=c1[nH]c(-c2cccc(S(=O)(=O)N3CCNCC3)c2)nn2cncc12,CC1CC(C2CCCC(C(C)(C)C3CCCCC3)C2)CC2CCCC12,False,"InChI=1S/C23H32N6O4S/c1-5-8-20-24-16(4)21-23(30)25-22(26-29(20)21)18-15-17(9-10-19(18)33-7-3)34(31,32)28-13-11-27(6-2)12-14-28/h9-10,15H,5-8,11-14H2,1-4H3,(H,25,26,30)",SECKRCOLJRRGGV-UHFFFAOYSA-N,SECKRCOLJRRGGV,0,False,True,True,False,SECKRCOLJRRGGV-UHFFFAOYSA-N,1,True,1
B3D_0015,bbb_control_b3db,BBBCTRL_015,sbb079053,C1=CC=[N+]2C=C(NC2=C1)CN,,,,,,,,,,,,control_negative,logBB,-1.4,,,A,BBBCTRL_015,False,True,True,NCc1c[n+]2ccccc2[nH]1,1,False,1,1,False,False,无改动,148.18899999999996,148.08692374009,11,45.91,45.91,0.21209999999999957,41.84410000000001,2,1,1,1,2,2,0.125,3,1,0.5579143860099848,0,c1cc[n+]2cc[nH]c2c1,C1CCC2CCCC2C1,False,"InChI=1S/C8H9N3/c9-5-7-6-11-4-2-1-3-8(11)10-7/h1-4,6H,5,9H2/p+1",GBRIYMLJYQLICB-UHFFFAOYSA-O,GBRIYMLJYQLICB,0,False,True,False,False,GBRIYMLJYQLICB-UHFFFAOYSA-O,1,True,1
B3D_0016,bbb_control_b3db,BBBCTRL_016,"1,3-dimethyl-2-(2-methylphenylimino)imidazolidine",CC1=CC=CC=C1N=C2N(CCN2C)C,,,,,,,,,,,,control_negative,logBB,-1.39,,,A,BBBCTRL_016,False,True,True,Cc1ccccc1N=C1N(C)CCN1C,1,False,0,0,False,False,无改动,203.28899999999996,203.14224754399999,15,18.84,18.84,1.85972,63.534000000000034,0,1,1,1,2,1,0.4166666666666667,3,0,0.6934858772613045,0,c1ccc(N=C2NCCN2)cc1,C1CCC(CC2CCCC2)CC1,False,"InChI=1S/C12H17N3/c1-10-6-4-5-7-11(10)13-12-14(2)8-9-15(12)3/h4-7H,8-9H2,1-3H3",GECQYIJUASLOFZ-UHFFFAOYSA-N,GECQYIJUASLOFZ,0,False,True,False,False,GECQYIJUASLOFZ-UHFFFAOYSA-N,1,True,4
B3D_0017,bbb_control_b3db,BBBCTRL_017,dcka,C1=C(C=C(C2=C1NC(=CC2=O)C(=O)O)Cl)Cl,,,,,,,,,,,,control_negative,logBB,-1.33,,,A,BBBCTRL_017,False,True,True,O=C(O)c1cc(=O)c2c(Cl)cc(Cl)cc2[nH]1,1,False,0,0,False,False,无改动,258.05999999999995,256.96464838,16,70.16,70.16,2.5331,61.54800000000001,2,2,1,1,2,2,0.0,6,0,0.8251145854818465,0,O=c1cc[nH]c2ccccc12,CC1CCCC2CCCCC12,False,"InChI=1S/C10H5Cl2NO3/c11-4-1-5(12)9-6(2-4)13-7(10(15)16)3-8(9)14/h1-3H,(H,13,14)(H,15,16)",BGKFPRIGXAVYNX-UHFFFAOYSA-N,BGKFPRIGXAVYNX,0,True,False,False,False,BGKFPRIGXAVYNX-UHFFFAOYSA-N,1,True,1
B3D_0018,bbb_control_b3db,BBBCTRL_018,sildenafil,CCCC1=NN(C2=C1N=C(NC2=O)C3=C(C=CC(=C3)S(=O)(=O)N4CCN(CC4)C)OCC)C,,,,,,,,,,,,control_negative,logBB,-1.3,,,A,BBBCTRL_018,False,True,True,CCCc1nn(C)c2c(=O)[nH]c(-c3cc(S(=O)(=O)N4CCN(C)CC4)ccc3OCC)nc12,1,False,0,0,False,False,无改动,474.5870000000004,474.20492444,33,113.41999999999999,121.79999999999998,1.6109,125.98550000000004,1,7,7,7,4,3,0.5,11,0,0.5534046105187581,0,O=c1[nH]c(-c2cccc(S(=O)(=O)N3CCNCC3)c2)nc2cn[nH]c12,CC1CC(C2CCCC(C(C)(C)C3CCCCC3)C2)CC2CCCC12,False,"InChI=1S/C22H30N6O4S/c1-5-7-17-19-20(27(4)25-17)22(29)24-21(23-19)16-14-15(8-9-18(16)32-6-2)33(30,31)28-12-10-26(3)11-13-28/h8-9,14H,5-7,10-13H2,1-4H3,(H,23,24,29)",BNRNXUUZRGQAQC-UHFFFAOYSA-N,BNRNXUUZRGQAQC,0,False,True,True,False,BNRNXUUZRGQAQC-UHFFFAOYSA-N,1,True,1
B3D_0019,bbb_control_b3db,BBBCTRL_019,"n-(2,4-dimethylphenyl)-1,3-dimethylimidazolidin-2-imine",CC1=CC(=C(C=C1)N=C2N(CCN2C)C)C,,,,,,,,,,,,control_negative,logBB,-1.3,,,A,BBBCTRL_019,False,True,True,Cc1ccc(N=C2N(C)CCN2C)c(C)c1,1,False,0,0,False,False,无改动,217.316,217.15789760799998,16,18.84,18.84,2.16814,68.27100000000004,0,1,1,1,2,1,0.46153846153846156,3,0,0.7176498029894912,0,c1ccc(N=C2NCCN2)cc1,C1CCC(CC2CCCC2)CC1,False,"InChI=1S/C13H19N3/c1-10-5-6-12(11(2)9-10)14-13-15(3)7-8-16(13)4/h5-6,9H,7-8H2,1-4H3",WAWZQNKLTPPAKU-UHFFFAOYSA-N,WAWZQNKLTPPAKU,0,False,True,False,False,WAWZQNKLTPPAKU-UHFFFAOYSA-N,1,True,4
B3D_0020,bbb_control_b3db,BBBCTRL_020,17 zm0241385,C1=COC(=C1)C2=NN3C(=NC(=NC3=N2)NCCC4=CC=C(C=C4)O)N,,,,,,,,,,,,control_negative,logBB,-1.3,,,A,BBBCTRL_020,False,True,True,Nc1nc(NCCc2ccc(O)cc2)nc2nc(-c3ccco3)nn12,1,False,0,0,False,False,无改动,337.343,337.12872272000004,25,127.39,127.39,1.7216999999999998,90.9919,3,8,5,5,4,4,0.125,9,0,0.5021357205153985,0,c1ccc(CCNc2ncn3nc(-c4ccco4)nc3n2)cc1,C1CCC(CCCC2CCC3CC(C4CCCC4)CC3C2)CC1,False,"InChI=1S/C16H15N7O2/c17-14-20-15(18-8-7-10-3-5-11(24)6-4-10)21-16-19-13(22-23(14)16)12-2-1-9-25-12/h1-6,9,24H,7-8H2,(H3,17,18,19,20,21,22)",PWTBZOIUWZOPFT-UHFFFAOYSA-N,PWTBZOIUWZOPFT,0,False,False,False,False,PWTBZOIUWZOPFT-UHFFFAOYSA-N,1,True,1
B3D_0021,bbb_control_b3db,BBBCTRL_021,l-dideoxyinosine,C1C[C@H](O[C@H]1CO)N2C=NC3=C2N=CNC3=O,,,,,,,,,,,,control_negative,logBB,-1.3,,,A,BBBCTRL_021,False,True,True,O=c1[nH]cnc2c1ncn2[C@@H]1CC[C@H](CO)O1,1,False,0,0,False,False,无改动,236.23099999999997,236.090940244,17,93.03,93.03,-0.21050000000000008,58.378500000000024,2,5,2,2,3,2,0.5,7,0,0.7521450742487875,0,O=c1[nH]cnc2c1ncn2[C@@H]1CCCO1,CC1CCCC2C1CCC2C1CCCC1,False,"InChI=1S/C10H12N4O3/c15-3-6-1-2-7(17-6)14-5-13-8-9(14)11-4-12-10(8)16/h4-7,15H,1-3H2,(H,11,12,16)/t6-,7+/m1/s1",BXZVVICBKDXVGW-RQJHMYQMSA-N,BXZVVICBKDXVGW,2,False,False,False,False,BXZVVICBKDXVGW-RQJHMYQMSA-N,1,True,1
B3D_0022,bbb_control_b3db,BBBCTRL_022,y12,CC(=O)OC1=C(C=C(C=C1)/C=C/C(=O)NCCC2=CC=CC=C2)OC(=O)C,,,,,,,,,,,,control_negative,logBB,-1.17,,,A,BBBCTRL_022,False,True,True,CC(=O)Oc1ccc(/C=C/C(=O)NCCc2ccccc2)cc1OC(C)=O,1,False,0,0,False,False,无改动,367.4010000000001,367.141972772,27,81.70000000000002,81.70000000000002,2.9093000000000018,101.24970000000005,1,5,7,10,2,2,0.19047619047619047,6,0,0.4622509256834159,0,O=C(/C=C/c1ccccc1)NCCc1ccccc1,CC(CCCC1CCCCC1)CCC1CCCCC1,False,"InChI=1S/C21H21NO5/c1-15(23)26-19-10-8-18(14-20(19)27-16(2)24)9-11-21(25)22-13-12-17-6-4-3-5-7-17/h3-11,14H,12-13H2,1-2H3,(H,22,25)/b11-9+",GARHCDOTUULBOQ-PKNBQFBNSA-N,GARHCDOTUULBOQ,0,False,False,False,False,GARHCDOTUULBOQ-PKNBQFBNSA-N,1,True,1
B3D_0023,bbb_control_b3db,BBBCTRL_023,acrivastine,CC1=CC=C(C=C1)/C(=C\CN2CCCC2)/C3=CC=CC(=N3)/C=C/C(=O)O,,,,,,,,,,,,control_negative,logBB,-1.14,,,A,BBBCTRL_023,False,True,True,Cc1ccc(/C(=C\CN2CCCC2)c2cccc(/C=C/C(=O)O)n2)cc1,1,False,0,0,False,False,无改动,348.446,348.183778008,26,53.43000000000001,53.43000000000001,4.015320000000003,104.83880000000005,1,3,6,6,3,2,0.2727272727272727,4,0,0.8014151467111451,0,C(/CN1CCCC1)=C(/c1ccccc1)c1ccccn1,C1CCC(C(CCC2CCCC2)C2CCCCC2)CC1,False,"InChI=1S/C22H24N2O2/c1-17-7-9-18(10-8-17)20(13-16-24-14-2-3-15-24)21-6-4-5-19(23-21)11-12-22(25)26/h4-13H,2-3,14-16H2,1H3,(H,25,26)/b12-11+,20-13+",PWACSDKDOHSSQD-IUTFFREVSA-N,PWACSDKDOHSSQD,0,True,True,False,False,PWACSDKDOHSSQD-IUTFFREVSA-N,1,True,1
B3D_0024,bbb_control_b3db,BBBCTRL_024,compound 35,CN(C)Cc1oc(CSCCNC2C([N+]([O-])=O)=CC=N2)cc1,,,,,,,,,,,,control_negative,logBB,-1.12,,,A,BBBCTRL_024,False,True,True,CN(C)Cc1ccc(CSCCNC2N=CC=C2[N+](=O)[O-])o1,1,False,0,0,False,False,无改动,324.40600000000006,324.12561149999993,22,83.91,109.21,1.7351,87.62110000000003,1,7,9,9,2,1,0.5,8,0,0.4230201587513691,0,C1=CC(NCCSCc2ccco2)N=C1,C(CCC1CCCC1)CCC1CCCC1,False,"InChI=1S/C14H20N4O3S/c1-17(2)9-11-3-4-12(21-11)10-22-8-7-16-14-13(18(19)20)5-6-15-14/h3-6,14,16H,7-10H2,1-2H3",XLYBIDWGRCVKEW-UHFFFAOYSA-N,XLYBIDWGRCVKEW,1,False,True,False,False,XLYBIDWGRCVKEW-UHFFFAOYSA-N,1,True,1
B3D_0025,bbb_control_b3db,BBBCTRL_025,sulphasalazine,C1=CC=NC(=C1)NS(=O)(=O)C2=CC=C(C=C2)N=NC3=CC(=C(C=C3)O)C(=O)O,,,,,,,,,,,,control_negative,logBB,-2.69,,,B,BBBCTRL_025,False,True,True,O=C(O)c1cc(N=Nc2ccc(S(=O)(=O)Nc3ccccn3)cc2)ccc1O,1,False,0,0,False,False,无改动,398.4000000000001,398.068490548,28,141.31,149.68999999999997,3.7016000000000013,100.7296,3,7,6,6,3,3,0.0,10,0,0.5405882217196541,0,O=S(=O)(Nc1ccccn1)c1ccc(N=Nc2ccccc2)cc1,CC(C)(CC1CCCCC1)C1CCC(CCC2CCCCC2)CC1,False,"InChI=1S/C18H14N4O5S/c23-16-9-6-13(11-15(16)18(24)25)21-20-12-4-7-14(8-5-12)28(26,27)22-17-3-1-2-10-19-17/h1-11,23H,(H,19,22)(H,24,25)",NCEXYHBECQHGNR-UHFFFAOYSA-N,NCEXYHBECQHGNR,0,True,False,True,False,NCEXYHBECQHGNR-UHFFFAOYSA-N,1,True,1
B3D_0026,bbb_control_b3db,BBBCTRL_026,clioquinol,C1=CC2=C(C(=C(C=C2Cl)I)O)N=C1,,,,,,,,,,,,control_negative,logBB,-2.4,,,B,BBBCTRL_026,False,True,True,Oc1c(I)cc(Cl)c2cccnc12,1,False,0,0,False,False,无改动,305.502,304.9104394600001,13,33.120000000000005,33.120000000000005,3.1984000000000004,61.134800000000006,1,2,0,0,2,2,0.0,4,0,0.7583081059543383,0,c1ccc2ncccc2c1,C1CCC2CCCCC2C1,False,"InChI=1S/C9H5ClINO/c10-6-4-7(11)9(13)8-5(6)2-1-3-12-8/h1-4,13H",QCDFBFJGMNKBDO-UHFFFAOYSA-N,QCDFBFJGMNKBDO,0,False,False,False,False,QCDFBFJGMNKBDO-UHFFFAOYSA-N,1,True,1
B3D_0027,bbb_control_b3db,BBBCTRL_027,bbcpd11 (cimetidine analog) (y-g13),CCNC(=NCCSCC1=C(C=CC=N1)Br)NC#N,,,,,,,,,,,,control_negative,logBB,-2.15,,,B,BBBCTRL_027,False,True,True,CCNC(=NCCSCc1ncccc1Br)NC#N,1,False,0,0,False,False,无改动,342.266,341.030978612,19,73.1,98.4,2.11348,82.82640000000002,2,4,6,8,1,1,0.4166666666666667,7,0,0.272364655253234,0,c1ccncc1,C1CCCCC1,False,"InChI=1S/C12H16BrN5S/c1-2-15-12(18-9-14)17-6-7-19-8-11-10(13)4-3-5-16-11/h3-5H,2,6-8H2,1H3,(H2,15,17,18)",QSVQYESUCVTVDQ-UHFFFAOYSA-N,QSVQYESUCVTVDQ,0,False,True,False,False,QSVQYESUCVTVDQ-UHFFFAOYSA-N,1,True,1
B3D_0028,bbb_control_b3db,BBBCTRL_028,"uk-240,455",CS(=O)(=O)N(CCO)C1=C2C(=CC(=C1Cl)Cl)NC(=O)C(=O)N2,,,,,,,,,,,,control_negative,logBB,-2.15,,,B,BBBCTRL_028,False,True,True,CS(=O)(=O)N(CCO)c1c(Cl)c(Cl)cc2[nH]c(=O)c(=O)[nH]c12,1,False,0,0,False,False,无改动,368.19800000000015,366.979646812,22,123.32999999999998,131.70999999999998,0.2814999999999999,84.485,3,5,4,4,2,2,0.2727272727272727,11,0,0.6692731436768522,0,O=c1[nH]c2ccccc2[nH]c1=O,CC1CC2CCCCC2CC1C,False,"InChI=1S/C11H11Cl2N3O5S/c1-22(20,21)16(2-3-17)9-7(13)5(12)4-6-8(9)15-11(19)10(18)14-6/h4,17H,2-3H2,1H3,(H,14,18)(H,15,19)",BGJHUMNCODFLCH-UHFFFAOYSA-N,BGJHUMNCODFLCH,0,False,False,True,False,BGJHUMNCODFLCH-UHFFFAOYSA-N,1,True,1
B3D_0029,bbb_control_b3db,BBBCTRL_029,"l-701,324",C1=CC=C(C=C1)OC2=CC=CC(=C2)C3=C(C4=C(C=C(C=C4)Cl)NC3=O)O,,,,,,,,,,,,control_negative,logBB,-2.03,,,B,BBBCTRL_029,False,True,True,O=c1[nH]c2cc(Cl)ccc2c(O)c1-c1cccc(Oc2ccccc2)c1,1,False,0,0,False,False,无改动,363.80000000000007,363.066220988,26,62.32000000000001,62.32000000000001,5.3464000000000045,103.19549999999998,2,3,3,3,4,4,0.0,5,0,0.5156567046675812,1,O=c1[nH]c2ccccc2cc1-c1cccc(Oc2ccccc2)c1,CC1CC2CCCCC2CC1C1CCCC(CC2CCCCC2)C1,False,"InChI=1S/C21H14ClNO3/c22-14-9-10-17-18(12-14)23-21(25)19(20(17)24)13-5-4-8-16(11-13)26-15-6-2-1-3-7-15/h1-12H,(H2,23,24,25)",FLVRDMUHUXVRET-UHFFFAOYSA-N,FLVRDMUHUXVRET,0,False,False,False,False,FLVRDMUHUXVRET-UHFFFAOYSA-N,1,True,1
B3D_0030,bbb_control_b3db,BBBCTRL_030,33419-42-0,CC1OCC2C(O1)C(C(C(O2)OC3C4COC(=O)C4C(C5=CC6=C(C=C35)OCO6)C7=CC(=C(C(=C7)OC)O)OC)O)O,,,,,,,,,,,,control_negative,logBB,-2.0,,,B,BBBCTRL_030,False,True,True,COc1cc(C2c3cc4c(cc3C(OC3OC5COC(C)OC5C(O)C3O)C3COC(=O)C23)OCO4)cc(OC)c1O,1,False,0,0,False,False,无改动,588.5620000000004,588.1842910839998,42,160.83,160.83,1.3385999999999993,138.34539999999996,3,13,5,5,7,2,0.5517241379310345,13,0,0.4298292584463983,2,O=C1OCC2C(OC3CCC4OCOCC4O3)c3cc4c(cc3C(c3ccccc3)C12)OCO4,CC1CCC2C(CC3CCC4CCCCC4C3)C3CC4CCCC4CC3C(C3CCCCC3)C12,False,"InChI=1S/C29H32O13/c1-11-36-9-20-27(40-11)24(31)25(32)29(41-20)42-26-14-7-17-16(38-10-39-17)6-13(14)21(22-15(26)8-37-28(22)33)12-4-18(34-2)23(30)19(5-12)35-3/h4-7,11,15,20-22,24-27,29-32H,8-10H2,1-3H3",VJJPUSNTGOMMGY-UHFFFAOYSA-N,VJJPUSNTGOMMGY,10,False,False,False,False,VJJPUSNTGOMMGY-UHFFFAOYSA-N,1,True,1
B3D_0031,bbb_control_b3db,BBBCTRL_031,icotidine,CC1=NC=C(C=C1)CC2=CN=C(NC2=O)NCCCCC3=C(C=CC=N3)OC,,,,,,,,,,,,control_negative,logBB,-2.0,,,B,BBBCTRL_031,False,True,True,COc1cccnc1CCCCNc1ncc(Cc2ccc(C)nc2)c(=O)[nH]1,1,False,0,0,False,False,无改动,379.46400000000006,379.20082504000004,28,92.78999999999999,92.78999999999999,2.902520000000001,108.85440000000004,2,6,9,9,3,3,0.3333333333333333,7,0,0.555485541845024,0,O=c1[nH]c(NCCCCc2ccccn2)ncc1Cc1cccnc1,CC1CC(CCCCCC2CCCCC2)CCC1CC1CCCCC1,False,"InChI=1S/C21H25N5O2/c1-15-8-9-16(13-24-15)12-17-14-25-21(26-20(17)27)23-10-4-3-6-18-19(28-2)7-5-11-22-18/h5,7-9,11,13-14H,3-4,6,10,12H2,1-2H3,(H2,23,25,26,27)",GJCSPRIRQYWXRW-UHFFFAOYSA-N,GJCSPRIRQYWXRW,0,False,False,False,False,GJCSPRIRQYWXRW-UHFFFAOYSA-N,1,True,2
B3D_0032,bbb_control_b3db,BBBCTRL_032,ro 64-0802,OC(C1=C[C@@H](OC(CC)CC)[C@@H](NCOC)[C@@H](N)C1)=O,,,,,,,,,,,,control_negative,logBB,-1.96,,,B,BBBCTRL_032,False,True,True,CCC(CC)O[C@@H]1C=C(C(=O)O)C[C@H](N)[C@@H]1NCOC,1,False,0,0,False,False,无改动,286.372,286.189257312,20,93.81,93.81,0.8643000000000012,76.35390000000004,3,5,8,8,1,0,0.7857142857142857,6,0,0.5731110175358567,0,C1=CCCCC1,C1CCCCC1,False,"InChI=1S/C14H26N2O4/c1-4-10(5-2)20-12-7-9(14(17)18)6-11(15)13(12)16-8-19-3/h7,10-13,16H,4-6,8,15H2,1-3H3,(H,17,18)/t11-,12+,13-/m0/s1",BDMYFOQWUPLTBP-XQQFMLRXSA-N,BDMYFOQWUPLTBP,3,True,True,False,False,BDMYFOQWUPLTBP-XQQFMLRXSA-N,1,True,2
B3D_0033,bbb_control_b3db,BBBCTRL_033,temelastine,CC1=NC=C(C=C1)CC2=CN=C(NC2=O)NCCCCC3=NC=C(C=C3C)Br,,,,,,,,,,,,control_negative,logBB,-1.9,,,B,BBBCTRL_033,False,True,True,Cc1ccc(Cc2cnc(NCCCCc3ncc(Br)cc3C)[nH]c2=O)cn1,1,False,0,0,False,False,无改动,442.3610000000001,441.116422488,28,83.56,83.56,3.9648400000000024,114.73940000000003,2,5,8,8,3,3,0.3333333333333333,7,0,0.5162542343594771,0,O=c1[nH]c(NCCCCc2ccccn2)ncc1Cc1cccnc1,CC1CC(CCCCCC2CCCCC2)CCC1CC1CCCCC1,False,"InChI=1S/C21H24BrN5O/c1-14-9-18(22)13-25-19(14)5-3-4-8-23-21-26-12-17(20(28)27-21)10-16-7-6-15(2)24-11-16/h6-7,9,11-13H,3-5,8,10H2,1-2H3,(H2,23,26,27,28)",OGEAASSLWZDQBM-UHFFFAOYSA-N,OGEAASSLWZDQBM,0,False,False,False,False,OGEAASSLWZDQBM-UHFFFAOYSA-N,1,True,2
B3D_0034,bbb_control_b3db,BBBCTRL_034,"disodium;(6r,7s)-7-[[4-(2-amino-1-carboxylato-2-oxoethylidene)-1,3-dithietane-2-carbonyl]amino]-7-methoxy-3-[(1-methyltetrazol-5-yl)sulfanylmethyl]-8-oxo-5-thia-1-azabicyclo[4.2.0]oct-2-ene-2-carboxylate",CN1C(=NN=N1)SCC2=C(N3C(C(C3=O)(NC(=O)C4SC(=C(C(=O)N)C(=O)O)S4)OC)SC2)C(=O)O,,,,,,,,,,,,control_negative,logBB,-1.89,,,B,BBBCTRL_034,False,True,True,COC1(NC(=O)C2SC(=C(C(N)=O)C(=O)O)S2)C(=O)N2C(C(=O)O)=C(CSc3nnnn3C)CSC21,1,False,0,0,False,False,无改动,575.6320000000002,575.0021445040002,36,219.92999999999995,321.13,-1.3974999999999984,127.98470000000002,4,13,9,10,4,1,0.4117647058823529,19,0,0.06641669832653377,2,C=C1SC(C(=O)NC2C(=O)N3C=C(CSc4nnn[nH]4)CSC23)S1,CC1CC(C(C)CC2C(C)C3CC(CCC4CCCC4)CCC32)C1,False,"InChI=1S/C17H17N7O8S4/c1-23-16(20-21-22-23)34-4-5-3-33-15-17(32-2,14(31)24(15)7(5)11(29)30)19-9(26)13-35-12(36-13)6(8(18)25)10(27)28/h13,15H,3-4H2,1-2H3,(H2,18,25)(H,19,26)(H,27,28)(H,29,30)",SRZNHPXWXCNNDU-UHFFFAOYSA-N,SRZNHPXWXCNNDU,3,True,False,False,False,SRZNHPXWXCNNDU-UHFFFAOYSA-N,1,True,1
B3D_0035,bbb_control_b3db,BBBCTRL_035,cefotetan,CN1C(=NN=N1)SCC2=C(N3[C@@H]([C@@](C3=O)(NC(=O)C4SC(=C(C(=O)N)C(=O)[O-])S4)OC)SC2)C(=O)[O-].[Na+].[Na+],,,,,,,,,,,,control_negative,logBB,-1.89,,,B,BBBCTRL_035,False,True,True,CO[C@@]1(NC(=O)C2SC(=C(C(N)=O)C(=O)O)S2)C(=O)N2C(C(=O)O)=C(CSc3nnnn3C)CS[C@@H]21,3,True,0,0,True,True,去盐：3 个片段取最大；中性化：-2 → 0,575.6320000000002,575.0021445040002,36,219.92999999999995,321.13,-1.3974999999999984,127.98470000000002,4,13,9,10,4,1,0.4117647058823529,19,0,0.06641669832653377,2,C=C1SC(C(=O)NC2C(=O)N3C=C(CSc4nnn[nH]4)CS[C@H]23)S1,CC1CC(C(C)CC2C(C)C3CC(CCC4CCCC4)CCC32)C1,False,"InChI=1S/C17H17N7O8S4/c1-23-16(20-21-22-23)34-4-5-3-33-15-17(32-2,14(31)24(15)7(5)11(29)30)19-9(26)13-35-12(36-13)6(8(18)25)10(27)28/h13,15H,3-4H2,1-2H3,(H2,18,25)(H,19,26)(H,27,28)(H,29,30)/t13?,15-,17+/m1/s1",SRZNHPXWXCNNDU-RHBCBLIFSA-N,SRZNHPXWXCNNDU,3,True,False,False,False,SRZNHPXWXCNNDU-RHBCBLIFSA-N,1,True,1
B3D_0036,bbb_control_b3db,BBBCTRL_036,1848-75-5,C1CN=C(N1)NC2=CC=CC=C2,,,,,,,,,,,,control_negative,logBB,-1.89,,,B,BBBCTRL_036,False,True,True,c1ccc(NC2=NCCN2)cc1,1,False,0,0,False,False,无改动,161.20800000000003,161.095297352,12,36.42,36.42,1.0576999999999999,50.36940000000002,2,3,1,2,2,1,0.2222222222222222,3,0,0.6457369283733793,0,c1ccc(NC2=NCCN2)cc1,C1CCC(CC2CCCC2)CC1,False,"InChI=1S/C9H11N3/c1-2-4-8(5-3-1)12-9-10-6-7-11-9/h1-5H,6-7H2,(H2,10,11,12)",JCOPITWIWLFFPC-UHFFFAOYSA-N,JCOPITWIWLFFPC,0,False,True,False,False,JCOPITWIWLFFPC-UHFFFAOYSA-N,1,True,6
B3D_0037,bbb_control_b3db,BBBCTRL_037,m2l-663581,CC(CO)(C1=NC(=NO1)C2=C3CN(C(=O)C4=C(N3C=N2)C=CC=C4Cl)C)O,,,,,,,,,,,,control_negative,logBB,-1.82,,,B,BBBCTRL_037,False,True,True,CN1Cc2c(-c3noc(C(C)(O)CO)n3)ncn2-c2cccc(Cl)c2C1=O,1,False,0,0,False,False,无改动,389.7990000000001,389.08908167199996,27,117.50999999999999,117.50999999999999,1.3610999999999995,94.32010000000002,2,7,3,3,4,3,0.29411764705882354,10,0,0.6939427442397786,0,O=C1NCc2c(-c3ncon3)ncn2-c2ccccc21,CC1CCC2C(C3CCCC3)CCC2C2CCCCC12,False,"InChI=1S/C17H16ClN5O4/c1-17(26,7-24)16-20-14(21-27-16)13-11-6-22(2)15(25)12-9(18)4-3-5-10(12)23(11)8-19-13/h3-5,8,24,26H,6-7H2,1-2H3",NHGAJMORWUZRDS-UHFFFAOYSA-N,NHGAJMORWUZRDS,1,False,False,False,False,NHGAJMORWUZRDS-UHFFFAOYSA-N,1,True,4
B3D_0038,bbb_control_b3db,BBBCTRL_038,ritonavir,O=C(N[C@@H](CC1=CC=CC=C1)[C@H](C[C@H](CC2=CC=CC=C2)CC([C@@H](NC(N(C)CC3=CSC(C(C)C)=N3)=O)C)=O)O)OCC4=CN=CS4,,,,,,,,,,,,control_negative,logBB,-1.82,,,B,BBBCTRL_038,False,True,True,CC(C)c1nc(CN(C)C(=O)N[C@@H](C)C(=O)C[C@@H](Cc2ccccc2)C[C@H](O)[C@H](Cc2ccccc2)NC(=O)OCc2cncs2)cs1,1,False,0,0,False,False,无改动,691.9200000000002,691.28621154,48,133.75,190.23000000000002,6.359700000000007,188.91619999999946,3,9,17,21,4,4,0.4166666666666667,12,0,0.1173875156324191,2,O=C(CNC(=O)NCc1cscn1)C[C@H](CC[C@H](Cc1ccccc1)NC(=O)OCc1cncs1)Cc1ccccc1,CC(CCC(C)CC(CCC(CC(C)CCC1CCCC1)CC1CCCCC1)CC1CCCCC1)CCC1CCCC1,False,"InChI=1S/C36H45N5O5S2/c1-24(2)34-39-29(22-47-34)20-41(4)35(44)38-25(3)32(42)17-28(15-26-11-7-5-8-12-26)18-33(43)31(16-27-13-9-6-10-14-27)40-36(45)46-21-30-19-37-23-48-30/h5-14,19,22-25,28,31,33,43H,15-18,20-21H2,1-4H3,(H,38,44)(H,40,45)/t25-,28+,31-,33-/m0/s1",PYELINRBJHJZDQ-LMWIOMQRSA-N,PYELINRBJHJZDQ,4,False,False,False,False,PYELINRBJHJZDQ-LMWIOMQRSA-N,1,True,1
B3D_0039,bbb_control_b3db,BBBCTRL_039,bis-hydroxylated-l-663581,OCC(C)(CO)c1nc(no1)-c2ncn(c23)c4c(C(=O)N(C)C3)c(Cl)ccc4,,,,,,,,,,,,control_negative,logBB,-1.82,,,B,BBBCTRL_039,False,True,True,CN1Cc2c(-c3noc(C(C)(CO)CO)n3)ncn2-c2cccc(Cl)c2C1=O,1,False,0,0,False,False,无改动,403.82600000000014,403.10473173599996,28,117.50999999999999,117.50999999999999,1.4035999999999993,99.18710000000003,2,7,4,4,4,3,0.3333333333333333,10,0,0.6756178705066022,0,O=C1NCc2c(-c3ncon3)ncn2-c2ccccc21,CC1CCC2C(C3CCCC3)CCC2C2CCCCC12,False,"InChI=1S/C18H18ClN5O4/c1-18(7-25,8-26)17-21-15(22-28-17)14-12-6-23(2)16(27)13-10(19)4-3-5-11(13)24(12)9-20-14/h3-5,9,25-26H,6-8H2,1-2H3",OBUWKSYNYYMZNZ-UHFFFAOYSA-N,OBUWKSYNYYMZNZ,0,False,False,False,False,OBUWKSYNYYMZNZ-UHFFFAOYSA-N,1,True,4
B3D_0040,bbb_control_b3db,BBBCTRL_040,raloxifene,C1CCN(CC1)CCOC2=CC=C(C=C2)C(=O)C3=C(SC4=C3C=CC(=C4)O)C5=CC=C(C=C5)O,,,,,,,,,,,,control_negative,logBB,-1.81,,,B,BBBCTRL_040,False,True,True,O=C(c1ccc(OCCN2CCCCC2)cc1)c1c(-c2ccc(O)cc2)sc2cc(O)ccc12,1,False,0,0,False,False,无改动,473.5940000000001,473.16607934399997,34,70.0,98.24,6.075200000000007,136.25109999999998,2,6,7,7,5,4,0.25,6,0,0.31866432981090165,1,O=C(c1ccc(OCCN2CCCCC2)cc1)c1c(-c2ccccc2)sc2ccccc12,CC(C1CCC(CCCC2CCCCC2)CC1)C1C2CCCCC2CC1C1CCCCC1,False,"InChI=1S/C28H27NO4S/c30-21-8-4-20(5-9-21)28-26(24-13-10-22(31)18-25(24)34-28)27(32)19-6-11-23(12-7-19)33-17-16-29-14-2-1-3-15-29/h4-13,18,30-31H,1-3,14-17H2",GZUITABIAKMVPG-UHFFFAOYSA-N,GZUITABIAKMVPG,0,False,True,False,False,GZUITABIAKMVPG-UHFFFAOYSA-N,1,True,1
B3D_0041,bbb_control_b3db,BBBCTRL_041,telmesteine,CCOC(=O)N1CSCC1C(=O)O,,,,,,,,,,,,control_negative,logBB,-1.72,,,B,BBBCTRL_041,False,True,True,CCOC(=O)N1CSCC1C(=O)O,1,False,0,0,False,False,无改动,205.23499999999999,205.040878832,13,66.84,92.14,0.6024,47.60980000000002,1,4,2,4,1,0,0.7142857142857143,6,0,0.7147405588018928,0,C1CSCN1,C1CCCC1,False,"InChI=1S/C7H11NO4S/c1-2-12-7(11)8-4-13-3-5(8)6(9)10/h5H,2-4H2,1H3,(H,9,10)",XBJWOGLKABXFJE-UHFFFAOYSA-N,XBJWOGLKABXFJE,1,True,False,False,False,XBJWOGLKABXFJE-UHFFFAOYSA-N,1,True,1
B3D_0042,bbb_control_b3db,BBBCTRL_042,chlorambucil,C1=CC(=CC=C1CCCC(=O)O)N(CCCl)CCCl,,,,,,,,,,,,control_negative,logBB,-1.7,,,B,BBBCTRL_042,False,True,True,O=C(O)CCCc1ccc(N(CCCl)CCCl)cc1,1,False,0,0,False,False,无改动,304.217,303.07928420800005,19,40.54,40.54,3.377900000000002,80.66880000000005,1,2,9,9,1,1,0.5,5,0,0.7110607782360152,0,c1ccccc1,C1CCCCC1,False,"InChI=1S/C14H19Cl2NO2/c15-8-10-17(11-9-16)13-6-4-12(5-7-13)2-1-3-14(18)19/h4-7H,1-3,8-11H2,(H,18,19)",JCKYGMPEJWAADB-UHFFFAOYSA-N,JCKYGMPEJWAADB,0,True,False,False,False,JCKYGMPEJWAADB-UHFFFAOYSA-N,1,True,14
B3D_0043,bbb_control_b3db,BBBCTRL_043,quercetin,Oc1cc(O)cc(c12)CC(C(C2=O)O)c(c3)ccc(O)c3O,,,,,,,,,,,,control_negative,logBB,-1.7,,,B,BBBCTRL_043,False,True,True,O=C1c2c(O)cc(O)cc2CC(c2ccc(O)c(O)c2)C1O,1,False,0,0,False,False,无改动,302.282,302.079038168,22,118.22000000000001,118.22000000000001,1.3924999999999994,76.32550000000002,5,6,1,1,3,2,0.1875,6,0,0.5080391256142536,0,O=C1CC(c2ccccc2)Cc2ccccc21,CC1CC(C2CCCCC2)CC2CCCCC12,False,"InChI=1S/C16H14O6/c17-9-3-8-4-10(7-1-2-11(18)12(19)5-7)15(21)16(22)14(8)13(20)6-9/h1-3,5-6,10,15,17-21H,4H2",ZKXUJOASIOXXRV-UHFFFAOYSA-N,ZKXUJOASIOXXRV,2,False,False,False,False,ZKXUJOASIOXXRV-UHFFFAOYSA-N,1,True,1
B3D_0044,bbb_control_b3db,BBBCTRL_044,flurbiprofen,CC(C1=CC(=C(C=C1)C2=CC=CC=C2)F)C(=O)O,,,,,,,,,,,,control_negative,logBB,-1.68,,,B,BBBCTRL_044,False,True,True,CC(C(=O)O)c1ccc(-c2ccccc2)c(F)c1,1,False,0,0,False,False,无改动,244.265,244.089957876,18,37.3,37.3,3.6808000000000023,67.88680000000002,1,1,3,3,2,2,0.13333333333333333,3,0,0.8937504426107861,0,c1ccc(-c2ccccc2)cc1,C1CCC(C2CCCCC2)CC1,False,"InChI=1S/C15H13FO2/c1-10(15(17)18)12-7-8-13(14(16)9-12)11-5-3-2-4-6-11/h2-10H,1H3,(H,17,18)",SYTBZMRGLBWNTM-UHFFFAOYSA-N,SYTBZMRGLBWNTM,1,True,False,False,False,SYTBZMRGLBWNTM-UHFFFAOYSA-N,1,True,2
B3D_0045,bbb_control_b3db,BBBCTRL_045,mannitol (d-mannitol),C(C(C(C(C(CO)O)O)O)O)O,,,,,,,,,,,,control_negative,logBB,-1.6,,,B,BBBCTRL_045,False,True,True,OCC(O)C(O)C(O)C(O)CO,1,False,0,0,False,False,无改动,182.172,182.079038168,12,121.38000000000001,121.38000000000001,-3.5854000000000004,38.198800000000006,6,6,5,5,0,0,1.0,6,0,0.2612626527203185,1,,,True,"InChI=1S/C6H14O6/c7-1-3(9)5(11)6(12)4(10)2-8/h3-12H,1-2H2",FBPFZTCFMRRESA-UHFFFAOYSA-N,FBPFZTCFMRRESA,4,False,False,False,False,FBPFZTCFMRRESA-UHFFFAOYSA-N,1,True,5
B3D_0046,bbb_control_b3db,BBBCTRL_046,compound 34,CC(=O)NC1=CC=CC(=C1)C2=CSC(=N2)N=C(N)N,,,,,,,,,,,,control_negative,logBB,-1.57,,,B,BBBCTRL_046,False,True,True,CC(=O)Nc1cccc(-c2csc(N=C(N)N)n2)c1,1,False,0,0,False,False,无改动,275.337,275.08408103600004,19,106.39,134.63,1.6733999999999998,77.32350000000001,3,4,3,4,2,2,0.08333333333333333,7,0,0.5847644067795098,0,c1ccc(-c2cscn2)cc1,C1CCC(C2CCCC2)CC1,False,"InChI=1S/C12H13N5OS/c1-7(18)15-9-4-2-3-8(5-9)10-6-19-12(16-10)17-11(13)14/h2-6H,1H3,(H,15,18)(H4,13,14,16,17)",BVPYPYSWYGKYAG-UHFFFAOYSA-N,BVPYPYSWYGKYAG,0,False,True,False,False,BVPYPYSWYGKYAG-UHFFFAOYSA-N,1,True,3
B3D_0047,bbb_control_b3db,BBBCTRL_047,cube-2,Oc1cc(OCCCCO)ccc1C(CC(C)C)=O,,,,,,,,,,,,control_negative,logBB,-1.52,,,B,BBBCTRL_047,False,True,True,CC(C)CC(=O)c1ccc(OCCCCO)cc1O,1,False,0,0,False,False,无改动,266.33699999999993,266.151809184,19,66.76,66.76,2.7723000000000018,73.70710000000004,2,4,8,8,1,1,0.5333333333333333,4,0,0.5606048126870469,0,c1ccccc1,C1CCCCC1,False,"InChI=1S/C15H22O4/c1-11(2)9-14(17)13-6-5-12(10-15(13)18)19-8-4-3-7-16/h5-6,10-11,16,18H,3-4,7-9H2,1-2H3",SWPPRGFQGVZSIN-UHFFFAOYSA-N,SWPPRGFQGVZSIN,0,False,False,False,False,SWPPRGFQGVZSIN-UHFFFAOYSA-N,1,True,14
B3D_0048,bbb_control_b3db,BBBCTRL_048,cube-6,Oc1cc(OCCCCOc2ccc(CCC(O)=O)c(O)c2)ccc1C(CC(C)C)=O,,,,,,,,,,,,control_negative,logBB,-1.52,,,B,BBBCTRL_048,False,True,True,CC(C)CC(=O)c1ccc(OCCCCOc2ccc(CCC(=O)O)c(O)c2)cc1O,1,False,0,0,False,False,无改动,430.4970000000001,430.19915329999986,31,113.29,113.29,4.581800000000006,116.17990000000006,3,6,13,13,2,2,0.4166666666666667,7,0,0.3147390922783896,0,c1ccc(OCCCCOc2ccccc2)cc1,C(CCCC1CCCCC1)CCC1CCCCC1,False,"InChI=1S/C24H30O7/c1-16(2)13-22(26)20-9-8-19(15-23(20)27)31-12-4-3-11-30-18-7-5-17(21(25)14-18)6-10-24(28)29/h5,7-9,14-16,25,27H,3-4,6,10-13H2,1-2H3,(H,28,29)",XVGHTMZUJMMFAT-UHFFFAOYSA-N,XVGHTMZUJMMFAT,0,True,False,False,False,XVGHTMZUJMMFAT-UHFFFAOYSA-N,1,True,2
B3D_0049,bbb_control_b3db,BBBCTRL_049,cube-10,Oc1cc(OCCCCOc2ccc3c(OC(C=C3)=O)c2)ccc1C(CC(C)C)=O,,,,,,,,,,,,control_negative,logBB,-1.52,,,B,BBBCTRL_049,False,True,True,CC(C)CC(=O)c1ccc(OCCCCOc2ccc3ccc(=O)oc3c2)cc1O,1,False,0,0,False,False,无改动,410.46600000000007,410.1729385519999,30,85.97000000000001,85.97000000000001,4.965400000000005,114.60030000000006,1,6,10,10,3,3,0.3333333333333333,6,0,0.2886323868727435,0,O=c1ccc2ccc(OCCCCOc3ccccc3)cc2o1,CC1CCC2CCC(CCCCCCC3CCCCC3)CC2C1,False,"InChI=1S/C24H26O6/c1-16(2)13-21(25)20-9-8-18(14-22(20)26)28-11-3-4-12-29-19-7-5-17-6-10-24(27)30-23(17)15-19/h5-10,14-16,26H,3-4,11-13H2,1-2H3",CLQSJCIFSYYOLF-UHFFFAOYSA-N,CLQSJCIFSYYOLF,0,False,False,False,False,CLQSJCIFSYYOLF-UHFFFAOYSA-N,1,True,1
B3D_0050,bbb_control_b3db,BBBCTRL_050,amethopterin,CN(CC1=CN=C2C(=N1)C(=NC(=N2)N)N)C3=CC=C(C=C3)C(=O)NC(CCC(=O)O)C(=O)O,,,,,,,,,,,,control_negative,logBB,-1.52,,,B,BBBCTRL_050,False,True,True,CN(Cc1cnc2nc(N)nc(N)c2n1)c1ccc(C(=O)NC(CCC(=O)O)C(=O)O)cc1,1,False,0,0,False,False,无改动,454.44700000000023,454.1713158039999,33,210.53999999999996,210.53999999999996,0.2684000000000012,118.26160000000004,5,10,9,10,3,3,0.25,13,0,0.29472034504927447,0,c1ccc(NCc2cnc3ncncc3n2)cc1,C1CCC(CCC2CCC3CCCCC3C2)CC1,False,"InChI=1S/C20H22N8O5/c1-28(9-11-8-23-17-15(24-11)16(21)26-20(22)27-17)12-4-2-10(3-5-12)18(31)25-13(19(32)33)6-7-14(29)30/h2-5,8,13H,6-7,9H2,1H3,(H,25,31)(H,29,30)(H,32,33)(H4,21,22,23,26,27)",FBOZXECLQNJBKD-UHFFFAOYSA-N,FBOZXECLQNJBKD,1,True,False,False,False,FBOZXECLQNJBKD-UHFFFAOYSA-N,1,True,2
B3D_0051,bbb_control_b3db,BBBCTRL_051,imatinib,CC1=C(C=C(C=C1)NC(=O)C2=CC=C(C=C2)CN3CCN(CC3)C)NC4=NC=CC(=N4)C5=CN=CC=C5,,,,,,,,,,,,control_negative,logBB,-1.5,,,B,BBBCTRL_051,False,True,True,Cc1ccc(NC(=O)c2ccc(CN3CCN(C)CC3)cc2)cc1Nc1nccc(-c2cccnc2)n1,1,False,0,0,False,False,无改动,493.6150000000002,493.2590086120001,37,86.28000000000002,86.28000000000002,4.590320000000004,146.8938999999998,2,7,7,8,5,4,0.2413793103448276,8,0,0.38941616262964607,0,O=C(Nc1cccc(Nc2nccc(-c3cccnc3)n2)c1)c1ccc(CN2CCNCC2)cc1,CC(CC1CCCC(CC2CCCC(C3CCCCC3)C2)C1)C1CCC(CC2CCCCC2)CC1,False,"InChI=1S/C29H31N7O/c1-21-5-10-25(18-27(21)34-29-31-13-11-26(33-29)24-4-3-12-30-19-24)32-28(37)23-8-6-22(7-9-23)20-36-16-14-35(2)15-17-36/h3-13,18-19H,14-17,20H2,1-2H3,(H,32,37)(H,31,33,34)",KTUFNOKKBVMGRW-UHFFFAOYSA-N,KTUFNOKKBVMGRW,0,False,True,False,False,KTUFNOKKBVMGRW-UHFFFAOYSA-N,1,True,1
B3D_0052,bbb_control_b3db,BBBCTRL_052,.alpha.-d-ddc,C1C[C@H](O[C@@H]1CO)N2C=CC(=NC2=O)N,,,,,,,,,,,,control_negative,logBB,-1.5,,,B,BBBCTRL_052,False,True,True,Nc1ccn([C@@H]2CC[C@@H](CO)O2)c(=O)n1,1,False,0,0,False,False,无改动,211.22099999999998,211.095691276,15,90.36999999999999,90.36999999999999,-0.5046000000000002,53.13920000000002,2,5,2,2,2,1,0.5555555555555556,6,0,0.6875458801290978,0,O=c1ncccn1[C@@H]1CCCO1,CC1CCCCC1C1CCCC1,False,"InChI=1S/C9H13N3O3/c10-7-3-4-12(9(14)11-7)8-2-1-6(5-13)15-8/h3-4,6,8,13H,1-2,5H2,(H2,10,11,14)/t6-,8-/m0/s1",WREGKURFCTUGRC-XPUUQOCRSA-N,WREGKURFCTUGRC,2,False,False,False,False,WREGKURFCTUGRC-XPUUQOCRSA-N,1,True,1
B3D_0053,bbb_control_b3db,BBBCTRL_053,4-hydroxyalprazolam,CC1=NN=C2N1C3=C(C=C(C=C3)Cl)C(=NC2O)C4=CC=CC=C4,,,,,,,,,,,,control_negative,logBB,-1.48,,,B,BBBCTRL_053,False,True,True,Cc1nnc2n1-c1ccc(Cl)cc1C(c1ccccc1)=NC2O,1,False,0,0,False,False,无改动,324.771,324.077788716,23,63.3,63.3,3.071020000000001,88.14680000000001,1,4,1,1,4,3,0.11764705882352941,6,0,0.7479129164875707,0,c1ccc(C2=NCc3nncn3-c3ccccc32)cc1,C1CCC(C2CCC3CCCC3C3CCCCC23)CC1,False,"InChI=1S/C17H13ClN4O/c1-10-20-21-16-17(23)19-15(11-5-3-2-4-6-11)13-9-12(18)7-8-14(13)22(10)16/h2-9,17,23H,1H3",CEYGCFLPQFNPST-UHFFFAOYSA-N,CEYGCFLPQFNPST,1,False,False,False,False,CEYGCFLPQFNPST-UHFFFAOYSA-N,1,True,2
B3D_0054,bbb_control_b3db,BBBCTRL_054,atenolol,O=C(N)Cc1ccc(OCC(NC(C)C)O)cc1,,,,,,,,,,,,control_negative,logBB,-1.42,,,B,BBBCTRL_054,False,True,True,CC(C)NC(O)COc1ccc(CC(N)=O)cc1,1,False,0,0,False,False,无改动,252.31399999999996,252.1473925,18,84.57999999999998,84.57999999999998,0.4096000000000001,69.11390000000003,3,4,7,7,1,1,0.46153846153846156,5,0,0.6135979531843985,0,c1ccccc1,C1CCCCC1,False,"InChI=1S/C13H20N2O3/c1-9(2)15-13(17)8-18-11-5-3-10(4-6-11)7-12(14)16/h3-6,9,13,15,17H,7-8H2,1-2H3,(H2,14,16)",ASKBPIDMAJTIHH-UHFFFAOYSA-N,ASKBPIDMAJTIHH,1,False,True,False,False,ASKBPIDMAJTIHH-UHFFFAOYSA-N,1,True,14
B3D_0055,bbb_control_b3db,BBBCTRL_055,biosone,CC1(C2CCC3(C(C2(CCC1O)C)C(=O)C=C4C3(CCC5(C4CC(CC5)(C)C(=O)O)C)C)C)C,,,,,,,,,,,,control_negative,logBB,-1.4,,,B,BBBCTRL_055,False,True,True,CC1(C(=O)O)CCC2(C)CCC3(C)C(=CC(=O)C4C5(C)CCC(O)C(C)(C)C5CCC43C)C2C1,1,False,0,0,False,False,无改动,470.69400000000036,470.33960995199993,34,74.6,74.6,6.412600000000009,133.07160000000005,2,3,1,1,5,0,0.8666666666666667,4,0,0.464074056333653,1,O=C1C=C2C3CCCCC3CCC2C2CCC3CCCCC3C12,CC1CC2C3CCCCC3CCC2C2CCC3CCCCC3C12,False,"InChI=1S/C30H46O4/c1-25(2)21-8-11-30(7)23(28(21,5)10-9-22(25)32)20(31)16-18-19-17-27(4,24(33)34)13-12-26(19,3)14-15-29(18,30)6/h16,19,21-23,32H,8-15,17H2,1-7H3,(H,33,34)",MPDGHEJMBKOTSU-UHFFFAOYSA-N,MPDGHEJMBKOTSU,9,True,False,False,False,MPDGHEJMBKOTSU-UHFFFAOYSA-N,1,True,1
B3D_0056,bbb_control_b3db,BBBCTRL_056,151581-23-6,CCCN1C2=C(C(=O)N(C1=O)CCC)NC(=N2)C3CCC(=O)C3,,,,,,,,,,,,control_negative,logBB,-1.4,,,B,BBBCTRL_056,False,True,True,CCCn1c(=O)c2[nH]c(C3CCC(=O)C3)nc2n(CCC)c1=O,1,False,0,0,False,False,无改动,318.37700000000007,318.16919056399996,23,89.75,89.75,1.5429,86.79470000000003,1,4,5,5,3,2,0.625,7,0,0.9052709756374167,0,O=C1CCC(c2nc3[nH]c(=O)[nH]c(=O)c3[nH]2)C1,CC1CCC(C2CC3CC(C)CC(C)C3C2)C1,False,"InChI=1S/C16H22N4O3/c1-3-7-19-14-12(15(22)20(8-4-2)16(19)23)17-13(18-14)10-5-6-11(21)9-10/h10H,3-9H2,1-2H3,(H,17,18)",RUHGOZFOVBMWOO-UHFFFAOYSA-N,RUHGOZFOVBMWOO,1,False,False,False,False,RUHGOZFOVBMWOO-UHFFFAOYSA-N,1,True,1
B3D_0057,bbb_control_b3db,BBBCTRL_057,apaxifylline,CCCN1C2=C(C(=O)N(C1=O)CCC)NC(=N2)[C@H]3CCC(=O)C3,,,,,,,,,,,,control_negative,logBB,-1.4,,,B,BBBCTRL_057,False,True,True,CCCn1c(=O)c2[nH]c([C@H]3CCC(=O)C3)nc2n(CCC)c1=O,1,False,0,0,False,False,无改动,318.37700000000007,318.16919056399996,23,89.75,89.75,1.5429,86.79470000000003,1,4,5,5,3,2,0.625,7,0,0.9052709756374167,0,O=C1CC[C@H](c2nc3[nH]c(=O)[nH]c(=O)c3[nH]2)C1,CC1CCC(C2CC3CC(C)CC(C)C3C2)C1,False,"InChI=1S/C16H22N4O3/c1-3-7-19-14-12(15(22)20(8-4-2)16(19)23)17-13(18-14)10-5-6-11(21)9-10/h10H,3-9H2,1-2H3,(H,17,18)/t10-/m0/s1",RUHGOZFOVBMWOO-JTQLQIEISA-N,RUHGOZFOVBMWOO,1,False,False,False,False,RUHGOZFOVBMWOO-JTQLQIEISA-N,1,True,1
B3D_0058,bbb_control_b3db,BBBCTRL_058,chembl12325,COC(=O)NC1=NC2=C(N1)C=C(C=C2)C(=O)N3CCN(CC3)C4=CC=CC=N4,,,,,,,,,,,,control_negative,logBB,-1.4,,,B,BBBCTRL_058,False,True,True,COC(=O)Nc1nc2ccc(C(=O)N3CCN(c4ccccn4)CC3)cc2[nH]1,1,False,0,0,False,False,无改动,380.4080000000001,380.1596885,28,103.44999999999999,103.44999999999999,2.0986,104.47490000000003,2,6,3,6,4,3,0.2631578947368421,9,0,0.7212273690111257,0,O=C(c1ccc2nc[nH]c2c1)N1CCN(c2ccccn2)CC1,CC(C1CCC(C2CCCCC2)CC1)C1CCC2CCCC2C1,False,"InChI=1S/C19H20N6O3/c1-28-19(27)23-18-21-14-6-5-13(12-15(14)22-18)17(26)25-10-8-24(9-11-25)16-4-2-3-7-20-16/h2-7,12H,8-11H2,1H3,(H2,21,22,23,27)",SINZZLKFRXIFDJ-UHFFFAOYSA-N,SINZZLKFRXIFDJ,0,False,False,False,False,SINZZLKFRXIFDJ-UHFFFAOYSA-N,1,True,1
B3D_0059,bbb_control_b3db,BBBCTRL_059,sb 239063,COC1=NC=CC(=N1)C2=C(N=CN2C3CCC(CC3)O)C4=CC=C(C=C4)F,,,,,,,,,,,,control_negative,logBB,-1.4,,,B,BBBCTRL_059,False,True,True,COc1nccc(-c2c(-c3ccc(F)cc3)ncn2C2CCC(O)CC2)n1,1,False,0,0,False,False,无改动,368.4120000000002,368.164854132,27,73.06,73.06,3.6308000000000016,98.71080000000003,1,5,4,4,4,3,0.35,7,0,0.7612309172508952,0,c1ccc(-c2ncn(C3CCCCC3)c2-c2ccncn2)cc1,C1CCC(C2CCC(C3CCCCC3)C2C2CCCCC2)CC1,False,"InChI=1S/C20H21FN4O2/c1-27-20-22-11-10-17(24-20)19-18(13-2-4-14(21)5-3-13)23-12-25(19)15-6-8-16(26)9-7-15/h2-5,10-12,15-16,26H,6-9H2,1H3",ZQUSFAUAYSEREK-UHFFFAOYSA-N,ZQUSFAUAYSEREK,2,False,False,False,False,ZQUSFAUAYSEREK-UHFFFAOYSA-N,1,True,1
B3D_0060,bbb_control_b3db,BBBCTRL_060,,c1cccc(c12)cccc2C(=O)c3ccc(OCC)c(c34)cccc4,,,,,,,,,,,,control_negative,logBB,-1.39,,,B,BBBCTRL_060,False,True,True,CCOc1ccc(C(=O)c2cccc3ccccc23)c2ccccc12,1,False,0,0,False,False,无改动,326.39500000000004,326.130679816,25,26.3,26.3,5.6227000000000045,102.49750000000003,0,2,4,4,4,4,0.08695652173913043,2,0,0.4547713032453546,1,O=C(c1cccc2ccccc12)c1cccc2ccccc12,CC(C1CCCC2CCCCC21)C1CCCC2CCCCC21,False,"InChI=1S/C23H18O2/c1-2-25-22-15-14-21(18-11-5-6-12-19(18)22)23(24)20-13-7-9-16-8-3-4-10-17(16)20/h3-15H,2H2,1H3",PJDJPGOOOVJKMF-UHFFFAOYSA-N,PJDJPGOOOVJKMF,0,False,False,False,False,PJDJPGOOOVJKMF-UHFFFAOYSA-N,1,True,1
B3D_0061,bbb_control_b3db,BBBCTRL_061,tz-17,CC1=CC=CC=C1NC2=NCCN2,,,,,,,,,,,,control_negative,logBB,-1.39,,,B,BBBCTRL_061,False,True,True,Cc1ccccc1NC1=NCCN1,1,False,0,0,False,False,无改动,175.23499999999999,175.110947416,13,36.42,36.42,1.36612,55.10640000000002,2,3,1,2,2,1,0.3,3,0,0.6759132150943362,0,c1ccc(NC2=NCCN2)cc1,C1CCC(CC2CCCC2)CC1,False,"InChI=1S/C10H13N3/c1-8-4-2-3-5-9(8)13-10-11-6-7-12-10/h2-5H,6-7H2,1H3,(H2,11,12,13)",WLQWOUULTDRZTQ-UHFFFAOYSA-N,WLQWOUULTDRZTQ,0,False,True,False,False,WLQWOUULTDRZTQ-UHFFFAOYSA-N,1,True,6
B3D_0062,bbb_control_b3db,BBBCTRL_062,atorvastatin,CC(C)C1=C(C(=C(N1CC[C@H](C[C@H](CC(=O)O)O)O)C2=CC=C(C=C2)F)C3=CC=CC=C3)C(=O)NC4=CC=CC=C4,,,,,,,,,,,,control_negative,logBB,-1.36,,,B,BBBCTRL_062,False,True,True,CC(C)c1c(C(=O)Nc2ccccc2)c(-c2ccccc2)c(-c2ccc(F)cc2)n1CC[C@@H](O)C[C@@H](O)CC(=O)O,1,False,0,0,False,False,无改动,558.6500000000003,558.2530004399999,41,111.79,111.79,6.313600000000008,157.24659999999975,4,4,12,13,4,4,0.2727272727272727,8,0,0.16276043934928294,2,O=C(Nc1ccccc1)c1c[nH]c(-c2ccccc2)c1-c1ccccc1,CC(CC1CCCCC1)C1CCC(C2CCCCC2)C1C1CCCCC1,False,"InChI=1S/C33H35FN2O5/c1-21(2)31-30(33(41)35-25-11-7-4-8-12-25)29(22-9-5-3-6-10-22)32(23-13-15-24(34)16-14-23)36(31)18-17-26(37)19-27(38)20-28(39)40/h3-16,21,26-27,37-38H,17-20H2,1-2H3,(H,35,41)(H,39,40)/t26-,27-/m1/s1",XUKUURHRXDUEBC-KAYWLYCHSA-N,XUKUURHRXDUEBC,2,True,False,False,False,XUKUURHRXDUEBC-KAYWLYCHSA-N,1,True,1
B3D_0063,bbb_control_b3db,BBBCTRL_063,benzoylecgonine,CN1[C@H]2CC[C@H]1[C@@H](CC(O)=O)[C@@H](OC(C3=CC=CC=C3)=O)C2,,,,,,,,,,,,control_negative,logBB,-1.35,,,B,BBBCTRL_063,False,True,True,CN1[C@H]2CC[C@H]1[C@@H](CC(=O)O)[C@@H](OC(=O)c1ccccc1)C2,1,False,0,0,False,False,无改动,303.35800000000006,303.147058152,22,66.84,66.84,2.1693999999999996,80.57830000000006,1,4,4,5,3,1,0.5294117647058824,5,0,0.8635142440496505,0,O=C(OC1C[C@@H]2CC[C@@H](C1)N2)c1ccccc1,CC(CC1CC2CCC(C2)C1)C1CCCCC1,False,"InChI=1S/C17H21NO4/c1-18-12-7-8-14(18)13(10-16(19)20)15(9-12)22-17(21)11-5-3-2-4-6-11/h2-6,12-15H,7-10H2,1H3,(H,19,20)/t12-,13+,14-,15-/m0/s1",CFEAIVJTMABOIJ-XGUBFFRZSA-N,CFEAIVJTMABOIJ,4,True,True,False,False,CFEAIVJTMABOIJ-XGUBFFRZSA-N,1,True,1
B3D_0064,bbb_control_b3db,BBBCTRL_064,"monohydroxy l-663,581 metabolite",CC(C)(C1=NC(=NO1)C2=C3CN(C(=O)C4=C(N3C=N2)C=CC=C4Cl)C)O,,,,,,,,,,,,control_negative,logBB,-1.34,,,B,BBBCTRL_064,False,True,True,CN1Cc2c(-c3noc(C(C)(C)O)n3)ncn2-c2cccc(Cl)c2C1=O,1,False,0,0,False,False,无改动,373.80000000000007,373.094167052,26,97.28,97.28,2.388700000000001,92.90830000000003,1,6,2,2,4,3,0.29411764705882354,9,0,0.7403153472687978,0,O=C1NCc2c(-c3ncon3)ncn2-c2ccccc21,CC1CCC2C(C3CCCC3)CCC2C2CCCCC12,False,"InChI=1S/C17H16ClN5O3/c1-17(2,25)16-20-14(21-26-16)13-11-7-22(3)15(24)12-9(18)5-4-6-10(12)23(11)8-19-13/h4-6,8,25H,7H2,1-3H3",XHMYQXZLVLGNKX-UHFFFAOYSA-N,XHMYQXZLVLGNKX,0,False,False,False,False,XHMYQXZLVLGNKX-UHFFFAOYSA-N,1,True,4
B3D_0065,bbb_control_b3db,BBBCTRL_065,sk&f 93319,C[NH+](C)CC1=CC=C(CSCCNC2=NC(=O)C(=CN2)CC3=CC=C4C=CC=CC4=C3)O1,,,,,,,,,,,,control_negative,logBB,-1.3,,,B,BBBCTRL_065,False,True,True,CN(C)Cc1ccc(CSCCNc2nc(=O)c(Cc3ccc4ccccc4c3)c[nH]2)o1,1,False,1,0,True,True,中性化：1 → 0,448.59200000000016,448.19329713599996,32,74.16,99.46,4.513800000000003,132.36239999999998,2,6,10,10,4,4,0.28,7,0,0.3477611501517133,0,O=c1nc(NCCSCc2ccco2)[nH]cc1Cc1ccc2ccccc2c1,CC1CC(CCCCCC2CCCC2)CCC1CC1CCC2CCCCC2C1,False,"InChI=1S/C25H28N4O2S/c1-29(2)16-22-9-10-23(31-22)17-32-12-11-26-25-27-15-21(24(30)28-25)14-18-7-8-19-5-3-4-6-20(19)13-18/h3-10,13,15H,11-12,14,16-17H2,1-2H3,(H2,26,27,28,30)",UWWCRSMIORHGLM-UHFFFAOYSA-N,UWWCRSMIORHGLM,0,False,True,False,False,UWWCRSMIORHGLM-UHFFFAOYSA-N,1,True,1
B3D_0066,bbb_control_b3db,BBBCTRL_066,sb-271406,CC1=C(SC2=C1C=C(C=C2)Cl)S(=O)(=O)NC3=CC(=C(C=C3)OC)N4CCNCC4,,,,,,,,,,,,control_negative,logBB,-1.3,,,B,BBBCTRL_066,False,True,True,COc1ccc(NS(=O)(=O)c2sc3ccc(Cl)cc3c2C)cc1N1CCNCC1,1,False,0,0,False,False,无改动,452.00100000000026,451.07911124400005,29,70.67,107.28999999999999,4.082120000000003,120.45720000000004,2,6,5,5,4,3,0.3,9,0,0.6111745328954876,0,O=S(=O)(Nc1cccc(N2CCNCC2)c1)c1cc2ccccc2s1,CC(C)(CC1CCCC(C2CCCCC2)C1)C1CC2CCCCC2C1,False,"InChI=1S/C20H22ClN3O3S2/c1-13-16-11-14(21)3-6-19(16)28-20(13)29(25,26)23-15-4-5-18(27-2)17(12-15)24-9-7-22-8-10-24/h3-6,11-12,22-23H,7-10H2,1-2H3",LOCQRDBFWSXQQI-UHFFFAOYSA-N,LOCQRDBFWSXQQI,0,False,True,True,False,LOCQRDBFWSXQQI-UHFFFAOYSA-N,1,True,1
B3D_0067,bbb_control_b3db,BBBCTRL_067,skf 93319,COC1=CC=CN=C1CCCCNC(N2)=NC=C(CC3=CC=CC(C)=N3)C2=O,,,,,,,,,,,,control_negative,logBB,-1.3,,,B,BBBCTRL_067,False,True,True,COc1cccnc1CCCCNc1ncc(Cc2cccc(C)n2)c(=O)[nH]1,1,False,0,0,False,False,无改动,379.46400000000006,379.20082504000004,28,92.78999999999999,92.78999999999999,2.902520000000001,108.85440000000006,2,6,9,9,3,3,0.3333333333333333,7,0,0.555485541845024,0,O=c1[nH]c(NCCCCc2ccccn2)ncc1Cc1ccccn1,CC1CC(CCCCCC2CCCCC2)CCC1CC1CCCCC1,False,"InChI=1S/C21H25N5O2/c1-15-7-5-8-17(25-15)13-16-14-24-21(26-20(16)27)23-11-4-3-9-18-19(28-2)10-6-12-22-18/h5-8,10,12,14H,3-4,9,11,13H2,1-2H3,(H2,23,24,26,27)",JHHMCTKQHPNCEX-UHFFFAOYSA-N,JHHMCTKQHPNCEX,0,False,False,False,False,JHHMCTKQHPNCEX-UHFFFAOYSA-N,1,True,1
B3D_0068,bbb_control_b3db,BBBCTRL_068,4794-83-6,CC1=CC(=C(C=C1)NC2=NCCN2)C,,,,,,,,,,,,control_negative,logBB,-1.3,,,B,BBBCTRL_068,False,True,True,Cc1ccc(NC2=NCCN2)c(C)c1,1,False,0,0,False,False,无改动,189.26200000000003,189.12659748,14,36.42,36.42,1.67454,59.843400000000024,2,3,1,2,2,1,0.36363636363636365,3,0,0.7047727773282764,0,c1ccc(NC2=NCCN2)cc1,C1CCC(CC2CCCC2)CC1,False,"InChI=1S/C11H15N3/c1-8-3-4-10(9(2)7-8)14-11-12-5-6-13-11/h3-4,7H,5-6H2,1-2H3,(H2,12,13,14)",QBXJXHODGDNKDJ-UHFFFAOYSA-N,QBXJXHODGDNKDJ,0,False,True,False,False,QBXJXHODGDNKDJ-UHFFFAOYSA-N,1,True,6
B3D_0069,bbb_control_b3db,BBBCTRL_069,schembl1704876,CC1=NC(=CC(=N1)N2CCN(CC2)CCO)NC3=NC=C(S3)C(=O)NC4=C(C=CC=C4Cl)Cl,,,,,,,,,,,,control_negative,logBB,-1.3,,,B,BBBCTRL_069,False,True,True,Cc1nc(Nc2ncc(C(=O)Nc3c(Cl)cccc3Cl)s2)cc(N2CCN(CCO)CC2)n1,1,False,0,0,False,False,无改动,508.43500000000034,507.101099336,33,106.50999999999999,134.75,3.658520000000003,132.31969999999998,3,9,7,8,4,3,0.3333333333333333,12,0,0.4442515132949134,1,O=C(Nc1ccccc1)c1cnc(Nc2cc(N3CCNCC3)ncn2)s1,CC(CC1CCCCC1)C1CCC(CC2CCCC(C3CCCCC3)C2)C1,False,"InChI=1S/C21H23Cl2N7O2S/c1-13-25-17(11-18(26-13)30-7-5-29(6-8-30)9-10-31)27-21-24-12-16(33-21)20(32)28-19-14(22)3-2-4-15(19)23/h2-4,11-12,31H,5-10H2,1H3,(H,28,32)(H,24,25,26,27)",AQYKQVZJARJBMR-UHFFFAOYSA-N,AQYKQVZJARJBMR,0,False,True,False,False,AQYKQVZJARJBMR-UHFFFAOYSA-N,1,True,1
B3D_0070,bbb_control_b3db,BBBCTRL_070,diclazuril,C1=CC(=CC=C1C(C#N)C2=C(C=C(C=C2Cl)N3C(=O)NC(=O)C=N3)Cl)Cl,,,,,,,,,,,,control_negative,logBB,-1.3,,,B,BBBCTRL_070,False,True,True,N#CC(c1ccc(Cl)cc1)c1c(Cl)cc(-n2ncc(=O)[nH]c2=O)cc1Cl,1,False,0,0,False,False,无改动,407.6440000000001,405.979108568,26,91.53999999999999,91.53999999999999,3.536480000000002,99.38270000000003,1,4,3,3,3,3,0.058823529411764705,9,0,0.7186547199139044,0,O=c1cnn(-c2ccc(Cc3ccccc3)cc2)c(=O)[nH]1,CC1CCC(C2CCC(CC3CCCCC3)CC2)C(C)C1,False,"InChI=1S/C17H9Cl3N4O2/c18-10-3-1-9(2-4-10)12(7-21)16-13(19)5-11(6-14(16)20)24-17(26)23-15(25)8-22-24/h1-6,8,12H,(H,23,25,26)",ZSZFUDFOPOMEET-UHFFFAOYSA-N,ZSZFUDFOPOMEET,1,False,False,False,False,ZSZFUDFOPOMEET-UHFFFAOYSA-N,1,True,1
B3D_0071,bbb_control_b3db,BBBCTRL_071,compound-9,C1CCC(CC1)(CC2=NOC(=O)N2)CN,,,,,,,,,,,,control_negative,logBB,-1.3,,,B,BBBCTRL_071,False,True,True,NCC1(Cc2noc(=O)[nH]2)CCCCC1,1,False,0,0,False,False,无改动,211.26499999999993,211.132076784,15,84.91,84.91,0.8145999999999995,55.40010000000002,2,4,3,3,2,1,0.8,5,0,0.7745375340426942,0,O=c1[nH]c(CC2CCCCC2)no1,CC1CCC(CC2CCCCC2)C1,False,"InChI=1S/C10H17N3O2/c11-7-10(4-2-1-3-5-10)6-8-12-9(14)15-13-8/h1-7,11H2,(H,12,13,14)",MOEZPHHJIZLEKX-UHFFFAOYSA-N,MOEZPHHJIZLEKX,0,False,True,False,False,MOEZPHHJIZLEKX-UHFFFAOYSA-N,1,True,1
B3D_0072,bbb_control_b3db,BBBCTRL_072,diclofenac,C1=CC=C(C(=C1)CC(=O)O)NC2=C(C=CC=C2Cl)Cl,,,,,,,,,,,,control_negative,logBB,-1.3,,,B,BBBCTRL_072,False,True,True,O=C(O)Cc1ccccc1Nc1c(Cl)cccc1Cl,1,False,0,0,False,False,无改动,296.153,295.01668395200005,19,49.33,49.33,4.364100000000001,77.52650000000003,2,2,4,4,2,2,0.07142857142857142,5,0,0.8807285394160607,0,c1ccc(Nc2ccccc2)cc1,C1CCC(CC2CCCCC2)CC1,False,"InChI=1S/C14H11Cl2NO2/c15-10-5-3-6-11(16)14(10)17-12-7-2-1-4-9(12)8-13(18)19/h1-7,17H,8H2,(H,18,19)",DCOPUUMXTXDBNB-UHFFFAOYSA-N,DCOPUUMXTXDBNB,0,True,False,False,False,DCOPUUMXTXDBNB-UHFFFAOYSA-N,1,True,1
B3D_0073,bbb_control_b3db,BBBCTRL_073,didanosine,C1C[C@@H](O[C@@H]1CO)N2C=NC3=C2N=CNC3=O,,,,,,,,,,,,control_negative,logBB,-1.3,,,B,BBBCTRL_073,False,True,True,O=c1[nH]cnc2c1ncn2[C@H]1CC[C@@H](CO)O1,1,False,0,0,False,False,无改动,236.23099999999997,236.090940244,17,93.03,93.03,-0.21050000000000008,58.378500000000024,2,5,2,2,3,2,0.5,7,0,0.7521450742487875,0,O=c1[nH]cnc2c1ncn2[C@H]1CCCO1,CC1CCCC2C1CCC2C1CCCC1,False,"InChI=1S/C10H12N4O3/c15-3-6-1-2-7(17-6)14-5-13-8-9(14)11-4-12-10(8)16/h4-7,15H,1-3H2,(H,11,12,16)/t6-,7+/m0/s1",BXZVVICBKDXVGW-NKWVEPMBSA-N,BXZVVICBKDXVGW,2,False,False,False,False,BXZVVICBKDXVGW-NKWVEPMBSA-N,1,True,1
B3D_0074,bbb_control_b3db,BBBCTRL_074,schembl13579049,CC1C(C2=C(N1C(=O)C3=CC=C(C=C3)Cl)C=CC(=C2)OC)CC(=O)O,,,,,,,,,,,,control_negative,logBB,-1.26,,,B,BBBCTRL_074,False,True,True,COc1ccc2c(c1)C(CC(=O)O)C(C)N2C(=O)c1ccc(Cl)cc1,1,False,0,0,False,False,无改动,359.80899999999997,359.09243573599997,25,66.84,66.84,3.9558000000000026,95.71130000000004,1,3,4,5,3,2,0.2631578947368421,6,0,0.8969243800371918,0,O=C(c1ccccc1)N1CCc2ccccc21,CC(C1CCCCC1)C1CCC2CCCCC21,False,"InChI=1S/C19H18ClNO4/c1-11-15(10-18(22)23)16-9-14(25-2)7-8-17(16)21(11)19(24)12-3-5-13(20)6-4-12/h3-9,11,15H,10H2,1-2H3,(H,22,23)",LCUUTQDVRHCQTB-UHFFFAOYSA-N,LCUUTQDVRHCQTB,2,True,False,False,False,LCUUTQDVRHCQTB-UHFFFAOYSA-N,1,True,2
B3D_0075,bbb_control_b3db,BBBCTRL_075,zinc27644005,C[C@H]1[C@@H](C2=C(N1C(=O)C3=CC=C(C=C3)Cl)C=CC(=C2)OC)CC(=O)O,,,,,,,,,,,,control_negative,logBB,-1.26,,,B,BBBCTRL_075,False,True,True,COc1ccc2c(c1)[C@@H](CC(=O)O)[C@H](C)N2C(=O)c1ccc(Cl)cc1,1,False,0,0,False,False,无改动,359.80899999999997,359.09243573599997,25,66.84,66.84,3.9558000000000026,95.71130000000004,1,3,4,5,3,2,0.2631578947368421,6,0,0.8969243800371918,0,O=C(c1ccccc1)N1CCc2ccccc21,CC(C1CCCCC1)C1CCC2CCCCC21,False,"InChI=1S/C19H18ClNO4/c1-11-15(10-18(22)23)16-9-14(25-2)7-8-17(16)21(11)19(24)12-3-5-13(20)6-4-12/h3-9,11,15H,10H2,1-2H3,(H,22,23)/t11-,15-/m0/s1",LCUUTQDVRHCQTB-NHYWBVRUSA-N,LCUUTQDVRHCQTB,2,True,False,False,False,LCUUTQDVRHCQTB-NHYWBVRUSA-N,1,True,2
B3D_0076,bbb_control_b3db,BBBCTRL_076,p-phenylbenzoic acid,C1=CC=C(C=C1)C2=CC=C(C=C2)C(=O)O,,,,,,,,,,,,control_negative,logBB,-1.26,,,B,BBBCTRL_076,False,True,True,O=C(O)c1ccc(-c2ccccc2)cc1,1,False,0,0,False,False,无改动,198.221,198.06807956,15,37.3,37.3,3.051800000000001,58.83730000000003,1,1,2,2,2,2,0.0,2,0,0.8047468514889748,0,c1ccc(-c2ccccc2)cc1,C1CCC(C2CCCCC2)CC1,False,"InChI=1S/C13H10O2/c14-13(15)12-8-6-11(7-9-12)10-4-2-1-3-5-10/h1-9H,(H,14,15)",NNJMFJSKMRYHSR-UHFFFAOYSA-N,NNJMFJSKMRYHSR,0,True,False,False,False,NNJMFJSKMRYHSR-UHFFFAOYSA-N,1,True,2
B3D_0077,bbb_control_b3db,BBBCTRL_077,ls-190695,CN/C(=C\[N+](=O)[O-])/NCCSCC1=CC=C(O1)CN(C)C,,,,,,,,,,,,control_negative,logBB,-1.23,,,B,BBBCTRL_077,False,True,True,CN/C(=C\[N+](=O)[O-])NCCSCc1ccc(CN(C)C)o1,1,False,0,0,False,False,无改动,314.411,314.14126156399993,21,83.58,108.88,1.4589999999999999,84.40080000000003,2,7,10,10,1,1,0.5384615384615384,8,0,0.38410287831471035,0,c1ccoc1,C1CCCC1,False,"InChI=1S/C13H22N4O3S/c1-14-13(9-17(18)19)15-6-7-21-10-12-5-4-11(20-12)8-16(2)3/h4-5,9,14-15H,6-8,10H2,1-3H3/b13-9+",VMXUWOKSQNHOCA-UKTHLTGXSA-N,VMXUWOKSQNHOCA,0,False,True,False,False,VMXUWOKSQNHOCA-UKTHLTGXSA-N,1,True,3
B3D_0078,bbb_control_b3db,BBBCTRL_078,ranitidine,CN(C)CC1=CC(CSCCN/C(NC)=N/C[N+]([O-])=O)=CO1,,,,,,,,,,,,control_negative,logBB,-1.23,,,B,BBBCTRL_078,False,True,True,CN/C(=N\C[N+](=O)[O-])NCCSCc1coc(CN(C)C)c1,1,False,0,0,False,False,无改动,329.4260000000001,329.15216059600004,22,95.94,121.24,0.9736000000000005,88.61980000000004,2,6,9,11,1,1,0.6153846153846154,9,0,0.2290665317504079,0,c1ccoc1,C1CCCC1,False,"InChI=1S/C13H23N5O3S/c1-14-13(16-10-18(19)20)15-4-5-22-9-11-6-12(21-8-11)7-17(2)3/h6,8H,4-5,7,9-10H2,1-3H3,(H2,14,15,16)",SPSZZJPXYUXGMJ-UHFFFAOYSA-N,SPSZZJPXYUXGMJ,0,False,True,False,False,SPSZZJPXYUXGMJ-UHFFFAOYSA-N,1,True,3
B3D_0079,bbb_control_b3db,BBBCTRL_079,ranitidine base,CNC(=C[N+](=O)[O-])NCCSCC1=CC=C(O1)CN(C)C,,,,,,,,,,,,control_negative,logBB,-1.23,,,B,BBBCTRL_079,False,True,True,CNC(=C[N+](=O)[O-])NCCSCc1ccc(CN(C)C)o1,1,False,0,0,False,False,无改动,314.411,314.14126156399993,21,83.58,108.88,1.4589999999999999,84.40080000000003,2,7,10,10,1,1,0.5384615384615384,8,0,0.38410287831471035,0,c1ccoc1,C1CCCC1,False,"InChI=1S/C13H22N4O3S/c1-14-13(9-17(18)19)15-6-7-21-10-12-5-4-11(20-12)8-16(2)3/h4-5,9,14-15H,6-8,10H2,1-3H3",VMXUWOKSQNHOCA-UHFFFAOYSA-N,VMXUWOKSQNHOCA,0,False,True,False,False,VMXUWOKSQNHOCA-UHFFFAOYSA-N,1,True,3
B3D_0080,bbb_control_b3db,BBBCTRL_080,digoxin,C[C@@H]1[C@H]([C@H](C[C@@H](O1)O[C@@H]2[C@H](O[C@H](C[C@@H]2O)O[C@@H]3[C@H](O[C@H](C[C@@H]3O)O[C@H]4CC[C@]5([C@@H](C4)CC[C@@H]6[C@@H]5C[C@H]([C@]7([C@@]6(CCC7C8=CC(=O)OC8)O)C)O)C)C)C)O)O,,,,,,,,,,,,control_negative,logBB,-1.23,,,B,BBBCTRL_080,False,True,True,C[C@H]1O[C@@H](O[C@H]2[C@@H](O)C[C@H](O[C@H]3[C@@H](O)C[C@H](O[C@H]4CC[C@@]5(C)[C@H](CC[C@@H]6[C@@H]5C[C@@H](O)[C@]5(C)C(C7=CC(=O)OC7)CC[C@]65O)C4)O[C@@H]3C)O[C@@H]2C)C[C@H](O)[C@@H]1O,1,False,0,0,False,False,无改动,780.9490000000002,780.4296067280001,55,203.05999999999997,203.05999999999997,2.218100000000003,192.61079999999941,6,14,7,7,8,0,0.926829268292683,14,0,0.16221462387574467,3,O=C1C=C(C2CCC3C2CC[C@@H]2C4CC[C@H](O[C@H]5CC[C@H](O[C@H]6CC[C@H](O[C@H]7CCCCO7)CO6)CO5)C[C@H]4CC[C@@H]32)CO1,CC1CCC(C2CCC3C2CCC2C4CCC(CC5CCC(CC6CCC(CC7CCCCC7)CC6)CC5)CC4CCC23)C1,False,"InChI=1S/C41H64O14/c1-19-36(47)28(42)15-34(50-19)54-38-21(3)52-35(17-30(38)44)55-37-20(2)51-33(16-29(37)43)53-24-8-10-39(4)23(13-24)6-7-26-27(39)14-31(45)40(5)25(9-11-41(26,40)48)22-12-32(46)49-18-22/h12,19-21,23-31,33-38,42-45,47-48H,6-11,13-18H2,1-5H3/t19-,20-,21-,23-,24+,25?,26-,27+,28+,29+,30+,31-,33+,34+,35+,36-,37-,38-,39+,40+,41+/m1/s1",LTMHDMANZUZIPE-YUICGFAKSA-N,LTMHDMANZUZIPE,21,False,False,False,False,LTMHDMANZUZIPE-YUICGFAKSA-N,1,True,1
B3D_0081,bbb_control_b3db,BBBCTRL_081,compound 5,O=C(C(C)C)NC1=CC=C(CC(CN2C[C@H](OC)C(N3C(C=CC(C)=C4)=C4N=C3C)CC2)C5)C5=C1,,,,,,,,,,,,control_negative,logBB,-1.22,,,B,BBBCTRL_081,False,True,True,CO[C@H]1CN(CC2Cc3ccc(NC(=O)C(C)C)cc3C2)CCC1n1c(C)nc2cc(C)ccc21,1,False,0,0,False,False,无改动,474.64900000000034,474.29947645600004,35,59.39,59.39,4.924440000000004,140.90569999999988,1,4,6,7,5,3,0.5172413793103449,6,0,0.5506966322702518,0,c1ccc2c(c1)CC(CN1CCC(n3cnc4ccccc43)CC1)C2,C1CCC2CC(CC3CCC(C4CCC5CCCCC54)CC3)CC2C1,False,"InChI=1S/C29H38N4O2/c1-18(2)29(34)31-24-8-7-22-13-21(14-23(22)15-24)16-32-11-10-27(28(17-32)35-5)33-20(4)30-25-12-19(3)6-9-26(25)33/h6-9,12,15,18,21,27-28H,10-11,13-14,16-17H2,1-5H3,(H,31,34)/t21?,27?,28-/m0/s1",LZBZURMZSQMQEB-HXFCYZAXSA-N,LZBZURMZSQMQEB,3,False,True,False,False,LZBZURMZSQMQEB-HXFCYZAXSA-N,1,True,2
B3D_0082,bbb_control_b3db,BBBCTRL_082,ftc; emtricitabine,C1[C@H](O[C@H](S1)CO)N2C=C(C(=NC2=O)N)F,,,,,,,,,,,,control_negative,logBB,-1.22,,,B,BBBCTRL_082,False,True,True,Nc1nc(=O)n([C@@H]2CS[C@H](CO)O2)cc1F,1,False,0,0,False,False,无改动,247.25099999999998,247.0426904,16,90.37,115.67,-0.4550000000000003,56.32120000000001,2,6,2,2,2,1,0.5,8,0,0.7349748054075844,0,O=c1ncccn1[C@@H]1CSCO1,CC1CCCCC1C1CCCC1,False,"InChI=1S/C8H10FN3O3S/c9-4-1-12(8(14)11-7(4)10)5-3-16-6(2-13)15-5/h1,5-6,13H,2-3H2,(H2,10,11,14)/t5-,6+/m0/s1",XQSPYNMVSIKCOC-NTSWFWBYSA-N,XQSPYNMVSIKCOC,2,False,False,False,False,XQSPYNMVSIKCOC-NTSWFWBYSA-N,1,True,1
B3D_0083,bbb_control_b3db,BBBCTRL_083,bufotenine,CN(C)CCC1=CNC2=C1C=C(C=C2)O,,,,,,,,,,,,control_negative,logBB,-1.19,,,B,BBBCTRL_083,False,True,True,CN(C)CCc1c[nH]c2ccc(O)cc12,1,False,0,0,False,False,无改动,204.273,204.126263132,15,39.260000000000005,39.260000000000005,1.9776,62.22150000000003,2,2,3,3,2,2,0.3333333333333333,3,0,0.8020662375938549,0,c1ccc2[nH]ccc2c1,C1CCC2CCCC2C1,False,"InChI=1S/C12H16N2O/c1-14(2)6-5-9-8-13-12-4-3-10(15)7-11(9)12/h3-4,7-8,13,15H,5-6H2,1-2H3",VTTONGPRPXSUTJ-UHFFFAOYSA-N,VTTONGPRPXSUTJ,0,False,True,False,False,VTTONGPRPXSUTJ-UHFFFAOYSA-N,1,True,2
B3D_0084,bbb_control_b3db,BBBCTRL_084,y-g12 (bbcpd10),CN(C)C1=[NH+]C=CC(=C1)C2=N[NH]C(=N2)N,,,,,,,,,,,,control_negative,logBB,-1.17,,,B,BBBCTRL_084,False,True,True,CN(C)c1cc(-c2n[nH]c(N)n2)ccn1,1,False,1,0,True,True,中性化：1 → 0,204.237,204.11234438399998,15,83.72,83.72,0.5148999999999999,58.35310000000001,2,5,2,2,2,2,0.2222222222222222,6,0,0.7444284488068044,0,c1cc(-c2nc[nH]n2)ccn1,C1CCC(C2CCCC2)CC1,False,"InChI=1S/C9H12N6/c1-15(2)7-5-6(3-4-11-7)8-12-9(10)14-13-8/h3-5H,1-2H3,(H3,10,12,13,14)",LJSSPQRYKZTFBZ-UHFFFAOYSA-N,LJSSPQRYKZTFBZ,0,False,False,False,False,LJSSPQRYKZTFBZ-UHFFFAOYSA-N,1,True,1
B3D_0085,bbb_control_b3db,BBBCTRL_085,72801-60-6,C1=CC(=CC(=C1)N)C2=CSC(=N2)N=C(N)N,,,,,,,,,,,,control_negative,logBB,-1.15,,,B,BBBCTRL_085,False,True,True,NC(N)=Nc1nc(-c2cccc(N)c2)cs1,1,False,0,0,False,False,无改动,233.3,233.07351635199998,16,103.31,131.55,1.2972,67.43220000000001,3,4,2,2,2,2,0.0,6,0,0.4128743875154925,0,c1ccc(-c2cscn2)cc1,C1CCC(C2CCCC2)CC1,False,"InChI=1S/C10H11N5S/c11-7-3-1-2-6(4-7)8-5-16-10(14-8)15-9(12)13/h1-5H,11H2,(H4,12,13,14,15)",QDNHJPYZKZDMNJ-UHFFFAOYSA-N,QDNHJPYZKZDMNJ,0,False,True,False,False,QDNHJPYZKZDMNJ-UHFFFAOYSA-N,1,True,3
B3D_0086,bbb_control_b3db,BBBCTRL_086,chembl1950329,CCOC1=CN=C(C=C1)CC2=NC3=C(N2CC4CCCCC4)C=CC(=C3)N(C)S(=O)(=O)C5=CC=CS5,,,,,,,,,,,,control_negative,logBB,-1.15,,,B,BBBCTRL_086,False,True,True,CCOc1ccc(Cc2nc3cc(N(C)S(=O)(=O)c4cccs4)ccc3n2CC2CCCCC2)nc1,1,False,0,0,False,False,无改动,524.7120000000003,524.191582884,36,77.32000000000001,113.93999999999998,5.887700000000006,144.42779999999985,0,6,9,9,5,4,0.4074074074074074,9,0,0.27293244526457255,2,O=S(=O)(Nc1ccc2c(c1)nc(Cc1ccccn1)n2CC1CCCCC1)c1cccs1,CC(C)(CC1CCC2C(C1)CC(CC1CCCCC1)C2CC1CCCCC1)C1CCCC1,False,"InChI=1S/C27H32N4O3S2/c1-3-34-23-13-11-21(28-18-23)16-26-29-24-17-22(30(2)36(32,33)27-10-7-15-35-27)12-14-25(24)31(26)19-20-8-5-4-6-9-20/h7,10-15,17-18,20H,3-6,8-9,16,19H2,1-2H3",YIEVWZCZMDYKQH-UHFFFAOYSA-N,YIEVWZCZMDYKQH,0,False,False,True,False,YIEVWZCZMDYKQH-UHFFFAOYSA-N,1,True,1
B3D_0087,bbb_control_b3db,BBBCTRL_087,az599,CCS(=O)(=O)N1C2=C(CN(CC2)C3CCOCC3)C4=C1C=CC(=C4)C(=O)N5CCC(CC5)C,,,,,,,,,,,,control_negative,logBB,-1.15,,,B,BBBCTRL_087,False,True,True,CCS(=O)(=O)n1c2c(c3cc(C(=O)N4CCC(C)CC4)ccc31)CN(C1CCOCC1)CC2,1,False,0,0,False,False,无改动,473.63900000000046,473.2348276,33,71.85000000000001,80.23,3.248300000000002,129.05330000000006,0,5,4,5,5,2,0.64,8,0,0.681759046237307,0,O=C(c1ccc2[nH]c3c(c2c1)CN(C1CCOCC1)CC3)N1CCCCC1,CC(C1CCCCC1)C1CCC2CC3CCC(C4CCCCC4)CC3C2C1,False,"InChI=1S/C25H35N3O4S/c1-3-33(30,31)28-23-5-4-19(25(29)26-11-6-18(2)7-12-26)16-21(23)22-17-27(13-8-24(22)28)20-9-14-32-15-10-20/h4-5,16,18,20H,3,6-15,17H2,1-2H3",UCMNIYFDRVBMFV-UHFFFAOYSA-N,UCMNIYFDRVBMFV,0,False,True,False,False,UCMNIYFDRVBMFV-UHFFFAOYSA-N,1,True,1
B3D_0088,bbb_control_b3db,BBBCTRL_088,miltefosine,CCCCCCCCCCCCCCCCOP(=O)([O-])OCC[N+](C)(C)C,,,,,,,,,,,,control_negative,logBB,-1.14,,,B,BBBCTRL_088,False,True,True,CCCCCCCCCCCCCCCCOP(=O)([O-])OCC[N+](C)(C)C,1,False,0,0,False,False,无改动,407.57600000000014,407.316445582,27,58.59,68.4,5.675500000000006,112.7219000000001,0,4,20,20,0,0,1.0,6,0,0.148054699506973,1,,,True,"InChI=1S/C21H46NO4P/c1-5-6-7-8-9-10-11-12-13-14-15-16-17-18-20-25-27(23,24)26-21-19-22(2,3)4/h5-21H2,1-4H3",PQLXHQMOHUQAKB-UHFFFAOYSA-N,PQLXHQMOHUQAKB,1,False,False,False,False,PQLXHQMOHUQAKB-UHFFFAOYSA-N,1,True,5
B3D_0089,bbb_control_b3db,BBBCTRL_089,bbcpd17,CN(C)Cc1ccc(o1)SCCNc2c(N(=O)=O)cc[nH]2,,,,,,,,,,,,control_negative,logBB,-1.12,,,B,BBBCTRL_089,False,True,True,CN(C)Cc1ccc(SCCNc2[nH]ccc2[N+](=O)[O-])o1,1,False,0,0,False,False,无改动,310.379,310.10996143599994,21,87.34,112.64,2.7817,82.75980000000003,2,6,8,8,2,2,0.38461538461538464,8,0,0.33727966749431637,0,c1c[nH]c(NCCSc2ccco2)c1,C1CCC(CCCCC2CCCC2)C1,False,"InChI=1S/C13H18N4O3S/c1-16(2)9-10-3-4-12(20-10)21-8-7-15-13-11(17(18)19)5-6-14-13/h3-6,14-15H,7-9H2,1-2H3",OTGBLKZZZHLTFF-UHFFFAOYSA-N,OTGBLKZZZHLTFF,0,False,True,False,False,OTGBLKZZZHLTFF-UHFFFAOYSA-N,1,True,1
B3D_0090,bbb_control_b3db,BBBCTRL_090,sulpiride,CCN1CCCC1CNC(=O)C2=C(C=CC(=C2)S(=O)(=O)N)OC,,,,,,,,,,,,control_negative,logBB,-1.11,,,B,BBBCTRL_090,False,True,True,CCN1CCCC1CNC(=O)c1cc(S(N)(=O)=O)ccc1OC,1,False,0,0,False,False,无改动,341.4330000000001,341.140927216,23,101.73,110.11,0.5567000000000012,86.96940000000005,2,5,6,7,2,1,0.5333333333333333,8,0,0.7869434425499668,0,O=C(NCC1CCCN1)c1ccccc1,CC(CCC1CCCC1)C1CCCCC1,False,"InChI=1S/C15H23N3O4S/c1-3-18-8-4-5-11(18)10-17-15(19)13-9-12(23(16,20)21)6-7-14(13)22-2/h6-7,9,11H,3-5,8,10H2,1-2H3,(H,17,19)(H2,16,20,21)",BGRJTUBHPOOWDU-UHFFFAOYSA-N,BGRJTUBHPOOWDU,1,False,True,True,False,BGRJTUBHPOOWDU-UHFFFAOYSA-N,1,True,1
B3D_0091,bbb_control_b3db,BBBCTRL_091,bromocriptine,CC(C)CC1C(=O)N2CCCC2C3(N1C(=O)C(O3)(C(C)C)NC(=O)C4CN(C5CC6=C(NC7=CC=CC(=C67)C5=C4)Br)C)O,,,,,,,,,,,,control_negative,logBB,-1.1,,,B,BBBCTRL_091,False,True,True,CC(C)CC1C(=O)N2CCCC2C2(O)OC(NC(=O)C3C=C4c5cccc6[nH]c(Br)c(c56)CC4N(C)C3)(C(C)C)C(=O)N12,1,False,0,0,False,False,无改动,654.6059999999999,653.2212814800001,43,118.21,118.21,3.192800000000001,164.15819999999968,3,6,5,6,7,2,0.59375,11,0,0.45632722461101194,1,O=C(NC1OC2C3CCCN3C(=O)CN2C1=O)C1C=C2c3cccc4[nH]cc(c34)CC2NC1,CC(CC1CC2C(CC(C)C3CCCC32)C1C)C1CCC2CC3CCC4CCCC(C2C1)C43,False,"InChI=1S/C32H40BrN5O5/c1-16(2)12-24-29(40)37-11-7-10-25(37)32(42)38(24)30(41)31(43-32,17(3)4)35-28(39)18-13-20-19-8-6-9-22-26(19)21(27(33)34-22)14-23(20)36(5)15-18/h6,8-9,13,16-18,23-25,34,42H,7,10-12,14-15H2,1-5H3,(H,35,39)",OZVBMTJYIDMWIL-UHFFFAOYSA-N,OZVBMTJYIDMWIL,6,False,True,False,False,OZVBMTJYIDMWIL-UHFFFAOYSA-N,1,True,1
B3D_0092,bbb_control_b3db,BBBCTRL_092,bromocriptine,CC(C)C[C@H]1C(=O)N2CCC[C@H]2[C@]3(N1C(=O)[C@](O3)(C(C)C)NC(=O)[C@H]4CN([C@@H]5CC6=C(NC7=CC=CC(=C67)C5=C4)Br)C)O,,,,,,,,,,,,control_negative,logBB,-1.1,,,B,BBBCTRL_092,False,True,True,CC(C)C[C@H]1C(=O)N2CCC[C@H]2[C@]2(O)O[C@](NC(=O)[C@@H]3C=C4c5cccc6[nH]c(Br)c(c56)C[C@H]4N(C)C3)(C(C)C)C(=O)N12,1,False,0,0,False,False,无改动,654.6059999999999,653.2212814800001,43,118.21,118.21,3.192800000000001,164.15819999999968,3,6,5,6,7,2,0.59375,11,0,0.45632722461101194,1,O=C(NC1OC2[C@@H]3CCCN3C(=O)CN2C1=O)[C@@H]1C=C2c3cccc4[nH]cc(c34)C[C@H]2NC1,CC(CC1CC2C(CC(C)C3CCCC32)C1C)C1CCC2CC3CCC4CCCC(C2C1)C43,False,"InChI=1S/C32H40BrN5O5/c1-16(2)12-24-29(40)37-11-7-10-25(37)32(42)38(24)30(41)31(43-32,17(3)4)35-28(39)18-13-20-19-8-6-9-22-26(19)21(27(33)34-22)14-23(20)36(5)15-18/h6,8-9,13,16-18,23-25,34,42H,7,10-12,14-15H2,1-5H3,(H,35,39)/t18-,23-,24+,25+,31-,32+/m1/s1",OZVBMTJYIDMWIL-AYFBDAFISA-N,OZVBMTJYIDMWIL,6,False,True,False,False,OZVBMTJYIDMWIL-AYFBDAFISA-N,1,True,1
B3D_0093,bbb_control_b3db,BBBCTRL_093,ergotamine,c1ccccc1CC(C(=O)N(C2C34O)CCC2)N3C(=O)C(O4)(C)NC(=O)C(C5)CN(C)C(C6)C5C7=CC=CC8NC=CC6=C78,,,,,,,,,,,,control_negative,logBB,-1.1,,,B,BBBCTRL_093,False,True,True,CN1CC(C(=O)NC2(C)OC3(O)C4CCCN4C(=O)C(Cc4ccccc4)N3C2=O)CC2C3=CC=CC4NC=CC(=C34)CC21,1,False,0,0,False,False,无改动,597.7160000000001,597.2951193480001,44,114.45000000000002,114.45000000000002,1.5581000000000023,161.0421999999997,3,7,4,5,8,1,0.5,10,0,0.4829188633354167,1,O=C(NC1OC2C3CCCN3C(=O)C(Cc3ccccc3)N2C1=O)C1CNC2CC3=C4C(=CC=CC4NC=C3)C2C1,CC(CC1CC2C3CCCC3C(C)C(CC3CCCCC3)C2C1C)C1CCC2CC3CCCC4CCCC(C2C1)C43,False,"InChI=1S/C34H39N5O5/c1-33(32(42)39-27(16-20-8-4-3-5-9-20)31(41)38-15-7-12-28(38)34(39,43)44-33)36-30(40)22-17-24-23-10-6-11-25-29(23)21(13-14-35-25)18-26(24)37(2)19-22/h3-6,8-11,13-14,22,24-28,35,43H,7,12,15-19H2,1-2H3,(H,36,40)",XTQJOPSMZPNESC-UHFFFAOYSA-N,XTQJOPSMZPNESC,8,False,True,False,False,XTQJOPSMZPNESC-UHFFFAOYSA-N,1,True,1
B3D_0094,bbb_control_b3db,BBBCTRL_094,lupitidine (y-g5; skf93479),CC1=NC=C(C=C1)CC2=CN=C(NC2=O)NCCSCC3=CC=C(O3)CN(C)C,,,,,,,,,,,,control_negative,logBB,-1.1,,,B,BBBCTRL_094,False,True,True,Cc1ccc(Cc2cnc(NCCSCc3ccc(CN(C)C)o3)[nH]c2=O)cn1,1,False,0,0,False,False,无改动,413.5470000000002,413.188546104,29,87.05,112.34999999999998,3.064020000000001,117.38840000000005,2,7,10,10,3,3,0.38095238095238093,8,0,0.49402416825702344,0,O=c1[nH]c(NCCSCc2ccco2)ncc1Cc1cccnc1,CC1CC(CCCCCC2CCCC2)CCC1CC1CCCCC1,False,"InChI=1S/C21H27N5O2S/c1-15-4-5-16(11-23-15)10-17-12-24-21(25-20(17)27)22-8-9-29-14-19-7-6-18(28-19)13-26(2)3/h4-7,11-12H,8-10,13-14H2,1-3H3,(H2,22,24,25,27)",IKEHSFKMCULMKJ-UHFFFAOYSA-N,IKEHSFKMCULMKJ,0,False,True,False,False,IKEHSFKMCULMKJ-UHFFFAOYSA-N,1,True,1
B3D_0095,bbb_control_b3db,BBBCTRL_095,phenylbutazone,CCCCC1C(=O)N(N(C1=O)C2=CC=CC=C2)C3=CC=CC=C3,,,,,,,,,,,,control_positive,logBB,-0.5,,,B,BBBCTRL_095,False,True,True,CCCCC1C(=O)N(c2ccccc2)N(c2ccccc2)C1=O,1,False,0,0,False,False,无改动,308.3810000000001,308.15247787999994,23,40.620000000000005,40.620000000000005,3.7878000000000025,90.87100000000005,0,2,5,5,3,2,0.2631578947368421,4,0,0.7885515763199019,0,O=C1CC(=O)N(c2ccccc2)N1c1ccccc1,CC1CC(C)C(C2CCCCC2)C1C1CCCCC1,False,"InChI=1S/C19H20N2O2/c1-2-3-14-17-18(22)20(15-10-6-4-7-11-15)21(19(17)23)16-12-8-5-9-13-16/h4-13,17H,2-3,14H2,1H3",VYMDGNCVAMGZFE-UHFFFAOYSA-N,VYMDGNCVAMGZFE,0,False,False,False,False,VYMDGNCVAMGZFE-UHFFFAOYSA-N,1,True,1
B3D_0096,bbb_control_b3db,BBBCTRL_096,gefitinib,COC1=C(C=C2C(=C1)N=CN=C2NC3=CC(=C(C=C3)F)Cl)OCCCN4CCOCC4,,,,,,,,,,,,control_positive,logBB,-0.5,,,B,BBBCTRL_096,False,True,True,COc1cc2ncnc(Nc3ccc(F)c(Cl)c3)c2cc1OCCCN1CCOCC1,1,False,0,0,False,False,无改动,446.9100000000004,446.15209652799996,31,68.74000000000001,68.74000000000001,4.275600000000003,118.15370000000003,1,7,8,8,4,3,0.36363636363636365,9,0,0.517854527865434,0,c1ccc(Nc2ncnc3ccc(OCCCN4CCOCC4)cc23)cc1,C1CCC(CCCCC2CCC3CCCC(CC4CCCCC4)C3C2)CC1,False,"InChI=1S/C22H24ClFN4O3/c1-29-20-13-19-16(12-21(20)31-8-2-5-28-6-9-30-10-7-28)22(26-14-25-19)27-15-3-4-18(24)17(23)11-15/h3-4,11-14H,2,5-10H2,1H3,(H,25,26,27)",XGALLCVXEZPNRQ-UHFFFAOYSA-N,XGALLCVXEZPNRQ,0,False,True,False,False,XGALLCVXEZPNRQ-UHFFFAOYSA-N,1,True,1
B3D_0097,bbb_control_b3db,BBBCTRL_097,11-cis retinoic acid,CC1=C(C(CCC1)(C)C)C=CC(=CC=CC(=CC(=O)O)C)C,,,,,,,,,,,,control_positive,logBB,-0.49,,,B,BBBCTRL_097,False,True,True,CC(C=CC1=C(C)CCCC1(C)C)=CC=CC(C)=CC(=O)O,1,False,0,0,False,False,无改动,300.44200000000006,300.208930136,22,37.3,37.3,5.602600000000005,93.76180000000005,1,1,5,5,1,0,0.45,2,0,0.5295731957656133,1,C1=CCCCC1,C1CCCCC1,False,"InChI=1S/C20H28O2/c1-15(8-6-9-16(2)14-19(21)22)11-12-18-17(3)10-7-13-20(18,4)5/h6,8-9,11-12,14H,7,10,13H2,1-5H3,(H,21,22)",SHGAZHPCJJPHSC-UHFFFAOYSA-N,SHGAZHPCJJPHSC,0,True,False,False,False,SHGAZHPCJJPHSC-UHFFFAOYSA-N,1,True,2
B3D_0098,bbb_control_b3db,BBBCTRL_098,stavudine,CC1=CN(C(=O)NC1=O)C2C=CC(O2)CO,,,,,,,,,,,,control_positive,logBB,-0.48,,,B,BBBCTRL_098,False,True,True,Cc1cn(C2C=CC(CO)O2)c(=O)[nH]c1=O,1,False,0,0,False,False,无改动,224.21599999999998,224.079706864,16,84.32,84.32,-0.7090799999999999,56.19550000000001,2,4,2,2,2,1,0.4,6,0,0.6498890462135971,0,O=c1ccn(C2C=CCO2)c(=O)[nH]1,CC1CCC(C2CCCC2)C(C)C1,False,"InChI=1S/C10H12N2O4/c1-6-4-12(10(15)11-9(6)14)8-3-2-7(5-13)16-8/h2-4,7-8,13H,5H2,1H3,(H,11,14,15)",XNKLLVCARDGLGL-UHFFFAOYSA-N,XNKLLVCARDGLGL,2,False,False,False,False,XNKLLVCARDGLGL-UHFFFAOYSA-N,1,True,1
B3D_0099,bbb_control_b3db,BBBCTRL_099,phenothiazine,CN(C)CCCN1C2=CC=CC=C2S(=O)C3=CC=CC=C31,,,,,,,,,,,,control_positive,logBB,-0.48,,,B,BBBCTRL_099,False,True,True,CN(C)CCCN1c2ccccc2[S+]([O-])c2ccccc21,1,False,0,0,False,True,Cleanup 归一化（未去盐、未改电荷）,300.427,300.12963426,21,29.54,29.54,3.2565000000000017,87.73540000000006,0,3,4,4,3,2,0.29411764705882354,4,0,0.8117981761978087,0,c1ccc2c(c1)Nc1ccccc1[SH+]2,C1CCC2CC3CCCCC3CC2C1,False,"InChI=1S/C17H20N2OS/c1-18(2)12-7-13-19-14-8-3-5-10-16(14)21(20)17-11-6-4-9-15(17)19/h3-6,8-11H,7,12-13H2,1-2H3",KSHDHDWHIWBNHA-UHFFFAOYSA-N,KSHDHDWHIWBNHA,0,False,True,False,False,KSHDHDWHIWBNHA-UHFFFAOYSA-N,1,True,1
B3D_0100,bbb_control_b3db,BBBCTRL_100,chembl385336,CCC1=CC=C(C=C1)N2C=NC3=C(C2=O)SC4=NC=CC(=C34)N(C)C,,,,,,,,,,,,control_positive,logBB,-0.47,,,B,BBBCTRL_100,False,True,True,CCc1ccc(-n2cnc3c(sc4nccc(N(C)C)c43)c2=O)cc1,1,False,0,0,False,False,无改动,350.4470000000001,350.120132196,25,51.02,79.26,3.623800000000002,104.22300000000006,0,5,3,3,4,4,0.21052631578947367,6,0,0.5661592540179787,0,O=c1c2sc3ncccc3c2ncn1-c1ccccc1,CC1C(C2CCCCC2)CCC2C3CCCCC3CC12,False,"InChI=1S/C19H18N4OS/c1-4-12-5-7-13(8-6-12)23-11-21-16-15-14(22(2)3)9-10-20-18(15)25-17(16)19(23)24/h5-11H,4H2,1-3H3",VCUKKMIXURRDKL-UHFFFAOYSA-N,VCUKKMIXURRDKL,0,False,False,False,False,VCUKKMIXURRDKL-UHFFFAOYSA-N,1,True,1
B3D_0101,bbb_control_b3db,BBBCTRL_101,temozolomide,CN1C(=O)N2C=NC(=C2N=N1)C(=O)N,,,,,,,,,,,,control_positive,logBB,-0.47,,,B,BBBCTRL_101,False,True,True,Cn1nnc2c(C(N)=O)ncn2c1=O,1,False,0,0,False,False,无改动,194.154,194.055223432,14,108.17000000000002,108.17000000000002,-2.078099999999999,44.5409,1,5,1,1,2,2,0.16666666666666666,8,0,0.5601191738811692,0,O=c1[nH]nnc2cncn12,CC1CCCC2CCCC12,False,"InChI=1S/C6H6N6O2/c1-11-6(14)12-2-8-3(4(7)13)5(12)9-10-11/h2H,1H3,(H2,7,13)",BPEGJWRSRHCHSN-UHFFFAOYSA-N,BPEGJWRSRHCHSN,0,False,False,False,False,BPEGJWRSRHCHSN-UHFFFAOYSA-N,1,True,1
B3D_0102,bbb_control_b3db,BBBCTRL_102,chembl148058,C1CN(CCC1S(=O)(=O)C2=CC=C(C=C2)C(=O)N)CCC3=C(C=C(C=C3)F)F,,,,,,,,,,,,control_positive,logBB,-0.47,,,B,BBBCTRL_102,False,True,True,NC(=O)c1ccc(S(=O)(=O)C2CCN(CCc3ccc(F)cc3F)CC2)cc1,1,False,0,0,False,False,无改动,408.47,408.131920004,28,80.47,88.85000000000001,2.544500000000001,101.66970000000003,1,4,6,6,3,2,0.35,8,0,0.7966439615660384,0,O=S(=O)(c1ccccc1)C1CCN(CCc2ccccc2)CC1,CC(C)(C1CCCCC1)C1CCC(CCC2CCCCC2)CC1,False,"InChI=1S/C20H22F2N2O3S/c21-16-4-1-14(19(22)13-16)7-10-24-11-8-18(9-12-24)28(26,27)17-5-2-15(3-6-17)20(23)25/h1-6,13,18H,7-12H2,(H2,23,25)",BYFGXTUYWNOQIF-UHFFFAOYSA-N,BYFGXTUYWNOQIF,0,False,True,False,False,BYFGXTUYWNOQIF-UHFFFAOYSA-N,1,True,2
B3D_0103,bbb_control_b3db,BBBCTRL_103,skb30 (npropylacetamide33npiperidinylmethylphenoxy),CC(=O)NCCCOC1=CC=CC(=C1)CN2CCCCC2,,,,,,,,,,,,control_positive,logBB,-0.46,,,B,BBBCTRL_103,False,True,True,CC(=O)NCCCOc1cccc(CN2CCCCC2)c1,1,False,0,0,False,False,无改动,290.40700000000004,290.199428072,21,41.57,41.57,2.5775000000000006,84.36570000000005,1,3,7,8,2,1,0.5882352941176471,4,0,0.7848096466604593,0,c1ccc(CN2CCCCC2)cc1,C1CCC(CC2CCCCC2)CC1,False,"InChI=1S/C17H26N2O2/c1-15(20)18-9-6-12-21-17-8-5-7-16(13-17)14-19-10-3-2-4-11-19/h5,7-8,13H,2-4,6,9-12,14H2,1H3,(H,18,20)",FAXLXLJWHQJMPK-UHFFFAOYSA-N,FAXLXLJWHQJMPK,0,False,True,False,False,FAXLXLJWHQJMPK-UHFFFAOYSA-N,1,True,2
B3D_0104,bbb_control_b3db,BBBCTRL_104,chembl239975,C1CCN(CC1)CCCOC2=CC=C(C=C2)N3CCN(CC3=O)C(=O)C4=CC=C(C=C4)F,,,,,,,,,,,,control_positive,logBB,-0.46,,,B,BBBCTRL_104,False,True,True,O=C(c1ccc(F)cc1)N1CCN(c2ccc(OCCCN3CCCCC3)cc2)C(=O)C1,1,False,0,0,False,False,无改动,439.5310000000004,439.22712004,32,53.09,53.09,3.5695000000000023,121.50150000000006,0,4,7,8,4,2,0.44,7,0,0.6192785998525054,0,O=C(c1ccccc1)N1CCN(c2ccc(OCCCN3CCCCC3)cc2)C(=O)C1,CC1CC(C(C)C2CCCCC2)CCC1C1CCC(CCCCC2CCCCC2)CC1,False,"InChI=1S/C25H30FN3O3/c26-21-7-5-20(6-8-21)25(31)28-16-17-29(24(30)19-28)22-9-11-23(12-10-22)32-18-4-15-27-13-2-1-3-14-27/h5-12H,1-4,13-19H2",GXILWBIQFGWJQN-UHFFFAOYSA-N,GXILWBIQFGWJQN,0,False,True,False,False,GXILWBIQFGWJQN-UHFFFAOYSA-N,1,True,1
B3D_0105,bbb_control_b3db,BBBCTRL_105,flesinoxan,C1CN(CCN1CCNC(=O)C2=CC=C(C=C2)F)C3=C4C(=CC=C3)OC(CO4)CO,,,,,,,,,,,,control_positive,logBB,-0.45,,,B,BBBCTRL_105,False,True,True,O=C(NCCN1CCN(c2cccc3c2OCC(CO)O3)CC1)c1ccc(F)cc1,1,False,0,0,False,False,无改动,415.4650000000002,415.19073453199996,30,74.27000000000001,74.27000000000001,1.5097999999999998,110.82500000000003,2,6,6,7,4,2,0.4090909090909091,8,0,0.7452628517606497,0,O=C(NCCN1CCN(c2cccc3c2OCCO3)CC1)c1ccccc1,CC(CCCC1CCC(C2CCCC3CCCCC32)CC1)C1CCCCC1,False,"InChI=1S/C22H26FN3O4/c23-17-6-4-16(5-7-17)22(28)24-8-9-25-10-12-26(13-11-25)19-2-1-3-20-21(19)29-15-18(14-27)30-20/h1-7,18,27H,8-15H2,(H,24,28)",NYSDRDDQELAVKP-UHFFFAOYSA-N,NYSDRDDQELAVKP,1,False,True,False,False,NYSDRDDQELAVKP-UHFFFAOYSA-N,1,True,2
B3D_0106,bbb_control_b3db,BBBCTRL_106,flesinoxan,C1CN(CCN1CCNC(=O)C2=CC=C(C=C2)F)C3=C4C(=CC=C3)O[C@H](CO4)CO,,,,,,,,,,,,control_positive,logBB,-0.45,,,B,BBBCTRL_106,False,True,True,O=C(NCCN1CCN(c2cccc3c2OC[C@H](CO)O3)CC1)c1ccc(F)cc1,1,False,0,0,False,False,无改动,415.4650000000002,415.19073453199996,30,74.27000000000001,74.27000000000001,1.5097999999999998,110.82500000000003,2,6,6,7,4,2,0.4090909090909091,8,0,0.7452628517606497,0,O=C(NCCN1CCN(c2cccc3c2OCCO3)CC1)c1ccccc1,CC(CCCC1CCC(C2CCCC3CCCCC32)CC1)C1CCCCC1,False,"InChI=1S/C22H26FN3O4/c23-17-6-4-16(5-7-17)22(28)24-8-9-25-10-12-26(13-11-25)19-2-1-3-20-21(19)29-15-18(14-27)30-20/h1-7,18,27H,8-15H2,(H,24,28)/t18-/m0/s1",NYSDRDDQELAVKP-SFHVURJKSA-N,NYSDRDDQELAVKP,1,False,True,False,False,NYSDRDDQELAVKP-SFHVURJKSA-N,1,True,2
B3D_0107,bbb_control_b3db,BBBCTRL_107,,CCCN(CCC)CCc(c1)cc(O)c(c12)NC(=O)C2,,,,,,,,,,,,control_positive,logBB,-0.43,,,B,BBBCTRL_107,False,True,True,CCCN(CCC)CCc1cc(O)c2c(c1)CC(=O)N2,1,False,0,0,False,False,无改动,276.37999999999994,276.183778008,20,52.57,52.57,2.5513000000000003,81.16650000000004,2,3,7,7,2,1,0.5625,4,0,0.7525306207829541,0,O=C1Cc2ccccc2N1,CC1CC2CCCCC2C1,False,"InChI=1S/C16H24N2O2/c1-3-6-18(7-4-2)8-5-12-9-13-11-15(20)17-16(13)14(19)10-12/h9-10,19H,3-8,11H2,1-2H3,(H,17,20)",FQDZXGPOHMPKKA-UHFFFAOYSA-N,FQDZXGPOHMPKKA,0,False,True,False,False,FQDZXGPOHMPKKA-UHFFFAOYSA-N,1,True,2
B3D_0108,bbb_control_b3db,BBBCTRL_108,fleroxacin,CN1CCN(CC1)C2=C(C=C3C(=C2F)N(C=C(C3=O)C(=O)O)CCF)F,,,,,,,,,,,,control_positive,logBB,-0.43,,,B,BBBCTRL_108,False,True,True,CN1CCN(c2c(F)cc3c(=O)c(C(=O)O)cn(CCF)c3c2F)CC1,1,False,0,0,False,False,无改动,369.3430000000002,369.130026096,26,65.78,65.78,1.6991999999999998,90.76830000000005,1,4,4,4,3,2,0.4117647058823529,9,0,0.8887969358156733,0,O=c1cc[nH]c2cc(N3CCNCC3)ccc12,CC1CCCC2CC(C3CCCCC3)CCC12,False,"InChI=1S/C17H18F3N3O3/c1-21-4-6-22(7-5-21)15-12(19)8-10-14(13(15)20)23(3-2-18)9-11(16(10)24)17(25)26/h8-9H,2-7H2,1H3,(H,25,26)",XBJBPGROQZJDOJ-UHFFFAOYSA-N,XBJBPGROQZJDOJ,0,True,True,False,False,XBJBPGROQZJDOJ-UHFFFAOYSA-N,1,True,3
B3D_0109,bbb_control_b3db,BBBCTRL_109,cycloleucine,C1CCC(C1)(C(=O)O)N,,,,,,,,,,,,control_positive,logBB,-0.43,,,B,BBBCTRL_109,False,True,True,NC1(C(=O)O)CCCC1,1,False,0,0,False,False,无改动,129.159,129.078978592,9,63.32000000000001,63.32000000000001,0.34249999999999936,33.02219999999999,2,2,1,1,1,0,0.8333333333333334,3,0,0.5363410307840555,0,C1CCCC1,C1CCCC1,False,"InChI=1S/C6H11NO2/c7-6(5(8)9)3-1-2-4-6/h1-4,7H2,(H,8,9)",NILQLFBWTXNUOE-UHFFFAOYSA-N,NILQLFBWTXNUOE,0,True,True,False,False,NILQLFBWTXNUOE-UHFFFAOYSA-N,1,True,2
B3D_0110,bbb_control_b3db,BBBCTRL_110,dibudipine,CC1=C(C(C(=C(N1)C)C(=O)OC(C)(C)C)C2=CC(=CC=C2)[N+](=O)[O-])C(=O)OC(C)(C)C,,,,,,,,,,,,control_positive,logBB,-0.42,,,B,BBBCTRL_110,False,True,True,CC1=C(C(=O)OC(C)(C)C)C(c2cccc([N+](=O)[O-])c2)C(C(=O)OC(C)(C)C)=C(C)N1,1,False,0,0,False,False,无改动,430.50100000000026,430.21038667999994,31,107.77,107.77,4.5130000000000035,116.06310000000005,1,7,4,8,2,1,0.4782608695652174,8,0,0.42514220521569834,0,C1=CC(c2ccccc2)C=CN1,C1CCC(C2CCCCC2)CC1,False,"InChI=1S/C23H30N2O6/c1-13-17(20(26)30-22(3,4)5)19(15-10-9-11-16(12-15)25(28)29)18(14(2)24-13)21(27)31-23(6,7)8/h9-12,19,24H,1-8H3",WLWXEUYUQXEKTI-UHFFFAOYSA-N,WLWXEUYUQXEKTI,0,False,True,False,False,WLWXEUYUQXEKTI-UHFFFAOYSA-N,1,True,2
B3D_0111,bbb_control_b3db,BBBCTRL_111,topotecan,CC[C@@]1(C2=C(COC1=O)C(=O)N3CC4=CC5=C(C=CC(=C5CN(C)C)O)N=C4C3=C2)O,,,,,,,,,,,,control_positive,logBB,-0.42,,,B,BBBCTRL_111,False,True,True,CC[C@@]1(O)C(=O)OCc2c1cc1n(c2=O)Cc2cc3c(CN(C)C)c(O)ccc3nc2-1,1,False,0,0,False,False,无改动,421.4530000000002,421.163770836,31,104.89,104.89,1.8468000000000002,113.58060000000002,2,7,3,3,5,3,0.34782608695652173,8,0,0.4865420212105028,0,O=C1Cc2cc3n(c(=O)c2CO1)Cc1cc2ccccc2nc1-3,CC1CCC2C(C1)CC1C3CC4CCCCC4CC3CC1C2C,False,"InChI=1S/C23H23N3O5/c1-4-23(30)16-8-18-20-12(9-26(18)21(28)15(16)11-31-22(23)29)7-13-14(10-25(2)3)19(27)6-5-17(13)24-20/h5-8,27,30H,4,9-11H2,1-3H3/t23-/m0/s1",UCFGDBYHRUNTLO-QHCPKHFHSA-N,UCFGDBYHRUNTLO,1,False,True,False,False,UCFGDBYHRUNTLO-QHCPKHFHSA-N,1,True,2
B3D_0112,bbb_control_b3db,BBBCTRL_112,topotecan,O=C1N2C(c3nc4cc(O)c(CN(C)C)cc4cc3C2)=CC5=C1COC([S@]5(O)CC)=O,,,,,,,,,,,,control_positive,logBB,-0.42,,,B,BBBCTRL_112,False,True,True,CC[S@@]1(O)C(=O)OCc2c1cc1n(c2=O)Cc2cc3cc(CN(C)C)c(O)cc3nc2-1,1,False,0,0,False,False,无改动,441.5090000000002,441.13584183600005,31,104.89,104.89,3.4990000000000023,118.80860000000003,2,7,3,3,5,3,0.3181818181818182,9,0,0.4689399472010276,0,O=C1OCc2c(cc3n(c2=O)Cc2cc4ccccc4nc2-3)S1,CC1CCC2C(C1)CC1C3CC4CCCCC4CC3CC1C2C,False,"InChI=1S/C22H23N3O5S/c1-4-31(29)19-8-17-20-14(10-25(17)21(27)15(19)11-30-22(31)28)6-12-5-13(9-24(2)3)18(26)7-16(12)23-20/h5-8,26,29H,4,9-11H2,1-3H3",BIHPCFKKWGRUSS-UHFFFAOYSA-N,BIHPCFKKWGRUSS,1,False,True,False,False,BIHPCFKKWGRUSS-UHFFFAOYSA-N,1,True,2
B3D_0113,bbb_control_b3db,BBBCTRL_113,pfizer compound 14,CC1CC2=CC(=C(C=C2N1S(=O)(=O)C)CNC3CCCNC3C4=CC=CC=C4)OC,,,,,,,,,,,,control_positive,logBB,-0.42,,,B,BBBCTRL_113,False,True,True,COc1cc2c(cc1CNC1CCCNC1c1ccccc1)N(S(C)(=O)=O)C(C)C2,1,False,0,0,False,False,无改动,429.5860000000001,429.20861285199993,30,70.67,79.05000000000001,2.9887000000000015,120.53020000000006,2,5,6,6,4,2,0.4782608695652174,7,0,0.7387996371752507,0,c1ccc(C2NCCCC2NCc2ccc3c(c2)NCC3)cc1,C1CCC(C2CCCCC2CCC2CCC3CCCC3C2)CC1,False,"InChI=1S/C23H31N3O3S/c1-16-12-18-14-22(29-2)19(13-21(18)26(16)30(3,27)28)15-25-20-10-7-11-24-23(20)17-8-5-4-6-9-17/h4-6,8-9,13-14,16,20,23-25H,7,10-12,15H2,1-3H3",YZFSCLLJPJPXBQ-UHFFFAOYSA-N,YZFSCLLJPJPXBQ,3,False,True,True,False,YZFSCLLJPJPXBQ-UHFFFAOYSA-N,1,True,1
B3D_0114,bbb_control_b3db,BBBCTRL_114,mgs0028,C1C(=O)[C@@H]2[C@H]([C@@]1(C(=O)O)N)[C@]2(C(=O)O)F,,,,,,,,,,,,control_positive,logBB,-0.41,,,B,BBBCTRL_114,False,True,True,N[C@@]1(C(=O)O)CC(=O)[C@@H]2[C@H]1[C@@]2(F)C(=O)O,1,False,0,0,False,False,无改动,217.152,217.038650576,15,117.69000000000001,117.69000000000001,-1.2197999999999998,42.633,3,4,2,2,2,0,0.625,7,0,0.5332093641508105,0,O=C1CC[C@@H]2C[C@H]12,CC1CCC2CC12,False,"InChI=1S/C8H8FNO5/c9-8(6(14)15)3-2(11)1-7(10,4(3)8)5(12)13/h3-4H,1,10H2,(H,12,13)(H,14,15)/t3-,4-,7+,8-/m1/s1",KFAGJPNFERWZJA-JKBXLQNXSA-N,KFAGJPNFERWZJA,4,True,True,False,False,KFAGJPNFERWZJA-JKBXLQNXSA-N,1,True,1
B3D_0115,bbb_control_b3db,BBBCTRL_115,chembl1190347,C1CC(C1)N2CCC(CC2)OC3=CC=C(C=C3)N4CCN(CC4=O)C(=O)C5=CC=C(C=C5)Cl,,,,,,,,,,,,control_positive,logBB,-0.4,,,B,BBBCTRL_115,False,True,True,O=C(c1ccc(Cl)cc1)N1CCN(c2ccc(OC3CCN(C4CCC4)CC3)cc2)C(=O)C1,1,False,0,0,False,False,无改动,467.9970000000004,467.1975695,33,53.09,53.09,4.224700000000003,129.01250000000007,0,4,5,6,5,2,0.46153846153846156,7,0,0.6601367580803356,0,O=C(c1ccccc1)N1CCN(c2ccc(OC3CCN(C4CCC4)CC3)cc2)C(=O)C1,CC1CC(C(C)C2CCCCC2)CCC1C1CCC(CC2CCC(C3CCC3)CC2)CC1,False,"InChI=1S/C26H30ClN3O3/c27-20-6-4-19(5-7-20)26(32)29-16-17-30(25(31)18-29)22-8-10-23(11-9-22)33-24-12-14-28(15-13-24)21-2-1-3-21/h4-11,21,24H,1-3,12-18H2",WILIBJHNOGVKBM-UHFFFAOYSA-N,WILIBJHNOGVKBM,0,False,True,False,False,WILIBJHNOGVKBM-UHFFFAOYSA-N,1,True,1
B3D_0116,bbb_control_b3db,BBBCTRL_116,compound 6h,CC(C)C(CO)NC1=CC(=NC2=C(C(=NN12)NC3=CC(=CC(=C3)OC)OC)C(=O)N)C4CC4,,,,,,,,,,,,control_positive,logBB,-0.39,,,B,BBBCTRL_116,False,True,True,COc1cc(Nc2nn3c(NC(CO)C(C)C)cc(C4CC4)nc3c2C(N)=O)cc(OC)c1,1,False,0,0,False,False,无改动,454.53100000000035,454.23285344,33,136.03,136.03,2.895200000000001,125.64310000000005,4,8,10,10,4,3,0.43478260869565216,10,0,0.36711809613957735,0,c1ccc(Nc2cc3nc(C4CC4)ccn3n2)cc1,C1CCC(CC2CC3CCC(C4CC4)CC3C2)CC1,False,"InChI=1S/C23H30N6O4/c1-12(2)18(11-30)26-19-10-17(13-5-6-13)27-23-20(21(24)31)22(28-29(19)23)25-14-7-15(32-3)9-16(8-14)33-4/h7-10,12-13,18,26,30H,5-6,11H2,1-4H3,(H2,24,31)(H,25,28)",RKZGRKFZKLGNHH-UHFFFAOYSA-N,RKZGRKFZKLGNHH,1,False,False,False,False,RKZGRKFZKLGNHH-UHFFFAOYSA-N,1,True,1
B3D_0117,bbb_control_b3db,BBBCTRL_117,sb 649915,CC1=NC2=C(C=C1)C(=CC=C2)OCCN3CCC(CC3)CC4=CC5=C(C=C4)OCC(=O)N5,,,,,,,,,,,,control_positive,logBB,-0.39,,,B,BBBCTRL_117,False,True,True,Cc1ccc2c(OCCN3CCC(Cc4ccc5c(c4)NC(=O)CO5)CC3)cccc2n1,1,False,0,0,False,False,无改动,431.5360000000002,431.220891788,32,63.69,63.69,4.207620000000003,125.40970000000006,1,5,6,6,5,3,0.38461538461538464,6,0,0.6335626285825032,0,O=C1COc2ccc(CC3CCN(CCOc4cccc5ncccc45)CC3)cc2N1,CC1CCC2CCC(CC3CCC(CCCC4CCCC5CCCCC54)CC3)CC2C1,False,"InChI=1S/C26H29N3O3/c1-18-5-7-21-22(27-18)3-2-4-24(21)31-14-13-29-11-9-19(10-12-29)15-20-6-8-25-23(16-20)28-26(30)17-32-25/h2-8,16,19H,9-15,17H2,1H3,(H,28,30)",PJSUYRBCBFPCQW-UHFFFAOYSA-N,PJSUYRBCBFPCQW,0,False,True,False,False,PJSUYRBCBFPCQW-UHFFFAOYSA-N,1,True,2
B3D_0118,bbb_control_b3db,BBBCTRL_118,alpha-(4-pyridyl-1-oxide)-n-tert-butylnitrone,CC(C)(C)[N+](=O)C=C1C=CN(C=C1)[O-],,,,,,,,,,,,control_positive,logBB,-0.38,,,B,BBBCTRL_118,False,True,True,CC(C)(C)[N+](=O)C=C1C=CN([O-])C=C1,1,False,0,0,False,False,无改动,194.234,194.105527688,14,46.379999999999995,46.379999999999995,2.2885,54.94940000000002,0,3,1,2,1,0,0.4,4,0,0.6014728082261852,0,C=C1C=CNC=C1,CC1CCCCC1,False,"InChI=1S/C10H14N2O2/c1-10(2,3)12(14)8-9-4-6-11(13)7-5-9/h4-8H,1-3H3",RNRMWTCECDHNQU-UHFFFAOYSA-N,RNRMWTCECDHNQU,0,False,False,False,False,RNRMWTCECDHNQU-UHFFFAOYSA-N,1,True,1
B3D_0119,bbb_control_b3db,BBBCTRL_119,nolpitantium,CC(C)OC1=CC=CC(=C1)CC(=O)N2CCC[C@](C2)(CC[N+]34CCC(CC3)(CC4)C5=CC=CC=C5)C6=CC(=C(C=C6)Cl)Cl.[Cl-],,,,,,,,,,,,control_positive,logBB,-0.37,,,B,BBBCTRL_119,False,True,True,CC(C)Oc1cccc(CC(=O)N2CCC[C@](CC[N+]34CCC(c5ccccc5)(CC3)CC4)(c3ccc(Cl)c(Cl)c3)C2)c1,2,True,0,1,False,True,去盐：2 个片段取最大,620.6850000000002,619.28526046009,43,29.54,29.54,8.225900000000008,176.1803999999994,0,2,9,10,7,3,0.4864864864864865,6,1,0.22576707337660873,2,O=C(Cc1ccccc1)N1CCC[C@](CC[N+]23CCC(c4ccccc4)(CC2)CC3)(c2ccccc2)C1,CC(CC1CCCCC1)C1CCCC(CCC23CCC(C4CCCCC4)(CC2)CC3)(C2CCCCC2)C1,False,"InChI=1S/C37H45Cl2N2O2/c1-28(2)43-32-11-6-8-29(24-32)25-35(42)40-19-7-14-37(27-40,31-12-13-33(38)34(39)26-31)18-23-41-20-15-36(16-21-41,17-22-41)30-9-4-3-5-10-30/h3-6,8-13,24,26,28H,7,14-23,25,27H2,1-2H3/q+1/t36?,37-,41?/m1/s1",RPDFDSQFBCJTDY-GAQXSTBRSA-N,RPDFDSQFBCJTDY,3,False,False,False,False,RPDFDSQFBCJTDY-GAQXSTBRSA-N,1,True,1
B3D_0120,bbb_control_b3db,BBBCTRL_120,escitalopram,CN(C)CCC[C@@]1(C2=C(CO1)C=C(C=C2)C#N)C3=CC=C(C=C3)F,,,,,,,,,,,,control_positive,logBB,-0.37,,,B,BBBCTRL_120,False,True,True,CN(C)CCC[C@@]1(c2ccc(F)cc2)OCc2cc(C#N)ccc21,1,False,0,0,False,False,无改动,324.39900000000006,324.16379151200005,24,36.26,36.26,3.812980000000003,90.91400000000006,0,3,5,5,3,2,0.35,4,0,0.8388667572429986,0,c1ccc(C2OCc3ccccc32)cc1,C1CCC(C2CCC3CCCCC32)CC1,False,"InChI=1S/C20H21FN2O/c1-23(2)11-3-10-20(17-5-7-18(21)8-6-17)19-9-4-15(13-22)12-16(19)14-24-20/h4-9,12H,3,10-11,14H2,1-2H3/t20-/m0/s1",WSEQXVZVJXJVFP-FQEVSTJZSA-N,WSEQXVZVJXJVFP,1,False,True,False,False,WSEQXVZVJXJVFP-FQEVSTJZSA-N,1,True,1
B3D_0121,bbb_control_b3db,BBBCTRL_121,pfizer compound 18,CC1=C(SC(=N1)N(C2=CC(=C(C=C2)OC)CNC3CCCNC3C4=CC=CC=C4)S(=O)(=O)C)C,,,,,,,,,,,,control_positive,logBB,-0.37,,,B,BBBCTRL_121,False,True,True,COc1ccc(N(c2nc(C)c(C)s2)S(C)(=O)=O)cc1CNC1CCCNC1c1ccccc1,1,False,0,0,False,False,无改动,500.6900000000003,500.191582884,34,83.56,120.18,4.449140000000003,138.61219999999992,2,7,8,8,4,3,0.4,9,0,0.47554240226528766,1,c1ccc(C2NCCCC2NCc2cccc(Nc3nccs3)c2)cc1,C1CCC(C2CCCCC2CCC2CCCC(CC3CCCC3)C2)CC1,False,"InChI=1S/C25H32N4O3S2/c1-17-18(2)33-25(28-17)29(34(4,30)31)21-12-13-23(32-3)20(15-21)16-27-22-11-8-14-26-24(22)19-9-6-5-7-10-19/h5-7,9-10,12-13,15,22,24,26-27H,8,11,14,16H2,1-4H3",XVUGPUBFELWEAK-UHFFFAOYSA-N,XVUGPUBFELWEAK,2,False,True,True,False,XVUGPUBFELWEAK-UHFFFAOYSA-N,1,True,1
B3D_0122,bbb_control_b3db,BBBCTRL_122,liv-20a,C1CN(CCC1CNC2=NC=CC=N2)C(=O)OCC3=CC=CC=C3,,,,,,,,,,,,control_positive,logBB,-0.37,,,B,BBBCTRL_122,False,True,True,O=C(OCc1ccccc1)N1CCC(CNc2ncccn2)CC1,1,False,0,0,False,False,无改动,326.40000000000003,326.174275944,24,67.35,67.35,2.9373000000000014,91.44570000000006,1,5,5,7,3,2,0.3888888888888889,6,0,0.9148172844022786,0,O=C(OCc1ccccc1)N1CCC(CNc2ncccn2)CC1,CC(CCC1CCCCC1)C1CCC(CCC2CCCCC2)CC1,False,"InChI=1S/C18H22N4O2/c23-18(24-14-16-5-2-1-3-6-16)22-11-7-15(8-12-22)13-21-17-19-9-4-10-20-17/h1-6,9-10,15H,7-8,11-14H2,(H,19,20,21)",RBKBGIONDAWNLO-UHFFFAOYSA-N,RBKBGIONDAWNLO,0,False,False,False,False,RBKBGIONDAWNLO-UHFFFAOYSA-N,1,True,1
B3D_0123,bbb_control_b3db,BBBCTRL_123,mesoridazine,CC(C1CSc2ccccc2N1CCC3CCCCN3C)=O,,,,,,,,,,,,control_positive,logBB,-0.36,,,B,BBBCTRL_123,False,True,True,CC(=O)C1CSc2ccccc2N1CCC1CCCCN1C,1,False,0,0,False,False,无改动,318.48600000000016,318.17658445200004,22,23.550000000000004,48.85000000000001,3.4307000000000025,93.86700000000008,0,4,4,4,3,1,0.6111111111111112,4,0,0.8484351951368883,0,c1ccc2c(c1)SCCN2CCC1CCCCN1,C1CCC(CCC2CCCC3CCCCC32)CC1,False,"InChI=1S/C18H26N2OS/c1-14(21)17-13-22-18-9-4-3-8-16(18)20(17)12-10-15-7-5-6-11-19(15)2/h3-4,8-9,15,17H,5-7,10-13H2,1-2H3",FQDTWONCAFJIDM-UHFFFAOYSA-N,FQDTWONCAFJIDM,2,False,True,False,False,FQDTWONCAFJIDM-UHFFFAOYSA-N,1,True,1
B3D_0124,bbb_control_b3db,BBBCTRL_124,schembl11119364,CC1C(C2=CC=CC=C2N(C3=CC=CC=C13)C(=O)N)C,,,,,,,,,,,,control_positive,logBB,-0.34,,,B,BBBCTRL_124,False,True,True,CC1c2ccccc2N(C(N)=O)c2ccccc2C1C,1,False,0,0,False,False,无改动,266.344,266.141913196,20,46.33,46.33,4.124000000000002,81.43640000000003,1,1,0,1,3,2,0.23529411764705882,3,0,0.7654929642252198,0,c1ccc2c(c1)CCc1ccccc1N2,C1CCC2CC3CCCCC3CCC2C1,False,"InChI=1S/C17H18N2O/c1-11-12(2)14-8-4-6-10-16(14)19(17(18)20)15-9-5-3-7-13(11)15/h3-12H,1-2H3,(H2,18,20)",LHOPRWMVPXVFBR-UHFFFAOYSA-N,LHOPRWMVPXVFBR,2,False,False,False,False,LHOPRWMVPXVFBR-UHFFFAOYSA-N,1,True,3
B3D_0125,bbb_control_b3db,BBBCTRL_125,"carbamazepine, 9,10-epoxide",C1=CC=C2C(C3=CC=CC=C3C4C(C2=C1)O4)C(=O)N,,,,,,,,,,,,control_positive,logBB,-0.34,,,B,BBBCTRL_125,False,True,True,NC(=O)C1c2ccccc2C2OC2c2ccccc21,1,False,0,0,False,False,无改动,251.285,251.094628656,19,55.620000000000005,55.620000000000005,2.4298,70.48840000000003,1,2,1,1,4,2,0.1875,3,0,0.791267636436443,0,c1ccc2c(c1)Cc1ccccc1C1OC21,C1CCC2C(C1)CC1CCCCC1C1CC21,False,"InChI=1S/C16H13NO2/c17-16(18)13-9-5-1-3-7-11(9)14-15(19-14)12-8-4-2-6-10(12)13/h1-8,13-15H,(H2,17,18)",NMQDLHGETBRRJD-UHFFFAOYSA-N,NMQDLHGETBRRJD,3,False,False,False,False,NMQDLHGETBRRJD-UHFFFAOYSA-N,1,True,1
B3D_0126,bbb_control_b3db,BBBCTRL_126,cbz-epo,C1C2C1C3=CC=CC=C3N(C4=CC=CC=C24)C(=O)N,,,,,,,,,,,,control_positive,logBB,-0.34,,,B,BBBCTRL_126,False,True,True,NC(=O)N1c2ccccc2C2CC2c2ccccc21,1,False,0,0,False,False,无改动,250.301,250.110613068,19,46.330000000000005,46.330000000000005,3.4879000000000024,74.70540000000003,1,1,0,1,4,2,0.1875,3,0,0.7639734786728196,0,c1ccc2c(c1)Nc1ccccc1C1CC21,C1CCC2C(C1)CC1CCCCC1C1CC21,False,"InChI=1S/C16H14N2O/c17-16(19)18-14-7-3-1-5-10(14)12-9-13(12)11-6-2-4-8-15(11)18/h1-8,12-13H,9H2,(H2,17,19)",XXUUSHCGVZBAOU-UHFFFAOYSA-N,XXUUSHCGVZBAOU,2,False,False,False,False,XXUUSHCGVZBAOU-UHFFFAOYSA-N,1,True,1
B3D_0127,bbb_control_b3db,BBBCTRL_127,risperidone,O=C1N2CCCCC2=NC(C)=C1CCN3CCC(C4=COc5cc(F)ccc54)CC3,,,,,,,,,,,,control_positive,logBB,-0.32,,,B,BBBCTRL_127,False,True,True,Cc1nc2n(c(=O)c1CCN1CCC(c3coc4cc(F)ccc34)CC1)CCCC2,1,False,0,0,False,False,无改动,409.5050000000003,409.21655535599996,30,51.27,51.27,4.195420000000004,114.46300000000005,0,4,4,4,5,3,0.5,6,0,0.6482381640644912,0,O=c1c(CCN2CCC(c3coc4ccccc34)CC2)cnc2n1CCCC2,CC1C(CCC2CCC(C3CCC4CCCCC43)CC2)CCC2CCCCC21,False,"InChI=1S/C24H28FN3O2/c1-16-19(24(29)28-10-3-2-4-23(28)26-16)9-13-27-11-7-17(8-12-27)21-15-30-22-14-18(25)5-6-20(21)22/h5-6,14-15,17H,2-4,7-13H2,1H3",CCCBULVFQMYIJZ-UHFFFAOYSA-N,CCCBULVFQMYIJZ,0,False,True,False,False,CCCBULVFQMYIJZ-UHFFFAOYSA-N,1,True,1
B3D_0128,bbb_control_b3db,BBBCTRL_128,schembl8639797,CC(=O)CN1C(=O)C=CC(=N1)C2=C3C=CC=CN3N=C2C4=CC=CC=C4,,,,,,,,,,,,control_positive,logBB,-0.31,,,B,BBBCTRL_128,False,True,True,CC(=O)Cn1nc(-c2c(-c3ccccc3)nn3ccccc23)ccc1=O,1,False,0,0,False,False,无改动,344.37400000000014,344.127325752,26,69.25999999999999,69.25999999999999,2.814000000000001,98.80000000000004,0,4,4,4,4,4,0.1,6,0,0.5707573734130374,0,O=c1ccc(-c2c(-c3ccccc3)nn3ccccc23)n[nH]1,CC1CCC(C2C3CCCCC3CC2C2CCCCC2)CC1,False,"InChI=1S/C20H16N4O2/c1-14(25)13-24-18(26)11-10-16(21-24)19-17-9-5-6-12-23(17)22-20(19)15-7-3-2-4-8-15/h2-12H,13H2,1H3",QATXIDMQXCGKIY-UHFFFAOYSA-N,QATXIDMQXCGKIY,0,False,False,False,False,QATXIDMQXCGKIY-UHFFFAOYSA-N,1,True,2
B3D_0129,bbb_control_b3db,BBBCTRL_129,b-096,C1=CC=C2C(=C1)C3C(O3)C4=CC=CC=C4N2C(=O)N,,,,,,,,,,,,control_positive,logBB,-0.3,,,B,BBBCTRL_129,False,True,True,NC(=O)N1c2ccccc2C2OC2c2ccccc21,1,False,0,0,False,False,无改动,252.273,252.089877624,19,58.86000000000001,58.86000000000001,3.0294000000000016,71.17340000000003,1,2,0,1,4,2,0.13333333333333333,4,0,0.732474562069225,0,c1ccc2c(c1)Nc1ccccc1C1OC21,C1CCC2C(C1)CC1CCCCC1C1CC21,False,"InChI=1S/C15H12N2O2/c16-15(18)17-11-7-3-1-5-9(11)13-14(19-13)10-6-2-4-8-12(10)17/h1-8,13-14H,(H2,16,18)",ZRWWEEVEIOGMMT-UHFFFAOYSA-N,ZRWWEEVEIOGMMT,2,False,False,False,False,ZRWWEEVEIOGMMT-UHFFFAOYSA-N,1,True,1
B3D_0130,bbb_control_b3db,BBBCTRL_130,16a-fluoroestradiol,CC12CCC3C(C1CC(C2O)F)CCC4=C3C=CC(=C4)O,,,,,,,,,,,,control_positive,logBB,-0.3,,,B,BBBCTRL_130,False,True,True,CC12CCC3c4ccc(O)cc4CCC3C1CC(F)C2O,1,False,0,0,False,False,无改动,290.378,290.168208196,21,40.46,40.46,3.557200000000002,79.00960000000003,2,2,0,0,4,1,0.6666666666666666,3,0,0.7667792129251269,0,c1ccc2c(c1)CCC1C2CCC2CCCC21,C1CCC2C(C1)CCC1C3CCCC3CCC21,False,"InChI=1S/C18H23FO2/c1-18-7-6-13-12-5-3-11(20)8-10(12)2-4-14(13)15(18)9-16(19)17(18)21/h3,5,8,13-17,20-21H,2,4,6-7,9H2,1H3",KDLLNMRYZGUVMA-UHFFFAOYSA-N,KDLLNMRYZGUVMA,6,False,False,False,False,KDLLNMRYZGUVMA-UHFFFAOYSA-N,1,True,1
B3D_0131,bbb_control_b3db,BBBCTRL_131,cyclobarbital,CCC1(C(=O)NC(=O)NC1=O)C2=CCCCC2,,,,,,,,,,,,control_positive,logBB,-0.3,,,B,BBBCTRL_131,False,True,True,CCC1(C2=CCCCC2)C(=O)NC(=O)NC1=O,1,False,0,0,False,False,无改动,236.271,236.116092372,17,75.27000000000001,75.27000000000001,1.2491999999999996,60.95640000000003,2,3,2,2,2,0,0.5833333333333334,5,0,0.5593503134569083,0,O=C1NC(=O)C(C2=CCCCC2)C(=O)N1,CC1CC(C)C(C2CCCCC2)C(C)C1,False,"InChI=1S/C12H16N2O3/c1-2-12(8-6-4-3-5-7-8)9(15)13-11(17)14-10(12)16/h6H,2-5,7H2,1H3,(H2,13,14,15,16,17)",WTYGAUXICFETTC-UHFFFAOYSA-N,WTYGAUXICFETTC,0,False,False,False,False,WTYGAUXICFETTC-UHFFFAOYSA-N,1,True,1
B3D_0132,bbb_control_b3db,BBBCTRL_132,fg-8205,CC(C)C1=NC(=NO1)C2=C3CN(C(=O)C4=C(N3C=N2)C=CC=C4Cl)C,,,,,,,,,,,,control_positive,logBB,-0.3,,,B,BBBCTRL_132,False,True,True,CC(C)c1nc(-c2ncn3c2CN(C)C(=O)c2c(Cl)cccc2-3)no1,1,False,0,0,False,False,无改动,357.80100000000004,357.09925243199996,25,77.05000000000001,77.05000000000001,3.2847000000000017,91.75250000000001,0,5,2,2,4,3,0.29411764705882354,8,0,0.7029578775766744,0,O=C1NCc2c(-c3ncon3)ncn2-c2ccccc21,CC1CCC2C(C3CCCC3)CCC2C2CCCCC12,False,"InChI=1S/C17H16ClN5O2/c1-9(2)16-20-15(21-25-16)14-12-7-22(3)17(24)13-10(18)5-4-6-11(13)23(12)8-19-14/h4-6,8-9H,7H2,1-3H3",SEWXZWMBVGJJPG-UHFFFAOYSA-N,SEWXZWMBVGJJPG,0,False,False,False,False,SEWXZWMBVGJJPG-UHFFFAOYSA-N,1,True,4
B3D_0133,bbb_control_b3db,BBBCTRL_133,16alpha-fluoroestradiol,C[C@]12CC[C@H]3[C@H]([C@@H]1C[C@@H]([C@@H]2O)F)CCC4=C3C=CC(=C4)O,,,,,,,,,,,,control_positive,logBB,-0.3,,,B,BBBCTRL_133,False,True,True,C[C@]12CC[C@@H]3c4ccc(O)cc4CC[C@H]3[C@@H]1C[C@H](F)[C@@H]2O,1,False,0,0,False,False,无改动,290.378,290.168208196,21,40.46,40.46,3.557200000000002,79.00960000000003,2,2,0,0,4,1,0.6666666666666666,3,0,0.7667792129251269,0,c1ccc2c(c1)CC[C@@H]1[C@@H]2CCC2CCC[C@H]21,C1CCC2C(C1)CCC1C3CCCC3CCC21,False,"InChI=1S/C18H23FO2/c1-18-7-6-13-12-5-3-11(20)8-10(12)2-4-14(13)15(18)9-16(19)17(18)21/h3,5,8,13-17,20-21H,2,4,6-7,9H2,1H3/t13-,14-,15+,16+,17+,18+/m1/s1",KDLLNMRYZGUVMA-ZMSHIADSSA-N,KDLLNMRYZGUVMA,6,False,False,False,False,KDLLNMRYZGUVMA-ZMSHIADSSA-N,1,True,1
B3D_0134,bbb_control_b3db,BBBCTRL_134,dpdpe,c1cc(O)ccc1CC(N)C(=O)N[C@H](C(C)(C)SS2)C(=O)NCC(=O)NC(C(=O)N[C@H](C(=O)O)C2(C)C)Cc3ccccc3,,,,,,,,,,,,control_positive,logBB,-0.3,,,B,BBBCTRL_134,False,True,True,CC1(C)SSC(C)(C)[C@@H](NC(=O)C(N)Cc2ccc(O)cc2)C(=O)NCC(=O)NC(Cc2ccccc2)C(=O)N[C@@H]1C(=O)O,1,False,0,0,False,False,无改动,645.8040000000003,645.2290905880001,44,199.95,250.54999999999998,1.1121000000000028,169.70979999999972,7,9,7,8,3,2,0.43333333333333335,14,0,0.2140985437171061,2,O=C1CNC(=O)[C@H](NC(=O)CCc2ccccc2)CSSCCNC(=O)C(Cc2ccccc2)N1,CC(CCC1CCCCC1)CC1CCCCCCC(C)C(CC2CCCCC2)CC(C)CCC1C,False,"InChI=1S/C30H39N5O7S2/c1-29(2)23(34-25(38)20(31)14-18-10-12-19(36)13-11-18)27(40)32-16-22(37)33-21(15-17-8-6-5-7-9-17)26(39)35-24(28(41)42)30(3,4)44-43-29/h5-13,20-21,23-24,36H,14-16,31H2,1-4H3,(H,32,40)(H,33,37)(H,34,38)(H,35,39)(H,41,42)/t20?,21?,23-,24+/m0/s1",MCMMCRYPQBNCPH-BRLSKQCNSA-N,MCMMCRYPQBNCPH,4,True,True,False,False,MCMMCRYPQBNCPH-BRLSKQCNSA-N,1,True,1
B3D_0135,bbb_control_b3db,BBBCTRL_135,dpdpe,CC1([C@H](C(=O)NCC(=O)N[C@H](C(=O)N[C@H](C(SS1)(C)C)C(=O)O)CC2=CC=CC=C2)NC(=O)[C@H](CC3=CC=C(C=C3)O)N)C,,,,,,,,,,,,control_positive,logBB,-0.3,,,B,BBBCTRL_135,False,True,True,CC1(C)SSC(C)(C)[C@@H](NC(=O)[C@@H](N)Cc2ccc(O)cc2)C(=O)NCC(=O)N[C@@H](Cc2ccccc2)C(=O)N[C@H]1C(=O)O,1,False,0,0,False,False,无改动,645.8040000000003,645.2290905880001,44,199.95,250.54999999999998,1.1121000000000028,169.70979999999972,7,9,7,8,3,2,0.43333333333333335,14,0,0.2140985437171061,2,O=C1CNC(=O)[C@H](NC(=O)CCc2ccccc2)CSSCCNC(=O)[C@H](Cc2ccccc2)N1,CC(CCC1CCCCC1)CC1CCCCCCC(C)C(CC2CCCCC2)CC(C)CCC1C,False,"InChI=1S/C30H39N5O7S2/c1-29(2)23(34-25(38)20(31)14-18-10-12-19(36)13-11-18)27(40)32-16-22(37)33-21(15-17-8-6-5-7-9-17)26(39)35-24(28(41)42)30(3,4)44-43-29/h5-13,20-21,23-24,36H,14-16,31H2,1-4H3,(H,32,40)(H,33,37)(H,34,38)(H,35,39)(H,41,42)/t20-,21-,23-,24-/m0/s1",MCMMCRYPQBNCPH-WMIMKTLMSA-N,MCMMCRYPQBNCPH,4,True,True,False,False,MCMMCRYPQBNCPH-WMIMKTLMSA-N,1,True,1
B3D_0136,bbb_control_b3db,BBBCTRL_136,theobromine,CC1C=NC2=C1C(=O)NC(=O)N2C,,,,,,,,,,,,control_positive,logBB,-0.3,,,B,BBBCTRL_136,False,True,True,CC1C=Nc2c1c(=O)[nH]c(=O)n2C,1,False,0,0,False,False,无改动,179.17899999999997,179.069476528,13,67.22,67.22,-0.10700000000000015,48.87070000000001,1,3,0,0,2,1,0.375,5,0,0.603549550320477,0,O=c1[nH]c2c(c(=O)[nH]1)CC=N2,CC1CC(C)C2CCCC2C1,False,"InChI=1S/C8H9N3O2/c1-4-3-9-6-5(4)7(12)10-8(13)11(6)2/h3-4H,1-2H3,(H,10,12,13)",NAPWTTYURSOZMU-UHFFFAOYSA-N,NAPWTTYURSOZMU,1,False,False,False,False,NAPWTTYURSOZMU-UHFFFAOYSA-N,1,True,1
B3D_0137,bbb_control_b3db,BBBCTRL_137,78755-81-4,CCOC(=O)C1=C2CN(C(=O)C3=C(N2C=N1)C=CC(=C3)F)C,,,,,,,,,,,,control_positive,logBB,-0.3,,,B,BBBCTRL_137,False,True,True,CCOC(=O)c1ncn2c1CN(C)C(=O)c1cc(F)ccc1-2,1,False,0,0,False,False,无改动,303.293,303.101919528,22,64.43,64.43,1.7736999999999998,75.27600000000002,0,4,2,3,3,2,0.26666666666666666,7,0,0.793247744649229,0,O=C1NCc2cncn2-c2ccccc21,CC1CCC2CCCC2C2CCCCC12,False,"InChI=1S/C15H14FN3O3/c1-3-22-15(21)13-12-7-18(2)14(20)10-6-9(16)4-5-11(10)19(12)8-17-13/h4-6,8H,3,7H2,1-2H3",OFBIFZUFASYYRE-UHFFFAOYSA-N,OFBIFZUFASYYRE,0,False,False,False,False,OFBIFZUFASYYRE-UHFFFAOYSA-N,1,True,3
B3D_0138,bbb_control_b3db,BBBCTRL_138,"theobromine (3,7-dimethylxanthine)",CN1C=NC2=C1C(=O)NC(=O)N2C,,,,,,,,,,,,control_positive,logBB,-0.3,,,B,BBBCTRL_138,False,True,True,Cn1cnc2c1c(=O)[nH]c(=O)n2C,1,False,0,0,False,False,无改动,180.16699999999997,180.064725496,13,72.68,72.68,-1.0397,46.575700000000005,1,3,0,0,2,2,0.2857142857142857,6,0,0.5624722357827983,0,O=c1[nH]c(=O)c2[nH]cnc2[nH]1,CC1CC(C)C2CCCC2C1,False,"InChI=1S/C7H8N4O2/c1-10-3-8-5-4(10)6(12)9-7(13)11(5)2/h3H,1-2H3,(H,9,12,13)",YAPQBXQYLJRXSA-UHFFFAOYSA-N,YAPQBXQYLJRXSA,0,False,False,False,False,YAPQBXQYLJRXSA-UHFFFAOYSA-N,1,True,2
B3D_0139,bbb_control_b3db,BBBCTRL_139,ns 1738,C1=CC(=C(C=C1C(F)(F)F)NC(=O)NC2=C(C=CC(=C2)Cl)O)Cl,,,,,,,,,,,,control_positive,logBB,-0.3,,,B,BBBCTRL_139,False,True,True,O=C(Nc1cc(Cl)ccc1O)Nc1cc(C(F)(F)F)ccc1Cl,1,False,0,0,False,False,无改动,365.13800000000003,363.999317548,23,61.36,61.36,5.3618000000000015,82.2122,3,2,2,5,2,2,0.07142857142857142,9,0,0.6275883883665598,1,O=C(Nc1ccccc1)Nc1ccccc1,CC(CC1CCCCC1)CC1CCCCC1,False,"InChI=1S/C14H9Cl2F3N2O2/c15-8-2-4-12(22)11(6-8)21-13(23)20-10-5-7(14(17,18)19)1-3-9(10)16/h1-6,22H,(H2,20,21,23)",OUDXRNQPVSMGDW-UHFFFAOYSA-N,OUDXRNQPVSMGDW,0,False,False,False,False,OUDXRNQPVSMGDW-UHFFFAOYSA-N,1,True,1
B3D_0140,bbb_control_b3db,BBBCTRL_140,camptothecin,CC[C@@]1(C2=C(COC1=O)C(=O)N3CC4=CC5=CC=CC=C5N=C4C3=C2)O,,,,,,,,,,,,control_positive,logBB,-0.29,,,B,BBBCTRL_140,False,True,True,CC[C@@]1(O)C(=O)OCc2c1cc1n(c2=O)Cc2cc3ccccc3nc2-1,1,False,0,0,False,False,无改动,348.35800000000006,348.111006992,26,81.42,81.42,2.0796,94.52480000000003,1,5,1,1,5,3,0.25,6,0,0.5327639891125654,0,O=C1Cc2cc3n(c(=O)c2CO1)Cc1cc2ccccc2nc1-3,CC1CCC2C(C1)CC1C3CC4CCCCC4CC3CC1C2C,False,"InChI=1S/C20H16N2O4/c1-2-20(25)14-8-16-17-12(7-11-5-3-4-6-15(11)21-17)9-22(16)18(23)13(14)10-26-19(20)24/h3-8,25H,2,9-10H2,1H3/t20-/m0/s1",VSJKWCGYPAHWDS-FQEVSTJZSA-N,VSJKWCGYPAHWDS,1,False,False,False,False,VSJKWCGYPAHWDS-FQEVSTJZSA-N,1,True,2
B3D_0141,bbb_control_b3db,BBBCTRL_141,camptothecin,O=C1N2C(c3nc4ccccc4cc3C2)=CC5=C1COC([S@]5(O)CC)=O,,,,,,,,,,,,control_positive,logBB,-0.29,,,B,BBBCTRL_141,False,True,True,CC[S@@]1(O)C(=O)OCc2c1cc1n(c2=O)Cc2cc3ccccc3nc2-1,1,False,0,0,False,False,无改动,368.41400000000004,368.083077992,26,81.42,81.42,3.7318000000000016,99.75280000000002,1,5,1,1,5,3,0.21052631578947367,7,0,0.5178221644946777,0,O=C1OCc2c(cc3n(c2=O)Cc2cc4ccccc4nc2-3)S1,CC1CCC2C(C1)CC1C3CC4CCCCC4CC3CC1C2C,False,"InChI=1S/C19H16N2O4S/c1-2-26(24)16-8-15-17-12(7-11-5-3-4-6-14(11)20-17)9-21(15)18(22)13(16)10-25-19(26)23/h3-8,24H,2,9-10H2,1H3",MISKOWJZICPRSK-UHFFFAOYSA-N,MISKOWJZICPRSK,1,False,False,False,False,MISKOWJZICPRSK-UHFFFAOYSA-N,1,True,2
B3D_0142,bbb_control_b3db,BBBCTRL_142,112598-49-9,CN(C)CC1=CC(=NC=C1)C2=CC(=CC=C2)NC3=C(C=CN3)[N+](=O)[O-],,,,,,,,,,,,control_positive,logBB,-0.28,,,B,BBBCTRL_142,False,True,True,CN(C)Cc1ccnc(-c2cccc(Nc3[nH]ccc3[N+](=O)[O-])c2)c1,1,False,0,0,False,False,无改动,337.3830000000001,337.153874848,25,87.09,87.09,3.7901000000000016,97.79380000000005,2,5,6,6,3,3,0.16666666666666666,7,0,0.5276946612137424,0,c1ccc(-c2cccc(Nc3ccc[nH]3)c2)nc1,C1CCC(C2CCCC(CC3CCCC3)C2)CC1,False,"InChI=1S/C18H19N5O2/c1-22(2)12-13-6-8-19-16(10-13)14-4-3-5-15(11-14)21-18-17(23(24)25)7-9-20-18/h3-11,20-21H,12H2,1-2H3",PYCFDUKKBNGLNC-UHFFFAOYSA-N,PYCFDUKKBNGLNC,0,False,True,False,False,PYCFDUKKBNGLNC-UHFFFAOYSA-N,1,True,1
B3D_0143,bbb_control_b3db,BBBCTRL_143,chembl358151,CN(C)CC1=CC=C(O1)C2=CC(=CC=C2)NC3=C(C=CN3)[N+](=O)[O-],,,,,,,,,,,,control_positive,logBB,-0.27,,,B,BBBCTRL_143,False,True,True,CN(C)Cc1ccc(-c2cccc(Nc3[nH]ccc3[N+](=O)[O-])c2)o1,1,False,0,0,False,False,无改动,326.3560000000001,326.1378904359999,24,87.34,87.34,3.988100000000002,92.26480000000004,2,5,6,6,3,3,0.17647058823529413,7,0,0.5281119247957708,0,c1cc(Nc2ccc[nH]2)cc(-c2ccco2)c1,C1CCC(CC2CCCC(C3CCCC3)C2)C1,False,"InChI=1S/C17H18N4O3/c1-20(2)11-14-6-7-16(24-14)12-4-3-5-13(10-12)19-17-15(21(22)23)8-9-18-17/h3-10,18-19H,11H2,1-2H3",FCVQVRVNPCWHDM-UHFFFAOYSA-N,FCVQVRVNPCWHDM,0,False,True,False,False,FCVQVRVNPCWHDM-UHFFFAOYSA-N,1,True,2
B3D_0144,bbb_control_b3db,BBBCTRL_144,bbcpd18 (ranitidine analog),CN(C)c(o1)ccc1-c2cc(ccc2)Nc(c3[N+]([O-])=O)[nH]cc3,,,,,,,,,,,,control_positive,logBB,-0.27,,,B,BBBCTRL_144,False,True,True,CN(C)c1ccc(-c2cccc(Nc3[nH]ccc3[N+](=O)[O-])c2)o1,1,False,0,0,False,False,无改动,312.32900000000006,312.12224037199996,23,87.34,87.34,3.9925000000000024,89.20080000000003,2,5,5,5,3,3,0.125,7,0,0.5491219033761412,0,c1cc(Nc2ccc[nH]2)cc(-c2ccco2)c1,C1CCC(CC2CCCC(C3CCCC3)C2)C1,False,"InChI=1S/C16H16N4O3/c1-19(2)15-7-6-14(23-15)11-4-3-5-12(10-11)18-16-13(20(21)22)8-9-17-16/h3-10,17-18H,1-2H3",PNVBERWMIFHQIB-UHFFFAOYSA-N,PNVBERWMIFHQIB,0,False,False,False,False,PNVBERWMIFHQIB-UHFFFAOYSA-N,1,True,2
B3D_0145,bbb_control_b3db,BBBCTRL_145,alaptide,C[C@H]1C(=O)NC2(CCCC2)C(=O)N1,,,,,,,,,,,,control_positive,logBB,-0.26,,,B,BBBCTRL_145,False,True,True,C[C@@H]1NC(=O)C2(CCCC2)NC1=O,1,False,0,0,False,False,无改动,182.22299999999998,182.105527688,13,58.2,58.2,-0.06630000000000041,46.94640000000002,2,2,0,0,2,0,0.7777777777777778,4,0,0.550835025810221,0,O=C1CNC(=O)C2(CCCC2)N1,CC1CCC(C)C2(CCCC2)C1,False,"InChI=1S/C9H14N2O2/c1-6-7(12)11-9(8(13)10-6)4-2-3-5-9/h6H,2-5H2,1H3,(H,10,13)(H,11,12)/t6-/m0/s1",LTRSPDHUDXWHRY-LURJTMIESA-N,LTRSPDHUDXWHRY,1,False,False,False,False,LTRSPDHUDXWHRY-LURJTMIESA-N,1,True,1
B3D_0146,bbb_control_b3db,BBBCTRL_146,i-1,Ic1cc(C(=O)CCCN2CCC3(C(=O)N(C)CN3c4ccccc4)CC2)cS1,,,,,,,,,,,,control_positive,logBB,-0.25,,,B,BBBCTRL_146,False,True,True,CN1CN(c2ccccc2)C2(CCN(CCCC(=O)c3csc(I)c3)CC2)C1=O,1,False,0,0,False,False,无改动,523.44,523.079046072,29,43.86,72.1,4.086300000000003,125.56350000000006,0,5,6,6,4,2,0.45454545454545453,7,0,0.42303014928978944,1,O=C(CCCN1CCC2(CC1)C(=O)NCN2c1ccccc1)c1ccsc1,CC(CCCC1CCC2(CC1)C(C)CCC2C1CCCCC1)C1CCCC1,False,"InChI=1S/C22H26IN3O2S/c1-24-16-26(18-6-3-2-4-7-18)22(21(24)28)9-12-25(13-10-22)11-5-8-19(27)17-14-20(23)29-15-17/h2-4,6-7,14-15H,5,8-13,16H2,1H3",VLWVQANQRIZPGR-UHFFFAOYSA-N,VLWVQANQRIZPGR,0,False,True,False,False,VLWVQANQRIZPGR-UHFFFAOYSA-N,1,True,1
B3D_0147,bbb_control_b3db,BBBCTRL_147,loperamide,ClC1=CC=C(C2(O)CCN(CCCC(C3=CC=CC=C3)(C(N(C)C)=O)C4=CC=CC=C4)CC2)C=C1,,,,,,,,,,,,control_positive,logBB,-0.25,,,B,BBBCTRL_147,False,True,True,CN(C)C(=O)C(CCCN1CCC(O)(c2ccc(Cl)cc2)CC1)(c1ccccc1)c1ccccc1,1,False,0,0,False,False,无改动,491.07500000000016,490.23870604,35,43.78,43.78,5.478100000000006,142.61479999999983,1,3,8,9,4,3,0.36666666666666664,5,0,0.45451034804456986,1,c1ccc(C2CCN(CCCC(c3ccccc3)c3ccccc3)CC2)cc1,C1CCC(C2CCC(CCCC(C3CCCCC3)C3CCCCC3)CC2)CC1,False,"InChI=1S/C30H35ClN2O2/c1-32(2)28(34)30(25-10-5-3-6-11-25,26-12-7-4-8-13-26)18-9-21-33-22-19-29(35,20-23-33)24-14-16-27(31)17-15-24/h3-8,10-17,35H,9,18-23H2,1-2H3",DZXOIEFWGGYJAE-UHFFFAOYSA-N,DZXOIEFWGGYJAE,0,False,True,False,False,DZXOIEFWGGYJAE-UHFFFAOYSA-N,1,True,1
B3D_0148,bbb_control_b3db,BBBCTRL_148,99632-94-7,CC(C)(C)OC(=O)C1=C2CN(C(=O)C3=C(N2C=N1)C=CS3)C,,,,,,,,,,,,control_positive,logBB,-0.25,,,B,BBBCTRL_148,False,True,True,CN1Cc2c(C(=O)OC(C)(C)C)ncn2-c2ccsc2C1=O,1,False,0,0,False,False,无改动,319.3860000000001,319.099062404,22,64.43,92.67000000000002,2.4747000000000003,82.40700000000005,0,5,1,3,3,2,0.4,7,0,0.7575451593759506,0,O=C1NCc2cncn2-c2ccsc21,CC1CCC2CCCC2C2CCCC12,False,"InChI=1S/C15H17N3O3S/c1-15(2,3)21-14(20)11-10-7-17(4)13(19)12-9(5-6-22-12)18(10)8-16-11/h5-6,8H,7H2,1-4H3",ZIGMMUKDYCABPW-UHFFFAOYSA-N,ZIGMMUKDYCABPW,0,False,False,False,False,ZIGMMUKDYCABPW-UHFFFAOYSA-N,1,True,1
B3D_0149,bbb_control_b3db,BBBCTRL_149,chembl478224,CC1(CC(CC(N1)(C)C)OC2=NC(=NC(=C2C(=O)NC)NCC3CCC4(CCC4)CC3)C#N)C,,,,,,,,,,,,control_positive,logBB,-0.24,,,B,BBBCTRL_149,False,True,True,CNC(=O)c1c(NCC2CCC3(CCC3)CC2)nc(C#N)nc1OC1CC(C)(C)NC(C)(C)C1,1,False,0,0,False,False,无改动,468.64600000000024,468.32127452000003,34,111.96000000000001,111.96000000000001,4.168280000000003,131.8126,3,7,6,7,4,1,0.7692307692307693,8,0,0.574345341451317,0,c1nc(NCC2CCC3(CCC3)CC2)cc(OC2CCNCC2)n1,C1CCC(CC2CCCC(CCC3CCC4(CCC4)CC3)C2)CC1,False,"InChI=1S/C26H40N6O2/c1-24(2)13-18(14-25(3,4)32-24)34-23-20(22(33)28-5)21(30-19(15-27)31-23)29-16-17-7-11-26(12-8-17)9-6-10-26/h17-18,32H,6-14,16H2,1-5H3,(H,28,33)(H,29,30,31)",FDHGENAHJDLTJT-UHFFFAOYSA-N,FDHGENAHJDLTJT,0,False,True,False,False,FDHGENAHJDLTJT-UHFFFAOYSA-N,1,True,1
B3D_0150,bbb_control_b3db,BBBCTRL_150,bbcpd21,C1CCN(CC1)CC2=CC(=CC=C2)OCCCNC(=O)C3=CC=CC=C3,,,,,,,,,,,,control_positive,logBB,-0.24,,,B,BBBCTRL_150,False,True,True,O=C(NCCCOc1cccc(CN2CCCCC2)c1)c1ccccc1,1,False,0,0,False,False,无改动,352.478,352.215078136,26,41.57,41.57,3.871400000000003,104.45720000000004,1,3,8,9,3,2,0.4090909090909091,4,0,0.7334162734435742,0,O=C(NCCCOc1cccc(CN2CCCCC2)c1)c1ccccc1,CC(CCCCCC1CCCC(CC2CCCCC2)C1)C1CCCCC1,False,"InChI=1S/C22H28N2O2/c25-22(20-10-3-1-4-11-20)23-13-8-16-26-21-12-7-9-19(17-21)18-24-14-5-2-6-15-24/h1,3-4,7,9-12,17H,2,5-6,8,13-16,18H2,(H,23,25)",IKQPZPCUEJJIRL-UHFFFAOYSA-N,IKQPZPCUEJJIRL,0,False,True,False,False,IKQPZPCUEJJIRL-UHFFFAOYSA-N,1,True,1
B3D_0151,bbb_control_b3db,BBBCTRL_151,1-(3-fluoropropyl)-2-nitroimidazole (fpn),C1=CN(C(=N1)[N+](=O)[O-])CCCF,,,,,,,,,,,,control_positive,logBB,-0.24,,,B,BBBCTRL_151,False,True,True,O=[N+]([O-])c1nccn1CCCF,1,False,0,0,False,False,无改动,173.14699999999996,173.060054716,12,60.96,60.96,1.1508999999999998,39.47340000000002,0,3,4,4,1,1,0.5,6,0,0.5064537679155272,0,c1c[nH]cn1,C1CCCC1,False,"InChI=1S/C6H8FN3O2/c7-2-1-4-9-5-3-8-6(9)10(11)12/h3,5H,1-2,4H2",IZLMHZNPHNYQDM-UHFFFAOYSA-N,IZLMHZNPHNYQDM,0,False,False,False,False,IZLMHZNPHNYQDM-UHFFFAOYSA-N,1,True,3
B3D_0152,bbb_control_b3db,BBBCTRL_152,222722-65-8,CC(C)(CN1C(=O)C=CC(=N1)C2=C3C=CC=CN3N=C2C4=CC=CC=C4)O,,,,,,,,,,,,control_positive,logBB,-0.23,,,B,BBBCTRL_152,False,True,True,CC(C)(O)Cn1nc(-c2c(-c3ccccc3)nn3ccccc23)ccc1=O,1,False,0,0,False,False,无改动,360.41700000000014,360.15862588,27,72.41999999999999,72.41999999999999,2.9959000000000016,104.41680000000004,1,4,4,4,4,4,0.19047619047619047,6,0,0.6072034187166541,0,O=c1ccc(-c2c(-c3ccccc3)nn3ccccc23)n[nH]1,CC1CCC(C2C3CCCCC3CC2C2CCCCC2)CC1,False,"InChI=1S/C21H20N4O2/c1-21(2,27)14-25-18(26)12-11-16(22-25)19-17-10-6-7-13-24(17)23-20(19)15-8-4-3-5-9-15/h3-13,27H,14H2,1-2H3",DAFCHQXXMZCOOE-UHFFFAOYSA-N,DAFCHQXXMZCOOE,0,False,False,False,False,DAFCHQXXMZCOOE-UHFFFAOYSA-N,1,True,2
B3D_0153,bbb_control_b3db,BBBCTRL_153,schembl5488979,CCCN(CC1CC1)C2=NC(=NC3=C2CCN3C4=C(C=C(C=C4)Cl)Cl)C,,,,,,,,,,,,control_positive,logBB,-0.22,,,B,BBBCTRL_153,False,True,True,CCCN(CC1CC1)c1nc(C)nc2c1CCN2c1ccc(Cl)cc1Cl,1,False,0,0,False,False,无改动,391.346,390.137802128,26,32.260000000000005,32.260000000000005,5.412420000000005,109.16900000000005,0,4,6,6,4,2,0.5,6,0,0.6589671120882432,1,c1ccc(N2CCc3c(NCC4CC4)ncnc32)cc1,C1CCC(C2CCC3C(CCC4CC4)CCCC23)CC1,False,"InChI=1S/C20H24Cl2N4/c1-3-9-25(12-14-4-5-14)19-16-8-10-26(20(16)24-13(2)23-19)18-7-6-15(21)11-17(18)22/h6-7,11,14H,3-5,8-10,12H2,1-2H3",IAUVMKVMXOOFMS-UHFFFAOYSA-N,IAUVMKVMXOOFMS,0,False,False,False,False,IAUVMKVMXOOFMS-UHFFFAOYSA-N,1,True,1
B3D_0154,bbb_control_b3db,BBBCTRL_154,ticalopride,COC1CNCCC1NC(=O)C2=CC(=C(C=C2OC)N)Cl,,,,,,,,,,,,control_positive,logBB,-0.22,,,B,BBBCTRL_154,False,True,True,COc1cc(N)c(Cl)cc1C(=O)NC1CCNCC1OC,1,False,0,0,False,False,无改动,313.7850000000001,313.11931918,21,85.61,85.61,1.0374999999999999,81.95430000000003,3,5,4,5,2,1,0.5,7,0,0.7231513993244779,0,O=C(NC1CCNCC1)c1ccccc1,CC(CC1CCCCC1)C1CCCCC1,False,"InChI=1S/C14H20ClN3O3/c1-20-12-6-10(16)9(15)5-8(12)14(19)18-11-3-4-17-7-13(11)21-2/h5-6,11,13,17H,3-4,7,16H2,1-2H3,(H,18,19)",OMLDMGPCWMBPAN-UHFFFAOYSA-N,OMLDMGPCWMBPAN,2,False,True,False,False,OMLDMGPCWMBPAN-UHFFFAOYSA-N,1,True,1
B3D_0155,bbb_control_b3db,BBBCTRL_155,pfizer compound 16,COC1=C(C=C(C=C1)N2CCCC2=O)CNC3CCCNC3C4=CC=CC=C4,,,,,,,,,,,,control_positive,logBB,-0.22,,,B,BBBCTRL_155,False,True,True,COc1ccc(N2CCCC2=O)cc1CNC1CCCNC1c1ccccc1,1,False,0,0,False,False,无改动,379.5040000000001,379.22597716800004,28,53.6,53.6,3.4049000000000014,111.62840000000003,2,4,6,6,4,2,0.43478260869565216,5,0,0.8077014165354736,0,O=C1CCCN1c1cccc(CNC2CCCNC2c2ccccc2)c1,CC1CCCC1C1CCCC(CCC2CCCCC2C2CCCCC2)C1,False,"InChI=1S/C23H29N3O2/c1-28-21-12-11-19(26-14-6-10-22(26)27)15-18(21)16-25-20-9-5-13-24-23(20)17-7-3-2-4-8-17/h2-4,7-8,11-12,15,20,23-25H,5-6,9-10,13-14,16H2,1H3",RSULMLYEIFKILJ-UHFFFAOYSA-N,RSULMLYEIFKILJ,2,False,True,False,False,RSULMLYEIFKILJ-UHFFFAOYSA-N,1,True,1
B3D_0156,bbb_control_b3db,BBBCTRL_156,cortisol,C[C@]12CCC(=O)C=C1CC[C@H]3[C@@H]2[C@H](C[C@]4([C@H]3CC[C@@]4(C(=O)CO)O)C)O,,,,,,,,,,,,control_positive,logBB,-0.22,,,B,BBBCTRL_156,False,True,True,C[C@]12CCC(=O)C=C1CC[C@H]1[C@@H]2[C@@H](O)C[C@@]2(C)[C@H]1CC[C@]2(O)C(=O)CO,1,False,0,0,False,False,无改动,362.4660000000002,362.2093240599999,26,94.83,94.83,1.7815999999999996,95.14240000000004,3,5,2,2,4,0,0.8095238095238095,5,0,0.6960164410604959,0,O=C1C=C2CC[C@@H]3[C@@H]4CCCC4CC[C@@H]3C2CC1,CC1CCC2C(CCC3C4CCCC4CCC23)C1,False,"InChI=1S/C21H30O5/c1-19-7-5-13(23)9-12(19)3-4-14-15-6-8-21(26,17(25)11-22)20(15,2)10-16(24)18(14)19/h9,14-16,18,22,24,26H,3-8,10-11H2,1-2H3/t14-,15+,16+,18-,19+,20+,21+/m1/s1",JYGXADMDTFJGBT-IRZSNYKVSA-N,JYGXADMDTFJGBT,7,False,False,False,False,JYGXADMDTFJGBT-IRZSNYKVSA-N,1,True,1
B3D_0157,bbb_control_b3db,BBBCTRL_157,schembl4036207,CC1CN(CCN1)C2=NC3=C(C=C2)N=C(C4=CN=CN43)NC5=C(C=CC=C5Cl)C,,,,,,,,,,,,control_positive,logBB,-0.22,,,B,BBBCTRL_157,False,True,True,Cc1cccc(Cl)c1Nc1nc2ccc(N3CCNC(C)C3)nc2n2cncc12,1,False,0,0,False,False,无改动,407.90900000000016,407.16252138400006,29,70.38000000000001,70.38000000000001,3.7810200000000025,117.43740000000003,2,6,3,3,5,4,0.2857142857142857,8,0,0.5382375049173326,0,c1ccc(Nc2nc3ccc(N4CCNCC4)nc3n3cncc23)cc1,C1CCC(CC2CC3CCC(C4CCCCC4)CC3C3CCCC23)CC1,False,"InChI=1S/C21H22ClN7/c1-13-4-3-5-15(22)19(13)27-20-17-10-23-12-29(17)21-16(25-20)6-7-18(26-21)28-9-8-24-14(2)11-28/h3-7,10,12,14,24H,8-9,11H2,1-2H3,(H,25,27)",PUNYTBZWCMNSRO-UHFFFAOYSA-N,PUNYTBZWCMNSRO,1,False,True,False,False,PUNYTBZWCMNSRO-UHFFFAOYSA-N,1,True,1
B3D_0158,bbb_control_b3db,BBBCTRL_158,abacavir,C1CC1NC2=C3C(=NC(=N2)N)N(C=N3)[C@@H]4C[C@H](C=C4)CO,,,,,,,,,,,,control_positive,logBB,-0.22,,,B,BBBCTRL_158,False,True,True,Nc1nc(NC2CC2)c2ncn([C@H]3C=C[C@H](CO)C3)c2n1,1,False,0,0,False,False,无改动,286.33900000000006,286.154209196,21,101.88,101.88,1.0922999999999998,79.74990000000001,3,6,4,4,4,2,0.5,7,0,0.7272302824304794,0,C1=C[C@H](n2cnc3c(NC4CC4)ncnc32)CC1,C1CCC(C2CCC3C(CC4CC4)CCCC23)C1,False,"InChI=1S/C14H18N6O/c15-14-18-12(17-9-2-3-9)11-13(19-14)20(7-16-11)10-4-1-8(5-10)6-21/h1,4,7-10,21H,2-3,5-6H2,(H3,15,17,18,19)/t8-,10-/m0/s1",MCGSCOLBFJQGHM-WPRPVWTQSA-N,MCGSCOLBFJQGHM,2,False,False,False,False,MCGSCOLBFJQGHM-WPRPVWTQSA-N,1,True,1
B3D_0159,bbb_control_b3db,BBBCTRL_159,fluconazole,C1=CC(=C(C=C1F)F)C(CN2C=NC=N2)(CN3C=NC=N3)O,,,,,,,,,,,,control_positive,logBB,-0.22,,,B,BBBCTRL_159,False,True,True,OC(Cn1cncn1)(Cn1cncn1)c1ccc(F)cc1F,1,False,0,0,False,False,无改动,306.276,306.10406544399996,22,81.64999999999999,81.64999999999999,0.7357999999999993,70.29880000000001,1,5,5,5,3,3,0.23076923076923078,9,0,0.7515159753061997,0,c1ccc(C(Cn2cncn2)Cn2cncn2)cc1,C1CCC(C(CC2CCCC2)CC2CCCC2)CC1,False,"InChI=1S/C13H12F2N6O/c14-10-1-2-11(12(15)3-10)13(22,4-20-8-16-6-18-20)5-21-9-17-7-19-21/h1-3,6-9,22H,4-5H2",RFHAOTPXVQNOHP-UHFFFAOYSA-N,RFHAOTPXVQNOHP,0,False,False,False,False,RFHAOTPXVQNOHP-UHFFFAOYSA-N,1,True,1
B3D_0160,bbb_control_b3db,BBBCTRL_160,quinidine,COC1=CC2=C(C=CN=C2C=C1)[C@@H]([C@H]3CC4CCN3C[C@@H]4C=C)O,,,,,,,,,,,,control_positive,logBB,-0.21,,,B,BBBCTRL_160,False,True,True,C=C[C@H]1CN2CCC1C[C@@H]2[C@@H](O)c1ccnc2ccc(OC)cc12,1,False,0,0,False,False,无改动,324.4240000000001,324.183778008,24,45.59,45.59,3.1732000000000014,95.02680000000007,1,4,4,4,5,2,0.45,4,0,0.8776016184783941,0,c1ccc2c(C[C@H]3CC4CCN3CC4)ccnc2c1,C1CCC2C(C1)CCCC2CC1CC2CCC1CC2,False,"InChI=1S/C20H24N2O2/c1-3-13-12-22-9-7-14(13)10-19(22)20(23)16-6-8-21-18-5-4-15(24-2)11-17(16)18/h3-6,8,11,13-14,19-20,23H,1,7,9-10,12H2,2H3/t13-,14?,19+,20-/m0/s1",LOUPRKONTZGTKE-NBGVHYBESA-N,LOUPRKONTZGTKE,5,False,True,False,False,LOUPRKONTZGTKE-NBGVHYBESA-N,1,True,1
B3D_0161,bbb_control_b3db,BBBCTRL_161,tz-3,Fc1cccc(F)c1[NH+]=C2NCCN2,,,,,,,,,,,,control_positive,logBB,-0.2,,,B,BBBCTRL_161,False,True,True,Fc1cccc(F)c1N=C1NCCN1,1,False,1,0,True,True,中性化：1 → 0,197.18800000000002,197.076453728,14,36.42,36.42,1.1451,49.45840000000002,2,1,1,1,2,1,0.2222222222222222,5,0,0.7080045106585726,0,c1ccc(N=C2NCCN2)cc1,C1CCC(CC2CCCC2)CC1,False,"InChI=1S/C9H9F2N3/c10-6-2-1-3-7(11)8(6)14-9-12-4-5-13-9/h1-3H,4-5H2,(H2,12,13,14)",IUWWOCDHDVOZOJ-UHFFFAOYSA-N,IUWWOCDHDVOZOJ,0,False,True,False,False,IUWWOCDHDVOZOJ-UHFFFAOYSA-N,1,True,4
B3D_0162,bbb_control_b3db,BBBCTRL_162,indole-based mchr1 antagonist(7a),C1CCN(C1)CCN2C3=C(C=CC(=C3)NC(=O)CC4=CC=C(C=C4)OCC5=CC=CC=C5)C=N2,,,,,,,,,,,,control_positive,logBB,-0.2,,,B,BBBCTRL_162,False,True,True,O=C(Cc1ccc(OCc2ccccc2)cc1)Nc1ccc2cnn(CCN3CCCC3)c2c1,1,False,0,0,False,False,无改动,454.57400000000035,454.2368762000001,34,59.39,59.39,4.892300000000004,134.95669999999996,1,4,9,10,5,4,0.2857142857142857,6,0,0.39113476237710976,0,O=C(Cc1ccc(OCc2ccccc2)cc1)Nc1ccc2cnn(CCN3CCCC3)c2c1,CC(CC1CCC(CCC2CCCCC2)CC1)CC1CCC2CCC(CCC3CCCC3)C2C1,False,"InChI=1S/C28H30N4O2/c33-28(18-22-8-12-26(13-9-22)34-21-23-6-2-1-3-7-23)30-25-11-10-24-20-29-32(27(24)19-25)17-16-31-14-4-5-15-31/h1-3,6-13,19-20H,4-5,14-18,21H2,(H,30,33)",OMZPZOSWJGZBRV-UHFFFAOYSA-N,OMZPZOSWJGZBRV,0,False,True,False,False,OMZPZOSWJGZBRV-UHFFFAOYSA-N,1,True,1
B3D_0163,bbb_control_b3db,BBBCTRL_163,liv-21,C1CN(CCC1CNC2=NC=NC=C2)C(=O)OCC3=CC=CC=C3,,,,,,,,,,,,control_positive,logBB,-0.2,,,B,BBBCTRL_163,False,True,True,O=C(OCc1ccccc1)N1CCC(CNc2ccncn2)CC1,1,False,0,0,False,False,无改动,326.40000000000003,326.174275944,24,67.35,67.35,2.9373000000000014,91.44570000000006,1,5,5,7,3,2,0.3888888888888889,6,0,0.9148172844022786,0,O=C(OCc1ccccc1)N1CCC(CNc2ccncn2)CC1,CC(CCC1CCCCC1)C1CCC(CCC2CCCCC2)CC1,False,"InChI=1S/C18H22N4O2/c23-18(24-13-16-4-2-1-3-5-16)22-10-7-15(8-11-22)12-20-17-6-9-19-14-21-17/h1-6,9,14-15H,7-8,10-13H2,(H,19,20,21)",YCMQHZLCRNKFNN-UHFFFAOYSA-N,YCMQHZLCRNKFNN,0,False,False,False,False,YCMQHZLCRNKFNN-UHFFFAOYSA-N,1,True,1
B3D_0164,bbb_control_b3db,BBBCTRL_164,thioperamide,C1CCC(CC1)NC(=S)N2CCC(CC2)C3=CN=CN3,,,,,,,,,,,,control_positive,logBB,-0.2,,,B,BBBCTRL_164,False,True,True,S=C(NC1CCCCC1)N1CCC(c2cnc[nH]2)CC1,1,False,0,0,False,False,无改动,292.45200000000006,292.172167768,20,43.95,76.04,2.7963000000000005,84.74240000000003,2,2,2,4,3,1,0.7333333333333333,5,0,0.8227898164712498,0,S=C(NC1CCCCC1)N1CCC(c2cnc[nH]2)CC1,CC(CC1CCCCC1)C1CCC(C2CCCC2)CC1,False,"InChI=1S/C15H24N4S/c20-15(18-13-4-2-1-3-5-13)19-8-6-12(7-9-19)14-10-16-11-17-14/h10-13H,1-9H2,(H,16,17)(H,18,20)",QKDDJDBFONZGBW-UHFFFAOYSA-N,QKDDJDBFONZGBW,0,False,True,False,False,QKDDJDBFONZGBW-UHFFFAOYSA-N,1,True,1
B3D_0165,bbb_control_b3db,BBBCTRL_165,prednisolone,C[C@]12CC([C@H]3[C@H]([C@@H]1CC[C@@]2(C(=O)CO)O)CCC4=CC(=O)C=C[C@]34C)O,,,,,,,,,,,,control_positive,logBB,-0.18,,,B,BBBCTRL_165,False,True,True,C[C@]12C=CC(=O)C=C1CC[C@@H]1[C@@H]2C(O)C[C@@]2(C)[C@H]1CC[C@]2(O)C(=O)CO,1,False,0,0,False,False,无改动,360.4500000000002,360.1936739959999,26,94.83,94.83,1.5575999999999999,95.04840000000004,3,5,2,2,4,0,0.7142857142857143,5,0,0.6946116752943168,0,O=C1C=CC2C(=C1)CC[C@H]1[C@@H]3CCCC3CC[C@H]21,CC1CCC2C(CCC3C4CCCC4CCC23)C1,False,"InChI=1S/C21H28O5/c1-19-7-5-13(23)9-12(19)3-4-14-15-6-8-21(26,17(25)11-22)20(15,2)10-16(24)18(14)19/h5,7,9,14-16,18,22,24,26H,3-4,6,8,10-11H2,1-2H3/t14-,15-,16?,18+,19-,20-,21-/m0/s1",OIGNJSKKLXVSLS-KZUKIWJVSA-N,OIGNJSKKLXVSLS,7,False,False,False,False,OIGNJSKKLXVSLS-KZUKIWJVSA-N,1,True,1
B3D_0166,bbb_control_b3db,BBBCTRL_166,201038-74-6,CC1CCN(CC1)CC[C@H]2CCCN2S(=O)(=O)C3=CC=CC(=C3)O,,,,,,,,,,,,control_positive,logBB,-0.17,,,B,BBBCTRL_166,False,True,True,CC1CCN(CC[C@H]2CCCN2S(=O)(=O)c2cccc(O)c2)CC1,1,False,0,0,False,False,无改动,352.5000000000001,352.182063756,24,60.85000000000001,69.23,2.667300000000001,94.47560000000007,1,4,5,5,3,1,0.6666666666666666,6,0,0.88496014617355,0,O=S(=O)(c1ccccc1)N1CCC[C@@H]1CCN1CCCCC1,CC(C)(C1CCCCC1)C1CCCC1CCC1CCCCC1,False,"InChI=1S/C18H28N2O3S/c1-15-7-11-19(12-8-15)13-9-16-4-3-10-20(16)24(22,23)18-6-2-5-17(21)14-18/h2,5-6,14-16,21H,3-4,7-13H2,1H3/t16-/m1/s1",HWKROQUZSKPIKQ-MRXNPFEDSA-N,HWKROQUZSKPIKQ,1,False,True,True,False,HWKROQUZSKPIKQ-MRXNPFEDSA-N,1,True,1
B3D_0167,bbb_control_b3db,BBBCTRL_167,2-oxo-4-[3-(trifluoromethoxy)anilino]-6-methyl-3-cyclohexene-1-carboxylic acid methyl ester,CC1CC(=CC(=O)C1C(=O)OC)NC2=CC(=CC=C2)OC(F)(F)F,,,,,,,,,,,,control_positive,logBB,-0.17,,,B,BBBCTRL_167,False,True,True,COC(=O)C1C(=O)C=C(Nc2cccc(OC(F)(F)F)c2)CC1C,1,False,0,0,False,False,无改动,343.30100000000004,343.103142652,24,64.63000000000001,64.63000000000001,3.2791000000000023,79.12470000000002,1,5,4,6,2,1,0.375,8,0,0.6713578730911236,0,O=C1C=C(Nc2ccccc2)CCC1,CC1CCCC(CC2CCCCC2)C1,False,"InChI=1S/C16H16F3NO4/c1-9-6-11(8-13(21)14(9)15(22)23-2)20-10-4-3-5-12(7-10)24-16(17,18)19/h3-5,7-9,14,20H,6H2,1-2H3",ZLEQCGLRXGQXNI-UHFFFAOYSA-N,ZLEQCGLRXGQXNI,2,False,False,False,False,ZLEQCGLRXGQXNI-UHFFFAOYSA-N,1,True,2
B3D_0168,bbb_control_b3db,BBBCTRL_168,pralidoxime,C[N+]1=CC=CC=C1/C=N/O,,,,,,,,,,,,control_positive,logBB,-0.17,,,B,BBBCTRL_168,False,True,True,C[n+]1ccccc1/C=N/O,1,False,1,1,False,False,无改动,137.162,137.07093932809,10,36.47,36.47,0.3191999999999999,36.99849999999999,1,2,1,1,1,1,0.14285714285714285,3,1,0.2571575036828201,0,c1cc[nH+]cc1,C1CCCCC1,False,"InChI=1S/C7H8N2O/c1-9-5-3-2-4-7(9)6-8-10/h2-6H,1H3/p+1",JBKPUQTUERUYQE-UHFFFAOYSA-O,JBKPUQTUERUYQE,0,False,False,False,False,JBKPUQTUERUYQE-UHFFFAOYSA-O,1,True,1
B3D_0169,bbb_control_b3db,BBBCTRL_169,1-(8-fluorooctyl)-2-nitroimidazole (fon),C1=CN(C(=N1)[N+](=O)[O-])CCCCCCCCF,,,,,,,,,,,,control_positive,logBB,-0.17,,,B,BBBCTRL_169,False,True,True,O=[N+]([O-])c1nccn1CCCCCCCCF,1,False,0,0,False,False,无改动,243.2819999999999,243.138305036,17,60.96,60.96,3.1014000000000017,62.55840000000004,0,3,9,9,1,1,0.7272727272727273,6,0,0.38011570187988647,0,c1c[nH]cn1,C1CCCC1,False,"InChI=1S/C11H18FN3O2/c12-7-5-3-1-2-4-6-9-14-10-8-13-11(14)15(16)17/h8,10H,1-7,9H2",KXCXQGSWBPDUKN-UHFFFAOYSA-N,KXCXQGSWBPDUKN,0,False,False,False,False,KXCXQGSWBPDUKN-UHFFFAOYSA-N,1,True,3
B3D_0170,bbb_control_b3db,BBBCTRL_170,pefloxacin,CCN1C=C(C(=O)C2=CC(=C(C=C21)N3CCN(CC3)C)F)C(=O)O,,,,,,,,,,,,control_positive,logBB,-0.16,,,B,BBBCTRL_170,False,True,True,CCn1cc(C(=O)O)c(=O)c2cc(F)c(N3CCN(C)CC3)cc21,1,False,0,0,False,False,无改动,333.36300000000006,333.14886972,24,65.78,65.78,1.6105000000000003,90.50930000000004,1,4,3,3,3,2,0.4117647058823529,7,0,0.9243839877881742,0,O=c1cc[nH]c2cc(N3CCNCC3)ccc12,CC1CCCC2CC(C3CCCCC3)CCC12,False,"InChI=1S/C17H20FN3O3/c1-3-20-10-12(17(23)24)16(22)11-8-13(18)15(9-14(11)20)21-6-4-19(2)5-7-21/h8-10H,3-7H2,1-2H3,(H,23,24)",FHFYDNQZQSQIAI-UHFFFAOYSA-N,FHFYDNQZQSQIAI,0,True,True,False,False,FHFYDNQZQSQIAI-UHFFFAOYSA-N,1,True,3
B3D_0171,bbb_control_b3db,BBBCTRL_171,vorozole,CN1C2=C(C=CC(=C2)C(C3=CC=C(C=C3)Cl)N4C=NC=N4)N=N1,,,,,,,,,,,,control_positive,logBB,-0.16,,,B,BBBCTRL_171,False,True,True,Cn1nnc2ccc(C(c3ccc(Cl)cc3)n3cncn3)cc21,1,False,0,0,False,False,无改动,324.77500000000003,324.08902209600006,23,61.42,61.42,2.8509,87.22400000000003,0,4,3,3,4,4,0.125,7,0,0.5811314334288238,0,c1ccc(C(c2ccc3nn[nH]c3c2)n2cncn2)cc1,C1CCC(C(C2CCCC2)C2CCC3CCCC3C2)CC1,False,"InChI=1S/C16H13ClN6/c1-22-15-8-12(4-7-14(15)20-21-22)16(23-10-18-9-19-23)11-2-5-13(17)6-3-11/h2-10,16H,1H3",XLMPPFTZALNBFS-UHFFFAOYSA-N,XLMPPFTZALNBFS,1,False,False,False,False,XLMPPFTZALNBFS-UHFFFAOYSA-N,1,True,1
B3D_0172,bbb_control_b3db,BBBCTRL_172,epinastine,C1C2C3=CC=CC=C3CC4=CC=CC=C4N2C(=N1)N,,,,,,,,,,,,control_positive,logBB,-0.16,,,B,BBBCTRL_172,False,True,True,NC1=NCC2c3ccccc3Cc3ccccc3N12,1,False,0,0,False,False,无改动,249.31699999999998,249.12659748,19,41.62,41.62,2.4668,77.39940000000003,1,3,0,0,4,2,0.1875,3,0,0.7789519520165338,0,C1=NCC2c3ccccc3Cc3ccccc3N12,C1CCC2C(C1)CC1CCCCC1C1CCCC21,False,"InChI=1S/C16H15N3/c17-16-18-10-15-13-7-3-1-5-11(13)9-12-6-2-4-8-14(12)19(15)16/h1-8,15H,9-10H2,(H2,17,18)",WHWZLSFABNNENI-UHFFFAOYSA-N,WHWZLSFABNNENI,1,False,True,False,False,WHWZLSFABNNENI-UHFFFAOYSA-N,1,True,1
B3D_0173,bbb_control_b3db,BBBCTRL_173,daidzein ok,C1=CC(=CC=C1C2=COC3=C(C2=O)C=CC(=C3)O)O,,,,,,,,,,,,control_positive,logBB,-0.15,,,B,BBBCTRL_173,False,True,True,O=c1c(-c2ccc(O)cc2)coc2cc(O)ccc12,1,False,0,0,False,False,无改动,254.24099999999999,254.0579088,19,70.67,70.67,2.871200000000001,71.24960000000002,2,4,1,1,3,3,0.0,4,0,0.700091545915688,0,O=c1c(-c2ccccc2)coc2ccccc12,CC1C2CCCCC2CCC1C1CCCCC1,False,"InChI=1S/C15H10O4/c16-10-3-1-9(2-4-10)13-8-19-14-7-11(17)5-6-12(14)15(13)18/h1-8,16-17H",ZQSIJRDFPHDXIC-UHFFFAOYSA-N,ZQSIJRDFPHDXIC,0,False,False,False,False,ZQSIJRDFPHDXIC-UHFFFAOYSA-N,1,True,1
B3D_0174,bbb_control_b3db,BBBCTRL_174,sr-4688,CC(=O)/C=C/C1=CC=CS1,,,,,,,,,,,,control_positive,logBB,-0.14,,,B,BBBCTRL_174,False,True,True,CC(=O)/C=C/c1cccs1,1,False,0,0,False,False,无改动,152.21799999999996,152.029585876,10,17.07,45.31,2.3503000000000007,44.03400000000002,0,2,2,2,1,1,0.125,2,0,0.594377244924483,0,c1ccsc1,C1CCCC1,False,"InChI=1S/C8H8OS/c1-7(9)4-5-8-3-2-6-10-8/h2-6H,1H3/b5-4+",CIMALVIHZVKKPE-SNAWJCMRSA-N,CIMALVIHZVKKPE,0,False,False,False,False,CIMALVIHZVKKPE-SNAWJCMRSA-N,1,True,1
B3D_0175,bbb_control_b3db,BBBCTRL_175,u 88703,CC(C)NC1=C(N=CC=C1)N2CCNCC2,,,,,,,,,,,,control_positive,logBB,-0.14,,,B,BBBCTRL_175,False,True,True,CC(C)Nc1cccnc1N1CCNCC1,1,False,0,0,False,False,无改动,220.31999999999994,220.16879663999998,16,40.190000000000005,40.190000000000005,1.3114999999999997,68.07840000000004,2,4,3,3,2,1,0.5833333333333334,4,0,0.8055788657585661,0,c1ccc(N2CCNCC2)nc1,C1CCC(C2CCCCC2)CC1,False,"InChI=1S/C12H20N4/c1-10(2)15-11-4-3-5-14-12(11)16-8-6-13-7-9-16/h3-5,10,13,15H,6-9H2,1-2H3",COALJHRGWIXLFP-UHFFFAOYSA-N,COALJHRGWIXLFP,0,False,True,False,False,COALJHRGWIXLFP-UHFFFAOYSA-N,1,True,2
B3D_0176,bbb_control_b3db,BBBCTRL_176,fluoroethylflumazenil f-18,CCOC(=O)C1=C2CN(C(=O)C3=C(N2C=N1)C=CC(=C3)F)CC[18F],,,,,,,,,,,,control_positive,logBB,-0.14,,,B,BBBCTRL_176,False,True,True,CCOC(=O)c1ncn2c1CN(CC[18F])C(=O)c1cc(F)ccc1-2,1,False,0,0,False,False,无改动,334.312938,334.11068256000004,24,64.43,64.43,2.1134,80.19400000000003,0,4,4,5,3,2,0.3125,8,0,0.8035652817786733,0,O=C1NCc2cncn2-c2ccccc21,CC1CCC2CCCC2C2CCCCC12,False,"InChI=1S/C16H15F2N3O3/c1-2-24-16(23)14-13-8-20(6-5-17)15(22)11-7-10(18)3-4-12(11)21(13)9-19-14/h3-4,7,9H,2,5-6,8H2,1H3/i17-1",NRBIGDVWCXXFLI-SJPDSGJFSA-N,NRBIGDVWCXXFLI,0,False,False,False,False,NRBIGDVWCXXFLI-SJPDSGJFSA-N,1,True,3
B3D_0177,bbb_control_b3db,BBBCTRL_177,mchr antagonist 8,C1CN(CCC1NC2=CC(=O)OC3=C2C=C(C=C3)Cl)CC4=CC5=C(C=C4)OCC5,,,,,,,,,,,,control_positive,logBB,-0.14,,,B,BBBCTRL_177,False,True,True,O=c1cc(NC2CCN(Cc3ccc4c(c3)CCO4)CC2)c2cc(Cl)ccc2o1,1,False,0,0,False,False,无改动,410.90100000000024,410.139720276,29,54.71000000000001,54.71000000000001,4.457800000000004,115.05670000000002,1,5,4,4,5,3,0.34782608695652173,6,0,0.6434661332589057,0,O=c1cc(NC2CCN(Cc3ccc4c(c3)CCO4)CC2)c2ccccc2o1,CC1CC2CCCCC2C(CC2CCC(CC3CCC4CCCC4C3)CC2)C1,False,"InChI=1S/C23H23ClN2O3/c24-17-2-4-22-19(12-17)20(13-23(27)29-22)25-18-5-8-26(9-6-18)14-15-1-3-21-16(11-15)7-10-28-21/h1-4,11-13,18,25H,5-10,14H2",HXHZJLLLLXIFNR-UHFFFAOYSA-N,HXHZJLLLLXIFNR,0,False,True,False,False,HXHZJLLLLXIFNR-UHFFFAOYSA-N,1,True,1
B3D_0178,bbb_control_b3db,BBBCTRL_178,chembl1950330,CC1CCN(CC1)C(=O)C2=CC3=C(C=C2)N(C4=C3CN(CC4)CC5CC5)CC=C,,,,,,,,,,,,control_positive,logBB,-0.13,,,B,BBBCTRL_178,False,True,True,C=CCn1c2c(c3cc(C(=O)N4CCC(C)CC4)ccc31)CN(CC1CC1)CC2,1,False,0,0,False,False,无改动,391.5590000000002,391.262362676,29,28.480000000000004,28.480000000000004,4.467500000000005,118.14150000000006,0,2,5,6,5,2,0.56,4,0,0.7038528699869752,0,O=C(c1ccc2[nH]c3c(c2c1)CN(CC1CC1)CC3)N1CCCCC1,CC(C1CCCCC1)C1CCC2CC3CCC(CC4CC4)CC3C2C1,False,"InChI=1S/C25H33N3O/c1-3-11-28-23-7-6-20(25(29)27-13-8-18(2)9-14-27)15-21(23)22-17-26(12-10-24(22)28)16-19-4-5-19/h3,6-7,15,18-19H,1,4-5,8-14,16-17H2,2H3",ATFPKCCWKBNASV-UHFFFAOYSA-N,ATFPKCCWKBNASV,0,False,True,False,False,ATFPKCCWKBNASV-UHFFFAOYSA-N,1,True,1
B3D_0179,bbb_control_b3db,BBBCTRL_179,bisphenol a,CC(C)(C1=CC=C(C=C1)O)C2=CC=C(C=C2)O,,,,,,,,,,,,control_positive,logBB,-0.12,,,B,BBBCTRL_179,False,True,True,CC(C)(c1ccc(O)cc1)c1ccc(O)cc1,1,False,0,0,False,False,无改动,228.291,228.115029752,17,40.46,40.46,3.423700000000002,68.34160000000003,2,2,2,2,2,2,0.2,2,0,0.8263814942234685,0,c1ccc(Cc2ccccc2)cc1,C1CCC(CC2CCCCC2)CC1,False,"InChI=1S/C15H16O2/c1-15(2,11-3-7-13(16)8-4-11)12-5-9-14(17)10-6-12/h3-10,16-17H,1-2H3",IISBACLAFKSPIT-UHFFFAOYSA-N,IISBACLAFKSPIT,0,False,False,False,False,IISBACLAFKSPIT-UHFFFAOYSA-N,1,True,2
B3D_0180,bbb_control_b3db,BBBCTRL_180,chebi: 337303,C1=CC=C(C=C1)CC2=CNC(=C2[N+](=O)[O-])NCCSCC3=CC=CC=N3,,,,,,,,,,,,control_positive,logBB,-0.12,,,B,BBBCTRL_180,False,True,True,O=[N+]([O-])c1c(Cc2ccccc2)c[nH]c1NCCSCc1ccccn1,1,False,0,0,False,False,无改动,368.4620000000001,368.13069688,26,83.85,109.14999999999999,4.254000000000002,105.58380000000002,2,5,9,9,3,3,0.21052631578947367,7,0,0.3349711482897521,0,c1ccc(Cc2c[nH]c(NCCSCc3ccccn3)c2)cc1,C1CCC(CCCCCC2CCC(CC3CCCCC3)C2)CC1,False,"InChI=1S/C19H20N4O2S/c24-23(25)18-16(12-15-6-2-1-3-7-15)13-22-19(18)21-10-11-26-14-17-8-4-5-9-20-17/h1-9,13,21-22H,10-12,14H2",JRFXCOPGCQLSLL-UHFFFAOYSA-N,JRFXCOPGCQLSLL,0,False,False,False,False,JRFXCOPGCQLSLL-UHFFFAOYSA-N,1,True,1
B3D_0181,bbb_control_b3db,BBBCTRL_181,151-83-7,CCC#CC(C)C1(C(=O)NC(=O)N(C1=O)C)CC=C,,,,,,,,,,,,control_positive,logBB,-0.1,,,B,BBBCTRL_181,False,True,True,C=CCC1(C(C)C#CCC)C(=O)NC(=O)N(C)C1=O,1,False,0,0,False,False,无改动,262.30899999999997,262.131742436,19,66.48,66.48,1.3066,70.78670000000002,1,3,3,3,1,0,0.5,5,0,0.47348972477403223,0,O=C1CC(=O)NC(=O)N1,CC1CC(C)CC(C)C1,False,"InChI=1S/C14H18N2O3/c1-5-7-8-10(3)14(9-6-2)11(17)15-13(19)16(4)12(14)18/h6,10H,2,5,9H2,1,3-4H3,(H,15,17,19)",NZXKDOXHBHYTKP-UHFFFAOYSA-N,NZXKDOXHBHYTKP,2,False,False,False,False,NZXKDOXHBHYTKP-UHFFFAOYSA-N,1,True,3
B3D_0182,bbb_control_b3db,BBBCTRL_182,progesterone,CC(=O)[C@H]1CC[C@@H]2[C@@]1(CC[C@H]3[C@H]2CCC4=CC(=O)CC[C@]34C)C,,,,,,,,,,,,control_positive,logBB,-0.1,,,B,BBBCTRL_182,False,True,True,CC(=O)[C@H]1CC[C@H]2[C@@H]3CCC4=CC(=O)CC[C@]4(C)[C@H]3CC[C@]12C,1,False,0,0,False,False,无改动,314.46900000000005,314.2245802,23,34.14,34.14,4.723500000000005,90.88100000000006,0,2,1,1,4,0,0.8095238095238095,2,0,0.7013194281770768,0,O=C1C=C2CC[C@H]3[C@@H]4CCCC4CC[C@@H]3C2CC1,CC1CCC2C(CCC3C4CCCC4CCC23)C1,False,"InChI=1S/C21H30O2/c1-13(22)17-6-7-18-16-5-4-14-12-15(23)8-10-20(14,2)19(16)9-11-21(17,18)3/h12,16-19H,4-11H2,1-3H3/t16-,17+,18-,19-,20-,21+/m0/s1",RJKFOVLPORLFTN-LEKSSAKUSA-N,RJKFOVLPORLFTN,6,False,False,False,False,RJKFOVLPORLFTN-LEKSSAKUSA-N,1,True,1
B3D_0183,bbb_control_b3db,BBBCTRL_183,ffmz,FC1=CC3=C(N2C=NC(C(OC(C)F)=O)=C2CN(C3=O)C)C=C1,,,,,,,,,,,,control_positive,logBB,-0.1,,,B,BBBCTRL_183,False,True,True,CC(F)OC(=O)c1ncn2c1CN(C)C(=O)c1cc(F)ccc1-2,1,False,0,0,False,False,无改动,321.283,321.092497716,23,64.43,64.43,2.0693,75.30500000000002,0,4,2,3,3,2,0.26666666666666666,8,0,0.7944484461296175,0,O=C1NCc2cncn2-c2ccccc21,CC1CCC2CCCC2C2CCCCC12,False,"InChI=1S/C15H13F2N3O3/c1-8(16)23-15(22)13-12-6-19(2)14(21)10-5-9(17)3-4-11(10)20(12)7-18-13/h3-5,7-8H,6H2,1-2H3",VBDHBHIFSRQXKE-UHFFFAOYSA-N,VBDHBHIFSRQXKE,1,False,False,False,False,VBDHBHIFSRQXKE-UHFFFAOYSA-N,1,True,3
B3D_0184,bbb_control_b3db,BBBCTRL_184,kcl-440,CN(C)CC1=CC=C(C=C1)C2=CNC(=O)C3=C2C(=CC=C3)O,,,,,,,,,,,,control_positive,logBB,-0.1,,,B,BBBCTRL_184,False,True,True,CN(C)Cc1ccc(-c2c[nH]c(=O)c3cccc(O)c23)cc1,1,False,0,0,False,False,无改动,294.35400000000004,294.136827816,22,56.33,56.33,2.962300000000001,89.06050000000002,2,3,3,3,3,3,0.16666666666666666,4,0,0.7805806720436699,0,O=c1[nH]cc(-c2ccccc2)c2ccccc12,CC1CCC(C2CCCCC2)C2CCCCC12,False,"InChI=1S/C18H18N2O2/c1-20(2)11-12-6-8-13(9-7-12)15-10-19-18(22)14-4-3-5-16(21)17(14)15/h3-10,21H,11H2,1-2H3,(H,19,22)",NCBXZVLOVKDCMW-UHFFFAOYSA-N,NCBXZVLOVKDCMW,0,False,True,False,False,NCBXZVLOVKDCMW-UHFFFAOYSA-N,1,True,1
B3D_0185,bbb_control_b3db,BBBCTRL_185,prucalopride,COCCCN1CCC(CC1)NC(=O)C2=CC(=C(C3=C2OCC3)N)Cl,,,,,,,,,,,,control_positive,logBB,-0.1,,,B,BBBCTRL_185,False,True,True,COCCCN1CCC(NC(=O)c2cc(Cl)c(N)c3c2OCC3)CC1,1,False,0,0,False,False,无改动,367.8770000000003,367.166269372,25,76.82000000000001,76.82000000000001,2.0877999999999997,98.48460000000006,2,5,6,7,3,1,0.6111111111111112,7,0,0.5943769539353737,0,O=C(NC1CCNCC1)c1cccc2c1OCC2,CC(CC1CCCCC1)C1CCCC2CCCC21,False,"InChI=1S/C18H26ClN3O3/c1-24-9-2-6-22-7-3-12(4-8-22)21-18(23)14-11-15(19)16(20)13-5-10-25-17(13)14/h11-12H,2-10,20H2,1H3,(H,21,23)",ZPMNHBXQOOVQJL-UHFFFAOYSA-N,ZPMNHBXQOOVQJL,0,False,True,False,False,ZPMNHBXQOOVQJL-UHFFFAOYSA-N,1,True,1
B3D_0186,bbb_control_b3db,BBBCTRL_186,"rofecoxib, vioxx",CS(=O)(=O)C1=CC=C(C=C1)C2=C(C(=O)OC2)C3=CC=CC=C3,,,,,,,,,,,,control_positive,logBB,-0.1,,,B,BBBCTRL_186,False,True,True,CS(=O)(=O)c1ccc(C2=C(c3ccccc3)C(=O)OC2)cc1,1,False,0,0,False,False,无改动,314.3620000000001,314.061279928,22,60.44,68.82000000000001,2.5577000000000005,83.76680000000003,0,4,3,3,3,2,0.11764705882352941,5,0,0.8169951703125135,0,O=C1OCC(c2ccccc2)=C1c1ccccc1,CC1CCC(C2CCCCC2)C1C1CCCCC1,False,"InChI=1S/C17H14O4S/c1-22(19,20)14-9-7-12(8-10-14)15-11-21-17(18)16(15)13-5-3-2-4-6-13/h2-10H,11H2,1H3",RZJQGNCSTQAWON-UHFFFAOYSA-N,RZJQGNCSTQAWON,0,False,False,False,False,RZJQGNCSTQAWON-UHFFFAOYSA-N,1,True,1
B3D_0187,bbb_control_b3db,BBBCTRL_187,iodoantipyrine,CC1=C(C(=O)N(N1C)C2=CC=CC=C2)I,,,,,,,,,,,,control_positive,logBB,-0.1,,,B,BBBCTRL_187,False,True,True,Cc1c(I)c(=O)n(-c2ccccc2)n1C,1,False,0,0,False,False,无改动,314.12600000000003,313.99161097200005,15,26.93,26.93,2.0890199999999997,68.46400000000003,0,1,1,1,2,2,0.18181818181818182,4,0,0.7406287624371649,0,O=c1cc[nH]n1-c1ccccc1,CC1CCCC1C1CCCCC1,False,"InChI=1S/C11H11IN2O/c1-8-10(12)11(15)14(13(8)2)9-6-4-3-5-7-9/h3-7H,1-2H3",ZZOBLCHCPLOXCE-UHFFFAOYSA-N,ZZOBLCHCPLOXCE,0,False,False,False,False,ZZOBLCHCPLOXCE-UHFFFAOYSA-N,1,True,3
B3D_0188,bbb_control_b3db,BBBCTRL_188,"2,3,5,6-tetramethylpyrazine",CC1=C(N=C(C(=N1)C)C)C,,,,,,,,,,,,control_positive,logBB,-0.1,,,B,BBBCTRL_188,False,True,True,Cc1nc(C)c(C)nc1C,1,False,0,0,False,False,无改动,136.19799999999998,136.100048384,10,25.78,25.78,1.7102799999999998,40.98000000000001,0,2,0,0,1,1,0.5,2,0,0.5422770005695131,0,c1cnccn1,C1CCCCC1,False,InChI=1S/C8H12N2/c1-5-6(2)10-8(4)7(3)9-5/h1-4H3,FINHMKGKINIASC-UHFFFAOYSA-N,FINHMKGKINIASC,0,False,False,False,False,FINHMKGKINIASC-UHFFFAOYSA-N,1,True,1
B3D_0189,bbb_control_b3db,BBBCTRL_189,sb 656104a,C1CC(N(C1)S(=O)(=O)C2=CC3=C(C=C2)C=CN3)CCN4CCC(CC4)OC5=CC=C(C=C5)Cl,,,,,,,,,,,,control_positive,logBB,-0.1,,,B,BBBCTRL_189,False,True,True,O=S(=O)(c1ccc2cc[nH]c2c1)N1CCCC1CCN1CCC(Oc2ccc(Cl)cc2)CC1,1,False,0,0,False,False,无改动,488.05300000000034,487.1696405,33,65.64,74.02000000000001,4.907900000000005,131.3715,1,4,7,7,5,3,0.44,8,0,0.5140127181879315,0,O=S(=O)(c1ccc2cc[nH]c2c1)N1CCCC1CCN1CCC(Oc2ccccc2)CC1,CC(C)(C1CCC2CCCC2C1)C1CCCC1CCC1CCC(CC2CCCCC2)CC1,False,"InChI=1S/C25H30ClN3O3S/c26-20-4-6-22(7-5-20)32-23-11-16-28(17-12-23)15-10-21-2-1-14-29(21)33(30,31)24-8-3-19-9-13-27-25(19)18-24/h3-9,13,18,21,23,27H,1-2,10-12,14-17H2",QEGMGDYIJDZJCI-UHFFFAOYSA-N,QEGMGDYIJDZJCI,1,False,True,True,False,QEGMGDYIJDZJCI-UHFFFAOYSA-N,1,True,1
B3D_0190,bbb_control_b3db,BBBCTRL_190,59468-90-5,C1C2=CN=C(N2C3=C(C=C(C=C3)Cl)C(=N1)C4=CC=CC=C4F)CO,,,,,,,,,,,,control_positive,logBB,-0.1,,,B,BBBCTRL_190,False,True,True,OCc1ncc2n1-c1ccc(Cl)cc1C(c1ccccc1F)=NC2,1,False,0,0,False,False,无改动,341.7730000000001,341.0731179360001,24,50.410000000000004,50.410000000000004,3.5081000000000016,90.23980000000003,1,3,2,2,4,3,0.1111111111111111,6,0,0.7751561487972362,0,c1ccc(C2=NCc3cncn3-c3ccccc32)cc1,C1CCC(C2CCC3CCCC3C3CCCCC23)CC1,False,"InChI=1S/C18H13ClFN3O/c19-11-5-6-16-14(7-11)18(13-3-1-2-4-15(13)20)22-9-12-8-21-17(10-24)23(12)16/h1-8,24H,9-10H2",QHSMEGADRFZVNE-UHFFFAOYSA-N,QHSMEGADRFZVNE,0,False,False,False,False,QHSMEGADRFZVNE-UHFFFAOYSA-N,1,True,3
B3D_0191,bbb_control_b3db,BBBCTRL_191,84379-13-5,CC(C)(C)OC(=O)C1=C2C3CCCN3C(=O)C4=C(N2C=N1)C=CC=C4Br,,,,,,,,,,,,control_positive,logBB,-0.09,,,B,BBBCTRL_191,False,True,True,CC(C)(C)OC(=O)c1ncn2c1C1CCCN1C(=O)c1c(Br)cccc1-2,1,False,0,0,False,False,无改动,418.29100000000005,417.0688036,26,64.43,64.43,3.8808000000000034,99.44400000000002,0,4,1,3,4,2,0.42105263157894735,7,0,0.6598271345520079,0,O=C1c2ccccc2-n2cncc2C2CCCN12,CC1C2CCCCC2C2CCCC2C2CCCC12,False,"InChI=1S/C19H20BrN3O3/c1-19(2,3)26-18(25)15-16-13-8-5-9-22(13)17(24)14-11(20)6-4-7-12(14)23(16)10-21-15/h4,6-7,10,13H,5,8-9H2,1-3H3",LWUDDYHYYNNIQI-UHFFFAOYSA-N,LWUDDYHYYNNIQI,1,False,False,False,False,LWUDDYHYYNNIQI-UHFFFAOYSA-N,1,True,2
B3D_0192,bbb_control_b3db,BBBCTRL_192,bretazenil,CC(C)(C)OC(=O)C1=C2[C@@H]3CCCN3C(=O)C4=C(N2C=N1)C=CC=C4Br,,,,,,,,,,,,control_positive,logBB,-0.09,,,B,BBBCTRL_192,False,True,True,CC(C)(C)OC(=O)c1ncn2c1[C@@H]1CCCN1C(=O)c1c(Br)cccc1-2,1,False,0,0,False,False,无改动,418.29100000000005,417.0688036,26,64.43,64.43,3.8808000000000034,99.44400000000002,0,4,1,3,4,2,0.42105263157894735,7,0,0.6598271345520079,0,O=C1c2ccccc2-n2cncc2[C@@H]2CCCN12,CC1C2CCCCC2C2CCCC2C2CCCC12,False,"InChI=1S/C19H20BrN3O3/c1-19(2,3)26-18(25)15-16-13-8-5-9-22(13)17(24)14-11(20)6-4-7-12(14)23(16)10-21-15/h4,6-7,10,13H,5,8-9H2,1-3H3/t13-/m0/s1",LWUDDYHYYNNIQI-ZDUSSCGKSA-N,LWUDDYHYYNNIQI,1,False,False,False,False,LWUDDYHYYNNIQI-ZDUSSCGKSA-N,1,True,1
B3D_0193,bbb_control_b3db,BBBCTRL_193,bretazenil,CC(C)(C)OC(=O)C1=C2C3CCCN3C(=O)C4=C(N2C=N1)C=CC(=C4)Br,,,,,,,,,,,,control_positive,logBB,-0.09,,,B,BBBCTRL_193,False,True,True,CC(C)(C)OC(=O)c1ncn2c1C1CCCN1C(=O)c1cc(Br)ccc1-2,1,False,0,0,False,False,无改动,418.29100000000005,417.0688036,26,64.43,64.43,3.8808000000000034,99.44400000000002,0,4,1,3,4,2,0.42105263157894735,7,0,0.6598271345520079,0,O=C1c2ccccc2-n2cncc2C2CCCN12,CC1C2CCCCC2C2CCCC2C2CCCC12,False,"InChI=1S/C19H20BrN3O3/c1-19(2,3)26-18(25)15-16-14-5-4-8-22(14)17(24)12-9-11(20)6-7-13(12)23(16)10-21-15/h6-7,9-10,14H,4-5,8H2,1-3H3",GTRFGCMGMHCDPF-UHFFFAOYSA-N,GTRFGCMGMHCDPF,1,False,False,False,False,GTRFGCMGMHCDPF-UHFFFAOYSA-N,1,True,2
B3D_0194,bbb_control_b3db,BBBCTRL_194,1-hydroxymidazolam,CC1(NC=C2N1C3=C(C=C(C=C3)Cl)C(=NC2)C4=CC=CC=C4F)O,,,,,,,,,,,,control_positive,logBB,-0.07,,,B,BBBCTRL_194,False,True,True,CC1(O)NC=C2CN=C(c3ccccc3F)c3cc(Cl)ccc3N21,1,False,0,0,False,False,无改动,343.7890000000001,343.0887680000001,24,47.86,47.86,3.2471000000000014,92.67950000000002,2,4,1,1,4,2,0.16666666666666666,6,0,0.8353196140632395,0,C1=C2CN=C(c3ccccc3)c3ccccc3N2CN1,C1CCC(C2CCC3CCCC3C3CCCCC23)CC1,False,"InChI=1S/C18H15ClFN3O/c1-18(24)22-10-12-9-21-17(13-4-2-3-5-15(13)20)14-8-11(19)6-7-16(14)23(12)18/h2-8,10,22,24H,9H2,1H3",QNEXFUNLYNHCHP-UHFFFAOYSA-N,QNEXFUNLYNHCHP,1,False,True,False,False,QNEXFUNLYNHCHP-UHFFFAOYSA-N,1,True,1
B3D_0195,bbb_control_b3db,BBBCTRL_195,primidone,CCC1(C(=O)NCNC1=O)C2=CC=CC=C2,,,,,,,,,,,,control_positive,logBB,-0.07,,,B,BBBCTRL_195,False,True,True,CCC1(c2ccccc2)C(=O)NCNC1=O,1,False,0,0,False,False,无改动,218.25599999999994,218.105527688,16,58.2,58.2,0.5378999999999999,59.56340000000003,2,2,2,2,2,1,0.3333333333333333,4,0,0.7116448391760646,0,O=C1NCNC(=O)C1c1ccccc1,CC1CCCC(C)C1C1CCCCC1,False,"InChI=1S/C12H14N2O2/c1-2-12(9-6-4-3-5-7-9)10(15)13-8-14-11(12)16/h3-7H,2,8H2,1H3,(H,13,15)(H,14,16)",DQMZLTXERSFNPB-UHFFFAOYSA-N,DQMZLTXERSFNPB,0,False,False,False,False,DQMZLTXERSFNPB-UHFFFAOYSA-N,1,True,1
B3D_0196,bbb_control_b3db,BBBCTRL_196,vinblastine,CC[C@@]1(C[C@H]2C[C@@](C3=C(CCN(C2)C1)C4=CC=CC=C4N3)(C5=C(C=C6C(=C5)[C@]78CCN9[C@H]7[C@@](C=CC9)([C@H]([C@@]([C@@H]8N6C)(C(=O)OC)O)OC(=O)C)CC)OC)C(=O)OC)O,,,,,,,,,,,,control_positive,logBB,-0.07,,,B,BBBCTRL_196,False,True,True,CC[C@]1(O)C[C@@H]2CN(CCc3c([nH]c4ccccc34)[C@@](C(=O)OC)(c3cc4c(cc3OC)N(C)[C@H]3[C@@](O)(C(=O)OC)[C@H](OC(C)=O)[C@]5(CC)C=CCN6CC[C@]43[C@@H]65)C2)C1,1,False,0,0,False,False,无改动,810.9889999999998,810.420379436,59,154.10000000000002,154.10000000000002,3.9909000000000034,220.4282999999993,3,12,7,10,9,3,0.5869565217391305,13,0,0.179801053533736,2,C1=CC2CC[C@@H]3Nc4ccc(C5C[C@@H]6CCCN(CCc7c5[nH]c5ccccc75)C6)cc4[C@@]34CCN(C1)[C@@H]24,C1CC2CCC3C4CCCCC4CC3C(C3CCC4CC5CCC6CCCC7CCC5(C4C3)C67)CC(C1)C2,False,"InChI=1S/C46H58N4O9/c1-8-42(54)23-28-24-45(40(52)57-6,36-30(15-19-49(25-28)26-42)29-13-10-11-14-33(29)47-36)32-21-31-34(22-35(32)56-5)48(4)38-44(31)17-20-50-18-12-16-43(9-2,37(44)50)39(59-27(3)51)46(38,55)41(53)58-7/h10-14,16,21-22,28,37-39,47,54-55H,8-9,15,17-20,23-26H2,1-7H3/t28-,37-,38+,39+,42-,43+,44+,45-,46-/m0/s1",JXLYSJRDGCGARV-CFWMRBGOSA-N,JXLYSJRDGCGARV,10,False,True,False,False,JXLYSJRDGCGARV-CFWMRBGOSA-N,1,True,1
B3D_0197,bbb_control_b3db,BBBCTRL_197,tetrahydropalmatine,COC1=C(C2=C(C[C@H]3C4=CC(=C(C=C4CCN3C2)OC)OC)C=C1)OC,,,,,,,,,,,,control_positive,logBB,-0.07,,,B,BBBCTRL_197,False,True,True,COc1cc2c(cc1OC)[C@@H]1Cc3ccc(OC)c(OC)c3CN1CC2,1,False,0,0,False,False,无改动,355.4340000000002,355.17835828000005,26,40.160000000000004,40.160000000000004,3.376500000000002,99.65100000000007,0,5,4,4,4,2,0.42857142857142855,5,0,0.8408830140266503,0,c1ccc2c(c1)C[C@H]1c3ccccc3CCN1C2,C1CCC2CC3C(CCC4CCCCC43)CC2C1,False,"InChI=1S/C21H25NO4/c1-23-18-6-5-13-9-17-15-11-20(25-3)19(24-2)10-14(15)7-8-22(17)12-16(13)21(18)26-4/h5-6,10-11,17H,7-9,12H2,1-4H3/t17-/m0/s1",AEQDJSLRWYMAQI-KRWDZBQOSA-N,AEQDJSLRWYMAQI,1,False,True,False,False,AEQDJSLRWYMAQI-KRWDZBQOSA-N,1,True,1
B3D_0198,bbb_control_b3db,BBBCTRL_198,l-hyoscyamine,CN1C2CCC1CC(C2)OC(=O)C(CO)C3=CC=CC=C3,,,,,,,,,,,,control_positive,logBB,-0.06,,,B,BBBCTRL_198,False,True,True,CN1C2CCC1CC(OC(=O)C(CO)c1ccccc1)C2,1,False,0,0,False,False,无改动,289.37500000000006,289.167793596,21,49.769999999999996,49.769999999999996,1.9308999999999996,79.95580000000005,1,4,4,5,3,1,0.5882352941176471,4,0,0.8605899449393155,0,O=C(Cc1ccccc1)OC1CC2CCC(C1)N2,CC(CC1CCCCC1)CC1CC2CCC(C2)C1,False,"InChI=1S/C17H23NO3/c1-18-13-7-8-14(18)10-15(9-13)21-17(20)16(11-19)12-5-3-2-4-6-12/h2-6,13-16,19H,7-11H2,1H3",RKUNBYITZUJHSG-UHFFFAOYSA-N,RKUNBYITZUJHSG,4,False,True,False,False,RKUNBYITZUJHSG-UHFFFAOYSA-N,1,True,1
B3D_0199,bbb_control_b3db,BBBCTRL_199,atropine,CN1[C@@H]2CC[C@H]1CC(C2)OC(=O)C(CO)C3=CC=CC=C3,,,,,,,,,,,,control_positive,logBB,-0.06,,,B,BBBCTRL_199,False,True,True,CN1[C@@H]2CC[C@H]1CC(OC(=O)C(CO)c1ccccc1)C2,1,False,0,0,False,False,无改动,289.37500000000006,289.167793596,21,49.769999999999996,49.769999999999996,1.9308999999999996,79.95580000000005,1,4,4,5,3,1,0.5882352941176471,4,0,0.8605899449393155,0,O=C(Cc1ccccc1)OC1C[C@H]2CC[C@@H](C1)N2,CC(CC1CCCCC1)CC1CC2CCC(C2)C1,False,"InChI=1S/C17H23NO3/c1-18-13-7-8-14(18)10-15(9-13)21-17(20)16(11-19)12-5-3-2-4-6-12/h2-6,13-16,19H,7-11H2,1H3/t13-,14+,15?,16?",RKUNBYITZUJHSG-PJPHBNEVSA-N,RKUNBYITZUJHSG,4,False,True,False,False,RKUNBYITZUJHSG-PJPHBNEVSA-N,1,True,1
B3D_0200,bbb_control_b3db,BBBCTRL_200,56924-65-3,CC1=C(C(=O)N(N1C)C2=CC=CC=C2)[18F],,,,,,,,,,,,control_positive,logBB,-0.05,,,B,BBBCTRL_200,False,True,True,Cc1c([18F])c(=O)n(-c2ccccc2)n1C,1,False,0,0,False,False,无改动,205.22293800000003,205.088075972,15,26.93,26.93,1.6235199999999999,55.70500000000003,0,1,1,1,2,2,0.18181818181818182,4,0,0.6946375892093258,0,O=c1cc[nH]n1-c1ccccc1,CC1CCCC1C1CCCCC1,False,"InChI=1S/C11H11FN2O/c1-8-10(12)11(15)14(13(8)2)9-6-4-3-5-7-9/h3-7H,1-2H3/i12-1",SIXSVSSADWMMMM-DWSYCVKZSA-N,SIXSVSSADWMMMM,0,False,False,False,False,SIXSVSSADWMMMM-DWSYCVKZSA-N,1,True,3
B3D_0201,bbb_control_b3db,BBBCTRL_201,bromocytisine,C1C2CNCC1C3=CC=C(C(=O)N3C2)Br,,,,,,,,,,,,control_positive,logBB,-0.05,,,B,BBBCTRL_201,False,True,True,O=c1c(Br)ccc2n1CC1CNCC2C1,1,False,0,0,False,False,无改动,269.14200000000005,268.021125136,15,34.03,34.03,1.3175,62.11970000000003,1,2,0,0,3,1,0.5454545454545454,4,0,0.7703453264843768,0,O=c1cccc2n1CC1CNCC2C1,CC1CCCC2C3CCCC(C3)CC12,False,"InChI=1S/C11H13BrN2O/c12-9-1-2-10-8-3-7(4-13-5-8)6-14(10)11(9)15/h1-2,7-8,13H,3-6H2",DWDCLEHDNICBMI-UHFFFAOYSA-N,DWDCLEHDNICBMI,2,False,True,False,False,DWDCLEHDNICBMI-UHFFFAOYSA-N,1,True,2
B3D_0202,bbb_control_b3db,BBBCTRL_202,3-bromocytisine,C1C2CNC(C1C3=CC=CC(=O)N3C2)Br,,,,,,,,,,,,control_positive,logBB,-0.05,,,B,BBBCTRL_202,False,True,True,O=c1cccc2n1CC1CNC(Br)C2C1,1,False,0,0,False,False,无改动,269.14200000000005,268.021125136,15,34.03,34.03,1.2759999999999998,62.267700000000026,1,2,0,0,3,1,0.5454545454545454,4,0,0.568325655866621,0,O=c1cccc2n1CC1CNCC2C1,CC1CCCC2C3CCCC(C3)CC12,False,"InChI=1S/C11H13BrN2O/c12-11-8-4-7(5-13-11)6-14-9(8)2-1-3-10(14)15/h1-3,7-8,11,13H,4-6H2",MCIAZDGRZFAFLS-UHFFFAOYSA-N,MCIAZDGRZFAFLS,3,False,True,False,False,MCIAZDGRZFAFLS-UHFFFAOYSA-N,1,True,2
B3D_0203,bbb_control_b3db,BBBCTRL_203,3-bromocytisine,C1[C@@H]2CNC([C@H]1C3=CC=CC(=O)N3C2)Br,,,,,,,,,,,,control_positive,logBB,-0.05,,,B,BBBCTRL_203,False,True,True,O=c1cccc2n1C[C@H]1CNC(Br)[C@@H]2C1,1,False,0,0,False,False,无改动,269.14200000000005,268.021125136,15,34.03,34.03,1.2759999999999998,62.267700000000026,1,2,0,0,3,1,0.5454545454545454,4,0,0.568325655866621,0,O=c1cccc2n1C[C@H]1CNC[C@@H]2C1,CC1CCCC2C3CCCC(C3)CC12,False,"InChI=1S/C11H13BrN2O/c12-11-8-4-7(5-13-11)6-14-9(8)2-1-3-10(14)15/h1-3,7-8,11,13H,4-6H2/t7-,8-,11?/m1/s1",MCIAZDGRZFAFLS-KQUALDNSSA-N,MCIAZDGRZFAFLS,3,False,True,False,False,MCIAZDGRZFAFLS-KQUALDNSSA-N,1,True,1
B3D_0204,bbb_control_b3db,BBBCTRL_204,compound-4h,CCNCC1=CC=C(C=C1)C(=O)NC2=NN(C(=C2)C)CC3=C(C=CC(=C3)Cl)OCC(C)C,,,,,,,,,,,,control_positive,logBB,-0.05,,,B,BBBCTRL_204,False,True,True,CCNCc1ccc(C(=O)Nc2cc(C)n(Cc3cc(Cl)ccc3OCC(C)C)n2)cc1,1,False,0,0,False,False,无改动,455.0020000000002,454.213553912,32,68.18,68.18,5.289820000000005,129.6269,2,4,10,11,3,3,0.36,7,0,0.43641934658396636,1,O=C(Nc1ccn(Cc2ccccc2)n1)c1ccccc1,CC(CC1CCC(CC2CCCCC2)C1)C1CCCCC1,False,"InChI=1S/C25H31ClN4O2/c1-5-27-14-19-6-8-20(9-7-19)25(31)28-24-12-18(4)30(29-24)15-21-13-22(26)10-11-23(21)32-16-17(2)3/h6-13,17,27H,5,14-16H2,1-4H3,(H,28,29,31)",VOXFFQMJGOMJED-UHFFFAOYSA-N,VOXFFQMJGOMJED,0,False,True,False,False,VOXFFQMJGOMJED-UHFFFAOYSA-N,1,True,1
B3D_0205,bbb_control_b3db,BBBCTRL_205,compound-10,CO[C@@H](C(N1C(C=CC(C)=C2)=C2N=C1C(C)(O)C)CC3)CN3CC4CC5=CC=C(C#N)C=C5C4,,,,,,,,,,,,control_positive,logBB,-0.05,,,B,BBBCTRL_205,False,True,True,CO[C@@H]1CN(CC2Cc3ccc(C#N)cc3C2)CCC1n1c(C(C)(C)O)nc2cc(C)ccc21,1,False,0,0,False,False,无改动,458.6060000000002,458.268176328,34,74.31,74.31,4.120600000000003,132.6608,1,5,5,5,5,3,0.5,6,0,0.6225767854422806,0,c1ccc2c(c1)CC(CN1CCC(n3cnc4ccccc43)CC1)C2,C1CCC2CC(CC3CCC(C4CCC5CCCCC54)CC3)CC2C1,False,"InChI=1S/C28H34N4O2/c1-18-5-8-24-23(11-18)30-27(28(2,3)33)32(24)25-9-10-31(17-26(25)34-4)16-20-13-21-7-6-19(15-29)12-22(21)14-20/h5-8,11-12,20,25-26,33H,9-10,13-14,16-17H2,1-4H3/t20?,25?,26-/m1/s1",DDPFMTCKLODLQM-NSBKXYHSSA-N,DDPFMTCKLODLQM,3,False,True,False,False,DDPFMTCKLODLQM-NSBKXYHSSA-N,1,True,2
B3D_0206,bbb_control_b3db,BBBCTRL_206,chembl534947,CC1=C(C(=CC=C1)C)NC2=NC=C(N3C2=CN=C3)C4=CC(=CC=C4)OCCN5CCCC5,,,,,,,,,,,,control_positive,logBB,-0.05,,,B,BBBCTRL_206,False,True,True,Cc1cccc(C)c1Nc1ncc(-c2cccc(OCCN3CCCC3)c2)n2cncc12,1,False,0,0,False,False,无改动,427.5520000000003,427.23721054800006,32,54.69000000000001,54.69000000000001,5.231340000000004,128.79070000000004,1,5,7,7,5,4,0.3076923076923077,6,0,0.43758308035481597,1,c1ccc(Nc2ncc(-c3cccc(OCCN4CCCC4)c3)n3cncc23)cc1,C1CCC(CC2CCC(C3CCCC(CCCC4CCCC4)C3)C3CCCC23)CC1,False,"InChI=1S/C26H29N5O/c1-19-7-5-8-20(2)25(19)29-26-24-16-27-18-31(24)23(17-28-26)21-9-6-10-22(15-21)32-14-13-30-11-3-4-12-30/h5-10,15-18H,3-4,11-14H2,1-2H3,(H,28,29)",OMBAXNRFGPUFNZ-UHFFFAOYSA-N,OMBAXNRFGPUFNZ,0,False,True,False,False,OMBAXNRFGPUFNZ-UHFFFAOYSA-N,1,True,1
B3D_0207,bbb_control_b3db,BBBCTRL_207,thalidomide,C1CC(=O)NC(=O)C1N2C(=O)C3=CC=CC=C3C2=O,,,,,,,,,,,,control_positive,logBB,-0.05,,,B,BBBCTRL_207,False,True,True,O=C1CCC(N2C(=O)c3ccccc3C2=O)C(=O)N1,1,False,0,0,False,False,无改动,258.23299999999995,258.0640568,19,83.55000000000001,83.55000000000001,0.08779999999999993,63.113700000000016,1,4,1,1,3,1,0.23076923076923078,6,0,0.7233587999857974,0,O=C1CCC(N2C(=O)c3ccccc3C2=O)C(=O)N1,CC1CCC(C2C(C)C3CCCCC3C2C)C(C)C1,False,"InChI=1S/C13H10N2O4/c16-10-6-5-9(11(17)14-10)15-12(18)7-3-1-2-4-8(7)13(15)19/h1-4,9H,5-6H2,(H,14,16,17)",UEJJHQNACJXSKW-UHFFFAOYSA-N,UEJJHQNACJXSKW,1,False,False,False,False,UEJJHQNACJXSKW-UHFFFAOYSA-N,1,True,1
B3D_0208,bbb_control_b3db,BBBCTRL_208,ici 17148,CC1=CN=C(S1)N=C(N)N,,,,,,,,,,,,control_positive,logBB,-0.04,,,B,BBBCTRL_208,False,True,True,Cc1cnc(N=C(N)N)s1,1,False,0,0,False,False,无改动,156.21400000000003,156.046967256,10,77.28999999999999,105.52999999999999,0.35642000000000007,42.320800000000006,2,3,1,1,1,1,0.2,5,0,0.45484401903269595,0,c1cscn1,C1CCCC1,False,"InChI=1S/C5H8N4S/c1-3-2-8-5(10-3)9-4(6)7/h2H,1H3,(H4,6,7,8,9)",OXXOAGGAIBIIMB-UHFFFAOYSA-N,OXXOAGGAIBIIMB,0,False,True,False,False,OXXOAGGAIBIIMB-UHFFFAOYSA-N,1,True,2
B3D_0209,bbb_control_b3db,BBBCTRL_209,"b-038, ici17148",CC1=CSC(=N1)N=C(N)N,,,,,,,,,,,,control_positive,logBB,-0.04,,,B,BBBCTRL_209,False,True,True,Cc1csc(N=C(N)N)n1,1,False,0,0,False,False,无改动,156.214,156.046967256,10,77.28999999999999,105.52999999999999,0.3564200000000002,42.3208,2,3,1,1,1,1,0.2,5,0,0.45484401903269595,0,c1cscn1,C1CCCC1,False,"InChI=1S/C5H8N4S/c1-3-2-10-5(8-3)9-4(6)7/h2H,1H3,(H4,6,7,8,9)",KMNUGKCCBPMHJL-UHFFFAOYSA-N,KMNUGKCCBPMHJL,0,False,True,False,False,KMNUGKCCBPMHJL-UHFFFAOYSA-N,1,True,2
B3D_0210,bbb_control_b3db,BBBCTRL_210,zaltidine,CC1=NC=C(N1)C2=CSC(=N2)N=C(N)N,,,,,,,,,,,,control_positive,logBB,-0.04,,,B,BBBCTRL_210,False,True,True,Cc1ncc(-c2csc(N=C(N)N)n2)[nH]1,1,False,0,0,False,False,无改动,222.277,222.06876531999998,15,105.97,134.20999999999998,0.7465200000000001,59.902499999999996,3,4,2,2,2,2,0.125,7,0,0.5144588003665467,0,c1ncc(-c2cscn2)[nH]1,C1CCC(C2CCCC2)C1,False,"InChI=1S/C8H10N6S/c1-4-11-2-5(12-4)6-3-15-8(13-6)14-7(9)10/h2-3H,1H3,(H,11,12)(H4,9,10,13,14)",GIMNAEMRNXUAQP-UHFFFAOYSA-N,GIMNAEMRNXUAQP,0,False,True,False,False,GIMNAEMRNXUAQP-UHFFFAOYSA-N,1,True,1
B3D_0211,bbb_control_b3db,BBBCTRL_211,sesamol,C1OC2=C(O1)C=C(C=C2)O,,,,,,,,,,,,control_positive,logBB,-0.04,,,B,BBBCTRL_211,False,True,True,Oc1ccc2c(c1)OCO2,1,False,0,0,False,False,无改动,138.12199999999999,138.031694052,10,38.69,38.69,1.1208999999999998,34.2298,1,3,0,0,2,1,0.14285714285714285,3,0,0.5834330941778786,0,c1ccc2c(c1)OCO2,C1CCC2CCCC2C1,False,"InChI=1S/C7H6O3/c8-5-1-2-6-7(3-5)10-4-9-6/h1-3,8H,4H2",LUSZGTFNYDARNI-UHFFFAOYSA-N,LUSZGTFNYDARNI,0,False,False,False,False,LUSZGTFNYDARNI-UHFFFAOYSA-N,1,True,1
B3D_0212,bbb_control_b3db,BBBCTRL_212,pentylenetetrazole (metrazole),C1CCC2=NN=NN2CC1,,,,,,,,,,,,control_positive,logBB,-0.03,,,B,BBBCTRL_212,False,True,True,C1CCc2nnnn2CC1,1,False,0,0,False,False,无改动,138.174,138.09054632,10,43.6,43.6,0.39949999999999997,35.372,0,3,0,0,2,1,0.8333333333333334,4,0,0.5208601121409658,0,C1CCc2nnnn2CC1,C1CCC2CCCC2CC1,False,InChI=1S/C6H10N4/c1-2-4-6-7-8-9-10(6)5-3-1/h1-5H2,CWRVKFFCRWGWCS-UHFFFAOYSA-N,CWRVKFFCRWGWCS,0,False,False,False,False,CWRVKFFCRWGWCS-UHFFFAOYSA-N,1,True,1
B3D_0213,bbb_control_b3db,BBBCTRL_213,zinc13282290,CC1=NC=C2N1C3=C(C=C(C=C3)Cl)C(=N[C@@H]2O)C4=CC=CC=C4F,,,,,,,,,,,,control_positive,logBB,-0.03,,,B,BBBCTRL_213,False,True,True,Cc1ncc2n1-c1ccc(Cl)cc1C(c1ccccc1F)=N[C@@H]2O,1,False,0,0,False,False,无改动,341.773,341.073117936,24,50.41,50.41,3.8151200000000025,90.30980000000004,1,3,1,1,4,3,0.1111111111111111,6,0,0.7312827367279049,0,c1ccc(C2=NCc3cncn3-c3ccccc32)cc1,C1CCC(C2CCC3CCCC3C3CCCCC23)CC1,False,"InChI=1S/C18H13ClFN3O/c1-10-21-9-16-18(24)22-17(12-4-2-3-5-14(12)20)13-8-11(19)6-7-15(13)23(10)16/h2-9,18,24H,1H3/t18-/m1/s1",ZYISITHKPKHPKG-GOSISDBHSA-N,ZYISITHKPKHPKG,1,False,False,False,False,ZYISITHKPKHPKG-GOSISDBHSA-N,1,True,3
B3D_0214,bbb_control_b3db,BBBCTRL_214,compound-5d,C1CN(CCC1C2=CC=CC=C2)CCCC3=NC4=C(C=CC=C4Cl)C(=O)N3,,,,,,,,,,,,control_positive,logBB,-0.03,,,B,BBBCTRL_214,False,True,True,O=c1[nH]c(CCCN2CCC(c3ccccc3)CC2)nc2c(Cl)cccc12,1,False,0,0,False,False,无改动,381.9070000000001,381.160790068,27,48.99,48.99,4.388700000000004,110.55170000000003,1,3,5,5,4,3,0.36363636363636365,5,0,0.7126386018033387,0,O=c1[nH]c(CCCN2CCC(c3ccccc3)CC2)nc2ccccc12,CC1CC(CCCC2CCC(C3CCCCC3)CC2)CC2CCCCC12,False,"InChI=1S/C22H24ClN3O/c23-19-9-4-8-18-21(19)24-20(25-22(18)27)10-5-13-26-14-11-17(12-15-26)16-6-2-1-3-7-16/h1-4,6-9,17H,5,10-15H2,(H,24,25,27)",ZUWRJCHNQXZPKT-UHFFFAOYSA-N,ZUWRJCHNQXZPKT,0,False,True,False,False,ZUWRJCHNQXZPKT-UHFFFAOYSA-N,1,True,1
B3D_0215,bbb_control_b3db,BBBCTRL_215,chembl218017,C1CN(CCC1CNC2=CC=CC=N2)C(=O)OCC3=CC=CC=C3,,,,,,,,,,,,control_positive,logBB,-0.02,,,B,BBBCTRL_215,False,True,True,O=C(OCc1ccccc1)N1CCC(CNc2ccccn2)CC1,1,False,0,0,False,False,无改动,325.41200000000003,325.17902697600005,24,54.46,54.46,3.542300000000002,93.65070000000006,1,4,5,7,3,2,0.3684210526315789,5,0,0.9133415722259979,0,O=C(OCc1ccccc1)N1CCC(CNc2ccccn2)CC1,CC(CCC1CCCCC1)C1CCC(CCC2CCCCC2)CC1,False,"InChI=1S/C19H23N3O2/c23-19(24-15-17-6-2-1-3-7-17)22-12-9-16(10-13-22)14-21-18-8-4-5-11-20-18/h1-8,11,16H,9-10,12-15H2,(H,20,21)",BKWXCVZIALOBBS-UHFFFAOYSA-N,BKWXCVZIALOBBS,0,False,False,False,False,BKWXCVZIALOBBS-UHFFFAOYSA-N,1,True,1
B3D_0216,bbb_control_b3db,BBBCTRL_216,bbcpd22 (ranitidine analog) skb34 (propanol33npiperidinylmethylp henoxy),C1CCN(CC1)CC2=CC(=CC=C2)OCCCO,,,,,,,,,,,,control_positive,logBB,-0.02,,,B,BBBCTRL_216,False,True,True,OCCCOc1cccc(CN2CCCCC2)c1,1,False,0,0,False,False,无改动,249.3539999999999,249.172878976,18,32.7,32.7,2.433700000000001,72.76780000000005,1,3,6,6,2,1,0.6,3,0,0.785988033772672,0,c1ccc(CN2CCCCC2)cc1,C1CCC(CC2CCCCC2)CC1,False,"InChI=1S/C15H23NO2/c17-10-5-11-18-15-7-4-6-14(12-15)13-16-8-2-1-3-9-16/h4,6-7,12,17H,1-3,5,8-11,13H2",JACPUZOKPSTMTK-UHFFFAOYSA-N,JACPUZOKPSTMTK,0,False,True,False,False,JACPUZOKPSTMTK-UHFFFAOYSA-N,1,True,2
B3D_0217,bbb_control_b3db,BBBCTRL_217,414910-27-3,CC1=C(C=CC(=C1)F)C2CC(CCN2C(=O)N(C)C(C)C3=CC(=CC(=C3)C(F)(F)F)C(F)(F)F)N4CCN(CC4)C(=O)C,,,,,,,,,,,,control_positive,logBB,-0.01,,,B,BBBCTRL_217,False,True,True,CC(=O)N1CCN(C2CCN(C(=O)N(C)C(C)c3cc(C(F)(F)F)cc(C(F)(F)F)c3)C(c3ccc(F)cc3C)C2)CC1,1,False,0,0,False,False,无改动,616.6219999999998,616.2648238999999,43,47.10000000000001,47.10000000000001,6.654320000000007,145.4529999999998,0,3,4,9,4,2,0.5333333333333333,13,0,0.36161152783987577,2,O=C(NCc1ccccc1)N1CCC(N2CCNCC2)CC1c1ccccc1,CC(CCC1CCCCC1)C1CCC(C2CCCCC2)CC1C1CCCCC1,False,"InChI=1S/C30H35F7N4O2/c1-18-13-24(31)5-6-26(18)27-17-25(40-11-9-39(10-12-40)20(3)42)7-8-41(27)28(43)38(4)19(2)21-14-22(29(32,33)34)16-23(15-21)30(35,36)37/h5-6,13-16,19,25,27H,7-12,17H2,1-4H3",XGGTZCKQRWXCHW-UHFFFAOYSA-N,XGGTZCKQRWXCHW,3,False,True,False,False,XGGTZCKQRWXCHW-UHFFFAOYSA-N,1,True,1
B3D_0218,bbb_control_b3db,BBBCTRL_218,simvastatin,CCC(C)(C)C(=O)O[C@H]1C[C@H](C=C2[C@H]1[C@H]([C@H](C=C2)C)CC[C@@H]3C[C@H](CC(=O)O3)O)C,,,,,,,,,,,,control_positive,logBB,-0.01,,,B,BBBCTRL_218,False,True,True,CCC(C)(C)C(=O)O[C@H]1C[C@@H](C)C=C2C=C[C@H](C)[C@H](CC[C@@H]3C[C@@H](O)CC(=O)O3)[C@H]21,1,False,0,0,False,False,无改动,418.57400000000024,418.2719243159999,30,72.83,72.83,4.585600000000005,115.45480000000006,1,5,6,7,3,0,0.76,5,0,0.6390622750209786,0,O=C1CCC[C@@H](CC[C@H]2CC=CC3=CCCC[C@@H]32)O1,CC1CCCC(CCC2CCCC3CCCCC32)C1,False,"InChI=1S/C25H38O5/c1-6-25(4,5)24(28)30-21-12-15(2)11-17-8-7-16(3)20(23(17)21)10-9-19-13-18(26)14-22(27)29-19/h7-8,11,15-16,18-21,23,26H,6,9-10,12-14H2,1-5H3/t15-,16-,18+,19+,20-,21-,23-/m0/s1",RYMZZMVNJRMUDD-HGQWONQESA-N,RYMZZMVNJRMUDD,7,False,False,False,False,RYMZZMVNJRMUDD-HGQWONQESA-N,1,True,1
B3D_0219,bbb_control_b3db,BBBCTRL_219,atevirdine,CCNC1=C(N=CC=C1)N2CCN(CC2)C(=O)C3=CC4=C(N3)C=CC(=C4)OC,,,,,,,,,,,,control_positive,logBB,-0.01,,,B,BBBCTRL_219,False,True,True,CCNc1cccnc1N1CCN(C(=O)c2cc3cc(OC)ccc3[nH]2)CC1,1,False,0,0,False,False,无改动,379.4640000000001,379.20082504000004,28,73.49000000000001,73.49000000000001,2.965700000000001,111.36790000000003,2,5,5,6,4,3,0.3333333333333333,7,0,0.7130146030103333,0,O=C(c1cc2ccccc2[nH]1)N1CCN(c2ccccn2)CC1,CC(C1CCC(C2CCCCC2)CC1)C1CC2CCCCC2C1,False,"InChI=1S/C21H25N5O2/c1-3-22-18-5-4-8-23-20(18)25-9-11-26(12-10-25)21(27)19-14-15-13-16(28-2)6-7-17(15)24-19/h4-8,13-14,22,24H,3,9-12H2,1-2H3",UCPOMLWZWRTIAA-UHFFFAOYSA-N,UCPOMLWZWRTIAA,0,False,False,False,False,UCPOMLWZWRTIAA-UHFFFAOYSA-N,1,True,3
B3D_0220,bbb_control_b3db,BBBCTRL_220,"misonidazole,fluoro",C1=CN(C(=N1)[N+](=O)[O-])CC(COCF)O,,,,,,,,,,,,control_positive,logBB,-0.01,,,B,BBBCTRL_220,False,True,True,O=[N+]([O-])c1nccn1CC(O)COCF,1,False,0,0,False,False,无改动,219.17199999999997,219.06553402,15,90.42,90.42,0.09579999999999983,46.815200000000026,1,5,6,6,1,1,0.5714285714285714,8,0,0.5407026110595018,0,c1c[nH]cn1,C1CCCC1,False,"InChI=1S/C7H10FN3O4/c8-5-15-4-6(12)3-10-2-1-9-7(10)11(13)14/h1-2,6,12H,3-5H2",FUYIMIBLWNYUIU-UHFFFAOYSA-N,FUYIMIBLWNYUIU,1,False,False,False,False,FUYIMIBLWNYUIU-UHFFFAOYSA-N,1,True,3
B3D_0221,bbb_control_b3db,BBBCTRL_221,alniditan dihydrochloride,C1CNC(=NC1)NCCCNCC2CCC3=CC=CC=C3O2,,,,,,,,,,,,control_positive,logBB,-0.01,,,B,BBBCTRL_221,False,True,True,c1ccc2c(c1)CCC(CNCCCNC1=NCCCN1)O2,1,False,0,0,False,False,无改动,302.422,302.21066145199995,22,57.68000000000001,57.68000000000001,1.2987999999999995,89.59010000000005,3,5,6,7,3,1,0.5882352941176471,5,0,0.6934052328389341,0,c1ccc2c(c1)CCC(CNCCCNC1=NCCCN1)O2,C(CCCC1CCC2CCCCC2C1)CCC1CCCCC1,False,"InChI=1S/C17H26N4O/c1-2-6-16-14(5-1)7-8-15(22-16)13-18-9-3-10-19-17-20-11-4-12-21-17/h1-2,5-6,15,18H,3-4,7-13H2,(H2,19,20,21)",QVSXOXCYXPQXMF-UHFFFAOYSA-N,QVSXOXCYXPQXMF,1,False,True,False,False,QVSXOXCYXPQXMF-UHFFFAOYSA-N,1,True,1
B3D_0222,bbb_control_b3db,BBBCTRL_222,alprazolam,CC1=NN=C2N1C3=C(C=C(C=C3)Cl)C(=NC2)C4=CC=CC=C4,,,,,,,,,,,,control_positive,logBB,0.0,,,B,BBBCTRL_222,False,True,True,Cc1nnc2n1-c1ccc(Cl)cc1C(c1ccccc1)=NC2,1,False,0,0,False,False,无改动,308.77200000000005,308.082874096,22,43.07,43.07,3.5801200000000017,86.89100000000002,0,3,1,1,4,3,0.11764705882352941,5,0,0.6893709827759431,0,c1ccc(C2=NCc3nncn3-c3ccccc32)cc1,C1CCC(C2CCC3CCCC3C3CCCCC23)CC1,False,"InChI=1S/C17H13ClN4/c1-11-20-21-16-10-19-17(12-5-3-2-4-6-12)14-9-13(18)7-8-15(14)22(11)16/h2-9H,10H2,1H3",VREFGVBLTWBCJP-UHFFFAOYSA-N,VREFGVBLTWBCJP,0,False,False,False,False,VREFGVBLTWBCJP-UHFFFAOYSA-N,1,True,2
B3D_0223,bbb_control_b3db,BBBCTRL_223,198968-25-1,C=CCC(C1=CC=CC=C1C2=NOC3=CC=CC=C32)N,,,,,,,,,,,,control_positive,logBB,0.0,,,B,BBBCTRL_223,False,True,True,C=CCC(N)c1ccccc1-c1noc2ccccc12,1,False,0,0,False,False,无改动,264.328,264.126263132,20,52.05,52.05,4.070700000000002,81.18740000000004,1,3,4,4,3,3,0.11764705882352941,3,0,0.7225268042811452,0,c1ccc(-c2noc3ccccc23)cc1,C1CCC(C2CCC3CCCCC32)CC1,False,"InChI=1S/C17H16N2O/c1-2-7-15(18)12-8-3-4-9-13(12)17-14-10-5-6-11-16(14)20-19-17/h2-6,8-11,15H,1,7,18H2",AYDSLXXUAYWCBG-UHFFFAOYSA-N,AYDSLXXUAYWCBG,1,False,True,False,False,AYDSLXXUAYWCBG-UHFFFAOYSA-N,1,True,1
B3D_0224,bbb_control_b3db,BBBCTRL_224,testosterone,CC12CCC3C(C1CCC2O)CCC4=CC(=O)CCC34C,,,,,,,,,,,,control_positive,logBB,0.0,,,B,BBBCTRL_224,False,True,True,CC12CCC(=O)C=C1CCC1C2CCC2(C)C(O)CCC12,1,False,0,0,False,False,无改动,288.43100000000004,288.208930136,21,37.3,37.3,3.8792000000000026,82.71680000000005,1,2,0,0,4,0,0.8421052631578947,2,0,0.7342296115534325,0,O=C1C=C2CCC3C4CCCC4CCC3C2CC1,CC1CCC2C(CCC3C4CCCC4CCC23)C1,False,"InChI=1S/C19H28O2/c1-18-9-7-13(20)11-12(18)3-4-14-15-5-6-17(21)19(15,2)10-8-16(14)18/h11,14-17,21H,3-10H2,1-2H3",MUMGGOZAMZWBJJ-UHFFFAOYSA-N,MUMGGOZAMZWBJJ,6,False,False,False,False,MUMGGOZAMZWBJJ-UHFFFAOYSA-N,1,True,1
B3D_0225,bbb_control_b3db,BBBCTRL_225,dronabinol,CCCCCC1=CC(=C2[C@@H]3C=C(CC[C@H]3C(OC2=C1)(C)C)C)O,,,,,,,,,,,,control_positive,logBB,0.0,,,B,BBBCTRL_225,False,True,True,CCCCCc1cc(O)c2c(c1)OC(C)(C)[C@@H]1CCC(C)=C[C@@H]21,1,False,0,0,False,False,无改动,314.46900000000005,314.2245802,23,29.46,29.46,5.735800000000006,95.26480000000006,1,2,4,4,3,1,0.6190476190476191,2,0,0.5673159936374234,1,C1=C[C@H]2c3ccccc3OC[C@@H]2CC1,C1CCC2C(C1)CCC1CCCCC12,False,"InChI=1S/C21H30O2/c1-5-6-7-8-15-12-18(22)20-16-11-14(2)9-10-17(16)21(3,4)23-19(20)13-15/h11-13,16-17,22H,5-10H2,1-4H3/t16-,17-/m1/s1",CYQFCXCEBYINGO-IAGOWNOFSA-N,CYQFCXCEBYINGO,2,False,False,False,False,CYQFCXCEBYINGO-IAGOWNOFSA-N,1,True,1
B3D_0226,bbb_control_b3db,BBBCTRL_226,dl-morphan,CN1CCC23CCCCC2C1CC4=C3C=C(C=C4)O,,,,,,,,,,,,control_positive,logBB,0.0,,,B,BBBCTRL_226,False,True,True,CN1CCC23CCCCC2C1Cc1ccc(O)cc13,1,False,0,0,False,False,无改动,257.377,257.177964356,19,23.47,23.47,3.080400000000002,76.48180000000005,1,2,0,0,4,1,0.6470588235294118,2,0,0.7718143750897628,0,c1ccc2c(c1)CC1NCCC23CCCCC13,C1CCC2C(C1)CC1CCCC23CCCCC13,False,"InChI=1S/C17H23NO/c1-18-9-8-17-7-3-2-4-14(17)16(18)10-12-5-6-13(19)11-15(12)17/h5-6,11,14,16,19H,2-4,7-10H2,1H3",JAQUASYNZVUNQP-UHFFFAOYSA-N,JAQUASYNZVUNQP,3,False,True,False,False,JAQUASYNZVUNQP-UHFFFAOYSA-N,1,True,1
B3D_0227,bbb_control_b3db,BBBCTRL_227,levorphanol,CN1CC[C@]23CCCC[C@H]2[C@H]1CC4=C3C=C(C=C4)O,,,,,,,,,,,,control_positive,logBB,0.0,,,B,BBBCTRL_227,False,True,True,CN1CC[C@]23CCCC[C@H]2[C@H]1Cc1ccc(O)cc13,1,False,0,0,False,False,无改动,257.377,257.177964356,19,23.47,23.47,3.080400000000002,76.48180000000005,1,2,0,0,4,1,0.6470588235294118,2,0,0.7718143750897628,0,c1ccc2c(c1)C[C@H]1NCC[C@@]23CCCC[C@@H]13,C1CCC2C(C1)CC1CCCC23CCCCC13,False,"InChI=1S/C17H23NO/c1-18-9-8-17-7-3-2-4-14(17)16(18)10-12-5-6-13(19)11-15(12)17/h5-6,11,14,16,19H,2-4,7-10H2,1H3/t14-,16+,17+/m0/s1",JAQUASYNZVUNQP-USXIJHARSA-N,JAQUASYNZVUNQP,3,False,True,False,False,JAQUASYNZVUNQP-USXIJHARSA-N,1,True,1
B3D_0228,bbb_control_b3db,BBBCTRL_228,dm5,COC(=O)[C@H]1[C@@H](C)CC(=CC1=O)Nc2ccc(Cl)cc2,,,,,,,,,,,,control_positive,logBB,0.0,,,B,BBBCTRL_228,False,True,True,COC(=O)[C@@H]1C(=O)C=C(Nc2ccc(Cl)cc2)C[C@@H]1C,1,False,0,0,False,False,无改动,293.75000000000006,293.081871052,20,55.400000000000006,55.400000000000006,3.033900000000001,77.45170000000003,1,4,3,4,2,1,0.3333333333333333,5,0,0.6873312034220016,0,O=C1C=C(Nc2ccccc2)CCC1,CC1CCCC(CC2CCCCC2)C1,False,"InChI=1S/C15H16ClNO3/c1-9-7-12(8-13(18)14(9)15(19)20-2)17-11-5-3-10(16)4-6-11/h3-6,8-9,14,17H,7H2,1-2H3/t9-,14-/m0/s1",XFETUZOSYZRHMX-XPTSAGLGSA-N,XFETUZOSYZRHMX,2,False,False,False,False,XFETUZOSYZRHMX-XPTSAGLGSA-N,1,True,2
B3D_0229,bbb_control_b3db,BBBCTRL_229,aminophenazone,CC1=C(C(=O)N(N1C)C2=CC=CC=C2)N(C)C,,,,,,,,,,,,control_positive,logBB,0.0,,,B,BBBCTRL_229,False,True,True,Cc1c(N(C)C)c(=O)n(-c2ccccc2)n1C,1,False,0,0,False,False,无改动,231.29900000000004,231.137162164,17,30.17,30.17,1.55042,70.07400000000003,0,2,2,2,2,2,0.3076923076923077,4,0,0.7846896255721666,0,O=c1cc[nH]n1-c1ccccc1,CC1CCCC1C1CCCCC1,False,"InChI=1S/C13H17N3O/c1-10-12(14(2)3)13(17)16(15(10)4)11-8-6-5-7-9-11/h5-9H,1-4H3",RMMXTBMQSGEXHJ-UHFFFAOYSA-N,RMMXTBMQSGEXHJ,0,False,False,False,False,RMMXTBMQSGEXHJ-UHFFFAOYSA-N,1,True,3
B3D_0230,bbb_control_b3db,BBBCTRL_230,129618-40-2,CC1=C2C(=NC=C1)N(C3=C(C=CC=N3)C(=O)N2)C4CC4,,,,,,,,,,,,control_positive,logBB,0.0,,,B,BBBCTRL_230,False,True,True,Cc1ccnc2c1NC(=O)c1cccnc1N2C1CC1,1,False,0,0,False,False,无改动,266.30400000000003,266.116761068,20,58.120000000000005,58.120000000000005,2.6512200000000004,76.32520000000002,1,4,1,1,4,2,0.26666666666666666,5,0,0.8617161250864191,0,O=C1Nc2cccnc2N(C2CC2)c2ncccc21,CC1CC2CCCCC2C(C2CC2)C2CCCCC12,False,"InChI=1S/C15H14N4O/c1-9-6-8-17-14-12(9)18-15(20)11-3-2-7-16-13(11)19(14)10-4-5-10/h2-3,6-8,10H,4-5H2,1H3,(H,18,20)",NQDJXKOVJZTUJA-UHFFFAOYSA-N,NQDJXKOVJZTUJA,0,False,False,False,False,NQDJXKOVJZTUJA-UHFFFAOYSA-N,1,True,1
B3D_0231,bbb_control_b3db,BBBCTRL_231,citenamide,C1=CC=C2C(C3=CC=CC=C3C=CC2=C1)C(=O)N,,,,,,,,,,,,control_positive,logBB,0.0,,,B,BBBCTRL_231,False,True,True,NC(=O)C1c2ccccc2C=Cc2ccccc21,1,False,0,0,False,False,无改动,235.286,235.099714036,18,43.09,43.09,2.787600000000001,72.84940000000003,1,1,1,1,3,2,0.0625,2,0,0.811071966243804,0,C1=Cc2ccccc2Cc2ccccc21,C1CCC2CC3CCCCC3CCC2C1,False,"InChI=1S/C16H13NO/c17-16(18)15-13-7-3-1-5-11(13)9-10-12-6-2-4-8-14(12)15/h1-10,15H,(H2,17,18)",HXQAPLNYYFQSFU-UHFFFAOYSA-N,HXQAPLNYYFQSFU,0,False,False,False,False,HXQAPLNYYFQSFU-UHFFFAOYSA-N,1,True,1
B3D_0232,bbb_control_b3db,BBBCTRL_232,oxirane,C1CO1,,,,,,,,,,,,control_positive,logBB,0.01,,,B,BBBCTRL_232,False,True,True,C1CO1,1,False,0,0,False,False,无改动,44.053,44.026214748,3,12.53,12.53,0.016600000000000004,10.819,0,1,0,0,1,0,1.0,1,0,0.3490215851763434,0,C1CO1,C1CC1,False,InChI=1S/C2H4O/c1-2-3-1/h1-2H2,IAYPIBMASNFSPL-UHFFFAOYSA-N,IAYPIBMASNFSPL,0,False,False,False,False,IAYPIBMASNFSPL-UHFFFAOYSA-N,1,True,1
B3D_0233,bbb_control_b3db,BBBCTRL_233,"5-ethyl-5-isopentyl-5,6-dihydropyrimidine-2,4(1h,3h)-dione",CCC1(CNC(=O)NC1=O)CCC(C)C,,,,,,,,,,,,control_positive,logBB,0.04,,,B,BBBCTRL_233,False,True,True,CCC1(CCC(C)C)CNC(=O)NC1=O,1,False,0,0,False,False,无改动,212.29299999999998,212.15247788,15,58.2,58.2,1.6583999999999999,58.33740000000003,2,2,4,4,1,0,0.8181818181818182,4,0,0.7442084272064934,0,O=C1CCNC(=O)N1,CC1CCCC(C)C1,False,"InChI=1S/C11H20N2O2/c1-4-11(6-5-8(2)3)7-12-10(15)13-9(11)14/h8H,4-7H2,1-3H3,(H2,12,13,14,15)",LRUZJNSWNKQMEP-UHFFFAOYSA-N,LRUZJNSWNKQMEP,1,False,False,False,False,LRUZJNSWNKQMEP-UHFFFAOYSA-N,1,True,1
B3D_0234,bbb_control_b3db,BBBCTRL_234,compound 32,CN1CCC(CC1)N2C(=O)C=CC(=N2)C3=C4C=CC=CN4N=C3C5=CC=CC=C5,,,,,,,,,,,,control_positive,logBB,0.06,,,B,BBBCTRL_234,False,True,True,CN1CCC(n2nc(-c3c(-c4ccccc4)nn4ccccc34)ccc2=O)CC1,1,False,0,0,False,False,无改动,385.47100000000023,385.19026035599995,29,55.43,55.43,3.4917000000000025,113.88700000000006,0,4,3,3,5,4,0.2608695652173913,6,0,0.5417134478303841,0,O=c1ccc(-c2c(-c3ccccc3)nn3ccccc23)nn1C1CCNCC1,CC1CCC(C2C3CCCCC3CC2C2CCCCC2)CC1C1CCCCC1,False,"InChI=1S/C23H23N5O/c1-26-15-12-18(13-16-26)28-21(29)11-10-19(24-28)22-20-9-5-6-14-27(20)25-23(22)17-7-3-2-4-8-17/h2-11,14,18H,12-13,15-16H2,1H3",YHDRUTMZCJZJAL-UHFFFAOYSA-N,YHDRUTMZCJZJAL,0,False,True,False,False,YHDRUTMZCJZJAL-UHFFFAOYSA-N,1,True,1
B3D_0235,bbb_control_b3db,BBBCTRL_235,paraxanthine,CN1CN=C2C1C(=O)N(C(=O)N2)C,,,,,,,,,,,,control_positive,logBB,0.06,,,B,BBBCTRL_235,False,True,True,CN1C(=O)NC2=NCN(C)C2C1=O,1,False,0,0,False,False,无改动,182.183,182.08037556,13,65.01,65.01,-1.1619999999999995,45.15470000000001,1,4,0,0,2,0,0.5714285714285714,6,0,0.5135166080003634,0,O=C1NC(=O)C2NCN=C2N1,CC1CC(C)C2CCCC2C1,False,"InChI=1S/C7H10N4O2/c1-10-3-8-5-4(10)6(12)11(2)7(13)9-5/h4H,3H2,1-2H3,(H,8,9,13)",VNCKVOLNMCWOMF-UHFFFAOYSA-N,VNCKVOLNMCWOMF,1,False,True,False,False,VNCKVOLNMCWOMF-UHFFFAOYSA-N,1,True,1
B3D_0236,bbb_control_b3db,BBBCTRL_236,paraxanthine,CN1C=NC2C1C(=O)N(C(=O)N2)C,,,,,,,,,,,,control_positive,logBB,0.06,,,B,BBBCTRL_236,False,True,True,CN1C(=O)NC2N=CN(C)C2C1=O,1,False,0,0,False,False,无改动,182.183,182.08037556,13,65.01,65.01,-1.1636000000000002,45.132700000000014,1,4,0,0,2,0,0.5714285714285714,6,0,0.5134303436306706,0,O=C1NC(=O)C2NC=NC2N1,CC1CC(C)C2CCCC2C1,False,"InChI=1S/C7H10N4O2/c1-10-3-8-5-4(10)6(12)11(2)7(13)9-5/h3-5H,1-2H3,(H,9,13)",PHWKWPXRPNGSRD-UHFFFAOYSA-N,PHWKWPXRPNGSRD,2,False,True,False,False,PHWKWPXRPNGSRD-UHFFFAOYSA-N,1,True,1
B3D_0237,bbb_control_b3db,BBBCTRL_237,p-bromospiperone,C1CN(CCC12C(=O)NCN2C3=CC=C(C=C3)Br)CCCC(=O)C4=CC=C(C=C4)F,,,,,,,,,,,,control_positive,logBB,0.07,,,B,BBBCTRL_237,False,True,True,O=C(CCCN1CCC2(CC1)C(=O)NCN2c1ccc(Br)cc1)c1ccc(F)cc1,1,False,0,0,False,False,无改动,474.3740000000001,473.11141736,30,52.650000000000006,52.650000000000006,3.979600000000003,118.00020000000004,1,4,6,6,4,2,0.391304347826087,7,0,0.6441846416385876,0,O=C(CCCN1CCC2(CC1)C(=O)NCN2c1ccccc1)c1ccccc1,CC(CCCC1CCC2(CC1)C(C)CCC2C1CCCCC1)C1CCCCC1,False,"InChI=1S/C23H25BrFN3O2/c24-18-5-9-20(10-6-18)28-16-26-22(30)23(28)11-14-27(15-12-23)13-1-2-21(29)17-3-7-19(25)8-4-17/h3-10H,1-2,11-16H2,(H,26,30)",ALHZOZGEQMHCRV-UHFFFAOYSA-N,ALHZOZGEQMHCRV,0,False,True,False,False,ALHZOZGEQMHCRV-UHFFFAOYSA-N,1,True,3
B3D_0238,bbb_control_b3db,BBBCTRL_238,irie-16a,CC(C)N1CCC(CC1)COC2=NC(=NC(=C2C(=O)NC)NCC3CCC4(CCC4)CC3)C#N,,,,,,,,,,,,control_positive,logBB,0.08,,,B,BBBCTRL_238,False,True,True,CNC(=O)c1c(NCC2CCC3(CCC3)CC2)nc(C#N)nc1OCC1CCN(C(C)C)CC1,1,False,0,0,False,False,无改动,468.6460000000003,468.32127452000003,34,103.17,103.17,3.9794800000000023,131.79690000000002,2,7,8,9,4,1,0.7692307692307693,8,0,0.5946873500246093,0,c1nc(NCC2CCC3(CCC3)CC2)cc(OCC2CCNCC2)n1,C1CCC(CCC2CCCC(CCC3CCC4(CCC4)CC3)C2)CC1,False,"InChI=1S/C26H40N6O2/c1-18(2)32-13-7-20(8-14-32)17-34-25-22(24(33)28-3)23(30-21(15-27)31-25)29-16-19-5-11-26(12-6-19)9-4-10-26/h18-20H,4-14,16-17H2,1-3H3,(H,28,33)(H,29,30,31)",QAGVIYYHBWIDBH-UHFFFAOYSA-N,QAGVIYYHBWIDBH,0,False,True,False,False,QAGVIYYHBWIDBH-UHFFFAOYSA-N,1,True,2
B3D_0239,bbb_control_b3db,BBBCTRL_239,"1,3a,8-trimethyl-1,2,3,3a,8,8a-hexahydropyrrolo[2,3-b]indol-5-yl methylcarbamate",CC12CCN(C1N(C3=C2C=C(C=C3)OC(=O)NC)C)C,,,,,,,,,,,,control_positive,logBB,0.08,,,B,BBBCTRL_239,False,True,True,CNC(=O)Oc1ccc2c(c1)C1(C)CCN(C)C1N2C,1,False,0,0,False,False,无改动,275.352,275.163376912,20,44.81,44.81,1.7739,78.31570000000005,1,4,1,3,3,1,0.5333333333333333,5,0,0.8482399591613494,0,c1ccc2c(c1)NC1NCCC21,C1CCC2C(C1)CC1CCCC12,False,"InChI=1S/C15H21N3O2/c1-15-7-8-17(3)13(15)18(4)12-6-5-10(9-11(12)15)20-14(19)16-2/h5-6,9,13H,7-8H2,1-4H3,(H,16,19)",PIJVFDBKTWXHHD-UHFFFAOYSA-N,PIJVFDBKTWXHHD,2,False,True,False,False,PIJVFDBKTWXHHD-UHFFFAOYSA-N,1,True,1
B3D_0240,bbb_control_b3db,BBBCTRL_240,cube-8,Oc1cc(OCCCCOc2ccc(CCC(O)=O)c(OCC)c2)ccc1C(CC(C)C)=O,,,,,,,,,,,,control_positive,logBB,0.08,,,B,BBBCTRL_240,False,True,True,CCOc1cc(OCCCCOc2ccc(C(=O)CC(C)C)c(O)c2)ccc1CCC(=O)O,1,False,0,0,False,False,无改动,458.5510000000003,458.2304534279999,33,102.29,102.29,5.274900000000005,125.68410000000007,2,6,15,15,2,2,0.46153846153846156,7,0,0.27662040550450945,1,c1ccc(OCCCCOc2ccccc2)cc1,C(CCCC1CCCCC1)CCC1CCCCC1,False,"InChI=1S/C26H34O7/c1-4-31-25-17-21(9-7-19(25)8-12-26(29)30)33-14-6-5-13-32-20-10-11-22(24(28)16-20)23(27)15-18(2)3/h7,9-11,16-18,28H,4-6,8,12-15H2,1-3H3,(H,29,30)",HVSFEJHKLPAYFC-UHFFFAOYSA-N,HVSFEJHKLPAYFC,0,True,False,False,False,HVSFEJHKLPAYFC-UHFFFAOYSA-N,1,True,2
B3D_0241,bbb_control_b3db,BBBCTRL_241,nimodipine,CC1=C(C(C(=C(N1)C)C(=O)OC(C)C)C2=CC(=CC=C2)[N+](=O)[O-])C(=O)OCCOC,,,,,,,,,,,,control_positive,logBB,0.08,,,B,BBBCTRL_241,False,True,True,COCCOC(=O)C1=C(C)NC(C)=C(C(=O)OC(C)C)C1c1cccc([N+](=O)[O-])c1,1,False,0,0,False,False,无改动,418.44600000000014,418.174001172,30,117.0,117.0,2.9708000000000014,108.43610000000007,1,8,8,10,2,1,0.42857142857142855,9,0,0.2963419520142686,0,C1=CC(c2ccccc2)C=CN1,C1CCC(C2CCCCC2)CC1,False,"InChI=1S/C21H26N2O7/c1-12(2)30-21(25)18-14(4)22-13(3)17(20(24)29-10-9-28-5)19(18)15-7-6-8-16(11-15)23(26)27/h6-8,11-12,19,22H,9-10H2,1-5H3",UIAGMCDKSXEBJQ-UHFFFAOYSA-N,UIAGMCDKSXEBJQ,1,False,True,False,False,UIAGMCDKSXEBJQ-UHFFFAOYSA-N,1,True,2
B3D_0242,bbb_control_b3db,BBBCTRL_242,mppf,COC1=CC=CC=C1N2CCN(CC2)CCN(C3=CC=CC=N3)C(=O)C4=CC=C(C=C4)F,,,,,,,,,,,,control_positive,logBB,0.09,,,B,BBBCTRL_242,False,True,True,COc1ccccc1N1CCN(CCN(C(=O)c2ccc(F)cc2)c2ccccn2)CC1,1,False,0,0,False,False,无改动,434.5150000000001,434.211804324,32,48.910000000000004,48.910000000000004,3.6983000000000024,123.96050000000001,0,5,7,8,4,3,0.28,7,0,0.5676496888417457,0,O=C(c1ccccc1)N(CCN1CCN(c2ccccc2)CC1)c1ccccn1,CC(C1CCCCC1)C(CCC1CCC(C2CCCCC2)CC1)C1CCCCC1,False,"InChI=1S/C25H27FN4O2/c1-32-23-7-3-2-6-22(23)29-17-14-28(15-18-29)16-19-30(24-8-4-5-13-27-24)25(31)20-9-11-21(26)12-10-20/h2-13H,14-19H2,1H3",YJZYDPRMWYWYCG-UHFFFAOYSA-N,YJZYDPRMWYWYCG,0,False,True,False,False,YJZYDPRMWYWYCG-UHFFFAOYSA-N,1,True,1
B3D_0243,bbb_control_b3db,BBBCTRL_243,1622-62-4,CN1C(=O)CN=C(C2=C1C=CC(=C2)[N+](=O)[O-])C3=CC=CC=C3F,,,,,,,,,,,,control_positive,logBB,0.1,,,B,BBBCTRL_243,False,True,True,CN1C(=O)CN=C(c2ccccc2F)c2cc([N+](=O)[O-])ccc21,1,False,0,0,False,False,无改动,313.28800000000007,313.086269464,23,75.81,75.81,2.5477000000000007,83.41240000000002,0,4,2,2,3,2,0.125,7,0,0.6313255490777444,0,O=C1CN=C(c2ccccc2)c2ccccc2N1,CC1CCC(C2CCCCC2)C2CCCCC2C1,False,"InChI=1S/C16H12FN3O3/c1-19-14-7-6-10(20(22)23)8-12(14)16(18-9-15(19)21)11-4-2-3-5-13(11)17/h2-8H,9H2,1H3",PPTYJKAXVCCBDU-UHFFFAOYSA-N,PPTYJKAXVCCBDU,0,False,False,False,False,PPTYJKAXVCCBDU-UHFFFAOYSA-N,1,True,4
B3D_0244,bbb_control_b3db,BBBCTRL_244,paraxanthine,CN1C=NC2=C1C(=O)N(C(=O)N2)C,,,,,,,,,,,,control_positive,logBB,0.1,,,B,BBBCTRL_244,False,True,True,Cn1c(=O)[nH]c2ncn(C)c2c1=O,1,False,0,0,False,False,无改动,180.16699999999997,180.064725496,13,72.68,72.68,-1.039700000000001,46.57570000000001,1,3,0,0,2,2,0.2857142857142857,6,0,0.5624722357827983,0,O=c1[nH]c(=O)c2[nH]cnc2[nH]1,CC1CC(C)C2CCCC2C1,False,"InChI=1S/C7H8N4O2/c1-10-3-8-5-4(10)6(12)11(2)7(13)9-5/h3H,1-2H3,(H,9,13)",QUNWUDVFRNGTCO-UHFFFAOYSA-N,QUNWUDVFRNGTCO,0,False,False,False,False,QUNWUDVFRNGTCO-UHFFFAOYSA-N,1,True,2
B3D_0245,bbb_control_b3db,BBBCTRL_245,eserine,C[C@@]12CCN([C@@H]1N(C3=C2C=C(C=C3)OC(=O)NC)C)C,,,,,,,,,,,,control_positive,logBB,0.1,,,B,BBBCTRL_245,False,True,True,CNC(=O)Oc1ccc2c(c1)[C@]1(C)CCN(C)[C@@H]1N2C,1,False,0,0,False,False,无改动,275.352,275.163376912,20,44.81,44.81,1.7739,78.31570000000005,1,4,1,3,3,1,0.5333333333333333,5,0,0.8482399591613494,0,c1ccc2c(c1)N[C@H]1NCCC21,C1CCC2C(C1)CC1CCCC12,False,"InChI=1S/C15H21N3O2/c1-15-7-8-17(3)13(15)18(4)12-6-5-10(9-11(12)15)20-14(19)16-2/h5-6,9,13H,7-8H2,1-4H3,(H,16,19)/t13-,15+/m1/s1",PIJVFDBKTWXHHD-HIFRSBDPSA-N,PIJVFDBKTWXHHD,2,False,True,False,False,PIJVFDBKTWXHHD-HIFRSBDPSA-N,1,True,1
B3D_0246,bbb_control_b3db,BBBCTRL_246,terbinafine,CC(C)(C)C#C/C=C/C[NH+](C)CC1=CC=CC2=CC=CC=C21,,,,,,,,,,,,control_positive,logBB,0.1,,,B,BBBCTRL_246,False,True,True,CN(C/C=C/C#CC(C)(C)C)Cc1cccc2ccccc12,1,False,1,0,True,True,中性化：1 → 0,291.438,291.1986998,22,3.24,3.24,4.877300000000004,96.65300000000006,0,1,4,4,2,2,0.3333333333333333,1,0,0.7258618266744273,0,c1ccc2ccccc2c1,C1CCC2CCCCC2C1,False,"InChI=1S/C21H25N/c1-21(2,3)15-8-5-9-16-22(4)17-19-13-10-12-18-11-6-7-14-20(18)19/h5-7,9-14H,16-17H2,1-4H3/b9-5+",DOMXUEMWDBAQBQ-WEVVVXLNSA-N,DOMXUEMWDBAQBQ,0,False,True,False,False,DOMXUEMWDBAQBQ-WEVVVXLNSA-N,1,True,3
B3D_0247,bbb_control_b3db,BBBCTRL_247,quinidine (quinine),COC1=CC2=C(C=CN=C2C=C1)C(C3CC4CCC3CC4C=C)O,,,,,,,,,,,,control_positive,logBB,0.1,,,B,BBBCTRL_247,False,True,True,C=CC1CC2CCC1CC2C(O)c1ccnc2ccc(OC)cc12,1,False,0,0,False,False,无改动,323.4360000000001,323.18852904,24,42.35000000000001,42.35000000000001,4.515200000000004,95.87980000000006,1,3,4,4,5,2,0.47619047619047616,3,0,0.8415209369234502,0,c1ccc2c(CC3CC4CCC3CC4)ccnc2c1,C1CCC2C(C1)CCCC2CC1CC2CCC1CC2,False,"InChI=1S/C21H25NO2/c1-3-13-10-15-5-4-14(13)11-18(15)21(23)17-8-9-22-20-7-6-16(24-2)12-19(17)20/h3,6-9,12-15,18,21,23H,1,4-5,10-11H2,2H3",OAMMLDQTXRLECW-UHFFFAOYSA-N,OAMMLDQTXRLECW,5,False,False,False,False,OAMMLDQTXRLECW-UHFFFAOYSA-N,1,True,1
B3D_0248,bbb_control_b3db,BBBCTRL_248,schembl15974503,CC1(CN(C(=O)NC1=O)C)C2=CCCCC2,,,,,,,,,,,,control_positive,logBB,0.1,,,B,BBBCTRL_248,False,True,True,CN1CC(C)(C2=CCCCC2)C(=O)NC1=O,1,False,0,0,False,False,无改动,222.28799999999995,222.136827816,16,49.410000000000004,49.410000000000004,1.6747,60.82670000000004,1,2,1,1,2,0,0.6666666666666666,4,0,0.6860655357471073,0,O=C1NCC(C2=CCCCC2)C(=O)N1,CC1CCC(C2CCCCC2)C(C)C1,False,"InChI=1S/C12H18N2O2/c1-12(9-6-4-3-5-7-9)8-14(2)11(16)13-10(12)15/h6H,3-5,7-8H2,1-2H3,(H,13,15,16)",FNKSLANLRBBNGS-UHFFFAOYSA-N,FNKSLANLRBBNGS,1,False,False,False,False,FNKSLANLRBBNGS-UHFFFAOYSA-N,1,True,1
B3D_0249,bbb_control_b3db,BBBCTRL_249,naproxen,C[C@@H](C1=CC2=C(C=C1)C=C(C=C2)OC)C(=O)O,,,,,,,,,,,,control_positive,logBB,0.1,,,B,BBBCTRL_249,False,True,True,COc1ccc2cc([C@H](C)C(=O)O)ccc2c1,1,False,0,0,False,False,无改动,230.26299999999998,230.094294308,17,46.53,46.53,3.036500000000001,66.55080000000004,1,2,3,3,2,2,0.21428571428571427,3,0,0.8810778082204156,0,c1ccc2ccccc2c1,C1CCC2CCCCC2C1,False,"InChI=1S/C14H14O3/c1-9(14(15)16)10-3-4-12-8-13(17-2)6-5-11(12)7-10/h3-9H,1-2H3,(H,15,16)/t9-/m0/s1",CMWTZPSULFXXJA-VIFPVBQESA-N,CMWTZPSULFXXJA,1,True,False,False,False,CMWTZPSULFXXJA-VIFPVBQESA-N,1,True,3
B3D_0250,bbb_control_b3db,BBBCTRL_250,zolantidine; 41,C1CCN(CC1)CC2=CC(=CC=C2)OCCCNC3=NC4=CC=CC=C4S3,,,,,,,,,,,,control_positive,logBB,0.1,,,B,BBBCTRL_250,False,True,True,c1cc(CN2CCCCC2)cc(OCCCNc2nc3ccccc3s2)c1,1,False,0,0,False,False,无改动,381.545,381.187483484,27,37.39,65.63,5.163200000000005,113.79170000000005,1,5,8,8,4,3,0.4090909090909091,5,0,0.5467728578807332,1,c1cc(CN2CCCCC2)cc(OCCCNc2nc3ccccc3s2)c1,C1CCC(CC2CCCC(CCCCCC3CC4CCCCC4C3)C2)CC1,False,"InChI=1S/C22H27N3OS/c1-4-13-25(14-5-1)17-18-8-6-9-19(16-18)26-15-7-12-23-22-24-20-10-2-3-11-21(20)27-22/h2-3,6,8-11,16H,1,4-5,7,12-15,17H2,(H,23,24)",KUBONGDXTUOOLM-UHFFFAOYSA-N,KUBONGDXTUOOLM,0,False,True,False,False,KUBONGDXTUOOLM-UHFFFAOYSA-N,1,True,1
B3D_0251,bbb_control_b3db,BBBCTRL_251,pfizer compound 20,CC1=CC(=NN1C2=CC(=C(C=C2)OC)CNC3CCCNC3C4=CC=CC=C4)C,,,,,,,,,,,,control_positive,logBB,0.11,,,B,BBBCTRL_251,False,True,True,COc1ccc(-n2nc(C)cc2C)cc1CNC1CCCNC1c1ccccc1,1,False,0,0,False,False,无改动,390.5310000000001,390.24196158,29,51.11,51.11,4.0806400000000025,116.63740000000003,2,4,6,6,4,3,0.375,5,0,0.6658834382374913,0,c1ccc(C2NCCCC2NCc2cccc(-n3cccn3)c2)cc1,C1CCC(C2CCCCC2CCC2CCCC(C3CCCC3)C2)CC1,False,"InChI=1S/C24H30N4O/c1-17-14-18(2)28(27-17)21-11-12-23(29-3)20(15-21)16-26-22-10-7-13-25-24(22)19-8-5-4-6-9-19/h4-6,8-9,11-12,14-15,22,24-26H,7,10,13,16H2,1-3H3",WDJYRYLRDONKNL-UHFFFAOYSA-N,WDJYRYLRDONKNL,2,False,True,False,False,WDJYRYLRDONKNL-UHFFFAOYSA-N,1,True,1
B3D_0252,bbb_control_b3db,BBBCTRL_252,dehydroevodiamine,C[N+]1=C2C3C(CCN2C(=O)C4=CC=CC=C41)C5=CC=CC=C5N3,,,,,,,,,,,,control_positive,logBB,0.11,,,B,BBBCTRL_252,False,True,True,C[n+]1c2n(c(=O)c3ccccc31)CCC1c3ccccc3NC21,1,False,1,1,False,False,无改动,304.373,304.14443861609004,23,37.91,37.91,2.4800999999999993,89.54770000000003,1,2,0,0,5,3,0.2631578947368421,4,1,0.648011314043888,0,O=c1c2ccccc2[nH+]c2n1CCC1c3ccccc3NC21,CC1C2CCCCC2CC2C1CCC1C3CCCCC3CC12,False,"InChI=1S/C19H18N3O/c1-21-16-9-5-3-7-14(16)19(23)22-11-10-13-12-6-2-4-8-15(12)20-17(13)18(21)22/h2-9,13,17,20H,10-11H2,1H3/q+1",KFASAPQSLORVRQ-UHFFFAOYSA-N,KFASAPQSLORVRQ,2,False,False,False,False,KFASAPQSLORVRQ-UHFFFAOYSA-N,1,True,1
B3D_0253,bbb_control_b3db,BBBCTRL_253,chembl246597,CC1=NC2=C(C=C1)C(=CC=C2)OCCN3CCC(CC3)CC4=CC5=C(C=C4)OCC(=O)N5C,,,,,,,,,,,,control_positive,logBB,0.11,,,B,BBBCTRL_253,False,True,True,Cc1ccc2c(OCCN3CCC(Cc4ccc5c(c4)N(C)C(=O)CO5)CC3)cccc2n1,1,False,0,0,False,False,无改动,445.5630000000002,445.236541852,33,54.900000000000006,54.900000000000006,4.231920000000003,130.19000000000003,0,5,6,6,5,3,0.4074074074074074,6,0,0.56835771986775,0,O=C1COc2ccc(CC3CCN(CCOc4cccc5ncccc45)CC3)cc2N1,CC1CCC2CCC(CC3CCC(CCCC4CCCC5CCCCC54)CC3)CC2C1,False,"InChI=1S/C27H31N3O3/c1-19-6-8-22-23(28-19)4-3-5-25(22)32-15-14-30-12-10-20(11-13-30)16-21-7-9-26-24(17-21)29(2)27(31)18-33-26/h3-9,17,20H,10-16,18H2,1-2H3",WZBKUESQVZMMIH-UHFFFAOYSA-N,WZBKUESQVZMMIH,0,False,True,False,False,WZBKUESQVZMMIH-UHFFFAOYSA-N,1,True,2
B3D_0254,bbb_control_b3db,BBBCTRL_254,184886-95-1,C1C=NC(N1)NC2=C(C=CC=C2Cl)Cl,,,,,,,,,,,,control_positive,logBB,0.11,,,B,BBBCTRL_254,False,True,True,Clc1cccc(Cl)c1NC1N=CCN1,1,False,0,0,False,False,无改动,230.098,229.01735264799999,14,36.42,36.42,2.3629000000000007,60.36740000000001,2,3,2,2,2,1,0.2222222222222222,5,0,0.81764514686916,0,C1=NC(Nc2ccccc2)NC1,C1CCC(CC2CCCC2)CC1,False,"InChI=1S/C9H9Cl2N3/c10-6-2-1-3-7(11)8(6)14-9-12-4-5-13-9/h1-4,9,13-14H,5H2",RWPSRMKULJIPPG-UHFFFAOYSA-N,RWPSRMKULJIPPG,1,False,True,False,False,RWPSRMKULJIPPG-UHFFFAOYSA-N,1,True,1
B3D_0255,bbb_control_b3db,BBBCTRL_255,"2-(5,6-dichloroindazol-1-yl)ethanamine",C1=C2C=NN(C2=CC(=C1Cl)Cl)CCN,,,,,,,,,,,,control_positive,logBB,0.11,,,B,BBBCTRL_255,False,True,True,NCCn1ncc2cc(Cl)c(Cl)cc21,1,False,0,0,False,False,无改动,230.09799999999998,229.01735264799999,14,43.84,43.84,2.3018,58.807400000000015,1,2,2,2,2,2,0.2222222222222222,5,0,0.8596070514570278,0,c1ccc2[nH]ncc2c1,C1CCC2CCCC2C1,False,"InChI=1S/C9H9Cl2N3/c10-7-3-6-5-13-14(2-1-12)9(6)4-8(7)11/h3-5H,1-2,12H2",QLRYUDMLENPYFS-UHFFFAOYSA-N,QLRYUDMLENPYFS,0,False,True,False,False,QLRYUDMLENPYFS-UHFFFAOYSA-N,1,True,1
B3D_0256,bbb_control_b3db,BBBCTRL_256,chembl219060,C1CN(CCC1CNC2=CC=NC=C2)C(=O)OCC3=CC=CC=C3,,,,,,,,,,,,control_positive,logBB,0.13,,,B,BBBCTRL_256,False,True,True,O=C(OCc1ccccc1)N1CCC(CNc2ccncc2)CC1,1,False,0,0,False,False,无改动,325.41200000000003,325.179026976,24,54.46,54.46,3.542300000000002,93.65070000000006,1,4,5,7,3,2,0.3684210526315789,5,0,0.9133415722259979,0,O=C(OCc1ccccc1)N1CCC(CNc2ccncc2)CC1,CC(CCC1CCCCC1)C1CCC(CCC2CCCCC2)CC1,False,"InChI=1S/C19H23N3O2/c23-19(24-15-17-4-2-1-3-5-17)22-12-8-16(9-13-22)14-21-18-6-10-20-11-7-18/h1-7,10-11,16H,8-9,12-15H2,(H,20,21)",OOIJMSVOEKAGEL-UHFFFAOYSA-N,OOIJMSVOEKAGEL,0,False,False,False,False,OOIJMSVOEKAGEL-UHFFFAOYSA-N,1,True,1
B3D_0257,bbb_control_b3db,BBBCTRL_257,mchr antagonist 2',C1CN(CCC1NC2=CC(=O)OC3=C2C=C(C=C3)Cl)C/C=C/C4=CC=CC=C4,,,,,,,,,,,,control_positive,logBB,0.13,,,B,BBBCTRL_257,False,True,True,O=c1cc(NC2CCN(C/C=C/c3ccccc3)CC2)c2cc(Cl)ccc2o1,1,False,0,0,False,False,无改动,394.9020000000002,394.14480565599996,28,45.480000000000004,45.480000000000004,5.036100000000005,116.05470000000004,1,4,5,5,4,3,0.2608695652173913,5,0,0.6158447208918136,1,O=c1cc(NC2CCN(C/C=C/c3ccccc3)CC2)c2ccccc2o1,CC1CC2CCCCC2C(CC2CCC(CCCC3CCCCC3)CC2)C1,False,"InChI=1S/C23H23ClN2O2/c24-18-8-9-22-20(15-18)21(16-23(27)28-22)25-19-10-13-26(14-11-19)12-4-7-17-5-2-1-3-6-17/h1-9,15-16,19,25H,10-14H2/b7-4+",HMDKIXQRZGNMNZ-QPJJXVBHSA-N,HMDKIXQRZGNMNZ,0,False,True,False,False,HMDKIXQRZGNMNZ-QPJJXVBHSA-N,1,True,1
B3D_0258,bbb_control_b3db,BBBCTRL_258,compound-10b,CC1=CC(=NN1CC2=C(C=CC(=C2)Cl)OCC3=CC=CC=C3)C(=O)NC4=CC=C(C=C4)CNC,,,,,,,,,,,,control_positive,logBB,0.15,,,B,BBBCTRL_258,False,True,True,CNCc1ccc(NC(=O)c2cc(C)n(Cc3cc(Cl)ccc3OCc3ccccc3)n2)cc1,1,False,0,0,False,False,无改动,474.99200000000013,474.182253784,34,68.17999999999999,68.17999999999999,5.443920000000004,135.4508999999999,2,4,9,10,4,4,0.18518518518518517,7,0,0.33851770263183,1,O=C(Nc1ccccc1)c1ccn(Cc2ccccc2OCc2ccccc2)n1,CC(CC1CCCCC1)C1CCC(CC2CCCCC2CCC2CCCCC2)C1,False,"InChI=1S/C27H27ClN4O2/c1-19-14-25(27(33)30-24-11-8-20(9-12-24)16-29-2)31-32(19)17-22-15-23(28)10-13-26(22)34-18-21-6-4-3-5-7-21/h3-15,29H,16-18H2,1-2H3,(H,30,33)",ZJOSQPMXIGOIML-UHFFFAOYSA-N,ZJOSQPMXIGOIML,0,False,True,False,False,ZJOSQPMXIGOIML-UHFFFAOYSA-N,1,True,1
B3D_0259,bbb_control_b3db,BBBCTRL_259,org13011,C1CC(=O)N(C1)CCCCN2CCN(CC2)C3=NC=CC(=C3)C(F)(F)F,,,,,,,,,,,,control_positive,logBB,0.16,,,B,BBBCTRL_259,False,True,True,O=C1CCCN1CCCCN1CCN(c2cc(C(F)(F)F)ccn2)CC1,1,False,0,0,False,False,无改动,370.4190000000001,370.19804608000004,26,39.68000000000001,39.68000000000001,2.625000000000001,92.94000000000005,0,4,6,7,3,1,0.6666666666666666,8,0,0.7220577038314752,0,O=C1CCCN1CCCCN1CCN(c2ccccn2)CC1,CC1CCCC1CCCCC1CCC(C2CCCCC2)CC1,False,"InChI=1S/C18H25F3N4O/c19-18(20,21)15-5-6-22-16(14-15)24-12-10-23(11-13-24)7-1-2-8-25-9-3-4-17(25)26/h5-6,14H,1-4,7-13H2",YKJJCYZZWWSBEW-UHFFFAOYSA-N,YKJJCYZZWWSBEW,0,False,True,False,False,YKJJCYZZWWSBEW-UHFFFAOYSA-N,1,True,1
B3D_0260,bbb_control_b3db,BBBCTRL_260,minozac free base,CC1=CC(=NN=C1N2CCN(CC2)C3=NC=CC=N3)C4=CC=CC=C4,,,,,,,,,,,,control_positive,logBB,0.18,,,B,BBBCTRL_260,False,True,True,Cc1cc(-c2ccccc2)nnc1N1CCN(c2ncccn2)CC1,1,False,0,0,False,False,无改动,332.41100000000006,332.17494464,25,58.040000000000006,58.040000000000006,2.56862,98.66300000000004,0,6,3,3,4,3,0.2631578947368421,6,0,0.734621320899646,0,c1ccc(-c2ccc(N3CCN(c4ncccn4)CC3)nn2)cc1,C1CCC(C2CCC(C3CCC(C4CCCCC4)CC3)CC2)CC1,False,"InChI=1S/C19H20N6/c1-15-14-17(16-6-3-2-4-7-16)22-23-18(15)24-10-12-25(13-11-24)19-20-8-5-9-21-19/h2-9,14H,10-13H2,1H3",ASVQCPUSQNFHHU-UHFFFAOYSA-N,ASVQCPUSQNFHHU,0,False,False,False,False,ASVQCPUSQNFHHU-UHFFFAOYSA-N,1,True,1
B3D_0261,bbb_control_b3db,BBBCTRL_261,gw406381,CCOC1=CC=C(C=C1)C2=NN3C(=C2C4=CC=C(C=C4)S(=O)(=O)C)C=CC=N3,,,,,,,,,,,,control_positive,logBB,0.18,,,B,BBBCTRL_261,False,True,True,CCOc1ccc(-c2nn3ncccc3c2-c2ccc(S(C)(=O)=O)cc2)cc1,1,False,0,0,False,False,无改动,393.46800000000013,393.11471246799994,28,73.56,81.94,3.8655000000000026,108.13780000000001,0,5,5,5,4,4,0.14285714285714285,7,0,0.5146434389372717,0,c1ccc(-c2nn3ncccc3c2-c2ccccc2)cc1,C1CCC(C2CC3CCCCC3C2C2CCCCC2)CC1,False,"InChI=1S/C21H19N3O3S/c1-3-27-17-10-6-16(7-11-17)21-20(19-5-4-14-22-24(19)23-21)15-8-12-18(13-9-15)28(2,25)26/h4-14H,3H2,1-2H3",NXMZBNYLCVTRGB-UHFFFAOYSA-N,NXMZBNYLCVTRGB,0,False,False,False,False,NXMZBNYLCVTRGB-UHFFFAOYSA-N,1,True,1
B3D_0262,bbb_control_b3db,BBBCTRL_262,repinotan,O=S1(c2ccccc2C(N1CCCCN[C@H]3CCc4ccccc4O3)=O)=O,,,,,,,,,,,,control_positive,logBB,0.18,,,B,BBBCTRL_262,False,True,True,O=C1c2ccccc2S(=O)(=O)N1CCCCN[C@H]1CCc2ccccc2O1,1,False,0,0,False,False,无改动,386.4730000000001,386.13002818399997,27,75.71000000000001,84.09,2.552200000000001,101.08000000000003,1,5,6,6,4,2,0.35,7,0,0.7724768884851392,0,O=C1c2ccccc2S(=O)(=O)N1CCCCN[C@H]1CCc2ccccc2O1,CC1C2CCCCC2C(C)(C)C1CCCCCC1CCC2CCCCC2C1,False,"InChI=1S/C20H22N2O4S/c23-20-16-8-2-4-10-18(16)27(24,25)22(20)14-6-5-13-21-19-12-11-15-7-1-3-9-17(15)26-19/h1-4,7-10,19,21H,5-6,11-14H2/t19-/m1/s1",JNMJAUGCHSOMPF-LJQANCHMSA-N,JNMJAUGCHSOMPF,1,False,True,True,False,JNMJAUGCHSOMPF-LJQANCHMSA-N,1,True,1
B3D_0263,bbb_control_b3db,BBBCTRL_263,sulforidazine,CN1CCCCC1CCN2C3=CC=CC=C3SC4=C2C=C(C=C4)S(=O)(=O)C,,,,,,,,,,,,control_positive,logBB,0.2,,,B,BBBCTRL_263,False,True,True,CN1CCCCC1CCN1c2ccccc2Sc2ccc(S(C)(=O)=O)cc21,1,False,0,0,False,False,无改动,402.58500000000015,402.14357007199993,27,40.620000000000005,74.30000000000001,4.567200000000004,112.00880000000006,0,5,4,4,4,2,0.42857142857142855,6,0,0.749346893036963,0,c1ccc2c(c1)Sc1ccccc1N2CCC1CCCCN1,C1CCC(CCC2C3CCCCC3CC3CCCCC32)CC1,False,"InChI=1S/C21H26N2O2S2/c1-22-13-6-5-7-16(22)12-14-23-18-8-3-4-9-20(18)26-21-11-10-17(15-19(21)23)27(2,24)25/h3-4,8-11,15-16H,5-7,12-14H2,1-2H3",FLGCRGJDQJIJAW-UHFFFAOYSA-N,FLGCRGJDQJIJAW,1,False,True,False,False,FLGCRGJDQJIJAW-UHFFFAOYSA-N,1,True,3
B3D_0264,bbb_control_b3db,BBBCTRL_264,chembl190860,CN(C)CC1=CC=CC=C1SC2=C(C=C(C=C2)F)N,,,,,,,,,,,,control_positive,logBB,0.2,,,B,BBBCTRL_264,False,True,True,CN(C)Cc1ccccc1Sc1ccc(F)cc1N,1,False,0,0,False,False,无改动,276.38,276.10964776400004,19,29.259999999999998,54.56,3.620700000000002,78.76840000000003,1,3,4,4,2,2,0.2,4,0,0.8648189570197108,0,c1ccc(Sc2ccccc2)cc1,C1CCC(CC2CCCCC2)CC1,False,"InChI=1S/C15H17FN2S/c1-18(2)10-11-5-3-4-6-14(11)19-15-8-7-12(16)9-13(15)17/h3-9H,10,17H2,1-2H3",ODXYYPIOITXURW-UHFFFAOYSA-N,ODXYYPIOITXURW,0,False,True,False,False,ODXYYPIOITXURW-UHFFFAOYSA-N,1,True,2
B3D_0265,bbb_control_b3db,BBBCTRL_265,schembl10031243,CN1CC2=C3C4C(CC(C=C4C1)O)OC3=C(C=C2)OC,,,,,,,,,,,,control_positive,logBB,0.2,,,B,BBBCTRL_265,False,True,True,COc1ccc2c3c1OC1CC(O)C=C(CN(C)C2)C31,1,False,0,0,False,False,无改动,273.332,273.136493468,20,41.93,41.93,1.6762000000000001,75.19180000000003,1,4,1,1,4,1,0.5,4,0,0.790494349908532,0,C1=C2CNCc3cccc4c3C2C(CC1)O4,C1CC2CCCC3CC4CCCC(C1)C4C23,False,"InChI=1S/C16H19NO3/c1-17-7-9-3-4-12(19-2)16-15(9)14-10(8-17)5-11(18)6-13(14)20-16/h3-5,11,13-14,18H,6-8H2,1-2H3",DUORFEVRBJRYIB-UHFFFAOYSA-N,DUORFEVRBJRYIB,3,False,True,False,False,DUORFEVRBJRYIB-UHFFFAOYSA-N,1,True,1
B3D_0266,bbb_control_b3db,BBBCTRL_266,"ptk-787, vatalanib",C1=CC=C2C(=C1)C(=NN=C2NC3=CC=C(C=C3)Cl)CC4=CC=NC=C4,,,,,,,,,,,,control_positive,logBB,0.2,,,B,BBBCTRL_266,False,True,True,Clc1ccc(Nc2nnc(Cc3ccncc3)c3ccccc23)cc1,1,False,0,0,False,False,无改动,346.8210000000001,346.09852416,25,50.7,50.7,5.012600000000003,101.3157,1,4,4,4,4,4,0.05,5,0,0.5638252652189537,1,c1ccc(Nc2nnc(Cc3ccncc3)c3ccccc23)cc1,C1CCC(CC2CCC(CC3CCCCC3)C3CCCCC23)CC1,False,"InChI=1S/C20H15ClN4/c21-15-5-7-16(8-6-15)23-20-18-4-2-1-3-17(18)19(24-25-20)13-14-9-11-22-12-10-14/h1-12H,13H2,(H,23,25)",YCOYDOIWSSHVCK-UHFFFAOYSA-N,YCOYDOIWSSHVCK,0,False,False,False,False,YCOYDOIWSSHVCK-UHFFFAOYSA-N,1,True,1
B3D_0267,bbb_control_b3db,BBBCTRL_267,talsupram,CC1(C2=CC=CC=C2C(S1)(CCCNC)C3=CC=CC=C3)C,,,,,,,,,,,,control_positive,logBB,0.22,,,B,BBBCTRL_267,False,True,True,CNCCCC1(c2ccccc2)SC(C)(C)c2ccccc21,1,False,0,0,False,False,无改动,311.494,311.1707708,22,12.03,37.33,4.911700000000004,97.44170000000005,1,2,5,5,3,2,0.4,2,0,0.7872826382134601,0,c1ccc(C2SCc3ccccc32)cc1,C1CCC(C2CCC3CCCCC32)CC1,False,"InChI=1S/C20H25NS/c1-19(2)17-12-7-8-13-18(17)20(22-19,14-9-15-21-3)16-10-5-4-6-11-16/h4-8,10-13,21H,9,14-15H2,1-3H3",FKHYYOUFMJBLAF-UHFFFAOYSA-N,FKHYYOUFMJBLAF,1,False,True,False,False,FKHYYOUFMJBLAF-UHFFFAOYSA-N,1,True,1
B3D_0268,bbb_control_b3db,BBBCTRL_268,dextromethorphan,CN1CC[C@]23CCCC[C@@H]2[C@H]1CC4=C3C=C(C=C4)OC,,,,,,,,,,,,control_positive,logBB,0.22,,,B,BBBCTRL_268,False,True,True,COc1ccc2c(c1)[C@@]13CCCC[C@@H]1[C@@H](C2)N(C)CC3,1,False,0,0,False,False,无改动,271.404,271.19361442,20,12.47,12.47,3.3834000000000026,81.36900000000006,0,2,1,1,4,1,0.6666666666666666,2,0,0.7761322150181272,0,c1ccc2c(c1)C[C@H]1NCC[C@@]23CCCC[C@H]13,C1CCC2C(C1)CC1CCCC23CCCCC13,False,"InChI=1S/C18H25NO/c1-19-10-9-18-8-4-3-5-15(18)17(19)11-13-6-7-14(20-2)12-16(13)18/h6-7,12,15,17H,3-5,8-11H2,1-2H3/t15-,17-,18-/m1/s1",MKXZASYAUGDDCJ-KBAYOESNSA-N,MKXZASYAUGDDCJ,3,False,True,False,False,MKXZASYAUGDDCJ-KBAYOESNSA-N,1,True,1
B3D_0269,bbb_control_b3db,BBBCTRL_269,"b-066, skb-42",C1CCN(CC1)CC2=CC(=CC=C2)OCCCNC3=NC4=CC=CC=C4O3,,,,,,,,,,,,control_positive,logBB,0.22,,,B,BBBCTRL_269,False,True,True,c1cc(CN2CCCCC2)cc(OCCCNc2nc3ccccc3o2)c1,1,False,0,0,False,False,无改动,365.47700000000003,365.210327104,27,50.53,50.53,4.6947000000000045,108.18070000000004,1,5,8,8,4,3,0.4090909090909091,5,0,0.5867531591263061,0,c1cc(CN2CCCCC2)cc(OCCCNc2nc3ccccc3o2)c1,C1CCC(CC2CCCC(CCCCCC3CC4CCCCC4C3)C2)CC1,False,"InChI=1S/C22H27N3O2/c1-4-13-25(14-5-1)17-18-8-6-9-19(16-18)26-15-7-12-23-22-24-20-10-2-3-11-21(20)27-22/h2-3,6,8-11,16H,1,4-5,7,12-15,17H2,(H,23,24)",VIASCVHAGATDQI-UHFFFAOYSA-N,VIASCVHAGATDQI,0,False,True,False,False,VIASCVHAGATDQI-UHFFFAOYSA-N,1,True,1
B3D_0270,bbb_control_b3db,BBBCTRL_270,scopolamine,CN1C2CC(CC1C3C2O3)OC(=O)C(CO)C4=CC=CC=C4,,,,,,,,,,,,control_positive,logBB,0.23,,,B,BBBCTRL_270,False,True,True,CN1C2CC(OC(=O)C(CO)c3ccccc3)CC1C1OC12,1,False,0,0,False,False,无改动,303.358,303.147058152,22,62.3,62.3,0.9180999999999995,79.38280000000005,1,5,4,5,4,1,0.5882352941176471,5,0,0.6618093940597772,0,O=C(Cc1ccccc1)OC1CC2NC(C1)C1OC21,CC(CC1CCCCC1)CC1CC2CC(C1)C1CC21,False,"InChI=1S/C17H21NO4/c1-18-13-7-11(8-14(18)16-15(13)22-16)21-17(20)12(9-19)10-5-3-2-4-6-10/h2-6,11-16,19H,7-9H2,1H3",STECJAGHUSJQJN-UHFFFAOYSA-N,STECJAGHUSJQJN,6,False,True,False,False,STECJAGHUSJQJN-UHFFFAOYSA-N,1,True,2
B3D_0271,bbb_control_b3db,BBBCTRL_271,scopolamide (scopolamine),CN1C2CC(CC1C3C2O3)OC(=O)[C@@H](CO)C4=CC=CC=C4,,,,,,,,,,,,control_positive,logBB,0.23,,,B,BBBCTRL_271,False,True,True,CN1C2CC(OC(=O)[C@@H](CO)c3ccccc3)CC1C1OC12,1,False,0,0,False,False,无改动,303.358,303.147058152,22,62.3,62.3,0.9180999999999995,79.38280000000005,1,5,4,5,4,1,0.5882352941176471,5,0,0.6618093940597772,0,O=C(Cc1ccccc1)OC1CC2NC(C1)C1OC21,CC(CC1CCCCC1)CC1CC2CC(C1)C1CC21,False,"InChI=1S/C17H21NO4/c1-18-13-7-11(8-14(18)16-15(13)22-16)21-17(20)12(9-19)10-5-3-2-4-6-10/h2-6,11-16,19H,7-9H2,1H3/t11?,12-,13?,14?,15?,16?/m0/s1",STECJAGHUSJQJN-PLZWVXDASA-N,STECJAGHUSJQJN,6,False,True,False,False,STECJAGHUSJQJN-PLZWVXDASA-N,1,True,2
B3D_0272,bbb_control_b3db,BBBCTRL_272,compound 14b,CC1=C(C(=CC=C1)C)NC2=NC=C(N3C2=CN=C3)C4=CC=C(C=C4)OCCN5CCCC5,,,,,,,,,,,,control_positive,logBB,0.23,,,B,BBBCTRL_272,False,True,True,Cc1cccc(C)c1Nc1ncc(-c2ccc(OCCN3CCCC3)cc2)n2cncc12,1,False,0,0,False,False,无改动,427.55200000000025,427.23721054800006,32,54.69000000000001,54.69000000000001,5.231340000000004,128.79070000000004,1,5,7,7,5,4,0.3076923076923077,6,0,0.43758308035481597,1,c1ccc(Nc2ncc(-c3ccc(OCCN4CCCC4)cc3)n3cncc23)cc1,C1CCC(CC2CCC(C3CCC(CCCC4CCCC4)CC3)C3CCCC23)CC1,False,"InChI=1S/C26H29N5O/c1-19-6-5-7-20(2)25(19)29-26-24-16-27-18-31(24)23(17-28-26)21-8-10-22(11-9-21)32-15-14-30-12-3-4-13-30/h5-11,16-18H,3-4,12-15H2,1-2H3,(H,28,29)",DKCHQSQIPABWFR-UHFFFAOYSA-N,DKCHQSQIPABWFR,0,False,True,False,False,DKCHQSQIPABWFR-UHFFFAOYSA-N,1,True,1
B3D_0273,bbb_control_b3db,BBBCTRL_273,pyrene,C1=CC2=C3C(=C1)C=CC4=CC=CC(=C43)C=C2,,,,,,,,,,,,control_positive,logBB,0.23,,,B,BBBCTRL_273,False,True,True,c1cc2ccc3cccc4ccc(c1)c2c34,1,False,0,0,False,False,无改动,202.25599999999997,202.07825032,16,0.0,0.0,4.584000000000002,70.14600000000003,0,0,0,0,4,4,0.0,0,0,0.3658985689510571,0,c1cc2ccc3cccc4ccc(c1)c2c34,C1CC2CCC3CCCC4CCC(C1)C2C34,False,InChI=1S/C16H10/c1-3-11-7-9-13-5-2-6-14-10-8-12(4-1)15(11)16(13)14/h1-10H,BBEAQIROQSPTKN-UHFFFAOYSA-N,BBEAQIROQSPTKN,0,False,False,False,False,BBEAQIROQSPTKN-UHFFFAOYSA-N,1,True,1
B3D_0274,bbb_control_b3db,BBBCTRL_274,5-octyl-5-ethyl barbituric acid,CCCCCCCCC1(C(=O)NC(=O)NC1=O)CC,,,,,,,,,,,,control_positive,logBB,0.24,,,B,BBBCTRL_274,False,True,True,CCCCCCCCC1(CC)C(=O)NC(=O)NC1=O,1,False,0,0,False,False,无改动,268.357,268.178692628,19,75.27000000000001,75.27000000000001,2.4993999999999996,72.39840000000004,2,3,8,8,1,0,0.7857142857142857,5,0,0.524350292967822,0,O=C1CC(=O)NC(=O)N1,CC1CC(C)CC(C)C1,False,"InChI=1S/C14H24N2O3/c1-3-5-6-7-8-9-10-14(4-2)11(17)15-13(19)16-12(14)18/h3-10H2,1-2H3,(H2,15,16,17,18,19)",NTYYDJWPKCQQIB-UHFFFAOYSA-N,NTYYDJWPKCQQIB,0,False,False,False,False,NTYYDJWPKCQQIB-UHFFFAOYSA-N,1,True,3
B3D_0275,bbb_control_b3db,BBBCTRL_275,"gr 205171, vofopitant",COC1=C(C=C(C=C1)N2C(=NN=N2)C(F)(F)F)CNC3CCCNC3C4=CC=CC=C4,,,,,,,,,,,,control_positive,logBB,0.24,,,B,BBBCTRL_275,False,True,True,COc1ccc(-n2nnnc2C(F)(F)F)cc1CNC1CCCNC1c1ccccc1,1,False,0,0,False,False,无改动,432.45000000000016,432.18854401600004,31,76.89,76.89,3.2726000000000015,107.75540000000001,2,6,6,7,4,3,0.38095238095238093,10,0,0.6227755038474088,0,c1ccc(C2NCCCC2NCc2cccc(-n3cnnn3)c2)cc1,C1CCC(C2CCCCC2CCC2CCCC(C3CCCC3)C2)CC1,False,"InChI=1S/C21H23F3N6O/c1-31-18-10-9-16(30-20(21(22,23)24)27-28-29-30)12-15(18)13-26-17-8-5-11-25-19(17)14-6-3-2-4-7-14/h2-4,6-7,9-10,12,17,19,25-26H,5,8,11,13H2,1H3",XILNRORTJVDYRH-UHFFFAOYSA-N,XILNRORTJVDYRH,2,False,True,False,False,XILNRORTJVDYRH-UHFFFAOYSA-N,1,True,1
B3D_0276,bbb_control_b3db,BBBCTRL_276,chembl368590,CCCN(CCC)CCC1=CC2=C(C=C1)NC(=O)C2,,,,,,,,,,,,control_positive,logBB,0.25,,,B,BBBCTRL_276,False,True,True,CCCN(CCC)CCc1ccc2c(c1)CC(=O)N2,1,False,0,0,False,False,无改动,260.3809999999999,260.188863388,19,32.34,32.34,2.845700000000001,79.50170000000004,1,2,7,7,2,1,0.5625,3,0,0.8173315946878695,0,O=C1Cc2ccccc2N1,CC1CC2CCCCC2C1,False,"InChI=1S/C16H24N2O/c1-3-8-18(9-4-2)10-7-13-5-6-15-14(11-13)12-16(19)17-15/h5-6,11H,3-4,7-10,12H2,1-2H3,(H,17,19)",RTQSAMVMLWUMFP-UHFFFAOYSA-N,RTQSAMVMLWUMFP,0,False,True,False,False,RTQSAMVMLWUMFP-UHFFFAOYSA-N,1,True,2
B3D_0277,bbb_control_b3db,BBBCTRL_277,spiperone,C1CN(CCC12C(=O)NCN2C3=CC=CC=C3)CCCC(=O)C4=CC=C(C=C4)F,,,,,,,,,,,,control_positive,logBB,0.26,,,B,BBBCTRL_277,False,True,True,O=C(CCCN1CCC2(CC1)C(=O)NCN2c1ccccc1)c1ccc(F)cc1,1,False,0,0,False,False,无改动,395.47800000000007,395.20090529199996,29,52.650000000000006,52.650000000000006,3.217100000000001,110.30020000000005,1,4,6,6,4,2,0.391304347826087,6,0,0.7634482407563192,0,O=C(CCCN1CCC2(CC1)C(=O)NCN2c1ccccc1)c1ccccc1,CC(CCCC1CCC2(CC1)C(C)CCC2C1CCCCC1)C1CCCCC1,False,"InChI=1S/C23H26FN3O2/c24-19-10-8-18(9-11-19)21(28)7-4-14-26-15-12-23(13-16-26)22(29)25-17-27(23)20-5-2-1-3-6-20/h1-3,5-6,8-11H,4,7,12-17H2,(H,25,29)",DKGZKTPJOSAWFA-UHFFFAOYSA-N,DKGZKTPJOSAWFA,0,False,True,False,False,DKGZKTPJOSAWFA-UHFFFAOYSA-N,1,True,3
B3D_0278,bbb_control_b3db,BBBCTRL_278,"(+)-4-propyl- 3,4,4a,5,6,10b-hexahydro- 2h-naphtho[1,2-b][1,4]oxazin-9-ol",CCCN1CCOC2C1CCC3=C2C=C(C=C3)O,,,,,,,,,,,,control_positive,logBB,0.26,,,B,BBBCTRL_278,False,True,True,CCCN1CCOC2c3cc(O)ccc3CCC21,1,False,0,0,False,False,无改动,247.33799999999997,247.157228912,18,32.7,32.7,2.4903000000000004,70.77280000000005,1,3,2,2,3,1,0.6,3,0,0.8712230750183557,0,c1ccc2c(c1)CCC1NCCOC21,C1CCC2C(C1)CCC1CCCCC12,False,"InChI=1S/C15H21NO2/c1-2-7-16-8-9-18-15-13-10-12(17)5-3-11(13)4-6-14(15)16/h3,5,10,14-15,17H,2,4,6-9H2,1H3",JCSREICEMHWFAY-UHFFFAOYSA-N,JCSREICEMHWFAY,2,False,True,False,False,JCSREICEMHWFAY-UHFFFAOYSA-N,1,True,1
B3D_0279,bbb_control_b3db,BBBCTRL_279,nsc 350386,Nc1c2c(NC(C)C(c3ccccc3)=N2)cc(CC(OCC)=O)n1,,,,,,,,,,,,control_positive,logBB,0.27,,,B,BBBCTRL_279,False,True,True,CCOC(=O)Cc1cc2c(c(N)n1)N=C(c1ccccc1)C(C)N2,1,False,0,0,False,False,无改动,324.384,324.15862588,24,89.60000000000001,89.60000000000001,2.7042,94.71010000000003,2,6,4,5,3,2,0.2777777777777778,6,0,0.8440646610604134,0,c1ccc(C2=Nc3cnccc3NC2)cc1,C1CCC(C2CCC3CCCCC3C2)CC1,False,"InChI=1S/C18H20N4O2/c1-3-24-15(23)10-13-9-14-17(18(19)21-13)22-16(11(2)20-14)12-7-5-4-6-8-12/h4-9,11,20H,3,10H2,1-2H3,(H2,19,21)",CBKCWWFPPXCBCJ-UHFFFAOYSA-N,CBKCWWFPPXCBCJ,1,False,False,False,False,CBKCWWFPPXCBCJ-UHFFFAOYSA-N,1,True,1
B3D_0280,bbb_control_b3db,BBBCTRL_280,r82913,CC1CN2C3=C(CN1CC=C(C)C)C=C(C=C3NC2=S)Cl,,,,,,,,,,,,control_positive,logBB,0.28,,,B,BBBCTRL_280,False,True,True,CC(C)=CCN1Cc2cc(Cl)cc3[nH]c(=S)n(c23)CC1C,1,False,0,0,False,False,无改动,321.8770000000001,321.10664632,21,23.96,56.050000000000004,4.522590000000004,91.43570000000004,1,2,2,2,3,2,0.4375,5,0,0.6491002912784465,0,S=c1[nH]c2cccc3c2n1CCNC3,CC1CC2CCCC3CCCCC1C32,False,"InChI=1S/C16H20ClN3S/c1-10(2)4-5-19-9-12-6-13(17)7-14-15(12)20(8-11(19)3)16(21)18-14/h4,6-7,11H,5,8-9H2,1-3H3,(H,18,21)",RCSLUNOLLUVOOG-UHFFFAOYSA-N,RCSLUNOLLUVOOG,1,False,True,False,False,RCSLUNOLLUVOOG-UHFFFAOYSA-N,1,True,1
B3D_0281,bbb_control_b3db,BBBCTRL_281,ondansetron,C1C=NC(C)=C1CC(C2=O)CCc3n(C)c(c4c23)cccc4,,,,,,,,,,,,control_positive,logBB,0.28,,,B,BBBCTRL_281,False,True,True,CC1=C(CC2CCc3c(c4ccccc4n3C)C2=O)CC=N1,1,False,0,0,False,False,无改动,292.38200000000006,292.15756326,22,34.36,34.36,4.062000000000003,89.48650000000004,0,2,2,2,4,2,0.3684210526315789,3,0,0.8215177032040932,0,O=C1c2c([nH]c3ccccc23)CCC1CC1=CN=CC1,CC1C(CC2CCCC2)CCC2CC3CCCCC3C21,False,"InChI=1S/C19H20N2O/c1-12-13(9-10-20-12)11-14-7-8-17-18(19(14)22)15-5-3-4-6-16(15)21(17)2/h3-6,10,14H,7-9,11H2,1-2H3",JUECVQRZXPJLJJ-UHFFFAOYSA-N,JUECVQRZXPJLJJ,1,False,False,False,False,JUECVQRZXPJLJJ-UHFFFAOYSA-N,1,True,1
B3D_0282,bbb_control_b3db,BBBCTRL_282,loreclezole,C1=CC(=C(C=C1Cl)Cl)/C(=C/N2C=NC=N2)/Cl,,,,,,,,,,,,control_positive,logBB,0.28,,,B,BBBCTRL_282,False,True,True,Cl/C(=C\n1cncn1)c1ccc(Cl)cc1Cl,1,False,0,0,False,False,无改动,274.538,272.96273023199996,16,30.71,30.71,3.779300000000001,66.50400000000002,0,2,2,2,2,2,0.0,6,0,0.8341906734476934,0,C(=Cn1cncn1)c1ccccc1,C1CCC(CCC2CCCC2)CC1,False,InChI=1S/C10H6Cl3N3/c11-7-1-2-8(9(12)3-7)10(13)4-16-6-14-5-15-16/h1-6H/b10-4-,XGLHZTBDUXXHOM-WMZJFQQLSA-N,XGLHZTBDUXXHOM,0,False,False,False,False,XGLHZTBDUXXHOM-WMZJFQQLSA-N,1,True,1
B3D_0283,bbb_control_b3db,BBBCTRL_283,364079-69-6,CC(C)(C)C1=NC(=CC(=N1)N2CCN(CC2)CCCSC3=NC=CC(=O)N3)C(F)(F)F,,,,,,,,,,,,control_positive,logBB,0.3,,,B,BBBCTRL_283,False,True,True,CC(C)(C)c1nc(N2CCN(CCCSc3nccc(=O)[nH]3)CC2)cc(C(F)(F)F)n1,1,False,0,0,False,False,无改动,456.5380000000001,456.19191514400006,31,78.01,103.30999999999999,3.180600000000001,114.58570000000006,1,7,6,8,3,2,0.6,11,0,0.40638908082909325,0,O=c1ccnc(SCCCN2CCN(c3ccncn3)CC2)[nH]1,CC1CCCC(CCCCC2CCC(C3CCCCC3)CC2)C1,False,"InChI=1S/C20H27F3N6OS/c1-19(2,3)17-25-14(20(21,22)23)13-15(26-17)29-10-8-28(9-11-29)7-4-12-31-18-24-6-5-16(30)27-18/h5-6,13H,4,7-12H2,1-3H3,(H,24,27,30)",KXVAICSRMHXLJN-UHFFFAOYSA-N,KXVAICSRMHXLJN,0,False,True,False,False,KXVAICSRMHXLJN-UHFFFAOYSA-N,1,True,1
B3D_0284,bbb_control_b3db,BBBCTRL_284,sb-222200,CCC(C1=CC=CC=C1)NC(=O)C2=C(C(=NC3=CC=CC=C32)C4=CC=CC=C4)C,,,,,,,,,,,,control_positive,logBB,0.3,,,B,BBBCTRL_284,False,True,True,CCC(NC(=O)c1c(C)c(-c2ccccc2)nc2ccccc12)c1ccccc1,1,False,0,0,False,False,无改动,380.4910000000001,380.18886338799996,29,41.99,41.99,6.091320000000005,118.85620000000002,1,2,5,6,4,4,0.15384615384615385,3,0,0.45500495824376636,1,O=C(NCc1ccccc1)c1cc(-c2ccccc2)nc2ccccc12,CC(CCC1CCCCC1)C1CC(C2CCCCC2)CC2CCCCC21,False,"InChI=1S/C26H24N2O/c1-3-22(19-12-6-4-7-13-19)28-26(29)24-18(2)25(20-14-8-5-9-15-20)27-23-17-11-10-16-21(23)24/h4-17,22H,3H2,1-2H3,(H,28,29)",MQNYRKWJSMQECI-UHFFFAOYSA-N,MQNYRKWJSMQECI,1,False,False,False,False,MQNYRKWJSMQECI-UHFFFAOYSA-N,1,True,2
B3D_0285,bbb_control_b3db,BBBCTRL_285,66104-22-1,CCCN1CC(CC2C1CC3=CNC4=CC=CC2=C34)CSC,,,,,,,,,,,,control_positive,logBB,0.3,,,B,BBBCTRL_285,False,True,True,CCCN1CC(CSC)CC2c3cccc4[nH]cc(c34)CC21,1,False,0,0,False,False,无改动,314.4980000000001,314.18166983199995,22,19.03,44.33,4.271100000000003,96.88470000000005,1,2,4,4,4,2,0.5789473684210527,3,0,0.9085285470025662,0,c1cc2c3c(c[nH]c3c1)CC1NCCCC21,C1CCC2C(C1)CC1CCC3CCCC2C31,False,"InChI=1S/C19H26N2S/c1-3-7-21-11-13(12-22-2)8-16-15-5-4-6-17-19(15)14(10-20-17)9-18(16)21/h4-6,10,13,16,18,20H,3,7-9,11-12H2,1-2H3",YEHCICAEULNIGD-UHFFFAOYSA-N,YEHCICAEULNIGD,3,False,True,False,False,YEHCICAEULNIGD-UHFFFAOYSA-N,1,True,1
B3D_0286,bbb_control_b3db,BBBCTRL_286,pergolide,CCCN1C[C@@H](C[C@H]2[C@H]1CC3=CNC4=CC=CC2=C34)CSC,,,,,,,,,,,,control_positive,logBB,0.3,,,B,BBBCTRL_286,False,True,True,CCCN1C[C@H](CSC)C[C@@H]2c3cccc4[nH]cc(c34)C[C@H]21,1,False,0,0,False,False,无改动,314.4980000000001,314.18166983199995,22,19.03,44.33,4.271100000000003,96.88470000000005,1,2,4,4,4,2,0.5789473684210527,3,0,0.9085285470025662,0,c1cc2c3c(c[nH]c3c1)C[C@H]1NCCC[C@H]21,C1CCC2C(C1)CC1CCC3CCCC2C31,False,"InChI=1S/C19H26N2S/c1-3-7-21-11-13(12-22-2)8-16-15-5-4-6-17-19(15)14(10-20-17)9-18(16)21/h4-6,10,13,16,18,20H,3,7-9,11-12H2,1-2H3/t13-,16-,18-/m1/s1",YEHCICAEULNIGD-MZMPZRCHSA-N,YEHCICAEULNIGD,3,False,True,False,False,YEHCICAEULNIGD-MZMPZRCHSA-N,1,True,1
B3D_0287,bbb_control_b3db,BBBCTRL_287,sb222200,CC[C@@H](C1=CC=CC=C1)NC(=O)C2=C(C(=NC3=CC=CC=C32)C4=CC=CC=C4)C,,,,,,,,,,,,control_positive,logBB,0.3,,,B,BBBCTRL_287,False,True,True,CC[C@H](NC(=O)c1c(C)c(-c2ccccc2)nc2ccccc12)c1ccccc1,1,False,0,0,False,False,无改动,380.4910000000001,380.18886338799996,29,41.99,41.99,6.091320000000005,118.85620000000002,1,2,5,6,4,4,0.15384615384615385,3,0,0.45500495824376636,1,O=C(NCc1ccccc1)c1cc(-c2ccccc2)nc2ccccc12,CC(CCC1CCCCC1)C1CC(C2CCCCC2)CC2CCCCC21,False,"InChI=1S/C26H24N2O/c1-3-22(19-12-6-4-7-13-19)28-26(29)24-18(2)25(20-14-8-5-9-15-20)27-23-17-11-10-16-21(23)24/h4-17,22H,3H2,1-2H3,(H,28,29)/t22-/m0/s1",MQNYRKWJSMQECI-QFIPXVFZSA-N,MQNYRKWJSMQECI,1,False,False,False,False,MQNYRKWJSMQECI-QFIPXVFZSA-N,1,True,2
B3D_0288,bbb_control_b3db,BBBCTRL_288,minaprine,CC1=CC(=NN=C1NCCN2CCOCC2)C3=CC=CC=C3,,,,,,,,,,,,control_positive,logBB,0.3,,,B,BBBCTRL_288,False,True,True,Cc1cc(-c2ccccc2)nnc1NCCN1CCOCC1,1,False,0,0,False,False,无改动,298.39000000000004,298.179361324,22,50.28,50.28,2.1961199999999996,87.95370000000005,1,5,5,5,3,2,0.4117647058823529,5,0,0.9168214991162381,0,c1ccc(-c2ccc(NCCN3CCOCC3)nn2)cc1,C1CCC(CCCC2CCC(C3CCCCC3)CC2)CC1,False,"InChI=1S/C17H22N4O/c1-14-13-16(15-5-3-2-4-6-15)19-20-17(14)18-7-8-21-9-11-22-12-10-21/h2-6,13H,7-12H2,1H3,(H,18,20)",LDMWSLGGVTVJPG-UHFFFAOYSA-N,LDMWSLGGVTVJPG,0,False,True,False,False,LDMWSLGGVTVJPG-UHFFFAOYSA-N,1,True,1
B3D_0289,bbb_control_b3db,BBBCTRL_289,chembl481689,CC1=CC(=NN1CC2=C(C=CC(=C2)Cl)OCC(C)C)NC(=O)C3=CC=C(C=C3)CN4CCCC4,,,,,,,,,,,,control_positive,logBB,0.3,,,B,BBBCTRL_289,False,True,True,Cc1cc(NC(=O)c2ccc(CN3CCCC3)cc2)nn1Cc1cc(Cl)ccc1OCC(C)C,1,False,0,0,False,False,无改动,481.04000000000025,480.229203976,34,59.39,59.39,5.776120000000006,136.7571999999999,1,4,9,10,4,3,0.4074074074074074,7,0,0.42165548620772353,1,O=C(Nc1ccn(Cc2ccccc2)n1)c1ccc(CN2CCCC2)cc1,CC(CC1CCC(CC2CCCCC2)C1)C1CCC(CC2CCCC2)CC1,False,"InChI=1S/C27H33ClN4O2/c1-19(2)18-34-25-11-10-24(28)15-23(25)17-32-20(3)14-26(30-32)29-27(33)22-8-6-21(7-9-22)16-31-12-4-5-13-31/h6-11,14-15,19H,4-5,12-13,16-18H2,1-3H3,(H,29,30,33)",LPKANFYWMADVBY-UHFFFAOYSA-N,LPKANFYWMADVBY,0,False,True,False,False,LPKANFYWMADVBY-UHFFFAOYSA-N,1,True,1
B3D_0290,bbb_control_b3db,BBBCTRL_290,fr260010,CC1=CN(C=N1)C2=CC=CC(=C2)NC3=NC=NC4=C3CCC5=CC=CC=C54,,,,,,,,,,,,control_positive,logBB,0.3,,,B,BBBCTRL_290,False,True,True,Cc1cn(-c2cccc(Nc3ncnc4c3CCc3ccccc3-4)c2)cn1,1,False,0,0,False,False,无改动,353.429,353.16404560800004,27,55.63,55.63,4.4799200000000035,106.45970000000001,1,4,3,3,5,4,0.13636363636363635,5,0,0.5899171222647924,0,c1cc(Nc2ncnc3c2CCc2ccccc2-3)cc(-n2ccnc2)c1,C1CCC(C2CCCC(CC3CCCC4C5CCCCC5CCC34)C2)C1,False,"InChI=1S/C22H19N5/c1-15-12-27(14-25-15)18-7-4-6-17(11-18)26-22-20-10-9-16-5-2-3-8-19(16)21(20)23-13-24-22/h2-8,11-14H,9-10H2,1H3,(H,23,24,26)",LFKNMCJSJZOQJF-UHFFFAOYSA-N,LFKNMCJSJZOQJF,0,False,False,False,False,LFKNMCJSJZOQJF-UHFFFAOYSA-N,1,True,1
B3D_0291,bbb_control_b3db,BBBCTRL_291,riluzole,C1=CC2=C(C=C1OC(F)(F)F)SC(=N2)N,,,,,,,,,,,,control_positive,logBB,0.3,,,B,BBBCTRL_291,False,True,True,Nc1nc2ccc(OC(F)(F)F)cc2s1,1,False,0,0,False,False,无改动,234.20199999999994,234.00746844,15,48.14,76.38,2.7771,50.7154,1,4,1,2,2,2,0.125,7,0,0.8248286060077297,0,c1ccc2scnc2c1,C1CCC2CCCC2C1,False,"InChI=1S/C8H5F3N2OS/c9-8(10,11)14-4-1-2-5-6(3-4)15-7(12)13-5/h1-3H,(H2,12,13)",FTALBRSUTCGOEG-UHFFFAOYSA-N,FTALBRSUTCGOEG,0,False,False,False,False,FTALBRSUTCGOEG-UHFFFAOYSA-N,1,True,1
B3D_0292,bbb_control_b3db,BBBCTRL_292,ar-1d9859,CCCCN1CC2CC3=CC(=C(C=C3C2C1)OC)OC.Cl,,,,,,,,,,,,control_positive,logBB,0.31,,,B,BBBCTRL_292,False,True,True,CCCCN1CC2Cc3cc(OC)c(OC)cc3C2C1,2,True,0,0,False,True,去盐：2 个片段取最大,275.392,275.18852904,20,21.700000000000003,21.700000000000003,3.075400000000002,80.82900000000005,0,3,5,5,3,1,0.6470588235294118,3,0,0.8240641550161564,0,c1ccc2c(c1)CC1CNCC21,C1CCC2C(C1)CC1CCCC12,False,"InChI=1S/C17H25NO2/c1-4-5-6-18-10-13-7-12-8-16(19-2)17(20-3)9-14(12)15(13)11-18/h8-9,13,15H,4-7,10-11H2,1-3H3",IILZNIQIFFBVOO-UHFFFAOYSA-N,IILZNIQIFFBVOO,2,False,True,False,False,IILZNIQIFFBVOO-UHFFFAOYSA-N,1,True,1
B3D_0293,bbb_control_b3db,BBBCTRL_293,357-70-0,CN1CCC23C=CC(CC2OC4=C(C=CC(=C34)C1)OC)O,,,,,,,,,,,,control_positive,logBB,0.32,,,B,BBBCTRL_293,False,True,True,COc1ccc2c3c1OC1CC(O)C=CC31CCN(C)C2,1,False,0,0,False,False,无改动,287.35900000000004,287.152143532,21,41.93,41.93,1.8503,79.80280000000003,1,4,1,1,4,1,0.5294117647058824,4,0,0.8005242690101381,0,C1=CC23CCNCc4cccc(c42)OC3CC1,C1CCC23CCCCC2CC2CCCC(C1)C23,False,"InChI=1S/C17H21NO3/c1-18-8-7-17-6-5-12(19)9-14(17)21-16-13(20-2)4-3-11(10-18)15(16)17/h3-6,12,14,19H,7-10H2,1-2H3",ASUTZQLVASHGKV-UHFFFAOYSA-N,ASUTZQLVASHGKV,3,False,True,False,False,ASUTZQLVASHGKV-UHFFFAOYSA-N,1,True,1
B3D_0294,bbb_control_b3db,BBBCTRL_294,galanthamine,CN1CC[C@@]23C=C[C@@H](C[C@@H]2OC4=C(C=CC(=C34)C1)OC)O,,,,,,,,,,,,control_positive,logBB,0.32,,,B,BBBCTRL_294,False,True,True,COc1ccc2c3c1O[C@H]1C[C@@H](O)C=C[C@@]31CCN(C)C2,1,False,0,0,False,False,无改动,287.35900000000004,287.152143532,21,41.93,41.93,1.8503,79.80280000000003,1,4,1,1,4,1,0.5294117647058824,4,0,0.8005242690101381,0,C1=C[C@@]23CCNCc4cccc(c42)O[C@H]3CC1,C1CCC23CCCCC2CC2CCCC(C1)C23,False,"InChI=1S/C17H21NO3/c1-18-8-7-17-6-5-12(19)9-14(17)21-16-13(20-2)4-3-11(10-18)15(16)17/h3-6,12,14,19H,7-10H2,1-2H3/t12-,14-,17-/m0/s1",ASUTZQLVASHGKV-JDFRZJQESA-N,ASUTZQLVASHGKV,3,False,True,False,False,ASUTZQLVASHGKV-JDFRZJQESA-N,1,True,1
B3D_0295,bbb_control_b3db,BBBCTRL_295,163257-88-3,Cc(n1)sc(c12)cc(OC(C)C)c(c2)CNC(CCCN3)C3c4ccccc4,,,,,,,,,,,,control_positive,logBB,0.32,,,B,BBBCTRL_295,False,True,True,Cc1nc2cc(CNC3CCCNC3c3ccccc3)c(OC(C)C)cc2s1,1,False,0,0,False,False,无改动,395.5720000000001,395.203133548,28,46.18000000000001,74.42,4.974820000000005,117.16840000000006,2,5,6,6,4,3,0.43478260869565216,5,0,0.6182019939648384,0,c1ccc(C2NCCCC2NCc2ccc3scnc3c2)cc1,C1CCC(C2CCCCC2CCC2CCC3CCCC3C2)CC1,False,"InChI=1S/C23H29N3OS/c1-15(2)27-21-13-22-20(26-16(3)28-22)12-18(21)14-25-19-10-7-11-24-23(19)17-8-5-4-6-9-17/h4-6,8-9,12-13,15,19,23-25H,7,10-11,14H2,1-3H3",PIWQPOFYNLTCOJ-UHFFFAOYSA-N,PIWQPOFYNLTCOJ,2,False,True,False,False,PIWQPOFYNLTCOJ-UHFFFAOYSA-N,1,True,3
B3D_0296,bbb_control_b3db,BBBCTRL_296,494-97-3,C1CC(NC1)C2=CN=CC=C2,,,,,,,,,,,,control_positive,logBB,0.32,,,B,BBBCTRL_296,False,True,True,c1cncc(C2CCCN2)c1,1,False,0,0,False,False,无改动,148.209,148.100048384,11,24.92,24.92,1.5061,44.21470000000002,1,2,1,1,2,1,0.4444444444444444,2,0,0.6525664706122956,0,c1cncc(C2CCCN2)c1,C1CCC(C2CCCC2)CC1,False,"InChI=1S/C9H12N2/c1-3-8(7-10-5-1)9-4-2-6-11-9/h1,3,5,7,9,11H,2,4,6H2",MYKUKUCHPMASKF-UHFFFAOYSA-N,MYKUKUCHPMASKF,1,False,True,False,False,MYKUKUCHPMASKF-UHFFFAOYSA-N,1,True,1
B3D_0297,bbb_control_b3db,BBBCTRL_297,hydrocodone,CN1CC[C@]23[C@@H]4[C@H]1CC5=C2C(=C(C=C5)OC)O[C@H]3C(=O)CC4,,,,,,,,,,,,control_positive,logBB,0.32,,,B,BBBCTRL_297,False,True,True,COc1ccc2c3c1O[C@H]1C(=O)CC[C@H]4[C@@H](C2)N(C)CC[C@]314,1,False,0,0,False,False,无改动,299.37000000000006,299.152143532,22,38.77,38.77,1.9333,81.55800000000004,0,4,1,1,5,1,0.6111111111111112,4,0,0.7941668671387195,0,O=C1CC[C@H]2[C@H]3Cc4cccc5c4[C@@]2(CCN3)[C@H]1O5,CC1CCC2C3CCCC24C1CC1CCCC(C3)C14,False,"InChI=1S/C18H21NO3/c1-19-8-7-18-11-4-5-13(20)17(18)22-16-14(21-2)6-3-10(15(16)18)9-12(11)19/h3,6,11-12,17H,4-5,7-9H2,1-2H3/t11-,12+,17-,18-/m0/s1",LLPOLZWFYMWNKH-CMKMFDCUSA-N,LLPOLZWFYMWNKH,4,False,True,False,False,LLPOLZWFYMWNKH-CMKMFDCUSA-N,1,True,1
B3D_0298,bbb_control_b3db,BBBCTRL_298,antihistamine-1,CC1=CN(N=C1)C2CCN(CC2)C3=NC4=CC=CC=C4N3CC5=CC=C(C=C5)F,,,,,,,,,,,,control_positive,logBB,0.32,,,B,BBBCTRL_298,False,True,True,Cc1cnn(C2CCN(c3nc4ccccc4n3Cc3ccc(F)cc3)CC2)c1,1,False,0,0,False,False,无改动,389.4780000000002,389.20157398799995,29,38.88,38.88,4.570120000000004,112.68300000000004,0,3,4,4,5,4,0.30434782608695654,6,0,0.5132114979006696,0,c1ccc(Cn2c(N3CCC(n4cccn4)CC3)nc3ccccc32)cc1,C1CCC(CC2C3CCCCC3CC2C2CCC(C3CCCC3)CC2)CC1,False,"InChI=1S/C23H24FN5/c1-17-14-25-29(15-17)20-10-12-27(13-11-20)23-26-21-4-2-3-5-22(21)28(23)16-18-6-8-19(24)9-7-18/h2-9,14-15,20H,10-13,16H2,1H3",YGQQBKYVKLZEMA-UHFFFAOYSA-N,YGQQBKYVKLZEMA,0,False,False,False,False,YGQQBKYVKLZEMA-UHFFFAOYSA-N,1,True,1
B3D_0299,bbb_control_b3db,BBBCTRL_299,4-oh-tiq,C1C(C2=CC=CC=C2CN1)O,,,,,,,,,,,,control_positive,logBB,0.32,,,B,BBBCTRL_299,False,True,True,OC1CNCc2ccccc21,1,False,0,0,False,False,无改动,149.19299999999998,149.084063972,11,32.26,32.26,0.8232,43.10850000000002,2,2,0,0,2,1,0.3333333333333333,2,0,0.5721604258448443,0,c1ccc2c(c1)CCNC2,C1CCC2CCCCC2C1,False,"InChI=1S/C9H11NO/c11-9-6-10-5-7-3-1-2-4-8(7)9/h1-4,9-11H,5-6H2",HTHIHJJKFYXSOQ-UHFFFAOYSA-N,HTHIHJJKFYXSOQ,1,False,True,False,False,HTHIHJJKFYXSOQ-UHFFFAOYSA-N,1,True,2
B3D_0300,bbb_control_b3db,BBBCTRL_300,494-97-3,C1C[C@H](NC1)C2=CN=CC=C2,,,,,,,,,,,,control_positive,logBB,0.32,,,B,BBBCTRL_300,False,True,True,c1cncc([C@@H]2CCCN2)c1,1,False,0,0,False,False,无改动,148.209,148.100048384,11,24.92,24.92,1.5061,44.21470000000002,1,2,1,1,2,1,0.4444444444444444,2,0,0.6525664706122956,0,c1cncc([C@@H]2CCCN2)c1,C1CCC(C2CCCC2)CC1,False,"InChI=1S/C9H12N2/c1-3-8(7-10-5-1)9-4-2-6-11-9/h1,3,5,7,9,11H,2,4,6H2/t9-/m0/s1",MYKUKUCHPMASKF-VIFPVBQESA-N,MYKUKUCHPMASKF,1,False,True,False,False,MYKUKUCHPMASKF-VIFPVBQESA-N,1,True,1
B3D_0301,bbb_control_b3db,BBBCTRL_301,5-hexyl-5-ethyl barbituric acid,CCCCCCC1(C(=O)NC(=O)NC1=O)CC,,,,,,,,,,,,control_positive,logBB,0.36,,,B,BBBCTRL_301,False,True,True,CCCCCCC1(CC)C(=O)NC(=O)NC1=O,1,False,0,0,False,False,无改动,240.303,240.1473925,17,75.27000000000001,75.27000000000001,1.7191999999999998,63.164400000000036,2,3,6,6,1,0,0.75,5,0,0.5479994325765334,0,O=C1CC(=O)NC(=O)N1,CC1CC(C)CC(C)C1,False,"InChI=1S/C12H20N2O3/c1-3-5-6-7-8-12(4-2)9(15)13-11(17)14-10(12)16/h3-8H2,1-2H3,(H2,13,14,15,16,17)",PSTVHRSUNBSVIJ-UHFFFAOYSA-N,PSTVHRSUNBSVIJ,0,False,False,False,False,PSTVHRSUNBSVIJ-UHFFFAOYSA-N,1,True,3
B3D_0302,bbb_control_b3db,BBBCTRL_302,nsc 269416,CCOC(=O)NC1=NC(=C2C(=C1)NCC(=N2)CN(C)C3=CC=C(C=C3)OC)N,,,,,,,,,,,,control_positive,logBB,0.36,,,B,BBBCTRL_302,False,True,True,CCOC(=O)Nc1cc2c(c(N)n1)N=C(CN(C)c1ccc(OC)cc1)CN2,1,False,0,0,False,False,无改动,384.4400000000001,384.190988628,28,114.1,114.1,2.8752000000000004,111.14280000000002,3,8,6,8,3,2,0.3157894736842105,9,0,0.7014545645944904,0,c1ccc(NCC2=Nc3cnccc3NC2)cc1,C1CCC(CCC2CCC3CCCCC3C2)CC1,False,"InChI=1S/C19H24N6O3/c1-4-28-19(26)24-16-9-15-17(18(20)23-16)22-12(10-21-15)11-25(2)13-5-7-14(27-3)8-6-13/h5-9,21H,4,10-11H2,1-3H3,(H3,20,23,24,26)",JXRPMBFHIKMFHG-UHFFFAOYSA-N,JXRPMBFHIKMFHG,0,False,False,False,False,JXRPMBFHIKMFHG-UHFFFAOYSA-N,1,True,1
B3D_0303,bbb_control_b3db,BBBCTRL_303,161499-49-6,COC1=C(C=C(C=C1)C2=NC=CS2)CNC3CCCNC3C4=CC=CC=C4,,,,,,,,,,,,control_positive,logBB,0.36,,,B,BBBCTRL_303,False,True,True,COc1ccc(-c2nccs2)cc1CNC1CCCNC1c1ccccc1,1,False,0,0,False,False,无改动,379.5290000000001,379.17183342000004,27,46.18,74.42,4.401600000000003,111.14940000000003,2,5,6,6,4,3,0.3181818181818182,5,0,0.6662777160736907,0,c1ccc(C2NCCCC2NCc2cccc(-c3nccs3)c2)cc1,C1CCC(C2CCCCC2CCC2CCCC(C3CCCC3)C2)CC1,False,"InChI=1S/C22H25N3OS/c1-26-20-10-9-17(22-24-12-13-27-22)14-18(20)15-25-19-8-5-11-23-21(19)16-6-3-2-4-7-16/h2-4,6-7,9-10,12-14,19,21,23,25H,5,8,11,15H2,1H3",IEOZIHFWECPTLH-UHFFFAOYSA-N,IEOZIHFWECPTLH,2,False,True,False,False,IEOZIHFWECPTLH-UHFFFAOYSA-N,1,True,1
B3D_0304,bbb_control_b3db,BBBCTRL_304,chembl1935441,CC1=CC=C(C=C1)CN2C3=CC=CC=C3N=C2[C@H]4CNCCO4,,,,,,,,,,,,control_positive,logBB,0.36,,,B,BBBCTRL_304,False,True,True,Cc1ccc(Cn2c([C@H]3CNCCO3)nc3ccccc32)cc1,1,False,0,0,False,False,无改动,307.39700000000005,307.168462292,23,39.08,39.08,3.0539200000000015,91.57670000000005,1,3,3,3,4,3,0.3157894736842105,4,0,0.8081314911609104,0,c1ccc(Cn2c([C@H]3CNCCO3)nc3ccccc32)cc1,C1CCC(CC2C3CCCCC3CC2C2CCCCC2)CC1,False,"InChI=1S/C19H21N3O/c1-14-6-8-15(9-7-14)13-22-17-5-3-2-4-16(17)21-19(22)18-12-20-10-11-23-18/h2-9,18,20H,10-13H2,1H3/t18-/m1/s1",IGUBZXXWVQQSPY-GOSISDBHSA-N,IGUBZXXWVQQSPY,1,False,True,False,False,IGUBZXXWVQQSPY-GOSISDBHSA-N,1,True,2
B3D_0305,bbb_control_b3db,BBBCTRL_305,compound-4fi,CC1=NC(=C2CCN(C2=N1)C3=C(C=C(C=C3)Cl)Cl)N4C=CC(=N4)C(F)(F)F,,,,,,,,,,,,control_positive,logBB,0.36,,,B,BBBCTRL_305,False,True,True,Cc1nc2c(c(-n3ccc(C(F)(F)F)n3)n1)CCN2c1ccc(Cl)cc1Cl,1,False,0,0,False,False,无改动,414.2180000000001,413.042185404,27,46.84,46.84,4.990520000000002,96.06500000000001,0,4,2,3,4,3,0.23529411764705882,10,0,0.5930105668013523,0,c1ccc(N2CCc3c2ncnc3-n2cccn2)cc1,C1CCC(C2CCC3C(C4CCCC4)CCCC23)CC1,False,"InChI=1S/C17H12Cl2F3N5/c1-9-23-15-11(4-6-26(15)13-3-2-10(18)8-12(13)19)16(24-9)27-7-5-14(25-27)17(20,21)22/h2-3,5,7-8H,4,6H2,1H3",WLEYKQDUDWHGCU-UHFFFAOYSA-N,WLEYKQDUDWHGCU,0,False,False,False,False,WLEYKQDUDWHGCU-UHFFFAOYSA-N,1,True,1
B3D_0306,bbb_control_b3db,BBBCTRL_306,compound-s16d,C1CC(=CC1N2CCC(CC2)C3=CC=CC=C3)C4=NC5=C(C=CC=C5Cl)C(=O)N4,,,,,,,,,,,,control_positive,logBB,0.36,,,B,BBBCTRL_306,False,True,True,O=c1[nH]c(C2=CC(N3CCC(c4ccccc4)CC3)CC2)nc2c(Cl)cccc12,1,False,0,0,False,False,无改动,405.92900000000014,405.160790068,29,48.99,48.99,5.0019000000000045,118.36270000000003,1,3,3,3,5,3,0.3333333333333333,5,0,0.6664515170065343,1,O=c1[nH]c(C2=CC(N3CCC(c4ccccc4)CC3)CC2)nc2ccccc12,CC1CC(C2CCC(C3CCC(C4CCCCC4)CC3)C2)CC2CCCCC12,False,"InChI=1S/C24H24ClN3O/c25-21-8-4-7-20-22(21)26-23(27-24(20)29)18-9-10-19(15-18)28-13-11-17(12-14-28)16-5-2-1-3-6-16/h1-8,15,17,19H,9-14H2,(H,26,27,29)",WGBZFQJXRNSUNB-UHFFFAOYSA-N,WGBZFQJXRNSUNB,1,False,True,False,False,WGBZFQJXRNSUNB-UHFFFAOYSA-N,1,True,1
B3D_0307,bbb_control_b3db,BBBCTRL_307,chembl515025,CNC(=O)C1=C(N=C(N=C1OCC2CCN(CC2)C)C#N)NCC3CCC4(CCC4)CC3,,,,,,,,,,,,control_positive,logBB,0.37,,,B,BBBCTRL_307,False,True,True,CNC(=O)c1c(NCC2CCC3(CCC3)CC2)nc(C#N)nc1OCC1CCN(C)CC1,1,False,0,0,False,False,无改动,440.59200000000027,440.28997439200003,32,103.17,103.17,3.2008800000000015,122.58490000000008,2,7,7,8,4,1,0.75,8,0,0.6709500042048655,0,c1nc(NCC2CCC3(CCC3)CC2)cc(OCC2CCNCC2)n1,C1CCC(CCC2CCCC(CCC3CCC4(CCC4)CC3)C2)CC1,False,"InChI=1S/C24H36N6O2/c1-26-22(31)20-21(27-15-17-4-10-24(11-5-17)8-3-9-24)28-19(14-25)29-23(20)32-16-18-6-12-30(2)13-7-18/h17-18H,3-13,15-16H2,1-2H3,(H,26,31)(H,27,28,29)",YGPSKVNTXPFUTN-UHFFFAOYSA-N,YGPSKVNTXPFUTN,0,False,True,False,False,YGPSKVNTXPFUTN-UHFFFAOYSA-N,1,True,2
B3D_0308,bbb_control_b3db,BBBCTRL_308,135095-42-0,COC1=CC=CC=C1CNC2C3CCN(C2C(C4=CC=CC=C4)C5=CC=CC=C5)CC3,,,,,,,,,,,,control_positive,logBB,0.37,,,B,BBBCTRL_308,False,True,True,COc1ccccc1CNC1C2CCN(CC2)C1C(c1ccccc1)c1ccccc1,1,False,0,0,False,False,无改动,412.57700000000006,412.25146364399995,31,24.5,24.5,5.079700000000005,126.43370000000003,1,3,7,7,6,3,0.35714285714285715,3,0,0.585670629712604,1,c1ccc(CNC2C3CCN(CC3)C2C(c2ccccc2)c2ccccc2)cc1,C1CCC(CCC2C3CCC(CC3)C2C(C2CCCCC2)C2CCCCC2)CC1,False,"InChI=1S/C28H32N2O/c1-31-25-15-9-8-14-24(25)20-29-27-23-16-18-30(19-17-23)28(27)26(21-10-4-2-5-11-21)22-12-6-3-7-13-22/h2-15,23,26-29H,16-20H2,1H3",FLNYLINBEZROPL-UHFFFAOYSA-N,FLNYLINBEZROPL,4,False,True,False,False,FLNYLINBEZROPL-UHFFFAOYSA-N,1,True,3
B3D_0309,bbb_control_b3db,BBBCTRL_309,tz-11,Clc1ccc(Cl)c(c1)[NH+]=C2NCCN2,,,,,,,,,,,,control_positive,logBB,0.38,,,B,BBBCTRL_309,False,True,True,Clc1ccc(Cl)c(N=C2NCCN2)c1,1,False,1,0,True,True,中性化：1 → 0,230.098,229.01735264799999,14,36.42,36.42,2.1737,59.56240000000001,2,1,1,1,2,1,0.2222222222222222,5,0,0.7751501329110597,0,c1ccc(N=C2NCCN2)cc1,C1CCC(CC2CCCC2)CC1,False,"InChI=1S/C9H9Cl2N3/c10-6-1-2-7(11)8(5-6)14-9-12-3-4-13-9/h1-2,5H,3-4H2,(H2,12,13,14)",BYALCVXDQPAMHM-UHFFFAOYSA-N,BYALCVXDQPAMHM,0,False,True,False,False,BYALCVXDQPAMHM-UHFFFAOYSA-N,1,True,4
B3D_0310,bbb_control_b3db,BBBCTRL_310,141060-39-1,C1CCN(CC1)CCN2C(=O)C=CC(=N2)C3=C4C=CC=CN4N=C3C5=CC=CC=C5,,,,,,,,,,,,control_positive,logBB,0.38,,,B,BBBCTRL_310,False,True,True,O=c1ccc(-c2c(-c3ccccc3)nn3ccccc23)nn1CCN1CCCCC1,1,False,0,0,False,False,无改动,399.4980000000004,399.20591042000007,30,55.43000000000001,55.43000000000001,3.7109000000000014,118.41000000000005,0,4,5,5,5,4,0.2916666666666667,6,0,0.5133719593070545,0,O=c1ccc(-c2c(-c3ccccc3)nn3ccccc23)nn1CCN1CCCCC1,CC1CCC(C2C3CCCCC3CC2C2CCCCC2)CC1CCC1CCCCC1,False,"InChI=1S/C24H25N5O/c30-22-13-12-20(25-29(22)18-17-27-14-6-2-7-15-27)23-21-11-5-8-16-28(21)26-24(23)19-9-3-1-4-10-19/h1,3-5,8-13,16H,2,6-7,14-15,17-18H2",PSDPQRITXCPIJU-UHFFFAOYSA-N,PSDPQRITXCPIJU,0,False,True,False,False,PSDPQRITXCPIJU-UHFFFAOYSA-N,1,True,1
B3D_0311,bbb_control_b3db,BBBCTRL_311,betaxolol,CC(C)NCC(COC1=CC=C(C=C1)CCOCC2CC2)O,,,,,,,,,,,,control_positive,logBB,0.39,,,B,BBBCTRL_311,False,True,True,CC(C)NCC(O)COc1ccc(CCOCC2CC2)cc1,1,False,0,0,False,False,无改动,307.434,307.214743788,22,50.72,50.72,2.3933999999999997,88.32950000000005,2,4,11,11,2,1,0.6666666666666666,4,0,0.6164391834948149,0,c1ccc(CCOCC2CC2)cc1,C1CCC(CCCCC2CC2)CC1,False,"InChI=1S/C18H29NO3/c1-14(2)19-11-17(20)13-22-18-7-5-15(6-8-18)9-10-21-12-16-3-4-16/h5-8,14,16-17,19-20H,3-4,9-13H2,1-2H3",NWIUTZDMDHAVTP-UHFFFAOYSA-N,NWIUTZDMDHAVTP,1,False,True,False,False,NWIUTZDMDHAVTP-UHFFFAOYSA-N,1,True,1
B3D_0312,bbb_control_b3db,BBBCTRL_312,l015600,COC1=CC2=C(C(=C1)CNC3CCCNC3C4=CC=CC=C4)OCC2,,,,,,,,,,,,control_positive,logBB,0.39,,,B,BBBCTRL_312,False,True,True,COc1cc2c(c(CNC3CCCNC3c3ccccc3)c1)OCC2,1,False,0,0,False,False,无改动,338.45100000000014,338.19942807199993,25,42.519999999999996,42.519999999999996,3.213000000000002,99.24040000000007,2,4,5,5,4,2,0.42857142857142855,4,0,0.8784508171029373,0,c1ccc(C2NCCCC2NCc2cccc3c2OCC3)cc1,C1CCC(C2CCCCC2CCC2CCCC3CCCC32)CC1,False,"InChI=1S/C21H26N2O2/c1-24-18-12-16-9-11-25-21(16)17(13-18)14-23-19-8-5-10-22-20(19)15-6-3-2-4-7-15/h2-4,6-7,12-13,19-20,22-23H,5,8-11,14H2,1H3",ZZYXQLUAWYPDEQ-UHFFFAOYSA-N,ZZYXQLUAWYPDEQ,2,False,True,False,False,ZZYXQLUAWYPDEQ-UHFFFAOYSA-N,1,True,1
B3D_0313,bbb_control_b3db,BBBCTRL_313,128915-56-0,C1C2C(CN1)C3=C(C=CC(=C3)Cl)OC4=CC=CC=C24,,,,,,,,,,,,control_positive,logBB,0.39,,,B,BBBCTRL_313,False,True,True,Clc1ccc2c(c1)C1CNCC1c1ccccc1O2,1,False,0,0,False,False,无改动,271.747,271.076391748,19,21.259999999999998,21.259999999999998,3.9163000000000023,76.31970000000004,1,2,0,0,4,2,0.25,3,0,0.784208208938289,0,c1ccc2c(c1)Oc1ccccc1C1CNCC21,C1CCC2C(C1)CC1CCCCC1C1CCCC21,False,"InChI=1S/C16H14ClNO/c17-10-5-6-16-12(7-10)14-9-18-8-13(14)11-3-1-2-4-15(11)19-16/h1-7,13-14,18H,8-9H2",DQUCRGAOGUQHJQ-UHFFFAOYSA-N,DQUCRGAOGUQHJQ,2,False,True,False,False,DQUCRGAOGUQHJQ-UHFFFAOYSA-N,1,True,2
B3D_0314,bbb_control_b3db,BBBCTRL_314,chembl1935437,C1C[C@H](CNC1)C2=NC3=CC=CC=C3N2CC4=CC=C(C=C4)F,,,,,,,,,,,,control_positive,logBB,0.39,,,B,BBBCTRL_314,False,True,True,Fc1ccc(Cn2c([C@@H]3CCCNC3)nc3ccccc32)cc1,1,False,0,0,False,False,无改动,309.38800000000003,309.16412586,23,29.85,29.85,3.6907000000000023,90.07970000000005,1,2,3,3,4,3,0.3157894736842105,4,0,0.7994507482565982,0,c1ccc(Cn2c([C@@H]3CCCNC3)nc3ccccc32)cc1,C1CCC(CC2C3CCCCC3CC2C2CCCCC2)CC1,False,"InChI=1S/C19H20FN3/c20-16-9-7-14(8-10-16)13-23-18-6-2-1-5-17(18)22-19(23)15-4-3-11-21-12-15/h1-2,5-10,15,21H,3-4,11-13H2/t15-/m1/s1",VIEHHRQCEMIKCL-OAHLLOKOSA-N,VIEHHRQCEMIKCL,1,False,True,False,False,VIEHHRQCEMIKCL-OAHLLOKOSA-N,1,True,2
B3D_0315,bbb_control_b3db,BBBCTRL_315,tibolone,O=C1CCC2=C(CC(C)C3C2CCC4C3CCC4(O)C#C)C1,,,,,,,,,,,,control_positive,logBB,0.4,,,B,BBBCTRL_315,False,True,True,C#CC1(O)CCC2C3C(C)CC4=C(CCC(=O)C4)C3CCC21,1,False,0,0,False,False,无改动,298.426,298.193280072,22,37.3,37.3,3.4925000000000024,85.87580000000005,1,2,0,0,4,0,0.75,2,0,0.5488608808787979,0,O=C1CCC2=C(CCC3C2CCC2CCCC23)C1,CC1CCC2C(CCC3C4CCCC4CCC23)C1,False,"InChI=1S/C20H26O2/c1-3-20(22)9-8-17-18(20)7-6-16-15-5-4-14(21)11-13(15)10-12(2)19(16)17/h1,12,16-19,22H,4-11H2,2H3",QHLHRQSOSLOKIQ-UHFFFAOYSA-N,QHLHRQSOSLOKIQ,6,False,False,False,False,QHLHRQSOSLOKIQ-UHFFFAOYSA-N,1,True,2
B3D_0316,bbb_control_b3db,BBBCTRL_316,tibolone,CC1CC2=C(CCC(=O)C2)C3C1C4CCC(C4(CC3)C)(C#C)O,,,,,,,,,,,,control_positive,logBB,0.4,,,B,BBBCTRL_316,False,True,True,C#CC1(O)CCC2C3C(C)CC4=C(CCC(=O)C4)C3CCC21C,1,False,0,0,False,False,无改动,312.45300000000003,312.208930136,23,37.3,37.3,3.8826000000000036,90.49280000000006,1,2,0,0,4,0,0.7619047619047619,2,0,0.5442169972167846,0,O=C1CCC2=C(CCC3C2CCC2CCCC23)C1,CC1CCC2C(CCC3C4CCCC4CCC23)C1,False,"InChI=1S/C21H28O2/c1-4-21(23)10-8-18-19-13(2)11-14-12-15(22)5-6-16(14)17(19)7-9-20(18,21)3/h1,13,17-19,23H,5-12H2,2-3H3",WZDGZWOAQTVYBX-UHFFFAOYSA-N,WZDGZWOAQTVYBX,6,False,False,False,False,WZDGZWOAQTVYBX-UHFFFAOYSA-N,1,True,2
B3D_0317,bbb_control_b3db,BBBCTRL_317,tibolone,C[C@@H]1CC2=C(CCC(=O)C2)[C@@H]3[C@@H]1[C@@H]4CC[C@]([C@]4(CC3)C)(C#C)O,,,,,,,,,,,,control_positive,logBB,0.4,,,B,BBBCTRL_317,False,True,True,C#C[C@]1(O)CC[C@H]2[C@@H]3[C@H](C)CC4=C(CCC(=O)C4)[C@H]3CC[C@@]21C,1,False,0,0,False,False,无改动,312.45300000000003,312.208930136,23,37.3,37.3,3.8826000000000036,90.49280000000006,1,2,0,0,4,0,0.7619047619047619,2,0,0.5442169972167846,0,O=C1CCC2=C(CC[C@@H]3[C@@H]2CCC2CCC[C@H]23)C1,CC1CCC2C(CCC3C4CCCC4CCC23)C1,False,"InChI=1S/C21H28O2/c1-4-21(23)10-8-18-19-13(2)11-14-12-15(22)5-6-16(14)17(19)7-9-20(18,21)3/h1,13,17-19,23H,5-12H2,2-3H3/t13-,17-,18+,19-,20+,21+/m1/s1",WZDGZWOAQTVYBX-XOINTXKNSA-N,WZDGZWOAQTVYBX,6,False,False,False,False,WZDGZWOAQTVYBX-XOINTXKNSA-N,1,True,1
B3D_0318,bbb_control_b3db,BBBCTRL_318,sparfloxacin,C[C@@H]1CN(C[C@@H](N1)C)C2=C(C(=C3C(=C2F)N(C=C(C3=O)C(=O)O)C4CC4)N)F,,,,,,,,,,,,control_positive,logBB,0.41,,,B,BBBCTRL_318,False,True,True,C[C@@H]1CN(c2c(F)c(N)c3c(=O)c(C(=O)O)cn(C4CC4)c3c2F)C[C@H](C)N1,1,False,0,0,False,False,无改动,392.4060000000002,392.165997004,28,100.59,100.59,2.0816,102.03940000000004,3,5,3,3,4,2,0.47368421052631576,9,0,0.6918289177745705,0,O=c1ccn(C2CC2)c2cc(N3CCNCC3)ccc12,CC1CCC(C2CC2)C2CC(C3CCCCC3)CCC12,False,"InChI=1S/C19H22F2N4O3/c1-8-5-24(6-9(2)23-8)17-13(20)15(22)12-16(14(17)21)25(10-3-4-10)7-11(18(12)26)19(27)28/h7-10,23H,3-6,22H2,1-2H3,(H,27,28)/t8-,9+",DZZWHBIBMUVIIW-DTORHVGOSA-N,DZZWHBIBMUVIIW,2,True,True,False,False,DZZWHBIBMUVIIW-DTORHVGOSA-N,1,True,1
B3D_0319,bbb_control_b3db,BBBCTRL_319,tz-21,C1CN=C(N1)NC2=C(C=C(C=C2Cl)Br)Cl,,,,,,,,,,,,control_positive,logBB,0.41,,,B,BBBCTRL_319,False,True,True,Clc1cc(Br)cc(Cl)c1NC1=NCCN1,1,False,0,0,False,False,无改动,308.9940000000001,306.92786471600004,15,36.42,36.42,3.1270000000000016,68.0894,2,3,1,2,2,1,0.2222222222222222,6,0,0.8360481466737594,0,c1ccc(NC2=NCCN2)cc1,C1CCC(CC2CCCC2)CC1,False,"InChI=1S/C9H8BrCl2N3/c10-5-3-6(11)8(7(12)4-5)15-9-13-1-2-14-9/h3-4H,1-2H2,(H2,13,14,15)",YPERJPMYZVVLIP-UHFFFAOYSA-N,YPERJPMYZVVLIP,0,False,True,False,False,YPERJPMYZVVLIP-UHFFFAOYSA-N,1,True,6
B3D_0320,bbb_control_b3db,BBBCTRL_320,148372-04-7,COC1=CC(=C(C=C1)C=C2CCCN=C2C3=CN=CC=C3)OC,,,,,,,,,,,,control_positive,logBB,0.42,,,B,BBBCTRL_320,False,True,True,COc1ccc(C=C2CCCN=C2c2cccnc2)c(OC)c1,1,False,0,0,False,False,无改动,308.38100000000003,308.15247788,23,43.71000000000001,43.71000000000001,3.7653000000000025,92.39800000000004,0,4,4,4,3,2,0.2631578947368421,4,0,0.8633982830813022,0,C(=C1CCCN=C1c1cccnc1)c1ccccc1,C1CCC(CC2CCCCC2C2CCCCC2)CC1,False,"InChI=1S/C19H20N2O2/c1-22-17-8-7-14(18(12-17)23-2)11-15-5-4-10-21-19(15)16-6-3-9-20-13-16/h3,6-9,11-13H,4-5,10H2,1-2H3",RPYWXZCFYPVCNQ-UHFFFAOYSA-N,RPYWXZCFYPVCNQ,0,False,False,False,False,RPYWXZCFYPVCNQ-UHFFFAOYSA-N,1,True,1
B3D_0321,bbb_control_b3db,BBBCTRL_321,869802-58-4,CN(C)C1=C2C3=C(C(=O)N(C=N3)N4CCCCCC4)SC2=NC=C1,,,,,,,,,,,,control_positive,logBB,0.43,,,B,BBBCTRL_321,False,True,True,CN(C)c1ccnc2sc3c(=O)n(N4CCCCCC4)cnc3c12,1,False,0,0,False,False,无改动,343.45600000000013,343.14668129200004,24,54.260000000000005,82.5,2.584200000000001,99.92700000000004,0,6,2,2,4,3,0.47058823529411764,7,0,0.7157720250977733,0,O=c1c2sc3ncccc3c2ncn1N1CCCCCC1,CC1C(C2CCCCCC2)CCC2C3CCCCC3CC12,False,"InChI=1S/C17H21N5OS/c1-20(2)12-7-8-18-16-13(12)14-15(24-16)17(23)22(11-19-14)21-9-5-3-4-6-10-21/h7-8,11H,3-6,9-10H2,1-2H3",GYWGXEGOXODOQU-UHFFFAOYSA-N,GYWGXEGOXODOQU,0,False,False,False,False,GYWGXEGOXODOQU-UHFFFAOYSA-N,1,True,1
B3D_0322,bbb_control_b3db,BBBCTRL_322,chembl1095819,CN1CCC[C@H](C1)C2=NC3=CC=CC=C3N2CC4=CC=C(C=C4)F,,,,,,,,,,,,control_positive,logBB,0.43,,,B,BBBCTRL_322,False,True,True,CN1CCC[C@@H](c2nc3ccccc3n2Cc2ccc(F)cc2)C1,1,False,0,0,False,False,无改动,323.4150000000001,323.179775924,24,21.060000000000002,21.060000000000002,4.032900000000003,94.70700000000004,0,2,3,3,4,3,0.35,4,0,0.7253772963706753,0,c1ccc(Cn2c([C@@H]3CCCNC3)nc3ccccc32)cc1,C1CCC(CC2C3CCCCC3CC2C2CCCCC2)CC1,False,"InChI=1S/C20H22FN3/c1-23-12-4-5-16(14-23)20-22-18-6-2-3-7-19(18)24(20)13-15-8-10-17(21)11-9-15/h2-3,6-11,16H,4-5,12-14H2,1H3/t16-/m1/s1",AXIFLPLKZRNVDP-MRXNPFEDSA-N,AXIFLPLKZRNVDP,1,False,True,False,False,AXIFLPLKZRNVDP-MRXNPFEDSA-N,1,True,2
B3D_0323,bbb_control_b3db,BBBCTRL_323,ica-27243,C1=CC(=C(C=C1C(=O)NC2=CN=C(C=C2)Cl)F)F,,,,,,,,,,,,control_positive,logBB,0.44,,,B,BBBCTRL_323,False,True,True,O=C(Nc1ccc(Cl)nc1)c1ccc(F)c(F)c1,1,False,0,0,False,False,无改动,268.65,268.02149696400005,18,41.99,41.99,3.265500000000001,63.55820000000001,1,2,2,3,2,2,0.0,6,0,0.8496041871671199,0,O=C(Nc1cccnc1)c1ccccc1,CC(CC1CCCCC1)C1CCCCC1,False,"InChI=1S/C12H7ClF2N2O/c13-11-4-2-8(6-16-11)17-12(18)7-1-3-9(14)10(15)5-7/h1-6H,(H,17,18)",GDGUOCFTHNGPBK-UHFFFAOYSA-N,GDGUOCFTHNGPBK,0,False,False,False,False,GDGUOCFTHNGPBK-UHFFFAOYSA-N,1,True,1
B3D_0324,bbb_control_b3db,BBBCTRL_324,chebi: 338961,C1CCN(CC1)CC2=CC(=CC=C2)OCCCNC3=NC=CS3,,,,,,,,,,,,control_positive,logBB,0.44,,,B,BBBCTRL_324,False,True,True,c1cc(CN2CCCCC2)cc(OCCCNc2nccs2)c1,1,False,0,0,False,False,无改动,331.48499999999996,331.17183342,23,37.39,65.63,4.0100000000000025,96.28570000000005,1,5,8,8,3,2,0.5,5,0,0.741728518606156,0,c1cc(CN2CCCCC2)cc(OCCCNc2nccs2)c1,C1CCC(CC2CCCC(CCCCCC3CCCC3)C2)CC1,False,"InChI=1S/C18H25N3OS/c1-2-10-21(11-3-1)15-16-6-4-7-17(14-16)22-12-5-8-19-18-20-9-13-23-18/h4,6-7,9,13-14H,1-3,5,8,10-12,15H2,(H,19,20)",KHOCPPWRDKJTNB-UHFFFAOYSA-N,KHOCPPWRDKJTNB,0,False,True,False,False,KHOCPPWRDKJTNB-UHFFFAOYSA-N,1,True,1
B3D_0325,bbb_control_b3db,BBBCTRL_325,propoxyphene,CCC(=O)OC(CC1=CC=CC=C1)(C2=CC=CC=C2)[C@H](C)CN(C)C,,,,,,,,,,,,control_positive,logBB,0.46,,,B,BBBCTRL_325,False,True,True,CCC(=O)OC(Cc1ccccc1)(c1ccccc1)[C@H](C)CN(C)C,1,False,0,0,False,False,无改动,339.47900000000016,339.21982916800005,25,29.54,29.54,4.275500000000004,102.36700000000008,0,3,8,9,2,2,0.4090909090909091,3,0,0.6725578996267864,0,c1ccc(CCc2ccccc2)cc1,C1CCC(CCC2CCCCC2)CC1,False,"InChI=1S/C22H29NO2/c1-5-21(24)25-22(18(2)17-23(3)4,20-14-10-7-11-15-20)16-19-12-8-6-9-13-19/h6-15,18H,5,16-17H2,1-4H3/t18-,22?/m1/s1",XLMALTXPSGQGBX-ZZWBGTBQSA-N,XLMALTXPSGQGBX,2,False,True,False,False,XLMALTXPSGQGBX-ZZWBGTBQSA-N,1,True,1
B3D_0326,bbb_control_b3db,BBBCTRL_326,n-methylspiperone,CN1CN(C2(C1=O)CCN(CC2)CCCC(=O)C3=CC=C(C=C3)F)C4=CC=CC=C4,,,,,,,,,,,,control_positive,logBB,0.46,,,B,BBBCTRL_326,False,True,True,CN1CN(c2ccccc2)C2(CCN(CCCC(=O)c3ccc(F)cc3)CC2)C1=O,1,False,0,0,False,False,无改动,409.5050000000001,409.21655535599996,30,43.86,43.86,3.559300000000003,114.92750000000007,0,4,6,6,4,2,0.4166666666666667,6,0,0.6846396498674705,0,O=C(CCCN1CCC2(CC1)C(=O)NCN2c1ccccc1)c1ccccc1,CC(CCCC1CCC2(CC1)C(C)CCC2C1CCCCC1)C1CCCCC1,False,"InChI=1S/C24H28FN3O2/c1-26-18-28(21-6-3-2-4-7-21)24(23(26)30)13-16-27(17-14-24)15-5-8-22(29)19-9-11-20(25)12-10-19/h2-4,6-7,9-12H,5,8,13-18H2,1H3",QHJLPOSPWKZACG-UHFFFAOYSA-N,QHJLPOSPWKZACG,0,False,True,False,False,QHJLPOSPWKZACG-UHFFFAOYSA-N,1,True,3
B3D_0327,bbb_control_b3db,BBBCTRL_327,147116-67-4,CC(C)(C)C1=CC(=C(C=C1)OC)CNC2C3CCN(C2C(C4=CC=CC=C4)C5=CC=CC=C5)CC3,,,,,,,,,,,,control_positive,logBB,0.46,,,B,BBBCTRL_327,False,True,True,COc1ccc(C(C)(C)C)cc1CNC1C2CCN(CC2)C1C(c1ccccc1)c1ccccc1,1,False,0,0,False,False,无改动,468.6850000000002,468.31406389999995,35,24.5,24.5,6.377200000000007,145.1336999999998,1,3,7,8,6,3,0.4375,3,0,0.43554871264651124,1,c1ccc(CNC2C3CCN(CC3)C2C(c2ccccc2)c2ccccc2)cc1,C1CCC(CCC2C3CCC(CC3)C2C(C2CCCCC2)C2CCCCC2)CC1,False,"InChI=1S/C32H40N2O/c1-32(2,3)27-15-16-28(35-4)26(21-27)22-33-30-25-17-19-34(20-18-25)31(30)29(23-11-7-5-8-12-23)24-13-9-6-10-14-24/h5-16,21,25,29-31,33H,17-20,22H2,1-4H3",OMPCVMLFFSQFIX-UHFFFAOYSA-N,OMPCVMLFFSQFIX,4,False,True,False,False,OMPCVMLFFSQFIX-UHFFFAOYSA-N,1,True,3
B3D_0328,bbb_control_b3db,BBBCTRL_328,21571-08-4,C1CN=C(N1)NC2=C(C=C(C=C2Cl)Cl)Cl,,,,,,,,,,,,control_positive,logBB,0.47,,,B,BBBCTRL_328,False,True,True,Clc1cc(Cl)c(NC2=NCCN2)c(Cl)c1,1,False,0,0,False,False,无改动,264.543,262.978380296,15,36.42,36.42,3.017900000000001,65.39940000000001,2,3,1,2,2,1,0.2222222222222222,6,0,0.8178957402031174,0,c1ccc(NC2=NCCN2)cc1,C1CCC(CC2CCCC2)CC1,False,"InChI=1S/C9H8Cl3N3/c10-5-3-6(11)8(7(12)4-5)15-9-13-1-2-14-9/h3-4H,1-2H2,(H2,13,14,15)",REGMPMOUDUTRSJ-UHFFFAOYSA-N,REGMPMOUDUTRSJ,0,False,True,False,False,REGMPMOUDUTRSJ-UHFFFAOYSA-N,1,True,6
B3D_0329,bbb_control_b3db,BBBCTRL_329,pk 11195,CCC(C)N(C)C(=O)C1=CC2=CC=CC=C2C(=N1)C3=CC=CC=C3Cl,,,,,,,,,,,,control_positive,logBB,0.48,,,B,BBBCTRL_329,False,True,True,CCC(C)N(C)C(=O)c1cc2ccccc2c(-c2ccccc2Cl)n1,1,False,0,0,False,False,无改动,352.86500000000007,352.13424097200004,25,33.2,33.2,5.425700000000005,104.03550000000001,0,2,4,5,3,3,0.23809523809523808,4,0,0.6272101248438205,1,c1ccc(-c2nccc3ccccc23)cc1,C1CCC(C2CCCC3CCCCC32)CC1,False,"InChI=1S/C21H21ClN2O/c1-4-14(2)24(3)21(25)19-13-15-9-5-6-10-16(15)20(23-19)17-11-7-8-12-18(17)22/h5-14H,4H2,1-3H3",RAVIZVQZGXBOQO-UHFFFAOYSA-N,RAVIZVQZGXBOQO,1,False,False,False,False,RAVIZVQZGXBOQO-UHFFFAOYSA-N,1,True,1
B3D_0330,bbb_control_b3db,BBBCTRL_330,pfizer compound 17,CC1=NC2=C(S1)C=C(C(=C2)CNC3CCCNC3C4=CC=CC=C4)OC,,,,,,,,,,,,control_positive,logBB,0.48,,,B,BBBCTRL_330,False,True,True,COc1cc2sc(C)nc2cc1CNC1CCCNC1c1ccccc1,1,False,0,0,False,False,无改动,367.51800000000003,367.17183342000004,26,46.18,74.42,4.196220000000002,107.95640000000002,2,5,5,5,4,3,0.38095238095238093,5,0,0.709552526351341,0,c1ccc(C2NCCCC2NCc2ccc3scnc3c2)cc1,C1CCC(C2CCCCC2CCC2CCC3CCCC3C2)CC1,False,"InChI=1S/C21H25N3OS/c1-14-24-18-11-16(19(25-2)12-20(18)26-14)13-23-17-9-6-10-22-21(17)15-7-4-3-5-8-15/h3-5,7-8,11-12,17,21-23H,6,9-10,13H2,1-2H3",ISJTXWDYEFSQTF-UHFFFAOYSA-N,ISJTXWDYEFSQTF,2,False,True,False,False,ISJTXWDYEFSQTF-UHFFFAOYSA-N,1,True,3
B3D_0331,bbb_control_b3db,BBBCTRL_331,pfizer compound 1,CC(C)C1=CC(=C(C=C1)OC)CNC2C3CCN(C2C(C4=CC=CC=C4)C5=CC=CC=C5)CC3,,,,,,,,,,,,control_positive,logBB,0.48,,,B,BBBCTRL_331,False,True,True,COc1ccc(C(C)C)cc1CNC1C2CCN(CC2)C1C(c1ccccc1)c1ccccc1,1,False,0,0,False,False,无改动,454.6580000000002,454.29841383599995,34,24.5,24.5,6.203100000000006,140.52269999999987,1,3,8,8,6,3,0.41935483870967744,3,0,0.43831445491145493,1,c1ccc(CNC2C3CCN(CC3)C2C(c2ccccc2)c2ccccc2)cc1,C1CCC(CCC2C3CCC(CC3)C2C(C2CCCCC2)C2CCCCC2)CC1,False,"InChI=1S/C31H38N2O/c1-22(2)26-14-15-28(34-3)27(20-26)21-32-30-25-16-18-33(19-17-25)31(30)29(23-10-6-4-7-11-23)24-12-8-5-9-13-24/h4-15,20,22,25,29-32H,16-19,21H2,1-3H3",XPNMCDYOYIKVGB-UHFFFAOYSA-N,XPNMCDYOYIKVGB,4,False,True,False,False,XPNMCDYOYIKVGB-UHFFFAOYSA-N,1,True,3
B3D_0332,bbb_control_b3db,BBBCTRL_332,chembl506480,CCN(CC)CC1=CC2=C(CC(CC2)N3CCN(CC3=O)CCC4=CC=C(C=C4)F)C=C1,,,,,,,,,,,,control_positive,logBB,0.48,,,B,BBBCTRL_332,False,True,True,CCN(CC)Cc1ccc2c(c1)CCC(N1CCN(CCc3ccc(F)cc3)CC1=O)C2,1,False,0,0,False,False,无改动,437.60300000000024,437.284240992,32,26.79,26.79,3.9117000000000033,127.13700000000007,0,3,8,8,4,2,0.5185185185185185,5,0,0.6265309509136783,0,O=C1CN(CCc2ccccc2)CCN1C1CCc2ccccc2C1,CC1CC(CCC2CCCCC2)CCC1C1CCC2CCCCC2C1,False,"InChI=1S/C27H36FN3O/c1-3-29(4-2)19-22-5-8-24-18-26(12-9-23(24)17-22)31-16-15-30(20-27(31)32)14-13-21-6-10-25(28)11-7-21/h5-8,10-11,17,26H,3-4,9,12-16,18-20H2,1-2H3",XWZAXTGZXFCRFU-UHFFFAOYSA-N,XWZAXTGZXFCRFU,1,False,True,False,False,XWZAXTGZXFCRFU-UHFFFAOYSA-N,1,True,1
B3D_0333,bbb_control_b3db,BBBCTRL_333,chembl193400,C1CN(CCN1)C2=C(C=CC3=C2C=CN3S(=O)(=O)C4=CC(=CC=C4)Cl)Cl,,,,,,,,,,,,control_positive,logBB,0.48,,,B,BBBCTRL_333,False,True,True,O=S(=O)(c1cccc(Cl)c1)n1ccc2c(N3CCNCC3)c(Cl)ccc21,1,False,0,0,False,False,无改动,410.3260000000002,409.041853144,26,54.34,62.720000000000006,3.5947000000000022,106.06650000000005,1,4,3,3,4,3,0.2222222222222222,8,0,0.717238934369579,0,O=S(=O)(c1ccccc1)n1ccc2c(N3CCNCC3)cccc21,CC(C)(C1CCCCC1)C1CCC2C(C3CCCCC3)CCCC21,False,"InChI=1S/C18H17Cl2N3O2S/c19-13-2-1-3-14(12-13)26(24,25)23-9-6-15-17(23)5-4-16(20)18(15)22-10-7-21-8-11-22/h1-6,9,12,21H,7-8,10-11H2",IAOGIUYLCUOQQA-UHFFFAOYSA-N,IAOGIUYLCUOQQA,0,False,True,False,False,IAOGIUYLCUOQQA-UHFFFAOYSA-N,1,True,1
B3D_0334,bbb_control_b3db,BBBCTRL_334,"9h-pyrido[3,4-b]indole",C1=CC=C2C(=C1)C3=C(N2)C=NC=C3,,,,,,,,,,,,control_positive,logBB,0.48,,,B,BBBCTRL_334,False,True,True,c1ccc2c(c1)[nH]c1cnccc12,1,False,0,0,False,False,无改动,168.19899999999998,168.068748256,13,28.68,28.68,2.7161,53.59970000000003,1,1,0,0,3,3,0.0,2,0,0.5489485570430717,0,c1ccc2c(c1)[nH]c1cnccc12,C1CCC2C(C1)CC1CCCCC12,False,"InChI=1S/C11H8N2/c1-2-4-10-8(3-1)9-5-6-12-7-11(9)13-10/h1-7,13H",AIFRHYZBTHREPW-UHFFFAOYSA-N,AIFRHYZBTHREPW,0,False,False,False,False,AIFRHYZBTHREPW-UHFFFAOYSA-N,1,True,1
B3D_0335,bbb_control_b3db,BBBCTRL_335,pyrimethamine,CCC1=C(C(=NC(=N1)N)N)C2=CC=C(C=C2)Cl,,,,,,,,,,,,control_positive,logBB,0.49,,,B,BBBCTRL_335,False,True,True,CCc1nc(N)nc(N)c1-c1ccc(Cl)cc1,1,False,0,0,False,False,无改动,248.71700000000004,248.08287409599998,17,77.82,77.82,2.5238000000000005,70.68080000000002,2,4,2,2,2,2,0.16666666666666666,5,0,0.8561371493463951,0,c1ccc(-c2cncnc2)cc1,C1CCC(C2CCCCC2)CC1,False,"InChI=1S/C12H13ClN4/c1-2-9-10(11(14)17-12(15)16-9)7-3-5-8(13)6-4-7/h3-6H,2H2,1H3,(H4,14,15,16,17)",WKSAUQYGYAYLPV-UHFFFAOYSA-N,WKSAUQYGYAYLPV,0,False,False,False,False,WKSAUQYGYAYLPV-UHFFFAOYSA-N,1,True,3
B3D_0336,bbb_control_b3db,BBBCTRL_336,pfizer compound 19,CC1=NC2=C(O1)C=C(C(=C2)CNC3CCCNC3C4=CC=CC=C4)OC,,,,,,,,,,,,control_positive,logBB,0.49,,,B,BBBCTRL_336,False,True,True,COc1cc2oc(C)nc2cc1CNC1CCCNC1c1ccccc1,1,False,0,0,False,False,无改动,351.45,351.19467704,26,59.32000000000001,59.32000000000001,3.7277200000000024,102.34540000000003,2,5,5,5,4,3,0.38095238095238093,5,0,0.7334517364414034,0,c1ccc(C2NCCCC2NCc2ccc3ocnc3c2)cc1,C1CCC(C2CCCCC2CCC2CCC3CCCC3C2)CC1,False,"InChI=1S/C21H25N3O2/c1-14-24-18-11-16(19(25-2)12-20(18)26-14)13-23-17-9-6-10-22-21(17)15-7-4-3-5-8-15/h3-5,7-8,11-12,17,21-23H,6,9-10,13H2,1-2H3",SXAIABXANQDJFT-UHFFFAOYSA-N,SXAIABXANQDJFT,2,False,True,False,False,SXAIABXANQDJFT-UHFFFAOYSA-N,1,True,1
B3D_0337,bbb_control_b3db,BBBCTRL_337,mirtazapine,CN1CCN2C(C1)C3=CC=CC=C3CC4=C2N=CC=C4,,,,,,,,,,,,control_positive,logBB,0.5,,,B,BBBCTRL_337,False,True,True,CN1CCN2c3ncccc3Cc3ccccc3C2C1,1,False,0,0,False,False,无改动,265.36,265.157897608,20,19.37,19.37,2.4789000000000003,81.06900000000005,0,3,0,0,4,2,0.35294117647058826,3,0,0.7292796247091089,0,c1ccc2c(c1)Cc1cccnc1N1CCNCC21,C1CCC2C(C1)CC1CCCCC1C1CCCCC21,False,"InChI=1S/C17H19N3/c1-19-9-10-20-16(12-19)15-7-3-2-5-13(15)11-14-6-4-8-18-17(14)20/h2-8,16H,9-12H2,1H3",RONZAEMNMFQXRA-UHFFFAOYSA-N,RONZAEMNMFQXRA,1,False,True,False,False,RONZAEMNMFQXRA-UHFFFAOYSA-N,1,True,1
B3D_0338,bbb_control_b3db,BBBCTRL_338,mepyramine (pyrilamine),CN(C)CCN(CC1=CC=C(C=C1)OC)C2=CC=CC=N2,,,,,,,,,,,,control_positive,logBB,0.5,,,B,BBBCTRL_338,False,True,True,COc1ccc(CN(CCN(C)C)c2ccccn2)cc1,1,False,0,0,False,False,无改动,285.391,285.184112356,21,28.6,28.6,2.658400000000001,86.83500000000005,0,4,7,7,2,2,0.35294117647058826,4,0,0.7817668594270732,0,c1ccc(CNc2ccccn2)cc1,C1CCC(CCC2CCCCC2)CC1,False,"InChI=1S/C17H23N3O/c1-19(2)12-13-20(17-6-4-5-11-18-17)14-15-7-9-16(21-3)10-8-15/h4-11H,12-14H2,1-3H3",YECBIJXISLIIDS-UHFFFAOYSA-N,YECBIJXISLIIDS,0,False,True,False,False,YECBIJXISLIIDS-UHFFFAOYSA-N,1,True,1
B3D_0339,bbb_control_b3db,BBBCTRL_339,chembl351067,C1C(=O)NC2=C(C(=CC=C2)Cl)C(=N1)C3=CC=CC=C3,,,,,,,,,,,,control_positive,logBB,0.5,,,B,BBBCTRL_339,False,True,True,O=C1CN=C(c2ccccc2)c2c(Cl)cccc2N1,1,False,0,0,False,False,无改动,270.71899999999994,270.05599065200005,19,41.46,41.46,3.129500000000001,77.02970000000003,1,2,1,1,3,2,0.06666666666666667,4,0,0.8498120203195162,0,O=C1CN=C(c2ccccc2)c2ccccc2N1,CC1CCC(C2CCCCC2)C2CCCCC2C1,False,"InChI=1S/C15H11ClN2O/c16-11-7-4-8-12-14(11)15(17-9-13(19)18-12)10-5-2-1-3-6-10/h1-8H,9H2,(H,18,19)",GZLROLJNGZSEDS-UHFFFAOYSA-N,GZLROLJNGZSEDS,0,False,False,False,False,GZLROLJNGZSEDS-UHFFFAOYSA-N,1,True,4
B3D_0340,bbb_control_b3db,BBBCTRL_340,org-32104,CC1=C2C(=CC=C1)C3CNCCC3(C4=CC=CC=C4O2)O,,,,,,,,,,,,control_positive,logBB,0.52,,,B,BBBCTRL_340,False,True,True,Cc1cccc2c1Oc1ccccc1C1(O)CCNCC21,1,False,0,0,False,False,无改动,281.355,281.14157884800005,21,41.49,41.49,3.0654200000000014,81.81950000000003,2,3,0,0,4,2,0.3333333333333333,3,0,0.7795443971106502,0,c1ccc2c(c1)Oc1ccccc1C1CNCCC21,C1CCC2C(C1)CC1CCCCC1C1CCCCC21,False,"InChI=1S/C18H19NO2/c1-12-5-4-6-13-15-11-19-10-9-18(15,20)14-7-2-3-8-16(14)21-17(12)13/h2-8,15,19-20H,9-11H2,1H3",BKXBVNZUQILPOP-UHFFFAOYSA-N,BKXBVNZUQILPOP,2,False,True,False,False,BKXBVNZUQILPOP-UHFFFAOYSA-N,1,True,3
B3D_0341,bbb_control_b3db,BBBCTRL_341,schembl12537969,C1CNCC([C@@H]1C2=CC=C(C=C2)F)COC3=CC4=C(C=C3)OCO4,,,,,,,,,,,,control_positive,logBB,0.52,,,B,BBBCTRL_341,False,True,True,Fc1ccc([C@@H]2CCNCC2COc2ccc3c(c2)OCO3)cc1,1,False,0,0,False,False,无改动,329.3710000000001,329.14272171999994,24,39.72,39.72,3.326500000000002,88.17770000000006,1,4,4,4,4,2,0.3684210526315789,5,0,0.9339413767145557,0,c1ccc([C@@H]2CCNCC2COc2ccc3c(c2)OCO3)cc1,C1CCC(C2CCCCC2CCC2CCC3CCCC3C2)CC1,False,"InChI=1S/C19H20FNO3/c20-15-3-1-13(2-4-15)17-7-8-21-10-14(17)11-22-16-5-6-18-19(9-16)24-12-23-18/h1-6,9,14,17,21H,7-8,10-12H2/t14?,17-/m0/s1",AHOUBRCZNHFOSL-JRZJBTRGSA-N,AHOUBRCZNHFOSL,2,False,True,False,False,AHOUBRCZNHFOSL-JRZJBTRGSA-N,1,True,1
B3D_0342,bbb_control_b3db,BBBCTRL_342,1977-15-7,CNCCCN1C2=C(CCC3=CC=CC=C31)C=C(C=C2)O,,,,,,,,,,,,control_positive,logBB,0.53,,,B,BBBCTRL_342,False,True,True,CNCCCN1c2ccccc2CCc2cc(O)ccc21,1,False,0,0,False,False,无改动,282.387,282.17321332399996,21,35.5,35.5,3.238400000000002,87.50650000000005,2,3,4,4,3,2,0.3333333333333333,3,0,0.8451131497069878,0,c1ccc2c(c1)CCc1ccccc1N2,C1CCC2CC3CCCCC3CCC2C1,False,"InChI=1S/C18H22N2O/c1-19-11-4-12-20-17-6-3-2-5-14(17)7-8-15-13-16(21)9-10-18(15)20/h2-3,5-6,9-10,13,19,21H,4,7-8,11-12H2,1H3",NVJBOLMRGMDGLD-UHFFFAOYSA-N,NVJBOLMRGMDGLD,0,False,True,False,False,NVJBOLMRGMDGLD-UHFFFAOYSA-N,1,True,3
B3D_0343,bbb_control_b3db,BBBCTRL_343,afe,FCCC2=CC(N)=C(C=C2)SC1=CC=CC=C1N(C)C,,,,,,,,,,,,control_positive,logBB,0.55,,,B,BBBCTRL_343,False,True,True,CN(C)c1ccccc1Sc1ccc(CCF)cc1N,1,False,0,0,False,False,无改动,290.407,290.12529782800004,20,29.259999999999998,54.56,3.998000000000002,85.42540000000004,1,3,5,5,2,2,0.25,4,0,0.8440255869184493,0,c1ccc(Sc2ccccc2)cc1,C1CCC(CC2CCCCC2)CC1,False,"InChI=1S/C16H19FN2S/c1-19(2)14-5-3-4-6-16(14)20-15-8-7-12(9-10-17)11-13(15)18/h3-8,11H,9-10,18H2,1-2H3",CQBGCZLGSWZJNE-UHFFFAOYSA-N,CQBGCZLGSWZJNE,0,False,False,False,False,CQBGCZLGSWZJNE-UHFFFAOYSA-N,1,True,2
B3D_0344,bbb_control_b3db,BBBCTRL_344,dihydrocodeine,CN1CC[C@]23[C@@H]4[C@H]1CC5=C2C(=C(C=C5)OC)O[C@H]3[C@H](CC4)O,,,,,,,,,,,,control_positive,logBB,0.55,,,B,BBBCTRL_344,False,True,True,COc1ccc2c3c1O[C@H]1[C@@H](O)CC[C@H]4[C@@H](C2)N(C)CC[C@@]341,1,False,0,0,False,False,无改动,301.3860000000001,301.167793596,22,41.93,41.93,1.7251,82.55780000000004,1,4,1,1,5,1,0.6666666666666666,4,0,0.857564110359614,0,c1cc2c3c(c1)O[C@H]1CCC[C@H]4[C@@H](C2)NCC[C@]314,C1CC2CC3CCCC45C(CCCC34)CC(C1)C25,False,"InChI=1S/C18H23NO3/c1-19-8-7-18-11-4-5-13(20)17(18)22-16-14(21-2)6-3-10(15(16)18)9-12(11)19/h3,6,11-13,17,20H,4-5,7-9H2,1-2H3/t11-,12+,13-,17-,18-/m0/s1",RBOXVHNMENFORY-DNJOTXNNSA-N,RBOXVHNMENFORY,5,False,True,False,False,RBOXVHNMENFORY-DNJOTXNNSA-N,1,True,1
B3D_0345,bbb_control_b3db,BBBCTRL_345,sb-277011a,C1CC(CCC1CCN2CCC3=C(C2)C=CC(=C3)C#N)NC(=O)C4=CC=NC5=CC=CC=C45,,,,,,,,,,,,control_positive,logBB,0.56,,,B,BBBCTRL_345,False,True,True,N#Cc1ccc2c(c1)CCN(CCC1CCC(NC(=O)c3ccnc4ccccc34)CC1)C2,1,False,0,0,False,False,无改动,438.5750000000002,438.24196158,33,69.02000000000001,69.02000000000001,4.843480000000004,129.71020000000001,1,4,5,6,5,3,0.39285714285714285,5,0,0.6186579065007266,0,O=C(NC1CCC(CCN2CCc3ccccc3C2)CC1)c1ccnc2ccccc12,CC(CC1CCC(CCC2CCC3CCCCC3C2)CC1)C1CCCC2CCCCC21,False,"InChI=1S/C28H30N4O/c29-18-21-5-8-23-19-32(16-13-22(23)17-21)15-12-20-6-9-24(10-7-20)31-28(33)26-11-14-30-27-4-2-1-3-25(26)27/h1-5,8,11,14,17,20,24H,6-7,9-10,12-13,15-16,19H2,(H,31,33)",OLWRVVHPJFLNPW-UHFFFAOYSA-N,OLWRVVHPJFLNPW,2,False,True,False,False,OLWRVVHPJFLNPW-UHFFFAOYSA-N,1,True,1
B3D_0346,bbb_control_b3db,BBBCTRL_346,nsc 15312,C1CNCC2=CC=CC=C21,,,,,,,,,,,,control_positive,logBB,0.56,,,B,BBBCTRL_346,False,True,True,c1ccc2c(c1)CCNC2,1,False,0,0,False,False,无改动,133.194,133.089149352,10,12.03,12.03,1.3323,41.85270000000001,1,1,0,0,2,1,0.3333333333333333,1,0,0.5627155967397937,0,c1ccc2c(c1)CCNC2,C1CCC2CCCCC2C1,False,"InChI=1S/C9H11N/c1-2-4-9-7-10-6-5-8(9)3-1/h1-4,10H,5-7H2",UWYZHKAOTLEWKK-UHFFFAOYSA-N,UWYZHKAOTLEWKK,0,False,True,False,False,UWYZHKAOTLEWKK-UHFFFAOYSA-N,1,True,2
B3D_0347,bbb_control_b3db,BBBCTRL_347,chembl371222,COC1=CC2=C(C=C1)NN=C2NC3CCN(CC3)CC4=CC5=C(C=C4)OCO5,,,,,,,,,,,,control_positive,logBB,0.57,,,B,BBBCTRL_347,False,True,True,COc1ccc2[nH]nc(NC3CCN(Cc4ccc5c(c4)OCO5)CC3)c2c1,1,False,0,0,False,False,无改动,380.4480000000002,380.18484062799996,28,71.64,71.64,3.3767000000000023,107.13240000000005,2,6,5,5,5,3,0.38095238095238093,7,0,0.7071262583003857,0,c1ccc2c(NC3CCN(Cc4ccc5c(c4)OCO5)CC3)n[nH]c2c1,C1CC2CCC(CC3CCC(CC4CCC5CCCCC54)CC3)CC2C1,False,"InChI=1S/C21H24N4O3/c1-26-16-3-4-18-17(11-16)21(24-23-18)22-15-6-8-25(9-7-15)12-14-2-5-19-20(10-14)28-13-27-19/h2-5,10-11,15H,6-9,12-13H2,1H3,(H2,22,23,24)",DMPZBWPVTPYXNU-UHFFFAOYSA-N,DMPZBWPVTPYXNU,0,False,True,False,False,DMPZBWPVTPYXNU-UHFFFAOYSA-N,1,True,2
B3D_0348,bbb_control_b3db,BBBCTRL_348,chembl382773,CC1=CC(=O)N(C=C1)CCCCN2CCN(CC2)C3=NC(=NC(=C3)C(F)(F)F)C(C)(C)C,,,,,,,,,,,,control_positive,logBB,0.57,,,B,BBBCTRL_348,False,True,True,Cc1ccn(CCCCN2CCN(c3cc(C(F)(F)F)nc(C(C)(C)C)n3)CC2)c(=O)c1,1,False,0,0,False,False,无改动,451.53700000000026,451.25589530400003,32,54.26,54.26,3.865420000000003,119.06000000000007,0,5,6,8,3,2,0.6086956521739131,9,0,0.6245318198200729,0,O=c1ccccn1CCCCN1CCN(c2ccncn2)CC1,CC1CCCCC1CCCCC1CCC(C2CCCCC2)CC1,False,"InChI=1S/C23H32F3N5O/c1-17-7-10-31(20(32)15-17)9-6-5-8-29-11-13-30(14-12-29)19-16-18(23(24,25)26)27-21(28-19)22(2,3)4/h7,10,15-16H,5-6,8-9,11-14H2,1-4H3",RLMADYPUXGWZSL-UHFFFAOYSA-N,RLMADYPUXGWZSL,0,False,True,False,False,RLMADYPUXGWZSL-UHFFFAOYSA-N,1,True,1
B3D_0349,bbb_control_b3db,BBBCTRL_349,triazolam,CC3=NN=C4CN=C(C2CC(CCC2N34)Cl)C1=CC=CC=C1Cl,,,,,,,,,,,,control_positive,logBB,0.57,,,B,BBBCTRL_349,False,True,True,Cc1nnc2n1C1CCC(Cl)CC1C(c1ccccc1Cl)=NC2,1,False,0,0,False,False,无改动,349.26500000000004,348.090851936,23,43.07,43.07,4.1914200000000035,92.47100000000005,0,3,1,1,4,2,0.47058823529411764,6,0,0.7247363723872302,0,c1ccc(C2=NCc3nncn3C3CCCCC23)cc1,C1CCC(C2CCC3CCCC3C3CCCCC23)CC1,False,"InChI=1S/C17H18Cl2N4/c1-10-21-22-16-9-20-17(12-4-2-3-5-14(12)19)13-8-11(18)6-7-15(13)23(10)16/h2-5,11,13,15H,6-9H2,1H3",YCSYSAJQYSMYNJ-UHFFFAOYSA-N,YCSYSAJQYSMYNJ,3,False,False,False,False,YCSYSAJQYSMYNJ-UHFFFAOYSA-N,1,True,1
B3D_0350,bbb_control_b3db,BBBCTRL_350,nebivolol,C1CC2=C(C=CC(=C2)F)OC1C(CNCC(C3CCC4=C(O3)C=CC(=C4)F)O)O,,,,,,,,,,,,control_positive,logBB,0.57,,,B,BBBCTRL_350,False,True,True,OC(CNCC(O)C1CCc2cc(F)ccc2O1)C1CCc2cc(F)ccc2O1,1,False,0,0,False,False,无改动,405.44100000000014,405.17516472,29,70.95,70.95,2.363600000000001,103.15730000000003,3,5,6,6,4,2,0.45454545454545453,7,0,0.68846240126238,0,c1ccc2c(c1)CCC(CCNCCC1CCc3ccccc3O1)O2,C(CCC1CCC2CCCCC2C1)CCC1CCC2CCCCC2C1,False,"InChI=1S/C22H25F2NO4/c23-15-3-7-19-13(9-15)1-5-21(28-19)17(26)11-25-12-18(27)22-6-2-14-10-16(24)4-8-20(14)29-22/h3-4,7-10,17-18,21-22,25-27H,1-2,5-6,11-12H2",KOHIRBRYDXPAMZ-UHFFFAOYSA-N,KOHIRBRYDXPAMZ,4,False,True,False,False,KOHIRBRYDXPAMZ-UHFFFAOYSA-N,1,True,1
B3D_0351,bbb_control_b3db,BBBCTRL_351,tz-19,C1CN=C(N1)NC2=C(C=C(C=C2Br)Br)Br,,,,,,,,,,,,control_positive,logBB,0.58,,,B,BBBCTRL_351,False,True,True,Brc1cc(Br)c(NC2=NCCN2)c(Br)c1,1,False,0,0,False,False,无改动,397.8960000000001,394.826833556,15,36.42,36.42,3.345200000000001,73.46940000000001,2,3,1,2,2,1,0.2222222222222222,6,0,0.7621025863362796,0,c1ccc(NC2=NCCN2)cc1,C1CCC(CC2CCCC2)CC1,False,"InChI=1S/C9H8Br3N3/c10-5-3-6(11)8(7(12)4-5)15-9-13-1-2-14-9/h3-4H,1-2H2,(H2,13,14,15)",VLIOPSQKHBKZCF-UHFFFAOYSA-N,VLIOPSQKHBKZCF,0,False,True,False,False,VLIOPSQKHBKZCF-UHFFFAOYSA-N,1,True,6
B3D_0352,bbb_control_b3db,BBBCTRL_352,(s)-flurocarazolol,CC(CF)NC[C@@H](COC1=CC=CC2=C1C3=CC=CC=C3N2)O,,,,,,,,,,,,control_positive,logBB,0.58,,,B,BBBCTRL_352,False,True,True,CC(CF)NC[C@H](O)COc1cccc2[nH]c3ccccc3c12,1,False,0,0,False,False,无改动,316.37600000000003,316.158706132,23,57.279999999999994,57.279999999999994,3.008400000000001,90.74620000000004,3,3,7,7,3,3,0.3333333333333333,5,0,0.6278822530485978,0,c1ccc2c(c1)[nH]c1ccccc12,C1CCC2C(C1)CC1CCCCC12,False,"InChI=1S/C18H21FN2O2/c1-12(9-19)20-10-13(22)11-23-17-8-4-7-16-18(17)14-5-2-3-6-15(14)21-16/h2-8,12-13,20-22H,9-11H2,1H3/t12?,13-/m0/s1",QHLGXPUIUKSADT-ABLWVSNPSA-N,QHLGXPUIUKSADT,2,False,True,False,False,QHLGXPUIUKSADT-ABLWVSNPSA-N,1,True,1
B3D_0353,bbb_control_b3db,BBBCTRL_353,604-75-1,C1=CC=C(C=C1)C2=NC(C(=O)NC3=C2C=C(C=C3)Cl)O,,,,,,,,,,,,control_positive,logBB,0.6,,,B,BBBCTRL_353,False,True,True,O=C1Nc2ccc(Cl)cc2C(c2ccccc2)=NC1O,1,False,0,0,False,False,无改动,286.718,286.050905272,20,61.69,61.69,2.4479,78.16950000000003,2,3,1,1,3,2,0.06666666666666667,5,0,0.8457292457729301,0,O=C1CN=C(c2ccccc2)c2ccccc2N1,CC1CCC(C2CCCCC2)C2CCCCC2C1,False,"InChI=1S/C15H11ClN2O2/c16-10-6-7-12-11(8-10)13(9-4-2-1-3-5-9)18-15(20)14(19)17-12/h1-8,15,20H,(H,17,19)",ADIMAYPTOBDMTL-UHFFFAOYSA-N,ADIMAYPTOBDMTL,1,False,False,False,False,ADIMAYPTOBDMTL-UHFFFAOYSA-N,1,True,4
B3D_0354,bbb_control_b3db,BBBCTRL_354,desmonomethylpromazine,CNCCCN1C2=CC=CC=C2SC3=CC=CC=C31,,,,,,,,,,,,control_positive,logBB,0.6,,,B,BBBCTRL_354,False,True,True,CNCCCN1c2ccccc2Sc2ccccc21,1,False,0,0,False,False,无改动,270.401,270.119069576,19,15.27,40.57,3.898800000000003,82.55670000000005,1,3,4,4,3,2,0.25,3,0,0.848305432899963,0,c1ccc2c(c1)Nc1ccccc1S2,C1CCC2CC3CCCCC3CC2C1,False,"InChI=1S/C16H18N2S/c1-17-11-6-12-18-13-7-2-4-9-15(13)19-16-10-5-3-8-14(16)18/h2-5,7-10,17H,6,11-12H2,1H3",WOCOVPRTRIBGFZ-UHFFFAOYSA-N,WOCOVPRTRIBGFZ,0,False,True,False,False,WOCOVPRTRIBGFZ-UHFFFAOYSA-N,1,True,3
B3D_0355,bbb_control_b3db,BBBCTRL_355,cocaine,CN1C2CCC1C(C(C2)OC(=O)C3=CC=CC=C3)C(=O)OC,,,,,,,,,,,,control_positive,logBB,0.6,,,B,BBBCTRL_355,False,True,True,COC(=O)C1C(OC(=O)c2ccccc2)CC2CCC1N2C,1,False,0,0,False,False,无改动,303.35800000000006,303.14705815200006,22,55.84,55.84,1.8677,80.34150000000005,0,5,3,5,3,1,0.5294117647058824,5,0,0.7979361284429697,0,O=C(OC1CC2CCC(C1)N2)c1ccccc1,CC(CC1CC2CCC(C2)C1)C1CCCCC1,False,"InChI=1S/C17H21NO4/c1-18-12-8-9-13(18)15(17(20)21-2)14(10-12)22-16(19)11-6-4-3-5-7-11/h3-7,12-15H,8-10H2,1-2H3",ZPUCINDJVBIVPJ-UHFFFAOYSA-N,ZPUCINDJVBIVPJ,4,False,True,False,False,ZPUCINDJVBIVPJ-UHFFFAOYSA-N,1,True,2
B3D_0356,bbb_control_b3db,BBBCTRL_356,5-hydroxytryptamine (5-ht) receptor ligand 1b,CC1C2=C(C=CC=C2Cl)NC(=NCC(F)F)N1,,,,,,,,,,,,control_positive,logBB,0.6,,,B,BBBCTRL_356,False,True,True,CC1NC(=NCC(F)F)Nc2cccc(Cl)c21,1,False,0,0,False,False,无改动,259.687,259.068781504,17,36.42,36.42,3.0372000000000012,64.93140000000002,2,1,2,2,2,1,0.36363636363636365,6,0,0.8565112556949034,0,N=C1NCc2ccccc2N1,CC1CCC2CCCCC2C1,False,"InChI=1S/C11H12ClF2N3/c1-6-10-7(12)3-2-4-8(10)17-11(16-6)15-5-9(13)14/h2-4,6,9H,5H2,1H3,(H2,15,16,17)",JDPGHZDOBUGUDU-UHFFFAOYSA-N,JDPGHZDOBUGUDU,1,False,True,False,False,JDPGHZDOBUGUDU-UHFFFAOYSA-N,1,True,1
B3D_0357,bbb_control_b3db,BBBCTRL_357,bremazocine,CCC12CCN(C(C1(C)C)CC3=C2C=C(C=C3)O)CC4(CC4)O,,,,,,,,,,,,control_positive,logBB,0.6,,,B,BBBCTRL_357,False,True,True,CCC12CCN(CC3(O)CC3)C(Cc3ccc(O)cc31)C2(C)C,1,False,0,0,False,False,无改动,315.45700000000005,315.21982916800005,23,43.7,43.7,3.2215000000000025,91.72260000000006,2,3,3,3,4,1,0.7,3,0,0.8999109870408781,0,c1ccc2c(c1)CC1CC2CCN1CC1CC1,C1CCC2C(C1)CC1CC2CCC1CC1CC1,False,"InChI=1S/C20H29NO2/c1-4-20-9-10-21(13-19(23)7-8-19)17(18(20,2)3)11-14-5-6-15(22)12-16(14)20/h5-6,12,17,22-23H,4,7-11,13H2,1-3H3",ZDXGFIXMPOUDFF-UHFFFAOYSA-N,ZDXGFIXMPOUDFF,2,False,True,False,False,ZDXGFIXMPOUDFF-UHFFFAOYSA-N,1,True,1
B3D_0358,bbb_control_b3db,BBBCTRL_358,77-lh-28-1,CCCCC1CCN(CC1)CCCN2C(=O)CCC3=CC=CC=C32,,,,,,,,,,,,control_positive,logBB,0.6,,,B,BBBCTRL_358,False,True,True,CCCCC1CCN(CCCN2C(=O)CCc3ccccc32)CC1,1,False,0,0,False,False,无改动,328.50000000000006,328.25146364399995,24,23.55,23.55,4.258100000000004,100.42200000000007,0,2,7,7,3,1,0.6666666666666666,3,0,0.7465356431931435,0,O=C1CCc2ccccc2N1CCCN1CCCCC1,CC1CCC2CCCCC2C1CCCC1CCCCC1,False,"InChI=1S/C21H32N2O/c1-2-3-7-18-12-16-22(17-13-18)14-6-15-23-20-9-5-4-8-19(20)10-11-21(23)24/h4-5,8-9,18H,2-3,6-7,10-17H2,1H3",PHMGZAICAOYEAF-UHFFFAOYSA-N,PHMGZAICAOYEAF,0,False,True,False,False,PHMGZAICAOYEAF-UHFFFAOYSA-N,1,True,1
B3D_0359,bbb_control_b3db,BBBCTRL_359,benzoylmethylecgonine,CN1C2CCC1[C@H]([C@H](C2)OC(=O)C3=CC=CC=C3)C(=O)OC,,,,,,,,,,,,control_positive,logBB,0.6,,,B,BBBCTRL_359,False,True,True,COC(=O)[C@@H]1C2CCC(C[C@@H]1OC(=O)c1ccccc1)N2C,1,False,0,0,False,False,无改动,303.358,303.14705815200006,22,55.84,55.84,1.8677,80.34150000000005,0,5,3,5,3,1,0.5294117647058824,5,0,0.7979361284429696,0,O=C(OC1CC2CCC(C1)N2)c1ccccc1,CC(CC1CC2CCC(C2)C1)C1CCCCC1,False,"InChI=1S/C17H21NO4/c1-18-12-8-9-13(18)15(17(20)21-2)14(10-12)22-16(19)11-6-4-3-5-7-11/h3-7,12-15H,8-10H2,1-2H3/t12?,13?,14-,15+/m0/s1",ZPUCINDJVBIVPJ-PFSRBDOWSA-N,ZPUCINDJVBIVPJ,4,False,True,False,False,ZPUCINDJVBIVPJ-PFSRBDOWSA-N,1,True,2
B3D_0360,bbb_control_b3db,BBBCTRL_360,amoxapine,C1CN(CCN1)C2=NC3=CC=CC=C3OC4=C2C=C(C=C4)Cl,,,,,,,,,,,,control_positive,logBB,0.6,,,B,BBBCTRL_360,False,True,True,Clc1ccc2c(c1)C(N1CCNCC1)=Nc1ccccc1O2,1,False,0,0,False,False,无改动,313.788,313.09818981199993,22,36.86,36.86,3.4292000000000025,88.60770000000004,1,4,0,1,4,2,0.23529411764705882,5,0,0.8093498766353519,0,c1ccc2c(c1)N=C(N1CCNCC1)c1ccccc1O2,C1CCC(C2CC3CCCCC3CC3CCCCC32)CC1,False,"InChI=1S/C17H16ClN3O/c18-12-5-6-15-13(11-12)17(21-9-7-19-8-10-21)20-14-3-1-2-4-16(14)22-15/h1-6,11,19H,7-10H2",QWGDMFLQWFTERH-UHFFFAOYSA-N,QWGDMFLQWFTERH,0,False,True,False,False,QWGDMFLQWFTERH-UHFFFAOYSA-N,1,True,2
B3D_0361,bbb_control_b3db,BBBCTRL_361,1-(2-pyrimidinyl)-piperazine,C1CN(CCN1)C2=NC=CC=N2,,,,,,,,,,,,control_positive,logBB,0.6,,,B,BBBCTRL_361,False,True,True,c1cnc(N2CCNCC2)nc1,1,False,0,0,False,False,无改动,164.21200000000002,164.106196384,12,41.050000000000004,41.050000000000004,-0.11380000000000035,47.11470000000002,1,4,1,1,2,1,0.5,4,0,0.6283118001545716,0,c1cnc(N2CCNCC2)nc1,C1CCC(C2CCCCC2)CC1,False,"InChI=1S/C8H12N4/c1-2-10-8(11-3-1)12-6-4-9-5-7-12/h1-3,9H,4-7H2",MRBFGEHILMYPTF-UHFFFAOYSA-N,MRBFGEHILMYPTF,0,False,True,False,False,MRBFGEHILMYPTF-UHFFFAOYSA-N,1,True,1
B3D_0362,bbb_control_b3db,BBBCTRL_362,oxazepam,Clc1ccc(N2)c(C(C)=NC(O)C2=O)c1,,,,,,,,,,,,control_positive,logBB,0.61,,,B,BBBCTRL_362,False,True,True,CC1=NC(O)C(=O)Nc2ccc(Cl)cc21,1,False,0,0,False,False,无改动,224.647,224.035255208,15,61.690000000000005,61.690000000000005,1.4195,58.29950000000002,2,3,0,0,2,1,0.2,5,0,0.7002489014074117,0,O=C1CN=Cc2ccccc2N1,CC1CCCC2CCCCC2C1,False,"InChI=1S/C10H9ClN2O2/c1-5-7-4-6(11)2-3-8(7)13-10(15)9(14)12-5/h2-4,9,14H,1H3,(H,13,15)",PZBFJEASHDIGQS-UHFFFAOYSA-N,PZBFJEASHDIGQS,1,False,False,False,False,PZBFJEASHDIGQS-UHFFFAOYSA-N,1,True,1
B3D_0363,bbb_control_b3db,BBBCTRL_363,rolipram,COC1=C(C=C(C=C1)C2CC(=O)NC2)OC3CCCC3,,,,,,,,,,,,control_positive,logBB,0.61,,,B,BBBCTRL_363,False,True,True,COc1ccc(C2CNC(=O)C2)cc1OC1CCCC1,1,False,0,0,False,False,无改动,275.348,275.152143532,20,47.56,47.56,2.6201000000000008,76.24570000000004,1,3,4,4,3,1,0.5625,4,0,0.9185493295282857,0,O=C1CC(c2cccc(OC3CCCC3)c2)CN1,CC1CCC(C2CCCC(CC3CCCC3)C2)C1,False,"InChI=1S/C16H21NO3/c1-19-14-7-6-11(12-9-16(18)17-10-12)8-15(14)20-13-4-2-3-5-13/h6-8,12-13H,2-5,9-10H2,1H3,(H,17,18)",HJORMJIFDVBMOB-UHFFFAOYSA-N,HJORMJIFDVBMOB,1,False,False,False,False,HJORMJIFDVBMOB-UHFFFAOYSA-N,1,True,1
B3D_0364,bbb_control_b3db,BBBCTRL_364,pfizer compound 24,COC1=CC2=C(C=C1CNC3CCCNC3C4=CC=CC=C4)N=C(S2)C5CC5,,,,,,,,,,,,control_positive,logBB,0.62,,,B,BBBCTRL_364,False,True,True,COc1cc2sc(C3CC3)nc2cc1CNC1CCCNC1c1ccccc1,1,False,0,0,False,False,无改动,393.55600000000015,393.18748348400004,28,46.18,74.42,4.765200000000003,115.19440000000003,2,5,6,6,5,3,0.43478260869565216,5,0,0.6334999097928619,0,c1ccc(C2NCCCC2NCc2ccc3sc(C4CC4)nc3c2)cc1,C1CCC(C2CCCCC2CCC2CCC3CC(C4CC4)CC3C2)CC1,False,"InChI=1S/C23H27N3OS/c1-27-20-13-21-19(26-23(28-21)16-9-10-16)12-17(20)14-25-18-8-5-11-24-22(18)15-6-3-2-4-7-15/h2-4,6-7,12-13,16,18,22,24-25H,5,8-11,14H2,1H3",JDRGRKWIVKDYHL-UHFFFAOYSA-N,JDRGRKWIVKDYHL,2,False,True,False,False,JDRGRKWIVKDYHL-UHFFFAOYSA-N,1,True,1
B3D_0365,bbb_control_b3db,BBBCTRL_365,venlafaxine,CN(C)CC(C1=CC=C(C=C1)OC)C2(CCCCC2)O,,,,,,,,,,,,control_positive,logBB,0.62,,,B,BBBCTRL_365,False,True,True,COc1ccc(C(CN(C)C)C2(O)CCCCC2)cc1,1,False,0,0,False,False,无改动,277.4079999999999,277.204179104,20,32.7,32.7,3.0356000000000014,82.32380000000005,1,3,5,5,2,1,0.6470588235294118,3,0,0.8976823731418612,0,c1ccc(CC2CCCCC2)cc1,C1CCC(CC2CCCCC2)CC1,False,"InChI=1S/C17H27NO2/c1-18(2)13-16(17(19)11-5-4-6-12-17)14-7-9-15(20-3)10-8-14/h7-10,16,19H,4-6,11-13H2,1-3H3",PNVNVHUZROJLTJ-UHFFFAOYSA-N,PNVNVHUZROJLTJ,1,False,True,False,False,PNVNVHUZROJLTJ-UHFFFAOYSA-N,1,True,1
B3D_0366,bbb_control_b3db,BBBCTRL_366,mefloquine,C1CCNC(C1)C(C2=CC(=NC3=C2C=CC=C3C(F)(F)F)C(F)(F)F)O,,,,,,,,,,,,control_positive,logBB,0.63,,,B,BBBCTRL_366,False,True,True,OC(c1cc(C(F)(F)F)nc2c(C(F)(F)F)cccc12)C1CCCCN1,1,False,0,0,False,False,无改动,378.31600000000014,378.116682452,26,45.150000000000006,45.150000000000006,4.447900000000003,82.34850000000002,2,3,2,4,3,2,0.47058823529411764,9,0,0.7594432549357207,0,c1ccc2c(CC3CCCCN3)ccnc2c1,C1CCC(CC2CCCC3CCCCC32)CC1,False,"InChI=1S/C17H16F6N2O/c18-16(19,20)11-5-3-4-9-10(15(26)12-6-1-2-7-24-12)8-13(17(21,22)23)25-14(9)11/h3-5,8,12,15,24,26H,1-2,6-7H2",XEEQGYMUWCZPDN-UHFFFAOYSA-N,XEEQGYMUWCZPDN,2,False,True,False,False,XEEQGYMUWCZPDN-UHFFFAOYSA-N,1,True,1
B3D_0367,bbb_control_b3db,BBBCTRL_367,"4-iodo-n,n'-isopropyl-m- xylenediamine",CCC(C)Nc1c(I)ccc(c1)NC(C)CC,,,,,,,,,,,,control_positive,logBB,0.64,,,B,BBBCTRL_367,False,True,True,CCC(C)Nc1ccc(I)c(NC(C)CC)c1,1,False,0,0,False,False,无改动,346.2560000000001,346.090596736,17,24.06,24.06,4.712000000000003,85.91040000000004,2,2,6,6,1,1,0.5714285714285714,3,0,0.7290962570706425,0,c1ccccc1,C1CCCCC1,False,"InChI=1S/C14H23IN2/c1-5-10(3)16-12-7-8-13(15)14(9-12)17-11(4)6-2/h7-11,16-17H,5-6H2,1-4H3",HFCGPUOPDRSSQT-UHFFFAOYSA-N,HFCGPUOPDRSSQT,2,False,False,False,False,HFCGPUOPDRSSQT-UHFFFAOYSA-N,1,True,14
B3D_0368,bbb_control_b3db,BBBCTRL_368,doxylamine,CC(C1=CC=CC=C1)(C2=CC=CC=N2)OCCN(C)C,,,,,,,,,,,,control_positive,logBB,0.64,,,B,BBBCTRL_368,False,True,True,CN(C)CCOC(C)(c1ccccc1)c1ccccn1,1,False,0,0,False,False,无改动,270.37600000000003,270.173213324,20,25.36,25.36,2.923300000000001,81.63900000000005,0,3,6,6,2,2,0.35294117647058826,3,0,0.8067475103694609,0,c1ccc(Cc2ccccn2)cc1,C1CCC(CC2CCCCC2)CC1,False,"InChI=1S/C17H22N2O/c1-17(20-14-13-19(2)3,15-9-5-4-6-10-15)16-11-7-8-12-18-16/h4-12H,13-14H2,1-3H3",HCFDWZZGGLSKEP-UHFFFAOYSA-N,HCFDWZZGGLSKEP,1,False,True,False,False,HCFDWZZGGLSKEP-UHFFFAOYSA-N,1,True,2
B3D_0369,bbb_control_b3db,BBBCTRL_369,doxylamine,C[C@](C1=CC=CC=C1)(C2=CC=CC=N2)OCCN(C)C,,,,,,,,,,,,control_positive,logBB,0.64,,,B,BBBCTRL_369,False,True,True,CN(C)CCO[C@@](C)(c1ccccc1)c1ccccn1,1,False,0,0,False,False,无改动,270.37600000000003,270.173213324,20,25.36,25.36,2.923300000000001,81.63900000000005,0,3,6,6,2,2,0.35294117647058826,3,0,0.8067475103694609,0,c1ccc(Cc2ccccn2)cc1,C1CCC(CC2CCCCC2)CC1,False,"InChI=1S/C17H22N2O/c1-17(20-14-13-19(2)3,15-9-5-4-6-10-15)16-11-7-8-12-18-16/h4-12H,13-14H2,1-3H3/t17-/m0/s1",HCFDWZZGGLSKEP-KRWDZBQOSA-N,HCFDWZZGGLSKEP,1,False,True,False,False,HCFDWZZGGLSKEP-KRWDZBQOSA-N,1,True,2
B3D_0370,bbb_control_b3db,BBBCTRL_370,fauc-113,C1CN(CCN1CC2=C3C=CC=CN3N=C2)C4=CC=C(C=C4)Cl,,,,,,,,,,,,control_positive,logBB,0.64,,,B,BBBCTRL_370,False,True,True,Clc1ccc(N2CCN(Cc3cnn4ccccc34)CC2)cc1,1,False,0,0,False,False,无改动,326.83100000000013,326.129824288,23,23.78,23.78,3.3099000000000016,94.13400000000003,0,3,3,3,4,3,0.2777777777777778,5,0,0.7375770724766862,0,c1ccc(N2CCN(Cc3cnn4ccccc34)CC2)cc1,C1CCC(C2CCC(CC3CCC4CCCCC43)CC2)CC1,False,"InChI=1S/C18H19ClN4/c19-16-4-6-17(7-5-16)22-11-9-21(10-12-22)14-15-13-20-23-8-2-1-3-18(15)23/h1-8,13H,9-12,14H2",XVPRVMIFXXOEFR-UHFFFAOYSA-N,XVPRVMIFXXOEFR,0,False,True,False,False,XVPRVMIFXXOEFR-UHFFFAOYSA-N,1,True,1
B3D_0371,bbb_control_b3db,BBBCTRL_371,etoprine,CCC1=C(C(=NC(=N1)N)N)C2=CC(=C(C=C2)Cl)Cl,,,,,,,,,,,,control_positive,logBB,0.65,,,B,BBBCTRL_371,False,True,True,CCc1nc(N)nc(N)c1-c1ccc(Cl)c(Cl)c1,1,False,0,0,False,False,无改动,283.16200000000003,282.043901744,18,77.82,77.82,3.1772,75.69080000000001,2,4,2,2,2,2,0.16666666666666666,6,0,0.8868684757874735,0,c1ccc(-c2cncnc2)cc1,C1CCC(C2CCCCC2)CC1,False,"InChI=1S/C12H12Cl2N4/c1-2-9-10(11(15)18-12(16)17-9)6-3-4-7(13)8(14)5-6/h3-5H,2H2,1H3,(H4,15,16,17,18)",PXLPCZJACKUXGP-UHFFFAOYSA-N,PXLPCZJACKUXGP,0,False,False,False,False,PXLPCZJACKUXGP-UHFFFAOYSA-N,1,True,3
B3D_0372,bbb_control_b3db,BBBCTRL_372,chembl142149,C1CCN(CC1)CC2=CC(=CC=C2)OCCCNC3=CC=CC=N3,,,,,,,,,,,,control_positive,logBB,0.69,,,B,BBBCTRL_372,False,True,True,c1ccc(NCCCOc2cccc(CN3CCCCC3)c2)nc1,1,False,0,0,False,False,无改动,325.4560000000001,325.215412484,24,37.39,37.39,3.948500000000003,98.40870000000005,1,4,8,8,3,2,0.45,4,0,0.7458457163327956,0,c1ccc(NCCCOc2cccc(CN3CCCCC3)c2)nc1,C1CCC(CCCCCC2CCCC(CC3CCCCC3)C2)CC1,False,"InChI=1S/C20H27N3O/c1-4-13-23(14-5-1)17-18-8-6-9-19(16-18)24-15-7-12-22-20-10-2-3-11-21-20/h2-3,6,8-11,16H,1,4-5,7,12-15,17H2,(H,21,22)",YLLDMFNSWIGNPW-UHFFFAOYSA-N,YLLDMFNSWIGNPW,0,False,True,False,False,YLLDMFNSWIGNPW-UHFFFAOYSA-N,1,True,1
B3D_0373,bbb_control_b3db,BBBCTRL_373,"1,2,3,4-tetrahydroquinoline",C1CC2=CC=CC=C2NC1,,,,,,,,,,,,control_positive,logBB,0.7,,,B,BBBCTRL_373,False,True,True,c1ccc2c(c1)CCCN2,1,False,0,0,False,False,无改动,133.194,133.089149352,10,12.03,12.03,2.0446999999999997,43.25270000000002,1,1,0,0,2,1,0.3333333333333333,1,0,0.5707621492741191,0,c1ccc2c(c1)CCCN2,C1CCC2CCCCC2C1,False,"InChI=1S/C9H11N/c1-2-6-9-8(4-1)5-3-7-10-9/h1-2,4,6,10H,3,5,7H2",LBUJPTNKIBCYBY-UHFFFAOYSA-N,LBUJPTNKIBCYBY,0,False,False,False,False,LBUJPTNKIBCYBY-UHFFFAOYSA-N,1,True,1
B3D_0374,bbb_control_b3db,BBBCTRL_374,irie-13b,CNC(=O)C1=C(N=C(N=C1OCCO)C#N)NCC2CCC3(CCC3)CC2,,,,,,,,,,,,control_positive,logBB,0.7,,,B,BBBCTRL_374,False,True,True,CNC(=O)c1c(NCC2CCC3(CCC3)CC2)nc(C#N)nc1OCCO,1,False,0,0,False,False,无改动,373.4570000000001,373.211389724,27,120.16000000000001,120.16000000000001,1.8513799999999994,99.44970000000005,3,7,7,8,3,1,0.6842105263157895,8,0,0.6668700346628766,0,c1cc(NCC2CCC3(CCC3)CC2)ncn1,C1CCC(CCC2CCC3(CCC3)CC2)CC1,False,"InChI=1S/C19H27N5O3/c1-21-17(26)15-16(23-14(11-20)24-18(15)27-10-9-25)22-12-13-3-7-19(8-4-13)5-2-6-19/h13,25H,2-10,12H2,1H3,(H,21,26)(H,22,23,24)",YQABUUDNACVDEO-UHFFFAOYSA-N,YQABUUDNACVDEO,0,False,False,False,False,YQABUUDNACVDEO-UHFFFAOYSA-N,1,True,1
B3D_0375,bbb_control_b3db,BBBCTRL_375,quetiapine,C1CN(CCN1CCOCCO)C2=NC3=CC=CC=C3SC4=CC=CC=C42,,,,,,,,,,,,control_positive,logBB,0.7,,,B,BBBCTRL_375,False,True,True,OCCOCCN1CCN(C2=Nc3ccccc3Sc3ccccc32)CC1,1,False,0,0,False,False,无改动,383.51700000000017,383.16674804,27,48.300000000000004,73.60000000000001,2.8560000000000016,109.12180000000004,1,6,5,6,4,2,0.38095238095238093,6,0,0.8048695029648197,0,c1ccc2c(c1)N=C(N1CCNCC1)c1ccccc1S2,C1CCC(C2CC3CCCCC3CC3CCCCC32)CC1,False,"InChI=1S/C21H25N3O2S/c25-14-16-26-15-13-23-9-11-24(12-10-23)21-17-5-1-3-7-19(17)27-20-8-4-2-6-18(20)22-21/h1-8,25H,9-16H2",URKOMYMAXPYINW-UHFFFAOYSA-N,URKOMYMAXPYINW,0,False,True,False,False,URKOMYMAXPYINW-UHFFFAOYSA-N,1,True,1
B3D_0376,bbb_control_b3db,BBBCTRL_376,bms-184111,COC1=CC=CC(=C1)CC2CCN(CC2)C3CCC(CC3)(C4=CC5=C(C=C4)OCO5)OC,,,,,,,,,,,,control_positive,logBB,0.74,,,B,BBBCTRL_376,False,True,True,COc1cccc(CC2CCN(C3CCC(OC)(c4ccc5c(c4)OCO5)CC3)CC2)c1,1,False,0,0,False,False,无改动,437.58000000000027,437.2566086,32,40.160000000000004,40.160000000000004,5.162900000000005,124.50300000000007,0,5,6,6,5,2,0.5555555555555556,5,0,0.6240769112511293,1,c1ccc(CC2CCN(C3CCC(c4ccc5c(c4)OCO5)CC3)CC2)cc1,C1CCC(CC2CCC(C3CCC(C4CCC5CCCC5C4)CC3)CC2)CC1,False,"InChI=1S/C27H35NO4/c1-29-24-5-3-4-21(17-24)16-20-10-14-28(15-11-20)23-8-12-27(30-2,13-9-23)22-6-7-25-26(18-22)32-19-31-25/h3-7,17-18,20,23H,8-16,19H2,1-2H3",TUKCCCSKEZKCLR-UHFFFAOYSA-N,TUKCCCSKEZKCLR,2,False,True,False,False,TUKCCCSKEZKCLR-UHFFFAOYSA-N,1,True,1
B3D_0377,bbb_control_b3db,BBBCTRL_377,climazolam,CC1=NC=C2N1C3=C(C=C(C=C3)Cl)C(=NC2)C4=CC=CC=C4Cl,,,,,,,,,,,,control_positive,logBB,0.74,,,B,BBBCTRL_377,False,True,True,Cc1ncc2n1-c1ccc(Cl)cc1C(c1ccccc1Cl)=NC2,1,False,0,0,False,False,无改动,342.2290000000001,341.04865277600004,23,30.18,30.18,4.838520000000003,94.10600000000002,0,2,1,1,4,3,0.1111111111111111,5,0,0.6224214046569356,0,c1ccc(C2=NCc3cncn3-c3ccccc32)cc1,C1CCC(C2CCC3CCCC3C3CCCCC23)CC1,False,"InChI=1S/C18H13Cl2N3/c1-11-21-9-13-10-22-18(14-4-2-3-5-16(14)20)15-8-12(19)6-7-17(15)23(11)13/h2-9H,10H2,1H3",CHCISLOJADQUNQ-UHFFFAOYSA-N,CHCISLOJADQUNQ,0,False,False,False,False,CHCISLOJADQUNQ-UHFFFAOYSA-N,1,True,3
B3D_0378,bbb_control_b3db,BBBCTRL_378,northioridazine,CSC1=CC2=C(C=C1)SC3=CC=CC=C3N2CCC4CCCNC4,,,,,,,,,,,,control_positive,logBB,0.75,,,B,BBBCTRL_378,False,True,True,CSc1ccc2c(c1)N(CCC1CCCNC1)c1ccccc1S2,1,False,0,0,False,False,无改动,356.55999999999995,356.138090768,24,15.27,65.87,5.400900000000004,106.00470000000004,1,4,4,4,4,2,0.4,4,0,0.7373825043655763,1,c1ccc2c(c1)Sc1ccccc1N2CCC1CCCNC1,C1CCC(CCC2C3CCCCC3CC3CCCCC32)CC1,False,"InChI=1S/C20H24N2S2/c1-23-16-8-9-20-18(13-16)22(12-10-15-5-4-11-21-14-15)17-6-2-3-7-19(17)24-20/h2-3,6-9,13,15,21H,4-5,10-12,14H2,1H3",SXOYTTUKVFYFPB-UHFFFAOYSA-N,SXOYTTUKVFYFPB,1,False,True,False,False,SXOYTTUKVFYFPB-UHFFFAOYSA-N,1,True,1
B3D_0379,bbb_control_b3db,BBBCTRL_379,9b,C1CO[C@H](CN1)C2=NC3=CC=CC=C3N2CC4=CC=C(C=C4)F,,,,,,,,,,,,control_positive,logBB,0.77,,,B,BBBCTRL_379,False,True,True,Fc1ccc(Cn2c([C@H]3CNCCO3)nc3ccccc32)cc1,1,False,0,0,False,False,无改动,311.36,311.143390416,23,39.08,39.08,2.8846000000000007,86.79770000000003,1,3,3,3,4,3,0.2777777777777778,5,0,0.808232838437798,0,c1ccc(Cn2c([C@H]3CNCCO3)nc3ccccc32)cc1,C1CCC(CC2C3CCCCC3CC2C2CCCCC2)CC1,False,"InChI=1S/C18H18FN3O/c19-14-7-5-13(6-8-14)12-22-16-4-2-1-3-15(16)21-18(22)17-11-20-9-10-23-17/h1-8,17,20H,9-12H2/t17-/m1/s1",XFQZALCRWJDNNK-QGZVFWFLSA-N,XFQZALCRWJDNNK,1,False,True,False,False,XFQZALCRWJDNNK-QGZVFWFLSA-N,1,True,2
B3D_0380,bbb_control_b3db,BBBCTRL_380,olanzapine,CC1=CC2=C(NC3=CC=CC=C3N=C2S1)N4CCN(CC4)C,,,,,,,,,,,,control_positive,logBB,0.78,,,B,BBBCTRL_380,False,True,True,Cc1cc2c(s1)=Nc1ccccc1NC=2N1CCN(C)CC1,1,False,0,0,False,False,无改动,312.4420000000001,312.14086764,22,30.870000000000005,59.11,1.7464199999999999,92.03970000000004,1,5,1,1,4,2,0.35294117647058826,5,0,0.8701892005334668,0,c1ccc2c(c1)N=c1sccc1=C(N1CCNCC1)N2,C1CCC(C2CC3CCCCC3CC3CCCC32)CC1,False,"InChI=1S/C17H20N4S/c1-12-11-13-16(21-9-7-20(2)8-10-21)18-14-5-3-4-6-15(14)19-17(13)22-12/h3-6,11,18H,7-10H2,1-2H3",WXPNDRBBWZMPQG-UHFFFAOYSA-N,WXPNDRBBWZMPQG,0,False,True,False,False,WXPNDRBBWZMPQG-UHFFFAOYSA-N,1,True,1
B3D_0381,bbb_control_b3db,BBBCTRL_381,sabeluzole,CN(C1CCN(CC1)CC(COC2=CC=C(C=C2)F)O)C3=NC4=CC=CC=C4S3,,,,,,,,,,,,control_positive,logBB,0.78,,,B,BBBCTRL_381,False,True,True,CN(c1nc2ccccc2s1)C1CCN(CC(O)COc2ccc(F)cc2)CC1,1,False,0,0,False,False,无改动,415.53400000000016,415.17297629199993,29,48.83000000000001,77.07000000000001,3.7759000000000027,115.38680000000005,1,6,7,7,4,3,0.4090909090909091,7,0,0.6365323006108387,0,c1ccc(OCCCN2CCC(Nc3nc4ccccc4s3)CC2)cc1,C1CCC(CCCCC2CCC(CC3CC4CCCCC4C3)CC2)CC1,False,"InChI=1S/C22H26FN3O2S/c1-25(22-24-20-4-2-3-5-21(20)29-22)17-10-12-26(13-11-17)14-18(27)15-28-19-8-6-16(23)7-9-19/h2-9,17-18,27H,10-15H2,1H3",IGMKTIJBFUMVIN-UHFFFAOYSA-N,IGMKTIJBFUMVIN,1,False,True,False,False,IGMKTIJBFUMVIN-UHFFFAOYSA-N,1,True,1
B3D_0382,bbb_control_b3db,BBBCTRL_382,515141-51-2,COC1=C(C=CC(=C1)N2C=NC3=C(C2=O)SC(=C3)C4=CC=C(C=C4)Cl)OCCN5CCCC5,,,,,,,,,,,,control_positive,logBB,0.78,,,B,BBBCTRL_382,False,True,True,COc1cc(-n2cnc3cc(-c4ccc(Cl)cc4)sc3c2=O)ccc1OCCN1CCCC1,1,False,0,0,False,False,无改动,482.0050000000004,481.12269030799996,33,56.59000000000001,84.83,5.250800000000005,133.384,0,6,7,7,5,4,0.28,8,0,0.36055645049680163,1,O=c1c2sc(-c3ccccc3)cc2ncn1-c1ccc(OCCN2CCCC2)cc1,CC1C(C2CCC(CCCC3CCCC3)CC2)CCC2CC(C3CCCCC3)CC21,False,"InChI=1S/C25H24ClN3O3S/c1-31-22-14-19(8-9-21(22)32-13-12-28-10-2-3-11-28)29-16-27-20-15-23(33-24(20)25(29)30)17-4-6-18(26)7-5-17/h4-9,14-16H,2-3,10-13H2,1H3",MWULMTACIBZPGN-UHFFFAOYSA-N,MWULMTACIBZPGN,0,False,True,False,False,MWULMTACIBZPGN-UHFFFAOYSA-N,1,True,1
B3D_0383,bbb_control_b3db,BBBCTRL_383,northioridazine,CSC1=CC2=C(C=C1)SC3=CC=CC=C3N2CCC4CCCCN4,,,,,,,,,,,,control_positive,logBB,0.8,,,B,BBBCTRL_383,False,True,True,CSc1ccc2c(c1)N(CCC1CCCCN1)c1ccccc1S2,1,False,0,0,False,False,无改动,356.55999999999995,356.138090768,24,15.27,65.87,5.543400000000004,106.05270000000004,1,4,4,4,4,2,0.4,4,0,0.7228054639540985,1,c1ccc2c(c1)Sc1ccccc1N2CCC1CCCCN1,C1CCC(CCC2C3CCCCC3CC3CCCCC32)CC1,False,"InChI=1S/C20H24N2S2/c1-23-16-9-10-20-18(14-16)22(13-11-15-6-4-5-12-21-15)17-7-2-3-8-19(17)24-20/h2-3,7-10,14-15,21H,4-6,11-13H2,1H3",UFDCSHQNNVQXAS-UHFFFAOYSA-N,UFDCSHQNNVQXAS,1,False,True,False,False,UFDCSHQNNVQXAS-UHFFFAOYSA-N,1,True,3
B3D_0384,bbb_control_b3db,BBBCTRL_384,loxapine,CN1CCN(CC1)C2=NC3=CC=CC=C3OC4=C2C=C(C=C4)Cl,,,,,,,,,,,,control_positive,logBB,0.8,,,B,BBBCTRL_384,False,True,True,CN1CCN(C2=Nc3ccccc3Oc3ccc(Cl)cc32)CC1,1,False,0,0,False,False,无改动,327.8150000000001,327.113839876,23,28.07,28.07,3.7714000000000025,93.23500000000006,0,4,0,1,4,2,0.2777777777777778,5,0,0.736992877851952,0,c1ccc2c(c1)N=C(N1CCNCC1)c1ccccc1O2,C1CCC(C2CC3CCCCC3CC3CCCCC32)CC1,False,"InChI=1S/C18H18ClN3O/c1-21-8-10-22(11-9-21)18-14-12-13(19)6-7-16(14)23-17-5-3-2-4-15(17)20-18/h2-7,12H,8-11H2,1H3",XJGVXQDUIWGIRW-UHFFFAOYSA-N,XJGVXQDUIWGIRW,0,False,True,False,False,XJGVXQDUIWGIRW-UHFFFAOYSA-N,1,True,2
B3D_0385,bbb_control_b3db,BBBCTRL_385,mchr antagonist 23c,CCC1=CC=C(C=C1)C2=CC=C(C=C2)C(=O)N(C)C3CCN(C3)C(=O)N4CCC(C4)N5CCCCC5,,,,,,,,,,,,control_positive,logBB,0.81,,,B,BBBCTRL_385,False,True,True,CCc1ccc(-c2ccc(C(=O)N(C)C3CCN(C(=O)N4CCC(N5CCCCC5)C4)C3)cc2)cc1,1,False,0,0,False,False,无改动,488.6760000000004,488.31512652000004,36,47.10000000000001,47.10000000000001,4.742500000000004,144.12549999999985,0,3,5,8,5,2,0.5333333333333333,6,0,0.6107067207845236,0,O=C(NC1CCN(C(=O)N2CCC(N3CCCCC3)C2)C1)c1ccc(-c2ccccc2)cc1,CC(CC1CCC(C(C)C2CCC(C3CCCCC3)C2)C1)C1CCC(C2CCCCC2)CC1,False,"InChI=1S/C30H40N4O2/c1-3-23-7-9-24(10-8-23)25-11-13-26(14-12-25)29(35)31(2)27-15-19-33(21-27)30(36)34-20-16-28(22-34)32-17-5-4-6-18-32/h7-14,27-28H,3-6,15-22H2,1-2H3",CIPAOWLQTIPSII-UHFFFAOYSA-N,CIPAOWLQTIPSII,2,False,True,False,False,CIPAOWLQTIPSII-UHFFFAOYSA-N,1,True,1
B3D_0386,bbb_control_b3db,BBBCTRL_386,metoprine,CC1=C(C(=NC(=N1)N)N)C2=CC(=C(C=C2)Cl)Cl,,,,,,,,,,,,control_positive,logBB,0.81,,,B,BBBCTRL_386,False,True,True,Cc1nc(N)nc(N)c1-c1ccc(Cl)c(Cl)c1,1,False,0,0,False,False,无改动,269.135,268.02825168,17,77.82,77.82,2.9232200000000006,71.0498,2,4,1,1,2,2,0.09090909090909091,6,0,0.8338455327068534,0,c1ccc(-c2cncnc2)cc1,C1CCC(C2CCCCC2)CC1,False,"InChI=1S/C11H10Cl2N4/c1-5-9(10(14)17-11(15)16-5)6-2-3-7(12)8(13)4-6/h2-4H,1H3,(H4,14,15,16,17)",VQJHOPSWBGJHQS-UHFFFAOYSA-N,VQJHOPSWBGJHQS,0,False,False,False,False,VQJHOPSWBGJHQS-UHFFFAOYSA-N,1,True,3
B3D_0387,bbb_control_b3db,BBBCTRL_387,( + )-4-fluorotranylcypromine,C1[C@@H]([C@H]1N)C2=CC=C(C=C2)F,,,,,,,,,,,,control_positive,logBB,0.81,,,B,BBBCTRL_387,False,True,True,N[C@H]1C[C@@H]1c1ccc(F)cc1,1,False,0,0,False,False,无改动,151.184,151.07972754,11,26.02,26.02,1.6402999999999999,41.733400000000024,1,1,1,1,2,1,0.3333333333333333,2,0,0.6483632162564004,0,c1ccc(C2CC2)cc1,C1CCC(C2CC2)CC1,False,"InChI=1S/C9H10FN/c10-7-3-1-6(2-4-7)8-5-9(8)11/h1-4,8-9H,5,11H2/t8-,9+/m1/s1",GTYFDGYGRFJTKJ-BDAKNGLRSA-N,GTYFDGYGRFJTKJ,2,False,True,False,False,GTYFDGYGRFJTKJ-BDAKNGLRSA-N,1,True,1
B3D_0388,bbb_control_b3db,BBBCTRL_388,org4428,CC1=C2C(=CC=C1)C3CN(CCC3(C4=CC=CC=C4O2)O)C,,,,,,,,,,,,control_positive,logBB,0.82,,,B,BBBCTRL_388,False,True,True,Cc1cccc2c1Oc1ccccc1C1(O)CCN(C)CC21,1,False,0,0,False,False,无改动,295.38200000000006,295.15722891200005,22,32.7,32.7,3.4076200000000023,86.44680000000004,1,3,0,0,4,2,0.3684210526315789,3,0,0.8082366349098745,0,c1ccc2c(c1)Oc1ccccc1C1CNCCC21,C1CCC2C(C1)CC1CCCCC1C1CCCCC21,False,"InChI=1S/C19H21NO2/c1-13-6-5-7-14-16-12-20(2)11-10-19(16,21)15-8-3-4-9-17(15)22-18(13)14/h3-9,16,21H,10-12H2,1-2H3",RPMDQAYGQBREBS-UHFFFAOYSA-N,RPMDQAYGQBREBS,2,False,True,False,False,RPMDQAYGQBREBS-UHFFFAOYSA-N,1,True,3
B3D_0389,bbb_control_b3db,BBBCTRL_389,butaperazine,CCCC(=O)C1=CC2=C(C=C1)SC3=CC=CC=C3N2CCCN4CCN(CC4)C,,,,,,,,,,,,control_positive,logBB,0.83,,,B,BBBCTRL_389,False,True,True,CCCC(=O)c1ccc2c(c1)N(CCCN1CCN(C)CC1)c1ccccc1S2,1,False,0,0,False,False,无改动,409.5990000000001,409.218783612,29,26.790000000000006,52.09,4.909600000000005,121.80550000000005,0,5,7,7,4,2,0.4583333333333333,5,0,0.6057477084201054,0,c1ccc2c(c1)Sc1ccccc1N2CCCN1CCNCC1,C1CCC(CCCC2C3CCCCC3CC3CCCCC32)CC1,False,"InChI=1S/C24H31N3OS/c1-3-7-22(28)19-10-11-24-21(18-19)27(20-8-4-5-9-23(20)29-24)13-6-12-26-16-14-25(2)15-17-26/h4-5,8-11,18H,3,6-7,12-17H2,1-2H3",DVLBYTMYSMAKHP-UHFFFAOYSA-N,DVLBYTMYSMAKHP,0,False,True,False,False,DVLBYTMYSMAKHP-UHFFFAOYSA-N,1,True,4
B3D_0390,bbb_control_b3db,BBBCTRL_390,melperone,CC1CCN(CC1)CCCC(=O)C2=CC=C(C=C2)F,,,,,,,,,,,,control_positive,logBB,0.83,,,B,BBBCTRL_390,False,True,True,CC1CCN(CCCC(=O)c2ccc(F)cc2)CC1,1,False,0,0,False,False,无改动,263.356,263.168542544,19,20.310000000000002,20.310000000000002,3.520500000000003,74.80250000000004,0,2,5,5,2,1,0.5625,3,0,0.7575355295986883,0,O=C(CCCN1CCCCC1)c1ccccc1,CC(CCCC1CCCCC1)C1CCCCC1,False,"InChI=1S/C16H22FNO/c1-13-8-11-18(12-9-13)10-2-3-16(19)14-4-6-15(17)7-5-14/h4-7,13H,2-3,8-12H2,1H3",DKMFBWQBDIGMHM-UHFFFAOYSA-N,DKMFBWQBDIGMHM,0,False,True,False,False,DKMFBWQBDIGMHM-UHFFFAOYSA-N,1,True,1
B3D_0391,bbb_control_b3db,BBBCTRL_391,mchr antagonist 19,C1CN(CCC1NC2=NNC3=C2C=C(C=C3)Cl)CC4=CC5=C(C=C4)OCO5,,,,,,,,,,,,control_positive,logBB,0.83,,,B,BBBCTRL_391,False,True,True,Clc1ccc2[nH]nc(NC3CCN(Cc4ccc5c(c4)OCO5)CC3)c2c1,1,False,0,0,False,False,无改动,384.86700000000025,384.13530359199996,27,62.41000000000001,62.41000000000001,4.021500000000003,105.59040000000005,2,5,4,4,5,3,0.35,7,0,0.7109124325641663,0,c1ccc2c(NC3CCN(Cc4ccc5c(c4)OCO5)CC3)n[nH]c2c1,C1CC2CCC(CC3CCC(CC4CCC5CCCCC54)CC3)CC2C1,False,"InChI=1S/C20H21ClN4O2/c21-14-2-3-17-16(10-14)20(24-23-17)22-15-5-7-25(8-6-15)11-13-1-4-18-19(9-13)27-12-26-18/h1-4,9-10,15H,5-8,11-12H2,(H2,22,23,24)",QJWWTNKROISUSJ-UHFFFAOYSA-N,QJWWTNKROISUSJ,0,False,True,False,False,QJWWTNKROISUSJ-UHFFFAOYSA-N,1,True,2
B3D_0392,bbb_control_b3db,BBBCTRL_392,meperidine,CCOC(=O)C1(CCN(CC1)C)C2=CC=CC=C2,,,,,,,,,,,,control_positive,logBB,0.85,,,B,BBBCTRL_392,False,True,True,CCOC(=O)C1(c2ccccc2)CCN(C)CC1,1,False,0,0,False,False,无改动,247.33799999999994,247.157228912,18,29.54,29.54,2.2131,71.48400000000005,0,3,3,4,2,1,0.5333333333333333,3,0,0.7669944339918414,0,c1ccc(C2CCNCC2)cc1,C1CCC(C2CCCCC2)CC1,False,"InChI=1S/C15H21NO2/c1-3-18-14(17)15(9-11-16(2)12-10-15)13-7-5-4-6-8-13/h4-8H,3,9-12H2,1-2H3",XADCESSVHJOZHK-UHFFFAOYSA-N,XADCESSVHJOZHK,0,False,True,False,False,XADCESSVHJOZHK-UHFFFAOYSA-N,1,True,1
B3D_0393,bbb_control_b3db,BBBCTRL_393,biperiden,C1CCN(CC1)CCC(C2CC3CC2C=C3)(C4=CC=CC=C4)O,,,,,,,,,,,,control_positive,logBB,0.85,,,B,BBBCTRL_393,False,True,True,OC(CCN1CCCCC1)(c1ccccc1)C1CC2C=CC1C2,1,False,0,0,False,False,无改动,311.46900000000005,311.224914548,23,23.47,23.47,3.9624000000000033,94.09080000000006,1,2,5,5,4,1,0.6190476190476191,2,0,0.8320193452810374,0,C1=CC2CC1CC2C(CCN1CCCCC1)c1ccccc1,C1CCC(CCC(C2CCCCC2)C2CC3CCC2C3)CC1,False,"InChI=1S/C21H29NO/c23-21(19-7-3-1-4-8-19,11-14-22-12-5-2-6-13-22)20-16-17-9-10-18(20)15-17/h1,3-4,7-10,17-18,20,23H,2,5-6,11-16H2",YSXKPIUOCJLQIE-UHFFFAOYSA-N,YSXKPIUOCJLQIE,4,False,True,False,False,YSXKPIUOCJLQIE-UHFFFAOYSA-N,1,True,1
B3D_0394,bbb_control_b3db,BBBCTRL_394,pfizer compound 21,CC(C)(C)C1=NC2=C(S1)C=C(C(=C2)CNC3CCCNC3C4=CC=CC=C4)OC,,,,,,,,,,,,control_positive,logBB,0.85,,,B,BBBCTRL_394,False,True,True,COc1cc2sc(C(C)(C)C)nc2cc1CNC1CCCNC1c1ccccc1,1,False,0,0,False,False,无改动,409.59900000000016,409.21878361200004,29,46.18,74.42,5.185300000000004,121.91940000000004,2,5,5,6,4,3,0.4583333333333333,5,0,0.6090534817679251,1,c1ccc(C2NCCCC2NCc2ccc3scnc3c2)cc1,C1CCC(C2CCCCC2CCC2CCC3CCCC3C2)CC1,False,"InChI=1S/C24H31N3OS/c1-24(2,3)23-27-19-13-17(20(28-4)14-21(19)29-23)15-26-18-11-8-12-25-22(18)16-9-6-5-7-10-16/h5-7,9-10,13-14,18,22,25-26H,8,11-12,15H2,1-4H3",MWPSBQJNIFMXHL-UHFFFAOYSA-N,MWPSBQJNIFMXHL,2,False,True,False,False,MWPSBQJNIFMXHL-UHFFFAOYSA-N,1,True,3
B3D_0395,bbb_control_b3db,BBBCTRL_395,145742-22-9,C1CC(C(NC1)C2=CC=CC=C2)NCC3=C(C=CC(=C3)OC(F)(F)F)OC(F)F,,,,,,,,,,,,control_positive,logBB,0.88,,,B,BBBCTRL_395,False,True,True,FC(F)Oc1ccc(OC(F)(F)F)cc1CNC1CCCNC1c1ccccc1,1,False,0,0,False,False,无改动,416.3900000000001,416.1523190120001,29,42.52,42.52,4.769500000000003,96.80440000000003,2,4,7,8,3,2,0.4,9,0,0.638537341422838,0,c1ccc(CNC2CCCNC2c2ccccc2)cc1,C1CCC(CCC2CCCCC2C2CCCCC2)CC1,False,"InChI=1S/C20H21F5N2O2/c21-19(22)28-17-9-8-15(29-20(23,24)25)11-14(17)12-27-16-7-4-10-26-18(16)13-5-2-1-3-6-13/h1-3,5-6,8-9,11,16,18-19,26-27H,4,7,10,12H2",SZJWAICDHPWWKL-UHFFFAOYSA-N,SZJWAICDHPWWKL,2,False,True,False,False,SZJWAICDHPWWKL-UHFFFAOYSA-N,1,True,3
B3D_0396,bbb_control_b3db,BBBCTRL_396,chembl1935446,C1CS[C@H](CN1)C2=NC3=CC=CC=C3N2CC4=CC=C(C=C4)F,,,,,,,,,,,,control_positive,logBB,0.89,,,B,BBBCTRL_396,False,True,True,Fc1ccc(Cn2c([C@H]3CNCCS3)nc3ccccc32)cc1,1,False,0,0,False,False,无改动,327.42800000000005,327.120546796,23,29.85,55.150000000000006,3.601200000000002,93.30370000000003,1,3,3,3,4,3,0.2777777777777778,5,0,0.7970036531120832,0,c1ccc(Cn2c([C@H]3CNCCS3)nc3ccccc32)cc1,C1CCC(CC2C3CCCCC3CC2C2CCCCC2)CC1,False,"InChI=1S/C18H18FN3S/c19-14-7-5-13(6-8-14)12-22-16-4-2-1-3-15(16)21-18(22)17-11-20-9-10-23-17/h1-8,17,20H,9-12H2/t17-/m1/s1",SWFSQSZMVIJILA-QGZVFWFLSA-N,SWFSQSZMVIJILA,1,False,True,False,False,SWFSQSZMVIJILA-QGZVFWFLSA-N,1,True,1
B3D_0397,bbb_control_b3db,BBBCTRL_397,methylcyclopentane,CC1CCCC1,,,,,,,,,,,,control_positive,logBB,0.9,,,B,BBBCTRL_397,False,True,True,CC1CCCC1,1,False,0,0,False,False,无改动,84.162,84.093900384,6,0.0,0.0,2.1965000000000003,27.631999999999984,0,0,0,0,1,0,1.0,0,0,0.42179147361668384,0,C1CCCC1,C1CCCC1,False,"InChI=1S/C6H12/c1-6-4-2-3-5-6/h6H,2-5H2,1H3",GDOPTJXRTPNYNR-UHFFFAOYSA-N,GDOPTJXRTPNYNR,0,False,False,False,False,GDOPTJXRTPNYNR-UHFFFAOYSA-N,1,True,2
B3D_0398,bbb_control_b3db,BBBCTRL_398,am-36,CC(C)(C)C1=CC(=CC(=C1O)C(C)(C)C)CN2CCN(CC2)CC(C3=CC=C(C=C3)Cl)O,,,,,,,,,,,,control_positive,logBB,0.91,,,B,BBBCTRL_398,False,True,True,CC(C)(C)c1cc(CN2CCN(CC(O)c3ccc(Cl)cc3)CC2)cc(C(C)(C)C)c1O,1,False,0,0,False,False,无改动,459.07400000000024,458.270006168,32,46.94,46.94,5.491800000000008,133.6356,2,4,5,7,3,2,0.5555555555555556,5,0,0.6212818599660579,1,c1ccc(CCN2CCN(Cc3ccccc3)CC2)cc1,C1CCC(CCC2CCC(CC3CCCCC3)CC2)CC1,False,"InChI=1S/C27H39ClN2O2/c1-26(2,3)22-15-19(16-23(25(22)32)27(4,5)6)17-29-11-13-30(14-12-29)18-24(31)20-7-9-21(28)10-8-20/h7-10,15-16,24,31-32H,11-14,17-18H2,1-6H3",ZGSFWANJADAZQC-UHFFFAOYSA-N,ZGSFWANJADAZQC,1,False,True,False,False,ZGSFWANJADAZQC-UHFFFAOYSA-N,1,True,1
B3D_0399,bbb_control_b3db,BBBCTRL_399,(e)-tamoxifen,CC/C(=C(/C1=CC=CC=C1)\C2=CC=C(C=C2)OCCN(C)C)/C3=CC=CC=C3,,,,,,,,,,,,control_positive,logBB,0.92,,,B,BBBCTRL_399,False,True,True,CC/C(=C(/c1ccccc1)c1ccc(OCCN(C)C)cc1)c1ccccc1,1,False,0,0,False,False,无改动,371.524,371.224914548,28,12.47,12.47,5.9961000000000055,119.58200000000004,0,2,8,8,3,3,0.23076923076923078,2,0,0.4505726789966775,1,C(=C(c1ccccc1)c1ccccc1)c1ccccc1,C1CCC(CC(C2CCCCC2)C2CCCCC2)CC1,False,"InChI=1S/C26H29NO/c1-4-25(21-11-7-5-8-12-21)26(22-13-9-6-10-14-22)23-15-17-24(18-16-23)28-20-19-27(2)3/h5-18H,4,19-20H2,1-3H3/b26-25+",NKANXQFJJICGDU-OCEACIFDSA-N,NKANXQFJJICGDU,0,False,True,False,False,NKANXQFJJICGDU-OCEACIFDSA-N,1,True,2
B3D_0400,bbb_control_b3db,BBBCTRL_400,"2-[4-(1,2-diphenylbut-1-enyl)phenoxy]-n,n-dimethylethanamine",CCC(=C(C1=CC=CC=C1)C2=CC=C(C=C2)OCCN(C)C)C3=CC=CC=C3,,,,,,,,,,,,control_positive,logBB,0.92,,,B,BBBCTRL_400,False,True,True,CCC(=C(c1ccccc1)c1ccc(OCCN(C)C)cc1)c1ccccc1,1,False,0,0,False,False,无改动,371.524,371.224914548,28,12.47,12.47,5.9961000000000055,119.58200000000004,0,2,8,8,3,3,0.23076923076923078,2,0,0.4505726789966775,1,C(=C(c1ccccc1)c1ccccc1)c1ccccc1,C1CCC(CC(C2CCCCC2)C2CCCCC2)CC1,False,"InChI=1S/C26H29NO/c1-4-25(21-11-7-5-8-12-21)26(22-13-9-6-10-14-22)23-15-17-24(18-16-23)28-20-19-27(2)3/h5-18H,4,19-20H2,1-3H3",NKANXQFJJICGDU-UHFFFAOYSA-N,NKANXQFJJICGDU,0,False,True,False,False,NKANXQFJJICGDU-UHFFFAOYSA-N,1,True,2
B3D_0401,bbb_control_b3db,BBBCTRL_401,pfizer compound 8,CC(C)C1=CC(=C(C=C1)OC)CNC2CCCNC2C3=CC=CC=C3,,,,,,,,,,,,control_positive,logBB,0.92,,,B,BBBCTRL_401,False,True,True,COc1ccc(C(C)C)cc1CNC1CCCNC1c1ccccc1,1,False,0,0,False,False,无改动,338.495,338.23581357999996,25,33.29,33.29,4.401500000000003,104.13040000000005,2,3,6,6,3,2,0.45454545454545453,3,0,0.8188028137792353,0,c1ccc(CNC2CCCNC2c2ccccc2)cc1,C1CCC(CCC2CCCCC2C2CCCCC2)CC1,False,"InChI=1S/C22H30N2O/c1-16(2)18-11-12-21(25-3)19(14-18)15-24-20-10-7-13-23-22(20)17-8-5-4-6-9-17/h4-6,8-9,11-12,14,16,20,22-24H,7,10,13,15H2,1-3H3",ZXKCJYJNJMQSIK-UHFFFAOYSA-N,ZXKCJYJNJMQSIK,2,False,True,False,False,ZXKCJYJNJMQSIK-UHFFFAOYSA-N,1,True,3
B3D_0402,bbb_control_b3db,BBBCTRL_402,amphetamine,CC(CC1=CC=CC=C1)N,,,,,,,,,,,,control_positive,logBB,0.93,,,B,BBBCTRL_402,False,True,True,CC(N)Cc1ccccc1,1,False,0,0,False,False,无改动,135.20999999999998,135.104799416,10,26.02,26.02,1.5763,43.79540000000002,1,1,2,2,1,1,0.3333333333333333,1,0,0.6542162175383444,0,c1ccccc1,C1CCCCC1,False,"InChI=1S/C9H13N/c1-8(10)7-9-5-3-2-4-6-9/h2-6,8H,7,10H2,1H3",KWTSXDURSIMDCE-UHFFFAOYSA-N,KWTSXDURSIMDCE,1,False,True,False,False,KWTSXDURSIMDCE-UHFFFAOYSA-N,1,True,14
B3D_0403,bbb_control_b3db,BBBCTRL_403,methylcyclohexane,CC1CCCCC1,,,,,,,,,,,,control_positive,logBB,0.96,,,B,BBBCTRL_403,False,True,True,CC1CCCCC1,1,False,0,0,False,False,无改动,98.18900000000001,98.109550448,7,0.0,0.0,2.5866000000000007,32.24899999999998,0,0,0,0,1,0,1.0,0,0,0.43656953206962734,0,C1CCCCC1,C1CCCCC1,False,"InChI=1S/C7H14/c1-7-5-3-2-4-6-7/h7H,2-6H2,1H3",UAEPNZWRGJTJPN-UHFFFAOYSA-N,UAEPNZWRGJTJPN,0,False,False,False,False,UAEPNZWRGJTJPN-UHFFFAOYSA-N,1,True,4
B3D_0404,bbb_control_b3db,BBBCTRL_404,2095-17-2,C1=CC=C2C(=C1)N(C3=C(S2)C=CC(=C3)Cl)CCCN,,,,,,,,,,,,control_positive,logBB,0.97,,,B,BBBCTRL_404,False,True,True,NCCCN1c2ccccc2Sc2ccc(Cl)cc21,1,False,0,0,False,False,无改动,290.819,290.06444716000004,19,29.259999999999998,54.56,4.291500000000003,82.69440000000004,1,3,3,3,3,2,0.2,4,0,0.9141108034033433,0,c1ccc2c(c1)Nc1ccccc1S2,C1CCC2CC3CCCCC3CC2C1,False,"InChI=1S/C15H15ClN2S/c16-11-6-7-15-13(10-11)18(9-3-8-17)12-4-1-2-5-14(12)19-15/h1-2,4-7,10H,3,8-9,17H2",ZTQZBABFEUDZFE-UHFFFAOYSA-N,ZTQZBABFEUDZFE,0,False,True,False,False,ZTQZBABFEUDZFE-UHFFFAOYSA-N,1,True,3
B3D_0405,bbb_control_b3db,BBBCTRL_405,pfizer compound 6,CC(C)(C)C1=CC(=C(C=C1)OC)CNC2CCCNC2C3=CC=CC=C3,,,,,,,,,,,,control_positive,logBB,0.98,,,B,BBBCTRL_405,False,True,True,COc1ccc(C(C)(C)C)cc1CNC1CCCNC1c1ccccc1,1,False,0,0,False,False,无改动,352.522,352.25146364399995,26,33.29,33.29,4.575600000000003,108.74140000000006,2,3,5,6,3,2,0.4782608695652174,3,0,0.8264994872271749,0,c1ccc(CNC2CCCNC2c2ccccc2)cc1,C1CCC(CCC2CCCCC2C2CCCCC2)CC1,False,"InChI=1S/C23H32N2O/c1-23(2,3)19-12-13-21(26-4)18(15-19)16-25-20-11-8-14-24-22(20)17-9-6-5-7-10-17/h5-7,9-10,12-13,15,20,22,24-25H,8,11,14,16H2,1-4H3",JPQLYXMJKNOOIS-UHFFFAOYSA-N,JPQLYXMJKNOOIS,2,False,True,False,False,JPQLYXMJKNOOIS-UHFFFAOYSA-N,1,True,3
B3D_0406,bbb_control_b3db,BBBCTRL_406,"4-iodo-alpha,alpha'- dipiperidino-m-xylene",C1CCN(CC1)CC2=CC(=C(C=C2)I)CN3CCCCC3,,,,,,,,,,,,control_positive,logBB,0.98,,,B,BBBCTRL_406,False,True,True,Ic1ccc(CN2CCCCC2)cc1CN1CCCCC1,1,False,0,0,False,False,无改动,398.33200000000033,398.12189686400006,21,6.48,6.48,4.2630000000000035,97.41500000000005,0,2,4,4,3,1,0.6666666666666666,3,0,0.6996662109777194,0,c1cc(CN2CCCCC2)cc(CN2CCCCC2)c1,C1CCC(CC2CCCC(CC3CCCCC3)C2)CC1,False,"InChI=1S/C18H27IN2/c19-18-8-7-16(14-20-9-3-1-4-10-20)13-17(18)15-21-11-5-2-6-12-21/h7-8,13H,1-6,9-12,14-15H2",OXQSHUAYKOAHPF-UHFFFAOYSA-N,OXQSHUAYKOAHPF,0,False,True,False,False,OXQSHUAYKOAHPF-UHFFFAOYSA-N,1,True,1
B3D_0407,bbb_control_b3db,BBBCTRL_407,trimipramine,CC(CN1C2=CC=CC=C2CCC3=CC=CC=C31)CN(C)C,,,,,,,,,,,,control_positive,logBB,0.99,,,B,BBBCTRL_407,False,True,True,CC(CN(C)C)CN1c2ccccc2CCc2ccccc21,1,False,0,0,False,False,无改动,294.442,294.209598832,22,6.48,6.48,4.121000000000003,95.01600000000006,0,2,4,4,3,2,0.4,2,0,0.8366473557753505,0,c1ccc2c(c1)CCc1ccccc1N2,C1CCC2CC3CCCCC3CCC2C1,False,"InChI=1S/C20H26N2/c1-16(14-21(2)3)15-22-19-10-6-4-8-17(19)12-13-18-9-5-7-11-20(18)22/h4-11,16H,12-15H2,1-3H3",ZSCDBOWYZJWBIY-UHFFFAOYSA-N,ZSCDBOWYZJWBIY,1,False,True,False,False,ZSCDBOWYZJWBIY-UHFFFAOYSA-N,1,True,3
B3D_0408,bbb_control_b3db,BBBCTRL_408,24219-97-4,CN1CCN2C(C1)C3=CC=CC=C3CC4=CC=CC=C42,,,,,,,,,,,,control_positive,logBB,0.99,,,B,BBBCTRL_408,False,True,True,CN1CCN2c3ccccc3Cc3ccccc3C2C1,1,False,0,0,False,False,无改动,264.372,264.16264864,20,6.48,6.48,3.0839000000000016,83.27400000000006,0,2,0,0,4,2,0.3333333333333333,2,0,0.7212588245608211,0,c1ccc2c(c1)Cc1ccccc1N1CCNCC21,C1CCC2C(C1)CC1CCCCC1C1CCCCC21,False,"InChI=1S/C18H20N2/c1-19-10-11-20-17-9-5-3-7-15(17)12-14-6-2-4-8-16(14)18(20)13-19/h2-9,18H,10-13H2,1H3",UEQUQVLFIPOEMF-UHFFFAOYSA-N,UEQUQVLFIPOEMF,1,False,True,False,False,UEQUQVLFIPOEMF-UHFFFAOYSA-N,1,True,1
B3D_0409,bbb_control_b3db,BBBCTRL_409,2-methylpentane (isohexane),CCCC(C)C,,,,,,,,,,,,control_positive,logBB,1.0,,,B,BBBCTRL_409,False,True,True,CCCC(C)C,1,False,0,0,False,False,无改动,86.178,86.109550448,6,0.0,0.0,2.442500000000001,29.74599999999998,0,0,2,2,0,0,1.0,0,0,0.4838902980848686,0,,,True,"InChI=1S/C6H14/c1-4-5-6(2)3/h6H,4-5H2,1-3H3",AFABGHUZZDYHJO-UHFFFAOYSA-N,AFABGHUZZDYHJO,0,False,False,False,False,AFABGHUZZDYHJO-UHFFFAOYSA-N,1,True,5
B3D_0410,bbb_control_b3db,BBBCTRL_410,tertbutylchlorambucil,CC(C)(C)OC(=O)CCCC1=CC=C(C=C1)N(CCCl)CCCl,,,,,,,,,,,,control_positive,logBB,1.0,,,B,BBBCTRL_410,False,True,True,CC(C)(C)OC(=O)CCCc1ccc(N(CCCl)CCCl)cc1,1,False,0,0,False,False,无改动,360.32500000000005,359.141884464,23,29.54,29.54,4.635000000000004,98.87800000000006,0,3,9,11,1,1,0.6111111111111112,5,0,0.4748208495574166,0,c1ccccc1,C1CCCCC1,False,"InChI=1S/C18H27Cl2NO2/c1-18(2,3)23-17(22)6-4-5-15-7-9-16(10-8-15)21(13-11-19)14-12-20/h7-10H,4-6,11-14H2,1-3H3",SZXDOYFHSIIZCF-UHFFFAOYSA-N,SZXDOYFHSIIZCF,0,False,False,False,False,SZXDOYFHSIIZCF-UHFFFAOYSA-N,1,True,14
B3D_0411,bbb_control_b3db,BBBCTRL_411,"2,2-dimethylbutane",CCC(C)(C)C,,,,,,,,,,,,control_positive,logBB,1.0,,,B,BBBCTRL_411,False,True,True,CCC(C)(C)C,1,False,0,0,False,False,无改动,86.17799999999998,86.109550448,6,0.0,0.0,2.442500000000001,29.74599999999998,0,0,0,1,0,0,1.0,0,0,0.4244820558666797,0,,,True,"InChI=1S/C6H14/c1-5-6(2,3)4/h5H2,1-4H3",HNRMPXKDFBEGFZ-UHFFFAOYSA-N,HNRMPXKDFBEGFZ,0,False,False,False,False,HNRMPXKDFBEGFZ-UHFFFAOYSA-N,1,True,5
B3D_0412,bbb_control_b3db,BBBCTRL_412,3-methylpentane,CCC(C)CC,,,,,,,,,,,,control_positive,logBB,1.0,,,B,BBBCTRL_412,False,True,True,CCC(C)CC,1,False,0,0,False,False,无改动,86.178,86.109550448,6,0.0,0.0,2.442500000000001,29.74599999999998,0,0,2,2,0,0,1.0,0,0,0.4838902980848686,0,,,True,"InChI=1S/C6H14/c1-4-6(3)5-2/h6H,4-5H2,1-3H3",PFEOZHBOMNWTJB-UHFFFAOYSA-N,PFEOZHBOMNWTJB,0,False,False,False,False,PFEOZHBOMNWTJB-UHFFFAOYSA-N,1,True,5
B3D_0413,bbb_control_b3db,BBBCTRL_413,doxepin,CN(C)CC/C=C/1\C2=CC=CC=C2COC3=CC=CC=C31,,,,,,,,,,,,control_positive,logBB,1.0,,,B,BBBCTRL_413,False,True,True,CN(C)CC/C=C1\c2ccccc2COc2ccccc21,1,False,0,0,False,False,无改动,279.383,279.162314292,21,12.47,12.47,3.9624000000000033,87.46600000000005,0,2,3,3,3,2,0.2631578947368421,2,0,0.8428637069733037,0,C=C1c2ccccc2COc2ccccc21,CC1C2CCCCC2CCC2CCCCC21,False,"InChI=1S/C19H21NO/c1-20(2)13-7-11-17-16-9-4-3-8-15(16)14-21-19-12-6-5-10-18(17)19/h3-6,8-12H,7,13-14H2,1-2H3/b17-11+",ODQWQRRAPPTVAG-GZTJUZNOSA-N,ODQWQRRAPPTVAG,0,False,True,False,False,ODQWQRRAPPTVAG-GZTJUZNOSA-N,1,True,2
B3D_0414,bbb_control_b3db,BBBCTRL_414,doxepin,CN(C)CCC=C1C2=CC=CC=C2COC3=CC=CC=C31,,,,,,,,,,,,control_positive,logBB,1.0,,,B,BBBCTRL_414,False,True,True,CN(C)CCC=C1c2ccccc2COc2ccccc21,1,False,0,0,False,False,无改动,279.383,279.162314292,21,12.47,12.47,3.9624000000000033,87.46600000000005,0,2,3,3,3,2,0.2631578947368421,2,0,0.8428637069733037,0,C=C1c2ccccc2COc2ccccc21,CC1C2CCCCC2CCC2CCCCC21,False,"InChI=1S/C19H21NO/c1-20(2)13-7-11-17-16-9-4-3-8-15(16)14-21-19-12-6-5-10-18(17)19/h3-6,8-12H,7,13-14H2,1-2H3",ODQWQRRAPPTVAG-UHFFFAOYSA-N,ODQWQRRAPPTVAG,0,False,True,False,False,ODQWQRRAPPTVAG-UHFFFAOYSA-N,1,True,2
B3D_0415,bbb_control_b3db,BBBCTRL_415,acmc-20dhn6,CC12CCN(C1N(C3=C2C=C(C=C3)OC(=O)NC4=CC=CC=C4)C)C,,,,,,,,,,,,control_positive,logBB,1.0,,,B,BBBCTRL_415,False,True,True,CN1CCC2(C)c3cc(OC(=O)Nc4ccccc4)ccc3N(C)C12,1,False,0,0,False,False,无改动,337.42300000000006,337.17902697600005,25,44.81,44.81,3.6666000000000025,99.32070000000006,1,4,2,4,4,2,0.35,5,0,0.9081306198631172,0,O=C(Nc1ccccc1)Oc1ccc2c(c1)C1CCNC1N2,CC(CC1CCCCC1)CC1CCC2CC3CCCC3C2C1,False,"InChI=1S/C20H23N3O2/c1-20-11-12-22(2)18(20)23(3)17-10-9-15(13-16(17)20)25-19(24)21-14-7-5-4-6-8-14/h4-10,13,18H,11-12H2,1-3H3,(H,21,24)",PBHFNBQPZCRWQP-UHFFFAOYSA-N,PBHFNBQPZCRWQP,2,False,True,False,False,PBHFNBQPZCRWQP-UHFFFAOYSA-N,1,True,1
B3D_0416,bbb_control_b3db,BBBCTRL_416,compound 26,C1CN(CCC1S(=O)(=O)C2=CC=C(C=C2)C#N)CCC3=C(C=C(C=C3)F)F,,,,,,,,,,,,control_positive,logBB,1.0,,,B,BBBCTRL_416,False,True,True,N#Cc1ccc(S(=O)(=O)C2CCN(CCc3ccc(F)cc3F)CC2)cc1,1,False,0,0,False,False,无改动,390.45500000000004,390.12135532,27,61.17,69.55,3.317280000000002,97.86680000000003,0,4,5,5,3,2,0.35,7,0,0.7858533963109802,0,O=S(=O)(c1ccccc1)C1CCN(CCc2ccccc2)CC1,CC(C)(C1CCCCC1)C1CCC(CCC2CCCCC2)CC1,False,"InChI=1S/C20H20F2N2O2S/c21-17-4-3-16(20(22)13-17)7-10-24-11-8-19(9-12-24)27(25,26)18-5-1-15(14-23)2-6-18/h1-6,13,19H,7-12H2",DQDFRZYUWQHTEY-UHFFFAOYSA-N,DQDFRZYUWQHTEY,0,False,True,False,False,DQDFRZYUWQHTEY-UHFFFAOYSA-N,1,True,2
B3D_0417,bbb_control_b3db,BBBCTRL_417,1-hexyl-4-(4- iodophenyl)piperazine,CCCCCCN1CCN(CC1)C2=CC=C(C=C2)I,,,,,,,,,,,,control_positive,logBB,1.01,,,B,BBBCTRL_417,False,True,True,CCCCCCN1CCN(c2ccc(I)cc2)CC1,1,False,0,0,False,False,无改动,372.2940000000001,372.1062468,19,6.48,6.48,3.9935000000000036,91.95400000000005,0,2,6,6,2,1,0.625,3,0,0.5503992727708913,0,c1ccc(N2CCNCC2)cc1,C1CCC(C2CCCCC2)CC1,False,"InChI=1S/C16H25IN2/c1-2-3-4-5-10-18-11-13-19(14-12-18)16-8-6-15(17)7-9-16/h6-9H,2-5,10-14H2,1H3",AZVJMYITYIJLDD-UHFFFAOYSA-N,AZVJMYITYIJLDD,0,False,True,False,False,AZVJMYITYIJLDD-UHFFFAOYSA-N,1,True,3
B3D_0418,bbb_control_b3db,BBBCTRL_418,tripropylphosphine,CC1CCC(C(C1)C)C,,,,,,,,,,,,control_positive,logBB,1.02,,,B,BBBCTRL_418,False,True,True,CC1CCC(C)C(C)C1,1,False,0,0,False,False,无改动,126.24299999999998,126.14085057599999,9,0.0,0.0,3.0786000000000016,41.343,0,0,0,0,1,0,1.0,0,0,0.4676537875216582,0,C1CCCCC1,C1CCCCC1,False,"InChI=1S/C9H18/c1-7-4-5-8(2)9(3)6-7/h7-9H,4-6H2,1-3H3",VCJPCEVERINRSG-UHFFFAOYSA-N,VCJPCEVERINRSG,3,False,False,False,False,VCJPCEVERINRSG-UHFFFAOYSA-N,1,True,4
B3D_0419,bbb_control_b3db,BBBCTRL_419,org-5222,CN1CC2C(C1)C3=C(C=CC(=C3)Cl)OC4=CC=CC=C24,,,,,,,,,,,,control_positive,logBB,1.03,,,B,BBBCTRL_419,False,True,True,CN1CC2c3ccccc3Oc3ccc(Cl)cc3C2C1,1,False,0,0,False,False,无改动,285.77400000000006,285.092041812,20,12.47,12.47,4.258500000000003,80.94700000000005,0,2,0,0,4,2,0.29411764705882354,3,0,0.7170507116408826,0,c1ccc2c(c1)Oc1ccccc1C1CNCC21,C1CCC2C(C1)CC1CCCCC1C1CCCC21,False,"InChI=1S/C17H16ClNO/c1-19-9-14-12-4-2-3-5-16(12)20-17-7-6-11(18)8-13(17)15(14)10-19/h2-8,14-15H,9-10H2,1H3",VSWBSWWIRNCQIJ-UHFFFAOYSA-N,VSWBSWWIRNCQIJ,2,False,True,False,False,VSWBSWWIRNCQIJ-UHFFFAOYSA-N,1,True,2
B3D_0420,bbb_control_b3db,BBBCTRL_420,"b-102, asenapine, org5222",CN1CCC2(O)c3ccccc3Oc4ccc(Cl)cc4C2([H])C1,,,,,,,,,,,,control_positive,logBB,1.03,,,B,BBBCTRL_420,False,True,True,CN1CCC2(O)c3ccccc3Oc3ccc(Cl)cc3C2C1,1,False,0,0,False,False,无改动,315.80000000000007,315.10260649599996,22,32.7,32.7,3.752600000000003,86.71980000000005,1,3,0,0,4,2,0.3333333333333333,4,0,0.8033586448926282,0,c1ccc2c(c1)Oc1ccccc1C1CNCCC21,C1CCC2C(C1)CC1CCCCC1C1CCCCC21,False,"InChI=1S/C18H18ClNO2/c1-20-9-8-18(21)14-4-2-3-5-17(14)22-16-7-6-12(19)10-13(16)15(18)11-20/h2-7,10,15,21H,8-9,11H2,1H3",BXTXGKJWTQEQHL-UHFFFAOYSA-N,BXTXGKJWTQEQHL,2,False,True,False,False,BXTXGKJWTQEQHL-UHFFFAOYSA-N,1,True,3
B3D_0421,bbb_control_b3db,BBBCTRL_421,nortriptyline,CNCCC=C1C2=CC=CC=C2CCC3=CC=CC=C31,,,,,,,,,,,,control_positive,logBB,1.04,,,B,BBBCTRL_421,False,True,True,CNCCC=C1c2ccccc2CCc2ccccc21,1,False,0,0,False,False,无改动,263.38399999999996,263.167399672,20,12.03,12.03,3.826400000000003,85.91470000000005,1,1,3,3,3,2,0.2631578947368421,1,0,0.8299677542138636,0,C=C1c2ccccc2CCc2ccccc21,CC1C2CCCCC2CCC2CCCCC21,False,"InChI=1S/C19H21N/c1-20-14-6-11-19-17-9-4-2-7-15(17)12-13-16-8-3-5-10-18(16)19/h2-5,7-11,20H,6,12-14H2,1H3",PHVGLTMQBUFIQQ-UHFFFAOYSA-N,PHVGLTMQBUFIQQ,0,False,True,False,False,PHVGLTMQBUFIQQ-UHFFFAOYSA-N,1,True,2
B3D_0422,bbb_control_b3db,BBBCTRL_422,bms-204352,COC1=C(C=C(C=C1)Cl)[C@]2(C3=C(C=C(C=C3)C(F)(F)F)NC2=O)F,,,,,,,,,,,,control_positive,logBB,1.04,,,B,BBBCTRL_422,False,True,True,COc1ccc(Cl)cc1[C@]1(F)C(=O)Nc2cc(C(F)(F)F)ccc21,1,False,0,0,False,False,无改动,359.706,359.03361911999997,24,38.33,38.33,4.532600000000002,79.96570000000001,1,2,2,3,3,2,0.1875,8,0,0.7998531036451688,0,O=C1Nc2ccccc2C1c1ccccc1,CC1CC2CCCCC2C1C1CCCCC1,False,"InChI=1S/C16H10ClF4NO2/c1-24-13-5-3-9(17)7-11(13)15(18)10-4-2-8(16(19,20)21)6-12(10)22-14(15)23/h2-7H,1H3,(H,22,23)/t15-/m0/s1",ULYONBAOIMCNEH-HNNXBMFYSA-N,ULYONBAOIMCNEH,1,False,False,False,False,ULYONBAOIMCNEH-HNNXBMFYSA-N,1,True,1
B3D_0423,bbb_control_b3db,BBBCTRL_423,cyclobenzaprine,CN(C)CCC=C1C2=CC=CC=C2C=CC3=CC=CC=C31,,,,,,,,,,,,control_positive,logBB,1.06,,,B,BBBCTRL_423,False,True,True,CN(C)CCC=C1c2ccccc2C=Cc2ccccc21,1,False,0,0,False,False,无改动,275.39500000000004,275.167399672,21,3.24,3.24,4.553800000000004,92.06200000000005,0,1,3,3,3,2,0.2,1,0,0.6773504085567709,0,C=C1c2ccccc2C=Cc2ccccc21,CC1C2CCCCC2CCC2CCCCC21,False,"InChI=1S/C20H21N/c1-21(2)15-7-12-20-18-10-5-3-8-16(18)13-14-17-9-4-6-11-19(17)20/h3-6,8-14H,7,15H2,1-2H3",JURKNVYFZMSNLP-UHFFFAOYSA-N,JURKNVYFZMSNLP,0,False,True,False,False,JURKNVYFZMSNLP-UHFFFAOYSA-N,1,True,1
B3D_0424,bbb_control_b3db,BBBCTRL_424,"1,2-dimethylcyclohexane",CC1CCCCC1C,,,,,,,,,,,,control_positive,logBB,1.07,,,B,BBBCTRL_424,False,True,True,CC1CCCCC1C,1,False,0,0,False,False,无改动,112.216,112.12520051199999,8,0.0,0.0,2.832600000000001,36.79599999999999,0,0,0,0,1,0,1.0,0,0,0.4517552971114903,0,C1CCCCC1,C1CCCCC1,False,"InChI=1S/C8H16/c1-7-5-3-4-6-8(7)2/h7-8H,3-6H2,1-2H3",KVZJLSYJROEPSQ-UHFFFAOYSA-N,KVZJLSYJROEPSQ,2,False,False,False,False,KVZJLSYJROEPSQ-UHFFFAOYSA-N,1,True,4
B3D_0425,bbb_control_b3db,BBBCTRL_425,inaperisone,CCC1=CC=C(C=C1)C(=O)C(C)CN2CCCC2,,,,,,,,,,,,control_positive,logBB,1.08,,,B,BBBCTRL_425,False,True,True,CCc1ccc(C(=O)C(C)CN2CCCC2)cc1,1,False,0,0,False,False,无改动,245.36599999999993,245.177964356,18,20.310000000000002,20.310000000000002,3.1636000000000015,74.98850000000004,0,2,5,5,2,1,0.5625,2,0,0.7426606326003957,0,O=C(CCN1CCCC1)c1ccccc1,CC(CCC1CCCC1)C1CCCCC1,False,"InChI=1S/C16H23NO/c1-3-14-6-8-15(9-7-14)16(18)13(2)12-17-10-4-5-11-17/h6-9,13H,3-5,10-12H2,1-2H3",VNFAARJCGSAROU-UHFFFAOYSA-N,VNFAARJCGSAROU,1,False,True,False,False,VNFAARJCGSAROU-UHFFFAOYSA-N,1,True,1
B3D_0426,bbb_control_b3db,BBBCTRL_426,astemizole,COC1=CC=C(C=C1)CCN2CCC(CC2)NC3=NC4=CC=CC=C4N3CC5=CC=C(C=C5)F,,,,,,,,,,,,control_positive,logBB,1.1,,,B,BBBCTRL_426,False,True,True,COc1ccc(CCN2CCC(Nc3nc4ccccc4n3Cc3ccc(F)cc3)CC2)cc1,1,False,0,0,False,False,无改动,458.58100000000024,458.24818983200004,34,42.32,42.32,5.351300000000005,135.01769999999996,1,4,8,8,5,4,0.32142857142857145,6,0,0.3864771407563315,1,c1ccc(CCN2CCC(Nc3nc4ccccc4n3Cc3ccccc3)CC2)cc1,C1CCC(CCC2CCC(CC3CC4CCCCC4C3CC3CCCCC3)CC2)CC1,False,"InChI=1S/C28H31FN4O/c1-34-25-12-8-21(9-13-25)14-17-32-18-15-24(16-19-32)30-28-31-26-4-2-3-5-27(26)33(28)20-22-6-10-23(29)11-7-22/h2-13,24H,14-20H2,1H3,(H,30,31)",GXDALQBWZGODGZ-UHFFFAOYSA-N,GXDALQBWZGODGZ,0,False,True,False,False,GXDALQBWZGODGZ-UHFFFAOYSA-N,1,True,1
B3D_0427,bbb_control_b3db,BBBCTRL_427,77086-21-6,CC12C3=CC=CC=C3CC(N1)C4=CC=CC=C24,,,,,,,,,,,,control_positive,logBB,1.11,,,B,BBBCTRL_427,False,True,True,CC12NC(Cc3ccccc31)c1ccccc12,1,False,0,0,False,False,无改动,221.303,221.12044948,17,12.03,12.03,3.150500000000002,68.91870000000003,1,1,0,0,4,2,0.25,1,0,0.7202842359274376,0,c1ccc2c(c1)CC1NC2c2ccccc21,C1CCC2C(C1)CC1CC2C2CCCCC12,False,"InChI=1S/C16H15N/c1-16-13-8-4-2-6-11(13)10-15(17-16)12-7-3-5-9-14(12)16/h2-9,15,17H,10H2,1H3",LBOJYSIDWZQNJS-UHFFFAOYSA-N,LBOJYSIDWZQNJS,2,False,True,False,False,LBOJYSIDWZQNJS-UHFFFAOYSA-N,1,True,1
B3D_0428,bbb_control_b3db,BBBCTRL_428,i-4 (44cyanophenoxymethylpiperidineniodoallyl),C1CN(CCC1COC2=CC=C(C=C2)C#N)C/C=C/I,,,,,,,,,,,,control_positive,logBB,1.13,,,B,BBBCTRL_428,False,True,True,N#Cc1ccc(OCC2CCN(C/C=C/I)CC2)cc1,1,False,0,0,False,False,无改动,382.24500000000006,382.05421122800004,20,36.26,36.26,3.597780000000003,88.97600000000003,0,3,5,5,2,1,0.4375,4,0,0.7306497320726119,0,c1ccc(OCC2CCNCC2)cc1,C1CCC(CCC2CCCCC2)CC1,False,"InChI=1S/C16H19IN2O/c17-8-1-9-19-10-6-15(7-11-19)13-20-16-4-2-14(12-18)3-5-16/h1-5,8,15H,6-7,9-11,13H2/b8-1+",QJRRQEZUOGOHQN-UNXLUWIOSA-N,QJRRQEZUOGOHQN,0,False,True,False,False,QJRRQEZUOGOHQN-UNXLUWIOSA-N,1,True,2
B3D_0429,bbb_control_b3db,BBBCTRL_429,i-4 (44cyanophenoxymethylpiperidineniodoallyl),C1CN(CCC1COC2=CC=C(C=C2)C#N)CC=CI,,,,,,,,,,,,control_positive,logBB,1.13,,,B,BBBCTRL_429,False,True,True,N#Cc1ccc(OCC2CCN(CC=CI)CC2)cc1,1,False,0,0,False,False,无改动,382.24500000000006,382.05421122800004,20,36.26,36.26,3.597780000000003,88.97600000000003,0,3,5,5,2,1,0.4375,4,0,0.7306497320726119,0,c1ccc(OCC2CCNCC2)cc1,C1CCC(CCC2CCCCC2)CC1,False,"InChI=1S/C16H19IN2O/c17-8-1-9-19-10-6-15(7-11-19)13-20-16-4-2-14(12-18)3-5-16/h1-5,8,15H,6-7,9-11,13H2",QJRRQEZUOGOHQN-UHFFFAOYSA-N,QJRRQEZUOGOHQN,0,False,True,False,False,QJRRQEZUOGOHQN-UHFFFAOYSA-N,1,True,2
B3D_0430,bbb_control_b3db,BBBCTRL_430,zanapezil,C1CCNC2=C(C1)C=CC(=C2)C(=O)CCC3CCN(CC3)CC4=CC=CC=C4,,,,,,,,,,,,control_positive,logBB,1.14,,,B,BBBCTRL_430,False,True,True,O=C(CCC1CCN(Cc2ccccc2)CC1)c1ccc2c(c1)NCCCC2,1,False,0,0,False,False,无改动,376.5440000000002,376.251463644,28,32.34,32.34,5.309900000000005,115.87720000000006,1,3,6,6,4,2,0.48,3,0,0.6935397738615515,1,O=C(CCC1CCN(Cc2ccccc2)CC1)c1ccc2c(c1)NCCCC2,CC(CCC1CCC(CC2CCCCC2)CC1)C1CCC2CCCCCC2C1,False,"InChI=1S/C25H32N2O/c28-25(23-11-10-22-8-4-5-15-26-24(22)18-23)12-9-20-13-16-27(17-14-20)19-21-6-2-1-3-7-21/h1-3,6-7,10-11,18,20,26H,4-5,8-9,12-17,19H2",PMBLXLOXUGVTGB-UHFFFAOYSA-N,PMBLXLOXUGVTGB,0,False,True,False,False,PMBLXLOXUGVTGB-UHFFFAOYSA-N,1,True,1
B3D_0431,bbb_control_b3db,BBBCTRL_431,9-c17,CCC1=CC(=CC=C1)NC(=NC2=CC=CC(=C2)CC)C,,,,,,,,,,,,control_positive,logBB,1.2,,,B,BBBCTRL_431,False,True,True,CCc1cccc(N=C(C)Nc2cccc(CC)c2)c1,1,False,0,0,False,False,无改动,266.388,266.178298704,20,24.39,24.39,4.973400000000003,88.03170000000004,1,1,4,5,2,2,0.2777777777777778,2,0,0.6126820668454543,0,C(=Nc1ccccc1)Nc1ccccc1,C1CCC(CCCC2CCCCC2)CC1,False,"InChI=1S/C18H22N2/c1-4-15-8-6-10-17(12-15)19-14(3)20-18-11-7-9-16(5-2)13-18/h6-13H,4-5H2,1-3H3,(H,19,20)",KFFBDUUIJZXEMY-UHFFFAOYSA-N,KFFBDUUIJZXEMY,0,False,False,False,False,KFFBDUUIJZXEMY-UHFFFAOYSA-N,1,True,1
B3D_0432,bbb_control_b3db,BBBCTRL_432,pfizer compound 23,COC1=CC2=C(C=C1CNC3CCCNC3C4=CC=CC=C4)N=C(S2)C5=CC=CC=C5,,,,,,,,,,,,control_positive,logBB,1.26,,,B,BBBCTRL_432,False,True,True,COc1cc2sc(-c3ccccc3)nc2cc1CNC1CCCNC1c1ccccc1,1,False,0,0,False,False,无改动,429.58900000000017,429.18748348400004,31,46.18,74.42,5.5548000000000055,128.65540000000001,2,5,6,6,5,4,0.2692307692307692,5,0,0.42152228301695754,1,c1ccc(-c2nc3cc(CNC4CCCNC4c4ccccc4)ccc3s2)cc1,C1CCC(C2CC3CCC(CCC4CCCCC4C4CCCCC4)CC3C2)CC1,False,"InChI=1S/C26H27N3OS/c1-30-23-16-24-22(29-26(31-24)19-11-6-3-7-12-19)15-20(23)17-28-21-13-8-14-27-25(21)18-9-4-2-5-10-18/h2-7,9-12,15-16,21,25,27-28H,8,13-14,17H2,1H3",DNQVBZDJQYZSDX-UHFFFAOYSA-N,DNQVBZDJQYZSDX,2,False,True,False,False,DNQVBZDJQYZSDX-UHFFFAOYSA-N,1,True,1
B3D_0433,bbb_control_b3db,BBBCTRL_433,haloperidol,C1CN(CCC1(C2=CC=C(C=C2)Cl)O)CCCC(=O)C3=CC=C(C=C3)F,,,,,,,,,,,,control_positive,logBB,1.3,,,B,BBBCTRL_433,False,True,True,O=C(CCCN1CCC(O)(c2ccc(Cl)cc2)CC1)c1ccc(F)cc1,1,False,0,0,False,False,无改动,375.87100000000015,375.140134876,26,40.540000000000006,40.540000000000006,4.425600000000004,100.98730000000005,1,3,6,6,3,2,0.38095238095238093,5,0,0.759345285057915,0,O=C(CCCN1CCC(c2ccccc2)CC1)c1ccccc1,CC(CCCC1CCC(C2CCCCC2)CC1)C1CCCCC1,False,"InChI=1S/C21H23ClFNO2/c22-18-7-5-17(6-8-18)21(26)11-14-24(15-12-21)13-1-2-20(25)16-3-9-19(23)10-4-16/h3-10,26H,1-2,11-15H2",LNEPOXFFQSENCJ-UHFFFAOYSA-N,LNEPOXFFQSENCJ,0,False,True,False,False,LNEPOXFFQSENCJ-UHFFFAOYSA-N,1,True,2
B3D_0434,bbb_control_b3db,BBBCTRL_434,maprotiline,CNCCCC12CCC(C3=CC=CC=C31)C4=CC=CC=C24,,,,,,,,,,,,control_positive,logBB,1.3,,,B,BBBCTRL_434,False,True,True,CNCCCC12CCC(c3ccccc31)c1ccccc12,1,False,0,0,False,False,无改动,277.41100000000006,277.183049736,21,12.03,12.03,4.211400000000004,87.90170000000006,1,1,4,4,5,2,0.4,1,0,0.8254375445230729,0,c1ccc2c(c1)C1CCC2c2ccccc21,C1CCC2C(C1)C1CCC2C2CCCCC21,False,"InChI=1S/C20H23N/c1-21-14-6-12-20-13-11-15(16-7-2-4-9-18(16)20)17-8-3-5-10-19(17)20/h2-5,7-10,15,21H,6,11-14H2,1H3",QSLMDECMDJKHMQ-UHFFFAOYSA-N,QSLMDECMDJKHMQ,2,False,True,False,False,QSLMDECMDJKHMQ-UHFFFAOYSA-N,1,True,1
B3D_0435,bbb_control_b3db,BBBCTRL_435,1-isobutyl-4-(4-iodophenyl)piperazine,CC(C)CN1CCN(CC1)C2=CC=C(C=C2)I,,,,,,,,,,,,control_positive,logBB,1.38,,,B,BBBCTRL_435,False,True,True,CC(C)CN1CCN(c2ccc(I)cc2)CC1,1,False,0,0,False,False,无改动,344.2400000000001,344.074946672,17,6.48,6.48,3.069200000000002,82.65000000000005,0,2,3,3,2,1,0.5714285714285714,3,0,0.777968399658614,0,c1ccc(N2CCNCC2)cc1,C1CCC(C2CCCCC2)CC1,False,"InChI=1S/C14H21IN2/c1-12(2)11-16-7-9-17(10-8-16)14-5-3-13(15)4-6-14/h3-6,12H,7-11H2,1-2H3",CVARSWBYYDGHPT-UHFFFAOYSA-N,CVARSWBYYDGHPT,0,False,True,False,False,CVARSWBYYDGHPT-UHFFFAOYSA-N,1,True,3
B3D_0436,bbb_control_b3db,BBBCTRL_436,1-isobutyl-4-(4-iodophenyl)piperazine,CCC(C)N1CCN(CC1)C2=CC=C(C=C2)I,,,,,,,,,,,,control_positive,logBB,1.38,,,B,BBBCTRL_436,False,True,True,CCC(C)N1CCN(c2ccc(I)cc2)CC1,1,False,0,0,False,False,无改动,344.2400000000001,344.074946672,17,6.48,6.48,3.211700000000002,82.69800000000005,0,2,3,3,2,1,0.5714285714285714,3,0,0.777287659156827,0,c1ccc(N2CCNCC2)cc1,C1CCC(C2CCCCC2)CC1,False,"InChI=1S/C14H21IN2/c1-3-12(2)16-8-10-17(11-9-16)14-6-4-13(15)5-7-14/h4-7,12H,3,8-11H2,1-2H3",NTNHYNXHZGEEOM-UHFFFAOYSA-N,NTNHYNXHZGEEOM,1,False,True,False,False,NTNHYNXHZGEEOM-UHFFFAOYSA-N,1,True,3
B3D_0437,bbb_control_b3db,BBBCTRL_437,bromperidol,C1CN(CCC1(C2=CC=C(C=C2)Br)O)CCCC(=O)C3=CC=C(C=C3)F,,,,,,,,,,,,control_positive,logBB,1.38,,,B,BBBCTRL_437,False,True,True,O=C(CCCN1CCC(O)(c2ccc(Br)cc2)CC1)c1ccc(F)cc1,1,False,0,0,False,False,无改动,420.3220000000002,419.089619296,26,40.540000000000006,40.540000000000006,4.5347000000000035,103.67730000000005,1,3,6,6,3,2,0.38095238095238093,5,0,0.6983745555932223,0,O=C(CCCN1CCC(c2ccccc2)CC1)c1ccccc1,CC(CCCC1CCC(C2CCCCC2)CC1)C1CCCCC1,False,"InChI=1S/C21H23BrFNO2/c22-18-7-5-17(6-8-18)21(26)11-14-24(15-12-21)13-1-2-20(25)16-3-9-19(23)10-4-16/h3-10,26H,1-2,11-15H2",RKLNONIVDFXQRX-UHFFFAOYSA-N,RKLNONIVDFXQRX,0,False,True,False,False,RKLNONIVDFXQRX-UHFFFAOYSA-N,1,True,2
B3D_0438,bbb_control_b3db,BBBCTRL_438,bromperidol,C1(Br)C=CC(C2(O)CCN(CCC(=O)C3C=CC(F)=CC=3)CC2)=CC=1,,,,,,,,,,,,control_positive,logBB,1.38,,,B,BBBCTRL_438,False,True,True,O=C(CCN1CCC(O)(c2ccc(Br)cc2)CC1)c1ccc(F)cc1,1,False,0,0,False,False,无改动,406.29500000000013,405.073969232,25,40.540000000000006,40.540000000000006,4.144600000000003,99.06030000000004,1,3,5,5,3,2,0.35,5,0,0.7591697538641462,0,O=C(CCN1CCC(c2ccccc2)CC1)c1ccccc1,CC(CCC1CCC(C2CCCCC2)CC1)C1CCCCC1,False,"InChI=1S/C20H21BrFNO2/c21-17-5-3-16(4-6-17)20(25)10-13-23(14-11-20)12-9-19(24)15-1-7-18(22)8-2-15/h1-8,25H,9-14H2",WBOHJBUFDCLXSE-UHFFFAOYSA-N,WBOHJBUFDCLXSE,0,False,True,False,False,WBOHJBUFDCLXSE-UHFFFAOYSA-N,1,True,1
B3D_0439,bbb_control_b3db,BBBCTRL_439,117-89-5,C[NH+]1CC[NH+](CC1)CCCN2C3=CC=CC=C3SC4=C2C=C(C=C4)C(F)(F)F,,,,,,,,,,,,control_positive,logBB,1.4,,,B,BBBCTRL_439,False,True,True,CN1CCN(CCCN2c3ccccc3Sc3ccc(C(F)(F)F)cc32)CC1,1,False,2,0,True,True,中性化：2 → 0,407.50500000000017,407.164303428,28,9.72,35.02,4.945600000000005,107.56900000000007,0,4,4,5,4,2,0.42857142857142855,7,0,0.7094782580960448,0,c1ccc2c(c1)Sc1ccccc1N2CCCN1CCNCC1,C1CCC(CCCC2C3CCCCC3CC3CCCCC32)CC1,False,"InChI=1S/C21H24F3N3S/c1-25-11-13-26(14-12-25)9-4-10-27-17-5-2-3-6-19(17)28-20-8-7-16(15-18(20)27)21(22,23)24/h2-3,5-8,15H,4,9-14H2,1H3",ZEWQUBUPAILYHI-UHFFFAOYSA-N,ZEWQUBUPAILYHI,0,False,True,False,False,ZEWQUBUPAILYHI-UHFFFAOYSA-N,1,True,4
B3D_0440,bbb_control_b3db,BBBCTRL_440,chembl4248308,CC1CCN(CC1)CCCN2C3=CC=CC=C3SC4=C2C=C(C=C4)C(F)(F)F,,,,,,,,,,,,control_positive,logBB,1.44,,,B,BBBCTRL_440,False,True,True,CC1CCN(CCCN2c3ccccc3Sc3ccc(C(F)(F)F)cc32)CC1,1,False,0,0,False,False,无改动,406.51700000000017,406.16905446,28,6.48,31.78,6.430100000000005,108.47000000000007,0,3,4,5,4,2,0.45454545454545453,6,0,0.5776243710675774,1,c1ccc2c(c1)Sc1ccccc1N2CCCN1CCCCC1,C1CCC(CCCC2C3CCCCC3CC3CCCCC32)CC1,False,"InChI=1S/C22H25F3N2S/c1-16-9-13-26(14-10-16)11-4-12-27-18-5-2-3-6-20(18)28-21-8-7-17(15-19(21)27)22(23,24)25/h2-3,5-8,15-16H,4,9-14H2,1H3",PZVNDRDMKCGUFD-UHFFFAOYSA-N,PZVNDRDMKCGUFD,0,False,True,False,False,PZVNDRDMKCGUFD-UHFFFAOYSA-N,1,True,1
B3D_0441,bbb_control_b3db,BBBCTRL_441,trifluopromazine,CN(C)CCCN1C2=CC=CC=C2SC3=C1C=C(C=C3)C(F)(F)F,,,,,,,,,,,,control_positive,logBB,1.44,,,B,BBBCTRL_441,False,True,True,CN(C)CCCN1c2ccccc2Sc2ccc(C(F)(F)F)cc21,1,False,0,0,False,False,无改动,352.42500000000007,352.122104268,24,6.48,31.78,5.259800000000004,92.18600000000005,0,3,4,5,3,2,0.3333333333333333,6,0,0.7410247450790446,1,c1ccc2c(c1)Nc1ccccc1S2,C1CCC2CC3CCCCC3CC2C1,False,"InChI=1S/C18H19F3N2S/c1-22(2)10-5-11-23-14-6-3-4-7-16(14)24-17-9-8-13(12-15(17)23)18(19,20)21/h3-4,6-9,12H,5,10-11H2,1-2H3",XSCGXQMFQXDFCW-UHFFFAOYSA-N,XSCGXQMFQXDFCW,0,False,True,False,False,XSCGXQMFQXDFCW-UHFFFAOYSA-N,1,True,3
B3D_0442,bbb_control_b3db,BBBCTRL_442,trifluroperazine,CN1CCN(CC1)CCCn1c2ccccc2sc2cccc(C(F)(F)F)c12,,,,,,,,,,,,control_positive,logBB,1.44,,,B,BBBCTRL_442,False,True,True,CN1CCN(CCCN2c3ccccc3Sc3cccc(C(F)(F)F)c32)CC1,1,False,0,0,False,False,无改动,407.50500000000017,407.164303428,28,9.72,35.02,4.945600000000004,107.56900000000007,0,4,4,5,4,2,0.42857142857142855,7,0,0.7094782580960448,0,c1ccc2c(c1)Sc1ccccc1N2CCCN1CCNCC1,C1CCC(CCCC2C3CCCCC3CC3CCCCC32)CC1,False,"InChI=1S/C21H24F3N3S/c1-25-12-14-26(15-13-25)10-5-11-27-17-7-2-3-8-18(17)28-19-9-4-6-16(20(19)27)21(22,23)24/h2-4,6-9H,5,10-15H2,1H3",MGVHKJVFDBNLAZ-UHFFFAOYSA-N,MGVHKJVFDBNLAZ,0,False,True,False,False,MGVHKJVFDBNLAZ-UHFFFAOYSA-N,1,True,4
B3D_0443,bbb_control_b3db,BBBCTRL_443,fluphenazine,C1CN(CCN1CCCN2C3=CC=CC=C3SC4=C2C=C(C=C4)C(F)(F)F)CCO,,,,,,,,,,,,control_positive,logBB,1.5,,,B,BBBCTRL_443,False,True,True,OCCN1CCN(CCCN2c3ccccc3Sc3ccc(C(F)(F)F)cc32)CC1,1,False,0,0,False,False,无改动,437.5310000000002,437.17486811199996,30,29.950000000000003,55.25,4.308100000000003,113.59780000000006,1,5,6,7,4,2,0.45454545454545453,8,0,0.7278115473639667,0,c1ccc2c(c1)Sc1ccccc1N2CCCN1CCNCC1,C1CCC(CCCC2C3CCCCC3CC3CCCCC32)CC1,False,"InChI=1S/C22H26F3N3OS/c23-22(24,25)17-6-7-21-19(16-17)28(18-4-1-2-5-20(18)30-21)9-3-8-26-10-12-27(13-11-26)14-15-29/h1-2,4-7,16,29H,3,8-15H2",PLDUPXSUYLZYBN-UHFFFAOYSA-N,PLDUPXSUYLZYBN,0,False,True,False,False,PLDUPXSUYLZYBN-UHFFFAOYSA-N,1,True,4
B3D_0444,bbb_control_b3db,BBBCTRL_444,79559-97-0,CNC1CCC(C2=CC=CC=C12)C3=CC(=C(C=C3)Cl)Cl,,,,,,,,,,,,control_positive,logBB,1.6,,,B,BBBCTRL_444,False,True,True,CNC1CCC(c2ccc(Cl)c(Cl)c2)c2ccccc21,1,False,0,0,False,False,无改动,306.236,305.073804904,20,12.03,12.03,5.179600000000004,85.78170000000004,1,1,2,2,3,2,0.29411764705882354,3,0,0.8058613927728192,1,c1ccc(C2CCCc3ccccc32)cc1,C1CCC(C2CCCC3CCCCC32)CC1,False,"InChI=1S/C17H17Cl2N/c1-20-17-9-7-12(13-4-2-3-5-14(13)17)11-6-8-15(18)16(19)10-11/h2-6,8,10,12,17,20H,7,9H2,1H3",VGKDLMBJGBXTGI-UHFFFAOYSA-N,VGKDLMBJGBXTGI,2,False,True,False,False,VGKDLMBJGBXTGI-UHFFFAOYSA-N,1,True,1
B3D_0445,bbb_control_b3db,BBBCTRL_445,chebi: 568657,C1CN(CCN1)C2=NC(=C(C=C2)C(F)(F)F)Cl,,,,,,,,,,,,control_positive,logBB,1.64,,,B,BBBCTRL_445,False,True,True,FC(F)(F)c1ccc(N2CCNCC2)nc1Cl,1,False,0,0,False,False,无改动,265.66599999999994,265.059359692,17,28.16,28.16,2.1634,59.33170000000002,1,3,1,2,2,1,0.5,7,0,0.7890335810877849,0,c1ccc(N2CCNCC2)nc1,C1CCC(C2CCCCC2)CC1,False,"InChI=1S/C10H11ClF3N3/c11-9-7(10(12,13)14)1-2-8(16-9)17-5-3-15-4-6-17/h1-2,15H,3-6H2",QZYYPQAYSFBKPW-UHFFFAOYSA-N,QZYYPQAYSFBKPW,0,False,True,False,False,QZYYPQAYSFBKPW-UHFFFAOYSA-N,1,True,2
FRI_0001,bbb_control_friden,CHEMBL894,BUPROPION,CC(NC(C)(C)C)C(=O)c1cccc(Cl)c1,,,,,,,,,,,,,"K(p,uu,brain)",,2.0,,,BBBCTRL_446,False,True,True,CC(NC(C)(C)C)C(=O)c1cccc(Cl)c1,1,False,0,0,False,False,无改动,239.746,239.107691876,16,29.1,29.1,3.2993000000000023,68.13320000000003,1,2,3,4,1,1,0.46153846153846156,3,0,0.8204937720146613,0,c1ccccc1,C1CCCCC1,False,"InChI=1S/C13H18ClNO/c1-9(15-13(2,3)4)12(16)10-6-5-7-11(14)8-10/h5-9,15H,1-4H3",SNPPWIUOZRMYNY-UHFFFAOYSA-N,SNPPWIUOZRMYNY,1,False,True,False,False,SNPPWIUOZRMYNY-UHFFFAOYSA-N,1,True,14
FRI_0002,bbb_control_friden,CHEMBL441,THIOPENTAL,CCCC(C)C1(CC)C(=O)NC(=S)NC1=O,,,,,,,,,,,,,"K(p,uu,brain)",,1.53,,,BBBCTRL_447,False,True,True,CCCC(C)C1(CC)C(=O)NC(=S)NC1=O,1,False,0,0,False,False,无改动,242.34400000000002,242.108898816,16,58.2,90.28999999999999,1.3498999999999999,65.67940000000003,2,3,4,4,1,0,0.7272727272727273,5,0,0.5777126778981032,0,O=C1CC(=O)NC(=S)N1,CC1CC(C)CC(C)C1,False,"InChI=1S/C11H18N2O2S/c1-4-6-7(3)11(5-2)8(14)12-10(16)13-9(11)15/h7H,4-6H2,1-3H3,(H2,12,13,14,15,16)",IUJDSEJGGMCXSG-UHFFFAOYSA-N,IUJDSEJGGMCXSG,1,False,False,False,False,IUJDSEJGGMCXSG-UHFFFAOYSA-N,1,True,1
FRI_0003,bbb_control_friden,CHEMBL1237044,TRAMADOL,COc1cccc(C2(O)CCCCC2CN(C)C)c1,,,,,,,,,,,,,"K(p,uu,brain)",,1.46,,,BBBCTRL_448,False,True,True,COc1cccc(C2(O)CCCCC2CN(C)C)c1,1,False,0,0,False,False,无改动,263.3809999999999,263.18852904,19,32.7,32.7,2.6346000000000007,77.40280000000006,1,3,4,4,2,1,0.625,3,0,0.9061758690933457,0,c1ccc(C2CCCCC2)cc1,C1CCC(C2CCCCC2)CC1,False,"InChI=1S/C16H25NO2/c1-17(2)12-14-7-4-5-10-16(14,18)13-8-6-9-15(11-13)19-3/h6,8-9,11,14,18H,4-5,7,10,12H2,1-3H3",TVYLLZQTGLZFBW-UHFFFAOYSA-N,TVYLLZQTGLZFBW,2,False,True,False,False,TVYLLZQTGLZFBW-UHFFFAOYSA-N,1,True,1
FRI_0004,bbb_control_friden,CHEMBL249467,PHENYLETHYLMALONAMIDE,CCC(C(N)=O)(C(N)=O)c1ccccc1,,,,,,,,,,,,,"K(p,uu,brain)",,1.25,,,BBBCTRL_449,False,True,True,CCC(C(N)=O)(C(N)=O)c1ccccc1,1,False,0,0,False,False,无改动,206.24500000000003,206.105527688,15,86.18,86.18,0.3050000000000002,56.79980000000002,2,2,4,4,1,1,0.2727272727272727,4,0,0.6942324776930926,0,c1ccccc1,C1CCCCC1,False,"InChI=1S/C11H14N2O2/c1-2-11(9(12)14,10(13)15)8-6-4-3-5-7-8/h3-7H,2H2,1H3,(H2,12,14)(H2,13,15)",JFZHPFOXAAIUMB-UHFFFAOYSA-N,JFZHPFOXAAIUMB,0,False,False,False,False,JFZHPFOXAAIUMB-UHFFFAOYSA-N,1,True,14
FRI_0005,bbb_control_friden,CHEMBL12,DIAZEPAM,CN1C(=O)CN=C(c2ccccc2)c2cc(Cl)ccc21,,,,,,,,,,,,,"K(p,uu,brain)",,1.07,,,BBBCTRL_450,False,True,True,CN1C(=O)CN=C(c2ccccc2)c2cc(Cl)ccc21,1,False,0,0,False,False,无改动,284.74600000000004,284.07164071600005,20,32.67,32.67,3.153800000000002,81.81000000000004,0,2,1,1,3,2,0.125,4,0,0.79164533623487,0,O=C1CN=C(c2ccccc2)c2ccccc2N1,CC1CCC(C2CCCCC2)C2CCCCC2C1,False,"InChI=1S/C16H13ClN2O/c1-19-14-8-7-12(17)9-13(14)16(18-10-15(19)20)11-5-3-2-4-6-11/h2-9H,10H2,1H3",AAOVKJBEBIDNHE-UHFFFAOYSA-N,AAOVKJBEBIDNHE,0,False,False,False,False,AAOVKJBEBIDNHE-UHFFFAOYSA-N,1,True,4
FRI_0006,bbb_control_friden,CHEMBL657,DIPHENHYDRAMINE,CN(C)CCOC(c1ccccc1)c1ccccc1,,,,,,,,,,,,,"K(p,uu,brain)",,1.05,,,BBBCTRL_451,False,True,True,CN(C)CCOC(c1ccccc1)c1ccccc1,1,False,0,0,False,False,无改动,255.36100000000002,255.162314292,19,12.47,12.47,3.3542000000000023,79.23300000000006,0,2,6,6,2,2,0.29411764705882354,2,0,0.7845504400951161,0,c1ccc(Cc2ccccc2)cc1,C1CCC(CC2CCCCC2)CC1,False,"InChI=1S/C17H21NO/c1-18(2)13-14-19-17(15-9-5-3-6-10-15)16-11-7-4-8-12-16/h3-12,17H,13-14H2,1-2H3",ZZVUWRFHKOJYTH-UHFFFAOYSA-N,ZZVUWRFHKOJYTH,0,False,True,False,False,ZZVUWRFHKOJYTH-UHFFFAOYSA-N,1,True,2
FRI_0007,bbb_control_friden,CHEMBL656,OXYCODONE,COc1ccc2c3c1O[C@H]1C(=O)CC[C@@]4(O)[C@@H](C2)N(C)CC[C@]314,,,,,,,,,,,,,"K(p,uu,brain)",,1.03,,,BBBCTRL_452,False,True,True,COc1ccc2c3c1O[C@H]1C(=O)CC[C@@]4(O)[C@@H](C2)N(C)CC[C@]314,1,False,0,0,False,False,无改动,315.3690000000001,315.147058152,23,59.00000000000001,59.00000000000001,1.0481999999999998,83.01780000000004,1,5,1,1,5,1,0.6111111111111112,5,0,0.839282607029206,0,O=C1CCC2[C@H]3Cc4cccc5c4[C@@]2(CCN3)[C@H]1O5,CC1CCC2C3CCCC24C1CC1CCCC(C3)C14,False,"InChI=1S/C18H21NO4/c1-19-8-7-17-14-10-3-4-12(22-2)15(14)23-16(17)11(20)5-6-18(17,21)13(19)9-10/h3-4,13,16,21H,5-9H2,1-2H3/t13-,16+,17+,18-/m1/s1",BRUQQQPBMZOVGD-XFKAJCMBSA-N,BRUQQQPBMZOVGD,4,False,True,False,False,BRUQQQPBMZOVGD-XFKAJCMBSA-N,1,True,2
FRI_0008,bbb_control_friden,CHEMBL485,CODEINE,COc1ccc2c3c1O[C@H]1[C@@H](O)C=C[C@H]4[C@@H](C2)N(C)CC[C@@]341,,,,,,,,,,,,,"K(p,uu,brain)",,0.89,,,BBBCTRL_453,False,True,True,COc1ccc2c3c1O[C@H]1[C@@H](O)C=C[C@H]4[C@@H](C2)N(C)CC[C@@]341,1,False,0,0,False,False,无改动,299.3700000000001,299.152143532,22,41.93,41.93,1.5010999999999999,82.46380000000003,1,4,1,1,5,1,0.5555555555555556,4,0,0.7981444096668123,0,C1=C[C@H]2[C@H]3Cc4cccc5c4[C@@]2(CCN3)[C@H](C1)O5,C1CC2CC3CCCC45C(CCCC34)CC(C1)C25,False,"InChI=1S/C18H21NO3/c1-19-8-7-18-11-4-5-13(20)17(18)22-16-14(21-2)6-3-10(15(16)18)9-12(11)19/h3-6,11-13,17,20H,7-9H2,1-2H3/t11-,12+,13-,17-,18-/m0/s1",OROGSEYTTFOCAN-DNJOTXNNSA-N,OROGSEYTTFOCAN,5,False,True,False,False,OROGSEYTTFOCAN-DNJOTXNNSA-N,1,True,2
FRI_0009,bbb_control_friden,CHEMBL741,LAMOTRIGINE,Nc1nnc(-c2cccc(Cl)c2Cl)c(N)n1,,,,,,,,,,,,,"K(p,uu,brain)",,0.88,,,BBBCTRL_454,False,True,True,Nc1nnc(-c2cccc(Cl)c2Cl)c(N)n1,1,False,0,0,False,False,无改动,256.09599999999995,255.00785058399998,16,90.71,90.71,2.0098,64.10780000000001,2,5,1,1,2,2,0.0,7,0,0.8138095128696987,0,c1ccc(-c2cncnn2)cc1,C1CCC(C2CCCCC2)CC1,False,"InChI=1S/C9H7Cl2N5/c10-5-3-1-2-4(6(5)11)7-8(12)14-9(13)16-15-7/h1-3H,(H4,12,13,14,16)",PYZRQGJRPPTADH-UHFFFAOYSA-N,PYZRQGJRPPTADH,0,False,False,False,False,PYZRQGJRPPTADH-UHFFFAOYSA-N,1,True,1
FRI_0010,bbb_control_friden,CHEMBL963,OXYMORPHONE,CN1CC[C@]23c4c5ccc(O)c4O[C@H]2C(=O)CC[C@@]3(O)[C@H]1C5,,,,,,,,,,,,,"K(p,uu,brain)",,0.79,,,BBBCTRL_455,False,True,True,CN1CC[C@]23c4c5ccc(O)c4O[C@H]2C(=O)CC[C@@]3(O)[C@H]1C5,1,False,0,0,False,False,无改动,301.342,301.131408088,22,70.0,70.0,0.7451999999999999,78.13060000000003,2,5,0,0,5,1,0.5882352941176471,5,0,0.7396980124727146,0,O=C1CCC2[C@H]3Cc4cccc5c4[C@@]2(CCN3)[C@H]1O5,CC1CCC2C3CCCC24C1CC1CCCC(C3)C14,False,"InChI=1S/C17H19NO4/c1-18-7-6-16-13-9-2-3-10(19)14(13)22-15(16)11(20)4-5-17(16,21)12(18)8-9/h2-3,12,15,19,21H,4-8H2,1H3/t12-,15+,16+,17-/m1/s1",UQCNKQCJZOAFTQ-ISWURRPUSA-N,UQCNKQCJZOAFTQ,4,False,True,False,False,UQCNKQCJZOAFTQ-ISWURRPUSA-N,1,True,2
FRI_0011,bbb_control_friden,CHEMBL95,TACRINE,Nc1c2c(nc3ccccc13)CCCC2,,,,,,,,,,,,,"K(p,uu,brain)",,0.78,,,BBBCTRL_456,False,True,True,Nc1c2c(nc3ccccc13)CCCC2,1,False,0,0,False,False,无改动,198.26899999999992,198.115698448,15,38.91,38.91,2.695800000000001,62.797400000000025,1,2,0,0,3,2,0.3076923076923077,2,0,0.7064882384087371,0,c1ccc2nc3c(cc2c1)CCCC3,C1CCC2CC3CCCCC3CC2C1,False,"InChI=1S/C13H14N2/c14-13-9-5-1-3-7-11(9)15-12-8-4-2-6-10(12)13/h1,3,5,7H,2,4,6,8H2,(H2,14,15)",YLJREFDVOIBQDA-UHFFFAOYSA-N,YLJREFDVOIBQDA,0,False,False,False,False,YLJREFDVOIBQDA-UHFFFAOYSA-N,1,True,1
FRI_0012,bbb_control_friden,CHEMBL629,AMITRIPTYLINE,CN(C)CCC=C1c2ccccc2CCc2ccccc21,,,,,,,,,,,,,"K(p,uu,brain)",,0.73,,,BBBCTRL_457,False,True,True,CN(C)CCC=C1c2ccccc2CCc2ccccc21,1,False,0,0,False,False,无改动,277.411,277.183049736,21,3.24,3.24,4.168600000000003,90.54200000000006,0,1,3,3,3,2,0.3,1,0,0.8136783893547587,0,C=C1c2ccccc2CCc2ccccc21,CC1C2CCCCC2CCC2CCCCC21,False,"InChI=1S/C20H23N/c1-21(2)15-7-12-20-18-10-5-3-8-16(18)13-14-17-9-4-6-11-19(17)20/h3-6,8-12H,7,13-15H2,1-2H3",KRMDCWKBEZIMAB-UHFFFAOYSA-N,KRMDCWKBEZIMAB,0,False,True,False,False,KRMDCWKBEZIMAB-UHFFFAOYSA-N,1,True,2
FRI_0013,bbb_control_friden,CHEMBL13,METOPROLOL,COCCc1ccc(OCC(O)CNC(C)C)cc1,,,,,,,,,,,,,"K(p,uu,brain)",,0.64,,,BBBCTRL_458,False,True,True,COCCc1ccc(OCC(O)CNC(C)C)cc1,1,False,0,0,False,False,无改动,267.36899999999997,267.18344366,19,50.72,50.72,1.6132,76.66250000000005,2,4,9,9,1,1,0.6,4,0,0.7135696186852986,0,c1ccccc1,C1CCCCC1,False,"InChI=1S/C15H25NO3/c1-12(2)16-10-14(17)11-19-15-6-4-13(5-7-15)8-9-18-3/h4-7,12,14,16-17H,8-11H2,1-3H3",IUBSYMUCCVWXPE-UHFFFAOYSA-N,IUBSYMUCCVWXPE,1,False,True,False,False,IUBSYMUCCVWXPE-UHFFFAOYSA-N,1,True,14
FRI_0014,bbb_control_friden,CHEMBL27,PROPRANOLOL,CC(C)NCC(O)COc1cccc2ccccc12,,,,,,,,,,,,,"K(p,uu,brain)",,0.61,,,BBBCTRL_459,False,True,True,CC(C)NCC(O)COc1cccc2ccccc12,1,False,0,0,False,False,无改动,259.34900000000005,259.157228912,19,41.489999999999995,41.489999999999995,2.5775000000000006,78.58850000000005,2,3,6,6,2,2,0.375,3,0,0.8375057924076362,0,c1ccc2ccccc2c1,C1CCC2CCCCC2C1,False,"InChI=1S/C16H21NO2/c1-12(2)17-10-14(18)11-19-16-9-5-7-13-6-3-4-8-15(13)16/h3-9,12,14,17-18H,10-11H2,1-2H3",AQHHHDLHHXJYJD-UHFFFAOYSA-N,AQHHHDLHHXJYJD,1,False,True,False,False,AQHHHDLHHXJYJD-UHFFFAOYSA-N,1,True,3
FRI_0015,bbb_control_friden,CHEMBL500,PINDOLOL,CC(C)NCC(O)COc1cccc2[nH]ccc12,,,,,,,,,,,,,"K(p,uu,brain)",,0.5,,,BBBCTRL_460,False,True,True,CC(C)NCC(O)COc1cccc2[nH]ccc12,1,False,0,0,False,False,无改动,248.32600000000002,248.15247788,18,57.279999999999994,57.279999999999994,1.9055999999999995,72.93920000000004,3,3,6,6,2,2,0.42857142857142855,4,0,0.7315916457547719,0,c1ccc2[nH]ccc2c1,C1CCC2CCCC2C1,False,"InChI=1S/C14H20N2O2/c1-10(2)16-8-11(17)9-18-14-5-3-4-13-12(14)6-7-15-13/h3-7,10-11,15-17H,8-9H2,1-2H3",JZQKKSLKJUAGIC-UHFFFAOYSA-N,JZQKKSLKJUAGIC,1,False,True,False,False,JZQKKSLKJUAGIC-UHFFFAOYSA-N,1,True,2
FRI_0016,bbb_control_friden,CHEMBL479,THIORIDAZINE,CSc1ccc2c(c1)N(CCC1CCCCN1C)c1ccccc1S2,,,,,,,,,,,,,"K(p,uu,brain)",,0.45,,,BBBCTRL_461,False,True,True,CSc1ccc2c(c1)N(CCC1CCCCN1C)c1ccccc1S2,1,False,0,0,False,False,无改动,370.587,370.153740832,25,6.48,57.08,5.885600000000005,110.68000000000005,0,4,4,4,4,2,0.42857142857142855,4,0,0.6192081845073194,1,c1ccc2c(c1)Sc1ccccc1N2CCC1CCCCN1,C1CCC(CCC2C3CCCCC3CC3CCCCC32)CC1,False,"InChI=1S/C21H26N2S2/c1-22-13-6-5-7-16(22)12-14-23-18-8-3-4-9-20(18)25-21-11-10-17(24-2)15-19(21)23/h3-4,8-11,15-16H,5-7,12-14H2,1-2H3",KLBQZWRITKRQQV-UHFFFAOYSA-N,KLBQZWRITKRQQV,1,False,True,False,False,KLBQZWRITKRQQV-UHFFFAOYSA-N,1,True,3
FRI_0017,bbb_control_friden,CHEMBL266195,ALPRENOLOL,C=CCc1ccccc1OCC(O)CNC(C)C,,,,,,,,,,,,,"K(p,uu,brain)",,0.38,,,BBBCTRL_462,False,True,True,C=CCc1ccccc1OCC(O)CNC(C)C,1,False,0,0,False,False,无改动,249.35399999999996,249.172878976,18,41.49,41.49,2.1528,74.98350000000005,2,3,8,8,1,1,0.4666666666666667,3,0,0.6936807740895572,0,c1ccccc1,C1CCCCC1,False,"InChI=1S/C15H23NO2/c1-4-7-13-8-5-6-9-15(13)18-11-14(17)10-16-12(2)3/h4-6,8-9,12,14,16-17H,1,7,10-11H2,2-3H3",PAZJSJFMUHDSTF-UHFFFAOYSA-N,PAZJSJFMUHDSTF,1,False,True,False,False,PAZJSJFMUHDSTF-UHFFFAOYSA-N,1,True,14
FRI_0018,bbb_control_friden,CHEMBL220492,TOPIRAMATE,CC1(C)O[C@@H]2[C@@H](CO[C@@]3(COS(N)(=O)=O)OC(C)(C)O[C@@H]23)O1,,,,,,,,,,,,,"K(p,uu,brain)",,0.33,,,BBBCTRL_463,False,True,True,CC1(C)O[C@@H]2[C@@H](CO[C@@]3(COS(N)(=O)=O)OC(C)(C)O[C@@H]23)O1,1,False,0,0,False,False,无改动,339.3660000000001,339.098787632,22,115.54,123.92,-0.3953999999999982,71.60420000000005,1,8,3,3,3,0,1.0,10,0,0.7386170940393365,0,C1OC2OC[C@H]3OCO[C@H]3[C@@H]2O1,C1CC2CCC3CCCC3C2C1,False,"InChI=1S/C12H21NO8S/c1-10(2)18-7-5-16-12(6-17-22(13,14)15)9(8(7)19-10)20-11(3,4)21-12/h7-9H,5-6H2,1-4H3,(H2,13,14,15)/t7-,8-,9+,12+/m1/s1",KJADKKWYZYXHBB-XBWDGYHZSA-N,KJADKKWYZYXHBB,4,False,False,True,False,KJADKKWYZYXHBB-XBWDGYHZSA-N,1,True,1
FRI_0019,bbb_control_friden,CHEMBL546,OXPRENOLOL,C=CCOc1ccccc1OCC(O)CNC(C)C,,,,,,,,,,,,,"K(p,uu,brain)",,0.2,,,BBBCTRL_464,False,True,True,C=CCOc1ccccc1OCC(O)CNC(C)C,1,False,0,0,False,False,无改动,265.35299999999995,265.167793596,19,50.72,50.72,1.9890999999999999,76.77450000000005,2,4,9,9,1,1,0.4666666666666667,4,0,0.6704564525308724,0,c1ccccc1,C1CCCCC1,False,"InChI=1S/C15H23NO3/c1-4-9-18-14-7-5-6-8-15(14)19-11-13(17)10-16-12(2)3/h4-8,12-13,16-17H,1,9-11H2,2-3H3",CEMAWMOMDPGJMB-UHFFFAOYSA-N,CEMAWMOMDPGJMB,1,False,True,False,False,CEMAWMOMDPGJMB-UHFFFAOYSA-N,1,True,14
FRI_0020,bbb_control_friden,CHEMBL424,SALICYLIC ACID,O=C(O)c1ccccc1O,,,,,,,,,,,,,"K(p,uu,brain)",,0.19,,,BBBCTRL_465,False,True,True,O=C(O)c1ccccc1O,1,False,0,0,False,False,无改动,138.12199999999999,138.031694052,10,57.53,57.53,1.0903999999999998,35.066100000000006,2,2,1,1,1,1,0.0,3,0,0.6102585058580265,0,c1ccccc1,C1CCCCC1,False,"InChI=1S/C7H6O3/c8-6-4-2-1-3-5(6)7(9)10/h1-4,8H,(H,9,10)",YGSDEFSMJLZEOE-UHFFFAOYSA-N,YGSDEFSMJLZEOE,0,True,False,False,False,YGSDEFSMJLZEOE-UHFFFAOYSA-N,1,True,14
FRI_0021,bbb_control_friden,CHEMBL70,MORPHINE,CN1CC[C@]23c4c5ccc(O)c4O[C@H]2[C@@H](O)C=C[C@H]3[C@H]1C5,,,,,,,,,,,,,"K(p,uu,brain)",,0.15,,,BBBCTRL_466,False,True,True,CN1CC[C@]23c4c5ccc(O)c4O[C@H]2[C@@H](O)C=C[C@H]3[C@H]1C5,1,False,0,0,False,False,无改动,285.343,285.136493468,21,52.93000000000001,52.93000000000001,1.1981,77.57660000000003,2,4,0,0,5,1,0.5294117647058824,4,0,0.7033474919154648,0,C1=C[C@H]2[C@H]3Cc4cccc5c4[C@@]2(CCN3)[C@H](C1)O5,C1CC2CC3CCCC45C(CCCC34)CC(C1)C25,False,"InChI=1S/C17H19NO3/c1-18-7-6-17-10-3-5-13(20)16(17)21-15-12(19)4-2-9(14(15)17)8-11(10)18/h2-5,10-11,13,16,19-20H,6-8H2,1H3/t10-,11+,13-,16-,17-/m0/s1",BQJCRHHNABKAKU-KBQPJGBKSA-N,BQJCRHHNABKAKU,5,False,True,False,False,BQJCRHHNABKAKU-KBQPJGBKSA-N,1,True,2
FRI_0022,bbb_control_friden,CHEMBL940,GABAPENTIN,NCC1(CC(=O)O)CCCCC1,,,,,,,,,,,,,"K(p,uu,brain)",,0.14,,,BBBCTRL_467,False,True,True,NCC1(CC(=O)O)CCCCC1,1,False,0,0,False,False,无改动,171.23999999999992,171.125928784,12,63.32000000000001,63.32000000000001,1.3702999999999994,46.82520000000003,2,2,3,3,1,0,0.8888888888888888,3,0,0.6737273296978754,0,C1CCCCC1,C1CCCCC1,False,"InChI=1S/C9H17NO2/c10-7-9(6-8(11)12)4-2-1-3-5-9/h1-7,10H2,(H,11,12)",UGJMXCAKCUNAIE-UHFFFAOYSA-N,UGJMXCAKCUNAIE,0,True,True,False,False,UGJMXCAKCUNAIE-UHFFFAOYSA-N,1,True,4
FRI_0023,bbb_control_friden,CHEMBL5315124,LEVOFLOXACIN,C[C@H]1COc2c(N3CCN(C)CC3)c(F)cc3c(=O)c(C(=O)O)cn1c23.C[C@H]1COc2c(N3CCN(C)CC3)c(F)cc3c(=O)c(C(=O)O)cn1c23.O,,,,,,,,,,,,,"K(p,uu,brain)",,0.12,,,BBBCTRL_468,False,True,True,C[C@H]1COc2c(N3CCN(C)CC3)c(F)cc3c(=O)c(C(=O)O)cn1c23,3,True,0,0,False,True,去盐：3 个片段取最大,361.37300000000005,361.14378433999997,26,75.00999999999999,75.00999999999999,1.5439999999999998,95.04130000000004,1,5,2,2,4,2,0.4444444444444444,8,0,0.8747398264671755,0,O=c1ccn2c3c(c(N4CCNCC4)ccc13)OCC2,CC1CCC2CCCC3C(C4CCCCC4)CCC1C23,False,"InChI=1S/C18H20FN3O4/c1-10-9-26-17-14-11(16(23)12(18(24)25)8-22(10)14)7-13(19)15(17)21-5-3-20(2)4-6-21/h7-8,10H,3-6,9H2,1-2H3,(H,24,25)/t10-/m0/s1",GSDSWSVVBLHKDQ-JTQLQIEISA-N,GSDSWSVVBLHKDQ,1,True,True,False,False,GSDSWSVVBLHKDQ-JTQLQIEISA-N,1,True,1
FRI_0024,bbb_control_friden,CHEMBL6,INDOMETHACIN,COc1ccc2c(c1)c(CC(=O)O)c(C)n2C(=O)c1ccc(Cl)cc1,,,,,,,,,,,,,"K(p,uu,brain)",,0.11,,,BBBCTRL_469,False,True,True,COc1ccc2c(c1)c(CC(=O)O)c(C)n2C(=O)c1ccc(Cl)cc1,1,False,0,0,False,False,无改动,357.793,357.07678567199997,25,68.53,68.53,3.9273200000000026,95.74730000000002,1,3,4,5,3,3,0.15789473684210525,6,0,0.7678065120522066,0,O=C(c1ccccc1)n1ccc2ccccc21,CC(C1CCCCC1)C1CCC2CCCCC21,False,"InChI=1S/C19H16ClNO4/c1-11-15(10-18(22)23)16-9-14(25-2)7-8-17(16)21(11)19(24)12-3-5-13(20)6-4-12/h3-9H,10H2,1-2H3,(H,22,23)",CGIGDMFJXJATDK-UHFFFAOYSA-N,CGIGDMFJXJATDK,0,True,False,False,False,CGIGDMFJXJATDK-UHFFFAOYSA-N,1,True,1
FRI_0025,bbb_control_friden,CHEMBL129,ZIDOVUDINE,Cc1cn([C@H]2C[C@H](N=[N+]=[N-])[C@@H](CO)O2)c(=O)[nH]c1=O,,,,,,,,,,,,,"K(p,uu,brain)",,0.09,,,BBBCTRL_470,False,True,True,Cc1cn([C@H]2C[C@H](N=[N+]=[N-])[C@@H](CO)O2)c(=O)[nH]c1=O,1,False,0,0,False,False,无改动,267.245,267.096753896,19,133.07999999999998,133.07999999999998,-0.19628000000000012,64.60650000000003,2,5,3,3,2,1,0.6,9,0,0.4454004294146897,0,O=c1ccn([C@H]2CCCO2)c(=O)[nH]1,CC1CCC(C2CCCC2)C(C)C1,False,"InChI=1S/C10H13N5O4/c1-5-3-15(10(18)12-9(5)17)8-2-6(13-14-11)7(4-16)19-8/h3,6-8,16H,2,4H2,1H3,(H,12,17,18)/t6-,7+,8+/m0/s1",HBOMLICNUCNMMY-XLPZGREQSA-N,HBOMLICNUCNMMY,3,False,False,False,False,HBOMLICNUCNMMY-XLPZGREQSA-N,1,True,1
FRI_0026,bbb_control_friden,CHEMBL114,SAQUINAVIR,CC(C)(C)NC(=O)[C@@H]1C[C@@H]2CCCC[C@@H]2CN1C[C@@H](O)[C@H](Cc1ccccc1)NC(=O)[C@H](CC(N)=O)NC(=O)c1ccc2ccccc2n1,,,,,,,,,,,,,"K(p,uu,brain)",,0.055,,,BBBCTRL_471,False,True,True,CC(C)(C)NC(=O)[C@@H]1C[C@@H]2CCCC[C@@H]2CN1C[C@@H](O)[C@H](Cc1ccccc1)NC(=O)[C@H](CC(N)=O)NC(=O)c1ccc2ccccc2n1,1,False,0,0,False,False,无改动,670.855,670.3842687,49,166.75,166.75,3.092400000000003,188.21379999999954,5,7,12,16,5,3,0.5,11,0,0.19750207121883465,1,O=C(CNC(=O)c1ccc2ccccc2n1)N[C@H](CCN1CC[C@@H]2CCCC[C@@H]2C1)Cc1ccccc1,CC(CCC(C)C1CCC2CCCCC2C1)CC(CCC1CCC2CCCCC2C1)CC1CCCCC1,False,"InChI=1S/C38H50N6O5/c1-38(2,3)43-37(49)32-20-26-14-7-8-15-27(26)22-44(32)23-33(45)30(19-24-11-5-4-6-12-24)41-36(48)31(21-34(39)46)42-35(47)29-18-17-25-13-9-10-16-28(25)40-29/h4-6,9-13,16-18,26-27,30-33,45H,7-8,14-15,19-23H2,1-3H3,(H2,39,46)(H,41,48)(H,42,47)(H,43,49)/t26-,27+,30-,31-,32-,33+/m0/s1",QWAXKHKRTORLEM-UGJKXSETSA-N,QWAXKHKRTORLEM,6,False,True,False,False,QWAXKHKRTORLEM-UGJKXSETSA-N,1,True,1
FRI_0027,bbb_control_friden,CHEMBL6966,VERAPAMIL,COc1ccc(CCN(C)CCCC(C#N)(c2ccc(OC)c(OC)c2)C(C)C)cc1OC,,,,,,,,,,,,,"K(p,uu,brain)",,0.053,,,BBBCTRL_472,False,True,True,COc1ccc(CCN(C)CCCC(C#N)(c2ccc(OC)c(OC)c2)C(C)C)cc1OC,1,False,0,0,False,False,无改动,454.6110000000002,454.28315769599993,33,63.95,63.95,5.093080000000005,131.65600000000003,0,6,13,13,2,2,0.5185185185185185,6,0,0.41990487617646394,1,c1ccc(CCCCNCCc2ccccc2)cc1,C(CCCC1CCCCC1)CCCC1CCCCC1,False,"InChI=1S/C27H38N2O4/c1-20(2)27(19-28,22-10-12-24(31-5)26(18-22)33-7)14-8-15-29(3)16-13-21-9-11-23(30-4)25(17-21)32-6/h9-12,17-18,20H,8,13-16H2,1-7H3",SGTNSNPWRIOYBX-UHFFFAOYSA-N,SGTNSNPWRIOYBX,1,False,True,False,False,SGTNSNPWRIOYBX-UHFFFAOYSA-N,1,True,1
FRI_0028,bbb_control_friden,CHEMBL593,DELAVIRDINE,CC(C)Nc1cccnc1N1CCN(C(=O)c2cc3cc(NS(C)(=O)=O)ccc3[nH]2)CC1,,,,,,,,,,,,,"K(p,uu,brain)",,0.043,,,BBBCTRL_473,False,True,True,CC(C)Nc1cccnc1N1CCN(C(=O)c2cc3cc(NS(C)(=O)=O)ccc3[nH]2)CC1,1,False,0,0,False,False,无改动,456.5720000000002,456.194359756,32,110.43,118.81,2.7171000000000003,127.87740000000004,3,6,6,7,4,3,0.36363636363636365,10,0,0.5260863337385334,0,O=C(c1cc2ccccc2[nH]1)N1CCN(c2ccccn2)CC1,CC(C1CCC(C2CCCCC2)CC1)C1CC2CCCCC2C1,False,"InChI=1S/C22H28N6O3S/c1-15(2)24-19-5-4-8-23-21(19)27-9-11-28(12-10-27)22(29)20-14-16-13-17(26-32(3,30)31)6-7-18(16)25-20/h4-8,13-15,24-26H,9-12H2,1-3H3",WHBIGIKBNXZKFE-UHFFFAOYSA-N,WHBIGIKBNXZKFE,0,False,False,True,False,WHBIGIKBNXZKFE-UHFFFAOYSA-N,1,True,3
FRI_0029,bbb_control_friden,CHEMBL521606,NADOLOL,CC(C)(C)NCC(O)COc1cccc2c1CC(O)C(O)C2,,,,,,,,,,,,,"K(p,uu,brain)",,0.037,,,BBBCTRL_474,False,True,True,CC(C)(C)NCC(O)COc1cccc2c1CC(O)C(O)C2,1,False,0,0,False,False,无改动,309.406,309.194008344,22,81.95,81.95,0.6347999999999998,85.12110000000003,4,5,5,6,2,1,0.6470588235294118,5,0,0.641468123492022,0,c1ccc2c(c1)CCCC2,C1CCC2CCCCC2C1,False,"InChI=1S/C17H27NO4/c1-17(2,3)18-9-12(19)10-22-16-6-4-5-11-7-14(20)15(21)8-13(11)16/h4-6,12,14-15,18-21H,7-10H2,1-3H3",VWPOSFSPZNDTMJ-UHFFFAOYSA-N,VWPOSFSPZNDTMJ,3,False,True,False,False,VWPOSFSPZNDTMJ-UHFFFAOYSA-N,1,True,1
FRI_0030,bbb_control_friden,CHEMBL374478,RIFAMPIN,CO[C@H]1/C=C/O[C@@]2(C)Oc3c(C)c(O)c4c(O)c(c(/C=N/N5CCN(C)CC5)c(O)c4c3C2=O)NC(=O)/C(C)=C\C=C\[C@H](C)[C@H](O)[C@@H](C)[C@@H](O)[C@@H](C)[C@H](OC(C)=O)[C@@H]1C,,,,,,,,,,,,,"K(p,uu,brain)",,0.035,,,BBBCTRL_475,False,True,True,CO[C@H]1/C=C/O[C@@]2(C)Oc3c(C)c(O)c4c(O)c(c(/C=N/N5CCN(C)CC5)c(O)c4c3C2=O)NC(=O)/C(C)=C\C=C\[C@H](C)[C@H](O)[C@@H](C)[C@@H](O)[C@@H](C)[C@H](OC(C)=O)[C@@H]1C,1,False,0,0,False,False,无改动,822.9530000000003,822.4051232960003,59,220.14999999999995,220.14999999999995,4.335420000000004,220.47919999999948,6,15,4,5,6,2,0.5348837209302325,16,0,0.10948484473140657,3,O=C1/C=C\C=C\CCCCCCCC/C=C/OC2Oc3ccc4cc(c(/C=N/N5CCNCC5)cc4c3C2=O)N1,CC1CC2CC3CCC4CC(CCCCCCCCCCCCCCC1)C(C)C4C3CC2CCC1CCCCC1,False,"InChI=1S/C43H58N4O12/c1-21-12-11-13-22(2)42(55)45-33-28(20-44-47-17-15-46(9)16-18-47)37(52)30-31(38(33)53)36(51)26(6)40-32(30)41(54)43(8,59-40)57-19-14-29(56-10)23(3)39(58-27(7)48)25(5)35(50)24(4)34(21)49/h11-14,19-21,23-25,29,34-35,39,49-53H,15-18H2,1-10H3,(H,45,55)/b12-11+,19-14+,22-13-,44-20+/t21-,23+,24+,25+,29-,34-,35+,39+,43-/m0/s1",JQXXHWHPUNPDRT-WLSIYKJHSA-N,JQXXHWHPUNPDRT,9,False,True,False,False,JQXXHWHPUNPDRT-WLSIYKJHSA-N,1,True,1
FRI_0031,bbb_control_friden,CHEMBL9,NORFLOXACIN,CCn1cc(C(=O)O)c(=O)c2cc(F)c(N3CCNCC3)cc21,,,,,,,,,,,,,"K(p,uu,brain)",,0.028,,,BBBCTRL_476,False,True,True,CCn1cc(C(=O)O)c(=O)c2cc(F)c(N3CCNCC3)cc21,1,False,0,0,False,False,无改动,319.336,319.133219656,23,74.57000000000001,74.57000000000001,1.2683,85.88200000000003,2,4,3,3,3,2,0.375,7,0,0.8910262977655083,0,O=c1cc[nH]c2cc(N3CCNCC3)ccc12,CC1CCCC2CC(C3CCCCC3)CCC12,False,"InChI=1S/C16H18FN3O3/c1-2-19-9-11(16(22)23)15(21)10-7-12(17)14(8-13(10)19)20-5-3-18-4-6-20/h7-9,18H,2-6H2,1H3,(H,22,23)",OGJPXUAPXNRGGI-UHFFFAOYSA-N,OGJPXUAPXNRGGI,0,True,True,False,False,OGJPXUAPXNRGGI-UHFFFAOYSA-N,1,True,3
FRI_0032,bbb_control_friden,CHEMBL24,ATENOLOL,CC(C)NCC(O)COc1ccc(CC(N)=O)cc1,,,,,,,,,,,,,"K(p,uu,brain)",,0.026,,,BBBCTRL_477,False,True,True,CC(C)NCC(O)COc1ccc(CC(N)=O)cc1,1,False,0,0,False,False,无改动,266.34099999999995,266.163042564,19,84.57999999999998,84.57999999999998,0.45210000000000006,73.98090000000003,3,4,8,8,1,1,0.5,5,0,0.637673978167625,0,c1ccccc1,C1CCCCC1,False,"InChI=1S/C14H22N2O3/c1-10(2)16-8-12(17)9-19-13-5-3-11(4-6-13)7-14(15)18/h3-6,10,12,16-17H,7-9H2,1-2H3,(H2,15,18)",METKIMKYRPQLGS-UHFFFAOYSA-N,METKIMKYRPQLGS,1,False,True,False,False,METKIMKYRPQLGS-UHFFFAOYSA-N,1,True,14
FRI_0033,bbb_control_friden,CHEMBL701,BACLOFEN,NCC(CC(=O)O)c1ccc(Cl)cc1,,,,,,,,,,,,,"K(p,uu,brain)",,0.02,,,BBBCTRL_478,False,True,True,NCC(CC(=O)O)c1ccc(Cl)cc1,1,False,0,0,False,False,无改动,213.664,213.055656304,14,63.32000000000001,63.32000000000001,1.857,55.50020000000002,2,2,4,4,1,1,0.3,4,0,0.8026316327602356,0,c1ccccc1,C1CCCCC1,False,"InChI=1S/C10H12ClNO2/c11-9-3-1-7(2-4-9)8(6-12)5-10(13)14/h1-4,8H,5-6,12H2,(H,13,14)",KPYSYYIEGFHWSV-UHFFFAOYSA-N,KPYSYYIEGFHWSV,1,True,True,False,False,KPYSYYIEGFHWSV-UHFFFAOYSA-N,1,True,14
FRI_0034,bbb_control_friden,CHEMBL584,NELFINAVIR,Cc1c(O)cccc1C(=O)N[C@@H](CSc1ccccc1)[C@H](O)CN1C[C@H]2CCCC[C@H]2C[C@H]1C(=O)NC(C)(C)C,,,,,,,,,,,,,"K(p,uu,brain)",,0.019,,,BBBCTRL_479,False,True,True,Cc1c(O)cccc1C(=O)N[C@@H](CSc1ccccc1)[C@H](O)CN1C[C@H]2CCCC[C@H]2C[C@H]1C(=O)NC(C)(C)C,1,False,0,0,False,False,无改动,567.7960000000003,567.31307792,40,101.9,127.19999999999999,4.747620000000004,160.5924999999997,4,6,9,12,4,2,0.5625,8,0,0.326500977362608,1,O=C(N[C@H](CCN1CC[C@@H]2CCCC[C@@H]2C1)CSc1ccccc1)c1ccccc1,CC(CC(CCC1CCCCC1)CCC1CCC2CCCCC2C1)C1CCCCC1,False,"InChI=1S/C32H45N3O4S/c1-21-25(15-10-16-28(21)36)30(38)33-26(20-40-24-13-6-5-7-14-24)29(37)19-35-18-23-12-9-8-11-22(23)17-27(35)31(39)34-32(2,3)4/h5-7,10,13-16,22-23,26-27,29,36-37H,8-9,11-12,17-20H2,1-4H3,(H,33,38)(H,34,39)/t22-,23+,26-,27-,29+/m0/s1",QAGYKUNXZHXKMR-HKWSIXNMSA-N,QAGYKUNXZHXKMR,5,False,True,False,False,QAGYKUNXZHXKMR-HKWSIXNMSA-N,1,True,1
FRI_0035,bbb_control_friden,CHEMBL74632,MOXALACTAM,CO[C@@]1(NC(=O)C(C(=O)O)c2ccc(O)cc2)C(=O)N2C(C(=O)O)=C(CSc3nnnn3C)CO[C@@H]21,,,,,,,,,,,,,"K(p,uu,brain)",,0.019,,,BBBCTRL_480,False,True,True,CO[C@@]1(NC(=O)C(C(=O)O)c2ccc(O)cc2)C(=O)N2C(C(=O)O)=C(CSc3nnnn3C)CO[C@@H]21,1,False,0,0,False,False,无改动,520.4800000000004,520.1012472200001,36,206.29999999999998,231.6,-1.127699999999999,117.13610000000001,4,11,9,10,4,2,0.35,16,0,0.13379526381178464,2,O=C(Cc1ccccc1)NC1C(=O)N2C=C(CSc3nnn[nH]3)CO[C@H]12,CC(CC1CCCCC1)CC1C(C)C2CC(CCC3CCCC3)CCC12,False,"InChI=1S/C20H20N6O9S/c1-25-19(22-23-24-25)36-8-10-7-35-18-20(34-2,17(33)26(18)13(10)16(31)32)21-14(28)12(15(29)30)9-3-5-11(27)6-4-9/h3-6,12,18,27H,7-8H2,1-2H3,(H,21,28)(H,29,30)(H,31,32)/t12?,18-,20+/m1/s1",JWCSIUVGFCSJCK-CAVRMKNVSA-N,JWCSIUVGFCSJCK,3,True,False,False,False,JWCSIUVGFCSJCK-CAVRMKNVSA-N,1,True,1
FRI_0036,bbb_control_friden,CHEMBL1329,MORPHINE 3-GLUCURONIDE,CN1CC[C@]23c4c5ccc(O[C@@H]6O[C@H](C(=O)O)[C@@H](O)[C@H](O)[C@H]6O)c4O[C@H]2[C@@H](O)C=C[C@H]3[C@H]1C5,,,,,,,,,,,,,"K(p,uu,brain)",,0.011,,,BBBCTRL_481,False,True,True,CN1CC[C@]23c4c5ccc(O[C@@H]6O[C@H](C(=O)O)[C@@H](O)[C@H](O)[C@H]6O)c4O[C@H]2[C@@H](O)C=C[C@H]3[C@H]1C5,1,False,0,0,False,False,无改动,461.4670000000001,461.1685814439999,33,149.15,149.15,-1.2364999999999988,110.85700000000006,5,9,3,3,6,1,0.6086956521739131,10,0,0.3462561975145998,0,C1=C[C@H]2[C@H]3Cc4ccc(O[C@H]5CCCCO5)c5c4[C@@]2(CCN3)[C@H](C1)O5,C1CCC(CC2CCC3CC4CCCC56C(CCCC45)CC2C36)CC1,False,"InChI=1S/C23H27NO9/c1-24-7-6-23-10-3-4-12(25)20(23)32-18-13(5-2-9(14(18)23)8-11(10)24)31-22-17(28)15(26)16(27)19(33-22)21(29)30/h2-5,10-12,15-17,19-20,22,25-28H,6-8H2,1H3,(H,29,30)/t10-,11+,12-,15-,16-,17+,19-,20-,22+,23-/m0/s1",WAEXKFONHRHFBZ-ZXDZBKESSA-N,WAEXKFONHRHFBZ,10,True,True,False,False,WAEXKFONHRHFBZ-ZXDZBKESSA-N,1,True,1
FRI_0037,bbb_control_friden,CHEMBL572,NITROFURANTOIN,O=C1CN(/N=C/c2ccc([N+](=O)[O-])o2)C(=O)N1,,,,,,,,,,,,,"K(p,uu,brain)",,0.011,,,BBBCTRL_482,False,True,True,O=C1CN(/N=C/c2ccc([N+](=O)[O-])o2)C(=O)N1,1,False,0,0,False,False,无改动,238.15899999999996,238.033819292,17,118.05000000000001,118.05000000000001,0.07349999999999995,53.20110000000001,1,6,3,3,2,1,0.125,9,0,0.34574784602989994,0,O=C1CN(/N=C/c2ccco2)C(=O)N1,CC1CC(C)C(CCC2CCCC2)C1,False,"InChI=1S/C8H6N4O5/c13-6-4-11(8(14)10-6)9-3-5-1-2-7(17-5)12(15)16/h1-3H,4H2,(H,10,13,14)/b9-3+",NXFQHRVNIOXGAQ-YCRREMRBSA-N,NXFQHRVNIOXGAQ,0,False,False,False,False,NXFQHRVNIOXGAQ-YCRREMRBSA-N,1,True,1
FRI_0038,bbb_control_friden,CHEMBL1330,MORPHINE GLUCURONIDE,CN1CC[C@]23c4c5ccc(O)c4O[C@H]2[C@@H](O[C@@H]2O[C@H](C(=O)O)[C@@H](O)[C@H](O)[C@H]2O)C=C[C@H]3[C@H]1C5,,,,,,,,,,,,,"K(p,uu,brain)",,0.008,,,BBBCTRL_483,False,True,True,CN1CC[C@]23c4c5ccc(O)c4O[C@H]2[C@@H](O[C@@H]2O[C@H](C(=O)O)[C@@H](O)[C@H](O)[C@H]2O)C=C[C@H]3[C@H]1C5,1,False,0,0,False,False,无改动,461.4670000000001,461.16858144399987,33,149.15,149.15,-0.8853999999999989,110.76000000000005,5,9,3,3,6,1,0.6086956521739131,10,0,0.3591442443848132,0,C1=C[C@H]2[C@H]3Cc4cccc5c4[C@@]2(CCN3)[C@@H](O5)[C@H]1O[C@H]1CCCCO1,C1CCC(CC2CCC3C4CCCC35C2CC2CCCC(C4)C25)CC1,False,"InChI=1S/C23H27NO9/c1-24-7-6-23-10-3-5-13(31-22-17(28)15(26)16(27)19(33-22)21(29)30)20(23)32-18-12(25)4-2-9(14(18)23)8-11(10)24/h2-5,10-11,13,15-17,19-20,22,25-28H,6-8H2,1H3,(H,29,30)/t10-,11+,13-,15-,16-,17+,19-,20-,22+,23-/m0/s1",GNJCUHZOSOYIEC-GAROZEBRSA-N,GNJCUHZOSOYIEC,10,True,True,False,False,GNJCUHZOSOYIEC-GAROZEBRSA-N,1,True,1
FRI_0039,bbb_control_friden,CHEMBL428647,PACLITAXEL,CC(=O)O[C@H]1C(=O)[C@@]2(C)[C@H]([C@H](OC(=O)c3ccccc3)[C@]3(O)C[C@H](OC(=O)[C@H](O)[C@@H](NC(=O)c4ccccc4)c4ccccc4)C(C)=C1C3(C)C)[C@]1(OC(C)=O)CO[C@@H]1C[C@@H]2O,,,,,,,,,,,,,"K(p,uu,brain)",,0.007,,,BBBCTRL_484,False,True,True,CC(=O)O[C@H]1C(=O)[C@@]2(C)[C@H]([C@H](OC(=O)c3ccccc3)[C@]3(O)C[C@H](OC(=O)[C@H](O)[C@@H](NC(=O)c4ccccc4)c4ccccc4)C(C)=C1C3(C)C)[C@]1(OC(C)=O)CO[C@@H]1C[C@@H]2O,1,False,0,0,False,False,无改动,853.918,853.330955312,62,221.28999999999996,221.28999999999996,3.7357000000000036,217.69009999999943,4,14,10,15,7,3,0.44680851063829785,15,0,0.12978619445124503,2,O=C(C[C@@H](NC(=O)c1ccccc1)c1ccccc1)O[C@@H]1C=C2CC(=O)C3CC[C@H]4OCC4[C@H]3[C@H](OC(=O)c3ccccc3)C(C2)C1,CC(CC1CC2CC(C)C3CCC4CCC4C3C(CC(C)C3CCCCC3)C(C1)C2)CC(CC(C)C1CCCCC1)C1CCCCC1,False,"InChI=1S/C47H51NO14/c1-25-31(60-43(56)36(52)35(28-16-10-7-11-17-28)48-41(54)29-18-12-8-13-19-29)23-47(57)40(61-42(55)30-20-14-9-15-21-30)38-45(6,32(51)22-33-46(38,24-58-33)62-27(3)50)39(53)37(59-26(2)49)34(25)44(47,4)5/h7-21,31-33,35-38,40,51-52,57H,22-24H2,1-6H3,(H,48,54)/t31-,32-,33+,35-,36+,37+,38-,40-,45+,46-,47+/m0/s1",RCINICONZNJXQF-MZXODVADSA-N,RCINICONZNJXQF,11,False,False,False,False,RCINICONZNJXQF-MZXODVADSA-N,1,True,1
FRI_0040,bbb_control_friden,CHEMBL841,LOPERAMIDE,CN(C)C(=O)C(CCN1CCC(O)(c2ccc(Cl)cc2)CC1)(c1ccccc1)c1ccccc1,,,,,,,,,,,,,"K(p,uu,brain)",,0.007,,,BBBCTRL_485,False,True,True,CN(C)C(=O)C(CCN1CCC(O)(c2ccc(Cl)cc2)CC1)(c1ccccc1)c1ccccc1,1,False,0,0,False,False,无改动,477.0480000000002,476.223055976,34,43.78,43.78,5.088000000000005,137.99779999999987,1,3,7,8,4,3,0.3448275862068966,5,0,0.5163157587714763,1,c1ccc(C2CCN(CCC(c3ccccc3)c3ccccc3)CC2)cc1,C1CCC(C2CCC(CCC(C3CCCCC3)C3CCCCC3)CC2)CC1,False,"InChI=1S/C29H33ClN2O2/c1-31(2)27(33)29(24-9-5-3-6-10-24,25-11-7-4-8-12-25)19-22-32-20-17-28(34,18-21-32)23-13-15-26(30)16-14-23/h3-16,34H,17-22H2,1-2H3",RDOIQAHITMMDAJ-UHFFFAOYSA-N,RDOIQAHITMMDAJ,0,False,True,False,False,RDOIQAHITMMDAJ-UHFFFAOYSA-N,1,True,1
FRI_0041,bbb_control_friden,CHEMBL34259,METHOTREXATE,CN(Cc1cnc2nc(N)nc(N)c2n1)c1ccc(C(=O)N[C@@H](CCC(=O)O)C(=O)O)cc1,,,,,,,,,,,,,"K(p,uu,brain)",,0.006,,,BBBCTRL_486,False,True,True,CN(Cc1cnc2nc(N)nc(N)c2n1)c1ccc(C(=O)N[C@@H](CCC(=O)O)C(=O)O)cc1,1,False,0,0,False,False,无改动,454.44700000000023,454.1713158039999,33,210.53999999999996,210.53999999999996,0.2684000000000012,118.26160000000004,5,10,9,10,3,3,0.25,13,0,0.29472034504927447,0,c1ccc(NCc2cnc3ncncc3n2)cc1,C1CCC(CCC2CCC3CCCCC3C2)CC1,False,"InChI=1S/C20H22N8O5/c1-28(9-11-8-23-17-15(24-11)16(21)26-20(22)27-17)12-4-2-10(3-5-12)18(31)25-13(19(32)33)6-7-14(29)30/h2-5,8,13H,6-7,9H2,1H3,(H,25,31)(H,29,30)(H,32,33)(H4,21,22,23,26,27)/t13-/m0/s1",FBOZXECLQNJBKD-ZDUSSCGKSA-N,FBOZXECLQNJBKD,1,True,False,False,False,FBOZXECLQNJBKD-ZDUSSCGKSA-N,1,True,2
FRI_0042,bbb_control_friden,CHEMBL1730,CEFOTAXIME,CO/N=C(\C(=O)N[C@@H]1C(=O)N2C(C(=O)O)=C(COC(C)=O)CS[C@H]12)c1csc(N)n1,,,,,,,,,,,,,"K(p,uu,brain)",,,,,BBBCTRL_487,False,True,True,CO/N=C(\C(=O)N[C@@H]1C(=O)N2C(C(=O)O)=C(COC(C)=O)CS[C@H]12)c1csc(N)n1,1,False,0,0,False,False,无改动,455.47400000000016,455.05693988400003,30,173.51,227.05,-0.6224999999999987,106.38990000000001,3,11,7,9,3,1,0.375,14,0,0.2079442341493163,1,N=C(C(=O)N[C@@H]1C(=O)N2C=CCS[C@H]12)c1cscn1,CC1C2CCCCC2C1CC(C)C(C)C1CCCC1,False,"InChI=1S/C16H17N5O7S2/c1-6(22)28-3-7-4-29-14-10(13(24)21(14)11(7)15(25)26)19-12(23)9(20-27-2)8-5-30-16(17)18-8/h5,10,14H,3-4H2,1-2H3,(H2,17,18)(H,19,23)(H,25,26)/b20-9-/t10-,14-/m1/s1",GPRBEKHLDVQUJE-QSWIMTSFSA-N,GPRBEKHLDVQUJE,2,True,False,False,False,GPRBEKHLDVQUJE-QSWIMTSFSA-N,1,True,1
