batch,line_no,submitted_name,std_smiles,set,is_batch_anchor
1,1,GKA_0003,Cc1cnc(NC(=O)c2cc(Oc3cnc(C(=O)N(C)C)nc3)c3cc(C)oc3c2)cn1,gka_candidate,False
1,2,GKA_0010,CS(=O)(=O)c1ccc(/C(=C/C2CCCC2)c2cc3cccnc3[nH]2)cc1Cl,gka_candidate,False
1,3,GKA_0017,O=C(Nc1ncc(Cl)s1)[C@H](CC1CCOCC1)n1ncc2c(S(=O)(=O)C3CC3)cccc21,gka_candidate,False
1,4,GKA_0024,O=C(Nc1nc2c(s1)CCCC2)C(CC1CCOCC1)c1ccc(S(=O)(=O)C2CC2)cc1,gka_candidate,False
1,5,GKA_0031,O=C(Nc1ncc(F)s1)[C@H](CC1CCOCC1)c1ccc(S(=O)(=O)C2CCCC2)cc1,gka_candidate,False
1,6,GKA_0038,CCS(=O)(=O)c1ccc(Oc2cc3nc(-c4ccccn4)[nH]c3cc2CN2C(=O)CCC2=O)cc1,gka_candidate,False
1,7,GKA_0045,CS(=O)(=O)c1ccc(/C(=C\C2CCCCC2)C(=O)Nc2ncc(Br)s2)cc1C(F)(F)F,gka_candidate,False
1,8,GKA_0052,COC[C@H](C)Oc1cc(C#Cc2cccc(OCCN3CCCC3)c2)cc(C(=O)Nc2ccn(C)n2)c1,gka_candidate,False
1,9,GKA_0059,COC[C@H](C)Oc1cc(C#Cc2ccc3[nH]ccc3c2)cc(C(=O)Nc2ccn(C)n2)c1,gka_candidate,False
1,10,GKA_0066,CN(C)CC(=O)N1CCC(c2nsc(Nc3ncc(Sc4ccccn4)cc3Oc3ccccc3)n2)CC1,gka_candidate,False
1,11,GKA_0073,COC[C@H](C)Oc1cc(O[C@@H](C)Cc2ccc(Cl)o2)cc(C(=O)Nc2ccc(C(=O)O)cn2)c1,gka_candidate,False
1,12,GKA_0080,O=C(Nc1nccs1)c1nc(Sc2nnc[nH]2)ccc1Sc1ccccc1,gka_candidate,False
1,13,GKA_0087,O=C(Nc1ccc(F)cn1)[C@H](CN1CC(O)C1)Oc1ncnc2c1cnn2-c1c(Cl)cccc1Cl,gka_candidate,False
1,14,GKA_0094,COC[C@H](C)Oc1cc(Oc2ccc(S(C)(=O)=O)cc2)cc(C(=O)Nc2nccs2)c1,gka_candidate,False
1,15,GKA_0101,CCc1cnc(-c2cc(Oc3ccc(S(C)(=O)=O)cc3)cc(OC(C)C)c2)[nH]c1=O,gka_candidate,False
1,16,GKA_0108,COC[C@H](C)Oc1cc(/C=C/c2ccccc2F)cc(C(=O)Nc2ccn(C)n2)c1,gka_candidate,False
1,17,GKA_0115,O=C(O)c1ccc(NC(=O)c2cc(OCc3ccccc3F)cc(OCc3ccccc3F)c2)nc1,gka_candidate,False
1,18,GKA_0122,CS(=O)(=O)c1ccc(Oc2cc(O[C@H]3CCOC3)cc(C(=O)Nc3nccs3)c2)cc1,gka_candidate,False
1,19,GKA_0129,Cc1ccc(NC(=O)[C@H](CC2CCCC2)n2ccc(S(=O)(=O)C3CC3)cc2=O)nc1,gka_candidate,False
1,20,GKA_0136,c1ccc(Oc2cc(Sc3ccccn3)cnc2Nc2nc(C3CCCO3)ns2)cc1,gka_candidate,False
1,21,GKA_0143,CCOc1ccc(-c2cnc(NC(=O)NC)cc2Oc2c(F)cccc2F)cn1,gka_candidate,False
1,22,GKA_0150,CNC(=O)Nc1cc(Oc2cncc(OC)c2)c(C2CCOCC2)cn1,gka_candidate,False
1,23,GKA_0157,O=C(Nc1ncc(F)s1)[C@H](CC1CCOCC1)c1ccc(S(=O)(=O)C2CCC2)cc1,gka_candidate,False
1,24,GKA_0164,COc1ccc2nc(NC(=O)C(CC3CCCC3)c3ccc(S(=O)(=O)N4CCOCC4)cc3)sc2n1,gka_candidate,False
1,25,GKA_0171,Cc1cnc(NC(=O)[C@H](COC2CCC2)Oc2ncnc3c2cnn3-c2ncccc2Cl)cn1,gka_candidate,False
1,26,GKA_0178,CC(C)=CCOc1cc(Oc2ccc(S(=O)(=O)C3CC3)cc2)cc(C(=O)Nc2cnc(C)cn2)c1,gka_candidate,False
1,27,GKA_0185,O=C(O)c1cccc(Oc2cnc(NC(=O)C(OC3CCOCC3)c3ccc(S(=O)(=O)C4CCCC4)cc3)s2)c1,gka_candidate,False
1,28,GKA_0192,Cc1cc(S(=O)(=O)C2CCCC2)cc(=O)n1C(CC1CCCC1)C(=O)Nc1nccs1,gka_candidate,False
1,29,GKA_0199,Cc1csc(Nc2ncc(Sc3ccccc3)cc2OCc2ccccc2)n1,gka_candidate,False
1,30,GKA_0206,CCS(=O)(=O)c1ccc(Oc2cc3nc(-c4ccccn4)[nH]c3cc2Cn2ccnc2)cc1,gka_candidate,False
1,31,GKA_0213,CCOP(=O)(Cn1ccc(NC(=O)c2cc(Oc3cnc(S(C)(=O)=O)nc3)cc(OC(C)C)c2)n1)OCC,gka_candidate,False
1,32,GKA_0220,Cc1cnc(NC(=O)c2cc(Oc3cnc(C(=O)N4CCCCC4)cn3)c3cc(C)oc3c2)cn1,gka_candidate,False
1,33,GKA_0227,O=C(O)c1ccc(Oc2cnc(NC(=O)C(Oc3ccc(F)cc3F)c3ccc(S(=O)(=O)N4CCCCC4)cc3)s2)cc1,gka_candidate,False
1,34,GKA_0234,COC[C@H](C)Oc1cc(Oc2ccc(C(=O)N3CCC3)cc2)cc(C(=O)Nc2nc3c(s2)CN(c2cc[nH]c(=O)c2)CC3)c1,gka_candidate,False
1,35,GKA_0241,O=C(O)c1ccc(Oc2cnc(NC(=O)C(Oc3ccc(F)cc3F)c3ccc(S(=O)(=O)C4CCOCC4)cc3)s2)cc1,gka_candidate,False
1,36,GKA_0248,CNC(=O)Nc1cc(Oc2c(F)cccc2F)c(-c2ccccc2)cn1,gka_candidate,False
1,37,GKA_0255,O=C(Nc1nccs1)[C@H](CC1CCCCC1)N1CCN(S(=O)(=O)Cc2ccccc2)CC1=O,gka_candidate,False
1,38,GKA_0262,Cc1cccnc1-c1cc(Oc2ccc(S(C)(=O)=O)cc2)cc(C(=O)Nc2ccn(CCN3CCOCC3)n2)c1,gka_candidate,False
1,39,GKA_0269,Cc1cnc(NC(=O)c2cc(Oc3ccc(C(=O)N(C)C)nc3)c3cc(C)oc3c2)cn1,gka_candidate,False
1,40,GKA_0276,O=C(O)Cc1nc(NC(=O)C(Oc2ccc(F)cc2F)c2ccc(S(=O)(=O)N3CCCCC3)cc2)sc1Cl,gka_candidate,False
1,41,GKA_0283,CCOP(=O)(Cn1ccc(NC(=O)c2cc(Oc3ccc(S(C)(=O)=O)nn3)cc(OC(C)C)c2)n1)OCC,gka_candidate,False
1,42,GKA_0290,COc1ccc2nc(NC(=O)C(CC3CCCC3)c3ccc(S(=O)(=O)Nc4ccccc4)cc3)sc2n1,gka_candidate,False
1,43,GKA_0297,O=C(Nc1ncc(-c2cn(CC(=O)N3CCOCC3)nn2)s1)C(CC1CCOCC1)c1ccc(S(=O)(=O)C2CC2)cc1,gka_candidate,False
1,44,GKA_0304,CN1CCN(Cc2cnc(NC(=O)/C(=N/N3CCCC3)c3ccc(S(=O)(=O)C4CC4)cc3)s2)CC1,gka_candidate,False
1,45,GKA_0311,O=C(Nc1ncc(Cl)s1)[C@H](CC1CCCCO1)N1CCN(S(=O)(=O)C2CC2)CC1=O,gka_candidate,False
1,46,GKA_0318,CNC(=O)NC(=O)/C(=C/C1CCCC1)c1ccc(-n2nnnc2C)c(F)c1,gka_candidate,False
1,47,GKA_0325,CCS(=O)(=O)c1ccc(Oc2cc3cc(-c4ccc(CCC(=O)OC)cn4)[nH]c3cc2C2CCC(=O)N2C)cc1,gka_candidate,False
1,48,GKA_0332,COC(=O)CCc1ccc(-c2cc3cc(Oc4ccc(S(C)(=O)=O)cc4)c(C4CCC(=O)N4C)cc3[nH]2)nc1,gka_candidate,False
1,49,GKA_0339,COC(=O)CCc1ccc(Oc2cc3cc(-c4ccc(C(F)(F)F)cn4)[nH]c3cc2C2CCC(=O)N2C)cc1,gka_candidate,False
1,50,GKA_0346,CCOP(=O)(Cc1cnc(-c2cc3cc(Oc4ccc(S(C)(=O)=O)nc4)c(C4CCC(=O)N4C)cc3[nH]2)s1)OCC,gka_candidate,False
1,51,GKA_0353,CN1C(=O)CCC1c1cc2[nH]c(-c3ccc(C(F)(F)F)cn3)cc2cc1Oc1ccc(S(C)(=O)=O)nc1,gka_candidate,False
1,52,GKA_0360,COC[C@H](C)Oc1cc(O[C@@H](C)Cc2ccccc2)cc(C(=O)Nc2ccc(C(=O)O)cn2)c1,gka_candidate,False
1,53,GKA_0367,C[C@@H](CO)Oc1cc(Oc2ccc(C(=O)N(C)C)cc2)cc(C(=O)Nc2ccn(C)n2)c1,gka_candidate,False
1,54,GKA_0374,CC(C)=CCOc1cc(Oc2ccc(S(=O)(=O)C3CC3)cc2)cc(C(=O)Nc2ncc(F)s2)c1,gka_candidate,False
1,55,GKA_0381,COC[C@H](C)Oc1cc(Oc2ccc(C(=O)N(C)C)cc2)cc(C(=O)Nc2cc[nH]n2)c1,gka_candidate,False
1,56,GKA_0388,COC[C@H](C)Oc1cc(C#Cc2cccc(OC(C)C)c2)cc(C(=O)Nc2ccn(C)n2)c1,gka_candidate,False
1,57,GKA_0395,CNC(=O)Nc1cc(Oc2cncc(OC)c2)c(-c2ccc(OCCO)nc2)cn1,gka_candidate,False
1,58,GKA_0402,COCCNS(=O)(=O)c1ccc(C(CC2CCCC2)C(=O)Nc2nc3ccc(OC)nc3s2)cc1,gka_candidate,False
1,59,GKA_0409,COC(=O)Cc1csc(-c2cc3cc(Oc4ccc(S(C)(=O)=O)cc4)c(C4CCC(=O)N4C)cc3[nH]2)n1,gka_candidate,False
1,60,GKA_0416,CN1C(=O)CCC1c1cc2[nH]c(-c3ncc(CCC(=O)O)s3)cc2cc1Oc1ccc(S(C)(=O)=O)nc1,gka_candidate,False
1,61,GKA_0423,CN1C(=O)CCC1c1cc2[nH]c(-c3ccc(CCC(=O)O)cn3)cc2cc1Oc1ccc(S(C)(=O)=O)cc1,gka_candidate,False
1,62,GKA_0430,O=C(Nc1ccccn1)[C@H](CN1CC(O)C1)Oc1ncnc2c1cnn2-c1c(F)cccc1Cl,gka_candidate,False
1,63,GKA_0437,CC[C@@H](COC)Oc1cc(Oc2ccc(S(=O)(=O)OC)cc2)cc(C(=O)Nc2nccs2)c1,gka_candidate,False
1,64,GKA_0444,O=C(Nc1nccs1)/C(=C/C1CCCCC1)c1ccc(-n2nnnc2C(F)(F)F)c(Cl)c1,gka_candidate,False
1,65,GKA_0451,O=C(Nc1ncc(Oc2cccc(CO)c2)s1)C(OC1CCOCC1)c1ccc(S(=O)(=O)C2CC2)cc1,gka_candidate,False
1,66,GKA_0458,COCCC(Oc1ncnc2c1cnn2-c1ccccc1Cl)C(=O)Nc1ccc(C)cn1,gka_candidate,False
1,67,GKA_0465,COc1cc(S(=O)(=O)C2CC2)c2cnn([C@@H](CC3CCOCC3)C(=O)Nc3ncc(F)s3)c2c1,gka_candidate,False
1,68,GKA_0472,CN1C(=O)CCC1c1cc2[nH]c(-c3ccc(CC(C)(C)C(=O)O)cn3)cc2cc1Oc1ccc(S(C)(=O)=O)nc1,gka_candidate,False
1,69,GKA_0479,CCn1nccc1Oc1cc(C[C@H]2CC[C@](C)(O)CC2)cnc1NC(=O)NC,gka_candidate,False
1,70,GKA_0486,CN1C(=O)CCC1c1cc2[nH]c(-c3nc(CC(=O)O)cs3)cc2cc1Oc1ccc(S(C)(=O)=O)cc1,gka_candidate,False
1,71,GKA_0493,CCn1nccc1Oc1cc(C[C@H]2CC[C@@H](O)CC2)cnc1NC(=O)NC,gka_candidate,False
1,72,GKA_0500,CC(C)OC[C@H](Oc1ncnc2c1cnn2-c1ccccc1Cl)C(=O)Nc1ccc(Cl)cn1,gka_candidate,False
1,73,GKA_0507,Cc1csc(Nc2ncnc3ccc(Oc4ccccc4S(C)(=O)=O)cc23)n1,gka_candidate,False
1,74,GKA_0514,CNC(=O)Nc1cc(Oc2c(F)cccc2F)c(-c2ccc(OC)nc2)cn1,gka_candidate,False
1,75,GKA_0521,COC[C@H](C)Oc1cc(Oc2ccccc2)cc(C(=O)Nc2ccc(C(=O)O)cn2)c1,gka_candidate,False
1,76,GKA_0528,COC[C@H](C)Oc1cc(/C=C/c2c(F)cccc2F)cc(C(=O)Nc2ccn(C)n2)c1,gka_candidate,False
1,77,GKA_0535,CC(C)Oc1cc(Oc2ccc(S(C)(=O)=O)cc2)cc(C(=O)Nc2nc3c(s2)CN(C(=O)OC(C)(C)C)CC3)c1,gka_candidate,False
1,78,GKA_0542,CCCCN(CCCC)S(=O)(=O)c1ccc(C(CC2CCCC2)C(=O)Nc2nc3ccc(OC)nc3s2)cc1,gka_candidate,False
1,79,GKA_0549,COCCC(Oc1ncnc2c1cnn2-c1ccccc1OC)C(=O)Nc1ccc(C)cn1,gka_candidate,False
1,80,GKA_0556,O=C(Nc1ccccn1)[C@H](CN1CC(O)C1)Oc1ncnc2c1cnn2-c1ccccc1Cl,gka_candidate,False
1,81,GKA_0563,Cn1ccc(Nc2ncnc3ccc(Oc4ccccc4S(C)(=O)=O)cc23)n1,gka_candidate,False
1,82,GKA_0570,O=C(Nc1nccs1)/C(=C/C1CCCC1)c1ccc(Cl)c(Cl)c1,gka_candidate,False
1,83,GKA_0577,CNC(=O)Nc1ncc(SC2CCN(S(C)(=O)=O)CC2)cc1Oc1cccnc1C,gka_candidate,False
1,84,GKA_0584,CCC(CC)Oc1cc(Oc2cnc(C(=O)N(C)C)nc2)cc(-c2nccc(=O)[nH]2)c1,gka_candidate,False
1,85,GKA_0591,CC(C)=CCOc1cc(Oc2ccc(S(=O)(=O)N3CC4CCC(C3)O4)cc2)cc(C(=O)Nc2ccn(C)n2)c1,gka_candidate,False
1,86,GKA_0598,Cc1csc(NC(=O)c2nc(Sc3nncn3C)ccc2Sc2ccc(F)cc2)n1,gka_candidate,False
1,87,GKA_0605,O=C(O)c1cc(Oc2cnc(NC(=O)C(OC3CCOCC3)c3ccc(S(=O)(=O)C4CC4)cc3)s2)ccc1F,gka_candidate,False
1,88,GKA_0612,CNC(=O)Nc1cc(Oc2cncc(OC)c2)c([C@@H]2CCCOC2)cn1,gka_candidate,False
1,89,GKA_0619,Cc1csc(NC(=O)c2cc(Oc3ccccc3)ccc2N)n1,gka_candidate,False
1,90,GKA_0626,COC[C@H](Oc1ncnc2c1cnn2-c1ccccc1Cl)C(=O)Nc1ccc(C)cn1,gka_candidate,False
1,91,GKA_0633,CC(C)c1csc(NC(=O)[C@H](CC2CCOCC2)c2ccc(S(C)(=O)=O)cc2)n1,gka_candidate,False
1,92,GKA_0640,Cc1nsc(NC(=O)c2cc(Sc3nncn3C)ccc2N)n1,gka_candidate,False
1,93,GKA_0647,Cc1cc(Oc2cnc(NC(=O)C(O[C@@H]3CCOC3)c3ccc(S(=O)(=O)C4CC4)cc3)s2)ccc1C(=O)O,gka_candidate,False
1,94,GKA_0654,O=C(Nc1ncc(Cl)s1)[C@H](CC1CCCCC1)n1cnc2cc(S(=O)(=O)C3CCCC3)ccc2c1=O,gka_candidate,False
1,95,GKA_0661,CNC(=O)Nc1cc(Oc2cnccc2C)c(-c2ccc(OCCO)nc2)cn1,gka_candidate,False
1,96,GKA_0668,O=C(O)C(=O)Nc1ccc(NC(=O)[C@H](CC2CCCC2)n2cnc(C(F)(F)F)c2)nc1,gka_candidate,False
1,97,GKA_0675,Cn1ccc(Nc2ncnc3ccc(Oc4ncccc4CO)cc23)n1,gka_candidate,False
1,98,GKA_0682,CCOC[C@H](Oc1ncnc2c1cnn2-c1ccccc1Cl)C(=O)Nc1cnc(C)cn1,gka_candidate,False
1,99,GKA_0689,CCn1nccc1Oc1cc(C[C@H]2C[C@H](O)C2)cnc1NC(=O)NC,gka_candidate,False
1,100,GKA_0696,Cc1ccc(NC(=O)[C@H](CC2CCCC2)n2ccc(S(C)(=O)=O)cc2=O)nc1,gka_candidate,False
1,101,GKA_0703,CC(C)Oc1cc(Oc2ccc(S(C)(=O)=O)cc2)cc(-c2ncc(C(C)C)c(=O)[nH]2)c1,gka_candidate,False
1,102,GKA_0710,CNC(=O)Nc1ncc(SCCCO)cc1Oc1cccnc1C,gka_candidate,False
1,103,GKA_0717,O=C(Nc1ccc(F)cn1)[C@H](COCCO)Oc1ncnc2c1cnn2-c1ccccc1Cl,gka_candidate,False
1,104,GKA_0724,CN1C(=O)CCC1c1cc2[nH]c(-c3ccc(CCC(=O)O)cn3)cc2cc1Sc1ccccn1,gka_candidate,False
1,105,GKA_0731,CNC(=O)Nc1cc(Oc2cccnc2)c(-c2ccc(OCCO)nc2)cn1,gka_candidate,False
1,106,GKA_0738,COc1ccc2nc(NC(=O)C(CC3CCCC3)c3ccc(S(=O)(=O)NCc4ccccc4)cc3)sc2n1,gka_candidate,False
1,107,GKA_0745,Cc1csc(NC(=O)c2cc(Sc3ncc[nH]3)ccc2N)n1,gka_candidate,False
1,108,GKA_0752,CCn1nc(COC)cc1Oc1cc(CC2CCOCC2)cnc1NC(=O)NC,gka_candidate,False
1,109,GKA_0759,CNC(=O)Nc1cc(Oc2c(F)cccc2F)ccn1,gka_candidate,False
1,110,GKA_0766,CCc1ncccc1Oc1cc(Sc2ccccn2)cnc1NC(=O)NCc1cccc(O)c1,gka_candidate,False
1,111,GKA_0773,CCOc1cncc(Oc2cc(NC(=O)NC)ncc2-c2ccc(OCCO)nc2)c1,gka_candidate,False
1,112,GKA_0780,Cc1cc(S(=O)(=O)C2CCCC2)cc(=O)n1C(CC1CCCCO1)C(=O)Nc1nccs1,gka_candidate,False
1,113,B3D_0003,CN1CC[C@]23c4c5ccc(O)c4O[C@H]2[C@@H](OC2O[C@H](C(=O)O)[C@@H](O)[C@H](O)[C@H]2O)C=C[C@H]3[C@H]1C5,bbb_control_b3db,False
1,114,B3D_0010,CCNc1cccnc1N1CCN(C(=O)c2cc3cc(NS(C)(=O)=O)ccc3[nH]2)CC1,bbb_control_b3db,False
1,115,B3D_0017,O=C(O)c1cc(=O)c2c(Cl)cc(Cl)cc2[nH]1,bbb_control_b3db,False
1,116,B3D_0024,CN(C)Cc1ccc(CSCCNC2N=CC=C2[N+](=O)[O-])o1,bbb_control_b3db,False
1,117,B3D_0033,Cc1ccc(Cc2cnc(NCCCCc3ncc(Br)cc3C)[nH]c2=O)cn1,bbb_control_b3db,False
1,118,B3D_0040,O=C(c1ccc(OCCN2CCCCC2)cc1)c1c(-c2ccc(O)cc2)sc2cc(O)ccc12,bbb_control_b3db,False
1,119,B3D_0047,CC(C)CC(=O)c1ccc(OCCCCO)cc1O,bbb_control_b3db,False
1,120,B3D_0054,CC(C)NC(O)COc1ccc(CC(N)=O)cc1,bbb_control_b3db,False
1,121,B3D_0061,Cc1ccccc1NC1=NCCN1,bbb_control_b3db,False
1,122,B3D_0068,Cc1ccc(NC2=NCCN2)c(C)c1,bbb_control_b3db,False
1,123,B3D_0075,COc1ccc2c(c1)[C@@H](CC(=O)O)[C@H](C)N2C(=O)c1ccc(Cl)cc1,bbb_control_b3db,False
1,124,B3D_0082,Nc1nc(=O)n([C@@H]2CS[C@H](CO)O2)cc1F,bbb_control_b3db,False
1,125,B3D_0089,CN(C)Cc1ccc(SCCNc2[nH]ccc2[N+](=O)[O-])o1,bbb_control_b3db,False
1,126,B3D_0096,COc1cc2ncnc(Nc3ccc(F)c(Cl)c3)c2cc1OCCCN1CCOCC1,bbb_control_b3db,False
1,127,B3D_0103,CC(=O)NCCCOc1cccc(CN2CCCCC2)c1,bbb_control_b3db,False
1,128,B3D_0110,CC1=C(C(=O)OC(C)(C)C)C(c2cccc([N+](=O)[O-])c2)C(C(=O)OC(C)(C)C)=C(C)N1,bbb_control_b3db,False
1,129,B3D_0117,Cc1ccc2c(OCCN3CCC(Cc4ccc5c(c4)NC(=O)CO5)CC3)cccc2n1,bbb_control_b3db,False
1,130,B3D_0124,CC1c2ccccc2N(C(N)=O)c2ccccc2C1C,bbb_control_b3db,False
1,131,B3D_0131,CCC1(C2=CCCCC2)C(=O)NC(=O)NC1=O,bbb_control_b3db,False
1,132,B3D_0138,Cn1cnc2c1c(=O)[nH]c(=O)n2C,bbb_control_b3db,False
1,133,B3D_0145,C[C@@H]1NC(=O)C2(CCCC2)NC1=O,bbb_control_b3db,False
1,134,B3D_0152,CC(C)(O)Cn1nc(-c2c(-c3ccccc3)nn3ccccc23)ccc1=O,bbb_control_b3db,False
1,135,B3D_0159,OC(Cn1cncn1)(Cn1cncn1)c1ccc(F)cc1F,bbb_control_b3db,False
1,136,B3D_0166,CC1CCN(CC[C@H]2CCCN2S(=O)(=O)c2cccc(O)c2)CC1,bbb_control_b3db,False
1,137,B3D_0173,O=c1c(-c2ccc(O)cc2)coc2cc(O)ccc12,bbb_control_b3db,False
1,138,B3D_0180,O=[N+]([O-])c1c(Cc2ccccc2)c[nH]c1NCCSCc1ccccn1,bbb_control_b3db,False
1,139,B3D_0187,Cc1c(I)c(=O)n(-c2ccccc2)n1C,bbb_control_b3db,False
1,140,B3D_0194,CC1(O)NC=C2CN=C(c3ccccc3F)c3cc(Cl)ccc3N21,bbb_control_b3db,False
1,141,B3D_0201,O=c1c(Br)ccc2n1CC1CNCC2C1,bbb_control_b3db,False
1,142,B3D_0208,Cc1cnc(N=C(N)N)s1,bbb_control_b3db,False
1,143,B3D_0215,O=C(OCc1ccccc1)N1CCC(CNc2ccccn2)CC1,bbb_control_b3db,False
1,144,B3D_0222,Cc1nnc2n1-c1ccc(Cl)cc1C(c1ccccc1)=NC2,bbb_control_b3db,False
1,145,B3D_0229,Cc1c(N(C)C)c(=O)n(-c2ccccc2)n1C,bbb_control_b3db,False
1,146,B3D_0236,CN1C(=O)NC2N=CN(C)C2C1=O,bbb_control_b3db,False
1,147,B3D_0243,CN1C(=O)CN=C(c2ccccc2F)c2cc([N+](=O)[O-])ccc21,bbb_control_b3db,False
1,148,B3D_0250,c1cc(CN2CCCCC2)cc(OCCCNc2nc3ccccc3s2)c1,bbb_control_b3db,False
1,149,B3D_0257,O=c1cc(NC2CCN(C/C=C/c3ccccc3)CC2)c2cc(Cl)ccc2o1,bbb_control_b3db,False
1,150,B3D_0264,CN(C)Cc1ccccc1Sc1ccc(F)cc1N,bbb_control_b3db,False
1,151,B3D_0271,CN1C2CC(OC(=O)[C@@H](CO)c3ccccc3)CC1C1OC12,bbb_control_b3db,False
1,152,B3D_0278,CCCN1CCOC2c3cc(O)ccc3CCC21,bbb_control_b3db,False
1,153,B3D_0285,CCCN1CC(CSC)CC2c3cccc4[nH]cc(c34)CC21,bbb_control_b3db,False
1,154,B3D_0292,CCCCN1CC2Cc3cc(OC)c(OC)cc3C2C1,bbb_control_b3db,False
1,155,B3D_0299,OC1CNCc2ccccc21,bbb_control_b3db,False
1,156,B3D_0306,O=c1[nH]c(C2=CC(N3CCC(c4ccccc4)CC3)CC2)nc2c(Cl)cccc12,bbb_control_b3db,False
1,157,B3D_0313,Clc1ccc2c(c1)C1CNCC1c1ccccc1O2,bbb_control_b3db,False
1,158,B3D_0320,COc1ccc(C=C2CCCN=C2c2cccnc2)c(OC)c1,bbb_control_b3db,False
1,159,B3D_0327,COc1ccc(C(C)(C)C)cc1CNC1C2CCN(CC2)C1C(c1ccccc1)c1ccccc1,bbb_control_b3db,False
1,160,B3D_0334,c1ccc2c(c1)[nH]c1cnccc12,bbb_control_b3db,False
1,161,B3D_0341,Fc1ccc([C@@H]2CCNCC2COc2ccc3c(c2)OCO3)cc1,bbb_control_b3db,False
1,162,B3D_0348,Cc1ccn(CCCCN2CCN(c3cc(C(F)(F)F)nc(C(C)(C)C)n3)CC2)c(=O)c1,bbb_control_b3db,False
1,163,B3D_0355,COC(=O)C1C(OC(=O)c2ccccc2)CC2CCC1N2C,bbb_control_b3db,False
1,164,B3D_0362,CC1=NC(O)C(=O)Nc2ccc(Cl)cc21,bbb_control_b3db,False
1,165,B3D_0369,CN(C)CCO[C@@](C)(c1ccccc1)c1ccccn1,bbb_control_b3db,False
1,166,B3D_0376,COc1cccc(CC2CCN(C3CCC(OC)(c4ccc5c(c4)OCO5)CC3)CC2)c1,bbb_control_b3db,False
1,167,B3D_0383,CSc1ccc2c(c1)N(CCC1CCCCN1)c1ccccc1S2,bbb_control_b3db,False
1,168,B3D_0390,CC1CCN(CCCC(=O)c2ccc(F)cc2)CC1,bbb_control_b3db,False
1,169,B3D_0397,CC1CCCC1,bbb_control_b3db,False
1,170,B3D_0404,NCCCN1c2ccccc2Sc2ccc(Cl)cc21,bbb_control_b3db,False
1,171,B3D_0411,CCC(C)(C)C,bbb_control_b3db,False
1,172,B3D_0418,CC1CCC(C)C(C)C1,bbb_control_b3db,False
1,173,B3D_0425,CCc1ccc(C(=O)C(C)CN2CCCC2)cc1,bbb_control_b3db,False
1,174,B3D_0432,COc1cc2sc(-c3ccccc3)nc2cc1CNC1CCCNC1c1ccccc1,bbb_control_b3db,False
1,175,B3D_0439,CN1CCN(CCCN2c3ccccc3Sc3ccc(C(F)(F)F)cc32)CC1,bbb_control_b3db,False
1,176,FRI_0007,COc1ccc2c3c1O[C@H]1C(=O)CC[C@@]4(O)[C@@H](C2)N(C)CC[C@]314,bbb_control_friden,False
1,177,FRI_0017,C=CCc1ccccc1OCC(O)CNC(C)C,bbb_control_friden,False
1,178,FRI_0027,COc1ccc(CCN(C)CCCC(C#N)(c2ccc(OC)c(OC)c2)C(C)C)cc1OC,bbb_control_friden,False
1,179,FRI_0037,O=C1CN(/N=C/c2ccc([N+](=O)[O-])o2)C(=O)N1,bbb_control_friden,False
1,180,FRI_0041,CN(Cc1cnc2nc(N)nc(N)c2n1)c1ccc(C(=O)N[C@@H](CCC(=O)O)C(=O)O)cc1,bbb_control_friden,True
1,181,FRI_0036,CN1CC[C@]23c4c5ccc(O[C@@H]6O[C@H](C(=O)O)[C@@H](O)[C@H](O)[C@H]6O)c4O[C@H]2[C@@H](O)C=C[C@H]3[C@H]1C5,bbb_control_friden,True
1,182,FRI_0035,CO[C@@]1(NC(=O)C(C(=O)O)c2ccc(O)cc2)C(=O)N2C(C(=O)O)=C(CSc3nnnn3C)CO[C@@H]21,bbb_control_friden,True
1,183,FRI_0030,CO[C@H]1/C=C/O[C@@]2(C)Oc3c(C)c(O)c4c(O)c(c(/C=N/N5CCN(C)CC5)c(O)c4c3C2=O)NC(=O)/C(C)=C\C=C\[C@H](C)[C@H](O)[C@@H](C)[C@@H](O)[C@@H](C)[C@H](OC(C)=O)[C@@H]1C,bbb_control_friden,True
1,184,FRI_0026,CC(C)(C)NC(=O)[C@@H]1C[C@@H]2CCCC[C@@H]2CN1C[C@@H](O)[C@H](Cc1ccccc1)NC(=O)[C@H](CC(N)=O)NC(=O)c1ccc2ccccc2n1,bbb_control_friden,True
1,185,FRI_0023,C[C@H]1COc2c(N3CCN(C)CC3)c(F)cc3c(=O)c(C(=O)O)cn1c23,bbb_control_friden,True
1,186,FRI_0019,C=CCOc1ccccc1OCC(O)CNC(C)C,bbb_control_friden,True
1,187,FRI_0016,CSc1ccc2c(c1)N(CCC1CCCCN1C)c1ccccc1S2,bbb_control_friden,True
1,188,FRI_0012,CN(C)CCC=C1c2ccccc2CCc2ccccc21,bbb_control_friden,True
1,189,FRI_0008,COc1ccc2c3c1O[C@H]1[C@@H](O)C=C[C@H]4[C@@H](C2)N(C)CC[C@@]341,bbb_control_friden,True
1,190,FRI_0005,CN1C(=O)CN=C(c2ccccc2)c2cc(Cl)ccc21,bbb_control_friden,True
1,191,FRI_0001,CC(NC(C)(C)C)C(=O)c1cccc(Cl)c1,bbb_control_friden,True
1,192,B3D_0025,O=C(O)c1cc(N=Nc2ccc(S(=O)(=O)Nc3ccccn3)cc2)ccc1O,bbb_control_b3db,True
1,193,B3D_0001,COC1(NC(=O)C(C(=O)O)c2ccc(O)cc2)C(=O)N2C(C(=O)O)=C(CSc3nnnn3C)COC21,bbb_control_b3db,True
1,194,B3D_0026,Oc1c(I)cc(Cl)c2cccnc12,bbb_control_b3db,True
1,195,B3D_0002,CN1CC[C@]23c4c5ccc(OC6O[C@H](C(=O)O)[C@@H](O)[C@H](O)[C@H]6O)c4O[C@H]2[C@@H](O)C=C[C@H]3[C@H]1C5,bbb_control_b3db,True
1,196,B3D_0441,CN(C)CCCN1c2ccccc2Sc2ccc(C(F)(F)F)cc21,bbb_control_b3db,True
1,197,B3D_0443,OCCN1CCN(CCCN2c3ccccc3Sc3ccc(C(F)(F)F)cc32)CC1,bbb_control_b3db,True
1,198,B3D_0444,CNC1CCC(c2ccc(Cl)c(Cl)c2)c2ccccc21,bbb_control_b3db,True
1,199,B3D_0445,FC(F)(F)c1ccc(N2CCNCC2)nc1Cl,bbb_control_b3db,True
2,1,GKA_0004,CS(=O)(=O)c1ccc([C@@H](C[C@H]2CCC(=O)C2)C(=O)Nc2cnccn2)cc1Cl,gka_candidate,False
2,2,GKA_0011,CCOP(=O)(Cn1ccc(NC(=O)c2cc(Oc3ccc(C(=O)N4CCC4)nc3)cc(OC(C)C)c2)n1)OCC,gka_candidate,False
2,3,GKA_0018,CCS(=O)(=O)c1ccc(Oc2cc3nc(-c4ccccn4)[nH]c3cc2CN2C(=O)COC2=O)cc1,gka_candidate,False
2,4,GKA_0025,CCOP(=O)(Cn1ccc(NC(=O)c2cc(Oc3cnc(C(=O)N4CCC4)nc3)cc(OC(C)C)c2)n1)OCC,gka_candidate,False
2,5,GKA_0032,Cn1ccnc1Sc1cc(C(=O)Nc2nccs2)c(N)cc1F,gka_candidate,False
2,6,GKA_0039,Cc1csc(Nc2ncnc3ccc(Oc4ccccc4F)cc23)n1,gka_candidate,False
2,7,GKA_0046,CS(=O)(=O)c1ccc(/C(=C\C2CCCCCC2)C(=O)Nc2ncc(Br)s2)cc1,gka_candidate,False
2,8,GKA_0053,COC[C@H](C)Oc1cc(C#Cc2cccc(OCCN3CCCCC3)c2)cc(C(=O)Nc2ccn(C)n2)c1,gka_candidate,False
2,9,GKA_0060,COC(=O)CCc1ccc(-c2cc3cc(Oc4ccc(C(=O)N5CCC5)nc4)c(C4CCCN4C(C)=O)cc3[nH]2)nc1,gka_candidate,False
2,10,GKA_0067,c1ccc(Oc2cc(Sc3ccccn3)cnc2Nc2nc(C3CCOC3)ns2)cc1,gka_candidate,False
2,11,GKA_0074,COC[C@H](C)Oc1cc(C#Cc2ccc3c(c2)OCO3)cc(C(=O)Nc2ccn(C)n2)c1,gka_candidate,False
2,12,GKA_0081,Cc1nnnn1-c1ccc(/C(=C\C2CCCC2)C(=O)Nc2nccs2)cc1Cl,gka_candidate,False
2,13,GKA_0088,COc1ccc2nc(NC(=O)C(CC3CCCC3)c3ccc(S(=O)(=O)N4CCNCC4)cc3)sc2n1,gka_candidate,False
2,14,GKA_0095,Cc1cnc(NC(=O)c2cc(Oc3cnc(C(=O)N4CCCC4)cn3)c3cc(C)oc3c2)cn1,gka_candidate,False
2,15,GKA_0102,CS(=O)(=O)c1ccc(/C(=C\C2CCCCCCC2)C(=O)Nc2nccs2)cc1,gka_candidate,False
2,16,GKA_0109,Cc1cnc(NC(=O)[C@H](COC2CCC2)Oc2ncnc3c2cnn3-c2ccccc2Cl)cn1,gka_candidate,False
2,17,GKA_0116,Cc1cnc(NC(=O)c2cc(Oc3ccc(C(=O)N(C)C)cc3)c3cc(C)oc3c2)cn1,gka_candidate,False
2,18,GKA_0123,CC(C)Oc1cc(OC2Cc3ccccc3C2)cc(C(=O)Nc2ccc(C(=O)O)cn2)c1,gka_candidate,False
2,19,GKA_0130,COC[C@H](C)Oc1cc(Oc2ccc(S(C)(=O)=O)cc2)cc(C(=O)Nc2nc(C)ns2)c1,gka_candidate,False
2,20,GKA_0137,CCn1cc2c(Oc3cnc(C(=O)N4CCC4)c(F)c3)cc(C(=O)Nc3cnc(C)cn3)cc2n1,gka_candidate,False
2,21,GKA_0144,CC(=O)N1CCC(c2nsc(Nc3ncc(Sc4ccccn4)cc3Oc3cccnc3C)n2)CC1,gka_candidate,False
2,22,GKA_0151,COC[C@H](C)Oc1cc(/C=C/c2cccc(C)n2)cc(C(=O)Nc2ccn(C)n2)c1,gka_candidate,False
2,23,GKA_0158,CC(C)=CCOc1cc(Oc2ccc(S(=O)(=O)N3CC4CCC(C3)O4)cc2)cc(C(=O)Nc2cc(C)n(C)n2)c1,gka_candidate,False
2,24,GKA_0165,Cc1ccc(NC(=O)[C@H](CC2CCC(F)(F)CC2)n2ccc(S(=O)(=O)C(C)C)cc2=O)nc1,gka_candidate,False
2,25,GKA_0172,Cc1csc(Nc2ncc(SCc3ccccc3)cc2Oc2ccccc2)n1,gka_candidate,False
2,26,GKA_0179,CCS(=O)(=O)c1ccc(Oc2cc3nc(-c4ccccn4)[nH]c3cc2CN2CCOCC2=O)cc1,gka_candidate,False
2,27,GKA_0186,CC(C)(C)OC(=O)N1CCc2nc(NC(=O)c3cc(Oc4ccc(S(C)(=O)=O)cc4)cc(OC4CCCC4)c3)sc2C1,gka_candidate,False
2,28,GKA_0193,COC[C@H](C)Oc1cc(Oc2cnc(C(=O)N(C)C)cn2)cc(-c2nccc(=O)[nH]2)c1,gka_candidate,False
2,29,GKA_0200,COCC(C)Oc1cc(Oc2ccc(S(C)(=O)=O)cc2)cc(C(=O)Nc2nc3c(s2)CN(c2ccncc2)CC3)c1,gka_candidate,False
2,30,GKA_0207,CCn1cc2c(Oc3cnc(C(=O)N(C)C)c(F)c3)cc(C(=O)Nc3cnc(C)cn3)cc2n1,gka_candidate,False
2,31,GKA_0214,CS(=O)(=O)c1ccc(Oc2cc(OC3CCOCC3)cc(C(=O)Nc3nccs3)c2)cc1,gka_candidate,False
2,32,GKA_0221,COc1ccc2nc(NC(=O)C(CC3CCCC3)c3ccc(S(=O)(=O)N(C)Cc4ccccc4)cc3)sc2n1,gka_candidate,False
2,33,GKA_0228,O=C(Nc1ncc(-c2cn(CCOCc3ccccc3)nn2)s1)C(CC1CCOCC1)c1ccc(S(=O)(=O)C2CC2)cc1,gka_candidate,False
2,34,GKA_0235,CNC(=O)Nc1cc(Oc2cccc(Cl)c2F)ccn1,gka_candidate,False
2,35,GKA_0242,O=C(Nc1ccc(Cl)cn1)[C@H](CN1CC(O)C1)Oc1ncnc2c1cnn2-c1ncccc1Cl,gka_candidate,False
2,36,GKA_0249,CNC(=O)Nc1ncc(SCC2CCOCC2)cc1Oc1cccnc1C,gka_candidate,False
2,37,GKA_0256,Cc1csc(Nc2ncc(Br)cc2Oc2ccccc2)n1,gka_candidate,False
2,38,GKA_0263,CC(C)/C=C(/C(=O)Nc1nccs1)c1ccc(S(C)(=O)=O)cc1,gka_candidate,False
2,39,GKA_0270,Cc1ccc(NC(=O)c2cc(Oc3cnc(C(=O)N(C)C)cn3)c3cc(C)oc3c2)nc1,gka_candidate,False
2,40,GKA_0277,Cc1ccc(NC(=O)[C@H](CC(C)C)n2ccc(S(=O)(=O)C(C)C)cc2=O)nc1,gka_candidate,False
2,41,GKA_0284,CS(=O)(=O)c1ccc(Oc2cc3cc(-c4ccc(CCC(=O)O)cn4)[nH]c3nc2CN2CCCC2=O)cn1,gka_candidate,False
2,42,GKA_0291,Cc1cnc(NC(=O)c2cc(Oc3cnc(C(=O)N(C)C)cn3)c3cc(C)nn3c2)cn1,gka_candidate,False
2,43,GKA_0298,COc1ccc2nc(NC(=O)C(OC3CCOCC3)c3ccc(S(=O)(=O)N4CCOCC4)cc3)sc2n1,gka_candidate,False
2,44,GKA_0305,CS(=O)(=O)c1ccc(C(CC2CCOCC2)C(=O)Nc2nc(-c3ccccc3)cs2)cc1,gka_candidate,False
2,45,GKA_0312,CN1CCN(C(=O)Cn2cc(-c3cnc(NC(=O)C(CC4CCOCC4)c4ccc(S(=O)(=O)C5CC5)cc4)s3)nn2)CC1,gka_candidate,False
2,46,GKA_0319,Cc1cnc(NC(=O)c2cc(Oc3cnc(C(=O)N(C)C)nc3)c3cn(C)nc3c2)cn1,gka_candidate,False
2,47,GKA_0326,COC(=O)CCc1ccc(Oc2cc3cc(-c4ccccn4)[nH]c3cc2C2CCC(=O)N2C)cc1,gka_candidate,False
2,48,GKA_0333,CS(=O)(=O)c1ccc(/C(=C\C2CCCCC2)C(=O)Nc2nccs2)cc1C(F)(F)F,gka_candidate,False
2,49,GKA_0340,CN1C(=O)CCC1c1cc2[nH]c(-c3ccccn3)cc2cc1Oc1ccc(CCC(=O)O)cc1,gka_candidate,False
2,50,GKA_0347,CN1C(=O)CCC1c1cc2[nH]c(-c3ccccn3)cc2cc1Oc1ccc(CC(=O)O)cc1,gka_candidate,False
2,51,GKA_0354,Cc1csc(Nc2ncc(Sc3ccncc3)cc2Oc2ccccc2)n1,gka_candidate,False
2,52,GKA_0361,COC[C@H](C)Oc1cc(C#Cc2cccc(N(C)C)c2)cc(C(=O)Nc2ccn(C)n2)c1,gka_candidate,False
2,53,GKA_0368,O=C(Nc1ncc(F)s1)[C@H](CC1CCOCC1)n1ncc2c(S(=O)(=O)C3CC3)cccc21,gka_candidate,False
2,54,GKA_0375,CN1C(=O)CCC1c1cc2[nH]c(-c3nc(CC(=O)O)c(Cl)s3)cc2cc1Oc1ccc(S(C)(=O)=O)cc1,gka_candidate,False
2,55,GKA_0382,O=C(Nc1ccc(F)cn1)[C@H](CN1CC(O)C1)Oc1ncnc2c1cnn2-c1c(F)cccc1Cl,gka_candidate,False
2,56,GKA_0389,CCOP(=O)(Cn1ccc(NC(=O)c2cc(Oc3cnc(C(=O)N4CCC4)cn3)cc(OC(C)C)c2)n1)OCC,gka_candidate,False
2,57,GKA_0396,CS(=O)(=O)c1ccc(/C(=C\C2CCCC2)C(=O)Nc2nccs2)cc1,gka_candidate,False
2,58,GKA_0403,CC(C)=CCOc1cc(Oc2ccc(S(=O)(=O)N3C[C@@H](C)O[C@@H](C)C3)cc2)cc(C(=O)Nc2nccs2)c1,gka_candidate,False
2,59,GKA_0410,CCOP(=O)(Cc1csc(NC(=O)c2cc(Oc3ccc(S(C)(=O)=O)cc3)cc(O[C@@H](C)COC)c2)n1)OCC,gka_candidate,False
2,60,GKA_0417,COc1ccc(Sc2ccc(Sc3ccccn3)nc2C(=O)Nc2ncc(CCC(=O)O)s2)cc1,gka_candidate,False
2,61,GKA_0424,CCOP(=O)(Cn1ccc(NC(=O)c2cc(Oc3ccc(S(C)(=O)=O)cc3)cc(O[C@@H](C)COC)c2)n1)OCC,gka_candidate,False
2,62,GKA_0431,CCOP(=O)(Cn1ccc(NC(=O)c2cc(Oc3ccc(S(C)(=O)=O)cc3)cc(O[C@@H](C)CO)c2)n1)OCC,gka_candidate,False
2,63,GKA_0438,O=C(Nc1ncc(F)s1)C(CC1CCOCC1)c1ccc(S(=O)(=O)C2CC2)cc1,gka_candidate,False
2,64,GKA_0445,COC1CCN(S(=O)(=O)c2ccc(Oc3cc(OCC=C(C)C)cc(C(=O)Nc4nccs4)c3)cc2)CC1,gka_candidate,False
2,65,GKA_0452,CC(CCO)Oc1cc(Oc2ccc(S(C)(=O)=O)cc2)cc(C(=O)Nc2nccs2)c1,gka_candidate,False
2,66,GKA_0459,COCCC(Oc1ncnc2c1cnn2-c1ccccc1C(F)(F)F)C(=O)Nc1ccc(C)cn1,gka_candidate,False
2,67,GKA_0466,Cc1cccc(Sc2ccc(Sc3nnc[nH]3)nc2C(=O)Nc2nccs2)c1,gka_candidate,False
2,68,GKA_0473,CCC(COC)Oc1cc(Oc2ccc(S(C)(=O)=O)cc2)cc(C(=O)Nc2nccs2)c1,gka_candidate,False
2,69,GKA_0480,CC(C)Cc1csc(Nc2ncc(Sc3ccncc3)cc2Oc2ccccc2)n1,gka_candidate,False
2,70,GKA_0487,CN1C(=O)CCC1c1cc2[nH]c(-c3ccc(C(=O)NCCC(=O)O)cn3)cc2cc1Oc1ccc(S(C)(=O)=O)nc1,gka_candidate,False
2,71,GKA_0494,O=C(Nc1ncc(F)s1)[C@H](CC1CCOCC1)n1ncc2c(S(=O)(=O)C3CC3)cc(F)cc21,gka_candidate,False
2,72,GKA_0501,CC(C)OC[C@H](Oc1ncnc2c1cnn2-c1ccccc1Cl)C(=O)Nc1ccccn1,gka_candidate,False
2,73,GKA_0508,Cn1ccc(Nc2ncnc3ccc(Oc4ccc(F)cc4F)cc23)n1,gka_candidate,False
2,74,GKA_0515,Cc1ncccc1Oc1cc(Sc2ccccn2)cnc1Nc1nc(C2CCN(S(C)(=O)=O)CC2)ns1,gka_candidate,False
2,75,GKA_0522,Cc1ccc(NC(=O)[C@H](CC2CCCC2)n2cc(C)c(S(=O)(=O)C(C)C)cc2=O)nc1,gka_candidate,False
2,76,GKA_0529,CCN(CC)c1cccc(C#Cc2cc(O[C@@H](C)COC)cc(C(=O)Nc3ccn(C)n3)c2)c1,gka_candidate,False
2,77,GKA_0536,CCO[P@](C)(=O)Cn1ccc(NC(=O)c2cc(Oc3ccc(S(C)(=O)=O)cc3)cc(O[C@@H](C)COC)c2)n1,gka_candidate,False
2,78,GKA_0543,CC(=O)N1CCCC1c1cc2[nH]c(-c3ccc(CCC(=O)O)cn3)cc2cc1Oc1ccc(C(=O)N2CCC2)nc1,gka_candidate,False
2,79,GKA_0550,COC[C@H](C)Oc1cc(/C=C/c2cc(F)ccc2F)cc(C(=O)Nc2ccn(C)n2)c1,gka_candidate,False
2,80,GKA_0557,N#Cc1ccc(NC(=O)[C@H](CN2CC(O)C2)Oc2ncnc3c2cnn3-c2ccccc2Cl)nc1,gka_candidate,False
2,81,GKA_0564,CNC(=O)Nc1cc(Oc2cncc(C)c2)c(CCO)cn1,gka_candidate,False
2,82,GKA_0571,Cc1cnc(NC(=O)c2cc(Oc3cnc(C(=O)N(C)C)cn3)c3cc(C)oc3c2)cn1,gka_candidate,False
2,83,GKA_0578,CNC(=O)Nc1cc(Oc2cncc(C)c2)c([C@H]2C[C@](C)(O)C2)cn1,gka_candidate,False
2,84,GKA_0585,Cc1ccc(Oc2cnc(NC(=O)C(OC3CCOCC3)c3ccc(S(=O)(=O)C4CC4)cc3)s2)cc1C(=O)O,gka_candidate,False
2,85,GKA_0592,COC[C@H](C)Oc1cc(/C=C/c2cccc([N+](=O)[O-])c2)cc(C(=O)Nc2ccn(C)n2)c1,gka_candidate,False
2,86,GKA_0599,CCc1cnc(NC(=O)c2cc(Oc3cnc(C(=O)N(C)C)cn3)c3cc(C)oc3c2)cn1,gka_candidate,False
2,87,GKA_0606,COc1cc(Oc2cnc(NC(=O)C(OC3CCOCC3)c3ccc(S(=O)(=O)C4CC4)cc3)s2)ccc1C(=O)O,gka_candidate,False
2,88,GKA_0613,CC(=O)N1CCC(c2nsc(Nc3ncc(Sc4ccccn4)cc3Oc3ccccc3)n2)CC1,gka_candidate,False
2,89,GKA_0620,CN(C)C(=O)Cn1cc(-c2cnc(NC(=O)C(CC3CCOCC3)c3ccc(S(=O)(=O)C4CC4)cc3)s2)nn1,gka_candidate,False
2,90,GKA_0627,CCOC[C@H](Oc1ncnc2c1cnn2-c1ncccc1Cl)C(=O)Nc1ccc(Cl)cn1,gka_candidate,False
2,91,GKA_0634,CC(C)S(=O)(=O)c1ccn([C@@H](CC2CCCC2)C(=O)Nc2ccc(C(F)(F)F)cn2)c(=O)c1,gka_candidate,False
2,92,GKA_0641,CS(=O)(=O)c1ccc(Oc2cc(OC3CCCC3)cc(C(=O)Nc3nccs3)c2)cc1,gka_candidate,False
2,93,GKA_0648,Cc1cc2c(Oc3cnc(C(=O)N4CC(C)C4)cn3)cc(C(=O)Nc3cnccn3)cc2o1,gka_candidate,False
2,94,GKA_0655,CC(C)OC[C@H](Oc1ncnc2c1cnn2-c1ncccc1Cl)C(=O)Nc1ccc(Cl)cn1,gka_candidate,False
2,95,GKA_0662,Cc1ccc(NC(=O)[C@H](CC2CCCC2)n2cc(C)c(S(C)(=O)=O)cc2=O)nc1,gka_candidate,False
2,96,GKA_0669,CCn1nccc1Oc1cc(CCCCOC)cnc1NC(=O)NC,gka_candidate,False
2,97,GKA_0676,COC1CCN(S(=O)(=O)c2ccc(Oc3cc(OCC=C(C)C)cc(C(=O)Nc4ccn(C)n4)c3)cc2)CC1,gka_candidate,False
2,98,GKA_0683,CC(C)OC[C@H](Oc1ncnc2c1cnn2-c1ncccc1Cl)C(=O)Nc1ccc(F)cn1,gka_candidate,False
2,99,GKA_0690,COC[C@H](C)Oc1cc(Oc2ccc(C(=O)N3CCC3)cc2)cc(C(=O)Nc2nc3c(s2)CN(C(=O)N(C)C)CC3)c1,gka_candidate,False
2,100,GKA_0697,O=C(O)Cc1ccc(NC(=O)[C@H](CC2CCCC2)n2cnc(C(F)(F)F)c2)nc1,gka_candidate,False
2,101,GKA_0704,CCOCCc1cnc(NC(=O)NC)c(Oc2cccnc2CC)c1,gka_candidate,False
2,102,GKA_0711,Cc1cc(S(=O)(=O)C2CC2)cc(=O)n1[C@@H](CC1CCCC1)C(=O)Nc1ncc(F)s1,gka_candidate,False
2,103,GKA_0718,OCc1ccc(C(CC2CCCC2)c2cc3cccnc3[nH]2)cc1Cl,gka_candidate,False
2,104,GKA_0725,CCOC(=O)c1csc(NC(=O)c2cc(Sc3nncn3C)ccc2N)n1,gka_candidate,False
2,105,GKA_0732,O=C(O)c1ccc(Oc2cnc(NC(=O)[C@@H](Oc3ccc(F)cc3F)c3ccc(S(=O)(=O)C4CC4)cc3)s2)cc1,gka_candidate,False
2,106,GKA_0739,CS(=O)(=O)c1ccc(Oc2cc(O[C@@H]3CCOC3)cc(C(=O)Nc3nccs3)c2)cc1,gka_candidate,False
2,107,GKA_0746,COCCC(Sc1ncnc2c1cnn2-c1ccccc1Cl)C(=O)Nc1nc(C)cs1,gka_candidate,False
2,108,GKA_0753,CC(=O)c1ccc(C(CC2CCCC2)c2cc3cccnc3[nH]2)cc1Cl,gka_candidate,False
2,109,GKA_0760,COC[C@H](C)Oc1cc(/C=C/c2ccc([N+](=O)[O-])cc2)cc(C(=O)Nc2ccn(C)n2)c1,gka_candidate,False
2,110,GKA_0767,COc1ccc2nc(NC(=O)C(CC3CCCC3)c3ccc(S(N)(=O)=O)cc3)sc2n1,gka_candidate,False
2,111,GKA_0774,COc1cnc(-c2cc(Oc3ccc(S(C)(=O)=O)cc3)cc(OC(C)C)c2)[nH]c1=O,gka_candidate,False
2,112,GKA_0781,CS(=O)(=O)c1ccc2c(=O)n([C@@H](CC3CCCCC3)C(=O)Nc3nccs3)c(=O)[nH]c2c1,gka_candidate,False
2,113,B3D_0004,Cc1ccc(CC2CNC(NCCCCc3ncc(Br)cc3C)NC2=O)cn1,bbb_control_b3db,False
2,114,B3D_0011,CO[C@H]1/C=C/O[C@@]2(C)Oc3c(C)c(O)c4c(O)c(c(/C=N/N5CCN(C)CC5)c(O)c4c3C2=O)NC(=O)C/C(C)=C\C=C\[C@@H](C)C(O)[C@@H](C)[C@H](O)[C@H](C)[C@H](OC(C)=O)[C@@H]1C,bbb_control_b3db,False
2,115,B3D_0018,CCCc1nn(C)c2c(=O)[nH]c(-c3cc(S(=O)(=O)N4CCN(C)CC4)ccc3OCC)nc12,bbb_control_b3db,False
2,116,B3D_0027,CCNC(=NCCSCc1ncccc1Br)NC#N,bbb_control_b3db,False
2,117,B3D_0034,COC1(NC(=O)C2SC(=C(C(N)=O)C(=O)O)S2)C(=O)N2C(C(=O)O)=C(CSc3nnnn3C)CSC21,bbb_control_b3db,False
2,118,B3D_0041,CCOC(=O)N1CSCC1C(=O)O,bbb_control_b3db,False
2,119,B3D_0048,CC(C)CC(=O)c1ccc(OCCCCOc2ccc(CCC(=O)O)c(O)c2)cc1O,bbb_control_b3db,False
2,120,B3D_0055,CC1(C(=O)O)CCC2(C)CCC3(C)C(=CC(=O)C4C5(C)CCC(O)C(C)(C)C5CCC43C)C2C1,bbb_control_b3db,False
2,121,B3D_0062,CC(C)c1c(C(=O)Nc2ccccc2)c(-c2ccccc2)c(-c2ccc(F)cc2)n1CC[C@@H](O)C[C@@H](O)CC(=O)O,bbb_control_b3db,False
2,122,B3D_0069,Cc1nc(Nc2ncc(C(=O)Nc3c(Cl)cccc3Cl)s2)cc(N2CCN(CCO)CC2)n1,bbb_control_b3db,False
2,123,B3D_0076,O=C(O)c1ccc(-c2ccccc2)cc1,bbb_control_b3db,False
2,124,B3D_0083,CN(C)CCc1c[nH]c2ccc(O)cc12,bbb_control_b3db,False
2,125,B3D_0090,CCN1CCCC1CNC(=O)c1cc(S(N)(=O)=O)ccc1OC,bbb_control_b3db,False
2,126,B3D_0097,CC(C=CC1=C(C)CCCC1(C)C)=CC=CC(C)=CC(=O)O,bbb_control_b3db,False
2,127,B3D_0104,O=C(c1ccc(F)cc1)N1CCN(c2ccc(OCCCN3CCCCC3)cc2)C(=O)C1,bbb_control_b3db,False
2,128,B3D_0111,CC[C@@]1(O)C(=O)OCc2c1cc1n(c2=O)Cc2cc3c(CN(C)C)c(O)ccc3nc2-1,bbb_control_b3db,False
2,129,B3D_0118,CC(C)(C)[N+](=O)C=C1C=CN([O-])C=C1,bbb_control_b3db,False
2,130,B3D_0125,NC(=O)C1c2ccccc2C2OC2c2ccccc21,bbb_control_b3db,False
2,131,B3D_0132,CC(C)c1nc(-c2ncn3c2CN(C)C(=O)c2c(Cl)cccc2-3)no1,bbb_control_b3db,False
2,132,B3D_0139,O=C(Nc1cc(Cl)ccc1O)Nc1cc(C(F)(F)F)ccc1Cl,bbb_control_b3db,False
2,133,B3D_0146,CN1CN(c2ccccc2)C2(CCN(CCCC(=O)c3csc(I)c3)CC2)C1=O,bbb_control_b3db,False
2,134,B3D_0153,CCCN(CC1CC1)c1nc(C)nc2c1CCN2c1ccc(Cl)cc1Cl,bbb_control_b3db,False
2,135,B3D_0160,C=C[C@H]1CN2CCC1C[C@@H]2[C@@H](O)c1ccnc2ccc(OC)cc12,bbb_control_b3db,False
2,136,B3D_0167,COC(=O)C1C(=O)C=C(Nc2cccc(OC(F)(F)F)c2)CC1C,bbb_control_b3db,False
2,137,B3D_0174,CC(=O)/C=C/c1cccs1,bbb_control_b3db,False
2,138,B3D_0181,C=CCC1(C(C)C#CCC)C(=O)NC(=O)N(C)C1=O,bbb_control_b3db,False
2,139,B3D_0188,Cc1nc(C)c(C)nc1C,bbb_control_b3db,False
2,140,B3D_0195,CCC1(c2ccccc2)C(=O)NCNC1=O,bbb_control_b3db,False
2,141,B3D_0202,O=c1cccc2n1CC1CNC(Br)C2C1,bbb_control_b3db,False
2,142,B3D_0209,Cc1csc(N=C(N)N)n1,bbb_control_b3db,False
2,143,B3D_0216,OCCCOc1cccc(CN2CCCCC2)c1,bbb_control_b3db,False
2,144,B3D_0223,C=CCC(N)c1ccccc1-c1noc2ccccc12,bbb_control_b3db,False
2,145,B3D_0230,Cc1ccnc2c1NC(=O)c1cccnc1N2C1CC1,bbb_control_b3db,False
2,146,B3D_0237,O=C(CCCN1CCC2(CC1)C(=O)NCN2c1ccc(Br)cc1)c1ccc(F)cc1,bbb_control_b3db,False
2,147,B3D_0244,Cn1c(=O)[nH]c2ncn(C)c2c1=O,bbb_control_b3db,False
2,148,B3D_0251,COc1ccc(-n2nc(C)cc2C)cc1CNC1CCCNC1c1ccccc1,bbb_control_b3db,False
2,149,B3D_0258,CNCc1ccc(NC(=O)c2cc(C)n(Cc3cc(Cl)ccc3OCc3ccccc3)n2)cc1,bbb_control_b3db,False
2,150,B3D_0265,COc1ccc2c3c1OC1CC(O)C=C(CN(C)C2)C31,bbb_control_b3db,False
2,151,B3D_0272,Cc1cccc(C)c1Nc1ncc(-c2ccc(OCCN3CCCC3)cc2)n2cncc12,bbb_control_b3db,False
2,152,B3D_0279,CCOC(=O)Cc1cc2c(c(N)n1)N=C(c1ccccc1)C(C)N2,bbb_control_b3db,False
2,153,B3D_0286,CCCN1C[C@H](CSC)C[C@@H]2c3cccc4[nH]cc(c34)C[C@H]21,bbb_control_b3db,False
2,154,B3D_0293,COc1ccc2c3c1OC1CC(O)C=CC31CCN(C)C2,bbb_control_b3db,False
2,155,B3D_0300,c1cncc([C@@H]2CCCN2)c1,bbb_control_b3db,False
2,156,B3D_0307,CNC(=O)c1c(NCC2CCC3(CCC3)CC2)nc(C#N)nc1OCC1CCN(C)CC1,bbb_control_b3db,False
2,157,B3D_0314,Fc1ccc(Cn2c([C@@H]3CCCNC3)nc3ccccc32)cc1,bbb_control_b3db,False
2,158,B3D_0321,CN(C)c1ccnc2sc3c(=O)n(N4CCCCCC4)cnc3c12,bbb_control_b3db,False
2,159,B3D_0328,Clc1cc(Cl)c(NC2=NCCN2)c(Cl)c1,bbb_control_b3db,False
2,160,B3D_0335,CCc1nc(N)nc(N)c1-c1ccc(Cl)cc1,bbb_control_b3db,False
2,161,B3D_0342,CNCCCN1c2ccccc2CCc2cc(O)ccc21,bbb_control_b3db,False
2,162,B3D_0349,Cc1nnc2n1C1CCC(Cl)CC1C(c1ccccc1Cl)=NC2,bbb_control_b3db,False
2,163,B3D_0356,CC1NC(=NCC(F)F)Nc2cccc(Cl)c21,bbb_control_b3db,False
2,164,B3D_0363,COc1ccc(C2CNC(=O)C2)cc1OC1CCCC1,bbb_control_b3db,False
2,165,B3D_0370,Clc1ccc(N2CCN(Cc3cnn4ccccc34)CC2)cc1,bbb_control_b3db,False
2,166,B3D_0377,Cc1ncc2n1-c1ccc(Cl)cc1C(c1ccccc1Cl)=NC2,bbb_control_b3db,False
2,167,B3D_0384,CN1CCN(C2=Nc3ccccc3Oc3ccc(Cl)cc32)CC1,bbb_control_b3db,False
2,168,B3D_0391,Clc1ccc2[nH]nc(NC3CCN(Cc4ccc5c(c4)OCO5)CC3)c2c1,bbb_control_b3db,False
2,169,B3D_0398,CC(C)(C)c1cc(CN2CCN(CC(O)c3ccc(Cl)cc3)CC2)cc(C(C)(C)C)c1O,bbb_control_b3db,False
2,170,B3D_0405,COc1ccc(C(C)(C)C)cc1CNC1CCCNC1c1ccccc1,bbb_control_b3db,False
2,171,B3D_0412,CCC(C)CC,bbb_control_b3db,False
2,172,B3D_0419,CN1CC2c3ccccc3Oc3ccc(Cl)cc3C2C1,bbb_control_b3db,False
2,173,B3D_0426,COc1ccc(CCN2CCC(Nc3nc4ccccc4n3Cc3ccc(F)cc3)CC2)cc1,bbb_control_b3db,False
2,174,B3D_0433,O=C(CCCN1CCC(O)(c2ccc(Cl)cc2)CC1)c1ccc(F)cc1,bbb_control_b3db,False
2,175,B3D_0440,CC1CCN(CCCN2c3ccccc3Sc3ccc(C(F)(F)F)cc32)CC1,bbb_control_b3db,False
2,176,FRI_0009,Nc1nnc(-c2cccc(Cl)c2Cl)c(N)n1,bbb_control_friden,False
2,177,FRI_0018,CC1(C)O[C@@H]2[C@@H](CO[C@@]3(COS(N)(=O)=O)OC(C)(C)O[C@@H]23)O1,bbb_control_friden,False
2,178,FRI_0028,CC(C)Nc1cccnc1N1CCN(C(=O)c2cc3cc(NS(C)(=O)=O)ccc3[nH]2)CC1,bbb_control_friden,False
2,179,FRI_0038,CN1CC[C@]23c4c5ccc(O)c4O[C@H]2[C@@H](O[C@@H]2O[C@H](C(=O)O)[C@@H](O)[C@H](O)[C@H]2O)C=C[C@H]3[C@H]1C5,bbb_control_friden,False
2,180,FRI_0041,CN(Cc1cnc2nc(N)nc(N)c2n1)c1ccc(C(=O)N[C@@H](CCC(=O)O)C(=O)O)cc1,bbb_control_friden,True
2,181,FRI_0036,CN1CC[C@]23c4c5ccc(O[C@@H]6O[C@H](C(=O)O)[C@@H](O)[C@H](O)[C@H]6O)c4O[C@H]2[C@@H](O)C=C[C@H]3[C@H]1C5,bbb_control_friden,True
2,182,FRI_0035,CO[C@@]1(NC(=O)C(C(=O)O)c2ccc(O)cc2)C(=O)N2C(C(=O)O)=C(CSc3nnnn3C)CO[C@@H]21,bbb_control_friden,True
2,183,FRI_0030,CO[C@H]1/C=C/O[C@@]2(C)Oc3c(C)c(O)c4c(O)c(c(/C=N/N5CCN(C)CC5)c(O)c4c3C2=O)NC(=O)/C(C)=C\C=C\[C@H](C)[C@H](O)[C@@H](C)[C@@H](O)[C@@H](C)[C@H](OC(C)=O)[C@@H]1C,bbb_control_friden,True
2,184,FRI_0026,CC(C)(C)NC(=O)[C@@H]1C[C@@H]2CCCC[C@@H]2CN1C[C@@H](O)[C@H](Cc1ccccc1)NC(=O)[C@H](CC(N)=O)NC(=O)c1ccc2ccccc2n1,bbb_control_friden,True
2,185,FRI_0023,C[C@H]1COc2c(N3CCN(C)CC3)c(F)cc3c(=O)c(C(=O)O)cn1c23,bbb_control_friden,True
2,186,FRI_0019,C=CCOc1ccccc1OCC(O)CNC(C)C,bbb_control_friden,True
2,187,FRI_0016,CSc1ccc2c(c1)N(CCC1CCCCN1C)c1ccccc1S2,bbb_control_friden,True
2,188,FRI_0012,CN(C)CCC=C1c2ccccc2CCc2ccccc21,bbb_control_friden,True
2,189,FRI_0008,COc1ccc2c3c1O[C@H]1[C@@H](O)C=C[C@H]4[C@@H](C2)N(C)CC[C@@]341,bbb_control_friden,True
2,190,FRI_0005,CN1C(=O)CN=C(c2ccccc2)c2cc(Cl)ccc21,bbb_control_friden,True
2,191,FRI_0001,CC(NC(C)(C)C)C(=O)c1cccc(Cl)c1,bbb_control_friden,True
2,192,B3D_0025,O=C(O)c1cc(N=Nc2ccc(S(=O)(=O)Nc3ccccn3)cc2)ccc1O,bbb_control_b3db,True
2,193,B3D_0001,COC1(NC(=O)C(C(=O)O)c2ccc(O)cc2)C(=O)N2C(C(=O)O)=C(CSc3nnnn3C)COC21,bbb_control_b3db,True
2,194,B3D_0026,Oc1c(I)cc(Cl)c2cccnc12,bbb_control_b3db,True
2,195,B3D_0002,CN1CC[C@]23c4c5ccc(OC6O[C@H](C(=O)O)[C@@H](O)[C@H](O)[C@H]6O)c4O[C@H]2[C@@H](O)C=C[C@H]3[C@H]1C5,bbb_control_b3db,True
2,196,B3D_0441,CN(C)CCCN1c2ccccc2Sc2ccc(C(F)(F)F)cc21,bbb_control_b3db,True
2,197,B3D_0443,OCCN1CCN(CCCN2c3ccccc3Sc3ccc(C(F)(F)F)cc32)CC1,bbb_control_b3db,True
2,198,B3D_0444,CNC1CCC(c2ccc(Cl)c(Cl)c2)c2ccccc21,bbb_control_b3db,True
2,199,B3D_0445,FC(F)(F)c1ccc(N2CCNCC2)nc1Cl,bbb_control_b3db,True
3,1,GKA_0005,CCS(=O)(=O)c1ccc(Oc2cc3cc(-c4ccc(C(F)(F)F)cn4)[nH]c3cc2C2CCC(=O)N2C)cc1,gka_candidate,False
3,2,GKA_0012,CC(C)c1csc(NC(=O)[C@H](CC2CCOCC2)c2ccc(S(=O)(=O)C3CC3)cc2)n1,gka_candidate,False
3,3,GKA_0019,CC(C)=CCOc1cc(Oc2ccc(S(=O)(=O)N3CC[C@H](F)C3)cc2)cc(C(=O)Nc2ncc(F)s2)c1,gka_candidate,False
3,4,GKA_0026,CC(C)=CCOc1cc(Oc2ccc(S(=O)(=O)N3CC[C@H](F)C3)cc2)cc(C(=O)Nc2cc(C)n(C)n2)c1,gka_candidate,False
3,5,GKA_0033,CC(C)=CCOc1cc(Oc2ccc(S(=O)(=O)N3CC4CCC(C3)O4)cc2)cc(C(=O)Nc2ncc(F)s2)c1,gka_candidate,False
3,6,GKA_0040,COC[C@H](C)Oc1cc(Oc2ccc(C(=O)N3CCC3)cc2)cc(C(=O)Nc2nc3c(s2)CN(C(=O)OC(C)(C)C)CC3)c1,gka_candidate,False
3,7,GKA_0047,CCNC(=O)Cc1csc(NC(=O)c2cc(Oc3ccc(S(C)(=O)=O)cc3)cc(-c3ncccc3C)c2)n1,gka_candidate,False
3,8,GKA_0054,CS(=O)(=O)c1ccc(/C(=C\C2CCCC2)C(=O)Nc2ncc(Br)s2)cc1,gka_candidate,False
3,9,GKA_0061,CCc1ncccc1Oc1cc(CC2CCCCC2)cnc1NC(=O)NC,gka_candidate,False
3,10,GKA_0068,C[C@@H](CO)Oc1cc(Oc2ccc(C(=O)N3CCC3)cc2)cc(C(=O)Nc2ccn(C)n2)c1,gka_candidate,False
3,11,GKA_0075,Cc1ccc(NC(=O)c2cc(Oc3ccc(C(=O)N4CCC4)c(F)c3)c3c(c2)OC(C)(CO)C3)nc1,gka_candidate,False
3,12,GKA_0082,COC[C@H](C)Oc1cc(Oc2cccc(OC)c2)cc(C(=O)Nc2ccc(C(=O)O)cn2)c1,gka_candidate,False
3,13,GKA_0089,COCC[C@H](Oc1ncnc2c1cnn2-c1ccccc1Cl)C(=O)Nc1ccc(C)cn1,gka_candidate,False
3,14,GKA_0096,COc1ccc2nc(NC(=O)C(CC3CCCC3)c3ccc(S(=O)(=O)N(C)Cc4nccn4C)cc3)sc2n1,gka_candidate,False
3,15,GKA_0103,Cc1csc(Nc2ncc(Sc3ccccn3)cc2Oc2ccccc2)n1,gka_candidate,False
3,16,GKA_0110,CNC(=O)Nc1cc(Oc2cncc(OC)c2)c(C2=CCOCC2)cn1,gka_candidate,False
3,17,GKA_0117,c1ccc(Oc2cc(Sc3ccncc3)cnc2Nc2nc(C3CCCCC3)cs2)cc1,gka_candidate,False
3,18,GKA_0124,CC(C)Oc1cc(OCc2ccccc2F)cc(C(=O)Nc2ccc(C(=O)O)cn2)c1,gka_candidate,False
3,19,GKA_0131,CCc1ncccc1Oc1cc(CCCCOC)cnc1NC(=O)NC,gka_candidate,False
3,20,GKA_0138,CC(C)=CCOc1cc(Oc2ccc(S(=O)(=O)C3CC3)cc2)cc(C(=O)NC2=NC(=O)CS2)c1,gka_candidate,False
3,21,GKA_0145,CCS(=O)(=O)c1ccc(Oc2cc3nc(-c4ccccn4)[nH]c3cc2CN2CCOC2=O)cc1,gka_candidate,False
3,22,GKA_0152,COC[C@H](C)Oc1cc(CCc2c(F)cccc2F)cc(C(=O)Nc2ccn(C)n2)c1,gka_candidate,False
3,23,GKA_0159,CNC(=O)Nc1cc(Oc2cncc(OC)c2)c([C@@H]2CCOC2)cn1,gka_candidate,False
3,24,GKA_0166,Cc1cc(S(=O)(=O)C2CC2)cc(=O)n1[C@@H](CC1CCCC1)C(=O)Nc1ncc(Cl)s1,gka_candidate,False
3,25,GKA_0173,O=C(Nc1ncns1)/C(=N/N1CCCC1)c1ccc(S(=O)(=O)C2CC2)cc1,gka_candidate,False
3,26,GKA_0180,CCS(=O)(=O)c1ccc(Oc2cc3nc(-c4ccccn4)[nH]c3cc2Cc2nnnn2C)cc1,gka_candidate,False
3,27,GKA_0187,COc1ccc2nc(NC(=O)C(CC3CCCC3)c3ccc(S(=O)(=O)NCc4ccccn4)cc3)sc2n1,gka_candidate,False
3,28,GKA_0194,O=C(O)c1ccc(NC(=O)[C@H](CC2CCCC2)n2cnc(S(=O)(=O)C3CCC3)c2)nc1,gka_candidate,False
3,29,GKA_0201,COc1ccc2nc(NC(=O)C(CC3CCCC3)c3ccc(S(=O)(=O)NCc4ccncc4)cc3)sc2n1,gka_candidate,False
3,30,GKA_0208,CC(C)Oc1cc(Oc2cnc(C(=O)N(C)C)c(F)c2)cc(-c2nccc(=O)[nH]2)c1,gka_candidate,False
3,31,GKA_0215,CC(C)c1csc(Nc2ncc(Br)cc2OCc2ccccc2)n1,gka_candidate,False
3,32,GKA_0222,COc1ccc2nc(NC(=O)C(CC3CCCC3)c3ccc(S(=O)(=O)NC4CC4)cc3)sc2n1,gka_candidate,False
3,33,GKA_0229,CCc1ncccc1Oc1cc(CC2CCOCC2)cnc1NC(=O)NC,gka_candidate,False
3,34,GKA_0236,COc1ccc2nc(NC(=O)C(CC3CCCC3)c3ccc(S(=O)(=O)NC4CCCCC4)cc3)sc2n1,gka_candidate,False
3,35,GKA_0243,COCCOCn1ccc(NC(=O)c2cc(Oc3ccc(S(C)(=O)=O)cc3)cc(-c3ncccc3C)c2)n1,gka_candidate,False
3,36,GKA_0250,CCn1nccc1Oc1cc(CCCC(C)(C)O)cnc1NC(=O)NC,gka_candidate,False
3,37,GKA_0257,CS(=O)(=O)c1ccc([C@@H](CC2CCCC2)C(=O)Nc2nccs2)cc1,gka_candidate,False
3,38,GKA_0264,O=C(O)c1ccc(Cc2cnc(NC(=O)C(Oc3ccc(F)cc3F)c3ccc(S(=O)(=O)C4CC4)cc3)s2)cc1,gka_candidate,False
3,39,GKA_0271,O=C(O)c1ccc(NC(=O)C(Oc2ccc(F)cc2F)c2ccc(S(=O)(=O)C3CC3)cc2)nc1,gka_candidate,False
3,40,GKA_0278,Cc1cnc(NC(=O)c2cc(Oc3ccc(S(=O)(=O)C4CC4)cc3)c3cn(C)nc3c2)cn1,gka_candidate,False
3,41,GKA_0285,CC(C)(C)OC(=O)N1CCc2nc(NC(=O)c3cc(Oc4ccc(S(C)(=O)=O)cc4)cc(OC4CCCCC4)c3)sc2C1,gka_candidate,False
3,42,GKA_0292,CCCCC(Sc1ncnc2c1cnn2-c1ccccc1Cl)C(=O)Nc1nc(C)cs1,gka_candidate,False
3,43,GKA_0299,Cn1cnnc1Sc1ccc2ncnc(Nc3nccs3)c2c1,gka_candidate,False
3,44,GKA_0306,CC(C)S(=O)(=O)c1ccn([C@@H](CC2CCCC2)C(=O)Nc2cc[nH]n2)c(=O)c1,gka_candidate,False
3,45,GKA_0313,O=C(Nc1cnccn1)[C@H](CC1CCOCC1)n1ncc2c(S(=O)(=O)C3CC3)cccc21,gka_candidate,False
3,46,GKA_0320,O=C(Nc1ncc(F)s1)C(OC1CCOCC1)c1ccc(S(=O)(=O)N2CCOCC2)cc1,gka_candidate,False
3,47,GKA_0327,COC(=O)c1ccc(-c2cc3cc(Oc4ccc(S(C)(=O)=O)nc4)c(C4CCC(=O)N4C)cc3[nH]2)nc1,gka_candidate,False
3,48,GKA_0334,CS(=O)(=O)c1ccc(/C(=C\C2CCCCCC2)C(=O)Nc2ncc(Br)s2)cc1C(F)(F)F,gka_candidate,False
3,49,GKA_0341,CS(=O)(=O)c1ccc(/C(=C\C2CCCCCC2)C(=O)Nc2nccs2)cc1,gka_candidate,False
3,50,GKA_0348,CCOP(=O)(Cn1ccc(NC(=O)c2cc(Oc3ccc(S(C)(=O)=O)nc3)cc(OC(C)C)c2)n1)OCC,gka_candidate,False
3,51,GKA_0355,CCOP(=O)(Cn1ccc(NC(=O)c2cc(Oc3ccc(S(=O)(=O)C(C)C)cc3)cc(OC(C)C)c2)n1)OCC,gka_candidate,False
3,52,GKA_0362,C[C@H](O)C(=O)N1CCC(c2nsc(Nc3ncc(Sc4ccccn4)cc3Oc3ccccc3)n2)CC1,gka_candidate,False
3,53,GKA_0369,O=C(Nc1nccs1)c1nc(Sc2nnc[nH]2)ccc1Sc1cccc(F)c1,gka_candidate,False
3,54,GKA_0376,CCOP(=O)(Cn1ccc(NC(=O)c2cc(Oc3ccc(S(C)(=O)=O)cc3)cc(OC(C)C)c2)n1)OCC,gka_candidate,False
3,55,GKA_0383,COc1ccc(Sc2ccc(Sc3nncn3C)nc2C(=O)Nc2ncc(SCC(=O)O)s2)cc1,gka_candidate,False
3,56,GKA_0390,COc1ccc2nc(NC(=O)[C@H](CC3CCCC3)c3ccc(S(=O)(=O)N4CCN(C)CC4)cc3)sc2n1,gka_candidate,False
3,57,GKA_0397,COC[C@H](C)Oc1cc(Oc2ccc(OC)cc2)cc(C(=O)Nc2ccc(C(=O)O)cn2)c1,gka_candidate,False
3,58,GKA_0404,COCC[C@H](Oc1ncnc2c1cnn2-c1ccccc1C(F)(F)F)C(=O)Nc1ccc(C)cn1,gka_candidate,False
3,59,GKA_0411,CC(C)=CCOc1cc(Oc2ccc(S(=O)(=O)N3C[C@@H](C)O[C@@H](C)C3)cc2)cc(C(=O)Nc2ncc(F)s2)c1,gka_candidate,False
3,60,GKA_0418,C[C@@H](O)C(=O)N1CCC(c2nsc(Nc3ncc(Sc4ccccn4)cc3Oc3ccccc3)n2)CC1,gka_candidate,False
3,61,GKA_0425,CCOP(=O)(Cn1ccc(NC(=O)c2cc(Oc3ccc(S(C)(=O)=O)cc3)cc(OC(CF)CF)c2)n1)OCC,gka_candidate,False
3,62,GKA_0432,CN1C(=O)CCC1c1cc2[nH]c(-c3ccc(OCC(=O)O)cn3)cc2cc1Oc1ccc(S(C)(=O)=O)nc1,gka_candidate,False
3,63,GKA_0439,COC[C@H](C)Oc1cc(Oc2cc(F)cc(F)c2)cc(C(=O)Nc2ccc(C(=O)O)cn2)c1,gka_candidate,False
3,64,GKA_0446,Cn1ccc(Nc2ncnc3ccc(Oc4ncccc4Cl)cc23)n1,gka_candidate,False
3,65,GKA_0453,CS(=O)(=O)c1ccc(/C(=C\C2CCCC2)C(=O)Nc2ncc(C#N)s2)cc1,gka_candidate,False
3,66,GKA_0460,CCOC(=O)c1cccc(Oc2cnc(NC(=O)C(OC3CCOCC3)c3ccc(S(=O)(=O)C4CC4)cc3)s2)c1,gka_candidate,False
3,67,GKA_0467,CC(C)Oc1cc(Oc2ccc(S(C)(=O)=O)cc2)cc(C(=O)Nc2nccs2)c1,gka_candidate,False
3,68,GKA_0474,COC[C@H](C)Oc1cc(Oc2cccc(Cl)c2)cc(C(=O)Nc2ccc(C(=O)O)cn2)c1,gka_candidate,False
3,69,GKA_0481,Cc1ccc(NC(=O)[C@H](CC2CCCC2)n2cnc(C(F)(F)F)c2)nc1,gka_candidate,False
3,70,GKA_0488,COc1ccc2nc(NC(=O)C(CC3CCCC3)c3ccc(S(=O)(=O)NCCN(C)C)cc3)sc2n1,gka_candidate,False
3,71,GKA_0495,COc1ccc(Sc2ccc(Sc3nnc[nH]3)nc2C(=O)Nc2nccs2)cc1,gka_candidate,False
3,72,GKA_0502,O=C(Nc1ccc(F)cn1)[C@H](COCCO)Oc1ncnc2c1cnn2-c1c(Cl)cccc1Cl,gka_candidate,False
3,73,GKA_0509,CS(=O)(=O)c1cc(=O)n([C@@H](CC2CCCC2)C(=O)Nc2ccc(Cl)cn2)cc1Cl,gka_candidate,False
3,74,GKA_0516,CCS(=O)(=O)c1ccc(Oc2cc(O[C@@H](C)CO)cc(-c3nccc(=O)[nH]3)c2)cc1,gka_candidate,False
3,75,GKA_0523,Cc1ccc(NC(=O)[C@H](COC(C)C)Oc2ncnc3c2cnn3-c2ncccc2Cl)nc1,gka_candidate,False
3,76,GKA_0530,Cc1csc(NC(=O)c2cc(Oc3ccccc3F)ccc2N)n1,gka_candidate,False
3,77,GKA_0537,COC(=O)c1ccc(C(CC2CCCC2)c2cc3cccnc3[nH]2)cc1Cl,gka_candidate,False
3,78,GKA_0544,CNC(=O)Nc1cc(Oc2cncc(OC)c2)c([C@H]2CCCOC2)cn1,gka_candidate,False
3,79,GKA_0551,O=C(Nc1nccs1)[C@H](CC1CCCCC1)N1CCN(S(=O)(=O)c2cc(F)cc(F)c2)CC1=O,gka_candidate,False
3,80,GKA_0558,N#Cc1cccc(Cl)c1-n1ncc2c(O[C@@H](CN3CC(O)C3)C(=O)Nc3ccc(F)cn3)ncnc21,gka_candidate,False
3,81,GKA_0565,Cc1csc(NC(=O)c2cc(Oc3ccc(S(C)(=O)=O)cc3)cc(OC(C)C)c2)n1,gka_candidate,False
3,82,GKA_0572,COC[C@H](C)Oc1cc(CCc2ccc(F)cc2)cc(C(=O)Nc2ccn(C)n2)c1,gka_candidate,False
3,83,GKA_0579,Cc1cnc(NC(=O)/C(=N/N2CCCC2)c2ccc(S(=O)(=O)C3CC3)cc2)s1,gka_candidate,False
3,84,GKA_0586,CCOC(=O)N1CCc2nc(NC(=O)c3cc(Oc4ccc(C(=O)N5CCC5)cc4)cc(O[C@@H](C)COC)c3)sc2C1,gka_candidate,False
3,85,GKA_0593,Cc1cccnc1-c1cc(Oc2ccc(S(C)(=O)=O)cc2)cc(C(=O)Nc2ncc(F)s2)c1,gka_candidate,False
3,86,GKA_0600,Cc1csc(NC(=O)c2cc(Oc3ccccc3S(C)(=O)=O)ccc2N)n1,gka_candidate,False
3,87,GKA_0607,CC(C)C(CO)Oc1cc(Oc2ccc(S(C)(=O)=O)cc2)cc(C(=O)Nc2nccs2)c1,gka_candidate,False
3,88,GKA_0614,CC(C)Oc1cc(OCc2ccccc2)cc(C(=O)Nc2ccc(C(=O)O)cn2)c1,gka_candidate,False
3,89,GKA_0621,O=C(Nc1nccs1)[C@H](CC1CCCCC1)N1CCN(S(=O)(=O)c2cccc(Cl)c2)CC1=O,gka_candidate,False
3,90,GKA_0628,CC(C)OC[C@H](Oc1ncnc2c1cnn2-c1ccccc1Cl)C(=O)Nc1ccc(C#N)cn1,gka_candidate,False
3,91,GKA_0635,CCOC(=O)Cn1cc(-c2cnc(NC(=O)C(CC3CCOCC3)c3ccc(S(=O)(=O)C4CC4)cc3)s2)nn1,gka_candidate,False
3,92,GKA_0642,CCOC(=O)CCn1cc(-c2cnc(NC(=O)C(CC3CCOCC3)c3ccc(S(=O)(=O)C4CC4)cc3)s2)nn1,gka_candidate,False
3,93,GKA_0649,Cc1cc2c(Oc3cnc(C(=O)N(C)C)cn3)cc(C(=O)Nc3cnccn3)cc2o1,gka_candidate,False
3,94,GKA_0656,C[C@H](CO)OC[C@H](Oc1ncnc2c1cnn2-c1ncccc1Cl)C(=O)Nc1ccc(Cl)cn1,gka_candidate,False
3,95,GKA_0663,Cc1cnc(NC(=O)c2cc(Oc3ccc(S(=O)(=O)N(C)C)cc3)c3cn(C)nc3c2)cn1,gka_candidate,False
3,96,GKA_0670,Cc1cccnc1-c1cc(Oc2ccc(S(C)(=O)=O)cc2)cc(C(=O)Nc2nc(CNC(C)C)cs2)c1,gka_candidate,False
3,97,GKA_0677,CCn1nccc1Oc1cc(C[C@H]2CCO[C@H](COC)C2)cnc1NC(=O)NC,gka_candidate,False
3,98,GKA_0684,CC(C)OC[C@H](Oc1ncnc2c1cnn2-c1ncccc1Cl)C(=O)Nc1ccccn1,gka_candidate,False
3,99,GKA_0691,COC(=O)CCNC(=O)c1cnc(NC(=O)C(CC2CCOCC2)c2ccc(S(=O)(=O)C3CC3)cc2)s1,gka_candidate,False
3,100,GKA_0698,CCc1csc(Nc2ncc(Br)cc2OCc2ccccc2)n1,gka_candidate,False
3,101,GKA_0705,O=C(O)c1ccc(Oc2cnc(NC(=O)C(OC3CCOCC3)c3ccc(S(=O)(=O)C4CC4)cc3)s2)cc1Cl,gka_candidate,False
3,102,GKA_0712,CCS(=O)(=O)c1ccc2c(=O)n([C@@H](CC3CCCCC3)C(=O)Nc3ncc(F)s3)cnc2c1,gka_candidate,False
3,103,GKA_0719,O=C(Nc1ncc(Cl)s1)[C@H](CC1CCCC1)n1cc(S(=O)(=O)C2CC2)cn1,gka_candidate,False
3,104,GKA_0726,COC[C@H](C)Oc1cc(Oc2ccc(S(C)(=O)=O)cc2)cc(C(=O)Nc2ccn(CP(C)(C)=O)n2)c1,gka_candidate,False
3,105,GKA_0733,CNC(=O)Nc1ncc(Sc2ccccn2)cc1Oc1cccnc1C,gka_candidate,False
3,106,GKA_0740,O=C(O)c1ccc(NC(=O)C(Oc2ccc(Cl)cc2)c2ccc(S(=O)(=O)C3CC3)cc2)nc1,gka_candidate,False
3,107,GKA_0747,Cc1csc(Nc2ncc(Cl)cc2OCc2ccccc2)n1,gka_candidate,False
3,108,GKA_0754,COCC(C)Oc1cc(Oc2cccc(S(C)(=O)=O)c2)cc(C(=O)Nc2nc3c(s2)CN(C(=O)OC(C)(C)C)CC3)c1,gka_candidate,False
3,109,GKA_0761,COC[C@H](C)Oc1cc(/C=C/c2cc(F)cc(F)c2F)cc(C(=O)Nc2ccn(C)n2)c1,gka_candidate,False
3,110,GKA_0768,COc1ccc2nc(NC(=O)C(CC3CCCC3)c3ccc(S(=O)(=O)NCc4ccco4)cc3)sc2n1,gka_candidate,False
3,111,GKA_0775,CC(=O)N1CCCC1c1cc2[nH]c(-c3ccccn3)nc2cc1Oc1cccc(F)c1,gka_candidate,False
3,112,GKA_0782,COC[C@H](C)Oc1cc(Oc2cnc(C(=O)N(C)C)nc2)cc(-c2nccc(=O)[nH]2)c1,gka_candidate,False
3,113,B3D_0005,OC[C@H]1O[C@@](CO)(O[C@H]2O[C@H](CO)[C@@H](O)[C@H](O)[C@H]2O)[C@@H](O)[C@@H]1O,bbb_control_b3db,False
3,114,B3D_0012,CN[C@H]1C(=O)N[C@@H]2Cc3ccc(cc3)Oc3cc4cc(c3O[C@@H]3O[C@H](CO)[C@@H](O)[C@H](O)[C@H]3NC(=O)CCCCCCCCC(C)C)Oc3ccc(cc3Cl)[C@@H](O)[C@@H]3NC(=O)[C@H](NC(=O)[C@@H]4NC(=O)[C@@H](NC2=O)c2cc(cc(O)c2Cl)Oc2cc1ccc2O)c1ccc(O)c(c1)-c1c(O[C@H]2O[C@H](CO)[C@@H](O)[C@H](O)[C@@H]2O)cc(O)cc1[C@@H](C(=O)NCCCN(C)C)NC3=O,bbb_control_b3db,False
3,115,B3D_0019,Cc1ccc(N=C2N(C)CCN2C)c(C)c1,bbb_control_b3db,False
3,116,B3D_0028,CS(=O)(=O)N(CCO)c1c(Cl)c(Cl)cc2[nH]c(=O)c(=O)[nH]c12,bbb_control_b3db,False
3,117,B3D_0035,CO[C@@]1(NC(=O)C2SC(=C(C(N)=O)C(=O)O)S2)C(=O)N2C(C(=O)O)=C(CSc3nnnn3C)CS[C@@H]21,bbb_control_b3db,False
3,118,B3D_0042,O=C(O)CCCc1ccc(N(CCCl)CCCl)cc1,bbb_control_b3db,False
3,119,B3D_0049,CC(C)CC(=O)c1ccc(OCCCCOc2ccc3ccc(=O)oc3c2)cc1O,bbb_control_b3db,False
3,120,B3D_0056,CCCn1c(=O)c2[nH]c(C3CCC(=O)C3)nc2n(CCC)c1=O,bbb_control_b3db,False
3,121,B3D_0063,CN1[C@H]2CC[C@H]1[C@@H](CC(=O)O)[C@@H](OC(=O)c1ccccc1)C2,bbb_control_b3db,False
3,122,B3D_0070,N#CC(c1ccc(Cl)cc1)c1c(Cl)cc(-n2ncc(=O)[nH]c2=O)cc1Cl,bbb_control_b3db,False
3,123,B3D_0077,CN/C(=C\[N+](=O)[O-])NCCSCc1ccc(CN(C)C)o1,bbb_control_b3db,False
3,124,B3D_0084,CN(C)c1cc(-c2n[nH]c(N)n2)ccn1,bbb_control_b3db,False
3,125,B3D_0091,CC(C)CC1C(=O)N2CCCC2C2(O)OC(NC(=O)C3C=C4c5cccc6[nH]c(Br)c(c56)CC4N(C)C3)(C(C)C)C(=O)N12,bbb_control_b3db,False
3,126,B3D_0098,Cc1cn(C2C=CC(CO)O2)c(=O)[nH]c1=O,bbb_control_b3db,False
3,127,B3D_0105,O=C(NCCN1CCN(c2cccc3c2OCC(CO)O3)CC1)c1ccc(F)cc1,bbb_control_b3db,False
3,128,B3D_0112,CC[S@@]1(O)C(=O)OCc2c1cc1n(c2=O)Cc2cc3cc(CN(C)C)c(O)cc3nc2-1,bbb_control_b3db,False
3,129,B3D_0119,CC(C)Oc1cccc(CC(=O)N2CCC[C@](CC[N+]34CCC(c5ccccc5)(CC3)CC4)(c3ccc(Cl)c(Cl)c3)C2)c1,bbb_control_b3db,False
3,130,B3D_0126,NC(=O)N1c2ccccc2C2CC2c2ccccc21,bbb_control_b3db,False
3,131,B3D_0133,C[C@]12CC[C@@H]3c4ccc(O)cc4CC[C@H]3[C@@H]1C[C@H](F)[C@@H]2O,bbb_control_b3db,False
3,132,B3D_0140,CC[C@@]1(O)C(=O)OCc2c1cc1n(c2=O)Cc2cc3ccccc3nc2-1,bbb_control_b3db,False
3,133,B3D_0147,CN(C)C(=O)C(CCCN1CCC(O)(c2ccc(Cl)cc2)CC1)(c1ccccc1)c1ccccc1,bbb_control_b3db,False
3,134,B3D_0154,COc1cc(N)c(Cl)cc1C(=O)NC1CCNCC1OC,bbb_control_b3db,False
3,135,B3D_0161,Fc1cccc(F)c1N=C1NCCN1,bbb_control_b3db,False
3,136,B3D_0168,C[n+]1ccccc1/C=N/O,bbb_control_b3db,False
3,137,B3D_0175,CC(C)Nc1cccnc1N1CCNCC1,bbb_control_b3db,False
3,138,B3D_0182,CC(=O)[C@H]1CC[C@H]2[C@@H]3CCC4=CC(=O)CC[C@]4(C)[C@H]3CC[C@]12C,bbb_control_b3db,False
3,139,B3D_0189,O=S(=O)(c1ccc2cc[nH]c2c1)N1CCCC1CCN1CCC(Oc2ccc(Cl)cc2)CC1,bbb_control_b3db,False
3,140,B3D_0196,CC[C@]1(O)C[C@@H]2CN(CCc3c([nH]c4ccccc34)[C@@](C(=O)OC)(c3cc4c(cc3OC)N(C)[C@H]3[C@@](O)(C(=O)OC)[C@H](OC(C)=O)[C@]5(CC)C=CCN6CC[C@]43[C@@H]65)C2)C1,bbb_control_b3db,False
3,141,B3D_0203,O=c1cccc2n1C[C@H]1CNC(Br)[C@@H]2C1,bbb_control_b3db,False
3,142,B3D_0210,Cc1ncc(-c2csc(N=C(N)N)n2)[nH]1,bbb_control_b3db,False
3,143,B3D_0217,CC(=O)N1CCN(C2CCN(C(=O)N(C)C(C)c3cc(C(F)(F)F)cc(C(F)(F)F)c3)C(c3ccc(F)cc3C)C2)CC1,bbb_control_b3db,False
3,144,B3D_0224,CC12CCC(=O)C=C1CCC1C2CCC2(C)C(O)CCC12,bbb_control_b3db,False
3,145,B3D_0231,NC(=O)C1c2ccccc2C=Cc2ccccc21,bbb_control_b3db,False
3,146,B3D_0238,CNC(=O)c1c(NCC2CCC3(CCC3)CC2)nc(C#N)nc1OCC1CCN(C(C)C)CC1,bbb_control_b3db,False
3,147,B3D_0245,CNC(=O)Oc1ccc2c(c1)[C@]1(C)CCN(C)[C@@H]1N2C,bbb_control_b3db,False
3,148,B3D_0252,C[n+]1c2n(c(=O)c3ccccc31)CCC1c3ccccc3NC21,bbb_control_b3db,False
3,149,B3D_0259,O=C1CCCN1CCCCN1CCN(c2cc(C(F)(F)F)ccn2)CC1,bbb_control_b3db,False
3,150,B3D_0266,Clc1ccc(Nc2nnc(Cc3ccncc3)c3ccccc23)cc1,bbb_control_b3db,False
3,151,B3D_0273,c1cc2ccc3cccc4ccc(c1)c2c34,bbb_control_b3db,False
3,152,B3D_0280,CC(C)=CCN1Cc2cc(Cl)cc3[nH]c(=S)n(c23)CC1C,bbb_control_b3db,False
3,153,B3D_0287,CC[C@H](NC(=O)c1c(C)c(-c2ccccc2)nc2ccccc12)c1ccccc1,bbb_control_b3db,False
3,154,B3D_0294,COc1ccc2c3c1O[C@H]1C[C@@H](O)C=C[C@@]31CCN(C)C2,bbb_control_b3db,False
3,155,B3D_0301,CCCCCCC1(CC)C(=O)NC(=O)NC1=O,bbb_control_b3db,False
3,156,B3D_0308,COc1ccccc1CNC1C2CCN(CC2)C1C(c1ccccc1)c1ccccc1,bbb_control_b3db,False
3,157,B3D_0315,C#CC1(O)CCC2C3C(C)CC4=C(CCC(=O)C4)C3CCC21,bbb_control_b3db,False
3,158,B3D_0322,CN1CCC[C@@H](c2nc3ccccc3n2Cc2ccc(F)cc2)C1,bbb_control_b3db,False
3,159,B3D_0329,CCC(C)N(C)C(=O)c1cc2ccccc2c(-c2ccccc2Cl)n1,bbb_control_b3db,False
3,160,B3D_0336,COc1cc2oc(C)nc2cc1CNC1CCCNC1c1ccccc1,bbb_control_b3db,False
3,161,B3D_0343,CN(C)c1ccccc1Sc1ccc(CCF)cc1N,bbb_control_b3db,False
3,162,B3D_0350,OC(CNCC(O)C1CCc2cc(F)ccc2O1)C1CCc2cc(F)ccc2O1,bbb_control_b3db,False
3,163,B3D_0357,CCC12CCN(CC3(O)CC3)C(Cc3ccc(O)cc31)C2(C)C,bbb_control_b3db,False
3,164,B3D_0364,COc1cc2sc(C3CC3)nc2cc1CNC1CCCNC1c1ccccc1,bbb_control_b3db,False
3,165,B3D_0371,CCc1nc(N)nc(N)c1-c1ccc(Cl)c(Cl)c1,bbb_control_b3db,False
3,166,B3D_0378,CSc1ccc2c(c1)N(CCC1CCCNC1)c1ccccc1S2,bbb_control_b3db,False
3,167,B3D_0385,CCc1ccc(-c2ccc(C(=O)N(C)C3CCN(C(=O)N4CCC(N5CCCCC5)C4)C3)cc2)cc1,bbb_control_b3db,False
3,168,B3D_0392,CCOC(=O)C1(c2ccccc2)CCN(C)CC1,bbb_control_b3db,False
3,169,B3D_0399,CC/C(=C(/c1ccccc1)c1ccc(OCCN(C)C)cc1)c1ccccc1,bbb_control_b3db,False
3,170,B3D_0406,Ic1ccc(CN2CCCCC2)cc1CN1CCCCC1,bbb_control_b3db,False
3,171,B3D_0413,CN(C)CC/C=C1\c2ccccc2COc2ccccc21,bbb_control_b3db,False
3,172,B3D_0420,CN1CCC2(O)c3ccccc3Oc3ccc(Cl)cc3C2C1,bbb_control_b3db,False
3,173,B3D_0427,CC12NC(Cc3ccccc31)c1ccccc12,bbb_control_b3db,False
3,174,B3D_0434,CNCCCC12CCC(c3ccccc31)c1ccccc12,bbb_control_b3db,False
3,175,B3D_0442,CN1CCN(CCCN2c3ccccc3Sc3cccc(C(F)(F)F)c32)CC1,bbb_control_b3db,False
3,176,FRI_0010,CN1CC[C@]23c4c5ccc(O)c4O[C@H]2C(=O)CC[C@@]3(O)[C@H]1C5,bbb_control_friden,False
3,177,FRI_0020,O=C(O)c1ccccc1O,bbb_control_friden,False
3,178,FRI_0029,CC(C)(C)NCC(O)COc1cccc2c1CC(O)C(O)C2,bbb_control_friden,False
3,179,FRI_0039,CC(=O)O[C@H]1C(=O)[C@@]2(C)[C@H]([C@H](OC(=O)c3ccccc3)[C@]3(O)C[C@H](OC(=O)[C@H](O)[C@@H](NC(=O)c4ccccc4)c4ccccc4)C(C)=C1C3(C)C)[C@]1(OC(C)=O)CO[C@@H]1C[C@@H]2O,bbb_control_friden,False
3,180,FRI_0041,CN(Cc1cnc2nc(N)nc(N)c2n1)c1ccc(C(=O)N[C@@H](CCC(=O)O)C(=O)O)cc1,bbb_control_friden,True
3,181,FRI_0036,CN1CC[C@]23c4c5ccc(O[C@@H]6O[C@H](C(=O)O)[C@@H](O)[C@H](O)[C@H]6O)c4O[C@H]2[C@@H](O)C=C[C@H]3[C@H]1C5,bbb_control_friden,True
3,182,FRI_0035,CO[C@@]1(NC(=O)C(C(=O)O)c2ccc(O)cc2)C(=O)N2C(C(=O)O)=C(CSc3nnnn3C)CO[C@@H]21,bbb_control_friden,True
3,183,FRI_0030,CO[C@H]1/C=C/O[C@@]2(C)Oc3c(C)c(O)c4c(O)c(c(/C=N/N5CCN(C)CC5)c(O)c4c3C2=O)NC(=O)/C(C)=C\C=C\[C@H](C)[C@H](O)[C@@H](C)[C@@H](O)[C@@H](C)[C@H](OC(C)=O)[C@@H]1C,bbb_control_friden,True
3,184,FRI_0026,CC(C)(C)NC(=O)[C@@H]1C[C@@H]2CCCC[C@@H]2CN1C[C@@H](O)[C@H](Cc1ccccc1)NC(=O)[C@H](CC(N)=O)NC(=O)c1ccc2ccccc2n1,bbb_control_friden,True
3,185,FRI_0023,C[C@H]1COc2c(N3CCN(C)CC3)c(F)cc3c(=O)c(C(=O)O)cn1c23,bbb_control_friden,True
3,186,FRI_0019,C=CCOc1ccccc1OCC(O)CNC(C)C,bbb_control_friden,True
3,187,FRI_0016,CSc1ccc2c(c1)N(CCC1CCCCN1C)c1ccccc1S2,bbb_control_friden,True
3,188,FRI_0012,CN(C)CCC=C1c2ccccc2CCc2ccccc21,bbb_control_friden,True
3,189,FRI_0008,COc1ccc2c3c1O[C@H]1[C@@H](O)C=C[C@H]4[C@@H](C2)N(C)CC[C@@]341,bbb_control_friden,True
3,190,FRI_0005,CN1C(=O)CN=C(c2ccccc2)c2cc(Cl)ccc21,bbb_control_friden,True
3,191,FRI_0001,CC(NC(C)(C)C)C(=O)c1cccc(Cl)c1,bbb_control_friden,True
3,192,B3D_0025,O=C(O)c1cc(N=Nc2ccc(S(=O)(=O)Nc3ccccn3)cc2)ccc1O,bbb_control_b3db,True
3,193,B3D_0001,COC1(NC(=O)C(C(=O)O)c2ccc(O)cc2)C(=O)N2C(C(=O)O)=C(CSc3nnnn3C)COC21,bbb_control_b3db,True
3,194,B3D_0026,Oc1c(I)cc(Cl)c2cccnc12,bbb_control_b3db,True
3,195,B3D_0002,CN1CC[C@]23c4c5ccc(OC6O[C@H](C(=O)O)[C@@H](O)[C@H](O)[C@H]6O)c4O[C@H]2[C@@H](O)C=C[C@H]3[C@H]1C5,bbb_control_b3db,True
3,196,B3D_0441,CN(C)CCCN1c2ccccc2Sc2ccc(C(F)(F)F)cc21,bbb_control_b3db,True
3,197,B3D_0443,OCCN1CCN(CCCN2c3ccccc3Sc3ccc(C(F)(F)F)cc32)CC1,bbb_control_b3db,True
3,198,B3D_0444,CNC1CCC(c2ccc(Cl)c(Cl)c2)c2ccccc21,bbb_control_b3db,True
3,199,B3D_0445,FC(F)(F)c1ccc(N2CCNCC2)nc1Cl,bbb_control_b3db,True
4,1,GKA_0006,CN1C(=O)CCC1c1cc2[nH]c(-c3ccccn3)cc2cc1Oc1ccc(S(C)(=O)=O)nc1,gka_candidate,False
4,2,GKA_0013,Cc1cccc(C#N)c1Oc1ccc2ncnc(Nc3ccn(C)n3)c2c1,gka_candidate,False
4,3,GKA_0020,CC(C)=CCOc1cc(Oc2ccc(S(=O)(=O)N3C[C@@H](C)O[C@@H](C)C3)cc2)cc(C(=O)Nc2cc(C)n(C)n2)c1,gka_candidate,False
4,4,GKA_0027,O=C(Nc1nccs1)[C@H](CC1CCCCC1)N1CCN(S(=O)(=O)C2CCCC2)CC1=O,gka_candidate,False
4,5,GKA_0034,O=C(Nc1nc2c(s1)CCC2)C(CC1CCOCC1)c1ccc(S(=O)(=O)C2CC2)cc1,gka_candidate,False
4,6,GKA_0041,COCC(C)Oc1cc(Oc2ccc(C(=O)N(C)C)cc2)cc(C(=O)Nc2nc3c(s2)CN(C(=O)OC(C)(C)C)CC3)c1,gka_candidate,False
4,7,GKA_0048,COC[C@H](C)Oc1cc(C#CCOC2CCCCO2)cc(C(=O)Nc2ccn(C)n2)c1,gka_candidate,False
4,8,GKA_0055,COC[C@H](C)Oc1cc(C#Cc2cccc(NCCn3ccnc3C)c2)cc(C(=O)Nc2ccn(C)n2)c1,gka_candidate,False
4,9,GKA_0062,COC[C@H](C)Oc1cc(C#Cc2cccc(OCCN3CCOCC3)c2)cc(C(=O)Nc2ccn(C)n2)c1,gka_candidate,False
4,10,GKA_0069,Cc1cnc(NC(=O)c2cc(Oc3ccc(C(=O)N(C)C)nc3)c3c(c2)OC(C)(CO)C3)cn1,gka_candidate,False
4,11,GKA_0076,O=C(O)c1ccc(Oc2cnc(NC(=O)[C@H](Oc3ccc(F)cc3F)c3ccc(S(=O)(=O)C4CC4)cc3)s2)cc1,gka_candidate,False
4,12,GKA_0083,O=C(Nc1ncc(Cl)s1)/C(=N/N1CCCC1)c1ccc(S(=O)(=O)C2CC2)cc1,gka_candidate,False
4,13,GKA_0090,CC(C)Oc1cc(Oc2cnc(C(=O)N3CCC3)cn2)cc(C(=O)Nc2cc[nH]n2)c1,gka_candidate,False
4,14,GKA_0097,COc1ccc2nc(NC(=O)C(CC3CCCC3)c3ccc(S(=O)(=O)N4CCCCC4)cc3)sc2n1,gka_candidate,False
4,15,GKA_0104,COC[C@H](C)Oc1cc(CCc2c(F)cccc2F)cc(C(=O)Nc2ccc(C(=O)O)cn2)c1,gka_candidate,False
4,16,GKA_0111,CNC(=O)Nc1cc(Oc2cncc(C)c2)c([C@H]2CCC[C@H](O)C2)cn1,gka_candidate,False
4,17,GKA_0118,CC(C)(C(=O)O)c1ccc(Oc2cnc(NC(=O)C(OC3CCOCC3)c3ccc(S(=O)(=O)C4CC4)cc3)s2)cc1,gka_candidate,False
4,18,GKA_0125,Cc1cccnc1-c1cc(Oc2ccc(S(C)(=O)=O)cc2)cc(C(=O)Nc2nc(CC(=O)NC3CC3)cs2)c1,gka_candidate,False
4,19,GKA_0132,COc1ccc2nc(NC(=O)C(CC3CCCC3)c3ccc(S(=O)(=O)N(C)Cc4ccco4)cc3)sc2n1,gka_candidate,False
4,20,GKA_0139,O=C(NC1CC1)c1ccc2c(=O)n(C(CC3CCCCC3)C(=O)Nc3ncc(Cl)s3)cnc2c1,gka_candidate,False
4,21,GKA_0146,CCCCC(Oc1ncnc2c1cnn2-c1ccccc1Cl)C(=O)Nc1nc(C)cs1,gka_candidate,False
4,22,GKA_0153,CNC(=O)Nc1cc(Oc2cncc(C)c2)c([C@@H]2CC[C@@H](O)C2)cn1,gka_candidate,False
4,23,GKA_0160,CCS(=O)(=O)c1ccc(Oc2cc3nc(-c4ccccn4)[nH]c3cc2CN(C)C(C)=O)cc1,gka_candidate,False
4,24,GKA_0167,Cc1cc(S(=O)(=O)C2CCCC2)cc(=O)n1[C@@H](CC1CCCCO1)C(=O)Nc1ncc(Cl)s1,gka_candidate,False
4,25,GKA_0174,CCS(=O)(=O)c1ccc(Oc2cc3nc(-c4ccccn4)[nH]c3cc2CN2CCN(C)C2=O)cc1,gka_candidate,False
4,26,GKA_0181,Cc1cnc(-c2cc(Oc3cnc(C(=O)N(C)C)nc3)cc(OC(C)C)c2)[nH]c1=O,gka_candidate,False
4,27,GKA_0188,CCOP(=O)(Cn1ccc(NC(=O)c2cc(Oc3ccc(C(=O)N4CCC4)cn3)cc(OC(C)C)c2)n1)OCC,gka_candidate,False
4,28,GKA_0195,O=C(O)c1cccc(Oc2cnc(NC(=O)C(O[C@H]3CCOC3)c3ccc(S(=O)(=O)C4CC4)cc3)s2)c1,gka_candidate,False
4,29,GKA_0202,Cc1cccnc1-c1cc(Oc2ccc(S(C)(=O)=O)cc2)cc(C(=O)Nc2nc(CN3CCOCC3)cs2)c1,gka_candidate,False
4,30,GKA_0209,Cc1csc(Nc2ncc(Sc3ccccn3)cc2OCc2ccccc2)n1,gka_candidate,False
4,31,GKA_0216,O=C(O)c1ccc(Oc2cnc(NC(=O)C(Oc3ccc(F)cc3F)c3ccc(S(=O)(=O)N4CCCC4)cc3)s2)cc1,gka_candidate,False
4,32,GKA_0223,O=C(Nc1ccc(-c2nnn[nH]2)cn1)[C@H](CC1CCCC1)n1cnc(C(F)(F)F)c1,gka_candidate,False
4,33,GKA_0230,O=C(O)c1cncc(Oc2cnc(NC(=O)C(OC3CCOCC3)c3ccc(S(=O)(=O)C4CC4)cc3)s2)c1,gka_candidate,False
4,34,GKA_0237,COc1ccc2nc(NC(=O)C(CC3CCCC3)c3ccc(S(=O)(=O)NC4CCOCC4)cc3)sc2n1,gka_candidate,False
4,35,GKA_0244,COc1ccc2nc(NC(=O)C(CC3CCCC3)c3ccc(S(=O)(=O)Nc4cccnc4)cc3)sc2n1,gka_candidate,False
4,36,GKA_0251,CCSc1ccc(N)c(C(=O)Nc2nc(C)cs2)c1,gka_candidate,False
4,37,GKA_0258,O=C(Nc1ncc(-n2cccn2)s1)C(Oc1ccc(F)cc1F)c1ccc(S(=O)(=O)C2CC2)cc1,gka_candidate,False
4,38,GKA_0265,CNC(=O)Nc1ncc(SCc2ccccc2)cc1Oc1cccnc1C,gka_candidate,False
4,39,GKA_0272,COC[C@H](C)Oc1cc(Oc2ccc(C(=O)N3CCC3)cc2)cc(C(=O)Nc2nc3c(s2)CN(c2ccncn2)CC3)c1,gka_candidate,False
4,40,GKA_0279,CCc1ncccc1Oc1cc(Sc2ccccn2)cnc1NC(=O)NCc1ccc(O)cc1,gka_candidate,False
4,41,GKA_0286,CS(=O)(=O)c1ccc(/C(=C\c2cccs2)C(=O)Nc2nccs2)cc1,gka_candidate,False
4,42,GKA_0293,CS(=O)(=O)c1ccc2c(=O)n(C(CC3CCCCC3)C(=O)Nc3ncc(Cl)s3)c(=O)[nH]c2c1,gka_candidate,False
4,43,GKA_0300,Cc1ccc(NC(=O)[C@H](CC2CCC2)n2ccc(S(=O)(=O)C(C)C)cc2=O)nc1,gka_candidate,False
4,44,GKA_0307,CC(C)Oc1cc(Oc2ccc(S(C)(=O)=O)cc2)cc(-c2cccc(=O)[nH]2)c1,gka_candidate,False
4,45,GKA_0314,COCC(C)Oc1cc(Oc2ccc(C(=O)N3CCC3)nc2)cc(C(=O)Nc2nc3c(s2)CN(C(=O)OC(C)(C)C)CC3)c1,gka_candidate,False
4,46,GKA_0321,Cc1csc(NC(=O)c2cc(Sc3nncn3C)ccc2Sc2ccc(F)cc2)n1,gka_candidate,False
4,47,GKA_0328,CCOC(=O)c1ccc(Oc2cc3cc(-c4ccc(C(F)(F)F)cn4)[nH]c3cc2C2CCC(=O)N2C)cc1,gka_candidate,False
4,48,GKA_0335,CS(=O)(=O)c1ccc(/C(=C\C2CCCC2)C(=O)Nc2ncc(Cl)s2)cc1,gka_candidate,False
4,49,GKA_0342,COC[C@H](C)Oc1cc(C#Cc2ccccc2OC)cc(C(=O)Nc2ccn(C)n2)c1,gka_candidate,False
4,50,GKA_0349,COC[C@H](C)Oc1cc(C#Cc2cccc(N)c2)cc(C(=O)Nc2ccn(C)n2)c1,gka_candidate,False
4,51,GKA_0356,CS(=O)(=O)c1ccc(/C(=C\C2CCCC2)C(=O)Nc2nccs2)cc1Br,gka_candidate,False
4,52,GKA_0363,COC[C@H](C)Oc1cc(C#Cc2cccc(O)c2)cc(C(=O)Nc2ccn(C)n2)c1,gka_candidate,False
4,53,GKA_0370,CN1C(=O)CCC1c1cc2[nH]c(-c3ccc(C(F)(F)F)cn3)cc2cc1Oc1ccc(CCC(=O)O)cc1,gka_candidate,False
4,54,GKA_0377,Cc1cnc(NC(=O)/C(=C/C2CCCC2)c2ccc(S(C)(=O)=O)cc2)s1,gka_candidate,False
4,55,GKA_0384,Cn1ccc(Nc2ncnc3ccc(Oc4c(F)cccc4F)cc23)n1,gka_candidate,False
4,56,GKA_0391,CCS(=O)(=O)c1ccc(Oc2cc3cc(-c4ccc(CCC(=O)O)cn4)[nH]c3cc2C2CCC(=O)N2C)cc1,gka_candidate,False
4,57,GKA_0398,COC[C@H](C)Oc1cc(Oc2ccc(S(C)(=O)=O)cc2)cc(C(=O)Nc2ccc(C(=O)O)cn2)c1,gka_candidate,False
4,58,GKA_0405,O=C(Nc1ccc(Cl)cn1)[C@H](CN1CC(O)C1)Oc1ncnc2c1cnn2-c1ccccc1Cl,gka_candidate,False
4,59,GKA_0412,CN1C(=O)CCC1c1cc2[nH]c(-c3ncc(CCC(=O)O)s3)cc2cc1Oc1ccc(S(C)(=O)=O)cc1,gka_candidate,False
4,60,GKA_0419,CS(=O)(=O)c1cccc(F)c1Oc1ccc2ncnc(Nc3cc[nH]n3)c2c1,gka_candidate,False
4,61,GKA_0426,O=C(Nc1nccs1)c1nc(Sc2nnc[nH]2)ccc1Sc1ccc(F)cc1,gka_candidate,False
4,62,GKA_0433,CNC(=O)Nc1cc(Oc2cncc(C)c2)c(CCCO)cn1,gka_candidate,False
4,63,GKA_0440,COC[C@H](C)Oc1cc(/C=C/c2c(F)cccc2F)cc(C(=O)Nc2ccc(C(=O)O)cn2)c1,gka_candidate,False
4,64,GKA_0447,Cc1cc(Oc2cnc(NC(=O)C(Oc3ccc(F)cc3F)c3ccc(S(=O)(=O)C4CC4)cc3)s2)ccc1C(=O)O,gka_candidate,False
4,65,GKA_0454,CCn1nccc1Oc1cc(C[C@H]2CC[C@@](C)(O)CC2)cnc1NC(=O)NC,gka_candidate,False
4,66,GKA_0461,O=C(Nc1ncc(Oc2ccc(CO)cc2)s1)C(OC1CCOCC1)c1ccc(S(=O)(=O)C2CC2)cc1,gka_candidate,False
4,67,GKA_0468,Cc1nnnn1-c1ccc(/C(=C\C2CCCC2)C(=O)Nc2nccs2)cc1F,gka_candidate,False
4,68,GKA_0475,COC[C@H](C)Oc1cc(/C=C/c2ccc(F)cc2F)cc(C(=O)Nc2ccn(C)n2)c1,gka_candidate,False
4,69,GKA_0482,COC[C@H](C)Oc1cc(/C=C/c2ccccc2OC)cc(C(=O)Nc2ccn(C)n2)c1,gka_candidate,False
4,70,GKA_0489,O=C(Nc1nc2c(s1)CCCC2)[C@H](CC1CCOCC1)c1ccc(S(=O)(=O)C2CC2)cc1,gka_candidate,False
4,71,GKA_0496,Cn1cnnc1Sc1ccc(Sc2ccc(F)cc2)c(C(=O)Nc2nccs2)n1,gka_candidate,False
4,72,GKA_0503,CC(C)Oc1cc(OCCc2ccccc2)cc(C(=O)Nc2ccc(C(=O)O)cn2)c1,gka_candidate,False
4,73,GKA_0510,CCS(=O)(=O)c1ccc(Oc2cc(OC(C)COC)cc(C(=O)Nc3nc4c(s3)CN(C(=O)OC(C)(C)C)CC4)c2)cc1,gka_candidate,False
4,74,GKA_0517,CCN(C)C(=O)c1cnc(Oc2cc(C(=O)Nc3cnc(C)cn3)cc3oc(C)cc23)cn1,gka_candidate,False
4,75,GKA_0524,CCOP(=O)(Cn1ccc(NC(=O)c2cc(Oc3cnc(S(C)(=O)=O)cn3)cc(OC(C)C)c2)n1)OCC,gka_candidate,False
4,76,GKA_0531,COC[C@H](C)Oc1cc(/C=C/c2cccc([N+](=O)[O-])c2)cc(C(=O)Nc2ccc(C(=O)O)cn2)c1,gka_candidate,False
4,77,GKA_0538,COC[C@H](C)Oc1cc(Oc2cccc(F)c2)cc(C(=O)Nc2ccc(C(=O)O)cn2)c1,gka_candidate,False
4,78,GKA_0545,O=C(O)c1cccc(Oc2cnc(NC(=O)C(OC3CCOCC3)c3ccc(S(=O)(=O)C4CC4)cc3)s2)c1,gka_candidate,False
4,79,GKA_0552,Cc1cnc(-c2cc(Oc3ccc(S(C)(=O)=O)cc3)cc(OC(C)C)c2)[nH]c1=O,gka_candidate,False
4,80,GKA_0559,O=C(Nc1ccc(F)cn1)[C@H](COCCO)Oc1ncnc2c1cnn2-c1c(F)cccc1Cl,gka_candidate,False
4,81,GKA_0566,CC(C)Oc1cc(Oc2ccccc2)cc(C(=O)Nc2ccc(C(=O)O)cn2)c1,gka_candidate,False
4,82,GKA_0573,FC(F)(F)c1csc(Nc2ncc(Sc3ccncc3)cc2Oc2ccccc2)n1,gka_candidate,False
4,83,GKA_0580,COc1ccccc1Oc1ccc(N)c(C(=O)Nc2nc(C)cs2)c1,gka_candidate,False
4,84,GKA_0587,CCN(Cc1cc2[nH]c(-c3ccccn3)nc2cc1Oc1ccc(S(=O)(=O)CC)cc1)C(C)=O,gka_candidate,False
4,85,GKA_0594,Cc1csc(NC(=O)c2cc(Sc3nncn3C)ccc2N)n1,gka_candidate,False
4,86,GKA_0601,Cc1ccc(NC(=O)[C@H](CC2CCCC2)n2cc(Cl)c(S(=O)(=O)C(C)C)cc2=O)nc1,gka_candidate,False
4,87,GKA_0608,COCC(COC)Oc1cc(Oc2ccc(S(C)(=O)=O)cc2)cc(C(=O)Nc2nccs2)c1,gka_candidate,False
4,88,GKA_0615,Cc1csc(NC(=O)c2cc(Oc3cccc(F)c3)ccc2N)n1,gka_candidate,False
4,89,GKA_0622,Cc1csc(NC(=O)c2cc(Oc3cccc(S(C)(=O)=O)c3)cc(OC(C)C)c2)n1,gka_candidate,False
4,90,GKA_0629,O=C(Nc1ccc(F)cn1)[C@H](CN1CC(O)C1)Oc1ncnc2c1cnn2-c1ncccc1Cl,gka_candidate,False
4,91,GKA_0636,COC[C@H](C)Oc1cc(Oc2ccc(C(=O)N3CCC3)c(F)c2)cc(C(=O)Nc2nc3c(s2)CN(C(=O)OC(C)(C)C)CC3)c1,gka_candidate,False
4,92,GKA_0643,CCc1ncccc1Oc1cc(CCCCO)cnc1NC(=O)NC,gka_candidate,False
4,93,GKA_0650,Cc1cnc(NC(=O)c2cc(Oc3cnc(C(=O)N(C)C)c(F)c3)c3cn(C)nc3c2)cn1,gka_candidate,False
4,94,GKA_0657,O=C(O)Cc1ccc(Oc2cnc(NC(=O)C(Oc3ccc(F)cc3F)c3ccc(S(=O)(=O)C4CC4)cc3)s2)cc1,gka_candidate,False
4,95,GKA_0664,CCc1ncccc1Oc1cc(CCCOC)cnc1NC(=O)NC,gka_candidate,False
4,96,GKA_0671,CNC(=O)Nc1cc(Oc2cccnc2C)c(-c2ccc(OCCO)nc2)cn1,gka_candidate,False
4,97,GKA_0678,CCS(=O)(=O)c1ccn([C@@H](CC2CCCC2)C(=O)Nc2ccc(C)cn2)c(=O)c1,gka_candidate,False
4,98,GKA_0685,CCOC[C@H](Oc1ncnc2c1cnn2-c1ncccc1Cl)C(=O)Nc1ccccn1,gka_candidate,False
4,99,GKA_0692,CCn1nccc1Oc1cc(C[C@H]2C[C@@H](O)C2)cnc1NC(=O)NC,gka_candidate,False
4,100,GKA_0699,CC(CN)Oc1cc(Oc2ccc(S(C)(=O)=O)cc2)cc(C(=O)Nc2nccs2)c1,gka_candidate,False
4,101,GKA_0706,CC(C)S(=O)(=O)c1ccn([C@@H](CC2CCCC2)C(=O)Nc2ccccn2)c(=O)c1,gka_candidate,False
4,102,GKA_0713,CCOC[C@H](Oc1ncnc2c1cnn2-c1ncccc1Cl)C(=O)Nc1ccc(F)cn1,gka_candidate,False
4,103,GKA_0720,Cn1ccc(Nc2ncnc3ccc(Oc4ccccn4)cc23)n1,gka_candidate,False
4,104,GKA_0727,Cc1csc(Nc2ncc(Br)cc2OCc2ccccc2)n1,gka_candidate,False
4,105,GKA_0734,Cc1cnc(NC(=O)c2cc(Oc3ccc(C(=O)N(C)C)cc3)c3cn(C)nc3c2)cn1,gka_candidate,False
4,106,GKA_0741,CNC(=O)Nc1cc(Oc2cncc(C)c2)c(C(C)CO)cn1,gka_candidate,False
4,107,GKA_0748,C[C@H](CO)OC[C@H](Oc1ncnc2c1cnn2-c1ncccc1Cl)C(=O)Nc1ccc(F)cn1,gka_candidate,False
4,108,GKA_0755,Cn1cnnc1Sc1ccc(N)c(C(=O)Nc2nc(CO)cs2)c1,gka_candidate,False
4,109,GKA_0762,COC[C@H](C)Oc1cc(CCc2cc(F)cc(F)c2F)cc(C(=O)Nc2ccn(C)n2)c1,gka_candidate,False
4,110,GKA_0769,CC(C)S(=O)(=O)c1ccn([C@@H](CC2CCCC2)C(=O)Nc2ccn(C)n2)c(=O)c1,gka_candidate,False
4,111,GKA_0776,CC(C)Oc1cc(O[C@H](C)c2ccccc2)cc(C(=O)Nc2ccc(C(=O)O)cn2)c1,gka_candidate,False
4,112,GKA_0784,O=C(Nc1ncc(SCCN2CCCC2)s1)[C@]1(c2ccc(S(=O)(=O)C3CC3)cc2)C[C@H]1C1CCCCC1,gka_candidate,False
4,113,B3D_0006,C=CCc1cccc(/C=N\NC(=O)CN2CCN(Cc3ccc(S(N)(=O)=O)cc3)CC2)c1O,bbb_control_b3db,False
4,114,B3D_0013,CN=C(NC#N)NCCSCC1=NC=NC1C,bbb_control_b3db,False
4,115,B3D_0020,Nc1nc(NCCc2ccc(O)cc2)nc2nc(-c3ccco3)nn12,bbb_control_b3db,False
4,116,B3D_0029,O=c1[nH]c2cc(Cl)ccc2c(O)c1-c1cccc(Oc2ccccc2)c1,bbb_control_b3db,False
4,117,B3D_0036,c1ccc(NC2=NCCN2)cc1,bbb_control_b3db,False
4,118,B3D_0043,O=C1c2c(O)cc(O)cc2CC(c2ccc(O)c(O)c2)C1O,bbb_control_b3db,False
4,119,B3D_0050,CN(Cc1cnc2nc(N)nc(N)c2n1)c1ccc(C(=O)NC(CCC(=O)O)C(=O)O)cc1,bbb_control_b3db,False
4,120,B3D_0057,CCCn1c(=O)c2[nH]c([C@H]3CCC(=O)C3)nc2n(CCC)c1=O,bbb_control_b3db,False
4,121,B3D_0064,CN1Cc2c(-c3noc(C(C)(C)O)n3)ncn2-c2cccc(Cl)c2C1=O,bbb_control_b3db,False
4,122,B3D_0071,NCC1(Cc2noc(=O)[nH]2)CCCCC1,bbb_control_b3db,False
4,123,B3D_0078,CN/C(=N\C[N+](=O)[O-])NCCSCc1coc(CN(C)C)c1,bbb_control_b3db,False
4,124,B3D_0085,NC(N)=Nc1nc(-c2cccc(N)c2)cs1,bbb_control_b3db,False
4,125,B3D_0092,CC(C)C[C@H]1C(=O)N2CCC[C@H]2[C@]2(O)O[C@](NC(=O)[C@@H]3C=C4c5cccc6[nH]c(Br)c(c56)C[C@H]4N(C)C3)(C(C)C)C(=O)N12,bbb_control_b3db,False
4,126,B3D_0099,CN(C)CCCN1c2ccccc2[S+]([O-])c2ccccc21,bbb_control_b3db,False
4,127,B3D_0106,O=C(NCCN1CCN(c2cccc3c2OC[C@H](CO)O3)CC1)c1ccc(F)cc1,bbb_control_b3db,False
4,128,B3D_0113,COc1cc2c(cc1CNC1CCCNC1c1ccccc1)N(S(C)(=O)=O)C(C)C2,bbb_control_b3db,False
4,129,B3D_0120,CN(C)CCC[C@@]1(c2ccc(F)cc2)OCc2cc(C#N)ccc21,bbb_control_b3db,False
4,130,B3D_0127,Cc1nc2n(c(=O)c1CCN1CCC(c3coc4cc(F)ccc34)CC1)CCCC2,bbb_control_b3db,False
4,131,B3D_0134,CC1(C)SSC(C)(C)[C@@H](NC(=O)C(N)Cc2ccc(O)cc2)C(=O)NCC(=O)NC(Cc2ccccc2)C(=O)N[C@@H]1C(=O)O,bbb_control_b3db,False
4,132,B3D_0141,CC[S@@]1(O)C(=O)OCc2c1cc1n(c2=O)Cc2cc3ccccc3nc2-1,bbb_control_b3db,False
4,133,B3D_0148,CN1Cc2c(C(=O)OC(C)(C)C)ncn2-c2ccsc2C1=O,bbb_control_b3db,False
4,134,B3D_0155,COc1ccc(N2CCCC2=O)cc1CNC1CCCNC1c1ccccc1,bbb_control_b3db,False
4,135,B3D_0162,O=C(Cc1ccc(OCc2ccccc2)cc1)Nc1ccc2cnn(CCN3CCCC3)c2c1,bbb_control_b3db,False
4,136,B3D_0169,O=[N+]([O-])c1nccn1CCCCCCCCF,bbb_control_b3db,False
4,137,B3D_0176,CCOC(=O)c1ncn2c1CN(CC[18F])C(=O)c1cc(F)ccc1-2,bbb_control_b3db,False
4,138,B3D_0183,CC(F)OC(=O)c1ncn2c1CN(C)C(=O)c1cc(F)ccc1-2,bbb_control_b3db,False
4,139,B3D_0190,OCc1ncc2n1-c1ccc(Cl)cc1C(c1ccccc1F)=NC2,bbb_control_b3db,False
4,140,B3D_0197,COc1cc2c(cc1OC)[C@@H]1Cc3ccc(OC)c(OC)c3CN1CC2,bbb_control_b3db,False
4,141,B3D_0204,CCNCc1ccc(C(=O)Nc2cc(C)n(Cc3cc(Cl)ccc3OCC(C)C)n2)cc1,bbb_control_b3db,False
4,142,B3D_0211,Oc1ccc2c(c1)OCO2,bbb_control_b3db,False
4,143,B3D_0218,CCC(C)(C)C(=O)O[C@H]1C[C@@H](C)C=C2C=C[C@H](C)[C@H](CC[C@@H]3C[C@@H](O)CC(=O)O3)[C@H]21,bbb_control_b3db,False
4,144,B3D_0225,CCCCCc1cc(O)c2c(c1)OC(C)(C)[C@@H]1CCC(C)=C[C@@H]21,bbb_control_b3db,False
4,145,B3D_0232,C1CO1,bbb_control_b3db,False
4,146,B3D_0239,CNC(=O)Oc1ccc2c(c1)C1(C)CCN(C)C1N2C,bbb_control_b3db,False
4,147,B3D_0246,CN(C/C=C/C#CC(C)(C)C)Cc1cccc2ccccc12,bbb_control_b3db,False
4,148,B3D_0253,Cc1ccc2c(OCCN3CCC(Cc4ccc5c(c4)N(C)C(=O)CO5)CC3)cccc2n1,bbb_control_b3db,False
4,149,B3D_0260,Cc1cc(-c2ccccc2)nnc1N1CCN(c2ncccn2)CC1,bbb_control_b3db,False
4,150,B3D_0267,CNCCCC1(c2ccccc2)SC(C)(C)c2ccccc21,bbb_control_b3db,False
4,151,B3D_0274,CCCCCCCCC1(CC)C(=O)NC(=O)NC1=O,bbb_control_b3db,False
4,152,B3D_0281,CC1=C(CC2CCc3c(c4ccccc4n3C)C2=O)CC=N1,bbb_control_b3db,False
4,153,B3D_0288,Cc1cc(-c2ccccc2)nnc1NCCN1CCOCC1,bbb_control_b3db,False
4,154,B3D_0295,Cc1nc2cc(CNC3CCCNC3c3ccccc3)c(OC(C)C)cc2s1,bbb_control_b3db,False
4,155,B3D_0302,CCOC(=O)Nc1cc2c(c(N)n1)N=C(CN(C)c1ccc(OC)cc1)CN2,bbb_control_b3db,False
4,156,B3D_0309,Clc1ccc(Cl)c(N=C2NCCN2)c1,bbb_control_b3db,False
4,157,B3D_0316,C#CC1(O)CCC2C3C(C)CC4=C(CCC(=O)C4)C3CCC21C,bbb_control_b3db,False
4,158,B3D_0323,O=C(Nc1ccc(Cl)nc1)c1ccc(F)c(F)c1,bbb_control_b3db,False
4,159,B3D_0330,COc1cc2sc(C)nc2cc1CNC1CCCNC1c1ccccc1,bbb_control_b3db,False
4,160,B3D_0337,CN1CCN2c3ncccc3Cc3ccccc3C2C1,bbb_control_b3db,False
4,161,B3D_0344,COc1ccc2c3c1O[C@H]1[C@@H](O)CC[C@H]4[C@@H](C2)N(C)CC[C@@]341,bbb_control_b3db,False
4,162,B3D_0351,Brc1cc(Br)c(NC2=NCCN2)c(Br)c1,bbb_control_b3db,False
4,163,B3D_0358,CCCCC1CCN(CCCN2C(=O)CCc3ccccc32)CC1,bbb_control_b3db,False
4,164,B3D_0365,COc1ccc(C(CN(C)C)C2(O)CCCCC2)cc1,bbb_control_b3db,False
4,165,B3D_0372,c1ccc(NCCCOc2cccc(CN3CCCCC3)c2)nc1,bbb_control_b3db,False
4,166,B3D_0379,Fc1ccc(Cn2c([C@H]3CNCCO3)nc3ccccc32)cc1,bbb_control_b3db,False
4,167,B3D_0386,Cc1nc(N)nc(N)c1-c1ccc(Cl)c(Cl)c1,bbb_control_b3db,False
4,168,B3D_0393,OC(CCN1CCCCC1)(c1ccccc1)C1CC2C=CC1C2,bbb_control_b3db,False
4,169,B3D_0400,CCC(=C(c1ccccc1)c1ccc(OCCN(C)C)cc1)c1ccccc1,bbb_control_b3db,False
4,170,B3D_0407,CC(CN(C)C)CN1c2ccccc2CCc2ccccc21,bbb_control_b3db,False
4,171,B3D_0414,CN(C)CCC=C1c2ccccc2COc2ccccc21,bbb_control_b3db,False
4,172,B3D_0421,CNCCC=C1c2ccccc2CCc2ccccc21,bbb_control_b3db,False
4,173,B3D_0428,N#Cc1ccc(OCC2CCN(C/C=C/I)CC2)cc1,bbb_control_b3db,False
4,174,B3D_0435,CC(C)CN1CCN(c2ccc(I)cc2)CC1,bbb_control_b3db,False
4,175,FRI_0002,CCCC(C)C1(CC)C(=O)NC(=S)NC1=O,bbb_control_friden,False
4,176,FRI_0011,Nc1c2c(nc3ccccc13)CCCC2,bbb_control_friden,False
4,177,FRI_0021,CN1CC[C@]23c4c5ccc(O)c4O[C@H]2[C@@H](O)C=C[C@H]3[C@H]1C5,bbb_control_friden,False
4,178,FRI_0031,CCn1cc(C(=O)O)c(=O)c2cc(F)c(N3CCNCC3)cc21,bbb_control_friden,False
4,179,FRI_0040,CN(C)C(=O)C(CCN1CCC(O)(c2ccc(Cl)cc2)CC1)(c1ccccc1)c1ccccc1,bbb_control_friden,False
4,180,FRI_0041,CN(Cc1cnc2nc(N)nc(N)c2n1)c1ccc(C(=O)N[C@@H](CCC(=O)O)C(=O)O)cc1,bbb_control_friden,True
4,181,FRI_0036,CN1CC[C@]23c4c5ccc(O[C@@H]6O[C@H](C(=O)O)[C@@H](O)[C@H](O)[C@H]6O)c4O[C@H]2[C@@H](O)C=C[C@H]3[C@H]1C5,bbb_control_friden,True
4,182,FRI_0035,CO[C@@]1(NC(=O)C(C(=O)O)c2ccc(O)cc2)C(=O)N2C(C(=O)O)=C(CSc3nnnn3C)CO[C@@H]21,bbb_control_friden,True
4,183,FRI_0030,CO[C@H]1/C=C/O[C@@]2(C)Oc3c(C)c(O)c4c(O)c(c(/C=N/N5CCN(C)CC5)c(O)c4c3C2=O)NC(=O)/C(C)=C\C=C\[C@H](C)[C@H](O)[C@@H](C)[C@@H](O)[C@@H](C)[C@H](OC(C)=O)[C@@H]1C,bbb_control_friden,True
4,184,FRI_0026,CC(C)(C)NC(=O)[C@@H]1C[C@@H]2CCCC[C@@H]2CN1C[C@@H](O)[C@H](Cc1ccccc1)NC(=O)[C@H](CC(N)=O)NC(=O)c1ccc2ccccc2n1,bbb_control_friden,True
4,185,FRI_0023,C[C@H]1COc2c(N3CCN(C)CC3)c(F)cc3c(=O)c(C(=O)O)cn1c23,bbb_control_friden,True
4,186,FRI_0019,C=CCOc1ccccc1OCC(O)CNC(C)C,bbb_control_friden,True
4,187,FRI_0016,CSc1ccc2c(c1)N(CCC1CCCCN1C)c1ccccc1S2,bbb_control_friden,True
4,188,FRI_0012,CN(C)CCC=C1c2ccccc2CCc2ccccc21,bbb_control_friden,True
4,189,FRI_0008,COc1ccc2c3c1O[C@H]1[C@@H](O)C=C[C@H]4[C@@H](C2)N(C)CC[C@@]341,bbb_control_friden,True
4,190,FRI_0005,CN1C(=O)CN=C(c2ccccc2)c2cc(Cl)ccc21,bbb_control_friden,True
4,191,FRI_0001,CC(NC(C)(C)C)C(=O)c1cccc(Cl)c1,bbb_control_friden,True
4,192,B3D_0025,O=C(O)c1cc(N=Nc2ccc(S(=O)(=O)Nc3ccccn3)cc2)ccc1O,bbb_control_b3db,True
4,193,B3D_0001,COC1(NC(=O)C(C(=O)O)c2ccc(O)cc2)C(=O)N2C(C(=O)O)=C(CSc3nnnn3C)COC21,bbb_control_b3db,True
4,194,B3D_0026,Oc1c(I)cc(Cl)c2cccnc12,bbb_control_b3db,True
4,195,B3D_0002,CN1CC[C@]23c4c5ccc(OC6O[C@H](C(=O)O)[C@@H](O)[C@H](O)[C@H]6O)c4O[C@H]2[C@@H](O)C=C[C@H]3[C@H]1C5,bbb_control_b3db,True
4,196,B3D_0441,CN(C)CCCN1c2ccccc2Sc2ccc(C(F)(F)F)cc21,bbb_control_b3db,True
4,197,B3D_0443,OCCN1CCN(CCCN2c3ccccc3Sc3ccc(C(F)(F)F)cc32)CC1,bbb_control_b3db,True
4,198,B3D_0444,CNC1CCC(c2ccc(Cl)c(Cl)c2)c2ccccc21,bbb_control_b3db,True
4,199,B3D_0445,FC(F)(F)c1ccc(N2CCNCC2)nc1Cl,bbb_control_b3db,True
5,1,GKA_0007,Cc1cnc(-c2cc3cc(Oc4ccc(S(C)(=O)=O)nc4)c(C4CCC(=O)N4C)cc3[nH]2)s1,gka_candidate,False
5,2,GKA_0014,Cc1ccc(Sc2ccc(Sc3nnc[nH]3)nc2C(=O)Nc2ncns2)cn1,gka_candidate,False
5,3,GKA_0021,Cn1ccc(Nc2ncnc3ccc(Oc4ncccc4Br)cc23)n1,gka_candidate,False
5,4,GKA_0028,COC1CCN(S(=O)(=O)c2ccc(Oc3cc(OCC=C(C)C)cc(C(=O)Nc4ncc(F)s4)c3)cc2)CC1,gka_candidate,False
5,5,GKA_0035,Cc1cc(S(=O)(=O)C2CCCC2)cc(=O)n1[C@@H](CC1CCCCC1)C(=O)Nc1nccs1,gka_candidate,False
5,6,GKA_0042,CC(C)=CCOc1cc(Oc2ccc(S(=O)(=O)C3CC3)cc2)cc(C(=O)Nc2cc(C)n(C)n2)c1,gka_candidate,False
5,7,GKA_0049,COC[C@H](C)Oc1cc(C#Cc2cccc(NCCN(C)C)c2)cc(C(=O)Nc2ccn(C)n2)c1,gka_candidate,False
5,8,GKA_0056,COC(=O)CCc1cnc(-c2cc3cc(Oc4ccc(S(C)(=O)=O)cc4)c(C4CCC(=O)N4C)cc3[nH]2)s1,gka_candidate,False
5,9,GKA_0063,CC(C)Oc1cc(O[C@@H](C)Cc2ccccc2)cc(C(=O)Nc2ccc(C(=O)O)cn2)c1,gka_candidate,False
5,10,GKA_0070,Cc1nnnn1-c1ccc(/C(=C\C2CCCCC2)C(=O)Nc2nccs2)cc1Cl,gka_candidate,False
5,11,GKA_0077,CCCN(CCC)S(=O)(=O)c1ccc(C(CC2CCCC2)C(=O)Nc2nc3ccc(OC)nc3s2)cc1,gka_candidate,False
5,12,GKA_0084,CNC(=O)Nc1cc(Oc2cncc(C)c2)c(-c2ccc(OC[C@H](C)O)nc2)cn1,gka_candidate,False
5,13,GKA_0091,CNC(=O)Nc1cc(Oc2cncc(C)c2)c([C@H]2C[C@@H](CO)C2)cn1,gka_candidate,False
5,14,GKA_0098,CCn1nccc1Oc1cc(C[C@H]2CC[C@H](O)CC2)cnc1NC(=O)NC,gka_candidate,False
5,15,GKA_0105,Cc1csc(Nc2ncc(SCc3ccccn3)cc2OCc2ccccc2)n1,gka_candidate,False
5,16,GKA_0112,Cc1cnc(NC(=O)c2cc(Oc3cnc(C(=O)N4CCC4)cn3)c3cc(C)oc3c2)cn1,gka_candidate,False
5,17,GKA_0119,CS(=O)(=O)c1ccc(/C(=C\C2CCCC2)C(=O)Nc2ccccn2)cc1Cl,gka_candidate,False
5,18,GKA_0126,c1ccc(Oc2cc(Sc3ccncc3)cnc2Nc2nc(C3CC3)cs2)cc1,gka_candidate,False
5,19,GKA_0133,Cc1cnc(Nc2ncnc3ccc(Oc4c(F)cccc4S(C)(=O)=O)cc23)cn1,gka_candidate,False
5,20,GKA_0140,CC(C)c1csc(Nc2ncc(SCCn3ccnc3)cc2OCc2ccccc2)n1,gka_candidate,False
5,21,GKA_0147,COc1cnc(NC(=O)c2cc(Oc3cnc(C(=O)N(C)C)cn3)c3cc(C)oc3c2)cn1,gka_candidate,False
5,22,GKA_0154,CNC(=O)Nc1cc(Oc2c(F)cccc2F)c(-c2ccncc2)cn1,gka_candidate,False
5,23,GKA_0161,CCS(=O)(=O)c1ccc(Oc2cc3nc(-c4ccccn4)[nH]c3cc2CN2CCCC2=O)cc1,gka_candidate,False
5,24,GKA_0168,O=C(Nc1nccs1)[C@H](CC1CCCCC1)N1CCN(S(=O)(=O)c2ccco2)CC1=O,gka_candidate,False
5,25,GKA_0175,CCOP(=O)(Cc1cnc(NC(=O)c2cc(Oc3ccc(S(C)(=O)=O)cc3)cc(O[C@@H](C)COC)c2)cn1)OCC,gka_candidate,False
5,26,GKA_0182,CNC(=O)Cn1cc(-c2cnc(NC(=O)C(CC3CCOCC3)c3ccc(S(=O)(=O)C4CC4)cc3)s2)nn1,gka_candidate,False
5,27,GKA_0189,CCn1cc2c(Oc3cnc(C(=O)N4CCC4)c(F)c3)cc(C(=O)Nc3ccn(C)n3)cc2n1,gka_candidate,False
5,28,GKA_0196,NC(=O)c1cccnc1NC(=O)C(CC1CCOCC1)n1ncc2c(S(=O)(=O)C3CC3)cccc21,gka_candidate,False
5,29,GKA_0203,CNC(=O)Nc1cc(Oc2c(F)cccc2F)c(C2CC2)cn1,gka_candidate,False
5,30,GKA_0210,O=C(O)c1ccc(NC(=O)[C@H](CC2CCCCC2)n2cnc(S(=O)(=O)C3CCC3)c2)nc1,gka_candidate,False
5,31,GKA_0217,Cn1cnnc1Sc1ccc(N)c(C(=O)Nc2ncns2)c1,gka_candidate,False
5,32,GKA_0224,CNC(=O)Nc1ncc(SC2CCOCC2)cc1Oc1cccnc1C,gka_candidate,False
5,33,GKA_0231,COC[C@H](C)Oc1cc(Oc2ccc(C(=O)N3CCC3)cc2)cc(C(=O)Nc2nc3c(s2)CN(c2ccccn2)CC3)c1,gka_candidate,False
5,34,GKA_0238,CC(C)c1csc(NC(=O)C(CC2CCOCC2)c2ccc(S(C)(=O)=O)cc2)n1,gka_candidate,False
5,35,GKA_0245,Cc1cc2c(Oc3cnc(C(=O)N(C)C)cn3)cc(C(=O)Nc3ccn(C)n3)cc2o1,gka_candidate,False
5,36,GKA_0252,Cc1csc(NC(=O)c2cc(Oc3ccccc3)cc(Oc3ccc(S(C)(=O)=O)cc3)c2)n1,gka_candidate,False
5,37,GKA_0259,CC(C)Oc1cc(OCCCc2ccccc2)cc(C(=O)Nc2ccc(C(=O)O)cn2)c1,gka_candidate,False
5,38,GKA_0266,COC1CCN(S(=O)(=O)c2ccc(Oc3cc(OCC=C(C)C)cc(C(=O)Nc4cc(C)n(C)n4)c3)cc2)CC1,gka_candidate,False
5,39,GKA_0273,O=C(Nc1nc2cccnc2s1)c1ccccc1,gka_candidate,False
5,40,GKA_0280,Cc1csc(NC(=O)c2cc(Sc3ccccn3)ccc2N)n1,gka_candidate,False
5,41,GKA_0287,CC(C)COc1cc(OC(C)C)cc(C(=O)Nc2ccc(C(=O)O)cn2)c1,gka_candidate,False
5,42,GKA_0294,O=C(Nc1ncc(F)s1)[C@H](CC1CCCC1)n1cc(S(=O)(=O)C2CC2)cn1,gka_candidate,False
5,43,GKA_0301,O=C(O)Cc1nc(NC(=O)C(OC2CCOCC2)c2ccc(S(=O)(=O)N3CCCCC3)cc2)sc1Cl,gka_candidate,False
5,44,GKA_0308,CC(=O)N1CCC(c2nsc(Nc3ncc(Sc4ccccn4)cc3Oc3cnn(C)c3)n2)CC1,gka_candidate,False
5,45,GKA_0315,CNC(=O)Nc1ncc(Sc2ccccn2)cc1Oc1c(C)n[nH]c1C,gka_candidate,False
5,46,GKA_0322,Cc1cnc(NC(=O)c2cc(Oc3cnc(C(=O)N(C)C)cn3)c3cn(C)nc3c2)cn1,gka_candidate,False
5,47,GKA_0329,CN1C(=O)CCC1c1cc2[nH]c(-c3ccc(C(C)(C)O)cn3)cc2cc1Oc1ccc(S(C)(=O)=O)nc1,gka_candidate,False
5,48,GKA_0336,CS(=O)(=O)c1ccc(/C(=C\C2CCCCC2)C(=O)Nc2nccs2)cc1[N+](=O)[O-],gka_candidate,False
5,49,GKA_0343,COC(=O)Cc1ccc(Oc2cc3cc(-c4ccccn4)[nH]c3cc2C2CCC(=O)N2C)cc1,gka_candidate,False
5,50,GKA_0350,CS(=O)(=O)c1ccc(/C(=C\C2CCCCC2)C(=O)Nc2nccs2)cc1,gka_candidate,False
5,51,GKA_0357,COC(CNCc1csc(NC(=O)c2cc(Oc3ccc(S(C)(=O)=O)cc3)cc(-c3ncccc3C)c2)n1)OC,gka_candidate,False
5,52,GKA_0364,COCCNc1cccc(C#Cc2cc(O[C@@H](C)COC)cc(C(=O)Nc3ccn(C)n3)c2)c1,gka_candidate,False
5,53,GKA_0371,CCN(CC)S(=O)(=O)c1ccc(C(CC2CCCC2)C(=O)Nc2nc3ccc(OC)nc3s2)cc1,gka_candidate,False
5,54,GKA_0378,CN1C(=O)CCC1c1cc2[nH]c(-c3nc(CC(=O)O)c(Cl)s3)cc2cc1Oc1ccc(S(C)(=O)=O)nc1,gka_candidate,False
5,55,GKA_0385,CS(=O)(=O)c1ccc(/C(=C\CC2CCCC2)C(=O)Nc2nccs2)cc1,gka_candidate,False
5,56,GKA_0392,CCS(=O)(=O)c1ccc(Oc2cc3cc(-c4ccc(P(C)(=O)O)cn4)[nH]c3cc2C2CCC(=O)N2C)cc1,gka_candidate,False
5,57,GKA_0399,CNC(=O)Nc1cc(Oc2cncc(C)c2)c(-c2ccc(OC[C@@H](C)O)nc2)cn1,gka_candidate,False
5,58,GKA_0406,CNC(=O)Nc1cc(Oc2cncc(C)c2)c(-c2ccc(OCCO)nc2)cn1,gka_candidate,False
5,59,GKA_0413,COC[C@H](C)Oc1cc(O[C@@H](C)Cc2ccccc2OC)cc(C(=O)Nc2ccc(C(=O)O)cn2)c1,gka_candidate,False
5,60,GKA_0420,COCc1ccc(Oc2cc3cc(-c4ccc(CCC(=O)O)cn4)[nH]c3cc2C2CCC(=O)N2C)cn1,gka_candidate,False
5,61,GKA_0427,CCn1ccc(Nc2ncnc3ccc(Oc4c(F)cccc4S(C)(=O)=O)cc23)n1,gka_candidate,False
5,62,GKA_0434,CC(C)=CCOc1cc(Oc2ccc(S(=O)(=O)N3CC[C@H](F)C3)cc2)cc(C(=O)Nc2ccn(C)n2)c1,gka_candidate,False
5,63,GKA_0441,Cc1cnc(-c2cc(Oc3ccc(S(=O)(=O)N(C)C)cc3)cc(O[C@@H](C)CO)c2)[nH]c1=O,gka_candidate,False
5,64,GKA_0448,CC(C)=CCOc1cc(Oc2ccc(S(=O)(=O)N3CCOCC3)cc2)cc(C(=O)Nc2cc(C)n(C)n2)c1,gka_candidate,False
5,65,GKA_0455,CCOP(=O)(Cn1ccc(NC(=O)c2cc(Oc3ccc(S(C)(=O)=O)cc3)cc(O[C@@H](CC)CO)c2)n1)OCC,gka_candidate,False
5,66,GKA_0462,O=C(Nc1ncc(F)s1)[C@H](CC1CCOCC1)n1ncc2c(S(=O)(=O)C3CC3)cc(O)cc21,gka_candidate,False
5,67,GKA_0469,CC(CO)Oc1cc(Oc2ccc(S(C)(=O)=O)cc2)cc(C(=O)Nc2nccs2)c1,gka_candidate,False
5,68,GKA_0476,CNS(=O)(=O)c1ccc(Oc2cc(O[C@@H](C)CO)cc(-c3ncc(C)c(=O)[nH]3)c2)cc1,gka_candidate,False
5,69,GKA_0483,CNC(=O)Nc1cc(Oc2cncc(C)c2)c(-c2ccc(OCC(C)(C)O)nc2)cn1,gka_candidate,False
5,70,GKA_0490,COC[C@H](C)Oc1cc(/C=C/c2ccc(F)cc2)cc(C(=O)Nc2ccn(C)n2)c1,gka_candidate,False
5,71,GKA_0497,CNC(=O)Nc1cc(Oc2cncc(C)c2)c([C@H]2C[C@@H](O)C2)cn1,gka_candidate,False
5,72,GKA_0504,CC(C)Oc1cc(O[C@@H](C)c2ccccc2)cc(C(=O)Nc2ccc(C(=O)O)cn2)c1,gka_candidate,False
5,73,GKA_0511,COC(=O)/C=C/c1cnc2[nH]c(/C(=C/C3CCCC3)c3ccc(S(C)(=O)=O)c(Cl)c3)cc2c1,gka_candidate,False
5,74,GKA_0518,Cc1csc(NC(=O)c2cc(Sc3nccn3C)ccc2N)n1,gka_candidate,False
5,75,GKA_0525,O=C(Nc1nccs1)c1nc(Sc2nnc[nH]2)ccc1Sc1ccc(C(F)(F)F)cc1,gka_candidate,False
5,76,GKA_0532,Cc1cc2c(Oc3cnc(C(=O)N(C)C)cn3)cc(C(=O)Nc3cnc(C(F)(F)F)cn3)cc2o1,gka_candidate,False
5,77,GKA_0539,O=C(Nc1ncc(-c2cn(CCO)nn2)s1)C(CC1CCOCC1)c1ccc(S(=O)(=O)C2CC2)cc1,gka_candidate,False
5,78,GKA_0546,O=C(O)c1ccc(Oc2cnc(NC(=O)C(Oc3ccc(F)cc3F)c3ccc(S(=O)(=O)C4CC4)cc3)s2)cc1,gka_candidate,False
5,79,GKA_0553,CC(C)OC[C@H](Oc1ncnc2c1cnn2-c1ccccc1Cl)C(=O)Nc1ccc(F)cn1,gka_candidate,False
5,80,GKA_0560,COC[C@H](C)Oc1cc(Oc2cc(F)cc(F)c2)cc(C(=O)Nc2nc3c(s2)CN(C(=O)OC(C)(C)C)CC3)c1,gka_candidate,False
5,81,GKA_0567,CCN(CC)C(=O)Cn1cc(-c2cnc(NC(=O)C(CC3CCOCC3)c3ccc(S(=O)(=O)C4CC4)cc3)s2)nn1,gka_candidate,False
5,82,GKA_0574,CS(=O)(=O)c1ccc(Oc2cc(OC3CCOC3)cc(C(=O)Nc3nccs3)c2)cc1,gka_candidate,False
5,83,GKA_0581,Cn1cnnc1Sc1ccc(N)c(C(=O)Nc2nccs2)c1,gka_candidate,False
5,84,GKA_0588,CNC(=O)Nc1ncc(SCCCOC)cc1Oc1cccnc1C,gka_candidate,False
5,85,GKA_0595,Cc1ccc(S(=O)(=O)N2CCN([C@@H](CC3CCCCC3)C(=O)Nc3nccs3)C(=O)C2)c(F)c1,gka_candidate,False
5,86,GKA_0602,CC(C)=CCOc1cc(Oc2ccc(S(=O)(=O)N3C[C@@H](C)O[C@@H](C)C3)cc2)cc(C(=O)Nc2ccn(C)n2)c1,gka_candidate,False
5,87,GKA_0609,CCS(=O)(=O)c1ccc(Oc2cc3nc(-c4ccccn4)[nH]c3cc2CCC(=O)N(C)C)cc1,gka_candidate,False
5,88,GKA_0616,CC(C)=CCOc1cc(Oc2ccc(S(=O)(=O)N3CCOCC3)cc2)cc(C(=O)Nc2ccn(C)n2)c1,gka_candidate,False
5,89,GKA_0623,CC(C)c1nc(NC(=O)C(CC2CCOCC2)c2ccc(S(=O)(=O)C3CC3)cc2)sc1Br,gka_candidate,False
5,90,GKA_0630,COCC(C)Oc1cc(Oc2ccc(S(C)(=O)=O)cc2)cc(C(=O)Nc2nc3c(s2)CN(C(=O)OC(C)(C)C)CC3)c1,gka_candidate,False
5,91,GKA_0637,CCNC(=O)Nc1ncc(Sc2ccccn2)cc1Oc1cccnc1CC,gka_candidate,False
5,92,GKA_0644,CCn1nccc1Oc1cc(C[C@@H]2CCO[C@@H](COC)C2)cnc1NC(=O)NC,gka_candidate,False
5,93,GKA_0651,CS(=O)(=O)c1ccc(Oc2cc(OCCO)cc(C(=O)Nc3nccs3)c2)cc1,gka_candidate,False
5,94,GKA_0658,CNC(=O)Nc1cc(Oc2ccc(C)nc2)c(-c2ccc(OCCO)nc2)cn1,gka_candidate,False
5,95,GKA_0665,CC(CO)Cc1cc(Oc2ccc(S(C)(=O)=O)cc2)cc(C(=O)Nc2nccs2)c1,gka_candidate,False
5,96,GKA_0672,Cc1ccc(NC(=O)[C@H](CC2CCCC2)n2cc(Cl)c(S(C)(=O)=O)cc2=O)nc1,gka_candidate,False
5,97,GKA_0679,Cc1cc(S(=O)(=O)C2CCCC2)cc(=O)n1[C@@H](CC1CCCCO1)C(=O)Nc1ncc(F)s1,gka_candidate,False
5,98,GKA_0686,O=C(Nc1ccc(Cl)cn1)[C@H](COCCO)Oc1ncnc2c1cnn2-c1ncccc1Cl,gka_candidate,False
5,99,GKA_0693,CS(=O)(=O)c1ccc(C(O)(CC2CCCC2)c2cc3cc(Br)cnc3[nH]2)cc1Cl,gka_candidate,False
5,100,GKA_0700,Cc1ccc(Oc2cnc(NC(=O)C(O[C@@H]3CCOC3)c3ccc(S(=O)(=O)C4CC4)cc3)s2)cc1C(=O)O,gka_candidate,False
5,101,GKA_0707,COCC(C)Oc1ccc(C(CC2CCCC2)c2cc3cccnc3[nH]2)cc1Cl,gka_candidate,False
5,102,GKA_0714,CC(C)OC[C@H](Oc1ncnc2c1cnn2-c1ncccc1Cl)C(=O)Nc1ccc(C#N)cn1,gka_candidate,False
5,103,GKA_0721,CNC(=O)Nc1cc(Oc2c(F)cccc2F)c(C)cn1,gka_candidate,False
5,104,GKA_0728,COC(=O)/C=C/c1cnc2[nH]c(C(CC3CCCC3)c3ccc(S(C)(=O)=O)c(Cl)c3)cc2c1,gka_candidate,False
5,105,GKA_0735,Cc1cc2c(Oc3cnc(C(=O)N4CC(C)(C)C4)cn3)cc(C(=O)Nc3cnccn3)cc2o1,gka_candidate,False
5,106,GKA_0742,N#Cc1ccc(C(CC2CCCC2)c2cc3cccnc3[nH]2)cc1Cl,gka_candidate,False
5,107,GKA_0749,CCS(=O)(=O)c1ccc(Oc2cc3cc(-c4ccc(C(F)(F)F)cn4)[nH]c3cc2C2CCC(=O)N2CC(=O)O)cc1,gka_candidate,False
5,108,GKA_0756,Cc1csc(NC(=O)c2cc(Oc3ccc(F)cc3)ccc2N)n1,gka_candidate,False
5,109,GKA_0763,CC(C)Oc1cc(Oc2cnc(C(=O)N(C)C)nc2)cc(-c2nccc(=O)[nH]2)c1,gka_candidate,False
5,110,GKA_0770,O=C(O)c1ccc(NC(=O)c2cccc(OCc3ccccc3Cl)c2)nc1,gka_candidate,False
5,111,GKA_0777,Cc1csc(NC(=O)c2cc(Oc3ccccc3S(C)(=O)=O)cc(OC(C)C)c2)n1,gka_candidate,False
5,112,GKA_0785,CC(C)C[C@@H](C(=O)Nc1ccn(C[C@@H](O)CO)n1)N1CC(Oc2ccccc2Cl)=CC1=O,gka_candidate,False
5,113,B3D_0007,O=C(O)c1nc2ccc(C(F)(F)F)cc2nc1NCc1ccc(C(F)(F)F)cc1,bbb_control_b3db,False
5,114,B3D_0014,CCCc1nc(C)c2c(=O)[nH]c(-c3cc(S(=O)(=O)N4CCN(CC)CC4)ccc3OCC)nn12,bbb_control_b3db,False
5,115,B3D_0021,O=c1[nH]cnc2c1ncn2[C@@H]1CC[C@H](CO)O1,bbb_control_b3db,False
5,116,B3D_0030,COc1cc(C2c3cc4c(cc3C(OC3OC5COC(C)OC5C(O)C3O)C3COC(=O)C23)OCO4)cc(OC)c1O,bbb_control_b3db,False
5,117,B3D_0037,CN1Cc2c(-c3noc(C(C)(O)CO)n3)ncn2-c2cccc(Cl)c2C1=O,bbb_control_b3db,False
5,118,B3D_0044,CC(C(=O)O)c1ccc(-c2ccccc2)c(F)c1,bbb_control_b3db,False
5,119,B3D_0051,Cc1ccc(NC(=O)c2ccc(CN3CCN(C)CC3)cc2)cc1Nc1nccc(-c2cccnc2)n1,bbb_control_b3db,False
5,120,B3D_0058,COC(=O)Nc1nc2ccc(C(=O)N3CCN(c4ccccn4)CC3)cc2[nH]1,bbb_control_b3db,False
5,121,B3D_0065,CN(C)Cc1ccc(CSCCNc2nc(=O)c(Cc3ccc4ccccc4c3)c[nH]2)o1,bbb_control_b3db,False
5,122,B3D_0072,O=C(O)Cc1ccccc1Nc1c(Cl)cccc1Cl,bbb_control_b3db,False
5,123,B3D_0079,CNC(=C[N+](=O)[O-])NCCSCc1ccc(CN(C)C)o1,bbb_control_b3db,False
5,124,B3D_0086,CCOc1ccc(Cc2nc3cc(N(C)S(=O)(=O)c4cccs4)ccc3n2CC2CCCCC2)nc1,bbb_control_b3db,False
5,125,B3D_0093,CN1CC(C(=O)NC2(C)OC3(O)C4CCCN4C(=O)C(Cc4ccccc4)N3C2=O)CC2C3=CC=CC4NC=CC(=C34)CC21,bbb_control_b3db,False
5,126,B3D_0100,CCc1ccc(-n2cnc3c(sc4nccc(N(C)C)c43)c2=O)cc1,bbb_control_b3db,False
5,127,B3D_0107,CCCN(CCC)CCc1cc(O)c2c(c1)CC(=O)N2,bbb_control_b3db,False
5,128,B3D_0114,N[C@@]1(C(=O)O)CC(=O)[C@@H]2[C@H]1[C@@]2(F)C(=O)O,bbb_control_b3db,False
5,129,B3D_0121,COc1ccc(N(c2nc(C)c(C)s2)S(C)(=O)=O)cc1CNC1CCCNC1c1ccccc1,bbb_control_b3db,False
5,130,B3D_0128,CC(=O)Cn1nc(-c2c(-c3ccccc3)nn3ccccc23)ccc1=O,bbb_control_b3db,False
5,131,B3D_0135,CC1(C)SSC(C)(C)[C@@H](NC(=O)[C@@H](N)Cc2ccc(O)cc2)C(=O)NCC(=O)N[C@@H](Cc2ccccc2)C(=O)N[C@H]1C(=O)O,bbb_control_b3db,False
5,132,B3D_0142,CN(C)Cc1ccnc(-c2cccc(Nc3[nH]ccc3[N+](=O)[O-])c2)c1,bbb_control_b3db,False
5,133,B3D_0149,CNC(=O)c1c(NCC2CCC3(CCC3)CC2)nc(C#N)nc1OC1CC(C)(C)NC(C)(C)C1,bbb_control_b3db,False
5,134,B3D_0156,C[C@]12CCC(=O)C=C1CC[C@H]1[C@@H]2[C@@H](O)C[C@@]2(C)[C@H]1CC[C@]2(O)C(=O)CO,bbb_control_b3db,False
5,135,B3D_0163,O=C(OCc1ccccc1)N1CCC(CNc2ccncn2)CC1,bbb_control_b3db,False
5,136,B3D_0170,CCn1cc(C(=O)O)c(=O)c2cc(F)c(N3CCN(C)CC3)cc21,bbb_control_b3db,False
5,137,B3D_0177,O=c1cc(NC2CCN(Cc3ccc4c(c3)CCO4)CC2)c2cc(Cl)ccc2o1,bbb_control_b3db,False
5,138,B3D_0184,CN(C)Cc1ccc(-c2c[nH]c(=O)c3cccc(O)c23)cc1,bbb_control_b3db,False
5,139,B3D_0191,CC(C)(C)OC(=O)c1ncn2c1C1CCCN1C(=O)c1c(Br)cccc1-2,bbb_control_b3db,False
5,140,B3D_0198,CN1C2CCC1CC(OC(=O)C(CO)c1ccccc1)C2,bbb_control_b3db,False
5,141,B3D_0205,CO[C@@H]1CN(CC2Cc3ccc(C#N)cc3C2)CCC1n1c(C(C)(C)O)nc2cc(C)ccc21,bbb_control_b3db,False
5,142,B3D_0212,C1CCc2nnnn2CC1,bbb_control_b3db,False
5,143,B3D_0219,CCNc1cccnc1N1CCN(C(=O)c2cc3cc(OC)ccc3[nH]2)CC1,bbb_control_b3db,False
5,144,B3D_0226,CN1CCC23CCCCC2C1Cc1ccc(O)cc13,bbb_control_b3db,False
5,145,B3D_0233,CCC1(CCC(C)C)CNC(=O)NC1=O,bbb_control_b3db,False
5,146,B3D_0240,CCOc1cc(OCCCCOc2ccc(C(=O)CC(C)C)c(O)c2)ccc1CCC(=O)O,bbb_control_b3db,False
5,147,B3D_0247,C=CC1CC2CCC1CC2C(O)c1ccnc2ccc(OC)cc12,bbb_control_b3db,False
5,148,B3D_0254,Clc1cccc(Cl)c1NC1N=CCN1,bbb_control_b3db,False
5,149,B3D_0261,CCOc1ccc(-c2nn3ncccc3c2-c2ccc(S(C)(=O)=O)cc2)cc1,bbb_control_b3db,False
5,150,B3D_0268,COc1ccc2c(c1)[C@@]13CCCC[C@@H]1[C@@H](C2)N(C)CC3,bbb_control_b3db,False
5,151,B3D_0275,COc1ccc(-n2nnnc2C(F)(F)F)cc1CNC1CCCNC1c1ccccc1,bbb_control_b3db,False
5,152,B3D_0282,Cl/C(=C\n1cncn1)c1ccc(Cl)cc1Cl,bbb_control_b3db,False
5,153,B3D_0289,Cc1cc(NC(=O)c2ccc(CN3CCCC3)cc2)nn1Cc1cc(Cl)ccc1OCC(C)C,bbb_control_b3db,False
5,154,B3D_0296,c1cncc(C2CCCN2)c1,bbb_control_b3db,False
5,155,B3D_0303,COc1ccc(-c2nccs2)cc1CNC1CCCNC1c1ccccc1,bbb_control_b3db,False
5,156,B3D_0310,O=c1ccc(-c2c(-c3ccccc3)nn3ccccc23)nn1CCN1CCCCC1,bbb_control_b3db,False
5,157,B3D_0317,C#C[C@]1(O)CC[C@H]2[C@@H]3[C@H](C)CC4=C(CCC(=O)C4)[C@H]3CC[C@@]21C,bbb_control_b3db,False
5,158,B3D_0324,c1cc(CN2CCCCC2)cc(OCCCNc2nccs2)c1,bbb_control_b3db,False
5,159,B3D_0331,COc1ccc(C(C)C)cc1CNC1C2CCN(CC2)C1C(c1ccccc1)c1ccccc1,bbb_control_b3db,False
5,160,B3D_0338,COc1ccc(CN(CCN(C)C)c2ccccn2)cc1,bbb_control_b3db,False
5,161,B3D_0345,N#Cc1ccc2c(c1)CCN(CCC1CCC(NC(=O)c3ccnc4ccccc34)CC1)C2,bbb_control_b3db,False
5,162,B3D_0352,CC(CF)NC[C@H](O)COc1cccc2[nH]c3ccccc3c12,bbb_control_b3db,False
5,163,B3D_0359,COC(=O)[C@@H]1C2CCC(C[C@@H]1OC(=O)c1ccccc1)N2C,bbb_control_b3db,False
5,164,B3D_0366,OC(c1cc(C(F)(F)F)nc2c(C(F)(F)F)cccc12)C1CCCCN1,bbb_control_b3db,False
5,165,B3D_0373,c1ccc2c(c1)CCCN2,bbb_control_b3db,False
5,166,B3D_0380,Cc1cc2c(s1)=Nc1ccccc1NC=2N1CCN(C)CC1,bbb_control_b3db,False
5,167,B3D_0387,N[C@H]1C[C@@H]1c1ccc(F)cc1,bbb_control_b3db,False
5,168,B3D_0394,COc1cc2sc(C(C)(C)C)nc2cc1CNC1CCCNC1c1ccccc1,bbb_control_b3db,False
5,169,B3D_0401,COc1ccc(C(C)C)cc1CNC1CCCNC1c1ccccc1,bbb_control_b3db,False
5,170,B3D_0408,CN1CCN2c3ccccc3Cc3ccccc3C2C1,bbb_control_b3db,False
5,171,B3D_0415,CN1CCC2(C)c3cc(OC(=O)Nc4ccccc4)ccc3N(C)C12,bbb_control_b3db,False
5,172,B3D_0422,COc1ccc(Cl)cc1[C@]1(F)C(=O)Nc2cc(C(F)(F)F)ccc21,bbb_control_b3db,False
5,173,B3D_0429,N#Cc1ccc(OCC2CCN(CC=CI)CC2)cc1,bbb_control_b3db,False
5,174,B3D_0436,CCC(C)N1CCN(c2ccc(I)cc2)CC1,bbb_control_b3db,False
5,175,FRI_0003,COc1cccc(C2(O)CCCCC2CN(C)C)c1,bbb_control_friden,False
5,176,FRI_0013,COCCc1ccc(OCC(O)CNC(C)C)cc1,bbb_control_friden,False
5,177,FRI_0022,NCC1(CC(=O)O)CCCCC1,bbb_control_friden,False
5,178,FRI_0032,CC(C)NCC(O)COc1ccc(CC(N)=O)cc1,bbb_control_friden,False
5,179,FRI_0042,CO/N=C(\C(=O)N[C@@H]1C(=O)N2C(C(=O)O)=C(COC(C)=O)CS[C@H]12)c1csc(N)n1,bbb_control_friden,False
5,180,FRI_0041,CN(Cc1cnc2nc(N)nc(N)c2n1)c1ccc(C(=O)N[C@@H](CCC(=O)O)C(=O)O)cc1,bbb_control_friden,True
5,181,FRI_0036,CN1CC[C@]23c4c5ccc(O[C@@H]6O[C@H](C(=O)O)[C@@H](O)[C@H](O)[C@H]6O)c4O[C@H]2[C@@H](O)C=C[C@H]3[C@H]1C5,bbb_control_friden,True
5,182,FRI_0035,CO[C@@]1(NC(=O)C(C(=O)O)c2ccc(O)cc2)C(=O)N2C(C(=O)O)=C(CSc3nnnn3C)CO[C@@H]21,bbb_control_friden,True
5,183,FRI_0030,CO[C@H]1/C=C/O[C@@]2(C)Oc3c(C)c(O)c4c(O)c(c(/C=N/N5CCN(C)CC5)c(O)c4c3C2=O)NC(=O)/C(C)=C\C=C\[C@H](C)[C@H](O)[C@@H](C)[C@@H](O)[C@@H](C)[C@H](OC(C)=O)[C@@H]1C,bbb_control_friden,True
5,184,FRI_0026,CC(C)(C)NC(=O)[C@@H]1C[C@@H]2CCCC[C@@H]2CN1C[C@@H](O)[C@H](Cc1ccccc1)NC(=O)[C@H](CC(N)=O)NC(=O)c1ccc2ccccc2n1,bbb_control_friden,True
5,185,FRI_0023,C[C@H]1COc2c(N3CCN(C)CC3)c(F)cc3c(=O)c(C(=O)O)cn1c23,bbb_control_friden,True
5,186,FRI_0019,C=CCOc1ccccc1OCC(O)CNC(C)C,bbb_control_friden,True
5,187,FRI_0016,CSc1ccc2c(c1)N(CCC1CCCCN1C)c1ccccc1S2,bbb_control_friden,True
5,188,FRI_0012,CN(C)CCC=C1c2ccccc2CCc2ccccc21,bbb_control_friden,True
5,189,FRI_0008,COc1ccc2c3c1O[C@H]1[C@@H](O)C=C[C@H]4[C@@H](C2)N(C)CC[C@@]341,bbb_control_friden,True
5,190,FRI_0005,CN1C(=O)CN=C(c2ccccc2)c2cc(Cl)ccc21,bbb_control_friden,True
5,191,FRI_0001,CC(NC(C)(C)C)C(=O)c1cccc(Cl)c1,bbb_control_friden,True
5,192,B3D_0025,O=C(O)c1cc(N=Nc2ccc(S(=O)(=O)Nc3ccccn3)cc2)ccc1O,bbb_control_b3db,True
5,193,B3D_0001,COC1(NC(=O)C(C(=O)O)c2ccc(O)cc2)C(=O)N2C(C(=O)O)=C(CSc3nnnn3C)COC21,bbb_control_b3db,True
5,194,B3D_0026,Oc1c(I)cc(Cl)c2cccnc12,bbb_control_b3db,True
5,195,B3D_0002,CN1CC[C@]23c4c5ccc(OC6O[C@H](C(=O)O)[C@@H](O)[C@H](O)[C@H]6O)c4O[C@H]2[C@@H](O)C=C[C@H]3[C@H]1C5,bbb_control_b3db,True
5,196,B3D_0441,CN(C)CCCN1c2ccccc2Sc2ccc(C(F)(F)F)cc21,bbb_control_b3db,True
5,197,B3D_0443,OCCN1CCN(CCCN2c3ccccc3Sc3ccc(C(F)(F)F)cc32)CC1,bbb_control_b3db,True
5,198,B3D_0444,CNC1CCC(c2ccc(Cl)c(Cl)c2)c2ccccc21,bbb_control_b3db,True
5,199,B3D_0445,FC(F)(F)c1ccc(N2CCNCC2)nc1Cl,bbb_control_b3db,True
6,1,GKA_0001,COC[C@H](C)Oc1cc(Oc2cnc(C(=O)N3CCC3)cn2)cc(C(=O)Nc2cnc(C)cn2)c1,gka_candidate,False
6,2,GKA_0008,COc1ccc(Sc2ccc(Sc3ccccn3)nc2C(=O)Nc2nc(CC(=O)O)c(Cl)s2)cc1,gka_candidate,False
6,3,GKA_0015,CC(C)=CCOc1cc(Oc2ccc(S(=O)(=O)C3CC3)cc2)cc(C(=O)Nc2nccs2)c1,gka_candidate,False
6,4,GKA_0022,CC(C)=CCOc1cc(Oc2ccc(S(=O)(=O)N3CCOCC3)cc2)cc(C(=O)Nc2nccs2)c1,gka_candidate,False
6,5,GKA_0029,Cc1nsc(Nc2ncnc3ccc(Oc4c(F)cccc4S(C)(=O)=O)cc23)n1,gka_candidate,False
6,6,GKA_0036,CNC(=O)c1ccc2c(=O)n([C@@H](CC3CCCCC3)C(=O)Nc3ncc(Cl)s3)cnc2c1,gka_candidate,False
6,7,GKA_0043,COCC(C)Oc1cc(Oc2ccc(S(C)(=O)=O)cc2)cc(C(=O)Nc2nc3c(s2)CCC3)c1,gka_candidate,False
6,8,GKA_0050,COC[C@H](C)Oc1cc(C#Cc2cccc(NCCN3CCCC3)c2)cc(C(=O)Nc2ccn(C)n2)c1,gka_candidate,False
6,9,GKA_0057,CCS(=O)(=O)c1ccc(Oc2cc(O[C@@H](C)CO)cc(C(=O)Nc3ccn(C)n3)c2)cn1,gka_candidate,False
6,10,GKA_0064,COC[C@H](C)Oc1cc(C#Cc2cccc(NCCN3CCOCC3)c2)cc(C(=O)Nc2ccn(C)n2)c1,gka_candidate,False
6,11,GKA_0071,COC[C@H](C)Oc1cc(C#CCSC2CCCC2)cc(C(=O)Nc2ccn(C)n2)c1,gka_candidate,False
6,12,GKA_0078,CS(=O)(=O)c1ccc(/C(=C\C2CCCCC2)C(=O)Nc2cc(Br)ccn2)cc1C(F)(F)F,gka_candidate,False
6,13,GKA_0085,CNC(=O)Nc1cc(Oc2cncc(C)c2)c(CCCCO)cn1,gka_candidate,False
6,14,GKA_0092,COC[C@H](C)Oc1cc(/C=C/c2ccccc2F)cc(C(=O)Nc2ccc(C(=O)O)cn2)c1,gka_candidate,False
6,15,GKA_0099,CC(=O)N1CCC(c2nsc(Nc3ncc(Sc4ccccn4)cc3Oc3cccc4ncccc34)n2)CC1,gka_candidate,False
6,16,GKA_0106,Cc1cnc(NC(=O)[C@H](CO[C@H](C)CO)Oc2ncnc3c2cnn3-c2c(Cl)cccc2C#N)cn1,gka_candidate,False
6,17,GKA_0113,COCc1ccc(Oc2cc3[nH]c(-c4ccccn4)nc3cc2[C@H]2CCCN2C(C)=O)cn1,gka_candidate,False
6,18,GKA_0120,Cc1cnc(NC(=O)[C@H](CN2CC(O)C2)Oc2ncnc3c2cnn3-c2c(Cl)cccc2Cl)cn1,gka_candidate,False
6,19,GKA_0127,CNC(=O)Nc1cc(Oc2cncc(C)c2)c([C@H]2C[C@@H]2C(C)(C)O)cn1,gka_candidate,False
6,20,GKA_0134,O=C(O)c1ccc(NC(=O)[C@H](CC2CCCCC2)n2cnc(S(=O)(=O)C3CC3)c2)nc1,gka_candidate,False
6,21,GKA_0141,CN(C)C(=O)c1cnc(Oc2cc(C(=O)Nc3ccn(C)n3)cc3c2CC(C)(CO)O3)cn1,gka_candidate,False
6,22,GKA_0148,O=C(O)c1cccc(Oc2cnc(NC(=O)C(OC3CCOCC3)c3ccc(S(=O)(=O)C4CCCC4)nc3)s2)c1,gka_candidate,False
6,23,GKA_0155,O=C(O)c1ccc(NC(=O)[C@H](CC2CCCC2)n2cnc(S(=O)(=O)C3CC3)c2)nc1,gka_candidate,False
6,24,GKA_0162,CNC(=O)Nc1ncc(SC2CCN(C(C)=O)CC2)cc1Oc1cccnc1C,gka_candidate,False
6,25,GKA_0169,COCC[C@H](Oc1ncnc2c1cnn2-c1ncccc1Cl)C(=O)Nc1ccc(C)cn1,gka_candidate,False
6,26,GKA_0176,COCC(C)Oc1cc(Oc2ccc(S(C)(=O)=O)cc2)cc(C(=O)Nc2nc3c(s2)CCCC3)c1,gka_candidate,False
6,27,GKA_0183,COC[C@H](C)Oc1cc(Oc2ccc(C(=O)N3CCC3)cc2)cc(C(=O)Nc2nc3c(s2)CN(c2ncccn2)CC3)c1,gka_candidate,False
6,28,GKA_0190,Cc1cnc(NC(=O)c2cc(Sc3nncn3C)ccc2N)s1,gka_candidate,False
6,29,GKA_0197,COCC(C)Oc1cc(Oc2ccc(S(C)(=O)=O)nc2)cc(C(=O)Nc2nc3c(s2)CN(C(=O)OC(C)(C)C)CC3)c1,gka_candidate,False
6,30,GKA_0204,O=C(O)c1cc(-c2ccc(Oc3cnc(NC(=O)C(OC4CCOCC4)c4ccc(S(=O)(=O)C5CC5)cc4)s3)cc2)no1,gka_candidate,False
6,31,GKA_0211,COCC(C)Oc1cc(Oc2ccc(S(=O)(=O)C3CC3)cc2)cc(C(=O)Nc2nc3c(s2)CN(C(=O)OC(C)(C)C)CC3)c1,gka_candidate,False
6,32,GKA_0218,O=C(Nc1nccs1)C(CC1CCCCC1)N1CCN(S(=O)(=O)C2CC2)CC1=O,gka_candidate,False
6,33,GKA_0225,CCn1nccc1Oc1cc(C[C@H]2C[C@](C)(O)C2)cnc1NC(=O)NC,gka_candidate,False
6,34,GKA_0232,COC[C@H](C)Oc1cc(C#CCNc2ncccn2)cc(C(=O)Nc2ccn(C)n2)c1,gka_candidate,False
6,35,GKA_0239,CCCn1cc2c(Oc3ccc(S(C)(=O)=O)cc3)cc(C(=O)Nc3cnc(C)cn3)cc2n1,gka_candidate,False
6,36,GKA_0246,O=C(O)c1ccc(Oc2cnc(NC(=O)C(Oc3ccc(F)cc3F)c3ccc(S(=O)(=O)N4CCOCC4)cc3)s2)cc1,gka_candidate,False
6,37,GKA_0253,COc1ccc2nc(NC(=O)C(CC3CCCC3)c3ccc(S(=O)(=O)NCc4cccnc4)cc3)sc2n1,gka_candidate,False
6,38,GKA_0260,Cc1csc(NC(=O)c2cc(Sc3ccccc3)ccc2N)n1,gka_candidate,False
6,39,GKA_0267,CN1C(=O)CCC1c1cc2[nH]c(-c3ccccc3)cc2cc1Oc1ccc(CCC(=O)O)cc1,gka_candidate,False
6,40,GKA_0274,Cc1ccc(NC(=O)CSc2ncnc3c2cnn3-c2ccccc2Cl)nc1,gka_candidate,False
6,41,GKA_0281,CC(C)Oc1cc(OCCc2ccsc2)cc(C(=O)Nc2ccc(C(=O)O)cn2)c1,gka_candidate,False
6,42,GKA_0288,O=C(O)c1cc(Oc2cnc(NC(=O)C(OC3CCOCC3)c3ccc(S(=O)(=O)C4CC4)cc3)s2)ccn1,gka_candidate,False
6,43,GKA_0295,CCS(=O)(=O)c1ccc(Oc2cc3nc(-c4ccccn4)[nH]c3cc2C2CCCN2C(C)=O)cc1,gka_candidate,False
6,44,GKA_0302,Cc1cnc(NC(=O)[C@H](CC2CCCC2)n2cc(Cl)c(S(=O)(=O)C(C)C)cc2=O)cn1,gka_candidate,False
6,45,GKA_0309,CS(=O)(=O)c1ccc(Oc2cc3cc(-c4ccc(CCC(=O)O)cn4)[nH]c3cc2Oc2ccccc2F)cc1,gka_candidate,False
6,46,GKA_0316,COCC(C)Oc1cc(Oc2ccc(S(=O)(=O)N3CCC3)cc2)cc(C(=O)Nc2nc3c(s2)CN(C(=O)OC(C)(C)C)CC3)c1,gka_candidate,False
6,47,GKA_0323,CC(C)S(=O)(=O)N1CCN([C@@H](CC2CCCCC2)C(=O)Nc2nccs2)C(=O)C1,gka_candidate,False
6,48,GKA_0330,COCC(C)NCc1csc(NC(=O)c2cc(Oc3ccc(S(C)(=O)=O)cc3)cc(-c3ncccc3C)c2)n1,gka_candidate,False
6,49,GKA_0337,COc1ccc(Sc2ccc(Sc3ccccn3)nc2C(=O)Nc2ncc(SCC(=O)O)s2)cc1,gka_candidate,False
6,50,GKA_0344,CN(C)C(=O)N1CCC(c2nsc(Nc3ncc(Sc4ccccn4)cc3Oc3ccccc3)n2)CC1,gka_candidate,False
6,51,GKA_0351,CC(C)C(=O)N1CCC(c2nsc(Nc3ncc(Sc4ccccn4)cc3Oc3ccccc3)n2)CC1,gka_candidate,False
6,52,GKA_0358,COC[C@H](C)Oc1cc(C#Cc2ccc(N)cc2)cc(C(=O)Nc2ccn(C)n2)c1,gka_candidate,False
6,53,GKA_0365,CN1C(=O)CCC1c1cc2[nH]c(-c3cnccn3)cc2cc1Oc1ccc(CCC(=O)O)cc1,gka_candidate,False
6,54,GKA_0372,CS(=O)(=O)c1ccc(/C(=C\C2CCCC2)C(=O)Nc2nccs2)cc1Cl,gka_candidate,False
6,55,GKA_0379,COc1ccc(Sc2ccc(Sc3ccccn3)nc2C(=O)Nc2nc(CC(=O)O)cs2)cc1,gka_candidate,False
6,56,GKA_0386,CC(C)=CCOc1cc(Oc2ccc(S(=O)(=O)N3CCOCC3)cc2)cc(C(=O)Nc2ncc(F)s2)c1,gka_candidate,False
6,57,GKA_0393,CC(C)c1csc(Nc2ncc(Sc3ccncc3)cc2Oc2ccccc2)n1,gka_candidate,False
6,58,GKA_0400,CCc1cncc(Oc2cc(NC(=O)NC)ncc2-c2ccc(OCCO)nc2)c1,gka_candidate,False
6,59,GKA_0407,C[C@@H](CO)Oc1cc(Oc2ccc(S(C)(=O)=O)cc2)cc(C(=O)Nc2nccs2)c1,gka_candidate,False
6,60,GKA_0414,COC[C@H](C)Oc1cc(OC[C@H](C)c2ccccc2)cc(C(=O)Nc2ccc(C(=O)O)cn2)c1,gka_candidate,False
6,61,GKA_0421,COc1ccc2nc(NC(=O)C(CC3CCCC3)c3ccc(S(=O)(=O)N(C(C)C)C(C)C)cc3)sc2n1,gka_candidate,False
6,62,GKA_0428,O=C(Nc1ccc(F)cn1)[C@H](CN1CC(O)C1)Oc1ncnc2c1cnn2-c1ccccc1Cl,gka_candidate,False
6,63,GKA_0435,COC[C@H](C)Oc1cc(/C=C/c2ccccc2OC)cc(C(=O)Nc2ccc(C(=O)O)cn2)c1,gka_candidate,False
6,64,GKA_0442,CC(C)Oc1cc(O[C@H](C)Cc2ccccc2)cc(C(=O)Nc2ccc(C(=O)O)cn2)c1,gka_candidate,False
6,65,GKA_0449,COC[C@H](C)Oc1cc(/C=C/c2ccc(F)cc2F)cc(C(=O)Nc2ccc(C(=O)O)cn2)c1,gka_candidate,False
6,66,GKA_0456,COC[C@H](C)Oc1cc(Oc2ccc(Cl)cc2)cc(C(=O)Nc2ccc(C(=O)O)cn2)c1,gka_candidate,False
6,67,GKA_0463,N#Cc1cc(S(=O)(=O)C2CC2)c2cnn(C(CC3CCOCC3)C(=O)Nc3ncc(F)s3)c2c1,gka_candidate,False
6,68,GKA_0470,CCOCCc1cnc(NC(=O)NC)cc1Oc1cncc(C)c1,gka_candidate,False
6,69,GKA_0477,Cc1ccc(NC(=O)c2cc(Oc3ccc(S(C)(=O)=O)cc3)cc(OC(C)C)c2)nc1,gka_candidate,False
6,70,GKA_0484,COCC(C)Oc1cc(Oc2ccc(S(C)(=O)=O)cc2)cc(C(=O)Nc2nccs2)c1,gka_candidate,False
6,71,GKA_0491,COC[C@H](C)Oc1cc(/C=C/c2ccc(F)cc2)cc(C(=O)Nc2ccc(C(=O)O)cn2)c1,gka_candidate,False
6,72,GKA_0498,COCC[C@H](Oc1ncnc2c1cnn2-c1ccccc1OC)C(=O)Nc1ccc(C)cn1,gka_candidate,False
6,73,GKA_0505,COC[C@H](C)Oc1cc(CCc2ccccc2OC)cc(C(=O)Nc2ccn(C)n2)c1,gka_candidate,False
6,74,GKA_0512,CNC(=O)Nc1cc(Oc2cncc(C)c2)c([C@H]2C[C@@H]2CO)cn1,gka_candidate,False
6,75,GKA_0519,CC(C)c1csc(NC(=O)C(CC2CCOCC2)c2ccc(S(=O)(=O)C3CC3)cc2)n1,gka_candidate,False
6,76,GKA_0526,COc1cccc(Sc2ccc(Sc3nnc[nH]3)nc2C(=O)Nc2nccs2)c1,gka_candidate,False
6,77,GKA_0533,CC(C)Oc1cc(OCCC2CCCC2)cc(C(=O)Nc2ccc(C(=O)O)cn2)c1,gka_candidate,False
6,78,GKA_0540,CS(=O)(=O)c1ccc(Oc2cc(O[C@H]3CCC[C@H]3O)cc(C(=O)Nc3nccs3)c2)cc1,gka_candidate,False
6,79,GKA_0547,COC(=O)/C=C/c1cnc2[nH]c(/C(=C\C3CCCC3)c3ccc(S(C)(=O)=O)c(Cl)c3)cc2c1,gka_candidate,False
6,80,GKA_0554,Cc1ccc(NC(=O)[C@H](CCO)Oc2ncnc3c2cnn3-c2ncccc2Cl)nc1,gka_candidate,False
6,81,GKA_0561,CS(=O)(=O)c1cccc(F)c1Oc1ccc2ncnc(Nc3cnccn3)c2c1,gka_candidate,False
6,82,GKA_0568,COCCN1CCc2nc(NC(=O)c3cc(Oc4ccc(C(=O)N5CCC5)cc4)cc(O[C@@H](C)COC)c3)sc2C1,gka_candidate,False
6,83,GKA_0575,COC[C@H](C)Oc1cc(CCc2ccccc2F)cc(C(=O)Nc2ccn(C)n2)c1,gka_candidate,False
6,84,GKA_0582,Cc1cccc(S(C)(=O)=O)c1Oc1ccc2ncnc(Nc3ccn(C)n3)c2c1,gka_candidate,False
6,85,GKA_0589,CNC(=O)Nc1cc(Oc2c(F)cccc2F)c(-c2ccc(OCCO)nc2)cn1,gka_candidate,False
6,86,GKA_0596,CCOC[C@H](Oc1ncnc2c1cnn2-c1ncccc1Cl)C(=O)Nc1ccc(C)cn1,gka_candidate,False
6,87,GKA_0603,C[S+]([O-])c1ccc(/C(=C/C2CCCC2)c2cc3cccnc3[nH]2)cc1Cl,gka_candidate,False
6,88,GKA_0610,COC[C@H](C)Oc1cc(/C=C/c2ccccc2[N+](=O)[O-])cc(C(=O)Nc2ccn(C)n2)c1,gka_candidate,False
6,89,GKA_0617,COC[C@H](C)Oc1cc(/C=C/c2ccccc2[N+](=O)[O-])cc(C(=O)Nc2ccc(C(=O)O)cn2)c1,gka_candidate,False
6,90,GKA_0624,COCCC(Oc1ncnc2c1cnn2-c1ccccc1C)C(=O)Nc1ccc(C)cn1,gka_candidate,False
6,91,GKA_0631,Cc1csc(Nc2ncnc3ccc(Oc4ccc(F)cc4)cc23)n1,gka_candidate,False
6,92,GKA_0638,Cc1cnc(NC(=O)c2cc(Oc3cnc(C(=O)N4CCC4)c(F)c3)c3cn(C)nc3c2)cn1,gka_candidate,False
6,93,GKA_0645,CC(C)Cc1csc(NC(=O)C(CC2CCOCC2)c2ccc(S(C)(=O)=O)cc2)n1,gka_candidate,False
6,94,GKA_0652,COC[C@H](C)Oc1cc(Oc2cccc(N(C)C)c2)cc(C(=O)Nc2ccc(C(=O)O)cn2)c1,gka_candidate,False
6,95,GKA_0659,Cc1csc(Nc2ncccc2Oc2ccccc2)n1,gka_candidate,False
6,96,GKA_0666,CS(=O)(=O)c1ccc(Oc2cc(OC(CO)C(F)(F)F)cc(C(=O)Nc3nccs3)c2)cc1,gka_candidate,False
6,97,GKA_0673,O=C(O)c1cc(Oc2cnc(NC(=O)C(OC3CCOCC3)c3ccc(S(=O)(=O)C4CC4)cc3)s2)ccc1Cl,gka_candidate,False
6,98,GKA_0680,CS(=O)(=O)c1ccc2c(=O)n([C@@H](CC3CCCCC3)C(=O)Nc3nccs3)cnc2c1,gka_candidate,False
6,99,GKA_0687,N#Cc1ccc(NC(=O)[C@H](CN2CC(O)C2)Oc2ncnc3c2cnn3-c2c(Cl)cccc2C#N)nc1,gka_candidate,False
6,100,GKA_0694,CS(=O)(=O)c1ccc(C(CC2CCCC2)c2cc3cccnc3[nH]2)cc1Cl,gka_candidate,False
6,101,GKA_0701,Cc1cnc(NC(=O)[C@H](CC2CCOCC2)c2ccc(S(=O)(=O)C3CC3)cc2)s1,gka_candidate,False
6,102,GKA_0708,CNc1ccc(Sc2nncn2C)cc1C(=O)Nc1nc(C)cs1,gka_candidate,False
6,103,GKA_0715,CCOC[C@H](Oc1ncnc2c1cnn2-c1ncccc1Cl)C(=O)Nc1ccc(C#N)cn1,gka_candidate,False
6,104,GKA_0722,CC[C@H](COC)Oc1cc(Oc2ccc(S(=O)(=O)OC)cc2)cc(C(=O)Nc2nccs2)c1,gka_candidate,False
6,105,GKA_0729,CCOP(=O)(OCC)c1ccc(C(CC2CCCC2)c2cc3cccnc3[nH]2)cc1Cl,gka_candidate,False
6,106,GKA_0736,CCn1nccc1Oc1cc(C[C@H]2C[C@@](C)(O)C2)cnc1NC(=O)NC,gka_candidate,False
6,107,GKA_0743,CCn1cc2c(Oc3ccc(S(C)(=O)=O)cc3)cc(C(=O)Nc3cnc(C)cn3)cc2n1,gka_candidate,False
6,108,GKA_0750,CC(=O)N1CCC(c2nsc(Nc3ncc(Sc4ccccn4)cc3Oc3cccnc3)n2)CC1,gka_candidate,False
6,109,GKA_0757,Cc1csc(NC(=O)c2cc(Oc3ccccc3)cc(Oc3ccccc3S(C)(=O)=O)c2)n1,gka_candidate,False
6,110,GKA_0764,CNS(=O)(=O)c1ccc(Oc2cc(C(=O)Nc3cnc(C)cn3)cc3nn(C)cc23)cc1,gka_candidate,False
6,111,GKA_0771,CCS(=O)(=O)c1ccc(Oc2cc3nc(-c4ccccn4)[nH]c3cc2[C@H]2CCCN2C(C)=O)cc1,gka_candidate,False
6,112,GKA_0778,CCS(=O)(=O)c1ccc(Oc2cc(C(=O)Nc3cnc(C)cn3)cc3nn(C)cc23)cc1,gka_candidate,False
6,113,GKA_0787,CCCO[C@H]1CC[C@H](N(C(=O)Nc2ncc(SCC(=O)O)s2)C2CCCCC2)CC1,gka_candidate,False
6,114,B3D_0008,CC(=O)NC1C(O)OC(COS(=O)(=O)O)C(OC2OC(COS(=O)(=O)O)C(O)C(O)C2O)C1O,bbb_control_b3db,False
6,115,B3D_0015,NCc1c[n+]2ccccc2[nH]1,bbb_control_b3db,False
6,116,B3D_0022,CC(=O)Oc1ccc(/C=C/C(=O)NCCc2ccccc2)cc1OC(C)=O,bbb_control_b3db,False
6,117,B3D_0031,COc1cccnc1CCCCNc1ncc(Cc2ccc(C)nc2)c(=O)[nH]1,bbb_control_b3db,False
6,118,B3D_0038,CC(C)c1nc(CN(C)C(=O)N[C@@H](C)C(=O)C[C@@H](Cc2ccccc2)C[C@H](O)[C@H](Cc2ccccc2)NC(=O)OCc2cncs2)cs1,bbb_control_b3db,False
6,119,B3D_0045,OCC(O)C(O)C(O)C(O)CO,bbb_control_b3db,False
6,120,B3D_0052,Nc1ccn([C@@H]2CC[C@@H](CO)O2)c(=O)n1,bbb_control_b3db,False
6,121,B3D_0059,COc1nccc(-c2c(-c3ccc(F)cc3)ncn2C2CCC(O)CC2)n1,bbb_control_b3db,False
6,122,B3D_0066,COc1ccc(NS(=O)(=O)c2sc3ccc(Cl)cc3c2C)cc1N1CCNCC1,bbb_control_b3db,False
6,123,B3D_0073,O=c1[nH]cnc2c1ncn2[C@H]1CC[C@@H](CO)O1,bbb_control_b3db,False
6,124,B3D_0080,C[C@H]1O[C@@H](O[C@H]2[C@@H](O)C[C@H](O[C@H]3[C@@H](O)C[C@H](O[C@H]4CC[C@@]5(C)[C@H](CC[C@@H]6[C@@H]5C[C@@H](O)[C@]5(C)C(C7=CC(=O)OC7)CC[C@]65O)C4)O[C@@H]3C)O[C@@H]2C)C[C@H](O)[C@@H]1O,bbb_control_b3db,False
6,125,B3D_0087,CCS(=O)(=O)n1c2c(c3cc(C(=O)N4CCC(C)CC4)ccc31)CN(C1CCOCC1)CC2,bbb_control_b3db,False
6,126,B3D_0094,Cc1ccc(Cc2cnc(NCCSCc3ccc(CN(C)C)o3)[nH]c2=O)cn1,bbb_control_b3db,False
6,127,B3D_0101,Cn1nnc2c(C(N)=O)ncn2c1=O,bbb_control_b3db,False
6,128,B3D_0108,CN1CCN(c2c(F)cc3c(=O)c(C(=O)O)cn(CCF)c3c2F)CC1,bbb_control_b3db,False
6,129,B3D_0115,O=C(c1ccc(Cl)cc1)N1CCN(c2ccc(OC3CCN(C4CCC4)CC3)cc2)C(=O)C1,bbb_control_b3db,False
6,130,B3D_0122,O=C(OCc1ccccc1)N1CCC(CNc2ncccn2)CC1,bbb_control_b3db,False
6,131,B3D_0129,NC(=O)N1c2ccccc2C2OC2c2ccccc21,bbb_control_b3db,False
6,132,B3D_0136,CC1C=Nc2c1c(=O)[nH]c(=O)n2C,bbb_control_b3db,False
6,133,B3D_0143,CN(C)Cc1ccc(-c2cccc(Nc3[nH]ccc3[N+](=O)[O-])c2)o1,bbb_control_b3db,False
6,134,B3D_0150,O=C(NCCCOc1cccc(CN2CCCCC2)c1)c1ccccc1,bbb_control_b3db,False
6,135,B3D_0157,Cc1cccc(Cl)c1Nc1nc2ccc(N3CCNC(C)C3)nc2n2cncc12,bbb_control_b3db,False
6,136,B3D_0164,S=C(NC1CCCCC1)N1CCC(c2cnc[nH]2)CC1,bbb_control_b3db,False
6,137,B3D_0171,Cn1nnc2ccc(C(c3ccc(Cl)cc3)n3cncn3)cc21,bbb_control_b3db,False
6,138,B3D_0178,C=CCn1c2c(c3cc(C(=O)N4CCC(C)CC4)ccc31)CN(CC1CC1)CC2,bbb_control_b3db,False
6,139,B3D_0185,COCCCN1CCC(NC(=O)c2cc(Cl)c(N)c3c2OCC3)CC1,bbb_control_b3db,False
6,140,B3D_0192,CC(C)(C)OC(=O)c1ncn2c1[C@@H]1CCCN1C(=O)c1c(Br)cccc1-2,bbb_control_b3db,False
6,141,B3D_0199,CN1[C@@H]2CC[C@H]1CC(OC(=O)C(CO)c1ccccc1)C2,bbb_control_b3db,False
6,142,B3D_0206,Cc1cccc(C)c1Nc1ncc(-c2cccc(OCCN3CCCC3)c2)n2cncc12,bbb_control_b3db,False
6,143,B3D_0213,Cc1ncc2n1-c1ccc(Cl)cc1C(c1ccccc1F)=N[C@@H]2O,bbb_control_b3db,False
6,144,B3D_0220,O=[N+]([O-])c1nccn1CC(O)COCF,bbb_control_b3db,False
6,145,B3D_0227,CN1CC[C@]23CCCC[C@H]2[C@H]1Cc1ccc(O)cc13,bbb_control_b3db,False
6,146,B3D_0234,CN1CCC(n2nc(-c3c(-c4ccccc4)nn4ccccc34)ccc2=O)CC1,bbb_control_b3db,False
6,147,B3D_0241,COCCOC(=O)C1=C(C)NC(C)=C(C(=O)OC(C)C)C1c1cccc([N+](=O)[O-])c1,bbb_control_b3db,False
6,148,B3D_0248,CN1CC(C)(C2=CCCCC2)C(=O)NC1=O,bbb_control_b3db,False
6,149,B3D_0255,NCCn1ncc2cc(Cl)c(Cl)cc21,bbb_control_b3db,False
6,150,B3D_0262,O=C1c2ccccc2S(=O)(=O)N1CCCCN[C@H]1CCc2ccccc2O1,bbb_control_b3db,False
6,151,B3D_0269,c1cc(CN2CCCCC2)cc(OCCCNc2nc3ccccc3o2)c1,bbb_control_b3db,False
6,152,B3D_0276,CCCN(CCC)CCc1ccc2c(c1)CC(=O)N2,bbb_control_b3db,False
6,153,B3D_0283,CC(C)(C)c1nc(N2CCN(CCCSc3nccc(=O)[nH]3)CC2)cc(C(F)(F)F)n1,bbb_control_b3db,False
6,154,B3D_0290,Cc1cn(-c2cccc(Nc3ncnc4c3CCc3ccccc3-4)c2)cn1,bbb_control_b3db,False
6,155,B3D_0297,COc1ccc2c3c1O[C@H]1C(=O)CC[C@H]4[C@@H](C2)N(C)CC[C@]314,bbb_control_b3db,False
6,156,B3D_0304,Cc1ccc(Cn2c([C@H]3CNCCO3)nc3ccccc32)cc1,bbb_control_b3db,False
6,157,B3D_0311,CC(C)NCC(O)COc1ccc(CCOCC2CC2)cc1,bbb_control_b3db,False
6,158,B3D_0318,C[C@@H]1CN(c2c(F)c(N)c3c(=O)c(C(=O)O)cn(C4CC4)c3c2F)C[C@H](C)N1,bbb_control_b3db,False
6,159,B3D_0325,CCC(=O)OC(Cc1ccccc1)(c1ccccc1)[C@H](C)CN(C)C,bbb_control_b3db,False
6,160,B3D_0332,CCN(CC)Cc1ccc2c(c1)CCC(N1CCN(CCc3ccc(F)cc3)CC1=O)C2,bbb_control_b3db,False
6,161,B3D_0339,O=C1CN=C(c2ccccc2)c2c(Cl)cccc2N1,bbb_control_b3db,False
6,162,B3D_0346,c1ccc2c(c1)CCNC2,bbb_control_b3db,False
6,163,B3D_0353,O=C1Nc2ccc(Cl)cc2C(c2ccccc2)=NC1O,bbb_control_b3db,False
6,164,B3D_0360,Clc1ccc2c(c1)C(N1CCNCC1)=Nc1ccccc1O2,bbb_control_b3db,False
6,165,B3D_0367,CCC(C)Nc1ccc(I)c(NC(C)CC)c1,bbb_control_b3db,False
6,166,B3D_0374,CNC(=O)c1c(NCC2CCC3(CCC3)CC2)nc(C#N)nc1OCCO,bbb_control_b3db,False
6,167,B3D_0381,CN(c1nc2ccccc2s1)C1CCN(CC(O)COc2ccc(F)cc2)CC1,bbb_control_b3db,False
6,168,B3D_0388,Cc1cccc2c1Oc1ccccc1C1(O)CCN(C)CC21,bbb_control_b3db,False
6,169,B3D_0395,FC(F)Oc1ccc(OC(F)(F)F)cc1CNC1CCCNC1c1ccccc1,bbb_control_b3db,False
6,170,B3D_0402,CC(N)Cc1ccccc1,bbb_control_b3db,False
6,171,B3D_0409,CCCC(C)C,bbb_control_b3db,False
6,172,B3D_0416,N#Cc1ccc(S(=O)(=O)C2CCN(CCc3ccc(F)cc3F)CC2)cc1,bbb_control_b3db,False
6,173,B3D_0423,CN(C)CCC=C1c2ccccc2C=Cc2ccccc21,bbb_control_b3db,False
6,174,B3D_0430,O=C(CCC1CCN(Cc2ccccc2)CC1)c1ccc2c(c1)NCCCC2,bbb_control_b3db,False
6,175,B3D_0437,O=C(CCCN1CCC(O)(c2ccc(Br)cc2)CC1)c1ccc(F)cc1,bbb_control_b3db,False
6,176,FRI_0004,CCC(C(N)=O)(C(N)=O)c1ccccc1,bbb_control_friden,False
6,177,FRI_0014,CC(C)NCC(O)COc1cccc2ccccc12,bbb_control_friden,False
6,178,FRI_0024,COc1ccc2c(c1)c(CC(=O)O)c(C)n2C(=O)c1ccc(Cl)cc1,bbb_control_friden,False
6,179,FRI_0033,NCC(CC(=O)O)c1ccc(Cl)cc1,bbb_control_friden,False
6,180,FRI_0041,CN(Cc1cnc2nc(N)nc(N)c2n1)c1ccc(C(=O)N[C@@H](CCC(=O)O)C(=O)O)cc1,bbb_control_friden,True
6,181,FRI_0036,CN1CC[C@]23c4c5ccc(O[C@@H]6O[C@H](C(=O)O)[C@@H](O)[C@H](O)[C@H]6O)c4O[C@H]2[C@@H](O)C=C[C@H]3[C@H]1C5,bbb_control_friden,True
6,182,FRI_0035,CO[C@@]1(NC(=O)C(C(=O)O)c2ccc(O)cc2)C(=O)N2C(C(=O)O)=C(CSc3nnnn3C)CO[C@@H]21,bbb_control_friden,True
6,183,FRI_0030,CO[C@H]1/C=C/O[C@@]2(C)Oc3c(C)c(O)c4c(O)c(c(/C=N/N5CCN(C)CC5)c(O)c4c3C2=O)NC(=O)/C(C)=C\C=C\[C@H](C)[C@H](O)[C@@H](C)[C@@H](O)[C@@H](C)[C@H](OC(C)=O)[C@@H]1C,bbb_control_friden,True
6,184,FRI_0026,CC(C)(C)NC(=O)[C@@H]1C[C@@H]2CCCC[C@@H]2CN1C[C@@H](O)[C@H](Cc1ccccc1)NC(=O)[C@H](CC(N)=O)NC(=O)c1ccc2ccccc2n1,bbb_control_friden,True
6,185,FRI_0023,C[C@H]1COc2c(N3CCN(C)CC3)c(F)cc3c(=O)c(C(=O)O)cn1c23,bbb_control_friden,True
6,186,FRI_0019,C=CCOc1ccccc1OCC(O)CNC(C)C,bbb_control_friden,True
6,187,FRI_0016,CSc1ccc2c(c1)N(CCC1CCCCN1C)c1ccccc1S2,bbb_control_friden,True
6,188,FRI_0012,CN(C)CCC=C1c2ccccc2CCc2ccccc21,bbb_control_friden,True
6,189,FRI_0008,COc1ccc2c3c1O[C@H]1[C@@H](O)C=C[C@H]4[C@@H](C2)N(C)CC[C@@]341,bbb_control_friden,True
6,190,FRI_0005,CN1C(=O)CN=C(c2ccccc2)c2cc(Cl)ccc21,bbb_control_friden,True
6,191,FRI_0001,CC(NC(C)(C)C)C(=O)c1cccc(Cl)c1,bbb_control_friden,True
6,192,B3D_0025,O=C(O)c1cc(N=Nc2ccc(S(=O)(=O)Nc3ccccn3)cc2)ccc1O,bbb_control_b3db,True
6,193,B3D_0001,COC1(NC(=O)C(C(=O)O)c2ccc(O)cc2)C(=O)N2C(C(=O)O)=C(CSc3nnnn3C)COC21,bbb_control_b3db,True
6,194,B3D_0026,Oc1c(I)cc(Cl)c2cccnc12,bbb_control_b3db,True
6,195,B3D_0002,CN1CC[C@]23c4c5ccc(OC6O[C@H](C(=O)O)[C@@H](O)[C@H](O)[C@H]6O)c4O[C@H]2[C@@H](O)C=C[C@H]3[C@H]1C5,bbb_control_b3db,True
6,196,B3D_0441,CN(C)CCCN1c2ccccc2Sc2ccc(C(F)(F)F)cc21,bbb_control_b3db,True
6,197,B3D_0443,OCCN1CCN(CCCN2c3ccccc3Sc3ccc(C(F)(F)F)cc32)CC1,bbb_control_b3db,True
6,198,B3D_0444,CNC1CCC(c2ccc(Cl)c(Cl)c2)c2ccccc21,bbb_control_b3db,True
6,199,B3D_0445,FC(F)(F)c1ccc(N2CCNCC2)nc1Cl,bbb_control_b3db,True
7,1,GKA_0002,O=C(O)c1ccc(NC(=O)[C@H](CC2CCCC2)n2cnc(C(F)(F)F)c2)nc1,gka_candidate,False
7,2,GKA_0009,CN1C(=O)CCC1c1cc2[nH]c(-c3cnccn3)cc2cc1Oc1ccc(S(C)(=O)=O)nc1,gka_candidate,False
7,3,GKA_0016,CCOP(=O)(Cn1ccc(NC(=O)c2cc(Oc3ccc(S(=O)(=O)CC)cc3)cc(OC(C)C)c2)n1)OCC,gka_candidate,False
7,4,GKA_0023,CCOP(=O)(Cn1ncc(NC(=O)c2cc(Oc3ccc(S(C)(=O)=O)cc3)cc(O[C@@H](C)COC)c2)n1)OCC,gka_candidate,False
7,5,GKA_0030,CCOP(=O)(Cn1ccc(NC(=O)c2cc(Oc3ccc(S(=O)(=O)N4CCC4)cc3)cc(OC(C)C)c2)n1)OCC,gka_candidate,False
7,6,GKA_0037,O=C(Nc1ncc(F)s1)[C@H](CC1CCOCC1)n1ncc2c(S(=O)(=O)C3CC3)cncc21,gka_candidate,False
7,7,GKA_0044,COC(=O)CCc1ccc(Oc2cc3cc(-c4cnccn4)[nH]c3cc2C2CCC(=O)N2C)cc1,gka_candidate,False
7,8,GKA_0051,COC[C@H](C)Oc1cc(C#Cc2cccc(NCCN3CCCCC3)c2)cc(C(=O)Nc2ccn(C)n2)c1,gka_candidate,False
7,9,GKA_0058,Cc1nnnn1-c1ccc(/C(=C\C2CCCCCC2)C(=O)Nc2ncc(Br)s2)cc1Cl,gka_candidate,False
7,10,GKA_0065,CCc1csc(Nc2ncc(Sc3ccncc3)cc2Oc2ccccc2)n1,gka_candidate,False
7,11,GKA_0072,Cn1ccc(NC(=O)c2cc(Oc3ccc(C(=O)N4CCC4)c(F)c3)c3c(c2)OC(C)(C)C3)n1,gka_candidate,False
7,12,GKA_0079,CS(=O)(=O)c1ccc(/C(=C\CC2CCCC2)C(=O)Nc2nccs2)cc1C(F)(F)F,gka_candidate,False
7,13,GKA_0086,c1ccc(CCc2csc(Nc3ncc(Sc4ccncc4)cc3Oc3ccccc3)n2)cc1,gka_candidate,False
7,14,GKA_0093,Cc1ccc(NC(=O)[C@H](CC2CCCC2)n2ccc(S(=O)(=O)C3CCC3)cc2=O)nc1,gka_candidate,False
7,15,GKA_0100,Cc1ccc(NC(=O)[C@H](CC2CCCC2)n2ccc(S(=O)(=O)C(C)C)c(Cl)c2=O)nc1,gka_candidate,False
7,16,GKA_0107,Cc1nsc(Nc2ncc(Sc3ccccn3)cc2Oc2ccccc2)n1,gka_candidate,False
7,17,GKA_0114,COC[C@H](C)Oc1cc(O[C@@H](C)CC2CCCC2)cc(C(=O)Nc2ccc(C(=O)O)cn2)c1,gka_candidate,False
7,18,GKA_0121,Cc1csc(Nc2ncc(Sc3ccccc3)cc2Oc2ccccc2)n1,gka_candidate,False
7,19,GKA_0128,CCS(=O)(=O)c1ccc(Oc2cc3nc(-c4ccccn4)[nH]c3cc2CN2C(=O)CN(C)C2=O)cc1,gka_candidate,False
7,20,GKA_0135,CS(=O)(=O)c1ccc(C(CC2CCCC2)c2cc3cc(Br)cnc3[nH]2)cc1Cl,gka_candidate,False
7,21,GKA_0142,O=C(Nc1ncc(F)s1)[C@H](CC1CCOCC1)n1ncc2c(S(=O)(=O)C3CC3)ccnc21,gka_candidate,False
7,22,GKA_0149,O=C(NC1CC1)c1ccc(Oc2cnc(NC(=O)C(OC3CCOCC3)c3ccc(S(=O)(=O)C4CC4)cc3)s2)cc1,gka_candidate,False
7,23,GKA_0156,CCc1ncccc1Oc1cc(Sc2ccccn2)cnc1NC(=O)NC,gka_candidate,False
7,24,GKA_0163,CCOP(=O)(Cn1ccc(NC(=O)c2cc(Oc3cnc(C(=O)N(C)C)cn3)cc(OC(C)C)c2)n1)OCC,gka_candidate,False
7,25,GKA_0170,Cc1ccc(NC(=O)[C@H](COC2CCC2)Oc2ncnc3c2cnn3-c2ncccc2Cl)nc1,gka_candidate,False
7,26,GKA_0177,CS(=O)(=O)c1ccc(Oc2cc(O[C@H]3CCC[C@@H]3O)cc(C(=O)Nc3nccs3)c2)cc1,gka_candidate,False
7,27,GKA_0184,CNC(=O)Nc1cc(Oc2cncc(OC)c2)c([C@H]2COCC[C@@H]2F)cn1,gka_candidate,False
7,28,GKA_0191,Cc1cccc(S(=O)(=O)N2CCN([C@@H](CC3CCCCC3)C(=O)Nc3nccs3)C(=O)C2)c1,gka_candidate,False
7,29,GKA_0198,CCS(=O)(=O)c1ccc(Oc2cc3nc(-c4ccccn4)[nH]c3cc2CN2CCCS2(=O)=O)cc1,gka_candidate,False
7,30,GKA_0205,CNC(=O)Nc1cc(Oc2cncc(OC)c2)c(C2=CCCOC2)cn1,gka_candidate,False
7,31,GKA_0212,Cc1csc(Nc2ncc(SCc3ccccc3)cc2OCc2ccccc2)n1,gka_candidate,False
7,32,GKA_0219,Cn1ccc(NC(=O)[C@H](CC2CCCC2)n2ccc(S(=O)(=O)C3CCC3)cc2=O)n1,gka_candidate,False
7,33,GKA_0226,COC(=O)CCc1ccc(-c2cc3cc(Sc4ccccn4)c(C4CCC(=O)N4C)cc3[nH]2)nc1,gka_candidate,False
7,34,GKA_0233,O=C(O)c1cnn(-c2cnc(NC(=O)C(OC3CCOCC3)c3ccc(S(=O)(=O)C4CC4)cc3)s2)c1,gka_candidate,False
7,35,GKA_0240,O=C(Nc1ncc(F)s1)[C@H](CC1CCCCC1)n1cnc2cc(S(=O)(=O)C3CCCC3)ccc2c1=O,gka_candidate,False
7,36,GKA_0247,CCn1nccc1Oc1cc(CC2CCOCC2)cnc1NC(=O)NC,gka_candidate,False
7,37,GKA_0254,CCn1nccc1Oc1cc(Sc2ccccn2)cnc1NC(=O)NC,gka_candidate,False
7,38,GKA_0261,CN(C)C(=O)c1ncc(Oc2cc(OC3CCCC3)cc(-c3nccc(=O)[nH]3)c2)cn1,gka_candidate,False
7,39,GKA_0268,COC[C@H](C)Oc1cc(Oc2ccc(C(=O)N3CCC3)cc2)cc(C(=O)Nc2nc3c(s2)CCN(C(=O)OC(C)(C)C)C3)c1,gka_candidate,False
7,40,GKA_0275,O=C(Nc1ncc(Cl)s1)[C@H](CC1CCOCC1)n1ncc2cc(S(=O)(=O)C3CC3)ccc21,gka_candidate,False
7,41,GKA_0282,Cn1cnnc1Sc1ccc(N)c(C(=O)Nc2ccccn2)c1,gka_candidate,False
7,42,GKA_0289,O=C(Nc1cnccn1)[C@H](CC1CCCC1)n1ccc(S(=O)(=O)C2CCC2)cc1=O,gka_candidate,False
7,43,GKA_0296,CC(C)Oc1cc(OCC2CCCC2)cc(C(=O)Nc2ccc(C(=O)O)cn2)c1,gka_candidate,False
7,44,GKA_0303,Cc1cccnc1-c1cc(Oc2ccc(S(C)(=O)=O)cc2)cc(C(=O)Nc2nc(CN3CCN(C)CC3)cs2)c1,gka_candidate,False
7,45,GKA_0310,Cc1cc(S(=O)(=O)C2CCCC2)cc(=O)n1C(CC(C)C)C(=O)Nc1nccs1,gka_candidate,False
7,46,GKA_0317,COCC(C)Oc1cc(Oc2ccc(S(C)(=O)=O)cc2)cc(C(=O)Nc2nc3c(s2)CN(c2ccccn2)CC3)c1,gka_candidate,False
7,47,GKA_0324,O=C(Nc1ncc(Cl)s1)[C@H](CC1CCOCC1)n1cc(S(=O)(=O)C2CCCC2)cn1,gka_candidate,False
7,48,GKA_0331,O=C(O)Cc1nc(NC(=O)c2nc(Sc3ccccn3)ccc2Sc2ccc(F)cc2)sc1Cl,gka_candidate,False
7,49,GKA_0338,CN1C(=O)CCC1c1cc2[nH]c(-c3ccc(C(F)(F)F)cn3)cc2cc1Oc1ccc(C(=O)O)cc1,gka_candidate,False
7,50,GKA_0345,O=C(O)CCc1csc(Nc2ncc(Sc3ccncc3)cc2Oc2ccccc2)n1,gka_candidate,False
7,51,GKA_0352,COC[C@H](C)Oc1cc(OCC(F)(F)c2ccccc2)cc(C(=O)Nc2ccc(C(=O)O)cn2)c1,gka_candidate,False
7,52,GKA_0359,O=C(CO)N1CCC(c2nsc(Nc3ncc(Sc4ccccn4)cc3Oc3ccccc3)n2)CC1,gka_candidate,False
7,53,GKA_0366,COC[C@H](C)Oc1cc(O[C@@H](C)Cc2ccc(F)cc2)cc(C(=O)Nc2ccc(C(=O)O)cn2)c1,gka_candidate,False
7,54,GKA_0373,COC[C@H](C)Oc1cc(C#Cc2cccc(OCC#N)c2)cc(C(=O)Nc2ccn(C)n2)c1,gka_candidate,False
7,55,GKA_0380,COC[C@H](C)Oc1cc(O[C@@H](C)Cc2cc(F)cc(F)c2)cc(C(=O)Nc2ccc(C(=O)O)cn2)c1,gka_candidate,False
7,56,GKA_0387,CC(C)=CCOc1cc(Oc2ccc(S(=O)(=O)N3CC[C@H](F)C3)cc2)cc(C(=O)Nc2nccs2)c1,gka_candidate,False
7,57,GKA_0394,O=C(Nc1nccs1)c1nc(Sc2nnc[nH]2)ccc1Sc1ccccc1F,gka_candidate,False
7,58,GKA_0401,O=C(Nc1ncc(F)s1)[C@H](CC1CCOCC1)c1ccc(S(=O)(=O)C2CC2)cc1,gka_candidate,False
7,59,GKA_0408,CN1C(=O)CCC1c1cc2[nH]c(-c3ccc(C(F)(F)F)cn3)cc2cc1Oc1ccc(CC(=O)O)cc1,gka_candidate,False
7,60,GKA_0415,COC[C@H](C)Oc1cc(Oc2cc(F)cc(F)c2)cc(C(=O)Nc2nccs2)c1,gka_candidate,False
7,61,GKA_0422,Cn1ccc(Nc2ncnc3ccc(Oc4c(F)cccc4S(C)(=O)=O)cc23)n1,gka_candidate,False
7,62,GKA_0429,CNC(=O)Nc1cc(Oc2cncc(C)c2)c([C@H]2C[C@@H](C(C)(C)O)C2)cn1,gka_candidate,False
7,63,GKA_0436,CCOP(=O)(Cn1ccc(NC(=O)c2cc(Oc3ccc(S(C)(=O)=O)cc3)cc(O[C@@H](C)CF)c2)n1)OCC,gka_candidate,False
7,64,GKA_0443,CNC(=O)Nc1cc(Oc2cncc(C)c2)c([C@H]2C[C@H](O)C2)cn1,gka_candidate,False
7,65,GKA_0450,Cc1cccnc1-c1cc(Oc2ccc(S(C)(=O)=O)cc2)cc(C(=O)Nc2nccs2)c1,gka_candidate,False
7,66,GKA_0457,CC(C)=CCOc1cc(Oc2ccc(S(=O)(=O)N3CC4CCC(C3)O4)cc2)cc(C(=O)Nc2nccs2)c1,gka_candidate,False
7,67,GKA_0464,NC(=O)c1cc(S(=O)(=O)C2CC2)c2cnn([C@@H](CC3CCOCC3)C(=O)Nc3ncc(F)s3)c2c1,gka_candidate,False
7,68,GKA_0471,C#CCNCc1csc(NC(=O)c2cc(Oc3ccc(S(C)(=O)=O)cc3)cc(-c3ncccc3C)c2)n1,gka_candidate,False
7,69,GKA_0478,CCc1ncccc1Oc1cc(CCCC(C)(C)O)cnc1NC(=O)NC,gka_candidate,False
7,70,GKA_0485,Cn1ccc(Nc2ncnc3ccc(Oc4ncccc4F)cc23)n1,gka_candidate,False
7,71,GKA_0492,CCc1ncccc1Oc1cc(CC(C)C)cnc1NC(=O)NC,gka_candidate,False
7,72,GKA_0499,Cc1ccc(NC(=O)[C@H](COC(C)C)Oc2ncnc3c2cnn3-c2ccccc2Cl)nc1,gka_candidate,False
7,73,GKA_0506,COC[C@H](C)Oc1cc(/C=C/c2cc(F)ccc2F)cc(C(=O)Nc2ccc(C(=O)O)cn2)c1,gka_candidate,False
7,74,GKA_0513,COc1ccc2nc(NC(=O)C(CC3CCCC3)c3ccc(S(=O)(=O)N(C)CCO)cc3)sc2n1,gka_candidate,False
7,75,GKA_0520,C=C(C)c1csc(NC(=O)C(CC2CCOCC2)c2ccc(S(=O)(=O)C3CC3)cc2)n1,gka_candidate,False
7,76,GKA_0527,Cn1ccc(Nc2ncnc3ccc(Oc4c(Cl)cccc4S(C)(=O)=O)cc23)n1,gka_candidate,False
7,77,GKA_0534,Cc1cc(Oc2cnc(NC(=O)C(OC3CCOCC3)c3ccc(S(=O)(=O)C4CC4)cc3)s2)ccc1C(=O)O,gka_candidate,False
7,78,GKA_0541,COC[C@H](C)Oc1cc(CCc2ccc(F)cc2F)cc(C(=O)Nc2ccn(C)n2)c1,gka_candidate,False
7,79,GKA_0548,CCOP(=O)(Cn1ccc(NC(=O)c2cc(Oc3cnc(C(=O)NC)cn3)cc(OC(C)C)c2)n1)OCC,gka_candidate,False
7,80,GKA_0555,O=C(Nc1ccc(Cl)cn1)[C@H](COCCO)Oc1ncnc2c1cnn2-c1ccccc1Cl,gka_candidate,False
7,81,GKA_0562,Cc1csc(NC(=O)c2cc(Sc3nccn3C)c(F)cc2N)n1,gka_candidate,False
7,82,GKA_0569,COCC(C)Oc1cc(Oc2ccc(C(=O)N3CCC3)cc2)cc(C(=O)Nc2nc3c(s2)CN(C(=O)OC(C)(C)C)CC3)c1,gka_candidate,False
7,83,GKA_0576,O=C(Nc1ncc(-c2cn(CCO)nn2)s1)[C@H](CC1CCOCC1)c1ccc(S(=O)(=O)C2CC2)cc1,gka_candidate,False
7,84,GKA_0583,Cc1ccc(NC(=O)[C@H](CC2CCCC2)n2ccc(S(=O)(=O)C(C)C)cc2=O)nc1,gka_candidate,False
7,85,GKA_0590,Cc1ccc(NC(=O)[C@H](CC2CCCCC2)n2ccc(S(=O)(=O)C(C)C)cc2=O)nc1,gka_candidate,False
7,86,GKA_0597,N#Cc1ccc(NC(=O)[C@H](CN2CC(O)C2)Oc2ncnc3c2cnn3-c2c(Cl)cccc2Cl)nc1,gka_candidate,False
7,87,GKA_0604,CNC(=O)Nc1ncc(SC2CCN(C(=O)OC(C)(C)C)CC2)cc1Oc1cccnc1C,gka_candidate,False
7,88,GKA_0611,COC[C@H](C)Oc1cc(/C=C/c2ccc([N+](=O)[O-])cc2)cc(C(=O)Nc2ccc(C(=O)O)cn2)c1,gka_candidate,False
7,89,GKA_0618,COc1ccc2nc(NC(=O)C(CC3CCCC3)c3ccc(S(=O)(=O)N(C)C)cc3)sc2n1,gka_candidate,False
7,90,GKA_0625,Cc1cnc(NC(=O)[C@H](COC(C)C)Oc2ncnc3c2cnn3-c2ccccc2Cl)cn1,gka_candidate,False
7,91,GKA_0632,Cc1csc(Nc2ncc(SCCn3ccnc3)cc2OCc2ccccc2)n1,gka_candidate,False
7,92,GKA_0639,COc1ccc(C(CC2CCCC2)c2cc3cccnc3[nH]2)cc1Cl,gka_candidate,False
7,93,GKA_0646,CC(C)Cc1csc(Nc2ncc(Br)cc2OCc2ccccc2)n1,gka_candidate,False
7,94,GKA_0653,O=C(O)c1ccc(NC(=O)c2cc(OCc3ccccc3)cc(OCc3ccccc3)c2)nc1,gka_candidate,False
7,95,GKA_0660,O=C(Nc1nccs1)/C(=N/N1CCCC1)c1ccc(S(=O)(=O)C2CC2)cc1,gka_candidate,False
7,96,GKA_0667,CCOC(=O)CCCn1cc(-c2cnc(NC(=O)C(CC3CCOCC3)c3ccc(S(=O)(=O)C4CC4)cc3)s2)nn1,gka_candidate,False
7,97,GKA_0674,CS(=O)(=O)N1CCC(c2nsc(Nc3ncc(Sc4ccccn4)cc3Oc3ccccc3)n2)CC1,gka_candidate,False
7,98,GKA_0681,CC(C)Oc1cc(Oc2cnc(C(=O)N(C)C)cn2)cc(-c2nccc(=O)[nH]2)c1,gka_candidate,False
7,99,GKA_0688,N#Cc1cccc(Cl)c1-n1ncc2c(O[C@@H](COCCO)C(=O)Nc3ccc(F)cn3)ncnc21,gka_candidate,False
7,100,GKA_0695,CCS(=O)(=O)c1ccc(Oc2cc3nc(-c4ccccn4)[nH]c3cc2CNC(C)=O)cc1,gka_candidate,False
7,101,GKA_0702,O=C(Nc1nccs1)[C@H](CC1CCOCC1)c1ccc(S(=O)(=O)C2CC2)cc1,gka_candidate,False
7,102,GKA_0709,COC[C@H](C)Oc1cc(OC(C)C)cc(C(=O)Nc2ccc(C(=O)O)cn2)c1,gka_candidate,False
7,103,GKA_0716,C[C@H](CO)OC[C@H](Oc1ncnc2c1cnn2-c1ncccc1Cl)C(=O)Nc1ccc(C#N)cn1,gka_candidate,False
7,104,GKA_0723,CCOP(=O)(Cn1ccc(NC(=O)c2cc(Oc3cnc(C(N)=O)cn3)cc(OC(C)C)c2)n1)OCC,gka_candidate,False
7,105,GKA_0730,COC[C@H](C)Oc1cc(Oc2ccc(C(=O)N3CCC3)cc2)cc(C(=O)Nc2nc3c(s2)CN(C(=O)OC)CC3)c1,gka_candidate,False
7,106,GKA_0737,CNC(=O)Nc1cc(Oc2cncc(OC)c2)c([C@H]2COCCC2(F)F)cn1,gka_candidate,False
7,107,GKA_0744,COC[C@H](C)Oc1cc(/C=C/c2cc(F)cc(F)c2F)cc(C(=O)Nc2ccc(C(=O)O)cn2)c1,gka_candidate,False
7,108,GKA_0751,Cc1cccnc1-c1cc(Oc2ccc(S(C)(=O)=O)cc2)cc(C(=O)Nc2ccn(C)n2)c1,gka_candidate,False
7,109,GKA_0758,CC(C)Oc1cc(Oc2ccc(S(C)(=O)=O)cc2)cc(-c2nccc(=O)[nH]2)c1,gka_candidate,False
7,110,GKA_0765,Cc1cnc(NC(=O)c2cc(Oc3ccc(S(C)(=O)=O)cc3)c3cc(C)oc3c2)cn1,gka_candidate,False
7,111,GKA_0772,CNC(=O)Nc1cc(Oc2cncc(OC)c2)c([C@@H]2COCC[C@@H]2O)cn1,gka_candidate,False
7,112,GKA_0779,CCc1csc(NC(=O)C(CC2CCOCC2)c2ccc(S(C)(=O)=O)cc2)n1,gka_candidate,False
7,113,B3D_0009,NC(N)=Nc1nc(-c2ccc(O)c(O)c2)cs1,bbb_control_b3db,False
7,114,B3D_0016,Cc1ccccc1N=C1N(C)CCN1C,bbb_control_b3db,False
7,115,B3D_0023,Cc1ccc(/C(=C\CN2CCCC2)c2cccc(/C=C/C(=O)O)n2)cc1,bbb_control_b3db,False
7,116,B3D_0032,CCC(CC)O[C@@H]1C=C(C(=O)O)C[C@H](N)[C@@H]1NCOC,bbb_control_b3db,False
7,117,B3D_0039,CN1Cc2c(-c3noc(C(C)(CO)CO)n3)ncn2-c2cccc(Cl)c2C1=O,bbb_control_b3db,False
7,118,B3D_0046,CC(=O)Nc1cccc(-c2csc(N=C(N)N)n2)c1,bbb_control_b3db,False
7,119,B3D_0053,Cc1nnc2n1-c1ccc(Cl)cc1C(c1ccccc1)=NC2O,bbb_control_b3db,False
7,120,B3D_0060,CCOc1ccc(C(=O)c2cccc3ccccc23)c2ccccc12,bbb_control_b3db,False
7,121,B3D_0067,COc1cccnc1CCCCNc1ncc(Cc2cccc(C)n2)c(=O)[nH]1,bbb_control_b3db,False
7,122,B3D_0074,COc1ccc2c(c1)C(CC(=O)O)C(C)N2C(=O)c1ccc(Cl)cc1,bbb_control_b3db,False
7,123,B3D_0081,CO[C@H]1CN(CC2Cc3ccc(NC(=O)C(C)C)cc3C2)CCC1n1c(C)nc2cc(C)ccc21,bbb_control_b3db,False
7,124,B3D_0088,CCCCCCCCCCCCCCCCOP(=O)([O-])OCC[N+](C)(C)C,bbb_control_b3db,False
7,125,B3D_0095,CCCCC1C(=O)N(c2ccccc2)N(c2ccccc2)C1=O,bbb_control_b3db,False
7,126,B3D_0102,NC(=O)c1ccc(S(=O)(=O)C2CCN(CCc3ccc(F)cc3F)CC2)cc1,bbb_control_b3db,False
7,127,B3D_0109,NC1(C(=O)O)CCCC1,bbb_control_b3db,False
7,128,B3D_0116,COc1cc(Nc2nn3c(NC(CO)C(C)C)cc(C4CC4)nc3c2C(N)=O)cc(OC)c1,bbb_control_b3db,False
7,129,B3D_0123,CC(=O)C1CSc2ccccc2N1CCC1CCCCN1C,bbb_control_b3db,False
7,130,B3D_0130,CC12CCC3c4ccc(O)cc4CCC3C1CC(F)C2O,bbb_control_b3db,False
7,131,B3D_0137,CCOC(=O)c1ncn2c1CN(C)C(=O)c1cc(F)ccc1-2,bbb_control_b3db,False
7,132,B3D_0144,CN(C)c1ccc(-c2cccc(Nc3[nH]ccc3[N+](=O)[O-])c2)o1,bbb_control_b3db,False
7,133,B3D_0151,O=[N+]([O-])c1nccn1CCCF,bbb_control_b3db,False
7,134,B3D_0158,Nc1nc(NC2CC2)c2ncn([C@H]3C=C[C@H](CO)C3)c2n1,bbb_control_b3db,False
7,135,B3D_0165,C[C@]12C=CC(=O)C=C1CC[C@@H]1[C@@H]2C(O)C[C@@]2(C)[C@H]1CC[C@]2(O)C(=O)CO,bbb_control_b3db,False
7,136,B3D_0172,NC1=NCC2c3ccccc3Cc3ccccc3N12,bbb_control_b3db,False
7,137,B3D_0179,CC(C)(c1ccc(O)cc1)c1ccc(O)cc1,bbb_control_b3db,False
7,138,B3D_0186,CS(=O)(=O)c1ccc(C2=C(c3ccccc3)C(=O)OC2)cc1,bbb_control_b3db,False
7,139,B3D_0193,CC(C)(C)OC(=O)c1ncn2c1C1CCCN1C(=O)c1cc(Br)ccc1-2,bbb_control_b3db,False
7,140,B3D_0200,Cc1c([18F])c(=O)n(-c2ccccc2)n1C,bbb_control_b3db,False
7,141,B3D_0207,O=C1CCC(N2C(=O)c3ccccc3C2=O)C(=O)N1,bbb_control_b3db,False
7,142,B3D_0214,O=c1[nH]c(CCCN2CCC(c3ccccc3)CC2)nc2c(Cl)cccc12,bbb_control_b3db,False
7,143,B3D_0221,c1ccc2c(c1)CCC(CNCCCNC1=NCCCN1)O2,bbb_control_b3db,False
7,144,B3D_0228,COC(=O)[C@@H]1C(=O)C=C(Nc2ccc(Cl)cc2)C[C@@H]1C,bbb_control_b3db,False
7,145,B3D_0235,CN1C(=O)NC2=NCN(C)C2C1=O,bbb_control_b3db,False
7,146,B3D_0242,COc1ccccc1N1CCN(CCN(C(=O)c2ccc(F)cc2)c2ccccn2)CC1,bbb_control_b3db,False
7,147,B3D_0249,COc1ccc2cc([C@H](C)C(=O)O)ccc2c1,bbb_control_b3db,False
7,148,B3D_0256,O=C(OCc1ccccc1)N1CCC(CNc2ccncc2)CC1,bbb_control_b3db,False
7,149,B3D_0263,CN1CCCCC1CCN1c2ccccc2Sc2ccc(S(C)(=O)=O)cc21,bbb_control_b3db,False
7,150,B3D_0270,CN1C2CC(OC(=O)C(CO)c3ccccc3)CC1C1OC12,bbb_control_b3db,False
7,151,B3D_0277,O=C(CCCN1CCC2(CC1)C(=O)NCN2c1ccccc1)c1ccc(F)cc1,bbb_control_b3db,False
7,152,B3D_0284,CCC(NC(=O)c1c(C)c(-c2ccccc2)nc2ccccc12)c1ccccc1,bbb_control_b3db,False
7,153,B3D_0291,Nc1nc2ccc(OC(F)(F)F)cc2s1,bbb_control_b3db,False
7,154,B3D_0298,Cc1cnn(C2CCN(c3nc4ccccc4n3Cc3ccc(F)cc3)CC2)c1,bbb_control_b3db,False
7,155,B3D_0305,Cc1nc2c(c(-n3ccc(C(F)(F)F)n3)n1)CCN2c1ccc(Cl)cc1Cl,bbb_control_b3db,False
7,156,B3D_0312,COc1cc2c(c(CNC3CCCNC3c3ccccc3)c1)OCC2,bbb_control_b3db,False
7,157,B3D_0319,Clc1cc(Br)cc(Cl)c1NC1=NCCN1,bbb_control_b3db,False
7,158,B3D_0326,CN1CN(c2ccccc2)C2(CCN(CCCC(=O)c3ccc(F)cc3)CC2)C1=O,bbb_control_b3db,False
7,159,B3D_0333,O=S(=O)(c1cccc(Cl)c1)n1ccc2c(N3CCNCC3)c(Cl)ccc21,bbb_control_b3db,False
7,160,B3D_0340,Cc1cccc2c1Oc1ccccc1C1(O)CCNCC21,bbb_control_b3db,False
7,161,B3D_0347,COc1ccc2[nH]nc(NC3CCN(Cc4ccc5c(c4)OCO5)CC3)c2c1,bbb_control_b3db,False
7,162,B3D_0354,CNCCCN1c2ccccc2Sc2ccccc21,bbb_control_b3db,False
7,163,B3D_0361,c1cnc(N2CCNCC2)nc1,bbb_control_b3db,False
7,164,B3D_0368,CN(C)CCOC(C)(c1ccccc1)c1ccccn1,bbb_control_b3db,False
7,165,B3D_0375,OCCOCCN1CCN(C2=Nc3ccccc3Sc3ccccc32)CC1,bbb_control_b3db,False
7,166,B3D_0382,COc1cc(-n2cnc3cc(-c4ccc(Cl)cc4)sc3c2=O)ccc1OCCN1CCCC1,bbb_control_b3db,False
7,167,B3D_0389,CCCC(=O)c1ccc2c(c1)N(CCCN1CCN(C)CC1)c1ccccc1S2,bbb_control_b3db,False
7,168,B3D_0396,Fc1ccc(Cn2c([C@H]3CNCCS3)nc3ccccc32)cc1,bbb_control_b3db,False
7,169,B3D_0403,CC1CCCCC1,bbb_control_b3db,False
7,170,B3D_0410,CC(C)(C)OC(=O)CCCc1ccc(N(CCCl)CCCl)cc1,bbb_control_b3db,False
7,171,B3D_0417,CCCCCCN1CCN(c2ccc(I)cc2)CC1,bbb_control_b3db,False
7,172,B3D_0424,CC1CCCCC1C,bbb_control_b3db,False
7,173,B3D_0431,CCc1cccc(N=C(C)Nc2cccc(CC)c2)c1,bbb_control_b3db,False
7,174,B3D_0438,O=C(CCN1CCC(O)(c2ccc(Br)cc2)CC1)c1ccc(F)cc1,bbb_control_b3db,False
7,175,FRI_0006,CN(C)CCOC(c1ccccc1)c1ccccc1,bbb_control_friden,False
7,176,FRI_0015,CC(C)NCC(O)COc1cccc2[nH]ccc12,bbb_control_friden,False
7,177,FRI_0025,Cc1cn([C@H]2C[C@H](N=[N+]=[N-])[C@@H](CO)O2)c(=O)[nH]c1=O,bbb_control_friden,False
7,178,FRI_0034,Cc1c(O)cccc1C(=O)N[C@@H](CSc1ccccc1)[C@H](O)CN1C[C@H]2CCCC[C@H]2C[C@H]1C(=O)NC(C)(C)C,bbb_control_friden,False
7,179,FRI_0041,CN(Cc1cnc2nc(N)nc(N)c2n1)c1ccc(C(=O)N[C@@H](CCC(=O)O)C(=O)O)cc1,bbb_control_friden,True
7,180,FRI_0036,CN1CC[C@]23c4c5ccc(O[C@@H]6O[C@H](C(=O)O)[C@@H](O)[C@H](O)[C@H]6O)c4O[C@H]2[C@@H](O)C=C[C@H]3[C@H]1C5,bbb_control_friden,True
7,181,FRI_0035,CO[C@@]1(NC(=O)C(C(=O)O)c2ccc(O)cc2)C(=O)N2C(C(=O)O)=C(CSc3nnnn3C)CO[C@@H]21,bbb_control_friden,True
7,182,FRI_0030,CO[C@H]1/C=C/O[C@@]2(C)Oc3c(C)c(O)c4c(O)c(c(/C=N/N5CCN(C)CC5)c(O)c4c3C2=O)NC(=O)/C(C)=C\C=C\[C@H](C)[C@H](O)[C@@H](C)[C@@H](O)[C@@H](C)[C@H](OC(C)=O)[C@@H]1C,bbb_control_friden,True
7,183,FRI_0026,CC(C)(C)NC(=O)[C@@H]1C[C@@H]2CCCC[C@@H]2CN1C[C@@H](O)[C@H](Cc1ccccc1)NC(=O)[C@H](CC(N)=O)NC(=O)c1ccc2ccccc2n1,bbb_control_friden,True
7,184,FRI_0023,C[C@H]1COc2c(N3CCN(C)CC3)c(F)cc3c(=O)c(C(=O)O)cn1c23,bbb_control_friden,True
7,185,FRI_0019,C=CCOc1ccccc1OCC(O)CNC(C)C,bbb_control_friden,True
7,186,FRI_0016,CSc1ccc2c(c1)N(CCC1CCCCN1C)c1ccccc1S2,bbb_control_friden,True
7,187,FRI_0012,CN(C)CCC=C1c2ccccc2CCc2ccccc21,bbb_control_friden,True
7,188,FRI_0008,COc1ccc2c3c1O[C@H]1[C@@H](O)C=C[C@H]4[C@@H](C2)N(C)CC[C@@]341,bbb_control_friden,True
7,189,FRI_0005,CN1C(=O)CN=C(c2ccccc2)c2cc(Cl)ccc21,bbb_control_friden,True
7,190,FRI_0001,CC(NC(C)(C)C)C(=O)c1cccc(Cl)c1,bbb_control_friden,True
7,191,B3D_0025,O=C(O)c1cc(N=Nc2ccc(S(=O)(=O)Nc3ccccn3)cc2)ccc1O,bbb_control_b3db,True
7,192,B3D_0001,COC1(NC(=O)C(C(=O)O)c2ccc(O)cc2)C(=O)N2C(C(=O)O)=C(CSc3nnnn3C)COC21,bbb_control_b3db,True
7,193,B3D_0026,Oc1c(I)cc(Cl)c2cccnc12,bbb_control_b3db,True
7,194,B3D_0002,CN1CC[C@]23c4c5ccc(OC6O[C@H](C(=O)O)[C@@H](O)[C@H](O)[C@H]6O)c4O[C@H]2[C@@H](O)C=C[C@H]3[C@H]1C5,bbb_control_b3db,True
7,195,B3D_0441,CN(C)CCCN1c2ccccc2Sc2ccc(C(F)(F)F)cc21,bbb_control_b3db,True
7,196,B3D_0443,OCCN1CCN(CCCN2c3ccccc3Sc3ccc(C(F)(F)F)cc32)CC1,bbb_control_b3db,True
7,197,B3D_0444,CNC1CCC(c2ccc(Cl)c(Cl)c2)c2ccccc21,bbb_control_b3db,True
7,198,B3D_0445,FC(F)(F)c1ccc(N2CCNCC2)nc1Cl,bbb_control_b3db,True
